order_id,customer_id,order_status,order_purchase_timestamp,order_approved_at,order_delivered_carrier_date,order_delivered_customer_date,order_estimated_delivery_date,gross_merchandise_value,freight_value,item_count,seller_count,payment_value,payment_installments,payment_types,review_score,review_count,customer_unique_id,customer_zip_code_prefix,customer_city,customer_state,actual_delivery_days,promised_delivery_days,is_late,net_revenue
0560d129c1357ea719aab1cf2cd4f03b,31fbacf0ea2089c524643a24907ff72f,delivered,2017-07-01 00:04:15,2017-07-01 00:15:36,2017-07-04 14:12:40,2017-07-06 18:25:36,2017-07-14,35.0,9.34,1,1,44.34,1,1,1.0,1.0,bc1b8aa17fbc6b2ebd22711951614b02,9420,ribeirao pires,SP,5.764826388888889,12.997048611111111,0,44.34
cec9f2d01230a5ec8b92b222bdcb3c41,1fbd8147176eca1835aa64b2f0e5e32f,delivered,2017-07-01 00:15:30,2017-07-01 14:43:45,2017-07-07 18:23:14,2017-07-17 20:33:40,2017-08-02,279.99,74.91,1,1,354.9,8,1,3.0,1.0,ece666ce869d4ab864a296b4f279525e,89460,canoinhas,SC,16.845949074074074,31.98923611111111,0,354.9
a42b8e89c40b20239fd256bd449eb7b7,f62a748374fb9339c8b2a648c160715b,delivered,2017-07-01 00:17:33,2017-07-01 00:25:13,2017-07-04 15:37:34,2017-07-10 18:53:37,2017-07-25,129.99,13.79,1,1,143.78,3,1,4.0,1.0,e46a2eeb7d8cd4dc8e79b4cbf6354fc0,36080,juiz de fora,MG,9.775046296296296,23.9878125,0,143.78
d8315a97f7666b5ec33f0f34dabc7856,6536b7e35e2598371da42ea384a43ddb,delivered,2017-07-01 02:53:19,2017-07-01 03:03:34,2017-07-04 14:16:31,2017-07-10 17:12:24,2017-07-31,282.8,30.71,2,2,313.51,10,1,5.0,1.0,760aa83faf9321a80f455369d7339a0a,89130,indaial,SC,9.596585648148148,29.879641203703702,0,313.51
b7633aa5145342cd219d1488b70ef2a6,73a3e120dc538ab196508572c13520b1,delivered,2017-07-01 04:22:21,2017-07-01 04:30:09,2017-07-04 14:32:15,2017-07-12 17:13:39,2017-08-02,200.0,136.6,4,1,336.6,10,1,5.0,1.0,dc813062e0fc23409cd255f7f53c7074,55293,garanhuns,PE,11.535625,31.8178125,0,336.6
154ff64668cf2822704c69bd957a8c6e,d5fc781810a027b383ef15f761be0959,delivered,2017-07-01 05:14:05,2017-07-04 04:15:15,2017-07-05 09:56:42,2017-07-06 15:57:34,2017-07-14,79.8,17.44,2,1,97.24,1,1,4.0,1.0,67d0c6bd30387f7d14aadae0d0beee4a,3017,sao paulo,SP,5.446863425925926,12.781886574074074,0,97.24
7597c7c4c83261b22f9e17126dd703e3,734618dbd23f573007a52fa66895ce42,delivered,2017-07-01 07:07:56,2017-07-01 07:23:40,2017-07-04 13:07:24,2017-07-07 19:17:28,2017-07-18,205.0,15.04,1,1,220.04,4,1,3.0,1.0,487e95378601c00342936b51ee9f50f2,11724,praia grande,SP,6.506620370370371,16.702824074074073,0,220.04
5753fab4ca88fe20c5a7e8c843941287,a01c9c3550b75773973bc2ee330b8e57,delivered,2017-07-01 08:34:20,2017-07-01 08:45:07,2017-07-03 13:11:51,2017-07-05 13:24:34,2017-07-25,99.9,16.46,1,1,116.36,2,1,5.0,1.0,0bc1ac923590afca3452e6a9507efe09,12900,braganca paulista,SP,4.201550925925926,23.642824074074074,0,116.36000000000001
f8276f728f18fb120f0404c7444fdc30,c330e15c594fba46d26cc80beb73b06f,delivered,2017-07-01 09:25:44,2017-07-01 09:43:41,2017-07-06 15:22:23,2017-07-11 17:55:47,2017-07-21,89.9,12.13,1,1,102.03,5,1,4.0,1.0,ef762e9ac267eceb5bddd89b44a74075,8260,sao paulo,SP,10.354201388888889,19.60712962962963,0,102.03
1c8eb5af70baf6e4b24cb34d8a8df501,2086f96c2dbc3656d9843850da7e8ca9,delivered,2017-07-01 09:30:08,2017-07-01 09:43:42,2017-07-04 19:02:19,2017-07-13 19:15:26,2017-07-25,49.0,15.1,1,1,64.1,2,1,5.0,1.0,fe9e7e3770e87bb00445911e06d77d20,25901,mage,RJ,12.406458333333333,23.604074074074074,0,64.1
a9e82e27071377dd0aeea6b3f4352cd1,667e983972ff288d808315f519970c0c,delivered,2017-07-01 09:34:04,2017-07-04 04:10:28,2017-07-06 15:29:25,2017-07-26 17:57:50,2017-07-27,167.68,48.95,3,2,216.63,1,1,5.0,1.0,f8666e50d990ee722b53e8a3bdc57fbe,29375,venda nova do imigrante,ES,25.34983796296296,25.60134259259259,0,216.63
076594c6ae7f8e1157b7321c148efa86,8c4a94e823813e9e03460f5f42ce4fe8,delivered,2017-07-01 09:43:49,2017-07-01 09:55:11,2017-07-07 18:44:45,2017-07-20 19:09:47,2017-07-31,159.99,38.96,1,1,198.95,1,1,5.0,1.0,be4656d02bf1e9d6663764ac9c7909ef,35160,ipatinga,MG,19.393032407407407,29.59457175925926,0,198.95000000000002
ceca47d82e889cd6dc7b1fcb59e79df0,6669e25f61e1243fb6d2bf035ae6704e,delivered,2017-07-01 10:06:45,2017-07-01 10:15:20,2017-07-04 15:24:40,2017-07-11 22:22:11,2017-07-21,19.9,11.85,1,1,31.75,3,1,5.0,1.0,0c6ee5a0c01f34c0c3a593d188a0d9a3,12090,taubate,SP,10.510717592592593,19.578645833333333,0,31.75
85c86d629e3c5e477f457be9db748d3b,e9c7d222316ca2c78cbf05d83c1e9fa0,delivered,2017-07-01 10:07:41,2017-07-04 04:44:36,2017-07-05 08:51:48,2017-07-10 17:32:16,2017-07-25,56.0,36.05,1,1,92.05,1,1,5.0,1.0,00d7e54ab8c5d9916f19209dbaacbb3d,6114,osasco,SP,9.308738425925926,23.577997685185185,0,92.05
b787096bc96d359f4bacc2f80047c2af,5f9740b680b9fd7d7c2185ca0fe1f574,delivered,2017-07-01 10:13:00,2017-07-01 10:25:15,2017-07-04 12:17:54,2017-07-06 11:58:04,2017-07-17,72.0,13.08,1,1,85.08,3,1,5.0,1.0,904c522e8faf10a3784a5862ca68867b,4474,sao paulo,SP,5.072962962962963,15.574305555555556,0,85.08
71eb50917f5fc3dad71d5db670959dc5,cac1bebaac8369cf3c90084ad62bc4cf,delivered,2017-07-01 10:34:45,2017-07-01 10:45:19,2017-07-03 13:27:00,2017-07-06 15:46:01,2017-07-21,49.0,12.69,1,1,61.69,1,1,5.0,1.0,19de4cc79e2c2986e70b155b7631f61c,13571,sao carlos,SP,5.216157407407407,19.559201388888887,0,61.69
672b229b951f5c0e6a574808b406bd53,9c5e881d4f16a4163a6590eb6c34aee0,delivered,2017-07-01 10:59:35,2017-07-01 11:10:07,2017-07-04 13:17:58,2017-07-10 22:02:49,2017-07-21,79.99,11.76,1,1,91.75,6,1,1.0,1.0,465e51024fe9a6751b181c419758e598,7810,franco da rocha,SP,9.460578703703703,19.54195601851852,0,91.75
e0aadee588e476e3a004e56c8fc3c645,6a85222aa87619e9aef296bb6166970a,delivered,2017-07-01 11:00:49,2017-07-02 11:05:09,2017-07-04 13:23:37,2017-07-11 17:44:26,2017-07-25,999.99,101.52,1,1,1101.51,1,1,4.0,1.0,1522db025aa5d6fe7db87e3505b64023,80020,curitiba,PR,10.280289351851852,23.541099537037038,0,1101.51
e67c98054d83d2b7a9ba6e37eb2ca005,c838e44ef735bf81eaaf088eca9e4b18,delivered,2017-07-01 11:07:50,2017-07-01 11:24:06,2017-07-04 14:59:56,2017-07-05 13:12:42,2017-07-14,40.6,16.54,2,1,57.14,2,1,5.0,1.0,97d757d6e63c1cbcaa17689df4240d22,5664,sao paulo,SP,4.086712962962963,12.536226851851852,0,57.14
cdc80ab03580d7d907ecd33ae7818caa,cce1958e8abce973e3d29474e46c3a14,delivered,2017-07-01 11:19:58,2017-07-04 04:50:27,2017-07-07 18:56:33,2017-07-13 21:41:07,2017-07-21,89.9,12.13,1,1,102.03,1,1,3.0,1.0,6d5d58a5892a5ce6f002010853e552fe,6790,taboao da serra,SP,12.431354166666667,19.527800925925927,0,102.03
81352f62b2d216f1f6a45bcbb978b078,d531a466916c3e5000d9464bce50c199,delivered,2017-07-01 11:26:53,2017-07-01 11:44:08,2017-07-04 14:13:36,2017-07-18 22:09:50,2017-07-21,42.9,12.69,1,1,55.59,3,1,5.0,1.0,4f9ab4b3b6fea830e52173f82a7d5efd,9810,sao bernardo do campo,SP,17.446493055555557,19.522997685185185,0,55.589999999999996
7fc9bc524999371333a753158b5569ce,90227e52d4a22770ca74c68237962650,delivered,2017-07-01 11:59:08,2017-07-01 13:50:19,2017-07-04 18:28:23,2017-07-18 18:59:45,2017-07-27,129.0,20.14,1,1,149.14,2,1,5.0,1.0,fb9fda4bf298294256fe6813651849df,37795,andradas,MG,17.292094907407407,25.50060185185185,0,149.14
d33982acfe99b8e0b0383c2ce8ae19bf,6ef09d39e91a32898a1904257ed64b96,delivered,2017-07-01 12:02:13,2017-07-01 12:15:13,2017-07-04 12:22:07,2017-07-08 12:16:49,2017-07-14,384.9,35.15,2,1,420.05,10,1,5.0,1.0,59deaa85810b3c3af6536e02d782a90c,7161,guarulhos,SP,7.010138888888889,12.498460648148148,0,420.04999999999995
12809f06294a669708dc0edcb403b507,4ff9971cea5dbb771a4a3950146cf123,delivered,2017-07-01 12:10:10,2017-07-01 12:23:55,2017-07-04 15:52:00,2017-07-12 13:06:56,2017-07-27,99.6,32.22,2,1,131.82,3,1,2.0,1.0,9c46e32317aaa01d6c19dc03d49a512b,97035,santa maria,RS,11.039421296296297,25.492939814814815,0,131.82
1cf718e4825b60483e960187443209f1,27982915123a800b423be0df3ffd8352,delivered,2017-07-01 12:25:06,2017-07-01 12:35:18,2017-07-05 18:06:18,2017-07-14 19:03:07,2017-08-04,79.0,15.3,1,1,94.3,4,1,4.0,1.0,2f03be5e4c6fb7a4dee6f9b4b029a21a,18046,sorocaba,SP,13.276400462962963,33.482569444444444,0,94.3
01667048de265bad400b945f29b52526,de803ca99877b56ce0d121b7e2d57bc5,delivered,2017-07-01 12:25:09,2017-07-01 12:35:17,2017-07-03 15:56:23,2017-07-17 18:12:46,2017-07-25,230.0,16.36,1,1,246.36,10,1,5.0,1.0,675bbd87e94431bd6c6fc90aefa1427d,35170,coronel fabriciano,MG,16.241400462962964,23.482534722222223,0,246.36
538c572a252f5c6e5cc6a9f172c47a0e,38312840724ceeaffab5dda0694f9b91,delivered,2017-07-01 12:32:51,2017-07-01 12:45:13,2017-07-03 17:17:51,2017-07-12 17:27:46,2017-07-27,79.9,19.8,1,1,99.7,7,1,5.0,1.0,d0248c662a32d91e0021b5bc231d58c2,39960,jequitinhonha,MG,11.204803240740741,25.4771875,0,99.7
123f71cca05589d95c28c582ccb1d864,a9db2580134c7016c6214deb3f344dfa,delivered,2017-07-01 13:23:05,2017-07-01 13:35:12,2017-07-06 09:46:59,2017-07-12 18:47:06,2017-07-25,129.0,16.66,1,1,145.66,3,1,4.0,1.0,fa788f3f67e9ba1153204688677872c9,13732,mococa,SP,11.225011574074074,23.442303240740742,0,145.66
ea45c5d93de960e552a6a9987e6ea044,8e3edf5b08d73a7548f03270e961cb76,delivered,2017-07-01 13:52:53,2017-07-01 15:50:17,2017-07-05 13:12:15,2017-07-14 19:14:17,2017-07-31,114.9,20.04,1,1,134.94,2,1,5.0,1.0,d5144ba3b5b50abd45f36861e26386c7,72800,luziania,GO,13.223194444444445,29.421608796296297,0,134.94
b522474ba0639dd0385e4918d46ddcba,1dec5968d57ad73965f305ba85654eda,delivered,2017-07-01 14:02:36,2017-07-01 14:15:11,2017-07-03 12:35:48,2017-07-21 19:08:10,2017-08-08,55.9,27.24,1,1,83.14,1,1,1.0,2.0,a95637272721257c61a75e2ec767eb3f,69050,manaus,AM,20.212199074074075,37.41486111111111,0,83.14
6f20546433de334abe46b79336ead4b8,ff6c3212b27c4cdb484f84345be9c79e,delivered,2017-07-01 14:16:38,2017-07-04 04:45:17,2017-07-10 22:52:02,2017-07-24 15:42:17,2017-07-25,159.0,38.95,1,1,197.95,1,1,2.0,1.0,522330e203f9f930fa7b014442654623,95552,capivari do sul,RS,23.059479166666666,23.40511574074074,0,197.95
65a6146689b83878d498e1a7d03782c7,da4cc8456680d5049f400002411f7009,delivered,2017-07-01 14:17:22,2017-07-01 14:30:10,2017-07-03 13:26:58,2017-07-07 16:48:42,2017-07-27,69.0,17.73,1,1,86.73,4,1,5.0,1.0,a14303a63c31ebd333ac1831067bdcfa,95885,imigrante,RS,6.105092592592593,25.40460648148148,0,86.73
0581cc006c5d0b4351b5435336828add,46fe2c3e3a512f1d45f193379522a24e,delivered,2017-07-01 14:37:02,2017-07-01 14:45:13,2017-07-04 14:32:15,2017-07-13 14:59:40,2017-07-31,349.99,20.69,1,1,370.68,1,2,5.0,1.0,53a3848ef62bc586e56c66f273a83b10,92412,canoas,RS,12.015717592592592,29.390949074074076,0,370.68
284f45ebbf2b9dae5ad6699417798e08,d4ba90ce0c49bffcd1b221f4bd2e9741,delivered,2017-07-01 15:09:06,2017-07-01 15:24:00,2017-07-06 15:45:57,2017-07-18 16:44:11,2017-07-25,69.0,28.2,2,1,97.2,1,1,5.0,1.0,08a151ec3a5cbe140edd1fa285f6c853,25550,sao joao de meriti,RJ,17.06603009259259,23.368680555555557,0,97.2
c7a54ce7b7ea4ea4ef38fbcfd8dc7ddc,68fab7c6b16182d860c5e6fa35866350,delivered,2017-07-01 15:09:54,2017-07-01 15:23:58,2017-07-03 14:55:31,2017-07-05 14:58:02,2017-07-14,24.99,7.78,1,1,32.77,1,1,5.0,1.0,0b3e3a71aeb99ddc90bedd863b16b6f0,1230,sao paulo,SP,3.9917592592592595,12.368125,0,32.769999999999996
afa55ffba5406e8d57a55d54dbc341dd,a48fa1f24d7f797f5c81c688f141a401,delivered,2017-07-01 15:11:07,2017-07-01 15:23:55,2017-07-04 09:43:20,2017-07-12 19:04:39,2017-07-27,32.64,14.1,1,1,46.74,4,1,3.0,1.0,d2e23ff3c5cfc8bb4f3a589735abdec7,21320,rio de janeiro,RJ,11.162175925925926,25.367280092592594,0,46.74
26d3771b463a99f7dca5a96346871d48,af632360b0419c8b796d680b15acafb9,delivered,2017-07-01 15:16:12,2017-07-01 15:25:13,2017-07-03 18:07:40,2017-07-19 17:54:48,2017-08-02,783.14,21.92,1,1,805.06,1,1,5.0,1.0,f1fe2c49ea8099e0e531fd905a09c6bb,48005,alagoinhas,BA,18.11013888888889,31.36375,0,805.06
4f4aab3539f49d375bf09c03c7f9fac1,b3804c2e5b95f6634ff9a52c4b0b80bd,delivered,2017-07-01 15:20:57,2017-07-01 15:35:17,2017-07-04 16:43:42,2017-07-12 10:53:45,2017-07-31,18.99,16.79,1,1,35.78,3,1,4.0,1.0,87e8d95ce4525028ba4c91e86cb2a421,93125,sao leopoldo,RS,10.814444444444444,29.36045138888889,0,35.78
0c325ea6925de749e1420be0cf43587c,e03505278b34146e87c0b4eb41e4f082,delivered,2017-07-01 15:27:23,2017-07-01 15:43:50,2017-07-05 12:00:33,2017-07-10 17:17:21,2017-07-25,139.9,16.74,1,1,156.64,1,1,4.0,1.0,c082f4437360e3466068035e94a3345b,18540,porto feliz,SP,9.07636574074074,23.355983796296297,0,156.64000000000001
54e94d7472f210caad2b04b193bb4817,0b01e830348776e4260c95c0d450aa3a,delivered,2017-07-01 15:29:35,2017-07-04 04:03:59,2017-07-05 13:29:44,2017-07-07 21:05:06,2017-07-21,24.9,11.85,1,1,36.75,1,1,4.0,1.0,e0c8c4cb49870b573b9904f44a4d0412,13140,paulinia,SP,6.232997685185185,19.35445601851852,0,36.75
e1da8361c76cab67aa3588a1fbf1af54,dd854e24b40e3bc2b306946dee252015,delivered,2017-07-01 15:42:32,2017-07-04 04:10:19,2017-07-04 14:52:46,2017-07-12 20:17:57,2017-07-25,235.99,17.41,1,1,253.4,1,1,2.0,1.0,a8ee33e35637322a81a8c26592f6ce36,35162,ipatinga,MG,11.191261574074074,23.345462962962962,0,253.4
0d5ce32fbaa548555dac4bee840d7705,188aa21ac1cf80f11848cbcd18973315,delivered,2017-07-01 15:47:06,2017-07-01 16:03:36,2017-07-21 15:22:51,2017-08-24 18:35:30,2017-10-19,189.8,76.42,2,1,266.22,1,1,2.0,1.0,147946615070313e4fc00fb602b39c68,59810,portalegre,RN,54.11694444444444,109.34229166666667,0,266.22
f56fc50c76285f17b655e6bd5a210799,5fcb65ba68f3aca54fa0c221d8b7150c,delivered,2017-07-01 15:59:33,2017-07-01 16:10:14,2017-07-03 14:00:34,2017-07-18 21:37:28,2017-07-28,45.95,15.1,1,1,61.05,6,1,5.0,1.0,d653c4815b8acc1fc51ff80339329490,88509,lages,SC,17.23466435185185,26.333645833333332,0,61.050000000000004
8eee4e1e428f76520ca03af043ace939,a71f52e216620305e7028f51100b69a8,delivered,2017-07-01 16:25:53,2017-07-01 16:43:50,2017-07-03 15:21:39,2017-07-11 13:06:46,2017-07-25,129.99,18.16,1,1,148.15,5,1,5.0,1.0,693d4dc072a4cbdfa19501dbab1c7ad1,27998,carapebus,RJ,9.861724537037038,23.315358796296298,0,148.15
084f5caa157d28601e72b588e656e3ec,145d10d2c740be50c50d82f083a813b1,delivered,2017-07-01 16:43:58,2017-07-01 16:55:16,2017-07-03 13:34:50,2017-07-11 18:47:32,2017-08-02,629.0,67.08,1,1,696.08,10,1,5.0,1.0,6263c619d9d052abcb21fefd9bb500d9,37026,varginha,MG,10.085810185185185,31.302800925925926,0,696.08
50dd2a49e14604137b84567d5c9e0c8c,1ede25f1583f9a3a558b5a69f1931459,delivered,2017-07-01 16:52:31,2017-07-01 17:05:07,2017-07-10 19:48:02,2017-07-14 18:14:48,2017-07-21,34.9,12.48,1,1,47.38,1,1,5.0,1.0,f9a58ecfdfe297ff568ba65174d837cb,86350,santa mariana,PR,13.057141203703704,19.296863425925928,0,47.379999999999995
9e7147a6ff3d5299da2672e1c64c9c49,69c44cafad4d74413ddd820f77d755a9,delivered,2017-07-01 16:55:23,2017-07-02 16:45:10,2017-07-05 16:36:32,2017-08-11 18:57:03,2017-08-04,49.3,38.14,1,1,87.44,6,1,1.0,1.0,b2e2fadc1c50fcc84b22aa326c648b83,59054,natal,RN,41.08449074074074,33.29487268518518,1,87.44
4d4c70fd93cbc8282de897a5bc68e7b6,1085b087e5c5cb7874f3b685eed5fc58,delivered,2017-07-01 16:58:26,2017-07-01 17:10:15,2017-07-05 13:22:24,2017-07-17 12:42:16,2017-07-25,579.9,18.81,1,1,598.71,10,1,5.0,1.0,e7121d8ee3e85dd6179d14a6066b1218,36855,eugenopolis,MG,15.822106481481482,23.29275462962963,0,598.7099999999999
124fb051a9788c8feb53429fb1612760,7595f0de4868abaec15c442659fdace2,delivered,2017-07-01 16:58:53,2017-07-01 17:10:15,2017-07-04 06:23:24,2017-07-11 16:42:08,2017-07-28,149.0,16.48,1,1,165.48,8,1,5.0,1.0,312c57b3499e3341ae8b400cb88f4cbd,22753,rio de janeiro,RJ,9.988368055555556,26.29244212962963,0,165.48
3742e108eff3341dbaa5e22f6e2fd38b,44055fae77e1dfd38877dae25d55aff7,delivered,2017-07-01 17:52:50,2017-07-01 18:05:22,2017-07-05 15:33:15,2017-07-11 20:52:21,2017-07-27,34.9,15.1,1,1,50.0,1,1,5.0,1.0,294acd07163ef935a1719bacd53c0040,99150,marau,RS,10.124664351851852,25.25497685185185,0,50.0
94e3a1e85a53a8ec73ca2453f310aa5d,ce53557bd511a76d02ede6787c24773e,delivered,2017-07-01 18:37:05,2017-07-01 18:45:14,2017-07-03 18:05:49,2017-07-07 20:09:27,2017-07-27,118.9,18.4,1,1,137.3,5,1,5.0,1.0,0c25efdac557ad14ea9fab26cd008f4e,87303,campo mourao,PR,6.064143518518518,25.224247685185187,0,137.3
16b6123f7077419424bf89af74e2d054,e3702794d8a26f52191ff4badd7f40c4,delivered,2017-07-01 18:42:10,2017-07-02 18:35:07,2017-07-04 18:09:55,2017-07-24 17:29:32,2017-07-31,589.0,53.02,2,1,642.02,10,1,5.0,1.0,d5ddf34cf6c2c4b17510f778b7335e1d,71520,brasilia,DF,22.949560185185184,29.220717592592592,0,642.02
bbc289789c7c2753320ce35b3fb773a2,842ad511dc462bfad1c2201546d542d6,delivered,2017-07-01 18:50:04,2017-07-02 19:03:48,2017-07-03 16:47:35,2017-07-14 17:45:55,2017-08-11,600.0,71.8,2,1,671.8,10,1,2.0,1.0,8c6de572aeb6aa9db9391631b5bce93b,64840,guadalupe,PI,12.95545138888889,40.21523148148148,0,671.8
5ba2ed250b6f47416b0a787bd4deba63,8c28edb50beda68d7be316b7bfd1fcac,delivered,2017-07-01 19:13:55,2017-07-01 19:25:20,2017-07-04 11:23:32,2017-07-27 12:18:57,2017-08-04,17.9,34.15,1,1,52.05,2,1,5.0,1.0,adcb53ce159169111fb696e5afb4e95f,59490,ielmo marinho,RN,25.711828703703702,33.19866898148148,0,52.05
1f90220e4ad97915593771b65c25ee3c,b35f1a8faa9f7afd849b001e0b622972,delivered,2017-07-01 19:23:04,2017-07-04 03:50:21,2017-07-05 12:22:22,2017-07-13 14:34:04,2017-07-25,139.99,40.31,1,1,180.3,1,1,4.0,1.0,783ac10aa7a5cf153d10402b93a1ee06,23815,itaguai,RJ,11.799305555555556,23.192314814814814,0,180.3
aa7ec2352031fdede37174861e5b20ad,fa22e15957d9ea748f5f9d2ebf82d792,delivered,2017-07-01 19:23:16,2017-07-01 19:35:09,2017-07-03 16:44:49,2017-07-17 18:41:29,2017-07-28,59.9,15.86,1,1,75.76,1,1,3.0,1.0,2aaba3d45d86b23c7b8e9d7c04a96977,31840,belo horizonte,MG,15.970983796296297,26.192175925925927,0,75.75999999999999
9502098c0c48725f2b3dc32ff2a01466,44a7d00cf2d850e47fa2694eeb62bfca,delivered,2017-07-01 19:23:49,2017-07-04 04:44:33,2017-07-07 20:29:28,2017-07-14 15:45:45,2017-08-01,46.99,14.08,1,1,61.07,1,1,3.0,1.0,694d76460713829ec659915cf2b8d9d8,30380,belo horizonte,MG,12.848564814814814,30.19179398148148,0,61.07
a8d5b616150d16469de71f4099a76148,8d3715cd0e1d49020db4ecb2812f68cc,delivered,2017-07-01 19:32:46,2017-07-01 19:45:14,2017-07-05 13:16:47,2017-07-12 10:04:13,2017-07-21,149.0,14.06,1,1,163.06,6,1,5.0,1.0,91d0082597ab40432442cc03ad3f2293,15500,votuporanga,SP,10.60517361111111,19.185578703703705,0,163.06
af524958ddebae54e99bf50866e0bc29,612651ffa100f3481fab324e1381d747,delivered,2017-07-01 19:46:53,2017-07-04 04:24:34,2017-07-04 16:51:44,2017-07-26 19:49:31,2017-08-02,99.9,36.02,1,1,135.92,1,1,5.0,1.0,230fedab42f7955784bc36ab58883f72,58150,pocinhos,PB,25.001828703703705,31.175775462962964,0,135.92000000000002
08accb1f1ce9ae08483229dd246b8911,7614bd222d72753a5598941edc462392,delivered,2017-07-01 20:08:46,2017-07-01 20:23:52,2017-07-04 11:37:50,2017-07-12 20:47:54,2017-07-28,19.99,14.1,1,1,34.09,3,1,5.0,1.0,61f1a493cb99e61ebb41924c15778a5c,83708,araucaria,PR,11.027175925925926,26.160578703703703,0,34.089999999999996
17fa7da2f2250f22adb5ca2578972618,050a20d417ba3e1143e75ff878afbe9d,delivered,2017-07-01 20:12:31,2017-07-02 20:15:15,2017-07-10 18:28:53,2017-07-14 19:32:17,2017-08-15,99.0,16.45,1,1,115.45,1,1,3.0,1.0,2cafc13ea55ac44b4288351bc60b861f,22631,rio de janeiro,RJ,12.972060185185185,44.157974537037035,0,115.45
189711984919a2bdda375153d796d096,69c095e20533ed0e7245ab4ad0282fac,delivered,2017-07-01 20:13:01,2017-07-01 20:25:11,2017-07-04 16:18:59,2017-07-17 18:30:05,2017-08-02,26.0,17.92,1,1,43.92,1,2,3.0,1.0,d0281d057510ea65874d743462897abd,41253,salvador,BA,15.92851851851852,31.157627314814814,0,43.92
e28f13b07a04dff7a7e52c0aee29c342,480c75e853828f9ac0ac262def2b9780,delivered,2017-07-01 20:13:37,2017-07-01 20:23:53,2017-07-05 15:23:46,2017-07-18 19:29:47,2017-07-25,61.9,15.18,1,1,77.08,1,1,5.0,1.0,5f66839451ba40fadaaee8d6bdbc0d4c,37165,campo do meio,MG,16.969560185185184,23.157210648148148,0,77.08
292690a1c17b64307e5b90203f3adc84,1d456d2cad6541c5722961039c02ba09,delivered,2017-07-01 20:23:30,2017-07-01 20:35:14,2017-07-03 18:22:10,2017-07-10 17:44:03,2017-07-27,59.99,15.18,1,1,75.17,1,1,5.0,1.0,e6a223d0cf77662bdccf885c06cc5698,29052,vitoria,ES,8.889270833333333,25.150347222222223,0,75.17
d43ec367e36ab5844465e6127f159862,aca5529c3c611cc45b4907b4046e4bd1,delivered,2017-07-01 20:25:32,2017-07-04 04:44:38,2017-07-06 06:23:45,2017-07-14 18:53:45,2017-08-02,59.9,17.67,1,1,77.57,1,1,4.0,1.0,d1cadd078b83fe2d201288aa95805b20,26600,paracambi,RJ,12.936261574074074,31.148935185185184,0,77.57
f3673235fed9c71ed5d7ae997aba157c,34430dd857cfe2224e2cdc97bb23b788,delivered,2017-07-01 20:27:50,2017-07-01 20:44:03,2017-07-03 15:21:17,2017-07-04 18:08:43,2017-07-14,219.9,10.35,1,1,230.25,1,1,2.0,1.0,928cba6485d1226fb12f5c2e80e90c13,13042,campinas,SP,2.9033912037037037,12.147337962962963,0,230.25
e01f636edc7155ddecc78f311b1f2cd0,604478c777eb4011f1f1d6c1eea29daa,delivered,2017-07-01 20:28:03,2017-07-01 20:44:02,2017-07-03 14:14:48,2017-07-06 10:19:46,2017-07-25,48.4,17.6,1,1,66.0,1,2,5.0,1.0,26a8f651c4b6734e400909611ad586f4,13487,limeira,SP,4.577581018518519,23.1471875,0,66.0
d7dfe1042cd73f6cdd20a71ed7fef816,29f8adf2f91726172c731bc780c3d864,delivered,2017-07-01 20:49:20,2017-07-01 20:55:15,2017-07-04 16:19:00,2017-07-07 15:34:51,2017-07-24,48.4,12.69,1,1,61.09,6,1,5.0,1.0,99e16dbcba1769d23db3a72d4d987d33,11065,santos,SP,5.781608796296296,22.132407407407406,0,61.089999999999996
e0940e87c03215f63faf04c6d7675616,4d39f6e899ec7f2728b7493b8fabc2bf,delivered,2017-07-01 21:14:39,2017-07-01 21:25:12,2017-07-03 16:30:14,2017-07-26 18:14:29,2017-08-08,28.9,16.11,1,1,45.01,2,1,1.0,1.0,231bc8f59c8ade5c0851bde1dac22bcd,28970,araruama,RJ,24.87488425925926,37.114826388888886,0,45.01
488e18847dc4c18696d2e992f89a7b8a,2c800090d448771fe1e27c843e63d4dd,delivered,2017-07-01 21:54:31,2017-07-01 22:05:11,2017-07-04 15:44:53,2017-07-17 21:22:10,2017-07-27,12.9,16.79,1,1,29.69,1,1,5.0,1.0,48591f5d1cbe4492bf8d2ea0da354f72,20541,rio de janeiro,RJ,15.977534722222222,25.087141203703705,0,29.689999999999998
faa0bc258daa11bbbcc1797a59d3996f,7efa7ba622dbdc7eaa7a51b93203e9e8,delivered,2017-07-01 21:58:15,2017-07-01 22:10:14,2017-07-06 13:43:41,2017-07-12 21:51:57,2017-07-25,69.0,15.23,1,1,84.23,2,1,5.0,1.0,38661d5602cb078419f411b65e3bdce1,27542,resende,RJ,10.995625,23.08454861111111,0,84.23
fc4e3d907bbca064eee88088667f4e98,e6e14f3e3173398dcc2ef5001361ba1c,delivered,2017-07-01 22:03:10,2017-07-01 22:15:17,2017-07-03 15:21:41,2017-07-11 19:26:43,2017-07-25,199.99,18.65,1,1,218.64,10,1,5.0,1.0,3df4912077693dc7933267da9542825c,89165,rio do sul,SC,9.891354166666666,23.081134259259258,0,218.64000000000001
67fa9997945e53898352ceff7d7b37a6,140bc967eba0b06a0d1ce15242b1fe62,delivered,2017-07-01 22:22:43,2017-07-01 22:35:14,2017-07-03 13:39:57,2017-07-15 15:07:21,2017-08-04,24.9,14.1,1,1,39.0,1,1,3.0,1.0,59dcf68b1954f776983c28fc92b6a935,72319,brasilia,DF,13.697662037037038,33.06755787037037,0,39.0
2a186eb2b1f153aed4218fbf557c5d41,762a3b56442aa6b35020a78b145a63fb,delivered,2017-07-01 22:23:05,2017-07-04 04:25:14,2017-07-05 08:40:59,2017-07-10 21:47:31,2017-07-25,26.9,15.1,1,1,42.0,1,1,5.0,1.0,7b73d9f20501f4ca34dd651cfaf02f51,37062,varginha,MG,8.975300925925925,23.067303240740742,0,42.0
2ccc4ef33a6274500f8eb7b10c5f4b39,5f3e5c17d9cb18877b30dd37487345d5,delivered,2017-07-01 22:56:00,2017-07-01 23:10:13,2017-07-03 12:37:44,2017-07-05 16:26:36,2017-07-14,59.9,9.94,1,1,69.84,4,1,5.0,1.0,d509ca553f53a126c619251ee4fc3fc3,88495,garopaba,SC,3.7295833333333333,12.044444444444444,0,69.84
13b2cd56f806ffc7938f53c374085817,66674f3dea78d929780de200271d1536,delivered,2017-07-01 23:16:12,2017-07-01 23:25:10,2017-07-03 12:32:15,2017-07-06 15:47:05,2017-07-14,29.0,7.78,1,1,36.78,3,1,5.0,1.0,e68b228a167dd53ae8935c8516089068,11702,praia grande,SP,4.688113425925926,12.030416666666667,0,36.78
a5ea4a54db4df8ed51c9044097d480ea,2519617f72eb156b405fdefb65641ca1,delivered,2017-07-01 23:17:58,2017-07-03 13:05:14,2017-07-04 14:51:49,2017-07-26 19:25:44,2017-08-04,235.99,23.97,1,1,259.96,5,1,4.0,1.0,42c8ccbe558d063718d19cff01505af9,59064,natal,RN,24.838726851851852,33.02918981481481,0,259.96000000000004
3f3bc6783bd7e2ae55ee7d50e0a855f5,62bb13fb5ca065250b38f8c929f08cda,delivered,2017-07-02 00:18:12,2017-07-02 00:30:11,2017-07-03 15:35:57,2017-07-11 16:58:58,2017-08-01,59.99,16.67,1,1,76.66,2,1,5.0,1.0,bf56f78ae3555f5585358322d83781e7,24350,niteroi,RJ,9.694976851851852,29.98736111111111,0,76.66
dc7b936d5f26f7506fc2242764d07424,3ecddf921de5c14ec1f8bad33216e058,delivered,2017-07-02 00:19:41,2017-07-02 00:30:12,2017-07-04 08:50:59,2017-07-07 18:21:52,2017-07-21,139.9,14.0,1,1,153.9,7,1,,,8930b5479cc98921206e7f37545c55ad,14409,franca,SP,5.751516203703703,18.98633101851852,0,153.9
2112e59b69d2f316f9fe16796ca0db5e,d5cca9a06792efce47d8a9aaf94446ec,delivered,2017-07-02 00:25:04,2017-07-02 00:35:15,2017-07-07 11:44:53,2017-07-10 16:15:53,2017-07-14,89.9,8.04,1,1,97.94,4,1,5.0,1.0,af42b7fb8707f6e42736d04d2073e2e2,20061,rio de janeiro,RJ,8.660289351851851,11.982592592592592,0,97.94
a10e6749400b3ea4a674cec3fd3a9605,4aa2e99b278fa15781806af208a86c32,delivered,2017-07-02 00:48:03,2017-07-02 01:04:19,2017-07-03 13:41:02,2017-07-05 14:17:36,2017-07-25,33.8,30.2,2,1,64.0,4,1,3.0,1.0,fddc02ef7e4ac2472cdb8459c12ed4c3,3821,sao paulo,SP,3.5621875,22.966631944444444,0,64.0
2fb340dbc607498b2929f3f6b2a29fb4,3fbc35a0bb3ff10f1e36f7ed1a1da121,delivered,2017-07-02 02:26:30,2017-07-02 02:44:09,2017-07-03 14:32:38,2017-07-04 16:25:55,2017-07-14,59.9,8.72,1,1,68.62,1,1,4.0,1.0,f78f551d7b3f0151f042b85c7c7a74ec,4605,sao paulo,SP,2.5829282407407406,11.89826388888889,0,68.62
b0c2fc04c1c8fbb03073c15316fa9242,74fd37fc8813d6909eaf43e1eaaa07f4,delivered,2017-07-02 05:29:33,2017-07-02 05:43:22,2017-07-04 16:03:57,2017-07-05 11:17:48,2017-07-14,42.99,7.78,1,1,50.77,1,1,5.0,1.0,891fda05c6f2315887eb933b15c4cde2,1318,sao paulo,SP,3.241840277777778,11.771145833333334,0,50.77
f161d2927f0847f8fd74ebeb8a7b3a80,00a49178247b91322bdca02625e81f7a,delivered,2017-07-02 09:51:03,2017-07-04 04:10:17,2017-07-05 15:12:45,2017-07-19 16:45:52,2017-08-02,65.0,35.77,1,1,100.77,1,1,5.0,1.0,feaa8891b941fef98112c26ef7c19cee,49530,ribeiropolis,SE,17.28806712962963,30.589548611111113,0,100.77000000000001
c490ab8919445b94a43d55c6bf91eab8,b23a7016d4fd101086156fd5c5b0bc6d,delivered,2017-07-02 10:02:00,2017-07-02 10:10:14,2017-07-04 16:18:59,2017-07-10 21:32:45,2017-07-21,115.5,12.31,1,1,127.81,6,1,1.0,1.0,f72ffc8a05b86e6982c0aa857e15958b,14055,ribeirao preto,SP,8.4796875,18.581944444444446,0,127.81
b20dd961dbee68e4ec89fc7d71e111cf,20fb4fa6cf9cfcac864b9625e0156853,delivered,2017-07-02 10:08:50,2017-07-03 10:10:19,2017-07-07 19:07:38,2017-07-10 17:25:49,2017-07-21,142.0,19.48,2,1,161.48,5,1,5.0,1.0,83ea23c69cfe7bf7a85bc5010f5775e6,13405,piracicaba,SP,8.303460648148148,18.577199074074073,0,161.48
41e866f2cb3db6d51b8e5dc6ef961a0c,c7cf0368034f336d46606b95ef7f2ffe,delivered,2017-07-02 10:09:11,2017-07-02 10:25:07,2017-07-06 14:36:58,2017-07-11 19:59:25,2017-07-21,49.99,11.85,1,1,61.84,1,1,4.0,1.0,358197d2b6dcf6d7ca8f7553b225dc29,18900,santa cruz do rio pardo,SP,9.40988425925926,18.57695601851852,0,61.84
1dbaa81e10d320cf7b6278931481e284,fed9a70454798e3fdbee236decc7ce42,delivered,2017-07-02 10:44:54,2017-07-02 11:03:33,2017-07-04 14:16:32,2017-07-07 16:11:25,2017-07-25,129.9,14.66,1,1,144.56,8,1,5.0,1.0,437030d5996e877794dd61c5f074fbd8,22231,rio de janeiro,RJ,5.2267476851851855,22.552152777777778,0,144.56
3367d93673eeafe8986194cfce4f2770,c5651f386e4b8ce6b97577c7c4af5e9c,delivered,2017-07-02 10:45:24,2017-07-02 11:03:34,2017-07-04 15:37:34,2017-07-07 17:36:41,2017-07-25,50.0,14.1,1,1,64.1,1,1,5.0,1.0,efd9a6c82e7ac52dfef075391523eb04,1321,sao paulo,SP,5.285613425925926,22.551805555555557,0,64.1
7fa8a261aff75638a6a7fae15425728a,2ca87087e2d5c60c70dcbe6dc2428931,delivered,2017-07-02 10:53:51,2017-07-02 11:05:10,2017-07-06 13:42:03,2017-07-17 17:17:31,2017-07-27,31.9,15.79,1,1,47.69,1,1,5.0,1.0,b1dca75b8acb4dab356086616ee92cf8,74922,aparecida de goiania,GO,15.266435185185186,24.5459375,0,47.69
b3352e49bf919f038ea9f9953bb2be4a,59923dfd7914ff594e6e16878bc19d74,delivered,2017-07-02 11:16:06,2017-07-02 20:05:47,2017-07-06 13:12:12,2017-07-24 14:18:08,2017-08-09,56.99,25.68,1,1,82.67,2,1,5.0,1.0,907b09d579b1175a474967084aed4ac9,63260,brejo santo,CE,22.12641203703704,37.53048611111111,0,82.67
dc942b12a2d1c261d42dbf4ecd4451f5,f9ee21e4ea8887385cab2d9cdeaa0804,delivered,2017-07-02 11:23:28,2017-07-04 04:05:29,2017-07-06 14:08:03,2017-07-25 22:47:29,2017-08-09,105.0,67.03,1,1,172.03,1,1,5.0,1.0,f94a8d335c25ddfac4ab1d852667c00a,58415,campina grande,PB,23.475011574074074,37.52537037037037,0,172.03
8facae71080d66f3601522b0f6e143bb,ffe642291d0c94528389d64c07ec8341,delivered,2017-07-02 11:53:10,2017-07-02 12:05:41,2017-07-04 12:29:44,2017-07-25 00:26:37,2017-08-02,16.99,34.15,1,1,51.14,4,1,2.0,1.0,f3cb4bf78563e8f29fb8df63f3ae2748,54510,cabo de santo agostinho,PE,22.523229166666667,30.50474537037037,0,51.14
ab9524b08e09e4acde1a3f40b8228870,4eb5b79155c67869cb04c77b1541d6eb,delivered,2017-07-02 11:57:40,2017-07-02 12:10:15,2017-07-04 11:37:53,2017-07-11 17:51:39,2017-07-27,84.99,15.34,1,1,100.33,6,1,5.0,1.0,1b5b7eced3f241ded2a1eee965d649cf,35540,oliveira,MG,9.24582175925926,24.50162037037037,0,100.33
0cabc61e5deb17c32904e1b512204efd,13a094bf5c41e311945e058c7a2d8ef8,delivered,2017-07-02 12:01:17,2017-07-02 12:15:11,2017-07-04 15:32:43,2017-07-12 17:33:25,2017-07-25,66.89,17.72,1,1,84.61,1,2,5.0,1.0,cdd9ac43ed28dd47c08641f1040ce277,18650,sao manuel,SP,10.230648148148148,22.499108796296298,0,84.61
fa0516e60526f3547106618fe2482801,d77ebe747b95a93530d2b99f2b2922a6,delivered,2017-07-02 12:03:17,2017-07-03 11:55:10,2017-07-05 14:56:57,2017-07-12 18:36:39,2017-07-21,139.9,20.89,1,1,160.79,2,2,5.0,1.0,8fd42ec59d8b5eb1bcf3c0a38ace9584,35112,frei inocencio,MG,10.273171296296296,18.497719907407408,0,160.79000000000002
ee038389c9f437f7c0e2d1b105a26038,5ad5c913900581e3ebd6c20ba68c5760,delivered,2017-07-02 12:03:31,2017-07-02 12:15:19,2017-07-05 13:44:46,2017-07-11 22:03:39,2017-07-25,269.0,37.11,2,1,306.11,1,1,5.0,1.0,c1dee395f06cd4d5e5162385873bfb15,27510,resende,RJ,9.416759259259258,22.497557870370372,0,306.11
21ff9e52b420083bfc502b827916d069,a178d9b6b37f806862322140af76d744,delivered,2017-07-02 12:09:00,2017-07-02 12:23:52,2017-07-03 13:04:34,2017-07-11 21:27:35,2017-07-25,199.8,35.9,2,1,266.38,10,1,5.0,1.0,2378eeed2dcf1e43fc9ffcbb93e04827,28890,rio das ostras,RJ,9.387905092592593,22.49375,0,235.70000000000002
64e827a2a04dc6dd5adcb685b1d26ed1,f4c527f30d0af8124485642436b910c1,delivered,2017-07-02 12:18:48,2017-07-02 12:30:12,2017-07-03 15:21:15,2017-07-11 18:19:34,2017-07-25,376.0,17.38,1,1,393.38,10,1,5.0,1.0,d74852399997aeed6d69e0cac91eff29,36309,sao joao del rei,MG,9.250532407407407,22.486944444444443,0,393.38
a37d2d7219fd59058812f25e500a9a59,b9f3a86f04f939473dbfd9002f5595b2,delivered,2017-07-02 12:32:04,2017-07-02 12:43:41,2017-07-04 06:13:46,2017-07-07 15:31:54,2017-07-31,40.0,38.1,1,1,78.1,2,1,5.0,1.0,c914157f8f00a3b4fb31e9e4f02efb0d,17050,bauru,SP,5.124884259259259,28.47773148148148,0,78.1
bc23a4f24db6f84f1efcfe44847ba135,93efa0bfc406789dc02d73233c812097,delivered,2017-07-02 12:34:39,2017-07-02 12:45:15,2017-07-04 13:48:40,2017-07-05 16:06:49,2017-07-21,179.10000000000002,40.32,3,1,219.42,3,1,5.0,1.0,e02725ca044d62c140117886045b6183,5007,sao paulo,SP,3.147337962962963,18.4759375,0,219.42000000000002
ab74c0e5d243c75a0289ac0ed8811a97,84ff6882397b2bfccaca1644c4c9f37d,delivered,2017-07-02 12:42:15,2017-07-02 12:55:10,2017-07-03 15:07:37,2017-07-05 16:32:43,2017-07-14,28.55,9.27,1,1,37.82,3,1,5.0,1.0,7aae4a80365ca3d33b239e57884d9508,13280,vinhedo,SP,3.1600462962962963,11.470659722222223,0,37.82
0f12cbc174814d0b137bb00d87bea3ee,cafd020d75573a79a7cb037f87b31515,delivered,2017-07-02 12:59:35,2017-07-02 13:10:12,2017-07-04 15:37:33,2017-07-07 18:11:12,2017-07-14,50.0,8.9,1,1,58.9,1,1,5.0,1.0,9f735d60e4d6d3ec348d7bbdb550eb43,26022,nova iguacu,RJ,5.216400462962963,11.458622685185185,0,58.9
3044d11f2c5790298aa2fa9959961876,90684e8e76e2b689d36e74bdaacd6ba8,delivered,2017-07-02 13:01:47,2017-07-02 13:10:13,2017-07-05 14:32:36,2017-07-14 19:03:43,2017-07-27,66.89,19.71,1,1,86.6,2,1,5.0,1.0,bce1de3f41f7e26b96f0f96a932d5799,24346,niteroi,RJ,12.251342592592593,24.457094907407406,0,86.6
69f6c952c081cc5dcc49173473630516,ae4c4beb11e7a4b395a9acc4ea3ee895,delivered,2017-07-02 13:02:39,2017-07-02 13:23:37,2017-07-03 16:40:53,2017-07-14 18:03:53,2017-07-25,102.9,17.97,1,1,120.87,6,1,5.0,1.0,068cee6bf82a34aab08b5f08b9af4f51,28055,campos dos goytacazes,RJ,12.209189814814815,22.456493055555555,0,120.87
8890828f16facb8b8a9c48194daccb85,161bbf41f242e91075dcd075c9034992,delivered,2017-07-02 13:05:45,2017-07-02 13:15:12,2017-07-03 12:27:49,2017-07-07 17:28:29,2017-07-25,74.9,17.77,1,1,92.67,5,1,5.0,1.0,019f29cee4d4031f59fed390d3cd0bc7,9811,sao bernardo do campo,SP,5.182453703703704,22.454340277777778,0,92.67
239960d8af96f541e9a7153b57c0f4de,9dd11f3718d972116eec267c2c2e317f,delivered,2017-07-02 13:09:40,2017-07-02 13:25:14,2017-07-04 15:19:33,2017-07-06 23:36:40,2017-07-21,39.9,15.98,1,1,55.88,1,1,5.0,1.0,8f2fa110f45a5b5592f1593842b7e87d,5334,sao paulo,SP,4.435416666666667,18.45162037037037,0,55.879999999999995
5c533da06d7dfe10d9d44dbcc8bdbc6b,1285e7456591a89200ad22c4015c09ea,delivered,2017-07-02 13:10:36,2017-07-02 13:25:09,2017-07-07 17:39:39,2017-07-26 22:53:20,2017-08-02,142.47,43.41,1,1,185.88,6,1,5.0,1.0,a1644581211b1c1d4933064a411ad7de,62051,sobral,CE,24.404675925925925,30.450972222222223,0,185.88
7f802d7c70300edaea3d120f8c34843a,4f92392f2442e7f7d9b6a055eb042ce5,delivered,2017-07-02 13:10:57,2017-07-02 13:25:11,2017-07-06 07:22:18,2017-07-10 18:27:42,2017-07-31,34.9,16.6,1,1,51.5,3,1,5.0,1.0,4767f3ef86357503d1047cabfff57309,5438,sao paulo,SP,8.219965277777778,28.450729166666665,0,51.5
dfb04e7088e5e8c05d7b8a21be219457,74ef27bf0bc2804bbe36ebc874124085,delivered,2017-07-02 13:17:23,2017-07-02 13:30:15,2017-07-03 16:22:01,2017-07-18 17:57:55,2017-07-31,119.99,20.08,1,1,140.07,1,1,5.0,1.0,4a3d9f978c0f7d1c8cd6461d1f8f291b,29705,colatina,ES,16.194814814814816,28.446261574074075,0,140.07
121c96617b2e0acee04016a0f37c1c7b,5fdda35530bccd97623de0d77924e337,delivered,2017-07-02 13:18:33,2017-07-02 13:30:14,2017-07-03 16:59:25,2017-07-13 21:03:50,2017-07-28,39.9,15.1,1,1,55.0,2,1,5.0,1.0,aea4d758cf1a6af26b5e7c143a99127f,18701,avare,SP,11.323113425925927,25.445451388888888,0,55.0
684e1a86f45edfeeec53b6e903bcf15c,025d5d5b392ca0924d3f47a286fe474f,delivered,2017-07-02 13:51:10,2017-07-03 13:45:08,2017-07-04 18:03:50,2017-07-17 17:31:55,2017-07-25,299.0,22.58,1,1,321.58,5,1,4.0,1.0,1322f4f08ee126888c52044389540e3a,16900,andradina,SP,15.153298611111111,22.422800925925927,0,321.58
d0af04d05d7d5f1b5e65ae9b6278f57f,52bc04288c98dbdc884680df3110b4f4,delivered,2017-07-02 13:51:16,2017-07-02 14:05:10,2017-07-06 16:23:31,2017-07-07 14:47:22,2017-07-18,349.0,11.26,1,1,360.26,3,1,5.0,1.0,a0628933453581e07788fb3d5eb1cd28,6040,osasco,SP,5.038958333333333,15.422731481481481,0,360.26
657db8ff40cea3fd850bed1681373336,809400fee84b0974febb3e3dfa7514be,delivered,2017-07-02 14:01:13,2017-07-02 14:10:13,2017-07-05 15:58:00,2017-07-08 11:37:28,2017-07-14,89.9,10.04,1,1,99.94,3,1,5.0,1.0,1291474366a550ebc251d9187e763d62,12239,sao jose dos campos,SP,5.900173611111111,11.41582175925926,0,99.94
156d020e7c34fa12b2b61a68ba9c7c0e,7128153a5176fa37b2c282b24cea3119,delivered,2017-07-02 14:22:28,2017-07-02 14:35:57,2017-07-03 15:18:02,2017-07-07 19:19:43,2017-07-17,39.8,15.56,2,1,55.36,1,1,5.0,1.0,0f1e4786bddd707cfa51e4f45668dda9,5878,sao paulo,SP,5.206423611111111,14.401064814814815,0,55.36
eecc1b7c0a139c574d4f9f7e707bf083,a0715f79257e6f0e7db3d7ddec8c418c,delivered,2017-07-02 14:38:35,2017-07-04 03:45:10,2017-07-05 16:08:40,2017-07-12 18:36:02,2017-07-21,69.9,11.99,1,1,81.89,1,1,5.0,1.0,95fc53188be72ccacf7e9f211d76cb4c,14270,santa rosa de viterbo,SP,10.164895833333333,18.389872685185185,0,81.89
e339dedb65f3cb8513ffe6dfa54addae,ba6085df70c57fc78776a938b55bea2f,delivered,2017-07-02 14:52:06,2017-07-02 15:05:14,2017-07-03 13:36:37,2017-07-11 19:12:21,2017-07-25,49.0,14.1,1,1,63.1,1,1,5.0,1.0,dd25ee49beb12eff932001d52c7bac97,22710,rio de janeiro,RJ,9.180729166666667,22.38048611111111,0,63.1
7d57370d053b938c6dda99e5b72ad270,319bbf85f20aade3128d0f7470eef57e,delivered,2017-07-02 14:52:49,2017-07-02 15:05:15,2017-07-04 09:34:24,2017-07-17 21:21:34,2017-07-25,50.0,17.6,1,1,70.72,3,1,2.0,1.0,50298262b1caf5b1866a560e69111380,31573,belo horizonte,MG,15.269965277777779,22.379988425925927,0,67.6
28071571611dcdb56bb375c9d6ad3fab,9dd40455efb86b2c5a3b9f396fe1f3cd,delivered,2017-07-02 14:56:13,2017-07-02 15:05:20,2017-07-04 09:07:39,2017-07-07 22:06:43,2017-07-21,52.9,11.87,1,1,64.77,3,1,4.0,1.0,3e7499f6e0f11174dd9c9a5fde576e20,12515,guaratingueta,SP,5.298958333333333,18.377627314814816,0,64.77
100ba6d6b73b6ff81956ec722bc10fc5,977a42394ae3bd12081fdcfc3de5f695,delivered,2017-07-02 14:59:46,2017-07-02 15:10:15,2017-07-04 15:37:34,2017-07-11 18:20:02,2017-07-27,129.99,16.67,1,1,146.66,2,1,5.0,1.0,84b14711bf79f7b5512e7c3d93ad18f2,87013,maringa,PR,9.139074074074074,24.375162037037036,0,146.66000000000003
8647ff7e5f9536a33f5e6fd7f2c08d2a,f277efbc37718499302b3e189bde8e35,delivered,2017-07-02 15:00:51,2017-07-04 04:05:27,2017-07-05 12:00:33,2017-07-12 16:12:36,2017-07-31,91.8,53.769999999999996,2,1,145.57,1,1,3.0,1.0,7c64114d404c93f2c4305a9f2e7dc3eb,46430,guanambi,BA,10.049826388888889,28.37440972222222,0,145.57
b87afc89cd215f60565ed29fd804b4c8,2a2bc4b0a26498448f7f6a887f048bb7,delivered,2017-07-02 15:05:31,2017-07-02 18:50:15,2017-07-05 14:53:15,2017-07-06 16:34:32,2017-07-14,17.68,9.09,1,1,26.77,1,1,5.0,1.0,94799536464c7e4831d318c5aa3d46bd,32315,contagem,MG,4.061817129629629,11.371168981481482,0,26.77
c7b9761071cad0c921090525b7f5fbae,17720e51d474eb347f716a1400863dfd,delivered,2017-07-02 15:28:03,2017-07-02 15:43:37,2017-07-04 15:22:35,2017-07-10 21:15:04,2017-07-21,49.0,11.85,1,1,60.85,5,1,2.0,1.0,4dcb9411dc19942f94f9201de79c6237,15053,sao jose do rio preto,SP,8.240983796296296,18.355520833333333,0,60.85
9e9f909cd250058d062bb2b0b0161c92,e15a69da6ddca9fc7bf178c28f529529,delivered,2017-07-02 15:37:04,2017-07-04 04:30:13,2017-07-04 10:09:49,2017-07-13 17:36:01,2017-08-01,137.97,15.72,1,1,153.69,1,1,5.0,1.0,55fd57195ae0bd2ecf368bbc4be6ad96,3366,sao paulo,SP,11.082604166666666,29.34925925925926,0,153.69
b2b4ad3f3df69da791d642a9bfc387e6,30810a37ce547250cbb4f6be12dd8e36,delivered,2017-07-02 15:47:45,2017-07-02 16:03:29,2017-07-04 09:12:31,2017-07-06 10:32:31,2017-07-21,89.0,31.65,1,1,120.65,1,1,2.0,1.0,ae7e8acd856b834e7f38780d50dd0814,5016,sao paulo,SP,3.781087962962963,18.341840277777777,0,120.65
c0ab546d7eeab2e210dbc49084319e46,2fb134171eb8b58c2cb3aef1b480c14e,delivered,2017-07-02 15:48:49,2017-07-02 16:03:26,2017-07-07 19:02:46,2017-07-20 19:12:16,2017-08-10,159.99,76.14,1,1,236.13,7,1,3.0,1.0,e3e9798c019c5c53539c221ef4646d84,62600,itapage,CE,18.141284722222224,38.34109953703704,0,236.13
0abb65aa29ab57e5f52f657d22b47648,1652b873dc2f33c68dc15bb05e7542e3,delivered,2017-07-02 15:51:01,2017-07-02 16:03:25,2017-07-04 08:32:51,2017-07-12 21:14:35,2017-07-26,8.49,16.11,1,1,24.6,1,1,4.0,1.0,f5a5b725532096dfd2b144adfa62b6ff,5570,sao paulo,SP,10.224699074074074,23.339571759259258,0,24.6
c2d00a9eb60169824e8b8cd5b0baf2d1,7dac8705fcb9546ba4ee96aa9458de81,delivered,2017-07-02 15:58:25,2017-07-02 16:10:14,2017-07-04 15:58:46,2017-08-04 12:07:37,2017-08-04,65.0,35.77,1,1,100.77,4,1,4.0,1.0,8b686328efe76648e7406bfc31e2198f,58052,joao pessoa,PB,32.83972222222222,32.33443287037037,1,100.77000000000001
abd0736f947aa672d9254ad3cfaca4ff,494e06598140699017261a37e250cc52,delivered,2017-07-02 16:32:13,2017-07-02 16:43:53,2017-07-03 18:22:10,2017-07-18 17:45:57,2017-08-04,119.98,53.92,2,1,173.9,2,1,5.0,1.0,8edc207feeb0cf1b7094bd24e55b03fc,68633,dom eliseu,PA,16.051203703703703,32.310960648148146,0,173.9
aad0caf83fc9dd12e8f3f87eb37b5b6b,0d8c61ac7bb256d13971bfe77837c0af,delivered,2017-07-02 16:32:27,2017-07-02 16:43:53,2017-07-07 13:23:25,2017-07-17 16:15:44,2017-07-21,89.9,12.13,1,1,102.03,4,1,5.0,1.0,c5c01882ea07c96a3647823205ae7187,7178,guarulhos,SP,14.988391203703705,18.31079861111111,0,102.03
a199f382a03b7dc25c0dbecbf862d8ab,1379277e48390b20f220d5b54fe4f385,delivered,2017-07-02 16:48:59,2017-07-04 04:45:16,2017-07-04 14:45:25,2017-07-07 18:17:54,2017-07-21,129.99,13.93,1,1,143.92,1,1,5.0,1.0,9778e26146f7c6ffe23c65ab43326bfa,17370,santa maria da serra,SP,5.0617476851851855,18.299317129629628,0,143.92000000000002
361f034789232a97f47cc1d000c930ae,72bf3d263baa8682be8224662f7e3671,delivered,2017-07-02 16:57:39,2017-07-02 17:10:18,2017-07-04 12:44:45,2017-07-12 19:39:23,2017-07-28,205.0,26.27,1,1,231.27,4,1,5.0,1.0,8318fcb22f90a345cc35086333d3b13c,96900,sobradinho,RS,10.112314814814814,25.293298611111112,0,231.27
a4b2d7506db2672210d0411c4a08e8a3,e9cae96616b553c873ab3bafb1dd13a6,delivered,2017-07-02 17:01:39,2017-07-02 17:10:19,2017-07-07 14:07:26,2017-07-13 18:13:06,2017-07-21,107.6,12.25,1,1,119.85,1,1,4.0,1.0,c0cb44d9dc78e3069553377ffaffc05e,15620,macedonia,SP,11.049618055555555,18.290520833333332,0,119.85
c530daceee851aa18846a89c050d4dfe,60ab2ed589060f33a8c6e6ac86e29135,delivered,2017-07-02 17:02:59,2017-07-04 03:50:27,2017-07-04 15:43:43,2017-07-05 17:33:24,2017-07-14,46.9,9.34,1,1,56.24,1,1,5.0,1.0,99661150954dd757d75c84a6ecb834b2,2253,sao paulo,SP,3.021122685185185,11.289594907407407,0,56.239999999999995
17977c94608050b43e782e6f72874c0e,bd6af8db74728123d4a31f8b95e226b2,delivered,2017-07-02 17:06:28,2017-07-02 17:15:14,2017-07-04 15:17:51,2017-07-20 18:07:00,2017-08-10,329.2,18.06,1,1,347.26,10,1,1.0,1.0,613c6adfae45a73e79862b78cea4fd73,13064,campinas,SP,18.042037037037037,38.28717592592593,0,347.26
faf6d4b65126b7e12030723b3c8373bb,6718956c40e3a0334742b91dfc8e7ee0,delivered,2017-07-02 17:09:41,2017-07-03 20:25:17,2017-07-05 15:22:50,2017-07-22 16:53:31,2017-08-02,21.99,21.15,1,1,43.14,3,1,2.0,1.0,fc28b581e87c66f682395992aaab220d,40800,salvador,BA,19.988773148148148,30.28494212962963,0,43.14
3f81bec0a9a43000562b9aea4ba6c2af,e67d928d8998f6f0244b1ad049f6704c,delivered,2017-07-02 17:11:23,2017-07-02 17:25:19,2017-07-03 16:17:55,2017-07-24 18:06:42,2017-07-27,29.4,16.11,1,1,45.51,2,1,5.0,1.0,a7d2699048aaecdda67bc7ef7266acba,29680,joao neiva,ES,22.038414351851852,24.283761574074074,0,45.51
93e01af1a5d9d9d64c5668ec037ed020,056da52b4e48dfc71f202b78016c2ffa,delivered,2017-07-02 17:18:39,2017-07-02 17:30:10,2017-07-06 13:29:00,2017-07-14 18:47:45,2017-07-21,39.99,13.37,1,1,53.36,5,1,5.0,1.0,dbd77eeacbb93cd97caddff078f3b381,12712,cruzeiro,SP,12.061875,18.278715277777778,0,53.36
d002eb4aca4f571c8be423868a738f93,600e4e92337a1567445b80030189ac49,delivered,2017-07-02 17:54:47,2017-07-02 18:05:23,2017-07-04 13:37:50,2017-07-19 16:15:22,2017-07-25,84.5,16.35,1,1,100.85,2,1,4.0,1.0,02848edda6ee321f306660a8399d8cc9,24901,marica,RJ,16.930960648148147,22.253622685185185,0,100.85
46502a9584712989d3872f32e0e2176c,dbab122afe1a7ac161c29bc789f595d1,delivered,2017-07-02 17:56:35,2017-07-02 18:05:25,2017-07-03 14:57:55,2017-07-18 13:32:53,2017-07-27,19.99,15.1,1,1,35.09,1,1,5.0,1.0,a2d342f34a61db2ee336a2db0d246f97,98300,palmeira das missoes,RS,15.816875,24.252372685185186,0,35.089999999999996
0791c9a8e89bfcc422ab718dd43f2dca,d3957fb48561ebaa908d640c7452f8dc,delivered,2017-07-02 18:08:33,2017-07-04 03:43:26,2017-07-04 13:43:46,2017-07-11 19:03:39,2017-07-25,34.99,15.1,1,1,50.09,1,1,5.0,1.0,82a942ca919e963244fbf83c6ae50ab7,27520,resende,RJ,9.038263888888888,22.2440625,0,50.09
d0db1abdd06cc1539b6dad30898d02bb,feb43583b2de6fc8ae4574e60424e8e7,delivered,2017-07-02 18:28:14,2017-07-04 03:50:21,2017-07-05 13:56:06,2017-07-06 12:04:54,2017-07-14,49.0,9.94,1,1,58.94,1,1,2.0,1.0,48ad9c7c978ad8234f7e44467330dac1,2125,sao paulo,SP,3.7337962962962963,11.230393518518518,0,58.94
315263a000cbcf3e4fce4e3c8dfd7603,c7a91fd3c699d8d8c9bbb90b1b5cf235,delivered,2017-07-02 18:35:58,2017-07-02 18:45:12,2017-07-06 06:39:49,2017-07-19 18:15:33,2017-07-25,12.9,15.1,1,1,28.0,1,1,4.0,1.0,dbf00885a0a898c987a72be957c6435c,30170,belo horizonte,MG,16.98582175925926,22.225023148148146,0,28.0
dfcf78d03c529afb0f155890a276536d,acefe4b95b6fb69d2ab2ff6f84c31a49,delivered,2017-07-02 18:47:09,2017-07-02 19:03:46,2017-07-07 15:39:50,2017-07-12 18:19:48,2017-07-14,20.9,8.27,1,1,29.17,1,1,2.0,1.0,26d9bf40b97ab092db36128329a0e9da,6730,vargem grande paulista,SP,9.981006944444445,11.217256944444445,0,29.169999999999998
47c3ce4efeeff5eae692f5d31ef009e3,cfc5c8672fd109e453982d27a4678e62,delivered,2017-07-02 19:07:13,2017-07-04 04:05:23,2017-07-05 14:09:42,2017-07-14 16:37:57,2017-08-03,205.0,28.81,1,1,233.81,1,1,5.0,1.0,0ffc908947e1f0c9f17647058b9a58c2,78525,matupa,MT,11.896342592592593,31.20332175925926,0,233.81
c235e3fbe42d171c9177e6664107170d,7bb4c430369ff8912aa785b2c4bfb20f,delivered,2017-07-02 19:13:26,2017-07-02 19:25:13,2017-07-07 12:59:46,2017-07-10 15:26:40,2017-07-17,12.5,7.78,1,1,21.94,2,1,4.0,1.0,4eda428a9ac244556096982b960224a2,4553,sao paulo,SP,7.842523148148148,14.199004629629629,0,20.28
ef3b6bd27aca9b9f50e6ad8be5a2b8e5,77cf87bfd4a1599fd60dbef096717dfd,delivered,2017-07-02 19:19:18,2017-07-04 03:43:35,2017-07-04 14:45:28,2017-07-14 16:32:07,2017-07-27,99.99,16.95,1,1,116.94,1,1,5.0,1.0,9b247ece9e7d0705b06ba9d213ff8d15,92120,canoas,RS,11.883900462962963,24.194930555555555,0,116.94
ffefb169ddf34cecc0622a6d3cc387f8,b607e077c8906af72c47a8554a26bc05,delivered,2017-07-02 19:22:03,2017-07-02 19:35:09,2017-07-03 15:21:43,2017-07-19 16:36:31,2017-07-14,129.99,12.11,1,1,142.1,3,1,1.0,1.0,d11fd20c68a7d716b6e2df9bccda5b8e,4880,sao paulo,SP,16.885046296296295,11.193020833333334,1,142.10000000000002
b40456ac26df93f73f7cac7e9d87de5a,fefad1fb324e283d8cd4dabc78c26e3b,delivered,2017-07-02 19:26:25,2017-07-02 19:35:11,2017-07-06 11:52:43,2017-07-14 19:07:30,2017-08-01,59.99,25.26,1,1,85.25,3,1,4.0,1.0,3ea6ffd000303e1e46f81b7ede6f08de,35669,papagaios,MG,11.986863425925925,29.189988425925925,0,85.25
cbfe43d4a7e8df6def7f9247e1c6120e,a5025dca34865983e2a8276422abde37,delivered,2017-07-02 19:33:39,2017-07-04 04:25:19,2017-07-06 13:44:24,2017-07-10 18:16:46,2017-07-21,28.0,26.74,2,1,54.74,1,1,5.0,1.0,b74a1e6e34107310b420e0ad78dd3b9e,18185,pilar do sul,SP,7.946608796296296,18.184965277777778,0,54.739999999999995
32931b358e8eb9042cf278a4e233321f,a791256150a6975326b329cad239f6f7,delivered,2017-07-02 19:37:07,2017-07-04 04:45:13,2017-07-04 16:08:52,2017-07-14 14:57:56,2017-07-25,488.99,23.91,1,1,512.9,1,1,5.0,1.0,edec9dc5759b4c2c62832162127ee800,13190,monte mor,SP,11.806122685185185,22.18255787037037,0,512.9
f518949d44e76c5b33a8d2019191acae,da69c47603f71c5571d7499a72adbe1a,delivered,2017-07-02 19:39:13,2017-07-02 19:50:17,2017-07-03 13:19:31,2017-07-10 19:32:22,2017-07-25,194.0,15.11,1,1,209.11,10,1,5.0,1.0,3ea4185126195c34ed9949d8e406d570,30140,belo horizonte,MG,7.995243055555555,22.18109953703704,0,209.11
e7d942c97ee9fd9ff765a96b3f34c48a,444a1621608ff176511eeb4776a7fb9d,delivered,2017-07-02 19:40:54,2017-07-04 04:45:11,2017-07-05 15:16:31,2017-07-18 12:18:18,2017-07-21,229.0,13.94,1,1,242.94,1,1,5.0,1.0,b6d6c02bf6afe006154a38cbd78e4d6a,13525,aguas de sao pedro,SP,15.692638888888888,18.179930555555554,0,242.94
f26d3cc4231c7230b8603f2beede9ea9,4449f5b696c59a721893ab94915b6b3d,delivered,2017-07-02 19:43:24,2017-07-02 19:55:12,2017-07-04 15:17:47,2017-07-05 17:39:46,2017-07-25,293.0,27.91,2,1,320.91,10,1,5.0,1.0,f7dc693a9ec030c4dd95391055c0e549,36883,muriae,MG,2.9141435185185185,22.178194444444443,0,320.91
a2429c5b2d967e5f28f4bbf162d72548,517da850aa8004540b1a95367cf26cc1,delivered,2017-07-02 19:47:29,2017-07-02 20:03:54,2017-07-03 17:05:01,2017-07-11 19:04:48,2017-08-02,82.99,17.83,1,1,100.82,4,1,5.0,1.0,173a974c5e28457a3c82a122a321560d,76170,anicuns,GO,8.970358796296296,30.175358796296297,0,100.82
75ceee59b8189aba5543675b806600ae,e92cf12c7abcfda93511da666ac2240f,delivered,2017-07-02 19:49:55,2017-07-02 20:03:56,2017-07-04 16:03:58,2017-07-05 14:03:22,2017-07-14,49.9,7.78,1,1,57.68,1,1,5.0,1.0,10b8a0a33f30c3be7456b5168ff4c8f4,5438,sao paulo,SP,2.7593402777777776,11.173668981481482,0,57.68
6922a9ced1ae0dcc65cf9b784c8b7251,3d2e39c72cf25e7fa6d6eebbdaad2a20,delivered,2017-07-02 20:02:21,2017-07-02 20:10:21,2017-07-03 15:43:11,2017-07-10 21:14:00,2017-07-25,66.9,17.72,1,1,84.62,4,1,5.0,1.0,05f69b5b3c4f3fff27e0fecfabfd1418,31250,belo horizonte,MG,8.049756944444445,22.165034722222224,0,84.62
51bd57353e3e9dc73134394fac6f3ba5,d02028ce4af456706b1ea6038e902a3e,delivered,2017-07-02 20:11:48,2017-07-02 20:25:14,2017-07-04 15:34:45,2017-07-11 13:32:33,2017-07-26,99.0,12.19,1,1,111.19,10,1,5.0,1.0,ea3816cbec936b1cd57a31f3b0bc4e9c,19815,assis,SP,8.722743055555556,23.158472222222223,0,111.19
d0004524a4d6c8fbf404f73e72e72c53,428c9b0270df86e9cf60837fd129aa55,delivered,2017-07-02 20:32:01,2017-07-04 04:10:08,2017-07-04 14:45:26,2017-07-11 19:32:56,2017-07-25,69.99,17.74,1,1,87.73,1,1,5.0,1.0,e57eb0d2ebc257996397e5ca8bec6572,83221,paranagua,PR,8.958969907407408,22.14443287037037,0,87.72999999999999
f6d067206524168938aa5ef598260e4c,f70db3370240ee4cf3dc237b7527a1bd,delivered,2017-07-02 20:42:50,2017-07-02 20:55:15,2017-07-04 13:07:36,2017-07-05 15:06:48,2017-07-18,205.0,15.04,1,1,220.04,6,1,5.0,1.0,426d44d7c495e41dda1d9147a84128bb,13142,paulinia,SP,2.7666435185185185,15.136921296296297,0,220.04
142b0e3de54c110a3109b26c79d6ec2e,91c72356a1fc125b59e0da51ec66bd74,delivered,2017-07-02 20:47:23,2017-07-02 21:03:54,2017-07-05 09:51:43,2017-07-11 17:44:52,2017-08-01,56.99,15.15,1,1,72.14,4,1,5.0,2.0,ba77e9b6506636dcbd03e463d4786f24,95059,caxias do sul,RS,8.873252314814815,29.133761574074075,0,72.14
7e3e92dc3eaf5389f32da97228f7dd0e,62d50e9a714ac024c196d9548594e2aa,delivered,2017-07-02 20:47:24,2017-07-02 21:03:55,2017-07-03 11:42:08,2017-07-11 20:22:31,2017-07-25,79.9,15.31,1,1,95.21,4,1,5.0,1.0,ba77e9b6506636dcbd03e463d4786f24,95059,caxias do sul,RS,8.982719907407407,22.13375,0,95.21000000000001
c6c503c80e66a33d6e643178cd943e7b,7e153c1fcfdae18b86e15bead9915409,delivered,2017-07-02 20:48:48,2017-07-02 21:03:55,2017-07-05 10:07:32,2017-07-14 20:27:50,2017-07-28,54.99,16.63,1,1,71.62,3,1,2.0,1.0,99c3cd03f2cb4e199ec4df6691116ddd,96740,arroio dos ratos,RS,11.985439814814814,25.13277777777778,0,71.62
383aa8b2724fe452d9ccd9934a8c628b,b1cb2f9d7a19480f3749e248db14d58f,delivered,2017-07-02 20:58:43,2017-07-02 21:10:20,2017-07-07 17:22:41,2017-07-06 14:27:51,2017-07-21,83.8,27.439999999999998,2,2,111.24,7,1,1.0,1.0,6ffbd33f8e881a046e7bdd228ce90c8a,33600,pedro leopoldo,MG,3.7285648148148147,18.125891203703702,0,111.24
4069c489933782af79afcd3a0e4d693c,5d6ddc4e70e7d06e3b32e2ebd658de6c,delivered,2017-07-02 21:10:38,2017-07-02 21:25:15,2017-07-03 15:21:42,2017-07-13 19:19:52,2017-07-27,129.99,17.16,1,1,147.15,1,2,4.0,1.0,b0f3a98136fb0e22d808f855bd430970,92020,canoas,RS,10.923078703703704,24.117615740740742,0,147.15
d4fdb2be174c84a6409a3968c55b01c5,b32785cb1a97807fc184b314bb7d4a7f,delivered,2017-07-02 21:13:38,2017-07-03 21:24:04,2017-07-06 08:56:34,2017-07-26 20:22:26,2017-07-27,22.0,17.92,1,1,39.92,1,1,3.0,1.0,e4df6c94b1aecab0c540de1ed351bcdd,25550,sao joao de meriti,RJ,23.964444444444446,24.115532407407407,0,39.92
b9c7e6ae0060bbf1898ea61f765ca121,fc7dbe1ba57ec488749cf677f3530fa6,delivered,2017-07-02 21:18:48,2017-07-02 21:30:16,2017-07-04 16:12:10,2017-07-07 19:17:49,2017-07-21,69.9,16.12,1,1,86.02,2,1,5.0,1.0,c61434bd5dfc10c2881bb5ecb8602d6f,19045,presidente prudente,SP,4.915983796296296,18.111944444444443,0,86.02000000000001
bf49f84a0580ef6751e13357776b7ed9,e7f41abe62db82cffe5c8f6138f18fb2,delivered,2017-07-02 21:25:56,2017-07-02 21:35:18,2017-07-04 15:35:12,2017-07-11 16:47:17,2017-07-28,39.0,15.1,1,1,61.14,6,1,5.0,1.0,5a06bd3849da761b21e0bd78eeda8688,83880,rio negro,PR,8.806493055555556,25.10699074074074,0,54.1
a2e13e9b62a2a53c4f78d2af3707155e,b80a48a21fb2c1e74bc47b6b370610c0,delivered,2017-07-02 21:45:49,2017-07-04 04:55:12,2017-07-05 13:27:52,2017-07-13 20:57:35,2017-07-31,205.0,22.27,1,1,227.27,1,1,5.0,1.0,ea9fba55be5a00eae844f8490ab8ca62,29122,vila velha,ES,10.966504629629629,28.09318287037037,0,227.27
1f40ace91ba066aaaeb2a36066eb5391,a6cda32c8633809ee6f66fd93821005c,delivered,2017-07-02 21:49:22,2017-07-04 03:43:37,2017-07-04 16:03:56,2017-07-05 14:42:42,2017-07-14,34.9,7.78,1,1,42.68,1,1,5.0,1.0,b85b31b04e9ec8578957871efeab5cad,9780,sao bernardo do campo,SP,2.7037037037037037,11.090717592592593,0,42.68
a94ef235b449b3aecceeb9b582658216,6bba511e5eff14df06ee63e3fd5d0ffe,delivered,2017-07-02 21:58:57,2017-07-02 22:10:16,2017-07-13 17:28:20,2017-07-20 19:07:02,2017-08-01,990.0,100.68,1,1,1090.68,10,1,4.0,1.0,1d42fa98222a04f976b518089b300274,18201,itapetininga,SP,17.880613425925926,29.0840625,0,1090.68
b57b0acd76c7d8a845ed77134b2a1af8,6fd8a1472896267974157c103099c475,delivered,2017-07-02 22:00:42,2017-07-02 22:10:15,2017-07-04 09:21:31,2017-07-14 19:26:16,2017-07-27,36.9,16.11,1,1,53.01,1,1,5.0,1.0,7e72d16376d45fad2609a12cda155671,29190,aracruz,ES,11.89275462962963,24.082847222222224,0,53.01
dc87bbf90ab840098d1b349a5a8e6fb9,ab4e2e353563b0bca4685a2253d176f9,delivered,2017-07-02 22:29:00,2017-07-02 22:44:00,2017-07-05 12:32:40,2017-07-10 22:36:50,2017-07-25,197.8,30.9,2,1,228.7,1,1,5.0,1.0,7f9ba6b3dd5036a5b0066184f92cf19c,30180,belo horizonte,MG,8.005439814814816,22.063194444444445,0,228.70000000000002
b34e0fe701f0a4fd62a44b88b142ab67,72b4434c1b3bfa28203ef23a7b4aae78,delivered,2017-07-02 22:40:18,2017-07-04 03:55:16,2017-07-05 12:39:37,2017-07-12 19:06:59,2017-07-25,56.99,16.16,1,1,73.15,1,1,5.0,1.0,70a4250cbbffa9b3e3542eb6c84430d2,11665,caraguatatuba,SP,9.851863425925925,22.055347222222224,0,73.15
e9822c89d083afa24f5613792a5851c2,40931ef38287ec225f166b6372fa1d11,delivered,2017-07-02 22:42:39,2017-07-02 22:55:10,2017-07-03 15:21:42,2017-07-14 18:49:41,2017-07-25,199.99,18.65,1,1,218.64,4,1,5.0,1.0,70cb984d5edf4482c76b36392da9956c,28970,araruama,RJ,11.838217592592592,22.053715277777776,0,218.64000000000001
bc46c2cc4bdb50a72e172392fd97672b,49f6c48a95ac4eecf06c6a01b586e14e,delivered,2017-07-02 22:56:09,2017-07-02 23:05:11,2017-07-03 15:39:29,2017-07-18 20:57:44,2017-07-25,149.9,21.54,1,1,171.44,8,1,4.0,1.0,c37cc6c1a59d81460a3059744f7ada1c,88535,correia pinto,SC,15.917766203703703,22.044340277777778,0,171.44
b20a448c655e1a13099ec0a1fdfc01ca,0b1386cbf11b90777319aabff481f5ab,delivered,2017-07-02 23:15:06,2017-07-02 23:25:11,2017-07-03 14:32:36,2017-07-06 14:20:02,2017-07-25,34.9,14.1,1,1,49.0,4,1,5.0,1.0,5f2ec485da1fb5b4bce0fbf413845a90,83331,pinhais,PR,3.6284259259259257,22.031180555555554,0,49.0
5d32f74219b2e35ba14aba07eb94c981,e4f1d766f1f9a7c3e4c5b6c0ea3c7ad3,delivered,2017-07-02 23:23:50,2017-07-03 00:00:18,2017-07-03 14:56:55,2017-08-17 18:12:45,2017-07-25,36.9,16.11,1,1,53.01,2,1,1.0,1.0,919290ec46d008d45da1a77939c88cb3,35685,itatiaiucu,MG,45.78396990740741,22.02511574074074,1,53.01
0691811195a83594b0377267a8050e6f,abd0bfdbe2c7a12636b1c25a87cf38c9,delivered,2017-07-02 23:50:22,2017-07-04 04:44:36,2017-07-06 12:40:48,2017-07-07 18:39:48,2017-07-14,89.99,15.38,1,1,105.37,1,1,5.0,1.0,ec4adb0efc1557b0261e383a576bff21,1224,sao paulo,SP,4.784328703703704,11.006689814814814,0,105.36999999999999
d36515bd9fb81a3374b1979478926fbc,467b3f1f1d2b25c420d74f0e69b09883,delivered,2017-07-03 00:07:54,2017-07-03 00:15:24,2017-07-04 12:54:44,2017-07-13 19:57:52,2017-07-31,205.0,26.27,1,1,231.27,10,1,5.0,1.0,8335867dab25b0b9e2ba0f5e6299c870,99835,aurea,RS,10.82636574074074,27.99451388888889,0,231.27
080a96bd106fabe8c9a74df5cb5d8d26,abf6671124e009ac0b59ca2a8a3ecf3a,delivered,2017-07-03 00:09:17,2017-07-04 04:25:21,2017-07-05 13:16:46,2017-07-11 17:47:41,2017-07-21,149.0,14.06,1,1,163.06,1,1,5.0,1.0,e43c9920240823d6c97bedc723c25281,5408,sao paulo,SP,8.735,17.99355324074074,0,163.06
65ef477f43ef52f4234fc5fff8df97e4,b1c6db035dfac86244c0f0b8d18556ea,delivered,2017-07-03 01:12:53,2017-07-03 01:25:09,2017-07-03 13:15:09,2017-07-11 14:37:54,2017-07-14,21.0,7.78,1,1,28.78,2,1,4.0,1.0,7441ce776af8da3b9df3d3f3c1e13ab1,2866,sao paulo,SP,8.559039351851851,10.949386574074074,0,28.78
1721eb90ee8c1fb7d6c2f81e8acd2a22,544c28b6508aec0819b39515c115ecc8,delivered,2017-07-03 08:56:17,2017-07-04 09:05:12,2017-07-06 12:12:35,2017-07-10 22:46:49,2017-07-24,113.99,16.43,1,1,130.42,4,1,5.0,1.0,bd0c5444804d8d40d939152e41ca9f8f,2440,sao paulo,SP,7.576759259259259,20.62758101851852,0,130.42
75808f860a87d99fd802237327cbef81,111dd94da5edace3037f01e3c06d81b2,delivered,2017-07-03 09:14:20,2017-07-03 09:25:13,2017-07-04 13:57:28,2017-07-11 20:32:43,2017-07-26,179.97,38.28,3,1,218.25,10,1,5.0,1.0,969e62a47aec03c735127e6f11ad6564,13087,campinas,SP,8.471099537037038,22.615046296296295,0,218.25
be33f61fd2cab2493c81b0810b31da89,f9e408f34638e8fcbec8a3327142a164,delivered,2017-07-03 09:17:52,2017-07-03 09:30:16,2017-07-07 17:03:32,2017-07-17 18:47:07,2017-07-24,115.0,13.83,1,1,128.83,6,1,5.0,1.0,510000d1f73f28ac187c8038a328cc84,13175,sumare,SP,14.3953125,20.61259259259259,0,128.83
e98ccd0d8ad323ec4feea57417d08a99,9002e12e0f64d56ee2ad88c8f4949205,delivered,2017-07-03 09:19:16,2017-07-03 09:30:19,2017-07-04 13:39:18,2017-07-14 21:18:43,2017-08-04,59.9,34.22,1,1,94.12,1,1,5.0,1.0,d5fcc930cdd39ae8b724014560a4c62c,75390,trindade,GO,11.499618055555555,31.61162037037037,0,94.12
4d51efabbf910d08f6cd53443acfb25e,ea06f6931052973ef67b7fec1ceae73d,delivered,2017-07-03 09:20:46,2017-07-04 04:45:22,2017-07-04 13:58:40,2017-07-13 19:43:31,2017-08-02,36.9,15.1,1,1,52.0,1,1,5.0,1.0,d7b8efcb66895ccfb0d9b1c94e527dc2,91570,porto alegre,RS,10.432465277777778,29.610578703703705,0,52.0
c5bbc2e1ea510338b16c37d3bd7437cc,726d374afce579bca5195f4d84dcc741,delivered,2017-07-03 09:21:12,2017-07-03 09:30:17,2017-07-10 13:57:24,2017-07-11 20:15:23,2017-07-14,155.4,23.5,2,1,178.9,10,1,5.0,1.0,d5e1d8cda9a7b12022c478befe7827b4,4444,sao paulo,SP,8.45429398148148,10.610277777777778,0,178.9
a916a97323dee3f33707e4a752c22c9e,d106e0cf032240aa997b079d58974bfd,delivered,2017-07-03 09:25:59,2017-07-03 09:35:21,2017-07-03 16:29:58,2017-07-04 14:35:52,2017-07-14,29.49,9.27,1,1,38.76,3,1,3.0,1.0,475cab480951109dec3ad6f770167fa5,6236,osasco,SP,1.2151967592592592,10.606956018518519,0,38.76
2d26f440845a3b31ac584864e2d1a82e,9e67b6474f7e8370b6340375aefe9692,delivered,2017-07-03 09:28:22,2017-07-05 02:55:20,2017-07-05 16:19:39,2017-07-10 18:43:43,2017-07-25,54.9,14.13,1,1,69.03,1,1,4.0,1.0,8c2cf5d0097a91733aef2b1e98a1983f,4848,sao paulo,SP,7.385659722222222,21.605300925925928,0,69.03
1bf3cf4f3a842f629a7a52e336d96263,e377292245ecb36b1a471babbdda76de,delivered,2017-07-03 09:46:24,2017-07-03 09:55:16,2017-07-03 11:32:15,2017-07-11 16:36:47,2017-08-04,139.99,27.52,1,1,167.51,4,2,5.0,1.0,a980849fd0c3fdee84e1e323e8ce9a62,55016,caruaru,PE,8.284988425925926,31.592777777777776,0,167.51000000000002
595f5439ed1b17a564eaa4eea9312db4,39c1a7d9f3e2bd45e1b0ca9ce33cfb8e,delivered,2017-07-03 09:50:34,2017-07-03 10:03:49,2017-07-07 18:21:22,2017-07-17 12:27:55,2017-07-31,67.6,30.2,2,1,97.8,2,1,5.0,1.0,762ff62ceef51fc7ba67f6f37b7b1886,2471,sao paulo,SP,14.109270833333333,27.58988425925926,0,97.8
605c8d6c4fd713a7d4315efb447367ef,c8c2748acf09a4d9bde389cc2d54fa05,delivered,2017-07-03 10:25:36,2017-07-03 10:35:16,2017-07-03 16:40:52,2017-07-05 17:27:19,2017-07-18,67.0,9.27,1,1,76.27,7,1,3.0,1.0,b9db619720babf0974d65bc0f720c1fe,12031,taubate,SP,2.2928587962962963,14.565555555555555,0,76.27
bb0d79335145208b9dc833ad7edb99fd,898b7b4688e2cbeb852cc0f920a5e7d9,delivered,2017-07-03 10:26:22,2017-07-04 03:45:29,2017-07-04 14:45:26,2017-07-10 19:11:49,2017-07-25,129.99,17.16,1,1,147.15,1,1,5.0,1.0,f6a60bb10ed8a46ea1d002545eb6813d,26080,nova iguacu,RJ,7.364895833333334,21.56502314814815,0,147.15
d64ee3fd40afdbc9f1d4af84423995ed,1c930273d3c7cc56c31745ff0b835f24,delivered,2017-07-03 10:34:32,2017-07-03 10:50:15,2017-07-06 13:32:15,2017-07-14 15:55:03,2017-07-25,31.9,14.1,1,1,46.0,1,1,5.0,1.0,c499caa67e24a06d30bb9e32971f7b18,24900,marica,RJ,11.222581018518518,21.55935185185185,0,46.0
0b41129fd5aa1fc7c44db1eaee43862f,3b39dd485342227fd54dc310a7af6f81,delivered,2017-07-03 10:56:34,2017-07-03 11:05:14,2017-07-03 15:37:51,2017-07-06 14:12:37,2017-07-21,359.99,14.86,1,1,374.85,10,1,5.0,1.0,9225e300949648e8b223cf4ba9732f9b,15850,urupes,SP,3.1361458333333334,17.544050925925927,0,374.85
056c24c33a180450cff18b5a17404725,a295e08ab5581bb236c059295c4e202d,delivered,2017-07-03 11:04:53,2017-07-03 11:23:40,2017-07-05 16:42:17,2017-07-17 17:22:40,2017-07-25,59.9,17.67,1,1,77.57,1,1,3.0,1.0,1cddffc632aa19a1db7d5fb0ad187b16,93548,novo hamburgo,RS,14.262349537037037,21.538275462962964,0,77.57
e0e47d80d9dc5f2b0ca6ce6427733c35,d6674bee6e13d7654aea0261d0054fb2,delivered,2017-07-03 11:07:28,2017-07-05 02:55:27,2017-07-06 13:06:50,2017-07-07 15:05:52,2017-07-14,89.9,36.25,1,1,126.15,1,1,5.0,1.0,6ea4ac2e1819008bf42851bd9fb9ea09,13301,itu,SP,4.165555555555556,10.53648148148148,0,126.15
bacd96c90a381b246902e1882c0fb7d1,bbd8ca56992dfe0124e5903375484596,delivered,2017-07-03 11:08:06,2017-07-03 11:23:41,2017-07-03 16:40:50,2017-07-10 17:50:12,2017-07-28,75.0,15.28,1,1,90.28,4,1,5.0,1.0,6f94f5b19a079abba527751a6185e11f,25041,duque de caxias,RJ,7.2792361111111115,24.536041666666666,0,90.28
d29ae0621668d3103fb590b63560b9e0,5a6b469e735b05a0c8fb23c6ba5165eb,delivered,2017-07-03 11:16:13,2017-07-04 11:24:07,2017-07-04 16:08:52,2017-07-14 11:59:19,2017-07-31,488.99,35.87,1,1,524.86,10,1,5.0,1.0,54a3838f7ba82dbf20d95017b1333b75,35485,rio manso,MG,11.029930555555556,27.53040509259259,0,524.86
97eb626e84ddfbb1d30de510d7dbac1f,12a86fa0709b967481e33bece3bb35bf,delivered,2017-07-03 11:20:08,2017-07-04 04:15:21,2017-07-06 13:41:59,2017-07-12 19:32:55,2017-07-25,15.9,14.1,1,1,30.0,1,1,5.0,1.0,86446c5a93701459fb17513ffd53dda4,21870,rio de janeiro,RJ,9.342210648148148,21.527685185185184,0,30.0
b05bd539cf70694e3270a23f22156f3a,1fd86c615df86be8983b0ed134d3d23d,delivered,2017-07-03 11:52:27,2017-07-04 11:55:19,2017-07-07 19:12:56,2017-07-20 14:51:59,2017-07-21,89.9,12.13,1,1,102.03,8,1,1.0,1.0,d025b382cfce1fc292cb79e35a66bb5c,4929,sao paulo,SP,17.124675925925924,17.505243055555557,0,102.03
da4c436373694f136c48e1ead3632f06,f3d8e9935d165e1fab735c49d236a4e7,delivered,2017-07-03 12:00:55,2017-07-03 12:15:09,2017-07-04 16:18:58,2017-07-06 13:12:34,2017-07-14,26.0,9.94,1,1,35.94,1,1,5.0,1.0,638676c5f213da2f4fae7663c8a1f14f,3156,sao paulo,SP,3.0497569444444443,10.499363425925926,0,35.94
46c2e1dc685486650310781268c4c885,74ff02ea2ba0dd5036a04d1459173455,delivered,2017-07-03 12:03:51,2017-07-03 12:10:19,2017-07-03 12:21:35,2017-07-07 14:03:01,2017-07-21,179.0,12.46,1,1,191.46,1,1,5.0,1.0,1f720536a27cc2719dfc952d83b1e2fa,11700,praia grande,SP,4.08275462962963,17.49732638888889,0,191.46
d3c0900d545b18474cff0e9d577c3043,adc855b663abfe7d7956b27bae71a6dd,delivered,2017-07-03 12:22:13,2017-07-04 04:35:32,2017-07-06 07:27:38,2017-07-12 19:09:41,2017-07-31,34.9,16.6,1,1,51.5,1,1,5.0,1.0,f850346e74e0be2d44b325df5d900f56,88015,florianopolis,SC,9.282962962962962,27.48457175925926,0,51.5
ea048e4dd31fbc0e639a1aade37c7f3e,4b3e7362d1817574e08899f1f72db97e,delivered,2017-07-03 12:26:12,2017-07-04 04:24:39,2017-07-04 16:03:18,2017-07-20 17:26:58,2017-08-04,189.5,29.73,1,1,219.23,1,1,5.0,1.0,2cec43a244a9f58f29ddcd0a951dec3a,68552,redencao,PA,17.20886574074074,31.481805555555557,0,219.23
309c31aec3cca9036a92e4e789e79e40,f25868821c2d1ea34b0b3c0d8163d7b5,delivered,2017-07-03 12:50:03,2017-07-03 13:03:47,2017-07-04 16:12:10,2017-07-07 19:29:36,2017-07-25,69.9,20.98,1,1,90.88,1,1,5.0,1.0,3d1618798485936a36de0909d136582b,81920,curitiba,PR,4.277465277777778,21.465243055555554,0,90.88000000000001
bb4b102d5638ad779ed3316a3a537680,34608b6fe316137687ea50346aafff1c,delivered,2017-07-03 13:09:58,2017-07-03 13:23:41,2017-07-06 15:46:58,2017-07-18 20:04:58,2017-07-25,99.9,17.95,1,1,117.85,10,1,5.0,1.0,9590bf3ae28a0847507733e5424c83ce,3192,sao paulo,SP,15.288194444444445,21.451412037037038,0,117.85000000000001
1231cdfeb0162a6f71bf9d6f9a8bf2ae,ac13e47e53abe1fb27ae12aa343f57a3,delivered,2017-07-03 13:19:31,2017-07-03 13:30:24,2017-07-05 09:55:37,2017-07-10 20:09:56,2017-07-26,79.99,14.31,1,1,94.3,5,1,5.0,1.0,e0f658f8fab3dd6ea9441b5293aa26b9,33805,ribeirao das neves,MG,7.285011574074074,22.44478009259259,0,94.3
f7c13c71907b58b590da46643fda3bbc,df60888bb018eac1edeaf5694b830029,delivered,2017-07-03 13:20:54,2017-07-03 13:43:47,2017-07-07 20:17:34,2017-07-22 15:29:32,2017-07-27,89.9,15.38,1,1,105.28,5,1,5.0,1.0,e89bf89e2621b5aeb4c181e69a8c6952,91380,porto alegre,RS,19.089328703703703,23.443819444444443,0,105.28
ab98ae53ea3aa5c0c205452e32cc099b,f959348f343a0d3093d076e19e59d214,delivered,2017-07-03 13:27:52,2017-07-03 13:35:16,2017-07-05 15:49:32,2017-07-21 00:34:00,2017-07-25,329.9,40.15,1,1,370.05,10,1,3.0,1.0,f3e06e60599257ec0a10ef53641c7806,22785,rio de janeiro,RJ,17.462592592592593,21.43898148148148,0,370.04999999999995
fcf819c2f6fb3772c2fe09e127697ba3,52f2e38afd9ee156881683cfe8a89ffc,delivered,2017-07-03 13:58:53,2017-07-03 14:15:17,2017-07-06 09:54:30,2017-07-12 19:07:50,2017-07-25,29.5,16.11,1,1,45.61,2,1,4.0,1.0,8e1c8e08724097b43730e4344f3200db,15070,sao jose do rio preto,SP,9.21454861111111,21.41744212962963,0,45.61
16f5ff14af497212a69fb3b390173e87,6a3174fd44f5c2cd22683bde06f1cdc0,delivered,2017-07-03 14:03:34,2017-07-03 14:15:15,2017-07-04 13:37:29,2017-07-11 17:07:42,2017-07-26,54.0,16.14,1,1,70.14,4,1,5.0,1.0,cf7d5df4ee5ebe39ed41f0c5c1584b1c,22261,rio de janeiro,RJ,8.12787037037037,22.414189814814815,0,70.14
fc12a57ca0e1e2e7dd16b215f473c70a,228c05590301d865a158253d3b5d2350,delivered,2017-07-03 14:09:07,2017-07-04 03:43:32,2017-07-07 18:56:34,2017-07-13 21:51:40,2017-07-21,89.9,12.13,1,1,102.03,1,1,5.0,1.0,ea9b2d2e8dbcab9110a33ce3db88ec0e,9751,sao bernardo do campo,SP,10.321215277777778,17.41033564814815,0,102.03
d228964643ea1bbbf7ef2d4381d2c4fb,d34dcc4103ad615f41797c3b3f9268ac,delivered,2017-07-03 14:37:29,2017-07-03 14:50:22,2017-07-03 15:33:01,2017-07-11 18:05:47,2017-07-21,45.0,12.69,1,1,57.69,1,1,3.0,1.0,8d2f6695591c86f5fde13675fcc0f15e,13060,campinas,SP,8.144652777777777,17.390636574074072,0,57.69
66c3589804f5f5a67eb867cd5717a537,cb3dbfb1083ec9e912a7a1a359f2f30e,delivered,2017-07-03 14:38:38,2017-07-03 14:50:20,2017-07-04 14:22:03,2017-07-10 21:34:53,2017-07-25,100.0,16.46,1,1,116.46,5,1,5.0,1.0,cab65bb0e4a953094c0a29d69bcb53de,4475,sao paulo,SP,7.2890625,21.389837962962964,0,116.46000000000001
96af728f7572efd778b4f382d094b5f3,a6d30c849e11214bfd35f21fc04bcf8f,delivered,2017-07-03 14:49:50,2017-07-03 15:03:49,2017-07-05 09:56:43,2017-07-06 12:03:52,2017-07-14,39.9,8.72,1,1,48.62,1,1,5.0,1.0,ec7d6c44127c866f0b055e37f41801b5,13092,campinas,SP,2.8847453703703705,10.382060185185185,0,48.62
543208567174edffa48d4c3262b0343e,f5d02e908f5fe2c6c7f1207989c1b114,delivered,2017-07-03 14:52:37,2017-07-04 03:43:45,2017-07-05 12:04:09,2017-07-10 18:13:53,2017-07-31,249.9,78.77,1,1,328.67,1,1,5.0,1.0,14b7cfde02a83da4d098a3e8759410fd,22070,rio de janeiro,RJ,7.139768518518519,27.380127314814814,0,328.67
28d3eb0dd357cb5e31b30493e2cf767c,17caf718945fc7f03c536d0a4ca3caff,delivered,2017-07-03 14:57:31,2017-07-03 15:05:14,2017-07-04 12:21:04,2017-07-08 13:41:16,2017-08-01,49.99,15.1,1,1,65.09,3,1,5.0,1.0,53374060b4660f3957071362c9f99ee9,9290,santo andre,SP,4.947048611111111,28.37672453703704,0,65.09
d054a3b4ad29e6dfbf833d1be8ac3779,f387af8fe303eae6417485949704b5ef,delivered,2017-07-03 15:01:01,2017-07-03 15:10:20,2017-07-06 09:24:36,2017-07-27 18:49:32,2017-07-27,164.9,25.99,1,1,190.89,9,1,3.0,1.0,2792a2868cdc9fda3a63fcec91f6c2d9,29065,vitoria,ES,24.158692129629628,23.374293981481483,1,190.89000000000001
adeaede19791cc3d2eb6f340a6249aa7,f718a2c31336e1bd948bf62c2424ff62,delivered,2017-07-03 15:10:37,2017-07-03 15:24:26,2017-07-06 13:06:51,2017-07-12 20:32:29,2017-07-25,117.98,36.42,2,1,154.4,3,1,5.0,1.0,1ae30e98d81bdf991fa25b52b8142308,24120,niteroi,RJ,9.22351851851852,21.367627314814815,0,154.4
a33506544926e8200ef81a92ce3c3280,145eb4f25449e3f86093f09f192db5fa,delivered,2017-07-03 15:10:38,2017-07-03 15:23:59,2017-07-06 13:44:27,2017-07-12 21:08:07,2017-07-26,58.99,15.17,1,1,74.16,3,1,5.0,1.0,1ae30e98d81bdf991fa25b52b8142308,24120,niteroi,RJ,9.248252314814815,22.367615740740742,0,74.16
d40b517fa96d195400e9b446117a13ab,c9ebaae32f477976f9a0f689ee0641fe,delivered,2017-07-03 15:12:19,2017-07-03 15:25:19,2017-07-04 14:51:52,2017-07-10 19:13:43,2017-07-14,227.0,10.4,1,1,237.4,6,1,3.0,1.0,3303c9040b67b8f76410091a8ae21281,13825,holambra,SP,7.167638888888889,10.36644675925926,0,237.4
cc2fbd0261b53beb38cfd06e5a482bdc,fbac5b3de6c71bc5b7a9353350ec342a,delivered,2017-07-03 15:26:17,2017-07-03 15:44:09,2017-07-06 16:25:52,2017-07-10 20:16:05,2017-07-27,369.9,21.83,1,1,391.73,10,1,4.0,1.0,286e342d243c6fc79f143ecdb2e2aa6d,1544,sao paulo,SP,7.20125,23.356747685185184,0,391.72999999999996
54e5702667dea09e5e5c511966be57f2,ddbed7a357c10ca2180079c97f655a98,delivered,2017-07-03 15:38:36,2017-07-05 03:03:57,2017-07-06 10:33:52,2017-07-13 21:09:39,2017-07-27,59.9,19.66,1,1,79.56,1,1,5.0,1.0,c2b9e77b943c23e01dabd2684013eefc,26140,belford roxo,RJ,10.229895833333334,23.348194444444445,0,79.56
938ce9437524223bf05a48b84add7375,8cba10915b6907ea55528a24f72a3099,delivered,2017-07-03 15:46:50,2017-07-03 15:55:13,2017-07-11 18:27:34,2017-07-18 22:49:54,2017-08-08,299.99,22.59,1,1,322.58,8,1,4.0,1.0,36d8796364d2cc08dd3b2c0f43bee733,18705,avare,SP,15.293796296296296,35.34247685185185,0,322.58
080353b05fa842120b49deabe1613a37,02754b1e0a87a51622b4a49cdac7cadf,delivered,2017-07-03 15:48:48,2017-07-03 16:05:22,2017-07-04 15:44:45,2017-07-19 19:54:28,2017-08-04,181.98,35.84,2,1,217.82,10,1,4.0,1.0,d3fc34ba9517a510bc470a95c0207cbc,51190,recife,PE,16.170601851851853,31.34111111111111,0,217.82
de76f809479b8391b6166b1448d83f3f,efe064b5515dd171c84ebd7ec64ddd2c,delivered,2017-07-03 15:56:09,2017-07-03 16:10:07,2017-07-04 13:57:32,2017-07-06 18:33:06,2017-07-24,189.99,12.83,1,1,202.82,10,1,3.0,1.0,1403b49485b8aa0a7880c320ad233fda,2033,sao paulo,SP,3.1089930555555556,20.336006944444446,0,202.82000000000002
e39a42a73eda90d2876d17017239f6d4,cc576e3bd0e5e400279d0437cdfe1ed2,delivered,2017-07-03 16:03:02,2017-07-03 16:15:21,2017-07-06 15:21:55,2017-07-13 19:49:52,2017-07-31,49.9,26.89,1,1,76.79,7,1,5.0,1.0,490a6b693270ec3e9e42ba1bc0509fa1,28500,cantagalo,RJ,10.157523148148147,27.331226851851852,0,76.78999999999999
64950372e63fcd4b20cbbae2b34a487c,86a715bc70e5d0bd5c0e0f7c027f124d,delivered,2017-07-03 16:06:41,2017-07-04 04:45:09,2017-07-04 15:21:47,2017-07-18 17:04:30,2017-08-02,32.9,19.59,1,1,52.49,1,1,1.0,1.0,8d7d3dd45045323731351fabd2a1498d,44245,conceicao do jacuipe,BA,15.040150462962963,29.32869212962963,0,52.489999999999995
05c3b5a011d47cd6cd88d4c5d6c15b90,01f1b8e88d206e16909ed8c49f480e9c,delivered,2017-07-03 16:21:43,2017-07-03 16:30:26,2017-07-04 15:14:37,2017-07-07 14:51:21,2017-07-26,99.0,17.94,1,1,116.94,1,1,5.0,1.0,97b656952c141330986da2cdc4d55b7d,86900,jandaia do sul,PR,3.9372453703703703,22.318252314814814,0,116.94
b29bd22b23303a9d539e7dafa573e282,20a51aff4b6703b2097dd814ab6ec6ca,delivered,2017-07-03 16:27:17,2017-07-03 16:44:44,2017-07-05 15:04:27,2017-07-12 19:44:47,2017-07-27,99.0,17.94,1,1,116.94,5,1,5.0,1.0,c4198aac60ba445fa469495085d7b0c3,99950,tapejara,RS,9.137152777777779,23.314386574074074,0,116.94
1614605e8fe6174a4352c23452985f64,ff1ef36bb2d8abe17fcecd0ae6476e77,delivered,2017-07-03 16:32:59,2017-07-03 16:45:13,2017-07-06 16:33:15,2017-07-11 19:13:59,2017-07-27,79.0,18.79,1,1,97.79,4,1,5.0,1.0,c857b28ff71a8f026990245b52cdb6a2,23028,rio de janeiro,RJ,8.111805555555556,23.31042824074074,0,97.78999999999999
8d1c5a867cd01e45e5fc57dddd896f00,f68c9552d4a213e753972820790aa3fd,delivered,2017-07-03 16:36:30,2017-07-04 16:43:56,2017-07-07 20:29:29,2017-07-26 20:07:47,2017-08-09,46.06,33.58,2,1,79.64,1,1,2.0,1.0,91a7d936d79504638afeba42ccfb4449,89300,mafra,SC,23.146724537037038,36.30798611111111,0,79.64
d396adb7e51ca1bcb4a84cb786fee813,33a366be73843c5da3d68f3d3427afd6,delivered,2017-07-03 16:42:42,2017-07-05 06:44:25,2017-07-12 20:47:52,2017-08-01 21:10:36,2017-08-04,699.9,22.15,1,1,722.05,1,1,5.0,1.0,f00dcc95289fc9d9a4938889748b94fe,97095,santa maria,RS,29.186041666666668,31.303680555555555,0,722.05
0cae0419c5938004fa8b8dba302552d1,7721bac08ba3e3a777291cd38463d39c,delivered,2017-07-03 16:43:26,2017-07-05 02:45:10,2017-07-06 15:29:51,2017-07-21 19:49:35,2017-08-04,39.9,21.15,1,1,61.05,1,1,5.0,1.0,3a1b96376a45fa28e4f746ebae3a8f52,65085,sao luis,MA,18.129270833333333,31.303171296296295,0,61.05
de6ecf000012d5db3960671b364f9c33,d1d142ee7d202450c0699834ea26a031,delivered,2017-07-03 16:50:27,2017-07-04 08:23:57,2017-07-06 17:13:00,2017-07-21 17:21:31,2017-08-02,49.9,16.79,1,1,66.69,3,1,5.0,1.0,bdb62e5c5b9046614717e3aa6194c686,78645,vila rica,MT,18.021574074074074,29.29829861111111,0,66.69
6e7c58476aeeb4f0a2313cdd43477570,e7ebbd0d2040c613833b41293f81ca8f,delivered,2017-07-03 17:01:13,2017-07-03 17:15:15,2017-07-20 20:55:54,2017-07-25 19:07:51,2017-07-28,79.9,17.04,1,1,96.94,5,1,5.0,1.0,d1cef5e76eb0afdb1bf1868fa9bf227f,30315,belo horizonte,MG,22.087939814814813,24.29082175925926,0,96.94
f2a4a108d09aa4b93643e9702d32d6de,6cf33794e360f70f5111034310a62eec,delivered,2017-07-03 17:01:15,2017-07-05 02:50:28,2017-07-06 10:33:52,2017-07-17 19:13:14,2017-07-25,29.5,16.11,1,1,45.61,1,1,3.0,1.0,13067b107e99d6f81d2b3b82204948aa,13213,jundiai,SP,14.091655092592593,21.29079861111111,0,45.61
57d7dd14ff04ad97e8fd20fbd41a358a,db33db9b5cea9aade217feb53422fc97,delivered,2017-07-03 17:29:47,2017-07-03 17:45:10,2017-07-04 11:29:48,2017-07-06 11:27:47,2017-07-14,239.9,9.26,1,1,249.16,1,1,5.0,1.0,c0578dad64a2b596bd1983c3e20d0ae9,71917,brasilia,DF,2.748611111111111,10.270983796296296,0,249.16
45cd1a6af2fc3bbb9c5869ace4eef304,53a19e234992bd5782f8ca4f79022f5d,delivered,2017-07-03 17:41:49,2017-07-03 17:55:20,2017-07-06 13:52:44,2017-07-11 20:14:54,2017-07-27,41.5,16.11,1,1,57.61,2,1,5.0,1.0,1183faec4a1187af53c9bba0bc8098bc,96810,santa cruz do sul,RS,8.10630787037037,23.262627314814814,0,57.61
2baa3f7b53010552fadf54405bc0f0b1,2ecbf75689a0fe7bcaefdcda5ca1cbf0,delivered,2017-07-03 17:45:48,2017-07-03 17:55:17,2017-07-05 14:33:24,2017-07-21 16:10:38,2017-07-31,125.9,29.92,1,1,155.82,3,1,4.0,1.0,2dfbdb080da536f85675b1563716cc22,89500,cacador,SC,17.933912037037036,27.25986111111111,0,155.82
5a4761b64c03fa0c4663d7ebba05bc33,022de985df50a701851d137f5baea251,delivered,2017-07-03 18:04:57,2017-07-03 18:15:10,2017-07-05 15:03:35,2017-07-21 15:33:58,2017-08-10,24.9,15.1,1,1,40.0,1,1,5.0,1.0,30f73ad216db6d159099e1022c2981bb,29118,vila velha,ES,17.895150462962963,37.2465625,0,40.0
2e506fd7d44cb2a909964a9328d86e01,5a4c31ea170bddc85987e054825ecd55,delivered,2017-07-03 18:09:51,2017-07-03 18:24:30,2017-07-05 10:27:51,2017-07-10 19:52:52,2017-07-24,205.0,18.14,1,1,223.14,10,1,4.0,1.0,55c8484f4383a14d568f887180627848,13321,salto,SP,7.071539351851852,20.243159722222224,0,223.14
c153c3e2641c89800b30e8f469869495,57e96b01256ca49dcb17a4f75ddcc897,delivered,2017-07-03 18:14:53,2017-07-04 04:15:19,2017-07-06 13:06:52,2017-07-07 19:28:43,2017-07-14,139.9,38.61,1,1,178.51,1,1,5.0,1.0,80a3373f8079a7a03908b2ad366b16ba,13483,limeira,SP,4.051273148148148,10.239664351851852,0,178.51
83adfa2f33c7fbd2cc7b211fb01dcadb,6b1e8b762da8cae004248d1e7b95f3c9,delivered,2017-07-03 18:16:08,2017-07-03 18:25:17,2017-07-04 17:21:59,2017-07-10 18:58:48,2017-07-25,15.33,15.1,1,1,30.43,1,1,5.0,1.0,80c6ab2466117fe4a6decb295da95f15,22011,rio de janeiro,RJ,7.029629629629629,21.238796296296297,0,30.43
6155f621f8b443117634830dbf1ecd62,a9b523c9e67b3f3b12eab77b21122aa6,delivered,2017-07-03 18:31:22,2017-07-03 18:45:19,2017-07-11 18:22:54,2017-07-21 10:54:02,2017-08-08,630.0,67.09,1,1,697.09,3,1,5.0,1.0,619aa35016b1e5c4c3fcae6e45b27e4e,37945,sao jose da barra,MG,17.682407407407407,35.22821759259259,0,697.09
3899e902fbfaabd1e7172e0f62fde3b7,c9b7d7120a9428f1420035a317c6cba4,delivered,2017-07-03 18:31:55,2017-07-03 18:45:06,2017-07-04 13:32:13,2017-07-07 19:57:32,2017-07-26,25.0,15.1,1,1,40.1,1,1,5.0,1.0,cf0b7be50bd881be2338a95356b3c3b1,13402,piracicaba,SP,4.059456018518518,22.227835648148147,0,40.1
a0d8479e0bc26a5baa9988711c4320b1,7d156722fa63e2fc2bc1c3ed04d827be,delivered,2017-07-03 18:33:12,2017-07-03 18:45:17,2017-07-04 11:58:14,2017-07-24 16:18:37,2017-07-31,8.99,16.79,1,1,25.78,1,1,1.0,1.0,5cd49b710f13c8714bf78f4d56b676b5,75860,quirinopolis,GO,20.90653935185185,27.226944444444445,0,25.78
68b3b77e74b7ad7bb9d25331580ddcdf,614f4db4fc76b38bf6691690a5c87dcf,delivered,2017-07-03 18:34:19,2017-07-03 18:45:20,2017-07-11 19:45:52,2017-07-21 20:06:23,2017-08-01,969.99,51.25,1,1,1021.24,10,1,5.0,1.0,3b0bb03a1592b488c3a77d5f6ddc06ac,88310,itajai,SC,18.063935185185183,28.226168981481482,0,1021.24
aae977c782835b108e46fa36a02dbe1f,965197bd6c55afec34066df71c5c1335,delivered,2017-07-03 18:35:01,2017-07-03 18:50:08,2017-07-05 13:26:55,2017-07-20 18:07:36,2017-07-25,149.9,21.54,1,1,171.44,1,1,4.0,1.0,c37cc6c1a59d81460a3059744f7ada1c,88535,correia pinto,SC,16.980960648148148,21.22568287037037,0,171.44
91c67084c8053e40be5dc547d3e9a01e,a2903717cca50b4ac3b41a2074f1020c,delivered,2017-07-03 18:39:32,2017-07-03 18:50:11,2017-07-05 16:07:15,2017-07-12 18:39:53,2017-07-25,340.99,34.379999999999995,2,2,375.37,10,1,5.0,1.0,b318a9471f7e803303ab808bfd4605f3,24855,itaborai,RJ,9.000243055555556,21.222546296296297,0,375.37
a5c2a3264abb412912756339fbd24c0c,a0ccfa64a5bce9ae87d01f5804376915,delivered,2017-07-03 18:42:36,2017-07-03 18:55:10,2017-07-07 14:39:36,2017-08-02 17:07:53,2017-08-07,249.9,35.55,1,1,285.45,4,1,4.0,1.0,7943a1e0ab1e19116a165c92dd02c37a,65268,cururupu,MA,29.934224537037036,34.220416666666665,0,285.45
529bc1df87311518b0facbd66aa23964,3642fb7925baaf636f8adbfa18653889,delivered,2017-07-03 18:52:05,2017-07-03 19:04:01,2017-07-04 16:05:09,2017-07-11 19:51:56,2017-07-25,69.0,15.23,1,1,84.23,3,1,5.0,1.0,8776ab08288411cfd11a2a8cfd67c8ee,18275,tatui,SP,8.0415625,21.21383101851852,0,84.23
ef1c20996f869e915c278c7c6e996d25,87d9815311b8ea68720364a6b3a43eb4,delivered,2017-07-03 19:01:37,2017-07-03 19:15:26,2017-07-05 16:27:50,2017-07-11 19:42:33,2017-07-27,119.9,16.6,1,1,136.5,5,1,5.0,1.0,d3b23e5263198356479f66010c747a6f,91710,porto alegre,RS,8.028425925925927,23.20721064814815,0,136.5
225c2d5256f969a58d04909cccbdbed0,6d0e4977b6c66f02151b69c461845724,delivered,2017-07-03 19:02:49,2017-07-03 19:15:19,2017-07-04 14:07:04,2017-07-19 22:11:25,2017-08-02,45.0,16.79,1,1,61.790000000000006,1,2,4.0,1.0,de67168d1d6e2457ac662a45b282455c,78880,vera,MT,16.130972222222223,29.206377314814816,0,61.79
b214fcdd8f4dcd52ce3cb58499a15ea4,b1db6a9e4825928b4d4490fbeab7c412,delivered,2017-07-03 19:04:07,2017-07-03 19:15:07,2017-07-04 13:32:17,2017-07-11 20:22:26,2017-07-25,169.9,21.68,1,1,191.58,4,1,5.0,1.0,8f57a92edd1b0607cf5e2b3d2e39f713,13976,itapira,SP,8.054386574074075,21.205474537037038,0,191.58
54840a5ed7a4f22b46151119aa560fbb,1ee1735cf3d351d27c1d63251ee73de8,delivered,2017-07-03 19:06:15,2017-07-04 18:55:13,2017-07-05 14:14:30,2017-07-14 15:43:39,2017-07-25,99.99,17.95,1,1,117.94,1,1,4.0,1.0,ed9919606e3cdcec5bb72e1019fe7b9e,88701,tubarao,SC,10.859305555555556,21.203993055555557,0,117.94
f71c22b4583654c7bd72c16388ab4e07,24cb93efb2875eedf1c9873baaba03b9,delivered,2017-07-03 19:10:48,2017-07-03 19:23:42,2017-07-04 12:29:44,2017-07-24 15:22:23,2017-07-31,16.99,16.79,1,1,33.78,3,1,5.0,1.0,6e40c69b6e71d8796faf3fc352447654,44895,barro alto,BA,20.841377314814814,27.200833333333332,0,33.78
1550ad5373660bdeb5c52239b456396e,6da4a9737f336aa2e82f44bb0e868cdb,delivered,2017-07-03 19:16:19,2017-07-03 19:25:16,2017-07-12 17:58:53,2017-07-20 19:07:26,2017-08-10,299.99,24.97,1,1,324.96000000000004,1,2,5.0,1.0,8db46442665a3e2c2addba356d0e8354,25042,duque de caxias,RJ,16.99383101851852,37.19700231481482,0,324.96000000000004
989349701595e3faf7560eed7aabc830,8092c7b207c7dada91fc057f59fadeed,delivered,2017-07-03 19:24:45,2017-07-03 19:43:34,2017-07-04 10:15:24,2017-07-10 20:53:30,2017-07-21,499.9,14.7,1,1,514.6,2,1,5.0,1.0,4a37214b106fac5a660b3858d4ac9d41,6150,osasco,SP,7.061631944444445,17.191145833333334,0,514.6
5b97959bc8102d72edcb01bdb5a0e9df,987c969d893ae9713001643cbe08fe88,delivered,2017-07-03 19:47:34,2017-07-03 20:03:43,2017-07-04 14:45:28,2017-07-12 09:07:50,2017-07-25,9.99,16.6,1,1,26.59,2,1,5.0,1.0,2909eb21d741a76b2232969b48090396,83075,sao jose dos pinhais,PR,8.55574074074074,21.175300925925924,0,26.590000000000003
23a8531948bc865dee9fcdbacea311eb,7ade565c3bb52b8592eb087a92d7b04d,delivered,2017-07-03 19:56:21,2017-07-03 20:05:47,2017-07-07 18:56:33,2017-07-14 21:53:53,2017-07-21,89.9,12.13,1,1,102.03,10,1,3.0,1.0,b349427e0a6cb4c17e82775686d0c464,13272,valinhos,SP,11.08162037037037,17.16920138888889,0,102.03
a29ab32710213cb26d652ffae0386f44,1f83f153f903e4cebf7f5cd78422e674,delivered,2017-07-03 20:02:47,2017-07-03 20:15:12,2017-07-05 15:22:41,2017-07-11 16:05:41,2017-07-21,22.0,11.85,1,1,33.85,1,1,3.0,1.0,761784805a926a7307df839c30d05c71,4019,sao paulo,SP,7.8353472222222225,17.164733796296296,0,33.85
855f884557e71149b525fa5fd8bf8a30,87a4ee899da050ef80de6de979521e12,delivered,2017-07-03 20:05:19,2017-07-03 20:23:45,2017-07-04 14:45:27,2017-07-08 15:51:38,2017-07-25,99.99,16.95,1,1,116.94,2,1,5.0,1.0,b78b62961e25d84947c5cc89cecab2e2,81200,curitiba,PR,4.8238310185185185,21.162974537037037,0,116.94
7bba6be8b33b014bb9523db5f992d070,fd5e7ef8ebb833e81b09dc6c1afc92fe,delivered,2017-07-03 20:08:35,2017-07-03 20:23:48,2017-07-04 15:12:45,2017-07-12 17:46:11,2017-08-08,99.99,17.95,1,1,117.94,1,1,5.0,1.0,5b143240c381316b9b1dc332176b4a71,36157,piau,MG,8.901111111111112,35.16070601851852,0,117.94
13fd69ecde7da52a8d2a2d5eb5cccf6e,2fef56c8fd7e2a7f6456659e8ff6f010,delivered,2017-07-03 20:21:23,2017-07-03 20:35:06,2017-07-05 15:03:35,2017-07-26 17:21:33,2017-08-18,31.9,35.67,1,1,67.57,3,1,4.0,1.0,b9dabbe592f3f23a402999bf72da8074,59343,jardim do serido,RN,22.87511574074074,45.15181712962963,0,67.57
d396cdbf2645bb1ea08108de01ef308a,42496b94da7fdf733b980d552aeb17e9,delivered,2017-07-03 20:23:40,2017-07-03 20:44:02,2017-07-04 14:03:16,2017-07-18 12:17:47,2017-07-25,55.0,15.14,1,1,70.14,3,1,5.0,1.0,82dc7709472b30bc2cc2c4ce1bd6f1ca,89874,maravilha,SC,14.662581018518518,21.15023148148148,0,70.14
46d45c02db0c16939f8f1c45a9c8a344,56ef7b991567c06caa6eb5f470716ee3,delivered,2017-07-03 20:29:51,2017-07-03 20:45:12,2017-07-07 19:21:54,2017-08-15 11:47:30,2017-07-25,109.9,15.52,1,1,125.42,10,1,5.0,1.0,fc4f552426fd20dd5e94b2cc88d2214d,28950,armacao dos buzios,RJ,42.637256944444445,21.1459375,1,125.42
d0b9352507407461f1092bd2fafa7df1,8669084c7710ae61d2516867a50453ca,delivered,2017-07-03 20:35:04,2017-07-03 20:50:15,2017-07-05 16:07:14,2017-07-10 17:28:02,2017-07-21,210.0,12.97,1,1,222.97,4,1,5.0,1.0,5d17ec8cf0f34ae40ed012857a434ecf,8410,sao paulo,SP,6.870115740740741,17.142314814814814,0,222.97
dd57685b48de5c49dd9c140d48079aab,4f7ed4b389ad186dc3c13180b22cc69f,delivered,2017-07-03 20:36:21,2017-07-05 02:45:30,2017-07-06 15:06:51,2017-07-13 21:46:28,2017-07-21,34.9,13.37,1,1,48.27,1,1,5.0,1.0,49f1e514ff1f7be6aea5978a4c9cc974,9406,ribeirao pires,SP,10.048692129629629,17.14142361111111,0,48.269999999999996
a6e9d106235bcf1dda54253686d89e99,c9018293e2dc42b66344c493bc13546e,delivered,2017-07-03 20:49:32,2017-07-03 21:03:43,2017-07-06 16:23:31,2017-07-13 16:13:58,2017-07-25,89.0,16.38,1,1,105.38,4,1,5.0,1.0,4b58a0b63ba4c62c373e722d943a6989,26430,japeri,RJ,9.808634259259259,21.13226851851852,0,105.38
8dea586c46b239e29ba83efef7e28ec2,cd57a601749f3336f7ddb02cc028bfbb,delivered,2017-07-03 20:50:49,2017-07-03 21:03:44,2017-07-10 17:13:59,2017-07-20 20:21:30,2017-07-26,271.0,22.39,1,1,293.39,10,1,4.0,1.0,6c70bee45f245a4ebeddb2ece21b567d,22776,rio de janeiro,RJ,16.979641203703704,22.131377314814817,0,293.39
716d94482440b2b6bbd8346eb9fb3e14,3f64f68ca314162409d03c369cc1fa8e,delivered,2017-07-03 21:01:08,2017-07-04 18:05:21,2017-07-13 17:58:35,2017-07-26 19:17:22,2017-08-15,680.0,184.98,1,1,864.98,7,1,5.0,1.0,5fcec12eaf737cdb2ded91e81f1dc266,60321,fortaleza,CE,22.927939814814813,42.124212962962964,0,864.98
e9d9bbc83efa26a046a8ce46ed30fd9b,93e8542f8b72525ae5209d9b2b4b5c45,delivered,2017-07-03 21:12:04,2017-07-03 21:25:31,2017-07-05 17:54:42,2017-07-15 12:37:57,2017-07-27,69.9,16.74,1,1,86.64,4,1,4.0,1.0,dd4ffbff467e932e891bac9784f261d2,35701,sete lagoas,MG,11.642974537037038,23.11662037037037,0,86.64
0bfb3ca2ac0d1d45fff422a646f5c1b5,f764510cc6fd1460d82e0e0f7a460923,delivered,2017-07-03 21:26:15,2017-07-03 21:43:47,2017-07-05 14:46:51,2017-07-11 19:37:47,2017-08-18,80.69999999999999,35.54,3,1,116.24,11,1,,,67b5d15a0fe967c8e54f9a5d7909840b,15046,sao jose do rio preto,SP,7.924675925925926,45.106770833333336,0,116.23999999999998
b044c65688e70eb150a89745a0016177,8c2b715bf064c3e88d99dd7da3e97f7c,delivered,2017-07-03 21:30:10,2017-07-05 02:50:20,2017-07-07 15:41:58,2017-07-25 14:42:13,2017-07-25,16.99,15.1,1,1,32.09,1,1,1.0,1.0,966a81718c4d465a6e026c04cbc05d29,18110,votorantim,SP,21.71670138888889,21.104050925925925,1,32.089999999999996
231acde8e06eda65e8b7d6b04bc7260b,7a47e4aad867b455906f7c4c5347d764,delivered,2017-07-03 21:31:45,2017-07-05 02:45:11,2017-07-12 19:32:48,2017-07-21 21:29:44,2017-07-25,149.9,18.3,1,1,168.2,1,1,3.0,1.0,6874056f7958d2dcea3728db30bac8a7,88390,barra velha,SC,17.998599537037038,21.10295138888889,0,168.20000000000002
877ea935e0ce1786032071a571b40cf3,ed82708d3a7577ce0f4c71c0de1f7a6c,delivered,2017-07-03 21:55:14,2017-07-03 22:07:29,2017-07-04 15:45:19,2017-07-13 20:12:21,2017-07-27,49.0,15.1,1,1,64.1,1,1,1.0,1.0,0bae824ba0158fdb9789b529bc301264,21940,rio de janeiro,RJ,9.92855324074074,23.086643518518517,0,64.1
b484611f9ad9c46b51c31beb40598bfe,37aa60852e8837ab99f731864f9693ee,delivered,2017-07-03 21:58:48,2017-07-03 22:10:06,2017-07-04 13:57:50,2017-07-11 17:03:16,2017-07-25,59.9,15.17,1,1,75.07,2,1,5.0,1.0,03d7bb9d95f70cf9dcef7142f89d8ec5,95097,caxias do sul,RS,7.794768518518518,21.08416666666667,0,75.07
cf58f2b85e58aa578ff307fe1a3adbea,00fd9131670312e3292287415ee2e498,delivered,2017-07-03 23:01:30,2017-07-03 23:10:19,2017-07-04 13:57:50,2017-07-10 21:19:35,2017-07-27,59.9,15.17,1,1,75.07,1,1,5.0,1.0,51fed7c5898cdadba813f39d26ee8979,3116,sao paulo,SP,6.929224537037037,23.040625,0,75.07
63cb2376233663b05e9beb6bd9206c65,3485f92e08e0edca25ef4e62b4566631,delivered,2017-07-03 23:02:33,2017-07-04 23:10:18,2017-07-05 14:11:05,2017-07-10 19:25:34,2017-07-21,59.5,13.44,1,1,84.25,8,1,5.0,1.0,bf71e1d9dd5f362875657a46ca04fb28,12620,piquete,SP,6.84931712962963,17.039895833333333,0,72.94
edee11c6be644a02ad79dabf630c41ee,15b897ae00814eb17fcbd3adf06e0e1f,delivered,2017-07-03 23:02:39,2017-07-05 02:50:24,2017-07-05 12:38:36,2017-07-14 16:48:04,2017-08-04,16.6,34.15,1,1,50.75,1,1,5.0,1.0,40e7f7b975979f8e469c33eda2a079a5,64700,simplicio mendes,PI,10.739872685185185,31.03982638888889,0,50.75
e19a16df2a341d8b50812fe1ae800366,d81f8aa1254e807ac4701bcf6f71fe6c,delivered,2017-07-03 23:03:25,2017-07-05 03:03:49,2017-07-07 19:12:56,2017-07-21 18:07:52,2017-07-25,89.9,15.38,1,1,105.28,1,1,4.0,1.0,a05e40352c8b77d9b06426ee54764a5b,36830,espera feliz,MG,17.794756944444444,21.03929398148148,0,105.28
fb2547a335f4231f46fd7b70e9aee046,1961a41144dc48610f2e2da84b0507fe,delivered,2017-07-03 23:04:06,2017-07-03 23:23:23,2017-07-05 09:56:43,2017-07-06 12:03:50,2017-07-14,39.9,8.72,1,1,48.62,1,1,4.0,1.0,7e66a5be4404c9c180b1dae1adb09083,5749,sao paulo,SP,2.5414814814814815,10.038819444444444,0,48.62
94e8d2b7d72b40f0392a9398aae8b46b,8b0c382e81940a3cf58eb028a756aeaa,delivered,2017-07-03 23:04:26,2017-07-03 23:23:28,2017-07-04 15:45:04,2017-07-12 16:21:42,2017-07-25,12.9,15.1,1,1,28.0,1,1,5.0,1.0,1c2bfaf8b8540647422e0124b05854e1,9210,santo andre,SP,8.720324074074075,21.038587962962964,0,28.0
cdf76ad4d66f6cdc8fc19e44f4d17c6f,b5a2a4ccc65e614530763703a573764b,delivered,2017-07-03 23:04:43,2017-07-03 23:40:13,2017-07-05 17:04:03,2017-07-06 15:22:02,2017-07-14,25.99,7.78,1,1,33.77,3,1,5.0,1.0,876531f7c6bb88815b1ae79c3ad4719a,6361,carapicuiba,SP,2.6786921296296295,10.038391203703704,0,33.769999999999996
b3214fd3a99a63b619aa677c9b69017e,be7cde4faf5050c3c79c1a867f142dc9,delivered,2017-07-03 23:05:24,2017-07-03 23:15:12,2017-07-05 12:22:21,2017-07-21 17:07:29,2017-07-25,120.0,34.2,1,1,154.2,3,1,1.0,1.0,7d594464749f8b59d5e259954d705b2b,28911,cabo frio,RJ,17.75144675925926,21.037916666666668,0,154.2
0693ed674763a4fc34e2c763c7fd25c2,33db03ccbfce5ccb029160ad2c1de78f,delivered,2017-07-03 23:28:14,2017-07-05 02:55:30,2017-07-05 16:19:41,2017-07-12 15:25:50,2017-07-25,576.56,66.08,4,1,642.62,1,1,1.0,1.0,5b409ca5e4383fcfa2d21b68c21e5a04,26255,nova iguacu,RJ,8.665,21.022060185185186,0,642.64
52a3cfb8a44b79a2e8d6e52ea5ff5b13,245a51ffde7f4ad67eff5083ddf0b3bc,delivered,2017-07-03 23:50:35,2017-07-04 00:05:07,2017-07-04 15:45:12,2017-07-18 19:36:33,2017-07-27,12.9,16.79,1,1,29.69,1,1,5.0,1.0,a6834e35652683d67adaaa455b1214ef,20550,rio de janeiro,RJ,14.823587962962963,23.006539351851853,0,29.689999999999998
ef394b6ac2a7a089f6142d4449472073,925063180f27eade14d5e059b9d4fe51,delivered,2017-07-04 00:03:44,2017-07-04 00:15:09,2017-07-13 13:40:01,2017-07-27 16:08:06,2017-08-02,199.9,27.72,1,1,227.62,10,1,5.0,1.0,27e1476c37b57149dee90a4914f0ee8e,4851,sao paulo,SP,23.669699074074074,28.997407407407408,0,227.62
7da3005df84ce7059e9123070c62877e,9ae94813a73d77503a36add2f9d479e3,delivered,2017-07-04 00:07:09,2017-07-04 00:20:16,2017-07-06 10:49:51,2017-07-12 22:10:22,2017-07-26,17.9,16.11,1,1,34.01,3,1,5.0,1.0,498c3fa27c15a3020b1370bf48390fb2,85851,foz do iguacu,PR,8.918900462962963,21.995034722222222,0,34.01
3f4870bf4008a2351a4855a865c454c7,684847bef2aaa42b7bcb23e433884e44,delivered,2017-07-04 00:22:04,2017-07-04 00:35:09,2017-07-05 10:27:52,2017-07-12 18:34:41,2017-07-25,205.0,18.14,1,1,223.14,10,1,3.0,1.0,b41e557a3185bb744f45d7402867c942,12850,bananal,SP,8.758761574074073,20.984675925925927,0,223.14
a4b45ae5dd9fc64c6ad2093aa51dbc30,c3d7533f9eefe8dad64f876c6fc6af09,delivered,2017-07-04 01:44:17,2017-07-04 01:55:15,2017-07-05 13:37:54,2017-07-17 17:05:25,2017-07-26,119.56,32.36,2,1,151.92,4,1,2.0,1.0,f0996ee6e59d10ac46fd0b9c632e759d,37615,senador amaral,MG,13.639675925925927,21.92758101851852,0,151.92000000000002
bfce66de4bbac659ab1d0763b8796a58,b988443bc3c86581b7d6fe9084be35d7,delivered,2017-07-04 01:44:17,2017-07-04 01:55:16,2017-07-06 08:37:45,2017-07-26 17:57:37,2017-07-28,59.9,16.18,1,1,76.08,4,1,2.0,1.0,f0996ee6e59d10ac46fd0b9c632e759d,37615,senador amaral,MG,22.675925925925927,23.92758101851852,0,76.08
7f4fc31e180fd06c1de45a945223f877,72d4958cd71988163a65a245caeae772,delivered,2017-07-04 06:27:25,2017-07-05 02:50:23,2017-07-05 15:04:24,2017-07-11 18:12:04,2017-07-26,99.0,17.94,1,1,116.94,1,1,3.0,1.0,0c3ec1b0e0dbe9befcb520bc32ee7ef5,89266,jaragua do sul,SC,7.489340277777778,21.730960648148148,0,116.94
e5ca14277889553a80cd3b8379bb9389,b50f1cc40e82d3fe0a7226fe9ee7cd8e,delivered,2017-07-04 06:34:10,2017-07-04 06:45:07,2017-07-04 14:39:53,2017-08-15 13:35:44,2017-07-26,102.9,17.97,1,1,120.87,3,1,4.0,1.0,ebedc15045555e7ed624ff7da267c611,28950,armacao dos buzios,RJ,42.29275462962963,21.72627314814815,1,120.87
4ecd4654955a39a165e7cde49b3ec0fb,057adf4557a4a3544a67ea4221b891c0,delivered,2017-07-04 07:20:18,2017-07-04 07:30:08,2017-07-13 23:12:20,2017-07-19 15:22:13,2017-07-21,146.99,33.26,1,1,180.25,3,1,1.0,1.0,ff423b634e7bbec16b9f1466f126eb18,9170,santo andre,SP,15.334664351851853,16.69423611111111,0,180.25
f856b8b90a83c3e6c6bccd3b1665fb79,b37ad61561a4c8c53e4105a3ae90fa34,delivered,2017-07-04 07:36:01,2017-07-04 07:45:13,2017-07-04 13:56:34,2017-07-26 15:25:50,2017-08-07,145.97,90.15,1,1,236.12,10,1,5.0,1.0,f9bcaecbe43a5f89702b40314436b0e5,58038,joao pessoa,PB,22.326261574074074,33.68332175925926,0,236.12
49bd813b3976d7df68484922185f646d,1e963b5f838512cd33a77e603b7098fe,delivered,2017-07-04 07:43:46,2017-07-05 07:43:39,2017-07-06 15:06:51,2017-07-24 20:17:34,2017-08-07,144.9,43.42,1,1,188.32,10,1,4.0,1.0,a24f58c1677245a026f0c065992a42db,58011,joao pessoa,PB,20.52347222222222,33.67793981481481,0,188.32
2d7d83fd96dd73654af01305b5c917b7,61ad1278123a413c2c6ae2500d453a10,delivered,2017-07-04 07:51:47,2017-07-04 14:10:19,2017-07-05 09:14:08,2017-07-18 19:39:29,2017-08-03,39.9,34.15,1,1,74.05,7,1,5.0,1.0,f3a366103dfc14d3bf924a4ab4ec2401,57360,girau do ponciano,AL,14.491458333333334,29.672372685185184,0,74.05
63bde94a8549279fd4c13235516932f9,9acca9cd4c384e3ba624a80c5b669573,delivered,2017-07-04 08:16:49,2017-07-05 03:05:20,2017-07-05 08:58:39,2017-07-06 11:16:53,2017-07-24,39.9,11.73,1,1,51.63,1,1,5.0,1.0,1181c989033c11ee0fad0a6c817d4520,5549,sao paulo,SP,2.125046296296296,19.654988425925925,0,51.629999999999995
83aae23d3e3e6446e3dd43b893082a71,f2d350dc2df072cdf238717b26dcd89c,delivered,2017-07-04 08:27:44,2017-07-04 08:43:47,2017-07-04 15:21:46,2017-07-06 15:33:15,2017-07-26,27.9,15.1,1,1,43.0,3,1,5.0,1.0,c1ea0719c2f6f8898917f2c21ab46c1e,38410,uberlandia,MG,2.295497685185185,21.647407407407407,0,43.0
fd26702a3f7ee5d86580de591ff53e3f,d3b1dd5a9cafa5e8191a28f92a8f5d40,delivered,2017-07-04 08:59:04,2017-07-05 03:04:05,2017-07-05 13:41:24,2017-07-12 12:57:30,2017-08-01,38.5,17.92,1,1,56.42,1,1,5.0,1.0,19be5923f7d998e76b9f3b1eb87c32af,88763,santa rosa de lima,SC,8.165578703703703,27.625648148148148,0,56.42
0c7f49fc339a1aa66222dc4af4eeafd7,ea6197a226b1b7b0f681eb146cb70665,delivered,2017-07-04 09:35:30,2017-07-05 03:05:17,2017-07-05 14:14:28,2017-07-17 11:29:30,2017-07-26,58.9,17.98,1,1,76.88,1,1,5.0,1.0,43d8a0473c80d3f374a6417572d8dd14,29600,afonso claudio,ES,13.079166666666667,21.600347222222222,0,76.88
044d4643b22cf71e768701acd9fc55ef,31c3ec5dc1ec7bea1308a156c95e3b4b,delivered,2017-07-04 09:40:53,2017-07-06 03:15:34,2017-07-10 16:32:26,2017-07-12 18:22:42,2017-07-25,89.9,24.94,1,1,114.84,1,1,4.0,1.0,8b8a28ea9c0d1b98fb471b9d408b2b16,13085,campinas,SP,8.362372685185186,20.596608796296298,0,114.84
5922f7c7645fe4c84b8074f7574dcacf,6c87ef9fb2c74c744c17fd3b3c766d80,delivered,2017-07-04 09:44:04,2017-07-04 09:55:23,2017-07-05 12:17:16,2017-07-10 19:43:46,2017-07-31,35.99,12.69,1,1,48.68,1,1,4.0,1.0,a17591c68d74494e94074094e95da2bc,12229,sao jose dos campos,SP,6.416458333333333,26.594398148148148,0,48.68
5394217c78ea24ee2b377c043b6bd7d9,74bfc507b3ac32b750e60fffd04a02cc,delivered,2017-07-04 10:24:45,2017-07-04 10:35:09,2017-07-05 13:35:37,2017-07-06 15:43:30,2017-07-17,658.9,27.2,1,1,686.1,10,1,,,a5383a6d51465659e9153a2a6045e3b1,8773,mogi das cruzes,SP,2.2213541666666665,12.566145833333334,0,686.1
1c6f522187684a43d8e63af5fa10ef9d,e45c89d18c5c4e8a85e2e2d38f32f66b,delivered,2017-07-04 10:33:53,2017-07-04 10:45:18,2017-07-04 16:05:05,2017-07-14 15:55:14,2017-07-28,134.0,33.82,2,1,167.82,10,1,5.0,1.0,37fcc959606ea0690e0d0864683e36bc,76350,rubiataba,GO,10.223159722222222,23.55980324074074,0,167.82
09ff9d4a5ba285dcea027de9e7c3adba,a883d37662d991238399a99208034bf2,delivered,2017-07-04 10:38:22,2017-07-04 10:50:17,2017-07-04 15:28:26,2017-07-07 18:33:21,2017-07-24,84.0,12.93,1,1,96.93,3,1,5.0,1.0,3390b0d3b5cb38937f742d16e3dc343e,18550,boituva,SP,3.329849537037037,19.556689814814813,0,96.93
1ceb3108c68b70110cbeb7b7061e1a38,d026485ca24203e2d4a91c6b381eaba3,delivered,2017-07-04 10:45:09,2017-07-05 02:45:09,2017-07-05 18:40:20,2017-07-10 20:55:06,2017-07-24,240.0,50.3,2,1,290.3,1,1,4.0,1.0,039ddbe14ea350d861b9422a9ca43b0b,13770,caconde,SP,6.423576388888889,19.551979166666666,0,290.3
d8d2a08b724c4ce7446dea366703745c,b7b3b2f3efeac8ea7fbac0b84422829a,delivered,2017-07-04 10:46:05,2017-07-05 02:45:28,2017-07-07 12:32:53,2017-07-17 20:29:56,2017-07-26,116.9,36.04,2,2,152.94,1,1,1.0,1.0,50fd19860348ef2a4ff4db6168e99eee,85998,mercedes,PR,13.405451388888888,21.551331018518518,0,152.94
f0107a10578d0418c07ddd6bbec0f94c,be10f8d6a8eaf7abc4b481e668f080ce,delivered,2017-07-04 10:48:43,2017-07-04 10:55:17,2017-07-10 19:39:44,2017-07-24 18:12:36,2017-07-24,39.9,14.08,1,1,53.98,5,1,5.0,1.0,5c5d29938f2e541cf631e829dc75c9f4,36500,uba,MG,20.308252314814816,19.549502314814816,1,53.98
c95fbcf33d5ba15af6f43da58b673828,b071cdcda7cce65633507bd9887a6b67,delivered,2017-07-04 10:52:23,2017-07-06 03:25:28,2017-07-06 13:14:34,2017-07-12 19:51:54,2017-07-26,89.99,16.88,1,1,106.87,1,1,5.0,1.0,a1e1b4f551c90177d6e51596d58aefcf,33943,ribeirao das neves,MG,8.374664351851852,21.546956018518518,0,106.86999999999999
4509ce51e5c9ab113add9aac39e97512,fca741e95dd4f6e819bf0b52f5db1c51,delivered,2017-07-04 10:56:11,2017-07-04 11:10:22,2017-07-04 15:23:22,2017-07-10 18:37:34,2017-07-27,13.99,14.1,1,1,28.09,1,1,5.0,1.0,25717ae0545be030d9d478518f92ad0b,22450,rio de janeiro,RJ,6.320405092592592,22.54431712962963,0,28.09
97f24c8a0a4dc245b0a8c4e9b7139e0e,154b550a221177b362f085100e0ea1a4,delivered,2017-07-04 11:00:14,2017-07-05 02:45:20,2017-07-05 12:57:35,2017-07-24 19:12:17,2017-08-01,606.39,29.52,1,1,635.91,1,1,5.0,1.0,adff41dbe0d40058d786df6675faba6a,65901,imperatriz,MA,20.34170138888889,27.541504629629628,0,635.91
a9b90916ddc087b5ba5b9168b82e3d7d,321558a6b7d5ae077298ae86f95f6d5d,delivered,2017-07-04 11:04:07,2017-07-04 11:15:12,2017-07-04 15:57:10,2017-07-13 16:33:16,2017-07-26,24.9,15.1,1,1,40.0,4,1,5.0,1.0,5a7a3ce8cda789ffeb42e1dbc1bde931,28027,campos dos goytacazes,RJ,9.22857638888889,21.53880787037037,0,40.0
f530e66c74816309f2bf8eb5a619b3ab,5d473f16412277eca74166ff9fb8aee8,delivered,2017-07-04 11:04:54,2017-07-04 11:15:13,2017-07-04 15:27:39,2017-08-24 16:08:03,2017-08-07,169.9,29.59,1,1,199.49,4,1,1.0,1.0,aebe3f38304de1aaa4b5e664f41d15c7,55280,pedra,PE,51.210520833333334,33.53826388888889,1,199.49
44d3984d00152b899eff3953948a0124,9cf795ff93fd465c917a295a67712ea6,delivered,2017-07-04 11:22:34,2017-07-04 11:35:15,2017-07-04 14:27:51,2017-07-06 18:25:37,2017-07-24,48.9,12.69,1,1,61.59,5,1,4.0,1.0,1bb02eb35385950b5dace2632164426c,13140,paulinia,SP,2.293784722222222,19.52599537037037,0,61.589999999999996
f3c6775ba3d2d9fe2826f93b71f12008,6aef84c09844a371d82a49152c550b95,delivered,2017-07-04 11:37:47,2017-07-04 11:50:21,2017-07-04 13:53:13,2017-07-05 08:09:26,2017-07-17,182.0,12.48,1,1,194.48,1,1,3.0,1.0,c4320fbd4bc46bc041e8c2b703a05cd6,11410,guaruja,SP,0.8553125,12.515428240740741,0,194.48
33504b554c6fd21bee085f5a180a7fa3,1d30837716e836dea995c5dc66212fb8,delivered,2017-07-04 11:46:54,2017-07-04 11:55:18,2017-07-05 12:30:47,2017-07-19 18:42:11,2017-07-26,46.99,20.84,1,1,67.83,2,1,3.0,1.0,3921a10e0cae99e6455bc5ac62110ded,33400,lagoa santa,MG,15.288391203703704,21.509097222222223,0,67.83
a8b2111a24cd1ebe4246f720de1b238b,e4821491cafc33d088879ee8cc3c1d1e,delivered,2017-07-04 11:49:17,2017-07-04 12:03:48,2017-07-05 15:07:25,2017-07-11 01:05:31,2017-07-28,89.0,37.92,1,1,126.92,2,1,1.0,1.0,a1c95ad97ab0e08edbc0da098d02d5dc,2314,sao paulo,SP,6.552939814814815,23.50744212962963,0,126.92
dc282855b102a2d5cffe41332d73c196,b03e5dbf77ad3ea29b898e6b6a36d047,delivered,2017-07-04 11:56:02,2017-07-04 12:10:17,2017-07-06 10:21:30,2017-07-10 21:17:49,2017-07-27,56.99,14.15,1,1,71.14,1,1,5.0,1.0,9f10ed5e6157a32cce16e0b22013096b,32425,ibirite,MG,6.390127314814815,22.502754629629628,0,71.14
db16d8eeb2104cc17c8d6ca293e7bbc2,c2266a67e05d07690176c1635ca2799c,delivered,2017-07-04 12:29:51,2017-07-04 12:44:06,2017-07-04 13:57:22,2017-07-20 20:12:19,2017-07-26,68.9,16.24,1,1,85.14,1,1,5.0,1.0,76531fa9e9666a24725759d1cff317de,13251,itatiba,SP,16.32115740740741,21.479270833333334,0,85.14
e8a6076acc910f75cb8b149ecc89441e,4cf5be43eb5569afdfe16e158ae940c2,delivered,2017-07-04 12:34:28,2017-07-04 12:45:19,2017-07-11 15:17:00,2017-07-19 19:43:11,2017-07-26,129.9,16.67,1,1,146.57,7,1,5.0,1.0,a1f23e4dde67cf0cf575e23622008ab1,85601,francisco beltrao,PR,15.297719907407407,21.476064814814816,0,146.57
876ccdbffe8b9e0d081dd74f449ba339,aa3b4b13310e63dc7918471ddf6a7e0f,delivered,2017-07-04 12:37:59,2017-07-05 02:43:44,2017-07-05 17:17:41,2017-07-11 19:49:34,2017-07-28,15.0,15.1,1,1,30.1,1,1,5.0,1.0,4aabd55a39b5d0d348b4492b22d6f751,98803,santo angelo,RS,7.299710648148148,23.473622685185184,0,30.1
b0c677ad0ea26bc5e9e3fd85bf05c9c3,ce6121237a09886811612ccb1d51ff88,delivered,2017-07-04 12:39:14,2017-07-04 12:50:12,2017-07-05 15:33:35,2017-07-06 14:18:23,2017-07-17,104.0,10.14,1,1,114.14,2,1,5.0,1.0,c72abd014adce3ad93d0cf7c5091e983,6233,osasco,SP,2.0688541666666667,12.47275462962963,0,114.14
b6fdb0554332e6bf06894ae00ce7dd1c,6b8e5cf603043b09c920fe9e34ec57b8,delivered,2017-07-04 13:05:01,2017-07-04 13:15:16,2017-07-05 15:04:07,2017-07-06 13:03:24,2017-07-17,108.0,12.71,1,1,120.71,3,1,5.0,1.0,b80be3cee2104ccdbd49fd839eba4b9b,3188,sao paulo,SP,1.998877314814815,12.454849537037036,0,120.71000000000001
fca198bd1d114ed57b786f347a0e4a61,aa664b5b74721f18d25d5c15b68b5093,delivered,2017-07-04 13:07:02,2017-07-04 13:15:19,2017-07-07 15:57:52,2017-08-01 18:43:28,2017-08-03,21.99,16.79,1,1,38.78,3,1,3.0,1.0,cb25b0f5b7cdb5343e739964365688f4,48565,sitio do quinto,BA,28.233634259259258,29.453449074074076,0,38.78
80c3447167bed567a8646b0802408d48,dfdc7f1b2a4867687e05f63eb473f8b3,delivered,2017-07-04 13:13:56,2017-07-06 03:15:30,2017-07-10 19:00:04,2017-07-21 16:14:07,2017-07-17,69.0,7.78,1,1,76.78,1,1,1.0,1.0,e66101ed66527184bb8496f807ba5c69,4831,sao paulo,SP,17.125127314814815,12.448657407407408,1,76.78
ea5ed9fcddf7faecd1b82db7841fa558,63a900df8e32262e9137d1ab5d4238f0,delivered,2017-07-04 13:14:28,2017-07-04 13:30:18,2017-07-06 07:27:38,2017-07-12 02:14:48,2017-08-01,34.9,16.6,1,1,51.5,3,1,5.0,1.0,63cca7e36e792053f7ec566ef2445f43,13214,jundiai,SP,7.541898148148148,27.448287037037037,0,51.5
79151db05c0fc610003d38e917bbb5fe,e94d9670c90a1cd07f5d2e6a7d7200a8,delivered,2017-07-04 13:24:03,2017-07-04 13:35:18,2017-07-06 10:21:27,2017-07-07 12:27:28,2017-07-18,79.99,8.75,1,1,88.74,2,1,4.0,1.0,52b3053e2ed62fbb02c79807a6f88612,7724,caieiras,SP,2.9607060185185183,13.441631944444444,0,88.74
b6b73b9c0cab8ac7a2b02a49623d4cfe,3d7bcbc81919ffc313f9286f8516ca84,delivered,2017-07-04 13:25:07,2017-07-04 13:35:18,2017-07-07 17:19:33,2017-07-11 18:32:20,2017-07-24,125.02,13.9,1,1,138.92,1,2,3.0,1.0,af51e8dd1c30737ba2dd0ece8cfa294d,13904,amparo,SP,7.213344907407407,19.440891203703703,0,138.92
27d9d312e04f1893b26836442d680000,56041b9a34fcdf3368352cbb4fa67432,delivered,2017-07-04 13:27:14,2017-07-04 13:43:49,2017-07-05 09:14:09,2017-07-11 16:12:52,2017-07-26,39.9,15.1,1,1,55.0,1,1,4.0,1.0,a5c62e7e896b7e6ed95d39714f51304a,11667,caraguatatuba,SP,7.115023148148148,21.439421296296295,0,55.0
e204c9b2f4c4eda05420bea7f4b7ac03,e64941affe5c05c4ac39ad03d69f8342,delivered,2017-07-04 13:27:14,2017-07-04 13:43:53,2017-07-05 10:23:48,2017-07-17 20:22:54,2017-08-02,20.89,16.79,1,1,37.68,1,1,4.0,2.0,a5c62e7e896b7e6ed95d39714f51304a,11667,caraguatatuba,SP,13.288657407407408,28.439421296296295,0,37.68
a87ac74e82a6dc5d976c350530f2655b,fc0882280024acdc05099f791169a939,delivered,2017-07-04 13:37:14,2017-07-04 13:45:11,2017-07-05 14:59:41,2017-07-14 19:06:47,2017-07-26,889.99,20.99,1,1,910.98,10,1,5.0,1.0,e291272db5bd3070bfd6497432223aed,22720,rio de janeiro,RJ,10.228854166666666,21.432476851851852,0,910.98
d83d899f5a20b2d05342270eab088987,976b96fa83a29c78baa2ad3226e2dcc7,delivered,2017-07-04 13:56:15,2017-07-05 02:50:16,2017-07-12 20:17:57,2017-07-19 15:52:28,2017-08-01,699.9,17.92,1,1,717.82,1,1,5.0,1.0,7a194525c5d606a95cef522ddf60561e,3152,sao paulo,SP,15.08070601851852,27.419270833333332,0,717.8199999999999
30241f57ca64887323c3cb0c63b407bb,c564db557272ef1abfc07e5c2bd69c8a,delivered,2017-07-04 13:57:39,2017-07-04 14:10:19,2017-07-04 14:31:58,2017-07-06 14:36:30,2017-07-28,29.9,13.37,1,1,43.27,4,1,5.0,1.0,ee2be4dedb1290a391da13932b71f02e,1416,sao paulo,SP,2.0269791666666666,23.418298611111112,0,43.269999999999996
4189fe8c734261c2d73d1d42be33b3e4,a2804a5315ad861866e3d3b39295ee40,delivered,2017-07-04 14:07:49,2017-07-05 03:04:11,2017-07-10 19:37:41,2017-07-17 20:12:34,2017-07-26,119.8,15.59,1,1,135.39,1,1,5.0,1.0,3bdc35851ecb5a867c557946242a83a3,84900,ibaiti,PR,13.253298611111111,21.411238425925927,0,135.39
204b7bb2c7b43f52e126fc4aed7c97d2,fe29aedfbb7168fa45b08d47a58c9bb8,delivered,2017-07-04 14:15:26,2017-07-04 14:30:10,2017-07-05 14:16:38,2017-07-19 18:51:13,2017-07-31,119.8,32.36,2,1,152.16,1,1,5.0,1.0,99232d8066fef1bfa92bdab71d0097ef,96820,santa cruz do sul,RS,15.191516203703705,26.405949074074073,0,152.16
922c88e7a4c04efc1aa1b468c8b7b54c,783036ef3e00118bd0cc80b146a4751b,delivered,2017-07-04 14:32:09,2017-07-04 14:45:12,2017-07-06 12:22:15,2017-07-11 18:45:29,2017-07-27,49.95,11.85,1,1,61.8,1,1,4.0,1.0,ea857642c00aaa1a47057bd262d2e6f1,6460,barueri,SP,7.175925925925926,22.39434027777778,0,61.800000000000004
8faf0ebac1a886f5df3dc9bd7ed39b58,88dc5c43f74b840f951227bbdbeb1d8a,delivered,2017-07-04 14:32:31,2017-07-04 14:45:22,2017-07-04 15:26:52,2017-07-10 20:12:58,2017-07-26,98.0,16.45,1,1,114.45,2,1,3.0,1.0,afd298f910efb99d602e27b71e1e8ae9,23895,seropedica,RJ,6.236423611111111,21.39408564814815,0,114.45
e424fb3a9a9c116a762d83cdcc872c58,2872aab8519bd813ff38a8196977369c,delivered,2017-07-04 14:35:03,2017-07-04 14:45:19,2017-07-11 11:04:38,2017-07-18 18:46:53,2017-08-07,69.8,35.2,2,1,105.0,10,1,5.0,1.0,0a330eeeee86fe56f383e11837e7df05,12232,sao jose dos campos,SP,14.17488425925926,33.39232638888889,0,105.0
ad4e4232930ccc325c9ff5017caf7486,102c48b599ff7da4b63280347fb40de4,delivered,2017-07-04 14:43:58,2017-07-04 14:55:18,2017-07-06 14:08:03,2017-07-10 18:32:07,2017-07-25,105.0,17.21,1,1,122.21,1,1,4.0,1.0,20ae758fb6688386d9d1540f63d380e0,95520,osorio,RS,6.1584375,20.386134259259258,0,122.21000000000001
1b1b3a4e0fe992985df0687e28917050,ab3965ddf332775d0dc7643474dfcbeb,delivered,2017-07-04 14:51:14,2017-07-04 15:05:09,2017-07-07 13:46:58,2017-07-28 16:13:31,2017-07-28,49.9,15.1,1,1,65.0,2,1,1.0,1.0,6105d6220213dfa7110d14e2312c47e2,29960,conceicao da barra,ES,24.057141203703704,23.38108796296296,1,65.0
e12d873b226207d68d316a6bcf65123f,d0f4862195a37c1b6ba30abb64aa2039,delivered,2017-07-04 15:07:53,2017-07-04 15:25:06,2017-07-07 13:51:44,2017-07-14 20:19:22,2017-07-28,31.0,14.1,1,1,45.1,2,1,5.0,1.0,071b906118b141a9cc1ff28afb56c9fa,93344,novo hamburgo,RS,10.21630787037037,23.36952546296296,0,45.1
24f926887373bfb98b4f309ecabab893,555b1e44ad963442f965bb44230728ac,delivered,2017-07-04 15:10:02,2017-07-05 06:44:23,2017-07-05 11:23:56,2017-07-10 19:43:32,2017-07-24,159.9,13.46,1,1,173.36,1,1,5.0,1.0,343c00dffa1889d2e1c3979922c58de3,14706,bebedouro,SP,6.189930555555556,19.36803240740741,0,173.36
9da45042d8eb6c75611db8ff1a176f8f,d78c49cc36006df4427476c395aacf7a,delivered,2017-07-04 15:12:10,2017-07-05 02:50:18,2017-07-05 13:42:09,2017-07-10 16:14:52,2017-07-24,149.0,14.06,1,1,163.06,1,1,5.0,1.0,563d2cc4ac6801a20405ded1ad31dd83,5134,sao paulo,SP,6.043541666666667,19.366550925925925,0,163.06
8208bbf85f1571dd07e86e66adddc395,2d66a2bd5d2f5e44de62a3d365b5fd13,delivered,2017-07-04 15:24:40,2017-07-04 15:35:10,2017-07-05 12:25:51,2017-07-11 20:35:42,2017-07-24,120.0,25.15,1,1,145.15,5,1,3.0,1.0,5049c2e7d068d415c5bdbe2a22532de6,14871,jaboticabal,SP,7.21599537037037,19.35787037037037,0,145.15
38cfc106ae21ad50379975e828f5863e,14aea6e289ceebb4c4389c168be3dd9f,delivered,2017-07-04 15:25:44,2017-07-05 02:55:22,2017-07-07 15:49:47,2017-07-14 17:39:43,2017-08-01,89.9,16.88,1,1,106.78,1,1,5.0,1.0,2616fd85aff25ed6f0f11934678a3c15,75388,trindade,GO,10.09304398148148,27.35712962962963,0,106.78
fd85f9c9bfe9cc5b55c648a96a4f2598,2fe74cd469ff73b77342fc789332b598,delivered,2017-07-04 15:26:25,2017-07-06 03:23:59,2017-07-06 13:34:33,2017-07-14 18:55:36,2017-07-26,63.49,15.19,1,1,78.68,1,1,5.0,1.0,dbf9a448b02e33487b11d7e2ab34d26c,21215,rio de janeiro,RJ,10.145266203703704,21.356655092592593,0,78.68
4f04661f0e0a1a23f6d87956884f4a02,846bb3b84bbc7f49aa5f4be0bafb1d4e,delivered,2017-07-04 15:43:29,2017-07-06 03:25:45,2017-07-06 13:55:42,2017-07-19 16:56:51,2017-08-09,73.8,33.58,2,1,107.38,1,1,5.0,1.0,8d804fefe5eb384b3f75ad8e12bde8f9,78200,caceres,MT,15.050949074074074,35.34480324074074,0,107.38
8f666421a7087098ff93d80f26e0bd6d,8062c2173394d6f56c5dd8aa353bf914,delivered,2017-07-04 15:46:13,2017-07-04 16:04:00,2017-07-05 09:14:08,2017-07-06 15:06:54,2017-07-24,29.9,12.48,1,1,42.38,4,1,5.0,1.0,40730ca1af9742bd0bdbcef270ff4c76,35660,para de minas,MG,1.9726967592592592,19.34290509259259,0,42.379999999999995
53d515fbf0a0d3b35e47a45a398c551d,1bece94d7b280902f62747628ac0891b,delivered,2017-07-04 15:54:10,2017-07-05 03:03:59,2017-07-05 11:46:38,2017-07-11 16:32:38,2017-08-01,19.99,16.11,1,1,36.1,1,1,5.0,1.0,9066d003674f53303ec2ac527e940a5d,75830,mineiros,GO,7.0267129629629625,27.33738425925926,0,36.099999999999994
164aa207e1b3a4ae050656051249e753,bf36e212151102fe45397327fd25c235,delivered,2017-07-04 16:04:38,2017-07-04 16:15:21,2017-07-05 17:35:48,2017-07-14 20:15:35,2017-08-02,499.9,20.75,1,1,520.65,10,1,5.0,1.0,122418b0421f2576d0cd3f22477c464b,89690,vargeao,SC,10.174270833333333,28.33011574074074,0,520.65
db47a089bc272d77b480a33e5286eaf5,0e573a1ab586da9a67c1589a2c95a4b4,delivered,2017-07-04 16:18:59,2017-07-05 16:10:19,2017-07-07 19:53:41,2017-07-18 19:25:40,2017-07-26,537.99,24.26,1,1,562.25,10,1,5.0,1.0,74122f823e916d4c14c1e0c52d672349,98460,irai,RS,14.129641203703704,21.320150462962964,0,562.25
9f34a57aebc01d6ad4268ec70c75bd2d,65ffcd11ef8a73635aaf113cd7b502a7,delivered,2017-07-04 16:29:20,2017-07-05 17:38:16,2017-07-20 14:54:59,2017-07-20 14:54:59,2017-08-23,329.9,24.63,1,1,354.53,10,1,4.0,1.0,c9a3dc6f7a9bf349053e1322eba489e1,20241,rio de janeiro,RJ,15.934479166666666,49.31296296296296,0,354.53
d65137e8832d68f38fd35e84cbacd4f5,4d653ad70929faa00ad785f1dcd26b74,delivered,2017-07-04 16:31:00,2017-07-05 17:39:27,2017-07-06 16:07:50,2017-07-10 19:52:30,2017-07-24,34.99,12.48,1,1,47.47,3,1,5.0,1.0,ba56976ee45388acd394496416840036,97507,uruguaiana,RS,6.139930555555556,19.311805555555555,0,47.47
d190d15996631437cb3efddfa547aba9,b9f86a618dc82af6999e68085f2e7c57,delivered,2017-07-04 16:55:21,2017-07-06 03:25:36,2017-07-07 18:37:57,2017-07-12 18:04:05,2017-07-26,169.0,27.5,1,1,196.5,1,1,5.0,1.0,e6591c0e8814d0f576995dcf54016221,38150,verissimo,MG,8.047731481481481,21.29489583333333,0,196.5
05640486a5e0b8140b20506acf791af2,ee13725bd807d030e78f60a8113d120e,delivered,2017-07-04 17:27:52,2017-07-05 17:42:09,2017-07-06 13:54:25,2017-07-12 15:09:50,2017-07-26,379.99,18.91,1,1,398.9,5,1,5.0,1.0,881a55a8eb23e4aca96bce25c79021d9,1144,sao paulo,SP,7.904143518518518,21.272314814814816,0,398.90000000000003
a0965651e1058585af3d91274b10886e,1d257d261370603b279e82cea790cd1b,delivered,2017-07-04 17:27:56,2017-07-05 17:36:08,2017-07-07 12:55:35,2017-07-24 18:10:12,2017-07-28,205.0,22.27,1,1,227.27,10,1,3.0,1.0,700442f1551f01d60b312117c983bd4a,30130,belo horizonte,MG,20.029351851851853,23.27226851851852,0,227.27
3cc8411a4e4c202d794d444154b17835,d6db5ee5b53361802be791b85e7ef833,delivered,2017-07-04 17:33:41,2017-07-05 17:39:56,2017-07-11 19:13:08,2017-07-12 14:31:52,2017-07-17,12.88,8.27,1,1,21.15,1,1,2.0,1.0,f76b3c1ea5fb8adb4de3f19f7f28f29f,4207,sao paulo,SP,7.873738425925926,12.268275462962963,0,21.15
69916f0664db53d3c547f4a5644f701a,cb97954d835d52a03489a8ac745ca046,delivered,2017-07-04 17:43:43,2017-07-06 03:23:45,2017-07-06 15:25:14,2017-07-13 20:59:46,2017-08-04,67.0,17.04,1,1,84.04,1,1,4.0,1.0,60a86c2edc885538d3af59fcd44bc37d,30668,belo horizonte,MG,9.136145833333334,30.26130787037037,0,84.03999999999999
5b04f0ecb275afdd0e5d3f09ac07453c,feee0f137be45ee89865eeef68f652f2,delivered,2017-07-04 17:45:29,2017-07-06 03:23:50,2017-07-06 13:38:02,2017-07-21 16:27:39,2017-08-07,55.65,34.19,1,1,89.84,1,1,4.0,1.0,e4c6571b17e09eac2429e6b3731b53f1,62810,icapui,CE,16.945949074074075,33.26008101851852,0,89.84
0170fdd7ac7c7bbad5308207bd25a679,116e210883e0ea55bea66b38c5d71ede,delivered,2017-07-04 17:46:16,2017-07-05 17:40:06,2017-07-07 16:02:58,2017-07-10 17:55:08,2017-07-17,34.99,7.78,1,1,42.77,1,1,4.0,1.0,82902ed35742cd23bb67a4b774a0bc63,6717,cotia,SP,6.006157407407407,12.259537037037036,0,42.77
f017a9decac739e813123c172cc00276,1c0abb9215bf7e9bfb6af1330e66a8a7,delivered,2017-07-04 17:50:29,2017-07-05 17:43:09,2017-07-06 15:36:30,2017-07-17 19:13:14,2017-07-26,69.9,14.24,1,1,84.14,3,1,5.0,1.0,d4c20e9ae28a09c90546e5c7e22f02b9,88045,florianopolis,SC,13.057465277777778,21.256608796296295,0,84.14
f7791fd674aa787f1f33ae0fc5bb0e3c,a022d09d6218dea5a35a53d834e62912,delivered,2017-07-04 17:54:07,2017-07-05 17:40:43,2017-07-06 11:32:00,2017-07-10 17:52:45,2017-07-26,708.0,18.71,1,1,726.71,3,1,4.0,1.0,1df09f784cb5abafb89a1f313e164e43,22041,rio de janeiro,RJ,5.999050925925926,21.25408564814815,0,726.71
5716624efc4b08c1811ea65d40e31427,0d9eca4e834f2d5266531df950fcb6b8,delivered,2017-07-04 18:01:08,2017-07-05 17:40:42,2017-07-06 15:35:40,2017-07-14 17:39:41,2017-07-26,149.0,18.29,1,1,167.29,5,1,5.0,1.0,5f6bcc49296a9884181ff3e02f0ee62e,37195,santana da vargem,MG,9.985104166666666,21.249212962962964,0,167.29
cbc90985c7072faac06292f2a5b32529,40aad538d998bd48436285b683e3ce41,delivered,2017-07-04 18:20:56,2017-07-05 18:30:14,2017-07-07 13:07:42,2017-07-12 15:08:06,2017-07-24,100.2,25.38,2,1,125.58,5,1,5.0,1.0,3786e249b4f0204ecd72d5af64a2fd89,14090,ribeirao preto,SP,7.866087962962963,19.235462962962963,0,125.58
8800d14eb6eb6031624538ca8750b921,ea7863f999febf4f8c4f2c28ce9e1151,delivered,2017-07-04 18:21:02,2017-07-05 17:42:32,2017-07-11 20:47:57,2017-08-22 19:03:14,2017-07-26,109.9,15.52,1,1,125.42,6,1,1.0,1.0,e6ab5bc829c34bd01e24a33404aecf38,24220,niteroi,RJ,49.02930555555555,21.235393518518517,1,125.42
9fde8604e48e3fb51e7768a2c218b76c,9a03a5c2cf2c847c51d56eba03e00031,delivered,2017-07-04 18:25:23,2017-07-05 17:41:05,2017-07-07 18:25:36,2017-07-17 17:36:56,2017-07-26,9.9,15.1,1,1,25.0,1,1,5.0,1.0,0bbb42a9ca8179ccfce14a11d2afe6de,87020,maringa,PR,12.966354166666667,21.232372685185187,0,25.0
25748bf4790c5ff77d7f5f283fde9129,e4bc111ff6a3672e3fb0a57fe96fa29d,delivered,2017-07-04 18:39:24,2017-07-05 17:43:11,2017-07-06 13:54:25,2017-07-14 18:25:46,2017-07-28,379.99,19.91,1,1,399.9,10,1,5.0,1.0,bd8cf21c2e1165e97315e49f4c60ff10,85810,cascavel,PR,9.990532407407407,23.222638888888888,0,399.90000000000003
7bbfb7b266a0dd8e46dce73cbd9a64b5,86ee15caf2977e05352f37911a0f71bc,delivered,2017-07-04 18:42:43,2017-07-05 17:41:59,2017-07-06 12:56:29,2017-07-07 18:49:54,2017-07-17,34.9,7.78,1,1,42.68,4,1,5.0,1.0,483ae6655534c182b098b9502f5676cb,11709,praia grande,SP,3.004988425925926,12.220335648148149,0,42.68
91c743d287fad03a614394bf50338369,3fb639360268e4e64d24bb791ed8478e,delivered,2017-07-04 18:45:04,2017-07-06 03:23:53,2017-07-13 13:09:38,2017-07-17 19:50:00,2017-07-26,69.9,14.36,1,1,84.26,1,1,4.0,1.0,9e36fc0ecdb6016969d205b2791c31d3,89500,cacador,SC,13.045092592592592,21.218703703703703,0,84.26
085bc46be56c7b3c4d5d805843d02e5e,bd80c756ce1d4487087d59f88ebb9ea7,delivered,2017-07-04 18:48:46,2017-07-05 17:43:39,2017-07-06 16:27:05,2017-07-10 19:12:06,2017-07-26,29.9,16.11,1,1,46.01,1,1,5.0,1.0,10aa79627a28350b5c121a124096cb18,4459,sao paulo,SP,6.016203703703703,21.21613425925926,0,46.01
118ec9ddef528c64a545169b898e7699,7002324a84090313fb63b8d372fca9a6,delivered,2017-07-04 18:51:25,2017-07-05 19:23:13,2017-07-06 15:41:24,2017-07-12 17:04:06,2017-07-28,10.9,15.1,1,1,26.0,1,1,1.0,1.0,2844216d0982f6ced6f8cb8c2ede4136,93800,sapiranga,RS,7.925474537037037,23.214293981481482,0,26.0
18e83381f06c519894068bc3434fb638,7f98b1c191f40cc88ba51d1c70383621,delivered,2017-07-04 18:56:33,2017-07-05 17:39:46,2017-07-11 20:49:57,2017-07-14 15:59:55,2017-07-17,109.9,8.51,1,1,118.41,2,1,2.0,1.0,e2a39e986034a5b5dfd3df5b949fa618,7241,guarulhos,SP,9.877337962962963,12.210729166666667,0,118.41000000000001
1facf0f943e2e863012876581d779f16,725d1fd5d4a73c89ec3b335a0cfe825a,delivered,2017-07-04 18:59:13,2017-07-06 03:25:52,2017-07-07 20:32:43,2017-07-12 17:28:02,2017-07-28,70.0,32.22,2,1,102.22,1,1,4.0,1.0,1fbe4120c3f85b23463f637223a3003e,71990,brasilia,DF,7.936678240740741,23.208877314814814,0,102.22
cb8bb113b2281d7f3ff7faace4549b97,9fedf885f07927ce1b8f72e8dc8d53b9,delivered,2017-07-04 19:05:07,2017-07-05 17:41:44,2017-07-07 15:37:39,2017-07-13 18:36:50,2017-07-26,18.9,15.1,1,1,34.0,1,1,5.0,1.0,57742ce9227b5281011a0b4249c83f0b,26460,japeri,RJ,8.980358796296295,21.204780092592593,0,34.0
ea4b6713b8009eaeb7d72827ee097dc0,d53f4eb24571b232822f08a0ad906037,delivered,2017-07-04 19:08:30,2017-07-05 17:40:29,2017-07-06 14:27:37,2017-07-14 19:29:48,2017-07-26,99.99,16.95,1,1,116.94,2,1,,,9b2e057bf9be18bc0961bf6ee2f8dba4,24475,sao goncalo,RJ,10.014791666666667,21.202430555555555,0,116.94
14c9f30dcfd7bff68d5663ce8626cc19,c5a2778a8dbd64d32e3d0ee4995539a0,delivered,2017-07-04 19:23:29,2017-07-05 17:37:54,2017-07-06 10:28:51,2017-07-21 15:22:52,2017-08-09,259.9,32.49,1,1,292.39,3,1,4.0,1.0,de2426b2e8d245dddd14267acdc24244,68928,santana,AP,16.832905092592593,35.19202546296296,0,292.39
0757cb4ec76f9d0456800e40957db304,5cea701060ead4cc1a096a18ccf19ff5,delivered,2017-07-04 19:37:00,2017-07-05 17:41:34,2017-07-06 11:55:50,2017-07-12 18:12:26,2017-07-31,15.99,11.85,1,1,27.84,1,1,4.0,1.0,eb8ace0670e08632f5fe8977b669530e,13482,limeira,SP,7.941273148148148,26.18263888888889,0,27.84
910b6236c4771f905eeb252718b05b6e,1684ae14611db66fcad47175a24b643d,delivered,2017-07-04 19:37:38,2017-07-05 17:42:31,2017-07-07 17:02:40,2017-07-12 17:26:34,2017-07-26,99.9,17.95,1,1,117.85,1,1,5.0,1.0,b392ff4d509a87ad6b53535bccb8ad04,24435,sao goncalo,RJ,7.908981481481481,21.182199074074074,0,117.85000000000001
68ffb6a8abb783325c37e66d91eeb191,5032ecd958a19df06ff0623d8ef712a1,delivered,2017-07-04 19:43:44,2017-07-05 17:42:39,2017-07-07 13:55:44,2017-07-12 20:52:40,2017-07-27,56.99,11.9,1,1,68.89,1,1,5.0,1.0,fe6a76c801bc48ef40ee03170832f416,13720,sao jose do rio pardo,SP,8.04787037037037,22.17796296296296,0,68.89
729a7bb44995146ae1829243068341ef,8f006da388bf8a72df55590123b02d67,delivered,2017-07-04 19:46:09,2017-07-05 17:38:15,2017-07-06 14:30:30,2017-07-10 19:08:10,2017-07-26,32.86,28.2,2,1,61.06,1,1,5.0,1.0,f86947d4233249fd9ab6c9cf113d2dd1,21941,rio de janeiro,RJ,5.973622685185185,21.17628472222222,0,61.06
f75517cfb973c21eab8559a870263794,cabb8af06c1bc856f52368fd7772e41f,delivered,2017-07-04 19:48:21,2017-07-05 17:42:57,2017-07-07 13:11:21,2017-07-11 20:27:58,2017-07-27,205.0,26.27,1,1,231.27,10,1,5.0,1.0,38d1d975968b0fc361aac11b1b18ab34,38082,uberaba,MG,7.027511574074074,22.174756944444443,0,231.27
3eb6d6c16c2b144b83985bcacd6ed72a,49cb929dcf7af515d4a1d1ba19387317,delivered,2017-07-04 19:59:17,2017-07-05 17:43:05,2017-07-10 18:22:21,2017-07-11 14:18:46,2017-07-18,35.99,8.72,1,1,44.71,1,1,5.0,1.0,35e32af235030874a6b6ccf5f328e8ac,3065,sao paulo,SP,6.7635300925925925,13.167164351851852,0,44.71
a4cab55a223b91d0013b1f7d634eff40,fd5e7c97c97973f64260f2ff182a1f46,delivered,2017-07-04 20:11:36,2017-07-05 17:39:44,2017-07-10 14:23:38,2017-07-19 20:32:39,2017-07-24,28.99,11.85,1,1,40.84,4,1,1.0,1.0,19c33c14b3e3f9cb3343cafdf67a1e2f,12120,tremembe,SP,15.014618055555555,19.15861111111111,0,40.839999999999996
4f04cf5f96101782fbd1b6cf9ec942ea,42262967d28e564f7c9f5cc3bd304d38,delivered,2017-07-04 20:12:16,2017-07-05 17:42:45,2017-07-12 14:09:52,2017-07-17 21:41:21,2017-08-01,230.0,46.11,1,1,276.11,4,1,4.0,1.0,96c4b67336852f2e3307eff3db276434,37026,varginha,MG,13.061863425925926,27.158148148148147,0,276.11
0573b5e23cbd798006520e1d5b4c6714,c4e17eff78176dfe3401f03db0346f85,delivered,2017-07-04 20:32:10,2017-07-06 03:15:36,2017-07-06 13:27:31,2017-07-13 19:34:27,2017-07-26,36.85,15.1,1,1,51.95,1,1,4.0,1.0,511c345b0383af6ef25406c564e4d6b6,17780,lucelia,SP,8.959918981481481,21.144328703703703,0,51.95
14f478070db62f51c33367debce4f1d1,fed7a1c4146b45f0ddb2b285da5379cf,delivered,2017-07-04 20:32:22,2017-07-05 17:38:28,2017-07-06 15:17:54,2017-07-12 20:42:56,2017-07-26,56.9,15.15,1,1,72.05,3,1,4.0,1.0,7c5ccf4e7f7a4ab06c45c27d038e8c10,5508,sao paulo,SP,8.007337962962962,21.144189814814816,0,72.05
e16650a3a92e18a06ea6653a3144fbbe,63fad851f1baab6ad6bf74a8b59f5521,delivered,2017-07-04 20:34:10,2017-07-05 17:39:26,2017-07-06 14:24:16,2017-07-21 19:12:42,2017-08-07,239.9,22.48,1,1,262.38,3,1,5.0,1.0,14c3bfeafd0be939111e4ef42b14d8b6,76820,porto velho,RO,16.943425925925926,33.14293981481482,0,262.38
df1673f73c6ab875ce62808a1e5e460b,e58233586c7ac3988d6484934d492028,delivered,2017-07-04 20:36:40,2017-07-05 17:42:26,2017-07-06 13:54:36,2017-08-09 15:35:42,2017-08-07,23.2,15.1,1,1,38.3,1,1,5.0,1.0,49f4b8e23834d6306a113014a0ae88a0,8725,mogi das cruzes,SP,35.79099537037037,33.1412037037037,1,38.3
03e1f719ea43e7eb59344cf78cd99ff4,c447c5e0a10dfabee87e3d41dc0250eb,delivered,2017-07-04 20:43:38,2017-07-05 17:40:07,2017-07-10 19:13:49,2017-07-12 17:07:59,2017-07-27,49.9,7.78,1,1,57.68,1,1,4.0,1.0,7a167e835e9a0aa46714fdce78a7ecb4,13160,artur nogueira,SP,7.850243055555556,22.13636574074074,0,57.68
417f9f65f61787a7bec245c5e8c589dc,f2220e827c9230ec561dab611317a232,delivered,2017-07-04 20:46:07,2017-07-06 19:30:11,2017-07-07 20:19:47,2017-07-27 19:39:54,2017-07-27,19.7,25.19,1,1,44.89,1,1,,,56bbcf30b470277b4241528cb33bab2a,23911,angra dos reis,RJ,22.954016203703702,22.134641203703705,1,44.89
2301c13c9dc02b9c8d61919206e15e1c,c22bc32565fea4b4f107a60eff0c000b,delivered,2017-07-04 21:05:59,2017-07-05 17:43:38,2017-07-07 19:22:50,2017-07-31 17:35:01,2017-07-28,77.9,17.8,1,1,95.7,9,1,1.0,1.0,30b4c4127d58e284b0e23035af55848c,29360,castelo,ES,26.85349537037037,23.120844907407406,1,95.7
eb46d05c021b6c642a9bb429a4a2eb2d,6c72660cf12c1182dec5dd6b28a3c59b,delivered,2017-07-04 21:21:17,2017-07-05 17:43:06,2017-07-06 13:47:37,2017-07-10 18:11:37,2017-07-17,88.0,9.63,1,1,97.63,2,1,5.0,1.0,23616fe0ece4185d9bf3e60a6d01aef8,24743,sao goncalo,RJ,5.868287037037037,12.110219907407407,0,97.63
bfc8542b30ac37f22fb53ab41e8fdf20,918e7a54bf36d024fb73d4a6f16ee6ea,delivered,2017-07-04 21:28:10,2017-07-05 17:42:57,2017-07-10 19:32:22,2017-07-13 16:35:36,2017-07-28,110.0,18.02,1,1,128.02,10,1,4.0,1.0,5c19d1832e57e9c8f2767f985237e9a7,95765,bom principio,RS,8.796828703703703,23.105439814814815,0,128.02
2c7051c176c93c8ebbf5f8a23dc16e9a,ffde74a56e489b52112c7dbfff53d191,delivered,2017-07-04 21:32:20,2017-07-05 17:41:33,2017-07-06 14:26:06,2017-07-27 17:32:34,2017-08-07,324.3,47.86,1,1,372.16,2,1,5.0,1.0,f71e54b79ff6f63bd5fb1e90fa9e42c1,68140,uruara,PA,22.833495370370372,33.102546296296296,0,372.16
dd65ebf209e7f649ebd0db15a8f61b24,014945a1b791b4b3585bc9d2e8a85d82,delivered,2017-07-04 21:39:30,2017-07-06 03:15:36,2017-07-06 14:42:30,2017-07-11 13:03:46,2017-07-24,24.75,12.69,1,1,37.44,1,1,5.0,1.0,f9440ee3262032e0f0ea6ab93edad013,5346,sao paulo,SP,6.641851851851852,19.097569444444446,0,37.44
0bae1ef5e585b8bb8d250d4a75736bf6,8b2cfc7e3b8fe0472330ccdd448c902f,delivered,2017-07-04 21:57:51,2017-07-05 17:38:28,2017-07-06 15:23:32,2017-07-17 17:59:29,2017-07-17,56.9,8.27,1,1,65.17,1,1,5.0,1.0,6e26bbeaa107ec34112c64e1ee31c0f5,21381,rio de janeiro,RJ,12.834467592592592,12.084826388888889,1,65.17
9df520859ce9b45d0374814efd12f9fd,588d90ff683d3e9427d33aad3ca8ef82,delivered,2017-07-04 22:08:48,2017-07-05 17:43:50,2017-07-06 13:47:06,2017-07-12 19:37:42,2017-07-24,102.9,14.45,1,1,117.35,1,1,3.0,1.0,c77b4bb192918ceba50cd4d6bcf64b67,37190,tres pontas,MG,7.895069444444444,19.077222222222222,0,117.35000000000001
237b7387b0657475c4aea69a0fdd6ab4,a517c2e33d74166672a1c9424c27cc49,delivered,2017-07-04 22:16:43,2017-07-05 22:10:18,2017-07-06 13:58:10,2017-07-11 13:19:42,2017-07-26,119.9,18.09,1,1,137.99,10,1,5.0,1.0,3bbf81ecb17fd43eddb6bd7ee794e094,28570,itaocara,RJ,6.627071759259259,21.07172453703704,0,137.99
527f95bc978265984802f8ef4ed9dd51,19164000c4f2f70911bb28eb4b20325a,delivered,2017-07-04 22:39:18,2017-07-05 17:41:56,2017-07-07 13:55:42,2017-07-10 11:47:53,2017-07-17,64.9,7.78,1,1,72.67999999999999,1,1,5.0,1.0,2b91bb4588971e47d6555d038dcbc192,4143,sao paulo,SP,5.5476273148148145,12.056041666666667,0,72.68
0d6fbe13e1bee14aa67cfcda25ee1781,a85aa0eaabbe195c286dedb52f4c8d21,delivered,2017-07-04 22:57:31,2017-07-05 17:40:17,2017-07-06 15:40:01,2017-07-13 21:37:02,2017-07-26,99.0,32.02,1,1,131.02,2,1,5.0,1.0,b11721d9def930052187b45b2b59a3b4,21550,rio de janeiro,RJ,8.944108796296296,21.043391203703703,0,131.02
27f94439147cec2228561de8e5775ac1,075ef61489ef7122c2a0f69e79c55ff3,delivered,2017-07-04 23:03:40,2017-07-06 03:23:36,2017-07-07 14:45:32,2017-07-13 18:29:47,2017-07-28,99.0,16.94,1,1,115.94,1,1,5.0,1.0,757423381d83adecca877fc69cfb8540,73060,sobradinho,DF,8.809803240740742,23.03912037037037,0,115.94
767e77d7d76d75ea5309d5345699cc44,9de7fef5728db3b3dbd095e0533f58e4,delivered,2017-07-04 23:05:45,2017-07-05 17:42:17,2017-07-06 15:29:25,2017-07-11 17:57:20,2017-07-26,82.89,30.35,2,2,113.24,8,1,1.0,1.0,bcf0a5f0f3ec8639f940749aab360d8f,30570,belo horizonte,MG,6.785821759259259,21.03767361111111,0,113.24000000000001
b3e2b81932a8bc32dfffd128937c3c5e,cb633030180d869d7bb76aa783a78b6d,delivered,2017-07-04 23:29:52,2017-07-05 17:36:19,2017-07-07 13:11:21,2017-07-10 19:07:41,2017-07-18,205.0,15.04,1,1,220.04,10,1,5.0,1.0,bdd790f120738cf7ae6c93b292f4dad2,4726,sao paulo,SP,5.81792824074074,13.020925925925926,0,220.04
4fb3b317ad7e8e1d246e73b8ab6de2fa,a694746ff1ab375e60b169442f575439,delivered,2017-07-04 23:56:09,2017-07-05 17:39:45,2017-07-12 20:07:57,2017-07-17 13:03:29,2017-07-25,45.9,15.98,1,1,61.88,2,1,5.0,1.0,c9958ba63144cceed7eeb0e880042e8e,3040,sao paulo,SP,12.54675925925926,20.00267361111111,0,61.879999999999995
e1cce1b92d11a7a2edd0cbcb4de05aa5,a1afc1a6763024c94654daff0d4f4040,delivered,2017-07-04 23:59:54,2017-07-06 03:23:40,2017-07-06 11:57:41,2017-07-18 10:57:42,2017-08-02,65.0,25.73,1,1,90.73,1,1,4.0,1.0,e949582c753d31ad0c42ed4b351e0bc1,71909,brasilia,DF,13.456805555555556,28.000069444444446,0,90.73
fdf3b97e92962b8843c67a2c85c21f58,2bd8110535c65cd7a03ad8863109458d,delivered,2017-07-05 00:20:08,2017-07-06 00:25:17,2017-07-06 14:08:03,2017-07-15 13:32:10,2017-08-03,99.0,21.09,1,1,120.09,6,1,4.0,1.0,9821e9f49df5e8ba2298a6aef45b449f,24730,sao goncalo,RJ,10.550023148148147,28.98601851851852,0,120.09
d744783ed2ace06cac647a9e64dcbcfd,fd123d346a17cdf5e37a2a85501069bf,delivered,2017-07-05 00:22:57,2017-07-05 17:39:36,2017-07-10 19:39:48,2017-07-12 17:54:38,2017-07-25,9.0,11.85,1,1,20.85,1,2,4.0,1.0,c411c8b6dbaffd467263f87a23f2cf52,4140,sao paulo,SP,7.730335648148148,19.9840625,0,20.85
fa23ac72814ef3312abee6d83bba7665,a39da20241de11dabac0661fc5c258b9,delivered,2017-07-05 00:35:30,2017-07-05 17:42:30,2017-07-06 12:56:29,2017-07-07 19:05:08,2017-07-18,26.9,7.78,1,1,34.68,1,1,5.0,1.0,8c5232073a6175948e07a4aecf306ed6,9403,ribeirao pires,SP,2.7705787037037037,12.975347222222222,0,34.68
d1a6e1e7cadfe1427229d6a8afc29222,d066605889f2209871ba356e9e602fa6,delivered,2017-07-05 00:37:32,2017-07-05 17:39:14,2017-07-10 14:12:40,2017-07-24 21:04:44,2017-07-27,149.84,18.3,1,1,168.14,7,1,4.0,1.0,d4e18ba02dea891aa1541250c92854d6,70862,brasilia,DF,19.852222222222224,21.973935185185184,0,168.14000000000001
eeeef97bf3c86c4a53f1cf963efca5f1,efe7268671626ef54c866f7be8553717,delivered,2017-07-05 00:51:58,2017-07-05 17:38:08,2017-07-06 17:34:42,2017-07-25 19:04:39,2017-08-08,103.9,38.52,1,1,142.42,2,1,4.0,1.0,105c24b5a1b794caa603efdcdd849a39,65058,sao luis,MA,20.75880787037037,33.96391203703703,0,142.42000000000002
8b5056c432a43ae02436c309892d84ff,3f900bd55c8b0d06474ca46cf359a998,delivered,2017-07-05 00:57:31,2017-07-06 03:25:32,2017-07-06 13:27:43,2017-07-17 18:12:48,2017-07-27,59.9,15.18,1,1,75.08,1,1,5.0,1.0,ead238a26764b16b5d7276212e02c577,88080,florianopolis,SC,12.718946759259259,21.96005787037037,0,75.08
6b7e44ace55db40da866f0266049775a,f8047d317c2ccaaacad2df0365dcbf4e,delivered,2017-07-05 01:30:09,2017-07-06 01:25:09,2017-07-07 12:34:26,2017-07-11 18:19:38,2017-07-25,56.0,13.41,1,1,69.41,6,1,5.0,1.0,65af86340218f71a500596087e69bd10,18540,porto feliz,SP,6.7010300925925925,19.937395833333333,0,69.41
16cdedbb1542ddfe411a0b979b43aa64,c5aad2d16788dbb223b0e53e18f9bfe8,delivered,2017-07-05 01:51:23,2017-07-05 17:41:05,2017-07-06 13:58:19,2017-07-12 19:38:40,2017-07-31,79.8,32.22,2,1,112.02,5,1,4.0,1.0,9234036c632137baacab3ea380928f96,96225,sao jose do norte,RS,7.741168981481482,25.922650462962963,0,112.02
cc2999bc678cab0949b90c4759d7a284,dfa8a1b565b79938d84942f83d88a2f7,delivered,2017-07-05 07:54:13,2017-07-05 17:36:24,2017-07-07 17:41:51,2017-07-18 16:52:30,2017-08-02,104.64999999999999,60.4,4,2,165.05,10,1,5.0,1.0,630331e73a79ae9a2ba821bd326ea298,88850,forquilhinha,SC,13.37380787037037,27.67068287037037,0,165.04999999999998
06b2c7035561ef12b16045ef4bf459e2,8bb9547aec97f493e91a078f66fa7ac5,delivered,2017-07-05 07:54:14,2017-07-05 17:38:29,2017-07-06 11:55:27,2017-07-12 17:53:56,2017-07-27,52.9,15.12,1,1,68.02,6,1,5.0,2.0,630331e73a79ae9a2ba821bd326ea298,88850,forquilhinha,SC,7.416458333333333,21.670671296296295,0,68.02
ba8b9d2af2cab78e1ea29076e3b2b95d,2713a21879b222ab38ade5733139232f,delivered,2017-07-05 08:07:26,2017-07-06 03:25:39,2017-07-06 09:26:27,2017-07-07 18:57:19,2017-07-18,39.9,8.11,1,1,48.01,1,1,5.0,1.0,d578639b3381f6d6afa8f049337ab68b,32415,ibirite,MG,2.4513078703703703,12.66150462962963,0,48.01
308256913db7cca26b82a45703a10432,225d7f77c40f2ba1a5a9689b7fdf2537,delivered,2017-07-05 08:29:05,2017-07-05 17:40:45,2017-07-06 13:25:26,2017-07-10 16:42:41,2017-07-27,24.9,31.68,1,1,56.58,2,1,4.0,1.0,233437b93c3c0e406a565e0dc3d5aa07,20221,rio de janeiro,RJ,5.342777777777778,21.646469907407408,0,56.58
8057ce8ffded1481446ada68f97941d6,2efa8d107eb5b62a6506419325b8fc28,delivered,2017-07-05 08:48:20,2017-07-06 08:55:11,2017-07-13 20:47:34,2017-07-19 17:06:26,2017-08-02,209.99,53.48,1,1,263.47,2,1,3.0,1.0,4ed27c4720bb91443256a9f03bca14c1,30130,belo horizonte,MG,14.345902777777777,27.63310185185185,0,263.47
f0f32c83bd4335d68622f39d68724658,fd19265dfd86ea0dafc13a23b1a53c05,delivered,2017-07-05 08:49:13,2017-07-05 17:42:18,2017-07-07 14:15:35,2017-07-10 19:37:42,2017-07-20,7.0,7.78,1,1,14.78,1,1,5.0,1.0,ec51a76768c6654a24541caed2b7a0f3,13060,campinas,SP,5.450335648148148,14.632488425925926,0,14.780000000000001
07fbc4f433fc8754c492bc6dfb0b1c52,6a562d22d4e2ce223ae7ad8bfd834ab0,delivered,2017-07-05 08:49:56,2017-07-05 17:41:46,2017-07-06 16:48:47,2017-07-25 19:42:50,2017-07-27,94.98,21.15,1,1,116.13,1,1,4.0,1.0,bb78f4743e618d1b7d4e8fddb9494542,28893,rio das ostras,RJ,20.45340277777778,21.63199074074074,0,116.13
bab35d4bee5e00cef20aed6a2cb89dd4,8fbb909a9ba45685555683ea0138d2ee,delivered,2017-07-05 09:08:28,2017-07-05 17:40:45,2017-07-07 17:11:18,2017-07-07 20:12:29,2017-07-27,240.19,47.34,4,3,287.53,5,1,1.0,1.0,46f1052e5dd26aa23ff9004b8edb293e,20050,rio de janeiro,RJ,2.461122685185185,21.61912037037037,0,287.53
82abb29aa619c2fd597a4267ea7069d3,2e403c554b8457025a15714287aeeeb5,delivered,2017-07-05 09:15:25,2017-07-06 03:15:11,2017-07-06 16:24:04,2017-07-11 19:49:34,2017-07-25,189.99,12.83,1,1,202.82,1,1,5.0,1.0,9863c758a10c8d938f054fb48c464738,14024,ribeirao preto,SP,6.440381944444445,19.61429398148148,0,202.82000000000002
37104fd8b73d0691fda9491fe8906808,328d7a69cb9cbaf088eed3ed778804bb,delivered,2017-07-05 09:16:49,2017-07-07 02:50:37,2017-07-07 21:03:12,2017-07-17 17:23:48,2017-08-07,90.0,32.22,2,1,122.22,1,1,4.0,1.0,92f65b75e3c4a45c14f410b4aac4db69,95835,mato leitao,RS,12.338182870370371,32.61332175925926,0,122.22
3d98c6327fa1c45b931c31e7ca2c97cb,8c7953eb37c293e85b08127802daf589,delivered,2017-07-05 09:22:15,2017-07-06 10:30:18,2017-07-07 13:03:37,2017-07-13 19:36:28,2017-08-03,54.9,19.87,1,1,74.77,2,1,5.0,1.0,ace3470acecc74a70907233266cc44d3,20040,rio de janeiro,RJ,8.426539351851853,28.609548611111112,0,74.77
fa481f6753c67fbae9e5c33ad91c5049,0f9e46489187f0bd5f4394700ea47f93,delivered,2017-07-05 09:25:33,2017-07-05 17:42:09,2017-07-07 17:51:49,2017-07-19 18:27:31,2017-07-27,241.1,39.53,1,1,280.63,5,1,5.0,1.0,7442fb3a6b65bf86d1bee0b11615599e,86185,cambe,PR,14.376365740740741,21.607256944444444,0,280.63
39af19b1c6ebb39c4e7100d28e4330b6,38a49a19c6dfe1e2581b373855fc3d8b,delivered,2017-07-05 09:31:18,2017-07-06 07:10:15,2017-07-07 15:11:25,2017-07-25 21:51:58,2017-07-27,899.0,75.17,1,1,974.17,10,1,4.0,1.0,2db82e4fa35953583d886035c79e9712,36072,juiz de fora,MG,20.514351851851853,21.60326388888889,0,974.17
1843a612dd545ac2586d886db26c7af1,061eaa12db459fd7f6ba6a8b01f47652,delivered,2017-07-05 09:48:38,2017-07-05 17:42:30,2017-07-07 13:12:10,2017-07-14 20:12:12,2017-07-31,205.0,18.14,1,1,223.14,6,1,5.0,1.0,0d0bd0b9d01d33f30b80f395a4f0f824,37704,pocos de caldas,MG,9.433032407407408,25.59122685185185,0,223.14
9130f021ebec02fff9a8bf9e04e8101a,63c9751cfa889ceb6f4478eb55959415,delivered,2017-07-05 09:53:02,2017-07-05 17:41:50,2017-07-06 11:16:51,2017-07-07 21:25:34,2017-07-18,44.49,7.78,1,1,52.27,2,1,5.0,1.0,e0c771120076aeef2cc5f6ad7e19477c,13308,itu,SP,2.4809259259259258,12.588171296296297,0,52.27
d47c2d8c2b87d0d6ef7d4db06bf359ee,1b4161aae1f4de9b9756f21e46ae2106,delivered,2017-07-05 09:59:32,2017-07-05 17:39:28,2017-07-07 19:39:00,2017-07-14 20:23:47,2017-07-27,34.9,15.1,1,1,50.0,1,1,5.0,1.0,bda8f2bcbf3a4a1fa3eb24b827c7a53c,37925,piumhii,MG,9.433506944444444,21.583657407407408,0,50.0
0a681d622e6b5d09ddfa071a5785c916,e84f49649af1492bb0ce7d6df227a76b,delivered,2017-07-05 10:05:49,2017-07-05 17:39:54,2017-07-07 12:17:44,2017-07-14 18:59:31,2017-07-31,329.0,39.6,1,1,368.6,10,1,5.0,1.0,091ca53d5f3012d1e4e6c940b313b1e2,26311,queimados,RJ,9.370625,25.57929398148148,0,368.6
40e6624f975fba72e2ca10754a14e078,cd241e892ac3082d6f1b45ca49ad158a,delivered,2017-07-05 10:09:40,2017-07-05 17:41:32,2017-08-08 12:22:59,2017-08-17 22:37:46,2017-08-10,259.46,16.57,1,1,276.03,1,2,1.0,1.0,2ff3dcc998781b110af2dd048670f33a,17900,dracena,SP,43.51951388888889,35.57662037037037,1,276.03
d02bfb7e0c24da3338699d38469e3e12,fac5e047dfe7fe85724e99ce3ff7eb80,delivered,2017-07-05 10:36:33,2017-07-05 17:37:56,2017-07-06 13:58:14,2017-07-17 22:49:35,2017-08-04,99.9,19.94,1,1,119.84,2,1,4.0,1.0,f40511c8bdc27d27e6b36d78bd7931b8,78050,cuiaba,MT,12.509050925925926,29.55795138888889,0,119.84
405894653b2f151f3eb662b80f9b8a92,b480fdb7cc6b24ef1a4ca5613f495e81,delivered,2017-07-05 10:43:20,2017-07-06 03:10:21,2017-07-10 12:02:42,2017-07-17 15:55:31,2017-07-27,71.8,30.2,2,1,102.0,1,1,1.0,1.0,f55adc2add1189f9a49d317405ec2a76,35162,ipatinga,MG,12.216793981481482,21.55324074074074,0,102.0
67348b916dece1709eda43da06e03fed,02be3c1e80d42583e71d6c2eb9cade45,delivered,2017-07-05 10:50:48,2017-07-06 22:25:12,2017-07-11 16:47:54,2017-07-17 18:17:54,2017-08-03,19.99,15.11,1,1,35.1,1,1,5.0,1.0,434dde55bcf4bfdc3f70e979046c5412,81580,curitiba,PR,12.31048611111111,28.548055555555557,0,35.099999999999994
d579ba069db1e48f36231244a9a83736,44d7a0bb55a00642fc8e3c525e47aa70,delivered,2017-07-05 10:55:06,2017-07-05 17:39:38,2017-07-11 20:29:24,2017-07-14 16:15:46,2017-07-26,314.0,33.46,2,1,347.46,1,1,5.0,1.0,e7e90162d2dec13d14abbb4b3268aaa6,3678,sao paulo,SP,9.222685185185185,20.545069444444444,0,347.46
c71ea8a5b6871328f8f6fc3998b96e2f,d94318baed6b8508abf89b3056bff788,delivered,2017-07-05 11:00:26,2017-07-05 17:39:25,2017-07-12 19:27:34,2017-07-19 01:57:44,2017-08-08,149.9,25.6,1,1,175.5,3,1,,,5fe221ba973f287e6e225e2aab91fc20,64076,teresina,PI,13.623125,33.541365740740744,0,175.5
64c4cb66d0d00f017802b2f46c80f74c,ad9b4f3dd57344377da2dafa6a193ddd,delivered,2017-07-05 11:32:56,2017-07-06 03:25:33,2017-07-12 17:43:32,2017-07-17 19:53:48,2017-07-25,41.9,12.48,1,1,54.38,1,1,5.0,1.0,b2a35fdfe13998540dc5fdda95e35ceb,99740,barao de cotegipe,RS,12.347824074074074,19.518796296296298,0,54.379999999999995
d9b926f382e364900c6af21aeaede034,283c934c7ac7c2da310b1f4d826c6d0b,delivered,2017-07-05 11:32:56,2017-07-06 03:25:30,2017-07-07 13:55:44,2017-07-14 20:46:47,2017-08-02,84.99,15.34,1,1,100.33,1,1,5.0,1.0,b2a35fdfe13998540dc5fdda95e35ceb,99740,barao de cotegipe,RS,9.384618055555556,27.518796296296298,0,100.33
27f9fff9f14236589804b62bce39f526,f3318c51c9a6779c89f2567475b4a6b9,delivered,2017-07-05 11:55:58,2017-07-05 17:42:57,2017-07-06 13:55:38,2017-07-17 19:02:35,2017-07-31,122.5,18.11,1,1,140.61,2,1,5.0,1.0,df38102d80095da57461f4e328d3ae7e,85555,palmas,PR,12.296261574074075,25.502800925925925,0,140.61
26bfc6c6251ef7eda55f7bc7f11e9647,1b87dde95bf20a1e1a2f023369c7f7db,delivered,2017-07-05 11:56:09,2017-07-05 17:43:11,2017-07-11 16:34:32,2017-07-19 20:34:51,2017-08-04,195.66000000000003,69.0,2,1,264.66,1,1,5.0,1.0,553ddce64bc3802244fe88160fbdbd34,87083,maringa,PR,14.360208333333333,29.50267361111111,0,264.66
e8f1a30189522698bfce82adf60472e7,945080eedd200e670d94e8b707422871,delivered,2017-07-05 11:58:33,2017-07-05 17:38:31,2017-07-06 11:04:07,2017-07-07 20:44:41,2017-07-18,44.99,7.78,1,1,52.77,2,1,5.0,1.0,0e78d5d8e92c4454512d545b10be8585,13211,jundiai,SP,2.3653703703703703,12.501006944444445,0,52.77
a6ab143f24e590dc7c72a62bc4eab3af,5ec380e68c105ab6d4800a13cbbe6593,delivered,2017-07-05 12:01:32,2017-07-06 07:15:24,2017-07-13 20:44:52,2017-07-24 14:52:38,2017-08-02,119.99,30.68,1,1,150.67,1,1,4.0,1.0,22fc23448fa5a8d3a334af11ee93625a,26545,nilopolis,RJ,19.118819444444444,27.498935185185186,0,150.67
6164f657084f27df744b7ba94beee2e1,640c8795259e57d4b730211f3da2271a,delivered,2017-07-05 12:03:14,2017-07-05 17:42:58,2017-07-06 15:57:38,2017-07-11 18:33:27,2017-08-08,36.0,45.3,3,1,81.3,5,1,5.0,1.0,593cb774409e5239a1946d1c88e0813d,87045,maringa,PR,6.270983796296297,33.49775462962963,0,81.3
71e416d9d84276bdc21bbe8e5897f908,9066ab3168b0115faeae69a808b77781,delivered,2017-07-05 12:13:21,2017-07-05 17:36:59,2017-07-07 19:35:48,2017-07-10 18:04:39,2017-07-21,99.0,31.0,1,1,130.0,10,1,3.0,1.0,2b56e2cc3e850471212fb92472a51116,1508,sao paulo,SP,5.2439583333333335,15.490729166666666,0,130.0
5e73c84a4d8bfcb7f5f1aca946e843c7,d57d4907c0bffedc7eaa6a8bad9d3249,delivered,2017-07-05 12:24:06,2017-07-06 06:43:48,2017-07-13 21:12:36,2017-07-29 16:22:27,2017-08-10,169.99,49.8,1,1,219.79,1,1,4.0,1.0,44e905b20a14f06ab278d91af2629815,41905,salvador,BA,24.165520833333332,35.48326388888889,0,219.79000000000002
f6dd1aa8fa3044414e22a55d943ab7b1,08fabe21a36ebb71c55616524790909b,delivered,2017-07-05 12:25:05,2017-07-07 02:51:05,2017-07-07 17:12:35,2017-07-17 11:26:51,2017-07-19,20.0,7.78,1,1,27.78,1,1,5.0,1.0,60533f24c64a9b629fe08ff6cc8d7099,4960,sao paulo,SP,11.959560185185186,13.482581018518518,0,27.78
f23793738e43d0f06f5c84486239ef45,687a8d0f9f48e958e28dab91da45a55c,delivered,2017-07-05 12:27:30,2017-07-06 07:15:22,2017-07-07 15:56:51,2017-07-17 23:21:35,2017-08-08,349.8,34.9,1,1,384.7,1,1,5.0,1.0,1802564b88918412a66fd35c3a0be598,60115,fortaleza,CE,12.454224537037037,33.48090277777778,0,384.7
6c4b00d2f2c7cbac0902dd6367da9f97,25613332a78a059ea028f0360023a830,delivered,2017-07-05 12:47:45,2017-07-05 17:39:25,2017-07-06 14:59:46,2017-07-11 18:03:02,2017-07-25,75.0,13.55,1,1,88.55,4,1,5.0,1.0,0c7d571c947a548acd97297248692caf,12630,cachoeira paulista,SP,6.218946759259259,19.466840277777777,0,88.55
5e08f8357b3660485f47d00381feaa6f,6f3ff429d5c4b068e63ef27beeace380,delivered,2017-07-05 13:00:03,2017-07-06 13:05:19,2017-07-07 16:53:43,2017-07-21 18:45:03,2017-07-31,152.9,18.32,1,1,171.22,3,1,5.0,1.0,beb9a932b5131b25944dcf8cee8ada78,72220,brasilia,DF,16.239583333333332,25.45829861111111,0,171.22
04c3f7aeb511208363bae893105bd410,dfeb892a28d77cb8432b1c0c402bfcc8,delivered,2017-07-05 13:05:53,2017-07-05 17:42:58,2017-07-13 20:44:53,2017-07-21 19:31:58,2017-07-31,119.94,21.85,1,1,141.79,1,1,5.0,1.0,dd4dea9fc10dc16658ecb15ee6ecb263,15035,sao jose do rio preto,SP,16.268113425925925,25.454247685185184,0,141.79
82ddf38783ac58b33eb4a6e617f85a22,080dfe3c493444a1fe042b4668e4b01d,delivered,2017-07-05 13:08:23,2017-07-05 17:42:58,2017-07-06 15:17:54,2017-07-13 23:41:18,2017-07-27,56.9,15.15,1,1,72.05,2,1,5.0,1.0,940a6d4dabbb99c70905981432242887,18051,sorocaba,SP,8.439525462962964,21.452511574074073,0,72.05
0084209c576daad6ff4534902fcb4892,7bfe2d37d3643c4bd9fe6fd5c4228d0e,delivered,2017-07-05 13:14:26,2017-07-05 17:41:17,2017-07-06 15:29:25,2017-07-18 12:34:02,2017-07-27,69.9,15.24,1,1,85.14,8,1,3.0,1.0,f3c96794acb463d2a2785d4eb46af0bf,23035,rio de janeiro,RJ,12.971944444444444,21.448310185185186,0,85.14
b14ae2aa6b78c0919c5199b5f6cd3b05,41aaf6c5c39d252a49c3dfe5ecd0c9c4,delivered,2017-07-05 13:24:56,2017-07-07 02:44:07,2017-07-10 10:34:33,2017-07-17 13:24:46,2017-07-25,65.36,11.96,1,1,77.32,1,1,5.0,1.0,04c0fef9b7d165360bad6e3385e48125,7130,guarulhos,SP,11.99988425925926,19.44101851851852,0,77.32
a2e6b3c462fbefc8709b2eb5f51f809b,0e1c72b69b4c8f473de3b34712a15a76,delivered,2017-07-05 13:27:40,2017-07-06 03:24:07,2017-07-06 15:40:01,2017-07-13 17:38:00,2017-08-02,99.99,56.93,1,1,156.92,1,1,5.0,1.0,862b2b94a70e91cb0e9f1224d736992d,84172,castro,PR,8.173842592592592,27.43912037037037,0,156.92
1f32e76e92fc0ebf756639dad26ebaa9,f4dd96cb420c457ddfe5059609035b9f,delivered,2017-07-05 13:39:22,2017-07-07 02:46:03,2017-07-07 17:59:52,2017-07-10 19:57:28,2017-07-19,205.0,15.04,1,1,220.04,1,1,2.0,1.0,881b414b317ce75bddc5d2a8167da37f,9015,santo andre,SP,5.262569444444445,13.43099537037037,0,220.04
e52223f2c81fa3a68e1bbd37037abc5c,b010fa7790690f927ff0a2883587e53a,delivered,2017-07-05 13:40:18,2017-07-05 17:36:33,2017-07-06 14:42:11,2017-07-17 19:23:47,2017-07-27,24.0,15.1,1,1,39.1,3,1,5.0,1.0,7e15d02591e7b28a5f3521026dc334e8,24210,niteroi,RJ,12.238530092592592,21.430347222222224,0,39.1
b3ccff708b4d00e9f5ddbbadfdf427b3,aeb04df5f92479711fd4d147f5a993c3,delivered,2017-07-05 13:45:16,2017-07-05 17:41:10,2017-07-11 18:47:49,2017-07-19 23:17:56,2017-07-31,31.9,16.79,1,1,48.69,4,1,2.0,1.0,8362d833c1b53d7c08ff61c9d9932225,20530,rio de janeiro,RJ,14.397685185185185,25.426898148148148,0,48.69
83d214da3624ec29a433e01e7ec0f492,34b0bd805c03ac6e12797c098d6258ea,delivered,2017-07-05 13:54:41,2017-07-05 17:39:59,2017-07-07 19:35:47,2017-07-10 17:45:56,2017-07-18,79.9,11.76,1,1,91.66,1,1,5.0,1.0,e22fb84bf2f1fb04c418ac15a3507d7b,4004,sao paulo,SP,5.160590277777778,12.420358796296297,0,91.66000000000001
9eecf4b8716283fcb0f026e1308cc805,df7eca384a2355c9094734f3db37c0b6,delivered,2017-07-05 13:55:35,2017-07-06 03:15:08,2017-07-06 16:34:25,2017-08-22 20:21:46,2017-08-08,339.0,20.91,1,1,359.91,1,1,1.0,1.0,7896a0d2938e8adcc336e867fc033d1e,55590,ipojuca,PE,48.26818287037037,33.4197337962963,1,359.91
bac0803bc0669a1e85a35ce2acec9348,1d6c578a3eaaf071ef9f76b887e82b29,delivered,2017-07-05 14:04:24,2017-07-05 17:40:09,2017-07-07 13:46:59,2017-07-22 01:42:03,2017-07-27,129.9,15.66,1,1,145.56,5,1,1.0,1.0,0de3c011dbe1b11ad0c433694c05be2c,38703,patos de minas,MG,16.484479166666667,21.413611111111113,0,145.56
827a916734ee2f155b25cd4ff2d8022f,499b6b14e548e15a51fc4c38061f7e13,delivered,2017-07-05 14:13:23,2017-07-05 17:38:00,2017-07-10 14:34:50,2017-07-21 20:11:20,2017-07-27,144.99,18.26,1,1,163.25,8,1,3.0,1.0,bca2c11d85a065aba0a329a4438807f7,21940,rio de janeiro,RJ,16.24857638888889,21.407372685185184,0,163.25
33f7f48fbeb5932ce834c34dd204a6d3,6d9372108eb7d38bea803ec71881c842,delivered,2017-07-05 14:18:47,2017-07-05 17:54:20,2017-07-07 21:05:21,2017-07-21 18:17:34,2017-08-04,125.0,36.19,1,1,161.19,5,1,4.0,1.0,c292c87e95ba733fda07724fc4202832,47820,sao desiderio,BA,16.16582175925926,29.403622685185184,0,161.19
9ac4df93702b3a7d40156ef4b6c81417,a2f0e5f633e77e713c7e49a836876c78,delivered,2017-07-05 14:23:53,2017-07-05 17:34:44,2017-07-06 11:16:52,2017-07-12 17:21:33,2017-07-25,44.99,11.85,1,1,56.84,1,1,5.0,1.0,95de6cd75d82c25e5463531f370aa2a2,13295,itupeva,SP,7.123379629629629,19.40008101851852,0,56.84
c513aa3d06f7b36a3e3a95d73e91374b,75d15ae1dea3e7bfb4f9da6a616f3e8c,delivered,2017-07-05 14:30:37,2017-07-06 03:23:49,2017-07-07 20:48:34,2017-07-17 17:04:27,2017-07-27,572.0,64.74,1,1,636.74,1,1,5.0,1.0,33887de4578c82fbd015089f00d1aca5,37110,eloi mendes,MG,12.106828703703703,21.395405092592593,0,636.74
474871bbd62988ab38f2d15c093f3233,73dc166bf11b159b151dfe72a96dace9,delivered,2017-07-05 14:38:05,2017-07-05 17:39:51,2017-07-07 15:11:25,2017-07-10 12:56:26,2017-07-18,279.98,112.74,2,1,392.72,3,1,5.0,1.0,e5cff2445bfad667574341f4817e3a3a,5544,sao paulo,SP,4.929409722222222,12.390219907407408,0,392.72
db59e4d919b738f6f1b8b9b56345b567,45c7a5fbacda5a0c424b9dab652b2e8c,delivered,2017-07-05 14:50:36,2017-07-07 02:45:21,2017-07-07 18:32:17,2017-07-19 18:49:24,2017-07-31,99.99,16.95,1,1,116.94,1,1,4.0,1.0,291b7ba7e7bbdfe452c2ae058afd15be,71065,brasilia,DF,14.165833333333333,25.381527777777777,0,116.94
1c7d5b99ae1fb1927efe678ca28af86e,74f779df828db21f3ca61c212fe732b6,delivered,2017-07-05 14:55:19,2017-07-05 17:39:17,2017-07-06 17:39:47,2017-07-18 19:43:38,2017-08-07,740.0,30.46,1,1,770.46,10,1,5.0,1.0,cd0a79bcc77a638e1d49713d213843cf,78730,rondonopolis,MT,13.200219907407407,32.378252314814816,0,770.46
05c5fe623dddb59ad7462d5adf24885f,3b85d7e01afbab4314024cef7903a329,delivered,2017-07-05 14:59:51,2017-07-05 17:38:49,2017-07-06 15:06:51,2017-07-17 20:32:29,2017-07-27,144.9,21.5,1,1,166.4,5,1,5.0,1.0,e2638dcec86ba8746b692786b3d2ef14,89540,santa cecilia,SC,12.23099537037037,21.375104166666667,0,166.4
87db8617d2382ef822c02612327f52f3,dd44ef056d747fd1dcec4794c2579837,delivered,2017-07-05 15:07:49,2017-07-06 03:15:58,2017-07-06 13:34:34,2017-07-14 17:36:49,2017-07-27,29.49,15.1,1,1,44.59,1,1,5.0,1.0,7be7e4be876f066bf1166355bea0a522,87230,jussara,PR,9.103472222222223,21.36957175925926,0,44.589999999999996
7b2c820a0c74e5a87489ee2463ae2492,7dd7eaca9b852c556a104ef0778b80cc,delivered,2017-07-05 15:20:45,2017-07-05 17:38:20,2017-07-07 17:03:23,2017-07-18 20:02:50,2017-07-27,89.9,17.88,1,1,107.78,2,1,3.0,1.0,fd1b415c40a23f412c00665714feb17e,8121,sao paulo,SP,13.195891203703704,21.360590277777778,0,107.78
a8a92512496f02da00cf23fc2066121c,e500ecd3e20aa548a181842d8b0802e5,delivered,2017-07-05 15:39:17,2017-07-07 02:50:34,2017-07-10 19:54:43,2017-07-17 21:12:35,2017-07-28,85.0,15.34,1,1,100.34,1,1,5.0,1.0,88d4a0d8f4e8f3637e0d191ff7350796,37800,guaxupe,MG,12.231458333333334,22.347719907407406,0,100.34
ec038c4d9946cec9042787452aa18aea,4c2f1e6644d4970084340cd3a4032151,delivered,2017-07-05 15:39:42,2017-07-05 17:43:00,2017-07-10 18:16:09,2017-07-19 21:04:37,2017-08-02,39.99,17.6,1,1,57.59,3,1,4.0,1.0,eff312525b94314bef8881542cef4989,75640,piracanjuba,GO,14.225636574074073,27.347430555555555,0,57.59
1cef8c054a99de4870f9f34b4822f206,bb992aa0173715b2ec5e1e3b74903743,delivered,2017-07-05 15:44:33,2017-07-06 15:50:25,2017-07-12 17:42:48,2017-07-18 20:43:22,2017-08-07,199.0,19.63,1,1,218.63,9,1,5.0,1.0,50ee4216cf03192e364398340383f584,1239,sao paulo,SP,13.207511574074074,32.3440625,0,218.63
9103eec003eec6e15daddb31db5d756d,cc580bfc263029899790d177d610329f,delivered,2017-07-05 15:46:51,2017-07-05 17:35:01,2017-07-06 16:58:47,2017-07-18 18:48:56,2017-08-03,59.99,17.67,1,1,77.66,5,1,5.0,1.0,dd1a921aeaed098702ca11d7104bea3b,27130,barra do pirai,RJ,13.12644675925926,28.342465277777777,0,77.66
d0462d19e9c58af6416a06e625c58f13,2b68f1115ff018e29415711c8a9feef6,delivered,2017-07-05 15:48:45,2017-07-07 02:45:19,2017-07-13 20:46:38,2017-07-26 21:22:03,2017-08-14,379.98,177.64,2,1,557.62,1,1,2.0,1.0,7151ab1b25efe473683b7ecb51dcf83e,65900,imperatriz,MA,21.231458333333332,39.341145833333336,0,557.62
6f46d42016226f77893ed3978d6903d0,3803547f820b1e10b7ad9c7985f06753,delivered,2017-07-05 15:55:19,2017-07-05 17:43:48,2017-07-07 19:48:40,2017-07-19 22:10:03,2017-08-14,27.9,15.1,1,1,43.0,2,1,5.0,1.0,bd7df6ff9e4a04991eea842883f79e9a,90200,porto alegre,RS,14.260231481481481,39.33658564814815,0,43.0
39010dbe92bbbfaf08e8d13f7c9bb118,8054f5d9f52b925f4e23a53ed959010e,delivered,2017-07-05 15:59:34,2017-07-05 17:54:19,2017-07-07 13:34:37,2017-07-10 16:04:32,2017-07-25,309.9,26.69,2,2,336.59,3,1,5.0,1.0,173cafb1d2515406269c57e914fe2fbf,3268,sao paulo,SP,5.003449074074074,19.33363425925926,0,336.59
9937c97886894167e73d617373b4d91f,b2d2fd3ac9b224c1c5e6f1811c44d3e8,delivered,2017-07-05 16:05:20,2017-07-05 17:54:52,2017-07-11 18:04:44,2017-07-14 18:32:55,2017-08-07,66.87,30.19,2,2,97.06,9,1,1.0,1.0,eebff6c3f05996ab67cfc35398c6893f,99700,erechim,RS,9.102488425925927,32.32962962962963,0,97.06
480d258f10c520532aca9659d5df87ea,19eed4df076f383882a619f93fb948f8,delivered,2017-07-05 16:10:12,2017-07-06 16:30:25,2017-07-07 18:32:19,2017-07-10 20:07:52,2017-07-18,129.99,12.11,1,1,142.1,2,1,5.0,1.0,0669f60ef473844761d853798d3a4009,4701,sao paulo,SP,5.165046296296296,12.32625,0,142.10000000000002
b19cf86000f4fdfdf23b75a1f4fcec9c,4c2f43b071ab89f7b367b92ff19d564b,delivered,2017-07-05 16:23:55,2017-07-05 17:54:44,2017-07-07 19:09:46,2017-07-21 20:33:39,2017-08-09,73.56,34.31,1,1,107.87,8,1,4.0,1.0,ca9d4400d59992c0540b0cdd6dd7a35e,64806,floriano,PI,16.173425925925926,34.31672453703704,0,107.87
f3da9dfd7e7fc1da0f3a6b4455969c04,f57e94320f9f8c94e5c239fdb1557846,delivered,2017-07-05 16:31:01,2017-07-05 17:54:54,2017-07-21 17:57:45,2017-08-02 18:37:44,2017-08-10,162.0,86.29,1,1,248.29,10,1,5.0,1.0,b5d10141ea7d2269c703257d5cea9213,36302,sao joao del rei,MG,28.087997685185186,35.31179398148148,0,248.29000000000002
b68aee1125f73ebb79b5283c7498650f,4cb050250b34dd44139b172407f60739,delivered,2017-07-05 16:37:33,2017-07-06 15:50:27,2017-07-10 12:22:12,2017-07-20 19:53:41,2017-08-08,65.99,35.78,1,1,101.77,5,1,4.0,1.0,c32294d5e150a486817d3d190b440966,68660,sao miguel do guama,PA,15.136203703703703,33.30725694444445,0,101.77
3f7fd60d67674509240c45196f94cf0f,897e0d6c102b10089d7bb1a0f0b95e4b,delivered,2017-07-05 16:47:04,2017-07-06 16:03:55,2017-07-12 18:43:53,2017-07-13 18:32:38,2017-07-26,8.25,9.34,1,1,17.59,1,1,5.0,1.0,8580e52537aee1b485726636a530048d,4144,sao paulo,SP,8.073310185185186,20.30064814814815,0,17.59
94ab04bddd7b1b7e183c95cce062c3f5,eaa1126189a8602421bc4c206273ff41,delivered,2017-07-05 17:00:12,2017-07-08 00:10:26,2017-07-10 12:22:12,2017-07-26 17:36:55,2017-08-04,65.99,27.0,1,1,92.99,3,1,,,c1bd5a764a8e8e6a97b12651683d2deb,25045,duque de caxias,RJ,21.025497685185186,29.291527777777777,0,92.99
e93728e408aedf27cdd31aaebdca3638,b2e1d8e77913616416eda2a44f3700ea,delivered,2017-07-05 17:08:54,2017-07-06 07:23:38,2017-07-07 19:37:52,2017-07-15 14:08:23,2017-07-27,173.99,41.61,1,1,215.6,2,1,4.0,1.0,ae5aa0b038e5c25f9444f5a2a82d0d94,21220,rio de janeiro,RJ,9.874641203703703,21.285486111111112,0,215.60000000000002
a46944cf9b2c78431a4619ef5f308ab8,c0d8087ca82251a651b555a131b87e5a,delivered,2017-07-05 17:19:21,2017-07-05 17:43:55,2017-07-07 20:08:01,2017-07-12 19:34:45,2017-07-25,56.699999999999996,35.55,3,1,92.25,5,1,5.0,1.0,a62e2ce3064953c69d01ac6bda86f2c6,11020,santos,SP,7.094027777777778,19.278229166666666,0,92.25
9704b8f76b77e74be19dd79d9371b6b4,fc105fb8764574f55866fa877934c978,delivered,2017-07-05 17:22:50,2017-07-05 17:43:57,2017-07-13 20:33:02,2017-07-27 14:13:38,2017-07-24,116.6,17.55,1,1,134.15,5,1,1.0,1.0,c8f08a0e0d8bd51f9cd27119ee77e58f,13184,hortolandia,SP,21.86861111111111,18.275810185185186,1,134.15
12437f8c2f1cd4825ce82cc6e42ec5a6,00eb46a6c173fdad0c058d8650deefd9,delivered,2017-07-05 17:24:19,2017-07-06 06:45:19,2017-07-13 20:39:30,2017-07-15 12:28:39,2017-07-25,28.9,12.69,1,1,41.59,1,1,2.0,1.0,70c23e6d130c68a56e991f959da2b3b9,5717,sao paulo,SP,9.794675925925926,19.274780092592593,0,41.589999999999996
8f578fbe296dae4b9f11a4996da9c47d,1582c109fe600f17495e417900294900,delivered,2017-07-05 17:29:04,2017-07-07 21:03:20,2017-07-14 18:09:35,2017-08-17 17:38:21,2017-08-11,699.0,42.44,1,1,741.44,10,1,1.0,1.0,3fc2292112ca0cfe78318b9ce6593e30,59380,currais novos,RN,43.00644675925926,36.27148148148148,1,741.44
4cf7b60ee5bf3891424ddb434b261cd5,3b6fe3d556f810c109eb9987775e8aec,delivered,2017-07-05 17:44:29,2017-07-05 18:03:38,2017-07-06 18:24:42,2017-07-19 19:56:51,2017-08-04,1704.97,28.37,1,1,1733.34,6,1,5.0,1.0,2c32247bb780398fedc970dfa0832e25,78455,lucas do rio verde,MT,14.091921296296297,29.260775462962965,0,1733.34
ee29bed70e80a64a4f9536787477d196,b44ce4765f35926ee5c241c264ad05ab,delivered,2017-07-05 17:46:06,2017-07-06 06:45:20,2017-07-06 12:44:57,2017-07-14 17:57:42,2017-07-27,58.0,28.2,2,1,86.2,1,1,5.0,1.0,8860815b8cf19603d76e32cb79f3c7c5,22793,rio de janeiro,RJ,9.008055555555556,21.259652777777777,0,86.2
fc50fee6054e9b82a376cae3bdc097f0,928bd76c3398beff2b55605283e41cbb,delivered,2017-07-05 17:47:33,2017-07-05 18:05:00,2017-07-07 12:43:39,2017-07-21 10:33:53,2017-07-27,21.9,15.1,1,1,37.0,3,1,4.0,1.0,7cc23ec3506e4e1e67d0702da04a734c,28250,italva,RJ,15.698842592592593,21.258645833333333,0,37.0
79b3ba7b7296b5c683e4ec7b173e4020,6f70f80d7b53b0e1f9fbd1966eeeea51,delivered,2017-07-05 18:01:56,2017-07-06 03:24:08,2017-07-07 14:22:51,2017-07-10 19:12:36,2017-07-20,89.99,7.88,1,1,97.87,1,1,5.0,1.0,9c4b6000c2b7f75753909d232d8e9bbd,8060,sao paulo,SP,5.049074074074074,14.248657407407407,0,97.86999999999999
8aa41a2ff86625ff13d88f289b48714c,adccd36d4162a8a92d6db5541069082b,delivered,2017-07-05 18:04:35,2017-07-07 02:45:59,2017-07-07 17:59:29,2017-07-14 18:13:31,2017-07-27,129.99,18.16,1,1,148.15,1,1,5.0,1.0,bc1147328a188ed04ca26ee6ec9d61c6,89221,joinville,SC,9.006203703703704,21.24681712962963,0,148.15
8b44dee1be7ea62fbe90e84feeffd4bc,83a98455acd09caba34da505e0e9176c,delivered,2017-07-05 18:06:31,2017-07-05 18:23:31,2017-07-07 13:49:57,2017-07-10 19:15:30,2017-07-21,19.99,7.78,1,1,27.77,1,1,5.0,1.0,f341beed3a47d57eb319f376337ec5b3,8143,sao paulo,SP,5.047905092592592,15.245474537037037,0,27.77
e0149a54492fa20c168e6c4929d7c53c,3e07316859116dbd247c109d58e6bdba,delivered,2017-07-05 18:17:36,2017-07-05 18:30:15,2017-07-06 10:41:17,2017-07-13 20:48:33,2017-07-27,104.0,15.48,1,1,119.48,2,1,4.0,1.0,18d324993bb58cc96d296368013d37b5,19560,indiana,SP,8.104826388888888,21.23777777777778,0,119.48
21c9e1884faf91f5fc65224d92b2ef83,0de7cc8d3218ed73d9621192453a418a,delivered,2017-07-05 18:33:29,2017-07-05 18:45:14,2017-07-06 14:47:57,2017-07-07 20:07:47,2017-07-21,99.0,9.44,1,1,108.44,5,1,2.0,1.0,1590457b4be348b165ff7030a6f94dce,3542,sao paulo,SP,2.065486111111111,15.226747685185185,0,108.44
6196e4f322b4f0af89d0900e2990dab8,b86f7996112b9237fd15c00df1b4d852,delivered,2017-07-05 18:40:52,2017-07-07 08:30:13,2017-07-10 17:52:47,2017-07-11 16:43:33,2017-07-18,49.99,7.78,1,1,57.77,1,1,5.0,1.0,901900247abbb5f85dcc50827e81ab04,3520,sao paulo,SP,5.918530092592593,12.22162037037037,0,57.77
c80e3da5b9dc27c8ab6cd05b1c72daeb,5fb32891a7dca617c09849418feedaa4,delivered,2017-07-05 18:43:41,2017-07-07 02:50:48,2017-07-07 18:07:44,2017-07-13 20:46:48,2017-07-27,75.9,15.28,1,1,91.18,1,1,5.0,1.0,883d6da5b1d25f3e6b743068f4181df7,37275,cristais,MG,8.085497685185185,21.21966435185185,0,91.18
5177d1217cafa2ba15337cd62cb1fc78,5f2269b4b3e234f5ede9b2f156bbd04a,delivered,2017-07-05 19:01:10,2017-07-05 19:10:12,2017-07-06 12:07:29,2017-07-12 17:47:28,2017-07-27,69.9,15.24,1,1,85.14,1,1,5.0,1.0,1e6dc17adde78e52b6fa5e634f4454e0,13566,sao carlos,SP,6.948819444444444,21.207523148148148,0,85.14
c766c5324b94b64c7580dff991a977d7,6f6c16853b09854c3168f476d9cb82ba,delivered,2017-07-05 19:01:10,2017-07-05 19:10:11,2017-07-06 12:07:30,2017-07-12 17:30:00,2017-07-27,124.9,16.63,1,1,141.53,1,1,5.0,1.0,1e6dc17adde78e52b6fa5e634f4454e0,13566,sao carlos,SP,6.936689814814815,21.207523148148148,0,141.53
ce07c393d8aef25ec77567483aac364d,7ed47aa10ea881d4e434bfbd93dc4443,delivered,2017-07-05 19:24:25,2017-07-05 19:35:23,2017-07-06 14:41:22,2017-07-14 20:57:46,2017-08-02,349.0,20.01,1,1,369.01,1,1,5.0,1.0,2ba62c4e0e3feac5e9ada9cb1e7ad001,40230,salvador,BA,9.06482638888889,27.191377314814815,0,369.01
f3e6ac6fd3a4db946a2820323b58ab3d,14f3b4b8a869b608eaf1e27b92210e6e,delivered,2017-07-05 19:39:15,2017-07-05 19:50:13,2017-07-10 10:42:21,2017-07-14 18:37:35,2017-07-27,98.56,23.7,2,1,122.25999999999999,2,2,5.0,1.0,8cce325d75f2cc11240b0dcf1d8e69ff,12306,jacarei,SP,8.957175925925926,21.18107638888889,0,122.26
18a9ccf08fbcc3c0bf4ad9ceb583f2b6,edd71e80f9c64855b4f813b59b3fdef2,delivered,2017-07-05 19:56:05,2017-07-05 20:05:27,2017-07-06 14:35:56,2017-07-14 16:55:51,2017-07-31,79.9,17.81,1,1,97.71,4,1,5.0,1.0,58075e17e770fc08571c3e0f452f6a11,95700,bento goncalves,RS,8.874837962962962,25.169386574074075,0,97.71000000000001
ba97c57ecadaf7dafa0a372f38210d0c,0b23254194f2cb64d9fba926fc891d83,delivered,2017-07-05 20:07:33,2017-07-05 20:23:17,2017-07-06 12:56:46,2017-07-07 19:15:21,2017-07-18,60.54,11.73,1,1,72.27,7,1,1.0,1.0,da58c4162e4dfc6cc337d94951b96c9a,13090,campinas,SP,1.96375,12.161423611111111,0,72.27
6028bb741411d00137dc970152799c9a,e8e4c41992e7438f77ecce2d5233be74,delivered,2017-07-05 20:21:44,2017-07-07 02:46:16,2017-07-07 16:53:43,2017-07-12 15:37:30,2017-07-27,52.9,15.12,1,1,68.02,1,1,5.0,1.0,d06152bc8dc8482c9aaf5c2e86bff946,88354,brusque,SC,6.802615740740741,21.151574074074073,0,68.02
12aa4d1dee3557fe772894b57cb0fad6,bac45e356238b5c7f36adfaae8a23c8b,delivered,2017-07-05 20:28:29,2017-07-05 20:43:10,2017-07-11 18:18:34,2017-07-14 17:49:22,2017-08-07,199.0,19.63,1,1,218.63,1,1,5.0,1.0,139c7c613b6d284a020dfee1635284c5,6663,itapevi,SP,8.889502314814814,32.146886574074074,0,218.63
824417a658c64fabf08b55e981b184fe,38eb52ab52fb7853f347f9d2f8bbc2b5,delivered,2017-07-05 20:35:07,2017-07-05 20:50:07,2017-07-12 13:32:06,2017-07-17 15:14:47,2017-08-03,44.9,17.6,1,1,62.5,1,1,5.0,1.0,46bf380ec6fdb4b95d93f1c75f5f26d2,13091,campinas,SP,11.777546296296297,28.142280092592593,0,62.5
d6b655645db45dd1b22bcad86e108278,36dc23d5391b5a7e7722a016554c8657,delivered,2017-07-05 20:35:59,2017-07-06 16:50:29,2017-07-07 18:54:38,2017-07-21 13:18:33,2017-07-27,102.9,17.97,1,1,120.87,6,1,5.0,1.0,fe6db9c6a1a30ca55742eaf095e3032a,3735,sao paulo,SP,15.696226851851852,21.14167824074074,0,120.87
355a4f037048ba07c6bc1b564d6a8448,929a408d132414093579c5a3156f0302,delivered,2017-07-05 20:49:31,2017-07-05 21:03:28,2017-07-06 13:27:06,2017-07-17 19:17:36,2017-08-04,69.0,16.92,1,1,85.92,3,1,1.0,1.0,0a5bb44764db318c6e5f36f260f86c55,45200,jequie,BA,11.936168981481481,29.13228009259259,0,85.92
4f5045d7a7d322ba928da791f6d5c9f4,af51c0b5fcb9ff4bdc3e48e8d73446d4,delivered,2017-07-05 20:55:17,2017-07-05 21:05:13,2017-07-07 13:31:55,2017-07-11 17:12:39,2017-07-25,103.83,16.36,1,1,120.19,1,1,1.0,1.0,dbe3c825a48e75dab7ba3e4d7d0c40b0,5469,sao paulo,SP,5.845393518518518,19.128275462962964,0,120.19
d47f38bfac7123996aa56e7dfa5ba657,3dd44512bed5b8f60ab5a531c3404b68,delivered,2017-07-05 20:56:53,2017-07-06 16:50:30,2017-07-07 18:08:48,2017-07-12 21:03:07,2017-07-25,49.7,13.37,1,1,63.07,2,1,5.0,1.0,325f3c19285ac4d4e615cf091a1e1fa8,14061,ribeirao preto,SP,7.004328703703703,19.127164351851853,0,63.07
fd85ec210522091e1e3e0318218860c8,d34341f5b5a77c0a6af01365d9608371,delivered,2017-07-05 20:56:59,2017-07-05 21:05:15,2017-07-06 14:59:45,2017-07-19 20:54:48,2017-08-04,139.0,20.21,1,1,159.21,3,1,4.0,1.0,8aba68ad39962f7b25c2b7ac62ac4c0e,45816,arraial d'ajuda,BA,13.998483796296297,29.127094907407407,0,159.21
af5eca8e6b44dcb050c7a8ecb66fb6cc,db2213c437bec3b7db3bc07b6ea4b35f,delivered,2017-07-05 20:57:09,2017-07-05 21:10:13,2017-07-06 14:45:51,2017-07-07 12:49:43,2017-07-18,80.0,11.77,1,1,91.77,4,1,5.0,1.0,7bd99d7b533ef664e60b69eed6356d5b,5170,sao paulo,SP,1.6615046296296296,12.126979166666667,0,91.77
3eede5914d6b7f238a92e405cb5ef35f,ecb76cdf1d50c4f7e5395c07f1edf46a,delivered,2017-07-05 21:05:59,2017-07-06 21:15:08,2017-07-07 17:21:49,2017-07-11 20:37:24,2017-07-18,1625.0,19.57,1,1,1644.57,10,1,5.0,1.0,0a8ddbf973510e50bdbfd4300dd90385,7030,guarulhos,SP,5.980150462962963,12.120844907407408,0,1644.57
dabe75dc242585e529fea2c265e70da3,77a0b2c7a3ad71cf37e7e006c8cf2d24,delivered,2017-07-05 21:06:33,2017-07-06 16:55:14,2017-07-07 18:04:00,2017-07-14 17:07:32,2017-07-31,66.89,19.71,1,1,86.6,4,1,5.0,1.0,638fec0eca83b93aa7c686b2933e69f7,20240,rio de janeiro,RJ,8.834016203703703,25.12045138888889,0,86.6
6b9b73174454a8a1b0a255b448f5e5bb,84d9369e3431d2b768c1e80c9678041d,delivered,2017-07-05 21:14:49,2017-07-05 21:25:17,2017-07-06 13:23:24,2017-07-12 21:47:59,2017-07-27,78.0,14.3,1,1,92.3,4,1,5.0,1.0,efa0f03926c32196b7872e25a183ee84,21050,rio de janeiro,RJ,7.023032407407407,21.114710648148147,0,92.3
ef4d010c07e5ac58d6b9b8f0210df881,e85df93b88aa497ab874a3afadc56bb0,delivered,2017-07-05 21:16:50,2017-07-07 02:50:36,2017-07-07 19:09:03,2017-07-19 18:52:11,2017-07-27,68.9,15.23,1,1,84.13,1,1,5.0,1.0,eda50d1b4b64e6dc8058e29f5fe65c79,35902,itabira,MG,13.899548611111111,21.113310185185185,0,84.13000000000001
9d9f932c7a747d08ec9b2c5e3e0ffa84,76d3872c6c68b6e86f64d0c63f54731a,delivered,2017-07-05 21:21:07,2017-07-06 06:45:22,2017-07-06 13:47:44,2017-07-21 18:47:53,2017-08-07,299.9,24.97,1,1,324.87,1,1,5.0,1.0,3705a866c475537dcafdf82221719e7f,45608,itabuna,BA,15.893587962962963,32.11033564814815,0,324.87
d2f6f1bd3f3261623c3a807d0945bbd9,d3900943c6fb13a8d352bb50b17a4cbb,delivered,2017-07-05 21:23:32,2017-07-06 17:23:42,2017-07-07 19:12:57,2017-07-13 21:19:46,2017-07-25,69.9,11.99,1,1,81.89,8,1,4.0,1.0,2c2f4f9aabbe8c3f2e9f95619b61374d,18403,itapeva,SP,7.99738425925926,19.108657407407406,0,81.89
205b109336cc8efa4ff08f231919f4bc,469c87ba0d5db4884464ef9280f67efd,delivered,2017-07-05 21:24:46,2017-07-07 02:44:10,2017-07-07 19:14:52,2017-07-24 18:22:32,2017-07-27,230.0,16.36,1,1,246.36,1,1,4.0,1.0,13b187937fc5bb5e05700fc65db340e5,38060,uberaba,MG,18.873449074074074,21.107800925925925,0,246.36
3d930fd5aa8b9cdcb646c31196f0886a,3f37191b3daa449879f04d90bc8ecbe5,delivered,2017-07-05 21:26:30,2017-07-05 21:35:14,2017-07-07 15:33:27,2017-07-09 15:34:48,2017-07-19,34.9,9.34,1,1,44.24,1,1,5.0,1.0,76098987a2655501b24ad53760265125,11025,santos,SP,3.7557638888888887,13.106597222222222,0,44.239999999999995
28ec57c2ba11d394a43df3a4846055b6,4d49b718c66c129a5c769fcf693a9509,delivered,2017-07-05 21:30:56,2017-07-06 16:55:23,2017-07-07 18:42:24,2017-07-17 20:44:06,2017-07-27,149.0,18.29,1,1,167.29,7,1,3.0,1.0,79d64050de51f4f2c5280e88ba96c864,32280,contagem,MG,11.967476851851853,21.10351851851852,0,167.29
e9d424615d8805614e254bf5c170bef8,102a23c6841127cf625296ef67d5f79c,delivered,2017-07-05 21:32:47,2017-07-05 21:43:26,2017-07-07 13:09:04,2017-07-15 12:03:02,2017-07-31,205.0,22.27,1,1,227.27,1,1,4.0,1.0,cb9b7a02c19d2212b2ced9131eb97bd1,21321,rio de janeiro,RJ,9.604340277777778,25.102233796296296,0,227.27
6720f9096736db7c2427635f7d31361c,6f804e6a8f98ba0d151e10eccaf1ba7b,delivered,2017-07-05 21:39:23,2017-07-05 21:50:18,2017-07-07 14:22:54,2017-07-12 13:17:37,2017-07-25,34.9,12.69,1,1,47.59,4,1,5.0,1.0,d7f68acb88fe17e73acdd4ae3f184c08,18900,santa cruz do rio pardo,SP,6.651550925925926,19.097650462962964,0,47.589999999999996
19c37103c79e5f4a03f5fcc5b1fe97e7,3caadfc7a9d597bc39c06f5687229471,delivered,2017-07-05 21:40:03,2017-07-07 02:43:51,2017-07-07 18:08:50,2017-07-20 13:10:15,2017-07-27,17.5,15.1,1,1,32.6,1,1,4.0,1.0,db8498cfd68ffdcbc802908ee3232e9c,87890,terra rica,PR,14.645972222222222,21.0971875,0,32.6
fb1d2527c581c02fc24ea10dd0a0a012,f5af2c8493bd063c294630568319b6fe,delivered,2017-07-05 21:55:10,2017-07-05 22:05:24,2017-07-17 10:52:38,2017-07-25 19:22:46,2017-08-08,31.9,12.69,1,1,44.59,4,1,5.0,1.0,99b1e6f4c4427e8d54621c75df12eeae,15600,fernandopolis,SP,19.894166666666667,33.08668981481482,0,44.589999999999996
6631941f15912a0be1a1951cfbfaf3f3,31c63ee7e8a9df22da8c412f9ce1f844,delivered,2017-07-05 21:55:49,2017-07-05 22:05:25,2017-07-07 14:43:32,2017-07-12 21:33:16,2017-07-25,37.29,11.85,1,1,49.14,4,1,5.0,1.0,7d753af204463644240b3e3d59f77f58,11740,itanhaem,SP,6.984340277777778,19.086238425925927,0,49.14
9b4ddd2d21877e12b98da60f30858d4b,f74e8fd404f4f5538e9f950421d695ef,delivered,2017-07-05 21:58:22,2017-07-05 22:15:16,2017-07-06 13:46:55,2017-07-11 17:34:37,2017-07-25,78.8,12.05,1,1,90.85,1,1,5.0,1.0,de032e4be9b00dce61a31179de14e98f,12243,sao jose dos campos,SP,5.816840277777778,19.084467592592592,0,90.85
b60cb82db24efcb2f5d0df26426c3af2,075025f0dd1048d7ac30f7adc7483bba,delivered,2017-07-05 22:14:40,2017-07-05 22:25:28,2017-07-07 17:25:56,2017-07-25 22:47:44,2017-07-27,38.9,15.1,1,1,54.0,5,1,5.0,1.0,db05c37f1b35564419adfe2e2ab2f0f2,28616,nova friburgo,RJ,20.022962962962964,21.07314814814815,0,54.0
8dce53ad5166f6c592b532a4cd4e2aa7,b211cd56ba82a551739992c41f858f1b,delivered,2017-07-05 22:22:52,2017-07-05 22:35:09,2017-07-07 18:35:37,2017-07-12 21:26:36,2017-07-25,98.4,13.03,1,1,111.43,3,1,5.0,1.0,b61dcc55bd5f765b63ec4258be908497,14021,ribeirao preto,SP,6.960925925925926,19.067453703703702,0,111.43
b73c273d02a8045c60df03ae7c03dc4b,7aea4c1a850cf1f179099fa1c85e9c51,delivered,2017-07-05 22:24:44,2017-07-06 03:30:13,2017-07-06 14:27:36,2017-09-05 15:51:55,2017-08-08,129.99,29.31,1,1,159.3,6,1,1.0,1.0,b5baa582db90d336a8a7a88fb6598a9e,56485,tacaratu,PE,61.72721064814815,33.06615740740741,1,159.3
e1cf77d2496e5b490b421f882d2cb6d3,a3ba7119f6a86d7db5e045d44ce6b25f,delivered,2017-07-05 22:32:46,2017-07-07 08:45:13,2017-07-13 18:25:31,2017-07-25 18:49:23,2017-07-27,34.99,15.1,1,1,50.09,1,1,4.0,1.0,84f927b0e1a54ce02b8d692e715d084a,37002,varginha,MG,19.844872685185184,21.060578703703705,0,50.09
d0ee2ae87e093d006aed295d79e325f4,ce82d28a01b3ba1c92a46900b9cb3710,delivered,2017-07-05 22:36:56,2017-07-05 22:50:07,2017-07-07 11:26:54,2017-07-12 18:09:34,2017-07-31,119.98,32.36,2,1,152.34,3,1,4.0,1.0,378c702fe06f37937a5fb0253f8493d0,98870,girua,RS,6.814328703703704,25.057685185185186,0,152.34
1b7d6a3703a98513b60768df8d6c30b7,150c000d94442e397f21cc978f925d40,delivered,2017-07-05 22:40:50,2017-07-07 02:45:50,2017-07-07 18:21:23,2017-07-24 15:41:44,2017-08-04,139.9,26.26,1,1,166.16,1,1,4.0,1.0,158987cc282bbecf5e0b1b4aaf9a8854,96820,santa cruz do sul,RS,18.70895833333333,29.05497685185185,0,166.16
df3c03ee5c240bfffaa5e3dfaeb4699b,54bec33d5e42b3d9f9aaae70bbc2f441,delivered,2017-07-05 22:44:25,2017-07-05 22:55:23,2017-07-13 13:40:01,2017-07-21 21:33:55,2017-08-03,79.9,16.32,1,1,96.22,9,1,5.0,1.0,6332ca114f87dfefe3a7f3cdc65e66b5,17780,lucelia,SP,15.951041666666667,28.052488425925926,0,96.22
cc3ec3d8a0adc29d2f942ec3b743559f,5b912f0b13a097cd152ed6ea2f713326,delivered,2017-07-05 22:57:34,2017-07-06 17:05:18,2017-07-07 12:37:39,2017-07-08 14:41:04,2017-07-18,120.0,21.5,1,1,141.5,2,1,5.0,1.0,dbaa4e5cc22975b87383687b38042fb3,8737,mogi das cruzes,SP,2.6552083333333334,12.043356481481482,0,141.5
1780bf20851f38ed7aae08ee09438f6a,0bfe96ed9f807da029472429981cfa99,delivered,2017-07-05 23:08:36,2017-07-05 23:23:52,2017-07-06 18:04:02,2017-07-13 11:03:17,2017-08-10,89.99,21.12,1,1,111.11,1,1,5.0,1.0,18f8e0ebb3ee98e9f3805f92c3ff7431,19300,presidente bernardes,SP,7.49630787037037,35.035694444444445,0,111.11
ceb3c39e59f9912e923667e9fa91a144,9b33406c43ff5649ce7f8476775bca5b,delivered,2017-07-05 23:10:52,2017-07-05 23:25:10,2017-07-07 19:21:17,2017-07-12 17:32:35,2017-07-25,104.9,12.23,1,1,117.13,5,1,5.0,1.0,6b379824d4aae1b04a605ee1e9fed930,17032,bauru,SP,6.765081018518519,19.03412037037037,0,117.13000000000001
922d138450226b11bca8925c60766321,9344b423626861add3fef32cc25a52b9,delivered,2017-07-05 23:23:04,2017-07-05 23:35:21,2017-07-07 17:53:19,2017-07-12 17:32:58,2017-08-01,169.0,16.94,1,1,185.94,9,1,5.0,1.0,76f13a5e178d73e1fce1f06a48e84143,80630,curitiba,PR,6.756875,26.025648148148147,0,185.94
0e2783bb1c680d7ff6b56a267982e44f,ef7e468943cc8d80fe84e845e5e5213c,delivered,2017-07-05 23:45:00,2017-07-06 03:55:10,2017-07-13 13:52:11,2017-07-19 13:26:48,2017-07-31,134.9,21.43,1,1,156.33,10,1,1.0,1.0,4f7166ab9a95fa503e670f682487466d,4671,sao paulo,SP,13.570694444444445,25.010416666666668,0,156.33
381d16906fcc904fe66028d7438ebc3c,26bae6c90b4b6d9a7260381fd825f8b2,delivered,2017-07-05 23:46:38,2017-07-07 02:44:19,2017-07-07 16:07:00,2017-07-11 19:25:37,2017-07-27,99.0,17.94,1,1,116.94,1,1,5.0,1.0,3bfda42ef722cb59c430e6be0b68628c,27963,macae,RJ,5.818738425925926,21.009282407407408,0,116.94
62fd4c233bdcfa43057b8a4810a855eb,f0cb15d64322022a1942c806cf41c154,delivered,2017-07-05 23:59:10,2017-07-07 08:23:32,2017-07-07 19:27:25,2017-07-19 18:53:54,2017-07-27,49.9,14.1,1,1,64.0,1,1,4.0,1.0,8a148ac70a7208254650c24490bbd9b3,82310,curitiba,PR,13.78800925925926,21.000578703703702,0,64.0
057134090fb19405548e54bbcf377f59,d1805669744b0cd80fed4d80405d75a4,delivered,2017-07-06 00:02:22,2017-07-06 16:23:57,2017-07-11 16:41:46,2017-07-27 16:42:22,2017-08-09,160.0,26.4,1,1,186.4,3,1,5.0,1.0,08056efaf8c9775d8e5472281e9001b8,56640,custodia,PE,21.694444444444443,33.99835648148148,0,186.4
ec97666defb2e1fade6931649731f776,4abad51a71113d2de9e00350623a66ec,delivered,2017-07-06 00:17:31,2017-07-07 08:23:33,2017-07-07 15:56:50,2017-07-31 18:34:28,2017-07-28,112.0,32.11,1,1,144.11,1,1,4.0,1.0,86b15d7e1a678212f2cf29f2f7a708ec,25576,sao joao de meriti,RJ,25.761770833333333,21.98783564814815,1,144.11
899cbfad4bc94409cc6bddd6b602ef39,7a6fb54bdd798c5d8087ea65ff38d5a3,delivered,2017-07-06 00:31:21,2017-07-06 00:44:04,2017-07-06 15:40:02,2017-07-21 19:29:53,2017-08-07,224.0,103.82,2,1,327.82,10,1,5.0,1.0,d8dcc60aa16110addf999dc6ed7ef42f,78005,cuiaba,MT,15.790648148148149,31.978229166666665,0,327.82
adc4e509a9b11c13575e75e6defef283,dcacd076b56aad562162f9093d7698fa,delivered,2017-07-06 00:45:29,2017-07-07 02:44:22,2017-07-13 20:33:02,2017-07-22 15:11:58,2017-08-03,209.99,53.48,1,1,263.47,1,1,4.0,1.0,e7647b89106d66c778cc87ff7632fbfb,22070,rio de janeiro,RJ,16.601724537037036,27.96841435185185,0,263.47
0ec392fc56b5d2e7e4279c19c51b6460,79bdc6288517cb7f94c86be6c97b7ba7,delivered,2017-07-06 01:05:58,2017-07-06 01:23:33,2017-07-11 14:42:49,2017-07-20 20:39:31,2017-07-28,112.99,14.54,1,1,127.53,5,1,4.0,1.0,7d6a5546075d5e63cf9d8c2fb886bd3d,80620,curitiba,PR,14.814965277777778,21.954189814814814,0,127.53
e9c638926bb5ae1721803a4947acd5dc,9797bed4994ab39ad940b6e7b0c67536,delivered,2017-07-06 01:37:52,2017-07-06 01:45:11,2017-07-12 13:52:13,2017-07-27 20:16:39,2017-07-28,395.0,20.02,1,1,415.02,5,1,,,9a7b38b233981ed1c50933addaa34a08,27185,arrozal,RJ,21.77693287037037,21.932037037037038,0,415.02
f40a640657c0a3e1eb9d081b320875b3,e20a79c6c2b4425ce6abfcbd70e051ad,delivered,2017-07-06 01:48:18,2017-07-06 02:03:37,2017-07-06 11:55:26,2017-07-13 20:37:52,2017-07-28,32.9,17.6,1,1,50.5,1,1,4.0,1.0,e83d9fdb50ed6fdc507b9e5c51560fb8,26286,nova iguacu,RJ,7.784421296296296,21.924791666666668,0,50.5
cdaf5a7fe3c5eba30ef0cc6b9c1913dc,9e11a6e0ddedc8a1e7e8a69c25a16ae3,delivered,2017-07-06 02:30:19,2017-07-07 08:25:11,2017-07-07 16:59:42,2017-08-01 19:54:33,2017-08-09,149.0,34.84,1,1,183.84,4,1,3.0,1.0,31c249914869457aeb651e2ac3d666d8,65085,sao luis,MA,26.725162037037038,33.89561342592592,0,183.84
1fe85ed3aac60c497e9a22a39fcd715a,890397d5fb4326b5d6360d28a3e5f204,delivered,2017-07-06 04:51:49,2017-07-06 05:03:40,2017-07-06 10:51:19,2017-07-18 20:27:49,2017-08-11,36.79,54.02,1,1,90.81,3,1,5.0,1.0,093d6079e0cf6e5d4d9a646c52f25baf,94463,viamao,RS,12.65,35.797349537037036,0,90.81
d3ba6df689ba5bceee30291f5a28e7bc,12002ccd72a0a43cf74c0a1def33df71,delivered,2017-07-06 07:47:37,2017-07-06 08:03:05,2017-07-06 13:58:16,2017-07-07 20:16:50,2017-07-19,31.9,8.72,1,1,40.620000000000005,1,2,5.0,1.0,f1b0e152c33e0140c7f4c3573d9ceaa6,4167,sao paulo,SP,1.5202893518518519,12.675266203703703,0,40.62
1571408d523ba0bd850d9621252be53a,9eec05db89d3d8863da0018d2fac099d,delivered,2017-07-06 08:10:59,2017-07-06 11:55:07,2017-07-07 17:12:21,2017-07-19 15:57:32,2017-08-14,315.0,132.09,3,1,447.09,10,1,4.0,1.0,7e2cae9835e2f62496f365cad21a0128,69077,manaus,AM,13.323993055555556,38.65903935185185,0,447.09000000000003
ce22c4e0009f3c42ea02d36a32e2b91b,a16ee97d596fd929d9f9c24262e3af3f,delivered,2017-07-06 08:12:15,2017-07-07 02:45:25,2017-07-07 15:59:36,2017-07-21 16:39:50,2017-08-01,59.99,16.18,1,1,76.17,1,1,5.0,1.0,3912caf05e4209bdf68fdedaa473b2fe,91340,porto alegre,RS,15.352488425925927,25.658159722222223,0,76.17
aa9e7e290697c3c9494307fe13cad72b,b97776786873f881069e64b28947cade,delivered,2017-07-06 08:48:23,2017-07-06 09:05:12,2017-07-07 13:09:05,2017-07-18 17:43:36,2017-08-09,205.0,28.81,1,1,233.81,10,1,5.0,1.0,a3b2490482986f1638e702550961658d,45400,valenca,BA,12.37167824074074,33.63306712962963,0,233.81
c0110f04e66e7426bdc005f555bcdc40,9bd43ab41e08ecd21b8c6e4ac4c54c9c,delivered,2017-07-06 08:49:36,2017-07-06 11:43:40,2017-07-10 19:32:22,2017-07-15 16:37:54,2017-08-01,109.9,14.5,1,1,124.4,10,1,5.0,1.0,cce9fa9cc7781b58707c43b87ebbb4ec,17511,marilia,SP,9.325208333333334,25.63222222222222,0,124.4
3985e11135ade6c95dffad95edc3d117,73c5348a67dcfe51d332594ab795021f,delivered,2017-07-06 08:51:27,2017-07-07 02:45:44,2017-07-12 20:13:43,2017-07-17 18:25:36,2017-07-28,9.9,15.1,1,1,25.0,1,1,5.0,1.0,4f26b12d535556bbf0f6b04e2216c35c,30411,belo horizonte,MG,11.398715277777777,21.6309375,0,25.0
364d745d7d2b5bc2dd6348b8e71b5d03,faddb58d5de890cd191da5bb72c54a27,delivered,2017-07-06 09:01:43,2017-07-06 11:43:41,2017-07-07 19:19:34,2017-07-11 20:10:17,2017-07-26,594.0,28.42,2,1,622.42,10,1,4.0,1.0,3ba72711278fbdcf091dc7440b55947b,35530,claudio,MG,5.464282407407407,19.62380787037037,0,622.42
029863af4b968de1e5d6a82782e662f5,74179773f1f31f3af11c3b3b065115f1,delivered,2017-07-06 09:03:55,2017-07-06 09:15:11,2017-07-10 19:43:43,2017-07-13 20:42:36,2017-07-31,25.99,15.1,1,1,41.09,4,1,4.5,2.0,78d665ab97fb0bfd754a20a48476c4e7,28630,nova friburgo,RJ,7.485196759259259,24.622280092592593,0,41.089999999999996
7d04189e83c072cfdde15bcd1deaa23b,16391e75a1bbcb93785c6e816834227a,delivered,2017-07-06 09:03:56,2017-07-06 09:15:12,2017-07-07 20:48:34,2017-07-18 19:48:50,2017-07-28,572.0,64.74,1,1,636.74,10,1,4.0,1.0,78d665ab97fb0bfd754a20a48476c4e7,28630,nova friburgo,RJ,12.447847222222222,21.622268518518517,0,636.74
4a6309669545b27a89528e2afcf76b6e,676d6d9a4865e261e3df7dc505e3383b,delivered,2017-07-06 09:07:17,2017-07-08 03:30:44,2017-07-14 17:51:37,2017-07-26 19:13:29,2017-08-08,381.74,37.18,2,1,418.92,1,1,4.0,1.0,ecc015a022de7abbaf3827302086864b,5524,sao paulo,SP,20.420972222222222,32.61994212962963,0,418.92
02c6f38cbd2d15df19cf2621019823fd,2cd1a450888a4cc3d4b8c5ed6482fe47,delivered,2017-07-06 09:08:36,2017-07-07 02:55:18,2017-07-11 20:32:08,2017-07-18 18:42:10,2017-08-01,379.78,34.18,2,1,413.96,1,1,5.0,1.0,70021e69eaf8a1b1ef870f5ac0682185,98270,pejucara,RS,12.398310185185185,25.619027777777777,0,413.96
e45b8a62c43866e3c9989324547db51c,086a2eb2b3d6945a6c31f7d36f523bc7,delivered,2017-07-06 09:43:53,2017-07-06 11:50:07,2017-07-06 14:50:32,2017-07-14 17:49:49,2017-07-28,70.78,28.2,2,1,98.98,4,1,5.0,1.0,c402a1c61ebd8deca803bece099cb5dd,22790,rio de janeiro,RJ,8.337453703703703,21.594525462962963,0,98.98
64a34c8ee5041e4d48d904db6dade006,3cf4a26ded6ca887cdf90556c5f8de9d,delivered,2017-07-06 09:52:53,2017-07-07 02:51:12,2017-07-11 17:17:32,2017-07-17 20:24:54,2017-07-28,14.9,15.1,1,1,30.0,1,1,5.0,1.0,438c96e9dcbe6dcb55c9843600693d2b,19600,rancharia,SP,11.438900462962962,21.58827546296296,0,30.0
f52f1f17c2bea20943049ec6a170f751,371caebba0615361040bad4b89c40acc,delivered,2017-07-06 10:06:37,2017-07-06 10:23:37,2017-07-11 12:44:28,2017-07-24 19:17:37,2017-08-09,89.9,25.91,1,1,115.81,4,1,5.0,1.0,fbba9f65a09a8d52b71e22f4fafed420,55660,bezerros,PE,18.382638888888888,33.57873842592593,0,115.81
4aeb09d2415c840cd427f9b0e5dabfb6,611ef20bd95ccb865a0fac20facab883,delivered,2017-07-06 10:09:27,2017-07-07 02:50:19,2017-07-07 19:14:51,2017-07-18 21:06:09,2017-08-03,220.0,16.29,1,1,236.29,1,1,3.0,1.0,93a842d6ab8fb82ada2ed64c31a6b61c,75650,morrinhos,GO,12.456041666666666,27.576770833333335,0,236.29
d5cac48034e29bfee12d867943eb64e4,425155a11b6f32b0d1978ea628c0b1da,delivered,2017-07-06 10:10:12,2017-07-06 11:50:17,2017-07-07 12:26:57,2017-07-13 16:43:28,2017-07-31,59.99,15.17,1,1,75.16,2,1,5.0,1.0,464f1dd8b46e09ffc91c93bf48237bf2,93025,sao leopoldo,RS,7.273101851851852,24.57625,0,75.16
23289a87ad267a113c014020edf79ea2,d7f5c766748d1e31c16f498e25bfa6f3,delivered,2017-07-06 10:10:16,2017-07-06 10:23:41,2017-07-06 15:35:41,2017-07-10 19:43:25,2017-07-26,149.0,14.06,1,1,163.06,8,1,4.0,1.0,8c0420c77ac9047d2e13902e2fad5275,14300,batatais,SP,4.398020833333334,19.576203703703705,0,163.06
417b131e29d2a7f71397ed5fd21ff40d,8ab1fc5d1948f7d9fe4bc2683b757495,delivered,2017-07-06 10:14:31,2017-07-08 03:23:20,2017-07-14 20:21:22,2017-07-26 10:54:25,2017-07-28,72.5,15.26,1,1,87.76,1,1,5.0,1.0,d71183c796ee701d509823758ba619ed,37466,itamonte,MG,20.027708333333333,21.573252314814816,0,87.76
c32cfe30ac8d846c41d6695f9967bd04,c2cf124b411389488351af371f0433f5,delivered,2017-07-06 10:14:35,2017-07-06 10:25:18,2017-07-07 18:59:37,2017-07-21 16:52:42,2017-07-28,220.0,16.29,1,1,236.29000000000002,5,1,5.0,1.0,d0f9b976da27b535b59cc7d7aa9e5077,38702,patos de minas,MG,15.276469907407407,21.57320601851852,0,236.29
2e1cd6330c3813613972ac6976386c33,33e6dc4dd3e936799b77a6a204dc5d9f,delivered,2017-07-06 10:23:06,2017-07-07 02:50:55,2017-07-11 13:49:34,2017-07-12 17:18:10,2017-07-24,19.99,7.78,1,1,27.77,1,1,5.0,1.0,df9bd60da4a8f8945d2b862aebd3d418,7097,guarulhos,SP,6.288240740740741,17.567291666666666,0,27.77
807303007d46225288462ecc115905fe,5dac2f05fd146bd6f93452ece17711e5,delivered,2017-07-06 10:23:06,2017-07-07 02:50:35,2017-07-11 14:04:50,2017-07-12 16:57:04,2017-07-20,54.99,11.73,1,1,66.72,1,1,4.5,2.0,df9bd60da4a8f8945d2b862aebd3d418,7097,guarulhos,SP,6.273587962962963,13.567291666666666,0,66.72
801ff9fd867535b5d27f82019cfef7e1,5e8bf0eda6937b9050cc77c6bfe223af,delivered,2017-07-06 10:25:10,2017-07-07 02:45:57,2017-07-11 11:16:50,2017-07-19 19:52:44,2017-07-31,34.9,16.11,1,1,51.01,1,1,5.0,1.0,02c74020c2a866ea8305ee2ac8c60a33,35588,arcos,MG,13.394143518518518,24.565856481481482,0,51.01
ee5cc68a9c849b21b595655a944b417c,39159308231d229f2fec5131e6667329,delivered,2017-07-06 10:35:17,2017-07-06 10:50:18,2017-07-07 16:02:58,2017-07-14 19:46:17,2017-07-28,42.98,30.189999999999998,2,2,73.17,1,1,3.0,1.0,bc6a0e427b844bfb0f675aee08fbd3e6,35400,ouro preto,MG,8.38263888888889,21.558831018518518,0,73.16999999999999
56eb83c381de8a63428ca988db654080,36c3a3fb83889124506b598b3e7a20c5,delivered,2017-07-06 10:39:10,2017-07-06 10:50:15,2017-07-11 11:52:50,2017-07-17 18:15:07,2017-07-28,89.9,15.38,1,1,105.28,5,1,4.0,1.0,2de0cdf63748170f29175fb45c24e5be,20230,rio de janeiro,RJ,11.316631944444444,21.55613425925926,0,105.28
7658df283ca8d2e1a258dfc456fd4e74,33a67985c1fbd0aecd11cf44128a27fa,delivered,2017-07-06 11:05:31,2017-07-07 11:15:21,2017-07-11 17:22:20,2017-08-02 22:19:35,2017-08-07,174.33,22.02,1,1,196.35,2,1,3.0,1.0,17b94b9317f9b0102f4eace63fbb193f,65633,timon,MA,27.468101851851852,31.53783564814815,0,196.35000000000002
46184b89fda9079331dc0f7dceb061c6,44640723e9d720f96a002f2e671e79dc,delivered,2017-07-06 11:12:41,2017-07-06 11:25:23,2017-07-06 14:57:34,2017-07-11 20:36:41,2017-08-03,209.0,29.86,1,1,238.86,1,1,5.0,1.0,cdb39cca09957f7ec951c5a8998c7f45,38610,unai,MG,5.391666666666667,27.532858796296296,0,238.86
f14ffd28776719a57c5bbf16cce58dd4,f0a67330d461ab7c99fbb328e33cf54a,delivered,2017-07-06 11:13:08,2017-07-06 11:43:33,2017-07-06 14:24:17,2017-07-21 20:32:31,2017-08-01,139.9,17.42,1,1,157.32,7,1,4.0,1.0,7755736c6ba5ff50b147e9ffa22692ef,80060,curitiba,PR,15.388460648148149,25.532546296296296,0,157.32
a037897ffc90e9b89c16d0b6c55e9a0d,a1a53a206a8e0b78b9787416f9614ebe,delivered,2017-07-06 11:24:40,2017-07-06 11:43:35,2017-07-07 18:32:20,2017-08-02 15:37:51,2017-08-09,129.99,38.46,1,1,168.45,4,1,5.0,1.0,31bd5704afe103b06cb312b751525e47,59330,jucurutu,RN,27.17582175925926,33.524537037037035,0,168.45000000000002
9ae00b090b685955827797fede111392,54716c2e6afa19ff56c1bdd26a3a220c,delivered,2017-07-06 11:32:00,2017-07-08 03:30:25,2017-07-12 19:36:32,2017-08-09 19:38:00,2017-08-07,45.0,16.79,1,1,61.79,1,1,3.0,1.0,cb7fae64e0a2aa0cb77e3ab95bc7be1c,46765,piata,BA,34.3375,31.519444444444446,1,61.79
65292b5890e7f0ef333b4a4904db838d,1101858718712788854b23b5587b5cc8,delivered,2017-07-06 11:50:39,2017-07-06 22:10:11,2017-07-11 14:06:30,2017-07-13 21:03:50,2017-07-21,89.99,7.88,1,1,97.87,4,1,1.0,1.0,409b996c8372c05f6d81b6fb46b095fb,6036,osasco,SP,7.384155092592593,14.506493055555556,0,97.86999999999999
0f73f6f7bc587a2cf7cdd6584359b1ce,543fe571670733f7c842eca3ba61b294,delivered,2017-07-06 12:12:39,2017-07-06 12:25:13,2017-07-07 15:32:14,2017-07-13 18:53:57,2017-08-09,18.99,25.63,1,1,44.62,1,1,5.0,1.0,589cc74d29b67640ee2c44d2ec63da5e,68020,santarem,PA,7.278680555555556,33.491215277777776,0,44.62
dfa6911d9e73fc699350f724c6af35bf,53e7c6b8641b7df1340abde0322d1fca,delivered,2017-07-06 12:29:18,2017-07-06 12:43:48,2017-07-07 15:11:24,2017-07-12 19:49:21,2017-07-28,89.9,73.58,1,1,163.48,10,1,4.0,1.0,bc9d16f7f8377481a12db375ab85c676,38442,araguari,MG,6.305590277777778,21.479652777777776,0,163.48000000000002
2a02e0744a44c3062272575a439947e4,187f706629173579fa6ab0deae7ef90f,delivered,2017-07-06 12:30:26,2017-07-06 12:43:49,2017-07-06 12:49:07,2017-07-12 20:12:35,2017-07-26,119.99,13.86,1,1,133.85,1,1,5.0,1.0,353801f49ab64d5e6ca90ba46e2e5f0f,19280,teodoro sampaio,SP,6.3209375,19.47886574074074,0,133.85
ca82748f931a241022a6d939bf1f4f84,747d99ba78097c3ec1b2ce4287782bc4,delivered,2017-07-06 12:34:08,2017-07-07 02:43:38,2017-07-11 14:06:33,2017-07-19 18:22:12,2017-07-27,54.99,13.4,1,1,68.39,1,1,5.0,1.0,7806ddf4e843d92ea2cba1fc2d285eee,17800,adamantina,SP,13.241712962962962,20.476296296296297,0,68.39
2e2dd1119ebf597a9c05d80b5d6eeace,49e5a3194d78f1db36db7ad6a2dfcf76,delivered,2017-07-06 12:42:44,2017-07-06 12:55:29,2017-07-07 19:21:57,2017-07-20 16:36:50,2017-07-26,97.0,8.42,1,1,105.42,2,1,3.0,1.0,ffddff7cfa827d6c430ed9e373be416c,2860,sao paulo,SP,14.162569444444445,19.470324074074075,0,105.42
26499163fd30a5493b2e498337e9e2a7,d42fc1b5243a68aa0735371148f2cde8,delivered,2017-07-06 12:43:38,2017-07-08 03:25:27,2017-07-10 19:52:20,2017-07-18 20:23:19,2017-08-01,219.99,22.03,1,1,242.02,1,1,5.0,1.0,acd86b11bd4adbca626c750bb51d5f48,99052,passo fundo,RS,12.319224537037037,25.469699074074075,0,242.02
4cd1d5d35a2f441b1c2f4de2d63e424c,fb1719d41dc2c004ec43737d1f8fa89e,delivered,2017-07-06 12:47:32,2017-07-07 13:15:19,2017-07-07 18:12:13,2017-07-13 17:03:58,2017-07-28,229.0,26.44,1,1,255.44,2,1,5.0,1.0,ed94d14d24e74c84076ac86f9f083927,13290,louveira,SP,7.1780787037037035,21.46699074074074,0,255.44
fc01b3ae390d2a2ed60bc4a3d68b577f,6b4e082b14e562a79465f516bd129f3b,delivered,2017-07-06 12:53:06,2017-07-06 13:05:21,2017-07-10 19:13:53,2017-07-18 20:47:56,2017-08-10,159.98,55.56,1,1,215.54,3,1,4.0,1.0,a45db9d0a5dcfbf97517132c9d7fe232,41825,salvador,BA,12.32974537037037,34.463125,0,215.54
4f5c54be4162fc29637f7fc1237ba307,ba54e3c7e8c4307e4e9d01ca0192ecca,delivered,2017-07-06 13:04:57,2017-07-06 13:23:40,2017-07-06 14:07:55,2017-07-18 19:47:47,2017-07-28,102.9,17.97,1,1,120.87,1,2,5.0,1.0,ab05ca4c412bff61861b20bce3317230,8615,suzano,SP,12.279745370370371,21.45489583333333,0,120.87
237f43cab0bd638f4fd760618fde8246,def29eac0753a10aa156ff1c3ac96575,delivered,2017-07-06 13:13:40,2017-07-06 13:25:18,2017-07-06 15:22:18,2017-07-17 16:47:21,2017-07-26,98.0,13.03,1,1,111.03,2,1,5.0,1.0,e2cd06f768aa9fe3e020adf7457eca37,13606,araras,SP,11.148391203703703,19.44884259259259,0,111.03
2cd690a78448d2d942353c66dd6f6064,1cd72e410641618ea6ae6d9896fbf760,delivered,2017-07-06 13:27:01,2017-07-06 13:43:29,2017-07-07 19:14:50,2017-07-18 17:13:59,2017-07-28,104.5,21.57,1,1,126.07,1,2,4.0,1.0,18f17efd50fd7e9595cc1a40205c937c,9615,sao bernardo do campo,SP,12.157615740740741,21.43957175925926,0,126.07
9d4f64a1f986f46f1a1b1ffe3237c5d8,0b654c00a7c2ec822f72fb88fb0510f2,delivered,2017-07-06 13:35:07,2017-07-06 13:50:13,2017-07-07 15:11:24,2017-07-19 17:14:29,2017-07-28,259.9,86.98,1,1,346.88,10,1,5.0,1.0,87f0a4b4837b52010b4bb2359cdc3896,88505,lages,SC,13.152337962962964,21.43394675925926,0,346.88
b3b4fa618f64e34ba2f7279eceb646e8,35c922a335b8a914109d58b13b9b36cb,delivered,2017-07-06 13:55:45,2017-07-08 03:25:23,2017-07-10 12:57:11,2017-07-11 22:53:55,2017-07-19,39.0,8.11,1,1,47.11,1,1,5.0,1.0,ac79ed6f0092c719697e171acbff98f9,32676,betim,MG,5.373726851851852,12.419618055555556,0,47.11
89e77e980d3b5a87724b660c307a6204,671186c545524a3f09fc6960c23bf20f,delivered,2017-07-06 13:58:25,2017-07-06 14:10:16,2017-07-12 19:52:23,2017-07-18 14:06:02,2017-07-26,279.0,13.45,1,1,292.45,7,1,5.0,1.0,eb33a3090da576bcfcee898e3b6ec45d,5783,sao paulo,SP,12.005289351851852,19.417766203703703,0,292.45
7baced6bdf14d532d806d32f4e9649c0,84bea57c14e1cbd4341d46ecc22f5855,delivered,2017-07-06 14:00:10,2017-07-06 14:15:17,2017-07-07 17:07:42,2017-07-08 15:13:36,2017-07-19,129.99,9.92,1,1,139.91,3,1,5.0,1.0,4a177a975efb63b91071132827e708dd,22743,rio de janeiro,RJ,2.0509953703703703,12.416550925925925,0,139.91
2eb11181a958eb5193fd521fd5110b5c,be00488d26c4fe225097e1756a6a663e,delivered,2017-07-06 14:03:28,2017-07-06 14:15:14,2017-07-06 15:13:52,2017-07-12 21:24:25,2017-07-26,81.99,12.07,1,1,94.06,5,1,5.0,1.0,4c3df9d024f343ebc2fdc432ac0f7386,14701,bebedouro,SP,6.306215277777778,19.41425925925926,0,94.06
54e52b3d64eaadee5422554c2f2a7056,faff7a9ebd3cf671ce836dc47a1daec2,delivered,2017-07-06 14:05:13,2017-07-06 14:23:40,2017-07-13 20:52:10,2017-07-20 17:33:07,2017-08-01,116.6,20.79,1,1,137.39,4,1,5.0,1.0,83e19af9cb7591106ea19f1330771a33,11740,itanhaem,SP,14.144375,25.413043981481483,0,137.39
ee708af463026757088ec8811920ad51,f943587b68f16e53870a00ce97931e54,delivered,2017-07-06 14:09:46,2017-07-06 14:23:40,2017-07-11 14:37:54,2017-07-14 21:05:39,2017-07-28,205.0,18.14,1,1,223.14,7,1,5.0,1.0,072f2800542357c2e5b662518a319c25,18460,itarare,SP,8.28880787037037,21.409884259259258,0,223.14
9a241cf50d0939eefbc81c1b084cec0a,839d333b48319d322360e011c1d31c75,delivered,2017-07-06 14:15:06,2017-07-06 14:25:23,2017-07-07 15:43:50,2017-07-10 17:07:26,2017-07-19,17.5,7.78,1,1,25.28,1,1,5.0,1.0,0e38dd51940c6c4af6383a19d473007a,4530,sao paulo,SP,4.119675925925926,12.406180555555556,0,25.28
393123cf50678c8c2e0921146719d7a9,1c80b2055d01d3abf9a94ff2d676925c,delivered,2017-07-06 14:19:43,2017-07-06 14:30:14,2017-07-12 20:04:37,2017-07-19 19:44:53,2017-08-01,66.0,11.96,1,1,77.96,3,1,4.0,1.0,d0665e0d9a9a44c9983bcf19357763c6,19025,presidente prudente,SP,13.225810185185185,25.402974537037036,0,77.96000000000001
9dec1346eeebe57e1353b6c2dbc06f94,7513c4bb10a41cf4fae9d29535e31fa7,delivered,2017-07-06 14:25:00,2017-07-06 14:35:21,2017-07-07 16:59:34,2017-07-19 16:57:54,2017-07-26,659.0,44.6,1,1,703.6,10,1,5.0,1.0,9fec5bf436533b92a3f6e2c8d974ab5f,17607,tupa,SP,13.106180555555556,19.399305555555557,0,703.6
76cc7d9d3b078509cc976957f2671283,4b0f1543a7439e9abd2078fbefd3f8c3,delivered,2017-07-06 14:30:51,2017-07-06 14:45:17,2017-07-11 17:04:36,2017-07-31 20:45:45,2017-08-03,80.0,18.8,1,1,98.8,4,1,4.0,1.0,727260949d242157d3db0083e782665b,41630,salvador,BA,25.260347222222222,27.395243055555557,0,98.8
3d984081eecebc3fd30edbe5ae5e7d41,92afaf8b08037607081765e9a164cda5,delivered,2017-07-06 14:35:51,2017-07-07 02:50:56,2017-07-07 15:57:28,2017-07-10 16:59:37,2017-07-19,169.0,8.44,1,1,177.44,1,1,5.0,1.0,ca351ac4e669ece31edfa3390c2816ce,5417,sao paulo,SP,4.099837962962963,12.391770833333334,0,177.44
148946b469e7c2af2231c7c2ba0c5681,475a8fb3ecf9ce05d2ee1b6944d1a04e,delivered,2017-07-06 14:42:13,2017-07-06 14:55:24,2017-07-11 14:06:31,2017-07-14 16:54:02,2017-08-01,89.99,15.38,1,1,105.37,5,1,5.0,1.0,c83043f2a1e980a890c9d34bcb3987a6,84030,ponta grossa,PR,8.091539351851852,25.387349537037036,0,105.36999999999999
cf9d149b8f8e534901d64f8b10320133,fb8d9638e7705015275c6ff9185a57c7,delivered,2017-07-06 14:43:08,2017-07-06 14:55:21,2017-07-12 18:34:40,2017-07-18 16:04:42,2017-08-09,74.9,15.27,1,1,90.17,1,1,2.0,1.0,11691308b335552511a92e7c60e8d228,5516,sao paulo,SP,12.056643518518518,33.38671296296296,0,90.17
eb2e026bae01f340ff4c0cc9aad6aecd,c69ae1f41ba74509e754afb5b49fb29d,delivered,2017-07-06 14:49:01,2017-07-08 03:25:50,2017-07-11 11:56:40,2017-07-18 16:14:59,2017-08-01,124.67,16.63,1,1,141.3,1,1,4.0,1.0,68abb22a309ad287caedcb7c8f556a63,71909,brasilia,DF,12.059699074074073,25.382627314814815,0,141.3
52e6988a13f9dd7d567b0816dba52a03,8dd4c93bfbebe2a77657d46ef959a7ac,delivered,2017-07-06 14:51:37,2017-07-08 03:25:29,2017-07-13 16:03:58,2017-07-14 15:44:00,2017-07-28,2999.89,41.84,1,1,3041.73,1,1,5.0,1.0,6172bd5b7f52ade8c6c4548b448ff54f,21941,rio de janeiro,RJ,8.036377314814814,21.38082175925926,0,3041.73
4baa890f39672eca09e8d4cf0ffdd4d5,981e2a35b8cc3442c7b18d008d58e20c,delivered,2017-07-06 14:52:12,2017-07-06 15:03:49,2017-07-07 17:37:45,2017-07-14 17:58:50,2017-07-26,47.88,11.85,1,1,59.730000000000004,1,2,5.0,1.0,dfb3c6f416e10724a5cb30cce6139163,18055,sorocaba,SP,8.129606481481481,19.380416666666665,0,59.730000000000004
b3c04e10f26d07b42c0a956f11eb18ff,35501ba94ff1f47d8ed65ad2670c9282,delivered,2017-07-06 15:03:51,2017-07-06 15:15:22,2017-07-07 19:51:55,2017-07-13 18:39:28,2017-07-28,380.0,28.69,2,2,408.69,10,1,5.0,1.0,26d1b63e9b8478f84f87188c4877049e,13970,itapira,SP,7.149733796296296,21.37232638888889,0,408.69
165c8cb6857ddef74549e79056c60b06,549a9f5b9ac02e302a38f2e14c8929a3,delivered,2017-07-06 15:10:51,2017-07-06 15:23:52,2017-07-07 19:39:02,2017-07-08 14:18:43,2017-07-19,59.9,9.74,1,1,69.64,2,1,5.0,1.0,6fa4a159538a27ea01aebaf6b8181967,11070,santos,SP,1.9637962962962963,12.367465277777777,0,69.64
54229efe6f82fe1823cd30d0cb839c3e,cbf6ebfd818e7d41ecf09423365f56c1,delivered,2017-07-06 15:11:01,2017-07-06 15:25:13,2017-07-07 17:25:22,2017-07-19 20:08:01,2017-08-11,79.99,16.81,1,1,96.8,6,1,5.0,1.0,a1e1138fb0a5d3829fe4af791515413e,29092,vitoria,ES,13.20625,35.367349537037036,0,96.8
862811aea831afcc63f6155283f1a922,449e553f0fa7504123c432875d9ca8fb,delivered,2017-07-06 15:11:41,2017-07-06 15:25:11,2017-07-11 16:22:13,2017-07-18 19:14:49,2017-08-14,56.9,35.72,1,1,92.62,3,1,5.0,1.0,a72dc4d599f84d18327c83df876c3460,28015,campos dos goytacazes,RJ,12.168842592592593,38.36688657407407,0,92.62
4ae4606647c85995f3123bc2047f9ab2,63f65059544beda92505c6b39161c681,delivered,2017-07-06 15:16:40,2017-07-06 15:25:14,2017-07-07 18:07:45,2017-07-14 18:04:57,2017-07-28,99.99,17.95,1,1,117.94,6,1,4.0,1.0,8b836b3d28b3f937368ff7f6303195c0,89560,videira,SC,8.116863425925926,21.363425925925927,0,117.94
535f87c5f4a6b1a5201afdeb0103b2ab,f5de50704f1a1c6df7f9c6912c9a3678,delivered,2017-07-06 15:30:28,2017-07-07 02:45:55,2017-07-10 12:13:46,2017-07-13 16:09:08,2017-07-28,39.9,14.1,1,1,54.0,1,1,5.0,1.0,85ac06f48f80f4fc1fb5edd079641412,4858,sao paulo,SP,7.026851851851852,21.353842592592592,0,54.0
358c07225db43293b308aebae58669ec,28ac8b8dd09f1c2adaa780e8ae3897ac,delivered,2017-07-06 15:41:21,2017-07-06 16:04:06,2017-07-07 16:24:56,2017-07-13 16:23:42,2017-08-01,139.9,20.47,1,1,160.37,1,1,4.0,1.0,c70e3934e3946fe503086b971b9899d4,3409,sao paulo,SP,7.029409722222222,25.346284722222222,0,160.37
90ea1a3defd31881bd311c87249c6fdb,4d0c3d50027cfbe7eb020590e8a81ce0,delivered,2017-07-06 15:42:09,2017-07-06 16:04:21,2017-07-07 18:07:44,2017-07-24 19:59:42,2017-08-09,75.9,21.33,1,1,97.23,3,1,5.0,1.0,fe1e3bb8816750169dd3d642d33279f1,65020,sao luis,MA,18.178854166666667,33.345729166666665,0,97.23
1dca8b6025f7b613456a828b3e273900,c6a1315d56070632d475fbca270ab0d1,delivered,2017-07-06 15:46:31,2017-07-08 03:30:26,2017-07-10 21:05:14,2017-07-17 16:47:22,2017-07-28,54.9,14.13,1,1,69.03,1,1,5.0,1.0,a2be6ccee5a5962b4fc88a8e27fb29b7,7135,guarulhos,SP,11.042256944444444,21.34269675925926,0,69.03
9743ae99d7c809d4fe6e83fe7c72cd54,31ca17d7b5ef4b82ced6a84d8d00abb2,delivered,2017-07-06 15:47:48,2017-07-08 03:35:08,2017-07-10 19:52:19,2017-07-18 21:14:02,2017-07-28,219.99,22.03,1,1,242.02,1,1,4.0,1.0,e77535f614df4b48210f6288f8cea161,39270,pirapora,MG,12.226550925925926,21.341805555555556,0,242.02
1b951d324afaebc435f2fcac5f8fef1b,be279ff076ad2fa8bda5c64b5e778c97,delivered,2017-07-06 15:51:25,2017-07-06 16:04:17,2017-07-07 17:12:22,2017-07-20 20:36:06,2017-08-11,98.0,31.36,1,1,129.36,2,1,4.0,1.0,bed2c14a3f62f55053c86f8c46224993,59071,natal,RN,14.197696759259259,35.33929398148148,0,129.36
2c67429ed3521f3a95fa98f4bad3919a,c380b1c3bb067cf2e17681a4d5079bb5,delivered,2017-07-06 16:04:49,2017-07-06 16:15:21,2017-07-10 19:13:51,2017-07-17 20:08:40,2017-07-28,109.9,18.02,1,1,127.92,6,1,5.0,1.0,774e17e35c08cd96cab3e18d63552a4d,84550,reboucas,PR,11.169340277777778,21.329988425925926,0,127.92
77959eeab7515802d0b17bd97ca522b7,5964bb3f7c1627da0fb95809a3bec326,delivered,2017-07-06 16:18:01,2017-07-06 16:30:23,2017-07-10 18:46:24,2017-07-21 19:25:39,2017-08-21,49.9,25.63,1,1,75.53,2,1,5.0,1.0,f1378e1366318ecbd44ba46b5f025f5e,63500,iguatu,CE,15.130300925925926,45.32082175925926,0,75.53
3cb69ccd08eea344a68a66e8ce49a282,9238a417f2d525ad5640693385b86d9b,delivered,2017-07-06 16:18:52,2017-07-06 16:43:46,2017-07-07 14:38:34,2017-07-12 17:43:32,2017-07-26,59.4,13.44,1,1,72.84,1,1,5.0,1.0,538f20c5da86daf31ec285792b8b603f,12955,bom jesus dos perdoes,SP,6.058796296296296,19.320231481481482,0,72.84
0a7888b4a8bdf63a03f4e7db63a6fc59,b3bf953a576c12bd6c05c6fb3ca27e4d,delivered,2017-07-06 16:19:17,2017-07-06 16:30:31,2017-07-07 18:27:29,2017-07-24 16:04:40,2017-08-03,59.9,25.7,1,1,85.6,2,1,4.0,1.0,07f6a8a8ed248be9ae90368c379b1afe,64600,picos,PI,17.98984953703704,27.31994212962963,0,85.6
e98de168acf11b1a80cea2ad5e8a5c61,fa5aaf3631ab1075fcdb95fa8e10cad5,delivered,2017-07-06 16:33:09,2017-07-06 16:45:11,2017-07-12 19:27:56,2017-07-24 20:11:53,2017-08-07,118.9,38.38,1,1,157.28,4,1,4.0,1.0,ec0f5b4fe392d71f361112c1b508b707,58428,campina grande,PB,18.15189814814815,31.3103125,0,157.28
b211f8c759ee7993a37f65cf5c9fa72e,34ad05299797f7e5c773526e1c5e9b8b,delivered,2017-07-06 16:34:55,2017-07-06 16:45:10,2017-07-07 15:37:40,2017-07-08 13:53:43,2017-07-19,109.9,8.51,1,1,118.41,5,1,4.0,1.0,a5e2d0353659222a92b15a9658af27b2,24240,niteroi,RJ,1.8880555555555556,12.309085648148148,0,118.41000000000001
144a5ef7256b54349a17954a14e72ad2,a3c069769e59c90df2a90c7076177988,delivered,2017-07-06 16:49:49,2017-07-06 17:03:41,2017-07-07 16:52:37,2017-07-17 20:59:28,2017-07-28,52.9,15.12,1,1,68.02,2,1,3.0,1.0,94bf13c9cc84e871b35b9fbef57305d9,31210,belo horizonte,MG,11.173368055555555,21.298738425925926,0,68.02
b514b1f7c5528c90353b809b62621ea5,859713d6b1398e71a978f356b694a7cf,delivered,2017-07-06 16:52:15,2017-07-08 03:25:17,2017-07-10 19:52:23,2017-07-19 16:43:00,2017-07-19,69.99,11.73,1,1,81.72,1,1,4.0,1.0,07d86af0ab7f0e9fd6c8a1e34c65a9ba,8081,sao paulo,SP,12.993576388888888,12.29704861111111,1,81.72
04bef5ebaab368e72d66decdad88fddf,55ca07ff32dc30f00ded4c99f8ea9124,delivered,2017-07-06 16:54:03,2017-07-06 17:10:14,2017-07-07 20:11:22,2017-07-19 12:57:51,2017-08-01,69.9,16.74,1,1,86.64,5,1,3.0,1.0,0bc9c245cd69735af23eefdd89d74e7e,9671,sao bernardo do campo,SP,12.835972222222223,25.29579861111111,0,86.64
c9c52a54f8c144ef40de99a8a74a3ec6,64a3fc4483005564628533c1d14de25e,delivered,2017-07-06 16:55:43,2017-07-06 17:10:16,2017-07-07 16:53:44,2017-07-27 17:42:22,2017-08-09,31.9,25.63,1,1,57.53,5,1,5.0,1.0,df8ea15cce41abd80d24724d9db3b535,56306,petrolina,PE,21.032395833333332,33.294641203703705,0,57.53
1a9f85c859f73034acc85057b4899a8e,f34e32b8604090d1c2a7f3b04c834807,delivered,2017-07-06 17:11:14,2017-07-06 17:25:21,2017-07-07 18:12:02,2017-07-31 22:42:33,2017-08-10,300.0,61.27,1,1,361.27,3,1,5.0,1.0,785a8a410d6fc9661d66f7218a87229d,69900,rio branco,AC,25.23008101851852,34.283865740740744,0,361.27
34dcbc5c082a2153b21955ef457e8c04,91ab603eecd2116962f5f9c2d61e9c4c,delivered,2017-07-06 17:17:24,2017-07-06 17:35:20,2017-07-10 19:49:46,2017-07-17 18:32:06,2017-07-28,26.69,16.11,1,1,42.8,4,1,5.0,1.0,2a6eb49c4cd1fe413141297089a4545e,4080,sao paulo,SP,11.051875,21.279583333333335,0,42.8
d181dfce5d8355bc51c2370c6910d4bc,de1c64a7f4179d4216ee09d181aa2e6a,delivered,2017-07-06 17:25:17,2017-07-07 17:30:19,2017-07-14 19:46:16,2017-07-19 17:49:02,2017-08-15,477.62,20.0,2,1,497.62,10,1,2.0,1.0,dde8dd36a5290a1bfb650e1c8037b88b,70340,brasilia,DF,13.016493055555555,39.2741087962963,0,497.62
a3ed04e61d69f848fe6fbc4c904d497c,b9e638a669b54b921ff08dc261cc173c,delivered,2017-07-06 17:30:40,2017-07-06 17:45:16,2017-07-07 18:39:36,2017-07-10 19:52:17,2017-07-26,29.0,8.72,1,1,37.72,1,1,5.0,1.0,5031508103ff7d3a841cec09922e33a6,4746,sao paulo,SP,4.098344907407407,19.27037037037037,0,37.72
fef549363384f9b965c942a7eaf0e6a9,7fdb539d21e1296b6afbc8c4e06f9bfb,delivered,2017-07-06 17:49:33,2017-07-06 18:03:26,2017-07-07 12:04:44,2017-07-19 18:47:38,2017-07-28,34.99,15.1,1,1,50.09,4,1,4.0,1.0,096fb31aae9cec17398a7f7328cf64f5,3152,sao paulo,SP,13.040335648148147,21.257256944444446,0,50.09
b3656ff96573b07910d0f54a4505454b,7791d0eaf5b8b96db289aef6ef2c2c38,delivered,2017-07-06 17:53:37,2017-07-08 10:05:21,2017-07-11 22:33:42,2017-07-20 18:19:21,2017-07-31,120.0,15.59,1,1,135.59,4,2,4.0,1.0,fd10699d401214f37b77ae360f337e27,85740,perola d'oeste,PR,14.017870370370371,24.25443287037037,0,135.59
f77c5146e7248e3ce7934c1a2396ee70,8cf4d011190096e3e13d34a6cee42bd5,delivered,2017-07-06 18:23:33,2017-07-08 03:25:30,2017-07-14 20:03:29,2017-07-21 18:08:45,2017-08-11,42.9,16.11,1,1,59.01,1,1,3.0,1.0,796330032625c52c206907c7e4acd2d4,80220,curitiba,PR,14.989722222222222,35.233645833333334,0,59.01
f464100249386ed908422e3834b42607,1bdb528d7f95c7f3e4f46d7508653d71,delivered,2017-07-06 18:29:05,2017-07-06 18:45:10,2017-07-07 19:27:26,2017-07-11 15:05:40,2017-07-19,99.8,15.56,2,1,115.36,2,1,5.0,1.0,394d71147c6b16bdb40639b2ce872d8d,2543,sao paulo,SP,4.858738425925926,12.229803240740742,0,115.36
7c433051dfca2ce91591ddaeb96b414d,832267e2a4c4c2c6cd29497d19ed7f2f,delivered,2017-07-06 18:33:39,2017-07-08 03:25:39,2017-07-10 11:42:43,2017-07-21 13:23:44,2017-08-07,50.9,16.12,1,1,67.02,1,1,3.0,1.0,c3c572a82a1947f2ca3d2f9c2866ce37,21941,rio de janeiro,RJ,14.784780092592593,31.226631944444446,0,67.02
f7535fb641a71ca3e0a6f2657dbfc51d,cd74bff5b8cf35e0caaa4b73077831e7,delivered,2017-07-06 18:35:34,2017-07-06 18:50:24,2017-07-07 19:39:35,2017-07-09 15:03:35,2017-07-19,119.9,12.04,1,1,131.94,1,1,3.0,1.0,e6eb5f0fc22340b606008acc44ff47aa,9550,sao caetano do sul,SP,2.8527893518518517,12.225300925925925,0,131.94
0a32ad9d3be8a5b1ce582225aa1cd166,bfdc41ae95fd0559aaa3ceb47770735c,delivered,2017-07-06 18:39:08,2017-07-06 18:50:25,2017-07-10 14:35:02,2017-07-14 17:25:53,2017-08-09,28.9,12.69,1,1,41.59,4,1,5.0,1.0,da4498479da8116853e055f1e2fce2c7,3085,sao paulo,SP,7.949131944444445,33.222824074074076,0,41.589999999999996
46a1ac51daefad9fbb8e65caacd43539,d304440f97ec08d781070a5daa6b38b7,delivered,2017-07-06 18:45:30,2017-07-07 02:51:06,2017-07-14 18:25:35,2017-07-21 16:43:45,2017-08-04,102.8,38.46,2,1,141.26,1,1,3.0,1.0,fa1173f1413e96c58820e0d32e65599a,23017,rio de janeiro,RJ,14.915451388888888,28.21840277777778,0,141.26
c7716af159290b14d5c7e68534ec4b50,16f32f6054e6bb6f8cb8643aa46927e8,delivered,2017-07-06 18:52:03,2017-07-07 18:55:22,2017-07-11 13:03:05,2017-07-18 17:35:57,2017-07-28,152.9,18.32,1,1,171.22,2,1,5.0,1.0,9b3585f29d0718a63fa08474320cf272,21073,rio de janeiro,RJ,11.947152777777777,21.213854166666668,0,171.22
ea2fc3ee961d93cc0a7b657aad5b30e5,1e6cd369cf26ded4ed75185d5605241a,delivered,2017-07-06 18:52:45,2017-07-06 19:04:17,2017-07-07 14:46:29,2017-07-21 22:09:48,2017-08-07,29.9,16.92,1,1,46.82,1,1,4.0,1.0,6a586986112375fd757133d6a052b16a,40296,salvador,BA,15.136840277777777,31.213368055555556,0,46.82
73fef4e3ee8931c3e71fd76d01433bf3,d30240349203d309f2d1c1db24c9d9a5,delivered,2017-07-06 18:58:56,2017-07-07 02:55:26,2017-07-07 17:25:54,2017-07-18 19:12:58,2017-07-26,154.9,14.1,1,1,169.0,1,1,4.0,1.0,d0924cc48eeb9e613a31e365ba1db47d,11609,sao sebastiao,SP,12.00974537037037,19.209074074074074,0,169.0
d18824f4c7dfc9d5725eaec88f267ea3,9a3e7f2fbadee3361ec62b911539a6d3,delivered,2017-07-06 19:00:05,2017-07-06 19:15:20,2017-07-07 16:24:57,2017-07-17 20:00:03,2017-08-03,279.9,24.83,1,1,304.73,10,1,5.0,1.0,81537fdbc69968677c939cf5d785c8f2,25610,petropolis,RJ,11.04164351851852,27.208275462962963,0,304.72999999999996
e305fbc65af17a0b60a9fcff63ebcbe8,f5d670454d231abcc3e35c592ce3cd54,delivered,2017-07-06 19:03:02,2017-07-06 19:15:23,2017-07-07 17:08:35,2017-08-24 17:18:59,2017-08-01,89.9,19.87,1,1,109.77,4,1,1.0,1.0,52f0ba228512b20fbe290e053c0f6210,25264,duque de caxias,RJ,48.92774305555555,25.206226851851852,1,109.77000000000001
4749ee8fe12594e5e3b2170f35ed441d,481aa2704b487a84a33416f60148190e,delivered,2017-07-06 19:09:12,2017-07-06 19:23:17,2017-07-07 19:59:22,2017-07-21 17:22:29,2017-08-10,184.0,27.83,1,1,211.83,2,1,5.0,1.0,9d471065b72938db48ed449f1c4b826b,55120,riacho das almas,PE,14.925891203703705,34.20194444444444,0,211.82999999999998
76bcb1e332f23e1b82baef84baaae1df,d9b4c2212326d5a4d0084bc2b65691b4,delivered,2017-07-06 19:15:39,2017-07-08 03:30:37,2017-07-10 17:47:54,2017-07-20 20:23:30,2017-08-03,50.0,28.75,1,1,78.75,1,1,5.0,1.0,f2ca55f42a7131ae3955d7a039c69c37,44003,feira de santana,BA,14.047118055555556,27.197465277777777,0,78.75
31b7099f02dfb1ef54bf9b3c44aaf417,48ccf3a1988ef7c484efc8142bd0a8ea,delivered,2017-07-06 19:35:07,2017-07-06 19:50:14,2017-07-07 18:59:36,2017-07-14 15:57:42,2017-07-26,75.5,12.03,1,1,87.52999999999999,1,2,4.0,1.0,2d1768ecedef896a26c0d5db869a4c45,11740,itanhaem,SP,7.8490162037037035,19.18394675925926,0,87.53
4e3a1311d6cf029c30c9ead449bfbd43,4379622b3e8894ea1d95bac44ccec6ba,delivered,2017-07-06 19:36:57,2017-07-06 19:50:18,2017-07-07 17:52:04,2017-07-17 20:22:39,2017-07-28,68.9,15.23,1,1,84.13,1,1,5.0,1.0,410fb32e64021ff81aab94fe0b76f575,13830,santo antonio de posse,SP,11.031736111111112,21.18267361111111,0,84.13000000000001
0e40a411ec0cb464b5d17a84ff95cc25,bd3db989ccd5c565f4b708a39c0d14e2,delivered,2017-07-06 19:44:43,2017-07-06 19:55:18,2017-07-07 18:21:24,2017-07-19 16:33:47,2017-07-28,139.9,13.11,1,1,153.01,6,1,4.0,1.0,c9cf55d6c0f009b6f5ecc6606e13fd32,4651,sao paulo,SP,12.867407407407407,21.177280092592593,0,153.01
ade8acb24d7c09d93b8d4e9837309c05,4914885c2995408d33b78e8f8298566e,delivered,2017-07-06 19:44:56,2017-07-06 19:55:23,2017-07-10 20:13:52,2017-07-13 14:00:43,2017-07-26,65.0,11.95,1,1,76.95,2,1,4.0,1.0,4841d5835d0ab4894f2b0a0ac60aa49a,5372,sao paulo,SP,6.760960648148148,19.17712962962963,0,76.95
9f3f85ddc354be372be6cde53a577cd5,acc559579aefad3c725ffb1b7c7e4c45,delivered,2017-07-06 19:46:22,2017-07-06 19:55:21,2017-07-07 20:24:45,2017-07-12 12:52:56,2017-07-26,45.0,11.85,1,1,56.85,2,1,5.0,1.0,018875156db79cf3fb697342f256c329,11015,santos,SP,5.712893518518518,19.17613425925926,0,56.85
be844f368fa6d0d3ea9f81f72d668b67,b4b9a82533213cf286475d51c421640e,delivered,2017-07-06 19:51:35,2017-07-06 20:03:36,2017-07-12 18:03:30,2017-07-21 19:42:05,2017-07-28,349.99,16.2,1,1,366.19,10,1,5.0,1.0,25676a647b2252234c4f6e4049ace7a8,32641,betim,MG,14.993402777777778,21.172511574074075,0,366.19
fca69dd3e60777ea363bd9d95a9bc86b,f6200ed049e67d0003e8ec5cea1eb13d,delivered,2017-07-06 19:53:02,2017-07-06 20:03:32,2017-07-07 15:42:16,2017-07-13 17:08:50,2017-07-28,32.99,15.1,1,1,48.09,4,1,5.0,1.0,b03da8a82f4cfd9967b23375b91b6a87,25976,teresopolis,RJ,6.885972222222223,21.17150462962963,0,48.09
f64838e53785a6d7f2f0b9814e11a55f,c023f30c1147aeb0358474f3b1dbc707,delivered,2017-07-06 20:01:11,2017-07-07 02:44:25,2017-07-07 12:53:32,2017-07-13 19:47:45,2017-07-26,164.9,17.86,1,1,182.76,1,1,5.0,1.0,07a0a4dd3a3e7330c9f1cbf44995ba10,13035,campinas,SP,6.990671296296297,19.165844907407408,0,182.76
b3ef4de1762699288ca5c55a1e574a12,6f967a810363042cfb1dde2417d70324,delivered,2017-07-06 20:02:50,2017-07-06 20:15:26,2017-07-07 15:54:35,2017-07-13 21:44:50,2017-08-01,178.0,75.84,2,1,253.84,6,1,4.0,1.0,80cfc1c16082dcb5bab658bc44bac0d9,13348,indaiatuba,SP,7.070833333333334,25.164699074074075,0,253.84
7ea643d8802c6875dc51108bd2386c8d,561d23a482adeb8967352285dbd852a0,delivered,2017-07-06 20:19:20,2017-07-06 20:30:21,2017-07-26 15:32:25,2017-08-11 20:11:27,2017-09-01,399.0,20.04,1,1,419.04,8,1,1.0,1.0,ca6d9bc2e717c2a0aa19d77a3bfa5398,21931,rio de janeiro,RJ,35.99452546296296,56.15324074074074,0,419.04
4bdc72a43c134005e672c71df83dde1e,c4bbd74031472c6caa3e0b67b86bb256,delivered,2017-07-06 20:21:43,2017-07-06 20:30:16,2017-07-10 21:27:44,2017-07-19 18:11:48,2017-07-28,139.9,78.0,1,1,217.9,10,1,5.0,1.0,20aca03ba6dec47a80bbe3ea44c470b6,37200,lavras,MG,12.909780092592593,21.15158564814815,0,217.9
c774090f7e672d0718f1ea7e9a3a8590,6b3d95268023f35b096811b8834a3d03,delivered,2017-07-06 20:25:32,2017-07-06 20:43:20,2017-07-07 07:23:07,2017-07-14 16:42:12,2017-08-02,199.0,17.83,1,1,216.83,1,1,4.0,1.0,07a421ede5046fc7bf8af5609afaa05c,13561,sao carlos,SP,7.844907407407407,26.148935185185184,0,216.82999999999998
610a42c3d738d3a80c0f95b8cde6db91,a5920b74bde463773fa0a63fb4834859,delivered,2017-07-06 20:54:09,2017-07-06 21:05:10,2017-07-07 18:32:18,2017-07-17 18:43:46,2017-07-28,99.99,17.95,1,1,117.94,4,1,5.0,1.0,dbcefdf152f6054ebca8ca78edabd755,36900,manhuacu,MG,10.909456018518519,21.1290625,0,117.94
a5f8be1ccc8cce1123e2201f43d98fbf,a40f8b46938a854129c47067fdd43c19,delivered,2017-07-06 20:54:56,2017-07-06 21:10:16,2017-07-10 14:25:25,2017-07-17 23:36:58,2017-07-28,39.9,14.1,1,1,54.0,2,1,5.0,1.0,e2dd4a4347a9ae213823c109ecd075b6,32241,contagem,MG,11.112523148148147,21.12851851851852,0,54.0
867323864f390e786132fb596893b398,365ea489aa1e81ee23c0a26c918cecb3,delivered,2017-07-06 20:55:38,2017-07-06 21:05:13,2017-07-10 16:47:57,2017-07-27 19:21:38,2017-08-01,79.9,14.31,1,1,94.21,9,1,5.0,1.0,e226f1eb3c1567ca3924ac574f7250ba,71918,brasilia,DF,20.934722222222224,25.128032407407407,0,94.21000000000001
61685f5d646af5b5f7fbba31e885c7ec,e719dc400017e0177378ddef1c9c757f,delivered,2017-07-06 21:10:53,2017-07-06 21:23:38,2017-07-10 21:42:45,2017-07-18 14:32:16,2017-07-26,449.8,35.489999999999995,2,1,485.29,2,1,2.0,1.0,f3e76dbdb71ca99e1ab351937ce9aace,6447,barueri,SP,11.72318287037037,19.11744212962963,0,485.29
05bb540accb9a3fc966280b894023c9c,5e223ba2e969f6c316d104a99db67a71,delivered,2017-07-06 21:13:00,2017-07-07 02:50:52,2017-07-11 13:49:34,2017-07-13 20:41:17,2017-08-02,19.99,14.1,1,1,34.09,1,1,4.0,1.0,f96fba562401ffaedb60f667b56c60d2,22061,rio de janeiro,RJ,6.977974537037037,26.115972222222222,0,34.089999999999996
5c78dd4658f7e317f7e2b71fe2abf783,fa30e48dd16ed998b9de1fad90d22a73,delivered,2017-07-06 21:14:50,2017-07-06 21:25:18,2017-07-07 17:59:53,2017-07-17 15:35:52,2017-07-26,24.75,12.69,1,1,37.44,1,1,5.0,1.0,2a3b73d1743455daac67fa32f2946575,5346,sao paulo,SP,10.764606481481481,19.114699074074075,0,37.44
7b9f5e24a87d548effb470329e3705ea,fccae75f93f9d98d7be1e1c36a0820a7,delivered,2017-07-06 21:46:52,2017-07-07 02:43:40,2017-07-10 16:52:53,2017-07-11 19:29:53,2017-07-19,79.9,7.81,1,1,87.71,1,1,3.0,1.0,196c621766aab9501b0d5509767adc39,3275,sao paulo,SP,4.904872685185185,12.092453703703704,0,87.71000000000001
ed3f087b848244c46b0f1844ca35bb1b,d3556692bf4ee805f818f57eac54b0bc,delivered,2017-07-06 21:47:49,2017-07-07 02:43:59,2017-07-10 17:56:32,2017-07-21 18:56:42,2017-07-28,22.99,15.1,1,1,38.09,1,1,5.0,1.0,20be79e22413f002e206785bfe652718,89900,sao miguel do oeste,SC,14.881168981481482,21.09179398148148,0,38.089999999999996
afd71840756746edd2c71bd69b2e904e,96526ca2d4b3defae648259436c371c0,delivered,2017-07-06 21:50:02,2017-07-06 22:03:40,2017-07-21 16:13:07,2017-08-01 19:15:27,2017-08-11,27.4,15.1,1,1,42.5,2,1,5.0,1.0,878d1683076172a5b7ffc7126ba99acd,36570,vicosa,MG,25.892650462962962,35.09025462962963,0,42.5
6df657a95f9bdff5c5c8552e4823d469,3af6b940fdfdee9a59c09e7a78aac4eb,delivered,2017-07-06 21:56:59,2017-07-06 22:05:29,2017-07-20 19:48:44,2017-08-04 23:24:18,2017-08-16,26.07,35.67,1,1,61.74,6,1,3.0,1.0,b7cb3a9e0113daf80b914678d7e4ebbb,76988,vilhena,RO,29.060636574074074,40.08542824074074,0,61.74
8b0b0bb16bfbee0b827837e8d27e4a35,aa2efe1edf84e625777a77aa2d18ba76,delivered,2017-07-06 22:05:14,2017-07-06 22:23:38,2017-07-07 19:39:26,2017-07-10 17:28:44,2017-07-20,150.0,9.86,1,1,159.86,9,1,4.0,1.0,364f7b4c100b3b8793389cbf6a72ea58,5756,sao paulo,SP,3.807986111111111,13.079699074074075,0,159.86
3bbfc6cfb06ece2a3da05e9106aba42f,ad54cac7393fca3e9a8a26ce55f38154,delivered,2017-07-06 22:26:42,2017-07-06 22:43:12,2017-07-11 12:43:51,2017-07-14 18:29:38,2017-07-26,89.9,12.13,1,1,102.03,8,1,5.0,1.0,2d994dc5dfd83c29f82519aa9a0b0ba9,13335,indaiatuba,SP,7.83537037037037,19.064791666666668,0,102.03
9095f0efd46352f74ec4937fedfeb0be,d2e283df85b37eeb1cf37fc3416a2686,delivered,2017-07-06 22:28:48,2017-07-06 22:43:14,2017-07-07 16:24:56,2017-07-17 18:37:31,2017-08-03,169.9,20.43,1,1,190.32999999999998,3,2,5.0,1.0,b1a01b5e537b13ac57823093179fd764,39270,pirapora,MG,10.839386574074075,27.063333333333333,0,190.33
15a31c39dee81bc534abff1f9b5ec6c2,cfd124ffe38534e2575f94a6e1b9dd60,delivered,2017-07-06 22:31:19,2017-07-06 22:45:11,2017-07-11 14:53:24,2017-07-25 20:49:39,2017-08-10,49.99,25.63,1,1,75.62,3,1,5.0,1.0,10ef6779ad649bb93e9560b52376b24e,55195,santa cruz do capibaribe,PE,18.92939814814815,34.061585648148146,0,75.62
9dda75f3a1a15b58eadee893d4d4263a,bed92abe099aacedbaf421dc231f0e82,delivered,2017-07-06 22:35:10,2017-07-06 22:45:18,2017-07-07 17:53:18,2017-07-13 17:33:05,2017-07-31,149.0,18.29,1,1,167.29,8,1,4.0,1.0,dba932868cfb1b072b81bd3ff5382e61,82515,curitiba,PR,6.790219907407407,24.058912037037036,0,167.29
2459150b1b6791d5e62fc0752dcf6b91,7eb46835088fbcb521879c97a9e250c0,delivered,2017-07-06 22:40:27,2017-07-06 22:50:15,2017-07-11 16:44:39,2017-07-21 18:52:19,2017-07-28,47.0,16.11,1,1,63.11,2,1,5.0,1.0,4e8ac8f8c8437c809703dac113601ca4,84172,castro,PR,14.841574074074074,21.055243055555554,0,63.11
a201a3d5774c7b81c6a50dad1be5f488,f2d6a280d9aadd9fc04f2e1e4660e2b7,delivered,2017-07-06 22:50:32,2017-07-06 23:03:18,2017-07-07 16:37:40,2017-07-18 15:22:19,2017-08-07,59.9,34.22,1,1,94.12,1,1,5.0,1.0,07395d6e7fd36ef9c2c1c7fc2f0a2bf0,45700,itapetinga,BA,11.688738425925926,31.04824074074074,0,94.12
728aada863981162c695a2b288d9b410,41642fab6f0a09b5c433637015ddaee2,delivered,2017-07-06 22:54:18,2017-07-08 03:30:30,2017-07-13 19:42:06,2017-07-24 18:32:44,2017-08-09,25.9,34.15,1,1,60.05,1,1,5.0,1.0,00a6ee75a90222405df9d8d59babc513,65380,bom jardim,MA,17.81835648148148,33.045625,0,60.05
359b8545fa52faae433eea1788c2556d,d3aa5ce911f5fbcdfa7fb8a59158a7a0,delivered,2017-07-06 23:47:38,2017-07-07 23:50:19,2017-07-10 11:42:44,2017-07-19 21:22:32,2017-08-07,45.9,16.11,1,1,62.01,6,1,3.0,1.0,3bc4a58aec1a6278d1dd9df330aa8bfd,35162,ipatinga,MG,12.899236111111112,31.008587962962963,0,62.01
f0c04ce2856f738a0d783b126692a0ff,eeadac9b0fe825a38f5935b801e3937b,delivered,2017-07-06 23:49:03,2017-07-07 00:43:22,2017-07-10 15:13:00,2017-07-13 17:07:33,2017-07-26,39.9,11.85,1,1,51.75,2,1,5.0,1.0,ab1a269cdea95bb422e304ea27616e67,14620,orlandia,SP,6.721180555555556,19.007604166666667,0,51.75
b26ee85b15728fcd633f442f61e8c828,e9f803e0e1cfdfe5ad1458c8551bc7f1,delivered,2017-07-06 23:55:06,2017-07-07 00:50:15,2017-07-07 20:59:21,2017-07-17 20:41:11,2017-08-09,120.0,16.6,1,1,136.6,2,1,3.0,1.0,4fec36fae74fed9693516946dd472e67,93054,sao leopoldo,RS,10.865335648148148,33.00340277777778,0,136.6
0173e291db71c3e688829f7f03e2d34a,b909a43dbe785f180ae31c4d0e79cd28,delivered,2017-07-07 00:29:18,2017-07-07 02:05:22,2017-07-11 18:18:00,2017-07-15 13:23:44,2017-08-04,31.9,16.79,1,1,48.69,1,1,5.0,1.0,9692198eb90ef81bbe24655e8ccbd394,88220,itapema,SC,8.537800925925925,27.979652777777776,0,48.69
b8c503a5f3008e2e698409cfd9b51538,ed3b4bf8fe2ca7ef257fb7f7c856f2be,delivered,2017-07-07 00:35:53,2017-07-07 00:50:08,2017-07-07 16:53:44,2017-07-11 17:32:26,2017-07-31,39.9,16.11,1,1,56.01,5,1,3.0,1.0,49a646e27cc7280ff6374df7d5d33029,23093,rio de janeiro,RJ,4.7059375,23.97508101851852,0,56.01
457bb809dc185c4a253943522fa1577c,ee7b0a64a42fd92a3144a38c4f347a9e,delivered,2017-07-07 00:44:08,2017-07-07 00:55:14,2017-07-07 18:42:23,2017-07-24 22:33:26,2017-08-02,149.0,18.29,1,1,167.29,10,1,4.0,1.0,bd64e82a5bf0ad0166ad7c72b302bbe4,79823,dourados,MS,17.90923611111111,25.96935185185185,0,167.29
956e905489c92b9c9478e8bd23609261,0d76279b65c015e327c53010755bd67d,delivered,2017-07-07 01:32:08,2017-07-07 01:45:06,2017-07-10 20:00:00,2017-07-13 14:23:13,2017-07-27,65.0,12.79,1,1,77.79,1,1,5.0,1.0,3c8fecf1ca48550923916e2885531248,3818,sao paulo,SP,6.535474537037037,19.93601851851852,0,77.78999999999999
c520b0227dd173299c9739a4d65500f5,50f01f7a19be052db9d8f2259056ab58,delivered,2017-07-07 06:53:32,2017-07-07 07:03:19,2017-07-10 18:27:21,2017-07-26 20:41:48,2017-08-03,54.0,16.14,1,1,70.14,3,1,4.0,1.0,35ee02cdcce3665cb6a60124c99e9206,90450,porto alegre,RS,19.575185185185184,26.712824074074074,0,70.14
43e6d698fe37c6ba287d6b20d552a8aa,ea86b67280b47ccf7168049027606125,delivered,2017-07-07 07:50:28,2017-07-07 08:06:29,2017-07-10 13:11:59,2017-07-20 19:42:35,2017-08-08,50.9,16.12,1,1,67.02,3,1,5.0,1.0,40cd90051be76f2ab8062eb2fcb2db4a,37550,pouso alegre,MG,13.494525462962963,31.67328703703704,0,67.02
9e94c3cecb444012ef6ee92df4ef0b0e,f56091c3fb2ee9ba23d99dd40a11cb7b,delivered,2017-07-07 08:56:20,2017-07-07 09:10:12,2017-07-10 19:56:51,2017-07-12 17:47:28,2017-07-20,89.9,7.88,1,1,97.78,4,1,5.0,1.0,1134477e4b853621a822f0d91a6dabb8,13160,artur nogueira,SP,5.368842592592593,12.627546296296297,0,97.78
31dda941b6ee5942d784d50d6b3092b2,41f62aaf741486d48b7f7d054b6c1adf,delivered,2017-07-07 08:59:10,2017-07-08 03:30:43,2017-07-10 19:27:20,2017-07-18 15:52:09,2017-08-02,99.0,17.94,1,1,116.94,1,1,5.0,1.0,08f3da525f57453c7cae7edac1f0d342,96495,candiota,RS,11.286793981481482,25.625578703703702,0,116.94
745153dbea0349a835594747a878f5d8,00520034b873d2cdfe098fd0a634d03d,delivered,2017-07-07 09:08:01,2017-07-07 09:23:31,2017-07-10 19:34:53,2017-07-14 21:27:23,2017-07-27,149.9,12.55,1,1,162.45,1,1,4.0,1.0,f02249d034341b86c6bf3dd4ccc2bd2c,9370,maua,SP,7.5134490740740745,19.61943287037037,0,162.45000000000002
3f8c8dc789ca737939667e090ea91e29,b1d99754839ce98d2e550e4d1b1396cb,delivered,2017-07-07 09:13:23,2017-07-07 09:25:21,2017-07-07 19:27:26,2017-07-19 18:13:28,2017-07-31,44.9,15.1,1,1,60.0,1,1,5.0,1.0,37bdbe3bfc887a48e6e0879f39f999fd,88704,tubarao,SC,12.37505787037037,23.61570601851852,0,60.0
d48af423b2e9d7e208f37ba365eebc1a,4babb868246b861f9f4acb33650d5505,delivered,2017-07-07 09:14:09,2017-07-07 09:25:20,2017-07-07 18:17:25,2017-07-19 21:33:35,2017-08-11,80.0,17.13,1,1,97.13,9,1,5.0,1.0,6409bccd4062c7105e9fd94c9a72082c,13214,jundiai,SP,12.51349537037037,34.61517361111111,0,97.13
37f50248620b9081be972779cc175160,5d4134c9ae17d09b86aa4387c2e9b6e6,delivered,2017-07-07 09:16:02,2017-07-11 04:10:34,2017-07-13 19:26:51,2017-07-27 16:46:44,2017-07-31,89.9,15.38,1,1,105.28,1,1,5.0,1.0,7d5af2265ac87a5f4046ed4d9004e3ba,24455,sao goncalo,RJ,20.312986111111112,23.613865740740742,0,105.28
067c946a70abc2e1e8d9185ae309b48a,45d13f49d630df78bccfa2a05aca18a9,delivered,2017-07-07 09:20:11,2017-07-07 09:30:11,2017-07-07 17:59:52,2017-07-17 19:26:13,2017-08-08,205.0,26.27,1,1,231.27,10,1,3.0,1.0,bbe23bf5d5ed17c5a3132bebc16db355,75803,jatai,GO,10.420856481481481,31.610983796296296,0,231.27
25fe494885908cc898eceec3e6594d2f,d9f11742a0a75e0c515223b5d85625e6,delivered,2017-07-07 09:32:27,2017-07-08 03:25:23,2017-07-11 22:17:55,2017-07-14 17:14:01,2017-08-01,35.0,14.1,1,1,49.1,1,1,5.0,1.0,f11e661fa8fbdf21fdaea982ca44b96f,21361,rio de janeiro,RJ,7.320532407407407,24.602465277777778,0,49.1
4d6508666e706d6dbbdea72b4ac1a05b,3b6f234e5081db95a06d521a4a9e6f57,delivered,2017-07-07 09:45:05,2017-07-07 09:55:20,2017-07-13 10:48:46,2017-07-26 01:03:34,2017-08-10,105.9,19.98,1,1,125.88,10,1,,,e8f7da1a60ca6bef3eb0ce1485813b88,40414,salvador,BA,18.637835648148148,33.59369212962963,0,125.88000000000001
d9a40c62c40151c4710705c2b92b4a50,deb19dc4202f498d4189969a9cc38a27,delivered,2017-07-07 10:00:20,2017-07-08 07:05:10,2017-07-18 15:23:45,2017-08-05 01:12:02,2017-08-10,69.9,27.03,1,1,96.93,1,1,5.0,1.0,8f16d984f24a6a8d1328c5e4d0107856,62400,camocim,CE,28.633125,33.58310185185185,0,96.93
8ba3f3a9292fbc22a8b7dff752bbcd37,0315a87fba4dab4865f2071777b98e87,delivered,2017-07-07 10:07:16,2017-07-07 10:23:34,2017-07-08 11:46:44,2017-07-18 23:16:44,2017-07-31,59.9,16.18,1,1,76.08,1,2,5.0,1.0,ea86add4caaaf87ef892d12ca1033012,18053,sorocaba,SP,11.548240740740741,23.578287037037036,0,76.08
43a57d07af3699cb326ea4b1f6d0bae3,b49cc676663ad8545fd56c4c2ec8545d,delivered,2017-07-07 10:17:17,2017-07-07 10:25:15,2017-07-12 19:48:48,2017-07-18 18:09:04,2017-07-27,89.9,12.13,1,1,102.03,6,1,3.0,1.0,c944da0ad1655df2731f8bb49c606945,13035,campinas,SP,11.327627314814816,19.571331018518517,0,102.03
b7c509157b933de261d2bb20abe06829,82ee5f0ff614d167fada2e62648ef53c,delivered,2017-07-07 10:18:53,2017-07-07 10:30:12,2017-07-18 18:47:36,2017-07-24 21:26:37,2017-07-31,349.99,16.2,1,1,366.19,2,1,5.0,1.0,cefecd23f8264f8fb6215e57a7c2ccaf,22430,rio de janeiro,RJ,17.463703703703704,23.570219907407406,0,366.19
1ae621120c3aa70ed2cb1388a641ffc9,f792180f5b4046cf80353f0677589a1c,delivered,2017-07-07 10:26:23,2017-07-08 03:30:27,2017-07-10 19:33:58,2017-07-17 20:29:57,2017-08-01,27.9,15.1,1,1,43.0,1,1,5.0,1.0,2d74ac378e247d6e4b96883a1541ceb2,39402,montes claros,MG,10.419143518518519,24.565011574074074,0,43.0
8f753686e2b205ad19e9cc220b649df3,bcde3555c10846d1a1cd8b8f3aa52be5,delivered,2017-07-07 10:36:14,2017-07-07 10:50:10,2017-07-12 19:48:47,2017-07-26 19:49:37,2017-08-02,89.9,15.38,1,1,105.28,8,1,5.0,1.0,e17100e5f754e681989cb32b82ce4ad1,96740,arroio dos ratos,RS,19.38429398148148,25.558171296296297,0,105.28
3b0dd50dc2aa331331704962064c8a8d,3c88b9a2b62754a92ad6715efb0f7ba6,delivered,2017-07-07 10:42:31,2017-07-07 10:55:24,2017-07-11 18:07:39,2017-07-14 19:47:52,2017-08-04,269.70000000000005,87.09,3,1,356.79,5,1,5.0,1.0,96132ad82d42065fe83745227c96f313,29175,serra,ES,7.378715277777777,27.55380787037037,0,356.7900000000001
62f45e4a3ac45d14c761131a05fc32cf,8f421e570a79f0372910a860978d6ac1,delivered,2017-07-07 10:44:07,2017-07-08 03:30:24,2017-07-11 14:09:00,2017-07-19 17:03:20,2017-08-03,56.99,15.15,1,1,72.14,1,1,5.0,1.0,a45d979b922345a95d83a8905a303242,27910,macae,RJ,12.263344907407408,26.55269675925926,0,72.14
f2fe33e91924ce0b0182264712504584,3192b8d6493a72fa2b748cf450624408,delivered,2017-07-07 10:51:33,2017-07-07 11:03:42,2017-07-10 17:44:00,2017-07-20 20:15:31,2017-08-02,119.9,15.59,1,1,135.49,1,1,4.0,1.0,c3011c677962bdd216780c9197d666f7,95012,caxias do sul,RS,13.391643518518519,25.547534722222224,0,135.49
e236416fb32f25eb00a7da9097cf36a4,7a09a14821e574a7774323bdfab4908c,delivered,2017-07-07 11:09:00,2017-07-07 12:10:21,2017-07-07 16:24:56,2017-07-13 19:32:22,2017-08-02,94.9,20.15,1,1,115.05,4,1,5.0,1.0,587587108fa69b24b7919f550114c1cb,5849,sao paulo,SP,6.349560185185185,25.535416666666666,0,115.05000000000001
3393e0117eefaf7abdee7c0ec9582632,a4ae42d510710bdfd23de09c1fce5410,delivered,2017-07-07 11:13:50,2017-07-07 11:25:16,2017-07-07 19:38:59,2017-07-10 16:50:05,2017-07-20,48.5,9.34,1,1,57.84,2,1,5.0,1.0,0c4cd30defdfe37fc9d50089c553f2e5,7220,guarulhos,SP,3.2335069444444446,12.532060185185186,0,57.84
513b6592fe9a0b61ad5be337680b84d0,46b5eb3e7ed10cff6f8310d7dd721bfd,delivered,2017-07-07 11:14:04,2017-07-08 03:35:10,2017-07-10 14:03:26,2017-07-19 13:53:01,2017-07-31,79.9,16.32,1,1,96.22,1,1,5.0,1.0,1a308f67ab6aa0f6c7be8b013ef8bc39,89167,rio do sul,SC,12.110381944444445,23.531898148148148,0,96.22
fca51312326fac3f7def0bf11016a269,c4264a7d8bd33eccbe46b5f978f9965d,delivered,2017-07-07 11:17:21,2017-07-07 11:25:18,2017-07-10 12:24:33,2017-07-20 21:46:34,2017-08-03,329.0,21.54,1,1,350.54,10,1,3.0,1.0,262e0bc6e703f729f370889579d1f0b4,20521,rio de janeiro,RJ,13.436956018518519,26.529618055555556,0,350.54
3ee6694bb99d5a6db0deceffcd099597,127237a4aa0bd9ecc09015f781c9fc27,delivered,2017-07-07 11:22:13,2017-07-07 12:25:07,2017-07-11 18:15:40,2017-07-11 17:41:26,2017-07-20,38.87,16.05,2,2,54.92,5,1,5.0,1.0,6b27bfed0a7785feb3bb08725e057947,3693,sao paulo,SP,4.263344907407407,12.526238425925927,0,54.92
f2052987962f815b4cc4f293e5a3868b,6b1577eb1255bed59d909efbe9ee74a0,delivered,2017-07-07 11:23:07,2017-07-07 11:35:08,2017-07-13 20:46:51,2017-07-19 12:52:22,2017-08-04,119.94,34.2,1,1,154.14,1,1,5.0,1.0,142d440cbac2f8db84fbc444a493f8c8,36700,leopoldina,MG,12.061979166666667,27.525613425925926,0,154.14
f30e9b83b1b7557b48c20dc8cf2e383f,8b0c6a16ffaa6a3242da476acb35704d,delivered,2017-07-07 11:39:44,2017-07-08 03:30:22,2017-07-10 18:16:10,2017-07-20 21:45:43,2017-07-20,59.0,9.34,1,1,68.34,1,1,5.0,1.0,ce81cc2da4ecf56095a85747e45cf307,13185,hortolandia,SP,13.42082175925926,12.514074074074074,1,68.34
54d6ae8b557cebe3a01965a54c4e4106,bbde703c8517876f8534f5c8a4b55948,delivered,2017-07-07 11:48:01,2017-07-07 11:55:15,2017-07-12 19:08:22,2017-07-18 19:53:38,2017-08-10,69.8,35.2,2,1,105.0,5,1,5.0,1.0,c0126bf681e55a07cb86c35b0b88af95,88701,tubarao,SC,11.337233796296296,33.50832175925926,0,105.0
7fe630fd69c00ef54c9124d78e124256,a3c0a165194392d6f1feeaea3e8437ef,delivered,2017-07-07 11:51:03,2017-07-07 12:05:22,2017-07-11 21:59:47,2017-07-24 22:39:39,2017-08-11,150.0,36.37,1,1,186.37,1,1,5.0,1.0,04fe4ed7afa55ab5fee4dc94ec7ef77f,76890,jaru,RO,17.450416666666666,34.50621527777778,0,186.37
29d81f9fcfa8f77ad68afa83d9fbf83b,6da05f4c39571b239acb72979c20bd71,delivered,2017-07-07 11:58:48,2017-07-07 12:10:14,2017-07-07 19:37:52,2017-07-18 21:09:12,2017-08-09,75.9,17.07,1,1,92.97,5,1,5.0,1.0,22d59fb14a6f83c307282e983523cbb4,36212,barroso,MG,11.382222222222222,32.50083333333333,0,92.97
1acdd343f32412c986586a4f0c828460,425885462bb30dcb05866866aa6ff81a,delivered,2017-07-07 12:00:24,2017-07-07 12:15:17,2017-07-11 18:20:03,2017-07-18 13:47:56,2017-07-31,89.9,17.88,1,1,107.78,4,1,5.0,1.0,a5101a8d43822077372c0f81596b6bf5,4826,sao paulo,SP,11.074675925925925,23.49972222222222,0,107.78
14a2ad28d59053cc7bf0e2b40660294f,b4f3c061fef15631681969b9aaacfffd,delivered,2017-07-07 12:05:48,2017-07-11 06:43:38,2017-07-12 13:06:05,2017-07-17 20:23:28,2017-08-15,19.99,17.63,1,1,37.62,1,1,5.0,1.0,abf6d955a4d49c5816aa0ec96d17a2d6,66055,belem,PA,10.345601851851852,38.49597222222222,0,37.62
ba305eaf10df01ecdb8d805b1a46d402,7094b5b7b45b130f1d56bfd571872adb,delivered,2017-07-07 12:19:47,2017-07-08 03:30:51,2017-07-17 11:04:32,2017-07-26 16:23:08,2017-08-10,24.9,11.85,1,1,36.75,1,1,5.0,1.0,1fcd939eb433bfd16c41e103a1f970f3,4474,sao paulo,SP,19.168993055555557,33.48626157407407,0,36.75
e3960d3d8d627408b6715b07daa508a0,044e0f4d0ae3c40e9e66fcb49a4b5cd0,delivered,2017-07-07 12:59:24,2017-07-07 13:10:25,2017-07-14 19:12:14,2017-07-24 16:35:30,2017-08-14,24.9,15.1,1,1,40.0,1,1,5.0,1.0,31fac402b273df2354484c1a8c9145ea,21230,rio de janeiro,RJ,17.150069444444444,37.45875,0,40.0
65d20cd74349cb427d7feec3567a6fd0,4df495f45f53d7ffef19adf91a29f177,delivered,2017-07-07 13:06:55,2017-07-07 13:23:15,2017-07-07 19:03:10,2017-07-13 19:28:51,2017-07-24,179.98,20.08,2,1,200.06,3,1,5.0,1.0,be0fd3a8fd6192483df43de3e4b2c67e,15990,matao,SP,6.265231481481481,16.453530092592594,0,200.06
bc307d2f421c01c51c15f828da785142,9a9a85e7b6a53d3b2fe85bfa4b6f20f0,delivered,2017-07-07 13:18:22,2017-07-08 03:30:48,2017-07-10 19:17:55,2017-07-17 23:47:32,2017-07-31,132.0,15.67,1,1,147.67,1,1,4.0,1.0,d6cd0db87d696a4e2b31ccfd81011c9b,3162,sao paulo,SP,10.436921296296296,23.445578703703703,0,147.67
793d5734dbcacd65ede9e18d93ff8c84,29945e69674077096f8273a6b18f16ae,delivered,2017-07-07 13:26:33,2017-07-08 03:30:13,2017-07-11 11:14:43,2017-07-17 16:17:38,2017-08-02,35.9,15.79,1,1,51.69,1,1,5.0,1.0,8fdf45741eca51d9b5d445bd3a5f1407,1026,sao paulo,SP,10.11880787037037,25.439895833333335,0,51.69
1d52ecb64812aade8eda623f0a2f0c79,80fd8c4c7004d98ff9cdf61587724a35,delivered,2017-07-07 13:29:30,2017-07-07 13:43:37,2017-07-10 16:24:59,2017-07-11 19:21:51,2017-07-20,129.0,8.16,1,1,137.16,6,1,5.0,1.0,3d6042d877fddc23b9d57ed6669a5b8c,1420,sao paulo,SP,4.2446875,12.437847222222222,0,137.16
80b812cc3f7609fc00fba1b9beec3065,b550abac10e148e050efe03dd209aa73,delivered,2017-07-07 13:37:17,2017-07-07 13:50:18,2017-07-12 20:03:37,2017-07-21 17:56:58,2017-08-02,89.9,15.38,1,1,105.28,5,1,5.0,1.0,9376735196d597e46dbd48e03dae1a78,70070,brasilia,DF,14.180335648148148,25.432442129629628,0,105.28
ab6a6b7a25c62e6f6c332f359ac4764f,98c3ecb51a496e47dc7cf7fcf7c19b96,delivered,2017-07-07 13:40:04,2017-07-08 03:25:11,2017-07-14 19:28:01,2017-07-18 19:27:59,2017-07-20,310.0,17.66,2,1,327.66,1,1,3.0,1.0,dbfdebeb8620b019958e9ba80aa730c0,4563,sao paulo,SP,11.241608796296296,12.43050925925926,0,327.66
87fa3e925b3406c52f70ca7c5faccce6,3a5a619866e843b7ebabf717e2f68d4e,delivered,2017-07-07 14:07:02,2017-07-07 14:23:38,2017-07-12 11:14:29,2017-07-15 13:21:33,2017-07-20,64.9,7.78,1,1,72.68,2,1,5.0,1.0,c035b1b5d88dc07f6f7e695bae8067e8,4939,sao paulo,SP,7.968414351851852,12.411782407407408,0,72.68
f406a7c4fc4512aa60c7240e3973597e,8d5468776b1d29922168cc8b6f91591d,delivered,2017-07-07 14:10:04,2017-07-07 14:23:36,2017-07-10 19:34:55,2017-07-14 21:12:14,2017-07-27,69.9,16.12,1,1,86.02,1,1,5.0,1.0,749f2428088b5dcd4be24d112870ad08,12600,lorena,SP,7.293171296296296,19.409675925925924,0,86.02000000000001
4993ef6ff0e62c90c51232f5164acb56,8566046ddc5576ea3d0657485970f5e2,delivered,2017-07-07 14:16:25,2017-07-10 12:15:08,2017-07-11 20:26:25,2017-07-27 09:33:57,2017-08-08,45.0,16.79,1,1,61.79,6,1,3.0,1.0,9d1d6a2338f51beb0e6afa2e876b6540,48440,ribeira do amparo,BA,19.80384259259259,31.405266203703704,0,61.79
00e5b655df1cc911466758210325c67c,7f2a66ad36459534aeadd9b1985bef2b,delivered,2017-07-07 14:20:36,2017-07-07 14:43:32,2017-07-12 11:37:44,2017-07-18 18:45:46,2017-07-31,89.8,23.7,2,1,113.5,1,1,5.0,1.0,a89fe4bf01e67497dd3b1aaa9a43f41d,37550,pouso alegre,MG,11.18414351851852,23.402361111111112,0,113.5
1f1812e687e3fe5ba82f09ebd3b93027,20ca1409bd63bc81c3e769e32a17f004,delivered,2017-07-07 14:21:39,2017-07-07 14:43:24,2017-07-10 18:51:58,2017-07-15 10:56:38,2017-07-31,34.9,16.6,1,1,51.5,2,1,4.0,1.0,911e391cb1231df9bf858577fe7f3e82,71010,brasilia,DF,7.857627314814815,23.401631944444443,0,51.5
adef101539535147ca5d0159a80ff7c4,c8f98b8dca8d4877d3f7922fbe8de30e,delivered,2017-07-07 14:33:33,2017-07-08 14:43:16,2017-07-12 13:09:53,2017-07-13 17:07:27,2017-07-25,19.99,7.78,1,1,27.77,2,1,5.0,1.0,0bb9d44bfac3e4f2118fe7667983fe64,5882,sao paulo,SP,6.106875,17.393368055555555,0,27.77
800c2d74bc71b0e27ce365ad43cf16dc,793295406fc9bea48c3937f2939bb879,delivered,2017-07-07 14:33:53,2017-07-07 14:45:16,2017-07-10 18:08:39,2017-07-16 13:44:52,2017-07-31,12.99,14.1,1,1,27.09,2,1,3.0,1.0,bfa70190a10a0baff089b42e9bf19917,31260,belo horizonte,MG,8.965960648148148,23.393136574074074,0,27.09
b41cfe56ae135b607c1210cd3dd73744,1b5c7a6245081fb431cbc7e64302454f,delivered,2017-07-07 14:33:54,2017-07-07 14:45:14,2017-07-12 18:39:55,2017-07-17 17:46:35,2017-07-31,99.9,17.95,1,1,117.85,10,1,5.0,1.0,4e3d77b3291e18789ecc9a4bfbc7569c,20260,rio de janeiro,RJ,10.13380787037037,23.393125,0,117.85000000000001
b8643ed80a2602a3562b8cb0d6f7a3b1,b1994c703cd18638b76dc9997a5c30f3,delivered,2017-07-07 14:35:52,2017-07-08 03:25:42,2017-07-11 17:17:31,2017-07-17 15:51:25,2017-07-27,14.9,12.48,1,1,27.38,1,1,5.0,1.0,2706381a92441555f6055998fef0b71d,85301,laranjeiras do sul,PR,10.052465277777777,19.39175925925926,0,27.380000000000003
582cf4da048ab21901845f7aa0a92dfa,8295c2fde2ce7a4645a198b90dfe0026,delivered,2017-07-07 14:43:06,2017-07-08 03:23:28,2017-07-10 14:52:25,2017-07-17 20:33:42,2017-08-04,49.9,15.79,1,1,65.69,1,1,4.0,1.0,375f4e60299f72aa02057338a28a75c6,21032,rio de janeiro,RJ,10.243472222222222,27.386736111111112,0,65.69
da91ef7fcad23d653d582725ded9b667,050d71332d34aa50e009386b9d734d43,delivered,2017-07-07 14:51:25,2017-07-07 15:05:09,2017-07-10 19:52:20,2017-07-20 14:53:48,2017-07-31,15.99,15.11,1,1,31.1,3,1,5.0,1.0,5e3aea1c1b3c34b004da8756755c5bc0,21865,rio de janeiro,RJ,13.001655092592593,23.380960648148147,0,31.1
58d21ad5a9ab4a46289353de5219fefd,fd6885f5031ea49f07d39bfac282e959,delivered,2017-07-07 14:54:04,2017-07-07 15:05:13,2017-07-12 14:43:33,2017-07-13 17:52:20,2017-07-20,19.9,9.34,1,1,29.24,1,1,4.0,1.0,8221a28220f51f0e773c11bd688228af,4455,sao paulo,SP,6.123796296296296,12.379120370370371,0,29.24
68986e4324f6a21481df4e6e89abcf01,86cc80fef09f7f39df4b0dbce48e81cb,delivered,2017-07-07 14:55:43,2017-07-07 15:10:17,2017-07-10 13:59:43,2017-07-27 20:52:15,2017-08-08,242.89000000000001,86.33,2,2,329.22,1,1,1.0,1.0,db1af3fd6b23ac3873ef02619d548f9c,97650,itaqui,RS,20.247592592592593,31.377974537037037,0,329.22
6accfe462d11561b2b80a59a91a8702e,e8c7bc94dde4d7dc6a1a5cddd714020d,delivered,2017-07-07 15:13:16,2017-07-07 15:25:20,2017-07-10 19:46:08,2017-07-18 19:10:15,2017-07-31,69.9,20.98,1,1,90.88,1,1,5.0,1.0,01376b24e146a15f52ca8382af02fe62,27542,resende,RJ,11.164571759259259,23.365787037037038,0,90.88000000000001
a10bb0a8c070d2988fbbc21d66641704,301d87ed13f2cf173d810fe698cee7ee,delivered,2017-07-07 15:16:37,2017-07-07 17:05:24,2017-07-10 19:52:17,2017-07-11 18:12:47,2017-07-20,229.99,14.16,1,1,244.15,1,1,3.0,1.0,51d76ef6327aa91cd069d2518e9469b3,6765,taboao da serra,SP,4.122337962962963,12.363460648148148,0,244.15
021f26893462ec6a677baba7f06ce4c1,08fd236d2b9c7fb54e98c43a83d40cda,delivered,2017-07-07 15:24:27,2017-07-07 15:35:08,2017-07-11 11:56:37,2017-07-22 12:59:28,2017-08-01,49.95,11.85,1,1,61.8,6,1,,,bc67be6e72092614068c8e3421832f54,9960,diadema,SP,14.89931712962963,24.358020833333335,0,61.800000000000004
2c082256a8471418c6cccd10c289051b,3b09d6915b73c37f8bb280cdeec605ec,delivered,2017-07-07 15:51:50,2017-07-07 16:05:24,2017-07-11 09:18:30,2017-08-04 16:17:44,2017-08-10,52.11,34.16,1,1,86.27,4,1,5.0,1.0,5745d934dfb11a294fce3d48d18851d1,65800,balsas,MA,28.01798611111111,33.33900462962963,0,86.27
30ab10f32069755262133fbe9579be9a,15ad51c10df4baff79f9bd1861ecf96f,delivered,2017-07-07 15:54:29,2017-07-07 17:50:08,2017-07-10 16:42:41,2017-07-31 13:37:32,2017-08-11,192.9,29.75,1,1,222.65,1,1,3.0,1.0,db3e57e17759bdd89b6c78ab1abd395e,95330,veranopolis,RS,23.904895833333335,34.337164351851854,0,222.65
340f6a494c2beb062b582296fa626746,4fd59a5a2e0539e43a8cff7d4bb510a2,delivered,2017-07-07 15:55:02,2017-07-08 03:30:46,2017-07-10 19:07:41,2017-07-18 19:04:01,2017-07-31,113.0,34.15,1,1,147.15,1,1,5.0,1.0,91a810c7db330d83c65f85b6851c0ecd,99930,estacao,RS,11.131238425925925,23.33678240740741,0,147.15
ab64c36dcdcc73e28c565187f757e3b0,4aa098ef6289ed1ae1c5ece300060d31,delivered,2017-07-07 16:09:51,2017-07-07 16:23:47,2017-07-13 20:49:41,2017-07-25 22:21:33,2017-08-04,169.99,43.39,1,1,213.38,10,1,4.0,1.0,9cd6f2f987359a6660c6eb0d420bea3d,22230,rio de janeiro,RJ,18.258125,27.326493055555556,0,213.38
7d3c222c835eb5ed8a43158bc0779abe,0f21c32f9c3806e76f3caec9ed9c4dfa,delivered,2017-07-07 16:16:50,2017-07-07 16:30:16,2017-07-10 19:52:17,2017-07-17 21:19:33,2017-07-31,99.99,16.95,1,1,116.94,2,1,4.0,1.0,187054c1f1bc3f61d559f9e62c9e3ac3,23017,rio de janeiro,RJ,10.210219907407408,23.321643518518517,0,116.94
43ebb44129e36dee79fef2ff7343a806,5d96f7ec0aa0498407850bd38017cf44,delivered,2017-07-07 16:25:41,2017-07-07 16:43:36,2017-07-08 13:07:44,2017-07-14 18:03:09,2017-07-31,35.0,15.1,1,1,50.1,2,1,5.0,1.0,d2044494c8aadc437303a5fb88037d66,13566,sao carlos,SP,7.067685185185185,23.315497685185186,0,50.1
3af6b9f9ea8f6b9c7fcf82f988e895e2,c8db7922514ad8197fb03934a9352c9e,delivered,2017-07-07 16:30:40,2017-07-11 04:05:36,2017-07-11 19:23:46,2017-07-12 14:12:59,2017-07-20,18.5,8.27,1,1,26.77,1,1,5.0,1.0,bab2644600d5999aa5cb93ee4ca45cd6,1050,sao paulo,SP,4.904386574074074,12.312037037037037,0,26.77
fcd8e0bfd20989bd07e3cabb10f2349e,36cf561d6c23f010a6944f0908ee6bdc,delivered,2017-07-07 16:34:43,2017-07-07 16:45:12,2017-07-10 19:51:40,2017-07-19 19:02:37,2017-08-07,391.8,34.26,2,1,426.06,10,1,5.0,1.0,4c238e06836176bcacf75f445cd4876b,89500,cacador,SC,12.102708333333334,30.309224537037036,0,426.06
d2d3a710d923a0349be09988ab8d5ae3,9809326653e1008fc1612f14d9b35970,delivered,2017-07-07 16:43:48,2017-07-07 16:55:11,2017-07-10 18:43:50,2017-07-14 18:37:31,2017-08-07,21.8,14.1,1,1,35.9,3,1,5.0,1.0,85175e946e3b353b627e3d9acd756321,22245,rio de janeiro,RJ,7.078969907407408,30.30291666666667,0,35.9
c91819424b628993175c3629a8b4fdd6,68d0a58b2129554460a7b477ec8735e6,delivered,2017-07-07 16:46:44,2017-07-07 17:03:33,2017-07-12 18:48:01,2017-07-17 20:52:03,2017-07-27,49.5,25.38,2,1,74.88,1,1,5.0,1.0,cf32aeb4e8a323e6499a573ac5c90326,4087,sao paulo,SP,10.170358796296297,19.30087962962963,0,74.88
57990cc544625b86e3401474cdc330c4,a0f111cd11fbb15a83cf5221eda97cee,delivered,2017-07-07 16:59:21,2017-07-07 17:10:11,2017-07-19 18:22:13,2017-07-26 22:47:37,2017-08-04,28.0,15.1,1,1,43.1,2,1,5.0,1.0,d270a140f71545d5836e689d5f694acf,36087,juiz de fora,MG,19.24185185185185,27.292118055555555,0,43.1
ce14d0bfa18669c84f4f4f4f97cdb917,3e2e0f10e34e89292fa6b67eeddcfa31,delivered,2017-07-07 17:10:50,2017-07-07 17:23:41,2017-07-11 18:47:52,2017-07-19 17:49:40,2017-07-31,65.0,16.21,1,1,81.21,2,1,5.0,1.0,46396696dd307e5520002de8054d8483,22281,rio de janeiro,RJ,12.026967592592593,23.28414351851852,0,81.21000000000001
29dd98e6aa533a04b48bbdf6427eb090,a96f1d45bce747e5b1bdb89c51f03e07,delivered,2017-07-07 17:12:39,2017-07-08 06:45:14,2017-07-13 20:37:50,2017-07-20 17:37:41,2017-08-10,119.99,34.2,1,1,154.19,1,1,5.0,1.0,6f07da3ecfee0fcd7cd2c5fba0bb2a2e,75800,jatai,GO,13.01738425925926,33.28288194444445,0,154.19
5b33e5b23e569f404e6eccbbce3e0aa4,c94ec1165bd4556cfedff58b1e56c4ce,delivered,2017-07-07 17:16:39,2017-07-11 04:10:26,2017-07-14 20:29:40,2017-07-28 19:47:43,2017-07-31,572.0,64.74,1,1,636.74,1,1,3.0,1.0,2aa2c53b231eaec5b82d9e54056a0cc6,25976,teresopolis,RJ,21.104907407407406,23.280104166666668,0,636.74
88fdf07e2e8bcf581835191551224be7,28da029822232f74f6920cc4681ff5a8,delivered,2017-07-07 17:28:39,2017-07-08 06:45:15,2017-07-10 21:10:28,2017-07-14 18:41:31,2017-07-27,105.0,12.23,1,1,117.23,1,1,5.0,1.0,5c0c96462b9ef326e9b8570fa92c0a3d,18683,lencois paulista,SP,7.050601851851852,19.271770833333335,0,117.23
45d6496459628cafb729eca97ed10f4b,711963c7bb1c3afca68db306dc011580,delivered,2017-07-07 17:32:20,2017-07-07 17:45:13,2017-07-13 20:33:02,2017-07-22 03:08:38,2017-07-26,199.97,31.7,1,1,231.67,9,1,5.0,1.0,8f2fdc7067b9aeb2753f5559da031c0f,13173,sumare,SP,14.400208333333333,18.269212962962964,0,231.67
32779f6285849a399d09a038397d8e8d,e83c8b223d5ef6013da32adfe2a2c4b0,delivered,2017-07-07 17:36:10,2017-07-08 19:03:00,2017-07-10 19:08:10,2017-07-20 17:10:15,2017-08-02,19.9,15.1,1,1,35.0,1,1,4.0,1.0,5274e80e45deaa4b1e97016ac8fdb005,91250,porto alegre,RS,12.982002314814816,25.266550925925927,0,35.0
a65f614a7b51b56f47bb90f4d9fdf16f,1ffd3a384c97afd38617f8887a8cc035,delivered,2017-07-07 17:43:26,2017-07-07 17:55:22,2017-07-18 22:47:03,2017-07-20 21:00:04,2017-07-20,18.99,7.78,1,1,26.77,1,1,4.0,1.0,d700a290654faef414da173a6aba5acf,5641,sao paulo,SP,13.136550925925926,12.261504629629629,1,26.77
2117b238b6ae0929164d1cf41f3ecb87,616328acb98ad1ecc08506ba227fe9d4,delivered,2017-07-07 17:44:19,2017-07-07 17:55:21,2017-07-10 21:27:43,2017-07-24 14:09:57,2017-07-31,139.9,62.8,1,1,202.7,10,1,,,c002670fb7fc29bb3b0193947eac4245,24931,marica,RJ,16.851134259259258,23.260891203703704,0,202.7
4d0a364f71f715f93b8b96eaa4c2dcb6,caa060324a30054bae148e4d7ad1da22,delivered,2017-07-07 17:56:19,2017-07-07 18:10:10,2017-07-12 10:16:36,2017-07-17 20:32:58,2017-08-04,89.9,13.65,1,1,103.55,1,1,4.0,1.0,05aa2ef3623cdba9ca3e83b91f1eee5c,12970,piracaia,SP,10.108784722222222,27.25255787037037,0,103.55000000000001
ff4118746eaaed0d632211903070df50,dc8516f3d9bc99049e72ea4d386bc909,delivered,2017-07-07 18:07:10,2017-07-07 18:23:15,2017-07-12 18:39:55,2017-07-21 12:07:49,2017-08-02,199.8,35.9,2,1,235.7,5,1,5.0,1.0,b7a16ae54a2a6515f7756fe9ccae7378,97070,santa maria,RS,13.750451388888889,25.24502314814815,0,235.70000000000002
293ec51a1a182acaee7fab9845e8cfc4,a85af76ce632c736a185276682bfcd98,delivered,2017-07-07 18:13:59,2017-07-07 18:25:19,2017-07-08 11:46:44,2017-07-12 21:05:03,2017-07-27,59.9,13.57,1,1,73.47,6,1,4.0,1.0,1267b14027491ad79c2430cc99b48a30,89010,blumenau,SC,5.1187962962962965,19.240289351851853,0,73.47
96fbf81fa0815632ed37610e1ab103b6,4c30b8d32ec9e6a0eeb71301e2403031,delivered,2017-07-07 18:15:56,2017-07-07 18:30:07,2017-07-12 20:43:25,2017-07-24 21:03:32,2017-08-07,54.9,17.66,1,1,72.56,3,1,5.0,1.0,41af9171801ce57a0776ce98f7f98529,73252,brasilia,DF,17.11638888888889,30.238935185185184,0,72.56
9f0435827aaddad9ab9f562a39c408d4,968d5df915ac5a7c63d038e4d3f79cd3,delivered,2017-07-07 18:28:00,2017-07-07 18:42:48,2017-07-10 18:46:02,2017-07-11 17:30:43,2017-07-20,29.99,7.78,1,1,37.77,1,1,4.0,1.0,56829a9b53216dbb2d6871dffb05a496,4304,sao paulo,SP,3.9602199074074074,12.230555555555556,0,37.769999999999996
d04a002f83f53de3e76df5f6c7873213,a000155999c7cfe2044ba94c4ae5db6a,delivered,2017-07-07 18:30:42,2017-07-07 18:45:19,2017-07-08 11:46:44,2017-07-17 11:33:53,2017-07-31,59.9,15.18,1,1,75.08,2,1,5.0,1.0,af798ad5f9b7a76bd62b6c74253d2b9b,5551,sao paulo,SP,9.710543981481482,23.228680555555556,0,75.08
da051f6d0cd445a2e8bbdcc9e8e189e7,422913da7b656e89449fcd22b0f825b5,delivered,2017-07-07 18:34:51,2017-07-08 03:30:41,2017-07-10 22:22:32,2017-07-26 01:46:50,2017-07-31,98.0,17.94,1,1,115.94,1,1,5.0,1.0,9724243af3e8ca5069a5a63a0104aa07,27175,pirai,RJ,18.299988425925925,23.22579861111111,0,115.94
80b0d3793468761fc92ec09064ef6223,12c4681e232d47d03c141538596d252d,delivered,2017-07-07 18:36:58,2017-07-07 18:50:11,2017-07-10 18:36:32,2017-07-15 13:07:51,2017-07-31,139.9,15.73,1,1,155.63,5,1,1.0,1.0,e6555acfae6ffe885f6c4ed864f93a2f,20561,rio de janeiro,RJ,7.771446759259259,23.224328703703705,0,155.63
da606ec845c4d88420f977fc45aef3bc,232905d9f2c8a5a2df45a197483a029b,delivered,2017-07-07 19:14:34,2017-07-08 13:45:16,2017-07-10 19:52:07,2017-08-01 18:18:53,2017-08-07,161.62,14.73,1,1,176.35,8,1,5.0,1.0,659402d0ba623f1dc6db0e0342964ee9,35701,sete lagoas,MG,24.961331018518518,30.19821759259259,0,176.35
06a521049a08d59361b1ae229b3efcc7,76e0f58a2cb8ab2aeddd01ac2c97626b,delivered,2017-07-07 19:25:39,2017-07-07 19:43:02,2017-07-10 19:43:27,2017-07-13 17:12:07,2017-07-27,99.99,13.72,1,1,113.71,2,1,4.0,1.0,2dc28ee48b23b202878bb72841129970,12630,cachoeira paulista,SP,5.907268518518518,19.190520833333334,0,113.71
b3ba29e94137bda882f9d0f41796363b,ca8bff97326e402bf9add2e236ea5534,delivered,2017-07-07 20:00:10,2017-07-11 04:05:59,2017-07-11 19:52:35,2017-07-19 18:12:51,2017-07-31,220.0,16.29,1,1,236.29,1,1,4.0,1.0,8f3e2d49a5095435fe8f454dace6c354,85340,rio bonito do iguacu,PR,11.925474537037037,23.166550925925925,0,236.29
5685bb72678077930e5c1f790e2995c5,0dc681657ffbc04e9e47078efa1da46a,delivered,2017-07-07 20:11:46,2017-07-07 20:23:24,2017-07-11 20:52:02,2017-07-17 20:42:52,2017-08-10,59.9,15.17,1,1,75.07,1,1,5.0,1.0,efc33091d804400f55ad47f169163214,80610,curitiba,PR,10.021597222222223,33.15849537037037,0,75.07
9099fbdbf8ce8489a7546442a0881f93,9a7326193749abbeb741641ddc15b222,delivered,2017-07-07 20:17:47,2017-07-08 18:45:13,2017-07-13 20:46:41,2017-07-21 19:52:15,2017-08-04,279.99,73.59,1,1,353.58,2,2,5.0,1.0,5335dd92eefefa110060e75463396a20,24415,sao goncalo,RJ,13.982268518518518,27.15431712962963,0,353.58000000000004
ff10b62db3f289f07be76e4ca32af5a4,d5f2b444d2c4733f0ca232b00f0ede7f,delivered,2017-07-07 20:25:16,2017-07-07 20:43:01,2017-07-11 20:22:17,2017-07-24 22:17:53,2017-08-04,157.9,18.36,1,1,176.26,1,1,5.0,1.0,7e7da3784417f7a06908e02bc52387c0,79071,campo grande,MS,17.078206018518518,27.14912037037037,0,176.26
873c64b7d2c1e3856c72b20334b38dd2,d273f62095c748f3985731618c7467da,delivered,2017-07-07 20:29:15,2017-07-11 04:05:39,2017-07-12 17:22:26,2017-07-15 12:25:40,2017-08-16,44.7,76.89,3,1,121.59,1,1,5.0,1.0,c2bfc05aabae8a773d4ffc26b07831fd,70765,brasilia,DF,7.664178240740741,39.14635416666667,0,121.59
c48fcca52ed71dddb6f8433c2d7d49e3,07ef46981c45c7e31a55d3e2a85d90dd,delivered,2017-07-07 20:45:17,2017-07-07 20:55:15,2017-07-10 18:17:48,2017-07-13 20:22:12,2017-07-27,25.99,11.85,1,1,37.84,3,1,4.0,1.0,ef3dcf1becbe9ab0073f0ab240a08804,13240,jarinu,SP,5.983969907407407,19.135219907407407,0,37.839999999999996
1c8cfd2e1e836008b0ebaa67b1e6e3e9,2be96fca21c76342a10ba5db9b69cede,delivered,2017-07-07 20:45:57,2017-07-07 20:55:16,2017-07-10 17:37:49,2017-07-12 20:07:24,2017-08-01,79.99,11.76,1,1,91.75,4,1,5.0,1.0,7d3da91795c9b1a411fab8c82448b8ca,12922,braganca paulista,SP,4.973229166666667,24.134756944444444,0,91.75
8b1358b5d34e45d8a7a08698b494afee,d509b15d76fa06fec11c8ec5ddeccb12,delivered,2017-07-07 21:08:16,2017-07-07 21:22:57,2017-07-13 20:57:57,2017-07-18 23:15:57,2017-07-31,58.55,25.25,1,1,83.8,4,1,5.0,1.0,266ae48d39699b688fab56339e81c2d1,11025,santos,SP,11.088668981481481,23.11925925925926,0,83.8
353c2d85938ff4228ec749b7b461561b,af28aa3ed992ad99e29d4793b41a8e66,delivered,2017-07-07 21:09:25,2017-07-07 21:23:05,2017-07-10 15:53:34,2017-07-14 19:43:33,2017-07-31,65.4,23.7,2,1,89.1,2,1,1.0,1.0,bc5d0f50fa3392f07c52f74bb04173c8,20081,rio de janeiro,RJ,6.9403703703703705,23.118460648148147,0,89.10000000000001
b25f39c89d2229961d464a9606aa8582,2bdd0a7c4c3c8942e2ce472523c71eb5,delivered,2017-07-07 21:09:46,2017-07-08 15:45:11,2017-07-11 17:12:22,2017-07-13 18:52:58,2017-07-20,599.9,11.45,1,1,611.35,10,1,4.0,1.0,20ad493b3549bde2e73523a918687915,4467,sao paulo,SP,5.905,12.118217592592593,0,611.35
68442190a6c60659698fde46bcaf0e9e,929e321fd1897048b1bc0825d394f9ae,delivered,2017-07-07 21:13:47,2017-07-07 21:25:15,2017-07-14 21:51:50,2017-07-26 00:57:59,2017-08-07,59.9,17.67,1,1,77.57,1,1,4.0,1.0,2b542e9d53c87acac31bfb965c7c3ae0,28970,araruama,RJ,18.155694444444446,30.11542824074074,0,77.57
c2e8b417a29b392b9f49a30a868489cf,94585f4d164dd1117626d9db77c597fc,delivered,2017-07-07 21:15:49,2017-07-07 21:25:16,2017-07-10 19:53:29,2017-07-25 18:37:54,2017-08-04,149.0,15.79,1,1,164.79,2,1,4.0,1.0,9d90edd76b7414655a3283f7eeeff8fe,75905,rio verde,GO,17.89033564814815,27.114016203703702,0,164.79
243a969145fd8c5e4b6789857fc5d877,5db6c3bfaa53d6ed2ecfabae96c8039f,delivered,2017-07-07 21:46:44,2017-07-11 03:55:31,2017-07-11 21:14:04,2017-07-13 20:42:38,2017-07-24,52.9,9.27,1,1,62.17,1,1,5.0,1.0,29e751a66e1fb18552766444a32c14a6,2401,sao paulo,SP,5.955486111111111,16.092546296296295,0,62.17
688a1fb5a54c53aa2933100d86c19f72,745525d3948e50fdadab4c0970897eb8,delivered,2017-07-07 21:48:26,2017-07-07 21:55:21,2017-07-11 17:12:54,2017-07-26 01:27:57,2017-08-11,205.0,48.87,1,1,253.87,7,1,5.0,1.0,fed9327da5974f1dc498426af38f3bfa,58840,pombal,PB,18.15244212962963,34.09136574074074,0,253.87
08cede37de35a7af6d659a2ea4b17707,e422d6c59e0b0b1c22fe8c94835ab2fb,delivered,2017-07-07 21:59:57,2017-07-07 22:43:21,2017-07-11 17:17:30,2017-07-17 19:13:55,2017-07-27,12.9,12.48,1,1,25.38,1,1,3.0,1.0,af0367eaef2463aec1807b755fa083ab,81730,curitiba,PR,9.884699074074074,19.083368055555557,0,25.380000000000003
011b8dd4f8c36fd4fcf50643ce91d58a,1477ef68b5dbf1417fead5a9814cf047,delivered,2017-07-07 22:00:51,2017-07-08 22:05:30,2017-08-01 13:17:35,2017-08-04 20:57:27,2017-08-14,249.48,16.5,1,1,265.98,3,1,5.0,1.0,4c05f8d6dade0512d22f8894e2b6b2a9,5414,sao paulo,SP,27.955972222222222,37.082743055555554,0,265.98
cd53e0cf7df727e89a75127f22a178c3,2a7d8740c329c52ba9b8a77782adcb5c,delivered,2017-07-07 22:05:52,2017-07-07 22:15:16,2017-07-10 19:21:17,2017-07-18 19:10:26,2017-08-04,249.0,15.49,1,1,264.49,4,1,5.0,1.0,e58e550266e2f28be77969b1e8e4a554,75400,inhumas,GO,10.878171296296296,27.07925925925926,0,264.49
10870ce1b8fbb2c59df2c544b74d1b54,da2ccdc414de2205d98e7772a2fc37c1,delivered,2017-07-07 22:25:06,2017-07-07 22:43:20,2017-07-11 16:29:58,2017-07-22 12:29:27,2017-08-01,699.0,20.65,1,1,719.65,5,1,1.0,1.0,7b3a9396e5e5750ee23a07ee6e78c107,8140,sao paulo,SP,14.586354166666666,24.06590277777778,0,719.65
a6ae83eedb05638e88dace7706d71c26,d393b9491df482cf448e60aa9955b7f2,delivered,2017-07-07 22:35:49,2017-07-07 22:45:08,2017-07-10 17:29:47,2017-07-20 12:42:26,2017-07-31,99.9,16.46,1,1,116.36,7,1,5.0,1.0,5caf3a2a5d1ef808e3dd182e79baa392,36955,mutum,MG,12.587928240740741,23.05846064814815,0,116.36000000000001
5be8d4719fe2e3669e2d07dddf3b6b0c,b57c17af5030179bbd0611d5f7162bfc,delivered,2017-07-07 22:45:42,2017-07-07 22:55:14,2017-07-12 18:39:56,2017-07-19 19:27:40,2017-07-31,99.9,17.95,1,1,117.85,4,1,3.0,1.0,4320120e01ea53da8c84d35c246cc3e6,35650,pitangui,MG,11.862476851851852,23.051597222222224,0,117.85000000000001
830189cecc91f11c9dd9405976aa5538,3506351d6f6e36e9b381d2cbd40000b0,delivered,2017-07-07 22:46:53,2017-07-07 22:55:16,2017-07-10 15:32:43,2017-07-25 19:07:52,2017-08-10,90.99,34.44,1,1,125.43,2,1,5.0,1.0,14d42180d47d0b635bfbc58fa221f614,65800,balsas,MA,17.847905092592594,33.05077546296296,0,125.42999999999999
1b57522ebd11e3c3cdd09a554847b237,e13f0595c0edc8ae259273e9dce3e6b8,delivered,2017-07-07 22:55:15,2017-07-11 04:04:06,2017-07-20 20:39:47,2017-07-27 18:55:49,2017-08-14,116.6,32.34,1,1,148.94,1,1,4.0,1.0,cf599c402191f7bc8cd6d9f93733154b,41950,salvador,BA,19.833726851851853,37.04496527777778,0,148.94
3ec7827aef6348ae5387e7dd08a53de2,180b596cd1cad920ac7b0013be409dbd,delivered,2017-07-07 23:06:32,2017-07-07 23:15:12,2017-07-11 12:43:52,2017-07-21 18:55:37,2017-07-27,89.9,12.13,1,1,102.03,3,1,5.0,1.0,16427c57a14336e472690a09ce8748fb,5790,sao paulo,SP,13.825752314814816,19.03712962962963,0,102.03
2ec9a4e04a3eaafb24145d4b619d4e5b,bb9971033e1b456cc4a6bb92a46591ef,delivered,2017-07-07 23:22:04,2017-07-11 03:50:16,2017-07-11 18:07:39,2017-07-21 17:26:42,2017-08-10,19.9,34.15,1,1,54.05,1,1,5.0,1.0,4dc0f328fa8532ce16c0a579e8287c8c,65911,imperatriz,MA,13.753217592592593,33.02634259259259,0,54.05
e78dfb6eab229b4cf81d3f6bcf0c9e49,ee618af7185e0ce4bd6fca363a6c91ea,delivered,2017-07-07 23:25:18,2017-07-07 23:43:02,2017-07-11 21:39:50,2017-07-24 19:52:07,2017-08-04,307.6,79.12,4,1,386.72,10,2,5.0,1.0,ed7bb46288e9f13ef21b1f12c8de6357,45630,itajuipe,BA,16.851956018518518,27.024097222222224,0,386.72
803d00122f7202a5dc14ec896930c5a2,1092e3509e1abf967bdb283b72484323,delivered,2017-07-08 00:22:49,2017-07-11 03:50:24,2017-07-11 19:19:42,2017-07-18 18:06:58,2017-07-28,89.9,12.97,1,1,102.87,1,1,4.0,1.0,68588530b1cd45a37ec5d1896bc5138c,1020,sao paulo,SP,10.738993055555556,19.98415509259259,0,102.87
37965120652845efe3e27796c9a4386d,c4bccb6bca925c3c4907841f24877a89,delivered,2017-07-08 00:31:25,2017-07-08 00:45:14,2017-07-12 11:58:43,2017-07-21 13:36:58,2017-08-08,89.9,17.07,1,1,106.97,3,1,5.0,1.0,c0c66ac65f8a221060ea85ccfa62dc00,89595,salto veloso,SC,13.545520833333333,30.97818287037037,0,106.97
482da3676133323daf4d73c1125ed257,1dfdb42bfd4f2398238591ee6237c348,delivered,2017-07-08 03:17:37,2017-07-08 03:35:25,2017-07-11 17:04:38,2017-07-20 21:03:14,2017-08-04,65.0,16.89,1,1,81.89,4,1,5.0,1.0,a65744d56287db1bb21542c3e199da64,24944,marica,RJ,12.740011574074074,26.862766203703703,0,81.89
b7a0ea17f1dbc85ecfa3dd355610d472,62abeb2f83e1ef1926d571a65ccfe606,delivered,2017-07-08 08:30:47,2017-07-08 08:43:31,2017-07-10 19:52:19,2017-07-13 20:28:08,2017-07-28,199.99,14.42,1,1,214.41,2,1,5.0,1.0,7dbc5b1e726ba088c6c93e324c076681,19840,maracai,SP,5.498159722222222,19.64528935185185,0,214.41
84e0fd31977e457ca804a61921bc5c59,68fd1527d8a1e8739eab28f0688bc7bd,delivered,2017-07-08 08:46:27,2017-07-08 09:03:20,2017-07-13 20:18:54,2017-07-17 15:21:22,2017-07-25,49.0,12.48,1,1,61.48,3,1,4.0,1.0,4da7e1f0ba3757b07c452493f5743614,5796,sao paulo,SP,9.274247685185186,16.634409722222223,0,61.480000000000004
3aa0bcd95f24f4a91c0ca3f0a160ec9f,ef1b5dc620735876514e8778ade03323,delivered,2017-07-08 09:22:13,2017-07-09 06:42:58,2017-07-11 14:08:59,2017-07-13 20:34:22,2017-08-02,19.99,11.85,1,1,31.84,1,1,3.0,1.0,3873e70abc6d94baa578e77f6cd91479,13575,sao carlos,SP,5.466770833333333,24.60957175925926,0,31.839999999999996
d5b1124327e83f25ce12d9c48c9ecfe3,c44dee37ceb2eba1a4c21adb28eec6a8,delivered,2017-07-08 09:26:51,2017-07-08 09:43:27,2017-07-13 20:23:52,2017-07-21 17:52:15,2017-08-01,99.99,20.05,1,1,120.04,1,1,3.0,1.0,20d8ee7a865ead2c077ed57efba41c06,35740,esmeraldas,MG,13.350972222222222,23.606354166666666,0,120.03999999999999
f37d444498e3442d5896c6d98a89eb09,58010882ac48cc7801627ad2bcd383e4,delivered,2017-07-08 09:33:41,2017-07-08 09:45:12,2017-07-12 00:37:26,2017-07-14 15:52:44,2017-07-21,69.99,11.73,1,1,81.72,2,1,3.0,1.0,f1bb87ce3b511f772f77765bd3fcef6a,6624,jandira,SP,6.263229166666667,12.601608796296297,0,81.72
9a7d887bfce614393f07fa23c246e26a,4b7553dbf3a04e96d116743c937799be,delivered,2017-07-08 09:44:05,2017-07-08 10:03:40,2017-07-11 19:22:30,2017-07-26 20:56:44,2017-08-17,329.2,18.06,1,1,347.26,10,1,3.0,1.0,e7be9e1bdc69138c21bb5d597ca5dc5e,12970,piracaia,SP,18.467118055555556,39.59438657407407,0,347.26
294fb274681bed90131ca92ded8f6467,f6d09a183b6e8e19a58ded98ac15f523,delivered,2017-07-08 10:01:37,2017-07-11 04:04:00,2017-07-11 18:32:57,2017-07-12 21:52:37,2017-07-21,59.8,16.54,2,1,76.34,1,1,5.0,1.0,933104ac821e4393db5fc56e286a82ea,2443,sao paulo,SP,4.49375,12.582210648148148,0,76.34
076203a3df21fb25c8b59f881f2b37c9,aae187ac20079813ed11e67757602a48,delivered,2017-07-08 10:08:30,2017-07-08 10:23:25,2017-07-14 19:28:02,2017-07-31 20:28:00,2017-08-01,79.9,15.31,1,1,95.21,2,1,5.0,1.0,68a3cfd10b2fdd755b7116ef8bdb7670,25220,duque de caxias,RJ,23.430208333333333,23.577430555555555,0,95.21000000000001
5f2e2fd04b4cc06cc8a3e8ceddfb67a5,b52fa071392a9ee75b930ad1566af7de,delivered,2017-07-08 10:08:48,2017-07-09 06:43:00,2017-07-14 20:02:38,2017-07-26 10:38:20,2017-08-01,103.97,61.47,1,1,165.44,1,1,5.0,1.0,34f038c85216404b9b25471a777caa71,28010,campos dos goytacazes,RJ,18.02050925925926,23.577222222222222,0,165.44
05c163d46637e5c0c23a0075dc1c854c,701c48b5cd4985397bddb8440b6d9696,delivered,2017-07-08 10:52:02,2017-07-11 04:10:34,2017-07-17 16:33:21,2017-07-19 16:41:16,2017-08-03,35.489999999999995,30.19,2,2,65.68,1,1,3.0,1.0,0339119d431b8dd1b361567e4fc48a58,29580,dores do rio preto,ES,11.242523148148148,25.547199074074076,0,65.67999999999999
c206a65ab93069f7a79c0ac5f4512e02,c7701ffd57ad3233140171c173d25953,delivered,2017-07-08 11:00:36,2017-07-08 11:10:15,2017-07-10 17:37:50,2017-07-13 15:38:12,2017-07-21,39.99,8.72,1,1,48.71,1,1,5.0,1.0,3a3b40b98ddd1bdfda2e37add94ab5b5,8556,poa,SP,5.192777777777778,12.54125,0,48.71
f834e3467ee8fd252a9cf386dfac6991,25943239ef2ecee5e700508aba214dc3,delivered,2017-07-08 11:34:46,2017-07-08 11:45:15,2017-07-10 12:49:58,2017-07-18 22:12:32,2017-08-01,88.2,16.38,1,1,104.58,1,1,5.0,1.0,eb9962504782c185c94817fbf417dff7,32115,contagem,MG,10.442893518518519,23.517523148148147,0,104.58
5664fde64525f1c1c6a8ef23aa35dc22,e8520f962df6b697d83e26d9d0307ba3,delivered,2017-07-08 11:40:20,2017-07-08 11:50:17,2017-07-10 20:27:28,2017-07-15 13:41:07,2017-08-03,215.97,31.98,2,2,247.95,6,1,4.0,1.0,3cf33c394bf39b538eacf3d4ce394b74,85555,palmas,PR,7.083877314814814,25.513657407407408,0,247.95
a8f00328470170750a47056654893c08,f66c6c329416cc3e040dc0473cdb72a6,delivered,2017-07-08 11:58:18,2017-07-08 12:10:16,2017-07-10 18:31:57,2017-07-17 14:34:57,2017-08-01,97.9,14.44,1,1,112.34,2,1,4.0,1.0,6ab78dc229fab798332870a06388a1b6,81050,curitiba,PR,9.108784722222222,23.501180555555557,0,112.34
458ce9ed0016410eb81b196544fd987f,da820f92e794fd43b2806f52cf2f2109,delivered,2017-07-08 12:14:30,2017-07-08 12:25:18,2017-07-10 17:29:47,2017-07-17 18:22:41,2017-08-01,139.9,18.23,1,1,158.13,1,1,5.0,1.0,ea9f260c1c0c7e928d9fd48bf28bf9a3,24360,niteroi,RJ,9.25568287037037,23.489930555555556,0,158.13
20e223f06b4ead7a6d8ed147dae59b12,af26b439d05ed8d48bd0908f15feecdf,delivered,2017-07-08 12:23:36,2017-07-11 03:55:37,2017-07-13 12:03:11,2017-07-24 22:32:47,2017-08-01,59.9,15.18,1,1,75.08,1,1,5.0,1.0,104f7393b136186670b805468fbeeac3,81130,curitiba,PR,16.42304398148148,23.48361111111111,0,75.08
3b681dd1f8baba1507d1f484f7f289c2,d072c90b439c800b42e872641a87cc66,delivered,2017-07-08 12:26:08,2017-07-11 03:50:12,2017-07-11 19:23:46,2017-07-12 14:07:31,2017-07-21,196.0,36.77,2,1,232.77,1,1,5.0,1.0,e35781f396229f0dfe94cf07c52a112e,4147,sao paulo,SP,4.070405092592592,12.481851851851852,0,232.77
810f22c9d640f959cfaddb6c05be5504,5c5900f95b97a43ce03452532b9ac643,delivered,2017-07-08 12:31:36,2017-07-08 12:43:06,2017-07-13 13:51:46,2017-07-24 20:33:00,2017-08-03,159.0,43.48,1,1,202.48,1,1,4.0,1.0,63fb8a728fc3b74d54323163cca21f62,27534,resende,RJ,16.334305555555556,25.478055555555557,0,202.48
b0edeeb83cb7a8e727e06255357cd7a1,922f741f35942da06a3d19400757dd63,delivered,2017-07-08 12:38:13,2017-07-08 12:55:08,2017-07-10 19:17:24,2017-07-24 18:21:31,2017-08-09,159.0,17.55,1,1,176.55,3,1,5.0,1.0,47b1f4779cce5b6a93c5f02310ca9671,78420,arenapolis,MT,16.23840277777778,31.473460648148148,0,176.55
4f39a9f31c5a7d46ecfc92571700a6f9,0800b1a9b387519a58e8905f745f5f6b,delivered,2017-07-08 12:38:27,2017-07-08 12:50:16,2017-07-11 19:14:00,2017-07-20 22:13:42,2017-08-09,174.33,22.02,1,1,196.35,4,1,5.0,1.0,afd61f0b616f86133c62c8b804665995,60541,fortaleza,CE,12.399479166666667,31.47329861111111,0,196.35000000000002
760aa40d309654d447f272293804ff2d,ed40e92a9f7a1e3c77774cf6f813f3c1,delivered,2017-07-08 12:44:47,2017-07-10 15:03:25,2017-07-11 18:44:04,2017-07-14 17:35:48,2017-08-01,141.64,15.74,1,1,157.38,8,1,5.0,1.0,707257a882dd061dac7a3b6750bd9bc2,39868,serra dos aimores,MG,6.202094907407408,23.468900462962964,0,157.38
29964b4c50c938f079b2c345c7ea0eea,53de857a4106900a58b7c065a0a5e41b,delivered,2017-07-08 13:04:15,2017-07-11 04:10:32,2017-07-11 20:12:24,2017-07-21 21:12:56,2017-08-09,120.0,16.6,1,1,136.6,1,1,5.0,1.0,38806dfba945f3f1f45c25d8f56bad04,88337,balneario camboriu,SC,13.339363425925926,31.455381944444444,0,136.6
cd833669dc6a68cd473eac313fe69a6c,bc4ecd6bee226a3064e6f48f3a67be1f,delivered,2017-07-08 13:05:29,2017-07-08 13:15:21,2017-07-13 18:04:28,2017-07-26 10:17:44,2017-08-16,199.0,25.94,1,1,224.94,5,1,5.0,1.0,3d0dd42b5efe4d21ee7ca0985b5a6aed,74580,goiania,GO,17.883506944444445,38.45452546296296,0,224.94
f16ffb0adaf293c11fafb51770e1202f,bc7adb2652f930cc308c2f92f59d6894,delivered,2017-07-08 13:17:04,2017-07-08 13:30:16,2017-07-14 19:36:54,2017-07-28 19:22:11,2017-08-01,238.81,17.43,1,1,256.24,8,1,5.0,1.0,5f7e405b4198359d59deab3fb107adba,20775,rio de janeiro,RJ,20.25355324074074,23.44648148148148,0,256.24
d0b8fae6095efc549a71c97c8c6f4f73,453d9d279e4b526a5cc3b7520a883dab,delivered,2017-07-08 13:19:35,2017-07-08 13:30:17,2017-07-13 19:52:47,2017-07-18 19:58:39,2017-07-28,284.9,44.22,1,1,329.12,6,1,4.0,1.0,269efe3d194246cc657a359d08a64822,12071,taubate,SP,10.277129629629629,19.444733796296298,0,329.12
d482cb92e40c8f1f96da881196ddd956,316fc927e9216ff7843b15aec5179802,delivered,2017-07-08 13:51:00,2017-07-08 14:05:24,2017-07-10 19:52:17,2017-07-17 16:22:08,2017-08-01,99.99,17.95,1,1,117.94,3,1,5.0,1.0,720d5375377c3a8d03a8804374decaae,35326,santa rita de minas,MG,9.104953703703703,23.422916666666666,0,117.94
37e32b54f25d2472acbc642f7e539a36,0f5b40f9925b49675464fb74869c6547,delivered,2017-07-08 14:12:08,2017-07-08 14:25:09,2017-07-11 14:36:51,2017-07-17 20:39:33,2017-08-03,84.99,14.34,1,1,99.33,4,1,5.0,1.0,071bb277b0146da77fac31e70657815e,22020,rio de janeiro,RJ,9.269039351851852,25.40824074074074,0,99.33
8dab252811afef5ef25d5cf29263f9fb,4d23236c4d3bb44a62b0693bfca5fba5,delivered,2017-07-08 14:17:21,2017-07-08 14:30:14,2017-07-11 15:47:23,2017-07-14 17:42:47,2017-07-28,17.8,12.69,1,1,30.49,1,1,5.0,1.0,8e230bd8305ed73c1b300633eeebfa08,17180,iacanga,SP,6.142662037037037,19.404618055555556,0,30.490000000000002
ae5c6e1388284e38412e62dd4bdbd966,e1df9d888af96ac730386f4b80ef546f,delivered,2017-07-08 14:21:09,2017-07-08 18:30:19,2017-07-10 15:57:31,2017-07-18 20:33:00,2017-08-11,258.3,24.13,1,1,282.43,1,1,5.0,1.0,76332fdd632d3e6192df09c46402c4b7,76807,porto velho,RO,10.258229166666666,33.40197916666666,0,282.43
ef22314f23b0d51d6d5566207622a6c0,52518ec19d39f15886aeacc964c20129,delivered,2017-07-08 14:30:14,2017-07-08 14:43:15,2017-07-12 19:57:35,2017-07-18 18:10:13,2017-07-28,89.9,12.13,1,1,102.03,8,1,5.0,1.0,15024c407a7adf2b196809f37e667d9e,13844,mogi-guacu,SP,10.152766203703704,19.395671296296296,0,102.03
9c5bfba7de6a4abbb6ba0baab78d1622,383a25447c28d7bd477c15cf76b412f6,delivered,2017-07-08 14:55:52,2017-07-08 15:10:14,2017-07-11 17:12:41,2017-07-19 20:46:57,2017-08-03,205.0,26.27,1,1,231.27,10,1,5.0,1.0,6fc92189a4d83f8f8eb046b050ce8687,25710,petropolis,RJ,11.24380787037037,25.37787037037037,0,231.27
711246846695fa895c1776f0ddc30b20,0fcd82f3be381d7a6f606313e6e2cccb,delivered,2017-07-08 14:55:53,2017-07-08 15:10:13,2017-07-12 21:49:31,2017-07-20 17:51:38,2017-08-01,59.55,17.67,1,1,77.22,7,1,5.0,1.0,6fc92189a4d83f8f8eb046b050ce8687,25710,petropolis,RJ,12.122048611111111,23.377858796296298,0,77.22
1d9f8648651f574a2e2e5d8728384f7d,65e8eb92d79163578ff601cd27408edb,delivered,2017-07-08 15:16:57,2017-07-08 15:30:13,2017-07-11 12:36:20,2017-07-27 17:15:57,2017-08-03,93.0,17.9,1,1,110.9,1,1,5.0,1.0,dac5a1cb9310e1531c38624d1cc518b9,71218,brasilia,DF,19.082638888888887,25.363229166666667,0,110.9
e5af3df04e781dc26254b1bec2563848,1d90a1d690290f7ba518fab61d437c6d,delivered,2017-07-08 15:28:03,2017-07-08 15:43:17,2017-07-10 19:52:17,2017-07-19 20:52:45,2017-08-03,129.99,17.16,1,1,147.15,3,2,4.0,1.0,aaa83f8aab52f8a3050de7dc549f65b6,94198,gravatai,RS,11.225486111111111,25.355520833333333,0,147.15
c214276ccd69c3953f880b487209f47e,7a3a3328b35a65930d54ebbb1b491501,delivered,2017-07-08 15:28:20,2017-07-08 15:43:15,2017-07-10 17:37:50,2017-07-11 12:37:18,2017-07-21,69.98,15.56,2,1,85.54,3,1,3.0,1.0,d8670b3aea02d9a40030c0d8ab6e72b5,2721,sao paulo,SP,2.881226851851852,12.355324074074074,0,85.54
f888aadfaf9861131a6b24882e4c5ee4,ead3600e85d8eb332081f04815d0f381,delivered,2017-07-08 15:38:35,2017-07-09 18:30:12,2017-07-11 18:47:48,2017-07-18 17:09:47,2017-07-28,79.99,13.58,1,1,93.57,1,1,4.0,1.0,af91c7ead5c3c8525f0e9d7bc5623bae,13274,valinhos,SP,10.063333333333333,19.348206018518518,0,93.57
2f3efd5594cd02b721bf3a23bdd52aeb,1ccbbc8bf31f3641a48c52432bc44c61,delivered,2017-07-08 16:19:41,2017-07-08 16:30:19,2017-07-10 13:47:31,2017-07-17 20:49:50,2017-08-01,249.99,15.5,1,1,265.49,10,1,3.0,1.0,08f4102d5999eec21c6d819175a93a07,21215,rio de janeiro,RJ,9.187604166666667,23.319664351851852,0,265.49
29354cb2b4aa066762853d685a2b224d,99d7e99012dd19810914beb36a28d97b,delivered,2017-07-08 16:25:31,2017-07-08 16:35:12,2017-07-11 15:34:18,2017-07-24 22:18:49,2017-08-01,117.3,21.66,1,1,138.96,4,1,4.0,1.0,2b09cc1e44e7bf3cfd34fc1d001cd4cf,33200,vespasiano,MG,16.24534722222222,23.315613425925925,0,138.96
fc024e7a7e5a5ac73800730c0b388063,dc568c24cf5f6ba6691a0514893967af,delivered,2017-07-08 16:31:24,2017-07-09 16:35:18,2017-07-10 17:21:55,2017-07-13 14:49:46,2017-08-03,99.9,18.27,1,1,118.17,5,1,5.0,1.0,502560a6fd69bb140e01b0feb5eb0b61,72814,luziania,GO,4.929421296296296,25.311527777777776,0,118.17
e21124ab31068ff2d96510278646010d,1574c920aca2273ed1f13f060bb93e19,delivered,2017-07-08 16:34:52,2017-07-09 06:43:04,2017-07-11 19:33:55,2017-07-18 18:35:47,2017-08-01,118.9,14.56,1,1,133.46,1,1,5.0,1.0,0ee46c6eaf5a0a46aecad04306ae65e2,17209,jau,SP,10.083969907407408,23.30912037037037,0,133.46
13293961429976917597dafca90e49d3,522799207582d92450a129cb6e516b4f,delivered,2017-07-08 16:35:21,2017-07-11 04:15:23,2017-07-11 21:14:35,2017-07-14 16:38:05,2017-07-25,52.9,9.27,1,1,62.17,1,1,5.0,1.0,f733f4254cce4a375a82258c272d1549,8676,suzano,SP,6.001898148148148,16.30878472222222,0,62.17
bcf9e8202b0b23d6b2b27c7e7e9358e9,f36996ed68c100fbd9df96fb3f75fcdf,delivered,2017-07-08 16:44:51,2017-07-08 17:03:22,2017-07-14 20:02:40,2017-07-19 20:10:32,2017-07-28,103.97,34.0,1,1,137.97,3,1,3.0,1.0,36caf502d68417d034f9db9a67614b90,15710,sao francisco,SP,11.142835648148148,19.3021875,0,137.97
4fb64bb04e5235a2c7b3290e21c2938c,c9a12964473d3e6e2bbb97b5b1d34173,delivered,2017-07-08 17:10:34,2017-07-09 17:15:10,2017-07-11 17:17:50,2017-07-19 18:25:56,2017-08-04,205.0,22.27,1,1,227.27,10,1,5.0,1.0,43ac3bde45cd19678dbe76abb3a50dbf,91755,porto alegre,RS,11.052337962962962,26.284328703703704,0,227.27
a2b98e0d4c46ef327bb78d902bfaf7b3,ff8bccea0f872d28efb3170d1be104a9,delivered,2017-07-08 17:12:00,2017-07-08 17:25:14,2017-07-13 10:57:27,2017-07-21 17:47:49,2017-08-07,76.99,16.3,1,1,93.29,2,1,4.0,1.0,18828c946a31502c8b390bec28aceddc,12225,sao jose dos campos,SP,13.024872685185185,29.283333333333335,0,93.28999999999999
2c2a6805300ebc04837ff33a647a7938,249188f806d10160f9874afb8ec5ed50,delivered,2017-07-08 17:21:10,2017-07-08 17:35:18,2017-07-10 19:52:33,2017-07-21 13:34:29,2017-08-09,99.99,19.94,1,1,119.93,10,1,5.0,1.0,7d30156f38eed8e773ba69587238e683,45790,potiragua,BA,12.84258101851852,31.27696759259259,0,119.92999999999999
bac5dc94cc5dbf0810f1919c2aac13cd,85fe96297110ae68dd33043dc65a5221,delivered,2017-07-08 17:35:03,2017-07-08 17:45:18,2017-07-10 19:11:54,2017-07-13 20:27:55,2017-07-28,69.9,9.34,1,1,79.24,1,1,5.0,1.0,d0c5e56e04e886e73c79b3b71f0d6f0b,6900,embu-guacu,SP,5.120046296296296,19.26732638888889,0,79.24000000000001
7a9197f998e7889b9e93303ec3dac531,154b6ed9a731645fee1a751fea80076c,delivered,2017-07-08 17:41:10,2017-07-08 17:50:20,2017-07-10 14:58:02,2017-07-17 19:32:54,2017-08-01,45.0,14.1,1,1,59.1,2,1,5.0,1.0,09ce6072ee896c89c6e24757c777f89d,20940,rio de janeiro,RJ,9.077592592592593,23.263078703703705,0,59.1
389d99caa7584786ee8a27df1638f6ad,eb9607b7a646c48a5c0a94e6ef3c4dfa,delivered,2017-07-08 17:41:42,2017-07-08 17:50:21,2017-07-10 18:28:10,2017-07-14 19:47:52,2017-07-28,51.9,12.7,1,1,64.6,3,1,4.0,1.0,6cc93b97b965d3c67eea822a39d124a2,14085,ribeirao preto,SP,6.08761574074074,19.262708333333332,0,64.6
cb3de7d61844179c7014160319550eb1,c37af5e52d8902c5d49bad01276df157,delivered,2017-07-08 17:50:13,2017-07-08 18:03:01,2017-07-14 18:56:00,2017-07-18 17:33:57,2017-07-28,119.9,13.86,1,1,133.76,3,1,4.0,1.0,ae92cdf74cb350e23f5630d830a7fc53,4242,sao paulo,SP,9.988703703703704,19.256793981481483,0,133.76
f5bbdd05dbb39401798ee5b4aabe5532,43405cf6cb7dbd41afb6a0388d778002,delivered,2017-07-08 17:54:33,2017-07-08 18:10:17,2017-07-10 18:06:39,2017-07-17 21:03:16,2017-07-28,98.0,13.03,1,1,111.03,10,1,5.0,1.0,e3ca850c821757ca04d4928a4cbe964c,16403,lins,SP,9.13105324074074,19.25378472222222,0,111.03
9f6efc0aee217956f49ec6db05922667,d731522c61ca319abfc4d1550d45e635,delivered,2017-07-08 18:05:26,2017-07-08 18:15:21,2017-07-11 19:00:23,2017-07-12 22:03:53,2017-07-28,239.9,13.81,1,1,253.71,3,1,5.0,1.0,b904c70636ec7deb7abcc79754f27cf7,39801,teofilo otoni,MG,4.165590277777778,19.24622685185185,0,253.71
bd4e1aca3bf7bf2885e95ac5072be970,dcdeaf0a071eea7ff02e0c03f30ada78,delivered,2017-07-08 18:08:06,2017-07-08 18:15:20,2017-07-10 18:04:24,2017-07-18 17:25:01,2017-08-02,335.99,24.67,1,1,360.66,10,1,5.0,1.0,e0fc2059c95e07861959af4d6805bb87,92990,eldorado do sul,RS,9.970081018518519,24.244375,0,360.66
99aa8e638a0b9c72a30f52a0018c1e41,cca76cf5843954f90141bb998c1d58fc,delivered,2017-07-08 18:09:27,2017-07-08 18:23:17,2017-07-13 21:48:36,2017-07-18 21:42:45,2017-07-25,219.9,39.56,1,1,259.46,10,1,1.0,1.0,02f9070c2ed9e6fc09b8a6723318ce9b,3164,sao paulo,SP,10.148125,16.2434375,0,259.46000000000004
897906e548506a4549f5d1bcffd371e9,c147b8308818f69eb09f2281bca42b2e,delivered,2017-07-08 18:44:16,2017-07-08 19:02:58,2017-07-11 16:59:24,2017-07-28 16:55:27,2017-08-11,37.8,35.26,2,1,73.06,1,1,1.0,1.0,d9b8d22143cb7ccc4875ef81aba8e521,60165,fortaleza,CE,19.92443287037037,33.21925925925926,0,73.06
b9cd12cbf3bc726135ede88877aca4bf,1555b4c59a0efad68a20978804cefdf3,delivered,2017-07-08 19:09:56,2017-07-08 19:25:11,2017-07-11 18:37:25,2017-07-17 21:18:17,2017-08-03,326.16,33.03,1,1,359.19,6,1,4.0,1.0,3c8b66dcc7c613938aa90c8d844b98a0,90560,porto alegre,RS,9.089131944444444,25.201435185185186,0,359.19000000000005
834f1f6bfd5b32cabaa2d0d31dfcf63c,c3c5566434df9ae3d5c663e4a29494eb,delivered,2017-07-08 19:10:03,2017-07-08 19:23:10,2017-07-12 19:48:45,2017-07-21 18:43:12,2017-08-01,89.9,15.38,1,1,105.28,3,1,5.0,1.0,701293338dcef8f3757cd77e87df9dbc,20251,rio de janeiro,RJ,12.981354166666666,23.20135416666667,0,105.28
c7cd3c19aef809218b54579be10b4209,7d79f5b2624829ec42de13f0f661ac04,delivered,2017-07-08 19:14:46,2017-07-09 19:25:11,2017-07-10 15:57:25,2017-07-25 19:07:52,2017-08-11,278.0,43.98,1,1,321.98,10,1,5.0,1.0,110c92b3ca77c35e4bcc1c42ae094af8,58980,ibiara,PB,16.995208333333334,33.1980787037037,0,321.98
8f126d353c3cf5fbebe0d2de3fc3dd06,97a0edb4186f404003107f9a94f8bf3f,delivered,2017-07-08 19:49:30,2017-07-08 20:03:31,2017-07-12 16:04:54,2017-07-20 19:44:41,2017-08-03,69.9,16.74,1,1,86.64,1,1,5.0,1.0,4b35c14a87877c1fb2186448bcf128a3,13345,indaiatuba,SP,11.996655092592592,25.173958333333335,0,86.64
c158cfb02733d33c18b815afb0d8d49b,f720bf1a3ac316ef4a99aeed8a9ac7bf,delivered,2017-07-08 19:58:18,2017-07-11 04:15:29,2017-07-11 18:08:44,2017-07-24 19:09:45,2017-08-14,39.9,17.6,1,1,57.5,1,1,4.0,1.0,51fda06195b60c812dfee3bcd48c83b8,76600,goias,GO,15.966284722222222,36.16784722222222,0,57.5
0f0238a7185cf8f3f3f6404d1f5ea306,ebd5be4611773d33c22df823b634d225,delivered,2017-07-08 19:59:17,2017-07-11 04:10:21,2017-07-12 19:51:12,2017-07-14 19:33:06,2017-07-25,205.0,15.04,1,1,220.04,1,1,5.0,1.0,957d903f93cde7788cb84ca983b9d1a6,4288,sao paulo,SP,5.981817129629629,16.167164351851852,0,220.04
ca77a77fa11ce045321673afb2743d83,bcfd1a30a681c08c1ca5b038e5a8868f,delivered,2017-07-08 20:13:54,2017-07-08 20:23:24,2017-07-11 22:09:44,2017-07-19 15:29:53,2017-08-02,150.0,15.81,1,1,165.81,3,1,5.0,1.0,e8f65548a26a9799428cd3edbd26e672,20775,rio de janeiro,RJ,10.802766203703703,24.15701388888889,0,165.81
0203892ed7a2b76401830f4b82a5a34c,b32b53ffb964ca001a0e4daca0b4a343,delivered,2017-07-08 20:26:08,2017-07-08 20:35:16,2017-07-10 12:47:55,2017-07-11 19:21:58,2017-07-21,39.9,8.72,1,1,48.62,1,1,5.0,1.0,2c078ecf4c8eaa632660d66f124be60d,11040,santos,SP,2.955439814814815,12.148518518518518,0,48.62
c29b0d97f5a9e53bc9d5449d4c8378de,036747722c993c40f22a72d23ebd5a45,delivered,2017-07-08 20:31:56,2017-07-11 04:15:33,2017-07-11 19:23:25,2017-07-13 22:17:45,2017-07-21,269.0,34.12,1,1,303.12,1,1,5.0,1.0,9eeffd87f2e7056cd68c3896802919b5,13178,sumare,SP,5.073483796296296,12.144490740740741,0,303.12
abe6fc40cd1fe4d8d308811303a443ec,077bd25440fd3380b58488ca96863cd5,delivered,2017-07-08 20:34:14,2017-07-08 20:45:15,2017-07-13 20:14:59,2017-07-31 19:05:54,2017-08-14,169.94,51.06,1,1,221.0,1,1,5.0,1.0,e162a7eb6ab7506dbf180f1f98c158f0,44580,sao miguel das matas,BA,22.93865740740741,36.14289351851852,0,221.0
81d4e3ab663ca6c51e659ad5b31457e7,48ca574e8c60c5f14ac63cb32a266880,delivered,2017-07-08 21:06:37,2017-07-11 04:05:35,2017-07-11 18:51:32,2017-07-21 16:19:40,2017-08-11,79.99,17.81,1,1,97.8,1,1,5.0,1.0,e1a2ac153f284f24195dde42b85f982b,89652,ibiam,SC,12.800729166666667,33.12040509259259,0,97.8
4b71930df17d95315e7217a05cff3c17,bfc1c2ef0d081bcaaffd067dc53e5f7f,delivered,2017-07-08 21:07:44,2017-07-08 21:15:21,2017-07-10 21:10:28,2017-07-17 18:04:04,2017-07-28,15.0,11.85,1,1,26.85,2,1,5.0,1.0,c2a94ad27cb5fcf5d0c65cde3a9f267d,6170,osasco,SP,8.872453703703703,19.119629629629628,0,26.85
8dd65fba2478cb614c25783cd1be3449,e2670ed9bc390629e358cf65e72fb1f5,delivered,2017-07-08 21:11:41,2017-07-08 21:25:15,2017-07-12 14:03:35,2017-07-17 19:18:27,2017-07-21,54.9,7.78,1,1,62.68,3,1,5.0,1.0,2ac4a8dbe057366eb424915ba868c565,6266,osasco,SP,8.921365740740741,12.116886574074075,0,62.68
069d3deb0a2f7dec8447aa0140aea178,3cfbb410f95cea8ee7ee4d94816ef1ca,delivered,2017-07-08 21:14:03,2017-07-08 21:22:59,2017-07-13 12:54:24,2017-07-24 17:38:01,2017-08-07,69.9,19.73,1,1,89.63,8,1,5.0,1.0,3f2b65bb88f42dce686fdf02e18f4e78,20940,rio de janeiro,RJ,15.849976851851851,29.115243055555556,0,89.63000000000001
3b07fa165117888d45604ca27f44940e,71d2dd1c3240f4125e7100085b75444f,delivered,2017-07-08 21:15:03,2017-07-08 21:30:08,2017-07-10 18:13:50,2017-07-18 19:14:08,2017-08-03,99.0,20.18,1,1,119.18,3,1,5.0,1.0,75e035001879e8de78a597ae043c1688,71725,brasilia,DF,9.916030092592592,25.11454861111111,0,119.18
b3108f27643eea40f4f48165e702ec26,610cac052cc9c4467f0d271e7be51ce5,delivered,2017-07-08 21:25:10,2017-07-08 21:35:13,2017-07-14 19:47:49,2017-07-26 17:23:58,2017-08-11,72.9,12.85,1,1,85.75,7,1,5.0,1.0,220a4347e32856d9c20216702cab4a68,1538,sao paulo,SP,17.8325,33.10752314814815,0,85.75
95fba842978e008c75e640b1908f1867,a5817e13f0c91bdfddfb326c341451ed,delivered,2017-07-08 21:30:18,2017-07-09 06:43:07,2017-07-10 18:27:49,2017-07-15 03:03:25,2017-07-21,218.9,13.49,1,1,232.39,1,1,,,8e47db59c9d5254ee858ffa0f9f4490b,13183,hortolandia,SP,6.231331018518518,12.103958333333333,0,232.39000000000001
effac4ec58d76962fb4ffbee25d18215,3472d285196e1db5246524096e7fd618,delivered,2017-07-08 21:39:03,2017-07-11 03:50:19,2017-07-11 17:20:00,2017-07-25 14:33:24,2017-08-14,59.0,15.16,1,1,74.16,1,1,5.0,1.0,5899fb414ecad3ef42c4f30c55d21307,74665,goiania,GO,16.704409722222223,36.097881944444445,0,74.16
f0132f94c77357b3524b93786987c97a,471b794b57ffc0697467f641ef88831f,delivered,2017-07-08 21:43:15,2017-07-08 21:50:14,2017-07-11 20:32:42,2017-07-21 23:23:48,2017-08-07,59.9,16.86,1,1,76.76,3,1,4.0,1.0,5604315f3c3d5a34b7f579718f111da8,22780,rio de janeiro,RJ,13.069826388888888,29.094965277777778,0,76.75999999999999
b431ef5386c1579fc784586883d7ac91,4ab64c670b01bdc70c2d4bb3b80e4961,delivered,2017-07-08 21:44:48,2017-07-08 22:03:40,2017-07-11 19:32:42,2017-07-14 18:56:39,2017-08-01,31.9,14.1,1,1,46.0,1,1,4.0,1.0,340c5fef7687f820ccd68a7135de4402,70737,brasilia,DF,5.883229166666666,23.093888888888888,0,46.0
5e7960ca1956b257f72a16a05c127cdc,03867a4d63736672b9276bef85ec277f,delivered,2017-07-08 21:50:46,2017-07-08 22:05:32,2017-07-10 17:13:59,2017-07-24 21:33:07,2017-08-09,174.9,35.74,1,1,210.64,10,1,4.0,1.0,96ba990be9cd0b25de0e7b42e55376b2,78430,nortelandia,MT,15.987743055555555,31.08974537037037,0,210.64000000000001
eef924919d7199a92f9a37712b57885d,3ee53bd204feee730d2a84ddf5e52997,delivered,2017-07-08 21:51:52,2017-07-08 22:05:28,2017-07-18 15:21:31,2017-07-27 23:53:49,2017-08-03,199.8,33.89,2,1,233.69,1,1,5.0,1.0,e1d0eca650e05f1e10cad6bce9b48e0a,72415,brasilia,DF,19.0846875,25.088981481481483,0,233.69
0cd445b0eedab80706bb88ed32325d08,c8fd8ff6d1ad23474b5944bb65a13d37,delivered,2017-07-08 22:01:09,2017-07-08 22:10:13,2017-07-11 10:35:25,2017-07-28 18:04:22,2017-08-03,56.0,17.64,1,1,73.64,7,1,5.0,1.0,ba8fe68376e1f756e472279fff01d36d,93230,sapucaia do sul,RS,19.83556712962963,25.08253472222222,0,73.64
f548b0d880ad07026110a7acc47f77c7,87b15cf61000299cb68aeb0a05e45a7e,delivered,2017-07-08 23:04:19,2017-07-11 04:04:14,2017-07-12 13:06:05,2017-07-18 16:22:21,2017-08-02,56.99,11.9,1,1,68.89,1,1,5.0,1.0,1cd7859ede65dc6f37a4aa9fcc0b5d75,17940,santa mercedes,SP,9.720856481481482,24.038668981481482,0,68.89
c0677fabaec4a0491225d78c6ee269f5,11e9bbf2b2029587516b04cafb81a3fc,delivered,2017-07-08 23:07:10,2017-07-08 23:15:19,2017-07-14 19:12:14,2017-07-31 15:02:45,2017-08-15,23.8,30.2,2,1,54.0,2,1,4.0,1.0,d28cfb8bdbd4af22381e7e30a11da106,35650,pitangui,MG,22.663599537037037,37.036689814814814,0,54.0
19cc900610a7e4a2d7691cc93384d224,b77f06832fda847b4b4604e82f075535,delivered,2017-07-08 23:16:10,2017-07-08 23:30:09,2017-07-11 20:12:29,2017-07-26 10:44:39,2017-08-03,157.9,18.36,1,1,176.26,6,1,5.0,1.0,2a9e930be82bd8ac6ab6667d4338ff10,37466,itamonte,MG,17.478113425925926,25.030439814814816,0,176.26
0dd96ab2fca2927658c83b7e2e954ec9,b2f66716339acf3fd29df8cb5ad63158,delivered,2017-07-09 01:55:26,2017-07-09 02:05:22,2017-07-10 12:47:55,2017-07-22 13:24:37,2017-08-01,39.9,14.1,1,1,54.0,1,1,5.0,1.0,d2185da6e80942141ffc1dfe5ebbe716,20765,rio de janeiro,RJ,13.478599537037036,22.919837962962962,0,54.0
0c54f2a2eeb0c42bd55937babb4669eb,9530bb46f44cc8564b66def5feaee742,delivered,2017-07-09 02:35:35,2017-07-09 02:45:06,2017-07-11 21:43:48,2017-07-18 20:23:39,2017-08-01,10.8,15.1,1,1,25.9,1,1,5.0,1.0,cc43afb2cacf53ca901e965da60a42f8,11441,guaruja,SP,9.741712962962962,22.891956018518517,0,25.9
d62dee82fbbff8937958215d8eddf5dd,0131193f8b1b149f85f1326ac337effb,delivered,2017-07-09 08:58:27,2017-07-10 09:05:18,2017-07-12 20:03:36,2017-07-21 12:44:38,2017-07-28,179.8,24.26,2,1,204.06,6,1,5.0,1.0,3052fa07cdb3c836b158402ea4ee6fb8,8151,sao paulo,SP,12.15707175925926,18.62607638888889,0,204.06
3eb2926661890add37ff467c6c5ead88,919e71e89a5acd45b0d25d59583b63e1,delivered,2017-07-09 09:48:45,2017-07-09 10:03:31,2017-07-10 18:17:49,2017-07-17 18:04:05,2017-08-11,17.0,17.63,1,1,34.63,2,1,5.0,1.0,13607978e0686d841deb64954c023495,66060,belem,PA,8.343981481481482,32.591145833333336,0,34.629999999999995
2d82dd44bd4ea2cb852068142568d5ce,83f88341610abb047d8cfa4f0e19dc91,delivered,2017-07-09 09:59:04,2017-07-09 10:10:22,2017-07-12 16:53:01,2017-07-24 23:28:46,2017-08-01,149.9,18.3,1,1,168.2,4,1,5.0,1.0,c5bbb7acfd67acf6c23a21f910404f40,39400,montes claros,MG,15.562291666666667,22.58398148148148,0,168.20000000000002
336aa930110aba578d1a4471144a3271,2ea8cbe1f839c962bfb37e6a617c45a3,delivered,2017-07-09 10:02:44,2017-07-09 10:10:19,2017-07-13 20:47:33,2017-07-21 19:34:42,2017-08-17,139.96,94.82,2,1,234.78,10,1,4.0,1.0,87b13b9164a289cec73d8daaa28cec41,67013,ananindeua,PA,12.397199074074074,38.581435185185185,0,234.78
26d5146a6a102a692d0b159821a3d520,590f9970d3a259fef3bd11c3f0207f91,delivered,2017-07-09 10:09:54,2017-07-11 04:15:30,2017-07-12 14:52:14,2017-07-26 18:46:19,2017-08-09,109.9,30.18,1,1,140.08,1,1,5.0,1.0,3d703b3bdab1b0a16ceab2019745ca2a,49038,aracaju,SE,17.358622685185185,30.576458333333335,0,140.08
b92773553b06cfc1042db69dc1a5b70b,c470810bfc23c2293a7d75a7200cf99f,delivered,2017-07-09 10:18:26,2017-07-09 10:30:06,2017-07-12 19:48:48,2017-07-25 18:27:52,2017-08-01,89.9,15.38,1,1,105.28,1,1,5.0,1.0,bc112b2d320a73189173fd2d4e6be36c,27916,macae,RJ,16.33988425925926,22.57053240740741,0,105.28
61924caaf0facc4cb3c580d9bdc2f690,fd1f36c6b0aff16b4b3bcc1160db7b18,delivered,2017-07-09 10:26:29,2017-07-11 03:50:45,2017-07-13 19:32:19,2017-07-25 14:50:08,2017-08-18,74.9,34.32,1,1,109.22,1,1,4.0,1.0,85b33fdcff5e20584ac9ec8e3c559ea3,59158,parnamirim,RN,16.18309027777778,39.56494212962963,0,109.22
b78ba2e791199cc6293f8abf411fa386,618b370ac43ca5311d8d39d8a466332c,delivered,2017-07-09 10:29:21,2017-07-09 10:43:39,2017-07-10 17:04:04,2017-07-14 17:51:47,2017-07-28,138.9,13.99,1,1,152.89,2,1,5.0,1.0,500b7922b089543adacbe6e751367cd1,95860,taquari,RS,5.307245370370371,18.562951388888887,0,152.89000000000001
bbfc7badbed2f1828e22b6d629201bd4,f25f442c0ff3a9401eed8ed3a686f362,delivered,2017-07-09 10:35:08,2017-07-11 04:04:10,2017-07-11 17:20:00,2017-07-18 17:59:36,2017-08-02,39.0,11.85,1,1,50.85,1,1,5.0,1.0,720bef87b58a7744196ef8f494ac9617,18052,sorocaba,SP,9.308657407407408,23.558935185185184,0,50.85
d88a95c7c4efaba57a8640854aa16bad,573955e60264b88c1ceffbdddd8ffbcd,delivered,2017-07-09 11:15:16,2017-07-09 11:30:17,2017-07-13 15:03:38,2017-07-17 19:57:43,2017-08-02,156.0,32.62,2,1,188.62,10,1,4.0,1.0,c5157b7836a33d5470c4027bcf8267d0,39400,montes claros,MG,8.3628125,23.531064814814815,0,188.62
2d4725d49513bce62ea366e8f0e213ed,6fc895d23c35083f10fe3e3275d11549,delivered,2017-07-09 11:21:03,2017-07-11 04:03:45,2017-07-12 17:23:34,2017-07-18 19:54:54,2017-07-28,138.0,12.47,1,1,150.47,1,1,5.0,1.0,af566d588b08330b4b19ee6aaf14d17d,13800,mogi mirim,SP,9.356840277777778,18.527048611111113,0,150.47
c577aae17cbefe7f45972f2b2f06a760,b40e9509ac043645de6ac145ce787a3f,delivered,2017-07-09 11:27:14,2017-07-09 11:43:23,2017-07-10 20:37:55,2017-07-13 21:17:52,2017-08-01,49.9,16.16,1,1,66.06,6,1,5.0,1.0,135b128e3b9493daf44c0c6b40eaa3a2,88220,itapema,SC,4.410162037037037,22.52275462962963,0,66.06
e11f0b384abcb645f460256db2f8795a,71a019df9723b570800021d598d2b096,delivered,2017-07-09 11:36:53,2017-07-09 11:50:12,2017-07-11 15:57:27,2017-07-14 19:29:43,2017-07-28,49.98,13.37,1,1,63.35,1,1,5.0,1.0,cfe2ae6d9a759b516963b1212364f9dc,12030,taubate,SP,5.328356481481482,18.516053240740742,0,63.349999999999994
dc6cece6890d0a1710dff80a6f1090d9,04ac91a37da7d16302790620cd39449e,delivered,2017-07-09 11:40:19,2017-07-11 03:55:34,2017-07-11 18:27:58,2017-07-13 17:04:19,2017-08-02,99.0,17.94,1,1,116.94,1,1,5.0,1.0,27e068cd8f732d869a03bedcd5a5a90a,88809,criciuma,SC,4.225,23.51366898148148,0,116.94
4dc7e4499db06c25a94a1b3cbdd9c8df,21440e882fe13916d2db386c20736826,delivered,2017-07-09 11:43:54,2017-07-09 11:55:18,2017-07-11 14:46:21,2017-07-12 17:54:38,2017-07-21,21.6,8.72,1,1,30.32,1,1,5.0,1.0,924462b756aac8bdd1c0084eafec6016,2017,sao paulo,SP,3.2574537037037037,11.511180555555555,0,30.32
728a1252743f5ae1e79a50ba485ff102,c182ffa2bb223d4392ff6eac8d57f619,delivered,2017-07-09 12:13:41,2017-07-09 12:25:14,2017-07-10 19:19:42,2017-07-13 20:36:44,2017-07-28,69.9,13.51,1,1,83.41,4,1,5.0,1.0,140d464b3a7a905c56f07058eecf224b,17208,jau,SP,4.349340277777777,18.490497685185186,0,83.41000000000001
3a8841b93b2522714e4143cff4f54ca4,1e959e1f5920cba43823fa9f95673b83,delivered,2017-07-09 12:25:07,2017-07-10 12:30:21,2017-07-11 19:33:56,2017-07-21 01:29:36,2017-08-03,104.99,19.97,1,1,124.96,6,1,5.0,1.0,9765e039028279fd2e60bb620a451526,22790,rio de janeiro,RJ,11.544780092592593,24.48255787037037,0,124.96
f46d498479ef20f7cbe0d471d9ca0bcd,6b9cd57e8da503b79dc6e58b438e77de,delivered,2017-07-09 12:43:10,2017-07-09 12:55:20,2017-07-12 17:11:47,2017-07-22 14:52:11,2017-08-03,209.70000000000002,62.94,3,1,272.64,5,1,1.0,1.0,ee9075a8920482033d6003b4fcd420d3,79073,campo grande,MS,13.089594907407408,24.470023148148147,0,272.64
cd9d1d8f26cd28414908863fd4538ef6,a2f67e0aee80c6169e09d448c35d379d,delivered,2017-07-09 12:44:54,2017-07-11 04:04:07,2017-07-11 16:46:52,2017-07-13 19:49:17,2017-07-28,45.0,12.69,1,1,57.69,1,1,4.0,1.0,b6e1bc94ff282d5e69ee719e2c5299ab,6065,osasco,SP,4.294710648148148,18.468819444444446,0,57.69
3c684901fa9faba86ade5863ee9e7a40,09a9e4bb743add1caf57d39d8e6223b5,delivered,2017-07-09 12:54:12,2017-07-09 13:05:15,2017-07-10 19:52:21,2017-07-11 14:19:40,2017-07-21,99.99,11.9,1,1,111.89,2,1,4.0,1.0,5cc1cb729d795ee1697ec65e089d76af,6414,barueri,SP,2.0593518518518517,11.462361111111111,0,111.89
189ae4e1cde214b94b2311aec85f39e3,76f98e55dbdd809ce6f7f68e1d946ba3,delivered,2017-07-09 12:56:06,2017-07-09 13:05:15,2017-07-10 12:27:52,2017-07-28 19:55:41,2017-08-17,45.9,17.92,1,1,63.82,1,1,4.0,1.0,a82ffc2cd611677eb7c46a66b59e3c53,78265,reserva do cabacal,MT,19.291377314814813,38.46104166666667,0,63.82
5b52d2172210855d8037cb1610042498,740f2d1e3b5e6991c71d0b76ac933df3,delivered,2017-07-09 13:27:03,2017-07-09 13:35:11,2017-07-13 20:47:38,2017-08-09 20:48:10,2017-08-17,142.99,55.27,1,1,198.26,9,1,5.0,1.0,67898feae48e330621b4c5ef36b70977,62020,sobral,CE,31.30633101851852,38.439548611111114,0,198.26000000000002
64c8df7b4890817fdc2023304306f58f,f33a18deacf7ae36ae065eca09113bf1,delivered,2017-07-09 13:44:10,2017-07-11 03:55:46,2017-07-13 17:55:46,2017-07-26 03:17:32,2017-08-01,12.9,12.48,1,1,25.38,1,1,5.0,1.0,d9856f528637e5ebca3003f8a60309c0,8030,sao paulo,SP,16.56483796296296,22.427662037037038,0,25.380000000000003
86eb56a83df068fafba35f1a76537ce2,a37d16a945757e5fe3d11fba1fed79f9,delivered,2017-07-09 13:45:42,2017-07-10 13:50:15,2017-07-10 20:21:56,2017-08-07 18:12:16,2017-08-11,98.0,27.23,1,1,125.23,2,1,4.0,1.0,0c6ab0ba7fdbc84ccccf6ea4a66089a3,55535,joaquim nabuco,PE,29.18511574074074,32.42659722222222,0,125.23
0fc3e31f16aa4bc4bff4d14fe1e169f8,6dfdf991a8e16e9846a86a6d2a3be7fe,delivered,2017-07-09 14:26:05,2017-07-09 14:35:11,2017-07-14 18:19:34,2017-07-21 21:30:00,2017-08-15,69.9,56.38,1,1,126.28,1,2,5.0,1.0,7f995e933f6531ecdfc8bb62eacdc44d,60455,fortaleza,CE,12.294386574074075,36.39855324074074,0,126.28
9fcb5798168a0661c0dec96bf0682e92,78df7ce019cde6270c121fcd2287c576,delivered,2017-07-09 14:26:36,2017-07-09 14:35:10,2017-07-10 19:52:18,2017-07-28 10:09:35,2017-08-01,129.99,18.16,1,1,148.15,10,1,1.0,1.0,076aefc14321a07d2e4bc277afea2c77,89874,maravilha,SC,18.821516203703705,22.398194444444446,0,148.15
31be4a9a42c356eb746eee159757c1b5,aff2bc2049dba7f43d6997a6e0994a1f,delivered,2017-07-09 14:42:48,2017-07-09 14:55:12,2017-07-11 19:43:54,2017-07-28 13:47:54,2017-07-21,39.9,12.48,1,1,52.38,1,1,1.0,1.0,71dbcb0126e65f6f0b396e8f36752972,18025,sorocaba,SP,18.961875,11.386944444444444,1,52.379999999999995
5fa31572cddd9405f1eda482f8106353,e1d2f4a8673a4dda0838ac511f3fc8a7,delivered,2017-07-09 14:55:28,2017-07-09 15:15:17,2017-07-13 20:33:28,2017-07-28 17:14:56,2017-07-27,169.99,25.7,1,1,195.69,4,1,5.0,1.0,33ce03b11db95148ffcebbf4f1447974,4864,sao paulo,SP,19.096851851851852,17.37814814814815,1,195.69
1946c4925cef4f63c6d90302b3d8caf4,c70d51086d1a00d014cec2e4a2aeea5f,delivered,2017-07-09 15:01:59,2017-07-09 15:10:13,2017-07-18 22:47:01,2017-07-20 15:59:35,2017-07-21,18.99,7.78,1,1,26.77,1,1,4.0,1.0,8db59931486665b0b213bd027675f1ff,4119,sao paulo,SP,11.04,11.373622685185186,0,26.77
99332f462c856f28c1581e91c169b488,7bfdb3d0f53ea882f2a470c6ec01a983,delivered,2017-07-09 15:12:11,2017-07-09 15:25:12,2017-07-12 19:22:33,2017-07-13 14:28:46,2017-07-24,39.9,7.78,1,1,47.68,4,1,1.0,1.0,2f6bfa6509c44c47a19d724930a66a29,8583,itaquaquecetuba,SP,3.969849537037037,14.366539351851852,0,47.68
435361f134c9396bdb0de6ed227fd883,d1b1ef27bb2fbdeedc8823febfcc4072,delivered,2017-07-09 15:17:43,2017-07-10 21:05:15,2017-07-12 14:52:14,2017-07-13 18:18:47,2017-07-28,116.89,13.42,2,2,130.31,1,1,1.0,1.0,20120882a566b99eb67c104dc05d896f,9336,maua,SP,4.125740740740741,18.362696759259258,0,130.31
f6a0e9f2ee368264a84d69d92c9a5b3f,3c5a39f999c141a42792a0f2e1c7726d,delivered,2017-07-09 15:19:58,2017-07-09 15:30:16,2017-07-14 19:12:13,2017-07-26 03:16:50,2017-08-15,38.9,16.11,1,1,55.01,4,1,4.0,1.0,4d0063e13c579513a5892115c789682a,36500,uba,MG,16.497824074074074,36.36113425925926,0,55.01
47e90f9c867597102381120afab2be4c,b991e9e7738b7e18b3c43e28c3d34039,delivered,2017-07-09 15:40:45,2017-07-10 15:35:21,2017-07-13 18:22:17,2017-07-21 17:22:13,2017-08-10,199.0,19.63,1,1,218.63,10,1,5.0,1.0,0ea801eadaffd685381397074de02bfc,8780,mogi das cruzes,SP,12.070462962962964,31.34670138888889,0,218.63
06ae350afd844b7e1dc14f9322504baf,386cb027574f8b9f9aa17cd86ecce6b7,delivered,2017-07-09 15:41:33,2017-07-09 15:55:07,2017-07-11 12:05:06,2017-08-04 19:21:53,2017-08-11,24.9,25.63,1,1,50.53,1,1,4.0,1.0,ad7a4ca387aae0c7601bda294a25f877,50730,recife,PE,26.15300925925926,32.34614583333333,0,50.53
7f85fa1f7de6eeb7a5cce13ea6863126,0055e9b290953716739bd94a256a4144,delivered,2017-07-09 15:53:59,2017-07-09 16:05:15,2017-07-12 23:45:55,2017-08-02 14:43:01,2017-08-09,42.5,16.79,1,1,59.29,5,1,4.0,1.0,8f6564e0a606d34b05edf1206e3b8bd7,45870,mascote,BA,23.950717592592593,30.337511574074075,0,59.29
e60856926b11f52676a5408033e204de,5f2944c022285e2b6c109cc0696069d6,delivered,2017-07-09 16:17:20,2017-07-09 16:30:14,2017-07-11 17:12:21,2017-07-17 19:22:33,2017-07-28,849.9,18.29,1,1,868.19,10,1,4.0,1.0,481666869b5bac1090000f8600e42b69,13565,sao carlos,SP,8.128622685185185,18.321296296296296,0,868.1899999999999
b1fd045765d02d216fa215c6ab6461cc,3b071474c089226e0f57cc29a00ac6e9,delivered,2017-07-09 16:21:13,2017-07-09 16:30:13,2017-07-10 19:27:19,2017-07-14 19:51:37,2017-08-01,45.0,16.11,1,1,61.11,3,1,5.0,1.0,de0ac01473b18f630b7716f13463fe54,23095,rio de janeiro,RJ,5.146111111111111,22.318599537037038,0,61.11
026381d57420b32237d7d89a8daf21c9,797525177b28cb08ae6d244ca133823d,delivered,2017-07-09 16:25:00,2017-07-09 16:35:16,2017-07-10 21:23:58,2017-07-17 18:13:34,2017-08-03,16.99,15.11,1,1,32.1,1,1,5.0,1.0,77f60834473e9b8dd0c7dd6c9e0f30e5,26163,belford roxo,RJ,8.075393518518519,24.31597222222222,0,32.099999999999994
d401e4eb313c624cb7c140e43e38192e,6d765526989aaae489cdb8d1afafbb15,delivered,2017-07-09 16:34:23,2017-07-09 16:45:15,2017-07-12 10:16:37,2017-07-17 20:51:16,2017-08-07,29.9,15.1,1,1,45.0,2,1,5.0,1.0,ccd47fd96a99cdd5e022168e70a2ce2d,72135,brasilia,DF,8.178391203703704,28.309456018518517,0,45.0
f400b5ccbb7d891e27f429355562d529,579ed4a95300987c002fd54c1c543311,delivered,2017-07-09 16:52:57,2017-07-09 17:05:12,2017-07-11 18:49:26,2017-07-26 10:22:13,2017-08-01,39.0,15.1,1,1,54.1,2,1,5.0,1.0,14ed310b039fc75cdcb619123d06d5bb,30530,belo horizonte,MG,16.728657407407407,22.2965625,0,54.1
d3244b7027fc12dbc070c6994d29ad50,0d7632a160295b6f335a091a24a15cca,delivered,2017-07-09 16:57:55,2017-07-09 17:10:20,2017-07-10 17:29:46,2017-07-19 19:18:34,2017-07-28,79.9,12.9,1,1,92.8,1,1,3.0,1.0,0dc3a4327bacc5b339d49aa33120365b,15084,sao jose do rio preto,SP,10.09767361111111,18.293113425925927,0,92.80000000000001
ed8e52d1265866c8e90410e3404bd82e,00b4a445a17922526d9b64e567ac2865,delivered,2017-07-09 17:14:36,2017-07-09 17:25:12,2017-07-13 17:42:34,2017-07-17 16:33:20,2017-08-07,120.0,23.71,1,1,143.71,2,1,4.0,1.0,e97f8593167749c6900418a170670da8,88210,porto belo,SC,7.971342592592593,28.28152777777778,0,143.71
6bf0f652ea13e6773172c1899a925bb4,6f938c049d2ad5009aaaeae097167b69,delivered,2017-07-09 17:35:06,2017-07-09 17:50:15,2017-07-12 13:43:42,2017-07-13 20:41:26,2017-07-21,52.99,12.48,1,1,65.47,1,1,5.0,1.0,4260e604a906747f934ea882e1d48045,6233,osasco,SP,4.129398148148148,11.267291666666667,0,65.47
fb48412e17956a7f4696c7724d60f330,872a25f014b99c4c17341cd9ad0d468f,delivered,2017-07-09 17:49:06,2017-07-09 18:03:12,2017-07-11 12:59:36,2017-07-17 18:13:44,2017-07-28,19.99,11.85,1,1,31.84,3,1,5.0,1.0,636f22218f8430a8463c5ddc5f68fc62,14802,araraquara,SP,8.017106481481482,18.257569444444446,0,31.839999999999996
b26d0e4b269b9370121538ab116bb04a,18538d4c5ba3cf1a66b9a8c4aceb5e84,delivered,2017-07-09 17:53:12,2017-07-09 18:05:28,2017-07-12 16:57:45,2017-07-17 19:43:31,2017-07-31,34.9,12.69,1,1,47.59,2,1,5.0,1.0,9c7751553d42cb89579f028bfbbe55ca,13800,mogi mirim,SP,8.076608796296297,21.254722222222224,0,47.589999999999996
5b2e79428198e5ce482f9ec1bd1014c3,a44c2718ceef807f0b77a73b5192127b,delivered,2017-07-09 17:58:28,2017-07-11 04:15:27,2017-07-14 20:04:26,2017-07-28 20:07:34,2017-08-11,126.99,48.33,1,1,175.32,1,1,5.0,1.0,4187ef802f7e7f1065de49402845fbb5,64218,parnaiba,PI,19.08965277777778,32.25106481481482,0,175.32
74f6a72d401864d8a0d5b73e2533a3bb,3ad2508b4ed6b3c8907d41ddb692c5d3,delivered,2017-07-09 18:13:50,2017-07-09 18:25:20,2017-07-12 12:23:48,2017-07-18 20:33:25,2017-08-01,56.99,17.65,1,1,74.64,3,1,2.0,1.0,26936d6611abe8a6db5f13e2c425338b,22775,rio de janeiro,RJ,9.09693287037037,22.24039351851852,0,74.64
1777a8edd4a86d8162c65687bce598b4,6b3b47e89d4f0d5784fa3225a598f331,delivered,2017-07-09 18:21:19,2017-07-09 18:30:11,2017-07-13 21:47:30,2017-07-26 10:57:43,2017-08-03,79.8,39.68,2,1,119.48,8,1,1.0,1.0,a033a443d4d40bc67fa846d8cf5a5f73,90570,porto alegre,RS,16.691944444444445,24.23519675925926,0,119.47999999999999
439edb60e53e317f8ca366718a648400,4879ae50504f6547848e1eba1a89f830,delivered,2017-07-09 18:21:56,2017-07-10 14:35:13,2017-07-14 19:12:33,2017-07-26 10:19:43,2017-08-01,79.9,15.32,1,1,95.22,5,1,5.0,1.0,b83dada0a866937609e2cee815ead9f5,31555,belo horizonte,MG,16.665127314814814,22.234768518518518,0,95.22
133fde906cdebbd7cae1889f1a8300dc,9801bf5ea241cf9f9b78a92058557146,delivered,2017-07-09 18:30:33,2017-07-09 18:43:07,2017-07-10 17:13:59,2017-07-21 21:17:37,2017-08-07,132.0,27.46,1,1,159.46,5,1,4.0,1.0,415304f0eb0a0988b726bea519131026,29106,vila velha,ES,12.11601851851852,28.228784722222223,0,159.46
3d02ec65652eef72551f7d3656206f7f,fa174bc75f3bbdcb7e839e9af8898010,delivered,2017-07-09 18:33:30,2017-07-09 18:43:08,2017-07-12 11:37:45,2017-07-18 22:14:56,2017-07-28,49.9,11.85,1,1,61.75,2,1,5.0,1.0,f5decd6d75c1103e26697384dc5e06b8,14021,ribeirao preto,SP,9.153773148148149,18.226736111111112,0,61.75
54d65a8b1ad01bcbb24c929d99b3a4e8,e1d87389c11602b9715c7e41bb158a14,delivered,2017-07-09 18:39:33,2017-07-09 18:50:13,2017-07-14 16:55:02,2017-07-28 23:21:38,2017-08-03,259.0,73.16,1,1,332.16,2,1,3.0,1.0,4fa26ca8091ebd9d2d0af6f67a915346,2316,sao paulo,SP,19.195891203703702,24.22253472222222,0,332.15999999999997
d25cff887d30200ad3668bc69804a495,1152728585ef8877654d15c623b7e817,delivered,2017-07-09 18:47:35,2017-07-10 06:41:57,2017-07-10 17:56:07,2017-07-19 18:57:21,2017-08-16,206.96,27.99,1,1,234.95,1,1,4.0,1.0,12e891af3980c5d72f4a17390b517b38,45600,itabuna,BA,10.006782407407407,37.216956018518516,0,234.95000000000002
050db8a61ea366db684e7d127082b5da,9bccf54464487719b6a4bd080a41090c,delivered,2017-07-09 18:49:58,2017-07-09 19:03:27,2017-07-11 20:09:33,2017-07-18 17:27:52,2017-07-28,89.9,12.13,1,1,102.03,2,1,5.0,1.0,9d93da71ce0edfbf46f7626d967fadcd,15360,sud mennucci,SP,8.94298611111111,18.215300925925927,0,102.03
fe6de2a2f0a13307c3b9718817d14c7c,a2149ebf1a15e45e7b38fd8e2d97c704,delivered,2017-07-09 19:01:26,2017-07-10 21:35:18,2017-07-12 10:16:36,2017-07-20 16:39:57,2017-08-04,50.1,16.11,1,1,66.21,3,1,5.0,1.0,619fea5648fc30bc4e23d849fd5c5204,89460,canoinhas,SC,10.901747685185185,25.207337962962963,0,66.21000000000001
d062df7045ef15cdfd841bb52d798a0e,e9c9e8edea5b2c31b8ce06f9ff086ce4,delivered,2017-07-09 19:10:21,2017-07-11 03:50:41,2017-07-12 18:03:33,2017-07-26 20:34:03,2017-08-11,75.9,21.33,1,1,97.23,1,1,5.0,1.0,91cd9a69d709b23d9682fe8d4baa458c,65071,sao luis,MA,17.058125,32.201145833333335,0,97.23
5e5e7f7a2ede19230d510a4319015e48,6aea87f3af81dfe06c69c1699deb5bed,delivered,2017-07-09 19:23:26,2017-07-09 19:35:20,2017-07-10 17:32:55,2017-07-12 15:24:26,2017-07-21,38.99,8.72,1,1,47.71,2,1,4.0,1.0,46c571354c50943f66679fdc1769fba6,7171,guarulhos,SP,2.8340277777777776,11.192060185185186,0,47.71
eb504f547e9f4d8c739ddcf0d8efc9a7,f65a77a160b54821f47499e62dad9ecd,delivered,2017-07-09 19:24:21,2017-07-11 03:50:34,2017-07-11 18:07:39,2017-07-21 19:07:53,2017-08-01,25.99,15.1,1,1,41.09,1,1,4.0,1.0,d4282fcc5e857890e12ce8444d99b5e0,25963,teresopolis,RJ,11.988564814814815,22.191423611111112,0,41.089999999999996
69844f176919a975b85b1098214d4c2d,6dc5e0332cc8abdd6ca44c47fff35dd2,delivered,2017-07-09 19:28:42,2017-07-09 19:43:13,2017-07-11 20:09:33,2017-07-20 20:21:53,2017-08-01,89.9,15.38,1,1,105.28,5,1,1.0,1.0,f7ec1f1dd2af5c92002dd7f04a796928,88980,passo de torres,SC,11.03693287037037,22.188402777777778,0,105.28
d907363eb029510b5ebe3bb438dec976,f9e43f2b7039e72b764a6686ebb3f230,delivered,2017-07-09 19:47:15,2017-07-09 20:03:18,2017-07-10 19:51:41,2017-07-18 20:42:29,2017-08-14,195.5,27.91,1,1,223.41,6,1,5.0,1.0,47264e9608c5814e2a7b260f6fe154b5,29056,vitoria,ES,9.03835648148148,35.17552083333333,0,223.41
2b99bf6a37b3b643b24ca08289526f96,9756f047557b34c039fa402a19c13975,delivered,2017-07-09 19:47:33,2017-07-09 20:03:17,2017-07-10 18:47:55,2017-07-14 13:16:59,2017-07-28,32.5,11.85,1,1,44.35,4,1,5.0,1.0,3dc5a2b71fe656bd7e11074cfdcb5469,3256,sao paulo,SP,4.728773148148148,18.1753125,0,44.35
0ced306b608e9bc80ef960368a3414a4,2f5ff4d0d6e4f93ff81abd25f3e35391,delivered,2017-07-09 20:01:59,2017-07-09 20:10:14,2017-07-10 19:43:27,2017-07-11 22:15:43,2017-07-21,9.99,11.73,1,1,21.72,1,1,4.0,1.0,94a19681bf6faa3c6ce3e2df1c2d97cb,3288,sao paulo,SP,2.0928703703703704,11.165289351851852,0,21.72
bd5fb1f78168328d1f86591c9c631171,76c5eedb331145a40e1c9481acd9633b,delivered,2017-07-09 20:10:55,2017-07-09 20:25:17,2017-07-11 18:17:53,2017-07-12 17:40:02,2017-07-21,56.9,9.34,1,1,66.24,1,1,5.0,1.0,98983959ed830b0b2dc570e402278bf3,8665,suzano,SP,2.8952199074074074,11.159085648148148,0,66.24
a10a91a376b8f910600da4c459245e9f,3699a9b3bf6e5816cc548647349f490c,delivered,2017-07-09 20:14:17,2017-07-09 21:25:08,2017-07-13 14:45:48,2017-07-26 08:49:22,2017-08-01,20.9,15.1,1,1,36.0,1,1,1.0,1.0,cd4fe9002cf5988f6fb7bda60043fa95,6120,osasco,SP,16.524363425925927,22.156747685185184,0,36.0
f76b5b738102e664c0fee7647646074e,bc593342dbff3323feb03741c5efb963,delivered,2017-07-09 20:27:35,2017-07-09 20:35:21,2017-07-10 19:27:18,2017-07-25 22:51:40,2017-08-03,59.9,14.17,1,1,74.07,7,1,5.0,1.0,bd22290256a8c85ad0075fdb9ca470dc,79010,campo grande,MS,16.10005787037037,24.147511574074073,0,74.07
0ac907873c6fb32bfa8a58be269f0c3f,3e3fe9705a14656dceaf25cd86a7f930,delivered,2017-07-09 20:34:20,2017-07-11 04:15:43,2017-07-11 15:39:29,2017-07-20 20:07:52,2017-08-01,124.9,16.63,1,1,141.53,1,1,5.0,1.0,2f5d3bf7f71cb155e29150536d33b30c,17051,bauru,SP,10.98162037037037,22.142824074074074,0,141.53
67416a990d28642694e91be43a750284,ba7e6e22b59e7088657696e5efb7c5a0,delivered,2017-07-09 20:41:04,2017-07-11 03:55:48,2017-07-11 20:14:55,2017-07-18 18:22:02,2017-08-01,299.0,17.85,1,1,316.85,1,1,5.0,1.0,ad2e83d2879bca18a366b83025681a2c,85012,guarapuava,PR,8.903449074074073,22.138148148148147,0,316.85
87dbf189fd5e4ff0a6846675d7fe9d0e,758019ade97df0865b7fabd23bf29ae8,delivered,2017-07-09 20:42:32,2017-07-09 20:55:08,2017-07-11 19:33:55,2017-07-17 17:53:31,2017-07-28,104.99,14.46,1,1,119.45,1,1,5.0,1.0,92ea66675d0557a6ededd9af85a9e758,83260,matinhos,PR,7.8826273148148145,18.13712962962963,0,119.44999999999999
f78331069dda1305cb2f9c835e08b12c,0d8eccedaf47f542b23025203839164d,delivered,2017-07-09 20:43:15,2017-07-09 20:55:09,2017-07-10 19:11:53,2017-07-12 16:52:20,2017-08-04,69.99,9.34,1,1,79.33,2,1,4.0,1.0,8f64a4dc2bd23dfed45bd0337530ddfe,6172,osasco,SP,2.8396412037037035,25.136631944444446,0,79.33
60243a953c19e3606e7757264ea2ad3e,1b520c220eb287288d456d947acec195,delivered,2017-07-09 20:46:12,2017-07-09 21:23:12,2017-07-12 20:03:37,2017-07-18 19:59:29,2017-07-28,89.9,12.13,1,1,102.03,5,1,1.0,1.0,03366d722c63b3b9e683fc38d5836699,15130,mirassol,SP,8.96755787037037,18.13458333333333,0,102.03
a509a0a8522e394f8a140c7e3046731d,b93f595ad6dd63fa50be0cd3cf9dd0cc,delivered,2017-07-09 21:08:20,2017-07-09 21:23:18,2017-07-13 16:49:51,2017-07-18 15:33:36,2017-08-03,189.9,20.57,1,1,210.47,8,1,4.0,1.0,f80521e48c7cb490d80e6b021f180626,3658,sao paulo,SP,8.767546296296297,24.119212962962962,0,210.47
a7e3060436ba43bda8a76ac20cb33c5b,982449bc71d36806342e0da485d6820a,delivered,2017-07-09 21:20:07,2017-07-09 21:30:14,2017-07-11 12:17:58,2017-07-26 19:29:27,2017-08-03,63.0,64.02,1,1,127.02,3,2,5.0,1.0,214429b74b04473fdf4f6340af5d9acd,75910,rio verde,GO,16.923148148148147,24.111030092592593,0,127.02
01cbdb2a8c075eaf248af643b3389f73,7fbb5f4108715c74461dfab031ea62bc,delivered,2017-07-09 21:20:44,2017-07-09 21:30:16,2017-07-10 17:40:01,2017-08-24 23:18:12,2017-08-09,106.9,38.3,1,1,145.2,5,1,1.0,1.0,da2dc2675284f44b338e8d37fcd553a6,57085,maceio,AL,46.08157407407408,30.11060185185185,1,145.2
b5bce4a3cda26884862a0c05cc4effb1,e424136ae114fb9f64bcf55d0ec7d224,delivered,2017-07-09 21:20:45,2017-07-09 21:30:19,2017-07-11 18:35:53,2017-07-19 21:43:22,2017-08-01,148.5,31.79,1,1,180.29,3,1,5.0,1.0,3843ad8082445bc8dc8abe41c22efd6b,23016,rio de janeiro,RJ,10.015706018518518,22.110590277777778,0,180.29
3c91e3497ee8a38751b01e5d549a9bf3,530d6fa633453c225358c8c3b1ca6eca,delivered,2017-07-09 21:25:24,2017-07-09 21:43:20,2017-07-11 15:47:22,2017-07-18 13:15:10,2017-07-21,16.9,9.34,1,1,26.24,1,1,5.0,1.0,8f96a7f4fb4e0fd2353f07078ee045ab,8120,sao paulo,SP,8.659560185185185,11.10736111111111,0,26.24
439ef6a75b6c80e6d36b5c660dffc1bd,113529321cf955855ad19e49f974014b,delivered,2017-07-09 21:26:56,2017-07-09 21:35:13,2017-07-10 16:46:13,2017-07-21 16:59:22,2017-08-08,99.9,16.95,1,1,116.85,4,1,5.0,1.0,975ddc2c0783f56801492449ceea1a88,74970,aparecida de goiania,GO,11.814189814814815,29.106296296296296,0,116.85000000000001
094df781ddda90e70dd08ad95476b181,36b56d749b05761cbde563cc6c791cab,delivered,2017-07-09 21:29:36,2017-07-09 21:43:22,2017-07-11 17:32:29,2017-07-14 19:42:17,2017-08-09,31.9,21.15,1,1,53.05,5,1,5.0,1.0,7c10cc54eb0a77299d3fede5c780d65b,51030,recife,PE,4.925474537037037,30.104444444444443,0,53.05
eafabcffc7f9fa583030d9cc7210741c,c2f6b4196d139aa5409a0f4fa60d9d0f,delivered,2017-07-09 21:47:43,2017-07-09 22:03:30,2017-07-10 16:43:54,2017-07-14 16:25:40,2017-08-01,89.99,17.93,1,1,107.92,8,1,5.0,1.0,4f3c3b3a9ed7ca328f7e9d7e6a8a4739,87525,ivate,PR,4.776354166666667,22.091863425925926,0,107.91999999999999
39f8aaf58db880948c0d55e578166fc3,ff138dffd7d9e3feb88e9f70aecea743,delivered,2017-07-09 21:50:43,2017-07-09 22:03:31,2017-07-11 18:04:29,2017-07-14 12:34:51,2017-08-02,14.9,15.1,1,1,30.0,1,1,4.0,1.0,29aabad116c1559b35469314d31ac8b9,4522,sao paulo,SP,4.613981481481481,23.089780092592594,0,30.0
a4591c265e18cb1dcee52889e2d8acc3,503740e9ca751ccdda7ba28e9ab8f608,delivered,2017-07-09 21:57:05,2017-07-09 22:10:13,2017-07-11 14:58:04,2017-07-26 10:57:55,2017-08-01,147.9,27.36,1,1,175.26,6,1,4.0,1.0,80bb27c7c16e8f973207a5086ab329e2,86320,congonhinhas,PR,16.54224537037037,22.085358796296298,0,175.26
352b9aec1e649ed93ea863e41dc39439,263177b24413a80ea6aa44edbb774020,delivered,2017-07-09 22:02:09,2017-07-11 04:03:36,2017-07-11 18:07:39,2017-07-12 17:27:50,2017-07-21,25.99,7.78,1,1,33.77,1,1,5.0,1.0,33bbf7f44390fb043522808c1ce2bb1f,4455,sao paulo,SP,2.809502314814815,11.081840277777777,0,33.769999999999996
a10b332599146f5dbbbb25f38dd85fc1,7663f2fefb813c164a83a2cf5b653e6b,delivered,2017-07-09 22:36:56,2017-07-09 22:50:14,2017-07-11 14:06:30,2017-07-18 19:13:16,2017-08-02,56.99,15.15,1,1,72.14,1,1,4.0,1.0,89db8efa4b0ed567946d2bacb24c5cf4,28040,campos dos goytacazes,RJ,8.858564814814814,23.057685185185186,0,72.14
baa6a79da6b02b2a756bafd22ca73636,8f28dc381b5a73cd37a5c0a11482824f,delivered,2017-07-09 23:17:54,2017-07-09 23:30:13,2017-07-10 17:59:56,2017-07-12 00:34:11,2017-07-21,59.0,7.78,1,1,66.78,3,1,5.0,1.0,11c8f55ff5c36c2703e7228d093adb53,2161,sao paulo,SP,2.052974537037037,11.02923611111111,0,66.78
c1dbad5d0fae5060e2be3adf8d36839c,6af16317a307b76ac9cd103aae0d064b,delivered,2017-07-09 23:22:35,2017-07-09 23:35:16,2017-07-14 18:56:32,2017-07-28 22:06:22,2017-08-15,17.9,15.1,1,1,33.0,3,1,1.0,1.0,68102ce387529677dff4aeeb296d6d4e,31030,belo horizonte,MG,18.94707175925926,36.025983796296295,0,33.0
62299c8f38bd519b17ca538c3232004b,12097fd2d4e0e9dd4fe1dff039f63b70,delivered,2017-07-09 23:32:06,2017-07-09 23:43:14,2017-07-12 18:27:45,2017-07-14 17:47:39,2017-07-31,34.9,12.23,1,1,47.13,3,1,5.0,1.0,07d49575e9eb300156daf8a365fb19fb,84010,ponta grossa,PR,4.760798611111111,21.019375,0,47.129999999999995
e23cd9d0832eeac3bc6e9c55cbb64a53,5daf6455918cb226e592f6ad0cde4a6c,delivered,2017-07-09 23:48:00,2017-07-11 04:04:02,2017-07-11 13:42:17,2017-07-12 20:12:08,2017-07-21,25.98,15.56,2,1,41.54,1,1,4.0,1.0,eee59c3622420d28e64745623af48741,5207,sao paulo,SP,2.8500925925925924,11.008333333333333,0,41.54
5faa7dafdf19e1e0e96dc20cff3a5f6b,fa384fc2f25297a4ab6ae14753130679,delivered,2017-07-10 00:12:11,2017-07-10 00:25:08,2017-07-10 17:42:35,2017-08-10 20:48:51,2017-08-01,106.9,14.48,1,1,121.38,2,1,1.0,1.0,42d60bb3c54032d55573adc4c2e694c6,2324,sao paulo,SP,31.858796296296298,21.991539351851852,1,121.38000000000001
a36018fd34ab00dbd34e54db5ec3dbd2,b85f2270139232cc85954282a4626dab,delivered,2017-07-10 01:13:24,2017-07-10 16:45:33,2017-07-20 20:37:29,2017-08-09 21:56:57,2017-08-22,79.9,27.1,1,1,107.0,8,1,3.0,1.0,c8dafb19934d776a77bbe28506ea3216,50110,recife,PE,30.863576388888887,42.94902777777778,0,107.0
f43852197ba26a2152a47dcb6d17ffe3,9a2d62a0c2e38209cfbec8ac62865efa,delivered,2017-07-10 06:04:58,2017-07-10 07:01:04,2017-07-10 18:27:19,2017-07-14 04:03:02,2017-07-28,179.9,13.6,1,1,193.5,10,1,5.0,1.0,681d1e1eb3d2ae23850f171f8b979cc6,14801,araraquara,SP,3.915324074074074,17.746550925925927,0,193.5
d03db25190f9915dd3f9df74b394f63f,e6aae10414e072fc934b448c5e4aecb8,delivered,2017-07-10 07:59:30,2017-07-11 04:03:40,2017-07-12 19:53:32,2017-07-18 19:48:01,2017-07-28,94.35,12.16,1,1,106.51,1,1,5.0,1.0,2649e2555733b0b99cab50a932390f8b,11250,bertioga,SP,8.492025462962962,17.66701388888889,0,106.50999999999999
bb18523b647231a531a5d3e5fe1687fe,1cdfd76e4dd6e176d18ac6365c083ee1,delivered,2017-07-10 08:27:10,2017-07-12 12:55:08,2017-07-12 19:07:57,2017-07-25 22:13:39,2017-08-10,499.9,19.75,1,1,519.65,10,1,5.0,1.0,7c5d78417abdd238b85bb7588731376a,72235,brasilia,DF,15.57394675925926,30.647800925925925,0,519.65
65d94fd101d96f0d048472f89b348703,c56ac40c3685486f321027a4c3b3adda,delivered,2017-07-10 08:32:20,2017-07-10 08:45:12,2017-07-11 14:52:26,2017-07-17 18:48:22,2017-07-21,89.9,34.79,1,1,124.69,2,1,5.0,1.0,7cee611a3f3c1f9850014a3e83cced13,13183,hortolandia,SP,7.427800925925926,10.644212962962962,0,124.69
ee89958a185022844bd25342c31208bc,59e64c4606d914bfa86bcf280f16bfeb,delivered,2017-07-10 08:38:43,2017-07-10 08:50:14,2017-07-11 22:04:16,2017-07-17 20:07:46,2017-08-08,195.9,14.39,1,1,210.29,10,1,5.0,1.0,f00a8a03e3037fa13779c6659df93647,1534,sao paulo,SP,7.478506944444445,28.63978009259259,0,210.29000000000002
a824d8daf564c79aa91695c4126d0a06,0571f7b90c34aa2014e05f5742761b6e,delivered,2017-07-10 08:43:10,2017-07-11 04:15:20,2017-07-14 20:07:47,2017-07-31 20:26:02,2017-08-03,28.99,15.1,1,1,44.09,1,1,5.0,1.0,4f0796abcd4916b6e64ad5bf769de883,29645,santa maria de jetiba,ES,21.48810185185185,23.636689814814815,0,44.089999999999996
3c885cdc499dd0042129083823a88e7d,ee87611c901daac70ff8cd52797d585c,delivered,2017-07-10 08:54:47,2017-07-10 09:05:19,2017-07-10 20:13:37,2017-07-24 19:49:36,2017-08-03,219.99,21.03,1,1,241.02,8,1,5.0,1.0,854a46f1d731530a24fc944aa22855a7,91530,porto alegre,RS,14.454733796296296,23.628622685185185,0,241.02
a5002a450fa93774a5c3f26f67889bf9,e8421b7126d1f630d22da5cd66093b59,delivered,2017-07-10 09:03:58,2017-07-10 09:15:19,2017-07-11 18:47:36,2017-07-18 13:04:24,2017-07-28,65.99,11.96,1,1,77.95,3,1,5.0,1.0,b9fd889214fcb1a45e4cd51f5af6cba3,6409,barueri,SP,8.166967592592593,17.622245370370372,0,77.94999999999999
194c41a679d0bdc8d7de9762d9e7ea98,37ee2dc9e5c2c8012af3d17935d1d530,delivered,2017-07-10 09:19:57,2017-07-10 09:30:17,2017-07-13 12:49:18,2017-07-21 16:02:58,2017-08-03,134.9,21.43,1,1,156.33,6,1,3.0,1.0,2478b87e82298da52865e797ab4f730b,3653,sao paulo,SP,11.279872685185186,23.61114583333333,0,156.33
3c31676dda1c2731a56d31f4157f72b4,59fa4d3923b20aed0ae89cc86febe83d,delivered,2017-07-10 09:21:18,2017-07-11 09:25:14,2017-07-11 18:55:44,2017-07-14 17:34:00,2017-08-01,113.0,28.15,1,1,141.15,2,1,5.0,1.0,6a612d163c494321a5a32bca5f558296,1325,sao paulo,SP,4.342152777777778,21.610208333333333,0,141.15
f46d8920524f004a5819d1e715715135,51dbbdaba8a7400b68c2c44be069b5ce,delivered,2017-07-10 09:30:27,2017-07-12 02:10:35,2017-07-14 13:33:40,2017-07-22 13:29:34,2017-08-07,91.8,25.38,2,1,117.18,1,1,5.0,1.0,62bad9a1bb0e66d97d1ec173cf406f23,18087,sorocaba,SP,12.166053240740741,27.603854166666668,0,117.17999999999999
a1a904e8b9bcacd940d9e8f476467cce,e74cccae44bbcbe44359bc665e6caa19,delivered,2017-07-10 09:41:36,2017-07-10 09:55:14,2017-07-10 18:14:50,2017-07-18 18:53:53,2017-08-09,99.7,34.5,1,1,134.2,6,1,4.0,1.0,9f41be4770ba8418526ed3773650314c,55818,carpina,PE,8.383530092592592,29.59611111111111,0,134.2
198078b833ce5c6249ea278d2bb3e220,1871a12ac5e835c89fa644d16d17dd22,delivered,2017-07-10 09:44:10,2017-07-12 02:10:42,2017-07-13 12:17:40,2017-07-26 00:51:22,2017-08-09,99.9,19.94,1,1,119.84,1,1,5.0,1.0,15a8721818910eef7808af4c6f68570a,78015,cuiaba,MT,15.63,29.594328703703702,0,119.84
d0acc83d2ff6361a1b46385f475b723c,b1f6aad7ea584473474457e280189ce4,delivered,2017-07-10 10:00:54,2017-07-12 02:24:00,2017-07-14 21:54:43,2017-07-25 23:37:41,2017-08-10,391.0,37.88,2,1,428.88,1,1,1.0,1.0,89c1a3e3c96c821f7a06d1f84670727b,39440,janauba,MG,15.567210648148148,30.582708333333333,0,428.88
f30b0f98bf4dd642e36ee8185aba1329,3b005155a176bb1701edcf9f258e97e4,delivered,2017-07-10 10:08:51,2017-07-10 10:23:28,2017-08-01 12:56:41,2017-08-08 14:56:14,2017-08-17,219.54,17.98,1,1,237.52,4,1,4.0,1.0,838553dacf830190d6dbe6e96ecbb5c4,24020,niteroi,RJ,29.19957175925926,37.5771875,0,237.51999999999998
2df0ce07f5323bf3fa5d7fbc0bb28ce4,59ce9c14308c8108e4442abec2541369,delivered,2017-07-10 10:19:08,2017-07-10 10:30:13,2017-07-10 19:08:08,2017-07-14 16:22:54,2017-08-03,21.9,15.1,1,1,37.0,1,1,5.0,1.0,0bb5592acc73ecd040d4b7c75ffee545,29040,vitoria,ES,4.25261574074074,23.570046296296297,0,37.0
b267fbd57af5b01a2d8b334b4215a51d,98203b411ca25e54ca7128f4e96e613e,delivered,2017-07-10 10:32:45,2017-07-10 10:45:16,2017-07-10 17:32:54,2017-07-17 21:42:34,2017-08-11,38.99,17.63,1,1,56.62,2,1,5.0,1.0,2c611a05ed5110e3111273d76262da53,54430,jaboatao dos guararapes,PE,7.465150462962963,31.560590277777777,0,56.620000000000005
e91d272e6028aee005564c010fb10661,c74c3cae0cbfbc08f7b00ee31eb254ff,delivered,2017-07-10 10:39:34,2017-07-10 10:50:25,2017-07-11 21:37:51,2017-07-14 20:01:38,2017-08-03,49.99,16.79,1,1,66.78,5,1,3.0,1.0,06e3f686042578d4e8ec05efd9310bcd,11925,ilha comprida,SP,4.390324074074074,23.55585648148148,0,66.78
52cb5ef0eb334c9b6c21119fc55f608c,766ffc8f244a176e559693e0325d8c8f,delivered,2017-07-10 10:41:38,2017-07-10 10:55:11,2017-07-12 20:19:25,2017-07-13 19:15:31,2017-07-28,36.0,9.34,1,1,45.34,1,1,4.0,1.0,857193b821877db544c049d2f1b6977e,1201,sao paulo,SP,3.356863425925926,17.554421296296297,0,45.34
2e05e404dbee7a30852c84523f222b1e,27188a5b1a74d5a05fa9aa20bd65bdb6,delivered,2017-07-10 10:43:33,2017-07-11 04:20:09,2017-07-11 22:04:13,2017-07-18 18:36:55,2017-08-01,99.9,38.12,1,1,138.02,1,1,4.0,1.0,51d2d07d1ee1e2987dbbcc9a38a12980,2521,sao paulo,SP,8.328726851851853,21.553090277777777,0,138.02
3a93b4a83b7cfce5720745425c43a856,53859b5bd7c22aaae15b7482acfa1bc8,delivered,2017-07-10 10:51:01,2017-07-12 02:24:58,2017-07-14 16:37:56,2017-07-18 16:52:28,2017-07-25,79.9,7.81,1,1,87.71,1,1,4.0,1.0,d9e383531c1acbe6239248fcd5045f92,18090,sorocaba,SP,8.251006944444445,14.547905092592593,0,87.71000000000001
f409f5ae35c08a9135d9e5d15ec6ab67,278d8ca725342a1f850e1ebbe341b052,delivered,2017-07-10 10:58:31,2017-07-10 11:10:10,2017-07-12 18:02:45,2017-07-14 16:32:17,2017-07-21,219.9,12.74,1,1,232.64,1,2,4.0,1.0,e9dde8681b9a6edddc49eb0fabad01f0,4186,sao paulo,SP,4.231782407407407,10.54269675925926,0,232.64000000000001
cd331b21d76d7ea924a7bac8d8fd2f54,52068138897a9b301d7b1844e64912c3,delivered,2017-07-10 11:00:01,2017-07-10 11:15:14,2017-07-10 18:04:24,2017-07-12 11:32:32,2017-07-24,335.99,17.76,1,1,353.75,3,1,5.0,1.0,b7b1d9a971992739969a3626e9c8b109,83065,sao jose dos pinhais,PR,2.0225810185185185,13.541655092592592,0,353.75
5f7252bf13701d879f6fc28e72b71a9b,70136d50614636d92e9a66bd6058151f,delivered,2017-07-10 11:15:03,2017-07-10 11:25:23,2017-07-11 17:47:45,2017-07-19 20:02:53,2017-08-01,90.0,15.39,1,1,105.39,4,1,3.5,2.0,38e74ef4e3bcf3019fd22b84649bf90d,35738,prudente de morais,MG,9.366550925925926,21.53121527777778,0,105.39
9d71dfb3ebb4e219c2d5b658c31cc476,530a7c06fbc78da973f9244e585c5997,delivered,2017-07-10 11:15:04,2017-07-10 11:25:24,2017-07-14 16:04:46,2017-07-27 17:37:38,2017-08-01,49.0,14.1,1,1,63.1,4,1,3.0,1.0,38e74ef4e3bcf3019fd22b84649bf90d,35738,prudente de morais,MG,17.265671296296297,21.531203703703703,0,63.1
9c782cb7854e5dfa91927cfca8949eb8,9cedc9b5217be6c8cb89e73ce5390c1e,delivered,2017-07-10 11:26:19,2017-07-10 11:35:22,2017-07-12 20:40:54,2017-07-18 18:29:36,2017-08-08,45.0,16.11,1,1,61.11,3,1,5.0,1.0,f324449067166ef57fea2d94d4cab768,22231,rio de janeiro,RJ,8.29394675925926,28.523391203703703,0,61.11
0611a79fca63467aea19ba6f75536058,8f40d3fd9dc45300aa2922aa65d9570f,delivered,2017-07-10 11:49:42,2017-07-10 12:05:51,2017-07-10 17:47:26,2017-07-11 20:32:30,2017-07-21,74.0,15.56,2,1,89.56,5,1,1.0,1.0,ab654ea423caf4fd8644891d185c3fc9,11704,praia grande,SP,1.3630555555555555,10.507152777777778,0,89.56
9aaa81b734b180a0c3f2aa1295666bdf,0be267b9bd2ddb2eb1e6112612f5b513,delivered,2017-07-10 11:55:07,2017-07-12 02:15:32,2017-07-13 12:17:40,2017-07-25 22:42:59,2017-08-09,24.9,16.79,1,1,41.69,1,1,5.0,1.0,5d01ac79738d2c0486e52d4ce873ccbb,45604,itabuna,BA,15.449907407407407,29.503391203703703,0,41.69
42a356367b6ad82cb9655b48a378579e,9fa4d146ce24e8a1fe04853edbc6953c,delivered,2017-07-10 11:57:51,2017-07-10 12:10:17,2017-07-11 19:07:35,2017-07-26 03:23:33,2017-08-01,17.33,15.1,1,1,32.43,1,1,4.0,1.0,eea1bc40bab09913676c6fa835116fe8,37757,poco fundo,MG,15.642847222222223,21.501493055555557,0,32.43
94153bbf95f273c5b6c342d2acc6d017,05838d97b4a3948e120c9fb440374691,delivered,2017-07-10 12:19:09,2017-07-10 12:30:16,2017-07-12 18:09:04,2017-07-26 00:39:30,2017-08-04,45.95,15.1,1,1,61.05,3,1,5.0,2.0,d7b402c756be57180fa0df36f58d8b7f,33400,lagoa santa,MG,15.514131944444445,24.48670138888889,0,61.050000000000004
9e8bf3ebc81cc29ee6e934d95370e5bc,bdfa40cb45d5c835665c9ac5a168451b,delivered,2017-07-10 12:19:10,2017-07-10 12:30:15,2017-07-12 12:16:46,2017-07-25 19:36:42,2017-08-01,54.99,15.13,1,1,70.12,3,1,5.0,2.0,d7b402c756be57180fa0df36f58d8b7f,33400,lagoa santa,MG,15.303842592592593,21.486689814814813,0,70.12
e227bbccb113df7570b250faab62f29b,536dee228fa42ae8340c648ee43fd685,delivered,2017-07-10 12:19:44,2017-07-10 12:30:20,2017-07-13 21:47:49,2017-07-20 20:16:56,2017-08-01,69.99,17.74,1,1,87.73,4,1,5.0,1.0,273451974dbd2684cb522e9acdbf1a05,86840,faxinal,PR,10.331388888888888,21.486296296296295,0,87.72999999999999
e9ce52cd563d0124dced659e69eab10a,9a80c8377644236e27f59e83862f1ae2,delivered,2017-07-10 12:23:05,2017-07-12 02:10:59,2017-07-13 18:35:37,2017-07-17 17:03:47,2017-07-28,259.9,53.01,1,1,312.91,1,1,5.0,1.0,0a11a4d0e9f9e864f03a7451f0f255b6,12970,piracaia,SP,7.194930555555556,17.483969907407406,0,312.90999999999997
7b511d9d317e777fb4552fa4c7dc717e,f08b3962307cba722fa392226a16c26b,delivered,2017-07-10 12:23:45,2017-07-10 12:43:45,2017-07-10 17:05:13,2017-07-21 16:43:37,2017-08-11,139.99,19.52,1,1,159.51,1,1,4.0,1.0,ca6a4a0765e19a5263bb2742d1035715,66053,belem,PA,11.180462962962963,31.483506944444443,0,159.51000000000002
902b131c259343f5ed33793abe78e408,697d2a6cdb2580c0bed46a3ff51acfa9,delivered,2017-07-10 12:26:03,2017-07-10 12:43:46,2017-07-11 17:17:32,2017-07-24 19:32:22,2017-08-03,10.9,16.79,1,1,27.69,1,1,3.0,1.0,338447d973b74383a4cfd06645154194,32230,contagem,MG,14.29605324074074,23.481909722222223,0,27.689999999999998
8892341ba39887f2133640516707066b,2f2b3604cde42f8268be1b41e0fe19f9,delivered,2017-07-10 12:45:06,2017-07-10 13:05:16,2017-07-11 14:44:28,2017-07-12 17:33:23,2017-07-21,89.9,34.79,1,1,124.69,4,1,5.0,1.0,ca55ba94b18238fab20c54e2f0f3ac5e,7438,aruja,SP,2.200196759259259,10.468680555555556,0,124.69
19a63221f98db001dbb52ad0d4990d75,51ea9fd370abcedebbe9a0493cdfaf07,delivered,2017-07-10 12:53:49,2017-07-10 13:10:27,2017-07-13 11:22:57,2017-07-20 16:32:08,2017-08-01,23.1,15.1,1,1,38.2,1,1,5.0,1.0,0cc1842fb04b4097096fdf92f458038f,3132,sao paulo,SP,10.151608796296296,21.462627314814814,0,38.2
9d9963c450921c5db41bfa4095ea57ba,795aa95b8fb6726444ec4594f7b2dfda,delivered,2017-07-10 13:02:07,2017-07-10 13:15:10,2017-07-14 20:04:26,2017-08-03 16:09:05,2017-07-21,126.99,14.49,1,1,141.48,3,1,1.0,1.0,f1a617e9eae04ad1b4dfdd04baa507a7,8581,itaquaquecetuba,SP,24.129837962962963,10.456863425925926,1,141.48
b5e7a885c4a373e5aef1caffa539d967,aba8af55d9a03630a4909b405359c32b,delivered,2017-07-10 13:03:54,2017-07-10 13:15:11,2017-07-11 22:56:35,2017-07-17 16:38:39,2017-08-01,129.99,18.16,1,1,148.15,1,1,5.0,1.0,15fd0aa2c6d4fd0a9b1d6eaeb3df7a8f,88750,braco do norte,SC,7.149131944444444,21.455625,0,148.15
f65b97e0ce63435e9d58afec633f3f69,1c72ed9963ce45f7733bcc782536c858,delivered,2017-07-10 13:07:00,2017-07-10 13:23:24,2017-07-12 18:46:10,2017-07-13 18:13:43,2017-07-21,39.9,8.72,1,1,48.62,1,1,5.0,1.0,683aa0a880c1e5b4fe2aa8ca8b6eafd2,5417,sao paulo,SP,3.212997685185185,10.453472222222222,0,48.62
34df7484b616fc09350bd58d5abd1355,99c149c88498a61079db08992677a6c8,delivered,2017-07-10 13:09:58,2017-07-10 13:23:27,2017-07-13 17:04:46,2017-07-14 20:33:29,2017-08-14,54.9,12.23,1,1,67.13,1,1,5.0,1.0,485a70868deec085aeda32283bbbd82e,30380,belo horizonte,MG,4.307997685185185,34.45141203703704,0,67.13
ef6705ee8f12d45eabd6549c3e10c790,6aa6e3750467bce6dc1a4ab34cd2456b,delivered,2017-07-10 13:18:45,2017-07-10 13:30:20,2017-07-12 17:04:40,2017-07-25 19:32:07,2017-08-07,109.99,16.21,1,1,126.2,12,1,5.0,1.0,a9c0a9cd914ca392f640000fe4c29427,91030,porto alegre,RS,15.259282407407408,27.4453125,0,126.19999999999999
aff32ddeb1d4fcd7baa9d10d9b5941eb,3b44c4372e0517568699266a2d6a758d,delivered,2017-07-10 13:26:40,2017-07-10 13:43:21,2017-07-12 13:49:26,2017-07-24 19:08:36,2017-08-03,59.85,15.18,1,1,75.03,3,1,5.0,1.0,2b174670dbec666bbc68b6e2a4062740,29101,vila velha,ES,14.237453703703704,23.439814814814813,0,75.03
19f96944a3a31111c47399caff25b6f6,9e1662e854cefe332c59a11639d9d6ef,delivered,2017-07-10 13:33:17,2017-07-10 13:45:10,2017-07-12 13:27:53,2017-07-14 20:19:49,2017-07-28,19.99,7.78,1,1,27.77,2,1,3.0,1.0,39ae2ab725be4a0db66896735a49dac7,18087,sorocaba,SP,4.282314814814815,17.435219907407408,0,27.77
52a9379019132afc103b9249b85ae705,b0ec31ceff599306883ff91086ccc676,delivered,2017-07-10 13:33:18,2017-07-10 13:45:10,2017-07-12 17:07:39,2017-07-14 19:51:59,2017-07-27,89.99,7.88,1,1,97.87,9,1,5.0,1.0,39ae2ab725be4a0db66896735a49dac7,18087,sorocaba,SP,4.262974537037037,16.435208333333332,0,97.86999999999999
ae7c4721024efe600df6ac3fa7e52c58,e7105b76f473123dba8054434c88adb2,delivered,2017-07-10 13:33:35,2017-07-12 02:10:43,2017-07-13 14:36:30,2017-07-20 20:04:12,2017-07-28,241.1,22.7,1,1,263.8,1,1,5.0,1.0,c0fc2e3595c750de75d36e7db9399e83,19200,pirapozinho,SP,10.271261574074074,17.435011574074075,0,263.8
4fa1f3386053fb83bfcb80df2abb0ed5,c0e7e79bcaabdbc3d801aeccbd349acd,delivered,2017-07-10 13:38:15,2017-07-11 03:55:36,2017-07-11 19:23:23,2017-07-25 00:18:19,2017-07-21,89.9,34.79,1,1,124.69,1,1,5.0,1.0,d08f708884fe5d013b09fcdb59eef1ae,2366,sao paulo,SP,14.44449074074074,10.431770833333333,1,124.69
7525e8f8b1a51d44f9912ce81146ac7d,7e902211ea98633032e5cc41b645f65c,delivered,2017-07-10 13:41:35,2017-07-10 13:55:15,2017-07-11 22:53:45,2017-07-21 14:36:26,2017-08-01,299.0,22.58,1,1,321.58000000000004,10,2,5.0,1.0,c3c0a8514a602a363d7249d5f1a4b3b6,11714,praia grande,SP,11.038090277777778,21.42945601851852,0,321.58
1ef3f20960d2c64d49f7154f3fd63a43,40ad2ed5cffb7e8019dd02fa0af921b2,delivered,2017-07-10 13:53:16,2017-07-10 14:10:13,2017-07-11 22:51:27,2017-08-15 20:53:03,2017-08-01,99.99,17.95,1,1,117.94,2,1,5.0,1.0,55fa3ff650718b4ff3f858064430157b,88717,sangao,SC,36.2915162037037,21.42134259259259,1,117.94
ebf58142d429fa41ece5f8e0308d8908,caa7acaaf9247a8f90b437b81277b419,delivered,2017-07-10 13:56:25,2017-07-10 14:10:09,2017-07-11 18:36:33,2017-07-17 16:41:39,2017-07-28,87.99,13.64,1,1,101.63,5,1,5.0,1.0,125a762f275908012b288be69294a3a6,8041,sao paulo,SP,7.11474537037037,17.419155092592593,0,101.63
23640b43da6ae4ac5a21782ca8c17c39,33eed39fcbb2cc8780a1599bb9f07fc8,delivered,2017-07-10 13:57:50,2017-07-10 14:23:30,2017-07-12 16:07:37,2017-07-19 16:35:39,2017-08-01,34.99,14.1,1,1,49.09,1,1,5.0,1.0,ea1c561cb3898d9046369b2ccd69488f,23025,rio de janeiro,RJ,9.109594907407407,21.418171296296297,0,49.09
8babefcbfff85cc907e0ec86e9f0ffd8,e80ac59e04eba2d24b276bce970bddf2,delivered,2017-07-10 14:06:13,2017-07-12 02:10:56,2017-07-13 10:53:58,2017-07-26 19:39:55,2017-08-10,36.9,17.92,1,1,54.82,1,1,5.0,1.0,76c96818d8744e8ee3c449ac77b8e227,79580,inocencia,MS,16.23173611111111,30.412349537037038,0,54.82
01fba151a6fa8315ff6dc6f29fe2f2d4,414aa2fa7df5bb8836e17bfe8e2a0658,delivered,2017-07-10 14:06:20,2017-07-10 14:23:25,2017-07-11 12:12:25,2017-07-13 14:15:46,2017-07-26,38.5,19.88,1,1,58.38,1,1,5.0,1.0,1aafbf7397e87ee25859a246e1304c8f,4136,sao paulo,SP,3.006550925925926,15.412268518518518,0,58.379999999999995
b11a56abf15c11b6a5c248689c6525af,967400dffafeb6bd681d17b5c57cbc46,delivered,2017-07-10 14:07:43,2017-07-10 14:23:25,2017-07-11 22:38:56,2017-07-12 18:04:05,2017-07-21,9.99,11.73,1,1,21.72,2,1,5.0,1.0,d6df11a09268dc899377f7ec02511799,1544,sao paulo,SP,2.1641435185185185,10.41130787037037,0,21.72
a622a08f7c22608bf1f2c546a830de74,87593a30f5380e0ec6bb4ec3a6ac54b7,delivered,2017-07-10 14:15:00,2017-07-10 14:25:18,2017-07-12 11:58:43,2017-07-24 18:24:32,2017-08-02,89.9,15.38,1,1,105.28,1,1,5.0,1.0,401035dc57a4e9568436320e4edcd985,20751,rio de janeiro,RJ,14.173287037037037,22.40625,0,105.28
1c2ed37904500c8dfad13c54d3ed8043,4d9fd3fdeb58a1d0d4604d36b71aa96f,delivered,2017-07-10 14:25:38,2017-07-10 14:43:15,2017-07-10 18:42:16,2017-07-21 18:56:56,2017-08-03,670.0,32.07,1,1,702.07,3,1,5.0,1.0,ef4959fc277b683cc049941a6cbb6887,21211,rio de janeiro,RJ,11.188402777777778,23.398865740740742,0,702.07
6bdcc275fba0fb4ece1d33e9d7126f6a,521970d6651d909ddcac8dd4d7abb5de,delivered,2017-07-10 14:26:19,2017-07-10 14:43:17,2017-07-12 09:57:39,2017-07-21 19:51:11,2017-08-11,266.55,34.32,1,1,300.87,10,1,5.0,1.0,26089991ae039f0c3ea4b6a8f4aad636,62880,horizonte,CE,11.225601851851852,31.398391203703703,0,300.87
18c3417287d1c86d7176f72fe1110be3,698e74c33fe7c958024f07a31dbd2f77,delivered,2017-07-10 14:28:22,2017-07-10 14:43:20,2017-07-11 17:41:25,2017-07-20 19:54:56,2017-07-28,16.99,12.48,1,1,29.47,1,1,4.0,1.0,db87b9a23aca22405ab394338f087a68,39401,montes claros,MG,10.226782407407407,17.396967592592592,0,29.47
3ca6693c62bcb94cf84a1c9f89191483,558d10ad25cf808e1f3e532951991954,delivered,2017-07-10 14:36:12,2017-07-10 14:50:18,2017-07-12 15:32:03,2017-08-25 15:09:29,2017-08-09,160.99,43.54,1,1,204.53,10,1,1.0,1.0,d22c0c336aba5e843663824265447a5b,57330,lagoa da canoa,AL,46.02311342592593,29.391527777777778,1,204.53
21986ad587b4a2c379e191e22a03deac,0b21617fb0d74d81d0cf3264cbe3b0f1,delivered,2017-07-10 14:36:20,2017-07-10 14:50:20,2017-07-17 21:31:47,2017-07-28 14:44:10,2017-08-10,14.9,15.1,1,1,30.0,1,1,5.0,1.0,68f098aecfb27519b85489fba1468e36,89254,jaragua do sul,SC,18.005439814814814,30.391435185185184,0,30.0
25133adfabbfa91f52ed184519933c11,8fbbac627bea0879f8e10689ccc2993a,delivered,2017-07-10 14:55:01,2017-07-12 02:15:35,2017-07-18 18:18:00,2017-07-25 19:32:09,2017-08-01,25.9,15.1,1,1,41.0,1,1,5.0,1.0,9fb23c0934b300ecec67d95926d1d09d,83209,paranagua,PR,15.192453703703704,21.37846064814815,0,41.0
0526ac4e6b594d943d1865fcbbe8047c,03ea960cf43b1d1e8ea7343f503e8fd1,delivered,2017-07-10 14:55:44,2017-07-10 15:10:39,2017-07-12 20:03:36,2017-07-31 16:13:05,2017-08-03,89.9,15.38,1,1,105.28,10,1,5.0,1.0,5872f202865385317a6078777633adf0,94475,viamao,RS,21.053715277777776,23.377962962962965,0,105.28
cd2e2ff68721cedbf8b5887479475a81,4e7d6826f3f99a67fdb754b14c9ede4a,delivered,2017-07-10 14:56:31,2017-07-11 15:05:12,2017-07-12 16:44:28,2017-08-01 12:57:42,2017-08-03,329.9,44.68,1,1,374.58,5,1,1.0,1.0,7fff888508deccbad37392f9a11da3e1,74330,goiania,GO,21.917488425925924,23.377418981481483,0,374.58
69bf2d63fa24ceda9a9045233d315833,759025aeb0052bc3432eec9f1ca56259,delivered,2017-07-10 15:17:46,2017-07-11 06:30:09,2017-07-11 18:37:25,2017-08-01 19:36:46,2017-08-03,106.9,19.99,1,1,126.89,6,1,3.0,1.0,1b21065c3bab9088f045a28fda55a336,79750,nova andradina,MS,22.179861111111112,23.362662037037037,0,126.89
ba3d14eca4818e2e0c5968ab26883114,1222ae970047ba8ad59b8af5a7cbe8e5,delivered,2017-07-10 15:20:04,2017-07-10 15:35:11,2017-07-11 18:15:32,2017-07-18 21:15:57,2017-08-01,29.9,16.11,1,1,46.01,1,1,5.0,1.0,38607c951da86c197d3d4f6d69c4ea3c,21051,rio de janeiro,RJ,8.247141203703704,21.361064814814814,0,46.01
4e87464c041dbe651c4a28dfb19f987f,bb149453a4f23c32788b5bd4d8ed7151,delivered,2017-07-10 15:21:09,2017-07-11 04:05:44,2017-07-11 16:46:51,2017-07-19 18:59:36,2017-07-28,45.0,12.69,1,1,57.69,1,1,1.0,1.0,c64bf23368dfc81a437e94fe04806159,13187,hortolandia,SP,9.151701388888888,17.3603125,0,57.69
9d64f8c659b3ac3490cbe4dbdbf522b0,eaf959aee30275c60e996b0555197b4a,delivered,2017-07-10 15:45:12,2017-07-10 15:55:22,2017-07-11 21:51:37,2017-07-18 19:47:59,2017-08-02,52.99,16.13,1,1,69.12,1,1,5.0,1.0,5b9e2d80a7ebfcf10ed0fa934a6de8f9,89500,cacador,SC,8.168599537037037,22.343611111111112,0,69.12
ae134de5629ae433d7a526ffb396750a,881ecd568c8e9b78be7c86580059c248,delivered,2017-07-10 15:45:50,2017-07-11 18:50:11,2017-07-13 13:15:59,2017-07-20 13:37:23,2017-07-24,84.99,8.79,1,1,93.78,4,1,5.0,1.0,e0e333056bddce25fefcad356e3f8029,8040,sao paulo,SP,9.910798611111112,13.343171296296296,0,93.78
49ed8238ac156a01d16ef8b89bc7f6be,cd1e89411cd35dac23808a7de0ec316f,delivered,2017-07-10 15:46:17,2017-07-10 15:55:19,2017-07-12 16:04:54,2017-07-20 20:55:54,2017-08-03,69.9,17.74,1,1,87.64,4,1,5.0,1.0,348d75c598a56f0f07222fbca6828970,14801,araraquara,SP,10.215011574074074,23.342858796296298,0,87.64
b1a4d93b091b621c2080d96449ded73a,a0e5b74e20d78213c2ccbbde9637332f,delivered,2017-07-10 15:50:09,2017-07-11 04:15:14,2017-07-11 18:55:45,2017-07-21 19:42:55,2017-08-03,159.0,30.15,1,1,189.15,1,1,5.0,1.0,8c40bbd48430800cdd35dfa39dd0e677,79904,ponta pora,MS,11.161643518518519,23.340173611111112,0,189.15
1e2ecf33949aeb71c490a6670f311f13,64725e21c9869103e2f454b2337edf56,delivered,2017-07-10 15:55:34,2017-07-10 16:05:32,2017-07-12 09:46:28,2017-07-13 20:41:26,2017-07-21,235.73,48.26,1,1,283.99,10,1,4.0,1.0,a419783240af09fd116829e48ddb1c7d,17030,bauru,SP,3.1985185185185183,10.336412037037038,0,283.99
949c80f001e60528e8bc8c30b312ac5c,d27e0eb44e14b91d3c5912734571b1c6,delivered,2017-07-10 16:09:38,2017-07-10 16:24:09,2017-07-13 18:48:43,2017-07-17 18:10:24,2017-08-01,60.9,15.18,1,1,76.08,2,1,5.0,1.0,73196f18f9df6fbfc3ffdca6910cc17b,15804,catanduva,SP,7.083865740740741,21.32664351851852,0,76.08
43960d2cd4437218da00d3b8e83b2819,077db731d84e53b8b593dd8835f1517b,delivered,2017-07-10 16:19:29,2017-07-11 04:06:04,2017-07-12 19:27:36,2017-07-18 18:25:20,2017-07-31,43.96,47.4,4,1,91.36,1,1,5.0,1.0,54f180c8bd40a7e1887f2e67ba666c37,14500,ituverava,SP,8.087395833333334,20.31980324074074,0,91.36
9e0e712546092840f5d209f6d4864f8e,220d33ea999487ba945f1c187f92ad04,delivered,2017-07-10 16:22:12,2017-07-10 16:30:29,2017-07-11 17:03:53,2017-07-14 19:39:41,2017-08-01,205.0,18.14,1,1,223.14,10,1,5.0,1.0,971e2252d557c5f6b2de810f6fcd52eb,14094,ribeirao preto,SP,4.137141203703703,21.317916666666665,0,223.14
d14713175ab3ff245a441613d7242f3b,50b13fff702e463eb6a099ef609fa46f,delivered,2017-07-10 16:26:05,2017-07-10 16:43:56,2017-07-20 21:04:12,2017-07-25 22:58:29,2017-08-03,199.97,36.91,1,1,236.88,7,1,5.0,1.0,c878f107dbbd241b24ff8db742559feb,14700,bebedouro,SP,15.2725,23.315219907407407,0,236.88
25453993dba7bcda3607e0f745672b1a,b986675a148362c7cbc38095d4d54f26,delivered,2017-07-10 16:40:50,2017-07-10 16:50:21,2017-07-14 11:24:53,2017-07-31 21:03:34,2017-08-11,169.99,32.63,1,1,202.62,5,1,3.0,1.0,6b7b89fbb353f87cc3b7378e29ceb6a3,65035,sao luis,MA,21.182453703703704,31.30497685185185,0,202.62
456305699578d4ca0be9fa96f39efe0d,19704fe62ad38251594fca76aecffd6a,delivered,2017-07-10 16:41:44,2017-07-11 04:15:14,2017-07-13 12:56:01,2017-07-27 21:32:40,2017-08-01,249.9,62.49,1,1,312.39,1,1,5.0,1.0,aa28a9b35d89b5e84007c3893a4ffa62,18052,sorocaba,SP,17.202037037037037,21.30435185185185,0,312.39
128db96d96f727da26afde4579e68d48,3e427aba8dacfeb381377ca002f96282,delivered,2017-07-10 16:42:01,2017-07-10 16:55:16,2017-07-11 19:53:30,2017-07-19 17:38:43,2017-08-01,89.0,41.01,1,1,130.01,5,1,4.0,1.0,7f9a82af65e8568d377ea5046f53a8da,35501,divinopolis,MG,9.039375,21.30415509259259,0,130.01
4f73244a226bb31dd99853458f70c537,7dc3c91fa2bd2415f1b73543020adaa0,delivered,2017-07-10 16:47:10,2017-07-10 17:03:37,2017-07-21 14:32:08,2017-07-26 00:10:03,2017-08-04,162.0,41.09,1,1,203.09,10,1,5.0,1.0,97f0fce3f9d7aad1b12499a4e4b10d07,7790,cajamar,SP,15.30755787037037,24.300578703703703,0,203.09
0da9ad216b1827c67a72f0c852666c40,cf49ace1e2e9a0f9eebb6377d93f5b53,delivered,2017-07-10 16:56:10,2017-07-10 17:10:25,2017-07-12 14:52:14,2017-07-18 21:42:12,2017-07-28,79.9,16.19,1,1,96.09,2,1,5.0,1.0,c6d41ce217f6885c81ecf5fe91880309,12071,taubate,SP,8.19863425925926,17.294328703703705,0,96.09
c3fdd79a248296dd41d7369eb034db97,c56908e1041936843d95e0aae415f155,delivered,2017-07-10 17:01:00,2017-07-10 17:15:19,2017-07-20 20:44:32,2017-07-24 17:12:26,2017-08-07,119.99,30.68,1,1,150.67,2,1,3.0,1.0,a5c773eb6e74749ab5fea064053a2d58,22041,rio de janeiro,RJ,14.007939814814815,27.290972222222223,0,150.67
5f2959503561ff228a9b4c82b01b9f97,93de82c81a0248eb17ff8f0f5f1cb9da,delivered,2017-07-10 17:12:02,2017-07-12 02:15:49,2017-07-13 14:17:35,2017-07-17 17:23:02,2017-08-01,19.99,15.1,1,1,35.09,1,1,5.0,1.0,da5b37d060b609736157deff1c1313e5,86802,apucarana,PR,7.007638888888889,21.283310185185186,0,35.089999999999996
4374672f40f26ec3646cdc22c5f57733,9422ceca89675150ff5b567cf89f43b6,delivered,2017-07-10 17:44:35,2017-07-10 17:55:17,2017-07-11 18:12:07,2017-07-20 21:41:51,2017-08-01,139.99,16.74,1,1,156.73,2,1,5.0,1.0,a177570db04b05b83f8f97293cb9df8b,20530,rio de janeiro,RJ,10.16476851851852,21.26070601851852,0,156.73000000000002
2f09f8c80542f3260ec457517de0a463,9f03c12d78d5dfec18b888fc6bc7ecb7,delivered,2017-07-10 17:44:36,2017-07-12 02:10:51,2017-07-14 17:30:04,2017-08-16 19:57:38,2017-08-09,1283.64,159.2,4,1,1442.84,1,1,4.0,1.0,3d540559ce0677a17f45eab0cb113c8d,58040,joao pessoa,PB,37.09238425925926,29.260694444444443,1,1442.8400000000001
ae40329a07e105f799f1b2d7c2f4c81a,4646c2ac832792acf0d30a5e9f1e9e94,delivered,2017-07-10 17:48:20,2017-07-10 18:03:55,2017-07-11 17:48:57,2017-07-20 22:44:28,2017-08-07,59.9,16.86,1,1,76.76,3,1,5.0,1.0,aead071f9a847c76dda201b10f6f6b68,27338,barra mansa,RJ,10.205648148148148,27.25810185185185,0,76.75999999999999
dfd3b2df64ce5d1f5378d2e211743bbc,1bd9ffd81a6e5ad005c1d52b83d000bf,delivered,2017-07-10 17:53:40,2017-07-11 06:43:43,2017-07-11 18:36:33,2017-07-17 21:27:44,2017-08-01,87.99,17.87,1,1,105.86,1,1,5.0,1.0,0f2a46c1713f4767774e39dbee719142,24801,itaborai,RJ,7.148657407407407,21.254398148148148,0,105.86
25ff38b3eac37d28ac1fd35e41393218,49e4b2fb8926a656f2415667cd8f6c38,delivered,2017-07-10 17:55:20,2017-07-10 18:10:12,2017-07-13 19:12:26,2017-07-17 22:04:24,2017-07-28,99.0,13.71,1,1,112.71,4,1,5.0,1.0,c731a46dd44dfe456ccfa8968206943d,14020,ribeirao preto,SP,7.172962962962963,17.25324074074074,0,112.71000000000001
4d31272d8cb07c4ab84562c8ae2e0fdb,6d8b84bc65ad63bb703b96c994e3f18d,delivered,2017-07-10 17:56:02,2017-07-11 06:43:42,2017-07-11 21:47:59,2017-07-25 19:28:50,2017-08-03,479.9,21.6,1,1,501.5,1,1,5.0,1.0,6a8dcfadfdfb2795650598f3487d4b1d,9710,sao bernardo do campo,SP,15.064444444444444,23.252754629629628,0,501.5
2588c3896757567ab46a721e4b36c8c8,ce3e86aad1d622225ecb544bae76d9b2,delivered,2017-07-10 18:05:29,2017-07-10 18:15:21,2017-07-11 19:53:29,2017-07-19 19:02:41,2017-08-01,89.0,41.01,1,1,130.01,1,1,4.0,1.0,bae3bf49c2dc0301d997cd1927a02f24,28941,sao pedro da aldeia,RJ,9.039722222222222,21.24619212962963,0,130.01
593732bc7133b31a809050a3df77f34c,e898665675636de89a1bead880858c95,delivered,2017-07-10 18:11:32,2017-07-12 02:10:54,2017-07-13 17:55:46,2017-07-28 22:07:42,2017-08-11,14.9,42.38,1,1,57.28,1,1,2.0,1.0,4b81f7012100c883fdc2d0be7e1ab9ac,76812,porto velho,RO,18.16400462962963,31.24199074074074,0,57.28
db3a01453250325c27f1b54a5dabf495,bdb17993d471e48340c10c554b57ad7d,delivered,2017-07-10 18:11:49,2017-07-10 18:25:19,2017-07-18 13:18:01,2017-08-01 22:22:50,2017-08-10,23.4,14.1,1,1,37.5,1,1,5.0,1.0,de29b95d009359f46b6a7e8f7d932e21,29175,serra,ES,22.174317129629628,30.241793981481482,0,37.5
939e85580cc5404abd2ba9df25330fb8,df059d8e5672ffde042a480870e4fbea,delivered,2017-07-10 18:12:09,2017-07-10 18:25:20,2017-07-13 10:56:32,2017-07-18 17:03:18,2017-08-10,39.6,17.6,1,1,57.2,4,1,5.0,1.0,4f062c0635aa5c593636b9500e21b99b,14140,cravinhos,SP,7.9521875,30.2415625,0,57.2
ce021ef42ff5227b0658faac2069ab5a,c3d9f985af9d83e5ce6304b61ddb0c57,delivered,2017-07-10 18:15:22,2017-07-11 06:43:42,2017-07-11 21:37:48,2017-07-13 20:38:48,2017-08-09,24.99,21.15,1,1,46.14,1,1,5.0,1.0,0d88bced1c85bef2f7ed195b1de99e61,30190,belo horizonte,MG,3.0996064814814814,29.239328703703702,0,46.14
e554faec14ac84b923b5b62b78b89c4e,1cd552c7aae3f67c65e1100683180f28,delivered,2017-07-10 18:25:59,2017-07-10 18:43:48,2017-07-11 21:05:08,2017-07-14 19:42:40,2017-07-21,24.9,8.27,1,1,33.17,3,1,5.0,1.0,66aa0574c0357b290d5e0c5e93bcf7e7,6700,cotia,SP,4.053252314814815,10.231956018518519,0,33.17
5190f963681eb5a3db66961c4fa05a66,2e6d1249c2afaeff7e64fc0a7f4e3e8b,delivered,2017-07-10 18:38:10,2017-07-11 10:50:16,2017-07-12 17:27:47,2017-08-01 19:29:29,2017-08-09,112.0,51.91,1,1,163.91,4,1,5.0,1.0,7c7a3e75a07057d6e7e5ef9989d38f13,64009,teresina,PI,22.035636574074076,29.22349537037037,0,163.91
2f655d9169f2159a439e96af86d28c12,2054e51b51d3fb89f5a3cc798fa4b2d7,delivered,2017-07-10 18:52:21,2017-07-10 19:05:13,2017-07-11 13:39:42,2017-07-18 19:39:38,2017-08-08,499.9,20.75,1,1,520.65,5,1,5.0,1.0,9a35a087e9b5bc3308a27c46377e71d4,84025,ponta grossa,PR,8.032835648148149,28.213645833333334,0,520.65
6a2979d48eda14bfbe2d632638ae16a2,5da033622290ece3ae580551684fe3f4,delivered,2017-07-10 18:53:59,2017-07-10 19:05:17,2017-07-13 19:22:40,2017-07-31 19:27:53,2017-08-07,179.8,30.76,2,1,210.56,1,1,5.0,1.0,c4295b913119b04f3c9d28a7bfd524f1,73752,planaltina,GO,21.023541666666667,27.212511574074075,0,210.56
8cf934bd823646de5fc0daf4d918c396,a7f53b7c2c022eacdc998a7649746c1b,delivered,2017-07-10 19:10:58,2017-07-12 02:15:24,2017-07-12 16:37:30,2017-07-18 19:07:28,2017-07-31,213.0,14.51,1,1,227.51,1,1,5.0,1.0,ac61b6e29b8b0cc7d5323998f3a84cc1,13567,sao carlos,SP,7.997569444444444,20.200717592592593,0,227.51
627c1c31327bda6f11b5e7c613f1d366,75e6c4cd1f1a7a1b4e1ffbc53a3942ee,delivered,2017-07-10 19:32:51,2017-07-10 19:45:15,2017-07-11 20:06:30,2017-07-17 17:13:45,2017-08-01,109.94999999999999,70.5,5,1,180.45,1,1,4.0,1.0,164ac08c481020ea7f994bab2309b647,22290,rio de janeiro,RJ,6.903402777777778,21.18552083333333,0,180.45
c8d07bf0161cd0a2aacc163c238f397e,e312f3c85be577c566c09d776b380735,delivered,2017-07-10 19:37:07,2017-07-10 19:50:17,2017-07-11 16:57:41,2017-07-13 19:32:20,2017-07-28,220.63,14.56,1,1,235.19,6,1,5.0,1.0,b4afb55d2d38d9bbe0b83ec108c3e77e,3733,sao paulo,SP,2.996678240740741,17.18255787037037,0,235.19
9fa022506ea0764d8987a060dd6cd2a6,b6879da0a2a2bc9a35e015cbde01a51a,delivered,2017-07-10 19:41:28,2017-07-12 02:10:15,2017-07-18 19:42:50,2017-07-27 20:27:54,2017-08-08,46.2,16.11,1,1,62.31,1,1,5.0,1.0,91d566fccdd231e7906ae7f87b823f6b,35860,conceicao do mato dentro,MG,17.03224537037037,28.179537037037036,0,62.31
e64219e0a4f33d57e6dbb217dfa73564,4e83b4767a9e236160d15120d8972b5f,delivered,2017-07-10 19:54:59,2017-07-10 20:05:15,2017-07-11 17:13:37,2017-07-14 20:09:58,2017-07-31,34.99,11.85,1,1,46.84,4,1,5.0,1.0,9c090ae4f7d8fbc668bb7296296d6b78,14784,barretos,SP,4.010405092592593,20.17015046296296,0,46.84
7208ed743ba6f3fb18b053cceca90240,37fa50b0a70463d905d00496703b997d,delivered,2017-07-10 19:58:16,2017-07-10 20:15:19,2017-07-11 18:07:44,2017-07-14 20:05:56,2017-08-01,34.9,15.1,1,1,50.0,1,1,5.0,1.0,8e2055281d566229b5926cb77be54f81,38414,uberlandia,MG,4.005324074074074,21.16787037037037,0,50.0
2f4fd11540a5bce987fa7ca6204081e0,e997c13467c0068a2483d7472151fc31,delivered,2017-07-10 19:59:51,2017-07-11 20:05:31,2017-07-14 20:04:25,2017-07-17 18:32:20,2017-07-21,126.99,14.49,1,1,141.48,2,1,5.0,1.0,f299bbcc3c38fbc18e53fe0f68b85f77,2970,sao paulo,SP,6.939224537037037,10.166770833333333,0,141.48
0755976647cbb58f1c4aeabeed997490,c056ec712e18300c0e2d49101fca0a80,delivered,2017-07-10 20:00:48,2017-07-10 20:15:14,2017-07-11 18:09:33,2017-07-31 11:23:45,2017-08-11,42.9,37.9,1,1,80.8,4,1,5.0,1.0,d46f760de99326ea2d7e1621d7075ed2,76948,castanheiras,RO,20.6409375,31.16611111111111,0,80.8
93b94a19e5546ce4eac9c4eac62f5465,d7dd2b2a9644847e092a739891e4697e,delivered,2017-07-10 20:07:27,2017-07-11 06:43:43,2017-07-11 17:34:39,2017-08-10 20:17:55,2017-07-21,149.99,9.42,1,1,159.41,1,1,1.0,1.0,d1f9cf38f9bfd1f782129bfea07c79cf,25510,sao joao de meriti,RJ,31.00726851851852,10.161493055555555,1,159.41
f503bf4df121d79cc4907029e84dc441,0813bcd454657bb8511c54f0c95ca36a,delivered,2017-07-10 20:14:01,2017-07-12 02:24:25,2017-07-13 14:36:29,2017-07-18 17:53:35,2017-07-21,117.3,14.43,1,1,131.73,1,1,5.0,1.0,4b92d79a2c7ff2692db35ae984ceff1f,7500,santa isabel,SP,7.902476851851852,10.15693287037037,0,131.73
33dc48eb58efc42018bce39ab27ea6d8,104e86b8ab1dbebbcf0da2958de6aa65,delivered,2017-07-10 20:14:18,2017-07-10 20:25:13,2017-07-14 19:47:49,2017-07-26 22:04:21,2017-08-11,24.9,11.85,1,1,36.75,1,1,5.0,1.0,2b9eea18620bf32a0810898c180f9ddd,4065,sao paulo,SP,16.07642361111111,31.156736111111112,0,36.75
53f4a393eb9126386cfc207f1aa6ac34,e2b04b6f3c6db2cc2233107af21b8b7b,delivered,2017-07-10 20:18:33,2017-07-11 20:35:10,2017-07-12 16:52:17,2017-07-20 19:07:27,2017-08-01,180.0,16.01,1,1,196.01,1,1,1.0,1.0,e664e17fa897fc345bb97661a57a910b,35500,divinopolis,MG,9.950625,21.153784722222223,0,196.01
51ad0046ea33a9c6f8835234fc73b8c3,dac9b9aa3863b89ec71d38061e4f4957,delivered,2017-07-10 20:19:26,2017-07-10 20:30:17,2017-07-11 17:28:59,2017-07-21 18:17:31,2017-08-03,99.0,16.45,1,1,115.45,4,1,5.0,1.0,9b0fdf77ff6853bcd1e683c4f29a1997,30285,belo horizonte,MG,10.915335648148147,23.153171296296296,0,115.45
7cd48500c7fb8fb359e9b91fbb2a23e5,f272f062d84c339be94ffff26f582723,delivered,2017-07-10 20:27:30,2017-07-10 20:43:36,2017-07-12 15:54:26,2017-07-14 18:56:32,2017-07-28,59.9,13.44,1,1,73.34,2,1,4.0,1.0,f109289e6091dc0c7ae788b82b7a2a90,84345,ventania,PR,3.9368287037037035,17.147569444444443,0,73.34
3a77a7ed1713621145e55291dc896c5d,56b7d186949bcc60a3f5a730adc5fb4f,delivered,2017-07-10 20:31:05,2017-07-10 22:30:07,2017-07-11 11:51:47,2017-07-20 19:23:08,2017-08-11,139.9,33.43,1,1,173.33,3,1,5.0,1.0,f08bb7f023516fc8b2c0342113a69b74,60831,fortaleza,CE,9.9528125,31.145081018518518,0,173.33
008eaf9004164883520d0bd32b107261,b2a65630374da38ec0653226f3ea4dbb,delivered,2017-07-10 20:42:56,2017-07-12 02:10:13,2017-07-14 13:47:42,2017-07-21 20:34:41,2017-08-08,135.9,21.44,1,1,157.34,1,1,5.0,1.0,b7eccb8247dce2f986bc667143eb475e,21625,rio de janeiro,RJ,10.994270833333333,28.13685185185185,0,157.34
38639a0e5f4778171fd90e2233972555,2d76ccbc1cecea0ffef654de59923d87,delivered,2017-07-10 20:47:49,2017-07-10 21:05:06,2017-07-13 22:07:39,2017-07-21 21:52:31,2017-08-01,25.9,13.37,1,1,39.27,1,1,5.0,1.0,fd48945800d023ec3d37e7a7298f0cb5,37540,santa rita do sapucai,MG,11.044930555555556,21.133460648148148,0,39.269999999999996
81fe59dfdb8538cc9b604380742323e4,a99e22216fc57bff861e77c5bcd0707c,delivered,2017-07-10 20:50:35,2017-07-12 02:15:28,2017-07-13 12:54:25,2017-07-21 19:38:41,2017-08-03,69.9,17.74,1,1,87.64,1,1,4.0,1.0,dba601832ddca6294b4de3df7bb7662a,12289,cacapava,SP,10.950069444444445,23.131539351851853,0,87.64
673426deedf113369fd0f139e97ed084,133cb7dc019947e49b9541c6c2795ac8,delivered,2017-07-10 20:58:17,2017-07-12 02:10:49,2017-07-17 10:27:56,2017-07-28 19:03:09,2017-08-14,130.0,34.71,1,1,164.71,1,1,5.0,1.0,f9704cfe97e0f31474c90f255b834511,76900,ji-parana,RO,17.920046296296295,34.12619212962963,0,164.71
8ea4a5894120c659405242f39659da6c,817692febe7ce519bfcf6b70629b6601,delivered,2017-07-10 21:03:17,2017-07-10 21:45:12,2017-07-17 19:27:43,2017-07-20 17:52:00,2017-07-28,45.0,11.85,1,1,56.85,2,1,4.0,1.0,dd75c5fdf04d764d9a3ae10f029c5091,6535,santana de parnaiba,SP,9.867164351851851,17.122719907407408,0,56.85
f1208c0ad97a9de898809def9cc34d7f,3926fa22f9c8f52e376682d14bdb0f30,delivered,2017-07-10 21:12:54,2017-07-10 21:45:11,2017-07-11 19:52:36,2017-07-26 10:52:13,2017-08-01,159.0,15.86,1,1,174.86,1,1,5.0,1.0,fca69aabc006a3ebaa32c75de53b5c57,30320,belo horizonte,MG,15.568969907407407,21.116041666666668,0,174.86
777bf4670edce6de8fa9aa0b68b57b28,b9b977b5750b820d527dd864ed74c4c1,delivered,2017-07-10 21:20:01,2017-07-10 21:45:16,2017-07-12 21:33:13,2017-07-21 19:52:15,2017-08-01,259.0,16.56,1,1,275.56,5,1,5.0,1.0,eceb50042675f24ba84998de4520465d,85955,maripa,PR,10.939050925925926,21.11109953703704,0,275.56
11bd7edbef6a822b220f48085472871b,95a66a1b875e06e6490b4ad49d7ef34b,delivered,2017-07-10 21:36:55,2017-07-10 21:50:20,2017-07-11 23:03:16,2017-07-12 18:05:47,2017-07-21,69.99,11.73,1,1,81.72,8,1,5.0,1.0,4ab50a59734294a04f717d8ce2122c34,6716,cotia,SP,1.8533796296296297,10.099363425925926,0,81.72
3ce8c5cf3d6b4356d90656b6ac73ab9a,4c73c9714637b75675607a0714c0c139,delivered,2017-07-10 21:37:19,2017-07-10 21:55:18,2017-07-21 22:43:32,2017-07-25 19:36:41,2017-08-09,35.0,11.85,1,1,46.85,2,1,5.0,1.0,0c85013ac2f907200089cd3461382a06,13563,sao carlos,SP,14.916226851851851,29.099085648148147,0,46.85
f13f5fdf45611c82c2e37a20c065ddd1,20256d1b88643a4f8efaae9213d04da5,delivered,2017-07-10 21:41:19,2017-07-10 21:55:24,2017-07-11 18:24:36,2017-07-25 20:47:47,2017-08-09,79.9,35.88,1,1,115.78,1,1,5.0,1.0,ce8ba371d325ce2856f4ef4c99737d7d,44002,feira de santana,BA,14.962824074074074,29.09630787037037,0,115.78
5c5e60b90539d3fdf6ea923f19567ee5,b788c2713f6006ca6b7dcf181ee831fe,delivered,2017-07-10 21:55:45,2017-07-11 03:50:43,2017-07-11 18:17:53,2017-07-12 17:03:32,2017-07-24,20.9,7.78,1,1,28.68,1,1,5.0,1.0,047ade39673d74bcd42b8c0e7bc9666f,4115,sao paulo,SP,1.7970717592592593,13.086284722222222,0,28.68
343146b92daf167255eed8e706a25d2d,fa087a55fc5440e1c1d55438c2cf7890,delivered,2017-07-10 22:08:53,2017-07-10 22:23:29,2017-07-12 19:57:56,2017-07-17 14:58:06,2017-07-28,19.9,11.85,1,1,31.75,3,1,5.0,1.0,914109f0341b3d9ef93293a76c1fb5c2,3728,sao paulo,SP,6.700844907407407,17.077164351851852,0,31.75
95c8f9cfbfbc4726a1a3f3405b1ae666,af7f6c91d4cd411589ac2e001c331dc6,delivered,2017-07-10 22:17:20,2017-07-12 02:10:13,2017-07-12 20:13:53,2017-08-16 17:53:02,2017-08-11,139.0,29.37,1,1,168.37,1,1,4.0,1.0,57f8b22229a95e19ecbd350288d76f34,68540,conceicao do araguaia,PA,36.81645833333334,31.071296296296296,1,168.37
6a843358bc668f6e6b3c4b13de5e1b33,26e3c68ac33db7ab2b257c9c35c23752,delivered,2017-07-10 22:28:33,2017-07-10 22:43:30,2017-07-17 12:59:44,2017-07-19 13:34:02,2017-07-21,17.99,7.78,1,1,25.77,2,1,4.0,1.0,031ea691b99fc101dcad357d1a83573f,5883,sao paulo,SP,8.62880787037037,10.063506944444445,0,25.77
2dd878438308a6896f7a9f44d4343435,a9bd6d17cb367daff2ba7de9646e00ed,delivered,2017-07-10 22:29:10,2017-07-10 22:43:35,2017-07-11 17:07:32,2017-07-24 19:27:59,2017-08-07,258.3,16.57,1,1,274.87,3,1,5.0,1.0,1d84d49592b8d6db9e1325f4b831431b,74340,goiania,GO,13.87417824074074,27.063078703703702,0,274.87
76aed3603faee7c84cb4b6857f655a9e,de5544ef599ba27f6a6467cc981e9fd8,delivered,2017-07-10 22:36:42,2017-07-12 00:45:08,2017-07-14 20:49:42,2017-07-20 12:13:59,2017-07-21,109.9,9.51,1,1,119.41,10,1,5.0,1.0,5b30522b5d840bd700962383ab8758cc,7752,cajamar,SP,9.56755787037037,10.057847222222222,0,119.41000000000001
066daea9ca27bdce0b0ef5e832427b6d,027c4c1a7778f45a3c7837db8144b65c,delivered,2017-07-10 22:39:00,2017-07-10 22:50:24,2017-07-11 19:22:49,2017-07-17 20:33:47,2017-07-28,29.49,11.85,1,1,41.34,2,1,5.0,1.0,c73b45592359a5b6a1a116d26c1c4e68,14065,ribeirao preto,SP,6.913043981481482,17.05625,0,41.339999999999996
d9fee3504f55226ed8e155bdc0a36a06,d247c3419a9aa4ec6ca6fd6ae2fa24fb,delivered,2017-07-10 22:41:55,2017-07-10 22:55:17,2017-07-13 15:51:43,2017-07-27 15:16:51,2017-08-09,179.9,17.7,1,1,197.6,5,1,5.0,1.0,a5435b46270f8d38b6fb22205426a32c,45900,caravelas,BA,16.690925925925924,29.054224537037037,0,197.6
f553b61e2a7f6dc62c5f8de4ffb4a031,3651eda190f21d4aa9cdee8c5860dde1,delivered,2017-07-10 22:58:20,2017-07-10 23:10:18,2017-07-13 15:51:42,2017-07-28 21:17:58,2017-08-03,179.9,15.01,1,1,194.91,1,1,4.0,1.0,2bc8fe8dd2b31bb2bb7601ca808b33e4,92310,canoas,RS,17.930300925925927,23.042824074074073,0,194.91
fc9ba70734085a86473b191412439627,2805447663b020f9856bf71f181193ac,delivered,2017-07-10 23:13:44,2017-07-10 23:25:09,2017-07-13 12:10:10,2017-07-26 13:12:53,2017-08-03,119.8,33.72,2,1,153.52,6,1,1.0,1.0,47f30938ac911d5eed1347c6ea4afd5b,26584,mesquita,RJ,15.582743055555556,23.03212962962963,0,153.51999999999998
92334fdb7655bac1a99685a2a4c09d25,ca3287cb9c0f12ead0bba50eecfd5c2e,delivered,2017-07-10 23:17:32,2017-07-10 23:25:08,2017-07-13 12:14:40,2017-07-19 21:56:39,2017-08-01,89.9,17.88,1,1,107.78,8,1,5.0,1.0,47e7d9ba326a882d204fcba0bc310835,20250,rio de janeiro,RJ,8.943831018518518,21.02949074074074,0,107.78
7ffcf0c67ae44cd430cf6dae850cb79b,a0000ce2fe61df5f6fbf6d47eecef0b4,delivered,2017-07-10 23:18:33,2017-07-10 23:30:13,2017-07-21 22:43:31,2017-08-02 20:54:32,2017-08-08,29.99,14.1,1,1,44.09,1,1,5.0,1.0,11f0bc85ae382fbd868f943ff5f6d927,91720,porto alegre,RS,22.899988425925926,28.028784722222223,0,44.089999999999996
e62912b263a0f5d857c4bc391a058bd7,e5d894674c4196c5e5bec079f7bf333d,delivered,2017-07-10 23:21:48,2017-07-11 00:43:32,2017-07-11 18:56:30,2017-08-02 19:40:23,2017-08-03,106.9,19.99,1,1,126.89,1,1,5.0,1.0,3723a7d0f3e94f89a699345a24207e8f,73700,padre bernardo,GO,22.846238425925925,23.026527777777776,0,126.89
709c6595b82e501a8c6a767b30aaefbb,8e036358b5575b6c70773af8496ec5b4,delivered,2017-07-10 23:25:48,2017-07-10 23:43:19,2017-07-11 18:32:02,2017-07-25 22:48:03,2017-08-01,49.9,14.1,1,1,64.0,2,1,3.0,1.0,9fd53f72f6708f4ca3bb4ae749f883ae,33200,vespasiano,MG,14.973784722222222,21.02375,0,64.0
8d9341adb50a81fee7dd3480e9f34c2a,1ee0463373450df45e0eb902fd7e066e,delivered,2017-07-10 23:46:29,2017-07-10 23:55:15,2017-07-12 18:46:10,2017-07-13 18:29:13,2017-07-25,95.03,16.98,2,2,112.01,5,1,4.0,1.0,22d64c509a1b9ce57345c62df274e772,1032,sao paulo,SP,2.779675925925926,14.009386574074075,0,112.01
9b17ed1512fbdda27807b8f2f5de6584,fae59c665a33d4343581973b75e1de5f,delivered,2017-07-10 23:50:38,2017-07-12 02:10:12,2017-07-13 19:06:06,2017-07-28 22:32:33,2017-08-02,102.0,15.46,1,1,117.46,1,1,5.0,1.0,323400aebd4890a3f07d13b995b36d60,31585,belo horizonte,MG,17.945775462962963,22.006504629629628,0,117.46000000000001
bb0c84a759545be3fa2155ad0d43444d,29f0a8c1652a2f41c810820767c688da,delivered,2017-07-11 00:12:48,2017-07-12 07:15:09,2017-07-13 17:06:04,2017-07-14 16:32:30,2017-07-26,205.0,15.04,1,1,220.04,3,1,5.0,1.0,33490faf8baed348c792ac23f8184488,1524,sao paulo,SP,3.680347222222222,14.991111111111111,0,220.04
8932f7d67eec4b3ed9a4d5ae0b30e06a,7efa4ffd3323a20dde6d1b3fd22c1152,delivered,2017-07-11 00:36:03,2017-07-11 00:50:11,2017-07-13 13:47:54,2017-08-01 19:33:51,2017-08-14,149.99,43.08,1,1,193.07,5,1,1.0,1.0,5e48d718af7ce9cfb2ca5a9b2ca2b8dd,98960,santo cristo,RS,21.79013888888889,33.97496527777778,0,193.07
a83bbd7210fc35296b93c16a48be49b8,1a760c39f66b1b47fe6812876b945e48,delivered,2017-07-11 00:39:48,2017-07-11 00:50:14,2017-07-12 16:44:26,2017-07-17 19:07:27,2017-08-08,50.0,16.6,1,1,66.6,3,1,5.0,1.0,1f158aaee60e88bec053b05d2224cda4,20271,rio de janeiro,RJ,6.769201388888889,27.972361111111113,0,66.6
2934b40bb9305d3b5d74747be3181435,9a6f678fd57a40dc5010a7651ef0b916,delivered,2017-07-11 00:54:27,2017-07-11 01:05:12,2017-07-11 20:12:52,2017-07-12 19:52:04,2017-07-24,182.0,12.48,1,1,194.48,10,1,5.0,1.0,47af48035b043521ae27cb5061276ee1,1405,sao paulo,SP,1.790011574074074,12.9621875,0,194.48
2283bc123debf0264cfbdef89f109122,09a8e8def9850cfe020c94330814ce94,delivered,2017-07-11 01:33:33,2017-07-11 01:45:07,2017-07-14 21:39:57,2017-07-26 03:12:23,2017-08-04,109.9,15.52,1,1,125.42,4,1,5.0,1.0,a063b616094aedb793893b38ad6ef6f5,96760,tapes,RS,15.068634259259259,23.935034722222223,0,125.42
8f22c3d28fe3bfa49067957987c0c8d1,d626b7d4e374e8e96902429982a7348a,delivered,2017-07-11 02:01:16,2017-07-11 02:15:06,2017-07-11 21:14:37,2017-07-14 21:17:14,2017-08-09,270.69,55.65,4,3,326.34,10,1,1.0,1.0,9f15c64a6078b40c97b3a742c8677b2e,11609,sao sebastiao,SP,3.8027546296296295,28.91578703703704,0,326.34
ad299d950f0e7f4950182f81129885f4,eec2811dcd6156a2bf056eadf1e6dc5f,delivered,2017-07-11 02:02:05,2017-07-12 08:15:15,2017-07-14 19:51:36,2017-07-26 18:45:55,2017-08-04,114.97,45.26,1,1,160.23,3,1,5.0,1.0,1d26faedb5e470f9fc8d3d0ef852b199,70673,brasilia,DF,15.697106481481482,23.91521990740741,0,160.23
79d6c28185a5be065bf1931dc36a289b,a8855786ce866e5aa1bf16a510c812f4,delivered,2017-07-11 03:13:34,2017-07-12 02:24:06,2017-07-19 18:26:57,2017-07-26 14:47:40,2017-08-02,89.9,15.38,1,1,105.28,1,1,5.0,1.0,01c15633aa5baf9c6d2685354fd82747,20261,rio de janeiro,RJ,15.482013888888888,21.865578703703704,0,105.28
e94197623546186601aa880a31269468,14186c553b29f6df953ead9fff17bd4d,delivered,2017-07-11 07:53:49,2017-07-13 02:50:21,2017-07-14 15:36:40,2017-07-17 18:48:08,2017-07-25,54.99,11.73,1,1,66.72,1,1,4.0,1.0,35e9d2caa31b87cc3d1ad10d72271140,7252,guarulhos,SP,6.454386574074074,13.670960648148148,0,66.72
ba8b7845d823368d4400a8ecc26333ac,0050b4dd994efa94b2cd3210e4cecf32,delivered,2017-07-11 08:20:00,2017-07-12 02:24:16,2017-07-13 16:17:50,2017-07-20 20:49:41,2017-08-02,132.7,31.68,1,1,164.38,1,1,4.0,1.0,e5ab9d9cc98f8d5befc51f952a44c87b,37026,varginha,MG,9.520613425925927,21.65277777777778,0,164.38
87c4efb4c0e03d492ca4660004846a89,57313dc6058de7ab7fead823b827093b,delivered,2017-07-11 08:42:04,2017-07-12 02:15:11,2017-07-12 17:57:44,2017-07-24 17:43:49,2017-08-10,24.9,12.48,1,1,37.38,1,1,5.0,1.0,a22409cfb73c2603d9215813083785c8,35540,oliveira,MG,13.376215277777778,29.637453703703702,0,37.379999999999995
5d9a4411068892bb475d32879e076e1e,7d8c2899f9095be928b72a16b21a3e03,delivered,2017-07-11 08:57:01,2017-07-11 09:10:13,2017-07-11 18:29:50,2017-07-13 16:37:28,2017-07-31,79.0,13.57,1,1,92.57,2,1,2.0,1.0,29cc8b41698f1b32fd144e4a4f833912,1009,sao paulo,SP,2.3197569444444444,19.62707175925926,0,92.57
224bd0a94ce4f3eeebe2ef447e596863,dffe34ca3527d5eb4d985e7a3ace6b27,delivered,2017-07-11 09:15:43,2017-07-12 02:10:47,2017-07-13 19:24:39,2017-07-21 17:27:56,2017-08-02,16.99,12.48,1,1,29.47,1,1,4.0,1.0,ea2a4a14c49ad9a9d64d2b7f91f0c293,15800,catanduva,SP,10.34181712962963,21.614085648148148,0,29.47
4b71e4e408d1d7ba09ce9de51e198215,998e0a6e4c2bdd6ef176b7da7fb2e48e,delivered,2017-07-11 09:24:34,2017-07-12 07:15:10,2017-07-14 18:42:30,2017-07-18 19:16:03,2017-08-04,31.9,16.79,1,1,48.69,4,1,3.0,1.0,ebd5d504ff7fc3f189715f494d7f9a96,87023,maringa,PR,7.410752314814815,23.607939814814817,0,48.69
8d812dbf931bbd85b3b5b528b75ef9bb,498ace7478636fb1bea4357fb62a30c6,delivered,2017-07-11 09:29:14,2017-07-11 09:43:10,2017-07-12 12:42:59,2017-07-18 21:10:11,2017-08-10,91.8,32.22,2,1,124.02,2,1,4.0,1.0,6bb7418cb646c318b0b970efa5937287,83820,fazenda rio grande,PR,7.486770833333333,29.604699074074073,0,124.02
d0c74e12dbbf527b5557190c591ac98c,688f35cb57847aae242f01cac66e6137,delivered,2017-07-11 09:31:56,2017-07-11 14:30:21,2017-07-13 16:13:33,2017-07-17 19:23:45,2017-07-26,52.9,9.27,1,1,62.17,1,1,5.0,1.0,39e7e12f9686e91e6d62ca2b4a96926c,5319,sao paulo,SP,6.410983796296296,14.602824074074075,0,62.17
82d8553c3dd123ec5e37807edc69fc76,f1c9c06e1b19e18a14c43420d281d1c4,delivered,2017-07-11 09:34:40,2017-07-13 02:50:14,2017-07-13 14:45:46,2017-07-25 19:47:17,2017-08-04,59.9,16.99,1,1,76.89,1,1,5.0,1.0,6e77012224e6cb06ac3bab81aa8d8fe4,23040,rio de janeiro,RJ,14.425428240740741,23.600925925925925,0,76.89
d1749cbe74d71c33859e8acbdcbc2aeb,8718a039a914dc16e203ae3afddce0e2,delivered,2017-07-11 09:35:13,2017-07-11 09:45:17,2017-07-13 18:12:22,2017-07-26 10:42:42,2017-08-02,12.9,12.48,1,1,25.38,1,1,5.0,1.0,5999fc8a10a02339f6c58946ce0657ef,14407,franca,SP,15.046863425925926,21.600543981481483,0,25.380000000000003
07429f7601b56a66d1854c79a2f5c9e5,aa9f03ecd3728c9bd12e6d962c66c7cb,delivered,2017-07-11 09:36:46,2017-07-11 09:50:30,2017-07-11 19:42:28,2017-07-21 20:06:22,2017-08-04,199.94,32.28,2,1,232.22,5,1,5.0,1.0,b03e9d9818ee170e9d6b983803c7d406,75388,trindade,GO,10.437222222222223,23.599467592592593,0,232.22
f126672370e29ca70e98d927eabcadfd,68cb6cde7bee6b378e8a753cf8e5c9b9,delivered,2017-07-11 09:48:41,2017-07-11 10:03:59,2017-07-12 18:46:09,2017-07-14 17:47:46,2017-07-24,39.9,8.72,1,1,48.62,2,1,5.0,1.0,e45d6f205ed85214a68124f51fd966e0,7190,guarulhos,SP,3.3326967592592593,12.59119212962963,0,48.62
3e65f930729bc14824ce41dc1e8084d1,bbd2d195aa7eaf73da52f0095c5c1fe7,delivered,2017-07-11 09:55:09,2017-07-11 10:10:15,2017-07-12 19:04:01,2017-07-21 20:03:21,2017-08-09,199.0,26.67,1,1,225.67,5,1,4.0,1.0,5ad31e19d737a51f803e6986bbd119ff,85010,guarapuava,PR,10.422361111111112,28.58670138888889,0,225.67000000000002
d8ab6e868995a618b7abea3119b56789,1b5f6923fe2ad022f3b10073aadf4c12,delivered,2017-07-11 09:59:10,2017-07-11 10:10:13,2017-07-11 19:32:21,2017-07-18 20:54:47,2017-08-04,71.9,18.07,1,1,89.97,1,1,5.0,1.0,c5b175cd6fc8392e789c8f0410519617,26050,nova iguacu,RJ,7.455289351851852,23.583912037037038,0,89.97
d3d3517767529dd0eb9e27a460be3497,29db75acc596d546418ba355b0d7293e,delivered,2017-07-11 10:06:44,2017-07-13 02:56:20,2017-07-13 21:05:54,2017-07-25 20:45:02,2017-08-02,114.9,20.04,1,1,134.94,1,1,2.0,1.0,8a41984b859c987000af5060ffa492ae,29930,sao mateus,ES,14.44326388888889,21.57865740740741,0,134.94
6a98e607278ee9f5ad38602191a60843,b3087d7feca1d902e69cc648e2ca2af2,delivered,2017-07-11 10:11:50,2017-07-11 10:23:41,2017-07-14 17:37:49,2017-08-09 19:51:51,2017-08-10,270.0,24.76,1,1,294.76,1,1,5.0,1.0,4a81aadab545364a8385a6b8459edfa8,48060,alagoinhas,BA,29.40278935185185,29.575115740740742,0,294.76
bacfb12b369a42b37e0246c786bf4637,d1ecae988f85309f883f1769e625b565,delivered,2017-07-11 10:15:47,2017-07-13 02:55:59,2017-07-13 17:47:28,2017-07-17 17:19:53,2017-08-04,268.0,105.9,2,1,373.9,1,1,4.0,1.0,e1b1d16249046597bdab717ed54c3bdb,29055,vitoria,ES,6.294513888888889,23.572372685185186,0,373.9
ad29d62dc7e0a18661b20a1ad16217bd,4573cafdc710733ba3ac33f2293667ad,delivered,2017-07-11 10:16:34,2017-07-11 10:25:13,2017-07-14 17:02:54,2017-07-27 11:44:57,2017-08-02,28.9,16.11,1,1,45.01,1,1,5.0,1.0,a01cd3babae6cb01833af5e5f668bfe2,24746,sao goncalo,RJ,16.061377314814816,21.571828703703705,0,45.01
d65ec1b28617b16c0747b22c49a979a6,e1ba80d5d49d251337ef5275b6550336,delivered,2017-07-11 10:37:24,2017-07-11 10:50:26,2017-07-12 17:42:03,2017-07-22 15:44:32,2017-08-11,54.0,27.76,1,1,81.76,8,1,4.0,1.0,51372d3b504e405b6fd5f94b0bb362c7,78028,cuiaba,MT,11.213287037037038,30.55736111111111,0,81.76
0922ee1619de7b995648e5a8407afb91,8dab637615e9eae6d33ef5e48644d6d3,delivered,2017-07-11 10:45:44,2017-07-11 10:55:15,2017-07-14 12:41:34,2017-07-12 20:49:42,2017-08-14,204.8,44.29,2,2,249.09,5,1,1.0,1.0,4f390e1c2c37c847e3c6aaa76121aa0d,4726,sao paulo,SP,1.4194212962962962,33.551574074074075,0,249.09
c72888e51a36defb7b5d49201fcbccf7,c3cd86c3cbac654f8558a8286ba93c1c,delivered,2017-07-11 10:45:57,2017-07-11 10:55:14,2017-07-11 19:14:48,2017-07-19 17:27:43,2017-08-04,119.99,27.16,1,1,147.15,1,2,5.0,1.0,d8b80a0bd7560fab10e804f36d99fe33,90220,porto alegre,RS,8.279004629629629,23.55142361111111,0,147.15
e549600509a13c599199c6fa86fa836a,04f8b1896b14f1a769b778682468b42b,delivered,2017-07-11 11:03:31,2017-07-12 02:15:42,2017-07-14 15:41:43,2017-07-20 16:23:53,2017-08-02,279.9,15.71,1,1,295.61,1,1,5.0,1.0,a013d464e12f7ff79241c06ff7b9f85a,22040,rio de janeiro,RJ,9.222476851851852,21.539224537037036,0,295.60999999999996
35ae4b5e235b60c40502a1a5cab8f2c3,4d24fe94ae4785cfb2ccc99c7e6e310b,delivered,2017-07-11 11:12:29,2017-07-11 11:24:06,2017-07-11 15:44:51,2017-07-18 21:28:45,2017-08-02,139.0,13.1,1,1,152.1,3,1,5.0,1.0,49ca659663f9c3ee05e860741055d504,1541,sao paulo,SP,7.427962962962963,21.532997685185187,0,152.1
57caee5837cc4a8f605f3a83bff208db,3529b35e86160baf0aa22a9770420250,delivered,2017-07-11 11:22:43,2017-07-11 11:30:28,2017-07-14 14:06:45,2017-07-26 10:44:33,2017-08-14,299.0,26.93,1,1,325.93,10,1,1.0,1.0,0010a452c6d13139e50b57f19f52e04e,95611,taquara,RS,14.97349537037037,33.5258912037037,0,325.93
59448c2e076491032bae1cb956f03ceb,065c7937ffd166df6521e1008403ffd0,delivered,2017-07-11 11:28:31,2017-07-11 11:45:20,2017-07-13 16:13:31,2017-07-18 02:37:29,2017-07-26,59.9,12.48,1,1,72.38,3,1,4.0,1.0,2b1a443295eb2104e29e060cfc7faf4b,2223,sao paulo,SP,6.631226851851852,14.521863425925925,0,72.38
369736d4fdf5f12b5b823fe2abb3e485,20f2452267f6c154ded2085fb3b55234,delivered,2017-07-11 11:28:45,2017-07-11 11:45:23,2017-07-11 18:43:38,2017-07-14 20:29:38,2017-07-31,59.9,12.76,1,1,72.66,3,1,5.0,1.0,54207f53e2c739bea2ecf9d4c06978f1,14850,pradopolis,SP,3.375613425925926,19.52170138888889,0,72.66
c429015a547bb07b324a714d0800f1be,c6a209a9cae13f4768c11cb3812740be,delivered,2017-07-11 11:32:28,2017-07-11 11:45:21,2017-07-20 20:44:33,2017-07-28 19:33:11,2017-08-10,119.99,30.68,1,1,150.67,3,1,5.0,1.0,61097dc6883dd5e075fa2fb36ada4875,73251,brasilia,DF,17.33383101851852,29.51912037037037,0,150.67
35e41c28433f3cea03fb0cdf48cf0175,ba86228f05ae8027b0291ba22d935fba,delivered,2017-07-11 11:39:32,2017-07-11 12:04:28,2017-07-14 20:03:28,2017-08-03 22:07:50,2017-08-24,24.9,16.79,1,1,41.69,1,1,5.0,1.0,d3a9c4d22f2231330774954f4e5cc92a,45602,itabuna,BA,23.436319444444443,43.514212962962965,0,41.69
3453f6956295695e0125cf11b651bce7,feda036b332e007a11cb6399f3bbb806,delivered,2017-07-11 11:47:04,2017-07-11 12:10:24,2017-07-12 19:04:01,2017-07-20 17:26:09,2017-08-09,199.0,26.67,1,1,225.67,3,1,4.0,1.0,5ad31e19d737a51f803e6986bbd119ff,85010,guarapuava,PR,9.235474537037037,28.50898148148148,0,225.67000000000002
c25173539a29a9b22d85fefd55e89a85,4b6c2bd9ec09807a1c830a493dae08f1,delivered,2017-07-11 11:50:22,2017-07-11 12:15:12,2017-07-13 21:54:58,2017-07-19 18:03:41,2017-07-26,120.80000000000001,21.73,2,2,142.53,10,1,4.0,1.0,a9cbfa23147008f9a779f536022c7f24,13050,campinas,SP,8.259247685185185,14.506689814814814,0,142.53
0de497b1f069927c15c241a833bb67d0,49a385b4c7bfe2a0c2e12220bb169dab,delivered,2017-07-11 11:56:29,2017-07-11 12:23:45,2017-07-14 17:51:37,2017-07-26 18:43:53,2017-08-04,320.0,19.49,1,1,339.49,1,1,5.0,1.0,7725ee39818a24b0127ee4d6a6fba237,4363,sao paulo,SP,15.282916666666667,23.502442129629628,0,339.49
098899a1fca44446ebcd6eb00297d33b,def27cdf0c08b8b1f35fb84d3859a5be,delivered,2017-07-11 11:59:31,2017-07-11 12:23:41,2017-07-13 16:13:33,2017-07-19 16:07:48,2017-08-04,209.9,26.31,1,1,236.21,10,1,5.0,1.0,3b70fbccff132949ea1bea0dcf302135,90130,porto alegre,RS,8.172418981481481,23.50033564814815,0,236.21
7575f0c5a89cdb0c577224d9efde0266,1f9f966dbeb3547e8bef580b321992ad,delivered,2017-07-11 12:10:10,2017-07-11 12:45:18,2017-07-11 19:33:53,2017-07-19 21:51:47,2017-08-04,54.9,14.13,1,1,69.03,2,1,5.0,1.0,719f18245d86356b20dbfc6ebff6498d,20511,rio de janeiro,RJ,8.403900462962962,23.492939814814815,0,69.03
79aba1aabcd2384589da97533c60c626,4afb263f3cd7a3e3d2dcd5bd3bcdb606,delivered,2017-07-11 12:11:51,2017-07-11 13:10:14,2017-07-13 19:11:53,2017-07-22 11:07:37,2017-08-02,69.9,15.24,1,1,85.14,8,1,5.0,1.0,26fa27da838f22e35145038c51c27f78,89801,chapeco,SC,10.955393518518518,21.491770833333334,0,85.14
1b04338248209667c231e726e312c9fd,a74f9046c11424a57efb412e278aa175,delivered,2017-07-11 12:17:53,2017-07-11 12:25:18,2017-07-14 21:54:43,2017-07-20 19:21:45,2017-08-09,195.9,14.39,1,1,210.29,10,1,5.0,1.0,df8a4a3bd7490ea0c639756f43b8a347,4512,sao paulo,SP,9.294351851851852,28.48758101851852,0,210.29000000000002
afa40d3f2980e13e3f7df71f881074e6,aef8ddfeb225f0a6077b0764c1d6a9f4,delivered,2017-07-11 12:22:25,2017-07-11 12:30:15,2017-07-13 17:35:55,2017-07-19 17:29:27,2017-07-31,45.8,23.7,2,1,69.5,4,1,5.0,1.0,6d7c7818f631bb1feccbb5aef61592d5,18710,arandu,SP,8.213217592592592,19.48443287037037,0,69.5
6fd1dd6138481494d4b90327ceca7dee,7400c32a9fb8f4924175bba5cf10e030,delivered,2017-07-11 12:26:18,2017-07-12 02:24:56,2017-07-12 19:33:51,2017-07-21 21:22:20,2017-08-02,39.9,14.1,1,1,54.0,1,1,5.0,1.0,5759af06a0cbecbd1787b47c5a615543,30315,belo horizonte,MG,10.37224537037037,21.48173611111111,0,54.0
77ac4951da6c2361c816314422cf20e4,30c5318a68855cc49431b12a237fe8a1,delivered,2017-07-11 12:28:33,2017-07-11 12:43:21,2017-07-12 19:41:41,2017-07-13 18:38:00,2017-07-24,18.9,7.78,1,1,26.68,1,1,5.0,1.0,cb4c4eaff1202e4326028e458372f3e8,2882,sao paulo,SP,2.2565625,12.48017361111111,0,26.68
0dab99a238b965b106fea183eccaee3b,61785716554ceab5dd02f81e6da75309,delivered,2017-07-11 12:41:24,2017-07-11 12:50:23,2017-07-12 15:13:38,2017-07-21 16:47:45,2017-08-02,89.0,14.37,1,1,103.37,2,1,4.0,1.0,2c3a5fa3cac8eab6568cf47c4f7f6624,30190,belo horizonte,MG,10.171076388888888,21.47125,0,103.37
deb733aececa59120f37a6395d57c4c0,d8a9d769f268e4800b019a0d8c2328ae,delivered,2017-07-11 12:53:26,2017-07-11 13:05:13,2017-07-13 21:37:38,2017-07-19 22:06:30,2017-08-04,69.99,16.74,1,1,86.73,3,1,5.0,1.0,e10193dae6c90d2807b69286e1207208,93544,novo hamburgo,RS,8.384074074074075,23.46289351851852,0,86.72999999999999
92a22732300af8e83d6f973c1d000818,1ad2cb5445004208689e51589a5f5e90,delivered,2017-07-11 12:56:57,2017-07-11 13:10:30,2017-07-12 18:12:19,2017-07-22 02:49:36,2017-07-24,59.99,11.73,1,1,71.72,1,1,4.0,1.0,2f70aae877035a68637d064a494c4acc,13183,hortolandia,SP,10.578229166666667,12.460451388888888,0,71.72
14a76254fd8b520137f06d37b1cdb8d2,752a691fe8bb2a1885f8de621bfa903f,delivered,2017-07-11 13:03:27,2017-07-11 13:15:15,2017-07-14 18:15:55,2017-07-26 19:22:02,2017-08-02,147.9,27.36,1,1,175.26,4,1,4.0,1.0,3e266a594121c355b5f30b59a96ad0e3,89136,rodeio,SC,15.262905092592593,21.4559375,0,175.26
ed6ada37adc9a45f54f9378a5b1361a7,88ab1815ff5d0e5dc9078ecb786658c3,delivered,2017-07-11 13:10:00,2017-07-11 14:10:23,2017-07-18 22:56:46,2017-07-27 20:27:52,2017-08-02,44.9,15.1,1,1,60.0,3,1,5.0,1.0,01ed8df97a21e2f15521f9758554b32b,85877,sao miguel do iguacu,PR,16.304074074074073,21.45138888888889,0,60.0
5217f40e1f6e5d799ed9234449ce7c4e,b90f1af77dd345d61cf6a9c542e21811,delivered,2017-07-11 13:18:09,2017-07-11 13:30:13,2017-07-12 17:53:48,2017-07-14 13:22:07,2017-08-07,65.0,11.95,1,1,76.95,1,1,5.0,1.0,b671ab29d777b926df2888d2f56bc1dd,12580,roseira,SP,3.0027546296296297,26.445729166666666,0,76.95
be66cd0bcc6ba78c707158c1c6eb0c09,b8e1a7d855be19f3b096df63e2d2bfb8,delivered,2017-07-11 13:18:28,2017-07-13 02:50:25,2017-07-18 18:17:28,2017-07-24 17:43:00,2017-08-02,31.9,15.1,1,1,47.0,1,1,5.0,1.0,defd7693c381283d13c91fec8cf53c06,11730,mongagua,SP,13.183703703703705,21.44550925925926,0,47.0
b6ac23b0a5a98032edb0d8b1974fca75,225325b542aad694050438f9beed19b6,delivered,2017-07-11 13:24:30,2017-07-11 13:35:14,2017-07-17 21:46:57,2017-07-18 17:49:44,2017-08-03,49.9,7.78,1,1,57.68,2,1,5.0,1.0,176e3cbd090769c2e6fef9f7985fa83e,5346,sao paulo,SP,7.184189814814815,22.441319444444446,0,57.68
746c571ef93dfd0c1ee0a6d4e9d983c7,4d1edb31fa8f56d259895f5d46064753,delivered,2017-07-11 13:28:41,2017-07-12 02:15:42,2017-07-14 16:25:52,2017-07-17 18:58:06,2017-07-24,29.9,7.78,1,1,37.68,1,1,3.0,1.0,33f0cbd496e2d17e19a39524031de5a7,8588,itaquaquecetuba,SP,6.228761574074074,12.438414351851852,0,37.68
fddb24fad8de291576e80726636d7a7f,01a4d2902d92369350f7ea71bd0da273,delivered,2017-07-11 13:32:29,2017-07-12 02:10:39,2017-07-13 18:54:57,2017-07-26 19:42:39,2017-08-10,68.0,17.05,1,1,85.05,1,1,4.0,1.0,7cc17dba063e1c6361e5d87b78b619d0,78030,cuiaba,MT,15.257060185185185,29.43577546296296,0,85.05
fec4d19f04178e4adbe16ebfc8c7ebd7,c5bc16b4d6aca29986d02763ad29edcf,delivered,2017-07-11 13:33:59,2017-07-11 13:45:16,2017-07-12 19:55:53,2017-07-18 17:52:13,2017-08-04,205.0,22.27,1,1,227.27,10,1,5.0,1.0,e147125e46922b887b87bd7131b95322,24435,sao goncalo,RJ,7.179328703703704,23.434733796296296,0,227.27
19025d18b19c3708839cb8d53432255a,cf781d70e640e40bbda23421b23da094,delivered,2017-07-11 13:48:22,2017-07-11 14:03:28,2017-07-11 19:07:31,2017-07-15 14:07:59,2017-07-24,15.33,8.27,1,1,23.6,2,1,5.0,1.0,021a4369c52a67fdaa1a923dada92cf2,13276,valinhos,SP,4.013622685185185,12.42474537037037,0,23.6
10f34fc8a567488225794fc598c3c9f4,a5661a6d66cb30d6b8b162e39ca176bc,delivered,2017-07-11 13:50:28,2017-07-11 14:05:22,2017-07-12 18:13:01,2017-07-19 18:06:44,2017-07-31,129.99,13.93,1,1,143.92,6,1,5.0,1.0,8751ebbb2d446ef38d4cb0b5637d7a6c,19300,presidente bernardes,SP,8.177962962962964,19.42328703703704,0,143.92000000000002
1d5cf40416bcb8a9d98d2f759f9f1839,47c4599db633af989a9d444ba9ddd844,delivered,2017-07-11 13:52:55,2017-07-11 14:05:38,2017-07-11 18:28:02,2017-07-17 16:11:33,2017-08-07,105.0,23.6,1,1,128.6,5,1,5.0,1.0,52c7d7c1f37b0c0772bcebe5fa463b15,17512,marilia,SP,6.096273148148148,26.42158564814815,0,128.6
e2c88417e46c8c861873841204bc5816,5960071fea483782d848faf9ccd0edf9,delivered,2017-07-11 14:08:34,2017-07-12 02:10:22,2017-07-18 19:58:41,2017-07-26 17:17:49,2017-08-02,39.9,15.1,1,1,55.0,1,1,5.0,1.0,dbc15c7715d2a44a2a001c539ed328dd,35162,ipatinga,MG,15.131423611111112,21.410717592592594,0,55.0
19135c945c554eebfd7576c733d5ebdd,1c7a9b908094192a2dfae2819eef249d,delivered,2017-07-11 14:09:37,2017-07-12 02:10:28,2017-07-12 18:24:53,2017-08-16 20:19:32,2017-08-14,8.99,34.15,1,1,43.14,1,1,4.0,1.0,4c538b33d3406cba58b48c10dc66ac2d,68145,medicilandia,PA,36.25688657407407,33.409988425925924,1,43.14
623a8e9b048078646d4f089d9a89acc6,72fc409d07e7a53e2bbde25b6520e178,delivered,2017-07-11 14:17:47,2017-07-11 14:30:18,2017-07-13 20:35:55,2017-07-27 20:33:46,2017-08-14,35.99,17.63,1,1,53.62,1,1,4.0,1.0,d5d1a157a45f00866cb63c66fe534989,60351,fortaleza,CE,16.261099537037037,33.40431712962963,0,53.620000000000005
0e98c70fb06024ae560719cace52421f,b6bfff180f48531b7fe6b45cac2c3c68,delivered,2017-07-11 14:20:11,2017-07-11 14:35:11,2017-07-13 19:22:27,2017-08-29 21:08:07,2017-08-15,49.9,46.88,1,1,96.78,4,1,1.0,1.0,ecebf7f617833b1f6340d2e4982a2bf1,51021,recife,PE,49.283287037037034,34.40265046296296,1,96.78
06c82be9b8551eb37a9b8e7e05dec631,226a2de9b9feb22a76582963ebcf1e96,delivered,2017-07-11 14:27:14,2017-07-11 14:43:41,2017-07-26 03:19:36,2017-08-01 16:17:38,2017-08-02,83.99,16.35,1,1,100.34,3,1,5.0,1.0,570689fc52396f51fa384496fa086618,85950,palotina,PR,21.076666666666668,21.39775462962963,0,100.34
3f62abd470c4d6aecea1ef66a8b2d3f3,b4ad286c394069077cd7a6119c5b3007,delivered,2017-07-11 14:28:06,2017-07-11 14:43:44,2017-07-12 18:41:40,2017-07-19 18:21:52,2017-08-02,79.0,15.3,1,1,94.3,3,1,5.0,1.0,458e98f7db105650a2b7e43fe458fabd,38400,uberlandia,MG,8.162337962962964,21.397152777777777,0,94.3
174a6f88e36eb7f3307cebbc424d032c,5c4987d487bae4f2314177c5dfadad79,delivered,2017-07-11 14:37:46,2017-07-13 03:04:36,2017-07-14 13:32:25,2017-07-17 21:10:07,2017-07-24,152.37,13.02,1,1,165.39,1,1,5.0,1.0,ec794ef24efece043b0c47152a893ae8,17201,jau,SP,6.272465277777778,12.390439814814815,0,165.39000000000001
7416d9c6f5591dce41f59d37ad4bb455,40fa92ce8b219824246c14322273f980,delivered,2017-07-11 14:37:55,2017-07-11 14:50:22,2017-07-14 21:03:55,2017-07-19 16:27:56,2017-07-24,109.9,8.51,1,1,118.41,3,1,5.0,1.0,e2ba2aff97b083863989a4d16384f5a5,12040,taubate,SP,8.076400462962964,12.390335648148149,0,118.41000000000001
cc72c534117f6b66be178c5ac9235adc,df710b0e7d20542f3c29d644be1f20cc,delivered,2017-07-11 14:45:08,2017-07-12 02:15:54,2017-07-12 17:26:55,2017-07-18 21:12:46,2017-08-04,42.9,16.11,1,1,59.01,1,1,5.0,1.0,fcee78b7f020fc29669d7f2390d1b2b0,13040,campinas,SP,7.269189814814815,23.385324074074074,0,59.01
9e13610356ba6774adf5c06c32f8448f,2dfb12dc3644f26d06632a6068eee4ef,delivered,2017-07-11 14:46:59,2017-07-11 14:55:21,2017-07-12 19:51:12,2017-07-14 19:33:06,2017-08-02,205.0,18.14,1,1,223.14,3,1,2.0,1.0,1aba2c112150045fe662c1a3e28acb7d,14403,franca,SP,3.1986921296296296,21.38403935185185,0,223.14
a23fbd072d8da0e629163b930de177c8,5b53e12955fa1570b673247759a6184d,delivered,2017-07-11 14:51:12,2017-07-11 15:05:16,2017-07-12 14:32:51,2017-07-24 21:06:37,2017-08-02,74.9,17.77,1,1,92.67,9,1,5.0,1.0,5b15c412f2fc558104a7f8690e418e03,11706,praia grande,SP,13.260706018518519,21.38111111111111,0,92.67
3a18acaa3bee904f8de00e2dad0f6878,e83cb1c13ad8bcd8c98e95eff75333c5,delivered,2017-07-11 14:53:15,2017-07-11 15:05:14,2017-07-12 18:29:33,2017-07-31 18:42:07,2017-08-02,37.5,17.6,1,1,55.1,5,1,4.0,1.0,ee70353204e52bfab0f65b8377d5e600,20785,rio de janeiro,RJ,20.158935185185186,21.3796875,0,55.1
a97107c0b3df262ab4454ad8c3a91d0b,99b953de8aa524974325fcf9b67c1d9d,delivered,2017-07-11 15:16:19,2017-07-11 15:30:07,2017-07-13 12:44:38,2017-07-17 16:22:36,2017-07-31,69.9,11.99,1,1,81.89,1,1,4.0,1.0,647f51639d03ce7ddbbc5c77efb6daf8,7852,franco da rocha,SP,6.046030092592592,19.36366898148148,0,81.89
5097dff6bbed76071da15d650ab36173,e5157f2094589ba65c3fa6510add2755,delivered,2017-07-11 15:39:58,2017-07-13 02:50:52,2017-07-13 18:51:10,2017-07-26 03:14:24,2017-08-08,469.0,29.82,1,1,498.82,1,1,5.0,1.0,19b343f1e6f1f565fae30b25ae706fd9,35900,itabira,MG,14.48224537037037,27.34724537037037,0,498.82
f5af61697fe43fe2063f350ab4e80fa5,9fa5945995475c5ea3d5770681c7e394,delivered,2017-07-11 15:43:54,2017-07-11 16:04:51,2017-07-14 17:21:48,2017-07-31 16:29:56,2017-08-10,89.9,19.17,1,1,109.07,2,1,5.0,1.0,e9ee8e9f531c542a00135750ac616b53,29215,guarapari,ES,20.031967592592594,29.34451388888889,0,109.07000000000001
017499de14d22ef9e9a83ca54727480e,a947822e31f502d0f6297cdee1448a73,delivered,2017-07-11 15:58:41,2017-07-11 16:15:24,2017-07-17 14:48:10,2017-07-19 19:26:51,2017-08-09,172.0,37.45,2,2,209.45,6,1,3.0,1.0,da42590d5fb158dedc2996e0cdf95a58,89520,curitibanos,SC,8.144560185185185,28.334247685185186,0,209.45
88639fdb042f2080a58a9ed47b6d6a70,fc35134d5c5f79e5a0e585708e37bcd3,delivered,2017-07-11 16:03:39,2017-07-11 17:24:01,2017-07-19 20:09:39,2017-07-25 23:42:40,2017-08-09,75.0,15.28,1,1,90.28,3,1,5.0,1.0,b458627179151e775d29aa2f61238872,87020,maringa,PR,14.318761574074074,28.33079861111111,0,90.28
44b218c956eb8b585056872617ba3577,98a0a36529eae71762c1f3c388b4ec61,delivered,2017-07-11 16:06:03,2017-07-12 15:05:16,2017-07-17 19:51:48,2017-08-08 18:17:35,2017-08-08,108.0,15.51,1,1,123.51,5,1,5.0,1.0,383c47b82574d1113e325073815708c9,74730,goiania,GO,28.091342592592593,27.329131944444445,1,123.51
b6197060d52f84eea9f7b3a2a6d70379,933ed96b9264f37332ad5e04912c7691,delivered,2017-07-11 16:14:04,2017-07-11 17:25:17,2017-07-12 18:07:37,2017-07-18 16:38:26,2017-07-31,147.0,35.55,3,1,182.55,1,1,5.0,1.0,3cd16a72f707d4969180be6761107d6e,17053,bauru,SP,7.016921296296296,19.323564814814816,0,182.55
a6b4e78fd33ff998a908e7251bb769d1,4dcfcb543312afef7bde0fcfdad4aec8,delivered,2017-07-11 16:16:11,2017-07-11 17:24:16,2017-07-13 17:06:04,2017-07-17 19:09:46,2017-08-02,205.0,18.14,1,1,223.14,7,1,5.0,1.0,971e2252d557c5f6b2de810f6fcd52eb,14094,ribeirao preto,SP,6.1205439814814815,21.322094907407408,0,223.14
771fbabfc064df2faba7d317dda924b4,08f8f3723352b52033c98eff219a73ce,delivered,2017-07-11 16:18:16,2017-07-11 17:25:19,2017-07-12 20:18:55,2017-07-19 20:19:38,2017-08-10,879.99,22.73,1,1,902.72,10,1,5.0,1.0,f54ce9a6a5c0b3a107838e67f2059261,78048,cuiaba,MT,8.167615740740741,29.32064814814815,0,902.72
4467dd578066b5d41c3c401cb0b3f628,56f735ffc907f93942f622dfa0010ac4,delivered,2017-07-11 16:18:33,2017-07-11 17:24:11,2017-07-17 19:47:33,2017-07-26 17:41:40,2017-08-02,149.0,27.36,1,1,176.36,1,1,5.0,1.0,a098e7b256ad9d7608a0cd14addce234,14300,batatais,SP,15.057719907407407,21.320451388888888,0,176.36
06ca213ef85421d96ee0fe529d0f5885,4e1466d23cf154bc57e343db77279d5a,delivered,2017-07-11 16:36:24,2017-07-11 17:30:24,2017-07-12 20:13:54,2017-07-18 19:35:34,2017-08-02,45.0,16.11,1,1,61.11,3,1,5.0,1.0,d1ffb6aa264f79f277904708f328cfc6,21215,rio de janeiro,RJ,7.124421296296297,21.308055555555555,0,61.11
7001dd0c9104e283cc76e35b1a73d2e9,983cf42eea94946e805387fc759d8d71,delivered,2017-07-11 16:38:45,2017-07-13 02:50:10,2017-07-13 21:37:36,2017-07-24 19:23:25,2017-08-02,89.99,17.88,1,1,107.87,1,1,5.0,1.0,c82aca6add83372a04a00a4446061a3f,87960,marilena,PR,13.114351851851852,21.30642361111111,0,107.86999999999999
b8fd80779b8e6a73a172dc448cb0a0a8,de6fc64462f4690790e6b67da7d7edaa,delivered,2017-07-11 16:42:15,2017-07-12 06:44:02,2017-07-12 17:05:50,2017-07-24 22:22:35,2017-08-02,129.89,21.4,1,1,151.29,1,1,5.0,1.0,ed4c785e11a78a73c48fa3af98008292,39800,teofilo otoni,MG,13.236342592592592,21.303993055555555,0,151.29
e7a7c3f23a94a1094f891ae30eeeccd3,6a1dff9c7a658f9ff8d0381334e0390a,delivered,2017-07-11 16:44:52,2017-07-11 17:30:16,2017-07-12 20:13:54,2017-08-08 17:57:27,2017-08-14,139.0,29.37,1,1,168.37,5,1,2.0,1.0,edb0081e6357a78d7bec82c357fb8720,56512,arcoverde,PE,28.05040509259259,33.30217592592592,0,168.37
fbbaa04b3e0910f8ae8711ff03a32fa7,76f9829923ebe9161af4f54f050885f0,delivered,2017-07-11 16:48:05,2017-07-12 02:15:20,2017-07-13 19:32:52,2017-07-14 14:57:57,2017-07-25,69.9,9.27,1,1,79.17,1,1,5.0,1.0,4032ffc3b3b744f6c292d862cea3fca2,4313,sao paulo,SP,2.9235185185185184,13.29994212962963,0,79.17
