order_id,customer_id,order_status,order_purchase_timestamp,order_approved_at,order_delivered_carrier_date,order_delivered_customer_date,order_estimated_delivery_date,gross_merchandise_value,freight_value,item_count,seller_count,payment_value,payment_installments,payment_types,review_score,review_count,customer_unique_id,customer_zip_code_prefix,customer_city,customer_state,actual_delivery_days,promised_delivery_days,is_late,net_revenue
c9dbbd1ca9411200390b157cb42ea79a,10fe5969e9451138c0f393cf702f8495,delivered,2017-05-01 01:18:22,2017-05-01 02:55:20,2017-05-09 13:58:24,2017-05-12 12:23:06,2017-06-01,60.9,14.6,1,1,75.5,1,1,5.0,1.0,7118f503fd56b67980229260380b0f2a,38175,santa juliana,MG,11.46162037037037,30.945578703703703,0,75.5
73689c18cffbd61ae75e2983453b4689,7d95f28e19204d8967a228cd7ea11896,delivered,2017-05-01 08:58:52,2017-05-01 09:10:16,2017-05-02 13:12:56,2017-05-05 13:07:45,2017-05-24,149.9,11.66,1,1,161.56,10,1,5.0,1.0,f804ed90360900357b6db9d7635d275d,17240,bocaina,SP,4.172835648148149,22.625787037037036,0,161.56
fd9486ae13f513ac59c3f6c23bb003c7,b3533b37eba6b3bf4c05167aeac93673,delivered,2017-05-01 08:59:52,2017-05-03 11:35:45,2017-05-05 13:58:17,2017-05-10 09:13:50,2017-05-23,99.9,12.09,1,1,111.99,1,1,5.0,1.0,368c35b244c7bafbebd6481be7a74a57,15885,novais,SP,9.009699074074074,21.625092592592594,0,111.99000000000001
fbe1661023a94e53d4ec2c938e38c8f2,4383f87d5f45debd945f3ffede25398a,delivered,2017-05-01 09:35:45,2017-05-01 09:50:11,2017-05-03 12:10:34,2017-05-05 17:42:02,2017-05-25,13.98,14.52,1,1,28.5,2,1,4.0,1.0,a637f956dfe66871006404aa52599594,36047,juiz de fora,MG,4.337696759259259,23.60017361111111,0,28.5
16199536457f2466f82bcf8caa590657,c22bfdfb53e8b78e4e8f250920aaeabc,delivered,2017-05-01 09:40:06,2017-05-01 09:50:18,2017-05-04 11:52:53,2017-05-08 13:37:55,2017-05-23,79.9,11.17,1,1,91.07,1,1,5.0,1.0,db8f6f7ec850e5dff109a6ba20988b22,4660,sao paulo,SP,7.165150462962963,21.59715277777778,0,91.07000000000001
9ca8a98b31ed734b2db90fca420cda8e,a72bd498fc675be01dcf6c5f5e86e520,delivered,2017-05-01 09:54:59,2017-05-01 10:05:21,2017-05-02 16:26:53,2017-05-04 14:46:33,2017-05-23,13.98,10.96,1,1,24.94,1,1,5.0,1.0,fd6be8b946505a1d1a15686ad6073310,19026,presidente prudente,SP,3.202476851851852,21.58681712962963,0,24.94
3902c863a4cc7b325b57a420f8012a0e,862d420e0338df399fda69c18a1ae556,delivered,2017-05-01 10:02:47,2017-05-01 10:10:17,2017-05-04 10:24:59,2017-05-09 11:04:10,2017-05-29,104.80000000000001,31.4,2,1,136.2,2,1,5.0,1.0,ee2c658af2a4b5ecdca87c7897b79026,72445,brasilia,DF,8.042627314814816,27.581400462962964,0,136.20000000000002
89b97127e91562d3568842d10a400161,00e3fdbce18ef97f5b13e1cc27e9dc98,delivered,2017-05-01 10:03:19,2017-05-04 10:35:10,2017-05-05 15:48:14,2017-05-12 07:56:30,2017-05-26,79.99,15.77,1,1,95.76,4,1,5.0,1.0,aabcd181e8b68df20212829acc386a2f,28680,cachoeiras de macacu,RJ,10.91193287037037,24.58103009259259,0,95.75999999999999
edc75396403e226e7ac4e42085860602,1242ec63ccc71cdb960422c3f26b9400,delivered,2017-05-01 10:16:29,2017-05-01 10:25:12,2017-05-02 07:37:57,2017-06-01 17:48:08,2017-06-02,164.33,21.6,1,1,185.93,10,1,5.0,1.0,6f146e4d85d91517d6065f2402b82dd0,62011,sobral,CE,31.313645833333332,31.571886574074075,0,185.93
e706765d0ab55ce790c7713ddc4e1ecf,2376cdfca9eb8eed042914e8705728b9,delivered,2017-05-01 10:20:06,2017-05-01 10:30:14,2017-05-04 13:10:01,2017-07-08 12:53:25,2017-05-25,37.8,29.04,2,1,66.84,1,1,,,b5841660cdccf5c0dde07b5f1728777f,88138,palhoca,SC,68.1064699074074,23.569375,1,66.84
0e1628ef32043a2e0c0d7152af698bd1,43798f254097cd1ae79c084d3c697ee3,delivered,2017-05-01 10:30:43,2017-05-01 10:42:46,2017-05-04 11:52:59,2017-05-08 07:42:07,2017-05-23,59.9,11.03,1,1,70.93,1,1,5.0,1.0,13abc50b97af7425b5066e405d7cd760,6533,santana de parnaiba,SP,6.882916666666667,21.562002314814816,0,70.92999999999999
70b746f6d25c9df56e8e41bc05da3f1c,0c1ce64a6c962bfba2c87a6515b0be91,delivered,2017-05-01 10:39:07,2017-05-01 10:50:16,2017-05-03 15:22:22,2017-05-17 10:44:03,2017-05-24,189.0,36.31,1,1,225.31,10,1,4.0,1.0,7f4d8e5e443b1ac061c7d4eab0594be1,9771,sao bernardo do campo,SP,16.003425925925924,22.55616898148148,0,225.31
22481cdbb6f8a97cee4e2ba46d59c024,c8d6e2f404529ee75435754a20a88c9f,delivered,2017-05-01 10:49:22,2017-05-01 11:02:31,2017-05-02 08:11:04,2017-05-09 11:37:00,2017-05-29,64.9,17.29,1,1,82.19,1,1,5.0,1.0,3c5f60f053134a5cd182e558467fdec3,26700,mendes,RJ,8.033078703703703,27.549050925925926,0,82.19
e1d4d1e4e8f00e0b9ac69e656d7f2db0,18f3077d69b15607009c3d0d581f5015,delivered,2017-05-01 10:53:02,2017-05-03 11:33:33,2017-05-16 10:41:16,2017-05-22 16:53:41,2017-06-06,179.96,22.17,1,1,202.13,1,1,4.0,1.0,581ed624e77199104b70cc1a07392849,2420,sao paulo,SP,21.250451388888887,35.54650462962963,0,202.13
148fe9089f2fc40b943388c2cb75c925,e2be316bb7b3aaf38134a136ff326375,delivered,2017-05-01 10:58:42,2017-05-01 11:05:19,2017-05-04 13:33:11,2017-05-12 13:57:00,2017-05-25,339.99,10.75,1,1,350.74,2,1,4.0,1.0,60e85408e5e18a09659765df4fad85a1,4140,sao paulo,SP,11.123819444444445,23.542569444444446,0,350.74
8fac4937d08ac74197a48a70c5bc1245,edc6464f7cb53f6f1095bba2feea9242,delivered,2017-05-01 11:00:59,2017-05-03 11:34:30,2017-05-03 12:22:23,2017-05-09 09:05:05,2017-05-25,270.0,17.1,1,1,287.1,1,1,5.0,1.0,d0ef660a1534a332d79641c7f3735c48,28380,natividade,RJ,7.919513888888889,23.540983796296295,0,287.1
ec8dc4f5713960055446535c7102fde9,13b8e153aa2661809c32c7bbb75c2674,delivered,2017-05-01 11:19:07,2017-05-01 11:30:22,2017-05-02 15:56:46,2017-05-09 14:27:05,2017-05-25,144.99,15.18,1,1,160.17,4,1,5.0,1.0,286f68deaed72fcd74c89cffc9e02e35,30441,belo horizonte,MG,8.130532407407408,23.528391203703702,0,160.17000000000002
894e3de9f4244f5113bf5b97627330d8,3b2a2167b75d2d89c226dca5c2f31ab1,delivered,2017-05-01 11:28:31,2017-05-01 11:35:19,2017-05-02 21:25:52,2017-05-10 05:18:34,2017-05-25,69.99,17.23,1,1,87.22,3,1,5.0,1.0,8e5ab06f3b845a533615ad9d9a1345de,83322,pinhais,PR,8.743090277777778,23.521863425925925,0,87.22
edbb1c3fa6db2f898b18c037eaf3aeda,81c85ade1f801f40a652307a81133738,delivered,2017-05-01 11:43:05,2017-05-01 11:55:21,2017-05-02 14:00:43,2017-05-19 10:42:45,2017-05-25,69.9,11.1,1,1,81.0,1,1,4.0,1.0,e7731d1a79fb1d9a03364cceedcf07c0,7021,guarulhos,SP,17.95810185185185,23.511747685185185,0,81.0
95e0f3f5f3e71382baece16f6fa8270a,6af1e29253338a787c6edc983c48a78e,delivered,2017-05-01 12:04:40,2017-05-01 13:03:07,2017-05-02 13:56:05,2017-05-10 12:22:06,2017-06-08,82.8,45.09,3,2,127.89,2,1,5.0,1.0,22b3144c1dd01b7f1175da4d81332b54,29705,colatina,ES,9.012106481481482,37.49675925925926,0,127.89
2c6d7710827b473b87550d228500098d,b94afa1536154b937c32785ad8263141,delivered,2017-05-01 12:25:44,2017-05-01 13:05:26,2017-05-02 07:57:11,2017-05-25 12:42:22,2017-05-31,88.5,11.23,1,1,99.73,9,1,4.0,1.0,aa0b2eaabf40dd1b26af1f47b7d42865,13841,mogi-guacu,SP,24.011550925925928,29.48212962962963,0,99.73
12126a7699ca7a88dd86dd3f52bc8baa,47bc31402bfc32ea5b1ad9390d88c676,delivered,2017-05-01 12:38:57,2017-05-02 13:10:22,2017-05-03 16:57:57,2017-06-01 16:34:33,2017-06-06,27.0,24.84,1,1,51.84,5,1,1.0,1.0,446a1322ba89f591ed1970362b9677a3,68005,santarem,PA,31.163611111111113,35.47295138888889,0,51.84
736a8a3d8b9cde5dd9b1f985fc523c0e,c2077147d664caade6db8ecd527971b7,delivered,2017-05-01 12:56:44,2017-05-01 13:10:11,2017-05-15 11:28:36,2017-05-22 11:44:45,2017-06-05,139.96,21.29,1,1,161.25,3,1,3.0,1.0,8ef723adfbc383f826287729391763c0,9050,santo andre,SP,20.950011574074075,34.460601851851855,0,161.25
aebe4edc785354fcde0254c24c2d8e72,ae4bd86dee7a02e33ab573f70f141ee6,delivered,2017-05-01 13:01:41,2017-05-01 13:10:21,2017-05-02 11:25:38,2017-05-05 15:20:17,2017-06-01,85.99,36.66,2,2,122.65,8,1,2.0,1.0,2f47072309ad4f98ae752ee4a30ba34a,38360,capinopolis,MG,4.09625,30.45716435185185,0,122.64999999999999
ce9ab4cfbb50936abf90ef14408b41c7,43310f2ccac055857c45f0158299a2e8,delivered,2017-05-01 13:11:44,2017-05-01 13:25:11,2017-05-05 14:36:50,2017-05-13 11:57:46,2017-05-30,23.0,8.72,1,1,31.72,1,1,5.0,1.0,9180ab6602129588a3561486f7347443,1307,sao paulo,SP,11.94863425925926,28.450185185185184,0,31.72
24940d1052df86d8e24f16e5adf2868e,dde3f6a475d39044e793c94010308629,delivered,2017-05-01 13:31:40,2017-05-01 13:50:16,2017-05-05 15:10:06,2017-05-16 20:21:26,2017-05-30,174.9,12.61,1,1,187.51,9,1,5.0,1.0,39ab6384afb233546f4559b162bcba4d,13425,piracicaba,SP,15.284560185185185,28.43634259259259,0,187.51
7dd6305a1d458ac09cd7581092afd396,5119b68a7f7dc6faac44effbf3153f12,delivered,2017-05-01 13:38:57,2017-05-01 13:50:13,2017-05-09 07:00:09,2017-05-19 16:15:07,2017-06-01,399.0,28.29,1,1,427.29,10,1,1.0,1.0,44b0a365943ba020d0a993ef71380135,88353,brusque,SC,18.108449074074073,30.431284722222223,0,427.29
e147ca8da0685dd93cd1c619d1b776ac,473e95fa97e4514de9a2fe364bf4680f,delivered,2017-05-01 13:58:02,2017-05-01 14:05:15,2017-05-02 14:23:22,2017-05-17 08:53:51,2017-05-25,58.2,14.58,1,1,72.78,3,1,4.0,1.0,ee301c76bd2b939da9740c6f5eb280c6,24315,niteroi,RJ,15.788761574074075,23.418032407407406,0,72.78
996cd9e097ee0f1de35f36b640ef2364,43120eb3c2526e5eba344d7b8514c7a0,delivered,2017-05-01 14:00:06,2017-05-01 14:10:16,2017-05-02 12:03:37,2017-05-09 12:23:51,2017-06-12,369.9,41.48,1,1,411.38,3,1,5.0,1.0,b63d9860c48fa7b3688fad6d5ffcd6a4,1414,sao paulo,SP,7.933159722222222,41.41659722222222,0,411.38
3bd3e7a970612f2a863088c909ef42f6,9be137a9e96c87d767e4c400c3e5c628,delivered,2017-05-01 14:02:17,2017-05-03 11:42:45,2017-05-04 09:59:13,2017-05-12 15:11:23,2017-05-25,43.9,17.09,1,1,60.99,1,1,5.0,1.0,1598b9b386b0ea6a432b672f8c3cc843,13484,limeira,SP,11.047986111111111,23.415081018518517,0,60.989999999999995
d855859634047e01721b79b19351224f,5054fb4472ff2f967a14a94252a8e65e,delivered,2017-05-01 14:04:36,2017-05-01 14:15:09,2017-05-03 15:53:58,2017-05-10 12:17:44,2017-06-01,47.99,15.56,1,1,63.55,6,1,5.0,1.0,2c887f68cde4d74f011b0e43e8843373,22441,rio de janeiro,RJ,8.925787037037036,30.41347222222222,0,63.550000000000004
00d94e8901b75ee0d6ef1f87f947b666,9d797a1a7d8ddb192708608d25197161,delivered,2017-05-01 14:11:11,2017-05-01 14:25:13,2017-05-03 14:11:32,2017-05-23 05:55:05,2017-06-05,55.8,41.6,2,1,97.4,9,1,4.0,1.0,53f34954c078f5034197993c0e109b95,57303,arapiraca,AL,21.65548611111111,34.40890046296296,0,97.4
7720e8564b9fee98c22438680fa85cfb,1bde1bd5092f004db94a17c3d63b9d95,delivered,2017-05-01 14:11:12,2017-05-03 15:31:18,2017-05-04 15:28:59,2017-05-23 07:27:53,2017-06-02,39.99,20.8,1,1,60.79,6,1,4.0,2.0,53f34954c078f5034197993c0e109b95,57303,arapiraca,AL,21.71991898148148,31.40888888888889,0,60.790000000000006
51a8469438e01a912e0e55cf32fc0abb,8ed6e42fde758d7b78d7ebf1eb9bdd5d,delivered,2017-05-01 14:18:57,2017-05-01 14:30:17,2017-05-04 06:03:09,2017-05-12 12:33:22,2017-05-29,189.9,18.17,1,1,208.07,3,1,4.0,1.0,0b99e4f78105f0a500cc874fde136c85,12328,jacarei,SP,10.92667824074074,27.403506944444445,0,208.07
0cf2af331f55382bd5698864658e73f0,bceaf8b12a79028075da3b7a36f1d6e7,delivered,2017-05-01 14:19:12,2017-05-03 11:43:07,2017-05-03 13:34:35,2017-05-20 09:02:28,2017-06-02,49.99,22.28,1,1,72.27,1,1,1.0,1.0,2887d406026c92a31aefd39960663798,45810,porto seguro,BA,18.780046296296295,31.403333333333332,0,72.27000000000001
48d9d778ca005971949d2ccad7e99d70,0e94fdb092e81e1a604cca2ddbad0825,delivered,2017-05-01 14:48:33,2017-05-01 15:02:20,2017-05-05 18:17:45,2017-05-15 18:34:04,2017-05-30,59.9,13.0,1,1,72.9,3,1,5.0,1.0,015557c9912277312b9073947804a7ba,13870,sao joao da boa vista,SP,14.156608796296297,28.382951388888888,0,72.9
65f6a8dfb1cacec52fa3c48df189b80d,f7b249c9618f84a66a70a8c127d06105,delivered,2017-05-01 15:00:55,2017-05-01 15:15:21,2017-05-15 15:33:38,2017-05-29 11:07:56,2017-05-25,99.89,14.87,1,1,114.76,1,1,1.0,1.0,954456f376f79dfa36460750500f7dc6,88015,florianopolis,SC,27.83820601851852,23.374363425925925,1,114.76
639b603f09b7050c96e56cd03703437b,e4e7850c6c310f0ae9d0abbe26b075e3,delivered,2017-05-01 15:01:03,2017-05-01 15:15:16,2017-05-04 12:02:43,2017-05-16 05:37:50,2017-05-23,10.99,10.96,1,1,21.95,2,1,5.0,1.0,ff86fefe11696b1e957173516339bcd8,11704,praia grande,SP,14.608877314814816,21.374270833333334,0,21.950000000000003
2ef077f0887173cd2d434c424d15fa21,be9b4677cc49e1c4b270e489033ce381,delivered,2017-05-01 15:01:08,2017-05-01 15:15:18,2017-05-02 09:13:41,2017-05-09 13:12:07,2017-06-05,109.99,16.47,1,1,126.46,4,1,3.0,1.0,64e410dc546626ce977fad0c5dd47301,28470,santo antonio de padua,RJ,7.9242939814814815,34.374212962962964,0,126.46
7fec483949a1002d3d89fbb067f6cfc2,6b70af3ce8eb05169ee8e67e661fc9d1,delivered,2017-05-01 15:16:30,2017-05-01 15:25:12,2017-05-02 14:18:25,2017-05-10 12:57:55,2017-05-31,174.8,18.65,1,1,193.45,9,1,3.0,1.0,3c40c869d2001e86e3426df52b28984a,75390,trindade,GO,8.903761574074075,29.363541666666666,0,193.45000000000002
338a7b69743165d5878ec8d45af93f48,fef97270172404f03330ef3a8045a560,delivered,2017-05-01 15:29:31,2017-05-01 15:45:12,2017-05-02 14:18:26,2017-05-22 12:16:45,2017-06-01,144.9,21.09,1,1,165.99,1,1,4.0,1.0,b76f4e32d7b31eaaa4d3e10346845e93,20520,rio de janeiro,RJ,20.86613425925926,30.354502314814816,0,165.99
8524c844437828e1a8355451ac40a2ac,3c09f6dc6c6a0cb0cf2a5b92feb406e0,delivered,2017-05-01 15:30:00,2017-05-01 15:45:12,2017-05-02 18:17:49,2017-05-10 12:23:55,2017-05-23,49.9,11.74,1,1,61.64,3,1,5.0,1.0,d90306f3958ab820d33601d6d0514441,4841,sao paulo,SP,8.870775462962962,21.354166666666668,0,61.64
3d5b009657b66f53072a0c50aae31aaa,8308d885fcafa1e2ca6798101a8d4af5,delivered,2017-05-01 15:40:03,2017-05-03 11:35:59,2017-05-03 14:21:27,2017-05-09 15:29:43,2017-05-25,28.5,15.56,1,1,44.06,1,1,5.0,1.0,bff1f74cd26442ad22202884e089e94c,85801,cascavel,PR,7.992824074074074,23.3471875,0,44.06
ef813fad9b922ac63fe19839a24d9aa0,dfc0fe4a8cbe5e299345a08f7cbdca5b,delivered,2017-05-01 15:44:00,2017-05-03 14:25:58,2017-05-09 15:37:59,2017-05-19 11:21:18,2017-05-23,119.0,15.94,1,1,134.94,10,1,5.0,1.0,43fff3de2afa07c86baee0f64a346ff1,8180,sao paulo,SP,17.817569444444445,21.344444444444445,0,134.94
38e3895efc70d2d46a3b967b8781368a,ca1a7da184d06f128df4600dd61381e0,delivered,2017-05-01 15:51:51,2017-05-01 16:02:15,2017-05-03 15:37:19,2017-05-10 18:09:04,2017-05-26,89.9,14.8,1,1,104.7,10,1,5.0,1.0,78e618675fdc15e0296f197a22ee30dd,25955,teresopolis,RJ,9.095289351851852,24.338993055555555,0,104.7
44e80ef872fd5884851e68555c2ab020,611c4ddaeae7fa4fa8e4917ea84213cf,delivered,2017-05-01 16:00:57,2017-05-03 11:35:58,2017-05-03 12:36:29,2017-05-15 13:54:00,2017-06-13,17.99,24.84,1,1,42.83,1,1,1.0,1.0,f2d1dc5ee004b962760fb53749f297b8,58406,campina grande,PB,13.911840277777777,42.33267361111111,0,42.83
36fc3a00019db8f893021f9508f695c8,5e23eb6b579778f0fc5450414008f4cb,delivered,2017-05-01 16:35:12,2017-05-01 16:50:13,2017-05-02 16:18:22,2017-05-16 04:58:29,2017-06-06,154.9,30.01,1,1,184.91,6,1,5.0,1.0,1e162bd0d540248b835b737b8118bf09,65370,pindare mirim,MA,14.516168981481481,35.30888888888889,0,184.91
94df3783882793e592e84e1c2430dffc,87f4ffa28a4526f3eda93f8f991e431e,delivered,2017-05-01 16:48:27,2017-05-01 17:05:36,2017-05-02 14:08:56,2017-05-09 06:03:02,2017-05-29,272.9,21.99,1,1,294.89,2,1,5.0,1.0,759c4885e5172d44ab237e4be0e1c78b,17012,bauru,SP,7.551793981481482,27.2996875,0,294.89
3fce76a41d913dedb8f211a38fa0a8b8,c8ecf49c62e0943b4a44bad2af3f0e5f,delivered,2017-05-01 16:51:20,2017-05-06 21:33:35,2017-05-03 16:10:14,2017-05-09 08:50:07,2017-05-25,87.9,36.2,2,1,124.1,6,1,4.0,1.0,0f22bcde5a71db02a08f687bf64f43dc,4918,sao paulo,SP,7.665821759259259,23.297685185185184,0,124.10000000000001
73e6a8e83085aff9674ff4cf65247118,b85db2d7790a6505ae346aabc5916a1c,delivered,2017-05-01 16:56:37,2017-05-01 17:05:43,2017-05-02 13:06:07,2017-05-15 22:04:51,2017-05-23,59.99,13.0,1,1,72.99,1,1,4.0,1.0,b80d046e8a930c0da4ca2c65f89d1755,1333,sao paulo,SP,14.214050925925926,21.294016203703702,0,72.99000000000001
d190a1321e28067fd7f99cb4d115423b,6ffc5c7db076d4d7d9fb93aa62993bf5,delivered,2017-05-01 17:05:20,2017-05-04 09:25:19,2017-05-05 12:06:58,2017-05-17 15:38:04,2017-06-05,289.8,46.6,2,1,336.4,6,1,5.0,1.0,16f418beb2b081f72be09d327efaf4a9,98801,santo angelo,RS,15.939398148148149,34.287962962962965,0,336.40000000000003
00f6dbc6195397197ee147ee45607a2c,69a24d8e0de91f88acc612cb7d70dc1b,delivered,2017-05-01 17:23:57,2017-05-03 11:15:30,2017-05-04 13:46:28,2017-05-17 10:53:02,2017-05-25,49.9,14.52,1,1,64.42,1,1,5.0,1.0,466a171e9af288fa7c8d2e5d90c7f672,14870,jaboticabal,SP,15.728530092592592,23.275034722222223,0,64.42
e0f96cc1ba052fe2de161845c9f24ab0,b5224a10c14a03345a76d65f3c88da7b,delivered,2017-05-01 17:38:41,2017-05-03 11:42:51,2017-05-03 16:07:14,2017-05-24 10:49:53,2017-05-25,104.69999999999999,43.629999999999995,3,1,148.33,1,1,3.0,1.0,f1a325803dd4c341c5a946ac84c71973,13185,hortolandia,SP,22.71611111111111,23.26480324074074,0,148.32999999999998
cd3bbc3e4e64dc523b4c21512736e22c,038c6e4806a9d19fe170feae7825c2d6,delivered,2017-05-01 17:42:25,2017-05-01 17:55:16,2017-05-02 08:39:31,2017-05-15 08:12:33,2017-05-29,204.8,32.83,2,1,237.63,2,1,1.0,1.0,048df8b25dc48e1554eccde119d6cecd,78455,lucas do rio verde,MT,13.604259259259258,27.262210648148148,0,237.63
c3665b33e58190870d82a79cc835cc30,d1d8cca16381f1693752b97fc43d6dbd,delivered,2017-05-01 17:52:37,2017-05-03 11:10:31,2017-05-15 15:33:38,2017-05-30 09:27:48,2017-05-25,99.89,14.87,1,1,114.76,1,1,5.0,1.0,fb4106ad0e89610fcad8677358e42505,13065,campinas,SP,28.64943287037037,23.255127314814814,1,114.76
1f3035a17d5528bb461a938d381c9d65,359ef52d8f7d03963687f1f864794d2c,delivered,2017-05-01 17:53:55,2017-05-01 18:05:47,2017-05-02 17:51:38,2017-05-12 15:05:53,2017-05-23,109.9,13.5,1,1,123.4,10,1,4.0,1.0,f1f283e43e508bdcf11877883651e51e,2210,sao paulo,SP,10.883310185185184,21.254224537037036,0,123.4
2e1071b4baf7fcace9e44057dbc32fbd,364459e1449293f93efb99239e0494d5,delivered,2017-05-01 17:56:51,2017-05-01 18:05:38,2017-05-02 15:14:24,2017-05-11 10:23:00,2017-05-23,16.99,10.96,1,1,27.95,1,1,4.0,1.0,725cb977c43a3b241e128393cf1182c6,39440,janauba,MG,9.684826388888888,21.2521875,0,27.95
369b845bc7aec357372149df304bd341,167e8b35a0b05668af1287112213ef47,delivered,2017-05-01 17:59:15,2017-05-01 18:15:06,2017-05-03 09:20:39,2017-05-07 11:43:35,2017-05-30,19.99,14.52,1,1,34.51,1,1,2.0,1.0,098433b9f9255997177c7dfb1dc8fb87,87005,maringa,PR,5.739120370370371,28.250520833333333,0,34.51
b5a801d2465c927e096449f176459916,2b3c275c26ea00e57c5711171999f4da,delivered,2017-05-01 18:11:50,2017-05-01 18:25:23,2017-05-05 12:53:36,2017-05-23 12:32:22,2017-06-13,15.94,26.82,1,1,42.76,4,1,4.5,2.0,5ffbc70da7ad1808b6899421caa84fbe,50670,recife,PE,21.76425925925926,42.241782407407406,0,42.76
677cebcf344bca22b07250e7548bd8bc,294741bfaf620181357e0e7306681698,delivered,2017-05-01 18:11:52,2017-05-01 18:26:01,2017-05-05 12:32:57,2017-05-23 15:22:26,2017-06-12,12.02,22.28,1,1,34.3,3,1,4.5,2.0,5ffbc70da7ad1808b6899421caa84fbe,50670,recife,PE,21.882337962962964,41.24175925925926,0,34.3
4d65b53f48c951380c38eb2aadc99138,03377b1b4b82e780549eeea3cac8f25a,delivered,2017-05-01 18:22:33,2017-05-01 18:30:20,2017-05-02 14:15:42,2017-05-11 10:47:42,2017-06-01,79.0,14.72,1,1,93.72,1,1,4.0,1.0,d5bec12f4115d7cc77dfc90b598becd1,36301,sao joao del rei,MG,9.684131944444445,30.23434027777778,0,93.72
e3d211011fde3f5b8aaf8ecd42c4eed0,5847e99488af8b6725f64b1d888a79d4,delivered,2017-05-01 18:25:20,2017-05-01 18:35:13,2017-05-02 14:11:07,2017-05-04 17:34:52,2017-05-23,39.9,10.96,1,1,50.86,2,1,5.0,1.0,451744de7d49858dcb06bbf86602572b,30575,belo horizonte,MG,2.9649537037037037,21.232407407407408,0,50.86
30ac8b8782654d77789e93e42462fea2,b38fc5ae2f4598b70bc24505a0d818a0,delivered,2017-05-01 18:38:20,2017-05-01 18:50:17,2017-05-02 14:30:50,2017-05-08 10:06:03,2017-05-25,35.0,14.11,1,1,49.11,1,1,5.0,1.0,528667340b590d26ffa557637ac9700b,21221,rio de janeiro,RJ,6.644247685185185,23.22337962962963,0,49.11
79ee77c8f45cf57099cfe54271af1d49,7640f74e9d8d7cae31dde07a5fb6aeae,delivered,2017-05-01 18:43:06,2017-05-03 11:35:35,2017-05-04 10:24:50,2017-05-12 10:32:23,2017-05-25,34.9,14.11,1,1,49.01,1,1,5.0,1.0,74bba753d0dfd62b4c32ee45cab7c812,81925,curitiba,PR,10.659224537037037,23.220069444444444,0,49.01
5e757e6bf8a635c569659cd7288c8039,c65f4e5152d584b4fafbcf07c48b2249,delivered,2017-05-01 18:45:32,2017-05-01 18:55:09,2017-05-02 14:57:58,2017-05-10 09:08:46,2017-05-25,99.5,15.91,1,1,115.41,5,1,5.0,1.0,20913f8824e7ce0cd8f51bf8a3552ace,8506,ferraz de vasconcelos,SP,8.599467592592593,23.21837962962963,0,115.41
12c1f399e821028f6213d8e9d7131282,11ca0b67c42002ff08adf1a446cdaa61,delivered,2017-05-01 18:56:50,2017-05-01 19:05:21,2017-05-02 17:19:38,2017-05-09 16:00:02,2017-05-23,49.0,10.96,1,1,59.96,1,1,5.0,1.0,5989066f25a56372955f63345c84c656,18250,guarei,SP,7.877222222222223,21.210532407407406,0,59.96
17df2cc060680fc1712991499b645cd2,4f1d87556cc2fdaee491b0cb9e05f155,delivered,2017-05-01 18:58:53,2017-05-01 19:05:17,2017-05-02 11:38:56,2017-05-09 20:57:44,2017-05-23,47.99,8.72,1,1,56.71,2,1,4.0,2.0,a78c7a68877d33bacf81b01bc4a4d2f2,5047,sao paulo,SP,8.082534722222222,21.209108796296295,0,56.71
d90c74ac81e1df6eb8fa862f94aeb132,4a961874c6f36b766aa4663a8ad1fba6,delivered,2017-05-01 19:02:24,2017-05-03 11:35:33,2017-05-04 10:11:30,2017-05-15 10:59:47,2017-05-25,118.0,29.16,2,1,147.16,1,1,5.0,1.0,e859f76803d78eb0043fe16ecf395b8a,37310,bom jardim de minas,MG,13.664849537037037,23.206666666666667,0,147.16
a5dfe2f94a7c8cb55a435a6ed9fc2c12,7838d18f32fd8c01bf0712b588663c16,delivered,2017-05-01 19:04:07,2017-05-03 11:35:43,2017-05-04 12:15:24,2017-05-15 12:10:57,2017-05-26,64.99,11.06,1,1,76.05,1,1,5.0,1.0,4f565e623a2b39b6b3d36aa1678f9e92,16072,aracatuba,SP,13.713078703703705,24.205474537037038,0,76.05
fdab24bf4e3d761c7072e39c69308da3,c57b4ec1791188f1d3b38bc85b208a3c,delivered,2017-05-01 19:05:18,2017-05-01 19:42:22,2017-05-05 11:42:27,2017-05-16 10:42:57,2017-05-23,629.9,43.3,1,1,673.2,8,1,4.0,1.0,08356b77e4dd0fa07cfadac1a45eaec7,1033,sao paulo,SP,14.651145833333333,21.204652777777778,0,673.1999999999999
09eedce5add123a462c46a3e0ade2dd9,9f6be05e886fa1fd2ef494672b435c6c,delivered,2017-05-01 19:07:03,2017-05-01 19:22:18,2017-05-04 04:44:51,2017-05-23 15:04:35,2017-05-31,109.95,18.2,1,1,128.15,5,1,5.0,1.0,c84263c13b3d203c38ea1d7002d32238,45605,itabuna,BA,21.83162037037037,29.2034375,0,128.15
b95764ee8ef0302702f107df59c9c4a2,5fff39f1b59dc4d2fb96c9f19b9a484e,delivered,2017-05-01 19:13:37,2017-05-01 19:25:12,2017-05-03 13:32:34,2017-06-02 06:17:21,2017-06-02,48.98,41.6,2,1,90.58,2,1,1.0,1.0,c71c9304453701631f589b64d6aa5dce,47850,luis eduardo magalhaes,BA,31.460925925925928,31.198877314814816,1,90.58
9ddce686be2661872d8a63788bd96cbe,1617a08d5850cf9628908bf7339c4245,delivered,2017-05-01 19:21:07,2017-05-01 19:30:21,2017-05-05 15:17:50,2017-06-03 14:22:13,2017-06-02,99.96,43.16,1,1,143.12,10,1,1.0,1.0,ba7732cbeb7711ce8f27dfb225f5c0c5,24456,sao goncalo,RJ,32.792430555555555,31.19366898148148,1,143.12
31b422e702720f306ecb8c6d4ec2ee06,00de350c10e898eb927e6a5440a30191,delivered,2017-05-01 19:26:27,2017-05-01 19:35:16,2017-05-03 11:20:07,2017-05-15 09:50:02,2017-05-26,69.99,16.74,1,1,86.73,1,1,4.0,1.0,73e879f10191d104c98f767f967b1e63,23052,rio de janeiro,RJ,13.599710648148148,24.189965277777777,0,86.72999999999999
48e7963f79e6edc66ff1730ab512fce0,5643be948bb322722835f79635077474,delivered,2017-05-01 19:27:31,2017-05-01 19:35:19,2017-05-02 17:53:00,2017-05-07 15:22:02,2017-05-25,729.0,19.27,1,1,748.27,10,1,5.0,1.0,895877abedba5adc57b17ef4a894ba58,3372,sao paulo,SP,5.829525462962963,23.18922453703704,0,748.27
0426ac8a5e4a839db34bb45d7e313fa3,6d9fe8b5637274da827f91f43481d026,delivered,2017-05-01 19:33:24,2017-05-03 11:33:42,2017-05-11 11:50:39,2017-05-16 10:32:59,2017-05-25,219.99,19.82,1,1,239.81,1,1,5.0,1.0,4838cd3f23ac071710fbd49be8c98692,85501,pato branco,PR,14.624710648148149,23.18513888888889,0,239.81
08dd1de0a5ebe393a3beb05a4cd4894f,f3b41cd9b60e1bcdf8f3302a63d6647e,delivered,2017-05-01 19:40:06,2017-05-01 19:50:19,2017-05-02 12:59:56,2017-05-20 10:32:37,2017-05-23,59.99,13.0,1,1,72.99,2,1,5.0,1.0,3d7a3f1fe7f87faa145eff08b571030a,6443,barueri,SP,18.61980324074074,21.18048611111111,0,72.99000000000001
d5a0359c9a84924aa4c85244ff60c1ef,fc46397b7ae78215cb3115edf8cef3b5,delivered,2017-05-01 19:42:01,2017-05-03 11:10:26,2017-05-05 12:46:15,2017-05-12 18:34:47,2017-05-23,14.46,10.96,1,1,25.42,1,1,4.0,1.0,71ebbe884a8056d68d32c7690b8604f0,2423,sao paulo,SP,10.953310185185185,21.17915509259259,0,25.42
736401dfe860545394d24b098b2728eb,b629115d8a9ab4d7c46a9a8622ebf2c4,delivered,2017-05-01 19:46:04,2017-05-01 19:55:08,2017-05-03 13:32:34,2017-05-13 07:15:39,2017-05-29,29.99,16.05,1,1,46.04,4,1,3.0,1.0,6345b744eece6f95fc5f45abd26cb7aa,29162,serra,ES,11.478877314814815,27.176342592592594,0,46.04
0e71d62394f9b03218e1138af6b664e9,3d74941245d65a43d206256df9a88a89,delivered,2017-05-01 20:04:01,2017-05-01 20:15:19,2017-05-02 18:25:59,2017-05-13 11:33:52,2017-05-23,290.0,12.64,1,1,302.64,6,1,5.0,1.0,a37f74cf2de2112a7de0b9e8b305d43e,19031,presidente prudente,SP,11.645729166666667,21.163877314814815,0,302.64
731d09efba8a2040506f3097b149c979,b7594fafdd45711b75ec17b8d3585215,delivered,2017-05-01 20:04:31,2017-05-01 20:15:13,2017-05-02 14:30:01,2017-05-12 13:16:46,2017-05-23,109.99,15.88,1,1,125.87,3,1,5.0,1.0,bcc613447f8ad78b10c2d4e3198b3151,8050,sao paulo,SP,10.716840277777777,21.16353009259259,0,125.86999999999999
256aa0d2a3a5be766036105a251aac9b,b98eec5515037585fa2083f6e6b787db,delivered,2017-05-01 20:08:30,2017-05-01 20:22:21,2017-05-10 15:24:34,2017-05-23 10:48:01,2017-06-02,94.5,27.13,1,1,121.63,4,1,5.0,1.0,daa600f82edb736f64854f33de65233e,92425,canoas,RS,21.610775462962962,31.160763888888887,0,121.63
8da91385fe6a54610be44f0bc8da44b2,40697e315a82521b6872e4bafe0ed122,delivered,2017-05-01 20:08:37,2017-05-01 20:22:21,2017-05-02 08:10:59,2017-05-15 11:36:08,2017-06-06,169.9,27.45,1,1,197.35,3,1,5.0,1.0,b920947e4639925f77554263319e976d,65760,presidente dutra,MA,13.644108796296296,35.16068287037037,0,197.35
b4a2d8c2d3ee496cb458b05f6d52b538,2ad717e171d505669fc33ab5989d919e,delivered,2017-05-01 20:18:25,2017-05-03 14:30:36,2017-05-04 15:28:58,2017-05-10 14:07:37,2017-05-29,25.99,16.05,1,1,42.04,4,1,1.0,1.0,3ee0e36c3306e495d2b8f89ddd033599,29200,guarapari,ES,8.7425,27.153877314814814,0,42.04
1873fcb129d137537b45d35990b5d734,1ff886d030252e3a0b3a86d4cbfb3503,delivered,2017-05-01 20:29:52,2017-05-01 20:45:08,2017-05-03 15:37:12,2017-05-16 07:47:49,2017-05-24,89.9,11.24,1,1,101.14,2,1,4.0,1.0,8b2311048b3a63a10a5f5083a49634af,8450,sao paulo,SP,14.47079861111111,22.145925925925926,0,101.14
2b0451c2565c2a5b746a0871790bb48d,4263df404253bc342e5edd63335a3378,delivered,2017-05-01 20:33:42,2017-05-01 20:45:09,2017-05-03 15:37:17,2017-05-10 13:05:07,2017-05-24,89.9,11.24,1,1,101.14,4,1,5.0,1.0,22ab55c824c15accbaddc8e60964255f,13360,capivari,SP,8.688483796296296,22.14326388888889,0,101.14
874904b7cdcd377a298d82e303930223,14425ff5b814c955a524faf453a68bfd,delivered,2017-05-01 20:40:57,2017-05-01 20:50:14,2017-05-02 11:27:39,2017-05-11 09:55:42,2017-06-30,59.9,17.16,1,1,77.06,1,1,4.0,1.0,4b7dc42c991b79a2dab9a95c796306b9,13073,campinas,SP,9.551909722222222,59.13822916666667,0,77.06
7ef3a302148f7eb4741f831caaaab020,15b374a39d77931baf8a72e73194803c,delivered,2017-05-01 20:46:00,2017-05-03 15:45:20,2017-05-04 10:22:57,2017-05-11 08:54:41,2017-05-25,79.95,15.77,1,1,95.72,3,1,5.0,1.0,1e3415fbc413afd991df7aabccbcfe54,5856,sao paulo,SP,9.506030092592592,23.134722222222223,0,95.72
5d246b537802d7ec7fbcf84ba7e43199,e2f21fbbc2e620c9aa5e3a4b418095db,delivered,2017-05-01 20:47:54,2017-05-01 21:02:39,2017-05-03 10:48:06,2017-05-09 08:16:12,2017-05-29,115.0,16.51,1,1,131.51,2,1,5.0,1.0,331127d6f55fe7832a64d498df8a7371,20941,rio de janeiro,RJ,7.477986111111111,27.13340277777778,0,131.51
fe400e74c1744f744f187225eb8d417e,c860db183cdb06557fde4d383acfd8cc,delivered,2017-05-01 20:58:23,2017-05-03 11:35:54,2017-05-04 12:32:09,2017-05-17 14:33:27,2017-06-01,37.0,14.52,1,1,51.52,1,1,1.0,1.0,be93a273882a796abf3066528a535075,86380,andira,PR,15.732685185185185,30.126122685185184,0,51.519999999999996
a69a3c7d97e8ed05be9f7c750849c481,e37686cb4fc731e244b925f32fbca501,delivered,2017-05-01 21:09:27,2017-05-03 15:32:13,2017-05-11 10:40:10,2017-05-17 10:56:08,2017-05-25,17.89,14.52,1,1,32.41,1,1,5.0,1.0,a54b7270735a72f20d06de07ea0d2ba9,36130,rio preto,MG,15.574085648148149,23.1184375,0,32.41
22ee91c7febb94838b3468761b7dd72c,e01a35c0c3eb75cf669d46a623165695,delivered,2017-05-01 21:12:39,2017-05-01 21:25:11,2017-05-10 09:54:36,2017-05-11 08:03:33,2017-05-23,12.5,10.96,1,1,23.46,2,1,5.0,1.0,179d9ae507e6d6882c23bd234282818a,6853,itapecerica da serra,SP,9.452013888888889,21.116215277777776,0,23.46
ef2a479a9f30595348e50c5d1eb52bd2,a4700163c178904b20784f35ba0bb2c6,delivered,2017-05-01 21:14:31,2017-05-03 11:42:33,2017-05-09 13:47:13,2017-05-17 15:39:47,2017-05-25,45.0,15.56,1,1,60.56,1,1,3.0,1.0,4f8a6074dab0c35bca0d6ca28a704cfe,99020,passo fundo,RS,15.767546296296297,23.11491898148148,0,60.56
a1056adf3e67acb8ce8f791608b76e05,9703035da34041c2f2599e217a0f777f,delivered,2017-05-01 21:15:05,2017-05-01 21:25:12,2017-05-02 09:36:14,2017-05-09 15:36:13,2017-05-25,59.9,15.63,1,1,75.53,3,1,5.0,1.0,f323857c6dd3a6f8b934d3f19ee54b3d,93224,sapucaia do sul,RS,7.764675925925926,23.114525462962963,0,75.53
77f4d78e39e755553e7b18854b074514,d60ed4f86dc65859c6053a3684d3d0e1,delivered,2017-05-01 21:15:21,2017-05-01 21:25:13,2017-05-18 07:27:41,2017-05-19 09:59:59,2017-06-05,138.8,11.58,1,1,150.38,9,1,5.0,1.0,b743f2beed786262f8a6f91df0705265,1121,sao paulo,SP,17.53099537037037,34.11434027777778,0,150.38000000000002
7fd6cd7e778c71e9b3721599948c104c,e8d04906f39accaf787450a1fbf3ad60,delivered,2017-05-01 21:16:52,2017-05-06 21:32:39,2017-05-05 11:22:24,2017-05-16 08:34:32,2017-05-25,61.9,15.64,1,1,77.54,3,1,5.0,1.0,564e41612fe5386af042e5f4977ffa28,15155,jaci,SP,14.470601851851852,23.113287037037036,0,77.53999999999999
880fd860edaea5318c35d3b57da842ed,e99979ecd47f84f3d8be57c2a1080ef6,delivered,2017-05-01 21:31:24,2017-05-01 21:45:08,2017-05-02 19:00:40,2017-05-17 14:25:01,2017-05-23,290.0,12.64,1,1,302.64,4,1,1.0,1.0,ca33e8dc98df4f39b42215daa02b3e0d,17800,adamantina,SP,15.703900462962963,21.103194444444444,0,302.64
a795405baf7d9a63ecd5d22978476c08,28cd37beb90b3ef75776ce732ae7c5e2,delivered,2017-05-01 21:42:43,2017-05-01 21:55:18,2017-05-03 14:47:33,2017-05-18 15:06:45,2017-05-29,49.8,16.05,1,1,65.85,6,1,5.0,1.0,a92e1b33fc90178753e232b12bfc1667,79290,bonito,MS,16.725023148148146,27.095335648148147,0,65.85
1aaa0de1005b5e253fd4805a69715d65,4cb3cebdeb4cd995bf7aa8d6a2311734,delivered,2017-05-01 21:58:35,2017-05-03 11:15:37,2017-05-05 15:08:36,2017-05-11 15:07:45,2017-05-23,45.0,23.63,1,1,68.63,1,1,5.0,1.0,82241754c9cda9fc1cd569cd663b5dec,36700,leopoldina,MG,9.714699074074074,21.08431712962963,0,68.63
651e513b1f4ca21be4f83de4c20285be,06a162c47cfda7cc5575ab732213ff11,delivered,2017-05-01 22:12:51,2017-05-03 11:15:36,2017-05-03 17:12:40,2017-05-08 08:46:00,2017-05-29,55.8,32.1,2,1,87.9,1,1,4.0,1.0,90137e6a745aacaf44a05460ee1fc67e,91370,porto alegre,RS,6.4396875,27.07440972222222,0,87.9
2a84eca20d61a342eab0147df08293b6,179c7e1bce3651c078ea02b0289d6cdf,delivered,2017-05-01 22:35:50,2017-05-01 22:50:15,2017-05-02 09:34:33,2017-05-12 12:13:03,2017-06-06,32.9,24.84,1,1,57.74,1,1,4.0,1.0,6861bf3b9c1de73050f828c913ba3505,64770,sao raimundo nonato,PI,10.567511574074073,35.058449074074076,0,57.739999999999995
b6904f25e61fa334007f6d0350ac62d4,0a32173125f7b32ef02aec262e27a948,delivered,2017-05-01 22:38:57,2017-05-03 11:34:59,2017-05-16 12:01:20,2017-05-19 10:03:45,2017-06-06,24.9,10.96,1,1,35.86,1,1,1.0,1.0,bb8b06423616902c6b6d6cc7673e9169,9811,sao bernardo do campo,SP,17.475555555555555,35.05628472222222,0,35.86
c7d8dac1459971c7bc85e373e9d332fe,87bb2e06d2f954566b07b7f5304632e8,delivered,2017-05-01 22:43:15,2017-05-01 22:55:13,2017-05-02 08:24:14,2017-05-13 07:11:44,2017-06-02,38.5,22.28,1,1,60.78,5,1,5.0,1.0,2f3ad0aad62a8e77fad54cd8c3105c6b,58701,patos,PB,11.353113425925926,31.05329861111111,0,60.78
1c76327f379b6c9a3ae42f2244e9a1e3,34faa9a948b3263e8ec9863bbd1456ab,delivered,2017-05-01 22:47:34,2017-05-01 23:03:05,2017-05-02 17:21:58,2017-05-04 15:32:29,2017-05-23,34.9,10.96,1,1,45.86,1,1,5.0,1.0,4757b4d81eaab4d270e585126410dc5c,35588,arcos,MG,2.697858796296296,21.050300925925924,0,45.86
6be2387f026d43a5aafdf9fd969f5417,dcd774e3268b3f084ae31c3c1fdc2ecf,delivered,2017-05-01 22:55:06,2017-05-01 23:05:18,2017-05-10 12:28:32,2017-05-22 14:46:10,2017-05-23,32.9,10.96,1,1,43.86,1,1,3.0,1.0,87b36088f12da77d6c913b0615d98590,13201,jundiai,SP,20.660462962962963,21.045069444444444,0,43.86
38a467d0cbbbd3f0a4d3d61f79615b9e,7ebf961daa0f66146a0996ea3c3bd94f,delivered,2017-05-01 23:06:57,2017-05-01 23:22:52,2017-05-09 15:17:22,2017-05-18 16:17:34,2017-05-25,339.99,12.99,1,1,352.98,3,1,4.0,1.0,c54a55223f4f92b93724a0337fde5b0f,15370,pereira barreto,SP,16.715706018518517,23.036840277777777,0,352.98
70ed892da9da5db41406428e9d9ced49,d9bc09228a6d0e4f885c56ddb7e5a95d,delivered,2017-05-01 23:07:26,2017-05-01 23:22:51,2017-05-02 15:36:17,2017-05-11 16:19:54,2017-05-26,31.5,29.04,2,1,60.54,1,1,3.0,1.0,2ae2f7c75a0d113879759e55a02a0d2a,38400,uberlandia,MG,9.71699074074074,24.03650462962963,0,60.54
27a940efdd448db29463b53ea0cfa2f4,3b3a94e8869494140c9338cf3034a920,delivered,2017-05-01 23:09:52,2017-05-03 14:10:15,2017-05-04 14:42:30,2017-05-23 17:16:57,2017-05-26,68.9,18.76,1,1,87.66,1,2,5.0,1.0,c96dac240f97b3f694b804e6406af73d,28915,cabo frio,RJ,21.75491898148148,24.034814814814816,0,87.66000000000001
27cc371fc21005cb23584884e8364a35,931847b1d6804bdcdd755a02e26ae9c1,delivered,2017-05-01 23:12:01,2017-05-01 23:30:09,2017-05-12 17:19:43,2017-05-18 11:09:59,2017-05-23,18.99,10.96,1,1,29.95,1,1,4.0,1.0,eb27f2b5427f8233f1122df779c23549,8537,ferraz de vasconcelos,SP,16.49858796296296,21.03332175925926,0,29.95
08be29a19a75ae2f62a0f1250c4f67c6,500d6039642b97f92c9a47d849af5410,delivered,2017-05-01 23:34:00,2017-05-01 23:45:10,2017-05-09 07:58:27,2017-05-18 15:09:21,2017-05-23,99.99,13.28,1,1,113.27,10,1,4.0,1.0,ff49569c47039afb2424f276d9071368,7243,guarulhos,SP,16.64954861111111,21.018055555555556,0,113.27
770be1c6a043c4e99e830bee3f5eb024,a46f748a19e1184d21a589f764a055e2,delivered,2017-05-01 23:51:42,2017-05-02 01:03:02,2017-05-02 16:47:37,2017-05-11 09:53:07,2017-06-01,68.0,14.65,1,1,82.65,1,1,5.0,1.0,f3f632bf7da587d94ac118c8c48b5a11,36010,juiz de fora,MG,9.417650462962962,30.00576388888889,0,82.65
680b0014ca0f8fa0855a12fd91927dcc,2dc21e7d19d6f6d6a2acbefee0b6e77c,delivered,2017-05-02 00:38:57,2017-05-04 02:55:35,2017-05-04 17:32:55,2017-05-11 08:37:50,2017-06-05,110.0,16.47,1,1,126.47,1,1,5.0,1.0,67986fdf636d810d9a9e940f22e027fd,88520,lages,SC,9.33255787037037,33.97295138888889,0,126.47
98bef220eda3e37b6ace2f7f891507a0,3fd2f6804eb8a6abdf0cc0ea5a4cbb80,delivered,2017-05-02 01:28:48,2017-05-04 03:03:01,2017-05-04 13:28:42,2017-05-10 05:17:58,2017-05-23,49.0,8.72,1,1,57.72,1,1,5.0,1.0,c23807fd33ced021030a267cf0193ca8,8140,sao paulo,SP,8.159143518518519,20.938333333333333,0,57.72
2240d9349c55949c40dbfcc98ece280c,beec3adad1438ff9575cd40851751607,delivered,2017-05-02 01:48:16,2017-05-02 02:02:41,2017-05-02 16:43:00,2017-05-17 14:54:41,2017-06-09,69.9,24.69,1,1,94.95,1,2,5.0,1.0,f1f8ad5c7bc6aa7f3e13501180c73ff7,78088,cuiaba,MT,15.546122685185185,37.924814814814816,0,94.59
67b1dc65d26c33458a65a0dc85c2d682,30e74714b11f5396bc7c316578129f4f,delivered,2017-05-02 01:58:38,2017-05-02 02:05:12,2017-05-02 14:18:24,2017-05-18 11:00:11,2017-05-23,620.1,16.92,1,1,637.02,10,1,2.0,1.0,df6f3b5db21d0fd050af7ef95bfdcc95,13024,campinas,SP,16.37607638888889,20.91761574074074,0,637.02
e7d94ab6c93320816f9b59df54012a32,3852c9b2aa7cc61aad3e90a9ff12e898,delivered,2017-05-02 02:16:43,2017-05-02 02:25:06,2017-05-02 09:34:33,2017-05-13 10:43:32,2017-05-25,36.9,15.56,1,1,52.46,2,1,5.0,1.0,c4d7b4c9565fdd26ff0a5b70880a9401,21557,rio de janeiro,RJ,11.351956018518518,22.90505787037037,0,52.46
1dc23ddb9b0da103fa2b711855d60c76,feaad759d81ebdfbb1bb6d805eac5da1,delivered,2017-05-02 03:31:23,2017-05-03 11:10:18,2017-05-03 13:17:24,2017-05-19 11:11:51,2017-06-06,119.9,37.8,1,1,157.7,1,1,5.0,1.0,7d0687ed097422bd5a290b232348931d,65760,presidente dutra,MA,17.31976851851852,34.85320601851852,0,157.7
d3f58dcb7705f30c2257940517740287,cbcfae7b60710216bbea3d587a83af2e,delivered,2017-05-02 03:48:26,2017-05-02 04:02:33,2017-05-02 14:48:05,2017-05-05 16:43:38,2017-05-29,188.9,19.45,1,1,208.35,5,1,5.0,1.0,baad97a77fafd04f72a7f874dd67b37e,3589,sao paulo,SP,3.5383333333333336,26.84136574074074,0,208.35
02f82a2b0b79e9dbb86c47cef1e92063,c7c1be68d17bb1a7cf04dd15fc4d9331,delivered,2017-05-02 04:34:18,2017-05-03 11:22:44,2017-05-04 12:50:18,2017-05-12 18:42:12,2017-05-23,109.9,15.88,1,1,125.78,1,1,1.0,1.0,92e2600b1049f75778bc8dc7aababdf8,12241,sao jose dos campos,SP,10.588819444444445,20.80951388888889,0,125.78
8352c315bdec808a129afc14f0e4f5a8,38f8466ee6214edccc55df2bd8a468c2,delivered,2017-05-02 06:29:43,2017-05-03 11:34:07,2017-05-19 14:40:03,2017-06-01 15:14:05,2017-06-16,188.99,19.6,1,1,208.59,1,1,5.0,1.0,8c62c7481bc31b14be4209286bc74694,80330,curitiba,PR,30.364143518518517,44.729363425925925,0,208.59
d3b4696e5703c926ee140816dd2a5e37,378645474a773554c43bd3bae5ae7ffa,delivered,2017-05-02 06:47:24,2017-05-03 11:25:58,2017-05-04 12:58:04,2017-05-18 06:49:49,2017-05-23,39.99,11.74,1,1,51.73,1,1,5.0,1.0,ef665f631bc7ece13b08c8b6805fba73,13920,pedreira,SP,16.00167824074074,20.717083333333335,0,51.730000000000004
4d43556083ebb5d85e8a49e87730add6,f0a88549dc79279163f18562c41ce81f,delivered,2017-05-02 06:49:31,2017-05-04 11:42:49,2017-05-04 18:47:49,2017-05-12 13:44:24,2017-05-25,229.9,19.89,1,1,249.79,8,1,5.0,1.0,5df9c12190bc328ccb11b795ba6d12cb,13041,campinas,SP,10.288113425925927,22.715613425925927,0,249.79000000000002
5b81d7f0f897982fce8bd000471c973a,532b34ab6e14da3ebbc775ba61bffc5c,delivered,2017-05-02 07:08:01,2017-05-03 11:22:51,2017-05-05 13:46:59,2017-05-09 11:09:43,2017-05-29,51.9,16.06,1,1,67.96,1,1,3.0,1.0,564ab8ca31faaf89e0ce856cfd7472a6,3928,sao paulo,SP,7.167847222222222,26.702766203703703,0,67.96
ffdab5e1596138d37793566aa1424d0c,58f5f08f888dddeeb13e21d686545c6d,delivered,2017-05-02 07:26:40,2017-05-03 11:33:46,2017-05-04 08:56:25,2017-05-11 09:41:25,2017-05-29,399.85,18.5,1,1,418.35,1,1,5.0,1.0,d7173ad3f94725a395d32d6dfe691689,97410,mata,RS,9.09357638888889,26.689814814814813,0,418.35
e37a0ddb7818d37e517904371d679c74,de01eec4ab351f4bbe94b38e8d1e9c45,delivered,2017-05-02 07:55:06,2017-05-03 11:32:11,2017-05-10 12:46:06,2017-05-18 15:14:06,2017-05-23,13.98,10.96,1,1,24.94,1,1,4.0,1.0,109d254fcd1889f22aab6e6f070ae66b,19063,presidente prudente,SP,16.304861111111112,20.670069444444444,0,24.94
5ca436931d761c22f7015e6ef5fc33a4,0f79a968c60ccce9ff6d4344cea8de38,delivered,2017-05-02 08:29:02,2017-05-02 08:42:17,2017-05-02 15:55:29,2017-05-10 09:32:27,2017-05-23,15.0,10.96,1,1,25.96,1,1,5.0,1.0,8e0777c452544f6eef3f28a66ce0ab72,18285,cesario lange,SP,8.044039351851852,20.64650462962963,0,25.96
f731b243c311f0d8e1dc406d1d5eb1e4,784670620bb3b37e93bde269994d5d4f,delivered,2017-05-02 08:55:49,2017-05-04 02:50:35,2017-05-11 10:06:03,2017-05-27 10:13:52,2017-05-25,109.9,13.35,1,1,123.25,1,1,5.0,1.0,6c087c86c54d6b22be419e1da821da22,13184,hortolandia,SP,25.054201388888888,22.62790509259259,1,123.25
13b81a1e19dd22ce11a49e06b77a2b28,529d7b05ef37cabe2210c85097858b14,delivered,2017-05-02 09:53:39,2017-05-02 10:02:31,2017-05-04 11:52:53,2017-05-08 15:38:55,2017-05-25,32.9,14.52,1,1,47.42,1,1,1.0,1.0,c4bbe35ff5cb5a2d70cb00dfe6b68527,32678,betim,MG,6.2397685185185185,22.587743055555556,0,47.42
3cedecb4c098aed91d062c54ece4bca4,af5e377c92351996f031b00fd38a4958,delivered,2017-05-02 10:01:50,2017-05-03 15:31:46,2017-05-08 11:44:22,2017-05-20 15:30:03,2017-05-30,109.88999999999999,25.290000000000003,2,2,135.18,10,1,5.0,1.0,c692007cb765407ea7510cb5b4f47512,9260,santo andre,SP,18.22792824074074,27.582060185185185,0,135.17999999999998
79c662b35aff8d9152a0191a830a997b,1dbb874e6622e11a5b78fee2bd2410ca,delivered,2017-05-02 10:02:28,2017-05-02 10:15:19,2017-05-05 14:38:10,2017-05-17 10:39:59,2017-05-25,44.9,15.56,1,1,60.46,6,1,4.0,1.0,56bf782d0c7412f69c8db5ccd6dcd7a5,24936,marica,RJ,15.02605324074074,22.58162037037037,0,60.46
359352820ef7acbc4def738b048f2d6c,2815da103e2929fd06a7b2129153fedc,delivered,2017-05-02 10:18:30,2017-05-04 10:35:17,2017-05-04 17:18:48,2017-05-29 13:49:21,2017-06-06,1169.44,34.45,1,1,1203.8899999999999,10,1,5.0,1.0,2573467bea86fae9af4db442a1ef23bc,68193,novo progresso,PA,27.14642361111111,34.57048611111111,0,1203.89
c3d5c6fc77f1986421777d4d61779aca,e41d034618b75ad5644afc40395e1b55,delivered,2017-05-02 10:20:18,2017-05-03 11:35:56,2017-05-11 15:47:54,2017-05-16 13:16:00,2017-05-25,10.99,14.52,1,1,25.51,1,1,5.0,1.0,a8af397c1bdcee2b7bf2fd7740ce8429,37527,conceicao das pedras,MG,14.122013888888889,22.56923611111111,0,25.509999999999998
833fbc971cf15276b9fa3a392f73b4e6,f5b6eb47984600410c9ca0513ae5d7ff,delivered,2017-05-02 10:28:05,2017-05-07 23:32:50,2017-05-17 13:16:56,2017-05-30 12:48:12,2017-06-09,119.99,25.04,1,1,145.03,2,1,5.0,1.0,7066312402e27e3081b027a465cf5860,97105,santa maria,RS,28.09730324074074,37.56383101851852,0,145.03
a1074f1de8cb7cb5f4ce95be13541ac0,3c47d4719df5c69ac15d62f9867019e9,delivered,2017-05-02 10:41:46,2017-05-04 02:50:47,2017-05-09 08:36:29,2017-05-15 10:52:06,2017-05-26,59.0,18.69,1,1,77.69,1,1,4.0,1.0,2be18b9901b96832f3fb5fbb9a962860,89820,xanxere,SC,13.007175925925926,23.554328703703703,0,77.69
c8f21ae0d8ea0dc3d6cbd9ef66d4981f,b2aac5b10e65f29a30674421c6a53517,delivered,2017-05-02 10:51:29,2017-05-02 11:03:05,2017-05-04 07:35:54,2017-05-11 11:34:50,2017-05-31,78.0,15.66,1,1,93.66,6,1,5.0,1.0,6f55c4bd7ac66d950a762a85cda22e70,15600,fernandopolis,SP,9.030104166666666,28.547581018518517,0,93.66
a2c583649d96b6b15a0385d0ef630f33,d8ddc91cbd5d3aa4c618b8620c57a9de,delivered,2017-05-02 10:52:39,2017-05-03 11:34:56,2017-05-08 15:40:14,2017-05-13 08:39:46,2017-06-01,16.46,14.12,1,1,30.58,1,1,5.0,1.0,81d6253f213c5061ff0cfe8820997b59,31155,belo horizonte,MG,10.907719907407408,29.546770833333333,0,30.58
607a624a0fb32899edc4e3f9c9b24189,8985819d4414a7471d5be1dac2f08233,delivered,2017-05-02 11:14:08,2017-05-03 11:40:13,2017-05-04 13:29:01,2017-09-04 11:10:58,2017-07-03,504.0,44.42,2,1,548.42,1,1,1.0,1.0,f236ed5552a1074b20a29af39a5c2bab,75220,santa cruz de goias,GO,124.99780092592593,61.531851851851854,1,548.42
d4f0a2e6724782ffec52257b637dc928,9298659a888542ee1dccd284384d8ff7,delivered,2017-05-02 11:20:34,2017-05-02 12:35:04,2017-05-04 13:51:00,2017-05-08 09:48:36,2017-05-24,34.9,8.72,1,1,43.62,1,1,4.0,1.0,d611faedfff870aae0cc0c0b4bf3fabb,31110,belo horizonte,MG,5.936134259259259,21.52738425925926,0,43.62
1b6ab77fb1ae705dfd81220651e0d7c1,d43e0818cf679ebb105810cd34e37ad1,delivered,2017-05-02 11:31:55,2017-05-02 12:35:08,2017-05-16 13:53:50,2017-05-23 08:26:46,2017-05-25,39.0,14.52,1,1,53.52,1,1,5.0,1.0,e1d3e1bb5c7dd029e5df77582a9b9e96,5547,sao paulo,SP,20.871423611111112,22.519502314814815,0,53.519999999999996
badd6d6cf755e89c81ba57457f8aacc9,972056006e048e5851321a1269e1318c,delivered,2017-05-02 12:01:54,2017-05-02 13:05:46,2017-05-02 14:53:56,2017-05-09 14:25:02,2017-06-02,349.0,22.89,1,1,371.89,10,1,5.0,1.0,93aa7718a73f8be46d41f26c02abaff3,95555,capao da canoa,RS,7.099398148148148,30.498680555555556,0,371.89
037556f936da90c5f9504956ff286860,4dd66b17e6ebfe130ef40705bb44a1c2,delivered,2017-05-02 12:02:54,2017-05-03 12:10:24,2017-05-09 17:03:20,2017-05-12 13:36:56,2017-05-30,59.9,13.0,1,1,72.9,1,1,5.0,1.0,29dc4aeff866d6a940c471a3ea4faef0,5752,sao paulo,SP,10.065300925925927,27.49798611111111,0,72.9
39c5fa1323927c658f09038a61cca654,8566134257ddcec00b712f2bc23de7a4,delivered,2017-05-02 12:03:00,2017-05-04 02:55:32,2017-05-11 09:04:35,2017-05-15 10:36:25,2017-05-29,59.0,32.71,1,1,91.71,1,1,5.0,1.0,f72d1ee92d55688d07ca88506300715e,22790,rio de janeiro,RJ,12.939872685185184,26.497916666666665,0,91.71000000000001
1e6e729cbdd94df526b317598aaaaf62,9452bc0fd2c071a21ea6fd2373fe0c23,delivered,2017-05-02 12:10:15,2017-05-03 15:32:12,2017-05-04 14:46:14,2017-05-19 08:12:19,2017-06-02,62.8,20.89,1,1,83.69,4,1,3.0,1.0,7d3c23d715240f2f77f201483d3cb276,44001,feira de santana,BA,16.83476851851852,30.492881944444445,0,83.69
5bb7f13d8996f3b384e2820e7f7e8659,54436727adc02bac2985f7f95c883b72,delivered,2017-05-02 12:13:36,2017-05-02 13:06:19,2017-05-05 14:15:59,2017-05-09 13:54:58,2017-05-31,92.9,18.08,1,1,110.98,5,1,5.0,1.0,adf2f3c1524855ec8e22850045998f05,89700,concordia,SC,7.070393518518519,28.490555555555556,0,110.98
da00834d06065856c172220d3aeff76a,2331e8c700acf09f2ce29fc297f39b03,delivered,2017-05-02 12:23:08,2017-05-02 13:10:16,2017-05-04 12:28:25,2017-05-09 17:35:53,2017-05-31,99.0,19.39,1,1,118.39,2,1,5.0,1.0,14ebe7d47ea523943e8cf21fdcdec40d,89207,joinville,SC,7.2171875,28.483935185185185,0,118.39
effd028fe36981328de3b4be7d6c7eb4,e0912be609a1611bdcda51260ab805f2,delivered,2017-05-02 12:48:09,2017-05-02 13:10:58,2017-05-10 09:13:07,2017-05-22 09:33:48,2017-05-23,13.98,10.96,1,1,24.94,2,1,4.0,1.0,f6b5eea17ba0d755e5da7a7ef5f37180,14870,jaboticabal,SP,19.865034722222223,20.4665625,0,24.94
3a80aeee2f23cb1e2052c30a451779ee,9cf7e4c300a885fa7f2274dd65a914b8,delivered,2017-05-02 12:48:11,2017-05-02 13:10:43,2017-05-02 15:07:42,2017-05-12 13:04:40,2017-05-25,29.9,14.52,1,1,44.42,2,1,5.0,1.0,5ca6a4c15764e5c32cc337bfca1ac586,15500,votuporanga,SP,10.01144675925926,22.466539351851853,0,44.42
841c2a8a7251be9ce05b92ec875a1f7c,5ac458f9beb5a8e911be378f9b236994,delivered,2017-05-02 12:54:47,2017-05-02 13:15:07,2017-05-03 09:39:10,2017-05-10 10:56:37,2017-05-23,114.9,13.38,1,1,128.28,4,1,5.0,1.0,e0a362ce158aba771c0fcb29232195ac,11250,bertioga,SP,7.917939814814815,20.461956018518517,0,128.28
eb3e609122ff22d02d5a59b00537e936,31d3d3ce8c39051cf0f260b9c9aea268,delivered,2017-05-02 13:10:57,2017-05-02 13:22:47,2017-05-09 14:19:27,2017-05-11 13:12:17,2017-05-23,44.5,8.72,1,1,53.22,1,1,5.0,1.0,cfeaec653b28accedb6edb799d89cd03,31030,belo horizonte,MG,9.000925925925927,20.450729166666665,0,53.22
60d899100b7d9333a614a610c5b619fc,70299e106f6e6cab75bc08777a3a4480,delivered,2017-05-02 13:24:39,2017-05-02 13:42:19,2017-05-02 14:36:35,2017-05-10 12:56:36,2017-05-25,16.99,14.52,1,1,31.51,1,1,4.0,1.0,dd68fedcc13ecfb683373b95b4215c28,6760,taboao da serra,SP,7.980520833333333,22.44121527777778,0,31.509999999999998
e6f2821ad70219f86c8215095b10408d,0c872574e7c056c66a52c59cc9586883,delivered,2017-05-02 13:31:31,2017-05-02 13:45:14,2017-05-10 13:03:26,2017-05-23 14:59:47,2017-05-29,379.0,24.94,1,1,403.94,10,1,4.0,1.0,a65230a5d1b282ea3be0a589ac3d76d3,29151,cariacica,ES,21.061296296296295,26.43644675925926,0,403.94
545b9d98685b98a2203d2ba6e56b8e3a,c1c485afcd2871d243f7f3282b3366a2,delivered,2017-05-02 13:35:51,2017-05-02 13:45:19,2017-05-03 12:02:00,2017-05-16 15:56:53,2017-05-25,48.0,11.74,1,1,59.74,1,2,5.0,1.0,4993135ea14b0919c5e7460fe33730db,17250,bariri,SP,14.097939814814815,22.4334375,0,59.74
91711692ae6735d80d347c000533637f,022c68d559d62cee79d2a5a4bd567feb,delivered,2017-05-02 13:39:55,2017-05-02 13:50:19,2017-05-03 10:57:44,2017-05-11 09:24:00,2017-06-06,129.6,26.65,1,1,156.25,2,1,5.0,1.0,c9f05e63d6f7be87c57ae3cbacd727bf,52090,recife,PE,8.822280092592592,34.43061342592593,0,156.25
249e497dd267cc393437ed057a09386d,9186cee9edd4490ccff69671105cd36e,delivered,2017-05-02 13:41:42,2017-05-02 13:50:21,2017-05-09 07:47:57,2017-05-15 15:08:45,2017-06-09,240.0,15.85,1,1,255.85,10,1,5.0,1.0,de6cf632d7ca0346c34085c4c9ff5f3d,37200,lavras,MG,13.06045138888889,37.429375,0,255.85
3efebcb1a80d41e5a7865605155b8c09,783d233e64f5c36e45794c0aa2c99401,delivered,2017-05-02 13:41:47,2017-05-02 13:50:20,2017-05-04 17:10:31,2017-05-08 13:57:47,2017-05-25,139.9,16.19,1,1,156.09,3,1,5.0,1.0,063e563c60e718859ed7a9708d0819c1,35790,curvelo,MG,6.011111111111111,22.42931712962963,0,156.09
d3d77ac289fa018592f73d730cbbdcd4,e3019141b5011bee27cabff1d47b8b8c,delivered,2017-05-02 13:43:15,2017-05-02 13:55:13,2017-05-04 12:32:01,2017-05-22 11:32:48,2017-06-02,120.0,16.05,1,1,136.05,3,1,5.0,1.0,f47a531a66bde7d4f0e085818fa2d733,88020,florianopolis,SC,19.90940972222222,30.42829861111111,0,136.05
a86e33acfb13a59723e2e33ef1aa24e6,b62d092c1963406b3dccaf155852e727,delivered,2017-05-02 13:43:38,2017-05-02 13:55:15,2017-05-03 12:43:29,2017-05-10 01:49:57,2017-05-23,42.9,10.96,1,1,53.86,1,1,5.0,1.0,a5c5ccb2425253419f1b24bce70fd4b1,12609,lorena,SP,7.504386574074074,20.428032407407407,0,53.86
78d33c687d79eafa05dcd67958f4b329,21ceb94e6b5b5076f665364d1efe375b,delivered,2017-05-02 13:44:23,2017-05-02 13:55:14,2017-05-03 16:37:17,2017-05-09 08:13:40,2017-05-23,327.99,13.69,1,1,341.68,10,1,5.0,1.0,fdf44162f93c0c3ff3684a317b3d7bfc,2939,sao paulo,SP,6.770335648148148,20.427511574074074,0,341.68
93f6802eddf412ddaece53aba01d1db3,817496a3a4e02e8f5e16b5a4247ace69,delivered,2017-05-02 13:44:27,2017-05-02 13:55:22,2017-05-02 18:31:59,2017-05-13 09:53:02,2017-05-30,79.0,13.13,1,1,92.13,4,1,5.0,1.0,41cbba1500aa55481929db65437ebe4c,15503,votuporanga,SP,10.83929398148148,27.427465277777777,0,92.13
b6b88bb7090445219baad4d67eda6ce6,3e27365a6edfc3cbb04903981b4d9460,delivered,2017-05-02 14:07:29,2017-05-02 14:22:41,2017-05-03 08:37:32,2017-05-15 12:42:09,2017-06-12,59.8,62.76,2,1,122.56,6,1,5.0,1.0,fa08098a16131e9dd1dec2dd17fd4ee8,93037,sao leopoldo,RS,12.940740740740742,40.41146990740741,0,122.56
31282ee0054022835d9fcedb4efaee01,86e7fdb61f1420ad74c33dcfadd833fb,delivered,2017-05-02 14:10:14,2017-05-02 14:22:53,2017-05-08 11:43:12,2017-05-11 11:46:56,2017-06-21,259.9,12.43,1,1,272.33,10,1,5.0,1.0,b633def81870b841c12f96545110cbbb,36035,juiz de fora,MG,8.90048611111111,49.409560185185185,0,272.33
40542f414acd736bdacaeb85dc7df95a,4c617161230211252e057caafba04bbb,delivered,2017-05-02 14:11:00,2017-05-02 14:22:39,2017-05-03 12:33:04,2017-05-08 10:42:33,2017-05-31,51.9,17.79,1,1,69.69,3,1,4.0,1.0,911b520cf35d40681ad7fe3a5802ae3a,24230,niteroi,RJ,5.8552430555555555,28.409027777777776,0,69.69
26b334af408dd2df4cebc013f87b9b24,220371973d4ec69cbd7abf93ed8e99de,delivered,2017-05-02 14:16:15,2017-05-03 11:35:58,2017-05-04 14:03:47,2017-05-19 15:53:48,2017-05-29,59.9,17.26,1,1,77.16,1,1,1.0,1.0,d289cde36e0ce8dee491db1bd101f95f,27520,resende,RJ,17.067743055555557,26.405381944444443,0,77.16
6e0856753dd343c4a360ec7f6b7ebe31,5b39501b275f18a72937d3607563003d,delivered,2017-05-02 14:21:34,2017-05-02 14:30:25,2017-05-03 11:57:53,2017-05-11 13:12:11,2017-05-25,56.0,14.56,1,1,70.56,3,1,5.0,1.0,2e06e1f1cc8eede2809797d1a27075a5,88220,itapema,SC,8.95181712962963,22.401689814814816,0,70.56
bde4e7e3544abf70e995f2cb0f5fc992,648d713a550b07fa3b32b25bad3c761f,delivered,2017-05-02 14:50:31,2017-05-02 15:02:40,2017-05-03 11:39:38,2017-05-18 10:34:06,2017-06-02,329.9,51.61,1,1,381.51,10,1,4.0,1.0,133e20311ec257bda38f1798250d38c5,57603,palmeira dos indios,AL,15.82193287037037,30.38158564814815,0,381.51
af5d84156c440cd192a04d10f43614e5,262139acc2d5bd1a8756632fe5999539,delivered,2017-05-02 15:00:31,2017-05-02 15:15:16,2017-05-05 12:13:28,2017-05-23 12:47:50,2017-06-02,99.99,21.15,1,1,121.14,2,1,4.0,1.0,2128b09ef8524d9fcdce6c372cdf81b7,45700,itapetinga,BA,20.907858796296296,30.374641203703703,0,121.13999999999999
a15641400fbcb7ec727c8f5fcd9ae5f4,477c364409ec4664afc58d14a58462b8,delivered,2017-05-02 15:04:19,2017-05-02 15:15:17,2017-05-03 15:37:12,2017-05-09 08:42:59,2017-05-24,89.9,11.24,1,1,101.14,6,1,5.0,1.0,43dce1c46f91f3cd233905d0a8b19153,2029,sao paulo,SP,6.735185185185185,21.372002314814814,0,101.14
e85ffcc0e310087de07b84dbd43fe3c1,2428b8b4f40f13ec09eb1a5f99a54c80,delivered,2017-05-02 15:09:23,2017-05-02 15:22:44,2017-05-03 15:51:09,2017-05-12 14:05:57,2017-05-29,89.0,16.32,1,1,105.32,1,1,5.0,1.0,1d685952112eb58b14786415dcdefe9a,75110,anapolis,GO,9.955949074074073,26.368483796296296,0,105.32
a45fc977eae1ef0ed4504f346d31a0fb,71d5c11f717991ad5b289870f3a5690c,delivered,2017-05-02 15:15:54,2017-05-02 15:25:13,2017-05-10 09:21:52,2017-06-02 09:49:53,2017-06-02,13.98,20.8,1,1,34.78,3,1,4.0,1.0,1d95354e420b12de1eb33447bd48d9b3,47750,brejolandia,BA,30.773599537037036,30.363958333333333,1,34.78
79f87452881d9d524d6b06c3541f6e2c,e93530ef9ecbc8bc987f9a8fd1752a4c,delivered,2017-05-02 15:19:21,2017-05-02 15:30:23,2017-05-04 13:22:04,2017-05-11 23:33:00,2017-05-29,59.0,15.62,1,1,74.62,3,1,4.0,1.0,2528d823d67e15f39c04866cd79d0ec5,88308,itajai,SC,9.3428125,26.3615625,0,74.62
67e2354f0dc001f2851fe42d58085f55,110b52a6ad38588a501ea02fc1156d69,delivered,2017-05-02 15:33:23,2017-05-04 02:55:18,2017-05-05 14:13:33,2017-05-10 09:48:36,2017-06-01,169.9,17.93,1,1,187.83,1,1,1.0,1.0,a2c403630a8ed427bb5d0b3d0f170f68,39900,almenara,MG,7.76056712962963,29.35181712962963,0,187.83
51119a98965b7d1f2fee96f39ad86695,017ffa5794b42a3527159bc0aff69a62,delivered,2017-05-02 15:37:00,2017-05-03 15:45:25,2017-05-09 16:12:23,2017-05-15 13:52:02,2017-06-01,359.8,87.44,2,1,447.24,1,1,5.0,1.0,7cb652b87791e9b3d5f7385fef432b63,83085,sao jose dos pinhais,PR,12.92710648148148,29.349305555555556,0,447.24
76c077c302894d52a9cecbb6bc322b24,563e9c2a3c5061cdbdf8cb6f828cd165,delivered,2017-05-02 15:56:35,2017-05-03 11:50:18,2017-05-03 13:22:51,2017-05-08 07:37:51,2017-05-23,99.0,11.3,1,1,110.3,1,1,5.0,1.0,d0a6b16b246f9250bfef28b28e6eb166,11446,guaruja,SP,5.653657407407407,20.33570601851852,0,110.3
ad7d812f43f6308a7105fecab91fe3c1,3743de9608dba0325a5534fff7c367d6,delivered,2017-05-02 16:01:55,2017-05-04 02:51:00,2017-05-09 12:17:33,2017-05-22 18:03:52,2017-06-16,809.1,52.16,1,1,861.26,1,1,4.0,1.0,3e5c928acf49c4b95e57af1f350d3493,69901,rio branco,AC,20.0846875,44.332002314814815,0,861.26
c37e429ac201c3e07174f542634638b9,3fcecbc27a9c9d1d71c2e0297689c1ac,delivered,2017-05-02 16:18:15,2017-05-03 14:42:43,2017-05-03 15:58:24,2017-05-15 14:21:11,2017-05-24,139.9,11.59,1,1,151.49,3,1,4.0,1.0,d35579e81cf756c14e994e046f1d23e1,3423,sao paulo,SP,12.918703703703704,21.32065972222222,0,151.49
9ba78cdb7ebed668566d399629fc74a6,837f6881094646f992554d6608720572,delivered,2017-05-02 16:21:16,2017-05-03 14:42:44,2017-05-04 11:51:32,2017-05-17 12:44:43,2017-05-25,80.0,23.55,1,1,103.55,2,2,5.0,1.0,a838f5f1e01362aa6dd06cd3376e6d0f,87014,maringa,PR,14.849618055555556,22.318564814814813,0,103.55
2a93ea3d6dc877b7e20d51aa102aae6a,4c976ada6cc4aea853a93f97d0120e31,delivered,2017-05-02 16:27:09,2017-05-03 16:35:18,2017-05-05 15:19:04,2017-05-22 15:56:14,2017-05-25,34.9,14.11,1,1,49.01,1,1,5.0,1.0,1bca64c1d8526f90ee9ffa277ecd4fa4,88090,florianopolis,SC,19.978530092592592,22.31447916666667,0,49.01
ad2bc4bc90fede8f8810766afd32db7a,cd4798a175d55f962939a67e08f97934,delivered,2017-05-02 16:29:13,2017-05-03 15:50:24,2017-05-05 13:09:16,2017-05-15 15:48:15,2017-06-05,99.0,24.89,1,1,123.89,10,2,5.0,1.0,24fee3e769e87ce93288b0d46811bb1c,36580,teixeiras,MG,12.971550925925927,33.313043981481485,0,123.89
cf7dd05504fa5d4ddab58fcb69bb18a6,a1ba14f56d6ae75e85b273c9bec2c196,delivered,2017-05-02 16:32:37,2017-05-03 14:45:20,2017-05-04 13:57:15,2017-05-18 07:30:02,2017-05-29,90.9,20.96,1,1,111.86,2,1,4.0,1.0,5fcdfdcc429b8b707ca957274c8f8d8f,20541,rio de janeiro,RJ,15.623206018518518,26.31068287037037,0,111.86000000000001
be82da060fda4b85c7fe6ea6512f67e8,4a2d2e5f1e7d78c701d998b92fe72bd7,delivered,2017-05-02 16:35:06,2017-05-03 14:45:23,2017-05-05 15:08:33,2017-05-15 12:47:31,2017-05-25,90.0,73.5,2,1,163.5,10,1,5.0,1.0,bc82228a4f5fceba5b14a04cb7b4591b,2372,sao paulo,SP,12.841956018518518,22.308958333333333,0,163.5
89564bd6a7ea1056554275f223301d84,7a488fa8ab38cf1c5fc2a7d95a1c84f0,delivered,2017-05-02 16:36:02,2017-05-07 23:32:49,2017-05-09 12:02:51,2017-05-23 13:25:54,2017-05-25,109.99,20.85,1,1,130.84,1,1,1.0,1.0,e4b98eebb8983cade8610c0def59f705,22630,rio de janeiro,RJ,20.867962962962963,22.308310185185185,0,130.84
80d42608ec46066a22bc8261471c7a21,5d2798ebf98673c2c2f53e27481ac195,delivered,2017-05-02 16:49:55,2017-05-03 14:45:34,2017-05-04 13:22:23,2017-05-10 13:44:29,2017-05-29,899.0,21.59,1,1,920.59,10,1,5.0,1.0,b18e8e78d8bacf67b64a2fdac539eebd,90610,porto alegre,RS,7.871226851851852,26.29866898148148,0,920.59
5a0a4c1f366a0fcae698f3de1f03c0fd,63f403e8e14957ae478017322eaf5c9a,delivered,2017-05-02 16:51:34,2017-05-03 14:10:23,2017-05-11 14:29:02,2017-05-24 12:39:11,2017-06-08,69.52,49.68,2,1,119.2,5,1,1.0,1.0,7f57422760e12c56da14617802400fd2,59380,currais novos,RN,21.824733796296297,36.29752314814815,0,119.19999999999999
34898d392f0f57ce2cb451fe7c86f555,44be8fee47b1fc354dc6e84806bdea1a,delivered,2017-05-02 16:53:19,2017-05-03 15:50:31,2017-05-09 12:32:39,2017-05-22 12:32:28,2017-06-09,449.0,57.77,1,1,506.77,10,1,5.0,1.0,8f97b3756513ab87cac373ea80ad8c27,74560,goiania,GO,19.818854166666668,37.29630787037037,0,506.77
a3670896f8c6f70396896223eb4ca8be,01c45d896d5f6343ae095f6acfc2df4a,delivered,2017-05-02 16:56:42,2017-05-03 11:45:11,2017-05-03 15:02:53,2017-05-26 09:19:47,2017-05-30,59.9,13.0,1,1,72.9,1,1,5.0,1.0,c13b742feed8c13ff9a71ba90c847820,13484,limeira,SP,23.682696759259258,27.293958333333332,0,72.9
c7ffd8434c98d275690e80f967a3be3a,755071dd68e519ca13dc77e70fb98710,delivered,2017-05-02 17:07:34,2017-05-03 11:50:23,2017-05-04 13:57:34,2017-05-17 08:32:19,2017-06-05,69.99,14.66,1,1,84.65,1,1,,,793023a2f25ef26e2f3a5c277e416ea8,1224,sao paulo,SP,14.6421875,33.28641203703704,0,84.64999999999999
e0dfe8c4850a7ad0b8e41d3a4290ce49,586d84014545f6dcb510fff40fbf7e35,delivered,2017-05-02 17:24:57,2017-05-03 14:50:19,2017-05-04 12:05:30,2017-05-11 13:51:55,2017-05-29,49.99,16.05,1,1,66.04,1,1,5.0,1.0,4bdd2c681061bc68670ddcb3c2c3d754,95913,lajeado,RS,8.852060185185184,26.274340277777778,0,66.04
0b913c851b8dd74300045511a8120e8b,af2769eaf466dabca4bd67df142ff48f,delivered,2017-05-02 17:40:59,2017-05-03 14:50:26,2017-05-09 16:17:38,2017-05-16 10:41:23,2017-06-01,24.9,14.52,1,1,39.42,1,1,5.0,1.0,b9a927773f76702fa485db5a1d03d37c,87020,maringa,PR,13.70861111111111,29.263206018518517,0,39.42
ce8f5eddac46e002a057f440c9bde458,4c0048f0a288bf5711513c19ed659dc4,delivered,2017-05-02 18:31:54,2017-05-03 15:02:35,2017-05-03 15:39:31,2017-05-23 11:52:49,2017-06-09,19.9,20.8,1,1,40.7,1,1,3.0,1.0,87991b39a8b2922ed296c0d0fc8b9126,45822,eunapolis,BA,20.722858796296297,37.22784722222222,0,40.7
af8e7d8a37a728552281a38e79f5e82a,3f45cc8587c58a78556dae4c3f02c410,delivered,2017-05-02 18:34:59,2017-05-07 23:32:26,2017-05-09 17:03:20,2017-05-20 11:44:48,2017-06-09,179.7,73.85,3,1,253.56,10,1,5.0,1.0,b233915725d368ec61c224efb81ed915,41310,salvador,BA,17.715150462962963,37.225706018518515,0,253.54999999999998
48d6606d196e08050b39ccc0df9ed44a,58cddcea1672315e0615172f0de43760,delivered,2017-05-02 18:52:34,2017-05-03 15:32:06,2017-05-04 13:59:12,2017-05-26 15:37:44,2017-05-25,24.75,15.56,1,1,40.31,2,1,3.0,1.0,7f008256d2236f696ea3a0d80efb2252,38701,patos de minas,MG,23.864699074074075,22.21349537037037,1,40.31
48139821eca38783cb43c48d98c0246d,fa4806deb2b4135ae3708a87c6279302,delivered,2017-05-02 18:52:57,2017-05-03 15:55:28,2017-05-04 15:21:16,2017-05-15 15:53:47,2017-05-31,89.0,18.05,1,1,107.05,5,1,1.0,1.0,760060a31cf4c2335c40eef87cf8f812,88220,itapema,SC,12.875578703703704,28.213229166666668,0,107.05
0c21f042461cf5e64d2c087fdcc93fd7,549025fad34a0caabe89d632f0a20a88,delivered,2017-05-02 18:55:30,2017-05-03 11:32:55,2017-05-04 17:43:45,2017-05-17 09:55:30,2017-05-26,32.29,10.96,1,1,43.25,1,1,4.0,1.0,f6b425b2f38f6842c559fa89c27c2621,12270,jambeiro,SP,14.625,23.211458333333333,0,43.25
b365901bc2db4d091bb644506af64afe,e486763e526dc24abee95cc496d9856b,delivered,2017-05-02 18:55:50,2017-05-03 11:43:06,2017-05-05 09:17:15,2017-05-15 08:47:35,2017-05-25,79.99,14.73,1,1,94.72,1,1,5.0,1.0,31d47c84875a0ac84835c7162a0146e4,3660,sao paulo,SP,12.577604166666667,22.21122685185185,0,94.72
334062cc253eacbccdb7825335f7b815,9a56e99aeffb0d929f73eb7c556f4c6e,delivered,2017-05-02 19:41:44,2017-05-03 16:02:50,2017-05-04 12:05:29,2017-05-18 06:55:28,2017-05-31,39.99,17.78,1,1,57.77,5,1,1.0,1.0,5690e82f9710f3a35c8e1eaa6870a651,77300,dianopolis,TO,15.46787037037037,28.17935185185185,0,57.77
d379106e33d9ce768889ef816526d215,12cc3483aa642a0bec778f15ed0b2738,delivered,2017-05-02 19:46:30,2017-05-03 15:10:17,2017-05-04 11:19:53,2017-05-17 09:17:39,2017-05-25,79.9,20.64,1,1,100.54,5,1,5.0,1.0,a595e9ab24a7e30e311b9b56aa5cb280,37584,congonhal,MG,14.563298611111112,22.176041666666666,0,100.54
1ed06e2cc13fded79d12250b2de6ceec,4984b12b5f7adf462ae21f06f87cdf8a,delivered,2017-05-02 19:51:34,2017-05-03 16:02:47,2017-05-09 15:36:58,2017-05-18 15:59:53,2017-05-25,99.9,22.17,1,1,122.07,4,1,4.0,1.0,f0d30d87e962257bae0032a2775bd8bd,26060,nova iguacu,RJ,15.839108796296296,22.172523148148148,0,122.07000000000001
910a48f54e6c4306950210893f7cf498,8604d93017eead9cf30eab424c9adbce,delivered,2017-05-02 19:58:30,2017-05-03 11:23:06,2017-05-18 07:27:41,2017-05-22 12:46:07,2017-06-06,75.9,14.7,1,1,90.6,1,1,5.0,1.0,868df2e96f28e3a3d98f7044306270cc,22221,rio de janeiro,RJ,19.699733796296297,34.16770833333333,0,90.60000000000001
d907dae45d8ccfff636cf4369e496bad,57d96ece378b9b2e8a82c01112a6f6d2,delivered,2017-05-02 20:05:15,2017-05-03 15:10:23,2017-05-04 12:05:22,2017-05-10 16:46:37,2017-05-26,56.99,14.57,1,1,71.56,3,1,5.0,1.0,de8584984df5642ac41bd3a576fd52f8,80240,curitiba,PR,7.862060185185185,23.163020833333334,0,71.56
9d6127ca58b32bb6c99618d9a034d216,0d708e354668577599a4ec73b3b27679,delivered,2017-05-02 20:05:26,2017-05-03 15:10:26,2017-05-03 15:58:25,2017-05-15 11:36:20,2017-06-07,139.9,25.47,1,1,165.37,7,1,5.0,1.0,10970b05ac4e0bc0b8d1709eb3dd378f,64212,parnaiba,PI,12.646458333333333,35.162893518518516,0,165.37
c2efe3316fd0545aecf304c9689a33c0,be4b5e9f7813a8204cfdb7650502cb17,delivered,2017-05-02 20:06:16,2017-05-03 14:15:22,2017-05-05 13:46:58,2017-05-09 11:44:16,2017-05-29,51.9,16.06,1,1,67.96,1,1,4.0,1.0,4c694c3b39512b594cf9b896ec458c89,3634,sao paulo,SP,6.651388888888889,26.162314814814813,0,67.96
bced6994157f0832d51623583ac46719,19b963ff5c5aacf997da7ea79cd8e530,delivered,2017-05-02 20:17:25,2017-05-03 15:31:38,2017-05-05 13:46:58,2017-05-09 11:52:35,2017-05-25,51.9,14.53,1,1,66.43,1,1,1.0,1.0,a0082ae22049673154e85708f41c6d16,88354,brusque,SC,6.649421296296296,22.15457175925926,0,66.42999999999999
f79a35da168301ae56922475da21117b,70bc4d9cf2bbeea3f7b09798370f5884,delivered,2017-05-02 20:18:45,2017-05-03 15:15:13,2017-05-04 12:05:22,2017-05-10 09:33:48,2017-05-26,56.99,14.57,1,1,71.56,4,1,5.0,1.0,ffffd2657e2aad2907e67c3e9daecbeb,83608,campo largo,PR,7.552118055555556,23.153645833333332,0,71.56
48a36f577fc4102b3e63e0f462684da4,da802462ba25989f0978a38edad45603,delivered,2017-05-02 20:24:08,2017-05-04 13:10:28,2017-05-05 14:20:40,2017-05-23 12:56:57,2017-06-02,25.99,20.4,1,1,46.39,4,1,4.0,1.0,22d09ea35094420d87fca33b10f932d3,49043,aracaju,SE,20.68945601851852,30.149907407407408,0,46.39
ee0bc21fad473e058d1c514663bf0a74,39bb94af240cb108d95e5d33836c21bd,delivered,2017-05-02 20:31:41,2017-05-03 15:15:17,2017-05-05 09:26:05,2017-05-12 11:49:39,2017-05-25,39.99,14.52,1,1,54.51,2,1,4.0,1.0,d5e9479e0d4462c1542dae4350837e08,85875,santa terezinha de itaipu,PR,9.637476851851853,22.14466435185185,0,54.510000000000005
446e02d86df55998dcede938bc79e2cc,5a12a1ecadb4e8f242c539926905d4a9,delivered,2017-05-02 20:32:57,2017-05-03 14:15:18,2017-05-04 13:55:24,2017-05-15 08:33:43,2017-06-01,295.9,40.78,1,1,336.68,3,1,5.0,1.0,ab3ebcd3c8dac9e9c83715eb8af0f64a,22270,rio de janeiro,RJ,12.500532407407407,29.14378472222222,0,336.67999999999995
daa13cb5f8efbd2ee69043963b0f233c,6a5b19b0670d2e6bfe0ac7b4c858f58f,delivered,2017-05-02 20:37:35,2017-05-03 15:15:22,2017-05-05 14:47:53,2017-05-17 14:06:59,2017-05-25,139.9,15.15,1,1,155.05,8,1,5.0,1.0,6554c017c778ada342413c99dac69a3f,24930,marica,RJ,14.72875,22.14056712962963,0,155.05
0358c6f73774fe4d4ea9b936ce61ab2a,826620317269a6de80fbdfa41e213c83,delivered,2017-05-02 20:47:48,2017-05-03 16:02:59,2017-05-09 09:06:10,2017-05-22 23:49:44,2017-06-07,69.9,19.19,1,1,89.09,2,1,4.0,1.0,c7a121a8997c9fb5086cd1ab624dc1ac,40720,salvador,BA,20.126342592592593,35.133472222222224,0,89.09
265e89a62092ab36c7e1852464cdb377,d9099622aba33ba41b04642e07aaec3f,delivered,2017-05-02 20:55:58,2017-05-03 16:03:00,2017-05-11 15:42:52,2017-05-19 12:53:59,2017-06-09,238.0,28.14,1,1,266.14,10,1,5.0,1.0,3ffc9e7d9a645567da4f2fbd6a01aafc,39580,francisco sa,MG,16.66528935185185,37.127800925925925,0,266.14
d3221f47eb4afb028ea89bf72bdc8bc8,cc9ff086a2bd5f8a324fce11bcd7055a,delivered,2017-05-02 20:56:43,2017-05-03 15:22:47,2017-05-04 09:53:18,2017-05-08 09:26:42,2017-05-23,139.9,13.56,1,1,153.46,7,1,5.0,1.0,552f4c68fcae04382aef330ece516f4e,28610,nova friburgo,RJ,5.52082175925926,20.127280092592592,0,153.46
1217de8bb29e23b3b4ca52c564fb143a,8fcebad47cb22e7a7576c02a882a66ed,delivered,2017-05-02 20:57:56,2017-05-03 15:22:49,2017-05-09 08:48:03,2017-05-18 07:35:54,2017-06-01,69.9,15.7,1,1,85.6,3,1,4.0,1.0,1dc64a765cc16cb5c9962dcb25491751,7193,guarulhos,SP,15.443032407407408,29.126435185185183,0,85.60000000000001
73eb70779d3a8a4647f8ccf9c43d2623,7bf43e2d079beb839eaff3937bb6fe81,delivered,2017-05-02 21:03:22,2017-05-03 14:15:23,2017-05-05 11:32:48,2017-05-16 12:43:05,2017-06-13,229.9,27.87,1,1,257.77,1,1,5.0,1.0,a5baa76c04eea8a1a3c199cb05abc4a2,56912,serra talhada,PE,13.652581018518518,41.12266203703704,0,257.77
81fff738e05d97b97be744936e7535a7,7620a188e9b6ed4a710a6e7a2b08278e,delivered,2017-05-02 21:14:49,2017-05-03 15:22:54,2017-05-12 10:35:55,2017-05-24 11:16:33,2017-06-06,129.99,29.84,1,1,159.83,4,1,5.0,1.0,904d27a97e6551227ff4cd1be288226c,62270,hidrolandia,CE,21.584537037037038,34.11471064814815,0,159.83
8b7d20431612adc12a56218cbefaddb1,3ddb718532ca50ad1bc6895d5a9032ef,delivered,2017-05-02 21:15:15,2017-05-03 15:22:54,2017-05-04 13:44:06,2017-05-08 09:13:58,2017-05-25,299.99,17.31,1,1,317.3,10,1,5.0,1.0,a694d32f77ef3b51fac251f40b0700ab,14030,ribeirao preto,SP,5.499108796296296,22.114409722222224,0,317.3
d45a607d52fb19d5403aea4da8c702a0,213ade63ccbbf3f5db55a254ea8a96d6,delivered,2017-05-02 21:24:03,2017-05-04 02:50:39,2017-05-11 10:48:00,2017-05-17 13:13:52,2017-05-25,17.89,14.52,1,1,32.41,1,1,5.0,1.0,29a8abb3c40ac7c4b9f0c0d164caca94,36500,uba,MG,14.659594907407408,22.10829861111111,0,32.41
aafd191085488777c9d6b1aa8335ddd7,6e4e92020773c17f824fcec1f80d11ef,delivered,2017-05-02 21:33:57,2017-05-04 02:55:44,2017-05-04 13:37:30,2017-05-15 13:21:50,2017-06-01,99.7,14.87,1,1,114.57,1,1,1.0,1.0,560a6e0ef8a24a50cd83690e297827ca,29700,colatina,ES,12.658252314814815,29.101423611111112,0,114.57000000000001
923765fdb94682f0fa2229c76ba718fe,4e7f50e38bd6c41ce61f46ab4435f0fd,delivered,2017-05-02 21:45:24,2017-05-03 15:25:19,2017-05-05 07:55:33,2017-05-11 10:13:54,2017-05-23,44.99,10.96,1,1,55.95,1,2,5.0,1.0,f1629e4f93f5a1d55e736642a59e54a2,6273,osasco,SP,8.519791666666666,20.09347222222222,0,55.95
c68d536a69b345791fac24a064e2648f,486a90d073c2351d2a053f214e2dee56,delivered,2017-05-02 21:49:29,2017-05-03 14:22:20,2017-05-04 16:07:36,2017-05-24 18:30:17,2017-05-23,179.8,22.48,2,1,202.28,8,1,4.0,1.0,b87de93b3da9029358825ff448b11b7a,9320,maua,SP,21.861666666666668,20.090636574074075,1,202.28
cbeaa013552d74983472628c5534d3e8,9235b5fc6713b7c6c4f69975c54a8028,delivered,2017-05-02 21:55:39,2017-05-04 06:35:28,2017-05-04 14:47:48,2017-05-09 09:18:42,2017-05-23,21.9,10.96,1,1,32.86,1,1,1.0,1.0,7e02c8933533aa2589986ed7dc51f359,18052,sorocaba,SP,6.474340277777777,20.086354166666666,0,32.86
308a27c02747a7b997944034c014302d,38e584a08f477bf894151834aad7cdc6,delivered,2017-05-02 21:57:18,2017-05-03 15:31:51,2017-05-09 09:06:27,2017-05-15 15:08:04,2017-05-29,121.99,17.28,1,1,139.27,10,1,5.0,1.0,7ff0197ba562b5d83bfe9cc3e64dec79,21221,rio de janeiro,RJ,12.715810185185186,26.085208333333334,0,139.26999999999998
dec898799672bf9d3c4930eac5026453,94a292b8351222b8c21609a7c1105ef9,delivered,2017-05-02 22:07:12,2017-05-03 15:30:15,2017-05-04 12:16:18,2017-05-12 12:38:28,2017-05-31,139.9,19.11,1,1,159.01,5,1,4.0,1.0,81e3fe009117cd8a8b52bb74a15e2636,20550,rio de janeiro,RJ,9.605046296296296,28.078333333333333,0,159.01
3f5c39e43c1ec1232676e88090d48fe7,209ad2bfbe7e0b781a5d22d92ec099f3,delivered,2017-05-02 22:11:54,2017-05-03 15:30:19,2017-05-04 09:08:16,2017-05-13 09:39:37,2017-05-25,141.9,19.27,1,1,161.17,1,1,5.0,1.0,ebcfea2aa4ee12ae2069e0f49139d419,84262,telemaco borba,PR,10.477581018518519,22.075069444444445,0,161.17000000000002
f25ef046203c850005cd4200f7f8c190,5d198c71f07ca2f27163c5f04205e1fd,delivered,2017-05-02 22:12:26,2017-05-03 15:32:04,2017-05-04 15:04:47,2017-05-11 09:51:48,2017-05-25,16.99,14.52,1,1,31.51,1,1,5.0,1.0,38ffcf9d0335fcd271b71de0238ab312,3804,sao paulo,SP,8.485671296296296,22.074699074074076,0,31.509999999999998
59cd790c5f7a727afff6c7032bf26f90,d1f1aa9eb76e6164001d6eeff00ecbcb,delivered,2017-05-02 22:19:11,2017-05-03 11:33:25,2017-05-12 10:22:06,2017-05-18 11:07:45,2017-05-26,199.9,15.57,1,1,215.47,1,1,4.0,1.0,5c6cba8704f48b94e13d71503b627de1,90430,porto alegre,RS,15.533726851851851,23.070011574074073,0,215.47
bc7de131c11fe08e0311312624e2d752,bc0e1034fbb8ae2dc686562b304dd0f7,delivered,2017-05-02 22:26:38,2017-05-03 16:05:12,2017-05-04 16:57:37,2017-05-08 16:28:09,2017-05-23,249.0,13.13,1,1,262.13,2,1,2.0,1.0,07a934d1a0dbd0136bb380c9010fe3eb,4269,sao paulo,SP,5.751053240740741,20.06483796296296,0,262.13
a3de74fbe2db7081a1c0262272cd4283,bf565aadf676f4dd804dd19aa89aba19,delivered,2017-05-02 22:36:47,2017-05-03 14:22:24,2017-05-15 07:52:04,2017-05-24 11:28:58,2017-06-06,129.99,29.26,1,1,159.25,7,1,4.0,1.0,62bc80a87f8fd6a0ec196436009e0f8b,64045,teresina,PI,21.536238425925927,34.05778935185185,0,159.25
ef8fadadf0fa0193e9b455abf08484ce,f5ac2e5720e20d222f1cfc513670b40f,delivered,2017-05-02 22:39:55,2017-05-03 15:35:19,2017-05-04 14:35:35,2017-05-11 12:34:10,2017-05-25,97.9,14.86,1,1,112.76,4,1,4.0,1.0,c2f9502d4fe948ba08ecfa7e492fae07,19063,presidente prudente,SP,8.579340277777778,22.055613425925927,0,112.76
8ffdb23dc30d4050e387117034445f98,859a7b535e698c33782421bd099629b6,delivered,2017-05-02 23:03:56,2017-05-03 15:35:25,2017-05-11 14:29:05,2017-06-06 15:54:37,2017-05-30,129.9,20.99,1,1,150.89,5,1,1.0,1.0,1053f67b98927ed3b841a229503ea060,28970,araruama,RJ,34.70186342592593,27.038935185185185,1,150.89000000000001
623716bbf6906482f613440819f26f3d,d86a7f223ce234dbeb9b8a43e492d4a1,delivered,2017-05-02 23:05:38,2017-05-03 15:42:10,2017-05-04 11:51:20,2017-05-16 09:58:42,2017-06-06,219.0,27.79,1,1,246.79,10,1,5.0,1.0,48ee05f414035e54588934fd0f05378a,59810,portalegre,RN,13.453518518518518,34.03775462962963,0,246.79
c859bbfda403ac31857038177a367e1b,ed326eba566d15b5ec9193e2fca7f929,delivered,2017-05-02 23:15:01,2017-05-03 23:22:36,2017-05-04 14:10:06,2017-05-11 09:47:33,2017-05-30,154.0,26.24,2,1,180.24,6,1,5.0,1.0,c5f0d3a9f49be326dd2b7f48ec5d7912,6868,itapecerica da serra,SP,8.43925925925926,27.031238425925928,0,180.24
cb61f25ed186c04d0a96e8830a3078d2,7b87f3ec73e9b766c9b145790745ab7d,delivered,2017-05-02 23:22:06,2017-05-03 23:30:11,2017-05-04 11:52:53,2017-05-18 18:29:57,2017-06-02,379.0,31.69,1,1,410.69,10,1,4.0,1.0,153c97dab1f1c6a92ac787c93be1b35c,77021,palmas,TO,15.797118055555556,30.026319444444443,0,410.69
dfa28d8e8d39258262ca8e4fe6293a78,11ca735fecae936dacfea16499b4b4d7,delivered,2017-05-02 23:26:03,2017-05-03 15:42:18,2017-05-08 16:05:09,2017-05-17 10:14:46,2017-05-26,286.0,30.34,2,1,316.34,10,1,5.0,1.0,b5be7a62bae2b8f3b867d2e9ba629a59,36700,leopoldina,MG,14.450497685185185,23.023576388888888,0,316.34
8d994f4a7b065361eaddea05bd528909,a70fd3823ab6ab1e61ed9d12694177c2,delivered,2017-05-02 23:32:01,2017-05-04 02:50:13,2017-05-12 10:17:53,2017-05-25 09:28:54,2017-06-02,19.9,22.28,1,1,42.18,1,1,1.0,1.0,615d331d1748782f9c2e1b15b859809b,33350,sao jose da lapa,MG,22.414502314814815,30.01943287037037,0,42.18
eb16f27e232c80b012a9b0f0d95a9f67,d8ee7aba8a882551b2786b1fe588962f,delivered,2017-05-03 00:06:29,2017-05-04 01:55:21,2017-05-04 13:21:46,2017-05-11 12:34:39,2017-05-24,35.0,10.96,1,1,45.96,2,1,5.0,1.0,6d4da5cdac9304bddad302e396e61bfb,15704,jales,SP,8.519560185185185,20.995497685185185,0,45.96
f6f0b0676bef546699a839d4e32078be,4abc685fab216e3d64369af95b1fe788,delivered,2017-05-03 01:33:19,2017-05-04 10:03:00,2017-05-08 15:37:59,2017-05-12 13:26:56,2017-05-24,207.94,48.02,2,1,255.96,10,1,5.0,1.0,6502d0e082d6440dbe54d92418a450ed,19905,ourinhos,SP,9.49556712962963,20.93519675925926,0,255.96
49693494d8f42b42b80c8241976f8460,3651260dcfacc8962f8ba0a0df6000cf,delivered,2017-05-03 01:40:46,2017-05-04 10:03:02,2017-05-05 14:20:43,2017-05-18 08:46:13,2017-06-05,37.99,20.8,1,1,58.79,1,1,5.0,1.0,300e292ab8b4f69464294badedaadffa,78320,juina,MT,15.295451388888889,32.930023148148145,0,58.790000000000006
ff3a45ee744a7c1f8096d2e72c1a23e4,bb308532dc44f5973cd2caf17d15bd8c,delivered,2017-05-03 07:08:50,2017-05-04 10:15:19,2017-05-05 10:34:52,2017-05-15 10:13:46,2017-06-05,139.0,21.42,1,1,160.42,3,1,5.0,1.0,367879109f7a4aac09ac25b29d133d3a,27285,volta redonda,RJ,12.128425925925926,32.70219907407407,0,160.42000000000002
34e6b9f685df8e8b6465a715689c749f,8510c34c43e454d2c8025d92613821e9,delivered,2017-05-03 07:16:30,2017-05-04 10:15:20,2017-05-04 14:47:59,2017-05-15 11:59:06,2017-06-07,97.4,25.17,1,1,135.34,11,1,5.0,1.0,d1709096e74acf49019b4b48799c9419,64217,parnaiba,PI,12.19625,34.696875,0,122.57000000000001
bb3e2a4f3e37bb94bb72fbc8a2fc7981,b278ba8c68b29b49e4164e3b79182978,delivered,2017-05-03 08:19:20,2017-05-04 06:35:19,2017-05-10 15:26:21,2017-05-19 15:23:56,2017-05-26,32.9,14.11,1,1,47.01,1,1,5.0,1.0,f3201e968a7ab367335f43807cd67576,2264,sao paulo,SP,16.29486111111111,22.653240740740742,0,47.01
58e6526f1ade5070dcfbc31f7eacfe50,598d66fab82d8be2710823b2998d5843,delivered,2017-05-03 08:23:09,2017-05-04 10:15:27,2017-05-15 08:04:09,2017-05-29 19:03:52,2017-05-26,99.99,15.91,1,1,115.9,10,1,1.0,1.0,fb7832ae56255031b893cbeb6df21264,27525,resende,RJ,26.44494212962963,22.650590277777777,1,115.89999999999999
da8b28740e0c2eab5292d17c3cbb853b,36ffc4b2179b9dec36fcfe0595c28bf5,delivered,2017-05-03 08:28:44,2017-05-04 10:22:31,2017-05-04 11:51:15,2017-05-25 12:14:16,2017-06-05,49.99,20.8,1,1,70.79,3,1,4.0,1.0,0139884762afa50d78fe480646fe92b5,49400,lagarto,SE,22.15662037037037,32.646712962962965,0,70.79
3dcca0000c916de0c956a7cf2337dfc5,2b43f4b26a92cdc2e1b8caa8f70091a5,delivered,2017-05-03 09:01:56,2017-05-04 10:05:21,2017-05-10 10:13:49,2017-05-16 11:52:27,2017-06-05,225.0,15.74,1,1,240.74,10,1,4.0,1.0,4f8cce1447c785e1b70e866daec425a1,36900,manhuacu,MG,13.118414351851852,32.62365740740741,0,240.74
754e0ef304d14ac589b026c5442c12bd,def035a499140a603a98c86bb4fec328,delivered,2017-05-03 09:27:42,2017-05-04 10:25:12,2017-05-12 13:33:20,2017-06-19 18:03:24,2017-06-12,370.0,28.33,1,1,398.33,6,1,1.0,1.0,1f57ba007f9b05f63b26f5d666b2c448,58051,joao pessoa,PB,47.358125,39.60576388888889,1,398.33
6a4ce4b6c9db497b72fc7446e987ffb7,675149f38575f85aeb539721c522692f,delivered,2017-05-03 09:33:59,2017-05-04 10:25:17,2017-05-16 14:33:43,2017-05-24 12:14:46,2017-06-02,87.0,21.92,2,1,108.92,5,1,1.0,1.0,b2526804c81e5a51b34b26cb316d1174,38408,uberlandia,MG,21.111655092592592,29.601400462962964,0,108.92
b2e7423926537e79e712ccf08ce1a53f,8e791f9f55fe93044d73c6d79b1cce11,delivered,2017-05-03 09:49:58,2017-05-04 10:25:21,2017-05-04 11:12:40,2017-05-09 13:15:18,2017-05-24,97.99,15.8,1,1,113.78999999999999,3,2,4.0,1.0,8e2211b4f8991190e309f38fccf7a8f3,7231,guarulhos,SP,6.142592592592592,20.590300925925927,0,113.78999999999999
76f8fb142cced489b53c34f1a4a4e23a,ea8468e1d8105f78251e09dbd384f524,delivered,2017-05-03 09:56:04,2017-05-05 02:40:18,2017-05-05 15:37:46,2017-05-30 08:53:01,2017-06-08,59.9,19.12,1,1,79.02,1,1,5.0,1.0,816093dd2f12bff6689df8bbd77f5989,49055,aracaju,SE,26.956215277777776,35.58606481481481,0,79.02
eb92ca9ec0ad2f752061eeae4cff2f6e,009c99241ad4ac86427982c474c18771,delivered,2017-05-03 10:06:00,2017-05-04 02:50:28,2017-05-05 09:03:21,2017-05-10 08:37:53,2017-06-16,29.9,20.8,1,1,50.7,1,1,4.0,1.0,ed3540836eb82093f5647ec31a037f42,44700,jacobina,BA,6.93880787037037,43.579166666666666,0,50.7
9c79cbb5642412b4151353f3dc4d4ee3,0f80a5a2ed84b5faab4b319acd731049,delivered,2017-05-03 10:25:33,2017-05-04 10:30:18,2017-05-04 14:46:38,2017-05-23 15:12:40,2017-06-05,389.0,55.13,1,1,444.13,5,1,2.0,1.0,2a4ad1137664f7cbeed3b3f0e0d010cd,43700,simoes filho,BA,20.199386574074072,32.56559027777778,0,444.13
c666d3cad8c556562a918f53cfff996d,9f190a7334f8e7b2531f1ae41045be3e,delivered,2017-05-03 10:26:53,2017-05-03 11:23:07,2017-05-11 16:03:55,2017-05-24 10:57:57,2017-06-01,195.0,18.8,1,1,213.8,10,1,5.0,1.0,fd21844af53ea03bbc4e5cb466e4037f,75350,guapo,GO,21.021574074074074,28.564664351851853,0,213.8
7bed52ae04d24f8dd5725a005681fbfc,84d87129f3907d8fcbca2b05ceabab6d,delivered,2017-05-03 10:28:56,2017-05-05 02:23:30,2017-05-05 15:28:02,2017-05-23 14:11:48,2017-06-14,69.9,37.45,1,1,107.35,1,1,5.0,1.0,bb0b8d03d05ecd90e5e3f9168dd22eac,68380,sao felix do xingu,PA,20.15476851851852,41.56324074074074,0,107.35000000000001
e51c3cf4bfd09ebd8f6d0174af3ed628,6ad4a3dde17f5ebffcee1589413b5a82,delivered,2017-05-03 10:30:37,2017-05-04 03:02:53,2017-05-04 13:55:51,2017-05-14 22:48:35,2017-05-31,49.9,10.96,1,1,60.86,1,1,1.0,1.0,3c8f2e6c04d6808b8f9c3b34a01e0d60,38794,varjao de minas,MG,11.512476851851853,27.562071759259258,0,60.86
7fee7d4412f1c3a36d5c873789b75a4e,e1ff7d78a58e41ab3e811cce1c387870,delivered,2017-05-03 10:35:16,2017-05-03 11:25:22,2017-05-04 14:38:43,2017-05-11 20:17:36,2017-06-02,110.9,14.95,1,1,125.85,2,1,5.0,1.0,eecc7a9ae13f23fe9f3092751cb5cc09,38180,araxa,MG,8.404398148148148,29.558842592592594,0,125.85000000000001
588017c78f6057bfaad9fafa5a05f5d9,73fb68a156f353bf0c8946c0f3544086,delivered,2017-05-03 10:49:36,2017-05-03 11:10:19,2017-05-05 16:35:02,2017-05-22 23:18:28,2017-06-05,119.0,33.38,1,1,152.38,3,1,5.0,1.0,98d2fc070f4afbd02c5788eacc6949c5,40279,salvador,BA,19.520046296296297,32.54888888888889,0,152.38
ac1f8bc6b3c078bfffea1d665ab682c8,4da799d14f41e5eba0086f5e718a4a52,delivered,2017-05-03 11:07:39,2017-05-04 02:55:44,2017-05-04 13:25:51,2017-05-18 14:13:11,2017-05-26,49.0,14.11,1,1,63.11,1,1,5.0,1.0,bbf645d1ccb2a6cfc744838145df0659,21310,rio de janeiro,RJ,15.128842592592592,22.536354166666666,0,63.11
fbfc97df1457d7d38a31cb4ffd994f6f,10693241cdb6f6538e240723a250a957,delivered,2017-05-03 11:24:08,2017-05-03 11:45:50,2017-05-10 11:13:24,2017-05-16 11:24:00,2017-05-24,141.5,11.6,1,1,153.1,1,1,4.0,1.0,55028e8e2480d63481e17e2966920266,1455,sao paulo,SP,12.999907407407408,20.524907407407408,0,153.1
624c268e0f962ef1cbf0033ad522f675,bafa2b1bf446e21ad617511be6078573,delivered,2017-05-03 11:34:18,2017-05-03 11:50:29,2017-05-05 16:56:34,2017-05-23 09:29:34,2017-05-30,79.99,19.15,1,1,99.14,1,1,4.0,1.0,e67d2d24911d799845deaef02de14064,96735,barao do triunfo,RS,19.91337962962963,26.517847222222223,0,99.13999999999999
61f3f649c1807a50b9bc39838901a844,d65e28d2294fbbb0478399253357ed8c,delivered,2017-05-03 11:39:00,2017-05-05 02:25:10,2017-05-10 09:17:01,2017-05-16 11:03:35,2017-05-31,74.9,11.13,1,1,86.03,1,1,5.0,1.0,ec4cd7ddaf4428edd57382c05e46c2e9,13835,conchal,SP,12.975405092592593,27.514583333333334,0,86.03
0394e320572c0048e41267320a28270e,28135fbf5e6fc1254fd50aafee7b02b0,delivered,2017-05-03 11:58:43,2017-05-04 06:35:24,2017-05-04 15:58:09,2017-05-24 20:51:56,2017-06-07,116.0,25.3,1,1,141.3,1,1,3.0,1.0,d00ff6cef15542658c3d75742fa2dca8,68927,santana,AP,21.370289351851852,34.5008912037037,0,141.3
7df7653547bf44ffc3ac4a10375672cc,36909e3da877ae21a068c17e1a723de9,delivered,2017-05-03 12:00:36,2017-05-03 12:10:27,2017-05-04 12:50:02,2017-05-16 14:47:33,2017-05-29,238.9,27.17,1,1,266.07,6,1,5.0,1.0,caf030712c039c23b67313c065887328,25070,duque de caxias,RJ,13.1159375,25.499583333333334,0,266.07
dfdbb5222ccb0db3a64c6a09ba0995b1,f96d1e884731f2c5327d02bf12c8d451,delivered,2017-05-03 12:13:55,2017-05-03 13:03:10,2017-05-05 09:44:03,2017-05-16 13:17:47,2017-05-30,439.9,52.56,1,1,492.46,5,1,4.0,1.0,08bfcb6437da0562a0b6d9f4cc5c7d2b,35767,jequitiba,MG,13.044351851851852,26.490335648148147,0,492.46
90a0bd8d00c4afbc283188ad3e9448fd,d148f5756c15a01207d47e46cc45e21d,delivered,2017-05-03 12:29:40,2017-05-04 02:50:31,2017-05-04 11:32:22,2017-05-15 13:25:08,2017-06-08,34.99,24.84,1,1,59.83,1,1,5.0,1.0,fd1909e6c597bb4feabd8d74fa6ea466,65245,peri mirim,MA,12.038518518518519,35.47939814814815,0,59.83
b706405cf60251b5bc3c338db1418213,1872973af533906c6aa02988b965a676,delivered,2017-05-03 12:57:41,2017-05-04 10:30:28,2017-05-15 20:19:37,2017-05-25 12:14:46,2017-06-02,52.0,22.91,1,1,74.91,4,1,4.0,1.0,33874761fef19ddc1089150eb89b3d5d,88370,navegantes,SC,21.97019675925926,29.45994212962963,0,74.91
70e51d3f5d7998b5e5dc66bf35d31425,50117c5a5e5835462f0b883c2deca4e6,delivered,2017-05-03 13:06:02,2017-05-04 10:30:39,2017-05-08 15:28:51,2017-05-16 09:49:40,2017-06-02,59.74,18.7,1,1,78.44,6,1,4.0,1.0,e51efefcf76a095a370c27d90d0263a7,13280,vinhedo,SP,12.863634259259259,29.454143518518517,0,78.44
4e859ec6c134b185e0102517fb986b4d,b4c4291f7c8e0d11b046622458f34b08,delivered,2017-05-03 13:08:06,2017-05-04 02:50:42,2017-05-04 12:40:11,2017-05-26 14:19:55,2017-05-26,73.0,15.72,1,1,88.72,1,1,5.0,1.0,b3a6784fab05edd31ceb7c5f5f4669ce,24440,sao goncalo,RJ,23.049872685185186,22.452708333333334,1,88.72
d5f7fa751e79c6327ae63759c262813a,d58dd61e00d60216394bfb05cdd36499,delivered,2017-05-03 13:11:43,2017-05-04 10:05:36,2017-05-04 11:19:54,2017-05-15 11:38:05,2017-05-26,109.9,37.17,1,1,147.07,5,1,5.0,1.0,5dc6b780f9e22a6716b82eee8fe43155,36790,mirai,MG,11.934976851851852,22.45019675925926,0,147.07
0f4b5614da144989e2acc5291af24357,a3343433090af3beb34febb7899bf0ee,delivered,2017-05-03 13:26:13,2017-05-03 14:02:26,2017-05-05 08:44:36,2017-05-09 16:15:10,2017-06-13,79.0,17.98,1,1,96.98,4,1,5.0,1.0,211b37b962213af58254f17ccf855d67,31170,belo horizonte,MG,6.1173263888888885,40.440127314814816,0,96.98
1280f995f41bf95106134b4d116a5f01,c71d7cc776805177a8efc0f904ee5b60,delivered,2017-05-03 13:31:27,2017-05-08 23:33:06,2017-05-03 16:35:47,2017-05-11 12:41:58,2017-05-26,39.9,14.52,1,1,54.42,2,1,4.0,1.0,999bf1d2709dc80fcf55a92805ecc34f,13082,campinas,SP,7.965636574074074,22.436493055555555,0,54.42
d973ffbdc6785dd43a4bc006e69ae3e3,5e28694d6a61d430630535b17b41ee86,delivered,2017-05-03 13:32:37,2017-05-03 14:02:34,2017-05-04 16:07:35,2017-05-15 12:33:25,2017-05-29,89.9,14.8,1,1,104.7,2,1,5.0,1.0,203176d5efdb94633c04cad04377447f,38160,nova ponte,MG,11.95888888888889,25.43568287037037,0,104.7
41223ff2c9f99053ad5379603589764b,6bef722b6f3ec6e2a8b802714ebdf200,delivered,2017-05-03 13:34:47,2017-05-03 14:02:36,2017-05-05 14:43:59,2017-05-12 13:41:50,2017-05-26,138.9,17.71,1,1,156.61,2,1,5.0,1.0,7c661ab6086601aeda2f6e43c7c2988c,31270,belo horizonte,MG,9.004895833333334,22.434178240740742,0,156.61
8fe92dd4725e5491f940344206b42fe5,97f48d561699cbd0a71b916d358a8fb5,delivered,2017-05-03 13:35:57,2017-05-03 14:02:34,2017-05-04 13:03:08,2017-05-24 12:39:09,2017-06-05,24.87,20.8,1,1,45.67,3,1,5.0,1.0,9f80e32a2a2ec6b616fb0d2264074a34,44190,santo estevao,BA,20.960555555555555,32.433368055555555,0,45.67
b5abb8bf256812ff9e3632e72e6e9bc1,86d6acc63819436badea3a80f627baec,delivered,2017-05-03 13:36:01,2017-05-04 03:03:04,2017-05-10 10:43:36,2017-05-16 09:43:01,2017-05-26,179.9,24.25,1,1,204.15,1,1,5.0,1.0,d535100c2f6bfd9896b6bf27703204f6,20510,rio de janeiro,RJ,12.838194444444444,22.433321759259258,0,204.15
042c384c3edbe39a47895217eb5e90a4,c54f1cbae6276adf60d6e66d6543a1ee,delivered,2017-05-03 13:36:26,2017-05-03 14:02:33,2017-05-04 11:00:49,2017-05-08 10:13:00,2017-05-31,145.0,28.2,1,1,173.2,8,1,5.0,1.0,900403954518736c75167e1536f5a9a6,11320,sao vicente,SP,4.858726851851852,27.433032407407406,0,173.2
b1c47af65ac03344fe07e4e74245c300,6dca55c3c097a85c54cd691376901bac,delivered,2017-05-03 13:39:40,2017-05-03 14:02:44,2017-05-10 12:46:10,2017-05-16 10:39:51,2017-05-26,13.98,14.52,1,1,28.5,2,1,5.0,1.0,55259a97665208d40d62b5a26f9f0915,36832,caiana,MG,12.875127314814815,22.43078703703704,0,28.5
678bd15805d851357f116d567cd7407a,2b1e9d6833d3bacf6bd396c45cd3f9e4,delivered,2017-05-03 13:45:35,2017-05-03 14:05:08,2017-05-09 07:34:33,2017-05-15 13:36:41,2017-05-30,130.0,32.3,2,1,162.3,8,1,5.0,1.0,ab7cdfa1b49e85329b28e1e1184c013f,90520,porto alegre,RS,11.993819444444444,26.426678240740742,0,162.3
863ed82a296435f3a4d1a4b878450a5e,038d3dd1371d364b6ae8ece9febc397b,delivered,2017-05-03 13:51:09,2017-05-03 14:10:27,2017-05-04 14:47:45,2017-05-08 09:57:40,2017-05-24,84.9,11.98,1,1,96.88,1,2,5.0,1.0,18e3d276253780b44b5b7bf83f6785ec,11420,guaruja,SP,4.837858796296296,20.4228125,0,96.88000000000001
9072e2cde2e421bafb3a41d3f01c7dda,4c67f376c7f7992759da86c187c29cbb,delivered,2017-05-03 13:59:16,2017-05-03 14:10:19,2017-05-11 14:29:04,2017-05-26 10:37:26,2017-05-31,199.9,21.48,1,1,221.38,2,1,5.0,1.0,e5a3e54ded53808d9d71f9fa66de71ce,21745,rio de janeiro,RJ,22.859837962962963,27.417175925925925,0,221.38
4c959cef952d956648c3e32fe04cba51,6ca0d9c6f1ae92749f2559e37bc1343c,delivered,2017-05-03 13:59:24,2017-05-03 14:10:19,2017-05-04 13:29:02,2017-05-08 11:52:06,2017-05-29,52.99,15.13,1,1,68.12,3,1,5.0,1.0,c382ddd6ae3bedcad8f6a0e9840fcd7b,80035,curitiba,PR,4.911597222222222,25.417083333333334,0,68.12
ec14fe27cdd56da769c9bdd391d045bb,ae9d2891117e90ccb2f5c67fe6788a59,delivered,2017-05-03 14:19:02,2017-05-03 14:30:18,2017-05-08 15:34:05,2017-05-16 13:42:59,2017-05-30,39.9,20.67,1,1,60.57,3,1,5.0,1.0,24815ad88216adc906d9e7c35241d79d,94010,gravatai,RS,12.974965277777779,26.403449074074075,0,60.57
f014dfdae1ca2bda29bd1c98870ccd49,68256f31fadd4aad4a03b0ac128f9012,delivered,2017-05-03 14:20:37,2017-05-03 14:35:26,2017-05-04 16:07:37,2017-05-15 09:06:39,2017-05-29,89.9,14.8,1,1,104.7,1,2,5.0,1.0,8430dde1b71b7ed69c6fb3936e77157b,89136,rodeio,SC,11.781967592592592,25.402349537037036,0,104.7
b4678434718dc9db31e1aa674f117169,f81efa4c34209e2098ea6196ac653aae,delivered,2017-05-03 14:22:02,2017-05-03 14:35:29,2017-05-04 20:13:06,2017-05-16 16:42:40,2017-06-02,34.5,14.11,1,1,48.61,1,1,5.0,1.0,85044d903fab10dc5889129a7f828195,4207,sao paulo,SP,13.097662037037036,29.40136574074074,0,48.61
86f9158c646801ca3b16b26373ba78da,d1ed3fa617ded724a9f890f079bc29ec,delivered,2017-05-03 14:24:02,2017-05-03 14:35:26,2017-05-09 09:06:08,2017-05-24 18:37:42,2017-06-12,69.9,22.42,1,1,92.32,4,1,5.0,1.0,6e4ccf6fd2096dd6142c79422db0e105,78735,rondonopolis,MT,21.17615740740741,39.399976851851854,0,92.32000000000001
f833a0260cb98fa615a517d4e4a8cdf3,6b74fa3521fe75edbeff9948022f13d1,delivered,2017-05-03 14:31:43,2017-05-03 14:42:38,2017-05-04 13:08:12,2017-05-10 11:34:12,2017-06-05,89.9,21.08,1,1,110.98,8,1,5.0,1.0,ee3944b64a4a9207cf551a5fe12982d1,38550,coromandel,MG,6.876724537037037,32.394641203703706,0,110.98
6ac885500645362873cc355cb2ae0040,821f7b250a75b95fd34c47673b1a7bf3,delivered,2017-05-03 14:34:16,2017-05-04 02:55:20,2017-05-12 09:26:44,2017-05-18 12:15:33,2017-06-08,179.92,52.26,2,1,232.18,1,1,1.0,1.0,eacf958e5b230979c80540a19464c231,21870,rio de janeiro,RJ,14.90366898148148,35.39287037037037,0,232.17999999999998
f0c82a051af6be8d8bc640ac7ed53065,9cac5970d5355ceb74d4878059ac6399,delivered,2017-05-03 15:03:59,2017-05-04 06:35:27,2017-05-10 09:28:27,2017-05-15 08:31:41,2017-05-24,29.9,11.74,1,1,41.64,1,1,5.0,1.0,f68f314d91a7d17c907e7d25d94d8b75,17011,bauru,SP,11.727569444444445,20.372233796296296,0,41.64
439ab8085bdfb0a6b28f93db1b95435f,3a5f172e34a641517b8d79ea8186bed2,delivered,2017-05-03 15:14:42,2017-05-03 15:30:09,2017-05-04 09:08:18,2017-05-07 14:11:56,2017-05-24,129.9,14.68,1,1,144.58,7,1,5.0,1.0,3e30d9a5ec7b5488a6db9aa572aa9345,4562,sao paulo,SP,3.9564120370370373,20.364791666666665,0,144.58
1dd7e8d1a469f3ce26f8c5c93ce9e636,c4358c59e18e261daa78295cc9b20bb1,delivered,2017-05-03 15:49:05,2017-05-05 02:25:26,2017-05-05 13:22:36,2017-06-09 09:36:11,2017-05-24,32.99,10.96,1,1,43.95,1,1,1.0,1.0,2a780eb007ab182d25845cc267fc762b,7714,caieiras,SP,36.74104166666667,20.34091435185185,1,43.95
3716f40c5211dc25902ffd174d8d198b,f513c0312e420bf280324fc64f3e652f,delivered,2017-05-03 15:54:31,2017-05-03 16:05:23,2017-05-05 13:58:12,2017-05-19 10:27:47,2017-05-24,29.32,11.74,1,1,41.06,2,1,5.0,1.0,547f444dac7d970761bfe5d93dcecd67,13056,campinas,SP,15.773101851851852,20.337141203703705,0,41.06
24bb994d197981b7ea2d6838f535c190,09a9ef35990d77c960763ec0c5a269d3,delivered,2017-05-03 15:55:07,2017-05-03 16:05:20,2017-05-04 13:49:01,2017-05-13 09:27:44,2017-05-24,164.0,11.76,1,1,175.76,2,1,5.0,1.0,e4384633fb2c44dd9d702f57cdb22867,16400,lins,SP,9.730983796296297,20.336724537037036,0,175.76
36d14b81ecf8040d8aba489adf111a94,6b4254cccae427caccdd90c738b60f31,delivered,2017-05-03 16:06:34,2017-05-03 16:15:25,2017-05-04 12:05:29,2017-05-25 19:47:58,2017-06-07,18.99,24.35,1,1,43.34,1,1,4.0,1.0,2dfb04c19b2c957a47ff3ca8c1205349,69901,rio branco,AC,22.15375,34.32877314814815,0,43.34
956df0791d1e89e540bca30c351fece1,45d4713718919c4e07c8dd7d0797f63e,delivered,2017-05-03 16:07:37,2017-05-03 17:10:18,2017-05-15 15:42:24,2017-05-17 16:54:37,2017-05-26,49.0,14.52,1,1,63.52,6,1,5.0,1.0,98fe78f31c97fe5bea79c47254f5d13e,22231,rio de janeiro,RJ,14.032638888888888,22.328043981481482,0,63.519999999999996
5a00cce1aa1bcbcfb4b1f88cc126afb2,b4fe49de4099d1696f0d7d6d00abda0f,delivered,2017-05-03 16:29:08,2017-05-04 02:55:40,2017-05-04 14:08:19,2017-05-18 08:47:29,2017-06-07,98.0,26.95,1,1,124.95,1,1,1.0,1.0,1c0ad53bbac159e9a38bcb2ddc56afe2,64490,regeneracao,PI,14.679409722222223,34.313101851851854,0,124.95
4c0a7f1d22a884bf17e3d17c2861f946,6c485656112feb44f049b50042ddbce6,delivered,2017-05-03 16:36:41,2017-05-05 02:23:05,2017-06-06 14:28:50,2017-06-12 14:52:07,2017-05-30,24.9,15.65,1,1,40.55,1,1,5.0,1.0,8f299349d6fdc25ad456200adde96005,29065,vitoria,ES,39.927384259259256,26.307858796296298,1,40.55
98b59311f54a330a4abb1037b2a1449e,a68c9c1280d2f3b3ba772e0efe9d1468,delivered,2017-05-03 16:47:54,2017-05-03 17:02:31,2017-05-09 15:58:09,2017-05-20 11:48:05,2017-05-26,44.9,15.56,1,1,60.46,2,1,5.0,1.0,9572e8f88b92ef679b8103c7fb8f0e11,9172,santo andre,SP,16.791793981481483,22.300069444444443,0,60.46
ffc1fd8337b12fe96a4c39a0c2991296,ada0af90cd5f4e7c13f84fb47e0a5628,delivered,2017-05-03 16:51:47,2017-05-03 17:05:10,2017-05-04 15:03:06,2017-05-08 11:03:14,2017-06-02,14.9,10.96,1,1,25.86,1,1,5.0,1.0,65440681171bf517a0da7198eeb814f5,6130,osasco,SP,4.7579513888888885,29.297372685185184,0,25.86
85f03a6957d64b16acc3b422c31875f4,e577cdd8e41beda4c3ff7eae5aa873d1,delivered,2017-05-03 16:58:47,2017-05-03 17:10:23,2017-05-05 14:49:56,2017-05-09 21:43:56,2017-05-24,89.18,9.61,1,1,98.79,1,1,4.0,1.0,522966da6f0937c38d197c552c98438b,3429,sao paulo,SP,6.1980208333333335,20.292511574074073,0,98.79
a3a5d73f1d5b6acf698fdd0e795d2ec5,6ddb01706e05a5713d2dd011f581b3b8,delivered,2017-05-03 17:04:37,2017-05-03 17:15:29,2017-05-08 11:42:23,2017-05-13 10:22:05,2017-05-29,39.0,15.56,1,1,54.56,1,1,4.0,1.0,1b1d83efed255b0a6b212b9f679f5367,80050,curitiba,PR,9.720462962962962,25.28846064814815,0,54.56
4abc892aa491e88ee079c2fa46cfd508,f6cafffea98eec265ab4cf85e499141b,delivered,2017-05-03 17:12:57,2017-05-03 17:30:14,2017-05-04 15:04:48,2017-05-16 08:29:47,2017-05-26,16.99,14.52,1,1,31.51,1,1,4.0,1.0,22876ec792000c7850b9a1923280f98e,28027,campos dos goytacazes,RJ,12.636689814814815,22.28267361111111,0,31.509999999999998
7776efd9111e9fc4702936560e4b0a10,b1228ceedc8b2dd34210e466108c6282,delivered,2017-05-03 17:24:06,2017-05-03 17:35:11,2017-05-11 10:50:32,2017-05-17 08:39:43,2017-05-24,88.0,43.84,4,1,131.84,3,1,4.0,1.0,c198d4177d06e5f49a7a65e8bcb8f477,9616,sao bernardo do campo,SP,13.635844907407407,20.274930555555557,0,131.84
5e301cd08b777c3ccd87ec64498e785d,095ff0d98c32ab487eda814891094a49,delivered,2017-05-03 17:24:18,2017-05-03 17:35:12,2017-05-04 13:36:53,2017-05-16 14:40:10,2017-06-13,29.9,17.78,1,1,47.68,2,1,5.0,1.0,0c15bb1a8e72a36709d239eec8a96bfe,88220,itapema,SC,12.886018518518519,40.274791666666665,0,47.68
0dbdc97d32b0efccbdcbdf750aee17b9,88b37da7d26f1df8a97e91d349bee1c5,delivered,2017-05-03 17:25:30,2017-05-04 03:02:56,2017-05-05 11:28:00,2017-05-13 12:36:00,2017-06-02,64.99,16.15,1,1,81.14,1,1,5.0,1.0,a2a2a8104d4d9182211a58c86c7d83b5,72610,brasilia,DF,9.798958333333333,29.273958333333333,0,81.13999999999999
ca9a1d0ebf8bb6cf2e90199c3a936410,7508cddea10b3c5050b657e1ad1d6bd4,delivered,2017-05-03 17:51:17,2017-05-03 18:05:15,2017-05-04 16:26:40,2017-05-24 16:09:15,2017-06-08,139.9,25.47,1,1,165.37,6,1,4.0,1.0,a1913852f6991f249dc31bdd82d0d064,68515,parauapebas,PA,20.92914351851852,35.25605324074074,0,165.37
861f30de872d5ebf55d9e66a880a5c8e,49a7483702871ea7f7c9ebfbd53d0777,delivered,2017-05-03 17:57:29,2017-05-03 18:10:11,2017-05-04 15:04:48,2017-05-12 17:42:09,2017-05-26,16.99,14.52,1,1,31.51,2,1,2.0,1.0,9eec9fe3b7e795eb94126ba9c3afab1b,6728,cotia,SP,8.989351851851852,22.251747685185187,0,31.509999999999998
9bf8dffacdcc34d7b4eb1a398cdcc0f6,7ef362fb4b0b6ce80ae7de985fb583cb,delivered,2017-05-03 18:07:05,2017-05-03 18:15:18,2017-05-04 12:26:02,2017-05-12 12:59:26,2017-06-12,39.9,20.4,1,1,60.3,3,1,5.0,1.0,e0d9036aa26d37bd52c8dd37e87bcc99,50740,recife,PE,8.786354166666667,39.24508101851852,0,60.3
6a3d17234ba4b82167e2b8d9a6ca6602,c7c8e04c15ed45ef8fcfdb5beae1ad2d,delivered,2017-05-03 18:26:18,2017-05-08 23:33:05,2017-05-09 10:13:55,2017-05-11 10:27:07,2017-05-25,23.9,10.96,1,1,34.86,1,1,4.0,1.0,cefbbb1124978910bb96634fb9fef97c,2422,sao paulo,SP,7.667233796296296,21.23173611111111,0,34.86
a837f579a39778e37f946ab3a520a814,a9cec8d0f68e304ca6a977fe4726e4ac,delivered,2017-05-03 18:50:08,2017-05-03 19:02:20,2017-05-11 10:54:47,2017-05-15 08:53:59,2017-05-26,17.89,14.11,1,1,32.0,1,1,5.0,1.0,d5b17926c20e098f4d47c3b9a0e3fde3,23575,rio de janeiro,RJ,11.586006944444444,22.215185185185184,0,32.0
28f12a3e5117f5e70bbdb45be9188639,71ae2df0198f8dab9a73978e46b63c6f,delivered,2017-05-03 19:34:48,2017-05-03 19:45:10,2017-05-04 09:48:44,2017-09-19 16:38:49,2017-06-07,149.9,38.01,1,1,187.91,3,1,1.0,1.0,5d0592e49136297ece57979183c9cac2,69082,manaus,AM,138.87778935185185,34.18416666666667,1,187.91
01d80471e02a3ba49c8e1d0abc2c1a64,3106fe6ef3e7aa3053de377e22826161,delivered,2017-05-03 19:35:37,2017-05-08 23:32:30,2017-05-08 15:45:00,2017-05-16 13:11:49,2017-06-02,75.0,16.23,1,1,91.23,9,1,5.0,1.0,d99d9eec199e32dcde0efedc42a64724,90620,porto alegre,RS,12.733472222222222,29.183599537037036,0,91.23
7b14b680a9c285d579e2a51495f30173,c68fdd92d5ccd9fcb9af63f50661c9d1,delivered,2017-05-03 19:41:22,2017-05-04 02:50:45,2017-05-04 13:12:11,2017-05-16 12:25:50,2017-05-24,189.99,12.72,1,1,202.71,1,1,5.0,1.0,294e0922aa06792eea5094656727c0bd,12120,tremembe,SP,12.697546296296297,20.179606481481482,0,202.71
04c8fbbbe02b38bd685ad085fcaf29bd,934007549103fe58f85261e64dd7c68c,delivered,2017-05-03 20:02:34,2017-05-05 02:25:27,2017-05-22 10:52:04,2017-05-27 23:27:59,2017-06-01,79.0,11.16,1,1,90.16,1,1,3.0,1.0,2959e8ddbfa63620bfb04af4121909c5,5201,sao paulo,SP,24.142650462962962,28.16488425925926,0,90.16
76927b562beef6d31416c21778b2b4e5,68d3e5d419a75d87677d27f67c5b2a04,delivered,2017-05-03 20:03:35,2017-05-03 20:15:12,2017-05-09 16:27:55,2017-05-12 13:18:50,2017-05-24,99.8,25.86,2,1,125.66000000000001,1,1,5.0,1.0,e907b51ae339d5c8296ea0eaaa94223e,32070,contagem,MG,8.71892361111111,20.16417824074074,0,125.66
9720bd5580d585bdc13b3da5a5197323,7a8607339cd00d491766c6c08e2a5c03,delivered,2017-05-03 20:13:43,2017-05-03 20:25:08,2017-05-04 14:10:11,2017-05-15 14:32:36,2017-05-30,69.0,19.07,1,1,88.07,4,1,5.0,1.0,035d56643d91dc2de8b9372d07f10df1,97050,santa maria,RS,11.763113425925926,26.157141203703702,0,88.07
a2d83fe753c66711172a6b99df1bafcd,324709f9fb3d691f2c162f56bfdb6ff9,delivered,2017-05-03 20:15:16,2017-05-03 20:30:14,2017-05-12 07:08:01,2017-05-16 10:20:02,2017-05-30,46.9,23.58,1,1,70.48,3,1,5.0,1.0,d2df5e77202e975353a79eb969740dde,70680,brasilia,DF,12.58664351851852,26.156064814814815,0,70.47999999999999
2adae2975261ded781005e7da274f22d,87ef890f6ee57134f134f76f5c5d6b53,delivered,2017-05-03 20:17:47,2017-05-03 20:30:12,2017-05-04 12:05:23,2017-06-02 05:18:38,2017-06-07,89.99,21.08,1,1,111.07,4,1,4.0,1.0,69068f0eac0d07b0eb647fe5dd20e1bc,57540,mata grande,AL,29.37559027777778,34.15431712962963,0,111.07
e2d0923acc7f5586db9f45b5adaa91c8,4d34c9e542ce59c69e76a9a4faa40595,delivered,2017-05-03 20:18:51,2017-05-03 20:30:13,2017-05-04 13:49:01,2017-05-16 08:29:46,2017-06-01,199.0,18.82,1,1,217.82,10,1,5.0,1.0,40ed92429b77d4bcc4dd00aa47286f0b,75096,anapolis,GO,12.507581018518518,28.15357638888889,0,217.82
fed8de9095f81f4e708bfef1ea529424,dfeb499afeccbe255d81f5900fb20879,delivered,2017-05-03 20:29:17,2017-05-03 20:42:26,2017-05-04 09:08:04,2017-05-12 13:51:49,2017-06-01,129.9,23.46,1,1,153.36,7,1,4.0,1.0,88baa2a0a13e63c2e2b3ebc09595e4c8,77440,gurupi,TO,8.72398148148148,28.14633101851852,0,153.36
39f0fe1c2222cc91a2c126338ffd0a77,a10f8faf57b7b124f519ba279f283791,delivered,2017-05-03 20:44:22,2017-05-03 20:50:19,2017-05-09 12:09:53,2017-05-18 10:41:48,2017-05-30,139.9,16.19,1,1,156.09,3,1,1.0,1.0,c49a27e936b3da76d05e20fd18a310cb,35570,formiga,MG,14.581550925925926,26.135856481481483,0,156.09
6d9a301ad93b5c24c6cff8e4f9cbe276,0863ec11de6ce167e48d77313f91d83b,delivered,2017-05-03 20:54:43,2017-05-05 02:15:14,2017-05-05 17:08:04,2017-05-17 10:13:53,2017-05-26,41.33,14.52,1,1,55.85,1,1,5.0,1.0,29a2efb1c86fe8d7719758f5dce78500,38178,pedrinopolis,MG,13.554976851851851,22.128668981481482,0,55.849999999999994
996d1a75c8dee7aee3b0cb1d82b266be,3403049a0b038e1ea97ca2e93fd7fd7a,delivered,2017-05-03 21:07:12,2017-05-03 21:15:12,2017-05-04 17:44:40,2017-05-15 08:54:51,2017-05-24,360.0,13.13,1,1,373.13,10,1,4.0,1.0,03557ec3821accd6a8dcd5f94933752a,86182,cambe,PR,11.491423611111111,20.12,0,373.13
232ed087a5c59841a1a56af1fe8d797d,e59077fac70edaa674a4967aa316e48d,delivered,2017-05-03 21:09:15,2017-05-03 21:22:28,2017-05-09 16:07:57,2017-05-23 10:47:57,2017-06-07,74.9,35.14,1,1,110.03999999999999,1,2,4.0,1.0,1ad1e13cd5548d43d147e73635e5ba3e,64840,guadalupe,PI,19.56854166666667,34.11857638888889,0,110.04
820d5775b6d0316cdebc64673baf4871,9d37c4e8a4d46ee5b52e0bd812e81572,delivered,2017-05-03 21:12:22,2017-05-03 21:22:27,2017-05-04 14:46:14,2017-05-12 14:53:52,2017-05-26,62.8,14.61,1,1,77.41,3,1,5.0,1.0,1981cc0180525fee9a18c2b88bd0ad3a,23063,rio de janeiro,RJ,8.737152777777778,22.116412037037037,0,77.41
2609fb7696dacdc9451b31ba1bb513eb,6d0a05b6e1eadd7e7c8a0a8c543faac8,delivered,2017-05-03 21:12:58,2017-05-05 02:23:40,2017-05-05 11:54:58,2017-05-16 15:44:51,2017-05-26,59.9,15.63,1,1,75.53,1,1,3.0,1.0,05faacb341f559326429dc9a3a07b5f2,21021,rio de janeiro,RJ,12.772141203703704,22.11599537037037,0,75.53
4d25e18ac18c41c5b22edfd17ecf8ae8,7147d53af4cee2254efd0c3f201ca1a1,delivered,2017-05-03 21:20:32,2017-05-03 21:30:17,2017-05-15 07:13:04,2017-05-18 14:03:54,2017-05-26,99.99,15.91,1,1,115.9,1,1,5.0,1.0,c2beab6213541eb95e6414f46ab00020,36083,juiz de fora,MG,14.696782407407408,22.11074074074074,0,115.89999999999999
856f5f8ea98797ecf093d2d8d946d2ae,0f218a0d9827580aaab2d6b9a6fe03fa,delivered,2017-05-03 21:22:56,2017-05-03 21:35:20,2017-05-04 12:16:22,2017-05-08 21:53:45,2017-05-29,65.9,9.45,1,1,75.35,1,1,5.0,1.0,72ae076cbb080298d6d6d04ff68304d7,81130,curitiba,PR,5.021400462962963,25.109074074074073,0,75.35000000000001
a294b359ceeb6b570206ae9a4e266230,339a385d7c41c652faf8a49b4e645bbf,delivered,2017-05-03 21:22:59,2017-05-03 21:35:24,2017-05-10 12:46:00,2017-06-01 15:47:55,2017-06-07,13.98,24.35,1,1,38.33,1,1,4.0,1.0,47d2b80b343a27cd4cc0f657b3235f99,52130,recife,PE,28.767314814814814,34.109039351851855,0,38.33
43d3cc829a59f03af73f2a7fc9542ee6,b790f6cf634604f558fc6b9bf5f976be,delivered,2017-05-03 21:31:55,2017-05-03 21:42:23,2017-05-05 14:12:40,2017-05-23 13:39:44,2017-05-29,271.0,21.98,1,1,292.98,10,1,2.0,1.0,6c70bee45f245a4ebeddb2ece21b567d,22776,rio de janeiro,RJ,19.67209490740741,25.102835648148147,0,292.98
51177c088b8f453ffbfbbe60aa8a39f3,9719e4d70bc27545f643cdbdbe5c5578,delivered,2017-05-03 21:47:51,2017-05-03 22:02:34,2017-05-08 15:35:45,2017-05-16 10:53:58,2017-06-07,119.9,32.44,1,1,152.34,3,1,5.0,1.0,ddcd40e988c7ba625bb5890b51bf8e92,51020,recife,PE,12.545914351851852,34.091770833333335,0,152.34
0ee8a265feb5028eef234263bd7f5c23,53470bb64d38af72a02b516796aa05ff,delivered,2017-05-03 21:49:35,2017-05-03 22:02:30,2017-05-04 11:20:15,2017-05-11 12:29:49,2017-05-26,99.99,20.78,1,1,120.77,1,1,4.0,1.0,8a714ed030150d62a04e654d38e0e937,39730,virginopolis,MG,7.611273148148148,22.09056712962963,0,120.77
6f752180f34073c79120a1f2827a39ed,afd6242f0eac168cd2e2715ded17aba7,delivered,2017-05-03 22:33:14,2017-05-05 02:23:37,2017-05-11 11:51:36,2017-05-18 09:42:09,2017-05-30,99.99,19.29,1,1,119.28,1,1,5.0,1.0,53c3b3790dd9b1817fdee9313b521f9f,99705,erechim,RS,14.464525462962962,26.06025462962963,0,119.28
fa086b521df2d133df67f2883eadad21,9caa332e9ac57ca2890311da96f7aa2a,delivered,2017-05-03 22:47:52,2017-05-03 23:02:44,2017-05-15 07:35:54,2017-05-26 09:46:29,2017-05-24,219.99,15.31,1,1,235.3,2,2,1.0,1.0,9449a18f38a903c92c31b474162fdfd6,7114,guarulhos,SP,22.457372685185184,20.05009259259259,1,235.3
44e9e7a851d64518b40a6887d84b8b60,3a3967691d56a8d93256a5eb0c541e19,delivered,2017-05-03 22:51:05,2017-05-04 01:45:22,2017-05-16 09:42:04,2017-05-30 10:08:23,2017-06-06,117.0,29.16,2,1,146.16,2,1,5.0,1.0,decc36d2cdb063a399445b91eba4ee35,29158,cariacica,ES,26.470347222222223,33.047858796296296,0,146.16
89cc4b3fd3de52a930bc92ab0d876d1c,58b97b62f1bf883c3f0578903451e7fb,delivered,2017-05-03 23:01:50,2017-05-03 23:10:16,2017-05-04 15:59:00,2017-05-12 11:12:09,2017-05-24,14.99,10.96,1,1,25.95,2,1,5.0,1.0,db8f18483f0428ad7715d5cdc30dea06,17740,rinopolis,SP,8.507164351851852,20.040393518518517,0,25.950000000000003
ed5c580433cad6ca57016a2c8a3f4d60,4fb53ef162c5f695374c349151f164e9,delivered,2017-05-03 23:09:29,2017-05-05 02:23:07,2017-05-05 14:48:03,2017-05-15 16:47:35,2017-06-05,69.0,26.95,1,1,95.95,1,1,5.0,1.0,d0a5afcce9009ef67b3b0e3089d682fd,96415,bage,RS,11.734791666666666,32.03508101851852,0,95.95
90f4238d4a0d8f6371e4fbb18af5df64,6b72578e91bbfe3fbe8dc198c4d8312d,delivered,2017-05-03 23:34:55,2017-05-08 23:32:29,2017-05-10 04:13:44,2017-05-10 09:43:12,2017-05-24,29.9,10.96,1,1,47.19,4,1,5.0,1.0,ec8aed94b28577233fca03fec2567c4c,6182,osasco,SP,6.422418981481481,20.01741898148148,0,40.86
9dd9186fa80eff8f1a2c916957e8444b,30bf1aeb9b06986f63b155fd9e8e7d08,delivered,2017-05-03 23:41:12,2017-05-03 23:50:08,2017-05-09 13:46:29,2017-06-10 06:39:23,2017-05-31,87.9,11.23,1,1,99.13,4,1,4.0,1.0,8903820f1185f79fbc5b11b1dd674e07,8452,sao paulo,SP,37.29040509259259,27.013055555555557,1,99.13000000000001
b6a2d13e218643aa2ad2fb10a8cf567a,419c5e5573bd1e16aa33dce68889fcc3,delivered,2017-05-04 01:04:02,2017-05-05 02:24:04,2017-05-11 08:57:54,2017-05-22 15:22:13,2017-06-13,799.0,30.08,1,1,829.08,1,1,4.0,1.0,6928d347dd148caf86b90a3a98f9c324,59025,natal,RN,18.595960648148147,39.95553240740741,0,829.08
6d5b3f7d8dbeecde9db192aab1217ce2,a684baa0a4970c9b74646295edfa2091,delivered,2017-05-04 01:32:54,2017-05-06 10:22:14,2017-05-10 08:58:22,2017-05-18 18:26:33,2017-05-25,69.9,11.88,1,1,81.78,1,1,5.0,1.0,34aaf6b7dc72aa67c949cf6d35ec97a6,2408,sao paulo,SP,14.703923611111112,20.93548611111111,0,81.78
58b7b387d2173cbc99155daa2b3017ce,999f1c0594fe8682e523baba67be6959,delivered,2017-05-04 01:56:13,2017-05-04 02:05:11,2017-05-04 13:12:10,2017-05-11 10:18:05,2017-05-29,85.99,14.77,1,1,100.76,1,1,5.0,1.0,b158c5a8fdb3600b0d4416c95cd1f052,24340,niteroi,RJ,7.348518518518518,24.91929398148148,0,100.75999999999999
e32475f70e357bf610f864d2674aaf46,b980ddd21127c0b356431590d4d3063a,delivered,2017-05-04 02:30:50,2017-05-04 02:42:42,2017-05-05 13:09:19,2017-05-16 10:21:50,2017-06-05,105.0,25.47,1,1,130.47,3,1,5.0,1.0,62f5246b11226092fb444df094662ebe,25040,duque de caxias,RJ,12.327083333333333,31.89525462962963,0,130.47
d756d977405b47db7635ff6c50a6e6a5,3a0ca1b758cee704da2237c7108310f7,delivered,2017-05-04 07:07:04,2017-05-04 07:15:13,2017-05-04 15:04:46,2017-06-01 16:32:56,2017-06-06,16.99,20.8,1,1,37.79,3,1,2.0,1.0,abbfcc305fb76cc3492024ab39c005b5,57030,maceio,AL,28.39296296296296,32.70342592592593,0,37.79
a487f3a5b2b3e028ef50c93210a69e71,7a0e84fdd2b16140c23afec336362877,delivered,2017-05-04 07:21:32,2017-05-04 07:35:17,2017-05-05 13:58:12,2017-05-09 20:32:58,2017-05-25,57.17,9.39,1,1,66.56,6,1,5.0,1.0,945041c387344cf82a668dd2076dd072,5364,sao paulo,SP,5.549606481481481,20.69337962962963,0,66.56
4fde26fa2510c48a5de5fd2fd876745d,610f4bb4b87c0b59529b0e7ceb282e59,delivered,2017-05-04 07:28:27,2017-05-04 07:42:27,2017-05-04 15:04:42,2017-05-17 12:33:16,2017-05-31,59.9,19.01,1,1,78.91,7,1,5.0,1.0,709d99688e7a88e02ec4e82960b92c72,74735,goiania,GO,13.21167824074074,26.68857638888889,0,78.91
327cce1fcc02fedef63c30dbde323402,e43b79f4e4752adf6887f7d9b7396cec,delivered,2017-05-04 07:48:30,2017-05-05 02:23:05,2017-05-25 21:13:55,2017-05-31 04:53:55,2017-06-08,12.97,24.84,1,1,37.81,1,1,4.0,1.0,7cefc37c0accdbcfa6ce93c03c78640f,64170,joaquim pires,PI,26.878761574074073,34.67465277777778,0,37.81
387c2cbba26c5cfe21c60a8f2208a78d,04dbc4abee6079d145aecbe59c634606,delivered,2017-05-04 08:01:35,2017-05-09 22:32:39,2017-05-09 08:18:12,2017-05-16 11:53:08,2017-05-31,89.9,16.33,1,1,106.23,3,1,5.0,1.0,56ed5b222ebc12f9cbcb567441350cb1,12170,redencao da serra,SP,12.160798611111112,26.66556712962963,0,106.23
f1dd11aa9f95d84fd072504f9e6e2f11,a7f8e23edfe4f626606aa4ea905ae93b,delivered,2017-05-04 08:25:50,2017-05-06 02:22:46,2017-05-10 16:59:55,2017-05-22 13:58:01,2017-05-26,59.9,11.03,1,1,70.93,1,1,4.0,1.0,5990ff5bf75a8d5a76bbaea5cca77229,13056,campinas,SP,18.23068287037037,21.64872685185185,0,70.92999999999999
0dfc5762a0ff5c737811e18023883a86,02735ed0fa102eb7d85ff54982e7905a,delivered,2017-05-04 08:38:54,2017-05-04 08:45:23,2017-05-05 11:27:56,2017-05-17 10:27:32,2017-06-09,56.99,20.85,1,1,77.84,7,1,4.0,1.0,a094910c1933dcb019f14b2cbd8e89b5,78005,cuiaba,MT,13.075439814814814,35.639652777777776,0,77.84
1a11672a79fb683c30fea0100e3a1c88,3ee5d5fbd5e3ce2a802137a52f7546aa,delivered,2017-05-04 08:41:54,2017-05-04 08:55:08,2017-05-04 14:44:02,2017-05-08 10:32:20,2017-05-26,129.9,12.3,1,1,142.2,10,1,4.0,1.0,96a64f3c631402ecb1ed3167c7c212ce,5726,sao paulo,SP,4.076689814814815,21.637569444444445,0,142.20000000000002
4e345c55d847fa86f3500c1abfcbdb8b,4a80f5f7030a54c53ab7ba11f7dba115,delivered,2017-05-04 08:42:02,2017-05-05 02:15:27,2017-05-11 11:50:42,2017-05-20 10:59:54,2017-05-29,219.99,19.82,1,1,239.81,1,1,3.0,1.0,4b77d25b54c6ce796f45459d48935995,88308,itajai,SC,16.09574074074074,24.63747685185185,0,239.81
1a0d8f4b7cdd8a27c1ef92e118931fee,b384083c3749d6d528dca6af0db99e32,delivered,2017-05-04 08:51:47,2017-05-04 09:05:17,2017-05-09 11:56:13,2017-05-19 13:20:00,2017-05-29,284.9,22.07,1,1,306.97,6,1,5.0,1.0,bf05db5c3dac3f9361cda729a1e35e73,39960,jequitinhonha,MG,15.186261574074074,24.63070601851852,0,306.96999999999997
e26f5772e3067b6d8d3cbc95ce3df51b,3f78d960d41b0baa83c3c8cef74c8493,delivered,2017-05-04 08:56:50,2017-05-05 02:15:50,2017-05-05 12:56:42,2017-05-18 08:46:53,2017-06-19,24.9,20.8,1,1,45.7,1,1,4.0,1.0,1acae29490b0ccf6d7c33bfd54af7edb,65630,timon,MA,13.993090277777778,45.62719907407408,0,45.7
62dd396ac0abf39a27c18f75a5952fca,41ef6a2ec2be4d4d42ac9becc45dc57e,delivered,2017-05-04 09:02:38,2017-05-04 09:10:17,2017-05-05 14:49:52,2017-05-09 15:34:00,2017-05-25,89.18,9.61,1,1,98.79,1,1,5.0,1.0,9362cbd9f51b9558657af21b896aa6f7,4750,sao paulo,SP,5.271782407407407,20.623171296296295,0,98.79
318034c29181efd4952394fd0892c3dc,98ef4510beb1762e2d8ecf42663fc2aa,delivered,2017-05-04 09:07:57,2017-05-04 09:15:17,2017-05-04 16:13:27,2017-05-08 13:53:17,2017-05-25,308.99,12.77,1,1,321.76,10,1,5.0,1.0,28964effdb944d06f049b07fe217f3e3,14801,araraquara,SP,4.198148148148148,20.619479166666668,0,321.76
fb114a7255e9d0f59416a80b564638d4,6ce8d858d8b836c2ae35f7888e1c82cd,delivered,2017-05-04 09:13:21,2017-05-09 22:32:27,2017-05-10 11:53:53,2017-05-18 08:04:05,2017-05-29,219.0,16.74,1,1,235.74,5,1,5.0,1.0,0dde4f121445745b6d05665e42032a37,95600,taquara,RS,13.951898148148148,24.615729166666668,0,235.74
7edf26c8a1e67ce26c2d1457302bd03e,62500b6c311fa15e3014b4a13391258d,delivered,2017-05-04 09:16:16,2017-05-04 09:30:09,2017-05-09 07:19:56,2017-05-22 11:06:51,2017-05-29,54.9,17.12,1,1,72.02,3,1,4.0,1.0,98710e2cc353c64a7409de6f589a1604,20745,rio de janeiro,RJ,18.076793981481483,24.613703703703703,0,72.02
981eda1c13990d54b1af7d1a73b46f48,f4ebe2523bfa5138b74541fa1210c00d,delivered,2017-05-04 09:26:53,2017-05-04 09:35:13,2017-05-04 15:03:06,2017-05-13 09:37:36,2017-06-05,14.9,10.96,1,1,25.86,2,1,5.0,1.0,1e0f9569ffd706ef533b73c19ab8bb59,11065,santos,SP,9.007442129629629,31.606331018518517,0,25.86
b2e54b3ccbc9c423893aa9dbe19dcd73,550fc4a83290572e965f77f8c53913b4,delivered,2017-05-04 09:48:47,2017-05-04 10:02:53,2017-05-09 08:48:02,2017-05-19 06:34:03,2017-06-07,199.9,19.99,1,1,219.89,3,1,5.0,1.0,05205c3546aefb9ac9436fed99f92af1,21830,rio de janeiro,RJ,14.864768518518519,33.591122685185184,0,219.89000000000001
a3e114681cc1e328e884a174f375e41e,cb1c5947c260382a1bfd4034cf35ab54,delivered,2017-05-04 10:07:21,2017-05-04 10:22:36,2017-05-04 13:20:22,2017-05-10 09:48:33,2017-05-31,96.0,16.37,1,1,112.37,5,1,5.0,1.0,2699f3d2e5846a3409177ffe4d2fddc1,22280,rio de janeiro,RJ,5.986944444444444,26.578229166666667,0,112.37
330003e600912f03d0036088e5eadf64,bf46f5628006409ce5740517ad6506f1,delivered,2017-05-04 10:09:36,2017-05-05 02:15:16,2017-05-05 09:34:33,2017-05-12 12:57:54,2017-05-29,47.9,14.52,1,1,62.42,1,1,5.0,1.0,8ef79d985c967673a6b6040cf4770936,28893,rio das ostras,RJ,8.116875,24.576666666666668,0,62.42
2ee76a4a1d729880a350fcda807b492b,9f29d5f541fd53a2d1557e678130dc8a,delivered,2017-05-04 10:11:17,2017-05-05 06:50:08,2017-05-12 10:38:00,2017-05-18 11:28:07,2017-06-02,129.99,11.52,1,1,141.51,10,1,3.0,1.0,702a9e0609d9b31710506b3f2130ce53,4216,sao paulo,SP,14.053356481481481,28.575497685185184,0,141.51000000000002
8688a4903fddd7ff09ac974e258c93d2,f3793915d0e091211fbfcd08d3a630d8,delivered,2017-05-04 10:32:13,2017-05-04 10:42:29,2017-05-17 11:07:55,2017-05-23 22:51:29,2017-05-25,73.99,11.13,1,1,85.12,3,1,4.0,1.0,699e6b7844a990fe39bec69dfb3932b0,13873,sao joao da boa vista,SP,19.51337962962963,20.560960648148146,0,85.11999999999999
a18986d0ee0fd3e2c6fe3fdd23ca31ca,56684dd8600c1d4dae46fb02ade08a0c,delivered,2017-05-04 10:39:26,2017-05-04 10:50:06,2017-05-04 15:21:16,2017-05-12 13:49:50,2017-05-31,186.0,31.9,2,1,217.9,3,1,5.0,1.0,5334612ff6f9f1ee518ecf5a8b2d9efc,79017,campo grande,MS,8.132222222222222,26.555949074074075,0,217.9
c9dc4e0914920294cf5dc4df353cb641,7f21886a1b3f4a266355c1b06eceb68b,delivered,2017-05-04 10:57:37,2017-05-06 02:15:39,2017-05-08 11:41:09,2017-05-17 11:16:49,2017-06-08,79.99,25.05,1,1,105.04,1,1,5.0,1.0,408196258b5052a4a13c4f262e12ba30,55014,caruaru,PE,13.013333333333334,34.54332175925926,0,105.03999999999999
ec8e9a10b613682c45e614fd392bb666,2986e0dcdf8b36c8fb8a591504ddb0aa,delivered,2017-05-04 11:01:02,2017-05-04 11:10:18,2017-05-04 11:49:26,2017-05-16 08:33:55,2017-06-16,64.0,20.9,1,1,84.9,4,1,5.0,1.0,3cebc638abdd92da9c304b8250bdcc7c,57910,matriz de camaragibe,AL,11.897835648148147,42.54094907407407,0,84.9
608735d6dfa1f136c87b75aa53be1d11,fff25ab9d3c9ba6ad8119576f285a3d9,delivered,2017-05-04 11:08:52,2017-05-04 11:15:33,2017-05-11 15:43:24,2017-05-18 15:26:01,2017-06-07,199.0,21.71,1,1,220.71,10,1,5.0,1.0,aace288d910f038d6dfdb152a5ca21e3,14402,franca,SP,14.178576388888889,33.53550925925926,0,220.71
74b688473b5a7667bdef6423f7508177,7a64b719c194a2438f57a7b650ce371d,delivered,2017-05-04 11:11:00,2017-05-05 02:15:37,2017-05-10 11:28:41,2017-05-19 10:18:37,2017-05-26,89.9,11.24,1,1,101.14,1,1,5.0,1.0,80d229e87da02e1ccb5b8f7697c823ea,18076,sorocaba,SP,14.963622685185186,21.534027777777776,0,101.14
4b65b4aaa4c4e07d50727f0c87c0e9a1,5856b614fe54a8e8399e4eaf332b8542,delivered,2017-05-04 11:20:58,2017-05-04 11:30:20,2017-05-04 11:51:16,2017-05-19 09:04:35,2017-06-12,219.0,32.85,1,1,251.85,5,1,4.0,1.0,f964ff8c9303651329c6020eb2b5abf0,62685,paraipaba,CE,14.905289351851852,38.52710648148148,0,251.85
cb505678409e79b0864083b3a24d48f5,aa6811129215d8c85ccbebd4454b17f2,delivered,2017-05-04 11:39:47,2017-05-04 11:55:12,2017-05-04 13:30:13,2017-05-26 15:56:53,2017-05-29,125.0,15.04,1,1,140.04,2,1,2.0,1.0,4de4d11e794a5a00f5c6c326ff249f4d,24230,niteroi,RJ,22.178541666666668,24.514039351851853,0,140.04
8ff2a1bb6ca93be212d4ecf85de7e14f,430c04898ef30536fd1ee210b68c1c74,delivered,2017-05-04 11:45:40,2017-05-05 21:25:08,2017-05-09 14:00:44,2017-05-16 11:27:36,2017-06-01,104.9,17.47,1,1,122.37,1,1,1.0,1.0,95e020622a0ed4ede2bd25f8f5780ac0,26032,nova iguacu,RJ,11.987453703703704,27.509953703703705,0,122.37
e9b6aa9b251ee17581f54bb5ac731e9e,166942d3a36fe8f255f89d20094f71de,delivered,2017-05-04 11:50:05,2017-05-04 13:02:03,2017-05-04 16:09:13,2017-05-22 10:34:16,2017-05-25,69.9,11.88,1,1,81.78,4,1,3.0,1.0,1b8c0b5cb79f3ef1d4307480e79692e3,8330,sao paulo,SP,17.947349537037038,20.506886574074073,0,81.78
576882ceaf82e014aa28d9909f9d1636,6e798f3fa256eca7e38845268f8470c7,delivered,2017-05-04 12:04:42,2017-05-05 02:32:42,2017-05-05 14:32:51,2017-05-11 14:32:29,2017-05-25,29.9,10.96,1,1,40.86,1,1,5.0,1.0,6ae255e53faf74fc94493679ed743211,18120,mairinque,SP,7.102627314814815,20.49673611111111,0,40.86
73deceb3150fdc9ade84ac49e7bbcb85,2fa2ceab7ce768b8a12761aad46f935a,delivered,2017-05-04 12:21:29,2017-05-05 06:35:20,2017-05-10 09:17:50,2017-05-11 07:25:46,2017-06-05,79.9,15.32,1,1,95.22,1,1,5.0,1.0,c4897179d57e050171896bd35f4b64a5,88058,florianopolis,SC,6.794641203703704,31.485081018518517,0,95.22
8c4f076c43382bd3ae1748c6ee72f993,bc530a094537f0c6a7645e89b29bc650,delivered,2017-05-04 12:40:54,2017-05-04 13:10:22,2017-05-08 22:13:59,2017-05-23 14:52:16,2017-06-06,278.9,42.48,2,2,321.38,10,1,5.0,1.0,02dd4969c23207b44ef9252dd7ef59f8,13841,mogi-guacu,SP,19.09122685185185,32.47159722222222,0,321.38
3304c0c857a9c77a201a551f5a3cacb8,5a47dac0d86df8b85578ff714c28b4f3,delivered,2017-05-04 12:57:21,2017-05-04 13:10:46,2017-05-05 11:50:12,2017-05-08 10:27:31,2017-05-25,209.39999999999998,56.04,6,1,265.44,1,1,5.0,1.0,cd336c2a4679b726894657837bf1dca7,21031,rio de janeiro,RJ,3.895949074074074,20.46017361111111,0,265.44
b082c2268e673ebfc45544f15e42499d,abb0c51aae3100f32207ce24106bdf3e,delivered,2017-05-04 13:02:59,2017-05-04 13:10:47,2017-05-15 08:13:43,2017-05-17 09:52:42,2017-05-25,99.99,12.09,1,1,112.08,1,1,5.0,1.0,e238619eb27cfcf48f8d54df50144cf8,13466,americana,SP,12.867858796296296,20.456261574074073,0,112.08
9e3a37ffccf4190a8b497c3e563fd95e,9d4a035a6e506fab0cd9f7daa355d48f,delivered,2017-05-04 13:10:28,2017-05-04 13:30:14,2017-05-05 11:28:02,2017-05-15 16:07:07,2017-06-02,84.99,16.29,1,1,101.28,5,1,5.0,1.0,a273f051b6437ce1ef85ed41b454518c,95630,parobe,RS,11.12267361111111,28.451064814814814,0,101.28
8fc027e2e96d738a4816f043f2c946ba,ddafa7f909212324579af94f5f8199c7,delivered,2017-05-04 13:11:40,2017-05-05 13:25:18,2017-05-10 11:10:13,2017-05-27 17:34:55,2017-06-07,89.9,21.08,1,1,110.98,4,1,3.0,1.0,b69a3268b3ab473d6ef27be47ef2ca78,45780,itarantim,BA,23.1828125,33.45023148148148,0,110.98
e634ef64a41599a3ddcd8bcef955e364,e54f507ec1ad92aaaded5565f48f1a19,delivered,2017-05-04 13:24:53,2017-05-04 13:35:22,2017-05-08 15:38:03,2017-05-23 20:09:43,2017-05-25,103.97,24.01,1,1,127.98,1,1,3.0,1.0,cd71400a57f722718a5cebde0944c5c0,9090,santo andre,SP,19.28113425925926,20.44105324074074,0,127.98
3c9009e712f443adfdc5f85fd157d09e,8396be4045204d3e3af9cb77f8a230e4,delivered,2017-05-04 13:27:17,2017-05-04 13:35:23,2017-05-05 15:41:43,2017-05-15 14:33:41,2017-06-06,16.99,20.8,1,1,37.79,3,1,3.0,1.0,5e3f9ee4b948b61e902cce42e227cae8,95180,farroupilha,RS,11.046111111111111,32.43938657407407,0,37.79
db582aca3fc2d44e76fa63eb576032c5,1f65ffa28b17071b335111d630ac7837,delivered,2017-05-04 13:31:14,2017-05-04 13:42:29,2017-05-11 10:51:49,2017-05-12 09:42:00,2017-05-25,17.89,8.72,1,1,26.61,1,1,5.0,1.0,336bd71cd5332454e90feb840c7c24e9,4105,sao paulo,SP,7.840810185185185,20.43664351851852,0,26.61
274c63b06327262e50b1798060d9dea9,0e6d60787086ed1ea9f8b96bda67da49,delivered,2017-05-04 13:48:12,2017-05-04 14:02:42,2017-05-05 10:36:43,2017-05-11 10:00:10,2017-05-29,79.8,29.04,2,1,108.84,10,1,4.0,1.0,42a1188e4495ada7687dab6059d48f4f,87013,maringa,PR,6.841643518518518,24.42486111111111,0,108.84
c73a56b991707be0c940896c7b7dd98c,59aa326c54df5e8a6d4d66d3ac319127,delivered,2017-05-04 13:48:12,2017-05-06 02:25:09,2017-05-09 16:19:45,2017-05-17 10:28:03,2017-06-02,144.99,18.44,1,1,163.43,1,1,5.0,1.0,f8628a4efe561643a0bed9b9e87864af,40720,salvador,BA,12.861006944444444,28.42486111111111,0,163.43
3befd8331efa9255d2e09585a7042fc3,ba782bf15a4782b63af55d710f1864e6,delivered,2017-05-04 13:49:23,2017-05-06 02:22:50,2017-05-10 10:04:30,2017-05-24 14:27:59,2017-06-13,64.99,24.94,1,1,89.93,1,1,5.0,1.0,5384448dd5699a577f1f4495795927f3,63360,aurora,CE,20.026805555555555,39.42403935185185,0,89.92999999999999
e167837b2967616b88c23b061b9d32b6,3eae909e19a4d927c4630aa733a92ab8,delivered,2017-05-04 13:52:00,2017-05-04 14:05:19,2017-05-04 16:13:25,2017-05-16 10:33:50,2017-05-29,286.99,16.18,1,1,303.17,10,1,5.0,1.0,0aea71aba379f341b21f92af2ba6d86e,35588,arcos,MG,11.86238425925926,24.42222222222222,0,303.17
ee814067b8f3badaf5625948bc89076d,656c94f2310f24aeb13ecc4ef2941e3d,delivered,2017-05-04 14:02:45,2017-05-05 02:25:22,2017-05-08 15:28:52,2017-05-16 17:51:32,2017-05-25,44.9,12.93,1,1,57.83,1,1,3.0,1.0,84592f061980448c3c4814fc101ce06e,37660,paraisopolis,MG,12.158877314814815,20.414756944444445,0,57.83
1e08b6a6408c04834b0d96cb9ce194fc,236f4aa3f23eb55a11689a47d8851026,delivered,2017-05-04 14:20:34,2017-05-05 02:32:49,2017-05-10 15:26:12,2017-05-16 19:34:52,2017-05-29,32.9,14.11,1,1,47.01,1,1,5.0,1.0,8ae9cd0694b0ccb8ef3bb8571f97c264,2278,sao paulo,SP,12.218263888888888,24.40238425925926,0,47.01
1d455a95262f0f58fadece96d61cf0db,cf802717497a6cd5ec39da799cf06d6c,delivered,2017-05-04 14:30:51,2017-05-06 02:25:32,2017-05-08 16:36:52,2017-05-16 10:12:31,2017-05-29,109.5,14.94,1,1,124.44,1,1,5.0,1.0,9804da359025be919800a4d394e0012d,88790,laguna,SC,11.820601851851851,24.395243055555557,0,124.44
76b02601a5660a4df61f8e6fe9b95b57,f3e6f4554f85150b53702d3120fdd274,delivered,2017-05-04 14:35:26,2017-05-04 14:50:18,2017-05-05 13:00:15,2017-05-10 14:30:14,2017-05-26,119.99,13.42,1,1,133.41,3,1,5.0,1.0,df654194927e4e1efc30c15bb11b56c5,4195,sao paulo,SP,5.996388888888889,21.392060185185183,0,133.41
28a58d10c5ce66e99e4edf25548e1a0f,d120c21be52a1136c423dad6a50a75a4,delivered,2017-05-04 14:51:10,2017-05-04 15:03:25,2017-05-05 16:26:54,2017-05-21 08:37:37,2017-06-08,110.0,25.26,1,1,135.26,3,1,5.0,1.0,fcabb707b5321219a0a8f54beff496ee,52011,recife,PE,16.740590277777777,34.38113425925926,0,135.26
507f674d79323515c23139e1b0efdb4a,fcc0a96eeaeb4c0f9d4a712056cd4f4b,delivered,2017-05-04 14:57:04,2017-05-06 02:15:50,2017-05-09 07:51:55,2017-05-15 08:23:51,2017-06-06,39.0,20.8,1,1,59.8,1,1,5.0,1.0,ccaa7395397935be4e5119e597b3e5d2,56980,mirandiba,PE,10.726932870370371,32.377037037037034,0,59.8
4a855a494e08248858074dddad7f5b6a,fc322ed337200cc851691601159ba5da,delivered,2017-05-04 14:58:42,2017-05-04 15:10:20,2017-05-09 08:52:11,2017-05-25 10:03:19,2017-05-29,89.9,18.91,1,1,108.81,10,1,3.0,1.0,c3a1da41b850eb83975a058a8184f264,8223,sao paulo,SP,20.794872685185187,24.375902777777778,0,108.81
1100a32038f8a2194f67f0cf30cb434e,e53d099c01ad635b7dca18573d4ab1ad,delivered,2017-05-04 15:01:04,2017-05-04 15:10:21,2017-05-05 09:11:21,2017-05-17 08:54:45,2017-06-07,59.9,20.87,1,1,80.77,4,1,5.0,1.0,e40e0b77f034b7772e51acc0edcc7d8e,78890,sorriso,MT,12.745613425925926,33.37425925925926,0,80.77
18668c1a8328478efec728fc614c3b55,6d547f62fd060718fd2a268a4fa2a1fa,delivered,2017-05-04 15:06:03,2017-05-04 15:22:30,2017-05-05 12:00:40,2017-05-23 11:12:49,2017-05-25,143.8,18.3,1,1,162.1,8,1,3.0,1.0,288bca9dae3585557dfd5dfdf7289600,9371,maua,SP,18.838032407407407,20.370798611111113,0,162.10000000000002
aef9c99ee1272a501f52167fe0c5631a,d8f2d04650db8e8b43d2bdce53ddbfa0,delivered,2017-05-04 15:20:54,2017-05-04 15:30:17,2017-05-05 16:02:37,2017-05-16 16:00:09,2017-06-02,199.0,22.02,1,1,221.02,1,1,5.0,1.0,e80a8c34a80c26fe8c70c6d316c7f1c4,77001,palmas,TO,12.027256944444444,28.36048611111111,0,221.02
c7c9aa7dc61f395e914d6946cf62219b,087416058efed159681fcaf612d0d54f,delivered,2017-05-04 15:23:04,2017-05-04 15:35:12,2017-05-05 19:00:07,2017-05-15 13:28:32,2017-06-02,129.99,21.54,1,1,151.53,2,1,5.0,1.0,ec3127cf41d16e8ef977791aafcb9d44,77470,formoso do araguaia,TO,10.920462962962963,28.358981481481482,0,151.53
594bf20a8f9e5e9cf267b3ee3260679b,6ee22ada8a9881962afd56d62e17827a,delivered,2017-05-04 15:27:47,2017-05-09 22:32:38,2017-05-08 15:27:31,2017-05-21 13:32:37,2017-05-25,17.33,10.96,1,1,28.29,1,1,5.0,1.0,c76088de73d1eeaead9b7d84ae04b9f3,9060,santo andre,SP,16.920023148148147,20.355706018518518,0,28.29
34c419515123f11b048d07c0f8e4cf4c,fd8a857412d572142654875ac852e343,delivered,2017-05-04 15:27:52,2017-05-06 02:22:52,2017-05-09 07:47:58,2017-05-11 14:29:45,2017-05-29,219.8,29.06,2,1,248.86,1,1,5.0,1.0,9d8684bf332648a6a65fa5341befc931,4296,sao paulo,SP,6.959641203703704,24.35564814814815,0,248.86
3163a067949a10a752bec5cca69511b2,3c7525f121305211f94be34e3e73583e,delivered,2017-05-04 15:44:25,2017-05-04 15:55:20,2017-05-10 14:45:45,2017-05-20 11:03:36,2017-05-29,257.19,95.78,1,1,352.97,2,1,4.0,1.0,124089de280494d8f5746710ec628d82,6436,barueri,SP,15.804988425925925,24.344155092592594,0,352.97
8a9dffcf22392c73f48cc12ad332af30,73394d273601d0e0e4d2445d854a6e40,delivered,2017-05-04 15:49:06,2017-05-05 15:55:10,2017-05-09 15:07:05,2017-05-22 17:29:58,2017-05-31,79.99,19.15,1,1,99.14,9,1,5.0,2.0,d2d3ed262b31f2bb50932fd0b1ab5df7,73025,brasilia,DF,18.070046296296297,26.340902777777778,0,99.13999999999999
19d468d1424d2a259a1f3d3fa073f41a,73c06209128aca5114406d84b9d9e3eb,delivered,2017-05-04 15:49:08,2017-05-05 15:55:11,2017-05-18 09:42:07,2017-05-26 16:14:40,2017-06-13,169.96,40.07,1,1,210.03,10,1,5.0,1.0,d2d3ed262b31f2bb50932fd0b1ab5df7,73025,brasilia,DF,22.01773148148148,39.34087962962963,0,210.03
71df939ed0ea6fc3549a76728ae598d6,75d7d29f5e0fa14362a17bbeac73c073,delivered,2017-05-04 15:50:13,2017-05-04 16:03:24,2017-05-05 14:32:51,2017-05-13 11:31:44,2017-05-25,59.99,13.0,1,1,72.99,2,1,3.0,1.0,64315553bb94ab3d096d833a3942b990,5565,sao paulo,SP,8.820497685185185,20.340127314814815,0,72.99000000000001
b0a8cc8421eab80e4bc4bc3a92cdefad,7bd9480c95eedaaf65ce1ff380212157,delivered,2017-05-04 16:23:13,2017-05-04 16:35:30,2017-05-09 06:04:11,2017-05-11 11:34:47,2017-05-31,164.0,16.85,1,1,180.85,1,1,5.0,1.0,a75eb9d74a7e6f3a955ff5d663e8c74f,97030,santa maria,RS,6.799699074074074,26.317210648148148,0,180.85
e035b961b5292eb21034e4462013fa66,dc8f88e0f611e8fc82f51679658eb9e3,delivered,2017-05-04 16:36:27,2017-05-05 02:15:59,2017-05-05 13:22:35,2017-05-11 13:59:59,2017-05-31,22.99,16.05,1,1,39.04,1,1,1.0,1.0,2989d990cbaf75e60b262583cacda3d4,97541,alegrete,RS,6.891342592592593,26.308020833333334,0,39.04
df413c16994c6a7c1b17e28a775b3eb4,c0349359dea547c1ba76e703f8b3db6d,delivered,2017-05-04 16:40:36,2017-05-06 02:15:52,2017-05-10 10:21:56,2017-05-23 08:39:49,2017-06-13,199.0,28.14,1,1,227.14,1,1,5.0,1.0,591f61e3af97d35b7cb85d61e8fde107,75840,santa rita do araguaia,GO,18.666122685185186,39.30513888888889,0,227.14
57e1f02c24c1c6c9b445d77373d9f4fa,6feeb77df30ef447c4f061a576768be8,delivered,2017-05-04 16:50:16,2017-05-04 17:03:07,2017-05-11 10:40:49,2017-05-19 10:49:59,2017-05-31,39.0,14.52,1,1,53.52,1,1,,,a286f8051a4e213c92f5491e48f0dfec,22790,rio de janeiro,RJ,14.749803240740741,26.298425925925926,0,53.519999999999996
40a0d420733e7978f30e7a63616bba22,2d7004e28a033e5a7b867aff335b7e65,delivered,2017-05-04 16:50:52,2017-05-04 17:03:05,2017-05-26 09:52:02,2017-05-29 13:21:28,2017-06-20,79.0,15.76,1,1,94.76,9,1,5.0,1.0,a8cb771f0d1d230407948d4ce2af5c3e,2941,sao paulo,SP,24.854583333333334,46.29800925925926,0,94.76
800a5a27188c4ceb9f70a42ce8a556bd,d42e5bc093be3c0811a2155517721375,delivered,2017-05-04 16:51:13,2017-05-05 02:23:50,2017-05-05 14:32:59,2017-05-19 08:57:51,2017-06-02,178.0,36.1,2,1,214.1,1,1,4.0,1.0,d01e716d3517c4e8e2adb2a211505c02,76560,alto horizonte,GO,14.671273148148147,28.297766203703702,0,214.1
2a845fcc04905f947eaf328adb74e528,033d941a9b54660b52da29edf21075e4,delivered,2017-05-04 17:04:39,2017-05-04 17:24:24,2017-05-05 13:22:38,2017-05-15 12:17:15,2017-05-25,34.9,10.96,1,1,45.86,4,1,4.0,1.0,f9ca24ac60dd57b28630410f8a1ac485,15015,sao jose do rio preto,SP,10.800416666666667,20.2884375,0,45.86
3584d2b8b46935e835424180bcc17702,9aa94371a681279abc010cc5ed7ed4ea,delivered,2017-05-04 17:25:45,2017-05-04 17:44:27,2017-05-10 09:54:40,2017-05-15 07:37:46,2017-05-26,56.99,11.01,1,1,68.0,1,1,5.0,1.0,32298281712f20b7489df2967a6fed6d,9607,sao bernardo do campo,SP,10.591678240740741,21.27378472222222,0,68.0
75e0a6d2e57dd8ad70355c1b44acdde4,d789c00ea59fa11aa39ed8ca4567656d,delivered,2017-05-04 17:27:01,2017-05-05 17:30:21,2017-05-09 07:47:57,2017-05-17 14:45:24,2017-05-31,849.0,126.44,1,1,975.44,3,1,5.0,1.0,c1af67e73acdb33638179ec6cb0fbd3c,23052,rio de janeiro,RJ,12.887766203703704,26.27290509259259,0,975.44
7715ec335869451fe7dda18fddf75da7,03a3b2d52dbe4375adc3dcba1e3f3ff2,delivered,2017-05-04 18:29:13,2017-05-05 02:15:15,2017-05-15 14:04:00,2017-05-22 16:49:49,2017-05-29,17.89,14.52,1,1,32.41,1,1,3.0,1.0,1bf2c83e9b4d2faa2a8fba48797b832c,36037,juiz de fora,MG,17.930972222222223,24.22971064814815,0,32.41
aa1b889390528c108e089b5653303727,47f65598c29fdf5ff7560cf8a532b07b,delivered,2017-05-04 18:36:49,2017-05-05 14:35:19,2017-05-10 10:04:36,2017-05-11 15:11:44,2017-05-26,79.99,11.17,1,1,91.16,1,1,5.0,1.0,b74d723479e0bf634e9769a722c278ac,6824,embu das artes,SP,6.857581018518519,21.22443287037037,0,91.16
c0fb0c31cc56e7ddc07f5306fdff9e05,a8a21122dd385225c248e304c8497b18,delivered,2017-05-04 18:52:50,2017-05-05 06:35:25,2017-05-09 12:17:20,2017-05-25 15:47:31,2017-06-06,49.9,20.8,1,1,70.7,1,1,5.0,1.0,1be00084f4412958838a4888bed98678,45700,itapetinga,BA,20.87130787037037,32.213310185185186,0,70.7
dc46190997992f32077f47f637ea4878,69dd22c7b556c8d08883f66a918f63e9,delivered,2017-05-04 19:13:41,2017-05-04 19:25:14,2017-05-05 14:22:10,2017-05-29 09:58:04,2017-06-20,64.98,24.94,1,1,89.92,6,1,5.0,1.0,482378d0e6b86b5f28005f6a03235599,60135,fortaleza,CE,24.614155092592593,46.19883101851852,0,89.92
0985a44f5d8e8bf1d6a48717584cec06,f82b51953c5ce4b803faaf7e95e1c858,delivered,2017-05-04 19:14:54,2017-05-04 19:25:13,2017-05-05 09:26:02,2017-05-10 08:52:54,2017-05-25,42.99,11.74,1,1,54.73,3,1,4.0,1.0,c37449d8b51eefa148cd87b2c605a1c1,13495,iracemapolis,SP,5.5680555555555555,20.19798611111111,0,54.730000000000004
dd0488bddbf592ba7d9855279f65af62,0994f4004d043a6b92949b75744e0e52,delivered,2017-05-04 19:15:42,2017-05-05 22:02:34,2017-05-09 07:52:10,2017-05-18 17:17:44,2017-06-01,379.99,21.25,1,1,401.24,1,1,5.0,1.0,8087ebdbfc13d2aef5f18e68f0f83509,88708,tubarao,SC,13.918078703703705,27.197430555555556,0,401.24
51c064ec2d79d398b30db3f8e1de8ec8,91da5278c565f5d5d22b3724ec4839fd,delivered,2017-05-04 19:16:04,2017-05-05 02:25:24,2017-05-05 13:30:49,2017-05-10 09:17:54,2017-05-29,20.0,18.63,1,1,38.63,1,1,5.0,1.0,83d4f03665f228247540e9d373cbc65d,89037,blumenau,SC,5.584606481481481,24.197175925925926,0,38.629999999999995
f3edeb6abd99f61bd94454f9e7687b67,0229d7450ba7ceb9aee1e3fcc74f7dee,delivered,2017-05-04 19:27:18,2017-05-04 19:35:22,2017-05-05 11:21:31,2017-05-12 14:51:38,2017-05-25,269.9,13.28,1,1,283.18,5,1,5.0,1.0,b9128514e102f40787b83ba482a44fae,14801,araraquara,SP,7.808564814814815,20.189375,0,283.17999999999995
b83a53aed7b1da149fe5272c3ea0a9da,513e518b5caafded884af053de30ed00,delivered,2017-05-04 19:31:51,2017-05-04 19:42:20,2017-05-09 10:26:21,2017-06-13 18:42:25,2017-06-13,94.96,32.96,1,1,127.92,6,1,2.0,1.0,7bc87ebcf1cecf35cd560bfb06a5cd33,72583,brasilia,DF,39.96567129629629,39.18621527777778,1,127.91999999999999
365a8708db2878154916b372f72e17ef,6816cc08a7c9ef50ff5bde38948ea97a,delivered,2017-05-04 19:35:21,2017-05-06 02:15:56,2017-05-09 16:53:19,2017-05-15 15:48:06,2017-06-07,99.0,24.89,1,1,123.89,1,1,5.0,1.0,160d2ef1a6e33ce2b48efc9686cc5443,39740,guanhaes,MG,10.8421875,33.18378472222222,0,123.89
21986117cfddd42a35f894deadbe2f95,3ce0f3492243e7dc026346678fd4f703,delivered,2017-05-04 19:36:56,2017-05-04 19:50:10,2017-05-10 11:17:31,2017-06-19 11:03:21,2017-06-07,89.9,21.08,1,1,110.98,5,1,1.0,1.0,1a3e064d6461fb5fba261ab141ca2ad9,57063,maceio,AL,45.64334490740741,33.182685185185186,1,110.98
b0d7c6fe6331dbed458f4be7e65240aa,500e735e23e3e9a2406249a2e2ebaac1,delivered,2017-05-04 20:12:50,2017-05-05 20:22:27,2017-05-10 10:17:41,2017-05-18 06:52:11,2017-05-25,99.99,12.09,1,1,112.08,5,1,5.0,1.0,83bd8551b3eb05460414882a2f4be504,11740,itanhaem,SP,13.443993055555556,20.15775462962963,0,112.08
1b489d892646547f7e27765f3438d8b6,9f565d7a62a52911c71ce69685941b56,delivered,2017-05-04 20:25:28,2017-05-04 20:35:12,2017-05-05 13:33:34,2017-05-09 10:36:53,2017-05-29,31.9,14.52,1,1,46.42,1,1,4.0,1.0,d24b39ced50b074635522151100a22e8,11025,santos,SP,4.591261574074074,24.14898148148148,0,46.42
bf488c4d02bcdb68c278b42d9417f05d,c4a04aaad12f3208ae0b1a76ef3918ad,delivered,2017-05-04 20:33:27,2017-05-04 20:42:43,2017-05-09 11:08:01,2017-05-19 10:57:06,2017-05-29,402.85,54.37,1,1,457.22,2,1,1.0,1.0,971990c4351040cca69ca519f63c3d20,26155,belford roxo,RJ,14.599756944444444,24.1434375,0,457.22
82a4587415d59443dce9ac6d0ce8720f,a0ae88a1f9e295befb3436f377b0746f,delivered,2017-05-04 20:37:29,2017-05-05 02:25:25,2017-05-05 19:00:02,2017-05-16 09:29:55,2017-06-08,99.99,26.44,1,1,126.43,1,1,5.0,1.0,1849e2814a680fd9e23e3c47f53ca85d,64012,teresina,PI,11.536412037037037,34.14063657407407,0,126.42999999999999
ceed776cef69730e986a45c5051fad62,baadb98b0e4653b29f6408c9dd65d544,delivered,2017-05-04 20:45:30,2017-05-05 20:50:15,2017-05-09 10:50:13,2017-05-15 19:23:03,2017-05-29,59.9,17.16,1,1,77.06,1,1,4.0,1.0,de821059d96fe9cd40fa185083d065fc,35900,itabira,MG,10.942743055555555,24.135069444444444,0,77.06
c0169fe1cf1ff71a7391742a2b03d6a8,718367a7075a1c1b26334463f46cead2,delivered,2017-05-04 20:53:11,2017-05-06 02:15:15,2017-05-09 16:38:56,2017-05-18 12:45:00,2017-05-25,39.99,11.74,1,1,51.73,1,1,4.0,1.0,d3bfc5a084de8d2a42393cda071a8995,13520,sao pedro,SP,13.660983796296296,20.129733796296296,0,51.730000000000004
7fd85cb0143de098a4c5ab5a57bfbd91,d32034dfc685b1ae15dd4c78eace868e,delivered,2017-05-04 21:05:28,2017-05-09 22:33:28,2017-05-09 17:02:58,2017-05-18 06:34:38,2017-06-01,59.0,20.73,1,1,79.73,3,1,5.0,1.0,39ec290b99d3f51dd92e2c2119d23045,13520,sao pedro,SP,13.39525462962963,27.121203703703703,0,79.73
1fedda1b294263f50d8f0f78bf5c3e6a,08f68c9d6b891c565a87205b547d21a8,delivered,2017-05-04 21:15:50,2017-05-04 21:25:17,2017-05-05 16:26:50,2017-05-16 10:12:49,2017-05-31,464.0,66.04,4,1,530.04,2,1,5.0,1.0,fcbbe2856825553e6ed2bfbb252587fc,29730,baixo guandu,ES,11.539571759259259,26.11400462962963,0,530.04
3ad8a7439418603f2b86bbb37e645b93,f3c9c6bf685619f838e78019116a92ac,delivered,2017-05-04 21:23:22,2017-05-04 21:35:24,2017-05-05 10:26:15,2017-05-12 12:24:46,2017-05-29,89.9,18.91,1,1,108.81,4,1,5.0,1.0,e4c595917909f1a77663c9c339767980,3286,sao paulo,SP,7.625972222222222,24.10877314814815,0,108.81
3ddc60b196555a5b9632e7b59f655dc4,4a45bbc350fbd889367ab6607e247830,delivered,2017-05-04 21:25:53,2017-05-04 21:35:21,2017-05-05 13:30:52,2017-05-15 10:32:22,2017-05-29,8.2,14.11,1,1,22.31,2,1,5.0,1.0,d18db832c17e0a7121ec0bc97bdf0e82,22280,rio de janeiro,RJ,10.54616898148148,24.107025462962962,0,22.31
28fc2d3b6b9c5214e2ccdf189ba572af,23964fc361f9494ed6fb1db09507ce6a,delivered,2017-05-04 21:29:55,2017-05-04 21:42:17,2017-05-05 13:57:11,2017-05-17 09:15:39,2017-06-05,250.0,15.92,1,1,265.92,2,1,5.0,1.0,833e7470f7550f56ab62787808848dcb,88502,lages,SC,12.490092592592593,31.104224537037037,0,265.92
5038599d301a92796c7e52408dd0aea3,d5308480b0869493b69ce2bec1c1d415,delivered,2017-05-04 21:33:20,2017-05-06 02:15:25,2017-05-09 11:18:17,2017-05-16 11:48:04,2017-05-31,69.99,16.19,1,1,86.18,1,1,5.0,1.0,5c4e50afdadfb15daa38fb743fd6f5fd,37048,varginha,MG,11.593564814814815,26.10185185185185,0,86.17999999999999
edc6d3b93ee7050db4013694b93176ae,758a9b528f033f9dc7c5bc1c6b3a4028,delivered,2017-05-04 21:36:59,2017-05-09 22:33:26,2017-05-10 15:30:48,2017-05-11 12:27:03,2017-05-26,19.9,10.96,1,1,30.86,1,1,5.0,1.0,9d98ffc3321d84cd4801a073b3f1a2bf,7500,santa isabel,SP,6.6181018518518515,21.09931712962963,0,30.86
26747043797cafc1ab5026649fa0ff3e,a4d25a8f61e1db5e99771d8268c1e7a6,delivered,2017-05-04 21:39:45,2017-05-09 22:33:24,2017-05-12 15:33:24,2017-05-24 11:43:51,2017-06-05,47.99,15.56,1,1,63.55,3,1,4.0,1.0,27cb8f06ec6a0f0899a985f972c98033,24220,niteroi,RJ,19.586180555555554,31.097395833333334,0,63.550000000000004
47b6cc93a89600d942bc5dec4978e6a3,04cd1987a809f1275e80cfa0030b39b3,delivered,2017-05-04 21:49:52,2017-05-04 22:02:50,2017-05-05 15:24:46,2017-05-12 13:06:39,2017-05-29,169.9,21.27,1,1,191.17,3,1,1.0,1.0,ff136252a2fd806ce234d85a09afbaef,32371,contagem,MG,7.6366550925925925,24.09037037037037,0,191.17000000000002
5f30e7c17d977e49359a52eb6ea0f738,efdd6452a79503982f6a81742a33d2bb,delivered,2017-05-04 22:11:21,2017-05-04 22:25:16,2017-05-10 16:32:17,2017-05-29 13:55:31,2017-06-02,52.3,19.07,1,1,71.37,7,1,4.0,1.0,19989840c7e9a07d0d986de34da373ba,72860,novo gama,GO,24.655671296296298,28.07545138888889,0,71.37
531694ee49280f6c3d2febd2c0f5334d,3333f866a124d5587c7b3233bb9173d0,delivered,2017-05-04 22:19:32,2017-05-04 22:30:16,2017-05-05 09:59:26,2017-05-10 12:34:49,2017-05-25,119.8,22.06,2,1,141.86,1,1,1.0,1.0,b381a905e677e24277fbacc1afef5807,18610,botucatu,SP,5.593946759259259,20.06976851851852,0,141.85999999999999
fb60f4b1a57af4307122b7997fc52243,8e70736440f6e4fd50223adf95ead0cc,delivered,2017-05-04 22:57:10,2017-05-04 23:05:19,2017-05-09 11:28:21,2017-05-16 15:23:01,2017-06-02,110.0,19.36,1,1,129.36,10,1,3.0,1.0,3299a547368c58a4d2241b2a5189d7d7,30840,belo horizonte,MG,11.684618055555555,28.04363425925926,0,129.36
1dd62cec8f15d977f5662ee87d9aae02,22797d6f64e1be43a8c1d0ba31221c7e,delivered,2017-05-04 23:00:33,2017-05-06 09:22:13,2017-05-10 09:33:15,2017-05-16 06:07:05,2017-06-07,199.0,21.71,1,1,220.71,4,1,5.0,1.0,a72af3fbddd7082b4d3754ff95915575,18160,salto de pirapora,SP,11.296203703703704,33.04128472222222,0,220.71
b21e6bcd5267e76e22e29c178d43aff5,78f7e9ff310f5d4e5ff28972f01d99f7,delivered,2017-05-04 23:14:03,2017-05-04 23:25:12,2017-05-09 11:56:46,2017-05-10 15:53:44,2017-05-25,27.0,8.72,1,1,35.72,3,1,5.0,1.0,a124666e823bbd5fb77a72afc8c1360c,2616,sao paulo,SP,5.694224537037037,20.031909722222224,0,35.72
cb0ee3ab469cd28fb41ecb23abd8e2ba,7581ff8827f7dd1da797eab73553b2bf,delivered,2017-05-04 23:14:03,2017-05-04 23:25:13,2017-05-09 11:44:16,2017-05-10 17:22:06,2017-05-25,27.0,8.72,1,1,35.72,3,1,5.0,1.0,a124666e823bbd5fb77a72afc8c1360c,2616,sao paulo,SP,5.755590277777777,20.031909722222224,0,35.72
97bfa91db4bea5977d7f4d5802d186b1,5e772b004f705143cc7b1930de75284b,delivered,2017-05-04 23:31:24,2017-05-04 23:45:07,2017-05-05 11:37:50,2017-05-15 15:41:39,2017-05-29,295.0,22.15,1,1,317.15,10,1,5.0,1.0,d8affa4d71cb3ab186436bad8862f470,20560,rio de janeiro,RJ,10.673784722222223,24.019861111111112,0,317.15
6edc82aed8285a03faae5a51ed36eb0e,bb10386818dda2842a580048ccb08fe2,delivered,2017-05-05 00:01:41,2017-05-05 01:25:29,2017-05-05 18:09:44,2017-05-17 13:49:59,2017-06-02,99.0,14.86,1,1,113.86,1,1,4.0,1.0,2e636fd512179efa9c6e1b1a28ac7f98,37500,itajuba,MG,12.575208333333334,27.99883101851852,0,113.86
c8111f39ce798f7761d4f6e8f0c3a665,76fdaa48984220f3067ba4a59725a18f,delivered,2017-05-05 00:16:57,2017-05-06 02:22:56,2017-05-08 11:44:03,2017-05-22 16:32:50,2017-06-09,149.9,38.01,1,1,187.91,1,1,5.0,1.0,4e42f5dd11f3b39f9994e12b20f10b4d,65046,sao luis,MA,17.67769675925926,34.98822916666666,0,187.91
1ca3ed3e554cd5449cf32d2d7df42d1f,18536e4346f9ce92078c3ce96fb0cc79,delivered,2017-05-05 00:49:26,2017-05-06 02:23:03,2017-05-09 07:42:23,2017-05-16 06:07:58,2017-05-26,103.97,24.01,1,1,127.98,1,1,4.0,1.0,f7bfb3f05a81ad00c2e86db943c95990,15385,ilha solteira,SP,11.221203703703704,20.965671296296296,0,127.98
b546aea900486b1d86f57d4da877a984,e1a333109e71922f3c2cf7775d80f28f,delivered,2017-05-05 01:49:17,2017-05-05 02:02:32,2017-05-05 10:41:34,2017-05-22 15:47:53,2017-06-13,104.0,25.22,1,1,129.22,3,1,4.0,1.0,d071c52731da995f4ce30e7d8f7560a8,76920,ouro preto do oeste,RO,17.582361111111112,38.924108796296295,0,129.22
21fc87cfedd833f6e6749fd823dc9754,488dbc161f80c337a895a4096d7f288a,delivered,2017-05-05 03:45:32,2017-05-05 03:55:10,2017-05-05 14:32:51,2017-05-15 15:26:39,2017-05-30,29.9,14.52,1,1,44.42,1,2,5.0,1.0,ed309929fe05641d43b8081d5cd98852,27143,barra do pirai,RJ,10.486886574074074,24.84337962962963,0,44.42
32e132ee5e808c1933c32c3c9ec17361,4f41b1a6da9287e5f4d3668400a2ea37,delivered,2017-05-05 07:43:50,2017-05-05 07:55:14,2017-05-09 14:49:52,2017-05-18 14:37:40,2017-06-07,25.99,20.4,1,1,46.39,2,1,5.0,1.0,61a375f949bbdfcb28bbac7bbf880f9f,40100,salvador,BA,13.287384259259259,32.677893518518516,0,46.39
73696c4354b75af323cf793aa474acfc,c99b3cf4d3a8c1829fc7b4c71bd3e43c,delivered,2017-05-05 07:48:46,2017-05-10 21:32:36,2017-05-10 09:47:50,2017-05-16 06:50:09,2017-05-26,25.0,12.93,1,1,37.93,3,1,4.0,1.0,1fbd81e4d0a0cf9125ca038b43533b7f,28500,cantagalo,RJ,10.959293981481482,20.674467592592592,0,37.93
0a5a672ddd7b5921439a990ff8efbb1b,d2ccc2030a2df9be14100fba82182fe1,delivered,2017-05-05 08:17:22,2017-05-09 09:35:35,2017-05-12 12:43:44,2017-05-18 11:34:05,2017-06-13,20.0,29.55,1,1,49.55,1,1,5.0,1.0,1fe67d280cf34bb8e80163556187394e,63031,juazeiro do norte,CE,13.136608796296295,38.65460648148148,0,49.55
9f3c15fb0dfc4d3f2d9f5e8e9323a9e5,85f6af84a0950fd199880c7c5adf6af7,delivered,2017-05-05 08:21:12,2017-05-05 08:30:17,2017-05-10 10:28:51,2017-05-18 14:04:44,2017-06-12,79.99,25.05,1,1,105.04,5,1,5.0,1.0,45bf7aba22952cd69510c0280b4fb5be,58640,junco do serido,PB,13.238564814814815,37.651944444444446,0,105.03999999999999
c8c4cee82cc04a8966a13f97e9366b82,a19b79f26e1ff801d669b33c167dc427,delivered,2017-05-05 08:28:50,2017-05-05 08:35:21,2017-05-05 12:00:40,2017-05-18 08:24:36,2017-05-30,256.3,46.25,2,1,302.55,2,2,3.0,1.0,a95a7250342fa968f37ddc74a5199ae6,28200,sao joao da barra,RJ,12.997060185185186,24.64664351851852,0,302.55
5239a1d5badf5276845d8c71dbeb8fc9,6a5e444906153f324d0252976a4a40a5,delivered,2017-05-05 08:44:57,2017-05-06 02:16:00,2017-05-10 17:05:04,2017-05-22 08:42:09,2017-06-13,38.9,14.52,1,1,53.42,1,1,5.0,1.0,0396c443fdda5498c7e9ed5b34871c5a,37948,bom jesus da penha,MG,16.998055555555556,38.63545138888889,0,53.42
c2cd6ce44609af75d061dfab2f67179c,9ae68689eb558472f387541c67ac8592,delivered,2017-05-05 08:44:58,2017-05-06 02:15:58,2017-05-08 11:45:33,2017-05-15 11:38:04,2017-05-30,46.99,20.43,1,1,67.42,1,1,5.0,1.0,0396c443fdda5498c7e9ed5b34871c5a,37948,bom jesus da penha,MG,10.120208333333334,24.635439814814816,0,67.42
5246f33ed41cfa5f5b8f64e7bc8cf0c2,299f7b5125c8fbe1761a1b320c34fc7d,delivered,2017-05-05 08:45:28,2017-05-05 08:55:17,2017-05-10 14:43:14,2017-05-17 15:00:14,2017-06-08,52.0,17.2,1,1,69.2,6,1,5.0,1.0,b8b3c435a58aebd788a477bed8342910,95585,arroio do sal,RS,12.26025462962963,33.63509259259259,0,69.2
c20d393462543fa2a0fe511aca2245e7,90043fb9e26697db68f4bad3e4783ee4,delivered,2017-05-05 08:50:28,2017-05-05 09:02:12,2017-05-11 10:20:24,2017-05-22 11:54:34,2017-06-05,59.0,16.11,1,1,75.11,3,1,5.0,1.0,5ea3f5d6583bddba169b4cc2bfe48093,29830,nova venecia,ES,17.127847222222222,30.63162037037037,0,75.11
46a09de362c7550f138187deacc9f840,dd41ea901054c44fe4ccd11982c68796,delivered,2017-05-05 08:57:15,2017-05-06 02:25:23,2017-05-10 08:27:44,2017-05-17 13:35:47,2017-05-30,5.9,14.52,1,1,20.42,1,1,5.0,1.0,44e7a21370ccce958a0387b528717e52,86720,sabaudia,PR,12.193425925925926,24.626909722222223,0,20.42
993fdd67bb09daf3cfa570484782ae5e,02147933803d610875878623ed98c7d1,delivered,2017-05-05 09:01:37,2017-05-05 09:15:16,2017-05-09 14:09:43,2017-05-16 22:52:53,2017-05-30,119.8,34.32,2,1,154.12,10,1,4.0,1.0,024cf57b6da1f225b8b130dcd9093af9,9181,santo andre,SP,11.577268518518519,24.623877314814816,0,154.12
462e396988fb7c71401846696de2fca7,1b236b4675c2748987e0058cc0515fb1,delivered,2017-05-05 09:56:53,2017-05-05 10:05:15,2017-05-05 15:39:55,2017-05-15 15:34:32,2017-05-30,94.9,14.83,1,1,109.73,3,1,5.0,1.0,f149d790d8d6abe55f02b6db058178f1,22290,rio de janeiro,RJ,10.234479166666667,24.585497685185185,0,109.73
319bc0c166b503154f66246b54a1751c,957fd9898cf5b656130fd940dc022580,delivered,2017-05-05 10:12:43,2017-05-06 02:15:28,2017-05-09 16:36:37,2017-05-16 09:43:35,2017-06-02,27.9,16.05,1,1,43.95,1,1,5.0,1.0,87f50253f6c799dd5d7b331fee6f94a9,87530,icaraima,PR,10.979768518518519,27.574502314814815,0,43.95
5df44528d70dc33f65da33161231b8dc,9c3097eb5268eca3a3308834bfa8515c,delivered,2017-05-05 10:40:36,2017-05-05 10:50:25,2017-05-09 15:11:50,2017-05-16 10:57:41,2017-05-30,37.9,14.52,1,1,52.42,5,1,5.0,1.0,c4fe9fc8b5e1b4f9992db983d0429854,25815,tres rios,RJ,11.011863425925926,24.555138888888887,0,52.42
341f18e07d530efb44d8dc6753c10400,b5e8f9d5c96ed06fc4ee7132f45b45cd,delivered,2017-05-05 11:11:25,2017-05-05 11:25:11,2017-05-11 14:29:02,2017-05-15 13:43:27,2017-05-30,34.76,10.96,1,1,45.72,4,1,2.0,1.0,97890020fca3adcc29f8daa54701e0dc,6602,jandira,SP,10.105578703703705,24.533738425925925,0,45.72
b962a071f9bf689775fbdf041a11372e,c8e498dee65a329a3952083292a9381d,delivered,2017-05-05 11:15:20,2017-05-05 11:25:14,2017-05-05 11:45:25,2017-05-15 08:04:40,2017-06-01,95.9,22.96,1,1,118.86,4,1,5.0,1.0,b60e4514e16067998bf7e7debd55a824,36016,juiz de fora,MG,9.867592592592592,26.53101851851852,0,118.86000000000001
3513fc8efdce4afab5abc80cf24981f0,b45089bab74f82570b6e4b765a86aea5,delivered,2017-05-05 11:17:38,2017-05-05 11:30:17,2017-05-05 15:14:40,2017-05-11 08:26:43,2017-06-01,97.0,16.38,1,1,113.38,2,1,5.0,1.0,6bb8ec9a009230f06d1af78156b4f93f,73808,formosa,GO,5.88130787037037,26.529421296296295,0,113.38
378035ea5017f82d47a885f52fff9be1,a5cc05472dc39567d79da21664133388,delivered,2017-05-05 11:25:20,2017-05-09 09:43:18,2017-05-10 03:42:16,2017-05-17 14:06:02,2017-06-05,18.9,14.52,1,1,33.42,1,1,5.0,1.0,d984dee7d1584f0e6f2141b680f7dc32,88750,braco do norte,SC,12.111597222222223,30.524074074074075,0,33.42
9794a238ab3d4acf86002d2f0ddb2890,058d7abec446a0205f278373001457a8,delivered,2017-05-05 11:28:44,2017-05-05 11:35:36,2017-05-10 09:16:59,2017-05-17 11:05:41,2017-06-08,184.9,19.42,1,1,204.32,3,1,3.0,1.0,57727682e71abd2dab8932cbaebda857,71694,brasilia,DF,11.983993055555555,33.521712962962965,0,204.32
af8a65413a5278f53502a4c24ec7e343,4b1247edd255f5c6d0742646c4b3db66,delivered,2017-05-05 11:33:21,2017-05-08 13:05:39,2017-05-09 08:07:55,2017-05-11 15:57:42,2017-05-26,34.99,10.96,1,1,45.95,4,1,5.0,1.0,22ce44b71e3154c6674488a851b3abe1,6509,santana de parnaiba,SP,6.183576388888889,20.518506944444443,0,45.95
12c404363fece070157a8d13afb76b71,ed7aa26942d4514875aa11462f8e24c4,delivered,2017-05-05 11:42:53,2017-05-05 11:55:20,2017-05-05 12:23:33,2017-05-15 12:39:03,2017-06-01,84.5,17.43,1,1,101.93,1,2,5.0,1.0,c9ac145cfaa87b54c05ffccf03854fd1,87504,umuarama,PR,10.03900462962963,26.511886574074072,0,101.93
899eb681966d4b5df1e1c9b21fc113ec,0fb8e92a020013a78360567a45d3b8b9,delivered,2017-05-05 11:56:57,2017-05-05 12:21:08,2017-05-05 16:02:37,2017-05-15 19:09:28,2017-05-30,55.9,17.13,1,1,73.03,3,1,5.0,1.0,6f24aea0273c37ec4d2b5713d022cd65,31573,belo horizonte,MG,10.300358796296296,24.502118055555556,0,73.03
0adaff16f16a26f5570209f0473fd609,4b7cea06a4086564b33d9ec3ba877109,delivered,2017-05-05 11:59:39,2017-05-06 02:22:32,2017-05-10 13:23:27,2017-05-12 09:17:33,2017-05-26,33.0,8.72,1,1,41.72,1,1,5.0,1.0,fc99653b0c5f9d1fb36e3ad3d1accbef,72503,brasilia,DF,6.8874305555555555,20.500243055555554,0,41.72
8f8667e94ac7adf9edca104f92c97bcd,24da4ce30940cad28575b38a389b9388,delivered,2017-05-05 12:18:55,2017-05-05 13:05:46,2017-05-11 15:08:22,2017-05-15 14:13:30,2017-05-26,159.8,22.34,2,1,182.14,2,1,5.0,1.0,616899fcf76de99cfe7b0a0175bd9624,21770,rio de janeiro,RJ,10.07957175925926,20.486863425925925,0,182.14000000000001
f8ed90ec4272c80d2855a01e827d1a31,6f7c595cc36f2955c51afd8facd1fdee,delivered,2017-05-05 12:21:39,2017-05-05 13:05:35,2017-05-05 14:11:34,2017-05-26 10:08:08,2017-06-01,99.9,15.91,1,1,115.81,3,1,5.0,1.0,5d5acb0d0817c4ebbcae7b66cd74c409,13600,araras,SP,20.907280092592593,26.48496527777778,0,115.81
c270a9f0fa1ce4470b8313c8adbe20e2,1231ca7e128f70b30b4f6f5c17fef759,delivered,2017-05-05 12:27:55,2017-05-09 09:35:47,2017-05-09 13:22:13,2017-05-24 22:33:14,2017-05-26,32.9,10.96,1,1,43.86,1,1,5.0,1.0,c5c40d927c858569c7c30ca11cec113b,13876,sao joao da boa vista,SP,19.420358796296295,20.480613425925927,0,43.86
a49bb03badf724e5180699f77387a444,691baba358611db5368f5441c8975113,delivered,2017-05-05 12:35:47,2017-05-06 02:15:59,2017-05-17 14:02:08,2017-05-25 15:42:10,2017-06-09,189.99,20.03,1,1,210.02,1,1,1.0,1.0,c4b3fb0afd96e4c8c71544058d5abf6e,75640,piracanjuba,GO,20.12943287037037,34.475150462962965,0,210.02
21d264a9f2582bccf55b8e9d9435a6e5,7634c5fe9a7190b61036c6bde82fcd66,delivered,2017-05-05 12:45:29,2017-05-05 13:06:04,2017-05-25 21:13:55,2017-05-26 05:04:39,2017-05-30,11.9,14.52,1,1,26.42,2,1,3.0,1.0,8805e06bb098ec7fab7981b1c082c4a6,38425,uberlandia,MG,20.67997685185185,24.46841435185185,0,26.42
9f372562f0d05458a142227656ddfc85,2b3692f768a14674dce6f6db8153ce80,delivered,2017-05-05 12:54:05,2017-05-05 13:10:25,2017-05-11 14:29:02,2017-05-29 15:59:44,2017-06-05,26.9,16.05,1,1,42.95,1,1,5.0,1.0,f1435f31734a913c329b28ef2d95331f,29129,vila velha,ES,24.128923611111112,30.46244212962963,0,42.95
2ac8de6b0905ecba2257dd9c59282d0a,d3b11e1b5c7ab076348544e22f666aee,delivered,2017-05-05 13:18:58,2017-05-05 13:30:20,2017-05-09 10:57:23,2017-05-19 11:04:34,2017-05-30,17.0,14.52,1,1,31.52,3,1,4.0,1.0,37c3f89f8aba3397e77641ebff3e3689,86710,arapongas,PR,13.906666666666666,24.445162037037036,0,31.52
2f124d00fd77d40d0847e9c97db27ce0,809aa5fbcb85cdb0111071083767c662,delivered,2017-05-05 13:21:23,2017-05-05 13:30:21,2017-05-09 16:40:08,2017-05-17 09:29:40,2017-06-07,98.0,21.14,1,1,119.14,1,2,4.0,1.0,9606af90e4f6f677e5f2469b5b2d3e7d,78085,cuiaba,MT,11.839085648148147,32.4434837962963,0,119.14
9cfff951160cff8164e3eb826dd83dd8,1dfa1a2723edcb1ad5acd5f9f9d52e8d,delivered,2017-05-05 13:26:31,2017-05-05 13:35:12,2017-05-11 09:58:47,2017-05-12 15:03:27,2017-05-26,89.9,9.0,1,1,98.9,3,1,5.0,1.0,7a2d8bd01b6a70525547ece60da48fc3,3023,sao paulo,SP,7.067314814814814,20.439918981481483,0,98.9
282c19328edcd28ae2d11f5aadeacf8b,b568884bb859574d2fe648a31738788e,delivered,2017-05-05 13:34:12,2017-05-06 02:22:23,2017-05-09 15:39:34,2017-05-12 13:16:46,2017-06-06,207.5,15.62,1,1,223.12,1,1,4.0,1.0,c25739cac286889216e3d8e7df18c03d,5773,sao paulo,SP,6.9878935185185185,31.434583333333332,0,223.12
91c75b7ba1ec17918b96773bc0f8f443,41280f8f9f6be62c061b8af89ba9ef54,delivered,2017-05-05 13:35:44,2017-05-05 13:50:15,2017-05-09 11:14:03,2017-05-24 14:39:39,2017-06-01,5.99,16.05,1,1,22.04,1,1,5.0,1.0,44b931de0be80ba9ae9c61a3d4fe339e,29360,castelo,ES,19.044386574074075,26.433518518518518,0,22.04
8d1156c96377d15036fe5866d7c2b1c9,17f815b13cf89817bfd90065eb1b69b4,delivered,2017-05-05 13:42:09,2017-05-05 13:55:23,2017-05-11 09:23:59,2017-05-16 11:47:01,2017-06-01,59.9,19.01,1,1,78.91,3,1,5.0,1.0,915ea9bfa106272fe935fa19eda98e79,79810,dourados,MS,10.920046296296297,26.4290625,0,78.91
0bf01f26ad0f401b182bd0491ee79d34,cdb061c59e7ce1676b3246012919cde2,delivered,2017-05-05 13:46:32,2017-05-05 13:55:23,2017-05-05 15:53:57,2017-05-15 18:37:24,2017-06-02,82.9,15.79,1,1,98.69,5,1,5.0,1.0,6919ba537f29bcd395c42b3d910db37f,22240,rio de janeiro,RJ,10.20199074074074,27.426018518518518,0,98.69
e7bf6c078fcd0eac3b977d498537e2b3,1ef155243064f7c445c0d8bfaec8e12d,delivered,2017-05-05 13:48:02,2017-05-06 02:25:24,2017-05-09 16:47:46,2017-05-15 18:26:13,2017-05-30,299.9,17.31,1,1,317.21,1,1,4.0,1.0,b7f82a696d98c03d1e804050568a99f5,12070,taubate,SP,10.19318287037037,24.424976851851852,0,317.21
6c12feac9a308e1382d9b19cca7f20b2,5371894984937a27cf40c7d20699a786,delivered,2017-05-05 13:48:37,2017-05-05 14:02:30,2017-05-09 14:43:49,2017-05-10 09:03:40,2017-05-26,208.9,12.07,1,1,220.97,4,1,4.0,1.0,2d69de392ffdb5def80917230154351d,35620,abaete,MG,4.802118055555556,20.42457175925926,0,220.97
91244521aad278a4f697dfd15d31287b,6cc413455365a333fd164fb49c642740,delivered,2017-05-05 13:51:24,2017-05-05 14:02:32,2017-05-08 11:44:02,2017-05-15 12:47:36,2017-05-30,61.9,17.17,1,1,79.07,3,1,5.0,1.0,9e8a3319d6728117400c64ea9e7703cc,30140,belo horizonte,MG,9.955694444444445,24.42263888888889,0,79.07
7ac617c6f13e6890a30d029b0bc3e904,6decb0d0862d5788cfb2b2f41a4c2bf9,delivered,2017-05-05 14:04:37,2017-05-05 14:15:14,2017-05-09 08:22:20,2017-05-16 14:37:09,2017-05-26,69.9,11.1,1,1,81.0,6,1,3.0,1.0,ec5dd9e9e23235dfe130946883cdc82e,18201,itapetininga,SP,11.022592592592593,20.41346064814815,0,81.0
b9df3ba1cd5cd93a66fa5f902ab0dbc5,bd6d5bb0762574fcf0102668be4f781c,delivered,2017-05-05 14:13:32,2017-05-05 14:25:24,2017-05-09 08:18:47,2017-05-15 15:41:39,2017-05-31,23.9,14.52,1,1,38.42,1,1,1.0,1.0,3402f0b7180d733ed9a7a779df26df9b,22220,rio de janeiro,RJ,10.06119212962963,25.407268518518517,0,38.42
469047e99377da914f6d4eb996977190,7eb0ed58083a45d5fd210c15f0c07079,delivered,2017-05-05 14:15:32,2017-05-05 14:25:22,2017-05-09 07:47:59,2017-05-17 17:09:31,2017-06-05,52.269999999999996,35.56,2,1,87.83,3,1,5.0,1.0,99643ab9aec6371a0b637e234f703f71,30111,belo horizonte,MG,12.12082175925926,30.40587962962963,0,87.83
57e06a77c76af39efecf2153bb43ee33,5af548de5ac9e4c548c8ace80d97833d,delivered,2017-05-05 14:21:17,2017-05-06 02:23:04,2017-05-09 16:18:04,2017-05-15 14:03:34,2017-05-30,519.99,19.89,1,1,539.88,1,1,5.0,1.0,ab95fb4ed249e41bc6aa1951c79d2582,20091,rio de janeiro,RJ,9.98769675925926,24.401886574074073,0,539.88
21f9a8ce5872071fed94d64a8cf0f0e9,2efb8069d302dc415415902c3739a93f,delivered,2017-05-05 14:31:36,2017-05-06 02:15:51,2017-05-10 15:27:55,2017-05-25 10:03:17,2017-06-09,17.9,10.96,1,1,28.86,1,1,4.0,1.0,b43c1a277315331de31c570690050f60,6604,jandira,SP,19.81366898148148,34.39472222222222,0,28.86
2a65dd524a3b3160b9f67476c8ec40c3,75e3cf403d99b8a2b69d4ab37967d508,delivered,2017-05-05 14:41:47,2017-05-05 14:55:11,2017-05-09 07:25:56,2017-05-12 11:51:45,2017-05-30,249.0,16.95,1,1,265.95,3,1,5.0,1.0,99b2b3d13b782039cdc4230380fa6c07,30120,belo horizonte,MG,6.881921296296296,24.387650462962963,0,265.95
37bfe6c888db02bffd84e1b36447bfcc,9fb3be93481a3c4b105ad2a02ace1a45,delivered,2017-05-05 14:47:40,2017-05-05 15:02:20,2017-05-05 15:12:44,2017-05-12 14:23:56,2017-05-26,966.0,67.12,1,1,1033.12,10,1,3.0,1.0,f2e860aa94bf83e60f7f3ae71f85b177,88063,florianopolis,SC,6.983518518518519,20.383564814814815,0,1033.12
7d56ba365c87c8bb457b75761f9a1df3,15b12b5faa56dd3acd4dfb4e98ebb28e,delivered,2017-05-05 14:49:31,2017-05-05 15:02:21,2017-05-09 07:59:45,2017-05-11 08:42:08,2017-05-26,109.9,24.05,1,1,133.95,6,1,5.0,1.0,80dfb11e19170913755fd629b0a544fd,6853,itapecerica da serra,SP,5.744872685185185,20.38228009259259,0,133.95000000000002
fcad30a9bb90bebcdd23bb5e3aba00e6,762b4358bfc0776647150052efc68ff5,delivered,2017-05-05 14:56:48,2017-05-05 15:05:13,2017-05-17 07:53:58,2017-05-23 12:01:46,2017-06-05,45.9,10.96,1,1,56.86,3,1,5.0,1.0,be39d155826a326afa74f2f08194bbc3,11910,sete barras,SP,17.878449074074073,30.377222222222223,0,56.86
ad9e44af42db38670b57f8df1451b739,0bd3f14716a8cac2b946dacd0a543d92,delivered,2017-05-05 15:03:09,2017-05-05 15:15:12,2017-05-11 06:47:48,2017-05-12 15:33:59,2017-05-29,129.9,12.3,1,1,142.2,3,1,1.0,1.0,eb1e86363a9dc072bfbe0a428ba6a4f3,12244,sao jose dos campos,SP,7.021412037037037,23.3728125,0,142.20000000000002
ec002084195fcce7185eab399b71ee73,5b7debb4d76067f7a0ad368028a89898,delivered,2017-05-05 15:22:34,2017-05-05 15:30:18,2017-05-12 12:47:55,2017-05-17 15:04:06,2017-06-05,155.0,16.3,1,1,171.3,3,1,1.0,1.0,152645ed2f25bd7695fa0df19379c566,32241,contagem,MG,11.987175925925927,30.359328703703703,0,171.3
3f0f2949423ea4caec394b9d09f075dd,d401d40e203390378e43c27046395eb5,delivered,2017-05-05 15:30:07,2017-05-05 15:45:18,2017-05-09 17:13:51,2017-05-22 09:42:08,2017-05-30,199.99,17.65,1,1,235.42,6,1,3.0,1.0,d946e4705169903dd9058aa3c945108b,23075,rio de janeiro,RJ,16.75834490740741,24.35408564814815,0,217.64000000000001
b0f282feab66596e7100f9baded8b54f,c8afbdb8bcb6ff18e1396158952379a7,delivered,2017-05-05 15:30:38,2017-05-06 02:15:59,2017-05-09 11:17:14,2017-05-18 09:07:50,2017-05-29,47.25,32.88,3,1,80.13,1,1,1.0,1.0,4e47cf274a97fd7db20e9a5d7e218343,5159,sao paulo,SP,12.734166666666667,23.353726851851853,0,80.13
3010634b05f5caa199440db6b0b32da4,c25756a47621cd045fbfb4ba621ebcbc,delivered,2017-05-05 15:37:18,2017-05-05 15:50:15,2017-05-08 11:44:28,2017-05-17 09:49:44,2017-06-05,169.9,18.62,1,1,188.52,7,1,4.0,1.0,dff1bed7e55bc935835dcf382ec2e6f0,73850,cristalina,GO,11.75863425925926,30.349097222222223,0,188.52
6d953888a914b67350d5bc4d48f2acab,a973c4e3ad82777add3fa188f91dacea,delivered,2017-05-05 16:12:29,2017-05-05 16:25:11,2017-05-12 05:43:55,2017-06-02 16:57:44,2017-05-30,101.7,15.92,1,1,117.62,2,1,1.0,1.0,b4527423469300ee354458e1b5f961be,32223,contagem,MG,28.031423611111112,24.32466435185185,1,117.62
9e24613b913b312f009ec05b56b339d4,e41024577c0be0553a143f9189d61862,delivered,2017-05-05 16:19:56,2017-05-05 16:30:20,2017-05-09 15:17:18,2017-05-11 15:04:05,2017-05-30,39.99,14.52,1,1,54.51,2,1,5.0,1.0,c477eeb763c6b24fe733bd8d2ca39045,36016,juiz de fora,MG,5.9473263888888885,24.31949074074074,0,54.510000000000005
5e97d2fcdd460c47e3f0c07a39438105,54206fa50231f19f182639391160816f,delivered,2017-05-05 16:39:57,2017-05-05 16:50:15,2017-05-09 10:44:38,2017-05-15 09:51:50,2017-05-26,89.5,12.02,1,1,101.52,10,1,5.0,1.0,baa7c44786eefc9150c11c000058f284,36038,juiz de fora,MG,9.716585648148149,20.305590277777778,0,101.52
87064d517041a71950b9f0cf6d34b211,092e7549898890c03675da13f2561938,delivered,2017-05-05 16:45:46,2017-05-05 16:55:17,2017-05-10 11:13:07,2017-05-13 10:20:11,2017-05-30,35.9,14.52,1,1,50.42,1,1,5.0,1.0,132887169bcb5123730977ca9a99125f,9180,santo andre,SP,7.732233796296296,24.301550925925927,0,50.42
748517ec82ece7fdd60abdaf413f6beb,bc2814da65c5b1b196a3cf681875a372,delivered,2017-05-05 16:46:28,2017-05-05 16:55:14,2017-05-09 14:19:26,2017-05-22 14:43:36,2017-06-06,129.9,18.34,1,1,148.24,1,1,3.0,1.0,31d2d2622e65a0b4aff28446600e8016,74912,aparecida de goiania,GO,16.914675925925927,31.301064814814815,0,148.24
272e6f76eb38eeae926978ca915c5758,47f94098dc1adc156b6dcf02d3524a0c,delivered,2017-05-05 16:46:55,2017-05-05 16:55:16,2017-05-09 15:10:17,2017-05-29 13:47:45,2017-05-31,94.99,20.74,1,1,115.73,4,1,5.0,1.0,ffaa5b5559566bb4dbf71d554310e760,88020,florianopolis,SC,23.875578703703702,25.300752314814815,0,115.72999999999999
b6f50dae2488438e81d1828b3d45e161,dac963d58128e2aeb233fb786c9d96d8,delivered,2017-05-05 16:49:28,2017-05-06 06:35:18,2017-05-18 13:13:48,2017-05-25 09:35:47,2017-06-19,990.0,157.5,1,1,1147.5,1,1,4.0,1.0,599f1549623f622cb0d46bc32b00332f,40320,salvador,BA,19.69883101851852,44.29898148148148,0,1147.5
adb8748f912cfee84bd47f072681ba5e,2f37ca7ce30fbfaf6cf6eea538fa754b,delivered,2017-05-05 16:54:28,2017-05-05 17:05:14,2017-05-09 17:01:21,2017-05-11 15:55:58,2017-06-01,178.0,16.95,1,1,194.95,2,2,5.0,1.0,c4748a8de4fa7ebeb30de3dd338e5ba1,21235,rio de janeiro,RJ,5.959375,26.29550925925926,0,194.95
416174619acf1adcf7416d4c8dd376d7,aea9879eed7eaea1accab48e93be3ace,delivered,2017-05-05 17:00:37,2017-05-06 02:23:02,2017-05-11 14:41:30,2017-05-13 08:22:50,2017-06-02,39.99,12.93,1,1,52.92,1,1,5.0,1.0,5558cbd8b8242ff5e6855165f42f123a,3950,sao paulo,SP,7.640428240740741,27.291238425925926,0,52.92
3497aadef2eac5ac0ae7f3a3aec00930,ee9814ba62951e233b76a8f52dd0dcd2,delivered,2017-05-05 17:00:44,2017-05-05 17:15:18,2017-05-09 08:12:59,2017-05-18 13:40:03,2017-05-31,89.0,12.01,1,1,101.01,3,1,5.0,1.0,7118a8e739b4cd5fd75eab551a423431,12922,braganca paulista,SP,12.860636574074075,25.291157407407407,0,101.01
1c2764ffc47114baa4f45f92b19ec458,4c0d7cf1595c2e09a3dab5b773475c4b,delivered,2017-05-05 17:02:14,2017-05-05 17:15:19,2017-05-09 11:27:15,2017-05-24 11:48:07,2017-06-07,139.9,34.18,1,1,174.08,2,1,5.0,1.0,66fc2397a04f6470a941a6926cc71315,64604,picos,PI,18.781863425925927,32.29011574074074,0,174.08
d01e880670a9a8612c1ad4ce4b56eb26,ac61866eb49bc6167a811bb5dd07adb1,delivered,2017-05-05 17:23:59,2017-05-06 06:35:18,2017-05-08 11:46:00,2017-05-25 16:30:12,2017-06-05,16.99,17.78,1,1,34.77,1,1,3.0,1.0,7148611df27dafdcc43298d60254d334,88117,sao jose,SC,19.962650462962962,30.275011574074075,0,34.769999999999996
1c79b6d729e3237f640dcf981b468fe8,fddf6ff3164683f459bcb89084c02e0c,delivered,2017-05-05 17:29:29,2017-05-05 17:35:21,2017-05-15 12:08:29,2017-05-22 08:37:52,2017-05-26,29.9,10.96,1,1,40.86,2,1,5.0,1.0,f633e7883bdc3236042f72e26e3aa7be,87660,paranacity,PR,16.63082175925926,20.27119212962963,0,40.86
a3595c53ef721a1b9525a8ea6e4400a8,e501da5430e735bdf48fb95e70d3455f,delivered,2017-05-05 17:53:08,2017-05-06 06:35:18,2017-05-09 07:38:00,2017-05-24 12:32:40,2017-06-09,160.0,25.61,1,1,185.61,1,1,4.0,1.0,ab0b18d7f01ebcd4b64e775cd4c52f28,56312,petrolina,PE,18.777453703703703,34.25476851851852,0,185.61
2a2167222a256c1843f07d9d06fd92e6,e02357005a0c25c4b79537f0fabd64e4,delivered,2017-05-05 18:20:43,2017-05-05 18:30:26,2017-05-09 09:29:04,2017-05-22 13:48:45,2017-06-07,77.9,21.0,1,1,98.9,1,1,5.0,1.0,10f80329c13c7a7ecbc01a86a5bbc06d,73753,planaltina,GO,16.81113425925926,32.235613425925926,0,98.9
6342949969bcfd05fe93e0de9f27494a,eed42f4f54e24cd19f809958a4735cbf,delivered,2017-05-05 18:23:07,2017-05-05 18:30:21,2017-05-08 11:43:57,2017-05-20 19:54:36,2017-05-30,15.9,14.52,1,1,30.42,2,1,5.0,1.0,db9a65d11626b6592a2990027f37fb8b,22790,rio de janeiro,RJ,15.063530092592593,24.233946759259258,0,30.42
9f7b176cfbef1c9773aa351fa964e124,00e0a2be19aca747d3051ed15e18b77a,delivered,2017-05-05 18:30:01,2017-05-06 10:42:31,2017-05-09 15:21:51,2017-05-15 14:42:14,2017-05-30,71.8,30.22,2,1,102.02,4,1,1.0,1.0,249749451a0cae7e2de98adce5811f02,22720,rio de janeiro,RJ,9.84181712962963,24.229155092592592,0,102.02
dcddaf0d2359e8b282ad24f1d84857bc,ffe6d825d8a60d5cca942bcc57e9d8e6,delivered,2017-05-05 18:34:34,2017-05-06 02:23:00,2017-06-08 14:34:07,2017-06-27 11:30:05,2017-06-07,59.9,24.55,1,1,84.45,1,1,1.0,1.0,03219f704113c9e40797774e4ddb532d,52190,recife,PE,52.705219907407404,32.22599537037037,1,84.45
ea71c8751c47c442f142dc340867918b,25b86c80578b3a629215a80564dc8896,delivered,2017-05-05 18:46:30,2017-05-06 18:15:14,2017-05-09 08:07:53,2017-05-15 12:00:09,2017-06-09,139.0,24.35,1,1,163.35,1,1,2.0,1.0,c1236f93ddcd852611e5be0c2768ad2d,2751,sao paulo,SP,9.7178125,34.217708333333334,0,163.35
f31dd475a9e762d3b7b023b77d03a8e1,878bf7754a5b3f732a8b6c3d5621e2ff,delivered,2017-05-05 18:54:54,2017-05-05 19:10:06,2017-05-10 09:54:39,2017-05-16 09:32:35,2017-05-30,89.99,10.96,1,1,100.95,6,1,5.0,1.0,64450742fb384fc0207432c3f8083ae0,13611,leme,SP,10.609502314814815,24.211875,0,100.94999999999999
cad42b09c7b0a54df0097a65da14d324,516034d1679bb8a6ea490edb5343c0e4,delivered,2017-05-05 19:06:14,2017-05-05 19:22:20,2017-05-08 11:42:11,2017-05-13 12:12:21,2017-05-30,78.75,15.11,1,1,93.86,1,1,4.0,1.0,acb316fa76570bd5ebc4bcd0a24ac497,30431,belo horizonte,MG,7.712581018518518,24.20400462962963,0,93.86
9f738fc8b806bc3d86ccf78855e82eeb,38c97666e962d4fea7fd6a83e69f20cd,delivered,2017-05-05 19:08:38,2017-05-05 19:22:19,2017-05-08 15:39:35,2017-05-24 10:37:32,2017-06-09,349.6,49.68,2,1,399.28,6,1,5.0,1.0,b6108acc674ae5c99e29adc1047d1049,59650,acu,RN,18.645069444444445,34.202337962962964,0,399.28000000000003
a967dc63ea8966470a83bd0cb2d7d749,f5e01ca083981235016fbce46a13ff37,delivered,2017-05-05 19:24:59,2017-05-05 19:42:14,2017-05-08 16:02:05,2017-05-15 17:24:30,2017-05-30,110.0,14.52,1,1,124.52,6,1,5.0,1.0,877aadf8b2739716c0163f5011c7b64a,84174,castro,PR,9.916331018518518,24.190983796296297,0,124.52
c52e9809d37cb1da882dc573f4240878,d2a568db82977556bb2acd4ed397b59f,delivered,2017-05-05 19:36:29,2017-05-09 09:45:16,2017-05-10 11:07:29,2017-05-15 15:13:57,2017-06-01,37.55,16.05,1,1,53.6,1,1,5.0,1.0,a57df54340b692bf818a258bc5853c1f,90030,porto alegre,RS,9.817685185185185,26.182997685185185,0,53.599999999999994
a8318f40d6ce7e1367863809d56a63c3,95556f234fd4ad5aa8872f93455430ac,delivered,2017-05-05 19:53:12,2017-05-09 09:50:20,2017-05-10 08:47:34,2017-05-16 23:17:35,2017-05-30,25.0,17.09,1,1,42.09,1,1,3.0,1.0,3574bc798156f406b12f377bf3fdd381,37410,tres coracoes,MG,11.14193287037037,24.171388888888888,0,42.09
a9e7b797dd41979738e86a33cc9e8520,9de58209bf50e78c31e5b6e603c3cba8,delivered,2017-05-05 19:57:06,2017-05-05 20:22:21,2017-05-08 15:44:50,2017-05-16 09:29:34,2017-05-30,119.8,31.12,2,1,150.92,8,1,4.0,1.0,1765fef079a8c44a1bce872e31aad75b,89165,rio do sul,SC,10.564212962962962,24.168680555555557,0,150.92
e8fe4d0ad665d8d3978e9a8e1bfcf686,5a16b379b53c2a6628ec9dfcc218bc63,delivered,2017-05-05 20:00:53,2017-05-05 20:15:17,2017-05-11 10:14:54,2017-05-17 10:42:00,2017-05-30,139.8,30.08,2,1,169.88,10,1,5.0,1.0,d18226975e699290279749eb64a11da2,88345,camboriu,SC,11.611886574074074,24.16605324074074,0,169.88
f23bef5ff346873476747ab073a43877,0c9be1ec8a88da24743626fd0384ff46,delivered,2017-05-05 20:20:18,2017-05-09 09:45:12,2017-05-15 14:28:28,2017-06-01 14:48:26,2017-06-05,129.9,25.09,1,1,154.99,1,1,3.0,1.0,5d6d845f58ded83805d69344479b27be,88130,palhoca,SC,26.769537037037036,30.152569444444445,0,154.99
e34e69d5e393453223b95ec263c04b25,739b3ce6d027297d8f3af3e589161a1a,delivered,2017-05-05 20:25:39,2017-05-06 20:35:20,2017-05-08 15:45:23,2017-05-11 14:41:58,2017-05-30,48.9,15.56,1,1,64.46,1,1,4.0,1.0,dcff926c4171c7ff3420d025c33e9041,36420,ouro branco,MG,5.7613310185185185,24.148854166666666,0,64.46
78f36af48bdfeb73392e3250be7a9b47,4b5776d05ded0f5a435b56193b33003b,delivered,2017-05-05 20:33:28,2017-05-05 20:45:12,2017-05-09 14:19:21,2017-05-19 14:09:51,2017-06-02,89.9,16.05,1,1,105.95,4,1,5.0,1.0,04ccbcbbef2cab112c2b5e1589bdf9dd,95585,arroio do sal,RS,13.733599537037037,27.143425925925925,0,105.95
2f3eedb1154600a40d3529dd83441775,df25809d2708a27863310205e3e224a9,delivered,2017-05-05 20:33:45,2017-05-05 20:45:11,2017-05-09 15:23:09,2017-05-12 12:34:53,2017-06-02,1299.99,58.76,1,1,1358.75,10,1,4.0,1.0,b8cd1885a1f24d1ee81ab66c54b76f11,12530,cunha,SP,6.667453703703703,27.143229166666668,0,1358.75
4cb28a578a5c7fb238a322631f125883,13aa1156568232cd6cbe66e3601e20c2,delivered,2017-05-05 20:39:37,2017-05-05 20:50:17,2017-05-20 10:36:08,2017-06-01 14:53:46,2017-06-19,176.9,20.8,1,1,197.7,8,1,5.0,1.0,7917dd55c02f84e82a6da57b24763857,97700,santiago,RS,26.75982638888889,44.139155092592596,0,197.70000000000002
daf525cd8a634a1b49dc7b09d332d85d,3b5c6ae5bcbebdd3468176e0046c113f,delivered,2017-05-05 20:43:13,2017-05-05 20:55:20,2017-05-08 15:44:47,2017-05-12 23:55:59,2017-05-30,39.9,14.52,1,1,54.42,1,1,5.0,1.0,aba8a07dff4f1c805ede7a75d6f34423,80320,curitiba,PR,7.133865740740741,24.136655092592594,0,54.42
1018e87031636df2c2dfa4af21df3642,011aa301cac8da4d01db88c3180a4058,delivered,2017-05-05 20:49:15,2017-05-05 21:02:12,2017-05-09 12:09:46,2017-05-18 11:54:10,2017-06-05,383.70000000000005,28.240000000000002,2,1,411.94,1,1,5.0,1.0,e44110c2ff342e5bbda6c2224d94bbe6,1202,sao paulo,SP,12.628414351851852,30.13246527777778,0,411.94000000000005
c6a3d2b7b077946b1b0134dd45d28f98,7cb502ee5543d583f0072440f8b94444,delivered,2017-05-05 20:59:15,2017-05-05 21:10:12,2017-05-08 15:42:54,2017-05-11 08:24:48,2017-05-30,119.8,37.26,2,1,157.06,8,1,5.0,1.0,b237774826133af5565c525947bc5d3b,11740,itanhaem,SP,5.476076388888889,24.125520833333333,0,157.06
d4d7c1beb2c6dc87bb984a3179558ac4,e47110abdbd56729270e9c2a8c552a72,delivered,2017-05-05 20:59:41,2017-05-05 21:10:13,2017-05-09 12:12:09,2017-05-18 09:46:39,2017-06-07,237.8,49.1,2,1,286.9,5,1,3.0,1.0,4f09f32414a1fb26c34acc8b6397bfaa,78635,agua boa,MT,12.532615740740741,32.125219907407406,0,286.90000000000003
388a9117213936e0290e6e7d50f9fee0,87ce66add9df2248ba4ee66897a478da,delivered,2017-05-05 21:04:15,2017-05-05 21:15:15,2017-05-09 08:05:58,2017-05-15 15:57:42,2017-05-26,143.8,17.64,1,1,161.44,8,1,3.0,1.0,f43710182f400d86a9aa16fecbbfd6d0,15265,zacarias,SP,9.787118055555556,20.12204861111111,0,161.44
9b11f3c4f8e84ce1374d64914b6a00b0,a9c0084d26d27e5606169d2ba260bba3,delivered,2017-05-05 21:07:46,2017-05-05 21:22:22,2017-05-08 11:44:14,2017-05-13 11:21:59,2017-05-30,141.9,18.63,1,1,160.53,3,1,3.0,1.0,6b6b30db002f73fa32a4bb6cbfe09c46,31872,belo horizonte,MG,7.593206018518519,24.119606481481483,0,160.53
6c30b488cb5cc67b2731e01894825ed6,6e53acec8266648edb5b9554fe15d5ba,delivered,2017-05-05 21:17:02,2017-05-06 02:15:21,2017-05-12 08:33:13,2017-05-19 14:57:54,2017-05-26,103.97,23.63,1,1,127.6,1,1,1.0,1.0,82c42ada362bddd393a060ed5e2d8395,5361,sao paulo,SP,13.736712962962963,20.113171296296297,0,127.6
eecde1205c668fec3e2b7643c4f805cc,b4739566d73bf2c8a647f55e9aaa4ffd,delivered,2017-05-05 21:18:27,2017-05-05 21:30:14,2017-05-09 15:22:01,2017-05-10 09:12:22,2017-05-30,298.0,14.52,1,1,312.52,1,1,4.0,1.0,b3a25c346185399faa6dffb029a9d8b6,4757,sao paulo,SP,4.495775462962963,24.1121875,0,312.52
300acffc653419f09eea9de45afa0460,302b06db224fdf184b7815e96b72d9bc,delivered,2017-05-05 21:35:52,2017-05-05 21:45:15,2017-05-08 15:45:28,2017-05-31 15:05:09,2017-06-07,89.0,24.55,1,1,113.55,5,1,5.0,1.0,54b670454d07c49747954868ee162ec7,49790,aquidaba,SE,25.72866898148148,32.100092592592596,0,113.55
bfea49050a2776e89546f0925b44c4dd,6a8c79d08f5389a8f4cdf918aba549f8,delivered,2017-05-05 21:39:28,2017-05-05 21:50:16,2017-05-09 07:38:06,2017-05-11 14:36:49,2017-05-26,109.9,10.96,1,1,120.86,6,1,5.0,1.0,ab59bca132e1e8ac2749d632c7904c77,13250,itatiba,SP,5.706493055555556,20.097592592592594,0,120.86000000000001
57db811a1db1b622111203c37e6f98f1,3b265c5c8b23bd68f30829c0c5a1af06,delivered,2017-05-05 21:51:58,2017-05-05 22:05:15,2017-05-10 10:04:32,2017-05-29 12:44:37,2017-06-02,19.99,14.52,1,1,34.51,1,1,3.0,1.0,a07c7ae064837f3433e2d4a053c95d5f,28970,araruama,RJ,23.619895833333334,27.088912037037037,0,34.51
9a65fd6f0966e358fbae4d1b54f73ccd,63610193234eccd8f1c33dfc050a1b4b,delivered,2017-05-05 22:10:14,2017-05-06 02:22:17,2017-05-09 08:08:47,2017-05-15 17:12:38,2017-06-05,132.7,32.39,1,1,165.09,1,1,5.0,1.0,17607d71527c1aeba58519710396a4bc,77001,palmas,TO,9.793333333333333,30.076226851851853,0,165.08999999999997
b2c450c7534eb01ae390b7c5668ac39f,0f887db1a0da167d1b7c85c3ec5d1f5e,delivered,2017-05-05 22:12:04,2017-05-06 22:15:17,2017-05-09 16:27:54,2017-05-17 09:44:30,2017-06-05,99.0,39.79,1,1,138.79,8,1,3.0,1.0,581f517c9afcdcc8d3a9d827f83e51a2,89560,videira,SC,11.480856481481482,30.074953703703702,0,138.79
7dfb222987465be3379d47dd9e98a1a0,5a1821dc355e60b9a34b60a1b4b3f3e9,delivered,2017-05-05 23:41:13,2017-05-05 23:50:15,2017-05-08 15:45:24,2017-05-11 10:46:40,2017-05-30,79.0,17.09,1,1,96.09,9,1,1.0,1.0,9d62781deeb1060adc0f47a86d4a2ef3,20541,rio de janeiro,RJ,5.462118055555556,24.01304398148148,0,96.09
587ed74a3001b5f1083b78c5bb0090c2,8e6524e5a9d3b947669c4202dcca38c4,delivered,2017-05-06 00:20:48,2017-05-06 00:30:26,2017-05-10 04:37:52,2017-05-12 12:47:56,2017-05-29,49.9,14.12,1,1,64.02,6,1,5.0,1.0,8135e811f7ddf66951e1faa7cd56be6f,13214,jundiai,SP,6.518842592592593,22.985555555555557,0,64.02
232277bc3b7e6ff57e09e19b7ce21bd3,140a1f1ae996c0cb559167c652cf18fd,delivered,2017-05-06 01:05:39,2017-05-06 01:25:10,2017-05-09 14:09:40,2017-05-19 15:09:45,2017-05-31,59.9,17.09,1,1,76.99,1,1,5.0,1.0,a8047a04a1b78fd3ef978828f2ecf98d,9139,santo andre,SP,13.586180555555556,24.954409722222223,0,76.99
d01bd950611f73e1490c45d87156374c,62c3d7422ddfe3eaf127b0ff104a6b2d,delivered,2017-05-06 01:39:16,2017-05-06 01:50:11,2017-05-10 11:56:06,2017-05-17 05:47:45,2017-06-13,35.0,16.05,1,1,51.05,5,1,3.0,1.0,0eebd23eb14eaa9c9af46b13c04d6e12,18650,sao manuel,SP,11.17255787037037,37.93106481481482,0,51.05
3d80d12c0beadfcdcf2b4df407112f3f,bdfdc2c56283f7efc3f5a170ca983ce1,delivered,2017-05-06 01:49:49,2017-05-07 19:01:54,2017-05-08 11:45:04,2017-05-16 14:19:01,2017-05-31,64.99,14.52,1,1,79.51,6,1,4.0,1.0,d607f1defbce29fb3a69ff5e2f9df99a,39900,almenara,MG,10.520277777777778,24.923738425925926,0,79.50999999999999
27d38402a9bf35d21de2f99946b1c1ae,887161ac86a185362955d1b9383647ff,delivered,2017-05-06 02:54:13,2017-05-06 03:10:09,2017-05-10 13:36:19,2017-05-17 12:52:58,2017-05-29,16.9,10.96,1,1,27.86,1,1,5.0,1.0,c31a0532ac4b77687d61f7fe1483d4a4,85950,palotina,PR,11.41579861111111,22.879016203703703,0,27.86
dcc15ae978fb3fdf4dbe24079e768652,76fb9d2ed14cf5608ea6306c249b8789,delivered,2017-05-06 07:14:03,2017-05-06 07:25:07,2017-05-09 12:09:54,2017-05-17 14:26:31,2017-05-31,59.9,15.56,1,1,75.46,1,1,5.0,1.0,6c45a9350eb05fba53a297c2491a32c5,35700,sete lagoas,MG,11.300324074074075,24.69857638888889,0,75.46
f5021290eb1a1105d7b9a7445f120c3d,5e346f0a6bcc85b1e87dfaf9bc5ec38c,delivered,2017-05-06 07:18:28,2017-05-06 07:30:12,2017-05-09 12:09:47,2017-05-17 11:07:38,2017-05-31,59.9,15.56,1,1,75.46,2,1,5.0,1.0,6c45a9350eb05fba53a297c2491a32c5,35700,sete lagoas,MG,11.159143518518519,24.69550925925926,0,75.46
f1e294ff3cef22b5bf945d1720dceb9e,e8181e1d84efc3d14d2d8a1827644608,delivered,2017-05-06 08:35:20,2017-05-06 08:45:11,2017-05-09 10:31:16,2017-05-22 16:00:04,2017-06-07,189.0,25.09,1,1,214.09,4,1,5.0,1.0,7c0179b15044913e0cbef59ea577f432,29171,serra,ES,16.308842592592594,31.64212962962963,0,214.09
9564498225916371a8670c3b0253ea81,403d065ed4e3882fb44ac77fe8297132,delivered,2017-05-06 08:54:37,2017-05-09 09:43:14,2017-05-16 11:52:36,2017-05-29 16:00:01,2017-06-16,70.2,107.12,4,1,177.32,1,1,1.0,1.0,3509c8111bbacb04f27aa58752d99b47,40255,salvador,BA,23.295416666666668,40.628738425925924,0,177.32
b601ce5415b4d58823d60e0e8e32ea12,facf77adcdd7eee70041e0e6dfe726b6,delivered,2017-05-06 09:04:24,2017-05-06 09:15:11,2017-05-11 13:03:19,2017-05-16 09:32:17,2017-06-06,109.9,18.94,1,1,128.84,1,1,5.0,1.0,3c666a108c01654a85fdcf2a20e12ed0,20211,rio de janeiro,RJ,10.019363425925926,30.621944444444445,0,128.84
529a75fb210fa78371c2b71fa96f8b71,f26dfdc8f3fac264e967a96df00ac3bb,delivered,2017-05-06 09:12:42,2017-05-09 09:45:32,2017-05-10 10:58:48,2017-05-22 12:12:40,2017-05-29,99.99,15.46,1,1,115.45,1,1,3.0,1.0,39e29ef332b8513b6708a8be4555637a,13212,jundiai,SP,16.12497685185185,22.616180555555555,0,115.44999999999999
49c3293b870ffc5fcd1f11ca77eb841f,a0984e8d6bd840b4a63a18fb2be49008,delivered,2017-05-06 09:26:55,2017-05-06 09:42:06,2017-05-09 13:13:26,2017-05-15 14:58:16,2017-05-31,99.8,31.12,2,1,130.92,6,1,5.0,1.0,aa070601e92391e9e647f20602fd9a1b,28570,itaocara,RJ,9.230104166666667,24.60630787037037,0,130.92
0e4160cbbf3110c620fe17602e306360,81c739d81dc4914f5513bd4b313ec889,delivered,2017-05-06 09:56:19,2017-05-06 10:10:12,2017-05-08 11:44:12,2017-05-25 11:34:24,2017-06-08,29.0,20.8,1,1,49.8,2,1,4.0,1.0,3eb4b53bf024d8002dfaf7b6961b5742,45310,ubaira,BA,19.068113425925926,32.5858912037037,0,49.8
d6408f7d8bf528bd4da31835b3b00079,ca683c50ca0dd0c98b72cc2360669f62,delivered,2017-05-06 10:13:03,2017-05-06 10:25:17,2017-05-08 15:30:04,2017-05-15 18:00:11,2017-06-01,149.9,14.52,1,1,164.42,1,1,5.0,1.0,88c5bc45b2c10c3be81002a45c871544,37701,pocos de caldas,MG,9.324398148148148,25.574270833333333,0,164.42000000000002
661c0c83032f531b95828bf7a106354e,bb450f184d3e7246bd9094c8eaa16ff6,delivered,2017-05-06 10:17:24,2017-05-06 10:25:20,2017-05-10 13:01:09,2017-05-12 14:27:42,2017-05-29,19.99,9.34,1,1,29.33,1,1,5.0,1.0,57c6a5ac88fde55944675cc79c4d5db7,4883,sao paulo,SP,6.173819444444445,22.57125,0,29.33
fa42a34be61fe1ded5df8a8079ce8a52,5a69025bd00a6950e3aa782b2213aadd,delivered,2017-05-06 10:24:55,2017-05-06 10:42:29,2017-05-11 14:46:57,2017-05-19 09:31:47,2017-05-31,61.25,21.82,1,1,83.07,7,1,4.0,1.0,5e2d8aec6009ce6b41ff04c47cbcf314,28897,rio das ostras,RJ,12.963101851851851,24.56603009259259,0,83.07
6bc8d0921edbcb67c01832572c2ca25d,6943ece6e8fee2637f6b06f466412be8,delivered,2017-05-06 10:29:30,2017-05-07 10:35:11,2017-05-09 07:57:52,2017-05-16 18:11:57,2017-06-02,89.9,17.19,1,1,107.09,5,1,5.0,1.0,c4fe9fc8b5e1b4f9992db983d0429854,25815,tres rios,RJ,10.321145833333333,26.56284722222222,0,107.09
d7bd9020e0a2758aef0994ea533ee928,d8b713b0fba96bafbe4dd833507b8493,delivered,2017-05-06 10:43:44,2017-05-06 10:55:17,2017-05-09 06:48:37,2017-05-27 05:03:23,2017-06-12,119.99,26.09,1,1,146.08,3,1,4.0,1.0,fc91d9c645bd20c43a6c4589d21cbe17,58046,joao pessoa,PB,20.76364583333333,36.552962962962965,0,146.07999999999998
9ad3bdfd0a949c2448fcd57f4a334d17,48e84ffd5f006fd62665caa8162d1e5e,delivered,2017-05-06 10:48:16,2017-05-09 09:50:29,2017-05-16 11:54:40,2017-05-24 11:42:15,2017-06-14,49.8,29.04,2,1,78.84,1,1,4.0,1.0,e6322f1bbc625e0a5da5ce949723240b,33903,ribeirao das neves,MG,18.037488425925925,38.549814814814816,0,78.84
ea272a0dfeb78b446aa525554dc50a70,3a7f116d2b26018672a238676ddaedfd,delivered,2017-05-06 10:56:15,2017-05-06 11:10:10,2017-05-15 15:56:54,2017-05-17 15:37:44,2017-05-31,48.99,14.52,1,1,63.51,3,1,3.0,1.0,3381de3c473250378b1d47934b2fc94e,27332,barra mansa,RJ,11.195474537037038,24.544270833333332,0,63.510000000000005
61416eed18f816a60139b0bd59f11e2d,97ca397101025587ac98da9417dcfa72,delivered,2017-05-06 10:56:57,2017-05-09 09:43:05,2017-05-09 10:24:32,2017-05-17 11:56:44,2017-06-02,97.06,16.05,1,1,113.11,1,1,5.0,1.0,47b9d78289da613e90a5fe360d6212c2,37464,itanhandu,MG,11.041516203703704,26.543784722222224,0,113.11
da10ccdda2c75ef56689e000a5ef9e1f,577f96503bd03b26bb18ab20abf41c1d,delivered,2017-05-06 10:58:50,2017-05-09 09:50:19,2017-05-10 08:44:48,2017-05-11 13:25:46,2017-05-29,34.92,14.12,1,1,49.04,1,1,5.0,1.0,e35506619ad6166b9806ee9078bb1a56,11065,santos,SP,5.102037037037037,22.542476851851852,0,49.04
a1f5afc5fe7a4ee4bef93aab1e95772f,dc53883e94804c81b4afdf2c23478d97,delivered,2017-05-06 11:09:15,2017-05-11 23:31:25,2017-05-09 08:48:36,2017-05-16 08:05:15,2017-05-29,241.1,20.66,1,1,261.76,6,1,5.0,1.0,5ece49e012285b9003d084a4ea8a9c94,9862,sao bernardo do campo,SP,9.872222222222222,22.535243055555554,0,261.76
d3c64cf55752f7821e85e7ea9b9b3f30,a14b17e55f117e4bf24cdd9d0e586c35,delivered,2017-05-06 11:20:18,2017-05-06 11:30:19,2017-05-08 15:29:18,2017-05-19 16:59:52,2017-05-30,328.9,10.96,1,1,339.86,6,1,5.0,1.0,d71a769963b2c890c06e83cbed137a43,15500,votuporanga,SP,13.235810185185185,23.527569444444445,0,339.85999999999996
3d0c0f6ab268b67176fd58927a08b69b,92c997e26fcb5d0c3d7677dd64830c29,delivered,2017-05-06 11:26:35,2017-05-06 11:42:23,2017-05-09 07:59:49,2017-05-16 10:52:20,2017-05-29,212.0,10.96,1,1,222.96,3,2,4.0,1.0,d0ba7b5b94efc995706e1219e9b39081,6813,embu,SP,9.976215277777778,22.52320601851852,0,222.96
6ea9f2cd206705f2638e4d3db4698031,f97bf3effadbdb9e5c865d0ce0eb383d,delivered,2017-05-06 11:30:56,2017-05-06 11:45:12,2017-05-09 11:27:15,2017-05-23 09:28:44,2017-06-02,95.8,37.88,2,1,133.68,6,1,1.0,1.0,c4ab594d69b7bea6181f097efc6d2d50,85615,marmeleiro,PR,16.91513888888889,26.520185185185184,0,133.68
7ebf85bfac2ce83f0e584e02a6f225b4,db0e1df144d773611064d46bb16e33b1,delivered,2017-05-06 11:33:11,2017-05-09 09:50:14,2017-05-10 11:58:09,2017-05-16 12:44:55,2017-06-02,17.0,16.05,1,1,33.05,1,1,5.0,1.0,fa2666e84063ec0bfc0e66b89ed60a08,29306,cachoeiro de itapemirim,ES,10.049814814814814,26.518622685185186,0,33.05
2bd6b3624f76c45ee232f01f7fe6fb7f,ac6495ad2de6a74267e37884b2939608,delivered,2017-05-06 11:40:50,2017-05-06 11:50:17,2017-05-09 18:16:58,2017-05-18 07:35:49,2017-05-31,29.9,14.52,1,1,44.42,2,1,5.0,1.0,f65c8b0c2fef64995e11d3620fec61fa,30570,belo horizonte,MG,11.829849537037036,24.513310185185187,0,44.42
b64b1539563ff515922bd124fd838863,a22203b8cd7210764aa43f442904a076,delivered,2017-05-06 11:48:53,2017-05-06 12:47:06,2017-05-08 11:46:42,2017-05-24 15:06:39,2017-06-21,22.9,24.84,1,1,47.74,1,1,5.0,1.0,a30be234246fed38afe084a19a6cc015,60115,fortaleza,CE,18.137337962962963,45.507719907407406,0,47.739999999999995
f6c8100c191425ac666f9ec50fa55a12,48169ee8d433f496c69a24151825857f,delivered,2017-05-06 11:50:18,2017-05-06 12:48:06,2017-05-10 15:27:55,2017-05-18 09:41:24,2017-06-12,45.8,21.92,2,1,67.72,2,1,5.0,1.0,6acbd95f502950f253a1d4d8c6b0f486,2955,sao paulo,SP,11.910486111111112,36.50673611111111,0,67.72
1ab73bf6573a454e2ea4a88dea0ba430,62df31b53c3ec1fe05062ef34e35f2f4,delivered,2017-05-06 11:54:20,2017-05-06 13:01:19,2017-05-09 07:25:55,2017-05-22 13:42:28,2017-06-05,679.0,14.52,1,1,693.52,10,1,5.0,1.0,f8cc4ccf2ab328a1cef35f3617d7b19d,88034,florianopolis,SC,16.075092592592593,29.503935185185185,0,693.52
114cc5b2956361cfc8f63709a9e453d7,106f1678c5c49be2647e906dde7dbd71,delivered,2017-05-06 12:16:19,2017-05-06 13:01:37,2017-05-09 15:17:25,2017-05-18 12:27:50,2017-05-29,181.55,18.6,1,1,200.15,4,1,5.0,1.0,9e22c659d0383dfce29dd8008e577b1f,13845,mogi-guacu,SP,12.007997685185185,22.48866898148148,0,200.15
2767b7408c48c599a9a6c170ca651252,bc7f652274b9ac7633e16f1f0b4f4576,delivered,2017-05-06 12:16:26,2017-05-06 13:01:37,2017-05-09 08:27:40,2017-05-16 20:30:13,2017-05-31,21.9,14.52,1,1,36.42,3,1,5.0,1.0,b3af9d78fe4fc6494e121d9c19f1f775,20521,rio de janeiro,RJ,10.342905092592593,24.488587962962963,0,36.42
932fbcd8ff83452581f2b710115f094e,3391d14b67f9a497f056bb575a5f7a30,delivered,2017-05-06 12:16:26,2017-05-07 13:05:51,2017-05-08 11:44:07,2017-05-16 09:33:22,2017-06-08,129.9,26.82,1,1,156.72,1,1,5.0,1.0,8b9fb53ac87369f38cb793c2ebd89798,78398,porto estrela,MT,9.886759259259259,32.48858796296296,0,156.72
33f54eb5a5aba085c0d70b2664b6926f,52d7c0657734687b64282a9b4db2dffb,delivered,2017-05-06 12:17:56,2017-05-09 09:42:58,2017-05-09 15:39:49,2017-05-12 14:54:42,2017-05-29,169.99,17.64,1,1,187.63,1,1,5.0,1.0,7b00713258967aec4ca78f3c26e89a2f,12940,atibaia,SP,6.1088657407407405,22.487546296296298,0,187.63
650df820145c92501d76b8a8501b1f9b,72683d2e19b1162853c8e8c853624a8e,delivered,2017-05-06 12:24:40,2017-05-06 13:01:59,2017-05-09 07:59:52,2017-05-12 18:55:56,2017-05-31,239.0,64.02,1,1,303.02,4,1,5.0,1.0,8df6025e7e187171192472543413b77e,33943,ribeirao das neves,MG,6.271712962962963,24.48287037037037,0,303.02
e897d96adf4da16805cd6faf2913ce48,ede6d420b95b2d4145c3e0de07483597,delivered,2017-05-06 12:28:42,2017-05-06 13:02:28,2017-05-16 17:24:45,2017-05-19 16:36:08,2017-06-02,798.0,56.89,1,1,854.89,6,1,5.0,1.0,e8092d3af4962027cd1f45d669494cd6,95625,imbe,RS,13.171828703703703,26.480069444444446,0,854.89
78cb812cde46e3e06e94affd5ea47012,fde3c24d146f729176c1311e953c9c0d,delivered,2017-05-06 13:08:14,2017-05-06 13:22:12,2017-05-09 07:27:58,2017-05-10 09:05:46,2017-05-29,219.8,21.92,2,1,241.72,10,1,5.0,1.0,fb2f1b5cb4a9612511658f7351c25899,13590,dourado,SP,3.8316203703703704,22.45261574074074,0,241.72000000000003
badff059f06914594e6477d1273478db,5fd0bf8a4bd7c3765f1f68324dcb2871,delivered,2017-05-06 13:20:39,2017-05-07 16:05:09,2017-05-10 09:53:42,2017-05-15 13:23:52,2017-06-02,168.0,68.76,4,1,236.76,6,1,5.0,1.0,deed673d98683621bb6af3160e73bf75,20551,rio de janeiro,RJ,9.002233796296297,26.443993055555556,0,236.76
4f8092f81e74647a7bb441b6577d62b1,72b2dcb1f65360c3a533246ea3502fed,delivered,2017-05-06 13:35:37,2017-05-09 09:43:20,2017-05-11 12:28:35,2017-05-18 09:28:43,2017-06-05,47.8,32.1,2,1,79.9,1,1,5.0,1.0,89c2f7ccdb8ab27ba22df980e678410f,99701,erechim,RS,11.828541666666666,29.433599537037036,0,79.9
78d7cdfcab0a42ea5428365d6ad0ff34,6b4b61ebc9f99f1e03209745ac55f447,delivered,2017-05-06 13:36:32,2017-05-06 13:45:15,2017-05-10 16:58:20,2017-05-18 18:56:32,2017-05-31,139.9,15.56,1,1,179.55,12,1,5.0,1.0,f6285dcb8439182dfcb4c580260a9f8e,22790,rio de janeiro,RJ,12.222222222222221,24.432962962962964,0,155.46
4c689245ea93c43c3bd76bda4dca1403,1d5049f05b24a406472459b56ee9502a,delivered,2017-05-06 13:45:58,2017-05-06 13:55:17,2017-05-09 07:38:06,2017-05-16 10:03:33,2017-06-07,299.0,21.82,1,1,320.82,10,1,5.0,1.0,def2e3c3c00fa219940b7215d8645d4c,28896,rio das ostras,RJ,9.845543981481482,31.426412037037036,0,320.82
49865c5eeb869113155c217d234a777e,7a4a0eeb4a633231c3fa6fd854513193,delivered,2017-05-06 13:58:00,2017-05-06 14:10:17,2017-05-09 17:22:36,2017-05-17 06:55:43,2017-06-02,199.99,18.94,1,1,218.93,4,1,5.0,1.0,ea6d9794ede4b45efc55f8e8986659b6,96600,cangucu,RS,10.706747685185185,26.418055555555554,0,218.93
b83386c51767724444bf697eb4c64b30,b55606c2285147417c87a9726c93952c,delivered,2017-05-06 14:07:21,2017-05-06 14:22:16,2017-05-09 07:59:44,2017-05-23 12:59:32,2017-06-02,109.9,42.76,1,1,152.66,3,1,4.0,1.0,31bf606c8e1ec22223a013e8f4081655,95315,caseiros,RS,16.95290509259259,26.4115625,0,152.66
4473b8fa106822f223b714af3157b92b,1b23fc2a8153a87a2fdd885c0a7de1c7,delivered,2017-05-06 14:09:29,2017-05-06 14:22:19,2017-05-09 15:22:01,2017-05-11 21:37:28,2017-05-31,238.0,16.42,1,1,254.42,2,1,4.0,1.0,b1f98bcf9ce41585ead4c40a01f649f2,13419,piracicaba,SP,5.311099537037037,24.410081018518518,0,254.42000000000002
a3aa23c77d6830dd5cb7ad473c8df492,2ca0ca2b7b63b62a682e006a9f55942a,delivered,2017-05-06 14:12:27,2017-05-06 14:22:19,2017-05-09 07:55:54,2017-05-17 15:27:47,2017-06-06,329.9,24.18,1,1,354.08,3,1,4.0,1.0,03a7a36e23016fe4e8d04f751b51937a,22081,rio de janeiro,RJ,11.052314814814816,30.40802083333333,0,354.08
a6f204a476de5e606ae0188921142f7a,5a1378910e540a78b55df6f430a14cea,delivered,2017-05-06 14:23:15,2017-05-09 09:43:10,2017-05-09 15:28:25,2017-06-02 17:42:06,2017-06-08,74.9,38.07,1,1,112.97,1,1,1.0,1.0,7245e3ee428b7969d8b176d0e1c53b23,57072,maceio,AL,27.138090277777778,32.40052083333333,0,112.97
17fe101451195e941a90b55aa9cf2e48,8a9de3b3a35fb0bb3159fe4d1ec6f522,delivered,2017-05-06 14:25:48,2017-05-06 14:42:02,2017-05-12 14:21:18,2017-05-15 09:51:51,2017-06-02,231.89999999999998,45.89,3,1,277.8,2,1,5.0,1.0,b4876c0cf2de5a5cd5fa8388ce23d648,85601,francisco beltrao,PR,8.809756944444445,26.39875,0,277.78999999999996
94d1193f2a0ae739f23399b913bd577c,8d4ec82c5c44cbe0d410ea9fc01c1060,delivered,2017-05-06 14:38:38,2017-05-06 14:50:18,2017-05-11 13:44:55,2017-05-23 16:24:14,2017-05-29,19.9,13.37,1,1,35.59,3,1,4.0,1.0,980d5cf1712cfdb0b336e4a1244dbcba,13630,pirassununga,SP,17.073333333333334,22.389837962962964,0,33.269999999999996
176347e69f455175b5ffbf6f6287e4ab,d093c8123401949fb8fd45345f5aedd4,delivered,2017-05-06 14:58:37,2017-05-06 15:10:18,2017-05-09 15:59:49,2017-05-12 07:57:49,2017-05-31,69.0,15.23,1,1,84.23,2,1,5.0,1.0,9298ec971ef62af8885a05bc25f09dec,18075,sorocaba,SP,5.707777777777777,24.375960648148148,0,84.23
17e6035d2c8a3c133174ada65347a2e4,e625f68cfc5ace3c29268bbda6328ae3,delivered,2017-05-06 15:00:57,2017-05-06 15:15:09,2017-05-09 12:52:51,2017-05-16 16:04:41,2017-06-02,59.9,16.99,1,1,76.89,7,1,5.0,1.0,219e17c492a20599578c4f0f3a5cec06,21610,rio de janeiro,RJ,10.04425925925926,26.374340277777776,0,76.89
14056d7cad6fbef25503befcd851fc72,b75bc7bae07714f99400b0556dd05ff4,delivered,2017-05-06 15:13:22,2017-05-06 15:25:10,2017-05-09 15:23:44,2017-05-15 09:00:01,2017-06-02,89.18,17.87,1,1,107.05,1,1,5.0,1.0,3b295e63da0b0a6e4ca92a7695e71a6b,29192,aracruz,ES,8.740729166666666,26.365717592592592,0,107.05000000000001
dff6ed771cf60abd35926e39beb502ef,c01443cc3dd815804225dacaded87050,delivered,2017-05-06 15:20:06,2017-05-09 09:30:31,2017-05-09 10:39:34,2017-05-16 09:03:44,2017-05-31,126.0,18.13,1,1,144.13,1,1,5.0,1.0,55c5a2d985619aa0a36d724e52468dfc,8770,mogi das cruzes,SP,9.738634259259259,24.361041666666665,0,144.13
4ff8e28200e5a7a50b448cfaaf1f8ed3,174156b68563868e1ed48408117d6df4,delivered,2017-05-06 15:22:18,2017-05-06 19:22:05,2017-05-08 11:45:05,2017-05-09 20:40:02,2017-05-19,2249.0,39.31,1,1,2288.31,10,1,5.0,1.0,ec4b05ce75316354ba9b297f64377ed6,81240,curitiba,PR,3.220648148148148,12.35951388888889,0,2288.31
8dd735edc2d172d0d4124014f509258c,939ccdfd89645db5eb0af0501c8b7525,delivered,2017-05-06 15:35:59,2017-05-06 15:45:15,2017-05-08 11:45:55,2017-05-10 15:20:14,2017-05-31,89.99,15.38,1,1,105.37,2,1,3.0,1.0,bb744f9b56077ef187eee27d9e35fa07,8290,sao paulo,SP,3.9890625,24.350011574074074,0,105.36999999999999
772b70d3a8f138f49a2d39a138dd7e76,b8cf89e77c8da2d4b77195a00de40ce7,delivered,2017-05-06 15:43:19,2017-05-06 15:55:19,2017-05-09 10:16:47,2017-05-15 08:45:45,2017-06-12,61.9,30.200000000000003,2,1,92.1,4,1,5.0,1.0,593cb774409e5239a1946d1c88e0813d,87045,maringa,PR,8.710023148148148,36.344918981481484,0,92.1
5968eb552ac0dfa3a19e11d2190503d3,b91428fc385c2c1ace6de35869971d49,delivered,2017-05-06 16:00:24,2017-05-06 16:10:16,2017-05-12 12:27:53,2017-05-24 11:13:47,2017-06-06,149.9,21.54,1,1,171.44,7,1,4.0,1.0,8553d782bb805c62c69990c30ec5ec1d,96211,rio grande,RS,17.80096064814815,30.333055555555557,0,171.44
b8bcd5c4f80a3e88b4d4581527e1d2cb,717f972f356835dfb983ee2437ebbbbc,delivered,2017-05-06 16:08:10,2017-05-06 16:22:03,2017-05-09 14:10:36,2017-05-16 10:26:01,2017-06-08,73.0,53.78,2,1,126.78,1,1,4.0,1.0,a855db03a8fcac8dea5b21f1e904e13d,96200,rio grande,RS,9.762395833333333,32.32766203703704,0,126.78
ca8302550f63d763f285c7465c651803,6fe66b0e0a5c9fcd3404a54ce89ca33d,delivered,2017-05-06 16:13:45,2017-05-06 16:25:16,2017-05-08 11:43:59,2017-05-16 16:58:00,2017-05-29,61.9,12.77,1,1,74.67,1,1,5.0,1.0,b7db9f34423f5ecdebfd0c8d7d6ea716,12515,guaratingueta,SP,10.030729166666667,22.32378472222222,0,74.67
64efffeec4731f7a196d327531aa95a3,bb899c1c0f8263080ff9d6254c64cc94,delivered,2017-05-06 16:14:10,2017-05-06 16:25:14,2017-05-09 08:08:46,2017-05-24 10:04:59,2017-06-06,29.99,15.1,1,1,45.09,4,1,5.0,1.0,671154fc1f75d4545783ec12d8497ce1,72850,luziania,GO,17.743622685185183,30.32349537037037,0,45.089999999999996
a6ecdcdd328d131fadda339f95ca1705,93fd2b69b9d0c330e9749b323402e41f,delivered,2017-05-06 16:14:56,2017-05-06 16:25:15,2017-05-09 08:18:51,2017-05-11 16:27:56,2017-05-31,109.9,15.52,1,1,125.42,9,1,4.0,1.0,1d1bbacbb7e6e4fef4fe1c849b6dd640,27261,volta redonda,RJ,5.009027777777778,24.32296296296296,0,125.42
c145341df96866c0282d832acbda1225,ec3ec417b16fb18d288705ec41bdd297,delivered,2017-05-06 16:19:08,2017-05-09 09:50:25,2017-05-09 11:17:02,2017-05-12 17:53:36,2017-05-19,109.9,22.32,1,1,132.22,1,1,5.0,1.0,288ae9eef8aea0a10244894a9688b226,13327,salto,SP,6.065601851851852,12.320046296296296,0,132.22
f5eff661c2631c9cd86938bef47aa2d4,0da3ca0875a2ce7e0720570ecf98bf46,delivered,2017-05-06 16:22:40,2017-05-06 16:35:23,2017-05-10 10:46:37,2017-05-18 16:23:05,2017-05-31,120.0,14.59,1,1,134.59,8,1,1.0,1.0,49e1dff368c6752f5c1319f3c988bfc9,13252,itatiba,SP,12.000289351851851,24.317592592592593,0,134.59
94a71ff8bd4a687bc057ea5d81c81dc9,dcbf701e4ac18e01395ca9e6267e642d,delivered,2017-05-06 16:30:06,2017-05-07 16:35:11,2017-05-08 15:39:33,2017-05-24 14:39:46,2017-06-06,174.8,15.97,1,1,190.77,6,1,3.0,1.0,794257b38bcbb0d6b9daaca2c8c44ef7,75813,cacu,GO,17.92337962962963,30.312430555555554,0,190.77
19423f200e948cc672a41ddbb4fb8c2f,d36b8161eef9101ed8376e0d4c783c17,delivered,2017-05-06 16:38:39,2017-05-06 16:50:16,2017-05-08 11:41:31,2017-05-09 20:52:02,2017-05-19,49.0,7.78,1,1,56.78,1,1,5.0,1.0,f35993d31a10101b36a58c67d9aeacd6,8191,sao paulo,SP,3.175960648148148,12.306493055555556,0,56.78
5e70bcf826ffb41fbf68e94ba929635e,7100e029840cace5a1d56ccc75b83ccb,delivered,2017-05-06 16:59:23,2017-05-06 17:10:18,2017-05-19 09:37:47,2017-06-23 11:44:40,2017-06-02,356.49,14.0,1,1,370.49,2,1,1.0,1.0,f59e3e14cfa2eb6f8865aaef2fe83acf,13175,sumare,SP,47.78144675925926,26.292094907407407,1,370.49
41e4e97a46cf14b6cfef187c00668efd,1b04b941356cd2e418dbbab1a0a33348,delivered,2017-05-06 17:08:07,2017-05-06 17:22:01,2017-05-09 15:38:03,2017-05-18 14:52:11,2017-06-02,69.99,16.74,1,1,86.73,1,1,5.0,1.0,f04c6fdfe7c65f3cb98dbf04ad990e8f,91550,porto alegre,RS,11.905601851851852,26.286030092592593,0,86.72999999999999
3445e54ffa2a770d1f93ed19c4bda26d,26a6cd12de84df0d6e1da96fa032f97f,delivered,2017-05-06 17:09:16,2017-05-06 17:22:01,2017-05-09 15:23:39,2017-05-15 17:09:21,2017-05-31,119.9,17.09,1,1,136.99,5,1,4.0,1.0,f61fea88ce8629d92af21e6a267f4bb3,30660,belo horizonte,MG,9.00005787037037,24.285231481481482,0,136.99
b8f3f5cc5ad4103e17b5d0bd4266d69d,39b95a2690bce9433140be3c4cdcce38,delivered,2017-05-06 17:25:10,2017-05-06 17:42:09,2017-05-10 03:27:55,2017-05-27 07:07:59,2017-05-31,99.9,16.95,1,1,116.85,3,1,5.0,1.0,f29c287e3867744b35079cc697f01935,2462,sao paulo,SP,20.571400462962963,24.274189814814815,0,116.85000000000001
d2a1c1e78726b6c25a324476d86f57ed,0c1d9404907345641777e5dbf8062c09,delivered,2017-05-06 17:25:41,2017-05-06 17:42:08,2017-05-09 08:06:00,2017-05-22 08:30:48,2017-05-31,169.0,27.5,1,1,196.5,3,1,5.0,1.0,f8bb7b52f108696bf4b46a088b3279dc,39153,sao goncalo do rio das pedras,MG,15.628553240740741,24.273831018518518,0,196.5
5fb669725665771911c8ecc187870553,6be3dedf61ef41f55430dc20f3d64899,delivered,2017-05-06 17:35:28,2017-05-06 17:45:15,2017-05-09 09:36:09,2017-05-16 09:04:34,2017-07-07,179.9,32.01,1,1,211.91,10,1,5.0,1.0,50ad9fb3ba7f8cf336529fe94a182996,22780,rio de janeiro,RJ,9.645208333333333,61.267037037037035,0,211.91
7ced17eac048bb56b535174eae0bcb7d,c85bb283fa5d77323cdbeb754b936e99,delivered,2017-05-06 17:47:06,2017-05-06 17:55:19,2017-05-09 15:21:06,2017-05-22 17:36:57,2017-05-31,69.9,16.25,1,1,86.15,5,1,3.0,1.0,790a085b80b0152b8e6fbe160e4d3326,37503,itajuba,MG,15.992951388888889,24.258958333333332,0,86.15
dd00823b8101c67e44520dd1ecead431,b1f9668ff685337055df4dc21582320d,delivered,2017-05-06 17:51:11,2017-05-06 18:05:10,2017-05-09 07:48:46,2017-05-15 14:26:43,2017-06-02,28.9,17.92,1,1,46.82,2,1,4.0,1.0,8692fdf7014344941fcbc6dcd2488ca9,22760,rio de janeiro,RJ,8.858009259259259,26.256122685185186,0,46.82
2739713764165279791b394484947e2d,05ba7b56ea0e3fb3b1af77cdae45d6f3,delivered,2017-05-06 17:54:59,2017-05-06 18:05:11,2017-05-09 09:55:04,2017-05-25 19:04:56,2017-05-31,64.9,16.21,1,1,81.11,8,1,4.0,2.0,c43530c253de630fad5e2630506af7cd,9260,santo andre,SP,19.04857638888889,24.253483796296297,0,81.11000000000001
184f17bb701af22b8e00f5830af704dc,d6d1c551a52cf82ad7e155cf0020e4e5,delivered,2017-05-06 18:04:27,2017-05-06 18:15:15,2017-05-15 13:16:14,2017-05-17 14:44:53,2017-05-31,29.9,14.1,1,1,44.0,4,1,3.0,1.0,ca0e922ac834a4f38b840c07fc03e368,9782,sao bernardo do campo,SP,10.861412037037036,24.246909722222224,0,44.0
40703c6f5fddd57d70b483c063a53c24,0689717ef06f65d8a5c53038dfdef222,delivered,2017-05-06 18:20:55,2017-05-06 18:35:16,2017-05-08 11:44:41,2017-05-22 14:33:57,2017-06-13,113.0,29.19,1,1,142.19,1,1,5.0,1.0,b6cb19f417ed8b54153d8b32f2789449,60821,fortaleza,CE,15.842384259259259,37.235474537037035,0,142.19
e5c0d192e1f883b21e7673f73cb644b9,d876789fb19a51ded2bde79987b12bd5,delivered,2017-05-06 18:23:13,2017-05-06 18:35:13,2017-05-09 14:20:46,2017-05-16 10:07:30,2017-05-29,68.9,12.82,1,1,81.72,1,1,5.0,1.0,5f0e0a97623a857fcfceb2d71d042d1b,13568,sao carlos,SP,9.655752314814816,22.233877314814816,0,81.72
10ed58c723182bd11f81473b383432de,8c5128dd6ef4e8221c2a6121b2df459d,delivered,2017-05-06 18:48:42,2017-05-06 18:55:20,2017-05-11 15:26:01,2017-05-17 09:43:47,2017-06-05,71.0,12.84,1,1,83.84,8,1,3.0,1.0,fb485c0feba34a134c01dddb334d36ba,15115,bady bassitt,SP,10.621585648148148,29.216180555555557,0,83.84
c155ef1f20c6a210e6ba29644b4d578c,d68a4ad2e0e1b831588c397095a3ac27,delivered,2017-05-06 18:49:21,2017-05-06 19:05:09,2017-05-10 06:57:57,2017-05-15 09:54:41,2017-06-05,350.0,20.69,1,1,370.69,10,1,3.0,1.0,a24766c7aa784e75c989740cd3d3e9a7,23020,rio de janeiro,RJ,8.628703703703703,29.215729166666666,0,370.69
5bf1e6094b4bf3d73daa1bf1c22a0eda,e44654ae20534b72810d5e477091dad6,delivered,2017-05-06 19:11:48,2017-05-06 19:22:06,2017-05-09 09:28:12,2017-05-24 16:13:45,2017-06-16,124.9,33.32,1,1,158.22,6,1,5.0,1.0,b489e57fc1681f570bb5df9128c02f99,68390,ourilandia do norte,PA,17.876354166666665,40.20013888888889,0,158.22
c4a28e8e313a4ec9ad2af047a0e564f7,042fe32d398b84650560f12af71f911c,delivered,2017-05-06 19:15:33,2017-05-06 19:25:09,2017-05-11 13:16:48,2017-05-16 10:23:46,2017-05-31,209.9,17.72,1,1,227.62,10,1,4.0,1.0,7eb4725d089262beaf75f9a296140a55,26112,belford roxo,RJ,9.630706018518518,24.197534722222223,0,227.62
9f076b87261e6c9894139da7d41eb02d,3a16dccb1c97f2ce9f9272fab067d967,delivered,2017-05-06 19:32:23,2017-05-06 19:45:09,2017-05-10 14:30:17,2017-05-22 12:18:11,2017-05-31,151.96,60.4,4,1,212.36,6,1,5.0,1.0,bfc84496b1100cbbd83a6f8087526168,3585,sao paulo,SP,15.698472222222222,24.185844907407407,0,212.36
5508daa213736c46607364c74e226dfa,455dd870e5dc21f9f8595e7d81ade6a0,delivered,2017-05-06 19:44:18,2017-05-06 19:55:17,2017-05-09 08:18:42,2017-05-12 19:57:42,2017-05-19,79.9,7.81,1,1,87.71,1,1,5.0,1.0,5f8908fe5f61b5510a2c336aa0cc8a15,5083,sao paulo,SP,6.009305555555556,12.177569444444444,0,87.71000000000001
56ae029ed8bd31758f66831a64bf5629,4819e20338590ee062fedff6ebde9167,delivered,2017-05-06 20:11:10,2017-05-06 20:22:13,2017-05-10 09:56:40,2017-05-17 15:41:25,2017-06-02,35.0,16.11,1,1,51.11,1,1,5.0,1.0,06a52782a04f0086d16b9c22d0e29438,79826,dourados,MS,10.81267361111111,26.158912037037037,0,51.11
d9e44c3fd2ce16086619f299e92e12d8,213573df8c484028f3492fa3548074da,delivered,2017-05-06 20:11:10,2017-05-06 20:22:14,2017-05-10 10:08:52,2017-05-17 17:34:14,2017-06-02,35.0,16.11,1,1,51.11,1,1,5.0,2.0,06a52782a04f0086d16b9c22d0e29438,79826,dourados,MS,10.891018518518518,26.158912037037037,0,51.11
84f5e6c0a0e3155e38c00f434ba90ce8,0cecd74a34f636f301b750123dd4dd3c,delivered,2017-05-06 20:11:11,2017-05-06 20:22:13,2017-05-10 09:47:45,2017-05-17 14:03:42,2017-06-02,35.0,16.11,1,1,51.11,1,1,5.0,2.0,06a52782a04f0086d16b9c22d0e29438,79826,dourados,MS,10.74480324074074,26.15890046296296,0,51.11
a27eb404169bf0159dcee550b59b9d5e,517776a386c72774906153b1648f8689,delivered,2017-05-06 20:11:53,2017-05-06 20:22:17,2017-05-09 14:49:49,2017-05-12 19:06:03,2017-05-19,59.99,7.78,1,1,67.77,3,1,5.0,1.0,742638acfb3093408c9b1e10d88ff565,5037,sao paulo,SP,5.954282407407407,12.158414351851851,0,67.77
6eda86a0f1499199eed71198fbb0e243,7a31a88e9adffee30ba900e25f51eb77,delivered,2017-05-06 20:23:57,2017-05-06 20:35:22,2017-05-09 16:27:57,2017-05-24 05:47:52,2017-05-31,39.9,15.1,1,1,55.0,1,1,5.0,1.0,1a30d100192e3a5ad31164bf0dc90d9a,25870,comendador levy gasparian,RJ,17.391608796296296,24.150034722222223,0,55.0
91342c574ec0463ab295f7591d0fc8ac,c900852d2ad6367881dcd936d2c8886d,delivered,2017-05-06 20:28:24,2017-05-06 20:42:02,2017-05-15 14:38:31,2017-05-18 13:40:03,2017-06-01,75.0,12.03,1,1,87.03,1,1,5.0,1.0,5fb5bf48cd408d971f873069e5178898,4524,sao paulo,SP,11.71642361111111,25.146944444444443,0,87.03
bdbc09409e30b5ab9defc74def1e58d3,a935ffdd253b64c93207ca2419e6f95f,delivered,2017-05-06 20:57:08,2017-05-06 21:10:09,2017-05-09 09:11:28,2017-06-06 08:04:52,2017-06-02,28.7,16.79,1,1,45.49,3,1,1.0,1.0,d590ddf189371b577fc2f8d1d57dd3c0,24756,sao goncalo,RJ,30.463703703703704,26.12699074074074,1,45.489999999999995
8ed9bbf52d875aa480a636c3cc1b6dc5,0a2b417f16a1f57ac465aa588a7367f9,delivered,2017-05-06 20:58:27,2017-05-06 22:02:23,2017-05-12 08:44:39,2017-05-15 16:51:59,2017-05-29,229.99,31.91,1,1,261.9,10,1,4.0,1.0,011fd4914a2d19b2a0e50c29cea5c6a2,3168,sao paulo,SP,8.828842592592592,22.12607638888889,0,261.90000000000003
d3ea9c99eac9b669d0d3b94941d57aac,7b8047f42ee206834b6734182802f9ea,delivered,2017-05-06 21:03:25,2017-05-06 21:15:16,2017-05-20 10:38:23,2017-05-26 10:09:28,2017-06-07,59.74,17.67,1,1,77.41,2,1,5.0,1.0,25bfd61bae5a938a3c94a81eb3ab0d4f,20530,rio de janeiro,RJ,19.545868055555555,31.122627314814814,0,77.41
a21d86f981f1cbf2c5f96971c6a6800d,b32b3f4b527cf062f07794f0aa0c5998,delivered,2017-05-06 21:08:35,2017-05-06 21:22:15,2017-05-09 08:06:01,2017-05-10 11:53:46,2017-05-29,25.0,12.48,1,1,37.48,1,1,5.0,1.0,607cc01fe70bec41bd01dc3b76cbda62,80320,curitiba,PR,3.614710648148148,22.119039351851853,0,37.480000000000004
e2172f6d6406600e974895aa52e47b45,f4c3c108453bbf266180bac30e6c3a02,delivered,2017-05-06 21:09:38,2017-05-06 21:22:16,2017-05-10 09:54:39,2017-05-17 18:26:02,2017-05-30,79.99,12.06,1,1,92.05,9,1,5.0,1.0,ce9e54a97c1a20031e82528e1883ed90,17340,barra bonita,SP,10.886388888888888,23.118310185185184,0,92.05
eba24b2dcc75d6fb248e917715a425d5,74203cd183d2faf3deb5629c6846362b,delivered,2017-05-06 21:17:01,2017-05-06 21:25:16,2017-05-09 08:16:40,2017-05-10 11:28:14,2017-05-19,21.5,9.34,1,1,30.84,1,1,2.0,1.0,e96c10f142f3a616d0ec9c73cb3f0a98,5128,sao paulo,SP,3.5911226851851854,12.11318287037037,0,30.84
62c16e40e8cd43ca10fef5eadfc2d11f,4dee81b9fa9d2d25ed3ba1829f101c95,delivered,2017-05-06 21:49:07,2017-05-06 21:55:18,2017-05-09 07:25:56,2017-05-11 13:37:55,2017-05-29,187.94,12.82,1,1,200.76,1,1,5.0,1.0,16c1d26925563b2094e827ab6e72eb64,11740,itanhaem,SP,4.658888888888889,22.090891203703702,0,200.76
b0e2da4433a10c624a9f71b187e93915,d34d3389bf81798f3e74dc622b038a95,delivered,2017-05-06 21:55:41,2017-05-07 02:10:12,2017-05-11 15:20:11,2017-05-12 12:52:11,2017-05-19,99.9,9.51,1,1,109.41,1,1,5.0,1.0,ea72e7fcc3e097952148e9aaead45e43,3731,sao paulo,SP,5.622569444444444,12.086331018518518,0,109.41000000000001
54df475b621101259545a784f1bdfcf8,9563f0aff8ddc568e70a2814455598c6,delivered,2017-05-06 22:22:58,2017-05-06 23:30:20,2017-05-16 13:54:02,2017-05-26 10:19:39,2017-05-29,97.5,13.7,1,1,111.2,1,1,5.0,1.0,9da055c652848f95e07a0614689cf705,2185,sao paulo,SP,19.49769675925926,22.06738425925926,0,111.2
2dbb2d54315778065c399a7e83002a57,4368f0421da8cbe3603fc13ee5dec576,delivered,2017-05-06 22:26:44,2017-05-07 22:25:12,2017-05-11 07:24:47,2017-05-16 11:16:14,2017-05-29,52.5,11.87,1,1,64.37,2,1,2.0,1.0,08bf80050747f02a7b29b40f967e1f49,9274,santo andre,SP,9.534375,22.06476851851852,0,64.37
0267556bb9e07f6184470cf755f5b5da,aae14cc68c254aa377d8a2139e3c7c72,delivered,2017-05-06 22:56:18,2017-05-06 23:10:09,2017-05-09 07:44:52,2017-05-30 12:55:32,2017-06-02,74.9,16.96,1,1,91.86,1,1,5.0,1.0,32d981bbadb92a8763089fdbbc16bfa8,24425,sao goncalo,RJ,23.582800925925927,26.04423611111111,0,91.86000000000001
faf87806481a087a5380b61974971f90,f0de8fe1922665df9ea965006387a423,delivered,2017-05-06 23:03:32,2017-05-06 23:15:09,2017-05-09 12:17:23,2017-05-16 15:13:53,2017-05-31,42.99,14.1,1,1,57.09,2,1,5.0,1.0,1294a3c547d645e489a296d29eb39df8,31140,belo horizonte,MG,9.673854166666667,24.039212962962964,0,57.09
485841420c8cee06025e9a75cd58b45d,14e02ed12bffbb5f509fa3010586dc88,delivered,2017-05-06 23:13:34,2017-05-06 23:25:14,2017-05-08 15:26:03,2017-05-16 11:54:38,2017-05-31,109.23,31.279999999999998,2,1,140.51,7,1,4.0,1.0,98e0d0b8d830c06fd23bef7f24eb3c50,84010,ponta grossa,PR,9.528518518518519,24.03224537037037,0,140.51
4e2684a10a34219d0106d1623609652c,7e7f09357837fdeeaea18c4605c2be77,delivered,2017-05-06 23:29:14,2017-05-06 23:42:17,2017-05-12 06:27:34,2017-05-22 11:54:50,2017-06-08,48.9,37.9,1,1,86.8,5,1,5.0,1.0,548805ac8de1ba63dc69c45bfd65c2e7,20040,rio de janeiro,RJ,15.517777777777777,32.02136574074074,0,86.8
edffd79fe16d90ba3f6a8919eb3d7b3f,7684bee1eb8361fd02f8ecae26e4d149,delivered,2017-05-07 00:33:52,2017-05-07 01:25:23,2017-05-10 14:09:11,2017-05-18 11:11:50,2017-06-09,39.0,15.1,1,1,54.1,1,1,5.0,1.0,b1b4ff54de506a5d050614d9884e47f5,79110,campo grande,MS,11.443032407407408,32.97648148148148,0,54.1
1b5364692444d3fa21966ab73ae925ab,c9e1bf85960698190ad550557fa852d3,delivered,2017-05-07 01:20:15,2017-05-09 09:30:54,2017-05-09 14:20:35,2017-05-23 12:17:51,2017-06-01,109.9,15.52,1,1,125.42,1,1,5.0,1.0,e10c33b62b6a9803573369ae09da44cb,87501,umuarama,PR,16.456666666666667,24.944270833333334,0,125.42
ef8aeb4a580c6270f2cae213db86a979,244376f13256b36cf1366004c694a329,delivered,2017-05-07 08:40:29,2017-05-07 08:50:10,2017-05-09 07:39:59,2017-05-19 08:56:44,2017-05-31,28.0,15.1,1,1,43.1,2,1,4.0,1.0,642d59e578f3b272a5f51e7ead30d600,31530,belo horizonte,MG,12.011284722222221,23.63855324074074,0,43.1
f36aa133ca7706c333252a46fc0b36e1,b89de8f8af3fdb65cf3d973495f6b9ff,delivered,2017-05-07 09:48:03,2017-05-07 10:22:21,2017-05-10 14:41:42,2017-05-20 08:19:44,2017-05-31,169.99,16.95,1,1,186.94,5,1,5.0,1.0,1488efa4d927b9e978a7f3aae358dfbf,16206,birigui,SP,12.93866898148148,23.591631944444444,0,186.94
90f5df4b93545613368423eabb62c169,f0e0dbba81ddae5b144193ac233c2265,delivered,2017-05-07 10:06:51,2017-05-07 10:15:13,2017-05-09 09:03:10,2017-05-16 13:42:04,2017-05-31,68.8,15.23,1,1,84.03,8,1,3.0,1.0,0b588dd082c6a0c510c790488f14a86e,32146,contagem,MG,9.149456018518519,23.578576388888887,0,84.03
18709a2aef5a66689133dba02a13e5eb,55b0a3a6bb6481d8ff89b5ce1b605f5d,delivered,2017-05-07 10:16:51,2017-05-07 10:30:09,2017-05-09 11:27:16,2017-05-15 12:09:40,2017-05-31,38.5,16.11,1,1,54.61,5,1,5.0,1.0,1d383678ba387a5b2df2b186716fc764,26013,nova iguacu,RJ,8.078344907407407,23.571631944444444,0,54.61
6b36830dcd8e168800764cf5077796bf,187eff014e217a4f13317d72024f4a93,delivered,2017-05-07 10:19:33,2017-05-07 10:30:16,2017-05-09 07:34:35,2017-05-18 10:19:44,2017-06-07,17.99,15.1,1,1,33.09,2,1,5.0,1.0,47d794d3b9191cca973e14771f951dc4,26600,paracambi,RJ,11.000127314814815,30.569756944444446,0,33.089999999999996
58da121f4b355734661e99087e7e4ffb,f91d534e9b4a400563c11d66fcccd526,delivered,2017-05-07 10:26:54,2017-05-07 10:42:19,2017-05-09 09:17:55,2017-05-13 09:51:52,2017-06-02,70.0,28.2,2,1,98.2,1,2,5.0,1.0,57d016c3472920b00075c01a62dbbeff,29092,vitoria,ES,5.975671296296296,25.564652777777777,0,98.2
b9930364db10972dbd6d278d5d7cef98,66e52e6917b08a61a8e08f59fe95a282,delivered,2017-05-07 11:01:18,2017-05-08 13:50:16,2017-05-10 09:17:31,2017-05-19 08:51:59,2017-06-08,109.9,38.32,1,1,148.22,1,1,5.0,1.0,082c88e2e1a130417fc95d681d6a427b,76190,palmeiras de goias,GO,11.910196759259259,31.54076388888889,0,148.22
d15e0fd391d14c714d025a4824bf068f,30df451d935bb7c4cfa51cc22ee28e5c,delivered,2017-05-07 11:08:09,2017-05-08 17:30:19,2017-05-12 19:36:09,2017-05-30 09:30:17,2017-06-27,47.9,25.63,1,1,73.53,7,1,4.0,1.0,c0955a0a7cd0cbaf66ee32b50d136132,55610,vitoria de santo antao,PE,22.932037037037038,50.536006944444445,0,73.53
b90e14223088b3ffba011828a64a73ca,28b2a01812347760419e5a982fa418d0,delivered,2017-05-07 11:19:44,2017-05-07 11:30:17,2017-05-09 15:38:06,2017-05-18 11:49:56,2017-05-29,9.99,13.37,1,1,23.36,1,1,5.0,1.0,d8bc9771c6a660e925fb7f20294462d1,13631,pirassununga,SP,11.020972222222222,21.527962962962963,0,23.36
5f75a0f53851659ccb7688c7ec228d99,6ddaa55f55b803126109ea0246790bbd,delivered,2017-05-07 11:24:29,2017-05-07 11:35:10,2017-05-09 10:13:29,2017-05-23 11:04:49,2017-06-02,148.0,20.28,1,1,168.28,2,1,4.0,1.0,bc6320c6090c35fe28647c1aa9f44ade,38610,unai,MG,15.986342592592592,25.52466435185185,0,168.28
e09eb3a9e9596fe3ed67886f080e43a4,85d66cf3f4d426ae29730e95eb57dd40,delivered,2017-05-07 11:34:32,2017-05-07 11:45:12,2017-05-09 18:03:30,2017-05-25 20:15:21,2017-06-06,87.9,23.49,1,1,111.39,4,1,3.0,1.0,a7b78c748cd03d589d69ac3230526fc0,45828,eunapolis,BA,18.36167824074074,29.517685185185186,0,111.39
1a7eac11fedf646a6ee3c3136458da69,9aca0bfc952e0fadb24258a836aa6815,delivered,2017-05-07 11:35:07,2017-05-07 11:45:14,2017-05-09 10:12:22,2017-05-22 11:44:08,2017-06-06,135.9,27.49,1,1,163.39,3,1,5.0,1.0,c2f3033b20233a4c171eb491d844da82,37740,bandeira do sul,MG,15.006261574074074,29.517280092592593,0,163.39000000000001
1c8320ef825c18190be58cff7d6afb97,edba4f48ae2f681997110ce88ede849e,delivered,2017-05-07 11:40:48,2017-05-09 09:45:30,2017-05-10 10:55:18,2017-05-15 15:53:51,2017-05-29,29.99,11.85,1,1,41.84,1,1,5.0,1.0,8981d0559afa39f4aa74465411b8e369,18031,sorocaba,SP,8.175729166666667,21.513333333333332,0,41.839999999999996
fa8161b19b784110a75dfd84c5c63b1a,5c5ca003c071d601217cee768b2a4b28,delivered,2017-05-07 12:01:10,2017-05-07 13:05:42,2017-05-09 07:46:00,2017-05-13 11:56:58,2017-06-02,289.9,21.27,1,1,311.17,10,1,4.0,1.0,880c2de566e409a3a228a2f05bbef4b3,9781,sao bernardo do campo,SP,5.997083333333333,25.499189814814816,0,311.16999999999996
64fdcfcc36e4054c0854fc86a7415de5,16f982c42f0e5baa7b9763bf266ecf1e,delivered,2017-05-07 12:08:13,2017-05-09 09:30:29,2017-05-09 11:29:49,2017-05-22 12:40:09,2017-06-02,39.0,15.1,1,1,54.1,1,1,2.0,1.0,2738af56a279cc7301fee8cfd6dcfdc9,79041,campo grande,MS,15.022175925925925,25.49429398148148,0,54.1
5fc2475da462df87150a6013f0879f5b,00ba7e4052ff6531f4e8aa0b0054318b,delivered,2017-05-07 12:10:01,2017-05-07 13:05:55,2017-05-10 08:47:55,2017-05-19 14:27:50,2017-05-31,84.0,32.22,2,1,116.22,6,1,5.0,1.0,e46d6bcd22d95a9d167d807372d08add,13097,campinas,SP,12.095706018518518,23.49304398148148,0,116.22
67884ec2877808808c25211dce58689b,08ab9916d3e6d664efe2862d1a764d88,delivered,2017-05-07 12:31:08,2017-05-12 21:33:56,2017-05-10 11:43:58,2017-05-16 07:57:33,2017-05-29,49.0,11.85,1,1,60.85,1,1,2.0,1.0,70640db97981139ee99d8f86a555d344,11704,praia grande,SP,8.810011574074075,21.47837962962963,0,60.85
2906d3aca5a5b9081616c592a8b9fb2f,1cb6cb3f6eb970146b2fc09a5f9101c5,delivered,2017-05-07 12:41:14,2017-05-07 13:10:36,2017-05-09 07:36:04,2017-05-19 10:32:28,2017-06-06,119.9,27.38,1,1,147.28,6,1,3.0,1.0,e877ddabd86bdeffa52cfee623979d2a,29163,serra,ES,11.910578703703704,29.47136574074074,0,147.28
a5705c0ba22fcdfeeeaf4b2ae485b791,dfb6e825e171551578e57036f73f2190,delivered,2017-05-07 12:42:56,2017-05-07 13:10:36,2017-05-09 07:33:14,2017-05-19 10:07:41,2017-06-01,1197.9,130.18,1,1,1328.08,10,1,5.0,1.0,28b9099dc6577fdeceb2e4468e69f556,88440,imbuia,SC,11.8921875,24.470185185185183,0,1328.0800000000002
58e507b7d867429e6bd5116ea280588d,0f2b84248204870aa5a64e07b578ced7,delivered,2017-05-07 12:47:29,2017-05-07 13:10:26,2017-05-12 06:41:52,2017-06-05 14:08:08,2017-06-08,39.0,34.15,1,1,73.15,7,1,5.0,1.0,ba0702c64162e93452439fa6c4409896,35181,timoteo,MG,29.056006944444444,31.46702546296296,0,73.15
e19cd34df6e55d39ab0bf8412fcda86a,ad7439e0f479ff502ce04c66c61bf7ec,delivered,2017-05-07 12:47:57,2017-05-07 13:10:37,2017-05-08 11:46:32,2017-05-15 14:32:35,2017-05-29,119.99,14.57,1,1,134.56,2,1,5.0,1.0,b3be47a665b75181ac9728442d970dde,38402,uberlandia,MG,8.072662037037038,21.46670138888889,0,134.56
f8b187febb8635055dee874a1d99aa0c,983db67f67cc7707f18e292d74f2b0eb,delivered,2017-05-07 12:48:48,2017-05-07 13:10:28,2017-05-10 10:04:37,2017-05-11 08:06:43,2017-05-24,19.99,7.78,1,1,27.77,2,1,5.0,1.0,154017ee7b8f95544a8b9885caac75c0,3188,sao paulo,SP,3.8041087962962963,16.46611111111111,0,27.77
d6c877d8995925578fdeb1d186915549,ed31032d177b2192f391ea291d349b35,delivered,2017-05-07 12:50:03,2017-05-07 13:10:37,2017-05-18 10:40:00,2017-05-22 21:45:24,2017-05-19,430.0,27.52,1,1,457.52,2,1,5.0,1.0,3f1d63ca0cb4dbfbf42f0ceed7d82053,1223,sao paulo,SP,15.371770833333333,11.465243055555556,1,457.52
0bb961fd58668c43ce2c6f3a77d2a8fb,177b9f223bb2b6492afde4edf469cd42,delivered,2017-05-07 13:05:07,2017-05-07 13:15:19,2017-05-17 11:56:30,2017-05-22 15:12:49,2017-05-31,129.9,13.93,1,1,143.83,6,1,1.0,1.0,cc6e8e47001f7d0a137b911291923ddb,17930,tupi paulista,SP,15.088680555555555,23.454780092592593,0,143.83
b12e5d725658a4566286153c51727af2,2312b7bbf7f097b43ba5e3feb3429f59,delivered,2017-05-07 13:05:13,2017-05-07 13:15:17,2017-05-10 14:51:01,2017-05-17 15:17:51,2017-05-29,8.9,11.85,1,1,20.75,1,1,4.0,2.0,ac64c33e439eba6713e1743e070ef50e,2335,sao paulo,SP,10.092106481481482,21.454710648148147,0,20.75
a979479c1af57af858b45dfd2d67ee04,072fd8216633baba841520c47e686b04,delivered,2017-05-07 13:05:14,2017-05-07 13:15:18,2017-05-12 11:50:00,2017-05-23 11:34:53,2017-05-31,39.9,12.69,1,1,52.59,1,1,4.0,2.0,ac64c33e439eba6713e1743e070ef50e,2335,sao paulo,SP,15.937256944444444,23.454699074074075,0,52.589999999999996
5212d3692378658f5807cd76ed591b13,1305743bc4d423ec9954f42deff4ef8d,delivered,2017-05-07 13:13:25,2017-05-07 13:21:48,2017-05-09 07:46:55,2017-05-10 10:51:49,2017-05-19,29.4,17.44,2,1,46.84,1,1,5.0,1.0,2ef111a29db73c4071f05ea3357ecf2f,5843,sao paulo,SP,2.901666666666667,11.449016203703703,0,46.84
ff365c0a4e998d21ccc46a829e68052b,7125c98fa677b9de633994997ab0f32e,delivered,2017-05-07 13:17:02,2017-05-07 13:30:14,2017-05-12 16:49:37,2017-05-19 17:36:30,2017-06-07,59.9,17.67,1,1,77.57,3,1,4.0,1.0,881a0a4ed61e14e4c9c138f2a1517620,21741,rio de janeiro,RJ,12.180185185185184,30.44650462962963,0,77.57
2901c587ddc2733afdf68e81b98d2c0f,f8632d63578cbb03bf05ac11ece8b238,delivered,2017-05-07 13:17:56,2017-05-08 13:10:20,2017-05-08 15:36:38,2017-05-18 14:57:38,2017-06-14,449.0,26.0,1,1,475.0,2,1,5.0,1.0,69265054c8f3bbe54909219e9b2e6af7,64077,teresina,PI,11.069236111111111,37.44587962962963,0,475.0
2b919216a8b67751994934b49ac9b750,eec4493fdd2bc290c6403a8b8b1af13c,delivered,2017-05-07 13:20:43,2017-05-09 09:43:09,2017-05-12 15:22:21,2017-05-18 08:14:37,2017-05-29,219.9,13.88,1,1,233.78,1,1,5.0,1.0,a9077a556659b6baddf1c2966b03d17f,5539,sao paulo,SP,10.787430555555556,21.44394675925926,0,233.78
f6bfc9902c58791929c6ba9af3953696,e6305a0a9355e91aad86e234263a41aa,delivered,2017-05-07 13:46:44,2017-05-07 14:02:15,2017-05-08 11:45:00,2017-05-17 11:12:37,2017-05-31,80.66,30.2,2,1,110.86,1,1,4.0,1.0,ff4b2772a9368e8b30a1ebd484de12c9,36035,juiz de fora,MG,9.892974537037038,23.42587962962963,0,110.86
2306aeccf5b70ab26762993fdf2f37b9,33cdf7dd400e36954b11995afd7f0aa7,delivered,2017-05-07 13:51:13,2017-05-09 09:30:35,2017-05-15 08:54:56,2017-05-18 07:53:55,2017-06-07,49.2,16.11,1,1,65.31,1,1,2.0,1.0,c68af16378e0f4457224f064d93e15ed,37450,aiuruoca,MG,10.751875,30.422766203703702,0,65.31
a780ef8e1707e488f029e009123767f3,a2ea4efad2c2da38b23965947c541fb6,delivered,2017-05-07 13:52:16,2017-05-07 14:05:17,2017-05-08 15:45:11,2017-05-19 11:35:48,2017-06-12,117.99,43.24,1,1,161.23,5,1,5.0,1.0,0ecaff8e46f981c6e1218331d82d623f,76997,cerejeiras,RO,11.905231481481481,35.422037037037036,0,161.23
4dadcd5f9e682c17fdc6dded70c048e0,e40265c6ceebf38ea830b695d9340bda,delivered,2017-05-07 13:53:39,2017-05-07 14:05:12,2017-05-08 11:44:57,2017-05-19 12:57:35,2017-05-31,26.33,15.1,1,1,41.43,1,1,5.0,1.0,f2a84e3bcb9db0d7ae7f66c23f6a390d,37350,liberdade,MG,11.961064814814815,23.42107638888889,0,41.43
a26e448f7fe0273a370e603cd60933e0,24c2f55c41c141c8dd7397b3094d402b,delivered,2017-05-07 13:59:55,2017-05-07 14:10:14,2017-05-10 12:40:11,2017-05-16 13:58:56,2017-05-31,26.69,15.1,1,1,41.79,1,1,5.0,1.0,6855bb508eae3d6c13c4a583c633bb73,1536,sao paulo,SP,8.99931712962963,23.416724537037037,0,41.79
ddcd959778bf4fcb56c41d1656f1e0a8,76601667f2d7598d3974f15b2b13b6ed,delivered,2017-05-07 14:04:26,2017-05-07 14:15:20,2017-05-09 07:40:04,2017-05-12 12:27:56,2017-06-02,139.9,16.74,1,1,156.64,6,1,3.0,1.0,17b829c64410d1780d05f5c1f2aa7585,4205,sao paulo,SP,4.932986111111111,25.413587962962964,0,156.64000000000001
6e4aa96643864493bb291057da474fbc,dcfca4b1f0b7341e8810ed4b9ebe1b6d,delivered,2017-05-07 14:06:36,2017-05-07 14:15:20,2017-05-12 10:28:36,2017-05-20 09:11:12,2017-05-31,176.99,45.7,1,1,222.69,10,1,4.0,1.0,10d868802b4d4a2e983e826abd14fb84,25620,petropolis,RJ,12.79486111111111,23.41208333333333,0,222.69
fb30f702a40235635b55552094ce6f88,e1f20ecfeac4826af6cc57666a2707b0,delivered,2017-05-07 14:22:11,2017-05-09 09:25:16,2017-05-15 13:32:24,2017-05-22 20:51:14,2017-06-16,179.0,20.49,1,1,199.49,1,1,5.0,1.0,f6795c60a86e760e327548accfcdec80,78600,barra do garcas,MT,15.270173611111112,39.40126157407408,0,199.49
504d3fdb152668257245784f42c6fbc7,4591b7c98d8a8a1491e9a6a6b6b44223,delivered,2017-05-07 14:26:53,2017-05-07 14:41:56,2017-05-09 14:32:41,2017-05-15 06:18:03,2017-05-29,44.5,12.48,1,1,56.98,5,1,4.0,1.0,35667312c5f48ac373b932c3d861f792,39670,itamarandiba,MG,7.660532407407407,21.397997685185185,0,56.980000000000004
ed10c6b029547356822a9f7fca15ffde,875c452eae89cbbf07ef33d9e27d52e0,delivered,2017-05-07 14:30:08,2017-05-07 14:41:57,2017-05-09 07:47:58,2017-05-15 14:54:41,2017-05-31,78.8,28.2,2,1,107.0,6,1,1.0,1.0,eca6d8070a6f7ab0bbe81ab5cc878db3,24858,itaborai,RJ,8.017048611111111,23.39574074074074,0,107.0
c35484b3b5d9597703a72d8a96839819,dc436451f77098b76018402da2c37e14,delivered,2017-05-07 14:31:32,2017-05-07 14:41:52,2017-05-10 17:05:05,2017-05-22 10:45:05,2017-06-14,21.9,15.1,1,1,37.0,1,1,3.0,1.0,3ff318d12225f5cc81c6062ec7e9c01a,35600,bom despacho,MG,14.842743055555555,37.39476851851852,0,37.0
61fc33807aeed929a157ce216496e6d1,418df4354874776f10838d1b905a3f65,delivered,2017-05-07 14:31:46,2017-05-07 14:41:58,2017-05-09 10:39:33,2017-05-15 09:49:59,2017-06-05,379.0,17.4,1,1,396.4,10,1,5.0,1.0,ce7f2adba6a97dfb4d0a338cb1073462,18025,sorocaba,SP,7.80431712962963,28.394606481481482,0,396.4
87a3056e3a34f6089763de4cbe685aca,7249aeebb90123d9d960c6ae79bbd9cf,delivered,2017-05-07 15:53:31,2017-05-07 16:05:18,2017-05-09 10:33:16,2017-05-16 09:43:00,2017-06-01,350.0,132.38,1,1,482.38,10,1,5.0,1.0,54a225809cabcf66e46eb0d6b048dd43,13220,varzea paulista,SP,8.742696759259259,24.337835648148147,0,482.38
9a5d120ae552d50b367cad2bbd87caa0,01ee3674cbbee7421ea03a3549f0c74d,delivered,2017-05-07 16:18:17,2017-05-07 16:30:17,2017-05-09 06:48:37,2017-05-29 09:25:51,2017-06-12,239.98,46.32,2,1,286.3,3,1,1.0,1.0,6b7d9529319d329dfa074692573fb187,58040,joao pessoa,PB,21.71358796296296,35.32063657407407,0,286.3
58bdae413815114d8b8efa3df9cdf706,0171c99239a82a0794fe3e4016a0e629,delivered,2017-05-07 16:22:14,2017-05-09 09:50:14,2017-05-16 07:52:08,2017-05-18 15:49:38,2017-05-29,23.49,24.66,1,1,48.15,1,1,5.0,1.0,c27c0dc7daf5a28528dbde632b120c11,13573,sao carlos,SP,10.977361111111112,21.317893518518517,0,48.15
3948c2f40e71b2178b6cec0916332ccd,afec17ef788d58615fd5896d03ec5437,delivered,2017-05-07 16:23:25,2017-05-07 16:35:11,2017-05-11 07:27:44,2017-05-19 14:33:22,2017-06-07,26.4,14.1,1,1,40.5,2,1,5.0,1.0,e78cdc9100df07258fe69fab38a8cef4,81020,curitiba,PR,11.92357638888889,30.31707175925926,0,40.5
2331f636052d7a25b7a1844dac95a4ac,1fd10db50aab46da0f035fff679c9eaa,delivered,2017-05-07 16:23:48,2017-05-07 16:35:10,2017-05-09 09:17:54,2017-05-15 11:10:53,2017-06-06,50.0,16.6,1,1,66.6,2,1,1.0,1.0,5a8082f2f02414ee6a84c52a59f07fc8,20561,rio de janeiro,RJ,7.7826967592592595,29.316805555555554,0,66.6
2f7427d25f9d7b23677de76f04079e0e,8dda47794812d6a6f2474856ca324910,delivered,2017-05-07 16:38:31,2017-05-07 16:45:20,2017-05-15 14:52:22,2017-05-19 14:39:56,2017-05-31,13.98,14.1,1,1,28.08,1,1,5.0,1.0,b2990d3c2634f34154748086a2767506,30220,belo horizonte,MG,11.917650462962962,23.306585648148147,0,28.08
650fcf3e2908208ae23c6c93706c50d3,7199038790946ae4e75b8efc080f9dd2,delivered,2017-05-07 16:47:29,2017-05-07 17:01:50,2017-05-08 15:41:08,2017-05-12 11:57:59,2017-06-02,958.99,31.46,1,1,990.45,10,1,5.0,1.0,feb2a9889d236875c3510880bf9576f3,71070,brasilia,DF,4.798958333333333,25.300358796296297,0,990.45
08b986f813ffdc9e5872992aaabf796f,aea2cf4df1922144129a0e8c2353a8cd,delivered,2017-05-07 17:16:27,2017-05-07 17:30:17,2017-05-08 11:44:48,2017-05-19 11:31:59,2017-06-12,1899.12,45.74,1,1,1944.86,10,1,5.0,1.0,e650a740f366df1d65e17eeda8cccb43,56330,petrolina,PE,11.760787037037037,35.28024305555556,0,1944.86
2eeb4bc46c835dd71feabd29e503b3a7,ce6c72a5c10e8d9da4e5c070221fc83d,delivered,2017-05-07 17:20:47,2017-05-07 17:35:08,2017-05-09 15:26:45,2017-05-19 13:37:51,2017-06-06,59.9,19.66,1,1,79.56,5,1,5.0,1.0,f6019caace5acb3c12373c4f17b005a7,88905,ararangua,SC,11.845185185185185,29.277233796296297,0,79.56
36acd0e7abb8ba0ac7fba360e09c5451,42f104a41e8e13c7eaaa9d8e11e7c7f5,delivered,2017-05-07 17:21:58,2017-05-07 17:35:09,2017-05-25 08:39:27,2017-05-26 12:35:52,2017-06-27,144.9,8.27,1,1,153.17,8,1,5.0,1.0,2570706b75a967c86c0f56d2a9eeed8f,13257,itatiba,SP,18.801319444444445,50.27641203703703,0,153.17000000000002
2cf8310e7bc2b7b41f5179aab91407cc,00411811e3b661e746a6e1ce1f0878ab,delivered,2017-05-07 17:27:21,2017-05-07 17:42:03,2017-05-09 09:50:33,2017-05-16 17:25:55,2017-06-01,349.0,18.2,1,1,367.2,3,1,1.0,1.0,6dade60d28a0f5b8ae7e8d67321b4141,31260,belo horizonte,MG,8.99900462962963,24.27267361111111,0,367.2
64870069a2ef2e45dfbd920310639dcd,b3b4c2d3aa425f6db2248f6360096213,delivered,2017-05-07 17:31:09,2017-05-07 17:42:03,2017-05-09 14:10:28,2017-05-10 17:07:59,2017-05-29,74.9,14.25,1,1,89.15,4,1,5.0,1.0,e30b83af13d6ff0b0f427b2a67c43b39,37704,pocos de caldas,MG,2.983912037037037,21.27003472222222,0,89.15
2ec2bf93089bad17f6951b34c3763928,82829411038c21f87c23d8a785ed1ead,delivered,2017-05-07 17:33:31,2017-05-07 17:45:18,2017-05-11 09:45:01,2017-05-26 09:34:36,2017-05-19,219.99,12.74,1,1,232.73,3,1,2.0,1.0,8d4a3abcb7e9d853da6aa394849ab602,7152,guarulhos,SP,18.667418981481482,11.268391203703704,1,232.73000000000002
595a12453a3b12e84dbfc0d248331d4c,5040fa07fe05b812b0ff00513388490f,delivered,2017-05-07 17:36:52,2017-05-09 09:42:50,2017-05-10 08:33:12,2017-05-15 11:59:00,2017-05-19,143.8,15.76,1,1,159.56,1,1,4.0,1.0,05a993b922d6998fb0106c37dbf5f472,7793,cajamar,SP,7.765370370370371,11.266064814814815,0,159.56
65dd9664feba93680da24da77168ad7b,226152ac481f0b29cd416d4028f64224,delivered,2017-05-07 17:42:39,2017-05-07 17:50:21,2017-05-12 10:18:08,2017-05-29 08:03:25,2017-06-21,126.99,55.16,1,1,182.15,9,1,5.0,1.0,d38867091f1bf3531ce67c7f4b93b39b,62680,paracuru,CE,21.59775462962963,44.26204861111111,0,182.14999999999998
a97278b621a4dd5b9a74995d6f72abfb,3853318e172a57acf28ce004da061c24,delivered,2017-05-07 17:52:22,2017-05-09 09:35:29,2017-05-09 12:44:25,2017-05-19 13:10:02,2017-06-02,99.99,17.95,1,1,117.94,1,1,5.0,1.0,b4125510d33b4b70c6752dc9b732fe79,29193,aracruz,ES,11.803935185185185,25.255300925925926,0,117.94
f52849f04dabb7e33d5ac651293386e9,f1eecbba10e1689e4fddaae036b8a85e,delivered,2017-05-07 18:34:36,2017-05-07 18:45:17,2017-05-09 08:12:28,2017-05-30 12:23:17,2017-06-08,49.9,16.79,1,1,66.69,4,1,5.0,1.0,e64ab18890c89066fe47f8abbbf180de,44830,piritiba,BA,22.742141203703703,31.22597222222222,0,66.69
2bd0f8bf1cb2f7cd2197525cc1a0b03b,680bd140f4bbbc2f51d31bda12ab83d5,delivered,2017-05-07 18:36:07,2017-05-07 18:45:18,2017-05-09 08:13:31,2017-05-17 09:58:53,2017-06-02,99.0,19.93,1,1,118.93,8,1,5.0,1.0,5a2e847dd085d36e3ba8916b75e794ed,14090,ribeirao preto,SP,9.640810185185185,25.22491898148148,0,118.93
67c4fb37550e156c42ebafde460fa354,5e765dec5f63120d512eda39cba7574b,delivered,2017-05-07 18:40:28,2017-05-07 18:50:20,2017-05-11 13:57:46,2017-05-22 11:32:53,2017-06-06,98.9,15.44,1,1,114.34,5,1,5.0,1.0,910c15bb9615ef213506ee9e6d58f0ff,26160,belford roxo,RJ,14.70306712962963,29.22189814814815,0,114.34
3d7f13cbce981bf24fdb6f18dc1f174d,dcf43e1fa6f118059382349530ff731d,delivered,2017-05-07 18:42:26,2017-05-07 18:55:07,2017-05-10 09:54:40,2017-05-18 08:22:18,2017-06-05,56.99,14.15,1,1,71.14,2,1,5.0,1.0,1f0b4387cd8d90b3ede42b9b1440563b,29164,serra,ES,10.569351851851852,28.220532407407408,0,71.14
2ff94b5adbd4735e19153ea5bcaf8ebe,00fb3db8be6fffc03c156297ff70c1b9,delivered,2017-05-07 18:44:18,2017-05-07 18:50:19,2017-05-12 17:19:38,2017-05-15 13:09:33,2017-05-19,44.9,7.78,1,1,52.68,4,1,2.0,1.0,98d9a0f7e940e0750fbf72f9aaab1210,6186,osasco,SP,7.767534722222222,11.219236111111112,0,52.68
65eabb940466e3db08bb339bdf5bb283,a37f4486aff8b096c3878e83a2ae0f1a,delivered,2017-05-07 18:45:14,2017-05-07 19:01:54,2017-05-09 07:56:57,2017-05-17 14:48:00,2017-05-31,198.0,77.06,2,1,275.06,8,1,5.0,1.0,f07019a1f90aaf566bb4b5edbf1a0b28,39400,montes claros,MG,9.83525462962963,23.218587962962964,0,275.06
4dcd791c3c9b8f462aafe31901e34826,b10e79e34f69dcc8f2c85d5cd6873795,delivered,2017-05-07 18:46:03,2017-05-07 19:01:53,2017-05-09 07:56:46,2017-05-12 12:46:49,2017-05-22,69.99,11.73,1,1,81.72,2,1,5.0,1.0,eb5f82d4beccf79353cb399cedb8707e,2878,sao paulo,SP,4.750532407407407,14.218020833333334,0,81.72
4ee8c2344eb547af4169bcee11664bb8,b6607d072053280d29eaad974debf575,delivered,2017-05-07 18:52:33,2017-05-07 19:05:16,2017-05-09 08:13:31,2017-05-17 09:56:46,2017-06-02,99.0,19.93,1,1,118.93,8,1,5.0,1.0,5a2e847dd085d36e3ba8916b75e794ed,14090,ribeirao preto,SP,9.62792824074074,25.213506944444443,0,118.93
14772df2ec0499946fb20841a70659e4,3cd182168854efe2024efbd623437ed1,delivered,2017-05-07 18:53:52,2017-05-07 19:15:11,2017-05-10 08:47:55,2017-05-16 15:59:37,2017-06-02,29.5,16.79,1,1,46.29,1,1,5.0,1.0,cb3ff5e129b14923b2dfef9acd718bb1,22290,rio de janeiro,RJ,8.878993055555556,25.212592592592593,0,46.29
67730eb2f9468b8c6eb20a45dd477bbd,1d2a30627555e9f9e4948031b23ae4c7,delivered,2017-05-07 19:13:36,2017-05-07 19:25:07,2017-05-10 04:37:52,2017-05-17 15:06:41,2017-05-31,26.9,15.11,1,1,42.010000000000005,1,2,5.0,1.0,99da07e0f4c905ababa637f19e0840e0,32060,contagem,MG,9.828530092592592,23.198888888888888,0,42.01
5352e5739f5e5d0fb4d12c4fd4ca8bf5,1e733c62f6bcd8f7a6308bf03149bf2f,delivered,2017-05-07 19:16:16,2017-05-07 19:30:20,2017-05-10 04:13:39,2017-05-12 12:04:11,2017-05-19,35.99,7.78,1,1,43.77,2,2,5.0,1.0,f531a178fc2fee2d921943c711b3165b,4851,sao paulo,SP,4.69994212962963,11.197037037037036,0,43.77
fb2423f82ab5e03b37ccadb268d6f445,ebc664bde97391f5538ed7404818ce0a,delivered,2017-05-07 19:20:16,2017-05-07 19:30:19,2017-05-10 10:04:25,2017-05-15 14:42:06,2017-06-05,64.99,14.2,1,1,79.19,1,1,5.0,1.0,f650b24f5ed49e64e9d088df058196b3,23066,rio de janeiro,RJ,7.806828703703704,28.19425925925926,0,79.19
c6375a52330f2050e91fdca954b2e817,91e4bbdd2efe36c6411589f946d91883,delivered,2017-05-07 19:31:24,2017-05-07 19:42:12,2017-05-09 15:24:56,2017-05-16 10:43:29,2017-06-09,169.99,17.63,1,1,187.62,2,1,5.0,1.0,965b317b814b53797056410d4a3058d9,38140,prata,MG,8.633391203703704,32.186527777777776,0,187.62
15abee31fcd5f096e6eb7c555eb3fca3,2732a3f9aa9dab45d4b7a1c35b90bb7d,delivered,2017-05-07 19:37:27,2017-05-09 09:25:41,2017-05-16 11:26:52,2017-05-17 15:38:06,2017-05-19,49.9,7.78,1,1,57.68,1,1,5.0,1.0,033583cf146c168c81773231723a1b2a,8680,suzano,SP,9.833784722222223,11.182326388888889,0,57.68
ca122923041cbd981088cb1f28cb86cb,f177505ed902d9043faa6798e4881af6,delivered,2017-05-07 19:40:53,2017-05-07 19:55:05,2017-05-10 14:44:39,2017-05-16 16:18:01,2017-06-02,199.99,20.64,1,1,220.63,10,1,5.0,1.0,87a3e5095ff414ec2e9b1532996797cc,20970,rio de janeiro,RJ,8.85912037037037,25.17994212962963,0,220.63
873d039c319333bd488dbf6b66d602c9,311242360432d1fc2afc8ffe2e13259e,delivered,2017-05-07 19:44:29,2017-05-07 19:55:07,2017-05-09 09:44:44,2017-05-15 09:00:00,2017-06-20,64.0,34.25,1,1,98.25,1,1,5.0,1.0,b1d889f6acf2007dc911d3f89f60ccc3,95707,bento goncalves,RS,7.55244212962963,43.17744212962963,0,98.25
6baa74b5e9e0e10bd29d85347ff1c226,60ac1fbce4541493ab02d9a8b10871c9,delivered,2017-05-07 19:46:39,2017-05-07 20:02:07,2017-05-10 17:05:05,2017-05-23 17:56:40,2017-06-14,24.9,15.1,1,1,40.0,1,1,5.0,1.0,d3cb5cc807148794cb38ffacdd440133,39803,teofilo otoni,MG,15.923622685185185,37.1759375,0,40.0
74f5ef24910641ee05e708ad84525bb7,4b3c1094a07e52f1eed9e326d4f28fd9,delivered,2017-05-07 20:00:24,2017-05-07 20:40:05,2017-05-09 15:38:02,2017-05-19 15:13:08,2017-05-31,99.99,16.95,1,1,116.94,3,1,3.0,1.0,f7bdd054d707f2912240233e1d53144f,24435,sao goncalo,RJ,11.80050925925926,23.16638888888889,0,116.94
7f00ebc78d5d9f7e7b53d71d2003eb68,de907113d684cfb11cb4aad163ad6b36,delivered,2017-05-07 20:03:13,2017-05-07 20:15:13,2017-05-10 13:36:44,2017-05-23 14:16:58,2017-06-20,35.0,34.15,1,1,69.15,3,1,5.0,1.0,4f35dd90eaecd518f950102bf5ec256c,58857,sao bentinho,PB,15.75954861111111,43.16443287037037,0,69.15
b1a5d5365d330d10485e0203d54ab9e8,f0ac8e5a239118859b1734e1087cbb1f,delivered,2017-05-07 20:11:26,2017-05-08 22:22:56,2017-05-19 20:16:31,2017-05-26 09:54:04,2017-06-12,124.99,15.62,1,1,140.61,7,1,3.0,1.0,3c799d181c34d51f6d44bbbc563024db,92480,nova santa rita,RS,18.571273148148148,35.15872685185185,0,140.60999999999999
e50d7ddc8da687eef58e56ea9444d302,5b82a28f986ce87f2435c24ec055a905,delivered,2017-05-07 20:15:32,2017-05-09 09:35:22,2017-05-10 15:50:03,2017-05-16 13:37:38,2017-05-29,129.9,14.78,1,1,144.68,1,1,4.0,1.0,ef4da07d2746321da5dc21616591a227,88180,antonio carlos,SC,8.723680555555555,21.15587962962963,0,144.68
c35f44a2a94147bfcd074dfa5f2f174f,8b98de84d54b0d4467a2c66541602658,delivered,2017-05-07 20:22:16,2017-05-09 09:25:16,2017-05-11 12:19:48,2017-05-19 15:52:01,2017-06-02,34.9,15.1,1,1,50.0,1,1,5.0,1.0,523730e4b2ef7654c243699b81763112,98550,redentora,RS,11.81232638888889,25.151203703703704,0,50.0
b58a6cafa236091ed83bec2b0ff64ec7,055d109c6027a0552d11c3b1dc8d7986,delivered,2017-05-07 20:32:07,2017-05-09 09:35:49,2017-05-11 09:27:48,2017-05-15 08:04:12,2017-05-19,52.5,9.34,1,1,61.84,1,1,4.0,1.0,6abc999251612920bec93b3be616fa1d,4455,sao paulo,SP,7.480613425925926,11.144363425925926,0,61.84
dbf0ef2523a1685c333401eca1edac76,7ce70463aa70b5b9da5f29ab0432e707,delivered,2017-05-07 20:43:17,2017-05-07 20:55:21,2017-05-09 10:42:00,2017-05-17 12:24:44,2017-05-31,249.9,17.51,1,1,267.41,5,1,5.0,1.0,6b6448b0edb878421cdcb11f0148b1af,35500,divinopolis,MG,9.653784722222222,23.136608796296297,0,267.41
5f7363eba95d6b80c0b0d44e53193e0b,1bd05d9a0031e8461d15550893d9b85a,delivered,2017-05-07 20:47:31,2017-05-07 21:01:56,2017-05-12 06:23:59,2017-05-29 06:04:02,2017-06-12,35.0,42.38,1,1,77.38,2,1,5.0,1.0,13abc50b97af7425b5066e405d7cd760,7793,cajamar,SP,21.386469907407406,35.133668981481485,0,77.38
2f16a08a008440d69c339763a4024226,dca8d3f7703ea5066661fe1014e2d9d1,delivered,2017-05-07 21:00:57,2017-05-07 21:10:14,2017-05-10 13:01:07,2017-05-15 16:26:42,2017-05-19,39.9,15.28,1,1,55.18,4,1,5.0,1.0,8e0aa7241f92784858314b4093ad73aa,7025,guarulhos,SP,7.809548611111111,11.124340277777778,0,55.18
4903cfa5ec9a1789bed68b8931e6503f,7111d748712133458456ea3b7467b77c,delivered,2017-05-07 21:13:26,2017-05-07 21:25:12,2017-05-09 07:57:31,2017-05-17 15:56:59,2017-05-29,59.99,12.76,1,1,72.75,1,1,4.0,1.0,452b176eb048c142a1778fdcad50a56f,7243,guarulhos,SP,9.780243055555555,21.115671296296295,0,72.75
5b2b9ac65739f66309f4ca13b999dc19,1bdd2afb8db9bea3b7f7f00d20e751f7,delivered,2017-05-07 21:18:14,2017-05-08 21:25:13,2017-05-15 14:52:22,2017-06-01 15:15:53,2017-06-12,13.98,21.15,1,1,35.13,1,1,1.0,1.0,375b3c787815f287c81440dc4b706a15,65035,sao luis,MA,24.748368055555556,35.11233796296296,0,35.129999999999995
feea1134dca132388da564d8f026a2ca,b46f9b8d7c38c845daf7cc01e856ccf4,delivered,2017-05-07 21:24:45,2017-05-09 09:35:38,2017-05-11 09:42:27,2017-05-19 18:08:40,2017-05-29,229.8,29.58,2,2,259.38,1,1,4.0,1.0,35d0b790a53b0d57ae2c785a6f27ad6b,2941,sao paulo,SP,11.86383101851852,21.1078125,0,259.38
64cbe98d3ef9d927297f7dea3fab17d6,c2c832eecd792fba9a48c6820ae9bbce,delivered,2017-05-07 21:33:37,2017-05-07 21:45:14,2017-05-11 11:19:39,2017-05-25 13:27:47,2017-06-02,237.99,18.92,1,1,256.91,10,1,5.0,1.0,2b174670dbec666bbc68b6e2a4062740,29116,vila velha,ES,17.66261574074074,25.101655092592594,0,256.91
2d1532a0e5de7237f34903019cf8f3d3,af17ae87ef93470274e600086e3949bc,delivered,2017-05-07 21:35:30,2017-05-07 21:45:16,2017-05-11 13:44:57,2017-05-19 13:44:14,2017-06-02,19.9,17.6,1,1,37.5,1,1,1.0,1.0,6f82c9c2bf87a5c75a6667e39dbb4997,91340,porto alegre,RS,11.672731481481481,25.100347222222222,0,37.5
c722520c1663a8a3701cc0a6eb572b16,8484992c1eade2ac6e233494e7daac51,delivered,2017-05-07 21:38:07,2017-05-07 21:45:17,2017-05-10 06:06:58,2017-05-19 17:43:48,2017-06-14,49.9,14.1,1,1,64.0,2,1,3.0,1.0,f938e03ae03b25e72c17bf8e30d343e4,94510,viamao,RS,11.837280092592593,37.09853009259259,0,64.0
0d2676e37c740455a4f662cb7a88e6f1,45d178d60bbc8e23ec50779bff10bc7a,delivered,2017-05-07 21:40:09,2017-05-07 21:55:07,2017-05-09 07:25:55,2017-05-16 11:05:22,2017-06-12,579.75,21.34,1,1,601.09,10,1,5.0,1.0,0b16886fbd4636b3ba85d357ca317732,60820,fortaleza,CE,8.55917824074074,35.097118055555555,0,601.09
b3271f5ebce80cbecb67c5b88487a44a,f54cb508ef48caa49036a5598c5068be,delivered,2017-05-07 21:49:23,2017-05-07 22:02:07,2017-05-09 11:17:13,2017-05-15 11:22:26,2017-05-30,15.75,11.85,1,1,27.6,2,1,5.0,1.0,3d66092b77465cef9b5ee637b2c0d8c7,4932,sao paulo,SP,7.564618055555556,22.090706018518517,0,27.6
5506c622c9692ec1a2145b8b8f712eba,69000206943522203193343fda85d3a0,delivered,2017-05-07 22:09:14,2017-05-07 22:25:11,2017-05-09 10:31:15,2017-05-23 06:27:39,2017-06-05,189.0,24.19,1,1,213.19,4,1,5.0,1.0,0e81b4d6355f0cdec4bc81b5dd1f410f,38910,iguatama,MG,15.346122685185184,28.076921296296295,0,213.19
13b7331f53684efbf758aa353c16ba3b,0d69bc4931b72db1d328f35f909abd08,delivered,2017-05-07 22:18:33,2017-05-09 09:35:43,2017-05-17 13:35:49,2017-05-31 13:24:10,2017-06-13,51.9,19.6,1,1,71.5,1,1,4.0,1.0,8395d05dfd429598af89049734873309,88860,sideropolis,SC,23.628900462962964,36.07045138888889,0,71.5
08dd64e78f26024b266515d5262be17f,b0a04bc50dbacef330e5b369a90220e6,delivered,2017-05-07 22:18:47,2017-05-07 22:30:17,2017-05-15 14:04:02,2017-05-30 08:12:20,2017-06-12,13.98,25.63,1,1,39.61,3,1,4.0,1.0,d8a033548dcefc0ed2fde1f45908cbc9,63475,jaguaribe,CE,22.4121875,35.070289351851855,0,39.61
012f2c4ca09b101a73e18957c3294cd6,ddffe99936ec5bf99f1ea9ad22fde3eb,delivered,2017-05-07 22:23:30,2017-05-07 22:35:11,2017-05-10 12:40:10,2017-05-15 09:14:02,2017-05-31,1820.0,81.62,1,1,1901.62,10,1,5.0,1.0,9df040be9d7656d4c912b62472bfcf05,8710,mogi das cruzes,SP,7.451759259259259,23.067013888888887,0,1901.62
d8eeab46fdc56c1066b44166186c2465,c742fd30a8f25a336aae36c5b15ee436,delivered,2017-05-07 22:27:56,2017-05-07 22:42:01,2017-05-10 13:27:20,2017-05-16 14:48:20,2017-06-02,79.0,15.3,1,1,94.3,4,1,4.0,1.0,c514b0de391481a9854273b7529cf692,95095,caxias do sul,RS,8.680833333333334,25.063935185185183,0,94.3
c3038ab3b07ac682ba60729b1d74b24b,ab8238abc2ffe92f45b9c14b9f7f33f8,delivered,2017-05-07 22:49:19,2017-05-07 23:02:12,2017-05-09 14:19:30,2017-05-22 07:02:49,2017-06-13,89.9,25.91,1,1,115.81,1,1,1.0,1.0,8d5b0f019c3795f5639224a05ef3a4c5,50800,recife,PE,14.342708333333333,36.04908564814815,0,115.81
e72da0a92e7a0a236b5a2e8fabf5ceba,43c4a08eb84b6bed526e4caab06ce546,delivered,2017-05-07 22:51:39,2017-05-07 23:05:16,2017-05-09 07:34:33,2017-05-12 18:39:53,2017-05-26,17.99,7.78,1,1,25.77,2,1,5.0,1.0,163e0b7002565ee6de0ee531c1b491d1,13175,sumare,SP,4.825162037037037,18.04746527777778,0,25.77
27022b76108230492760e5e0a34c159e,45cea136a7ccc9defbe927fd8b27d2bb,delivered,2017-05-07 23:40:38,2017-05-09 09:35:13,2017-05-09 15:36:18,2017-05-11 08:52:09,2017-05-31,109.9,14.52,1,1,124.42,1,1,5.0,1.0,860ea7467ce162456f5fc8bb3ece3425,4115,sao paulo,SP,3.382997685185185,23.013449074074074,0,124.42
b14dda87372a005b32b75ff027b8272b,9ee8198cebd1e43282160a7a21ce6481,delivered,2017-05-08 00:06:25,2017-05-09 00:03:04,2017-05-12 12:40:23,2017-05-24 17:49:31,2017-06-08,119.9,38.39,1,1,158.29,1,1,4.0,1.0,a34685958dd19b5fff2309ac3ac22a70,65760,presidente dutra,MA,16.738263888888888,30.995543981481482,0,158.29000000000002
65784d2ba207f200197a7f5ebb1f35fc,73348a24fb5172a8cdeeda3428641910,delivered,2017-05-08 00:25:30,2017-05-08 00:35:24,2017-05-08 11:44:43,2017-05-15 11:21:37,2017-06-02,127.48,15.64,1,1,143.12,2,1,5.0,1.0,8176f8d3aa645c27e575e8809c2dd122,72549,brasilia,DF,7.455636574074074,24.982291666666665,0,143.12
8b9c6ff3e8b2603f52a401024523d642,c80e048ea4382bc53e00921d38632175,delivered,2017-05-08 00:45:17,2017-05-08 01:02:06,2017-05-09 15:23:38,2017-05-11 15:33:59,2017-05-29,119.9,13.86,1,1,133.76,10,1,3.0,1.0,ae74c314b9c383e5d7bcd99d54ffbc71,14093,ribeirao preto,SP,3.6171527777777777,20.96855324074074,0,133.76
dc258f93f65625347073b8e56ad0fab1,5e045f1de4d7bee72d0c98caecc7695a,delivered,2017-05-08 01:21:14,2017-05-08 01:35:16,2017-05-11 10:38:48,2017-05-17 08:15:34,2017-05-31,199.9,32.15,1,1,232.05,7,1,4.0,1.0,1604a52d49c879c184dda78d43edd59f,8070,sao paulo,SP,9.287731481481481,22.94358796296296,0,232.05
f4fd0ed2cc0f9629efac77ea04bbe4b1,e8ac446365f9559075919673925a89a0,delivered,2017-05-08 01:36:38,2017-05-08 01:45:13,2017-05-09 17:56:09,2017-05-22 12:52:38,2017-06-05,25.5,15.1,1,1,40.6,3,1,1.0,1.0,527e6b708a4eb84335fba75a389173c6,90520,porto alegre,RS,14.469444444444445,27.93289351851852,0,40.6
741a088353f3774474ff3b2d7da8f0de,729bfe0a9c4c09edbff5510098c592b9,delivered,2017-05-08 04:21:55,2017-05-08 04:50:16,2017-05-09 15:39:45,2017-05-16 17:22:00,2017-05-31,182.9,18.53,1,1,201.43,2,1,4.0,1.0,0888601c1fbdae1f6099d3c14cba9457,83060,sao jose dos pinhais,PR,8.541724537037037,22.818113425925926,0,201.43
a9c323b00a97a60deb81c33473090eff,265106dcf47e77b56e7d67dbfcc3ccf7,delivered,2017-05-08 06:06:35,2017-05-08 06:15:12,2017-05-09 10:50:10,2017-05-18 11:07:45,2017-05-31,59.9,17.67,1,1,77.57,3,1,5.0,1.0,3dd5414bc73454eb11a19605fe54dbbf,89063,blumenau,SC,10.209143518518518,22.74542824074074,0,77.57
36178f6b136947a325e303fc3637f6d0,6b9e7f78cdd93066ccea04e7b1b4d2de,delivered,2017-05-08 07:03:31,2017-05-09 09:45:09,2017-05-09 13:22:12,2017-05-17 12:17:13,2017-05-31,20.9,15.1,1,1,36.0,1,1,5.0,1.0,c13ff20a20bf22f1896268870a589faf,86300,cornelio procopio,PR,9.217847222222222,22.705891203703704,0,36.0
c820d5fbb72e2b0a48074c0f7f08a295,e8ac28789133afe8f118a6cb8776d322,delivered,2017-05-08 08:06:54,2017-05-08 08:22:16,2017-05-11 13:07:48,2017-05-24 12:51:45,2017-06-08,329.9,71.02,1,1,400.92,1,1,5.0,1.0,133e20311ec257bda38f1798250d38c5,57740,paulo jacinto,AL,16.1978125,30.661875,0,400.91999999999996
c4f78575643f2f35c117ade8521fc9bf,5b536bd453932eaeb114ea0bb8baf5ec,delivered,2017-05-08 08:30:29,2017-05-09 15:22:24,2017-05-12 14:06:33,2017-05-24 16:03:59,2017-06-05,64.58,28.2,2,1,92.78,1,1,5.0,1.0,ce6ab65fd6a824296f5c16998568824b,22620,rio de janeiro,RJ,16.314930555555556,27.645497685185184,0,92.78
b69670c19a123626e5734413fa447343,73cfdaa74ad0193c0fbb9b85e5d4869e,delivered,2017-05-08 08:46:43,2017-05-09 09:45:11,2017-05-10 07:47:43,2017-05-11 12:33:54,2017-05-19,11.8,15.56,2,1,27.36,1,1,4.0,1.0,7ae6ccf9d6ddc83c16e6c5706f850b60,4811,sao paulo,SP,3.1577662037037038,10.634224537037037,0,27.36
badcf619a4531116e06f0f2f6f711215,f77c7eef15674a5fd3d3c13553ca803e,delivered,2017-05-08 08:53:43,2017-05-09 09:35:41,2017-05-12 14:55:58,2017-05-15 09:06:42,2017-05-26,114.1,17.13,2,2,131.23,1,1,5.0,1.0,1a073bf0423277d82e201d983a86ceb1,4152,sao paulo,SP,7.009016203703704,17.629363425925927,0,131.23
57c4f75f9937aa5eb6da206e2848c250,713e7d20d8019369537d029b73e14a8f,delivered,2017-05-08 08:55:30,2017-05-09 09:50:28,2017-05-10 03:02:43,2017-05-15 11:26:46,2017-05-29,59.99,13.44,1,1,73.43,1,1,5.0,1.0,4a2d62a192b455dd8caba3f55c7e9166,6236,osasco,SP,7.105046296296297,20.628125,0,73.43
9b4e27fffc39dbabdbd712352ff353df,5a1e5c42e6d73688dfd4597bf24eb988,delivered,2017-05-08 09:08:43,2017-05-08 09:22:04,2017-05-09 09:46:10,2017-05-15 15:26:34,2017-05-29,32.9,11.85,1,1,44.75,1,1,4.0,1.0,4d5e9c30fe0d640437fa60e0f25629d6,15501,votuporanga,SP,7.262395833333334,20.61894675925926,0,44.75
219170fb08f8e9140c121645abb11cd0,d376e6706fefb872f640b60550d25323,delivered,2017-05-08 09:18:07,2017-05-08 09:30:17,2017-05-09 12:09:57,2017-05-12 07:12:14,2017-05-31,29.9,11.85,1,1,41.75,1,2,5.0,1.0,473e74969de69a321454f7ac201651e7,4313,sao paulo,SP,3.9125810185185186,22.612418981481483,0,41.75
1a0dc245291d541409eb9044ccfe5875,d807d8126491560208d4564a86411229,delivered,2017-05-08 09:19:09,2017-05-08 09:30:12,2017-05-09 08:19:44,2017-05-22 09:06:59,2017-06-06,279.8,36.46,2,1,316.26,10,1,5.0,1.0,099860be20edbbb9c14e78942a36a64c,91130,porto alegre,RS,13.991550925925926,28.61170138888889,0,316.26
ba4fc1372578f794d63fb9eccd7fae96,d4e67127174931f5332ed51a264cbde9,delivered,2017-05-08 09:20:20,2017-05-08 09:30:13,2017-05-09 12:44:38,2017-05-15 15:41:29,2017-05-31,119.99,16.6,1,1,136.59,6,1,5.0,1.0,23801a820f65e04ffb24bd31081857eb,88801,criciuma,SC,7.2646875,22.61087962962963,0,136.59
d5cdc053cdfd98fad4a2330ff501852e,019b7076acf0ef17a372c02e8b170cb4,delivered,2017-05-08 09:25:02,2017-05-08 09:35:23,2017-05-09 14:19:21,2017-05-16 09:44:37,2017-05-30,89.9,12.13,1,1,102.03,4,1,4.0,1.0,1077150be9a3addfe85f0b44a1497c89,14403,franca,SP,8.013599537037036,21.60761574074074,0,102.03
e4612c20fad84db70d164d5278c01d4d,b04337a5939fac7b5a29dc741c51e8de,delivered,2017-05-08 09:28:32,2017-05-08 09:42:20,2017-05-09 08:05:59,2017-05-23 09:22:19,2017-06-08,139.0,30.01,1,1,169.01,5,1,5.0,1.0,069257bdd5fbd8d850bea16dc7b15b37,78635,agua boa,MT,14.99568287037037,30.605185185185185,0,169.01
e768f86beb709ac3477b8c5ef5d265e0,51842d4fb07510f2d2bb87893bb5bf00,delivered,2017-05-08 09:29:05,2017-05-10 02:45:50,2017-05-12 13:58:50,2017-05-22 15:52:28,2017-05-29,139.9,27.53,1,1,167.43,1,1,5.0,1.0,171f1541c48867329a98710a2fe737e6,17250,bariri,SP,14.266238425925925,20.60480324074074,0,167.43
88bb95821dcba653c3b6777abfc3565d,16ab6bb9b5d2ae2316213574eabb4f5e,delivered,2017-05-08 09:36:59,2017-05-08 09:50:09,2017-05-09 16:39:00,2017-05-16 13:58:58,2017-06-01,27.9,15.1,1,1,43.0,2,1,4.0,1.0,83d61de82f5f864b28995d854c6c646e,17047,bauru,SP,8.181932870370371,23.59931712962963,0,43.0
7a15ddc4006012ed0573d3c3b5b20266,5117ee6a8d286f41cebb2d0ba52f8de7,delivered,2017-05-08 09:43:44,2017-05-08 09:55:18,2017-05-09 09:28:12,2017-05-12 15:12:52,2017-06-01,157.0,21.59,1,1,178.59,1,1,5.0,1.0,26d64bc1c84d1bea013abec8ce481299,31910,belo horizonte,MG,4.228564814814815,23.59462962962963,0,178.59
a5e4943ec70814fda473b21faaba42cc,f70f80643f8bba51009543d7ff51c8b6,delivered,2017-05-08 09:59:01,2017-05-08 10:15:07,2017-05-15 14:04:05,2017-05-29 14:58:05,2017-06-08,13.98,15.79,1,1,29.77,1,1,4.0,1.0,3977023445b2ffaa62e934c2f6da3a28,41110,salvador,BA,21.207685185185184,30.584016203703705,0,29.77
31f49b876b40d899bdb6c403b4d2b20b,8356099ada1aeb005c267bed62a9c750,delivered,2017-05-08 10:16:29,2017-05-09 09:50:18,2017-05-12 13:49:56,2017-05-15 08:12:10,2017-05-31,49.9,7.78,1,1,57.68,1,1,5.0,1.0,5a7d9eb6ba2ea2fe7b9a7f1640dc3876,2060,sao paulo,SP,6.913668981481481,22.571886574074075,0,57.68
5ccb4a64fc9be1b3a80e261aef938115,6c8a4da7b11b28b528bbb1561cd232f7,delivered,2017-05-08 10:20:57,2017-05-08 10:35:24,2017-05-08 16:36:51,2017-05-24 11:38:01,2017-06-08,109.5,34.57,1,1,144.07,1,1,3.0,1.0,6b62ffc01d145a07072c3a54da59c5c9,49048,aracaju,SE,16.05351851851852,30.568784722222222,0,144.07
151458af49738a9727dd61b22cde2acf,308a3e1ec459822f6c48c033fc29dbad,delivered,2017-05-08 10:27:59,2017-05-08 10:42:43,2017-05-10 11:23:37,2017-06-06 13:55:34,2017-06-08,99.99,18.27,1,1,118.26,5,1,2.0,1.0,f1b608274fa733159ef21962bdf03149,47802,barreiras,BA,29.14415509259259,30.563900462962962,0,118.25999999999999
686c88e6a063eab771785d988188f5c1,969ffc0f7cc1175aa94fc82763b2172e,delivered,2017-05-08 10:35:42,2017-05-09 10:30:18,2017-05-09 14:19:43,2017-05-17 13:04:17,2017-05-19,699.99,55.55,1,1,755.54,10,1,5.0,1.0,07c22a44928ca8ae6bc30e698c41d053,20745,rio de janeiro,RJ,9.10318287037037,10.558541666666667,0,755.54
ef3308b4c2a242ab54303e2965646069,191f2506c847455793cd0d8651e0153b,delivered,2017-05-08 10:35:50,2017-05-08 10:50:19,2017-05-09 17:01:20,2017-05-17 15:48:04,2017-05-31,239.0,15.42,1,1,254.42,10,1,5.0,1.0,c67aba22fcf949aa77170780f15d257a,7171,guarulhos,SP,9.216828703703703,22.558449074074073,0,254.42
4df87ac1ab76b77699ad16fc5635dbeb,e4ec9be4be7f266c3faf392040727a9b,delivered,2017-05-08 10:39:19,2017-05-08 10:55:13,2017-05-08 15:28:18,2017-05-18 12:24:36,2017-06-02,127.9,25.94,1,1,153.84,4,1,5.0,1.0,269d2edc97deb5d17768e1d624adff35,24320,niteroi,RJ,10.073113425925927,24.556030092592593,0,153.84
c1daaeaf51b3f251a3c6c2b04abec127,6d219cb246ef6f905618da8e27cf5ddc,delivered,2017-05-08 10:53:44,2017-05-09 09:35:48,2017-05-09 12:44:28,2017-05-26 08:41:23,2017-06-12,119.99,36.16,1,1,156.15,1,1,5.0,1.0,541bda117a78dc23329df4e7d4386dc4,65715,lago da pedra,MA,17.908090277777777,34.546018518518515,0,156.14999999999998
ea38dbbe2044b5c96bf31ff508ba1aad,5f3cf131f81aea5ea90fde7a77feadfb,delivered,2017-05-08 10:55:54,2017-05-08 11:05:12,2017-06-07 11:07:38,2017-06-07 12:01:35,2017-05-30,189.0,39.07,1,1,228.07,7,1,5.0,1.0,969e62a47aec03c735127e6f11ad6564,13063,campinas,SP,30.045613425925925,21.54451388888889,1,228.07
62349b58976446f1566cb58228d37715,43887a1adbe818152d5d7a93f4264c7c,delivered,2017-05-08 10:58:02,2017-05-08 11:05:12,2017-05-09 15:21:56,2017-05-13 11:32:08,2017-05-31,104.99,16.49,1,1,121.48,2,1,5.0,1.0,454cc87982cbe06ccf62af9dd154a225,18708,avare,SP,5.023680555555556,22.543032407407406,0,121.47999999999999
bd64d101b15234bb5f46c6b01ec42aa1,74c1341b048d9fb5284b1abec60c4eb6,delivered,2017-05-08 11:07:47,2017-05-08 11:22:32,2017-05-12 15:21:54,2017-05-23 23:43:29,2017-06-20,39.2,26.89,1,1,66.09,6,1,5.0,1.0,60570cfe8dd2e12425c85297497675d4,56800,afogados da ingazeira,PE,15.524791666666667,42.536261574074075,0,66.09
80bbfe23fd50d4ea9762ef70a8ada1be,733c183c3f9284e9e1f4886214f1b376,delivered,2017-05-08 11:36:06,2017-05-08 11:50:06,2017-05-19 09:37:34,2017-05-25 08:37:45,2017-06-08,240.0,16.43,1,1,256.43,4,1,5.0,1.0,07212b6b20c842faac31170b9dfd66e6,37690,sapucai-mirim,MG,16.876145833333332,30.516597222222224,0,256.43
44bdc4b28df8782f4190e4abfcc8cc5e,904d174cf7b82c28c74734dafe925489,delivered,2017-05-08 11:39:43,2017-05-08 11:50:09,2017-05-12 19:36:08,2017-05-18 06:59:35,2017-06-12,72.9,12.01,1,1,84.91,2,1,5.0,1.0,3a62bc7790ef04326e7016b2d3471130,9230,santo andre,SP,9.805462962962963,34.514085648148146,0,84.91000000000001
5ba291a4740d9f7973e2f135a6a7f54f,adb9611d609b58d037272249e0c06bbb,delivered,2017-05-08 11:45:34,2017-05-08 11:55:15,2017-05-09 15:01:54,2017-05-16 17:13:23,2017-05-30,39.0,12.69,1,1,51.69,2,1,5.0,1.0,ce1422ea681a87fe34f97776b0bc803f,13360,capivari,SP,8.227650462962963,21.510023148148147,0,51.69
e7502198c4c3631116855ae6a8df1725,5e3f8b9a2f9e4ea10ecf656c60412548,delivered,2017-05-08 11:59:25,2017-05-08 13:02:59,2017-05-09 11:24:39,2017-05-12 11:24:49,2017-06-05,249.9,26.06,1,1,275.96,2,1,5.0,1.0,281e1e72207e518c29b249a1361a775d,9190,santo andre,SP,3.975972222222222,27.500405092592594,0,275.96
1b546846285271f61f42bf2954352172,6fde8954a5343cfb804688167c50f78f,delivered,2017-05-08 12:01:54,2017-05-09 09:25:21,2017-05-09 13:13:53,2017-05-16 10:23:48,2017-05-31,41.86,31.21,2,1,73.07,1,1,5.0,1.0,3cc9db37d3df6c5b00e68a8f28d76f71,39644,francisco badaro,MG,7.931875,22.498680555555556,0,73.07
d738667fa4f31f5d89dd8dfcc07699ec,e135e7b246c8d48ffed49bfc61c0f6c8,delivered,2017-05-08 12:05:40,2017-05-09 09:30:24,2017-05-09 15:01:52,2017-05-15 06:29:50,2017-05-30,39.0,12.69,1,1,51.69,1,1,5.0,1.0,4372e5fa60912ce319a7a75a8c3ce61f,3065,sao paulo,SP,6.766782407407407,21.496064814814815,0,51.69
508febacffe1f7bfaf96a76a59677e6d,dbddac608b5206746031a5b32d8fb469,delivered,2017-05-08 12:06:44,2017-05-09 13:10:43,2017-05-09 13:36:01,2017-05-30 09:43:51,2017-06-08,100.0,17.14,1,1,117.14,2,1,5.0,1.0,888be311c0d0d6bddf2075a680df2c39,40375,salvador,BA,21.90077546296296,30.495324074074073,0,117.14
6c269e3a9b9ff5370697cb124cbc63ce,32b835e598d0770c757962836c16bec2,delivered,2017-05-08 12:14:05,2017-05-08 13:03:12,2017-05-08 15:41:30,2017-05-18 15:41:45,2017-06-12,144.99,43.04,1,1,188.03,3,1,5.0,1.0,de83f3a69319c7c7e238c58bf0f219e4,68638,rondon do para,PA,10.144212962962962,34.49021990740741,0,188.03
6b6cca8d4b526e73b216c9ca31cf0268,4077a894fcbcc59fe14e9acd059a5a2c,delivered,2017-05-08 12:15:17,2017-05-08 13:03:08,2017-05-09 11:32:28,2017-05-19 13:37:46,2017-05-31,84.99,17.84,1,1,102.83,3,1,3.0,1.0,08cb049b7f3836800587985c7ec04676,84272,telemaco borba,PR,11.057280092592592,22.489386574074075,0,102.83
360d163a85ba5960c9c1f0880fcac099,4e5d57852c4fa022427541ab6f3f861c,delivered,2017-05-08 12:20:41,2017-05-08 13:05:12,2017-05-12 15:27:40,2017-05-17 09:47:53,2017-05-26,19.99,9.34,1,1,29.33,2,1,5.0,1.0,58669aa114ba65257f8f5b8e1a32bcce,5778,sao paulo,SP,8.893888888888888,17.485636574074075,0,29.33
6cc4eb51469dec50a6130fe1cd07b7f9,a207382f0f563c1f430ef732ade9d9ff,delivered,2017-05-08 12:22:44,2017-05-08 13:05:31,2017-05-09 08:22:23,2017-05-19 15:55:47,2017-05-19,131.0,8.17,1,1,139.17,6,1,5.0,1.0,71f93416aba3c29ee0929275f545b506,7190,guarulhos,SP,11.147951388888888,10.484212962962962,1,139.17
7c1e94ae4c4305fa26db7da2d6749b36,4bafc0ea746fd09a8177734f1eef4ec0,delivered,2017-05-08 12:26:03,2017-05-09 06:35:22,2017-05-16 11:26:48,2017-06-06 14:57:43,2017-06-08,18.99,16.79,1,1,35.78,1,1,3.0,1.0,bf6bf471ff149dddb8b17719909224b9,47802,barreiras,BA,29.105324074074073,30.481909722222223,0,35.78
51b3d3b824ebde9c8e8d84d17e98d88b,659affc86c33bd8d4a7a551a1d721c59,delivered,2017-05-08 12:49:28,2017-05-08 13:05:49,2017-05-09 12:44:37,2017-05-24 06:12:01,2017-05-31,129.99,18.16,1,1,148.15,2,1,2.0,1.0,3ee11a73167d6fd1652d5016cdeb760d,88490,paulo lopes,SC,15.723993055555555,22.465648148148148,0,148.15
c0e9ca196d5699995f7b3987a8931ebf,a96409ee32065b754ef0d49cc8a80d5f,delivered,2017-05-08 13:01:31,2017-05-08 13:10:19,2017-05-08 15:39:46,2017-05-18 08:15:53,2017-05-31,30.0,15.1,1,1,45.1,2,1,4.0,1.0,57a8337fc5b4300dd8268712e03f0de3,26560,mesquita,RJ,9.80164351851852,22.457280092592594,0,45.1
0ac51a16347f7a7497b799596ad5fab7,0107ed88ec010416e20cacf67d2c905c,delivered,2017-05-08 13:05:01,2017-05-08 13:22:10,2017-05-09 16:53:17,2017-05-18 14:13:15,2017-06-01,99.0,16.94,1,1,115.94,1,1,4.0,1.0,84720447172b234e7504da52ee639435,81050,curitiba,PR,10.047384259259259,23.45484953703704,0,115.94
fc94ca74e236e7bad0e7a33cd62dc474,a807bd3f8b7f9925b6eb9d07c0f3387a,delivered,2017-05-08 13:12:30,2017-05-08 13:25:23,2017-05-09 13:27:34,2017-05-23 10:27:42,2017-05-31,41.4,30.2,2,1,71.6,4,1,5.0,1.0,a1106332be118915070243f76a7b957d,84145,carambei,PR,14.885555555555555,22.44965277777778,0,71.6
093fb737d1bbfe9d3794b96acf28d546,d2c602b2c49567d1e76cdf168ae8a5d1,delivered,2017-05-08 13:13:38,2017-05-08 13:25:25,2017-05-09 11:19:32,2017-05-16 14:28:08,2017-05-31,75.0,17.78,1,1,92.78,3,1,4.0,1.0,9847394a836eab7c0e6fb0ac5befa987,35162,ipatinga,MG,8.051736111111111,22.44886574074074,0,92.78
e809e9009327e4a97a5ec915477b240a,02a9c98d09a951f9ae61e2f677922b1a,delivered,2017-05-08 13:22:47,2017-05-09 13:30:57,2017-05-17 14:22:24,2017-05-20 10:49:33,2017-06-12,169.9,26.22,1,1,196.12,3,1,2.0,1.0,388282491a7e1d15cb402d8fc820bb14,69099,manaus,AM,11.893587962962963,34.442511574074075,0,196.12
4d3c0c9b78aca6355fc67075364b2b05,a5c8ac8b3fbdb2a40be06b90db124bdb,delivered,2017-05-08 13:22:49,2017-05-09 09:30:40,2017-05-09 14:57:20,2017-05-17 14:24:40,2017-05-31,61.9,16.19,1,1,78.09,1,1,5.0,1.0,e020fcaa14c71bf6cf1c5de63a398947,86700,arapongas,PR,9.04295138888889,22.442488425925927,0,78.09
5e2488af524e8aeb633062a365974141,db8b6b86dbf852fdb2f2f99690e4a3b1,delivered,2017-05-08 13:24:24,2017-05-08 13:35:17,2017-05-09 12:44:36,2017-05-17 14:35:10,2017-05-31,219.99,18.79,1,1,238.78,6,1,5.0,1.0,73d247eb3628ec05490256321c0a9647,88330,balneario camboriu,SC,9.049143518518518,22.441388888888888,0,238.78
ae0ba7f86594601c3dc2744295f47778,23cf6500385bf7b2764f87d0d70ee48f,delivered,2017-05-08 13:25:47,2017-05-08 13:35:19,2017-05-19 13:33:36,2017-06-01 12:38:36,2017-06-21,279.99,96.18,1,1,376.17,10,1,5.0,1.0,d5a1387f792f90bc36a6cd61883912b1,60525,fortaleza,CE,23.967233796296295,43.440428240740744,0,376.17
9bfd250b031431f5c2da711411912271,7122955e585bdb0e1f57eb54b220f783,delivered,2017-05-08 13:26:57,2017-05-08 13:35:20,2017-05-09 12:44:36,2017-05-17 14:14:34,2017-06-02,219.99,15.29,1,1,235.28,6,1,5.0,1.0,b39149be6a2259e7a11996ade9614928,91720,porto alegre,RS,9.033067129629629,24.439618055555556,0,235.28
2ec97dfd085ac4fe7b1fa12819d9a36c,4d53dc075b6e8ec9618f3d8a80b14942,delivered,2017-05-08 13:29:57,2017-05-08 13:42:16,2017-05-09 07:48:46,2017-05-18 09:39:57,2017-06-06,103.97,45.19,1,1,149.16,10,1,3.0,1.0,8f4968221af78d6f248322ad465279fc,76260,diorama,GO,9.840277777777779,28.43753472222222,0,149.16
9c214ac970e84273583ab523dfafd09b,daf813bc2e41c86027d086e8dfb35571,delivered,2017-05-08 13:35:48,2017-05-08 13:50:15,2017-05-09 14:19:29,2017-05-16 16:49:51,2017-05-30,89.9,12.13,1,1,102.03,3,1,5.0,1.0,8c89391790076834500661cc1e5d6860,12316,jacarei,SP,8.134756944444444,21.43347222222222,0,102.03
984cefe3260707e1f6fc38b18b2b276c,b078566ae0d28c3e2964aa8ba7b119e5,delivered,2017-05-08 13:45:25,2017-05-09 13:30:56,2017-05-10 09:05:45,2017-05-18 08:32:21,2017-06-09,74.99,27.06,1,1,102.05,4,1,4.0,1.0,a9a54fee4e5566e8070dd4029e1ccf22,13222,varzea paulista,SP,9.782592592592593,31.42679398148148,0,102.05
18803fd773602aa97d59a2d49369ee1f,e128b79f608b553e65e9f0dbe909aaad,delivered,2017-05-08 13:47:56,2017-05-08 14:03:02,2017-05-09 08:22:25,2017-05-19 09:45:58,2017-06-08,160.0,21.52,1,1,181.52,6,1,5.0,1.0,6eb49422d76a2759d3883a3ceb1d3ecd,29057,vitoria,ES,10.831967592592592,30.425046296296298,0,181.52
2dfa3eb9e7a26639147be1d3dd5a26d9,8992c643e878271184337e74f6d8a3f5,delivered,2017-05-08 13:52:57,2017-05-09 09:45:31,2017-05-09 12:23:04,2017-05-19 12:06:15,2017-05-31,420.0,17.69,1,1,437.69,1,1,5.0,1.0,34fa92afa2fe4624e2476d6d5ff4390e,38401,uberlandia,MG,10.925902777777777,22.4215625,0,437.69
f6352f413ce4e20f67354a9c6f5460e5,e8f69905ef0387d08a36888561545c9b,delivered,2017-05-08 14:09:36,2017-05-08 14:22:37,2017-05-11 16:29:52,2017-05-19 15:40:57,2017-06-14,253.98,82.56,2,1,336.54,4,1,5.0,1.0,9765853b4b5c35f6101b11fbdc915679,23934,angra dos reis,RJ,11.0634375,36.41,0,336.53999999999996
240c0f6bd7e77f416cff9b55d12d10c1,382b6d3cafebabe22fc619ce35aae804,delivered,2017-05-08 14:35:48,2017-05-08 14:50:15,2017-05-09 12:44:37,2017-05-24 07:37:55,2017-05-31,199.99,17.65,1,1,217.64,6,1,5.0,1.0,47c5e0f72f19e85d15e62bb3cf8a4d4d,26562,mesquita,RJ,15.70980324074074,22.391805555555557,0,217.64000000000001
f02e9da25eaf6d8b85952d339283e40e,93393e310c9395557f731f71a6e3ff96,delivered,2017-05-08 14:54:31,2017-05-08 15:05:25,2017-05-10 09:33:21,2017-05-18 16:34:11,2017-05-31,69.9,15.24,1,1,85.14,8,1,4.0,1.0,115ae9b5ef56ae684667055f4e426432,13423,piracicaba,SP,10.069212962962963,22.37880787037037,0,85.14
8c21fe1b9ec8e9872ce5c040ee40fd3e,7f449435f005ccdf1808f0bc6e4ded34,delivered,2017-05-08 14:55:05,2017-05-08 15:05:29,2017-05-19 19:48:01,2017-05-30 16:14:59,2017-06-08,124.99,15.62,1,1,140.61,6,1,5.0,1.0,1ad20cb261e24038bc33ebaca6ddad62,28390,porciuncula,RJ,22.05548611111111,30.378414351851852,0,140.60999999999999
b2f828440883f9c47baa06729d2d9a15,4811dcb195171d9e345056099833351c,delivered,2017-05-08 14:57:58,2017-05-08 15:05:28,2017-05-12 17:19:38,2017-05-18 09:21:25,2017-05-31,19.99,15.1,1,1,35.09,2,1,3.0,1.0,720ac6417c01c1815e7e6e898a549f90,39205,tres marias,MG,9.766284722222222,22.37641203703704,0,35.089999999999996
0f8532e6a9c1e86b215fda5c13f37fad,48c83ab1910a8d95f8702dde180d658b,delivered,2017-05-08 14:59:40,2017-05-10 02:42:28,2017-05-19 17:52:05,2017-05-24 13:25:09,2017-05-29,677.9399999999999,105.18,6,1,783.12,1,1,4.0,1.0,33d5f77e44abcb42cdfc86854e5fce8c,8560,poa,SP,15.934363425925927,20.37523148148148,0,783.1199999999999
9c365b96e7181fee770fac0adf79d118,d24e2cc94a4722b65c06f1912247f544,delivered,2017-05-08 15:07:35,2017-05-08 15:22:16,2017-05-09 13:40:20,2017-05-10 16:37:59,2017-05-19,138.0,9.53,1,1,147.53,7,1,5.0,1.0,a7465fb2745d0bd670aba354c28e0ca6,80050,curitiba,PR,2.062777777777778,10.369733796296297,0,147.53
b3879e737eafcf76e10b3118e9b11f28,eb016e19debc9894e302fa6ef442479e,delivered,2017-05-08 15:09:43,2017-05-08 15:22:19,2017-05-10 13:23:27,2017-05-16 14:32:22,2017-06-02,33.0,16.79,1,1,49.79,2,1,5.0,1.0,109f3d7b91c8b80d6eae8b173247006d,11075,santos,SP,7.9740625,24.368252314814814,0,49.79
797fe018b83e5b8aaef674bad19874e9,12f720722d56d2cdcafc93c9b5809ea5,delivered,2017-05-08 15:15:49,2017-05-09 15:22:24,2017-05-12 11:49:57,2017-05-24 16:23:07,2017-06-06,109.6,60.4,4,1,170.0,2,1,5.0,1.0,53a52be3ec8e43d7be46b037d58ff145,22631,rio de janeiro,RJ,16.046736111111112,28.364016203703702,0,170.0
eeb91f346c409cf3a3f4049e626c67cb,9c80a3ec6d90e28189cd6d8ec25238f9,delivered,2017-05-08 15:16:28,2017-05-08 15:30:09,2017-05-09 08:47:48,2017-05-16 11:03:51,2017-06-02,129.9,18.16,1,1,148.06,4,1,5.0,1.0,a291051cdb7c719abfec834908107046,93346,novo hamburgo,RS,7.82457175925926,24.363564814814815,0,148.06
4c2c7fcf017b1d438e1d6b7898d34a3a,cba9cead491b833f77cea583b54b2fe0,delivered,2017-05-08 15:26:22,2017-05-09 09:35:15,2017-05-12 08:51:49,2017-05-16 19:42:59,2017-05-22,56.99,8.72,1,1,65.71,1,1,3.0,1.0,581b4e946d1ac8988b98af747379c150,13456,santa barbara d'oeste,SP,8.178206018518518,13.356689814814814,0,65.71000000000001
92b56c79ee136de9db64ceafdf002f72,94c83c89df9c4e9fd402f2b6a4316391,delivered,2017-05-08 15:58:21,2017-05-08 16:10:22,2017-05-09 13:31:04,2017-05-18 17:34:08,2017-06-08,18.99,16.79,1,1,35.78,2,1,5.0,1.0,e43ef1f367067fb817d8b34f618f44b0,78290,figueiropolis d'oeste,MT,10.066516203703705,30.334479166666668,0,35.78
e5f79074dd3c736ad9dd29283f649012,4d7464b36ed0d3d31de9a3275be94f7f,delivered,2017-05-08 15:58:24,2017-05-08 16:10:24,2017-05-09 11:38:08,2017-05-17 11:32:53,2017-05-31,198.0,77.06,2,1,275.06,5,1,5.0,1.0,b1be5bbc17495f44b315b30d8147314c,35500,divinopolis,MG,8.815613425925926,22.334444444444443,0,275.06
2f5e0cdd8a9e16411337f432e62c1d0d,0f75cbfb0c5e796f04aadbcfad534f41,delivered,2017-05-08 16:24:13,2017-05-09 09:42:57,2017-05-09 13:44:00,2017-05-26 09:46:28,2017-06-08,145.0,17.45,1,1,162.45,1,1,2.0,1.0,c120aa71a6791d0e4ea52a637edd95d8,45600,itabuna,BA,17.723784722222224,30.316516203703703,0,162.45
40b24dab374c01e18e3e6f269f67c8ad,deba89fcf410c9fa49c3965c6f56c132,delivered,2017-05-08 16:24:17,2017-05-08 16:35:18,2017-05-09 11:31:03,2017-05-17 10:06:50,2017-06-05,45.95,15.1,1,1,61.05,6,1,5.0,1.0,e933826051385d0cb7ca172238a49317,34400,raposos,MG,8.737881944444444,27.316469907407406,0,61.050000000000004
f4d812e53e87755d0f4210f23caef13c,e6546445d69085e73903bd5d839b24d5,delivered,2017-05-08 16:25:25,2017-05-09 06:35:24,2017-05-09 08:38:46,2017-05-22 11:36:36,2017-06-12,589.99,67.62,1,1,657.61,1,1,5.0,1.0,1f14cece5da31d108e380c174f68f552,68902,macapa,AP,13.79943287037037,34.315682870370374,0,657.61
18bf036204cea32b152a8e2a2f2bab40,75c1cc8ffdfa39cfba5b62056e1c0f56,delivered,2017-05-08 16:31:38,2017-05-09 16:35:23,2017-05-11 13:44:39,2017-05-15 19:27:34,2017-06-12,119.9,27.69,1,1,147.59,3,1,5.0,1.0,fc43c7addc1e0a622818d24929211a54,6414,barueri,SP,7.122175925925926,34.31136574074074,0,147.59
694171d7d81744391df6d1b79dd82695,bdd0f17022455a9b45e7d5db47fb6598,delivered,2017-05-08 16:35:04,2017-05-08 16:50:14,2017-05-09 12:02:47,2017-05-16 14:57:47,2017-05-29,109.99,16.4,1,1,126.39,6,1,5.0,1.0,d83533715a8843e3a26adf36d889e9b7,14240,cajuru,SP,7.93244212962963,20.30898148148148,0,126.38999999999999
f733e2c200f38406f8a21125a05a5670,0c320426834dddd6c276e7b22b715831,delivered,2017-05-08 16:43:57,2017-05-08 16:55:16,2017-05-09 09:37:57,2017-05-16 14:37:55,2017-05-31,69.0,14.23,1,1,83.23,4,1,5.0,1.0,a69bef5647b75971231f728de0fe91f5,20510,rio de janeiro,RJ,7.912476851851852,22.3028125,0,83.23
c01a11381559251411c136d6a8b1ee48,210b08387f3c6ad661e503e31e713a72,delivered,2017-05-08 17:24:01,2017-05-08 17:35:10,2017-05-09 14:19:21,2017-05-22 09:17:34,2017-06-07,89.9,15.38,1,1,105.28,4,1,5.0,1.0,6a1878cd0396230b45a84e2fe8c2492b,76210,jaupaci,GO,13.6621875,29.274988425925926,0,105.28
501fa503297c10bde871ab325df28a23,8428f774d6ce7cd3dc2eb43f2c7a461e,delivered,2017-05-08 17:26:08,2017-05-09 16:22:05,2017-05-10 14:36:57,2017-05-11 11:04:16,2017-05-29,69.9,13.51,1,1,83.41,3,1,,,db8b0735297a8a3535ff6dd8262a5de7,16052,aracatuba,SP,2.734814814814815,20.273518518518518,0,83.41000000000001
0756fac8c4aef0446002871923cc6b8f,954044bfd6fb537969f65fb21750ae1d,delivered,2017-05-08 17:27:02,2017-05-08 17:35:12,2017-05-09 10:13:55,2017-05-15 10:12:44,2017-06-01,23.9,14.1,1,1,38.0,2,1,5.0,1.0,fa74ed50f1a843f0316b5c75666b076e,20271,rio de janeiro,RJ,6.698402777777778,23.27289351851852,0,38.0
8a1f37725eebf19474556726f014f72d,f199a88e43318ed6123809a929e93f69,delivered,2017-05-08 17:30:15,2017-05-08 17:42:41,2017-05-12 12:26:42,2017-05-22 16:05:19,2017-06-09,14.14,17.6,1,1,31.74,1,1,5.0,1.0,bc5b74743b541a6a6811d2d8c67a9615,17470,duartina,SP,13.941018518518518,31.270659722222224,0,31.740000000000002
7aa1e182024c0f58b54dfc730b58780e,96d3e1ee7a247b85e2b282afc4eeaf5e,delivered,2017-05-08 17:33:47,2017-05-09 17:35:17,2017-05-10 11:23:44,2017-05-17 17:06:23,2017-06-02,99.99,16.46,1,1,116.45,4,1,5.0,1.0,f8b712366ae5b77edf34dbb5c5c8692c,79130,rio brilhante,MS,8.980972222222222,24.26820601851852,0,116.44999999999999
9562b424b05978a493db2a5122ecab1f,172de5a82ba2a67eb20621c2e4b4e34d,delivered,2017-05-08 17:34:29,2017-05-09 09:35:45,2017-05-09 13:48:26,2017-05-18 11:14:52,2017-05-29,46.99,12.69,1,1,59.68,1,1,5.0,1.0,b918da4934c7eabcda6e45b4e18aba53,7124,guarulhos,SP,9.736377314814815,20.267719907407407,0,59.68
156d7322e097c3a33f3f2c808bcffc61,37c85c91273baf6a4c844e30c26b7d6e,delivered,2017-05-08 17:37:04,2017-05-09 09:43:08,2017-05-09 10:08:54,2017-05-19 13:52:13,2017-05-29,159.0,12.61,1,1,171.61,1,1,5.0,1.0,3377ca6f5387b8f8960b0d3fcefb6164,12233,sao jose dos campos,SP,10.843854166666667,20.265925925925927,0,171.61
a347b0e4fa4bfe76bfe8df0c775a9f2a,a9d5ef920dd27c90c1e48c0ca59a0ea3,delivered,2017-05-08 17:39:11,2017-05-08 17:50:13,2017-05-09 15:21:02,2017-05-17 13:27:52,2017-05-19,63.9,11.73,1,1,75.63,4,1,5.0,1.0,9f3b5945c21ece6463334f33f6cb39e7,7025,guarulhos,SP,8.825474537037037,10.26445601851852,0,75.63
39dab0c9ea1c7c66a1a516423f50c97a,33f7e823808ce786ac284e32b07cf6e4,delivered,2017-05-08 17:51:05,2017-05-09 09:45:19,2017-05-12 14:17:02,2017-05-22 14:33:18,2017-06-12,49.9,15.1,1,1,65.0,1,1,3.0,1.0,75c9d9286f420028ef73062dee65da94,89650,treze tilias,SC,13.862650462962963,34.25619212962963,0,65.0
ff354f13d748eb3a9af6e99698f60fc2,8bdcd11b55403afdb8529f39cb0d4e04,delivered,2017-05-08 17:59:21,2017-05-08 18:10:24,2017-05-10 13:27:18,2017-05-17 09:52:39,2017-05-31,79.0,15.3,1,1,94.3,3,1,3.0,1.0,4ab13449e40a2a72abb14b730c91627c,87400,cruzeiro do oeste,PR,8.66201388888889,22.250451388888887,0,94.3
ef93be4e062f4f0f65f6d5251fe0ea40,e56decd9a37f6d32ecbf12d3ce1801b1,delivered,2017-05-08 18:46:53,2017-05-08 19:02:18,2017-05-09 09:22:48,2017-05-16 15:39:51,2017-05-30,82.4,17.29,1,1,99.69,1,1,5.0,1.0,f4604001b6522fac7d3637dadceb4c4e,15997,matao,SP,7.870115740740741,21.217442129629628,0,99.69
83a606acc4e6248f7fc570a3887cfdd6,b56dedcb8516771d10b5378e7957a31f,delivered,2017-05-08 18:53:03,2017-05-08 19:05:21,2017-05-10 10:46:43,2017-05-19 15:23:52,2017-05-23,49.99,7.78,1,1,57.77,1,1,5.0,1.0,f682632acf21dd2666ccf52bb9dfe584,8041,sao paulo,SP,10.854733796296296,14.213159722222223,0,57.77
becf90dbbea6e1a229814dab50912be4,1b9b8bd7c25bb78a4a5fb5c9101dc6e4,delivered,2017-05-08 18:53:05,2017-05-08 19:05:23,2017-05-09 14:14:27,2017-05-13 11:22:40,2017-05-31,275.0,43.17,3,1,318.17,4,1,5.0,1.0,7228928ea2429a6e7ccd7efd24789266,9050,santo andre,SP,4.687210648148148,22.213136574074074,0,318.17
6448b940e7bdf635ae69dca1b81077bc,f9b37f6a2591a3a3ee8ebbb20196d71d,delivered,2017-05-08 19:11:43,2017-05-08 19:25:18,2017-05-09 11:17:07,2017-05-17 14:47:56,2017-05-31,49.9,15.1,1,1,65.0,2,1,5.0,1.0,6a73ed08af9ee3b724f250866c331e48,85935,assis chateaubriand,PR,8.81681712962963,22.20019675925926,0,65.0
b077097dbd461edeee6d08a444ef1466,5b1963a41a8f4a39f4d40e6e5ed70f94,delivered,2017-05-08 19:11:58,2017-05-08 19:25:19,2017-05-09 11:51:28,2017-05-16 11:23:55,2017-06-02,69.9,16.25,1,1,86.15,1,1,5.0,1.0,42f296ed9782627fc7408a950975cfd2,91360,porto alegre,RS,7.674965277777778,24.200023148148148,0,86.15
745d2763c76bb75f1267554899ed96da,1fa0b2faf3792a27a0ae71480c5c1e72,delivered,2017-05-08 19:30:56,2017-05-08 19:42:34,2017-05-10 16:04:06,2017-05-13 10:42:05,2017-06-09,93.5,15.4,1,1,108.9,4,1,3.0,1.0,0ff1d5d2f59249ae8edbb7ae812c418a,35300,caratinga,MG,4.632743055555555,31.186851851851852,0,108.9
fd10deeb9842f5c285152824f810fc08,ac9f629ac1b9ac8a765332bcfaa0f99c,delivered,2017-05-08 19:54:09,2017-05-08 20:10:17,2017-05-10 10:04:33,2017-05-22 17:39:33,2017-06-05,56.99,14.15,1,1,71.14,1,2,5.0,1.0,b88e9086f50b72f9ee8bb84e8bc2bb20,71572,brasilia,DF,13.906527777777777,27.170729166666668,0,71.14
2932a008b292b9b8eafc415b46f0f3b0,3a736406a4d0c12b3b248f4af6dba673,delivered,2017-05-08 20:21:05,2017-05-10 02:42:18,2017-05-17 14:09:58,2017-05-23 11:28:02,2017-06-01,39.9,15.1,1,1,55.0,1,1,3.0,1.0,5a1471c590fdac5bd3e37208d724357e,82820,curitiba,PR,14.629826388888889,23.152025462962964,0,55.0
0903715a744e53db0a04d441d50d22cb,c147dfd02d5503b44c65a2660bc63cfa,delivered,2017-05-08 20:30:33,2017-05-08 20:42:26,2017-05-09 13:40:18,2017-05-11 08:13:29,2017-05-31,178.0,15.0,1,1,193.0,10,1,5.0,1.0,191390f8192144a1bd3954db5ec5e22f,9090,santo andre,SP,2.488148148148148,22.14545138888889,0,193.0
b1148e3ccf84678b917d3f48cb4223b6,7106e4be1d24f336fcfabff97f4f54b5,delivered,2017-05-08 20:58:10,2017-05-08 21:05:16,2017-05-11 09:29:53,2017-05-15 17:26:33,2017-05-29,67.0,11.95,1,1,78.95,1,1,5.0,1.0,f9125a5120138b7678335b6aa9d828a8,14887,jaboticabal,SP,6.853043981481481,20.126273148148147,0,78.95
e889c2950b88a166b9da5f7e995872b7,bd2fe6a35c295706596da2439a669278,delivered,2017-05-08 20:58:38,2017-05-08 21:10:21,2017-05-09 14:08:05,2017-05-15 14:38:53,2017-06-01,94.99,21.15,1,1,116.14,3,1,3.0,1.0,e53763fd1b993887e2d1d3757d9783d9,80730,curitiba,PR,6.736284722222222,23.125949074074075,0,116.13999999999999
ff2debba53c9c8185f517f7b3a936aed,afc0b8421b7937d99de731ac9df6373e,delivered,2017-05-08 21:26:39,2017-05-08 21:35:14,2017-05-09 12:44:37,2017-05-22 10:22:50,2017-06-08,219.99,20.78,1,1,240.77,10,1,5.0,1.0,44ba066bbe77a063ec87d029cd3655dd,45000,vitoria da conquista,BA,13.539016203703703,30.106493055555557,0,240.77
4dab8f54cf0785f122d751e4c9010e0a,7dccb46b2bfa636224998740bfdfb07a,delivered,2017-05-08 21:40:05,2017-05-08 21:50:19,2017-05-10 10:54:37,2017-05-16 11:03:51,2017-06-02,39.9,19.59,1,1,59.49,5,1,5.0,1.0,d65a1df1eb76ad462883782cc27e8e2f,21211,rio de janeiro,RJ,7.558171296296297,24.097164351851852,0,59.489999999999995
f03261655a392f45397fe9e28e7f7d9f,c03ff8d52da1e44e7d6eb550e2c0193d,delivered,2017-05-08 22:15:14,2017-05-08 22:25:12,2017-05-10 17:28:02,2017-05-29 07:58:31,2017-06-08,118.75,43.24,1,1,161.99,2,1,2.0,1.0,4e87f41fb947001d35836fac7a702811,57230,coruripe,AL,20.40505787037037,30.072754629629628,0,161.99
1ffb9dc91fdfd3d86671c5dc2a94dab1,b710fefc4bde32cf4e439ecb01c0745b,delivered,2017-05-08 22:15:34,2017-05-08 22:25:15,2017-05-09 15:28:28,2017-05-24 23:27:35,2017-06-08,169.9,28.57,1,1,198.47,9,1,5.0,1.0,9dc0bcfa8496ea146adfca26ce1ce551,45200,jequie,BA,16.050011574074073,30.072523148148147,0,198.47
7a0b8eefc3f5c1e5d6baee73060caa44,dddbc5dcade50db78e88c37648792c3e,delivered,2017-05-08 22:15:35,2017-05-08 22:25:16,2017-05-09 10:39:31,2017-05-22 15:26:28,2017-06-09,449.0,48.44,1,1,497.44,5,1,4.0,1.0,6a950f43b0758a8e141079d3fdc5e1fd,28610,nova friburgo,RJ,13.715891203703704,31.072511574074074,0,497.44
1d6632a2caaca23824c538190fe607c9,f99eb2da89802e586146a5761062369c,delivered,2017-05-08 22:16:40,2017-05-11 13:15:13,2017-05-11 13:21:52,2017-05-21 07:43:41,2017-05-19,31.9,8.27,1,1,40.17,2,1,5.0,1.0,6eca2d2de1ab398dcd92e20d047fcb0c,13348,indaiatuba,SP,12.393761574074073,10.07175925925926,1,40.17
8fc3ff1d28b1b197058c88cc2d66a07b,e60d2d68c3408aae095b3669023f5aab,delivered,2017-05-08 22:26:43,2017-05-08 22:35:09,2017-05-22 13:58:02,2017-05-26 06:52:00,2017-06-22,55.9,16.15,1,1,72.05000000000001,1,2,5.0,1.0,03608653642e4fea136e39e9382d74f2,6182,osasco,SP,17.350891203703704,44.06478009259259,0,72.05
816210a15f4fa3b8fbc41acdb76f4733,96e3967a4dd44db7e946f46988281df4,delivered,2017-05-08 22:36:56,2017-05-08 23:42:27,2017-05-15 06:44:39,2017-05-23 14:03:58,2017-06-01,379.9,17.41,1,1,397.31,10,1,4.0,1.0,38ea8929fa7b469a3672b427c6663e43,15806,catanduva,SP,14.643773148148147,23.057685185185186,0,397.31
4477f0fa7855f6d43e17f4b8e6612898,ab1b4c71bb887a820db3346f0af72b14,delivered,2017-05-08 22:37:02,2017-05-08 22:50:10,2017-05-09 14:19:21,2017-05-27 11:42:11,2017-06-01,89.9,15.38,1,1,105.28,8,1,5.0,1.0,152fc02825ebb754ffcb79393de6914f,24753,sao goncalo,RJ,18.545243055555556,23.05761574074074,0,105.28
7b3dfd5f6a78e3b430e083bf1a909da0,9fb22afe5a91a9c5f42a502ac18cb629,delivered,2017-05-08 22:39:37,2017-05-08 22:50:11,2017-05-17 14:04:55,2017-05-24 12:18:02,2017-06-08,77.75,16.3,1,1,94.05,4,1,5.0,1.0,41a147dd6ddffcef63d74c6b0d5311ad,93010,sao leopoldo,RS,15.568344907407408,30.05582175925926,0,94.05
639d641103a2eb32e871e36bf3df366b,8d3800a0067972ea136a0ba0a17986ed,delivered,2017-05-08 22:42:49,2017-05-08 22:55:16,2017-05-10 13:23:07,2017-05-24 07:47:17,2017-06-02,26.99,14.1,1,1,41.09,1,1,5.0,1.0,5371fc534b782c8ef7545dbb1956603b,91250,porto alegre,RS,15.378101851851852,24.053599537037037,0,41.089999999999996
b3c20d53be137128e8ae69ee76a60326,bdc6a9fb78c7bc3357e405a272342bc2,delivered,2017-05-08 22:48:43,2017-05-08 23:02:41,2017-05-09 15:16:27,2017-05-10 09:25:40,2017-05-19,249.9,9.0,1,1,258.9,6,1,5.0,1.0,4c7ba37a823a6222050a800bf3465e7b,4661,sao paulo,SP,1.4423263888888889,10.049502314814815,0,258.9
66bb146968e449c413c58a15e510a6f8,2bc0454ee694c469f555e42dd18d0513,delivered,2017-05-08 22:50:12,2017-05-08 23:02:40,2017-05-09 10:13:55,2017-05-15 08:32:05,2017-05-31,79.9,15.31,1,1,95.21,3,1,4.0,1.0,c1f2411f3a94d041eaf2c143af3498e9,84264,telemaco borba,PR,6.404085648148148,22.048472222222223,0,95.21000000000001
063be5d2e54f57f9673b26b87c8d8bfc,c3d53f4a39f61b483aa1746e60a2913e,delivered,2017-05-08 22:53:37,2017-05-08 23:05:19,2017-05-09 10:42:53,2017-05-13 10:22:52,2017-06-09,82.0,16.33,1,1,98.33,4,1,5.0,1.0,a8807a4faf40da4e8def0353a612677e,38442,araguari,MG,4.478645833333333,31.046099537037037,0,98.33
09ebfabd9f6552771f5d90e099fa0738,648bbd07536c67c93bef21abe6da8e51,delivered,2017-05-08 22:53:56,2017-05-08 23:05:17,2017-05-11 15:47:53,2017-05-17 09:23:54,2017-05-31,12.97,14.1,1,1,27.07,2,1,2.0,1.0,e33c1e6783d4f961fadade9465a511f5,22081,rio de janeiro,RJ,8.437476851851851,22.04587962962963,0,27.07
da1e438a39bc8b47403207e4c043594d,524e35fe63be323cf7c7d761aac5d34d,delivered,2017-05-08 23:20:58,2017-05-08 23:30:14,2017-05-15 07:09:50,2017-06-05 16:29:16,2017-05-31,107.8,30.26,2,1,138.06,2,1,1.0,1.0,3126fa08bc9542bf3500d12b187ae1f2,62930,limoeiro do norte,CE,27.71409722222222,22.027106481481482,1,138.06
481d2cbce45c1d2281aead91bff6dcae,e6a26b9742c8bd89eab9278e1f451354,delivered,2017-05-08 23:21:34,2017-05-08 23:30:15,2017-05-12 16:49:38,2017-06-16 11:11:50,2017-06-07,119.8,35.34,2,1,155.14,10,1,5.0,1.0,9f8b9e9b091d1c81423e52c4e0839975,86220,assai,PR,38.49324074074074,29.026689814814816,1,155.14
333e7a046c4e6cc445f3178043b57039,4688c6355c8b84b24a780915fa1cf4eb,delivered,2017-05-08 23:25:31,2017-05-08 23:35:20,2017-05-11 14:16:12,2017-05-23 14:43:09,2017-06-06,19.9,17.63,1,1,37.53,1,1,4.0,1.0,d99f83104bb71e584298ceb4278597ef,21321,rio de janeiro,RJ,14.63724537037037,28.02394675925926,0,37.53
d46324f9f8fe64d3fbd530e2d79573c9,efe3b2b81054dcd39a5329487f3c775f,delivered,2017-05-08 23:25:42,2017-05-08 23:35:19,2017-05-09 13:34:29,2017-05-17 10:34:08,2017-06-13,70.6,34.29,1,1,104.89,10,1,4.0,1.0,e5add57dcbd533d80dbbead7f64c2e75,64600,picos,PI,8.464189814814814,35.02381944444444,0,104.88999999999999
4de4b5399589ac552a438c88653fa27b,914f42ccf18ace2f564032913dce6bed,delivered,2017-05-08 23:55:09,2017-05-12 20:15:18,2017-05-23 12:11:13,2017-05-31 11:34:24,2017-06-13,999.9,56.02,1,1,1055.92,10,1,5.0,1.0,ee2f423348d2b22b19bff9446cf39f2e,63502,iguatu,CE,22.485590277777778,35.003368055555555,0,1055.92
5e81354e795eec26aec91548a783b116,54d0cdd30e650c9f5abdb8ee917dca6b,delivered,2017-05-09 00:18:57,2017-05-10 02:15:17,2017-05-11 09:42:51,2017-05-17 11:56:46,2017-05-30,76.0,13.55,1,1,89.55,5,1,5.0,1.0,5254cf3932add60ef66f9730b2315cc9,17540,ocaucu,SP,8.484594907407407,20.986840277777777,0,89.55
a37f8312a0547362c60345cc4cb0f8f2,9f15e1370b94ffa25930221dd6dc1061,delivered,2017-05-09 01:57:10,2017-05-09 02:05:14,2017-05-10 09:46:45,2017-05-22 18:27:41,2017-06-01,89.9,14.38,1,1,104.28,1,2,5.0,1.0,78a314a58d639d0d542958c86c737e60,25080,duque de caxias,RJ,13.687858796296297,22.91863425925926,0,104.28
1a9979add53335be401feeaca64ee040,530d8874530097fe08d07d999b63c780,delivered,2017-05-09 02:36:03,2017-05-09 03:42:09,2017-05-09 12:10:23,2017-05-17 12:57:45,2017-06-05,59.9,12.76,1,1,72.66,4,1,4.0,1.0,2095e235cb23d23f4e289492b7135a5b,12120,tremembe,SP,8.43173611111111,26.891631944444445,0,72.66
f369bf4e7c4a7d5fe6d4efb3d7ea24da,9f3f0412d3617f00d9839f8e5a09b351,delivered,2017-05-09 02:52:05,2017-05-09 03:02:36,2017-05-09 09:43:39,2017-05-10 13:00:16,2017-06-05,59.99,7.78,1,1,67.77,2,1,5.0,1.0,11936bd0c258a86c5c276a0e90a62c9a,6543,santana de parnaiba,SP,1.422349537037037,26.880497685185187,0,67.77
0b65284a1a74114ea029b7676fdc1ba3,84e14521bff8cbb289a87be1961d3d08,delivered,2017-05-09 04:33:51,2017-05-09 05:02:14,2017-05-09 08:18:13,2017-06-09 17:12:16,2017-06-16,89.9,54.3,1,1,144.2,7,1,5.0,1.0,9202421110f6a19ddcf0b9b93602a0a1,55500,escada,PE,31.52667824074074,37.80982638888889,0,144.2
ee5eb378ff9c7070eec20d9ac9a06688,32d8612ba54469b3b09b5c9c37accaf4,delivered,2017-05-09 07:44:34,2017-05-10 02:50:37,2017-05-10 14:15:48,2017-05-19 10:37:57,2017-06-13,24.9,15.1,1,1,40.0,1,1,4.0,1.0,3025f1fe377a9ee7443a15d1c3b8d50b,16800,mirandopolis,SP,10.120405092592593,34.677384259259256,0,40.0
6ed97d236b7eb297787b4002f3efee17,d6d256a476e32cfc2b4b0bb56142c7df,delivered,2017-05-09 08:08:31,2017-05-09 08:22:06,2017-05-09 10:07:36,2017-05-12 15:22:57,2017-06-01,125.0,16.63,1,1,141.63,7,1,5.0,1.0,e0ca3ec6d4a9c866e92f30c1b23310e5,95720,garibaldi,RS,3.301689814814815,22.660752314814815,0,141.63
f26ba1ada1565890a3a7a1529858e952,693b539ec329fc7f7eac2bf96bdbf0aa,delivered,2017-05-09 08:25:08,2017-05-09 08:35:13,2017-05-09 12:17:13,2017-05-18 14:03:46,2017-05-22,42.99,7.78,1,1,50.77,2,1,3.0,1.0,ece481f3376a34b5e3cad2dfe8ee63f0,5626,sao paulo,SP,9.235162037037037,12.649212962962963,0,50.77
23dd9b9b8eb4352e2905bf46a41e5ad2,0ccda8ca5a2e6382c05ca6321324c14b,delivered,2017-05-09 08:26:21,2017-05-09 08:35:16,2017-05-09 12:44:26,2017-05-11 12:52:54,2017-05-22,69.99,11.73,1,1,81.72,2,1,5.0,1.0,81332bd0a95775e25469d45e070b8e65,4401,sao paulo,SP,2.1851041666666666,12.648368055555556,0,81.72
e7d84e43b5d477e3b4a6fd6d90db1cac,6518928bd25682e50e13e7aa34695809,delivered,2017-05-09 08:33:21,2017-05-09 08:45:13,2017-05-09 15:57:30,2017-05-17 13:14:32,2017-06-05,54.9,14.13,1,1,69.03,6,1,5.0,1.0,4aafb9b8979660ba273b436d39de1255,22620,rio de janeiro,RJ,8.195266203703703,26.643506944444443,0,69.03
e7867b5ca3daf3a407198e08f3755781,0bb74a467a1245f6b6b53a78b72e35a3,delivered,2017-05-09 08:38:27,2017-05-11 04:15:17,2017-05-16 12:18:11,2017-05-23 13:31:13,2017-06-07,12.99,11.85,1,1,24.84,1,1,5.0,1.0,1181f63c18e3d0f7c0767ba05260da7a,15490,paulo de faria,SP,14.203310185185185,28.639965277777776,0,24.84
b2a04f1e9c3932855c266b1c8ba7b7c5,2c08cc5dfb684e0bb4d3846b3171f81b,delivered,2017-05-09 08:42:15,2017-05-09 08:55:14,2017-05-10 17:31:09,2017-05-19 10:55:52,2017-05-30,119.0,14.56,1,1,133.56,4,1,4.0,1.0,8ee658cd5f58524dca2fde700b44548b,85960,marechal candido rondon,PR,10.092789351851852,20.637326388888887,0,133.56
ff3753fe031ab5314a80e05249ecc275,709825052777ef639e8a2d7591e63a20,delivered,2017-05-09 09:22:58,2017-05-09 10:22:26,2017-05-11 13:55:46,2017-05-15 12:14:31,2017-06-05,136.9,17.4,1,1,154.3,10,1,5.0,1.0,96eb7dd5e1ac53c5ec3491022ec9f277,84350,ortigueira,PR,6.119131944444445,26.609050925925924,0,154.3
ae507059decacd2e46f7cc2966f3d14a,6cc2e40eace90bc96763f568bd106a6f,delivered,2017-05-09 09:28:56,2017-05-09 09:50:46,2017-05-09 14:14:18,2017-05-16 14:04:52,2017-06-01,89.0,14.37,1,1,103.37,8,1,5.0,1.0,04b090bfb11c279aeffeec7b476aaa2c,4254,sao paulo,SP,7.19162037037037,22.604907407407406,0,103.37
a1a601783c958327168e1009b0758984,71655ca61ab778759a241a1188d03d37,delivered,2017-05-09 09:32:59,2017-05-10 02:50:10,2017-05-10 15:49:48,2017-05-17 10:56:00,2017-06-01,1158.25,22.86,1,1,1181.11,1,1,3.0,1.0,bbf79cc2761d5dd29a99fcc49e00189e,84925,pinhalao,PR,8.057650462962963,22.60209490740741,0,1181.11
7200817edfaf24464cd06cc29bc40827,04e162861bf15f48b99ebcb1fbeedeef,delivered,2017-05-09 09:49:49,2017-05-10 02:50:34,2017-05-12 12:37:33,2017-05-17 14:44:54,2017-06-01,218.99,18.78,1,1,237.77,1,1,5.0,1.0,10c6bf65561674a31e4e1bd79cb8c1e0,95880,estrela,RS,8.204918981481482,22.590405092592594,0,237.77
b2d30dfaf7114de8ab3f737d062032fe,b498a2691a3bd3fcc7107cbdf3d5633a,delivered,2017-05-09 10:19:17,2017-05-10 02:50:18,2017-05-12 10:16:01,2017-05-24 15:04:42,2017-06-26,5.95,34.15,1,1,40.1,1,1,5.0,1.0,c5b5d779a0a9bc39e2d353566b29ee12,48602,paulo afonso,BA,15.198206018518519,47.56994212962963,0,40.1
dc6200aa38e0aedcfc581a09bba8c170,961e6433caf29ca532968cf0a62a99cd,delivered,2017-05-09 10:34:29,2017-05-11 04:02:54,2017-05-12 18:26:05,2017-05-22 10:12:21,2017-05-29,179.0,15.0,1,1,194.0,1,1,4.0,1.0,2845a101ca2142f49b55c790e9d93de4,13214,jundiai,SP,12.98462962962963,19.559386574074075,0,194.0
07e4ea9fe9fcc49b673d7d3197b5da23,2915d405d4b958edc2bdce19fc0df07f,delivered,2017-05-09 10:45:54,2017-05-09 10:55:17,2017-05-19 19:47:58,2017-05-25 11:04:12,2017-06-06,259.2,29.32,2,1,288.52,1,1,4.0,1.0,c15a9c69f715ed7787cd601d2075f525,22021,rio de janeiro,RJ,16.012708333333332,27.551458333333333,0,288.52
d67a40cc6237a8af06509f350a29b406,42c1ac3753be0c490aa5c797b5fd335f,delivered,2017-05-09 10:49:49,2017-05-09 11:02:24,2017-05-11 10:44:46,2017-05-17 10:34:00,2017-05-29,89.99,14.38,1,1,104.37,4,1,5.0,1.0,65b662991f68c14aead4e098a6727284,7172,guarulhos,SP,7.989016203703704,19.548738425925926,0,104.36999999999999
3dc511a6a370f41fa09b3fda8cb43185,563c9edb84368a0b4549c5fe109ea12b,delivered,2017-05-09 10:56:49,2017-05-10 11:02:36,2017-05-12 14:24:51,2017-05-16 15:20:37,2017-05-25,59.9,11.92,1,1,71.82,3,1,5.0,1.0,c828fe6a294e7fc4aff1453ff182e70c,5724,sao paulo,SP,7.183194444444444,15.543877314814814,0,71.82
d8c67af252d6fb9d0627101531bd3833,0f57e645cecf722b120603d0d6586f1a,delivered,2017-05-09 10:57:58,2017-05-11 04:05:17,2017-05-11 12:50:33,2017-05-18 11:40:06,2017-06-08,49.9,17.63,1,1,67.53,1,1,5.0,1.0,88ae68ab31b5edb14b51dea63e770cc6,60426,fortaleza,CE,9.029259259259259,29.543078703703703,0,67.53
d2d6e244e44e7731cbcbcc4d07921c85,f118d3eac2fbb3f21692540a853980d2,delivered,2017-05-09 11:02:03,2017-05-09 11:15:14,2017-05-15 08:47:58,2017-05-23 11:19:01,2017-06-05,72.0,32.22,2,1,104.22,3,1,5.0,1.0,ee7985f809751a8ee637210397d4868a,84500,irati,PR,14.011782407407408,26.540243055555557,0,104.22
ea8f9e7a24a256a3a8873cd07a35659c,427facb233cc4450b926f434f09df23b,delivered,2017-05-09 11:18:54,2017-05-10 02:50:17,2017-05-10 12:13:26,2017-05-17 10:56:01,2017-05-29,119.99,16.6,1,1,136.59,1,1,4.0,1.0,f11e6a19a6e30aa5318c472b19bea20e,28540,cordeiro,RJ,7.984108796296296,19.528541666666666,0,136.59
30cb9807736cf9827533cf34b10969d8,abc0fa957347a7c2e0e03ca51ba0d413,delivered,2017-05-09 11:20:30,2017-05-10 20:02:23,2017-05-19 09:33:08,2017-05-31 11:24:04,2017-06-13,1618.2,80.36,2,1,1698.56,1,1,3.0,1.0,aa1d9bb16c635762854fcd37dd575662,41810,salvador,BA,22.002476851851853,34.527430555555554,0,1698.56
5ee63c8c9ae2e5c38791b35932cf4c69,62f766c82849282806bf2f62ca86432e,delivered,2017-05-09 11:30:18,2017-05-09 11:45:13,2017-05-19 19:32:55,2017-05-29 08:13:56,2017-06-06,749.9399999999999,93.72,6,1,843.66,6,1,4.0,1.0,83aca63b2193ea126b287f3ae61528d9,89115,gaspar,SC,19.86363425925926,27.520625,0,843.66
1b882405b224816e178cb5b5cfef9519,e14ce3c6c6d5337363712edf760f3a4a,delivered,2017-05-09 11:35:21,2017-05-09 11:45:14,2017-05-09 13:16:41,2017-05-15 12:28:03,2017-05-31,29.0,14.1,1,1,43.1,2,1,4.0,1.0,565af81202a1fb8a9ffe282935381142,29122,vila velha,ES,6.036597222222222,21.517118055555557,0,43.1
ad48ecb306503a2b1707a029cc13a76c,7210b6a8ebad1b8ecb637c72f1f482c2,delivered,2017-05-09 11:39:21,2017-05-10 02:42:46,2017-05-11 12:37:57,2017-05-25 14:37:40,2017-06-08,22.99,25.63,1,1,48.62,1,1,4.0,1.0,b0ecafea73390cea9e4b6c6a8d7e8c14,63740,novo oriente,CE,16.12383101851852,29.514340277777777,0,48.62
fc0ab8cdbc2f9a64c50264d217e47114,bc9340424036e7a409f72b4628d55973,delivered,2017-05-09 12:22:51,2017-05-10 02:42:25,2017-05-10 11:23:39,2017-05-12 13:12:53,2017-05-29,57.99,17.66,1,1,75.65,1,1,5.0,1.0,c426399972becd38ce02dba6eb721980,38037,uberaba,MG,3.0347453703703704,19.484131944444446,0,75.65
e48f28e15158bd10b02972eae44c8e7e,84716102ab4d906f65136c89fca3f0c3,delivered,2017-05-09 12:33:38,2017-05-09 13:10:16,2017-05-19 19:32:55,2017-05-23 08:47:40,2017-05-25,249.98,37.18,2,1,287.16,1,1,4.0,1.0,1985ee4e25eee7fc657c6052e733c3d3,11060,santos,SP,13.843078703703704,15.476643518518518,0,287.15999999999997
7c749191ee3a17f34cbfcf6ddd2009ac,2f58942ce22a94bab8236b05f48b2ab9,delivered,2017-05-09 12:36:05,2017-05-10 06:35:31,2017-05-11 11:18:06,2017-05-15 12:52:34,2017-05-29,1199.9,34.72,1,1,1234.62,1,1,5.0,1.0,c114c44566c2d172b520bc3c8785ffdf,6785,taboao da serra,SP,6.011446759259259,19.47494212962963,0,1234.6200000000001
9dd89c2de0b200abf0a3d8119d9e3889,271e451957e108e5ff07598acd643d15,delivered,2017-05-09 12:44:14,2017-05-10 13:05:22,2017-05-10 14:56:58,2017-05-19 12:27:45,2017-05-31,54.9,17.95,1,1,72.85,7,1,4.0,1.0,6174c144feb4942ffc96c6a17aa40321,84600,uniao da vitoria,PR,9.98855324074074,21.46928240740741,0,72.85
2f48ebdc1794aeb862ea825214ef13b4,ad434552da755c6bd7891853096bfb7b,delivered,2017-05-09 12:44:35,2017-05-09 13:10:28,2017-05-11 10:36:51,2017-06-06 17:00:38,2017-06-07,59.95,15.17,1,1,75.12,2,1,1.0,1.0,115913d019289154e2f6cbe26ed8ae68,29101,vila velha,ES,28.1778125,28.46903935185185,0,75.12
73cfcda5215dcc0c2a5839f4ea320288,a5f535d75ecc62d3f397beb5802b5ce9,delivered,2017-05-09 13:02:10,2017-05-11 04:22:31,2017-05-11 12:02:36,2017-05-25 11:43:16,2017-05-31,125.55,17.32,1,1,142.87,1,1,4.0,1.0,6409891d2f62a574d0f9c98931554ee0,74810,goiania,GO,15.945208333333333,21.456828703703703,0,142.87
4b939b269e876343e876d466afcb69d1,0f28d0a2069593ae2c5ec29fc3800a72,delivered,2017-05-09 13:06:19,2017-05-09 13:22:20,2017-05-16 11:25:54,2017-05-22 16:23:56,2017-05-31,34.9,14.1,1,1,49.0,1,1,5.0,1.0,05eecdc8cf80e10dc84ce98e448fff8b,91350,porto alegre,RS,13.137233796296297,21.45394675925926,0,49.0
2a706f26985a0ee65dba057a050eac52,ff129bcf7cbcc3fedc69f441c0db6090,delivered,2017-05-09 13:17:23,2017-05-11 04:10:24,2017-05-11 12:14:47,2017-05-17 14:36:46,2017-05-29,79.9,21.05,1,1,100.95,1,1,4.0,1.0,47b77cadf8eba7c41d9658d0aa1e1115,38720,lagoa formosa,MG,8.055127314814815,19.446261574074075,0,100.95
db79668a5504403f129b4cf78d3b03c0,0122f471f8b583b4b8262a9ba5870e0e,delivered,2017-05-09 13:20:39,2017-05-09 13:35:09,2017-05-15 15:25:20,2017-05-26 10:29:46,2017-06-08,19.9,42.38,1,1,62.28,6,2,5.0,1.0,b8e48b22c967fa2ab9a6a4146329af11,58780,itaporanga,PB,16.88133101851852,29.443993055555556,0,62.28
c1a3f085dae6065e1cdff2df7d95d990,f961764b9600b0fd7ba8e43a21daae4d,delivered,2017-05-09 13:21:53,2017-05-09 13:31:22,2017-05-17 08:32:17,2017-05-25 10:13:56,2017-05-25,156.2,12.59,1,1,168.79,5,1,5.0,1.0,53b9f8c7f536e428d154bfaa075e23d5,11670,caraguatatuba,SP,15.869479166666666,15.443136574074074,1,168.79
749eb4902527dc1a8e81681cd9c1b016,45ad4b978561d9458629572c1f4feb7a,delivered,2017-05-09 13:46:55,2017-05-09 13:55:31,2017-05-12 12:23:53,2017-05-22 16:52:39,2017-05-29,29.9,16.11,1,1,46.01,1,1,5.0,1.0,130bb2919999f32b5c704fc3668d310d,19066,presidente prudente,SP,13.128981481481482,19.425752314814815,0,46.01
e4798e36e5f3fb9c75a695fdb0a2936a,4951c120d471e3e81f9c23fdf62e0f10,delivered,2017-05-09 13:49:02,2017-05-10 02:45:33,2017-05-10 10:57:21,2017-05-11 08:36:32,2017-05-17,22.9,8.27,1,1,31.17,1,1,5.0,1.0,70eef2ecaf5359dde34d2e405dffb93c,4715,sao paulo,SP,1.7829861111111112,7.424282407407407,0,31.169999999999998
b8cf888c89bf19c6b6483fa79b0b13bd,25af3eee6a8c3cde69480ef02f135957,delivered,2017-05-09 13:57:38,2017-05-09 14:10:11,2017-05-12 16:49:32,2017-05-22 12:16:44,2017-06-05,179.7,53.010000000000005,3,1,232.71,5,1,5.0,1.0,215e81304459427c1cc8a7390754a4c8,86060,londrina,PR,12.929930555555556,26.418310185185184,0,232.70999999999998
8e6c595509a4fd87ead753eb70ea8c9f,e74b599f018bb29d36c74ac36d1f6e4e,delivered,2017-05-09 13:59:29,2017-05-09 14:10:14,2017-05-11 06:24:52,2017-06-06 17:02:36,2017-06-01,119.9,23.84,2,1,143.74,1,1,5.0,1.0,432931be1222411c414eef89515b05b4,18703,avare,SP,28.127164351851853,22.417025462962965,1,143.74
468c8b5d4cee2be214b52f9602980779,452b4efdbe9336436e03596e054a65d7,delivered,2017-05-09 14:05:07,2017-05-11 04:05:24,2017-05-16 12:28:08,2017-05-22 09:37:50,2017-05-29,179.39999999999998,90.6,6,1,270.0,1,1,4.0,1.0,bdab0d95ab91d435bf79d62450d39644,37410,tres coracoes,MG,12.814386574074074,19.413113425925925,0,270.0
bb43688a01f21afcf24e7f05ce4e970b,bc27a4cff9ebcbd421f18a4381bfbe0f,delivered,2017-05-09 14:08:00,2017-05-09 14:22:22,2017-05-10 15:42:28,2017-05-17 14:46:46,2017-06-02,82.99,17.83,1,1,100.82,5,1,5.0,1.0,57975e1d408b3d718ec6d2282622f16f,72110,brasilia,DF,8.026921296296296,23.41111111111111,0,100.82
b26727a63ae58f7a0f901dd4f2653cd0,a2a2f4426885e3ee4df54503d1ea80c8,delivered,2017-05-09 14:21:21,2017-05-09 14:30:16,2017-05-12 11:49:57,2017-05-27 10:17:35,2017-06-12,69.9,25.77,1,1,95.67,1,1,4.0,1.0,ce7b5d4879aea885f31257253b1064be,60165,fortaleza,CE,17.830717592592592,33.40184027777778,0,95.67
649fa665ec97c1e0c786685fc3db9ba0,4a4f1dbbfa271ffdb1582b3c504b6385,delivered,2017-05-09 14:33:43,2017-05-11 04:22:40,2017-05-15 07:29:57,2017-05-22 08:46:38,2017-06-09,755.6,82.24,4,1,837.84,1,1,5.0,1.0,c169c9937db997a267f749cdd64c161f,80210,curitiba,PR,12.758969907407407,30.393252314814816,0,837.84
4e53579c0738eca6994241ff0b474dec,f11c865f25bdb3bee3e83d0d2737ece1,delivered,2017-05-09 14:38:00,2017-05-09 14:50:21,2017-05-12 14:07:36,2017-05-15 17:04:41,2017-05-17,139.9,24.54,1,1,164.44,8,1,5.0,1.0,355ae139c8a163fb77c065a2d1403ed9,13420,piracicaba,SP,6.101863425925926,7.3902777777777775,0,164.44
c36722bf525388104790764a7917ca07,c37e1557e41bd2262d75e5b12712720f,delivered,2017-05-09 14:38:16,2017-05-09 14:50:19,2017-05-10 09:25:47,2017-05-15 13:56:42,2017-05-31,46.86,16.79,1,1,63.65,2,1,5.0,1.0,22150fcbc6502f84488627e3257877db,20780,rio de janeiro,RJ,5.97113425925926,21.39009259259259,0,63.65
0647d9d193d898f2ff46c9e91a3c8c4b,10408208bd283f97071e63a15e1277fe,delivered,2017-05-09 14:41:10,2017-05-11 03:50:12,2017-05-15 07:41:45,2017-05-22 08:36:48,2017-06-09,755.6,82.24,4,1,837.84,1,1,5.0,1.0,c169c9937db997a267f749cdd64c161f,80210,curitiba,PR,12.746967592592593,30.388078703703705,0,837.84
794c69999774820e22c161f6dc4fef91,8e2c57611e09e143ec4ab76e38033bef,delivered,2017-05-09 14:46:34,2017-05-10 06:35:23,2017-05-29 14:55:15,2017-06-09 16:42:19,2017-06-21,2740.0,54.5,1,1,2794.5,1,1,2.0,1.0,030a810edeec1ceea314282513023587,75802,jatai,GO,31.080381944444444,42.3843287037037,0,2794.5
ac0bd3bcb4062dc7bfd025109df9e6e4,a42f35ccbfe49b036589334ed0d904fb,delivered,2017-05-09 14:58:25,2017-05-09 15:10:12,2017-05-10 15:50:03,2017-05-25 10:43:47,2017-06-08,26.69,42.38,1,1,69.07,6,1,5.0,1.0,011509f63f565e822767bfb89c3cf9b7,49020,aracaju,SE,15.823171296296296,29.37609953703704,0,69.07000000000001
f77e126a18d3f6d78bab9e393cf25a73,5863bb76ca9ee3075fc26943071fe556,delivered,2017-05-09 15:14:06,2017-05-10 06:35:25,2017-05-12 19:36:06,2017-05-18 16:27:32,2017-06-08,25.9,11.85,1,1,37.75,1,1,2.0,1.0,cc77ef7997c86d380d2cd5f6b4ca5f61,4432,sao paulo,SP,9.050995370370371,29.36520833333333,0,37.75
8c2ce23c23c5fb37140ee0a5462e4e53,9b17b89440b919ae4bc6faee3c8058bc,delivered,2017-05-09 15:19:43,2017-05-09 15:30:23,2017-05-10 14:24:57,2017-05-26 00:23:29,2017-06-02,89.0,17.06,1,1,106.06,1,1,4.0,1.0,388cbe464b788334e546297168f81e82,48601,paulo afonso,BA,16.37761574074074,23.36130787037037,0,106.06
419c1fa500ceff6a8d5ee78cf19d2a6d,97aa9c5cc26befddd36f8a548e8ba0f0,delivered,2017-05-09 15:22:24,2017-05-09 15:30:24,2017-05-09 15:58:15,2017-05-16 23:57:18,2017-05-29,119.99,18.09,1,1,138.08,1,1,5.0,1.0,705748b59cffa9d676c096f44a227476,5037,sao paulo,SP,7.357569444444445,19.359444444444446,0,138.07999999999998
2aab3a740da24c9c894d61330645464d,eb93503140aca4af3794c611805b35f2,delivered,2017-05-09 15:22:34,2017-05-09 16:42:35,2017-05-10 09:50:23,2017-05-15 08:37:57,2017-05-29,16.99,15.1,1,1,32.09,1,1,5.0,1.0,1ec6e5f5e1b3db61b2a2cd862d8038d2,4105,sao paulo,SP,5.719016203703704,19.359328703703703,0,32.089999999999996
1e80bd664bc120ddf4d789b7b9455e14,69a4bbdea1617578929bb426c99e1ea4,delivered,2017-05-09 15:29:51,2017-05-11 04:02:44,2017-05-17 13:51:46,2017-05-23 10:42:30,2017-06-06,196.6,85.78,2,1,282.38,1,1,5.0,1.0,336421b86cc4259a58106da261e0e000,22221,rio de janeiro,RJ,13.800451388888888,27.354270833333334,0,282.38
da1630ace2e5b7e69a1bbe87059a4286,1100a74fed2c76f3de1b25ada3a1ba82,delivered,2017-05-09 15:39:42,2017-05-11 04:02:50,2017-05-11 16:23:40,2017-05-24 09:38:56,2017-06-08,59.9,46.95,1,1,106.85,1,1,5.0,1.0,f8dfd6a66122269eaeb5205089f6f086,59775,messias targino,RN,14.749467592592593,29.347430555555555,0,106.85
8bd234ce8ee3bfc5da0cf859cd80e414,9b5efc166095e901a6d0ba70bf0cb80a,delivered,2017-05-09 15:44:24,2017-05-09 15:55:15,2017-05-10 11:24:38,2017-05-16 09:14:34,2017-05-26,51.9,12.49,1,1,64.39,1,1,3.0,1.0,20b3b30ddaf3a484be8af20013551037,37980,cassia,MG,6.729282407407408,16.344166666666666,0,64.39
6a105bd695a3bb07a67824cfe3dc263d,3a880b7d17a31a9db4c65931f8a7674c,delivered,2017-05-09 15:51:39,2017-05-09 16:02:28,2017-05-12 18:55:48,2017-05-24 16:34:07,2017-05-29,28.9,15.1,1,1,44.0,3,1,2.0,1.0,441ef65bdc1667da6112d382792bcff2,34710,sabara,MG,15.02949074074074,19.339131944444443,0,44.0
a9d514cec7786e74cf3b22b24b5562f7,632f6a3130e170ad74c54618b0a52fa3,delivered,2017-05-09 15:59:45,2017-05-09 16:15:17,2017-05-12 10:39:47,2017-05-19 16:05:58,2017-05-29,109.9,15.52,1,1,125.42,1,1,5.0,1.0,4bf595f17496ac8af412583acad4860b,35183,timoteo,MG,10.00431712962963,19.333506944444444,0,125.42
10428e01b7a60dc58baff4e4cf11a64c,d85bc5ec7cfb12b5327da0d2c14a4d5b,delivered,2017-05-09 16:14:47,2017-05-11 04:05:16,2017-05-22 12:34:44,2017-05-29 10:12:32,2017-06-08,132.01,42.95,1,1,174.96,1,1,5.0,1.0,45f3d2ee6b3d8b369e210ddbdb0c3af7,47802,barreiras,BA,19.7484375,29.323067129629628,0,174.95999999999998
8e1a937cfce33628e91656ee96f340fa,fdb83eafcca14a49c61835107e287d0d,delivered,2017-05-09 16:16:19,2017-05-10 16:25:18,2017-05-19 12:39:49,2017-06-06 15:08:51,2017-06-14,129.99,17.35,1,1,147.34,10,1,5.0,1.0,b91cf7ea5c7834e1bd2fb4685061d421,45605,itabuna,BA,27.95314814814815,35.32200231481482,0,147.34
d7223bda384121339a1417576984d28e,a1716f0881bb11bd5a3106a1033023f7,delivered,2017-05-09 16:27:41,2017-05-10 16:32:08,2017-05-12 13:37:04,2017-05-23 16:29:47,2017-06-05,449.0,43.53,1,1,492.53,10,1,5.0,1.0,5f1602fa1663ef4b6726cac5ad465de7,87240,terra boa,PR,14.001458333333334,26.314108796296296,0,492.53
ec7fe8ab2dc8752a229cd9a28a91bc57,3df3fcf0aee44c306ffc6e98b8643e3f,delivered,2017-05-09 16:33:36,2017-05-09 16:45:15,2017-05-12 11:49:55,2017-05-25 11:26:57,2017-05-31,39.8,30.2,2,1,70.0,6,1,3.0,1.0,c350801363d38ed9f5e24285c188d922,21330,rio de janeiro,RJ,15.78704861111111,21.31,0,70.0
9d75498fdac565fd0088b13e1fb8c504,7446ae9b7c1fd9519aa903d4fb16575a,delivered,2017-05-09 16:35:31,2017-05-09 16:45:33,2017-05-10 08:58:14,2017-05-22 09:36:44,2017-05-30,143.0,15.75,1,1,158.75,8,1,5.0,1.0,239da9ca794945dad5ab0d26a916d9ec,38190,sacramento,MG,12.70917824074074,20.308668981481482,0,158.75
4242575865a8c4d5919561538ad8c6a7,5489d432eade5ee72322ecbddcafcd05,delivered,2017-05-09 16:54:53,2017-05-10 02:50:25,2017-05-11 16:14:59,2017-05-21 13:33:49,2017-05-26,89.9,12.13,1,1,102.03,1,1,5.0,1.0,5fc1e59a07212b7005468f6e080d667c,9290,santo andre,SP,11.86037037037037,16.295219907407407,0,102.03
04bd525b12a75a2a6fafd26414588301,cfd6d3b7873694cf0b8b35a3fd00d504,delivered,2017-05-09 16:58:34,2017-05-09 17:10:08,2017-05-10 14:36:55,2017-05-18 07:57:49,2017-05-29,69.9,15.24,1,1,85.14,3,1,5.0,1.0,6a800c203f302b10693e7b18f4d92358,28695,papucaia,RJ,8.624479166666667,19.292662037037037,0,85.14
d029aed4c68bfb0519211c6971b4b82b,5382d8167498d3069894e3d32430639a,delivered,2017-05-09 17:11:37,2017-05-11 03:50:19,2017-05-16 11:56:03,2017-05-19 17:04:21,2017-05-31,134.9,18.19,1,1,153.09,1,1,4.0,1.0,c8dbfbb4a47a215d79659c927e786a58,94836,alvorada,RS,9.994953703703704,21.283599537037038,0,153.09
8b9fde773dec0dfd4be4beaa1ada46bf,423965f22b33357d0524d6942429cb0a,delivered,2017-05-09 17:16:41,2017-05-09 17:25:16,2017-05-16 11:26:50,2017-05-22 10:24:32,2017-05-17,19.9,7.78,1,1,27.68,1,2,2.0,1.0,ce0bce48f4c0265cda9341de0f032932,8790,mogi das cruzes,SP,12.713784722222222,7.280081018518518,1,27.68
22fa8082b517d09f9120e84f11fbf3bd,53e8ebe090be91e51e6dbb3f0d191ba5,delivered,2017-05-09 17:19:12,2017-05-09 17:30:24,2017-05-12 19:36:07,2017-05-18 08:15:46,2017-06-08,27.4,11.85,1,1,39.25,1,1,5.0,1.0,cbebce165db72a2bfba9e81a3411bdf7,1321,sao paulo,SP,8.622615740740741,29.278333333333332,0,39.25
e0a341e9f5a2c4c054ef1f49f6836414,7dd0db78c015461ce1f44b90b04fa969,delivered,2017-05-09 17:21:09,2017-05-09 17:30:24,2017-05-10 11:25:59,2017-05-16 14:52:15,2017-05-31,15.99,14.1,1,1,30.09,1,1,1.0,1.0,ea469a0171091a5488127d97decab485,90420,porto alegre,RS,6.896597222222222,21.276979166666667,0,30.09
8238c8981751f59176cb33a393282ae4,5eede8ea10ae483cfbe88a8e4be22b03,delivered,2017-05-09 17:35:02,2017-05-09 17:45:18,2017-05-15 16:01:15,2017-05-24 17:18:08,2017-06-06,163.12,36.28,2,1,199.4,2,1,1.0,1.0,91f3a63e7a6e55e11f8a41dea6bb0505,44600,ipira,BA,14.98826388888889,27.267337962962962,0,199.4
c48e0c0045493baca42f6350289f1470,5660a2b24ae2f9e6a4f8d8c393ef408a,delivered,2017-05-09 17:35:37,2017-05-09 17:45:19,2017-05-10 11:23:42,2017-05-16 19:58:05,2017-05-29,69.99,17.74,1,1,87.73,2,1,5.0,1.0,6ebb70bb5d1b3228e8aa44b762aa4971,38741,patrocinio,MG,7.098935185185185,19.266932870370372,0,87.72999999999999
a8aa2cd070eeac7e4368cae3d8222e2b,2c5519c36277c3f69df911c68cc97e50,delivered,2017-05-09 17:42:45,2017-05-09 17:55:15,2017-05-10 15:30:08,2017-05-16 23:22:20,2017-05-18,219.9,9.73,1,1,229.63,3,1,5.0,1.0,2ee0d7587a1a04de482c6211ea2988bc,5596,sao paulo,SP,7.2358217592592595,8.261979166666666,0,229.63
814f83a0c457db5d3220e5e7367a944d,0d45bdea2b7f24d31d6d7da7a8c12d0d,delivered,2017-05-09 17:54:17,2017-05-09 18:10:09,2017-05-11 12:28:34,2017-05-17 06:51:59,2017-05-29,79.9,14.31,1,1,94.21,4,1,5.0,1.0,b8675e46655f71c128a083ff4152d39a,26554,mesquita,RJ,7.540069444444445,19.253969907407406,0,94.21000000000001
be879f757debd3b384b540daa6ddd97e,eb3d995301c320683de629f5b4dd0c78,delivered,2017-05-09 18:03:35,2017-05-10 02:45:26,2017-05-11 09:32:35,2017-05-18 11:14:05,2017-06-01,258.99,20.05,1,1,279.04,1,1,5.0,1.0,c79bea603fab0001ff7ae295b107888b,81480,curitiba,PR,8.715625,22.247511574074075,0,279.04
5cf62f9c757b9bc80a12ffe293efa0ac,dbccc3a5b4b250d8924a3ae91c89852d,delivered,2017-05-09 18:22:48,2017-05-11 04:22:39,2017-05-11 11:57:04,2017-05-20 10:52:48,2017-05-29,185.81,17.06,1,1,202.87,1,1,5.0,1.0,b16784e495591a8f32fd73cb7da89675,13331,indaiatuba,SP,10.6875,19.234166666666667,0,202.87
b4c254669bc6861dd75db0886ad8bf97,aa7952d8d899ac673b521d68423423fc,delivered,2017-05-09 18:24:41,2017-05-09 18:35:16,2017-05-12 12:37:34,2017-05-22 15:56:34,2017-05-29,28.7,15.1,1,1,43.8,1,1,1.0,1.0,4abad4bbcba83ec9d1ec67a50610c9ca,2929,sao paulo,SP,12.897141203703704,19.232858796296295,0,43.8
b8817cf40f8cf861cbe022a3b0c61893,9882a8996f125bb658ee48be22c022c6,delivered,2017-05-09 18:31:27,2017-05-09 18:45:16,2017-05-10 11:23:40,2017-05-24 11:47:47,2017-06-06,125.98,37.36,2,1,163.34,5,1,5.0,1.0,effbcd5686486e99ce71e00e0087e8d2,42804,camacari,BA,14.719675925925927,27.228159722222223,0,163.34
7daec439cb159736ea49ba99f31b80dd,cb5335826b0ab39de2c0fcc6f6e3d7d1,delivered,2017-05-09 18:38:24,2017-05-09 18:50:12,2017-05-10 11:55:19,2017-05-15 06:39:37,2017-05-29,49.9,17.6,1,1,67.5,6,1,5.0,1.0,17edcf1332227a04be5ee81262f0757e,6767,taboao da serra,SP,5.500844907407408,19.223333333333333,0,67.5
f00e76913de005d1e688bde18d970dff,242f5e8e3ca7e44f1f2f503946748b6d,delivered,2017-05-09 18:59:14,2017-05-10 06:35:29,2017-05-30 06:57:58,2017-06-06 17:28:02,2017-05-29,42.99,14.1,1,1,57.09,1,1,3.0,1.0,be090b890480d4e78f88e844fa68050e,22770,rio de janeiro,RJ,27.936666666666667,19.20886574074074,1,57.09
04915529f622f4b069fb4501085fd905,9112f67cff437f03c7617e0b7a72846c,delivered,2017-05-09 18:59:16,2017-05-10 15:02:30,2017-05-12 14:30:26,2017-05-13 10:22:04,2017-05-17,92.89,15.559999999999999,2,1,108.45,1,2,5.0,1.0,fd037201e479226546635251e9e5d519,3521,sao paulo,SP,3.640833333333333,7.2088425925925925,0,108.45
e53c0c4f98222c1309a9903077858166,ebb4bbbdfc885e78481d17c9f5ff3f85,delivered,2017-05-09 19:24:35,2017-05-11 04:22:33,2017-05-11 13:33:54,2017-05-20 11:43:53,2017-05-29,46.99,16.11,1,1,63.1,1,1,5.0,1.0,fd84876f95aaf85b74d38b8c94e60e7b,20260,rio de janeiro,RJ,10.680069444444445,19.191261574074073,0,63.1
9f47e04f95b2bba1442d5bbf0611733e,ed6d5239528458c1a45a3b15105ea27e,delivered,2017-05-09 19:28:46,2017-05-09 19:42:28,2017-05-16 15:36:22,2017-05-17 10:42:04,2017-05-25,49.9,11.85,1,1,66.79,6,1,5.0,1.0,836713957002e55fe78f04567a7823b1,7500,santa isabel,SP,7.634236111111111,15.188356481481481,0,61.75
d70b7dce9b527096fbd9e4d0e54ab451,e3a899173e31bdf2f8f721a58cfbc0bf,delivered,2017-05-09 20:21:33,2017-05-11 03:56:10,2017-05-11 10:39:02,2017-06-05 15:32:42,2017-06-09,74.99,35.84,1,1,110.83,1,1,4.0,1.0,9a52192549350390821ea7db1a77b63c,65036,sao luis,MA,26.799409722222222,30.15170138888889,0,110.83
364d9bdfd849c1092558945df309c280,6cda1d04141717b4d21a31c101d1414c,delivered,2017-05-09 20:24:50,2017-05-09 20:42:20,2017-05-10 13:23:01,2017-05-11 10:04:55,2017-05-17,37.98,15.56,2,1,53.54,1,1,5.0,1.0,2b13d1a22b8354071b464d3ec28d7e6a,2128,sao paulo,SP,1.5695023148148148,7.149421296296296,0,53.54
8349ea058481bb2cd229288e7e1a9055,47d251314584bda53f70e982b513e90e,delivered,2017-05-09 20:29:15,2017-05-09 20:42:20,2017-05-11 12:14:53,2017-05-20 13:04:09,2017-06-06,259.9,80.59,1,1,340.49,10,1,3.0,1.0,52a1db3377daa828468f007600e81cdf,40313,salvador,BA,10.690902777777778,27.146354166666665,0,340.49
417530b1f1b63eccef9e9a975a5c9a45,cc1c7dd9bad8239fef33da83dd813f3a,delivered,2017-05-09 20:30:44,2017-05-11 04:10:13,2017-05-12 14:10:53,2017-05-19 10:06:50,2017-07-17,59.9,17.99,1,1,77.89,1,1,5.0,1.0,f9ee361ad3915beb49282031641143df,89900,sao miguel do oeste,SC,9.566736111111112,68.14532407407407,0,77.89
18c997e8b15aae56ff3f0e3594c29170,184d1953627db66318acc74d30ff1721,delivered,2017-05-09 20:41:48,2017-05-09 20:50:20,2017-05-10 11:25:55,2017-05-16 12:18:17,2017-05-29,37.99,14.1,1,1,52.09,1,1,4.0,1.0,d47ff3dc26a025c9bec3d4f5cc32dd83,23085,rio de janeiro,RJ,6.650335648148148,19.13763888888889,0,52.09
10c320f977c6a18f91b2d14be13128c6,b673f0597cb0c4d12778f731045f361a,delivered,2017-05-09 20:48:59,2017-05-09 21:02:45,2017-05-10 11:22:15,2017-05-18 13:22:35,2017-06-01,110.99,21.27,1,1,132.26,3,1,3.0,1.0,04e495a3f45df8b41be2e934bbc16961,94055,gravatai,RS,8.69,22.132650462962964,0,132.26
296718c4d86a4e84c6bfd2e1fecfcb60,5f973aee835a2530aa1e1dd3bc7e3a52,delivered,2017-05-09 20:49:48,2017-05-10 02:45:35,2017-05-11 08:58:22,2017-05-31 08:34:18,2017-06-08,61.9,18.0,1,1,79.9,1,1,4.0,1.0,e9b0e3dd8bf7b96595031953b29e811c,45077,vitoria da conquista,BA,21.48923611111111,29.132083333333334,0,79.9
d3af2af4c9e5b37fbf3379cfd6d45b01,f5ef1d61f9b1189ae6575725718fe8b1,delivered,2017-05-09 20:50:26,2017-05-09 21:02:49,2017-05-17 11:07:55,2017-05-18 08:59:51,2017-05-17,73.99,8.72,1,1,82.71,4,1,4.0,1.0,f94cd464313781bd6cbb5a4319770573,4807,sao paulo,SP,8.506539351851853,7.131643518518518,1,82.71
34080c138f92d6ea70448a0403b25d00,74275e53bf0e6630c489f669cb3a8b61,delivered,2017-05-09 20:53:08,2017-05-09 21:02:48,2017-05-10 10:58:52,2017-05-23 06:27:37,2017-05-29,109.99,21.26,1,1,131.25,10,1,4.0,2.0,edad523b8df75c253d0af483fd87df54,35162,ipatinga,MG,13.398946759259259,19.129768518518517,0,131.25
a50baa42994364594f0a002918035aeb,8f80eddc73b9b5abd87ce7a45d829b8f,delivered,2017-05-09 20:57:22,2017-05-10 02:45:11,2017-05-12 13:57:38,2017-05-20 08:29:49,2017-05-31,109.9,36.43,1,1,146.33,1,1,5.0,1.0,1e8b70cce882badaff158c24c2b9eb24,90020,porto alegre,RS,10.480868055555556,21.126828703703705,0,146.33
decda04552d09fe71067557257928aaa,e6bd255da0a07c694653496c5c30c7ed,delivered,2017-05-09 21:09:48,2017-05-09 21:22:29,2017-05-16 14:49:55,2017-05-18 09:39:56,2017-05-25,129.9,13.93,1,1,143.83,3,1,5.0,1.0,c111ead1343db11cbd2bea3c24a0c9ae,2407,sao paulo,SP,8.520925925925926,15.118194444444445,0,143.83
4f798d08a26169482935550e67126382,eec6ac37b5e2ee144615361f466cb0cf,delivered,2017-05-09 21:15:21,2017-05-09 21:25:26,2017-05-10 11:29:46,2017-05-15 15:48:03,2017-05-25,94.9,12.16,1,1,107.06,1,1,5.0,1.0,318275d43f420cc9f44439fe015fc10d,13902,amparo,SP,5.772708333333333,15.114340277777778,0,107.06
49f6f4d206c26f0d3ac78e343ac619d7,504c02c15eb920cfb1752ca9da131257,delivered,2017-05-09 21:18:52,2017-05-09 21:33:01,2017-05-15 10:37:47,2017-05-21 06:42:51,2017-06-02,59.33,17.7,1,1,77.03,2,1,5.0,1.0,9a550659c108d8c30a3a2604b193f625,9682,sao bernardo do campo,SP,11.391655092592593,23.11189814814815,0,77.03
278d8871aa19200fc6947eaaeaba473f,aa86e8a287d4668dfd4665eb022c0c03,delivered,2017-05-09 21:27:28,2017-05-09 21:42:39,2017-05-10 10:55:11,2017-05-16 13:58:54,2017-06-07,59.99,17.67,1,1,77.66,2,1,4.0,1.0,2a767cc64910d05e2d6456aeb8fe55b0,96205,rio grande,RS,6.6884953703703705,28.105925925925927,0,77.66
9d2341ec61f7661d4b85708d835034f4,241f18344fc37a0b96f497e91cc0f7d5,delivered,2017-05-09 21:34:49,2017-05-09 21:45:15,2017-05-11 11:05:22,2017-05-17 11:03:27,2017-05-29,209.9,32.22,1,1,242.12,5,1,3.0,1.0,2a36b3e6b953c4dd0d0b09fcb0345fb6,19801,assis,SP,7.561550925925926,19.100821759259258,0,242.12
767f188a65e841e610f8a69e129fbdea,32e4cf48b6e69f385da77b75acdf4c6b,delivered,2017-05-09 21:43:41,2017-05-09 21:55:21,2017-05-16 11:36:26,2017-05-25 12:13:05,2017-05-29,39.9,15.1,1,1,55.0,1,1,4.0,1.0,53b774f1b652490a6363179b5ae52ee4,38610,unai,MG,15.60375,19.09466435185185,0,55.0
8413ac0b09301d03b78adeca5840866f,b6ff5a99f18bc4da7753ab8659c829df,delivered,2017-05-09 21:45:55,2017-05-09 21:55:24,2017-05-16 11:26:47,2017-05-19 09:23:46,2017-05-29,18.99,15.1,1,1,34.09,1,2,1.0,1.0,5f9acccf19a533ac36c79bc80309893a,89066,blumenau,SC,9.484618055555556,19.093113425925925,0,34.089999999999996
45a6db7c0c90c420e4659ae681f7e761,37ae206bb3c1fb4f09b26efdfea782a6,delivered,2017-05-09 22:05:09,2017-05-09 22:22:48,2017-05-10 15:30:08,2017-05-15 11:24:41,2017-05-26,219.9,13.04,1,1,232.94,3,1,5.0,1.0,f76e008f92f0fea80b3d30be49945788,13630,pirassununga,SP,5.555231481481481,16.079756944444444,0,232.94
a8d99215828518af1468d99834d91e9f,c206e6f4294cc8497a079fc15e27cc31,delivered,2017-05-09 22:14:40,2017-05-09 22:25:10,2017-05-18 10:00:28,2017-05-23 10:58:42,2017-06-06,229.99,54.21,1,1,284.2,10,1,5.0,1.0,e34c56da9aac39ebc70662c7f4314937,27966,macae,RJ,13.530578703703704,27.07314814814815,0,284.2
788e7378d74502a8c60a80b6c66552b9,808c3ef691a670d41d1e3ade30740cb8,delivered,2017-05-09 22:20:15,2017-05-09 23:15:19,2017-05-16 09:17:48,2017-05-18 08:35:38,2017-05-25,120.0,12.34,1,1,132.34,1,1,5.0,1.0,bcb28b30f734df53722b6bcc4ea0c521,1531,sao paulo,SP,8.427349537037037,15.069270833333333,0,132.34
45234e26d8f4a497d57ba385398874f8,fa6b7d959dd8416e151eee8db7a008c6,delivered,2017-05-09 22:22:40,2017-05-11 04:05:22,2017-05-11 09:44:54,2017-05-16 12:14:08,2017-06-08,199.99,29.8,1,1,229.79,1,1,5.0,1.0,22f991135d9f17735cabc8104f7657c9,56280,araripina,PE,6.577407407407407,29.067592592592593,0,229.79000000000002
500497099772fef25f1c6fe433ce0f8d,99bef1df3bc670cf9f4def0f9c371fe2,delivered,2017-05-09 22:24:03,2017-05-09 22:35:26,2017-05-17 10:44:12,2017-05-24 10:24:01,2017-05-25,24.9,11.85,1,1,36.75,1,1,4.0,1.0,da35742c46291cee09a5feea6c2d284a,15130,mirassol,SP,14.499976851851851,15.066631944444444,0,36.75
085c76ec2a854d66417d0dddc622adb0,46cba3072f7ba5816dfcf09245ae676d,delivered,2017-05-09 22:29:06,2017-05-11 04:22:38,2017-05-19 17:08:00,2017-05-31 17:12:53,2017-05-29,40.99,15.1,1,1,56.09,1,1,5.0,1.0,df4b3907034de61afb0a33cf4cf97610,36880,muriae,MG,21.78040509259259,19.063125,1,56.09
a3115f34be015286911b92beba41be5f,4c98afa4ca10e1d85ddf126c0c19834b,delivered,2017-05-09 22:33:27,2017-05-09 22:42:32,2017-05-11 13:55:42,2017-05-16 16:34:29,2017-05-31,281.9,18.41,1,1,300.31,4,1,5.0,1.0,c95f90d982a990f7db59285b6d97fb2a,75180,silvania,GO,6.750717592592593,21.060104166666665,0,300.31
431a4888e53cb066a60108014f340221,e7a9e21addb648f463711dc6c0370a6b,delivered,2017-05-09 22:37:55,2017-05-09 22:50:13,2017-05-11 15:03:52,2017-05-19 09:38:36,2017-06-08,249.9,99.97,1,1,349.87,3,1,5.0,1.0,38a5990787fc8e541bc372039c2ad8b2,67200,marituba,PA,9.45880787037037,29.057002314814813,0,349.87
6a561b1f3b2ed85c05e55494271c7061,c116f2069fcf54d5e5d4864cc29f628a,delivered,2017-05-09 22:42:23,2017-05-11 03:55:16,2017-05-11 16:15:00,2017-05-18 16:15:00,2017-05-25,69.9,12.83,1,1,82.73,1,1,5.0,1.0,2a7c99cd9f9eaf9822451457f1fcba32,18300,capao bonito,SP,8.730983796296297,15.053900462962963,0,82.73
6bf03fb2e1bfba95e698287241ad732d,96231a91505acf8d633d5f6908d35605,delivered,2017-05-09 22:51:54,2017-05-09 23:02:41,2017-05-10 14:24:58,2017-05-15 09:24:38,2017-05-29,69.0,14.23,1,1,83.23,1,1,4.0,1.0,71c58647afee70d3f1c5eea5610a03e7,22220,rio de janeiro,RJ,5.439398148148148,19.047291666666666,0,83.23
0b0bf8f9977e22517521efeefa4b7a27,70853b66bdc999fa3b86d867d34ab156,delivered,2017-05-09 22:58:25,2017-05-09 23:10:18,2017-05-16 16:04:20,2017-05-24 14:13:31,2017-05-29,146.0,21.51,1,1,167.51,10,1,3.0,1.0,4e14d40f37f04e342f949ecd444a10b8,35162,ipatinga,MG,14.635486111111112,19.042766203703703,0,167.51
3908808de1bc14e2592cbdd80fd41729,211b6b842344829a0e56b92942cd83c9,delivered,2017-05-09 23:03:41,2017-05-09 23:10:23,2017-05-11 12:19:48,2017-05-18 12:36:43,2017-05-29,54.9,15.13,1,1,70.03,2,1,5.0,1.0,c0eb233d5c837f1f558e8ec36bbaa707,38610,unai,MG,8.564606481481482,19.039108796296297,0,70.03
2f54d4ac9b0df5774cfa7c1250c4750a,d08717fc91b18c634354b87fc2ded2f7,delivered,2017-05-09 23:09:43,2017-05-09 23:22:28,2017-05-15 14:04:22,2017-05-18 10:54:05,2017-05-29,13.98,14.1,1,1,28.08,2,1,5.0,1.0,231b63b9780f442e2275d63ac0d5f49a,23050,rio de janeiro,RJ,8.48914351851852,19.034918981481482,0,28.08
c7d334c62c1af62c782895cd62d61237,3aa2122cf8201703c33e7e09e043a243,delivered,2017-05-09 23:16:25,2017-05-09 23:42:25,2017-05-13 11:09:42,2017-05-23 17:53:56,2017-06-27,259.9,15.57,1,1,275.47,6,1,5.0,1.0,58498d9dec038f925f6406ebdfdc36bb,22793,rio de janeiro,RJ,13.77605324074074,48.030266203703704,0,275.46999999999997
f23cbffef931c76fb5231f8b292d457d,b884055664707073d218e5faa9c10f8f,delivered,2017-05-09 23:19:29,2017-05-09 23:30:20,2017-05-10 12:39:35,2017-05-26 19:38:38,2017-06-06,59.99,16.99,1,1,76.98,7,1,5.0,1.0,15d9bdf301a6b7bad7c9feda901d0de3,41340,salvador,BA,16.846631944444443,27.028136574074075,0,76.98
bdd235f0cec5fc3c21249b12446542c7,a36a736c8e0286e11a01c4dc3f35dbc7,delivered,2017-05-09 23:22:43,2017-05-11 03:50:13,2017-05-11 14:44:44,2017-05-23 06:25:56,2017-05-31,449.9,17.9,1,1,467.8,1,1,5.0,1.0,8489eb4021645bb65c1331f4be2e61b5,96211,rio grande,RS,13.293900462962963,21.025891203703704,0,467.79999999999995
c913d38589fa350791d4d89dec949c4a,096e87e7d0425ddc6bfe0e3473ed43e4,delivered,2017-05-09 23:31:05,2017-05-09 23:42:32,2017-05-11 10:22:21,2017-05-15 11:54:07,2017-05-25,34.99,12.48,1,1,47.47,1,1,5.0,1.0,0430815838853d88dd12f38611b8646a,96202,rio grande,RS,5.51599537037037,15.02008101851852,0,47.47
09efb7cd51fbc54c89edb7aff4a3f637,1c01334ffe1191d82c8d8e91932c5070,delivered,2017-05-09 23:38:35,2017-05-14 21:31:38,2017-05-16 10:30:35,2017-05-22 15:09:54,2017-05-29,99.99,15.46,1,1,115.45,3,1,4.0,1.0,8b071492904201b500fd79962f197043,32220,contagem,MG,12.646747685185185,19.014872685185185,0,115.44999999999999
1a63c19c8d289d696b2be1e4208eecf5,8921e13b140c42dec5109ed446554df6,delivered,2017-05-09 23:48:07,2017-05-10 01:25:23,2017-05-11 13:55:36,2017-05-29 11:23:49,2017-06-08,110.0,26.05,1,1,136.05,8,1,4.0,1.0,c6ee247499e7f1a36326926ac3b78265,63640,independencia,CE,19.483125,29.008252314814815,0,136.05
847895ff42365e8959cdf2ef63afb847,910a3a50acd58e3d700e8e0860524a42,delivered,2017-05-10 00:18:20,2017-05-10 01:25:22,2017-05-11 13:43:37,2017-05-19 13:19:56,2017-05-30,18.99,15.1,1,1,34.09,3,1,4.0,1.0,75825d106dcac42b4ca1c91000b6e0eb,35501,divinopolis,MG,9.542777777777777,19.98726851851852,0,34.089999999999996
79703330f9510623f0ef157d661011c5,4d47256b68384c4d94ab6f64b0b25e0a,delivered,2017-05-10 00:19:05,2017-05-10 01:25:15,2017-05-10 13:39:50,2017-05-12 10:37:55,2017-05-29,19.9,11.85,1,1,31.75,3,1,3.0,1.0,cf8ab18d79df5b9a7707e972e77c460c,11440,guaruja,SP,2.4297453703703704,18.986747685185186,0,31.75
49c0586d77735f8fdc96c83dd76ac808,c0fe20e105ef2b292a69762bcdd42308,delivered,2017-05-10 00:21:17,2017-05-10 01:25:42,2017-05-11 12:28:39,2017-05-12 16:48:00,2017-05-18,32.9,8.72,1,1,41.62,2,1,5.0,1.0,57a9298f4d37c4d86dcc49c1374be81f,5303,sao paulo,SP,2.6852199074074075,7.985219907407408,0,41.62
b194904b5bf02c6fc117d73c33cbb728,02bfeafb0e3047092c4191501c41d930,delivered,2017-05-10 00:37:53,2017-05-10 01:25:20,2017-05-10 14:33:47,2017-05-15 10:53:11,2017-05-29,54.0,11.88,1,1,65.88,1,1,5.0,1.0,8718acf42b0898402b83ff569c9c04db,1525,sao paulo,SP,5.427291666666667,18.97369212962963,0,65.88
cb837ba275cf8ffa9ded7e18f7743b49,e8d5a2b4873087880e7b934ec1c8f1f6,delivered,2017-05-10 04:12:20,2017-05-11 04:15:18,2017-05-17 12:56:43,2017-05-22 20:35:54,2017-05-18,77.98,23.46,2,1,101.44,1,1,1.0,1.0,9a90cd8eb50ab8bc5f3539a08aa2c3ea,1325,sao paulo,SP,12.683032407407408,7.8247685185185185,1,101.44
011a56023faf5bbb9af634e20a85f7bc,cd321431eb241e989d200c78d0a4bfc4,delivered,2017-05-10 06:54:05,2017-05-10 07:05:09,2017-05-10 12:09:28,2017-05-18 12:48:08,2017-06-01,120.0,17.28,1,1,137.28,6,1,5.0,1.0,1af28a3c717ee367ac8e4ed5e03d21ad,39401,montes claros,MG,8.245868055555556,21.71244212962963,0,137.28
02b7e7c49710de373ce4bb83fd4bf81d,958a6f45092caf24c9c986aae8324cae,delivered,2017-05-10 07:27:24,2017-05-10 07:35:07,2017-05-11 12:39:58,2017-05-17 13:05:47,2017-05-26,53.9,13.4,1,1,67.3,2,1,5.0,1.0,c2f70b70cc6c043ca2f6ac87c0510fac,85892,santa helena,PR,7.234988425925926,15.689305555555556,0,67.3
d92888ccf9b2ae4399868e099fadf925,bee435248d11a6284cbf0ec8f96fd581,delivered,2017-05-10 07:45:17,2017-05-11 03:50:20,2017-05-12 10:41:17,2017-05-23 08:03:23,2017-06-01,25.99,15.1,1,1,41.09,1,1,5.0,1.0,349f354a452196ee541d88ec176b5de0,97037,santa maria,RS,13.012569444444445,21.676886574074075,0,41.089999999999996
71cb873fdd4adf163236f26b9dd7cafd,797c7ed6570cd77d6817390a0fad145d,delivered,2017-05-10 08:00:37,2017-05-11 04:10:17,2017-05-11 16:14:59,2017-05-18 12:49:36,2017-05-30,69.9,16.25,1,1,86.15,1,1,5.0,1.0,827fdd596357a7b8a353cfddcfe94bf7,83255,pontal do parana,PR,8.20068287037037,19.666238425925926,0,86.15
4976a4c9fcf6609b9ed1306e5e105905,8d016805442139daec3d78e2fc0ccd26,delivered,2017-05-10 08:02:44,2017-05-11 04:22:37,2017-05-11 14:51:40,2017-05-18 13:42:27,2017-05-30,109.9,15.52,1,1,125.42,1,1,5.0,1.0,5ce19d4ddb79a57ac1b98592af55ceb3,12327,jacarei,SP,8.235914351851852,19.664768518518517,0,125.42
755a429b14b766d9804739faa9ff4783,453cabb96a2b3a938cb8400ffdaf668b,delivered,2017-05-10 08:06:25,2017-05-12 02:45:05,2017-05-12 09:21:42,2017-05-17 17:14:27,2017-05-30,208.9,18.71,1,1,227.61,1,1,5.0,1.0,3e929a60d3f6a4c02433f8084b7b5026,81630,curitiba,PR,7.380578703703704,19.662210648148147,0,227.61
157de1652c032429a625d034be79eeeb,ff09fd7b29e7488a8d8a20badcd8befe,delivered,2017-05-10 09:00:07,2017-05-10 09:10:18,2017-05-15 10:06:54,2017-05-22 16:47:57,2017-06-01,24.99,14.1,1,1,39.09,3,1,5.0,2.0,8c21dd8c37144807c601f99f2a209dfb,72587,brasilia,DF,12.324884259259258,21.624918981481482,0,39.089999999999996
222fd80282b4b53ba4affcabaaea6b31,7d2e9de299e7087ef52d931eae2f2345,delivered,2017-05-10 09:00:07,2017-05-10 09:10:17,2017-05-12 08:43:28,2017-05-22 13:39:38,2017-06-07,659.9,53.69,2,2,713.59,7,1,5.0,1.0,8c21dd8c37144807c601f99f2a209dfb,72587,brasilia,DF,12.194108796296296,27.624918981481482,0,713.5899999999999
5f05bbaff4caf46b6a0f6b4b4db85392,19e73590fcf381227b1cd26efb6fffca,delivered,2017-05-10 09:11:05,2017-05-10 09:25:11,2017-05-11 12:28:32,2017-05-16 17:03:31,2017-05-23,34.9,8.72,1,1,43.62,1,1,5.0,1.0,e2339b9187e90ab591f7b72af7dfba7f,1427,sao paulo,SP,6.328078703703704,12.61730324074074,0,43.62
66797603772acb9fffb18082921fd797,8a52b433e49050cd4ec16ab27b93de9b,delivered,2017-05-10 09:42:14,2017-05-10 09:55:17,2017-05-16 16:46:17,2017-05-22 15:36:05,2017-05-30,35.9,15.1,1,1,51.0,1,1,4.0,1.0,e51394168cff8655be98c5fc47d9ebf0,13972,itapira,SP,12.245729166666667,19.595671296296295,0,51.0
cb00f9d32f51bf65823f130e9c146173,2948885b537e10c5528a990dcfd4bd24,delivered,2017-05-10 09:47:59,2017-05-10 10:02:04,2017-05-12 09:25:58,2017-05-23 06:22:08,2017-05-31,56.99,15.15,1,1,72.14,1,1,5.0,1.0,9777516535b7c34a54f8d3108a05ee42,35170,coronel fabriciano,MG,12.85704861111111,20.59167824074074,0,72.14
b02cdf25c3ec98d2a8c9c0906981e3af,6615759e7bae7a443a7f45937dbbb819,delivered,2017-05-10 10:11:07,2017-05-11 03:55:13,2017-05-12 08:37:31,2017-05-23 13:21:44,2017-06-02,89.9,15.38,1,1,105.28,1,1,1.0,1.0,51be43bc1d4ef66dfbeef9681b3d11d6,91350,porto alegre,RS,13.132372685185185,22.575613425925926,0,105.28
c9b3d3854f0ed6d4b5a65bcf534de4c8,6355194d5dd91d52c9e79c84b5ee9774,delivered,2017-05-10 10:21:42,2017-05-10 10:30:20,2017-05-11 08:43:41,2017-05-23 15:35:55,2017-06-07,135.0,17.39,1,1,152.39,2,1,4.0,1.0,04c83639f720ad66ffb6b8ba9afca9d6,78643,querencia,MT,13.218206018518519,27.56826388888889,0,152.39
4a8e88b3aeb9aa051f967f7f551213ab,80946cbd8d20161272e3dcdcb1777517,delivered,2017-05-10 10:25:20,2017-05-10 10:35:23,2017-05-10 12:40:51,2017-05-25 14:15:37,2017-06-05,79.0,15.3,1,1,94.3,3,1,5.0,1.0,b2c59485a6c797464a23de924cb1a490,73865,divinopolis de goias,GO,15.159918981481482,25.56574074074074,0,94.3
e6a667b8b4e8787c667b00724e884177,577dfb2d557d5251a6cf3290575dd51a,delivered,2017-05-10 10:34:13,2017-05-11 04:05:23,2017-05-11 13:59:54,2017-05-16 09:58:39,2017-05-26,24.49,11.85,1,1,36.34,1,1,5.0,1.0,e097c4114ede8b9d67f6e02d39f1319b,4364,sao paulo,SP,5.975300925925926,15.55957175925926,0,36.339999999999996
6df64cc2e8fbd99d2f72745f1388a760,f1ee2c9b4f6e06ac83e3fd39030131ec,delivered,2017-05-10 10:39:56,2017-05-10 10:50:13,2017-05-17 15:00:46,2017-05-23 16:55:57,2017-05-31,73.9,15.27,1,1,89.17,3,1,5.0,1.0,ca67c44e54b7ab21295be3a3545b846f,23560,rio de janeiro,RJ,13.261122685185185,20.55560185185185,0,89.17
6b4d058045fa7ac94844f599d975fa73,8bf38ab6057b0c2f07f383f6d899f7c5,delivered,2017-05-10 11:31:38,2017-05-10 11:45:15,2017-05-17 13:35:45,2017-05-18 11:52:21,2017-05-26,59.99,11.92,1,1,71.91,7,1,4.0,1.0,8e4369dd556cd8ca64e30de4f8cddfb1,12320,jacarei,SP,8.014386574074074,15.519699074074074,0,71.91
efba3b32a6d0502f262fc6eaa01b34b1,5deb784842d904759882a477316e00a0,delivered,2017-05-10 11:33:01,2017-05-10 11:45:20,2017-05-12 09:47:49,2017-05-15 11:09:58,2017-05-18,119.0,9.65,1,1,128.65,2,1,5.0,1.0,e531de5bdd683597deacc308bac38b84,9725,sao bernardo do campo,SP,4.983993055555556,7.518738425925926,0,128.65
bde485bef13be8b3bd38071e027e954f,7afaa65f4cd64d06fcebc3ece0a240be,delivered,2017-05-10 11:43:18,2017-05-11 11:42:35,2017-05-15 06:03:07,2017-05-31 07:54:51,2017-06-09,349.0,28.98,1,1,377.98,1,2,5.0,1.0,31f508f472ebf8a37c13a7b85693db44,62320,tiangua,CE,20.841354166666665,29.51159722222222,0,377.98
385bc274c4cbac59c0bb866c770588dc,0b61b5af3f45e32d2fba77c80abc3eba,delivered,2017-05-10 11:50:41,2017-05-10 12:34:05,2017-05-10 12:41:09,2017-05-15 11:09:54,2017-05-18,26.9,7.78,1,1,34.68,3,1,5.0,1.0,880add2c1f7246c68c7bcd11b205da54,8683,suzano,SP,4.971678240740741,7.506469907407407,0,34.68
d868b96ed53089f3a6e9b202ee041dbf,9f5d77b326c3bb316e829181dfd6d192,delivered,2017-05-10 11:51:13,2017-05-11 11:55:22,2017-05-12 13:04:02,2017-05-20 08:57:31,2017-05-30,160.0,15.87,1,1,175.87,3,1,5.0,1.0,d507e084dc5e23d21922f2f62f043bd8,12244,sao jose dos campos,SP,9.879375,19.506099537037038,0,175.87
b9fc3fbace8f69b00c2f461cd3422459,69b4b187cdc035cfa618ffb2649c4260,delivered,2017-05-10 12:00:48,2017-05-10 13:02:38,2017-05-10 14:24:58,2017-05-21 11:46:25,2017-05-30,97.0,14.43,1,1,111.43,5,1,4.0,1.0,836caa69c529a3a06fbacfeff117e4d9,2269,sao paulo,SP,10.990011574074074,19.499444444444446,0,111.43
246dd6417fa15cba189361fdf6907017,e1915798c4c479ac75abf35afc3dd45e,delivered,2017-05-10 12:11:22,2017-05-10 13:02:33,2017-05-18 12:54:32,2017-05-24 11:05:13,2017-06-01,81.56,15.33,1,1,96.89,3,1,5.0,1.0,336d97e745d589a1533a07536680cf2f,90690,porto alegre,RS,13.9540625,21.492106481481482,0,96.89
60bb02359df66816035993b8130945e7,437a11fac2c2620588bd20096cd7051e,delivered,2017-05-10 12:21:59,2017-05-10 13:02:55,2017-05-11 10:25:25,2017-05-19 13:13:15,2017-06-02,69.99,14.24,1,1,84.23,1,1,5.0,1.0,3bca31228f5a4aaf4cf61d28bf38a390,71745,brasilia,DF,9.035601851851851,22.484733796296297,0,84.22999999999999
13ff8a02b63113dd72976dab2e01b171,de0af4a54889db8e1d4317a8bea43a25,delivered,2017-05-10 12:57:43,2017-05-10 13:05:43,2017-05-12 14:17:01,2017-05-19 12:55:55,2017-05-30,69.9,15.24,1,1,85.14,2,1,5.0,1.0,b9d637448a10f135a21ae39465ad6445,28470,santo antonio de padua,RJ,8.99875,19.459918981481483,0,85.14
76cd8bdf29b1ad8f6dad715d6ad8fe90,f3ea766418f91a35a84d530bae7787ff,delivered,2017-05-10 13:17:10,2017-05-10 13:30:16,2017-05-11 12:24:29,2017-05-30 09:42:28,2017-06-01,198.0,16.83,1,1,214.83,10,1,4.0,1.0,71a92fd3087501bcfba6e6e1ef7e8fd7,23070,rio de janeiro,RJ,19.850902777777776,21.44641203703704,0,214.82999999999998
7c7bc574f3f647a6bb4da91c5dd094cb,957107d840ebeccf895990113ae28779,delivered,2017-05-10 13:19:56,2017-05-10 13:32:25,2017-05-11 09:24:46,2017-05-22 08:36:46,2017-06-06,799.0,20.34,1,1,819.34,8,1,5.0,1.0,5ed887c49c901c6a4d8a873557cdea4c,95058,caxias do sul,RS,11.803356481481481,26.44449074074074,0,819.34
09f929ce6d526af69a12f1a54230e396,3304a1e2854d3ad5e262862bee223291,delivered,2017-05-10 13:20:12,2017-05-10 13:30:15,2017-05-17 16:18:04,2017-05-19 16:32:07,2017-05-30,29.0,11.85,1,1,40.85,3,1,1.0,1.0,78e8cad870ae10b45baff055e17e9ec6,6843,embu das artes,SP,9.133275462962963,19.444305555555555,0,40.85
4c53c2b42c60815a6be4e7bc09cb0b59,85d7e15edebcc92f98e52c8b48a159a3,delivered,2017-05-10 13:25:50,2017-05-10 13:35:20,2017-05-11 13:42:44,2017-05-17 08:52:37,2017-06-09,149.9,18.3,1,1,168.2,5,1,5.0,1.0,df1ed839c833445f1627ac20420e2aa2,11440,guaruja,SP,6.810266203703704,29.44039351851852,0,168.20000000000002
73b12cfaa8f20bc1ff6b36c9ef17f656,1f8092991f4b9845fb57ffeff3a4aff0,delivered,2017-05-10 13:45:36,2017-05-10 13:55:18,2017-05-10 14:54:33,2017-05-19 12:26:17,2017-05-30,308.99,17.92,1,1,326.91,3,1,4.0,1.0,83da9395e9b903250bb02069381cf83e,38405,uberlandia,MG,8.944918981481482,19.426666666666666,0,326.91
5caafce59fc6edde8a3ebb211bc3d980,fddc93eb85dd694ba413530f84b399a1,delivered,2017-05-10 14:02:15,2017-05-12 02:55:51,2017-05-18 11:17:47,2017-05-25 09:29:51,2017-06-01,55.9,17.96,1,1,73.86,1,1,4.0,1.0,a0746c4b9b28979012e88048753f0b74,89220,joinville,SC,14.810833333333333,21.415104166666666,0,73.86
b60b53ad0bb7dacacf2989fe27ad567a,2f9902d85fcd930227f711cf47012bdf,delivered,2017-05-10 14:03:27,2017-05-10 14:15:14,2017-05-11 16:25:53,2017-05-23 13:12:27,2017-05-18,292.0,9.3,1,1,301.3,1,1,3.0,1.0,9676b88a7dd5de3db5ded00d7d36f1b0,2358,sao paulo,SP,12.964583333333334,7.414270833333333,1,301.3
c41fcb90e5c4e310d014634135fb1279,f15502451cc5bdea5784089fec299f8b,delivered,2017-05-10 14:04:15,2017-05-12 02:45:12,2017-05-12 15:19:54,2017-05-23 11:12:35,2017-05-30,439.8,34.6,2,1,474.4,1,1,5.0,1.0,1da09dd64e235e7c2f29a4faff33535c,24020,niteroi,RJ,12.880787037037036,19.41371527777778,0,474.40000000000003
1733916305727c04da99e1ceab781c93,5747e92c2d001d68a632852f8a4f3768,delivered,2017-05-10 14:08:58,2017-05-10 14:22:33,2017-05-15 08:55:50,2017-05-18 11:08:01,2017-05-29,30.0,9.34,1,1,39.34,2,1,3.0,1.0,9f16fd7755d607cff890d9af2f212340,6708,cotia,SP,7.874340277777778,18.410439814814815,0,39.34
80748056eb9831627a31af7148fc735b,a04c8e3157009f2748aeee6e22f2408c,delivered,2017-05-10 14:19:25,2017-05-10 14:30:14,2017-05-16 08:54:17,2017-05-18 09:13:04,2017-05-29,56.99,11.9,1,1,68.89,1,1,5.0,1.0,42d0a60607331e84158aff7f42a08b4c,11310,sao vicente,SP,7.787256944444445,18.40318287037037,0,68.89
21fdf6a269bd4c5befb28302d4d00803,9849acf233e29a676126fe8d91c4cbff,delivered,2017-05-10 14:39:56,2017-05-10 14:50:13,2017-05-10 16:02:29,2017-05-23 18:29:05,2017-06-01,449.0,26.01,1,1,475.01,6,1,4.0,1.0,deff56c7b9f9d9bd10bba398c4716f81,28605,nova friburgo,RJ,13.159131944444445,21.388935185185186,0,475.01
d3e02de362fc9f3853a322184625c590,3f1471e47869243a10fcf26fbdbb8930,delivered,2017-05-10 14:46:54,2017-05-10 14:55:09,2017-05-11 10:23:53,2017-05-16 15:10:09,2017-05-30,205.81,16.2,1,1,222.01,10,1,3.0,1.0,46c89f89a2515ea1416454394bc91046,83408,colombo,PR,6.016145833333334,19.384097222222223,0,222.01
dbb182f0099f1b6b9172a1f1fe4a62b3,0a1b816a9e0ae82eeaa2c15a91f98d7f,delivered,2017-05-10 14:51:35,2017-05-11 04:22:38,2017-05-11 15:17:39,2017-05-16 09:41:56,2017-06-09,13.9,42.38,1,1,56.28,1,1,5.0,1.0,356196152e861e77dc01ce20d6b8a412,56760,tuparetama,PE,5.784965277777777,29.380844907407408,0,56.28
b15c7e972c74684414fb2e659fce916a,7d03bf20fa96e80468bbf678eebbcb3f,delivered,2017-05-10 15:05:47,2017-05-11 04:10:25,2017-05-11 13:36:23,2017-05-17 09:05:00,2017-05-30,3597.0,69.42,3,1,3666.42,1,1,5.0,1.0,931eabdf0636b8fd60369a8d759917d6,89114,gaspar,SC,6.749456018518519,19.370983796296297,0,3666.42
2d846c03073b1a424c1be1a77f532dad,5a3473648da10d2800f4783f6426355e,delivered,2017-05-10 15:18:16,2017-05-12 02:45:22,2017-05-15 09:14:35,2017-05-25 10:49:48,2017-05-18,19.9,7.78,1,1,27.68,1,1,1.0,1.0,c2167133926371fa294b6b7e9da001e6,7031,guarulhos,SP,14.813564814814814,7.362314814814815,1,27.68
9125faac1b379b7b9ab4665189739e31,e181c405b2194c93d04a3660b222a8ca,delivered,2017-05-10 15:24:16,2017-05-11 13:15:15,2017-05-15 07:16:59,2017-05-24 14:17:46,2017-06-08,809.1,36.41,1,1,845.51,4,1,5.0,1.0,fc1a7488fffb57771bc202aad56bb74d,23080,rio de janeiro,RJ,13.953819444444445,28.35814814814815,0,845.51
08c8efb673039f24977bee37cb4ce21f,794fbbffc8777305f986f63219b4e7e1,delivered,2017-05-10 15:24:48,2017-05-10 15:35:29,2017-05-11 10:53:42,2017-05-18 12:28:04,2017-05-29,44.9,12.69,1,1,57.59,3,1,5.0,1.0,221e3152676feb9315491e86f26efe5f,13660,porto ferreira,SP,7.877268518518519,18.357777777777777,0,57.589999999999996
28d6266168cfd43a9f7d1f2f2f07f54a,346cf831cf5480e8955e249de733c9e9,delivered,2017-05-10 15:34:32,2017-05-10 15:45:11,2017-05-16 08:17:45,2017-05-19 10:32:40,2017-05-26,27.9,11.85,1,1,39.75,3,1,5.0,1.0,c782304d24ba15ab653d383cffe41462,18720,paranapanema,SP,8.79037037037037,15.351018518518519,0,39.75
036b791897847cdb8e39df7943367474,04719f10ea55e8d39bff210bea43c1a3,delivered,2017-05-10 15:34:59,2017-05-12 02:50:36,2017-05-12 10:05:30,2017-05-17 11:14:40,2017-05-18,49.99,9.34,1,1,59.33,1,1,3.0,1.0,afa4fbe424bab6593e9a8395836966ef,8215,sao paulo,SP,6.819224537037037,7.350706018518519,0,59.33
e73eff9d5a06990f389e11a7f731af85,60d825970926bc552c3299d2d1b5041a,delivered,2017-05-10 15:44:46,2017-05-10 16:02:20,2017-05-11 11:03:09,2017-05-17 06:47:37,2017-05-26,99.0,23.06,1,1,122.06,10,1,,,e3feffb41a633b6f649b9cd7762f21d9,29830,nova venecia,ES,6.626979166666667,15.343912037037038,0,122.06
8ca358a9578fb7919efe79785693d479,73137fc8b946c9096848aa6c67aa83e3,delivered,2017-05-10 15:51:43,2017-05-11 06:35:29,2017-05-11 09:44:50,2017-05-17 10:04:59,2017-05-30,99.99,17.95,1,1,117.94,1,1,5.0,1.0,f52ae243ff27b883801ddfe09bf0dd8a,37550,pouso alegre,MG,6.759212962962963,19.33908564814815,0,117.94
f8e721184f691c61dc23e54beaeff557,b96fd58e5cf43104a84884ad7a9c169a,delivered,2017-05-10 15:56:20,2017-05-10 16:05:24,2017-05-11 13:14:37,2017-05-23 11:04:56,2017-06-09,37.99,25.63,1,1,63.62,6,1,5.0,1.0,2327a30321a58fea769d06b849a7fea4,68485,pacaja,PA,12.797638888888889,29.33587962962963,0,63.620000000000005
87b1b0ac27740690a2f04d333724c05f,c695e0ab88c84c2ab6ea7e5208a22230,delivered,2017-05-10 15:59:47,2017-05-10 16:15:16,2017-05-19 19:47:56,2017-05-29 12:44:00,2017-06-07,279.99,73.59,1,1,353.58,4,1,4.0,1.0,37a5f211b682fbb9c7014cc0e356d8fa,30320,belo horizonte,MG,18.86403935185185,27.333483796296296,0,353.58000000000004
9bfcadb1457b8133f4d46be5091f8117,3a602d2d1aff75fbe3ae2e7d9c3928b9,delivered,2017-05-10 16:03:09,2017-05-10 16:15:13,2017-05-18 12:06:04,2017-05-24 12:34:45,2017-06-01,339.99,17.13,1,1,357.12,10,1,5.0,1.0,85d59a3d4359d4352f14124962ff305c,28570,itaocara,RJ,13.855277777777777,21.331145833333334,0,357.12
31afbc557a75e6fa50e0a81391004fb7,152bc5fc51c6d387319a9c653c2ffbe3,delivered,2017-05-10 16:04:38,2017-05-10 16:22:42,2017-05-11 09:16:20,2017-05-17 16:25:59,2017-06-02,20.79,16.11,1,1,36.9,1,1,5.0,1.0,c60e5f46f049a65af202a4bc602aa347,19160,alvares machado,SP,7.014826388888889,22.33011574074074,0,36.9
e79251fae4e104ec51b1ba71a53bed1a,00c32f58ea39ae8132d9b1a32b81b167,delivered,2017-05-10 16:06:48,2017-05-10 16:22:43,2017-05-11 17:05:02,2017-05-18 14:49:57,2017-06-01,13.99,15.11,1,1,29.1,2,1,5.0,1.0,0181f57a87c6a2f0e0fe2807f67aef0e,33600,pedro leopoldo,MG,7.946631944444444,21.328611111111112,0,29.1
0e3ec3c17b64c6cc7bc01bba21e7afdf,493bfba5a986ce7c846f7c2b5a308ed4,delivered,2017-05-10 16:20:36,2017-05-10 16:30:12,2017-05-17 10:03:46,2017-06-08 05:47:38,2017-05-26,119.8,25.52,2,1,145.32,5,2,1.0,1.0,fc3ae503d8cbc4c02a2d8e467b7bbfe5,13064,campinas,SP,28.560439814814814,15.319027777777778,1,145.32
5f37829b2dad2c8bb86da21bf31310fa,24d29da7c6c69ea811c27952858e396c,delivered,2017-05-10 16:38:49,2017-05-10 16:50:10,2017-05-11 16:14:52,2017-05-24 15:30:05,2017-06-08,220.0,17.98,1,1,237.98,5,1,3.0,1.0,be405f1b8799290645e544e8f88637d0,78200,caceres,MT,13.952268518518519,28.306377314814814,0,237.98
65b8cbd6d0ad97befea844cc40817ccb,220a1f1adf2be499250db06cd27d0a1e,delivered,2017-05-10 16:48:50,2017-05-10 17:02:49,2017-05-16 08:54:14,2017-05-22 20:26:17,2017-06-02,64.99,14.2,1,1,79.19,3,1,3.0,1.0,fe6ceb39e4c3d9cff52e95de1eb671ad,26266,nova iguacu,RJ,12.151006944444445,22.299421296296295,0,79.19
87680c5e6ba498472b6478862b55f883,cc7e69d6f8d94ebb02c2ccdb08d4de34,delivered,2017-05-10 16:57:39,2017-05-12 02:50:23,2017-05-15 10:56:31,2017-05-25 13:08:07,2017-06-08,572.0,72.15,1,1,644.15,1,1,5.0,1.0,b0cf52862e59fbb2580993925efd4182,78300,tangara da serra,MT,14.840601851851853,28.293298611111112,0,644.15
dc6eee28a658fd5850d3f88a9c0abbc2,66d35d28e228ee885e0d95da6f1b0fd7,delivered,2017-05-10 16:58:01,2017-05-10 17:05:20,2017-05-11 10:41:07,2017-05-12 10:15:59,2017-05-30,129.9,18.16,1,1,148.06,6,1,5.0,1.0,b8a9fef18d18a73505c6291d160f1d17,3003,sao paulo,SP,1.7208101851851851,19.293043981481482,0,148.06
c518733b452a98377e02153098a0542d,4f9aac9e4ad8fe9d9c9fe19daf940134,delivered,2017-05-10 17:02:46,2017-05-10 17:15:14,2017-05-12 14:35:58,2017-05-22 11:03:26,2017-06-02,49.95,15.1,1,1,65.05,6,1,5.0,1.0,7d34060b4a349fb0b0e2e204e4faad80,30626,belo horizonte,MG,11.750462962962963,22.28974537037037,0,65.05
fe579bd413f722e51bc98182441e135c,fc60ab8252b98a6e60c51672d7853c7e,delivered,2017-05-10 17:04:35,2017-05-11 17:10:13,2017-05-12 10:33:26,2017-05-22 14:18:36,2017-06-01,1878.33,102.38,1,1,1980.71,10,1,3.0,1.0,8637975a0cb5150b10528f5697511668,95030,caxias do sul,RS,11.884733796296297,21.288483796296298,0,1980.71
8bd56cbba10cec53a49503a4377ce707,bc2799ce7d11d287ada62e695e3203fc,delivered,2017-05-10 17:15:52,2017-05-10 17:25:24,2017-05-15 09:42:54,2017-05-16 21:58:44,2017-05-25,13.99,9.34,1,1,23.33,1,1,5.0,1.0,926787c5cfb981acd2c82fa388813421,5468,sao paulo,SP,6.1964351851851855,14.280648148148147,0,23.33
2d1127e130b6702121a35862a2840d3e,74298ef9b98443b73f5a902a72918bf5,delivered,2017-05-10 17:21:40,2017-05-11 04:10:13,2017-05-11 12:12:12,2017-05-13 08:12:17,2017-05-30,68.0,15.23,1,1,83.23,1,1,4.0,1.0,4fcc54152e34b2fb77f850f57582a2f1,20541,rio de janeiro,RJ,2.6184837962962964,19.27662037037037,0,83.23
1a1cbbc80d127af8c72708f098494a0e,9d9e86f105e656addd887968baf094fa,delivered,2017-05-10 17:44:55,2017-05-10 18:45:15,2017-05-11 07:50:06,2017-05-23 12:32:16,2017-06-08,85.9,34.4,1,1,120.30000000000001,2,2,5.0,1.0,de229809c17dc1220c223e37537676b1,50740,recife,PE,12.782881944444444,28.260474537037037,0,120.30000000000001
3bfd703ce884b8a0a65e63f2d4db6393,4f61f8c61f079aa7d12dc2b21087507c,delivered,2017-05-10 17:45:05,2017-05-10 17:55:19,2017-05-11 10:23:53,2017-05-12 14:30:06,2017-05-18,259.99,10.01,1,1,270.0,3,1,5.0,1.0,3ff2c5fbda0952d5b0a7f32aa0437e8e,6460,barueri,SP,1.8645949074074073,7.2603587962962965,0,270.0
d3f61af04f38785c0797842d31273ffc,e79ccfb22364f3a40ff2ecfd199bb8f6,delivered,2017-05-10 17:47:52,2017-05-10 18:02:41,2017-05-11 13:55:39,2017-05-19 09:16:42,2017-05-30,110.0,15.52,1,1,125.52,2,1,4.0,1.0,59aced091506b181fd5e2e4572fe23f3,28949,sao pedro da aldeia,RJ,8.645023148148148,19.258425925925927,0,125.52
eaaee645b1c3232e02feea76ef993a9e,a02c3848a807fdc92f85e7f72225e1f9,delivered,2017-05-10 18:13:04,2017-05-12 02:50:30,2017-05-16 16:54:29,2017-05-22 14:37:51,2017-05-30,69.9,15.24,1,1,85.14,1,1,5.0,1.0,83a82e80b19391a7bbb4796847b1bb49,39710,coroaci,MG,11.850543981481481,19.240925925925925,0,85.14
98aee9cbf5501420f76b8a290491f272,0e1fe033ad8a4dc4912bd1910d391e7a,delivered,2017-05-10 18:31:51,2017-05-10 18:45:13,2017-05-12 15:32:01,2017-05-22 21:12:58,2017-05-30,158.0,28.6,2,1,186.6,3,1,1.0,1.0,3109f64ceed4eb5637cec6e6bf95bc09,13280,vinhedo,SP,12.111886574074074,19.227881944444444,0,186.6
278cc6221989b58d9a1a74134e0accfa,58495ea8d65ad7a0908d89cb58fb9804,delivered,2017-05-10 18:32:19,2017-05-10 18:45:13,2017-05-11 10:05:41,2017-05-17 12:24:38,2017-05-30,89.9,17.11,1,1,107.01,3,1,5.0,1.0,53ad3e826588e9f569b59b168636e2e0,84200,jaguariaiva,PR,6.744664351851852,19.22755787037037,0,107.01
3b6ba183ec307f2e980a01e66f596821,55858b24b1b18a4e50fce22b11a761bf,delivered,2017-05-10 18:58:00,2017-05-12 02:55:15,2017-05-15 08:13:46,2017-05-24 11:45:08,2017-06-09,119.0,36.15,1,1,155.15,1,1,5.0,1.0,76cca28d235a78bd9586ab30156eea16,64860,urucui,PI,13.699398148148148,29.209722222222222,0,155.15
0d9b3b609f29c14a165ceb95c0ab91fe,6a75a813284e115076bfe8ca75562722,delivered,2017-05-10 19:09:02,2017-05-10 19:22:25,2017-05-11 09:00:37,2017-05-19 22:37:44,2017-05-26,59.99,13.44,1,1,73.43,2,1,4.0,1.0,d0b3a9a30abd9d7a3830a903e7ceae67,18053,sorocaba,SP,9.144930555555556,15.202060185185186,0,73.43
891f8d8fba3fc7b0584e72f290b22078,e58b22f7f3b481586b47322d3456c011,delivered,2017-05-10 19:21:12,2017-05-10 19:30:25,2017-05-11 13:15:58,2017-05-20 10:57:51,2017-05-30,55.0,15.14,1,1,70.14,7,1,5.0,1.0,84dcd4f8e6cc822ec2b01c1ced8d1ccf,88356,brusque,SC,9.65045138888889,19.19361111111111,0,70.14
ef340fd20274f4bc0181f8d9b8ae9748,b8be0fb88b88d0e00af27f75835e1c50,delivered,2017-05-10 19:29:00,2017-05-11 04:10:15,2017-05-11 08:27:59,2017-05-16 11:46:57,2017-05-30,39.9,15.1,1,1,55.0,1,1,5.0,1.0,e7ba333fbe7c3afa5f89cb575f9eac6e,23825,itaguai,RJ,5.679131944444444,19.188194444444445,0,55.0
0ee10b39b0acad1a8348fe15514a1115,d8c177c235dc5faf09ddd22909bea731,delivered,2017-05-10 19:40:39,2017-05-10 19:50:15,2017-05-12 18:26:05,2017-05-23 13:42:15,2017-06-05,143.0,17.44,1,1,160.44,10,1,5.0,1.0,5c4b7aa014e584d78525c38717510f01,98300,palmeira das missoes,RS,12.751111111111111,25.180104166666666,0,160.44
1bc1acc1a9efde3aaa00688fc9d33d2a,a4a012ed505920af7e837c4d3e385d34,delivered,2017-05-10 19:40:40,2017-05-10 19:50:15,2017-05-11 10:05:44,2017-05-23 17:19:49,2017-06-01,239.8,33.2,2,1,273.0,10,1,5.0,2.0,5c4b7aa014e584d78525c38717510f01,98300,palmeira das missoes,RS,12.9021875,21.180092592592594,0,273.0
d6955d34f1d9983d21c67f279aadd306,5d5749f139a1bc34f1c869cf82b0784c,delivered,2017-05-10 19:42:27,2017-05-10 19:55:18,2017-05-17 11:53:06,2017-05-18 10:19:05,2017-05-23,19.99,7.78,1,1,27.77,2,1,5.0,1.0,bb0eb657fe27f2967fc0ed7bcef6a5a7,6716,cotia,SP,7.608773148148148,12.178854166666667,0,27.77
bbdb54ce076f1e0d4e8eb55711b40d4e,dc74ae880bed27c49153f3572e1aedb7,delivered,2017-05-10 19:49:18,2017-05-10 20:02:23,2017-05-16 16:46:19,2017-05-24 11:12:54,2017-05-30,32.9,15.1,1,1,48.0,2,1,4.0,1.0,943f3891fc375513452b7c2afb3a8f67,18610,botucatu,SP,13.641388888888889,19.174097222222223,0,48.0
4c5277b8c416e92df5b5b5b3882b4d58,7bba4420a869ab8dba1c7096358c1d66,delivered,2017-05-10 19:59:24,2017-05-10 20:05:14,2017-05-11 10:09:25,2017-05-16 16:29:11,2017-05-30,94.9,14.41,1,1,109.31,4,1,5.0,1.0,5712625605e436ad6f7fa517ce6e8e0b,23060,rio de janeiro,RJ,5.854016203703703,19.167083333333334,0,109.31
a72698cb5818851e1f19815692cf256b,483468a56a54dbbbf8f2b2354cc8a729,delivered,2017-05-10 20:04:09,2017-05-10 20:15:14,2017-05-11 16:14:47,2017-05-18 12:05:42,2017-05-29,89.9,12.13,1,1,102.03,9,1,4.0,1.0,0178b244a5c281fb2ade54038dd4b161,12518,guaratingueta,SP,7.6677430555555555,18.16378472222222,0,102.03
47b04efea2b87358b63ecb45b93ead7e,c94992fc1a60f5ae59f7fad6ad92d84e,delivered,2017-05-10 20:31:02,2017-05-10 20:45:17,2017-05-11 07:48:46,2017-05-19 07:34:46,2017-05-30,599.9,24.69,1,1,624.59,1,1,5.0,1.0,15d5f9213525ed106666b4a3b668b856,58701,patos,PB,8.460925925925926,19.145115740740742,0,624.59
b084a8f61aa45461c76604d752a993f8,3f9b89f44fa0f0a8a673166eb3854789,delivered,2017-05-10 20:32:02,2017-05-12 02:50:16,2017-05-12 11:21:45,2017-05-25 09:00:08,2017-05-30,89.0,15.37,1,1,104.37,1,1,5.0,1.0,7baccc3016470ab0392c24b39461f428,89801,chapeco,SC,14.51951388888889,19.144421296296297,0,104.37
1eb552eebf9bfb861ee5b1345cfb9f4e,87823ad51768a207c963b69eb27d4e4a,delivered,2017-05-10 20:32:57,2017-05-12 02:50:44,2017-05-12 09:57:54,2017-05-15 11:33:48,2017-05-18,99.99,9.51,1,1,109.5,1,1,5.0,1.0,bb0015319dc53a5d162da1372b539931,6851,itapecerica da serra,SP,4.6255902777777775,7.143784722222223,0,109.5
c067fd2a8d499e47d3399202a11d268d,8dfb803b02fce136d979fa2c108488bd,delivered,2017-05-10 20:40:23,2017-05-10 20:50:18,2017-05-15 06:34:48,2017-05-23 16:44:50,2017-05-30,339.0,18.13,1,1,357.13,4,1,4.0,1.0,f818fa469aae778ea44fb1c8c1c7dbff,87360,goioere,PR,12.836423611111112,19.138622685185187,0,357.13
44558a1547e448b41c48c4087fe32ddd,40e2a5bab2a362999505842bbfb0d590,delivered,2017-05-10 20:47:02,2017-05-10 20:55:21,2017-05-11 11:56:16,2017-05-12 17:00:05,2017-05-18,199.99,10.21,1,1,210.2,2,1,5.0,1.0,4e20c9717b355a95e60353197235b58c,13201,jundiai,SP,1.8423958333333332,7.134004629629629,0,210.20000000000002
26d50e2b2072855e670311f1aa623f86,92bc8ba533fd5f3a2c5fb8c16f6f9611,delivered,2017-05-10 20:54:15,2017-05-10 21:05:10,2017-05-12 14:57:45,2017-05-25 12:34:28,2017-06-01,132.7,25.68,1,1,158.38,4,1,4.0,1.0,2991185ed4a275b32b09338ebc32a7f9,72005,brasilia,DF,14.65292824074074,21.128993055555554,0,158.38
d0040ecb24efd3792cd2f6679895c53a,171233b55272542bfb1e4d1dab2569bb,delivered,2017-05-10 20:55:13,2017-05-10 21:05:11,2017-05-11 09:44:57,2017-05-16 16:22:47,2017-05-26,99.99,13.04,1,1,113.03,3,1,5.0,1.0,7c4c172f6ad96039c75d87385d74d0b8,14500,ituverava,SP,5.810810185185185,15.12832175925926,0,113.03
39bffc9b7be332f527a4fcdec744156c,c4b4aa3d40d7530386c518efad9248ca,delivered,2017-05-10 20:55:51,2017-05-11 03:55:22,2017-05-11 16:15:59,2017-05-18 16:51:48,2017-05-30,59.9,16.67,1,1,76.57,1,1,3.0,1.0,711f2abc1f74c977b64fb9320ff5bc64,83050,sao jose dos pinhais,PR,7.830520833333333,19.127881944444443,0,76.57
c4980a38f3fc3aaa233e01aad10e6bc8,c874ff2fcab28e13d850e6a2763d9a8c,delivered,2017-05-10 21:04:57,2017-05-12 02:55:32,2017-05-17 14:49:54,2017-05-24 13:05:18,2017-05-30,199.9,17.16,1,1,217.06,1,1,4.0,1.0,cae18f51e216b143f24c5a8be3cbca0e,28035,campos dos goytacazes,RJ,13.666909722222222,19.1215625,0,217.06
e003d94282e5f1e45760dde794a8a173,1764be73caaed8c59deaeef7793e539a,delivered,2017-05-10 21:11:07,2017-05-10 21:22:27,2017-05-11 12:26:15,2017-05-17 07:12:26,2017-05-26,99.99,16.33,1,1,125.06,7,1,5.0,1.0,6871b052a835417d6d2e11153e0d3c2c,11250,bertioga,SP,6.4175810185185185,15.117280092592592,0,116.32
2d08fef3d5af150cd56996814ad895d1,c3a7a7b4bd95621678748140d8dbc7c6,delivered,2017-05-10 21:15:10,2017-05-12 02:55:13,2017-05-15 06:22:04,2017-05-27 13:05:39,2017-06-05,219.99,40.53,1,1,260.52,1,1,5.0,1.0,e8b5ab551715d3927b6a2a55f65f84e3,77500,porto nacional,TO,16.66005787037037,25.114467592592593,0,260.52
73e025915b8bd2c8856d0d3f85545506,dbf46bb30293d0d8ccd11d23c68ae6cd,delivered,2017-05-10 21:23:19,2017-05-11 21:30:15,2017-05-12 10:33:27,2017-05-30 13:10:48,2017-05-30,59.99,17.67,1,1,77.66,2,1,4.0,1.0,d2047396438601ff3ff44b3ffce736ca,28960,iguaba grande,RJ,19.65797453703704,19.10880787037037,1,77.66
a17d59822796f1d50132863fd085f109,39594b7114e70f980097f1c4a4f01688,delivered,2017-05-10 21:26:32,2017-05-12 02:45:19,2017-05-16 08:52:04,2017-05-19 12:05:38,2017-05-30,39.9,15.1,1,1,55.0,1,1,4.0,1.0,af40b8b8a23a2e3c5ad33aaf8508a621,85605,francisco beltrao,PR,8.610486111111111,19.106574074074075,0,55.0
ab5e70933adc821b7fa1ab45759ab54a,338f2f9c29d8a0cd3259e32034ac7c67,delivered,2017-05-10 21:31:45,2017-05-10 21:45:12,2017-05-24 16:44:28,2017-05-29 11:24:42,2017-06-09,69.9,11.99,1,1,81.89,3,1,4.0,1.0,3b7870a33823f2db11b4ed832b89d1ef,15370,pereira barreto,SP,18.5784375,29.10295138888889,0,81.89
577741df3a9a24834a116ed4b278233e,9e89c236659179966723613317e173aa,delivered,2017-05-10 21:51:44,2017-05-12 02:55:21,2017-05-22 18:52:44,2017-05-30 11:20:07,2017-06-13,47.9,15.1,1,1,63.0,1,1,,,7df02dba351998a9a24edc56d9c35557,39150,serro,MG,19.561377314814816,33.08907407407408,0,63.0
0312ecf90786def87f98aa19e0e0ce63,45cce495588388d074ab985f2f9b9bb4,delivered,2017-05-10 22:02:40,2017-05-11 00:31:33,2017-05-17 10:06:53,2017-05-18 17:09:46,2017-05-18,35.0,7.78,1,1,42.78,1,1,5.0,1.0,f183cbe7ea382975291850db9c8526a7,9280,santo andre,SP,7.796597222222222,7.0814814814814815,1,42.78
a4aa1f375705ffd3e164feb2d98f1a77,6e51797a641218295e6b67fb8f01d0b5,delivered,2017-05-10 22:08:52,2017-05-10 23:02:33,2017-05-11 09:44:51,2017-05-16 13:15:57,2017-05-26,129.99,13.93,1,1,143.92,1,1,5.0,1.0,dc233e62186f502e96ce4b81807385d2,17760,inubia paulista,SP,5.629918981481482,15.077175925925927,0,143.92000000000002
0ba9cadd4c71572ad9f78e7d3967b323,7db1a1c96774d32cbe8d8a8cc2686211,delivered,2017-05-10 22:44:15,2017-05-10 23:02:36,2017-05-11 10:26:42,2017-05-15 10:51:43,2017-05-30,479.99,65.18,1,1,545.17,3,1,5.0,1.0,881bc7f0f7982cdfed5ad1d267784cf2,4548,sao paulo,SP,4.505185185185185,19.052604166666665,0,545.1700000000001
50f943da6e59c10475c030a61ff8a31c,842993a3ccbcadcf1470e8c57167a590,delivered,2017-05-10 22:44:22,2017-05-10 23:02:38,2017-05-11 13:21:52,2017-05-27 05:42:52,2017-06-09,46.99,35.67,1,1,82.66,1,1,4.0,1.0,a01886c4022f4407927a0a780e87642d,65907,imperatriz,MA,16.290625,29.052523148148147,0,82.66
76ee52772850236ff2a3b3a6b32f1cfe,3d4a22b0d2191f033ffe083fa365e051,delivered,2017-05-10 22:44:23,2017-05-12 02:50:17,2017-05-17 14:58:39,2017-05-24 07:07:42,2017-05-30,37.9,15.1,1,1,53.0,1,1,5.0,1.0,84458bbb7df85664ecfd7092b5f0b75f,14055,ribeirao preto,SP,13.349525462962964,19.052511574074074,0,53.0
544238f04f24765a69670a0195dc23c5,51b96673c2c4c07c3290326bcc6d2fb7,delivered,2017-05-10 22:44:43,2017-05-10 22:55:16,2017-05-11 21:17:44,2017-05-19 14:48:09,2017-05-30,69.9,16.25,1,1,86.15,1,1,5.0,1.0,821ddcb05dd510761712b157eff83c1c,88385,penha,SC,8.669050925925927,19.052280092592593,0,86.15
a535e0a8e571efd2e1a7aff5a7aeffee,29705dae91566c0df058e2b96e05085f,delivered,2017-05-10 22:44:57,2017-05-10 23:02:41,2017-05-15 14:34:57,2017-05-17 15:41:53,2017-05-31,75.0,12.03,1,1,87.03,1,1,5.0,1.0,0a58eee37208a659eba0b9d8fbb373d4,9790,sao bernardo do campo,SP,6.706203703703704,20.052118055555557,0,87.03
863e04a33f87d879ee00bf50cf65c5e2,ef68b0cec4f4db6b191c1f6fdc8ede0f,delivered,2017-05-10 22:45:02,2017-05-10 23:02:37,2017-05-11 09:04:30,2017-06-30 10:27:43,2017-06-07,129.9,20.15,1,1,150.05,6,1,5.0,1.0,f68fa8af8810b71fb954fb4044de5950,78240,porto esperidiao,MT,50.48797453703704,27.052060185185184,1,150.05
68fa625f02107978e969340da28d0c89,1da22604a27387196b8a4cf970336f8a,delivered,2017-05-10 22:45:21,2017-05-10 22:55:16,2017-05-11 11:52:00,2017-05-12 11:12:18,2017-05-18,299.9,9.51,1,1,309.41,10,1,3.0,1.0,445fe2796a13dfb132a86c2a27ed2bed,22060,rio de janeiro,RJ,1.5187152777777777,7.051840277777778,0,309.40999999999997
a8ff452116db2ff4a2963f490afe5471,b3867c14ee9a7d0daecb27c1bba54db3,delivered,2017-05-10 22:45:48,2017-05-11 03:50:20,2017-05-11 13:17:59,2017-05-16 09:23:36,2017-05-30,89.0,15.37,1,1,104.37,1,1,3.0,1.0,6aae4ee77ee637d5b060e0f9a38764d9,38190,sacramento,MG,5.442916666666667,19.05152777777778,0,104.37
b0934c7d9368624b044fc218c11776e9,74fcd0121e18e8b3f88a689ed4c6fb84,delivered,2017-05-10 22:45:50,2017-05-10 22:55:16,2017-05-12 16:49:32,2017-05-28 08:06:54,2017-06-14,59.9,19.66,1,1,79.56,2,1,5.0,1.0,c5a65d154638d2699e01bb8dce88e917,40415,salvador,BA,17.38962962962963,34.051504629629626,0,79.56
6f0dec5453c159116c3f8b14133c150d,d846e991a0424d917f3d887786e846d3,delivered,2017-05-10 22:56:04,2017-05-10 23:10:11,2017-05-17 09:23:08,2017-05-24 15:04:29,2017-06-06,164.9,14.9,1,1,179.8,10,1,3.0,1.0,eda8856240b6805feab212055b353ef1,22755,rio de janeiro,RJ,13.672511574074074,26.044398148148147,0,179.8
94794614f3ec5140fca46b21fd72e208,473cf41d825106ee0cb03b99fb38c996,delivered,2017-05-10 23:11:41,2017-05-11 16:35:15,2017-05-12 13:45:57,2017-05-24 12:35:38,2017-06-01,174.9,18.79,1,1,193.69,8,1,5.0,1.0,2af1a3b62a72814753be9487fcb286a8,89248,garuva,SC,13.55829861111111,21.03355324074074,0,193.69
ea4e52779bff23beea7f77532659a30b,8c42eee51a607d2eec0cdf9b8056b7ea,delivered,2017-05-11 00:06:30,2017-05-11 01:22:32,2017-05-11 10:09:22,2017-05-12 15:32:33,2017-05-19,87.9,7.87,1,1,95.77,2,1,5.0,1.0,81c0b8207405a6ee3956a359837888be,3637,sao paulo,SP,1.6430902777777778,7.995486111111111,0,95.77000000000001
115cf7c242febcbed832ad6d631db40e,aa7aba441952b013edbf055028d6e7dd,delivered,2017-05-11 00:08:39,2017-05-12 02:45:08,2017-05-15 12:08:27,2017-05-16 09:47:48,2017-05-26,46.2,9.74,1,1,55.94,1,1,3.0,1.0,021ab4ee1c733fef68ef3ddbb6c4ea7e,12954,atibaia,SP,5.4021875,14.993993055555556,0,55.940000000000005
ccf1e12f1c435066f481bacfe011cfbd,4a3be90ecb8541317983a22f6c863888,delivered,2017-05-11 00:16:59,2017-05-11 01:25:08,2017-05-12 12:03:37,2017-05-19 13:59:43,2017-05-29,49.0,11.85,1,1,60.85,6,1,5.0,1.0,15e0f5e3fd10fb235acab6d62a9cf84a,15440,nova granada,SP,8.571342592592593,17.988206018518518,0,60.85
006e43460a55bc60c0a437521e426529,23bfd4316e261786deed5a08231c75bc,delivered,2017-05-11 00:24:35,2017-05-11 01:30:22,2017-05-12 12:26:32,2017-05-19 09:51:17,2017-06-02,99.0,43.06,1,1,142.06,3,1,5.0,1.0,1df0a296f852bdf1a17b085730f4b894,11431,guaruja,SP,8.393541666666666,21.98292824074074,0,142.06
cc72dd3008f4752e05206e1fdd08cc57,9d7aed3437d31b255183e58f999509f9,delivered,2017-05-11 00:36:48,2017-05-11 01:42:39,2017-05-12 14:39:57,2017-05-23 13:56:05,2017-05-31,34.89,42.3,3,1,77.19,7,1,5.0,1.0,1b2db8ab2d8e7b84b5455736fc9713f2,24220,niteroi,RJ,12.555057870370371,19.974444444444444,0,77.19
f08f463d66cc5bfe30cd30cbe9177ad0,69c33417e1600c0d34fc935cc21bad16,delivered,2017-05-11 00:47:54,2017-05-12 02:50:40,2017-05-17 09:45:21,2017-05-22 09:48:45,2017-05-19,149.99,9.24,1,1,159.23,1,1,5.0,1.0,5c2780ae7fe8ae72dbc6cd197c13f2cf,4821,sao paulo,SP,11.375590277777778,7.9667361111111115,1,159.23000000000002
236909a5eec961f916c742c7f991d3e5,1b620b9bddc08059302ad5287743d092,delivered,2017-05-11 00:53:06,2017-05-13 11:05:22,2017-05-15 08:03:31,2017-05-18 06:59:33,2017-05-31,119.9,16.6,1,1,136.5,5,2,5.0,1.0,89f0f964099dff599188375bdfba07c0,94030,gravatai,RS,7.254479166666667,19.963125,0,136.5
c76a39319cf13b7f3b9e3bded3315f86,5703f4cb0c712d838bee4c53f7655c6a,delivered,2017-05-11 01:40:51,2017-05-11 01:50:15,2017-05-15 13:16:51,2017-05-19 09:04:57,2017-05-31,69.0,15.23,1,1,84.23,8,1,5.0,1.0,440a2f9c69e6ca7bd76d86ed19ce329c,85015,guarapuava,PR,8.308402777777777,19.92996527777778,0,84.23
d9547df3c08b9a1d75ac31317de05c25,03484d8666a3cecf775ab6eeca4576ec,delivered,2017-05-11 02:07:10,2017-05-11 02:22:55,2017-05-12 15:54:38,2017-05-23 19:36:47,2017-05-31,21.0,15.1,1,1,36.1,3,1,5.0,1.0,563e700163aa2df323b1251adb24f789,36570,vicosa,MG,12.728900462962963,19.911689814814814,0,36.1
42aebcf14e4f87531de5beadc2ab8524,5fdc1a32e70642cae75d546be2b309bf,delivered,2017-05-11 02:34:52,2017-05-11 02:45:11,2017-05-11 10:23:49,2017-05-20 11:33:09,2017-06-06,633.14,18.18,1,1,651.32,10,1,4.0,1.0,d6bc9f1074044a4e8acd75dba0f9bde2,74835,goiania,GO,9.37380787037037,25.892453703703705,0,651.3199999999999
bda2bdc90adfc917e17c05a6612ddc63,1bd51f72963d849adbe7640fa2070952,delivered,2017-05-11 05:57:16,2017-05-12 02:55:23,2017-05-15 09:05:11,2017-05-20 12:57:53,2017-06-05,258.99,20.05,1,1,279.04,1,1,5.0,1.0,68ae819c73eb9de8d35cd66a147f0a68,22441,rio de janeiro,RJ,9.292094907407407,24.751898148148147,0,279.04
ecdc847ed73d804147eb009dec3a0a0c,c6a9becaa9e9a12a50b0f9ec880b67d3,delivered,2017-05-11 07:17:44,2017-05-11 08:02:32,2017-05-11 10:12:05,2017-05-12 14:52:54,2017-05-22,12.97,7.78,1,1,20.75,2,1,4.0,1.0,da41aa4b51170b9820d0db606518e6b0,4313,sao paulo,SP,1.316087962962963,10.69601851851852,0,20.75
2c873905af0c5322bd6977727e79d8e2,cefd39a6ff2581a671f4ece797bc6229,delivered,2017-05-11 08:05:02,2017-05-11 08:15:12,2017-05-12 08:33:13,2017-06-07 13:30:14,2017-06-06,79.9,25.84,1,1,105.74,5,1,2.0,1.0,9a006811efc614524b94d424925aad23,29273,paraju,ES,27.225833333333334,25.663171296296298,1,105.74000000000001
5e59c927dc00fd6d6f9661fd8736989c,a7ae8cfbb255712ae4be978b7bfab901,delivered,2017-05-11 08:38:46,2017-05-13 03:05:25,2017-05-13 10:40:25,2017-05-18 10:10:11,2017-05-31,116.0,15.56,1,1,131.56,1,1,5.0,1.0,e14705d2e06ab8ee7c665f21c72f874f,84010,ponta grossa,PR,7.063483796296296,19.63974537037037,0,131.56
9d7a96279b14559afb68ea97f4767f33,6ead771fa151a566436c30ca97f90644,delivered,2017-05-11 08:39:53,2017-05-11 08:50:09,2017-05-11 13:56:27,2017-05-19 08:51:39,2017-06-12,115.0,23.91,2,1,138.91,9,1,5.0,1.0,c536f6076a522ee8ef654e5ba09a19a4,6273,osasco,SP,8.008171296296297,31.638969907407407,0,138.91
964c1e8e56d744d63b0087e6f30692e6,30a041bb6eaeea6d6d9720d4467b692e,delivered,2017-05-11 08:58:23,2017-05-11 09:10:19,2017-05-11 12:26:17,2017-05-23 16:39:32,2017-06-02,114.99,25.64,1,1,140.63,8,1,5.0,1.0,ee38964ff5dce9236b6aca9fb0046038,94150,gravatai,RS,12.320243055555556,21.626122685185184,0,140.63
b693d6c35867fa1937455e04f2547df2,eec909ab0da04f0d3e92f898c6994d37,delivered,2017-05-11 09:13:17,2017-05-11 09:25:21,2017-05-11 10:09:25,2017-05-16 09:42:08,2017-05-31,94.9,14.41,1,1,109.31,5,1,5.0,1.0,00dd4390a8e8ad7a126e8331decc49ce,20540,rio de janeiro,RJ,5.020034722222222,19.61577546296296,0,109.31
464b622b9d163f8703cdfe7e0f24f8fc,2f2a18396252a2657d9410d4c36be0c6,delivered,2017-05-11 09:19:10,2017-05-11 09:25:28,2017-05-11 12:43:03,2017-05-19 15:41:39,2017-06-02,32.64,15.1,1,1,47.74,4,1,5.0,1.0,11b47516f8f6a42105b9807903ede333,28300,itaperuna,RJ,8.265613425925926,21.611689814814813,0,47.74
e6b85212f850856b7617804765770a0b,85af9b999c9349c4910ea6dfdaf43ada,delivered,2017-05-11 09:24:29,2017-05-11 09:35:20,2017-05-11 12:12:07,2017-05-15 14:33:39,2017-05-31,69.9,17.74,1,1,87.64,2,1,5.0,1.0,69e3c36bb9719c3c3714725a144d355d,37701,pocos de caldas,MG,4.214699074074074,19.607997685185186,0,87.64
32d2334fd92758d51bd693badb2bc91a,5949e53fa3ca207aab85533fd2175123,delivered,2017-05-11 09:25:36,2017-05-13 03:05:25,2017-05-15 10:09:49,2017-05-25 13:52:09,2017-06-05,160.0,21.61,1,1,181.61,1,1,5.0,1.0,f2a20646a87c3fa18a908370905a7f94,29480,muqui,ES,14.185104166666667,24.607222222222223,0,181.61
6be4d7e8b8ba138c6ebae6bba4d14fc5,9b3a1839ff915bd1c62f01725598acca,delivered,2017-05-11 10:01:43,2017-05-11 10:15:18,2017-05-12 09:58:01,2017-05-18 16:44:54,2017-05-31,129.99,18.16,1,1,148.15,2,1,5.0,1.0,3d6cba2464a5a92a342347462aa89b6e,27966,macae,RJ,7.279988425925926,19.582141203703703,0,148.15
ff2a14d39dcd0b0368cb8ab4629329f0,892863ebaf42fbf7dfe545a8ccc6d6c5,delivered,2017-05-11 10:11:25,2017-05-11 10:23:05,2017-05-12 15:32:01,2017-05-19 11:34:42,2017-05-31,97.0,15.43,1,1,112.43,4,1,5.0,1.0,bdfc72cd388c7041e5a1a7409d104699,14807,araraquara,SP,8.057835648148147,19.575405092592593,0,112.43
4610355b7b9a4c4d4c176acaf273b7e2,cbc69ea8e3b1fdb3cbc421f7d3f72fc1,delivered,2017-05-11 10:17:37,2017-05-11 10:25:23,2017-05-16 11:22:31,2017-05-24 08:37:41,2017-06-05,130.0,15.66,1,1,145.66,1,1,5.0,1.0,e8c460b5205d1bf57563df974affcb78,99950,tapejara,RS,12.930601851851852,24.571099537037036,0,145.66
52b5d7a8d05435a607e602cc6d22af5c,af8138aa5b27973d5ecd882bcc3fd296,delivered,2017-05-11 10:19:00,2017-05-11 10:25:26,2017-05-12 15:26:47,2017-06-01 18:36:29,2017-06-12,147.0,76.14,3,1,223.14,5,1,1.0,1.0,947c249c7f31f3eae2bd05454e1b2040,50070,recife,PE,21.34547453703704,31.570138888888888,0,223.14
d23d2182819dd427049cf791f8b3f622,1dcf22ba080f8d33b817de2f69e25759,delivered,2017-05-11 10:19:12,2017-05-11 10:25:26,2017-05-12 18:52:08,2017-05-22 07:53:53,2017-05-31,22.0,15.1,1,1,37.1,1,1,2.0,1.0,7397210b6b1c62f455f2dc7f758fa74a,86046,londrina,PR,10.899085648148148,19.57,0,37.1
7bd4e2449b48b17c96f04de5349e06bf,bd4748b76931c03cf64232054040655b,delivered,2017-05-11 10:36:25,2017-05-11 10:45:15,2017-05-11 11:41:29,2017-05-17 11:04:22,2017-05-19,27.9,9.34,1,1,37.24,1,1,5.0,1.0,9acbca23d5c25182fc93de443e170295,4902,sao paulo,SP,6.019409722222222,7.5580439814814815,0,37.239999999999995
0e87080068e82503382f3c532778fb24,d137c07565f044ac3f6090ab8f77eabf,delivered,2017-05-11 10:42:06,2017-05-11 11:02:50,2017-05-12 10:41:19,2017-05-25 12:34:34,2017-06-06,25.99,25.63,1,1,51.62,1,1,3.0,1.0,17b13c39de5ee1d7af1a195c24bae7a4,77824,araguaina,TO,14.078101851851851,25.55409722222222,0,51.62
150d0b8f9129df81f8190e24c9254477,35f895b0df1f9b6ba0f64e1d7c0874c0,delivered,2017-05-11 10:49:52,2017-05-11 11:05:15,2017-05-15 09:45:52,2017-05-18 17:08:56,2017-06-02,89.9,16.07,1,1,105.97,10,1,5.0,1.0,8476f20594a14e575f2a2cf36c29916e,6835,embu das artes,SP,7.26324074074074,21.548703703703705,0,105.97
44ee389142c744e5c8e7b6c8343dbdc7,33e0063ceed8499d4c9906865945665c,delivered,2017-05-11 10:51:40,2017-05-11 11:05:15,2017-05-16 08:03:35,2017-05-19 11:27:50,2017-05-31,124.9,21.36,1,1,146.26,1,1,5.0,1.0,c0c85f4c42fd98c6b5669dbc85a77bf2,37502,itajuba,MG,8.025115740740741,19.547453703703702,0,146.26
782d3bc431fb7dfe50633f53fff4ac62,896989a5e9110fb3c1301a9f5ae7ee93,delivered,2017-05-11 11:03:40,2017-05-11 11:15:18,2017-05-17 12:36:40,2017-05-18 11:47:50,2017-05-19,34.9,11.73,1,1,46.63,3,1,5.0,1.0,d6b3ab933d857690e1239a36f433cca5,3480,sao paulo,SP,7.030671296296297,7.53912037037037,0,46.629999999999995
a16c048c79d11f82c31fb4fbf407e6cf,08faaa96437305ceef6b95a46cfd0030,delivered,2017-05-11 11:14:00,2017-05-11 11:25:27,2017-05-12 14:15:11,2017-05-18 14:11:33,2017-06-05,59.49,15.18,1,1,74.67,1,1,1.0,1.0,9176a9ea5acac529c987e679e80a953c,83701,araucaria,PR,7.123298611111111,24.531944444444445,0,74.67
73612117a85e3e65d7ac69f7e5df1540,3902c3ceae6fd5eb42741d8ea50cd0c1,delivered,2017-05-11 11:20:45,2017-05-11 11:35:15,2017-05-15 06:55:57,2017-05-19 15:18:04,2017-05-31,82.9,14.33,1,1,97.23,6,1,5.0,1.0,7db6c979a6191256ac44003289324e33,30642,belo horizonte,MG,8.16480324074074,19.527256944444446,0,97.23
d112a6ef5cdb3b9a169fbf4bbd7dcabc,4d2e787054eeed8efc8919a4d16431bf,delivered,2017-05-11 11:44:50,2017-05-12 02:55:49,2017-05-12 09:02:56,2017-05-15 17:16:57,2017-05-19,17.97,8.9,1,1,26.87,1,1,4.0,1.0,6c0d12ea45068c8e739a20b7de2995d4,22770,rio de janeiro,RJ,4.230636574074074,7.510532407407408,0,26.869999999999997
2c2aee01af5e98a463c29e726ba3a272,f02c4a831d9fc285c178f61afdce2b5b,delivered,2017-05-11 11:47:42,2017-05-11 11:55:23,2017-05-12 07:19:38,2017-05-15 14:22:23,2017-06-01,129.9,16.67,1,1,146.57,7,1,5.0,1.0,d08ddb2cce5c55f8dd09cedbae2134f5,36880,muriae,MG,4.107418981481482,20.508541666666666,0,146.57
b4d84c94b807c15d5499ce40b6122efd,2e460574e3012e1d2383aa85bb954772,delivered,2017-05-11 12:07:25,2017-05-11 13:05:35,2017-05-15 06:28:10,2017-05-16 22:39:44,2017-05-19,349.0,11.26,1,1,360.26,10,1,4.0,1.0,1b830d5de10304195ed5168c2eb936c9,5439,sao paulo,SP,5.4391087962962965,7.494849537037037,0,360.26
db6c6df011e1bcc8e03e81b23982a1dc,75c8873878785af64664ea575dc50c52,delivered,2017-05-11 12:10:03,2017-05-11 13:05:31,2017-05-15 11:13:22,2017-05-19 19:22:16,2017-05-31,93.65,32.349999999999994,2,2,126.0,4,1,3.0,1.0,7e53420f2126366b3489c18314f82803,38414,uberlandia,MG,8.300150462962963,19.493020833333333,0,126.0
4b011623f156eda7b6bf757d1a1cb78a,869e496dc7136ad068c0742cebe8ac46,delivered,2017-05-11 12:14:05,2017-05-12 02:45:21,2017-05-12 09:21:42,2017-05-15 19:37:29,2017-05-29,98.9,12.19,1,1,111.09,1,1,4.0,1.0,2b700e5ebaf263b6563082bca4f93939,12050,taubate,SP,4.307916666666666,17.490219907407408,0,111.09
b0aa40cb4d3896dc362952db107dd27a,c963a11c36f0bc769bcf6ae11d514fb6,delivered,2017-05-11 12:17:31,2017-05-11 13:05:43,2017-05-12 12:09:05,2017-05-23 10:12:16,2017-06-02,79.9,13.58,1,1,93.48,3,1,4.0,1.0,307cc167a2ddea827ed62a5ece10db54,8473,sao paulo,SP,11.913020833333333,21.48783564814815,0,93.48
0652543c9f8586d33500c3d0e4ddc6a6,eb20fef7768b67afc7386c89b07fc19b,delivered,2017-05-11 12:28:01,2017-05-11 13:05:52,2017-05-12 10:05:40,2017-05-18 09:59:34,2017-05-22,52.99,9.34,1,1,62.33,1,1,4.0,1.0,45a6800ade995b76321b59e7b6bb290b,8247,sao paulo,SP,6.896909722222222,10.480543981481482,0,62.33
dc29f6e951801aef32e47bfb534d0c39,d8f4276da09c01298b52084ccb4777bb,delivered,2017-05-11 12:29:55,2017-05-11 13:05:49,2017-05-12 15:55:29,2017-05-16 14:17:47,2017-05-31,39.9,15.1,1,1,55.0,1,1,5.0,1.0,73571003081a889e91c17d68ecc2b260,8747,mogi das cruzes,SP,5.074907407407407,19.479224537037037,0,55.0
24f937ccbe294a3f3d24859938e01915,beec9c534ac45cd57b2c1f8212a7535a,delivered,2017-05-11 12:58:50,2017-05-11 13:10:40,2017-05-12 09:58:01,2017-05-18 16:08:00,2017-05-31,69.99,17.74,1,1,87.73,1,1,1.0,1.0,dd5055272361b8596f7e1ab093167f92,27920,macae,RJ,7.1313657407407405,19.45914351851852,0,87.72999999999999
34fa619907e44766d5119a7ac48c56de,f851a04dcd8b9fde66d04b3aa11adbf5,delivered,2017-05-11 13:02:04,2017-05-11 13:15:14,2017-05-12 09:58:01,2017-05-23 11:46:25,2017-06-08,99.99,17.27,1,1,117.26,4,1,4.0,1.0,d7706368f76ec8ce840dd29ec1e2060a,40330,salvador,BA,11.947465277777777,27.45689814814815,0,117.25999999999999
68478192b2b8e0b480a2d3b3d18cce9b,dd7c1a80971bb39440c1a9b6b814eaa1,delivered,2017-05-11 13:06:34,2017-05-12 02:45:14,2017-05-13 07:23:36,2017-05-16 18:14:32,2017-05-29,139.8,23.98,2,1,163.78,1,1,4.0,1.0,d05a3c50bb0c2502af86b39bd26f0c1b,4514,sao paulo,SP,5.213865740740741,17.453773148148148,0,163.78
3f0c4716830a238b2b31f0ea8e6abeb4,85a12516acdac9ff93fa0b54dad839b0,delivered,2017-05-11 13:08:04,2017-05-11 13:22:09,2017-05-12 09:57:59,2017-05-23 15:21:21,2017-06-02,219.99,16.29,1,1,236.28,8,1,4.0,1.0,26292c7f6cab5326ad3170e414cc8f44,95110,caxias do sul,RS,12.09255787037037,21.452731481481482,0,236.28
7876543fa2ace4e27b82861d1330ecb4,67dcf09944b3b8cfcb565059b9076770,delivered,2017-05-11 13:10:22,2017-05-13 03:05:30,2017-05-15 10:47:47,2017-05-16 14:37:59,2017-05-19,22.99,7.78,1,1,30.77,1,1,4.0,1.0,bb5d56c164166308850d401b9e789654,13280,vinhedo,SP,5.060844907407407,7.451134259259259,0,30.77
686e2fc048d3d4677583ebad2a721b6a,511b5a1256aa314a4c9480950b00f1d2,delivered,2017-05-11 13:14:01,2017-05-11 13:25:30,2017-05-12 08:47:13,2017-05-24 12:07:34,2017-06-02,26.89,16.11,1,1,43.0,1,1,5.0,1.0,82fb46292a999e7db9e2391c407f76e4,29101,vila velha,ES,12.953854166666666,21.448599537037037,0,43.0
c92d9519d152fad30fdcaa7bcbdbc30c,204bacea7cec91f9a4c9cab70ea3739e,delivered,2017-05-11 13:16:20,2017-05-11 13:25:37,2017-05-11 14:51:43,2017-05-17 12:53:44,2017-06-02,109.9,16.21,1,1,126.11,4,1,2.0,1.0,548984292afdde8d4aae26a60f01c883,81310,curitiba,PR,5.984305555555555,21.44699074074074,0,126.11000000000001
34ce7ddc1fbf9185fc40a6b30fdace6c,e4b3914855484b3bf77b28486d0247bc,delivered,2017-05-11 13:17:27,2017-05-11 13:25:38,2017-05-11 14:50:09,2017-05-22 12:22:23,2017-05-31,290.99,17.8,1,1,308.79,10,1,5.0,1.0,bb4bfd71186140b526b7b38c44e82c84,22793,rio de janeiro,RJ,10.96175925925926,19.446215277777778,0,308.79
4413e915d30cf9e317b0c016f76cdcbc,52f7baf30ea546558b3216fdd25b36c8,delivered,2017-05-11 13:22:02,2017-05-12 02:45:22,2017-05-20 09:15:01,2017-05-24 17:24:50,2017-06-07,399.0,33.54,1,1,432.54,1,1,5.0,1.0,bf125c96ccfb2f5e0e7a5334a09d7275,83215,paranagua,PR,13.168611111111112,26.443032407407408,0,432.54
7905195351d6b5454db9c308ab72288e,bd4c91149540cc1420e2bdead839f3cc,delivered,2017-05-11 13:32:48,2017-05-12 13:42:55,2017-05-16 09:42:43,2017-05-26 13:04:59,2017-06-16,115.99,37.39,2,1,153.38,2,1,5.0,1.0,d90ad5d193792bb1ea740bd2168f2414,41150,salvador,BA,14.980682870370371,35.43555555555555,0,153.38
964c6b3ee27c9fc1f196358f7065e774,865797c9ea7b60434851c0480a3245de,delivered,2017-05-11 13:35:03,2017-05-12 13:42:53,2017-05-15 13:24:19,2017-05-23 13:13:44,2017-06-02,126.0,128.44,1,1,254.44,10,1,5.0,1.0,623c76bb5fd6d8ede3046f45ad240977,75830,mineiros,GO,11.98519675925926,21.433993055555554,0,254.44
c84b383da1173fe2b3b8dc1052c66821,d452a5b89cea2506ed5d8e032964787f,delivered,2017-05-11 13:43:44,2017-05-13 03:10:07,2017-05-20 07:43:41,2017-05-23 15:25:01,2017-05-31,24.99,7.78,1,1,32.77,1,1,5.0,1.0,9afb61455d41afffa3ea550d1cfd832c,5348,sao paulo,SP,12.070335648148149,19.42796296296296,0,32.769999999999996
1ba88e3e2b2311150e8609fbb731ac99,cb3e3dbb6bb631dc9cd99180e55119bc,delivered,2017-05-11 13:46:17,2017-05-11 13:55:19,2017-05-12 18:26:04,2017-05-15 12:06:35,2017-05-31,252.0,15.51,1,1,267.51,3,1,1.0,1.0,71e280dabe3303a8d137284d61acac27,9540,sao caetano do sul,SP,3.930763888888889,19.42619212962963,0,267.51
17825f24877a9289214c301ae0c9424b,9b8ce803689b3562defaad4613ef426f,delivered,2017-05-11 13:48:47,2017-05-13 11:55:16,2017-05-15 15:30:02,2017-06-07 12:02:14,2017-05-30,89.9,12.13,1,1,102.03,1,2,,,7f3a72e8f988c6e735ba118d54f47458,5416,sao paulo,SP,26.926006944444445,18.42445601851852,1,102.03
fa638db0d045b2d04da362622e1f48c9,cbaf40a8d68ae96197afbbde97f96cdf,delivered,2017-05-11 13:52:30,2017-05-13 02:55:06,2017-05-20 07:43:42,2017-05-23 20:37:55,2017-05-31,24.99,7.78,1,1,32.77,1,1,5.0,1.0,9afb61455d41afffa3ea550d1cfd832c,5348,sao paulo,SP,12.281539351851851,19.421875,0,32.769999999999996
c89fd00e1f223872ff105cd5abf2f659,ecc4c57f91567adc1932e27d5913d3d7,delivered,2017-05-11 13:55:12,2017-05-12 02:50:45,2017-05-12 15:05:55,2017-05-17 10:53:55,2017-05-29,89.9,12.13,1,1,102.03,1,1,5.0,1.0,5b40a8eb3d0fe9467298ce9d35f22dec,13495,iracemapolis,SP,5.874108796296296,17.42,0,102.03
ab9a3c29c4b67aaca311cad95058153a,84c25336ff90f2e2b233e6df15840570,delivered,2017-05-11 13:56:39,2017-05-11 14:10:18,2017-05-12 12:43:00,2017-05-15 07:13:50,2017-05-19,109.9,21.42,1,1,131.32,1,1,5.0,1.0,d20f34444ce44ca683d46e9da98456e1,8685,suzano,SP,3.7202662037037038,7.418993055555555,0,131.32
aee8131e9015100163acf980dee10533,7a375a6afdd7f2db74c57a74568439fb,delivered,2017-05-11 14:04:20,2017-05-12 02:45:20,2017-05-16 12:18:10,2017-05-24 18:53:39,2017-06-08,12.99,15.1,1,1,28.09,1,1,5.0,1.0,853e396ef794a4eeae9b8ef67f974b6a,87200,cianorte,PR,13.200914351851852,27.413657407407406,0,28.09
61ece6128fbdf0024d0bc2e6a816b1ff,7dfcd47ecae5860d7c47befdc84c7d4e,delivered,2017-05-11 14:12:53,2017-05-11 14:22:25,2017-05-12 13:49:54,2017-05-15 16:02:53,2017-05-31,79.8,28.2,2,1,108.0,3,1,5.0,1.0,69331785d73730e2b88702e018db1f12,24110,niteroi,RJ,4.076388888888889,19.407719907407408,0,108.0
91d62a361b8c239a73fa1d50961da3fb,ba74d47434e0ebf1840b5c9341451fba,delivered,2017-05-11 14:19:13,2017-05-11 14:25:14,2017-05-12 14:10:40,2017-05-19 18:42:02,2017-06-06,35.0,14.1,1,1,49.1,2,1,4.0,1.0,68a42f27fe5a944473c10b8950cb94b9,29070,vitoria,ES,8.182511574074073,25.40332175925926,0,49.1
3b773756d8fc59a7cd1a0c4ac584e397,22be9dd12bf9b04ef446b193422db6f9,delivered,2017-05-11 14:20:51,2017-05-11 14:35:12,2017-05-12 10:02:58,2017-05-22 13:18:07,2017-06-13,140.9,26.27,1,1,188.96,10,1,3.0,1.0,8fbeb42e8fa02b1b0eeb50462bb017c5,90200,porto alegre,RS,10.956435185185185,32.4021875,0,167.17000000000002
aecf3e50acb5123797d7beb4d44ffbe5,6ed4624199a0bcf855a11dcf9be6e7a0,delivered,2017-05-11 14:26:06,2017-05-11 14:42:32,2017-05-12 09:21:52,2017-05-17 09:26:31,2017-06-02,16.9,15.1,1,1,32.0,1,1,5.0,1.0,331e1d10644f5ad1d0522b87237b3a6c,70722,brasilia,DF,5.791956018518518,21.398541666666667,0,32.0
aef44da6faceeca54a90d604ddca07b7,9b9cd22762b75ac6f5cb702eb7c7f758,delivered,2017-05-11 14:35:20,2017-05-11 14:45:12,2017-05-15 08:15:59,2017-05-23 21:04:01,2017-05-29,219.99,19.43,1,1,239.42,3,1,4.0,1.0,467c8269886e9c67ab2ec1d5ea86d9f4,2415,sao paulo,SP,12.269918981481482,17.39212962962963,0,239.42000000000002
a50d174e10ae3a318551a633cffe8e9b,5eb90b3b173b853d40a5a388fc9f9f35,delivered,2017-05-11 14:35:52,2017-05-12 02:55:34,2017-05-22 20:17:47,2017-05-29 13:05:52,2017-05-19,89.9,21.28,1,1,111.18,1,1,1.0,1.0,7c97ce5cbef70b0542c27ed63641a38e,7072,guarulhos,SP,17.9375,7.391759259259259,1,111.18
0fb130991a0a1c824371ba3df52881f3,e3af2f250469e17b82d7faeab2e5d26a,delivered,2017-05-11 14:36:21,2017-05-11 14:45:15,2017-05-12 12:29:35,2017-05-15 14:26:43,2017-05-30,129.9,13.25,1,1,143.15,6,1,5.0,1.0,3f3d89793226620227507c6ec9df2f53,9441,ribeirao pires,SP,3.993310185185185,18.39142361111111,0,143.15
17c9362cdf27556b1765d93729c3beb2,efb45eecb70bb27f975a210586d2c726,delivered,2017-05-11 14:37:06,2017-05-11 14:45:15,2017-05-12 12:47:53,2017-05-26 10:37:57,2017-06-05,89.99,16.39,1,1,106.38,1,1,5.0,1.0,c5c742af68f4e716c4f18b507f17ed2e,71070,brasilia,DF,14.83392361111111,24.39090277777778,0,106.38
b6cd84e6c9328ed77a9e0401e661eeb8,776d24c2bd8c17b3c32f753308c0a8be,delivered,2017-05-11 14:39:36,2017-05-11 14:50:18,2017-05-13 07:23:36,2017-05-17 12:23:04,2017-05-31,69.9,15.24,1,1,85.14,1,1,5.0,1.0,7d2f9a6c5762a7ecee64eebfab2644d1,82300,curitiba,PR,5.905185185185185,19.389166666666668,0,85.14
287e90d08a100fd2ecbfd8a82dddad5b,7d1219e8f53f6b445b3d230c0794e337,delivered,2017-05-11 14:39:53,2017-05-11 14:50:17,2017-05-12 11:14:30,2017-05-22 16:13:36,2017-05-31,103.97,45.19,1,1,149.16,6,1,4.0,1.0,63cfc61cee11cbe306bff5857d00bfe4,23535,rio de janeiro,RJ,11.06508101851852,19.388969907407407,0,149.16
0542a77eb7f00f9ed2f08c1dba22a43c,81bf8b2387b9d3716a34a33be63c45ea,delivered,2017-05-11 14:40:14,2017-05-13 02:55:22,2017-05-16 11:44:35,2017-05-25 08:18:49,2017-05-30,15.75,11.85,1,1,27.6,1,1,3.0,1.0,6da1f239b54ae1312f44837503ff6d1a,11085,santos,SP,13.735127314814815,18.388726851851853,0,27.6
9c9e682bee9157ebdd3875801b35e626,64c576ffa455a2dbeb018c35fc167916,delivered,2017-05-11 14:47:29,2017-05-11 14:55:19,2017-05-12 10:41:18,2017-05-15 06:53:47,2017-05-19,39.99,7.78,1,1,47.77,4,1,5.0,1.0,deff2c7ac22cbeadd688e67271ba57ba,3757,sao paulo,SP,3.6710416666666665,7.38369212962963,0,47.77
8a5631237c1d8626971f2867b25c076e,3e6ed5c2c1fc1db541037c7d9577d675,delivered,2017-05-11 14:52:11,2017-05-12 15:02:41,2017-05-15 13:58:22,2017-05-23 11:47:56,2017-05-31,889.99,22.8,1,1,912.79,10,1,,,e13c03e7d1790e68bd486fe323b0a0ce,29146,cariacica,ES,11.872048611111111,19.38042824074074,0,912.79
dd36773263ff4067f6b50d5a7ad9d8b8,80ab6bbd8027f608ce6fdd8eeba13c3b,delivered,2017-05-11 14:56:16,2017-05-11 15:10:21,2017-05-12 09:57:59,2017-05-15 08:59:48,2017-05-19,129.99,12.11,1,1,142.1,3,1,5.0,1.0,adc01bff75c8f595b059d6939bc30c6f,3622,sao paulo,SP,3.752453703703704,7.377592592592593,0,142.10000000000002
87fcaa805e96b64e38168bbb1852225b,61904f4433f98a2b17c4c483c179c8a2,delivered,2017-05-11 14:57:00,2017-05-11 15:10:21,2017-05-13 07:41:46,2017-05-25 18:39:20,2017-05-31,109.4,36.43,1,1,145.82999999999998,1,2,3.0,1.0,def563a5ca1027fc17b6c86a6162fb96,5186,sao paulo,SP,14.154398148148148,19.377083333333335,0,145.83
3c52e7be8ba845bcc76da9b51990e6cc,628f1237180b751c1a995cda15e51b76,delivered,2017-05-11 14:58:59,2017-05-12 02:50:22,2017-05-12 11:31:04,2017-05-17 11:37:45,2017-05-29,1129.34,19.41,1,1,1148.75,1,1,4.0,1.0,78ad39e87476ac52f150e22ecbd31aed,18077,sorocaba,SP,5.86025462962963,17.375706018518517,0,1148.75
8be0e6cff38ca7f3d8709433d1f649af,748454d655fa072522bdeb9c6218c3ae,delivered,2017-05-11 15:10:52,2017-05-11 15:22:01,2017-05-16 12:56:30,2017-05-22 18:13:38,2017-06-12,22.9,11.85,1,1,34.75,2,1,1.0,1.0,e99b608c40aea421492b36cacae224af,6194,osasco,SP,11.126921296296297,31.367453703703703,0,34.75
2e1b074e37ffb5219c44ca05f75ab8a5,fa3f6cee2a3049c504e8995b38da69db,delivered,2017-05-11 15:19:44,2017-05-11 15:35:13,2017-05-12 17:54:46,2017-05-18 09:48:55,2017-06-07,161.99,23.0,1,1,184.99,10,1,5.0,1.0,bb842078b0f4da2a85030aecd428b59b,22411,rio de janeiro,RJ,6.770266203703704,26.361296296296295,0,184.99
6db6ea05fce4b5694e9c6e6afaddfe4c,48eb960908c62e7f95438067a731697e,delivered,2017-05-11 15:40:17,2017-05-11 15:50:17,2017-05-18 11:00:05,2017-05-19 12:32:24,2017-05-22,59.9,9.74,1,1,69.64,1,1,5.0,1.0,d8f103dcf9a6b7ddfdee66044761e9e9,80030,curitiba,PR,7.869525462962963,10.347025462962963,0,69.64
e147052b9ecc00bf938f9e8581944207,b00b81a9b7416a8fe6ebe883a5e5ea7a,delivered,2017-05-11 16:03:58,2017-05-15 11:33:24,2017-05-17 12:59:29,2017-05-30 05:49:41,2017-06-14,220.0,43.95,1,1,263.95,4,1,4.0,1.0,c9a91bec3bfa5993c6560e6dd6bb5beb,58701,patos,PB,18.573414351851852,33.3305787037037,0,263.95
57232372e09e40010fd0264135cd2c43,b622c09c123485c3cb43854c319f8ac0,delivered,2017-05-11 16:15:03,2017-05-12 02:50:37,2017-05-12 12:00:10,2017-05-22 10:27:35,2017-06-01,115.0,16.57,1,1,131.57,1,1,3.0,1.0,4d0a36655fd8b23418624efafef982c3,33110,santa luzia,MG,10.758703703703704,20.322881944444443,0,131.57
f4836c9fdf304c98f625b549ea6bbc39,23005111bb3890d6caf375df57ffcf79,delivered,2017-05-11 16:19:03,2017-05-12 02:50:49,2017-05-19 18:27:56,2017-05-24 15:33:52,2017-06-06,146.99,32.06,1,1,179.05,1,1,1.0,1.0,a4b69f3f2b0ea381b62b3589d8c47b51,17017,bauru,SP,12.968622685185185,25.320104166666667,0,179.05
4d8efbb494637eed83bd4bb6d8bbf9f7,2eb8fe9f9cae4b5b98accf78c075b2be,delivered,2017-05-11 16:20:58,2017-05-11 16:35:12,2017-05-17 13:43:51,2017-05-23 10:57:49,2017-05-31,169.9,36.85,1,1,206.75,9,1,5.0,1.0,10e7dded50de2fa7196a8788bec2c091,5633,sao paulo,SP,11.775590277777777,19.318773148148146,0,206.75
5e42950b6aa90d698e75af4e41641386,c9fe1c67c4d2d851dd6d1a81751636a2,delivered,2017-05-11 16:21:10,2017-05-11 16:35:09,2017-05-16 15:29:09,2017-06-27 09:32:09,2017-06-14,97.99,41.08,1,1,139.07,5,1,,,b0a80f18a9efe22e2eb45a67db168ef9,24903,marica,RJ,46.71596064814815,33.31863425925926,1,139.07
7b95d76914bb5cec919366223c2f3190,6d00cd7a9751462820dddbed135e3375,delivered,2017-05-11 16:27:13,2017-05-11 16:43:27,2017-05-18 07:25:37,2017-05-25 08:57:48,2017-06-13,269.0,22.72,1,1,291.71999999999997,1,2,3.0,1.0,a2cb4f6348c28f91948c48b744559952,74815,goiania,GO,13.687905092592592,32.31443287037037,0,291.72
a59c3add113d01bce5f53f04fc17d73f,eaa4b33379b77dabc2dd8f1e8910b6b6,delivered,2017-05-11 16:29:18,2017-05-11 16:43:33,2017-05-15 09:23:50,2017-05-26 13:56:39,2017-06-08,53.7,34.18,1,1,87.88,3,1,5.0,1.0,60fdab697b7f3519c2f915eda735da2c,74563,goiania,GO,14.893993055555555,27.312986111111112,0,87.88
a09a1cd89b42dac119675e8e9daed651,800604e8e19c792e62f85c2e8460e8a0,delivered,2017-05-11 16:33:46,2017-05-11 16:45:24,2017-05-12 09:57:55,2017-05-18 11:07:58,2017-05-31,219.99,17.79,1,1,237.78,2,1,5.0,1.0,d2e06879f876c6324693e96b0be07cf9,22061,rio de janeiro,RJ,6.77375,19.30988425925926,0,237.78
c68e47bd3dab5dd575a6c65848663923,104116a0f3d6a9f2716652c0e051469f,delivered,2017-05-11 16:36:32,2017-05-11 16:45:25,2017-05-12 12:05:57,2017-05-23 11:33:00,2017-05-31,59.9,17.67,1,1,77.57,2,1,5.0,1.0,95ec7fc6a1605502060075958c3f9852,16700,guararapes,SP,11.789212962962964,19.307962962962964,0,77.57
d0e8691378e622e52c60c3302d78db21,b8bf3bcde8b793b18ec6ba04aa3b0ec0,delivered,2017-05-11 16:50:48,2017-05-11 17:05:17,2017-05-12 14:00:46,2017-05-17 09:32:28,2017-06-01,225.0,16.32,1,1,241.32,10,1,5.0,1.0,d9d5d4a68de54f4eb9b236d77933a763,37140,areado,MG,5.695601851851852,20.298055555555557,0,241.32
4d2cdf20fe9f9e0f398d9323ae332b08,f222821ab815b3f4d0613cf19aad3121,delivered,2017-05-11 16:53:15,2017-05-11 17:05:17,2017-05-12 10:33:26,2017-05-23 15:42:08,2017-05-31,59.99,16.18,1,1,76.17,5,1,2.0,1.0,ebfc820e315239c05c86dc16a39ead96,30441,belo horizonte,MG,11.950613425925926,19.296354166666667,0,76.17
ba5582297f33dec2e8dae2ac020c1d26,3a71c671e598d5c038c5f0ebd94b4fa1,delivered,2017-05-11 17:06:11,2017-05-11 17:15:24,2017-05-16 16:31:42,2017-05-23 12:57:38,2017-05-31,79.99,17.81,1,1,97.8,1,1,5.0,1.0,3a8a72a9fbe1053b4bbecd41914a2995,19064,presidente prudente,SP,11.827395833333334,19.287372685185186,0,97.8
ea8a923ae9fcd23e6fa17eea177c3cc1,067fc5b946c13af561c35e8c6aaa1dd0,delivered,2017-05-11 17:10:38,2017-05-11 17:22:14,2017-05-16 08:08:41,2017-05-18 16:08:05,2017-05-19,34.9,9.34,1,1,44.24,3,1,5.0,1.0,cab990a33edd2081f35570a285bf0dca,8590,itaquaquecetuba,SP,6.9565625,7.2842824074074075,0,44.239999999999995
09b748b3799286e3df820f2d5528abbc,2a2fd17c1706896127eff21e3750c0ea,delivered,2017-05-11 17:15:48,2017-05-12 02:45:25,2017-05-15 09:45:54,2017-05-18 09:47:37,2017-06-06,249.0,25.12,1,1,274.12,1,1,5.0,1.0,5f5fdb9bc306b91204388b0b8da5ed6c,5444,sao paulo,SP,6.688761574074074,25.280694444444446,0,274.12
e3852ebb9e79c3422a17692da2c89ee5,6c8c750a8bdda3b271cb8e9ff5c13bfa,delivered,2017-05-11 17:19:02,2017-05-11 17:25:27,2017-05-12 15:03:00,2017-05-22 14:15:43,2017-05-31,51.2,15.11,1,1,66.31,1,1,5.0,1.0,13afb2034033c0323485439f2db54815,31270,belo horizonte,MG,10.87269675925926,19.278449074074075,0,66.31
d39bab8a9af00bb16a6a2bb759d03bd3,eed444dadc28f192c8b1521c754eca1a,delivered,2017-05-11 17:25:25,2017-05-11 17:35:17,2017-05-17 11:45:51,2017-05-19 13:44:50,2017-05-19,37.9,8.11,1,1,46.01,1,1,5.0,1.0,1869558cd2dd43d23788508b5a9aa5ba,82810,curitiba,PR,7.846817129629629,7.274016203703703,1,46.01
2eff66aa79a98f80268d0632d8b0c6e1,16c5e6f9f7b7f5807effe487f706f404,delivered,2017-05-11 17:29:26,2017-05-11 17:42:12,2017-05-12 08:31:33,2017-05-18 17:16:56,2017-06-05,65.9,16.22,1,1,82.12,1,1,5.0,1.0,282d5364381d50944af8f3a47ee9d364,13613,leme,SP,6.991319444444445,24.271226851851853,0,82.12
24014414a15d7274cad8a2917fe1f040,41b3c5c585822fbdee3b0b136b9696c4,delivered,2017-05-11 17:30:39,2017-05-12 13:35:20,2017-05-15 08:46:01,2017-05-23 11:04:51,2017-05-31,1308.0,40.67,2,1,1348.67,10,1,5.0,1.0,f0daba1cfcc18d5a3229e1a911313e3e,21235,rio de janeiro,RJ,11.732083333333334,19.270381944444445,0,1348.67
8f976c78a870fd3900d7d417e8f28875,7d0e81fd7839f55d9bdae0fb295128c2,delivered,2017-05-11 17:36:31,2017-05-11 17:45:21,2017-05-15 05:55:50,2017-05-26 19:08:04,2017-06-08,148.75,36.36,1,1,185.11,2,1,5.0,1.0,6857e5a453e905401a5d638a01d2c22f,61650,caucaia,CE,15.063576388888889,27.26630787037037,0,185.11
74ea3815fca8d03749e89470f099ff98,b76bb4d6d4bf5cde30275fd1fefc1c11,delivered,2017-05-11 17:40:02,2017-05-11 17:50:13,2017-05-12 14:49:36,2017-05-18 13:40:06,2017-06-01,113.0,18.04,1,1,131.04,10,1,5.0,1.0,fee7f74f1dde84551da9e0002c4bf708,83324,pinhais,PR,6.833379629629629,20.26386574074074,0,131.04
83d67fe6be9a0ed962f9ce12a1accdf3,7b2c888b9cc6cef7b7294d42d1600fc1,delivered,2017-05-11 17:51:45,2017-05-11 18:05:20,2017-05-12 12:26:32,2017-05-17 14:44:09,2017-06-20,99.0,22.0,1,1,121.0,6,1,5.0,1.0,6150c48a9373c851e1de0db93da09bd6,29730,baixo guandu,ES,5.869722222222222,39.25572916666667,0,121.0
9ab2cf8063bac26a51227f2ebe58a554,61999ea0577a957d34dfa9728c1ba783,delivered,2017-05-11 18:01:55,2017-05-11 18:15:22,2017-05-12 14:47:58,2017-05-24 09:39:34,2017-06-06,94.9,19.9,1,1,114.8,10,1,5.0,1.0,7abf56cce374378793ed6118bb4eb9d9,89770,seara,SC,12.651145833333333,25.248668981481483,0,114.80000000000001
5b564ae719f89063362d24f1729d7ca2,7ee5f19c7369b67e6b814185b1051b53,delivered,2017-05-11 18:05:18,2017-05-13 12:14:52,2017-05-16 11:36:20,2017-05-17 09:12:45,2017-06-02,399.0,14.75,1,1,413.75,5,1,3.0,1.0,11f78a71d4f05dd8597a8b987250a16e,4560,sao paulo,SP,5.630173611111111,21.246319444444445,0,413.75
8cb407154874301be08656a7fb09d9d9,5eedff30a379fbcc0851653d18295723,delivered,2017-05-11 18:30:17,2017-05-11 18:43:05,2017-05-19 17:52:04,2017-05-23 14:13:45,2017-05-29,112.99,17.53,1,1,130.52,1,1,3.0,1.0,2fbac141bcb7101d19fab96ef64100b3,6807,embu das artes,SP,11.821851851851852,17.228969907407407,0,130.51999999999998
