order_id,customer_id,order_status,order_purchase_timestamp,order_approved_at,order_delivered_carrier_date,order_delivered_customer_date,order_estimated_delivery_date,gross_merchandise_value,freight_value,item_count,seller_count,payment_value,payment_installments,payment_types,review_score,review_count,customer_unique_id,customer_zip_code_prefix,customer_city,customer_state,actual_delivery_days,promised_delivery_days,is_late,net_revenue
e813b971361575cd2511e900b7003c34,7caf8d2cc7be433b0cb29b6e2db1853e,delivered,2017-09-01 00:03:50,2017-09-02 02:50:26,2017-09-04 15:44:49,2017-09-14 17:42:22,2017-09-28,466.0,23.75,1,1,489.75,1,1,4.0,1.0,5b583873036f60198984295907f3b560,83560,itaperucu,PR,13.735092592592592,26.997337962962963,0,489.75
bdf2706f341d19f5943d9a5c7355d045,9897219aecb9d3f94e1e37783c5eccdc,delivered,2017-09-01 00:13:26,2017-09-02 00:06:06,2017-09-06 23:42:14,2017-09-08 22:06:43,2017-09-18,174.0,9.78,1,1,183.78,1,1,5.0,1.0,9f5fc81cad6a74218a3b5ceeae59fcda,40480,salvador,BA,7.912002314814814,16.990671296296295,0,183.78
2de8870a0b861a9ff5ccb128784abf2e,3d6c5d2b414180c36624a70e6884e9c8,delivered,2017-09-01 00:18:40,2017-09-02 00:25:43,2017-09-06 21:10:14,2017-09-12 18:46:42,2017-09-20,84.9,13.61,1,1,98.51,9,1,5.0,1.0,48e14578ccade39106a4c595eabc0e7a,11630,ilhabela,SP,11.769467592592592,18.987037037037037,0,98.51
73e6f205ca3c002b2f6b477a6e479cf7,9ebb52578cf5f1aa67e568c3f5aa4a22,delivered,2017-09-01 00:20:53,2017-09-01 01:32:55,2017-09-05 18:33:37,2017-09-11 18:03:37,2017-09-21,287.70000000000005,60.480000000000004,3,1,348.18,1,1,4.0,1.0,8f324e33313f720dd54e610ab196e6ac,30320,belo horizonte,MG,10.73800925925926,19.985497685185184,0,348.18000000000006
0cf52f585ea2179c0bfd06b1a7acf3f4,f1022b3ef53cf4c19c23dd26be54a04e,delivered,2017-09-01 00:21:18,2017-09-01 00:48:53,2017-09-01 19:12:00,2017-09-22 19:53:07,2017-10-04,45.9,26.89,1,1,72.79,3,1,5.0,1.0,d943010eb2a6532e0fbc6e2acd8cb816,95580,tres cachoeiras,RS,21.813761574074075,32.98520833333333,0,72.78999999999999
0e6386e1cb625fe4fdbd3d101d2cb687,6482c915ec997dacbb610e3e6cf6c6bd,delivered,2017-09-01 00:23:12,2017-09-01 01:32:45,2017-09-01 20:09:37,2017-09-08 18:29:58,2017-09-21,1300.0,38.51,1,1,1338.51,1,1,1.0,1.0,aac441a39c3a5649e0378fcd43a9ba9f,5835,sao paulo,SP,7.754699074074074,19.983888888888888,0,1338.51
f084543786418b1f552673e4c213632e,ffb0ffdb00e2e0b31c423577db3520eb,delivered,2017-09-01 00:49:12,2017-09-01 01:24:50,2017-09-06 21:26:37,2017-09-16 15:03:55,2017-10-03,119.8,35.34,2,1,155.14,3,1,5.0,1.0,3ccc59a10bd8a1eb4613a41f34aeef5b,26130,belford roxo,RJ,15.593553240740741,31.965833333333332,0,155.14
5cc85e983f530b29858b3da0bfbc7228,b9b78d5b4aef308f92fbe5332cd81386,delivered,2017-09-01 01:08:15,2017-09-01 15:15:21,2017-09-04 16:18:08,2017-09-15 22:23:53,2017-09-20,1048.0,24.59,1,1,1072.59,10,1,5.0,1.0,3f518f50ece5918cffdb4874032f7b34,21031,rio de janeiro,RJ,14.88585648148148,18.952604166666667,0,1072.59
5639e62ac4812b66eefbb05288c44eef,15ece46f6d57c5e2a87774451f9f73f8,delivered,2017-09-01 01:49:20,2017-09-01 02:04:10,2017-09-01 17:39:41,2017-09-13 18:55:06,2017-09-22,162.9,21.63,1,1,184.53,9,1,3.0,1.0,94774e4cc3e0d1e721e1487eb544f61a,29166,serra,ES,12.712337962962962,20.924074074074074,0,184.53
0259b4edb1ee1ebd0263f59bd790a938,bee393f2250bb90bd7431d95b7172566,delivered,2017-09-01 03:12:29,2017-09-01 03:25:08,2017-09-12 15:18:39,2017-09-19 17:00:12,2017-09-20,54.9,14.13,1,1,69.03,4,1,4.0,1.0,727d4e7674081d534e8d6b4630510e75,9852,sao bernardo do campo,SP,18.574803240740742,18.86633101851852,0,69.03
8c58b2a5e9f75210cd15eae77b7441f4,58299a6c7b64a6a0fa2f6f5d463fe108,delivered,2017-09-01 03:53:31,2017-09-01 04:05:32,2017-09-01 15:36:42,2017-09-15 18:06:58,2017-09-21,149.99,15.81,1,1,165.8,6,1,5.0,1.0,84dd01d73291594aae23316af3ef403b,31515,belo horizonte,MG,14.592673611111111,19.837835648148147,0,165.8
5a92b60d387be04eb53698b2f8b9b043,1dcdf6ec97f49ddecccb0ef350ff7f07,delivered,2017-09-01 06:38:10,2017-09-01 06:50:07,2017-09-01 18:49:39,2017-09-06 20:43:59,2017-09-21,189.0,13.66,1,1,202.66,10,1,5.0,1.0,0488328f0b499963e32a37fa42a20ca0,12970,piracaia,SP,5.587372685185185,19.72349537037037,0,202.66
6af34422605e4c1a3e73fe06c5deef22,8da10b2d8e58d411dfd9b4958a251e7d,delivered,2017-09-01 06:49:42,2017-09-01 07:04:37,2017-09-01 20:04:22,2017-09-12 19:49:38,2017-09-28,43.9,16.79,1,1,60.69,5,1,5.0,1.0,7993617f039446d209d529ac9cc03f1c,47690,coribe,BA,11.54162037037037,26.71548611111111,0,60.69
8d63bb167adbc51f677d38af762662a1,8da86708f7cfcbf9ba8ca6004b14743f,delivered,2017-09-01 07:32:48,2017-09-05 04:30:43,2017-09-06 22:00:07,2017-09-15 15:25:48,2017-09-28,103.99,21.22,1,1,125.21,1,1,5.0,1.0,5aaf237a53b94f01b6043dd1ec7b0339,36923,luisburgo,MG,14.328472222222222,26.685555555555556,0,125.21
4019dc88e273c81a8e284257bb938f42,52272e973cc9f7e81b6527d4b780d720,delivered,2017-09-01 07:40:27,2017-09-01 07:50:29,2017-09-05 21:57:53,2017-09-12 19:33:31,2017-09-22,169.0,21.67,1,1,190.67,8,1,4.0,1.0,1bca2dddbccaa971e41ded5b7cde371c,30431,belo horizonte,MG,11.495185185185186,20.680243055555554,0,190.67000000000002
4b46a88e1ef489d0f8a7d454153636c3,3965165ab8b8cf34df2fb0a088492e5c,delivered,2017-09-01 07:59:19,2017-09-01 08:10:11,2017-09-04 17:35:00,2017-09-11 20:57:43,2017-09-25,46.0,16.11,1,1,62.11,1,1,5.0,1.0,faf0eecd36391f00abe23fc98e738ad7,37968,monte santo de minas,MG,10.540555555555555,23.667141203703704,0,62.11
ed510933339bd7b6d8e16d6c83026998,7d359bcf9aef31f6554888f41559848c,delivered,2017-09-01 08:03:41,2017-09-01 08:15:21,2017-09-01 18:53:25,2017-09-05 21:03:24,2017-09-20,69.9,16.12,1,1,86.02,2,1,5.0,1.0,4e1018039b1b082ea4ce45cc2abad09d,7809,franco da rocha,SP,4.541469907407407,18.664108796296297,0,86.02000000000001
30b971d10c8ea1517964eb4b7f720f2c,98a99b42d086d32ac68864925c5ab7c4,delivered,2017-09-01 08:14:59,2017-09-01 09:25:10,2017-09-01 14:53:02,2017-09-08 22:06:44,2017-09-21,15.99,15.11,1,1,31.1,1,1,4.0,1.0,f514fa8c60b510de4c90242e86801717,29101,vila velha,ES,7.577604166666666,19.656261574074072,0,31.1
fdd86f104c7f379d881d8bf34c6838ce,7efebe067e3b3bd042b195aff931ed0d,delivered,2017-09-01 08:18:39,2017-09-02 02:55:18,2017-09-04 18:11:39,2017-09-20 21:22:17,2017-09-27,27.99,15.1,1,1,43.09,1,1,5.0,1.0,52066faf25509a933b9e80d8c85b0c06,75280,orizona,GO,19.544189814814814,25.653715277777778,0,43.089999999999996
da30a0f292c1564f3957b348353eb52b,1301c6bcbf5a72a743d8919124e605dc,delivered,2017-09-01 08:46:26,2017-09-02 11:55:21,2017-09-04 17:30:21,2017-09-14 18:30:07,2017-09-26,35.99,15.1,1,1,51.09,5,1,5.0,1.0,66179a6544629c0f3465898fd7db792f,86870,ivaipora,PR,13.405335648148148,24.634421296296296,0,51.09
80509330a373b52445d3c8622c3fb9b6,99b27fd81ccca7419e44f9a0563af9e7,delivered,2017-09-01 08:56:21,2017-09-05 04:10:55,2017-09-09 13:23:11,2017-09-18 20:40:01,2017-09-22,89.9,21.12,1,1,111.02,1,1,5.0,1.0,7e3baefc30c4c3a12ee54e079f48eacb,32017,contagem,MG,17.48865740740741,20.627534722222222,0,111.02000000000001
6b956d19010e956e03b175e66b2b7142,8387d69e1669892094ddafe293216507,delivered,2017-09-01 09:00:21,2017-09-01 09:15:09,2017-09-04 14:17:49,2017-09-08 21:49:55,2017-09-22,62.7,12.78,1,1,93.58,9,1,4.0,1.0,f6ea5b883f3c03bc5115eecbf8806b47,15501,votuporanga,SP,7.534421296296296,20.624756944444446,0,75.48
2346e1104a4b18a23e6dc6a87c2d1b8c,00072d033fe2e59061ae5c3aff1a2be5,delivered,2017-09-01 09:24:39,2017-09-02 02:50:58,2017-09-05 13:16:55,2017-09-14 18:33:48,2017-09-27,89.9,17.07,1,1,106.97,1,1,5.0,1.0,b7c13491fd2aecd9308c75bb4de979d8,45026,vitoria da conquista,BA,13.381354166666666,25.607881944444443,0,106.97
225ea0d91610c70a8fa346b8953c75bd,904191410a14946b47cd30c1a3d29ba4,delivered,2017-09-01 09:35:30,2017-09-01 09:45:16,2017-09-07 00:22:31,2017-09-19 18:07:30,2017-09-25,19.9,15.1,1,1,35.0,2,1,5.0,1.0,8414e50010534884cee19b99ecec5284,85819,cascavel,PR,18.355555555555554,23.600347222222222,0,35.0
83e064bc8c54fef04698774d069eed59,800cb37f32d964f78ffe5ce8dbe7565f,delivered,2017-09-01 09:36:13,2017-09-05 04:26:02,2017-09-05 19:17:52,2017-09-14 18:07:39,2017-09-22,59.9,17.99,1,1,77.89,1,1,4.0,1.0,6ddb6e289f65958726cc816312c0293e,21321,rio de janeiro,RJ,13.355162037037037,20.599849537037038,0,77.89
fa68c8eaee429c95ac88e1034d583057,5a18e9547d424e7d7085c7065bb48686,delivered,2017-09-01 10:06:03,2017-09-01 10:25:16,2017-09-11 18:25:49,2017-09-12 20:27:23,2017-09-15,132.9,14.33,1,1,147.23,7,1,5.0,1.0,c51b7c7e4d47f0c75c531ae14be3f7d6,26255,nova iguacu,RJ,11.431481481481482,13.579131944444445,0,147.23000000000002
33699f74cbd8df3eb237c682e0b116fc,8f72d83fa1452b3fa5d3f62db09004d2,delivered,2017-09-01 10:07:32,2017-09-05 04:24:41,2017-09-05 16:40:13,2017-09-12 19:43:54,2017-10-09,72.0,17.75,1,1,89.75,1,1,5.0,1.0,5c22b4a6a747d260d061e93265f80aee,99150,marau,RS,11.400254629629629,37.578101851851855,0,89.75
d6d0323138c510e3816e00ac900d17b0,d8e4206bdc1de8c2f4726a17f28ada3c,delivered,2017-09-01 10:12:04,2017-09-01 10:25:45,2017-09-08 21:32:01,2017-09-12 00:02:41,2017-09-14,269.0,10.7,1,1,279.7,1,1,5.0,1.0,c8cae6305e45b06018aa53b56c048ecb,6535,santana de parnaiba,SP,10.57681712962963,12.574953703703704,0,279.7
2e2b499ad1ed9178bdd1cdb83f3f6000,51bb4e7ac0c888104aecba5a46ec01b1,delivered,2017-09-01 10:13:27,2017-09-01 10:25:43,2017-09-04 19:36:34,2017-09-12 16:21:24,2017-09-20,18.9,12.48,1,1,31.38,1,1,3.0,1.0,7c3db55121184d445bec70d421c62135,83075,sao jose dos pinhais,PR,11.255520833333334,18.573993055555555,0,31.38
d8e82d1f482cdb6ddce0701ace3bc6c8,8f08459a3c56d498990baa07ec4fe68d,delivered,2017-09-01 10:15:36,2017-09-02 02:56:10,2017-09-07 00:19:58,2017-09-21 18:16:33,2017-09-14,176.99,25.75,1,1,202.74,1,1,1.0,1.0,f1a325803dd4c341c5a946ac84c71973,13185,hortolandia,SP,20.333993055555556,12.5725,1,202.74
e8291f4bc553c5ac2a42ee7737836480,f78bf1a4a08641a29a6f0dfe42407440,delivered,2017-09-01 10:15:57,2017-09-01 10:25:46,2017-09-01 15:37:52,2017-09-09 00:27:31,2017-09-22,100.0,15.45,1,1,115.45,5,1,3.0,1.0,a7886c4f6ab83f8037398923e15e44db,16055,aracatuba,SP,7.59136574074074,20.572256944444444,0,115.45
13dae3b277e3fe7e2596f842cbb6d62b,f94919d65319be68cc4e8d6c85c89e5c,delivered,2017-09-01 10:16:49,2017-09-01 10:25:47,2017-09-04 22:57:55,2017-09-05 20:38:47,2017-09-15,105.0,14.94,1,1,119.94,10,1,4.0,1.0,a3924db20da12f0e6e449c6c0a9b1824,93214,sapucaia do sul,RS,4.431921296296296,13.571655092592593,0,119.94
8331588bfd765bf151ba1682255903f3,1f2a41153916d3f9a12652de33b60b6e,delivered,2017-09-01 10:20:53,2017-09-01 10:30:24,2017-09-11 19:13:39,2017-09-15 13:57:28,2017-09-21,25.0,11.85,1,1,36.85,1,1,5.0,1.0,79b9e9b310f3094c2cad708eb17508c2,13340,indaiatuba,SP,14.150405092592592,19.56883101851852,0,36.85
a92c76269cd2be64008c82c84d6e5d48,a8a72553d270066753aae3e20a8d035f,delivered,2017-09-01 10:23:11,2017-09-01 10:30:22,2017-09-06 17:30:07,2017-09-12 16:33:28,2017-09-26,179.8,32.78,2,1,212.58,7,1,5.0,1.0,814d12af84beb46ade17b81e5a01a38c,20211,rio de janeiro,RJ,11.257141203703704,24.567233796296296,0,212.58
e75a94d6e8bdba1aa2a9946c3837a636,dc0a596a36f033e89eeecbbbaa5603e9,delivered,2017-09-01 10:26:06,2017-09-01 10:35:15,2017-09-01 19:12:29,2017-09-08 19:07:34,2017-09-21,6.0,11.85,1,1,17.85,1,1,4.0,1.0,8dfb24fac32ec7170821d2be63fa9c1c,37701,pocos de caldas,MG,7.36212962962963,19.565208333333334,0,17.85
72c3f657842e35f5d5279cc0fd06826b,2b807a72efe83313165d8483f02d95dd,delivered,2017-09-01 10:26:27,2017-09-01 10:44:48,2017-09-04 13:57:56,2017-09-11 18:52:51,2017-09-26,19.9,25.63,1,1,45.53,1,2,5.0,1.0,36e0e119cc6c81d22ec365f13c156ba1,13720,sao jose do rio pardo,SP,10.351666666666667,24.564965277777777,0,45.53
bc80892738aa55b49dfd74ce6d50cd97,4450850ad98de459ecea38e7a1323f56,delivered,2017-09-01 10:32:59,2017-09-01 10:45:14,2017-09-04 20:04:51,2017-09-19 16:21:38,2017-09-25,174.9,31.97,1,1,206.87,4,1,5.0,1.0,7feaac01dadfb6a96508d738973ca456,88111,sao jose,SC,18.242118055555554,23.56042824074074,0,206.87
6f7e6a9cce69876915e47a146ef300e5,b616c86b6c67abc4ee6da42829d374c3,delivered,2017-09-01 10:33:16,2017-09-02 10:45:14,2017-09-05 18:33:30,2017-09-12 20:31:56,2017-09-20,262.5,27.88,2,1,290.38,7,1,5.0,1.0,63df651d5e8adb6a0e4baeb66a0eea37,16202,birigui,SP,11.415740740740741,18.56023148148148,0,290.38
bbf6a647ecc68aa5e79d2cd75ef44c68,8d13b315c8e8e3d9011c9e9267cb8a70,delivered,2017-09-01 10:33:16,2017-09-02 10:45:16,2017-09-05 12:33:20,2017-09-13 18:53:49,2017-09-22,34.99,11.85,1,1,46.84,4,1,5.0,2.0,63df651d5e8adb6a0e4baeb66a0eea37,16202,birigui,SP,12.347604166666667,20.56023148148148,0,46.84
8645ac05f10c6b2651a6a9a1772de311,df0cb92cbc0d300d1ff9b68b6ed1e985,delivered,2017-09-01 10:33:59,2017-09-05 04:35:51,2017-09-05 17:49:55,2017-09-08 15:32:29,2017-09-21,134.0,25.48,2,1,159.48,1,1,5.0,1.0,f947ed70c6eed0a5ade853932cf6a474,14140,cravinhos,SP,7.207291666666666,19.559733796296296,0,159.48
5add03213ad417aab3988852ea890572,69009aaf4e400602c05b1da3989ca40b,delivered,2017-09-01 10:42:58,2017-09-01 10:55:24,2017-09-04 21:45:52,2017-09-11 16:36:06,2017-09-26,79.0,17.8,1,1,96.8,3,1,4.0,1.0,87a309826a8cbca2e5cdc9c0e60a0129,38400,uberlandia,MG,10.24523148148148,24.55349537037037,0,96.8
b025ae09d0783f8194ec38b10c65acbd,0634a391a7b3989dda9196f26e6b2242,delivered,2017-09-01 10:50:42,2017-09-01 11:04:34,2017-09-01 20:04:22,2017-09-11 18:37:38,2017-09-20,23.8,12.48,1,1,36.28,1,1,3.0,1.0,96e047d0f9de88ca34c9005565fbe03e,35365,abre campo,MG,10.324259259259259,18.548125,0,36.28
b4869c2e4b11586a953130fa13632aa9,1f32801ff0c8f0aeaa8a6af5ca6ce862,delivered,2017-09-01 10:51:00,2017-09-01 11:04:36,2017-09-04 21:21:33,2017-09-11 20:03:11,2017-09-25,1200.0,50.81,1,1,1250.81,8,1,5.0,1.0,90388457aee662815a374617d4eb475c,13360,capivari,SP,10.383460648148148,23.547916666666666,0,1250.81
6250a70ada1a0cb3772f99181a27bb51,45f02458d5f699c5276958a087f40e22,delivered,2017-09-01 10:59:50,2017-09-01 11:15:19,2017-09-01 22:15:51,2017-09-11 19:13:22,2017-09-26,44.9,15.1,1,1,60.0,1,1,4.0,1.0,15a1b2bf19a5330c42296165fea3c043,15706,jales,SP,10.342731481481481,24.541782407407407,0,60.0
9380357951a13ec61acdce81018dcdaa,f001d3e49718e62b503572e64920cca3,delivered,2017-09-01 11:00:41,2017-09-01 11:15:13,2017-09-04 13:14:54,2017-09-13 16:51:55,2017-10-02,56.99,14.15,1,1,71.14,1,2,5.0,1.0,4bd837a4c4bf0ff7093e3c951d3ec6a1,93022,sao leopoldo,RS,12.243912037037036,30.54119212962963,0,71.14
2bf72423c933e87360d57c946d11877b,95b7f25b758ee66891d77a2ee4a1593a,delivered,2017-09-01 11:05:04,2017-09-01 11:15:16,2017-09-01 20:26:36,2017-09-08 21:33:56,2017-09-20,68.0,11.98,1,1,79.98,1,1,5.0,1.0,12cc40879dc7329ad5675e890c977140,13844,mogi-guacu,SP,7.436712962962963,18.53814814814815,0,79.98
5be7fcdba040de4538c9bd6fc2447973,cf612a028ded9ae8449386de8ba61e24,delivered,2017-09-01 11:06:32,2017-09-01 11:25:09,2017-09-04 20:49:49,2017-09-06 10:52:36,2017-09-20,125.99,56.55,1,1,182.54,6,1,4.0,1.0,24115a0c9fc9115c586e54fd5f42e8d1,1306,sao paulo,SP,4.990324074074074,18.53712962962963,0,182.54
c3268641873c510f155cf452759b1ace,a9f64b8184ebe98ebb362683105befe4,delivered,2017-09-01 11:19:18,2017-09-02 02:55:57,2017-09-04 19:43:48,2017-09-11 18:03:02,2017-09-21,29.9,15.1,1,1,45.0,1,1,5.0,1.0,7f50c43baa66aae590aa1a067427cce5,30411,belo horizonte,MG,10.28037037037037,19.52826388888889,0,45.0
64c546d3105803846cfcca109d5bef43,e05d4dfb2b9d1274c58369a775fbda1f,delivered,2017-09-01 11:31:50,2017-09-01 11:45:37,2017-09-05 11:50:12,2017-09-08 20:06:45,2017-09-20,52.11,11.86,1,1,63.97,1,1,5.0,1.0,fcbe905c8e5d1b308fb4f99d28153d2c,9580,sao caetano do sul,SP,7.357581018518519,18.519560185185185,0,63.97
7fdefbf564eb66830407026a86005ce2,013bdb994a9c8f09fde3f5f543e698ad,delivered,2017-09-01 11:37:28,2017-09-01 12:30:15,2017-09-02 15:07:27,2017-09-13 22:52:54,2017-10-17,194.99,53.72,1,1,248.71,1,1,5.0,1.0,ba425b1bf6cab11cc601255a30cd3bdd,69950,manoel urbano,AC,12.469050925925925,45.515648148148145,0,248.71
3e9fee97691551e4a1444f095899d5f9,b3e3fe3971fb3b7c1776e69da97eacea,delivered,2017-09-01 11:49:24,2017-09-01 12:04:33,2017-09-05 15:43:30,2017-09-14 19:12:26,2017-09-21,83.9,17.84,1,1,101.74,2,1,5.0,1.0,7898f066e7ca1be625589d012a52db34,22740,rio de janeiro,RJ,13.307662037037037,19.507361111111113,0,101.74000000000001
8669133949d3dda2b99bec214c2c299f,e8bf7898e3d1f0e694fb4adaa8821b7e,delivered,2017-09-01 11:58:14,2017-09-01 12:10:18,2017-09-02 13:18:08,2017-09-11 15:33:47,2017-09-21,164.57,32.46,2,2,197.03,6,1,5.0,1.0,6c722fdc0ca8a586dcfa980f2f1278eb,20950,rio de janeiro,RJ,10.1496875,19.50122685185185,0,197.03
db9458d0bbfff27cf6ff5b9342087fd0,05075b9433e8f047f3ba7a5ada189809,delivered,2017-09-01 12:05:54,2017-09-01 12:25:14,2017-09-04 19:47:34,2017-09-11 23:16:18,2017-09-27,119.8,33.72,2,1,153.52,2,1,5.0,1.0,212c759d8c4f2d4d9d6fd4c7de0afbb3,25245,duque de caxias,RJ,10.465555555555556,25.49590277777778,0,153.51999999999998
80380dcab14d7ec024883b76a82f04b2,c0be31fb57f9c3424f2207e69b48f305,delivered,2017-09-01 12:06:54,2017-09-02 12:15:17,2017-09-04 17:36:47,2017-09-08 18:35:47,2017-09-26,39.99,14.1,1,1,54.09,4,1,5.0,1.0,5302bf78436ac5a94fe3a45af6170b8c,25935,mage,RJ,7.27005787037037,24.495208333333334,0,54.09
449654c058a6cc5502474ed6694b181a,795a8cf14d716bc5aeae503986bd401d,delivered,2017-09-01 12:18:38,2017-09-01 12:30:16,2017-09-01 18:24:28,2017-10-02 21:09:27,2017-09-29,195.9,39.16,1,1,235.06,3,1,1.0,1.0,f03d5e98be00d73092b9c8b9c540c6c2,57055,maceio,AL,31.368622685185183,27.487060185185186,1,235.06
396edbf3fd93df6ebe7bb415f5af60c9,73525342ac09c029b29da85b83796bd7,delivered,2017-09-01 12:43:38,2017-09-01 12:55:17,2017-09-01 20:37:24,2017-09-13 18:17:38,2017-09-27,98.0,38.24,1,1,136.24,10,1,5.0,1.0,ce60a50b73f7934a7d4caa92f2f05bbf,65922,joao lisboa,MA,12.231944444444444,25.469699074074075,0,136.24
d3feb75cb4e8d372a35e074fc1175bcd,3c041d8a707afe3117f3e7e995660a4d,delivered,2017-09-01 12:43:39,2017-09-01 12:55:16,2017-09-01 21:55:33,2017-09-25 20:54:58,2017-09-27,29.9,34.15,1,1,64.05,6,1,5.0,1.0,ce60a50b73f7934a7d4caa92f2f05bbf,65922,joao lisboa,MA,24.34119212962963,25.4696875,0,64.05
ea9b010cf2c27393c24c5e0b8a9c07d2,781090cb6d2f54269a275691ad38191d,delivered,2017-09-01 12:51:03,2017-09-02 12:45:15,2017-09-04 18:21:27,2017-09-12 18:10:02,2017-09-28,279.9,22.45,1,1,302.35,1,1,5.0,1.0,a8a00b9d924b60711f5fbb1b416dc434,99010,passo fundo,RS,11.221516203703704,26.464548611111113,0,302.34999999999997
415e206741f6c13328e16559b1b85b54,85332b37abb410374a7910d6211e91d8,delivered,2017-09-01 12:57:26,2017-09-01 13:10:15,2017-09-05 17:18:06,2017-09-12 23:47:34,2017-09-26,139.0,20.21,1,1,159.21,2,1,5.0,1.0,0723dde7b0d06ba0446ae7dd852084de,30310,belo horizonte,MG,11.451481481481482,24.46011574074074,0,159.21
5a211401338dee5fa1388f6b4b70b456,a65083c305f6632d851a2d4d44803ab5,delivered,2017-09-01 13:04:34,2017-09-01 13:15:18,2017-09-01 19:42:11,2017-09-08 19:06:04,2017-10-02,42.79,25.63,1,1,68.42,2,1,5.0,1.0,d8d71cb1bbd6227d49f2f7a5886937fd,98910,tres de maio,RS,7.251041666666667,30.455162037037038,0,68.42
00a843f5a80c7aea894c558acc29f513,fd967f807427c24072652b1f62d4fe47,delivered,2017-09-01 13:09:44,2017-09-02 18:55:14,2017-09-04 19:04:27,2017-09-11 18:17:25,2017-09-27,32.99,14.1,1,1,47.09,4,1,3.0,1.0,2c06826e53407560a26cc44d66d22726,90620,porto alegre,RS,10.213668981481481,25.451574074074074,0,47.09
dc0026d5ff685eb725a42925ff3aa5eb,dd839293c72a7bb6ade8b5af293ad2d7,delivered,2017-09-01 13:13:18,2017-09-01 13:25:37,2017-09-04 19:12:18,2017-09-08 20:53:50,2017-09-20,199.99,12.82,1,1,212.81,5,2,5.0,1.0,5dca306dea49c24aa9cb2ea552589db0,14780,barretos,SP,7.319814814814815,18.44909722222222,0,212.81
d1b60751a74a563a60ea5a1ab1ac6969,9f3328357ea81872a61a105b20f2167e,delivered,2017-09-01 13:23:36,2017-09-01 13:30:18,2017-09-02 16:09:28,2017-09-08 23:53:58,2017-09-20,69.9,14.24,1,1,84.14,2,1,4.0,1.0,707c5b8a449863c2295db0b921143e31,8760,mogi das cruzes,SP,7.437754629629629,18.441944444444445,0,84.14
2b37d2f506ce5ca2dfa10f9ba271e609,fc3e9c3f1e4fce4c1c6e5aa729982c30,delivered,2017-09-01 13:32:57,2017-09-01 13:45:10,2017-09-06 21:34:08,2017-09-12 19:42:31,2017-09-27,179.7,40.32,3,1,220.02,6,1,3.0,1.0,084d29b95577d79bd5ce9019727daa66,12209,sao jose dos campos,SP,11.25664351851852,25.43545138888889,0,220.01999999999998
6828ba023d753e69328bc0b6e4153cb4,5639a58bc71ac1f158f163a3fd9a1d46,delivered,2017-09-01 13:34:06,2017-09-01 13:45:13,2017-09-04 19:35:45,2017-09-11 18:53:38,2017-09-21,40.0,19.84,1,1,59.84,1,1,1.0,1.0,616bc808b8e6457205e87b80c8349a63,29050,vitoria,ES,10.221898148148147,19.434652777777778,0,59.84
d7902cb5d7fd1f143aff7375644c6d7a,97aefdbdbd4827e77ef2b1c3bb50d60a,delivered,2017-09-01 13:39:38,2017-09-01 13:50:17,2017-09-06 18:42:39,2017-09-26 20:18:04,2017-10-04,49.95,15.1,1,1,65.05,2,1,5.0,1.0,af5c42fb895556a17adafcee7fb7ebe1,97060,santa maria,RS,25.276689814814816,32.43081018518519,0,65.05
96a37e69d0e47674bb4214448cf76dc8,4fd779435ce96ecf52189efb9ee329de,delivered,2017-09-01 13:44:38,2017-09-01 13:55:14,2017-09-12 02:15:52,2017-09-13 14:28:01,2017-09-20,279.98,54.84,2,1,334.82,1,1,4.0,1.0,7e68c3ac272fdd18f19234f9dc034de7,3236,sao paulo,SP,12.030127314814814,18.427337962962962,0,334.82000000000005
d4618e481090308279190e070dfc3c4b,c1721412453c2c255eeb8717065beaa3,delivered,2017-09-01 13:52:04,2017-09-01 14:04:53,2017-09-01 19:30:06,2017-09-04 18:53:59,2017-09-14,89.9,8.82,1,1,98.72,1,2,5.0,1.0,07ec373c7a7ed511e542503436e22a71,5868,sao paulo,SP,3.2096643518518517,12.422175925925925,0,98.72
d3a5c7e2fbe9a935e6a4a7454d4b8869,6be53640c1d4a90f0064be51c63bcebb,delivered,2017-09-01 13:55:07,2017-09-01 14:10:09,2017-09-01 19:42:11,2017-09-11 18:18:01,2017-09-26,149.99,26.33,1,1,176.32,2,2,5.0,1.0,4e4898c5d6ac22ce29b5f5a97ee639aa,45570,ipiau,BA,10.182569444444445,24.42005787037037,0,176.32
a806770e48c22cc0c2607982f3e87e30,ec690140f77f5ff4c884704c976e3489,delivered,2017-09-01 14:00:39,2017-09-01 14:15:19,2017-09-04 20:51:53,2017-09-15 18:53:49,2017-09-25,1300.0,51.51,1,1,1351.51,8,1,5.0,1.0,f9aea0c7384b3015a0c51f6f9d08e9eb,13986,barao ataliba nogueira,SP,14.203587962962963,23.416215277777777,0,1351.51
50151c507e6dfcc7435d9805ff95a548,51756ea9511c4d8f66f7086a126d4ab7,delivered,2017-09-01 14:00:55,2017-09-02 03:04:54,2017-09-06 19:37:38,2017-09-14 19:07:41,2017-09-21,89.9,13.65,1,1,103.55,1,1,3.0,1.0,288d9bc5f4b9120004ba49118ad5f67c,15440,nova granada,SP,13.213032407407407,19.416030092592592,0,103.55000000000001
00ab1aba567dfebdc39caa4e7ca2f1b2,f2a48c51664d5ca2d7401f95994bb8a9,delivered,2017-09-01 14:01:04,2017-09-01 14:15:16,2017-09-05 21:11:01,2017-09-12 14:07:44,2017-10-03,35.9,12.48,1,1,48.38,1,1,5.0,1.0,8f060d52f9c6e9244dc0cba5951bb6ff,13076,campinas,SP,11.00462962962963,31.415925925925926,0,48.379999999999995
44f656d7fbb37d161491617473307a59,ff6615c04179861ddbd77331eafbab7d,delivered,2017-09-01 14:26:24,2017-09-01 14:44:56,2017-09-04 22:07:58,2017-09-14 19:04:03,2017-09-26,58.0,46.94,1,1,104.94,7,1,5.0,1.0,319fb7408d85ca7902baa71df1dd7045,54450,jaboatao dos guararapes,PE,13.1928125,24.398333333333333,0,104.94
24ca08f72cfb6368d09379321b78d6a6,a2ab46368968ea1b569d452b2e169a47,delivered,2017-09-01 14:29:05,2017-09-01 14:44:58,2017-09-04 21:08:00,2017-09-05 19:04:24,2017-09-14,51.5,7.78,1,1,59.28,1,1,5.0,1.0,071befa81cac87390204c03e41e41227,5013,sao paulo,SP,4.19119212962963,12.396469907407408,0,59.28
2b87a0e7f47bf0c58a291e0ddb173774,693d065dd4a1d11c5732f3c64c495a0c,delivered,2017-09-01 14:32:29,2017-09-02 14:25:10,2017-09-04 23:28:07,2017-09-13 11:03:16,2017-09-26,99.0,17.94,1,1,116.94,8,1,5.0,1.0,1a4fd3fde0f71b95c3653c39a8cf4f78,89687,passos maia,SC,11.854710648148147,24.394108796296297,0,116.94
9322ed60e16ee4ff1efe8145cb66060f,79e3be07b961e4d6df3d52de6a560c47,delivered,2017-09-01 14:38:16,2017-09-01 14:50:24,2017-09-04 21:11:59,2017-09-15 18:57:50,2017-09-26,1200.0,50.81,1,1,1250.81,4,2,4.0,1.0,402a7717482f5f9be79614db6042aef0,89400,porto uniao,SC,14.18025462962963,24.39009259259259,0,1250.81
52f795c33d266ff75e0f1b1738caf2f0,ab388c4334590b87f33f5c372d87ec15,delivered,2017-09-01 14:40:07,2017-09-01 14:50:22,2017-09-04 21:12:00,2017-09-11 20:14:48,2017-09-21,174.0,18.5,1,1,192.5,1,1,5.0,1.0,5cd349e7d2a4516c1a97c2089b89ffd2,21555,rio de janeiro,RJ,10.232418981481482,19.38880787037037,0,192.5
9efb0094f22b22cd206bf68dc306f1f2,f06c239f54f0eada75efde2a030140b8,delivered,2017-09-01 14:43:58,2017-09-01 14:55:17,2017-09-04 20:25:55,2017-09-13 18:20:06,2017-09-25,44.99,17.6,1,1,62.59,3,1,5.0,1.0,1bbcfebbab94eba0a684d92119714f6d,36690,descoberto,MG,12.150092592592593,23.386134259259258,0,62.59
d63279c7841cf2d97a81b2bf2a777af6,2040be39a489497df340242ce565a88d,delivered,2017-09-01 14:57:25,2017-09-01 15:10:12,2017-09-06 13:55:44,2017-09-13 21:56:53,2017-09-20,69.9,16.12,1,1,86.02,1,1,1.0,1.0,3f690cbffd4806f2090f5d4cd1cbaf45,4849,sao paulo,SP,12.291296296296297,18.37679398148148,0,86.02000000000001
39f4de18c3b28bba19ed3eeac7b9ee33,c1b8b898f68a9a9c7df33212d5366469,delivered,2017-09-01 15:02:34,2017-09-02 02:50:52,2017-09-04 18:10:08,2017-09-08 18:57:57,2017-09-20,89.0,12.12,1,1,101.12,1,1,1.0,1.0,3839c70ec5743c9a9207cb97683fe292,4840,sao paulo,SP,7.163460648148148,18.373217592592592,0,101.12
bf19011f60f7f394faf33366baf9fa16,6f8512c9dfb483de55e1aa1312f007f4,delivered,2017-09-01 15:03:02,2017-09-01 15:15:21,2017-09-04 16:05:07,2017-09-06 17:58:02,2017-09-14,29.0,7.78,1,1,36.78,1,1,4.0,1.0,18f17efd50fd7e9595cc1a40205c937c,9615,sao bernardo do campo,SP,5.121527777777778,12.372893518518518,0,36.78
6957a23032580b6c443b068f0b86cab1,7833c90cda8cc7581e142d1549d76f04,delivered,2017-09-01 15:09:31,2017-09-02 15:05:14,2017-09-04 19:47:33,2017-09-19 01:26:29,2017-09-28,119.8,84.9,2,1,204.7,2,1,3.0,1.0,dfd3e2ad5144571de394c58857c3bfff,63165,nova olinda,CE,17.428449074074074,26.368391203703705,0,204.7
4393a63adeef0f3e606c78bd143f044d,f2964656a77f6f0b5b0db9acce8a863a,delivered,2017-09-01 15:10:26,2017-09-01 15:25:49,2017-09-04 22:32:25,2017-09-08 17:17:52,2017-09-20,42.79,14.1,1,1,56.89,1,1,5.0,1.0,a1f3ef4dca76be294190831edcd88433,8558,poa,SP,7.088495370370371,18.36775462962963,0,56.89
2108fe70e345b53ab2c93d76d7071265,6beaace76ade0b8630694d8c8ae72258,delivered,2017-09-01 15:22:38,2017-09-01 15:35:11,2017-09-04 21:11:58,2017-09-11 20:12:18,2017-09-26,335.0,36.15,1,1,371.15,4,1,5.0,1.0,42717020a4c8550613ad4cd0d41acf94,19160,alvares machado,SP,10.201157407407408,24.359282407407406,0,371.15
d4aafc8bfe399e9955d634af4dbc7d8e,73e381c6c1aa902b1fbd65ab87bf830b,delivered,2017-09-01 15:29:09,2017-09-01 15:44:37,2017-09-04 20:49:56,2017-09-11 19:25:05,2017-09-27,59.0,16.17,1,1,75.17,3,1,5.0,1.0,f82e47739e7044b27a44d65a789613c7,26900,miguel pereira,RJ,10.163842592592593,25.354756944444443,0,75.17
2640506a4584f571430195e2fa215406,38f63d5e41d4edd85614e2297502aec8,delivered,2017-09-01 15:33:09,2017-09-01 15:45:34,2017-09-06 19:49:37,2017-09-27 18:25:49,2017-09-27,449.9,140.18,1,1,590.08,1,1,1.0,1.0,7b59df9ee77a19f488a09acbcd5a67a1,91330,porto alegre,RS,26.119907407407407,25.351979166666666,1,590.0799999999999
fd4b42de96e38f3ff9bfc0072f2bd40c,a6158e68df6fcd19fff7051f119f2072,delivered,2017-09-01 15:33:11,2017-09-02 15:25:11,2017-09-04 20:14:04,2017-09-15 23:27:52,2017-09-29,179.99,27.58,1,1,207.57,10,1,4.0,1.0,e13cb5bf05f02135c9adbfcf7f8c611f,20941,rio de janeiro,RJ,14.329641203703703,27.351956018518518,0,207.57
bb0a814e4d6cb5373c30a22b6c9fd658,1643f66f6cc239c720a52b3d0fa8edab,delivered,2017-09-01 15:39:09,2017-09-01 15:50:11,2017-09-04 19:47:40,2017-09-14 20:51:46,2017-09-27,279.99,22.45,1,1,302.44,4,1,5.0,1.0,bc8afaa214b377ee40cc263ff400fe84,29400,mimoso do sul,ES,13.217094907407407,25.3478125,0,302.44
66f8f6c709c3da6671518cc9b9798c5e,e4c533eef245b6abc3733edb3135f74e,delivered,2017-09-01 15:48:11,2017-09-02 15:55:14,2017-09-04 15:27:59,2017-09-08 16:33:48,2017-09-21,29.0,30.189999999999998,2,1,59.19,2,1,5.0,1.0,798e46968b571ef019f0ec91f035e3ea,25640,petropolis,RJ,7.0316782407407405,19.341539351851853,0,59.19
c95c70fb04bd13e4a063330b9760c411,f9d7b0b6a86b7d2e73db07051ebb57f4,delivered,2017-09-01 15:50:27,2017-09-02 02:45:39,2017-09-05 21:57:53,2017-09-13 17:33:08,2017-09-26,89.9,53.23,1,1,143.13,1,1,5.0,1.0,704d4446bffad3f1d6b73a58426af36a,34800,caete,MG,12.07130787037037,24.33996527777778,0,143.13
b4b03edd1ede75d36cd31b38d52bc9fb,848b666026bb6ef8a5b05e5ab556109c,delivered,2017-09-01 16:01:21,2017-09-02 03:04:35,2017-09-04 22:29:54,2017-09-13 21:04:25,2017-09-21,24.99,14.1,1,1,39.09,1,1,5.0,1.0,5ed020e547f9ee09987847a460b69e32,72311,brasilia,DF,12.210462962962962,19.332395833333333,0,39.089999999999996
84eda024589384c414522637e6a3d313,6ce4836a1e0c3324d4aadd6832fe151c,delivered,2017-09-01 16:11:40,2017-09-01 16:24:57,2017-09-15 18:02:46,2017-10-02 17:23:29,2017-09-26,46.8,17.92,1,1,64.72,3,1,1.0,1.0,6fdb6280d5fa94daa8dae1ea21b7b228,93950,dois irmaos,RS,31.049872685185186,24.32523148148148,1,64.72
34c2654b609f57f294795b5131b7c7d9,8f1154600445b412fcea3fb8cc527b5e,delivered,2017-09-01 16:13:42,2017-09-05 04:45:46,2017-09-11 20:37:32,2017-09-12 17:25:12,2017-09-14,80.75,9.38,1,1,90.13,1,1,3.0,1.0,300b06d38615af5ec9a0b9297742e1d3,2452,sao paulo,SP,11.049652777777778,12.323819444444444,0,90.13
b7bc42b133d843af73988f6a9c68dbca,fa830ffebc8465c777e8deaa55936022,delivered,2017-09-01 16:23:37,2017-09-01 17:24:49,2017-09-05 11:54:48,2017-09-17 18:21:55,2017-09-22,70.9,16.26,1,1,87.16,4,1,5.0,1.0,0cdfcc66651ed7c61e3e50a9349ba585,27330,barra mansa,RJ,16.08215277777778,20.31693287037037,0,87.16000000000001
9e4a61da038289527b41b63aa81405d1,ffab297c5f9f51263faea43a6a7df53b,delivered,2017-09-01 16:25:37,2017-09-05 04:10:29,2017-09-11 20:41:33,2017-09-18 17:27:28,2017-09-21,350.0,18.7,1,1,368.7,1,1,5.0,1.0,aa81dcc2f3102f2bc77b8ad863ae2f97,71676,brasilia,DF,17.042951388888888,19.315543981481483,0,368.7
4ff46a29d577865d29d0f31408b3eddf,89ee23cf8b826a758b7e2fa15582ca2d,delivered,2017-09-01 16:26:43,2017-09-01 16:45:04,2017-09-02 15:28:08,2017-09-08 18:43:44,2017-09-28,91.28,40.54,2,2,131.82,10,1,3.0,1.0,994a19021e2e87292b9c691a5599ced4,24914,marica,RJ,7.095150462962963,26.314780092592592,0,131.82
ed58e77f9c5a53fc829b4baee5a51176,073a7ec0949bf6ffd2bb83c37d21bc7e,delivered,2017-09-01 16:30:59,2017-09-01 16:45:13,2017-09-04 19:12:21,2017-09-08 20:33:04,2017-09-25,589.99,18.88,1,1,608.87,3,1,5.0,1.0,6ca566e77a13d0eb5d55c336b17f10fb,37115,monte belo,MG,7.168113425925926,23.31181712962963,0,608.87
30afa4792f6e5ee287ff87fa649e56f9,6a8e065530245694f01cc0f62044b134,delivered,2017-09-01 16:37:09,2017-09-05 04:44:19,2017-09-05 19:53:50,2017-09-06 17:33:37,2017-09-14,29.0,7.78,1,1,36.78,1,1,5.0,1.0,866dc7313a096e4b4724a158516aad22,11703,praia grande,SP,5.039212962962963,12.307534722222222,0,36.78
e4200b9952be20987657b4536b4b0292,dfa3561dfbf38871099bf09cade3feef,delivered,2017-09-01 16:38:25,2017-09-01 16:50:19,2017-09-04 15:46:02,2017-09-11 20:09:07,2017-09-25,39.9,15.1,1,1,55.0,5,1,4.0,1.0,0dd0c4db6972528752b2d77e01acf0e8,15400,olimpia,SP,10.146319444444444,23.306655092592592,0,55.0
fad130916dfec1c29b876fae7113f4df,1f31077338023a5f942a3cfbde373d48,delivered,2017-09-01 16:42:19,2017-09-01 16:55:14,2017-09-04 20:29:51,2017-10-19 21:03:04,2017-09-21,149.0,18.32,1,1,167.32,6,1,3.0,1.0,6373e5944034db48c3328934100ab49a,60340,fortaleza,CE,48.18107638888889,19.303946759259258,1,167.32
028369515408fa864cfe50091d4e76c5,dc9919c18e50e3160afe68a91cfcbc6a,delivered,2017-09-01 16:48:51,2017-09-01 17:04:34,2017-09-04 17:36:47,2017-09-12 18:08:31,2017-09-20,39.99,11.85,1,1,51.84,1,2,5.0,1.0,c6d44715bc4825c73c205c39646c648a,13500,rio claro,SP,11.055324074074074,18.299409722222222,0,51.84
3644344c9ad371ecfc67c6cbeb93531c,286cd699eec7a6faf30e808b715f1180,delivered,2017-09-01 16:54:40,2017-09-02 20:03:32,2017-09-07 00:04:24,2017-09-19 21:21:46,2017-09-25,1200.0,32.85,1,1,1232.85,6,1,5.0,1.0,38589c29dc87cf47d66d8410af1bebbd,65058,sao luis,MA,18.18548611111111,23.29537037037037,0,1232.85
1a82ae1928c32cea24d0235445148454,c9edf82d38888fa613f3d9486a582b2d,delivered,2017-09-01 17:02:47,2017-09-01 17:15:17,2017-09-06 20:14:39,2017-09-15 23:13:51,2017-09-28,49.95,15.1,1,1,65.05,3,1,2.0,1.0,4835837b30a566930f3c0227935d622a,85854,foz do iguacu,PR,14.257685185185185,26.289733796296296,0,65.05
82919647c77d6bdf1f3edba9eab8e1fe,5e3e1f4586f475c893bb9b464e0f198d,delivered,2017-09-01 17:06:54,2017-09-05 04:30:47,2017-09-06 19:54:56,2017-09-13 20:53:43,2017-09-20,39.9,15.1,1,1,55.0,1,1,4.0,1.0,fff699c184bcc967d62fa2c6171765f7,11020,santos,SP,12.157511574074075,18.286875,0,55.0
9e22fa092a2a1bb489823e54d3b48309,c7976e50c4fa15500e08efe74193b060,delivered,2017-09-01 17:17:22,2017-09-01 17:25:19,2017-09-05 20:29:55,2017-09-13 20:13:28,2017-09-20,179.5,17.02,1,1,196.52,2,1,5.0,1.0,f7bcba8ef48a0f0e7431aeaba2110b97,22410,rio de janeiro,RJ,12.122291666666667,18.27960648148148,0,196.52
30ab609acdb1c2d3756dc46d1e7d93f9,cf9982442670461b134a0bcd4faad2b2,delivered,2017-09-01 17:17:24,2017-09-02 17:25:16,2017-09-06 21:10:14,2017-09-13 17:32:10,2017-09-21,159.8,32.64,2,1,192.44,10,1,4.0,1.0,4b404f23b74d3e9972bcf67bf2fef391,36030,juiz de fora,MG,12.01025462962963,19.279583333333335,0,192.44
ed58aa22f4aad849189015b374336629,7089dec5edd14ca3b741ee5789b6f398,delivered,2017-09-01 17:28:57,2017-09-01 17:45:55,2017-09-08 15:37:51,2017-09-12 22:05:46,2017-09-26,89.99,18.2,1,1,108.19,4,1,2.0,1.0,a2041c8c80b163bf991dd19965ca1862,28896,rio das ostras,RJ,11.192233796296296,24.2715625,0,108.19
5dd67a05c776cc40da30f5cde4a7f161,a897b0758071c7414f117731bf38d82d,delivered,2017-09-01 17:39:10,2017-09-01 22:32:22,2017-09-06 21:26:36,2017-09-14 10:26:50,2017-10-02,59.9,17.67,1,1,77.57,1,1,5.0,1.0,6dba6f8d6b28cb57dc4c873f578d5086,85501,pato branco,PR,12.69976851851852,30.26446759259259,0,77.57
a9f2178e0d196086f0124a23965d79f5,2484d57a9c4669c2db7c83d94b427c5d,delivered,2017-09-01 17:50:46,2017-09-01 22:31:29,2017-09-05 20:22:46,2017-09-12 18:27:47,2017-09-27,105.0,53.82,2,1,158.82,3,1,4.0,1.0,b705ab2eacd1109f8c38ecdc7a3830f3,33025,santa luzia,MG,11.025706018518518,25.256412037037038,0,158.82
52463ab7b28436f48c3ae2a48bc87ef5,42fa526f0f58f2ee8ee4c7791489426b,delivered,2017-09-01 17:56:59,2017-09-01 22:31:33,2017-09-06 19:37:40,2017-09-16 14:07:42,2017-09-26,39.9,17.6,1,1,57.5,1,2,5.0,1.0,de8717915181b17553183733eac66c33,86200,ibipora,PR,14.840775462962963,24.252094907407407,0,57.5
5c79fa2db9227db840a45f20c3ce4833,2b2579545226dbc47bbae14b3e983e10,delivered,2017-09-01 18:04:55,2017-09-05 04:45:48,2017-09-06 17:43:36,2017-09-08 22:34:48,2017-09-14,143.8,15.76,1,1,159.56,1,1,3.0,1.0,c77a1acd947a35fa2738c22f371645c2,18061,sorocaba,SP,7.187418981481481,12.246585648148148,0,159.56
a4714070c2ecaca755290f99b0726878,73395602f51bf2b5aa514a888a54bda7,delivered,2017-09-01 18:21:43,2017-09-05 04:35:22,2017-09-06 13:12:39,2017-09-11 22:36:24,2017-09-21,84.99,14.34,1,1,99.33,1,1,2.0,1.0,318894746180231f5bb61ec807845ba7,23540,rio de janeiro,RJ,10.176863425925927,19.23491898148148,0,99.33
972f03a2ab321bf017e5935258d033fa,646ec1788e9a354f74f34212deb37834,delivered,2017-09-01 18:28:26,2017-09-01 22:25:38,2017-09-05 15:03:37,2017-09-11 22:11:27,2017-09-21,50.9,17.64,1,1,68.54,1,1,5.0,1.0,f033c0d815744232baa02627b90d1587,60533,fortaleza,CE,10.154872685185186,19.23025462962963,0,68.53999999999999
12d86cb46107086f370cc3512828696a,7eb0c64f6cac0546cb22ce7640797300,delivered,2017-09-01 18:30:53,2017-09-01 22:32:45,2017-09-05 17:16:44,2017-09-13 22:32:48,2017-09-28,177.99,36.57,1,1,214.56,6,1,5.0,1.0,bca559e6b9b89b31f1e4e56247b905bb,78088,cuiaba,MT,12.167997685185185,26.22855324074074,0,214.56
148e87a8ff911451dd96a8375d138447,6aec49bfd345b021cbe84bcdb51f7d12,delivered,2017-09-01 18:32:18,2017-09-01 22:25:51,2017-09-04 17:47:54,2017-09-11 22:41:58,2017-09-26,78.99,15.3,1,1,94.29,1,1,4.0,1.0,e0cf90daa69a466fe59067fab6c17f3e,7070,guarulhos,SP,10.173379629629629,24.227569444444445,0,94.28999999999999
ac1213003a72f088e0491cec47363902,e8e98e34e436b94f502e364ae42c2f1d,delivered,2017-09-01 18:38:29,2017-09-02 03:04:34,2017-09-04 17:35:02,2017-09-06 20:05:55,2017-09-22,69.99,15.24,1,1,85.23,1,1,5.0,1.0,10beb52db63400a6e84a6b3c6588b4c9,5145,sao paulo,SP,5.060717592592592,20.223275462962963,0,85.22999999999999
70f357cca87c1162357bf3c0a993cbe5,4ac6bbe5dcaf264863bff08692d00578,delivered,2017-09-01 18:40:11,2017-09-13 22:04:49,2017-09-05 12:33:19,2017-09-12 16:53:41,2017-09-22,58.99,16.66,1,1,75.65,7,1,5.0,1.0,b88f3063be88d1ecc23e44d000d5f639,35703,sete lagoas,MG,10.926041666666666,20.222094907407406,0,75.65
8554cb37f7158cb0b082a841d24a4589,788e845925ff64c9df5d8ba40e28cf50,delivered,2017-09-01 18:40:44,2017-09-13 21:58:04,2017-09-04 19:12:19,2017-09-08 20:07:45,2017-10-02,1249.49,49.79,2,2,1299.28,10,1,1.0,1.0,fbd4d7e33bef85ee6e10995ad94ef88a,62230,ipueiras,CE,7.060428240740741,30.221712962962965,0,1299.28
cf72398d0690f841271b695bbfda82d2,2b7fff075bda701552485ef3f0810257,delivered,2017-09-01 18:45:33,2017-09-13 22:04:39,2017-09-04 20:12:41,2017-09-11 14:15:02,2017-09-21,269.0,15.49,1,1,284.49,8,1,5.0,1.0,0a230b3fdaae7f47c5a5c39a4b73a340,2992,sao paulo,SP,9.812141203703703,19.218368055555555,0,284.49
77ca435b03fbf991e5027e3776e37885,c7c94293f2433a2421bc2dbd8cd23ee6,delivered,2017-09-01 18:49:54,2017-09-13 21:56:08,2017-09-04 20:50:00,2017-09-30 17:33:43,2017-09-26,44.9,15.79,1,1,60.69,2,1,1.0,1.0,07c827034e7b896749af6c9cc366c00f,40243,salvador,BA,28.947094907407408,24.21534722222222,1,60.69
06eb87385425e5797a1a5c2cdb1b6559,3bf91fb0570071bd0857ff3d97461f71,delivered,2017-09-01 18:53:08,2017-09-13 22:10:37,2017-09-06 21:10:11,2017-09-15 18:53:50,2017-09-26,199.9,26.24,1,1,226.14,8,1,3.0,1.0,7c7e03430298829ba514c008192e2f7d,71937,brasilia,DF,14.000486111111112,24.213101851851853,0,226.14000000000001
1fab4ac9d85079b3da72a11475ae1685,f831c1fa80308975ec2b58e4877328e0,delivered,2017-09-01 19:04:22,2017-09-13 22:06:11,2017-09-04 13:10:23,2017-09-08 20:13:03,2017-09-20,229.9,13.11,1,1,243.01,8,1,5.0,1.0,d121ceaccf4c241eae9a5f97cc661ccf,13610,leme,SP,7.047696759259259,18.205300925925926,0,243.01
25d054bcaafc7ed0a9b503a55ae9f2f1,16a01fcc3eb15d1229e677d6e9c34cfc,delivered,2017-09-01 19:13:10,2017-09-04 13:30:11,2017-09-04 21:04:08,2017-09-19 17:03:33,2017-09-26,89.99,16.07,1,1,106.06,1,2,5.0,1.0,a5872dfc3c4f542029a5d07cec405fc6,41680,salvador,BA,17.909988425925928,24.199189814814815,0,106.06
0184d4ddb259e1a4cfc2871888cf97b8,09425ea1839abf2f0d289a0ff453fa21,delivered,2017-09-01 20:04:28,2017-09-13 22:17:15,2017-09-04 14:05:50,2017-09-09 15:12:44,2017-09-20,75.0,16.16,1,1,91.16,8,1,5.0,1.0,10c573ba276f9857dc6820e0dde57fb8,14811,araraquara,SP,7.797407407407407,18.163564814814816,0,91.16
c3b8c17ee15e0e798c2e178b7d4c7f42,67a5fd09c67dd51115ca8044b4afdc34,delivered,2017-09-01 20:04:47,2017-09-13 22:08:55,2017-09-05 15:43:31,2017-09-11 16:43:46,2017-09-20,48.9,12.69,1,1,61.59,1,1,3.0,1.0,1dd809dce0726b91fe230b6cbb0bcf42,13770,caconde,SP,9.860405092592593,18.163344907407406,0,61.589999999999996
5958fb8c6e854b986800307f995fd209,7ec8405b4aee6ab5a9747aead0e096b7,delivered,2017-09-01 20:04:49,2017-09-12 12:35:16,2017-09-12 18:47:56,2017-09-19 20:27:58,2017-09-22,29.9,15.1,1,1,45.0,2,1,2.0,1.0,7a8c8f8e061da8b05638962072ba6c92,81200,curitiba,PR,18.016076388888887,20.163321759259258,0,45.0
12d9723638a09350ec19ea8d66073249,13d6935a154e88a19cec61280ff67217,delivered,2017-09-01 20:05:31,2017-09-01 22:25:46,2017-09-04 20:51:14,2017-09-11 19:37:55,2017-09-20,84.8,24.9,1,1,109.7,2,1,4.0,1.0,4e1f2e23a272511f68adc3139f081291,15055,sao jose do rio preto,SP,9.980833333333333,18.16283564814815,0,109.69999999999999
bc4854efd86d9f42140c951c595d20c1,30aef21b6dd78da1334dd1164cc0b05e,delivered,2017-09-01 20:05:42,2017-09-13 22:00:51,2017-09-04 20:49:57,2017-09-06 22:15:45,2017-09-20,129.0,13.92,1,1,142.92,2,1,5.0,1.0,25d27a4142682b5d504dcc67caab8d6f,4909,sao paulo,SP,5.0903125,18.162708333333335,0,142.92
40de47dfa620d667117e4a6067b6e1ec,9f64391c68c234a7264087c2d0c1ac76,delivered,2017-09-01 20:05:55,2017-09-13 21:58:38,2017-09-04 20:36:58,2017-09-08 20:41:16,2017-09-22,115.19999999999999,45.3,3,1,160.5,3,1,5.0,1.0,2d32acd3ec65cdd1da5ef425e03d0fda,38406,uberlandia,MG,7.024548611111111,20.16255787037037,0,160.5
ebb5affa057893d369c438b0eee8e2b0,3ef0940ac9cc365117d467fd0f3757e7,delivered,2017-09-01 20:06:11,2017-09-02 13:10:16,2017-09-04 20:07:57,2017-09-06 15:21:43,2017-09-15,69.9,11.73,1,1,81.63,1,1,1.0,1.0,2fd4fde99628d70ae43cfa35ee62e10e,2321,sao paulo,SP,4.802453703703704,13.162372685185185,0,81.63000000000001
e1666defbb1e17b545b7ce2b98d99f27,febef567b957e2ada3a29173f182115b,delivered,2017-09-01 20:06:29,2017-09-01 22:32:11,2017-09-07 00:22:30,2017-09-12 16:32:40,2017-09-20,19.9,11.85,1,1,31.75,1,1,5.0,1.0,bb7ff07987c9bb0345b6b948478525b4,6422,barueri,SP,10.851516203703703,18.162164351851853,0,31.75
1af002e4d9365a7809af4290ffccbc39,f51d104f314dfc7fe1fd9af2c6981a77,delivered,2017-09-01 20:08:04,2017-09-01 22:25:44,2017-09-04 21:15:47,2017-09-12 18:35:56,2017-09-26,19.9,15.1,1,1,35.0,1,1,3.0,1.0,a1efe9a98bf03a0025efa9bc56fe9d1f,25520,sao joao de meriti,RJ,10.936018518518518,24.161064814814814,0,35.0
580f3268bc2075c5961b2d2929c7a35b,ce37390d21ccd85e25c90ba634097c29,delivered,2017-09-01 20:17:09,2017-09-13 22:03:42,2017-09-05 11:58:18,2017-09-18 17:52:20,2017-09-25,87.85,17.86,1,1,122.1,12,1,4.0,1.0,155d785ad38224d47cb36e4588d9d23f,88352,brusque,SC,16.89943287037037,23.154756944444443,0,105.71
e037d33d32c17a7903d0b8132af49838,8b5a96c508604afcda1a65284875f3ae,delivered,2017-09-01 20:21:14,2017-09-05 04:25:53,2017-09-06 21:20:04,2017-09-12 20:17:42,2017-09-22,37.5,13.37,1,1,50.87,1,1,5.0,1.0,1675ef16748d72ab18c8bf4e5fb725ec,2408,sao paulo,SP,10.997546296296296,20.151921296296297,0,50.87
93cb959c1778b406571430bae0621e34,0bb2f904940f8c35cde9dedb64488291,delivered,2017-09-01 20:23:08,2017-09-04 06:50:17,2017-09-04 22:08:17,2017-09-08 16:13:13,2017-09-28,35.0,11.85,1,1,46.85,1,1,5.0,1.0,d6ac33439a2d21e66a32ff87c8be6506,8970,salesopolis,SP,6.82644675925926,26.150601851851853,0,46.85
1378f9601350615613cc8832d6789c5d,988126b4ddf725d9724e4318872ea2ae,delivered,2017-09-01 20:28:02,2017-09-13 22:03:51,2017-09-04 18:07:55,2017-09-13 22:24:46,2017-09-29,106.9,18.0,1,1,124.9,5,1,5.0,1.0,507dc9becd4fc65635d90682dfa9d3a3,98900,santa rosa,RS,12.081064814814814,27.147199074074074,0,124.9
1ec1f0aa2c220d06ace348a757325915,f5e4c555f2ba8b9b4ba40340707efdbf,delivered,2017-09-01 21:19:10,2017-09-01 22:07:31,2017-09-04 14:22:07,2017-09-14 21:57:33,2017-09-26,70.35,17.06,1,1,87.41,4,1,5.0,1.0,48c8dc8d8ce357cd27edae89b40608f0,74370,goiania,GO,13.026655092592593,24.111689814814813,0,87.41
3af00e0602421aa412b0f4ef0ebdb6c4,59e0d4564a850e47541812e373226501,delivered,2017-09-01 21:28:51,2017-09-05 04:25:56,2017-09-12 19:25:23,2017-09-14 14:44:57,2017-09-22,34.99,11.85,1,1,46.84,1,1,5.0,1.0,3fbe5c847861e240fd6800517172694b,9780,sao bernardo do campo,SP,12.719513888888889,20.10496527777778,0,46.84
e71f1d602c3b94eb593d48a61a2163fd,7f02a8230a3ff5c0888ea3a2c8ae618c,delivered,2017-09-01 21:42:51,2017-09-01 22:07:51,2017-09-07 00:07:44,2017-09-15 19:42:03,2017-09-29,1300.0,44.46,1,1,1344.46,8,1,5.0,1.0,f61d858404cc299afb3a89451a92f91b,93260,esteio,RS,13.91611111111111,27.095243055555557,0,1344.46
29cd5bdaa8ca1890a2688d40839043c1,0f337ceffd2233ad8575fd02fab410b6,delivered,2017-09-01 21:44:28,2017-09-01 22:07:01,2017-09-04 19:17:47,2017-09-18 08:51:51,2017-09-26,778.0,114.9,1,1,892.9,10,1,5.0,1.0,30a2c320781a28b4ddbb689329fbaae9,65170,icatu,MA,16.46346064814815,24.09412037037037,0,892.9
9c8b8ff59ab268b976e66d35464ac79b,f221dd968c17b94730bd38fd6fdd37ea,delivered,2017-09-01 21:50:49,2017-09-01 22:25:32,2017-09-04 20:43:12,2017-09-12 15:22:52,2017-09-21,115.19999999999999,35.55,3,1,150.75,4,1,1.0,1.0,dac0540077981a7fd7524504a8785267,18760,cerqueira cesar,SP,10.730590277777777,19.08971064814815,0,150.75
0ae17ad341b336248ad884272d8c1c93,0987ed023b037114d6e4e6744f2152bf,delivered,2017-09-01 21:52:16,2017-09-01 22:25:36,2017-09-07 00:23:50,2017-09-20 10:16:07,2017-10-02,359.0,37.03,1,1,396.03,4,1,4.0,1.0,57dc5ffadb04793be6e216b39737061e,45315,milagres,BA,18.5165625,30.088703703703704,0,396.03
8bcb04c1ca645d109ed37389fda5dbb0,dd977fc3619f271f431181f90e305a1f,delivered,2017-09-01 21:53:59,2017-09-01 22:25:37,2017-09-05 20:13:08,2017-10-05 09:47:51,2017-09-21,1300.0,38.51,1,1,1338.51,4,1,1.0,1.0,bce40e163747be50b7bb83f016591e0f,4123,sao paulo,SP,33.49574074074074,19.087511574074075,1,1338.51
4100b7218003e76b7c95e82ab07b3fdc,38db9a6684eac7a77ef71610592e409f,delivered,2017-09-01 22:03:59,2017-09-01 22:26:08,2017-09-04 22:03:07,2017-09-14 17:56:31,2017-09-25,198.0,91.98,2,1,289.98,10,1,5.0,1.0,21bb05add38438bb24dbdbaa3ef7817d,18078,sorocaba,SP,12.828148148148149,23.080567129629628,0,289.98
f9b91536d4ba5625abb8769a3183b657,62c2731d5d684217ed13e33db600260c,delivered,2017-09-01 22:22:13,2017-09-02 14:44:02,2017-09-06 21:26:36,2017-09-13 23:20:02,2017-09-28,59.9,17.67,1,1,77.57,1,1,2.0,1.0,fc16565ad8c9887ecc561e0708cd14ba,29060,vitoria,ES,12.040150462962963,26.067905092592593,0,77.57
1f80ad89393a17282085bcd14644e45a,9dc44c77359aac6ad31f0937961a9940,delivered,2017-09-01 22:26:18,2017-09-02 22:23:55,2017-09-06 19:43:53,2017-09-18 18:11:46,2017-09-26,79.6,60.4,4,1,140.0,1,1,3.0,1.0,08f7cf00ed9ff3e0a08fc136ec272974,71900,brasilia,DF,16.82324074074074,24.065069444444443,0,140.0
f9c78e6e58306dc81efbbada1ac11f24,4740044a9390cc45b2c213e8714129e7,delivered,2017-09-01 22:26:18,2017-09-02 22:23:53,2017-09-05 12:08:46,2017-09-13 19:07:33,2017-09-21,194.99,20.85,1,1,215.84,1,1,2.5,2.0,08f7cf00ed9ff3e0a08fc136ec272974,71900,brasilia,DF,11.861979166666666,19.065069444444443,0,215.84
0ef95a4e8ed73bc72863cca218c4791a,88fd1e7e8649557c4f7f06cca6ebf337,delivered,2017-09-01 22:47:02,2017-09-01 23:07:13,2017-09-04 21:28:30,2017-09-11 20:28:59,2017-09-25,267.99,16.63,1,1,284.62,5,1,5.0,1.0,7b6d800cbf415e15bba156cdbe6d110a,35680,itauna,MG,9.904131944444444,23.050671296296297,0,284.62
019536ad39a0dea8bb75c00359a0386b,958b47e797d9db0979238d3b7fc08b9b,delivered,2017-09-01 22:51:17,2017-09-02 16:10:14,2017-09-04 17:39:57,2017-09-26 21:14:19,2017-10-04,49.9,35.67,1,1,85.57,6,1,5.0,1.0,ab1396beb942dfd3e0f7ac83938bbbd1,58600,santa luzia,PB,24.932662037037037,32.047719907407405,0,85.57
cf5bae440125a8f7eccfde72d25e1913,54abf020696cac4caf9175f3b5530ed0,delivered,2017-09-01 22:51:39,2017-09-01 23:07:15,2017-09-05 18:55:44,2017-10-31 19:48:22,2017-09-27,267.0,24.19,1,1,291.19,5,1,1.0,1.0,60342c33a39a2e43be81ad79ab92fde9,57014,maceio,AL,59.87271990740741,25.04746527777778,1,291.19
1d0acbd3a21cb00b1cede4db748fa0b1,42e6dab95c5c9ff9067a6d954ccdcfbe,delivered,2017-09-01 22:52:49,2017-09-01 23:10:10,2017-09-06 19:06:35,2017-09-15 15:43:38,2017-09-26,180.0,35.06,1,1,215.06,4,1,5.0,1.0,74838cafa70beaff741b6f16a4564080,11630,ilhabela,SP,13.70195601851852,24.04665509259259,0,215.06
5a1f6d22f7dfb061ef29216b9af687a1,4c7ef01bf8ed05e43a5e9e44bb08358e,delivered,2017-09-01 23:13:57,2017-09-01 23:25:09,2017-09-06 23:42:08,2017-09-13 21:17:32,2017-09-20,35.0,12.69,1,1,47.69,4,1,4.0,1.0,5986b5f70bf08b414d16a93ac5b1d76c,13611,leme,SP,11.919155092592593,18.031979166666666,0,47.69
c18471a2fcb0a25a2cb68f0df3fd8174,8191feccc07e2666f6f267d83d920351,delivered,2017-09-01 23:24:45,2017-09-01 23:35:35,2017-09-08 20:52:55,2017-09-11 13:58:32,2017-09-14,29.99,7.78,1,1,37.77,1,1,4.0,1.0,3528aee5bd075d62e4c6eba9d5e97362,9850,sao bernardo do campo,SP,9.60679398148148,12.024479166666667,0,37.769999999999996
b59620194f1a281eb142e191d597aadd,6d25b4f566116a84edc38137ee437bcd,delivered,2017-09-02 00:14:09,2017-09-02 00:25:44,2017-09-05 11:58:16,2017-09-12 19:36:51,2017-09-26,113.57,18.04,1,1,131.61,2,1,5.0,1.0,c9900a8a1136563bb927539e5a5681ee,21020,rio de janeiro,RJ,10.807430555555555,23.99017361111111,0,131.60999999999999
ff0d3c8b486f123087d9d9da102afaf6,bd33c2c896c5ff73c205660af316b420,delivered,2017-09-02 00:50:36,2017-09-03 00:55:12,2017-09-05 13:34:23,2017-09-08 17:03:56,2017-09-21,115.9,18.06,1,1,133.96,8,1,1.0,1.0,5faa665d5980f821e7dfe72d577fe35d,3755,sao paulo,SP,6.675925925925926,18.964861111111112,0,133.96
5402b020da6d5ee7b7f1d43f22dbae97,c4538c27f47c9389108880bfe6155eff,delivered,2017-09-02 03:39:38,2017-09-05 04:24:26,2017-09-06 13:17:04,2017-09-13 21:29:47,2017-09-29,23.99,15.1,1,1,39.09,1,1,5.0,1.0,afd695ebcb662077addb1747881836c1,39950,rubim,MG,11.743159722222222,26.84747685185185,0,39.089999999999996
0fb5a3160f044b869ebab3a1d50f0471,63d6b822c9b82abb95d18d43cc3f79c8,delivered,2017-09-02 05:21:17,2017-09-02 06:41:01,2017-09-06 21:26:39,2017-09-17 14:42:00,2017-10-09,59.9,28.82,1,1,88.72,1,2,4.0,1.0,0c75c5ef968e1e8a53c91277d2417ffb,54753,camaragibe,PE,15.389386574074074,36.77688657407408,0,88.72
578ef9ed2638d4e10337e50e37566344,cf08d4dd333c76a5b09fb2f352652d7b,delivered,2017-09-02 06:21:22,2017-09-02 06:30:16,2017-09-13 18:06:50,2017-09-22 16:51:43,2017-10-04,193.0,38.9,1,1,231.9,7,1,5.0,1.0,7f556f81a078ed48c03c3a04f324b3f0,64980,corrente,PI,20.437743055555554,31.735162037037036,0,231.9
20a518e7fbb9f9dd62b7ff6016f28d10,924cfd87cd6e193de6f0f8ea64d3c78c,delivered,2017-09-02 08:30:14,2017-09-05 04:15:30,2017-09-06 13:17:03,2017-09-12 18:12:55,2017-09-25,57.99,15.16,1,1,73.15,1,1,5.0,1.0,7cbeb3b26200ff0b044810d637e54b3c,38050,uberaba,MG,10.404641203703704,22.645671296296296,0,73.15
5db31af449c668e4ed0b7efb00f802c1,5b4e519743dd2db7fcf4a24581a4ccba,delivered,2017-09-02 09:14:23,2017-09-04 10:25:27,2017-09-04 21:52:24,2017-09-06 23:21:32,2017-09-26,24.9,15.79,1,1,40.69,4,1,5.0,1.0,7988057cae0a17f493dabf6921417807,40710,salvador,BA,4.588298611111111,23.615011574074074,0,40.69
a0c1ac2d2b7ee099ba14b612a76b6187,03c546b7602c2844a20de363905be285,delivered,2017-09-02 09:17:19,2017-09-02 09:30:14,2017-09-05 20:56:50,2017-09-08 18:33:12,2017-09-26,79.0,15.3,1,1,94.3,3,1,5.0,1.0,e0d3e27af6775c22481f79aef022d471,14300,batatais,SP,6.386030092592593,23.612974537037037,0,94.3
c304f3e442b44b23d4623712988c3734,6c57ea1c63351b81d80f31330c6ca6a8,delivered,2017-09-02 09:31:14,2017-09-02 09:45:13,2017-09-04 22:25:54,2017-09-15 14:46:34,2017-09-26,65.0,16.89,1,1,81.89,1,1,4.0,1.0,02deaccb3c4b572f6d4fb48bcd4bbec5,21941,rio de janeiro,RJ,13.218981481481482,23.603310185185187,0,81.89
8c7e112e6142410327c019e28d65d751,a7da632ce5f962abe073f312f5a1b390,delivered,2017-09-02 10:04:34,2017-09-02 10:24:13,2017-09-04 22:19:05,2017-09-12 22:45:27,2017-10-02,67.0,16.91,1,1,83.91,2,1,5.0,1.0,33402909bc53450f7cf55d6c135e2733,48900,juazeiro,BA,10.528391203703704,29.580162037037038,0,83.91
3eb0f85a2cf629b092487dbf1847ff9b,66b4fbad0c2c977805b10a2fcd76c861,delivered,2017-09-02 10:09:12,2017-09-02 10:24:09,2017-09-08 17:41:40,2017-09-20 20:21:59,2017-09-27,128.9,18.47,1,1,147.37,3,1,5.0,1.0,f4dc55c4dce86e8d6cec363bdfa9b41f,27521,resende,RJ,18.425543981481482,24.576944444444443,0,147.37
5942bd3a8502a95cab0655d31eb2c6fc,0da03c17bb6e78ca54c42dd0332b5847,delivered,2017-09-02 10:17:22,2017-09-02 10:30:20,2017-09-05 11:59:12,2017-09-13 18:44:50,2017-10-04,45.9,16.11,1,1,62.01,4,1,5.0,1.0,6a8733ff8b8426816669b13aa1f07501,29196,aracruz,ES,11.352407407407407,31.571273148148148,0,62.01
170cdbf7e3806693dce1451299ee4ff7,684c373513ceb1c2ccf7ff48a72905ca,delivered,2017-09-02 10:26:03,2017-09-02 10:35:17,2017-09-06 21:33:08,2017-09-14 20:59:48,2017-10-03,59.9,17.67,1,1,77.57,4,1,5.0,1.0,d5521a550c8276ef263a830852342242,23954,angra dos reis,RJ,12.440104166666666,30.565243055555555,0,77.57
f07401e4337f90835db57d8bacabd310,ca3530e7983aef2c60f0a48394c81b65,delivered,2017-09-02 10:27:11,2017-09-02 10:35:11,2017-09-04 16:57:16,2017-09-11 12:11:27,2017-09-21,887.0,21.84,1,1,908.84,10,1,5.0,1.0,742911bd5109eccceb784f65b7175128,19750,lutecia,SP,9.072407407407407,18.56445601851852,0,908.84
4b723c793fead9a09146174b94577802,bf9c8d8a4ada55c82c2add8a9c8bfea7,delivered,2017-09-02 10:33:40,2017-09-02 10:45:18,2017-09-06 21:10:13,2017-09-18 22:32:43,2017-10-05,89.9,17.88,1,1,107.78,6,1,4.0,1.0,1dcf52a2377ac589a2e26daab041713d,96610,encruzilhada do sul,RS,16.499340277777776,32.559953703703705,0,107.78
03e99d63b25fc441524d77bda33ab136,db157e43885bae83e589dff79ed78d87,delivered,2017-09-02 10:36:02,2017-09-02 10:50:17,2017-09-04 20:45:55,2017-09-12 22:32:44,2017-09-29,46.9,28.75,1,1,75.65,1,1,5.0,1.0,52da369489ce73cfcfce100675196aaf,51030,recife,PE,10.497708333333334,26.558310185185185,0,75.65
6d7bfd3551f91299c7e4b7f0922e9e75,cf82926706d6fb674a9ec6b60677b2f6,delivered,2017-09-02 11:02:38,2017-09-04 12:24:03,2017-09-04 20:37:59,2017-09-08 15:36:41,2017-09-21,610.0,37.54,1,1,647.54,10,1,5.0,1.0,94e27bbbd8a0433df936d73d43600471,9321,maua,SP,6.1903125,18.539837962962963,0,647.54
56876127578ae75a3a469572eca6602b,92efb7442d7a27f11a453e0c0db25562,delivered,2017-09-02 11:21:35,2017-09-02 11:30:21,2017-09-05 15:47:59,2017-09-08 23:41:34,2017-09-21,89.9,13.65,1,1,103.55,5,1,4.0,1.0,5adb949d6dbe858471d4e41e8e2758d1,1534,sao paulo,SP,6.513877314814815,18.52667824074074,0,103.55000000000001
af8cd0ccf7bfb5bc0998744b1ff8c08f,e43366d6939a89d151f1ad9246d07b8f,delivered,2017-09-02 11:21:41,2017-09-05 04:11:03,2017-09-06 17:47:36,2017-09-15 01:04:09,2017-09-22,18.9,12.48,1,1,31.38,1,1,5.0,1.0,9e6d7b03c60ff48f799449be3fbcd16b,16074,aracatuba,SP,12.571157407407407,19.526608796296298,0,31.38
4ff9dbb3b682b9c1a8f93e22dce70106,8acb7867a1b2968030d945c538682170,delivered,2017-09-02 11:32:54,2017-09-02 11:45:22,2017-09-04 22:15:12,2017-09-12 18:37:37,2017-09-27,16.9,21.15,1,1,38.05,1,1,5.0,1.0,d164b19f04a89cca783eee581d4d07df,65636,timon,MA,10.29494212962963,24.518819444444443,0,38.05
47420d7f7e141ae9974351d8a438f759,55cae1e7c9b2dd0420cf1f95699d77a6,delivered,2017-09-02 11:37:53,2017-09-02 11:50:23,2017-09-04 22:05:58,2017-09-12 17:33:42,2017-09-22,49.9,15.1,1,1,65.0,4,1,5.0,1.0,9724553bac1f3f92a40de0c99327fb6c,36047,juiz de fora,MG,10.247094907407407,19.515358796296297,0,65.0
4cd2e432faef34e3616ec529f1106de6,0ffcb297c971a2b8822d8feb8af90b06,delivered,2017-09-02 11:41:55,2017-09-02 11:55:22,2017-09-05 20:32:20,2017-09-15 21:05:04,2017-09-26,128.7,21.39,1,1,150.09,2,1,3.0,1.0,a42f083e350bbe8874943882e5620af2,18460,itarare,SP,13.391076388888889,23.51255787037037,0,150.08999999999997
b6718d42f2393bde8ae9b32034d0384c,eea7c7cae7cb169c210ed31a5b25180c,delivered,2017-09-02 11:53:10,2017-09-02 12:05:40,2017-09-05 18:21:56,2017-09-12 20:41:54,2017-09-22,156.0,25.78,2,1,181.78,6,1,5.0,1.0,b991b8aea12757e4417125a5eaea50c8,18700,avare,SP,10.367175925925926,19.50474537037037,0,181.78
d0e7be325a1c986babc4e1cdb91edc03,ffffa3172527f765de70084a7e53aae8,delivered,2017-09-02 11:53:32,2017-09-02 12:05:40,2017-09-08 20:04:11,2017-09-14 19:47:40,2017-09-26,21.8,23.7,2,1,45.5,4,1,5.0,1.0,48fd7dec70f2b104a1d5e8c5c639102b,37130,alfenas,MG,12.32925925925926,23.504490740740742,0,45.5
2a706489eee816fe6f5bfe2298c51840,15b13916422ccd2d823abb287bdfca49,delivered,2017-09-02 12:03:14,2017-09-02 12:10:16,2017-09-04 16:22:45,2017-09-05 13:44:05,2017-09-15,29.9,7.78,1,1,37.68,3,1,3.0,1.0,84d0047c12ae38389481afbb9f4a5bf6,3159,sao paulo,SP,3.070034722222222,12.497754629629629,0,37.68
8a6e225994411f2e15e2407fd5a05511,6a247605b4d45aed36f7e3e253bfab01,delivered,2017-09-02 12:18:12,2017-09-02 12:30:17,2017-09-05 18:00:11,2017-09-13 18:13:46,2017-09-26,128.9,18.15,1,1,147.05,1,1,4.0,1.0,fdf584cb034b3e021e771a06df9be240,81200,curitiba,PR,11.246921296296296,23.48736111111111,0,147.05
d6a1328be8ee25bcec02c6c659e41618,72ca022d5f986cbeba818c19e6cd2f75,delivered,2017-09-02 12:24:01,2017-09-03 12:30:15,2017-09-04 17:14:54,2017-09-05 20:17:46,2017-09-15,31.5,7.78,1,1,39.28,3,1,5.0,1.0,66908d0dec4e384b916f137d8a31ce73,13073,campinas,SP,3.3289930555555554,12.48332175925926,0,39.28
ee116eb6355020a3addabb2a821ec818,b53ead64a4a888ed84bc181403314bef,delivered,2017-09-02 12:33:25,2017-09-02 12:45:16,2017-09-08 23:42:22,2017-09-15 21:23:08,2017-09-22,29.9,20.75,1,1,50.65,1,1,3.0,1.0,58e16b9b31cecd2680fb21ca83dc680c,60732,fortaleza,CE,13.367858796296296,19.47679398148148,0,50.65
fda622cad4b8247deacafdb16ea67c73,fd888c7ef2b99e3b852ad4360418423e,delivered,2017-09-02 12:55:37,2017-09-02 13:05:16,2017-09-05 18:42:21,2017-09-13 19:13:40,2017-09-28,82.99,14.33,1,1,97.32,1,1,5.0,1.0,f7665b7274ed0010bb58dd4b0e0554bc,91050,porto alegre,RS,11.262534722222222,25.461377314814815,0,97.32
b9cc09d74b35b6e55620022d806066ec,792c82543cb5319c0747d9c97386863f,delivered,2017-09-02 13:04:14,2017-09-04 17:30:19,2017-09-06 20:56:57,2017-09-13 18:15:56,2017-09-15,40.0,8.27,1,1,48.27,1,1,4.0,1.0,edfe00c5381cb662e2a8109bd2184515,7178,guarulhos,SP,11.216458333333334,12.455393518518518,0,48.269999999999996
d0b9bcb0d474f6525456037afe12820f,2234c43d78384c202447f319adeba1c4,delivered,2017-09-02 13:20:52,2017-09-05 04:24:49,2017-09-15 15:17:29,2017-09-20 19:10:45,2017-09-22,27.9,15.1,1,1,43.0,1,1,4.0,1.0,e725bc81f23cb13cbe705fdbcf49f581,14051,ribeirao preto,SP,18.242974537037036,19.443842592592592,0,43.0
9a3eb21e5b2f2bcb00f0da5ea926e726,23590b9d34bd06d6195aadf7763b46af,delivered,2017-09-02 13:22:11,2017-09-02 13:30:15,2017-09-05 18:16:08,2017-09-11 19:04:16,2017-09-21,65.0,13.47,1,1,78.47,1,1,4.0,1.0,788620dfe171ffaff1c5fda676fc376b,15825,paraiso,SP,9.23755787037037,18.44292824074074,0,78.47
bd83b6f65b3811546509a46108ba032a,cd44fe8fac60b5e17f76002aa97b2be7,delivered,2017-09-02 14:01:46,2017-09-02 14:15:11,2017-09-04 19:42:19,2017-09-08 21:04:00,2017-09-27,36.9,12.69,1,1,49.59,4,1,5.0,1.0,dc8c00e5332f7efa00a561303a60941a,15950,santa adelia,SP,6.293217592592592,24.415439814814814,0,49.589999999999996
6a6d60aba373f10c15519e023de52de1,0ccc3b723e0fe398486c25a2de577c42,delivered,2017-09-02 14:15:11,2017-09-05 04:35:56,2017-09-05 15:50:11,2017-09-08 18:41:32,2017-09-22,129.9,14.5,1,1,144.4,1,1,5.0,1.0,2ecd17bc697f188ad5408f7c675dfd08,28180,cardoso moreira,RJ,6.184965277777778,19.406122685185185,0,144.4
475daaf912c5d6077ae695875f9e02dd,af19987afaab941ddba949ef09e2b393,delivered,2017-09-02 14:17:54,2017-09-05 04:44:23,2017-09-11 17:06:55,2017-09-18 18:35:11,2017-10-09,31.9,16.79,1,1,48.69,1,1,5.0,1.0,23d8f6988fc85e2debfa559262178b05,45400,valenca,BA,16.178668981481483,36.40423611111111,0,48.69
1b60ece83b00bc1f24db33620b942d2f,f5ce9a458627cdf1b39247b45fa6ecf9,delivered,2017-09-02 14:26:16,2017-09-02 14:35:21,2017-09-06 21:34:08,2017-09-11 23:44:35,2017-09-28,59.9,13.44,1,1,73.34,1,1,5.0,1.0,76eb770df6be0fe7e270abfe304fc86f,7801,franco da rocha,SP,9.387719907407407,25.398425925925928,0,73.34
17ece7ee59d823d55795a356168275e4,403df4f718b10da26ad22db642a6934f,delivered,2017-09-02 14:37:17,2017-09-02 14:50:11,2017-09-05 12:17:17,2017-09-11 14:42:50,2017-09-27,195.9,26.21,1,1,222.11,2,1,5.0,1.0,b34a1c47a3858b2c2dff13888ee8a9e6,17514,marilia,SP,9.003854166666667,24.390775462962964,0,222.11
607d3bb7a9446cd716e0fe3689dfcdaf,914fa7179e73f1d63eb0633c566217d7,delivered,2017-09-02 14:38:20,2017-09-03 14:45:15,2017-09-05 14:36:50,2017-09-13 19:54:50,2017-09-25,690.0,53.57,1,1,743.57,9,1,5.0,1.0,caca6ca8dee328055690501312b1a77c,31730,belo horizonte,MG,11.219791666666667,22.390046296296298,0,743.57
91738f432adb50d3fafd082ebfdecac7,f2e4b661e1d12af79d91f0de73226ee4,delivered,2017-09-02 15:05:31,2017-09-02 15:44:29,2017-09-05 18:33:24,2017-09-09 16:59:57,2017-09-15,109.99,27.21,1,1,137.2,2,1,4.0,1.0,fa97c408600c78043d20c6a6f81ae02f,13059,campinas,SP,7.079467592592593,12.371168981481482,0,137.2
28e418b320f6b759b6aea79734f165e5,97697c5f77b484cb0cec9eaa81c679d5,delivered,2017-09-02 15:09:09,2017-09-02 15:24:04,2017-09-07 00:04:26,2017-09-19 19:16:57,2017-09-27,1700.0,70.72,2,1,1770.72,6,1,5.0,1.0,d3bf48abdd573e74110b3e79d7b07ed1,74970,aparecida de goiania,GO,17.172083333333333,24.368645833333332,0,1770.72
136e42854980018398bfe35a8eecf470,c30dc83700d4b4f4e9a1f852bd60a3b4,delivered,2017-09-02 15:23:36,2017-09-02 15:35:26,2017-09-05 12:43:23,2017-09-14 22:12:56,2017-09-25,163.99,18.72,1,1,182.71,8,1,4.0,1.0,5a03c0d19f3489c0f6ed18960544f235,22750,rio de janeiro,RJ,12.28425925925926,22.35861111111111,0,182.71
e2d43cdbee2a18383c6d8ce8c63d3f1c,e011aa35a639e747cc8a9f9c731998b5,delivered,2017-09-02 15:26:41,2017-09-02 15:45:17,2017-09-11 17:07:02,2017-09-19 14:22:31,2017-10-03,27.9,14.1,1,1,42.0,1,1,4.0,1.0,3516d43b65de0ebdeeee50b1ceeea75b,20550,rio de janeiro,RJ,16.955439814814813,30.35646990740741,0,42.0
9b9273325c81fdbb834a17e020c6d131,7225c41233573a5e698cddb894951e51,delivered,2017-09-02 15:37:08,2017-09-02 15:50:16,2017-09-05 18:03:31,2017-09-11 18:23:11,2017-09-27,69.0,20.97,1,1,89.97,1,1,5.0,1.0,9c4b024163c6d94789844c7966458f3f,86490,ribeirao do pinhal,PR,9.1153125,24.349212962962962,0,89.97
0b446830af3811ef0d7c2e0db238af50,c180879e74d4c16ff6a311d185440de6,delivered,2017-09-02 15:44:30,2017-09-02 15:55:12,2017-09-05 15:47:58,2017-09-11 17:42:21,2017-09-21,89.9,16.26,1,1,106.16,1,2,5.0,1.0,188e8f08287e3c78f08db012795abe53,8485,sao paulo,SP,9.081840277777777,18.34409722222222,0,106.16000000000001
605396ecdc2610304702411452c54a91,10754027edc16b4efeb18e5e767ec590,delivered,2017-09-02 15:48:42,2017-09-02 16:05:28,2017-09-05 12:33:21,2017-09-20 17:57:51,2017-10-03,56.99,16.84,1,1,73.83,3,1,5.0,1.0,7e9b2006ccc1f17f6fc034e43b6444c7,46200,condeuba,BA,18.0896875,30.341180555555557,0,73.83
8f7176f38b6ac3f5e924b9b05716440c,4f0b5b05dd181055bb1fa47d9290cb60,delivered,2017-09-02 15:59:48,2017-09-02 16:15:20,2017-09-04 22:03:05,2017-09-14 17:08:01,2017-09-29,218.0,89.68,2,1,307.68,6,1,5.0,1.0,e905faeb03e532b0190991b755d0258e,46960,lencois,BA,12.047372685185184,26.333472222222223,0,307.68
8bf12a5b441bd86a1edbccb6137c9b0b,c466c7e0ab222e3ef6c8046e96128a8d,delivered,2017-09-02 16:05:34,2017-09-02 16:23:34,2017-09-12 19:55:32,2017-09-13 18:05:11,2017-09-15,3.85,7.78,1,1,11.63,1,1,5.0,1.0,6f5b9d1cdccc4d28f0483a612edecacf,2306,sao paulo,SP,11.08306712962963,12.329467592592593,0,11.63
5f968bf751ef3bf1bdcd3a675b10b6a2,c4309ec9a72f861cea53e82325cc6280,delivered,2017-09-02 16:17:01,2017-09-05 04:24:19,2017-09-06 17:51:53,2017-09-19 13:32:35,2017-09-22,12.99,16.11,1,1,29.1,1,1,4.0,1.0,7e9d3db3f399adb24b01cf39853b5971,27313,barra mansa,RJ,16.885810185185186,19.321516203703705,0,29.1
14433250d2268548a917e1a0bdfd19c1,4b202c77564f830955d8b8c07a5f2967,delivered,2017-09-02 16:19:42,2017-09-02 16:30:17,2017-09-06 14:07:55,2017-09-14 20:10:25,2017-09-22,19.9,11.85,1,1,31.75,1,1,5.0,1.0,6843176f4c1b1d9bb2db61e57401174c,17420,lupercio,SP,12.160219907407408,19.319652777777776,0,31.75
405be8487a7fde1db0bc31ad6b08050a,e25a23b6ec8f03463e9b45176b59fc89,delivered,2017-09-02 16:42:43,2017-09-02 16:55:20,2017-09-05 21:52:45,2017-09-06 20:26:31,2017-09-15,15.9,9.94,1,1,25.840000000000003,1,1,5.0,1.0,a7e81ef44420c32ed404201355a14e14,4888,sao paulo,SP,4.1554166666666665,12.303668981481481,0,25.84
b6f5e3bc6360fbc485ff34695b7b3fdc,88b4ee07501ad4605dc58366d31f09d3,delivered,2017-09-02 16:43:04,2017-09-03 17:15:11,2017-09-08 16:46:27,2017-09-09 13:08:52,2017-09-15,77.4,15.56,2,1,92.96,1,1,5.0,1.0,a2eb3545fdbc2c6687e8d66c78c206d6,3827,sao paulo,SP,6.85125,12.303425925925925,0,92.96000000000001
ee5c259515ecb317e1e70dc9e84fdab4,a6f67d35320e71554f65e226ffa21ff3,delivered,2017-09-02 16:50:32,2017-09-05 04:30:13,2017-09-06 20:51:20,2017-09-12 19:22:25,2017-09-25,49.97,16.11,1,1,66.08,1,1,5.0,1.0,5153f64d5869cba5f29fee9d9c59da5b,13309,itu,SP,10.105474537037036,22.29824074074074,0,66.08
6878dd8f91f3b3ee7fa8edbea6c3af45,86c9a39c17fae370a496545e5d9a324c,delivered,2017-09-02 16:57:50,2017-09-05 04:25:48,2017-09-05 14:49:47,2017-09-11 22:16:28,2017-09-21,79.9,13.58,1,1,93.48,1,1,4.0,1.0,369ac2454c4b3e699137e19d6a03471b,13202,jundiai,SP,9.221273148148148,18.293171296296297,0,93.48
14b8b8e32ed52dcf82a3e04d1881425d,a7f1430b91bc7526030c0cbd89af179e,delivered,2017-09-02 17:06:10,2017-09-02 17:24:30,2017-09-04 19:43:44,2017-09-11 16:57:55,2017-09-22,29.0,14.1,1,1,43.1,2,1,5.0,1.0,41bff18631557b1b24f17501b34a134c,70673,brasilia,DF,8.994270833333333,19.28738425925926,0,43.1
f4b7becde70d564135f8ba225f70abd7,880572600cc257ecbe27ccfbe7d77e89,delivered,2017-09-02 17:10:38,2017-09-04 15:44:18,2017-09-05 21:40:12,2017-09-12 19:53:29,2017-09-26,99.99,17.95,1,1,117.94,2,1,4.0,1.0,8d582e58aa6a75f08a348eef334c8395,84020,ponta grossa,PR,10.113090277777777,23.284282407407407,0,117.94
869bb454aa7fd93af2e620c1d34d5e49,be55f2be3c967a6b77b75158d8d6260d,delivered,2017-09-02 17:37:10,2017-09-04 15:45:30,2017-09-05 20:13:04,2017-09-13 20:39:03,2017-09-28,1300.0,41.55,1,1,1341.55,8,1,5.0,1.0,61e20081e2cdb77bcf311d438c3528a6,35447,barra longa,MG,11.12630787037037,25.26585648148148,0,1341.55
ff2e9b2298b4e147dd0e57c182d42528,44b854aca157538bfd8e60c02877f887,delivered,2017-09-02 17:37:45,2017-09-02 17:50:20,2017-09-04 23:57:35,2017-09-13 16:07:48,2017-09-21,42.9,14.1,1,1,57.0,1,1,5.0,1.0,378c60a76d148ab145f7397c642cd4d0,3509,sao paulo,SP,10.937534722222223,18.265451388888888,0,57.0
2fd7d8e43a256d464a02dd7bbe8cb125,c6209ed90e14cbc62a280238d1f1313f,delivered,2017-09-02 17:47:11,2017-09-02 18:04:24,2017-09-04 13:23:17,2017-09-11 18:47:39,2017-09-27,108.0,31.51,1,1,139.51,6,1,5.0,1.0,b11c24bb17454e2d358eb59b253835fd,35010,governador valadares,MG,9.04199074074074,24.258900462962963,0,139.51
020550d9cdfb7110d07fd1a1f8937c6e,b8cd636f6513382dd886029c3e51c412,delivered,2017-09-02 17:47:17,2017-09-02 18:04:25,2017-09-04 21:24:07,2017-09-18 10:53:52,2017-09-21,28.9,13.37,1,1,42.27,1,1,5.0,1.0,7d95fa7170950137cd6920141c9bbfce,36873,silveira carvalho,MG,15.712905092592592,18.258831018518517,0,42.269999999999996
260c8e4c9a29e56ae6ee21c449f6834c,f9d9c879d3e01ea40ae591668342f90e,delivered,2017-09-02 18:11:58,2017-09-05 14:04:20,2017-09-11 19:49:59,2017-09-12 21:57:41,2017-09-26,199.9,14.79,1,1,214.69,5,1,5.0,1.0,6a369713828335b84e57fa2295a049c3,9210,santo andre,SP,10.156747685185184,23.241689814814816,0,214.69
045524a5ae6c874b746523a6fd79f4f9,c767121cc11b2c981fc93dc686c8c9cd,delivered,2017-09-02 18:22:11,2017-09-02 18:30:21,2017-09-04 21:55:06,2017-09-08 22:47:42,2017-09-21,112.9,13.13,1,1,126.03,1,1,5.0,1.0,0b052dec06c1d5bdf49eb19ad47cb630,13960,socorro,SP,6.184386574074074,18.23459490740741,0,126.03
3f0eeec2edc480e271fed817e2a9f6b6,1dca431885dd72251e23f8bfe57326a8,delivered,2017-09-02 18:27:36,2017-09-05 04:36:03,2017-09-09 13:42:38,2017-09-21 17:24:36,2017-09-29,89.9,17.88,1,1,107.78,1,1,5.0,1.0,c794f8c30b66486efd7a1a3e07b4d3b6,86935,lunardelli,PR,18.95625,26.230833333333333,0,107.78
173ff4269077b5594182d14a5f7f4978,48ab76836bb0bcf7b01517f87644ebf1,delivered,2017-09-02 18:35:45,2017-09-02 18:50:20,2017-09-05 20:08:06,2017-09-20 19:47:54,2017-09-26,229.9,35.41,1,1,265.31,2,1,4.0,1.0,43b3c1146ad177d1711b04964ad83e7d,49010,aracaju,SE,18.050104166666667,23.22517361111111,0,265.31
1196240b71cd166c2b75a3a0c9ded394,310e750a3574d84c0221e3e9e1a3b304,delivered,2017-09-02 18:52:25,2017-09-02 19:10:12,2017-09-05 13:47:00,2017-09-12 18:21:35,2017-09-21,120.0,13.86,1,1,133.86,1,2,5.0,1.0,ab26754d1aaf8c2a5c807d3481894865,17380,brotas,SP,9.978587962962964,18.213599537037037,0,133.86
a646e30f512cd6a45275f8808e6bc676,79f31725d7341127ad5283a7768da232,delivered,2017-09-02 19:24:31,2017-09-02 19:35:09,2017-09-04 20:34:56,2017-09-06 21:57:51,2017-09-25,109.8,18.39,1,1,128.19,2,1,3.0,1.0,8d1e1269f888d654db2ac8d782712c29,89037,blumenau,SC,4.106481481481482,22.19130787037037,0,128.19
6a2387867f03a6f55be009812af06e75,5fe198592d7d7d6d8287be11d6b53ae4,delivered,2017-09-02 19:24:35,2017-09-03 19:30:11,2017-09-05 16:57:52,2017-09-11 16:43:00,2017-09-21,57.98,28.2,2,1,86.18,8,1,5.0,1.0,1b2912b1bf77d536d56909e98ffd8922,9051,santo andre,SP,8.887789351851852,18.191261574074073,0,86.17999999999999
259e9a3ad6d4f56fd550257b47ed152b,0f35754e1b342fa944b0028c2dddab5d,delivered,2017-09-02 19:28:03,2017-09-05 04:35:57,2017-09-09 13:23:11,2017-09-22 16:23:35,2017-10-18,269.70000000000005,103.28999999999999,3,1,372.99,1,1,5.0,1.0,bbe8686a830c0caaf68452997d73d396,68907,macapa,AP,19.871898148148148,45.188854166666665,0,372.99
15da85d19161f01ef880f55143598cdc,2b8eaeb809e73b1033fbf57a8633efcc,delivered,2017-09-02 19:28:43,2017-09-05 14:10:15,2017-09-06 13:12:40,2017-09-13 15:10:34,2017-09-27,124.97999999999999,30.48,2,1,155.46,5,1,4.0,1.0,ce42c564a495510b4c3231c6f4443d84,85960,marechal candido rondon,PR,10.820729166666666,24.188391203703702,0,155.45999999999998
5d79d483f058dc640b8948650d14562f,ede0ac19ab7b3c19d496b523aea0a514,delivered,2017-09-02 19:32:05,2017-09-02 19:45:11,2017-09-04 16:22:28,2017-09-15 19:42:49,2017-10-05,129.0,70.12,1,1,199.12,10,1,2.0,1.0,e41da0436e057ffa77a4ab81cd665b4a,66820,belem,PA,13.007453703703703,32.18605324074074,0,199.12
603d99954d45262efae58a9827c7f02a,b78953f13f5b35bc21c8b43e4528f123,delivered,2017-09-02 19:46:46,2017-09-05 04:15:49,2017-09-11 16:13:35,2017-09-26 20:28:05,2017-09-29,19.99,15.1,1,1,35.09,1,1,4.0,1.0,d04f953535b34c3f55347f922e3f5d81,96211,rio grande,RS,24.02869212962963,26.175856481481482,0,35.089999999999996
0a187dd7f4efe70e8c3b6e3779b3b133,23fafaadc0b11501176401ba0003c22d,delivered,2017-09-02 19:48:30,2017-09-02 20:03:31,2017-09-07 00:07:41,2017-09-13 22:02:51,2017-09-26,1300.0,33.55,1,1,1333.55,8,1,5.0,1.0,b3441a427e8889379672bfd441f5218e,72583,brasilia,DF,11.093298611111111,23.174652777777776,0,1333.55
29c6b96c5e696a196f1506078a1346cf,a871b98f29f12889ac15859d049e289d,delivered,2017-09-02 19:53:33,2017-09-05 04:36:00,2017-09-06 22:07:38,2017-09-11 18:45:26,2017-09-22,180.0,22.06,1,1,202.06,1,1,5.0,1.0,bf2afb6c6d709dd65966b070d49ffee0,8730,mogi das cruzes,SP,8.95269675925926,19.171145833333334,0,202.06
fb98500e6403d8d8848509d3e8665aeb,70e0248a663cd8519bad434195061a95,delivered,2017-09-02 20:03:32,2017-09-02 20:15:14,2017-09-04 20:45:55,2017-09-11 23:23:37,2017-10-02,49.0,16.6,1,1,65.6,4,1,5.0,1.0,9b551d332a694be3deb566aba6417dd7,94150,gravatai,RS,9.138946759259259,29.164212962962964,0,65.6
5a610ef4a49d9be48df16a1026f225f4,af3d9d4c28530825f0ced435b75abee4,delivered,2017-09-02 20:12:12,2017-09-05 04:44:30,2017-09-08 18:32:24,2017-09-19 20:21:38,2017-09-27,18.9,15.1,1,1,34.0,1,1,5.0,1.0,b42766cc24e1c63a499ee07ed3d72b5e,17540,ocaucu,SP,17.006550925925925,24.158194444444444,0,34.0
2a28f1cc22bf3914a246fdbd73d9845a,dc82000cb283abaadbbaa9531db1fad2,delivered,2017-09-02 20:13:38,2017-09-04 17:04:35,2017-09-05 19:08:04,2017-09-14 18:05:00,2017-09-21,269.8,27.92,2,1,297.72,10,1,5.0,1.0,ee1b7e87112ff3f0a7b268a7d8d08097,2870,sao paulo,SP,11.910671296296297,18.157199074074075,0,297.72
96ab137729eda207d82649ad931d71a7,098e41aa4dee243c17bbe8973499c960,delivered,2017-09-02 20:18:22,2017-09-02 20:30:15,2017-09-05 16:07:43,2017-09-19 16:17:51,2017-09-29,63.9,25.0,1,1,88.9,1,1,5.0,1.0,1c5be9abc44551378973dc44efef78dc,26545,nilopolis,RJ,16.832974537037035,26.15391203703704,0,88.9
1097d35f1e7f8972fb78c8a135090ca8,eac9c7f6f691a424305e7a98db80be34,delivered,2017-09-02 20:20:08,2017-09-05 04:35:58,2017-09-08 19:42:17,2017-09-12 19:27:56,2017-10-06,179.7,53.0,3,1,232.7,1,1,1.0,1.0,1e51a6a24372a8bedea3519f13f80e91,92110,canoas,RS,9.96375,33.152685185185184,0,232.7
87c10d50798c3cb5476f246e91921a0b,2356eca41ad970e57a898ab088d52b88,delivered,2017-09-02 20:27:18,2017-09-02 20:35:20,2017-09-18 22:47:46,2017-09-29 16:35:35,2017-09-28,454.0,18.94,1,1,472.94,5,1,4.0,1.0,41789ad60c3f4ce775dcc1652a9c26b5,88332,balneario camboriu,SC,26.83908564814815,25.147708333333334,1,472.94
6ae192daf1b6e9b99225e7300b79df48,ac12022931d88a2a8688a62d0f583f51,delivered,2017-09-02 20:38:01,2017-09-02 20:54:30,2017-09-07 00:04:23,2017-09-12 17:55:30,2017-09-27,1300.0,38.51,1,1,1338.51,4,1,5.0,1.0,e203d1b0b0762907665230d52c223d73,13045,campinas,SP,9.887141203703704,24.140266203703703,0,1338.51
a79c4dca347540e1263b2b750b92d8ab,75a142a1d1b3491cab2167db4f551f4a,delivered,2017-09-02 20:38:28,2017-09-05 04:24:24,2017-09-08 17:41:40,2017-09-19 14:38:17,2017-09-27,135.9,18.2,1,1,154.1,1,1,5.0,1.0,1d627d8a6e1e33ea8eeeb7a17d998660,11045,santos,SP,16.749872685185185,24.139953703703704,0,154.1
f0dd9af88d8ef5a8e4670fbbedaf19c4,30ddb50bd22ee927ebe308ea3da60735,delivered,2017-09-02 20:38:29,2017-09-05 04:24:12,2017-09-14 23:13:41,2017-09-15 14:59:50,2017-09-19,84.9,15.35,1,1,100.25,1,1,5.0,1.0,1d627d8a6e1e33ea8eeeb7a17d998660,11045,santos,SP,12.764826388888888,16.13994212962963,0,100.25
61098f2225ffc7b0579d39d18e84e394,ab7c123c62153f2fd23fd5d2a89cf967,delivered,2017-09-02 20:49:25,2017-09-05 04:35:38,2017-09-12 13:35:03,2017-09-15 17:14:50,2017-09-26,17.99,15.11,1,1,33.1,1,1,5.0,1.0,854db8619db888f8301fe3aac4e3a7e3,33030,santa luzia,MG,12.850983796296296,23.132349537037037,0,33.099999999999994
feea5d59f129549eaf0fcf3d32e07498,f5ff3bb706527191de38b3fac1ad8219,delivered,2017-09-02 20:54:24,2017-09-02 21:05:21,2017-09-04 15:16:52,2017-09-13 18:59:50,2017-09-29,55.9,12.52,1,1,68.42,2,1,5.0,1.0,72bef2ea29e0d59f1764bc95abac9eec,14300,batatais,SP,10.920439814814815,26.128888888888888,0,68.42
d34eb5c929ae5f0d803924b567328c56,40941c77d00d4111644b0356f08bb7df,delivered,2017-09-02 20:57:55,2017-09-02 21:05:25,2017-09-04 19:33:54,2017-09-16 16:12:08,2017-09-25,79.08,17.8,1,1,96.88,3,1,3.0,1.0,1592afd17b2f35f2cd7c93c1144923db,85960,marechal candido rondon,PR,13.801539351851853,22.12644675925926,0,96.88
f459d85f58bc7103cc87a3659e6e3591,8c2ecd1304e383107135db95e1f4007e,delivered,2017-09-02 21:00:39,2017-09-02 21:15:06,2017-09-04 19:53:55,2017-09-05 23:26:35,2017-09-15,32.83,9.09,1,1,41.92,2,1,5.0,1.0,82d61fe7eb18d4fae9f5424254d16934,11045,santos,SP,3.1013425925925926,12.124548611111111,0,41.92
6ddbe0f503c2940cf5d24e1d8efee655,504b88cffa09fa0ce24ec30a55577e51,delivered,2017-09-02 21:01:18,2017-09-02 21:15:09,2017-09-04 15:46:59,2017-09-22 16:42:57,2017-09-25,790.0,21.29,1,1,811.29,10,1,5.0,1.0,726dd67429ecc11aa6256a9d8d41ae97,89225,joinville,SC,19.82059027777778,22.124097222222222,0,811.29
c526aa9189a06bf511e79dbc0e0e70b9,2d5961372f483e6ca5478477d3289a14,delivered,2017-09-02 21:35:32,2017-09-04 08:05:45,2017-09-04 22:33:00,2017-09-12 16:37:57,2017-09-26,24.99,15.1,1,1,40.09,4,1,5.0,1.0,37ffc4529f4914b4d8fa628ccf1a422b,29600,afonso claudio,ES,9.793344907407407,23.100324074074074,0,40.089999999999996
a45087c16cf11897252052baabb332c0,44c788d8ffa07a4963c9b8bd8017d151,delivered,2017-09-02 21:36:53,2017-09-02 21:50:24,2017-09-06 16:47:35,2017-09-11 19:45:46,2017-09-22,149.9,16.81,1,1,166.71,3,1,5.0,1.0,f672d4ae866d742fc72d3b4c4d2cf23d,4119,sao paulo,SP,8.922835648148148,19.099386574074074,0,166.71
2b1d7ce076791a6c43b897382a7b7ab1,88d99e45257c1705ee90afc9f2736dab,delivered,2017-09-02 21:37:18,2017-09-02 21:50:20,2017-09-05 15:47:59,2017-09-08 19:12:39,2017-09-21,89.9,16.26,1,1,106.16,10,1,4.0,1.0,2def344a13128b287c12ffd531dacce9,5410,sao paulo,SP,5.899548611111111,18.099097222222223,0,106.16000000000001
fe2acdc8b73107a92358adf3005a5433,3f164ed2911cd505baca4a985fa57fcf,delivered,2017-09-02 21:37:22,2017-09-02 21:50:24,2017-09-05 15:18:34,2017-09-08 18:12:57,2017-09-22,53.8,30.2,2,1,84.0,4,1,5.0,1.0,657900a4a1fe79706fa95a9f1f2ce628,4942,sao paulo,SP,5.858043981481481,19.099050925925926,0,84.0
0ee415fdc549189ef34dc8f7de4763cb,713d876c66755a8af5d2689433f37498,delivered,2017-09-02 21:39:47,2017-09-04 17:30:18,2017-09-05 16:22:35,2017-09-19 19:42:55,2017-10-03,42.9,28.75,1,1,71.65,1,1,3.0,1.0,7328cfb6346c3ac9d58e6361587f9004,55330,bom conselho,PE,16.918842592592593,30.097372685185185,0,71.65
2b02b803da2669d8124f759b338c3b4c,228f37a3380620e2ec5c239f5b7a245d,delivered,2017-09-02 22:22:40,2017-09-02 22:30:18,2017-09-06 18:16:45,2017-09-17 08:32:37,2017-09-27,89.99,17.88,1,1,107.87,2,1,5.0,1.0,4ba725239e7c2375b894c067dc94a25c,25030,duque de caxias,RJ,14.42357638888889,24.067592592592593,0,107.86999999999999
5c9730fc4a417f9c52b34577a35157bd,9041817f69a9a5d006ca45330c752407,delivered,2017-09-02 22:26:16,2017-09-02 22:43:44,2017-09-04 22:15:13,2017-09-11 15:57:01,2017-09-28,89.9,14.38,1,1,104.28,3,1,5.0,1.0,2f2b34be64b57bd7c558dbd8e8ed4eb1,90470,porto alegre,RS,8.7296875,25.065092592592592,0,104.28
2656fd6fdbfe33c6421cb390eef1a73b,683c56d8fb22ac87888587310311cf2c,delivered,2017-09-02 22:27:06,2017-09-02 22:35:22,2017-09-04 21:29:53,2017-09-11 20:41:34,2017-09-25,187.0,18.88,1,1,205.88,10,1,5.0,1.0,1aa85a5b16073b73eb97183f2da3402c,16201,birigui,SP,8.926712962962963,22.06451388888889,0,205.88
1e0472c015f18d557d20db713af0f356,e878acf1e2ac4373cca11582ccb97184,delivered,2017-09-02 22:27:32,2017-09-05 04:15:42,2017-09-05 21:07:21,2017-09-18 18:21:42,2017-09-26,149.8,35.54,2,1,185.34,1,1,4.0,1.0,2c1a6c1186bc841ec6cee5f9c6bdd7a9,12460,campos do jordao,SP,15.829282407407407,23.064212962962962,0,185.34
2961944c535cdf9a35710b3296931c78,8685c9c67e2d5eae365bea2f7855a1e8,delivered,2017-09-02 22:27:41,2017-09-05 04:44:27,2017-09-06 18:41:25,2017-09-16 14:51:11,2017-10-13,689.9,40.15,1,1,730.05,1,1,5.0,1.0,49836f57f840f0c1eb0b5cb343312df7,76824,porto velho,RO,13.682986111111111,40.064108796296296,0,730.05
2b745ccd6f667dcd824b9ab05352b0dc,a61708ccfef1de13fb39718cca863c0d,delivered,2017-09-02 22:37:02,2017-09-02 22:50:11,2017-09-05 21:33:10,2017-09-13 22:59:55,2017-09-26,106.99,18.0,1,1,124.99,3,1,5.0,1.0,ae20947231d4d44dde1680a7ab14d90a,22080,rio de janeiro,RJ,11.015891203703704,23.05761574074074,0,124.99
5330599ad58e0e0355fcb5c997d3f8f2,83b344733bd1afd8dd5fee2b1233867e,delivered,2017-09-02 22:37:04,2017-09-02 22:50:14,2017-09-05 19:17:46,2017-09-11 19:23:05,2017-09-22,85.0,20.08,1,1,105.08,3,1,5.0,1.0,ae20947231d4d44dde1680a7ab14d90a,22080,rio de janeiro,RJ,8.865289351851851,19.05759259259259,0,105.08
d99e6849f7676dade195f20c26f0eb4f,a23e3f9a2b656b23b7e52075964b42cd,delivered,2017-09-02 22:37:17,2017-09-02 22:50:15,2017-09-04 18:06:57,2017-09-08 18:51:57,2017-09-26,120.0,15.59,1,1,135.59,1,1,5.0,1.0,afddf43a03a9941624ed42c0b2c17280,38540,abadia dos dourados,MG,5.843518518518518,23.057442129629628,0,135.59
78ba7a1d9bbbf36cbb4d552a71dedd6b,fe2b23d587d23c14558738afdd1470b7,delivered,2017-09-02 23:15:38,2017-09-02 23:25:13,2017-09-04 22:35:01,2017-09-06 18:33:03,2017-09-22,199.0,32.14,1,1,231.14,4,1,5.0,1.0,3dd4cfff69fddfa2dbb93d5563d4c604,2931,sao paulo,SP,3.8037615740740742,19.030810185185185,0,231.14
7747e7dad627e9be7ae087618777080c,5cfb23ffe74b81e0a0cbdf71e27a4021,delivered,2017-09-02 23:16:33,2017-09-02 23:25:17,2017-09-08 18:25:23,2017-09-15 21:33:43,2017-09-28,141.93,16.43,1,1,158.36,10,1,5.0,1.0,e47115a9874654c940261632691ee4e2,32185,contagem,MG,12.928587962962963,25.03017361111111,0,158.36
cde7b4e633f0dd24536cab563a33ccb9,b05df7fc4b04012e503b4950aa27a8d2,delivered,2017-09-02 23:23:01,2017-09-02 23:35:11,2017-09-04 20:00:01,2017-09-14 20:53:31,2017-09-27,178.9,16.0,1,1,194.9,5,1,5.0,1.0,b82d8e3a84e9978cb633bd9771a5165b,15350,auriflama,SP,11.896180555555556,24.02568287037037,0,194.9
adb271230fcb815525a44dc582e2aca4,1e27003e2be80002823449d52e6d6f95,delivered,2017-09-03 01:41:54,2017-09-03 01:55:09,2017-09-04 13:09:17,2017-09-11 18:04:24,2017-09-26,44.9,17.6,1,1,62.5,4,1,5.0,1.0,7d32be62832c4656d0b7238ee9304fc8,18031,sorocaba,SP,8.682291666666666,22.929236111111113,0,62.5
2bcf1f79964f8b4f4f62f19441601b1a,711fff4266b53bae9de25be1473dc0bc,delivered,2017-09-03 02:42:26,2017-09-03 02:55:07,2017-09-06 18:42:36,2017-11-09 01:33:48,2017-10-16,1200.0,51.7,1,1,1251.7,8,1,1.0,1.0,62a459e5629b03dd73134964df732077,69903,rio branco,AC,66.95233796296296,42.887199074074076,1,1251.7
f9b8f31744dba7c23d41cb9ae8e025e9,8af2418e11b6af432782ee2f0f6f6a4f,delivered,2017-09-03 04:38:18,2017-09-03 04:50:38,2017-09-04 15:54:06,2017-09-05 19:22:33,2017-09-15,339.9,10.12,1,1,350.02,3,1,5.0,1.0,ceb1e52d9d82a091b9fd0a43c21d657d,22250,rio de janeiro,RJ,2.6140625,11.80673611111111,0,350.02
7a0caf0ff12b2c5b07c8c653fb6ff5c3,69479f98f213588f640333ac526c8dbc,delivered,2017-09-03 07:48:51,2017-09-03 08:04:12,2017-09-04 19:12:20,2017-09-11 18:28:04,2017-09-21,489.99,17.18,1,1,507.17,8,1,5.0,1.0,92b41b6450ac0ce3868e77dbc6681830,21615,rio de janeiro,RJ,8.443900462962963,17.674409722222222,0,507.17
0f548bd29148ebc519d6495e37a284e1,015faf9ec36eccd957c0f2782aab09a4,delivered,2017-09-03 08:06:30,2017-09-03 08:25:50,2017-09-04 22:03:06,2017-09-08 16:26:55,2017-09-27,198.0,66.16,2,1,264.16,2,1,5.0,1.0,dce323533e45e74d215e0fe7fb114118,24710,sao goncalo,RJ,5.347511574074074,23.662152777777777,0,264.15999999999997
fb8e4428d340ab5bfa482ef6fc97efbc,6058d310d497d1af90c0f2058955efdc,delivered,2017-09-03 08:23:32,2017-09-03 08:44:16,2017-09-04 19:49:56,2017-09-06 21:43:33,2017-09-21,849.5,63.449999999999996,5,1,912.95,1,1,5.0,1.0,f25f06e6fe07270ef5d0e88f19f178d0,5006,sao paulo,SP,3.5555671296296296,17.650324074074074,0,912.95
ced223d7a62d120ce4105b38eb399eb9,acdd7adf35380db2a7a3bf279f7f7753,delivered,2017-09-03 08:38:24,2017-09-03 08:50:18,2017-09-14 21:43:34,2017-09-20 23:00:09,2017-09-21,143.35,68.13,1,1,211.48,3,1,3.0,1.0,4562ce3c359dc100034c8a493e2669a5,16020,aracatuba,SP,17.5984375,17.64,0,211.48
4769dacef1cb49763ff733ddbcafd4b1,4316c4198a69c64bc7443fd497da9847,delivered,2017-09-03 09:17:05,2017-09-03 09:30:08,2017-09-05 15:35:00,2017-09-09 14:34:02,2017-09-25,45.99,12.48,1,1,58.47,1,1,5.0,1.0,ccd02ca82bf7e093622484c2a4ab7517,4545,sao paulo,SP,6.220104166666666,21.613136574074073,0,58.47
306853b36db7e021935becc988e4fef8,853dca88fd662dc5711018f1f7932a59,delivered,2017-09-03 09:33:51,2017-09-03 09:52:18,2017-09-04 17:33:21,2017-09-29 17:07:33,2017-10-03,1798.0,144.0,1,1,1942.0,10,1,4.0,1.0,9b661514ad84d0489ac73d9e24cbf169,57300,arapiraca,AL,26.315069444444443,29.601493055555554,0,1942.0
24b4c4cdd87c3e1f9b31b96ea5422f22,3654eb0827f9bede2a248b9cbe78a88e,delivered,2017-09-03 09:43:43,2017-09-03 09:55:14,2017-09-04 20:53:07,2017-09-08 22:22:21,2017-10-05,99.99,13.72,1,1,113.71,4,1,5.0,1.0,f07979cfa490b3bc64a73e7c524550c8,12570,aparecida,SP,5.526828703703703,31.594641203703702,0,113.71
7ae0330e067654a1a8748925bcac88be,69dc48c531f3fa0a8b09e881dead8a5e,delivered,2017-09-03 09:45:42,2017-09-03 09:55:15,2017-09-06 17:13:01,2017-09-14 17:17:59,2017-09-29,189.9,28.71,1,1,218.61,8,1,5.0,1.0,c312554b6eb876e70c13e4d6ab3edf66,45051,vitoria da conquista,BA,11.314085648148149,25.593263888888888,0,218.61
77856e5d0390fca55c4c323a4f57859f,eec02189da4179dcba116b51a5382dd2,delivered,2017-09-03 09:47:58,2017-09-04 18:45:37,2017-09-12 17:11:56,2017-09-22 14:54:06,2017-09-26,119.9,18.09,1,1,137.99,1,1,5.0,1.0,659d538861aefdc979c84bbed329df7d,20520,rio de janeiro,RJ,19.212592592592593,22.591689814814814,0,137.99
36909b609792791f7f50d7cff2b5a0d6,cf86162c67e8a54516ba2c9031c96523,delivered,2017-09-03 09:52:30,2017-09-04 10:04:57,2017-09-06 20:22:33,2017-09-08 19:43:29,2017-09-18,189.9,14.93,1,1,204.83,10,1,5.0,1.0,006031108b00e5f73b2426a50b50f9c0,1312,sao paulo,SP,5.410405092592592,14.588541666666666,0,204.83
016befe103ce7c9e5b1b7ef359777eea,15f3f60c0575a9f2a7d5434f7b8a7692,delivered,2017-09-03 10:11:52,2017-09-03 10:25:18,2017-09-04 15:21:55,2017-09-11 14:36:51,2017-09-21,49.0,11.85,1,1,60.85,3,1,5.0,1.0,96a9e66285108791875512fa49cab22f,12490,sao bento do sapucai,SP,8.184016203703704,17.575092592592593,0,60.85
ff50008f24df5da8799bd7804c77686c,29cb846f9e90a86f6f32533d41280833,delivered,2017-09-03 10:19:14,2017-09-03 10:30:09,2017-09-04 21:39:59,2017-09-13 18:02:38,2017-09-27,18.0,15.1,1,1,33.1,3,1,5.0,1.0,639a681123b9e788875b384f1f92b91a,89227,joinville,SC,10.321805555555555,23.56997685185185,0,33.1
19d1809c243d4f58dff4ffbc74edecb8,0d6d2c90ade77f539cef9aa4f28dc45f,delivered,2017-09-03 10:19:35,2017-09-03 10:30:12,2017-09-04 19:12:19,2017-09-11 18:06:45,2017-09-22,259.99,15.57,1,1,275.56,10,1,5.0,1.0,d0b24c80373e3a7aaf0d668738a34937,26030,nova iguacu,RJ,8.324421296296297,18.569733796296298,0,275.56
1a2aa47afe4b1d4eaef87715d1e40ef0,f6df5969f9120bc4448e888d5dcf04c9,delivered,2017-09-03 10:21:58,2017-09-03 10:30:11,2017-09-05 17:11:54,2017-09-12 20:47:59,2017-09-26,177.99,17.01,1,1,195.0,8,1,5.0,1.0,a9deaf2bf693dd1e3b4207f178e05b4a,13202,jundiai,SP,9.434733796296296,22.568078703703705,0,195.0
76bdc8518c9c3ef50f9a240b93f97987,186b3bdd7ccd6d69121a2ba60632a1f7,delivered,2017-09-03 10:25:25,2017-09-05 04:44:22,2017-09-06 11:04:36,2017-09-16 16:12:14,2017-09-22,59.9,16.18,1,1,76.08,1,1,4.0,1.0,50312262f27f50e9fd7004e71cf3a332,87020,maringa,PR,13.240844907407407,18.56568287037037,0,76.08
f6c83f331fa7998140a4cbe44f87b38d,e8e2944931965887ba4dde6cbc76b598,delivered,2017-09-03 10:27:37,2017-09-05 04:35:55,2017-09-06 16:58:05,2017-09-09 13:08:51,2017-09-25,115.0,15.56,1,1,130.56,1,1,4.0,1.0,8dedf50a52e9ae9e862a502ca73712bf,2927,sao paulo,SP,6.111967592592593,21.564155092592593,0,130.56
dd8f044a145ebf7152fc8a718cbd3412,935b0e35c27eff20b89b6dfe7753d31f,delivered,2017-09-03 10:41:08,2017-09-04 10:50:12,2017-09-06 20:05:10,2017-09-12 03:21:16,2017-09-25,1326.5,333.35,5,1,1659.84,6,1,5.0,1.0,ba3f35c1ecbfcbac6854edf5ffcc198d,35901,itabira,MG,8.694537037037037,21.554768518518518,0,1659.85
e13329e37a8f95bafe7bbef35d07fb24,2edd445927d31339271f0b68dacb8218,delivered,2017-09-03 10:45:43,2017-09-03 10:55:19,2017-09-04 14:10:12,2017-09-25 17:51:16,2017-09-25,104.9,16.49,1,1,121.39,1,1,4.0,1.0,d9ddee677c0afeffefccf33c50695dbd,71020,brasilia,DF,22.295520833333335,21.551585648148148,1,121.39
b2562a552b6e8147da937960384f125e,61f4238594a04fd968bb327c9d8a77f8,delivered,2017-09-03 10:56:09,2017-09-03 11:10:11,2017-09-05 19:44:00,2017-09-06 18:05:24,2017-09-15,19.9,8.27,1,1,28.17,1,1,3.0,1.0,f25e1c8fd84f68bd027100754df41932,8235,sao paulo,SP,3.298090277777778,11.544340277777778,0,28.169999999999998
b8cddbe53f3a227da27064bc722cffa3,c4d58f849d0a6d8fd0eb4c6743febc27,delivered,2017-09-03 10:58:40,2017-09-03 11:45:33,2017-09-12 17:14:58,2017-09-22 18:32:39,2017-09-27,159.0,23.98,1,1,182.98,1,1,5.0,1.0,6b5dba0a19b5dd475c7f6cd2005df975,23580,rio de janeiro,RJ,19.315266203703704,23.54259259259259,0,182.98
d87a96586b2257de297aa1added6124b,4fcc2ca1b68348af7bbbfcc445dc49ec,delivered,2017-09-03 11:12:43,2017-09-03 11:25:18,2017-09-06 19:06:34,2017-09-13 21:03:06,2017-10-02,180.0,17.7,1,1,197.7,4,1,5.0,1.0,85e7901c72ae252b4e22421ca8b13513,55409,jaqueira,PE,10.409988425925926,28.532835648148147,0,197.7
d568db372124bae10404acba43558652,dfd98d84e66b465250732382ff6a5d34,delivered,2017-09-03 11:20:06,2017-09-03 11:30:13,2017-09-04 19:09:11,2017-09-11 17:09:06,2017-09-26,37.49,15.1,1,1,52.59,2,1,5.0,1.0,64827a379b63b1a5b42041139b44ff5e,37490,sao goncalo do sapucai,MG,8.24236111111111,22.527708333333333,0,52.59
8f7fab386de53dade383a220ad572f8b,fdf99d9accfd2ec8e9fa26abde5052fb,delivered,2017-09-03 11:23:45,2017-09-03 11:44:08,2017-09-04 18:00:06,2017-09-05 15:14:36,2017-09-15,59.9,9.34,1,1,69.24,2,1,5.0,1.0,5a80f871a5b5059b2aaa903b9aca7e27,8694,suzano,SP,2.1603125,11.52517361111111,0,69.24
e91d77b27ccd3bac6b23a34a44ae3db1,3b24e072e212ab877ec93ab12054d5de,delivered,2017-09-03 11:38:54,2017-09-04 11:45:17,2017-09-05 21:52:07,2017-09-12 18:39:58,2017-09-22,109.99,17.02,1,1,127.01,8,1,5.0,1.0,4ef6b9eb7423ee28ddb123620e609a3e,26080,nova iguacu,RJ,9.292407407407408,18.514652777777776,0,127.00999999999999
fcaf5f5131e3480217cfa4c664cc8875,f7210514ea326661dffd19ab5b631bbf,delivered,2017-09-03 11:48:26,2017-09-03 12:04:03,2017-09-04 19:42:17,2017-09-14 19:43:00,2017-09-22,89.69999999999999,45.3,3,1,135.0,10,1,5.0,1.0,167ec75e10a1ba65138c76301651300c,22630,rio de janeiro,RJ,11.329560185185185,18.50803240740741,0,135.0
a4575978f0926901f0b481061a24d73e,7912eb3afaedbf090b4dcf04d7457ff1,delivered,2017-09-03 11:49:16,2017-09-03 12:04:00,2017-09-05 21:42:37,2017-09-11 21:36:41,2017-09-26,399.9,85.34,1,1,485.24,3,1,4.0,1.0,19ab19d33d1e9bfd3f14121ee71ed9e1,40140,salvador,BA,8.407928240740741,22.507453703703703,0,485.24
7cdbe58528dd6084d383d0e2e891f3fa,dd06ec756fb54d70e970c932b652d9eb,delivered,2017-09-03 11:49:53,2017-09-03 12:04:00,2017-09-04 21:48:04,2017-09-16 00:22:47,2017-09-27,76.9,25.82,1,1,102.72,2,1,4.0,1.0,1d4670772c2fdc44c7ae027cc5b63fcd,62840,beberibe,CE,12.522847222222222,23.507025462962964,0,102.72
986babaebfaa430f69a8b2e816db5f14,4bead48ffd893945ec2ff5be738e91fb,delivered,2017-09-03 11:51:42,2017-09-03 12:04:02,2017-09-12 22:43:38,2017-09-19 18:59:26,2017-09-29,169.8,42.86,2,1,212.66,2,1,5.0,1.0,a8d67c7671c51872e5f4a25b1b713491,25931,mage,RJ,16.297037037037036,25.50576388888889,0,212.66000000000003
60218eecf87eaeb58657769f328f2726,98a0dc59ecc82225fd647c39cbdf1494,delivered,2017-09-03 12:01:13,2017-09-03 12:15:15,2017-09-05 12:17:17,2017-09-11 19:34:03,2017-09-28,119.9,16.6,1,1,136.5,1,1,5.0,1.0,9dfafc5d068fcc52a9ea9f28a88bc4fc,98300,palmeira das missoes,RS,8.314467592592592,24.49915509259259,0,136.5
d891fcff7f5720b6a87ecd0a3dbf0c27,220a33720bcdfa04febf2e17b7695b07,delivered,2017-09-03 12:19:17,2017-09-03 12:30:15,2017-09-04 22:23:45,2017-09-08 23:07:26,2017-09-28,89.9,15.39,1,1,105.29,8,1,5.0,1.0,1a68c22c23a52a35f499dbd3c5a020a6,93022,sao leopoldo,RS,5.450104166666667,24.486608796296295,0,105.29
3a090d54e49811f1f174f6b13d8bb359,a7c508e22412d308615545b56178e03e,delivered,2017-09-03 12:20:34,2017-09-03 12:30:19,2017-09-04 15:17:48,2017-09-14 21:29:36,2017-10-03,699.0,22.14,1,1,721.14,10,1,5.0,1.0,2dd8c83749f732901a8c2dfecfd00711,27130,barra do pirai,RJ,11.381273148148148,29.485717592592593,0,721.14
a38d26fb97127e35808c504ef9872905,6f0b329047469b27994d99813dad1432,delivered,2017-09-03 12:32:02,2017-09-05 04:30:23,2017-09-06 19:42:10,2017-09-18 17:38:08,2017-09-28,32.64,17.6,1,1,50.24,1,1,4.0,1.0,6482034a22aaf6fbd2a2d23424debe3d,36790,mirai,MG,15.212569444444444,24.47775462962963,0,50.24
124c799bcc4126cdb5cca8c5889533b7,49fbfae8c688bf15a5a17483f829414c,delivered,2017-09-03 12:48:51,2017-09-05 15:10:46,2017-09-05 21:05:41,2017-09-11 17:19:52,2017-09-27,214.5,29.9,1,1,244.4,7,2,5.0,1.0,43c32e42823618e190055ee638d41ab1,18250,guarei,SP,8.18820601851852,23.46607638888889,0,244.4
c7712c0f5217ae36e0539a1caea73839,d4ee857c70a9038a06ea3f38861c728d,delivered,2017-09-03 13:09:29,2017-09-04 21:35:16,2017-09-11 19:55:56,2017-09-19 17:15:46,2017-09-25,19.9,15.1,1,1,35.0,3,1,5.0,1.0,df9e4a3bb3a6476db4c6987a96b055bb,70340,brasilia,DF,16.17103009259259,21.451747685185186,0,35.0
e23e45778ae735856e12dd12750e2b14,a7f15daeb4efe57cd37eb6ad2a78c0e6,delivered,2017-09-03 13:14:37,2017-09-03 13:25:18,2017-09-05 18:18:04,2017-09-08 16:22:41,2017-09-25,189.9,22.17,1,1,212.07,3,1,4.0,1.0,30b25e94cd8582e92ef193531bc531b8,72600,brasilia,DF,5.130601851851852,21.44818287037037,0,212.07
0de15ac1caf4268ed3340cf0473c1d16,8fdcae8f8a678afc8f8303c84428d22d,delivered,2017-09-03 13:17:38,2017-09-04 13:25:25,2017-09-04 21:08:43,2017-09-12 21:32:17,2017-09-25,493.0,18.2,1,1,511.2,10,1,5.0,1.0,5d1894e6e042a43ff7a8b82511cb5a84,95095,caxias do sul,RS,9.343506944444444,21.446087962962963,0,511.2
c458e938207913709f5c0cedb195defd,227a79ef99a0af837f323596c76bcac2,delivered,2017-09-03 13:39:06,2017-09-06 08:45:07,2017-09-06 16:38:02,2017-09-14 23:19:05,2017-09-21,1499.99,24.25,1,1,1524.24,6,1,5.0,1.0,7e251bdcd9072568271fe5b5b824b6be,22753,rio de janeiro,RJ,11.402766203703704,17.431180555555557,0,1524.24
ec29c5db787234b1b76acd71b82224e1,7c5c5cd1a341de2b30d5d0b9d49391b1,delivered,2017-09-03 13:41:04,2017-09-03 13:50:13,2017-09-04 18:55:34,2017-09-08 19:05:10,2017-09-21,319.0,18.54,1,1,337.54,4,1,5.0,1.0,f3e569cca3fee0b48ede025ab413b72a,27910,macae,RJ,5.225069444444444,17.429814814814815,0,337.54
6a163a5da50d7a062335b70a8108a68b,135ac351f2c3ae79e0cc6af3a2827538,delivered,2017-09-03 13:48:26,2017-09-03 14:04:19,2017-09-04 21:15:41,2017-09-05 13:13:52,2017-09-15,95.15,13.22,1,1,108.37,2,1,5.0,1.0,09aff80ce527603d0bc3464cd2c86230,4806,sao paulo,SP,1.9759953703703703,11.424699074074073,0,108.37
60498cfabd11f25114990225793f3ea0,5faa2a48a9d5b17b0d8ab1efbaa39a42,delivered,2017-09-03 13:48:29,2017-09-03 14:04:22,2017-09-04 22:12:31,2017-09-08 17:37:55,2017-09-26,109.99,15.53,1,1,125.52,1,1,4.0,1.0,afc417d351d34124060b2873ec4a7fa7,30190,belo horizonte,MG,5.159328703703704,22.424664351851852,0,125.52
1d64a3cb77efc4437f3799929de08008,900bc7fb2642d0770cf287e75b7a525d,delivered,2017-09-03 14:00:03,2017-09-05 04:24:43,2017-09-05 19:33:12,2017-09-11 19:52:05,2017-09-28,32.0,13.37,1,1,45.37,1,1,5.0,1.0,dd061ee65123feac621b35f19696106a,16850,lavinia,SP,8.244467592592592,24.416631944444443,0,45.37
5e741be1ef0b879586c4c85a9967b5f9,0f3bd0bd44140c8d4d481fd7c47c1c2f,delivered,2017-09-03 14:04:28,2017-09-03 14:15:21,2017-09-06 16:58:02,2017-09-13 20:15:02,2017-09-27,719.0,23.57,1,1,742.57,8,1,5.0,1.0,f7530477517d7fe88e4840b95faa5264,61631,caucaia,CE,10.257337962962962,23.413564814814816,0,742.57
7acbc8bb8732b4dddbfb1d61a8f13b64,cf999f5ef28f9efbf5c601b02b79b8a4,delivered,2017-09-03 14:14:40,2017-09-03 14:25:13,2017-09-05 23:04:19,2017-09-13 18:52:01,2017-09-26,189.9,17.09,1,1,206.99,8,1,3.0,1.0,3d86e38db58a753d15488db26f2914d6,36520,visconde do rio branco,MG,10.192604166666667,22.40648148148148,0,206.99
98dc9b1a84fd406155ed39ab4027c61e,e4712737da813be14ec35d595d6e4de9,delivered,2017-09-03 14:37:04,2017-09-03 14:50:11,2017-09-04 22:15:12,2017-09-08 18:03:30,2017-09-27,24.9,15.1,1,1,40.0,4,1,4.0,1.0,4b0dd1a7511b4042871f9382a9c323d2,36542,bras pires,MG,5.143356481481481,23.390925925925927,0,40.0
6024ba74feaaac8884b2c5c9a8dce93b,147a66016ca869c7c1ac0e8480119ae2,delivered,2017-09-03 14:37:33,2017-09-04 16:15:25,2017-09-05 19:25:11,2017-09-12 17:01:08,2017-09-25,47.0,15.1,1,1,62.1,1,1,5.0,1.0,c88e7bbfd4b88522a56fd97b47fcfd5c,35700,sete lagoas,MG,9.099710648148148,21.39059027777778,0,62.1
5ea9580b57597d44cf5700e11f2296c2,4ebe564ad0481e91f493cf2970391c4b,delivered,2017-09-03 14:44:47,2017-09-03 14:55:19,2017-09-14 18:32:28,2017-09-22 18:58:47,2017-10-09,58.9,16.17,1,1,75.07,2,1,5.0,1.0,623e9d07a9ec9444426489f06b6b152f,59080,natal,RN,19.176388888888887,35.38556712962963,0,75.07
eb3453fe7cce2e88a56d3621c7cc2d7d,3d0f4dd34ad4f2a1401bcc7faab27dbc,delivered,2017-09-03 14:47:29,2017-09-03 14:55:20,2017-09-06 15:15:52,2017-09-15 22:32:40,2017-09-25,16.99,14.1,1,1,31.09,2,1,3.0,1.0,c19ebf31d8faea2bb2798e764e61bcd0,74460,goiania,GO,12.323043981481481,21.38369212962963,0,31.089999999999996
427b93d447dc29957700648673d6256f,86a87a55cd26811ac9fd57d6f5d06954,delivered,2017-09-03 14:50:19,2017-09-03 15:03:39,2017-09-04 20:37:45,2017-09-08 14:57:46,2017-09-28,114.80000000000001,28.34,2,2,143.14,3,1,1.0,1.0,71557f36440c943ec0c4bdfcc75c96d0,21215,rio de janeiro,RJ,5.005173611111111,24.381724537037037,0,143.14000000000001
2e77e95ff07f298805637dfde7da4b4a,c1f5ed341915cb29da60ecefd3679e06,delivered,2017-09-03 15:01:07,2017-09-03 15:15:11,2017-09-05 17:59:12,2017-09-14 20:33:37,2017-09-28,271.99,26.74,1,1,298.73,1,1,4.0,1.0,a84b7fd24cc5d3f6aae87c6429d6941e,36081,juiz de fora,MG,11.230902777777779,24.374224537037037,0,298.73
59b115dfb1007eca4cb7cd1a4cf2c790,c36218bce6a33d4814601c7744386d9e,delivered,2017-09-03 15:10:42,2017-09-03 15:23:49,2017-09-06 23:49:54,2017-09-12 22:15:44,2017-09-27,1300.0,51.51,1,1,1351.51,6,1,5.0,1.0,8ed5f159139eb38172d25a57e129e87f,13424,piracicaba,SP,9.295162037037038,23.367569444444445,0,1351.51
7942fdd6290ee4b2946bb066287bc91d,2de991e06dfea2ca925d906062ddb059,delivered,2017-09-03 15:16:30,2017-09-03 20:35:03,2017-09-04 17:03:18,2017-09-05 20:35:46,2017-09-15,129.9,9.72,1,1,139.62,10,1,5.0,1.0,0d7bc569f058a3bf7d95f9842c611b11,4662,sao paulo,SP,2.221712962962963,11.363541666666666,0,139.62
769cad60df1d40dccfd5ec163be24654,ce0518f0279ef8b73d94633720e70b9f,delivered,2017-09-03 15:21:44,2017-09-03 15:30:14,2017-09-19 23:57:50,2017-09-25 20:56:56,2017-10-10,299.9,24.42,1,1,324.32,4,1,4.0,1.0,5c258f7c0ff4f829eec200d6b9ed6994,13030,campinas,SP,22.232777777777777,36.359907407407405,0,324.32
119feffed22faf8f347699a4a4fcc23c,d9a8e0bb4edbcd0ad3e059682ccb768e,delivered,2017-09-03 15:31:58,2017-09-03 15:45:20,2017-09-04 19:51:36,2017-09-12 19:26:25,2017-09-22,169.9,20.68,1,1,190.58,8,1,4.0,1.0,a1b27fb279cf1f20c233f6f8c7d468ff,32115,contagem,MG,9.1628125,18.352800925925926,0,190.58
1ade121ece82965c2578304aaeb25c83,a97157bca251bd230220d09756222ef2,delivered,2017-09-03 15:38:29,2017-09-03 15:50:13,2017-09-05 18:29:49,2017-09-15 18:13:42,2017-09-26,189.9,26.17,1,1,216.07,4,1,4.0,1.0,343641c05b9e577ce7079bb57be3ef80,38747,patrocinio,MG,12.107789351851851,22.348275462962963,0,216.07
50ae47026ede04338be3d8711d8e8a7a,5f93f6d3c6138e72d4c9da1b3ea30ae4,delivered,2017-09-03 15:40:26,2017-09-03 15:50:11,2017-09-04 14:49:47,2017-09-12 20:42:05,2017-09-21,185.0,16.04,1,1,201.04,12,1,5.0,1.0,2129ef15b2761ae29663d414cb66978a,22740,rio de janeiro,RJ,9.209479166666666,17.346921296296298,0,201.04
206180d63bbc3cde4e902195b8493bad,056cdf1a3fc87b23ae6a0348132b7095,delivered,2017-09-03 15:54:25,2017-09-05 04:30:52,2017-09-05 19:22:30,2017-09-06 18:08:33,2017-09-15,55.0,7.78,1,1,62.78,1,1,5.0,1.0,fe8a8d9cb1a0f9f3d6eb9c2f5dc11e3c,2177,sao paulo,SP,3.093148148148148,11.337210648148147,0,62.78
7db2d40f7fe194ac059ea82f235bf83f,287a1010178492c6625cb4e9e1b11d81,delivered,2017-09-03 16:15:17,2017-09-03 16:25:22,2017-09-12 18:22:16,2017-09-22 22:57:53,2017-09-29,80.0,25.84,1,1,105.84,1,1,5.0,1.0,f478becf023d0b3562c218c71cf76cd0,38700,patos de minas,MG,19.279583333333335,25.322719907407407,0,105.84
33481c8e76159f5a3318911105d58475,9e44d0c223c1aeaeea98b7dfc94e8f0e,delivered,2017-09-03 16:15:40,2017-09-03 16:25:21,2017-09-05 23:26:36,2017-09-19 21:05:17,2017-10-03,36.76,15.1,1,1,51.86,1,1,1.0,1.0,fdd3699d1f97aaa4f1f6a038a8df09c7,95650,igrejinha,RS,16.201122685185187,29.322453703703705,0,51.86
3fb41161786b24f4fd477d6a3af4dedb,59cffb72caa49f6a3614ede2efea1357,delivered,2017-09-03 16:35:14,2017-09-03 16:45:11,2017-09-05 12:33:20,2017-09-06 16:16:00,2017-09-18,84.99,9.41,1,1,94.4,2,1,5.0,1.0,2bf4ee12733801f860ce10e749ce8e84,13042,campinas,SP,2.9866435185185187,14.30886574074074,0,94.39999999999999
aa7ad6a7e355155075a22ce9de8664da,d3e4ad6760adbf81d8b379877e6293aa,delivered,2017-09-03 16:38:22,2017-09-03 16:50:19,2017-09-04 20:17:53,2017-09-14 14:33:28,2017-09-18,16.97,7.78,1,1,24.75,2,1,5.0,1.0,90e353304fca98d75526206e02282af0,8223,sao paulo,SP,10.913263888888888,14.306689814814815,0,24.75
308ac65dd233ed0a3e6e52e854c63348,8e149a4af924a374adfb726a1fd859ff,delivered,2017-09-03 16:44:56,2017-09-03 16:55:20,2017-09-05 20:26:00,2017-09-08 18:08:05,2017-09-21,219.9,14.56,1,1,234.46,3,1,5.0,1.0,62ee16c2a070f1f24270db18fffa0f5f,4321,sao paulo,SP,5.057743055555555,17.30212962962963,0,234.46
41d6a7b15ec6c87722ac10f480c1d5e3,489c961db4ea27ab3d9cfa6d9a0f0995,delivered,2017-09-03 16:48:45,2017-09-03 17:03:46,2017-09-04 12:12:22,2017-09-05 21:22:24,2017-09-15,61.0,9.34,1,1,70.34,1,1,5.0,1.0,d1139712d0e30659a2564b005eb45e13,3476,sao paulo,SP,2.1900347222222223,11.299479166666666,0,70.34
4b7bf1f7eb492ad33680ba2cb4c4ba56,1b2fccd64ead0637991ff28c1971d9a7,delivered,2017-09-03 16:52:33,2017-09-05 04:24:48,2017-09-05 20:03:35,2017-09-08 17:36:34,2017-09-27,109.0,22.07,2,2,131.07,1,1,2.0,1.0,b4487f7becb51a93d4d0ef1256e60d99,25935,mage,RJ,5.030567129629629,23.29684027777778,0,131.07
dc8cf8a0844543e3cbebc3917b08d00f,be0c739d184760c9effb409a317c2cc1,delivered,2017-09-03 16:56:11,2017-09-03 17:10:11,2017-09-05 18:21:56,2017-09-18 19:35:49,2017-09-29,53.0,25.65,1,1,78.65,6,1,5.0,1.0,1bfe8c34e1bda76d0858abf02e1c9288,56326,petrolina,PE,15.110856481481482,25.29431712962963,0,78.65
adf36df4c22d10f6df56aa465a4cd301,781aba8df3b1bb0efe7657a98f7412da,delivered,2017-09-03 16:57:48,2017-09-03 17:10:13,2017-09-06 23:29:34,2017-09-14 19:47:37,2017-09-26,89.9,17.88,1,1,107.78,1,1,5.0,1.0,d264b217560e5f1bb611fa4a00580c61,36900,manhuacu,MG,11.11792824074074,22.293194444444445,0,107.78
a1c87156ca249199bbcd96fbfcd0296d,108a0f20bc27c6072be5931b83fe52ae,delivered,2017-09-03 17:12:39,2017-09-05 04:25:50,2017-09-05 21:27:43,2017-09-11 17:13:42,2017-10-03,13.0,15.79,1,1,28.79,1,1,4.0,1.0,f68f6dcac1a7eede9b27479ea3c96c83,5158,sao paulo,SP,8.000729166666666,29.282881944444444,0,28.79
34ea732800750b670e5f33c56ab3a94e,09d7f60a8fdfeef225e4e5dcd447047d,delivered,2017-09-03 17:12:40,2017-09-04 17:24:00,2017-09-05 12:37:10,2017-09-11 20:09:44,2017-09-22,610.0,37.54,1,1,647.54,10,1,4.0,1.0,022e9ef39a8047a24a813f57ad382b94,18143,sao roque,SP,8.122962962962964,18.28287037037037,0,647.54
78f0db6f25f112d1100e8d940a643fd5,6640f3a3b636cc90633936c9ce48b128,delivered,2017-09-03 17:18:48,2017-09-03 17:30:18,2017-09-05 13:38:02,2017-09-18 21:07:51,2017-09-27,150.0,29.45,1,1,179.45,3,1,5.0,1.0,bde5dd3b9015c51c297ae03b0bfd0e06,62420,chaval,CE,15.1590625,23.27861111111111,0,179.45
ffea79d8c5fecc22cbff0c54eda9b65c,bbef00095c712ca0e62584d68cb9fdfa,delivered,2017-09-03 17:18:58,2017-09-05 04:24:39,2017-09-06 12:51:23,2017-09-19 21:22:28,2017-10-02,50.0,19.59,1,1,69.59,1,1,4.0,1.0,768b4f16e9602b6f6f92cdddf3cc582c,48850,itiuba,BA,16.169097222222224,28.278495370370372,0,69.59
fcb25cc2887d15b5373673a0630ad13a,3379c7a16d562a9dbdf4b6a3d55754b3,delivered,2017-09-03 17:20:56,2017-09-03 17:30:19,2017-09-05 20:40:00,2017-09-14 18:13:25,2017-09-21,41.9,19.84,1,1,61.74,3,1,1.0,1.0,3d7180d54d1d270196e1b6a82c50ef46,22775,rio de janeiro,RJ,11.03644675925926,17.27712962962963,0,61.739999999999995
c5317bad0d8e0da6245fb7cd76226736,2c69c4f7310826a921f00b03c3bbcc34,delivered,2017-09-03 17:22:56,2017-09-03 17:30:19,2017-09-04 22:34:59,2017-09-09 12:56:25,2017-09-22,270.0,77.58,2,1,347.58,2,1,5.0,1.0,37047f2cdc3f0ad40fedd303da42fafa,8050,sao paulo,SP,5.8149189814814815,18.27574074074074,0,347.58
0be31296e8456f2017743c363de5a1da,7ca107237a9bd4f07595806d73b75edd,delivered,2017-09-03 17:30:48,2017-09-03 17:46:37,2017-09-05 20:13:08,2017-09-12 21:53:46,2017-09-26,1300.0,51.51,1,1,1351.51,2,1,5.0,1.0,85101bc666e06929fec79cddadb14146,13610,leme,SP,9.18261574074074,22.27027777777778,0,1351.51
7fd5ce5b7835d787b3a39742ca00d5dc,279dc3eb0a90399aa36df00d9915f30b,delivered,2017-09-03 17:42:35,2017-09-03 17:55:27,2017-09-04 13:35:10,2017-09-11 17:49:27,2017-09-28,21.99,11.85,1,1,33.84,3,1,5.0,1.0,943014d0a84484b3ea4c50eae4525418,18520,cerquilho,SP,8.00476851851852,24.26209490740741,0,33.839999999999996
bac1117353bfc077a092eb57e24419cc,5a2e0d2d29f0a826923a5c765382dde4,delivered,2017-09-03 18:06:11,2017-09-05 04:10:58,2017-09-05 18:53:05,2017-09-06 16:52:28,2017-09-15,349.9,9.7,1,1,359.6,1,1,5.0,1.0,8082e09a521725ceb983305a0f6245d4,13092,campinas,SP,2.9488078703703704,11.245706018518518,0,359.59999999999997
2322d66af2e4fa6e3d854b5249ca9f6a,6acafcfbc31e026029594e7591798593,delivered,2017-09-03 18:10:05,2017-09-04 18:04:23,2017-09-06 17:55:00,2017-09-27 19:03:23,2017-09-29,64.9,15.2,1,1,80.1,1,1,5.0,1.0,1a1ef63703ffae2066391f77fd8f44ce,95670,gramado,RS,24.03701388888889,25.242997685185184,0,80.10000000000001
63576020815760d4b5d11cef32595ada,eb1db1addc49bbf82c8ce7668681cd07,delivered,2017-09-03 18:10:21,2017-09-03 18:35:29,2017-09-04 19:49:57,2017-09-06 21:39:43,2017-09-21,399.8,25.8,2,1,425.6,3,1,5.0,1.0,645153adc47a2b420c17687062c364bb,9251,santo andre,SP,3.1453935185185187,17.2428125,0,425.6
b9d8d7815861b6e51ca61f3f81d5b9f1,fc58055f86fdea1a882309fb662b8b90,delivered,2017-09-03 18:12:38,2017-09-03 18:35:24,2017-09-05 18:29:49,2017-09-11 18:08:03,2017-09-28,189.9,26.17,1,1,216.07,5,1,5.0,1.0,51d8d985d769925b981b4a34ddf6dfc6,35300,caratinga,MG,7.99681712962963,24.241226851851852,0,216.07
b2831c53b9a182b11c1f4c1ffd6aa8e6,82223ce649c99d806610124e8793108a,delivered,2017-09-03 18:34:34,2017-09-03 18:50:20,2017-09-05 17:43:13,2017-09-11 18:28:10,2017-09-21,79.0,13.57,1,1,92.57,1,1,5.0,1.0,ac3b6a3dc98ba489701b15c6402be7eb,19800,assis,SP,7.995555555555556,17.22599537037037,0,92.57
f47e4063d6bc1a7b8ae44e93faa70fc1,946ed1f7e8a8d4564830d66973e9f3f4,delivered,2017-09-03 18:37:22,2017-09-03 18:50:25,2017-09-13 21:39:45,2017-09-21 16:36:11,2017-10-03,129.0,16.34,1,1,145.34,1,1,5.0,1.0,31f561835c1d5a3ce77a25372738e891,26120,belford roxo,RJ,17.915844907407408,29.224050925925926,0,145.34
5b87678fe5651f0c1e5ee9bb16108947,49919872da0015df0976c8783cc00cde,delivered,2017-09-03 18:39:52,2017-09-05 04:30:59,2017-09-05 21:18:16,2017-09-15 21:17:50,2017-09-26,98.9,14.42,1,1,113.32,1,1,5.0,1.0,c4e759011935f3bafa32e18fad96d7c1,7830,franco da rocha,SP,12.109699074074074,22.222314814814816,0,113.32000000000001
7844d511767a3dbe9411602e49a0ac38,d8045e6cc95ece813867ea4938cf6fa1,delivered,2017-09-03 18:41:07,2017-09-03 18:55:10,2017-09-04 21:47:50,2017-09-11 21:15:19,2017-10-03,59.99,17.67,1,1,77.66,5,1,5.0,1.0,2d0a1ec21a4f50a208963991a3bdc979,95320,nova prata,RS,8.107083333333334,29.22144675925926,0,77.66
1f0fb6f94c105ba0047b56143a01c3a9,a915c5f2ffdc3c2a11a35c426bc8de6e,delivered,2017-09-03 18:42:45,2017-09-03 18:55:13,2017-09-05 11:33:22,2017-09-11 18:24:01,2017-09-21,25.99,11.85,1,1,37.84,3,1,5.0,1.0,182e134f5a24ee479aa38749a5748cb0,15704,jales,SP,7.98699074074074,17.2203125,0,37.839999999999996
c02ba990f9573a840c307babf93b3416,fac62f659b6e79c9004f4df20f81e56c,delivered,2017-09-03 18:42:46,2017-09-05 04:36:04,2017-09-06 22:59:07,2017-09-21 22:18:05,2017-09-27,59.9,16.86,1,1,76.76,1,1,4.0,1.0,0f5f1f84c0b3477566faed7897d4c89a,37410,tres coracoes,MG,18.149525462962963,23.220300925925926,0,76.75999999999999
903059e61d9226af06bdc3822f06d9d6,ba16ea904570bdcedd69e31ee535f417,delivered,2017-09-03 19:16:38,2017-09-03 19:30:13,2017-09-04 23:43:14,2017-09-12 19:22:54,2017-09-25,69.9,17.74,1,1,87.64,2,1,3.0,1.0,f0e8858c2d5518f433ca154494321200,89214,joinville,SC,9.004351851851851,21.196782407407408,0,87.64
71f7457d0d3ff13a7f9f76b1612d4237,081f93ad5ce5604b882889f5bb44359f,delivered,2017-09-03 19:20:43,2017-09-03 19:30:14,2017-09-05 12:22:01,2017-09-06 22:07:36,2017-09-19,189.9,14.44,1,1,204.34,2,1,5.0,1.0,2fe9a6c399444fdfbbdf856d4ab02372,80060,curitiba,PR,3.1158912037037036,15.193946759259259,0,204.34
660020bc4184db41dc39b332230e94a6,31f96a7faffd537b8ceef28d305cd375,delivered,2017-09-03 19:29:50,2017-09-05 08:34:28,2017-09-06 20:33:17,2017-09-12 23:41:44,2017-09-21,89.99,13.65,1,1,103.64,1,1,4.0,1.0,80b6a368bb78dea2539249804957a779,14780,barretos,SP,9.174930555555555,17.18761574074074,0,103.64
31c97425f34d48507d57e56e0ec2986b,11ead7c657fc4f2412db1babe52d1619,delivered,2017-09-03 19:49:03,2017-09-03 20:03:45,2017-09-06 16:42:30,2017-09-16 16:13:54,2017-09-25,35.9,26.89,1,1,62.79,6,1,5.0,1.0,6144b9dbdc89758b47e87e2e73f4db09,71691,brasilia,DF,12.850590277777778,21.174270833333335,0,62.79
6c199b299fb721a27ece7358cf2be1da,f56953e513949005732f41ebacee1aa6,delivered,2017-09-03 20:11:07,2017-09-03 20:25:18,2017-09-04 15:28:10,2017-09-13 21:03:59,2017-09-25,139.9,16.74,1,1,156.64,1,1,5.0,1.0,0775913e3d506bf4fc1d1c92e7a56266,89253,jaragua do sul,SC,10.036712962962962,21.15894675925926,0,156.64000000000001
e48bf703c3d5e80776e4d036425edddb,b28d2c12d71823fd72befb7139c1efc4,delivered,2017-09-03 20:15:02,2017-09-05 04:30:18,2017-09-06 15:36:43,2017-09-08 20:20:11,2017-09-15,28.99,7.78,1,1,36.77,1,1,4.0,1.0,9e4accf95024aa6565ca1efcadb96752,8550,poa,SP,5.003576388888889,11.156226851851851,0,36.769999999999996
460d57443ffdcaeba240360239747cf7,2514a33b1704c36bdfbe51840e105cde,delivered,2017-09-03 20:33:37,2017-09-03 20:45:16,2017-09-06 17:45:50,2017-09-12 17:27:30,2017-09-26,18.9,15.1,1,1,34.0,1,1,5.0,1.0,1acc368e2db62752896a9e414eff41c2,95760,sao sebastiao do cai,RS,8.870752314814816,22.14332175925926,0,34.0
0fe75a9839e7296629a6d6924fdf3365,2ae6618a66d60952d41816641958650e,delivered,2017-09-03 20:34:23,2017-09-03 20:50:14,2017-09-11 21:29:51,2017-09-14 18:17:48,2017-09-21,259.9,59.73,1,1,319.63,10,1,4.0,1.0,903c88e94d60602827df5cbdd8b2c60f,18950,ipaussu,SP,10.905150462962963,17.142789351851853,0,319.63
2c67561120ceec16df8e4b5753e23193,f9edf85c1fcab98c046a6b4aa674f27a,delivered,2017-09-03 20:39:02,2017-09-05 04:24:34,2017-09-11 19:55:56,2017-09-13 19:24:48,2017-09-21,19.9,11.85,1,1,31.75,1,1,5.0,1.0,1e3c2a4fa0cedefada8f2a74e8d73c13,9171,santo andre,SP,9.948449074074073,17.139560185185186,0,31.75
8d6708eef8a393c70109de0afb75509d,a9aae87dfdb515be22e98a2054e53978,delivered,2017-09-03 20:43:38,2017-09-03 20:55:24,2017-09-05 12:58:03,2017-09-13 13:32:14,2017-09-27,39.99,17.6,1,1,57.59,2,1,4.0,1.0,1e2a7d3a4c0c008ff480ac0f06e613f4,39550,taiobeiras,MG,9.700416666666667,23.13636574074074,0,57.59
71c4b7b8844a031b7db8ca41c41d4aae,dce0014426964924f9564758e4fadcbf,delivered,2017-09-03 20:52:34,2017-09-05 04:10:34,2017-09-05 17:47:58,2017-09-14 15:49:47,2017-10-03,34.49,15.1,1,1,49.59,1,1,5.0,1.0,6ca7990c03b703e57401911433372d1e,99560,sarandi,RS,10.789733796296296,29.13016203703704,0,49.59
21838957166e38f71ea42879c0a5c3db,321e587bfd564d724fa0883998543eac,delivered,2017-09-03 21:00:23,2017-09-04 21:10:12,2017-09-09 13:42:39,2017-09-13 20:47:56,2017-09-21,259.9,18.53,1,1,278.43,3,1,5.0,1.0,280f5ea9dbaf92b0f6deb78d8551952f,15054,sao jose do rio preto,SP,9.991354166666667,17.124733796296297,0,278.42999999999995
66c0ba5488a397208076ece07748d0fa,50577f33200de8b27ca46bf8ec17d82b,delivered,2017-09-03 21:01:28,2017-09-05 04:10:32,2017-09-05 18:53:06,2017-09-13 20:15:01,2017-09-29,279.9,15.71,1,1,295.61,1,1,5.0,1.0,1e85ad2cf60fcd8b3668f0f9a403e846,90620,porto alegre,RS,9.967743055555555,25.123981481481483,0,295.60999999999996
b708a78d59d407b8733f3f3e9b11596e,9a148310e3ae74b3d1e856ae5e4af4e5,delivered,2017-09-03 21:16:10,2017-09-03 22:00:12,2017-09-05 21:03:35,2017-09-14 17:47:32,2017-09-27,199.9,21.89,1,1,221.79,3,1,3.0,1.0,0c8ac932c65f67489929f9164a86606d,72120,brasilia,DF,10.855115740740741,23.113773148148148,0,221.79000000000002
2463eaec66167230ee0c637e3598e2cd,7170c802ec75e5fcb3792110e68ab323,delivered,2017-09-03 21:16:20,2017-09-04 02:32:24,2017-09-05 18:51:59,2017-09-13 19:47:53,2017-09-25,199.9,15.15,1,1,215.05,1,1,5.0,1.0,00e2972a013072289c3e86cfc2b9e38d,71741,brasilia,DF,9.938576388888889,21.11365740740741,0,215.05
6070ab7b5e87d4ed488918683d044bfa,ed2f0df9d569485c302eb6405a4700f1,delivered,2017-09-03 21:18:38,2017-09-03 21:30:22,2017-09-04 18:56:49,2017-09-12 19:25:49,2017-10-03,99.9,17.95,1,1,117.85,2,1,4.0,1.0,724581a675ab0f8c360132caff0a853c,92330,canoas,RS,8.921655092592593,29.112060185185186,0,117.85000000000001
5f24553283f2c7a74869675a02035bd7,7a2af63d84fdaa8d3cd5034e5ea09d7a,delivered,2017-09-03 21:25:25,2017-09-04 21:30:20,2017-09-13 11:45:44,2017-09-22 21:50:21,2017-09-27,699.0,63.33,1,1,762.33,8,1,5.0,1.0,a84c3a73077cee66f6b30437cf6c921c,65010,sao luis,MA,19.017314814814814,23.107349537037038,0,762.33
6c122d18e485014d7f23bd0093465404,303f121f379bb6c560b404054afe6e60,delivered,2017-09-03 21:28:15,2017-09-03 21:44:17,2017-09-04 20:34:56,2017-09-11 18:17:50,2017-09-25,109.8,21.61,1,1,131.41,12,1,5.0,1.0,ae207cf8119fd10e3b9ac24570089fad,90540,porto alegre,RS,7.867766203703703,21.105381944444446,0,131.41
bd069f6bcfb7933f3c7675d5dce3692f,8fd92068ccf4681ed8b1568fcfda910a,delivered,2017-09-03 21:38:12,2017-09-03 21:50:13,2017-09-11 20:32:24,2017-09-15 19:48:52,2017-10-02,389.0,23.21,1,1,412.21,8,1,5.0,1.0,cbafa8227623af5855f89a9e49210ef4,95900,lajeado,RS,11.924074074074074,28.098472222222224,0,412.21
f594ab1eab2b9d5a646c989c1bc5eb3e,d0836b848a9c6d8fe285a19b028df814,delivered,2017-09-03 21:38:55,2017-09-03 21:50:15,2017-09-04 19:52:19,2017-09-12 21:35:51,2017-09-27,169.9,15.94,1,1,185.84,5,1,5.0,1.0,f45669f4fe48c48b6d5065322ac387be,25266,duque de caxias,RJ,8.99787037037037,23.097974537037036,0,185.84
95238556fec6ef59d8ed25b4379008bb,1e1746d4456c3743892253a404e04439,delivered,2017-09-03 21:42:30,2017-09-03 21:55:25,2017-09-04 19:52:47,2017-09-11 22:43:21,2017-09-21,610.0,37.54,1,1,647.54,1,1,5.0,1.0,fb99cfd55992fdd347a3481dfb26c4fa,8247,sao paulo,SP,8.042256944444444,17.09548611111111,0,647.54
7b4371df7c7f31967a101f1d4559875a,bec239dc5cea775ad97c271e47cfeaf7,delivered,2017-09-03 21:48:38,2017-09-03 22:04:17,2017-09-04 19:07:00,2017-09-12 21:05:04,2017-10-10,32.0,17.6,1,1,49.6,4,1,5.0,1.0,005e32bc930906dc6b65fb9d11cce3e2,95175,picada cafe,RS,8.96974537037037,36.09122685185185,0,49.6
d11d6ab0c7df16a66c726f6f83ef51d1,dfcfd4bcff0fc8ed438d9bbb40c9bc05,delivered,2017-09-03 22:08:27,2017-09-03 22:24:19,2017-09-04 20:20:37,2017-09-12 20:29:43,2017-09-27,29.99,17.92,1,1,47.91,1,1,4.0,1.0,38c36e2b07cd2ebe4b525afa2698fa91,22245,rio de janeiro,RJ,8.931435185185185,23.077465277777776,0,47.91
8a6b15db7cea5a4cd260873d4489bfb0,d402764a7ce0b2bc443330e94523f26f,delivered,2017-09-03 22:09:54,2017-09-05 04:15:26,2017-09-05 20:17:44,2017-09-14 17:47:46,2017-09-21,49.0,14.1,1,1,63.1,1,1,1.0,1.0,9b9035de65d332968851b326ee7463b2,20931,rio de janeiro,RJ,10.817962962962962,17.076458333333335,0,63.1
602c41bce7c56c79f81a7e7365451e0a,78e7b8286d279ea73d828444e8696e68,delivered,2017-09-03 22:10:16,2017-09-03 22:25:07,2017-09-06 15:15:49,2017-09-23 14:36:54,2017-09-27,25.99,15.1,1,1,41.09,1,1,4.0,1.0,4578bb52d2076e1a4a75ad7d50c41b52,89600,joacaba,SC,19.68516203703704,23.076203703703705,0,41.089999999999996
309a6726656b1ace9925bb760fc46b81,7d2ce17487f8378b620234f629e9f5d5,delivered,2017-09-03 22:14:32,2017-09-03 22:25:09,2017-09-04 16:57:13,2017-09-13 19:46:18,2017-09-26,887.0,26.7,1,1,913.7,10,1,1.0,1.0,cc65d08fa1d799911f5237365ce38bcb,79822,dourados,MS,9.897060185185186,22.07324074074074,0,913.7
1e738ef9fa41ecf83ae9f37a89591620,372a5dc5cb0717a9e9eb801e085f4154,delivered,2017-09-03 22:18:34,2017-09-03 22:30:18,2017-09-04 23:09:57,2017-09-07 00:43:57,2017-09-15,134.2,12.39,1,1,146.59,3,1,5.0,1.0,5862be8ed207e292d3ae6eba8f06eb24,20520,rio de janeiro,RJ,3.100960648148148,11.070439814814815,0,146.58999999999997
67e8d0e4cd27d92c4aeb38cecf962b0d,a5c9cced9df253732cf221be894b76b6,delivered,2017-09-03 22:31:13,2017-09-03 22:45:38,2017-09-05 12:33:21,2017-09-14 17:58:31,2017-09-27,56.99,15.15,1,1,72.14,1,1,4.0,1.0,5729f7fd5208cfe5f0e886f06e9c3d40,27313,barra mansa,RJ,10.810625,23.06165509259259,0,72.14
e32090de3a5936c84fa211a2b22342ad,297f627663a7f77e536fbbccbd449596,delivered,2017-09-03 22:31:16,2017-09-05 04:10:39,2017-09-05 18:43:04,2017-09-17 16:06:22,2017-09-28,104.9,18.01,1,1,122.91,1,1,3.0,1.0,73fdbe192da1e67647039e4550f75683,52011,recife,PE,13.732708333333333,24.06162037037037,0,122.91000000000001
3df55fc07ff463109ce0422439693aee,795053583923996fa8e06ebf88981274,delivered,2017-09-03 22:36:56,2017-09-04 02:31:39,2017-09-04 21:50:02,2017-09-06 17:19:05,2017-09-27,282.63,33.97,2,2,316.59999999999997,10,2,2.5,2.0,c8198557f56764b4436d30b9059b3586,76550,porangatu,GO,2.7792708333333334,23.057685185185186,0,316.6
bb58d2adc1241af1c36272f66ab7a771,fbeed95946dc41fefa2c4fffd23fde4e,delivered,2017-09-03 23:01:01,2017-09-03 23:15:10,2017-09-06 16:13:01,2017-09-12 20:53:18,2017-09-25,189.9,18.04,1,1,207.94,3,1,4.0,1.0,6bdff8d6893d72659f69be8d5d3e5d8c,13482,limeira,SP,8.91130787037037,21.040960648148147,0,207.94
e0f6f4313a61689a0a03dbafbcb5e97f,5970719d1bf569fb6a1739c8046ea1a3,delivered,2017-09-03 23:01:04,2017-09-03 23:15:10,2017-09-04 19:52:15,2017-09-13 18:39:38,2017-09-21,58.2,14.16,1,1,72.36,2,1,5.0,1.0,948811741e27959d52d6eeb7c847c107,1304,sao paulo,SP,9.818449074074074,17.040925925925926,0,72.36
1aa6cb753e28c675560a88d1f9c80e86,c7ba975e53d533bc7596775b69c4db88,delivered,2017-09-03 23:03:34,2017-09-03 23:15:15,2017-09-04 19:18:46,2017-09-11 17:15:13,2017-09-21,99.99,15.46,1,1,115.45,1,1,5.0,1.0,c040358f5a8ecd4cb2e8daed542c8742,4284,sao paulo,SP,7.758090277777778,17.039189814814815,0,115.44999999999999
38bb5f9d2356ae738afe613b8e723645,ab2f6801deffab8038ad84aa63b01feb,delivered,2017-09-03 23:09:13,2017-09-03 23:23:53,2017-09-08 15:28:10,2017-09-13 19:00:15,2017-09-28,59.9,13.44,1,1,73.34,1,1,4.0,1.0,bbb9032e147e7f048e926bdd0197b7ce,17026,bauru,SP,9.827106481481481,24.035266203703703,0,73.34
c69b33391f7f4c19f7aea12048bcd5d2,49a2c85ef281610552a32b2f8c7cfd11,delivered,2017-09-03 23:13:21,2017-09-05 04:44:33,2017-09-05 18:13:54,2017-09-15 19:17:28,2017-10-02,76.9,16.98,1,1,93.88,1,1,5.0,1.0,e371d10f2436fa16cd0c83908f662fb2,78450,nova mutum,MT,11.83619212962963,28.032395833333332,0,93.88000000000001
e6d1b2275402fa4946ee8a3d37712c93,45ce7fad590507dc87dabf4b6989f7e5,delivered,2017-09-03 23:37:01,2017-09-03 23:50:08,2017-09-08 16:47:50,2017-09-16 12:02:53,2017-09-21,78.25,12.05,1,1,90.3,9,1,4.0,1.0,165d93a9d1da194b47da42c9cf810ebd,5125,sao paulo,SP,12.517962962962963,17.01596064814815,0,90.3
479715da59efdc67c1722f985a94d18c,8683c94ecfeed1552bd8b944bf81d66d,delivered,2017-09-03 23:44:26,2017-09-04 02:31:38,2017-09-05 15:55:58,2017-09-11 17:03:14,2017-09-22,27.9,14.1,1,1,42.0,1,1,5.0,1.0,1d4da7e898d7b434bdc2a1628efdbd4d,26216,nova iguacu,RJ,7.721388888888889,18.010810185185186,0,42.0
40943871fddded9badd0c7a30758807c,e7a6d5ec5bf53d5a915f9a24c0ec7ebb,delivered,2017-09-04 00:48:49,2017-09-05 04:44:13,2017-09-05 21:05:07,2017-09-11 22:25:38,2017-09-21,97.99,12.19,1,1,110.18,1,1,5.0,1.0,8156e9b793de0ff0faf06bb7cd6d3078,11700,praia grande,SP,7.900567129629629,16.96609953703704,0,110.17999999999999
79ecc3e68b2d54e056223964de8bca98,568d5759e341018b8a9fb7d0aa2d4c25,delivered,2017-09-04 01:18:42,2017-09-04 01:30:13,2017-09-05 18:33:27,2017-09-11 19:13:32,2017-09-27,118.33,18.08,1,1,136.41,1,1,5.0,1.0,7011c18021a7ba540f53349a324677ed,28695,papucaia,RJ,7.746412037037037,22.94534722222222,0,136.41
549eaa78237c5a5c9ca1cc4a8d812208,08a4362bdde5810480007ce9baad3d21,delivered,2017-09-04 04:19:30,2017-09-06 02:50:19,2017-09-06 14:27:43,2017-09-11 22:53:54,2017-09-21,449.0,16.89,1,1,465.89,1,1,4.0,1.0,e9465ca5e9043493c69b786fcb10619e,9760,sao bernardo do campo,SP,7.773888888888889,16.819791666666667,0,465.89
41a207671f292d00ffea01b171f2a30b,3619df7a89a873ba249bf47e9fc6ed2c,delivered,2017-09-04 05:00:16,2017-09-04 09:32:33,2017-09-04 18:32:42,2017-09-05 15:52:28,2017-09-15,84.0,15.56,2,1,99.56,4,1,5.0,1.0,1ce1097b476f97ea37d805251c5c74ba,8543,ferraz de vasconcelos,SP,1.4529166666666666,10.791481481481481,0,99.56
5504a1a5092b8696eac00711644d4306,b2ff19f8f1820f92b022f5d33e0d198d,delivered,2017-09-04 08:08:29,2017-09-04 13:25:19,2017-09-05 14:40:27,2017-09-08 17:43:46,2017-09-25,92.89,29.42,2,2,122.31,1,1,5.0,1.0,d7fb410ce33db84828fa62bca8bfc654,74255,goiania,GO,4.399502314814815,20.660775462962963,0,122.31
bc107b9b5508d2356f663898c2eb1d8b,053c167415eb05d031067db2b288475a,delivered,2017-09-04 08:56:30,2017-09-04 09:05:17,2017-09-06 13:22:57,2017-10-01 15:03:11,2017-09-29,79.8,53.78,2,1,133.58,5,1,1.0,1.0,bdec3e91a085aa9bd49ca648170e7943,50830,recife,PE,27.254641203703702,24.627430555555556,1,133.57999999999998
6a1ef716317c7b4817987c723669c2a6,777a72b307f2edae29414b26e2d5e3a1,delivered,2017-09-04 09:09:04,2017-09-04 09:25:14,2017-09-04 22:06:32,2017-09-08 17:23:43,2017-09-22,64.9,25.29,1,1,90.19,1,1,5.0,1.0,4b0969f187d21ab38c38e52e6f4cdff1,4142,sao paulo,SP,4.343506944444444,17.618703703703705,0,90.19
c63f5ac7a6d8ee6593a8b272aa533b5e,05a0608ede91cf6bfe4ea3eb2a7bfd84,delivered,2017-09-04 09:14:19,2017-09-06 02:50:19,2017-09-06 14:53:12,2017-09-12 21:12:45,2017-09-27,42.1,13.37,1,1,55.47,1,1,5.0,1.0,cdb39bd368316f0f0ee48f0f6e42b03c,87600,nova esperanca,PR,8.498912037037037,22.61505787037037,0,55.47
768697bea3da93c033aa064d821579e2,fea8050983c42f7907b0150e1a2751da,delivered,2017-09-04 09:26:19,2017-09-06 02:55:27,2017-09-06 13:29:52,2017-09-15 16:02:57,2017-09-27,379.98,52.34,2,1,432.32,1,1,4.0,1.0,58ebb0cdff831dccd8b4009111506f80,23812,itaguai,RJ,11.275439814814815,22.60672453703704,0,432.32000000000005
38535f25144db56a22c827fcb546a0f8,9c0f7d49135e022d18e0f0b9d5ac911b,delivered,2017-09-04 09:28:18,2017-09-04 09:44:23,2017-09-05 20:47:54,2017-09-13 22:34:10,2017-09-22,49.8,15.1,1,1,64.9,1,1,5.0,1.0,a66a58c9f96ad261d7ee59fd6007a713,14057,ribeirao preto,SP,9.54574074074074,17.60534722222222,0,64.89999999999999
ceddfb05b9a267360bf733384df51e34,fa6a87087c40bec8f32e65765ebdd36f,delivered,2017-09-04 09:45:28,2017-09-05 04:25:37,2017-09-08 18:59:36,2017-09-14 20:04:15,2017-10-04,56.99,15.15,1,1,72.14,1,1,4.0,1.0,4cb1a7c4f37df3c9c0263aea948c581c,99435,campos borges,RS,10.429710648148149,29.593425925925924,0,72.14
8dede9c6014be218c3fce9a53dd44214,3c1bf64716a94f0ca73edc8352ec1b75,delivered,2017-09-04 10:18:22,2017-09-05 04:36:07,2017-09-06 17:54:59,2017-09-13 20:47:16,2017-09-22,39.9,15.1,1,1,55.0,1,1,5.0,1.0,b08fab27d47a1eb6deda07bfd965ad43,29930,sao mateus,ES,9.436736111111111,17.570578703703703,0,55.0
bf7c6448537b35fcded92b0df9050145,059a6bcd8055546a0aa2330dd63d972d,delivered,2017-09-04 10:22:25,2017-09-06 03:04:02,2017-09-08 18:06:36,2017-09-14 12:36:32,2017-09-21,97.49,12.18,1,1,109.67,1,1,5.0,1.0,9f5382d12fafaddc7ea88928226beeb3,14860,barrinha,SP,10.093136574074075,16.567766203703705,0,109.66999999999999
734db12c3a1651cf9f036481d273c5c1,70201c46df8a5a5acf1388595fe1fcb6,delivered,2017-09-04 10:24:19,2017-09-04 10:44:36,2017-09-11 17:06:57,2017-09-19 15:52:52,2017-10-04,31.9,15.1,1,1,47.0,1,1,5.0,1.0,a46b4cd71dae0e09aedffa750b72474f,16403,lins,SP,15.228159722222221,29.56644675925926,0,47.0
a6b0569fe3c4f86e7604914120e06df1,a96bad6c2f0b23749afc5b3ff6e6365a,delivered,2017-09-04 10:40:18,2017-09-04 10:50:11,2017-09-05 18:53:06,2017-09-15 13:14:52,2017-09-28,179.9,16.01,1,1,195.91,8,1,5.0,1.0,8b6928e1ba961952b69d53fcdb811c11,76440,campinacu,GO,11.107337962962964,23.555347222222224,0,195.91
aa0cbb40775d50f0535c3e4a38603b3c,fc5e6cad3f8c6354b277b835229513d7,delivered,2017-09-04 10:56:05,2017-09-05 04:15:21,2017-09-08 17:32:00,2017-09-14 17:46:57,2017-09-29,50.66,31.58,2,1,82.24,1,1,5.0,1.0,6f042c73539f0c6e5a1a250f331b44ba,35460,brumadinho,MG,10.285324074074074,24.544386574074075,0,82.24
35648a75454c580b64688dd24dea43da,19036764f4047b59ae815a2cf9c75c62,delivered,2017-09-04 10:59:50,2017-09-04 11:15:17,2017-09-05 21:25:10,2017-09-11 17:14:21,2017-09-21,109.99,17.48,1,1,127.47,2,1,4.0,1.0,0c21e1a3d81972abcbda2c745560421e,14177,sertaozinho,SP,7.260081018518519,16.541782407407407,0,127.47
aeebf4abbcfb9bac43b6a31399a3e93c,500e98ff3cb33cf1f3095ac781234e29,delivered,2017-09-04 11:02:40,2017-09-04 11:15:18,2017-09-08 15:28:08,2017-11-18 13:32:09,2017-09-28,59.9,13.44,1,1,73.34,1,1,1.0,1.0,55d9dfbb0709232b92bd2781c2d03858,2755,sao paulo,SP,75.10380787037037,23.539814814814815,1,73.34
46afec49491e4385870de60c96bc956e,5fcd01aff39a8f9922b7026f8ac46b55,delivered,2017-09-04 11:04:30,2017-09-04 11:15:20,2017-09-04 20:08:33,2017-09-13 19:02:53,2017-10-02,97.9,21.18,1,1,119.08,1,1,5.0,1.0,2b2dc4248c225ca73416881c0d817a54,25963,teresopolis,RJ,9.332210648148148,27.538541666666667,0,119.08000000000001
4a9a9d64ccb1bbcb0db6634dbfae10d6,ebb7a2942172efa549f149c74e43c3d6,delivered,2017-09-04 11:07:37,2017-09-04 11:24:24,2017-09-05 21:52:07,2017-09-12 03:44:57,2017-09-26,12.99,16.11,1,1,29.1,1,1,5.0,1.0,88565fb9279484fb087bff9a9912f0f2,39100,diamantina,MG,7.692592592592592,21.536377314814814,0,29.1
2f19a710f074d3785ffcc76b24e0c905,1dac165b8af97fef720a5b7295667dc6,delivered,2017-09-04 11:10:17,2017-09-04 11:24:24,2017-09-06 17:55:01,2017-09-12 22:03:26,2017-09-21,49.9,11.85,1,1,61.75,1,1,5.0,1.0,b1105163e94af121c52f947db1a960e5,13902,amparo,SP,8.453576388888889,16.534525462962964,0,61.75
bf474eae16fef2c6a00582f52e79ccbd,5f32eb5f54ab39d065ef46bcef6eb6f6,delivered,2017-09-04 11:10:54,2017-09-04 11:24:30,2017-09-06 23:52:59,2017-09-11 12:06:34,2017-09-26,174.0,22.02,1,1,196.02,1,1,5.0,1.0,b21db9362c8865d3a218bbebbf239bc1,9270,santo andre,SP,7.038657407407407,21.534097222222222,0,196.02
9fed05363dd3f86fd9d02514224c4318,4798084378cadd5f1edcebb6b465c054,delivered,2017-09-04 11:13:25,2017-09-04 11:25:19,2017-09-05 18:51:55,2017-09-06 16:35:58,2017-09-15,44.9,7.78,1,1,52.68,1,1,5.0,1.0,52f54b979cd6d9e794469096871b3f3e,3429,sao paulo,SP,2.2239930555555554,10.532349537037037,0,52.68
346802bf9d5846f06ec97c90b92af095,37fffa07ecd4388252d485b3eabf0d68,delivered,2017-09-04 11:22:46,2017-09-04 11:31:38,2017-09-07 00:29:57,2017-09-19 19:07:11,2017-10-03,104.9,17.17,1,1,122.07,1,1,5.0,1.0,741bf8c5b7ad7356fe624294bff29920,24220,niteroi,RJ,15.322511574074074,28.525856481481483,0,122.07000000000001
69923a4e07ce446644394df37a710286,31f31efcb333fcbad2b1371c8cf0fa84,delivered,2017-09-04 11:26:38,2017-09-04 11:43:25,2017-09-04 21:22:15,2017-09-05 19:20:20,2017-09-15,35.39,8.72,1,1,44.11,1,1,5.0,1.0,7c396fd4830fd04220f754e42b4e5bff,3149,sao paulo,SP,1.3289583333333332,10.523171296296296,0,44.11
f09b9aa6920cc3061b54d2febae19ded,f4b9989784f503651bcbf4ba6273aec0,delivered,2017-09-04 11:32:56,2017-09-05 04:15:52,2017-09-05 19:27:02,2017-09-15 10:53:24,2017-09-26,59.9,17.67,1,1,77.57,1,1,5.0,1.0,ee0452d8929c4ad07cf1bde10dcbab4b,35116,mesquita,MG,10.972546296296295,21.518796296296298,0,77.57
eb79e3366c1e8ef5a331f96b5c73995f,901f6c008611d3f7cd4a4a094c475408,delivered,2017-09-04 11:39:25,2017-09-06 02:55:33,2017-09-12 21:48:54,2017-09-18 16:09:57,2017-09-29,119.8,35.34,2,1,155.14,1,1,5.0,1.0,9749e3b7d02a7194473d5a6784071186,21331,rio de janeiro,RJ,14.187870370370371,24.514293981481483,0,155.14
4b4af79eb26f80dbef369da4a4cd1d45,811863441f31bb8c711015a7730e1b41,delivered,2017-09-04 11:41:03,2017-09-04 11:55:23,2017-09-05 14:48:09,2017-09-11 20:05:11,2017-09-27,94.5,34.46,1,1,128.96,5,1,5.0,1.0,d580dba2b75dbaceead280af1c1b2a57,5050,sao paulo,SP,7.350092592592593,22.513159722222223,0,128.96
16a02781e79ebfb2354323d102e53b8a,a20effc0e40fbad0f1f863c4fa049437,delivered,2017-09-04 11:49:09,2017-09-04 12:03:53,2017-09-05 21:40:07,2017-09-15 20:14:52,2017-10-10,59.9,15.17,1,1,75.07,3,1,4.0,1.0,cee4572dc8f36e1feb2bd57d255df5ed,96470,pinheiro machado,RS,11.351192129629629,35.507534722222225,0,75.07
92c3bd12618b0bd55aa74fb8b67f5a40,19a2ee3d69f67e18f7b27cb6ef3547c0,delivered,2017-09-04 11:54:33,2017-09-04 12:10:12,2017-09-12 13:14:06,2017-09-25 16:27:49,2017-10-04,28.38,16.11,1,1,44.49,3,1,5.0,1.0,d009d8efd8f6d7754401c2b77539d35f,99200,guapore,RS,21.18976851851852,29.50378472222222,0,44.489999999999995
0b5754bbc86b2ff33bba8be1cab6c230,91d2ecf0eb5229a6d5251f06a6a31cf2,delivered,2017-09-04 11:59:58,2017-09-05 12:05:18,2017-09-05 20:15:26,2017-09-14 18:21:47,2017-09-29,55.0,16.83,1,1,71.83,2,1,5.0,1.0,4f4395a5349024b0fbc36dc61b120c97,44695,capim grosso,BA,10.265150462962962,24.50002314814815,0,71.83
a3d361625a95b22581fc65362dc3d296,622c260d369760bbd2e31ea8c273480b,delivered,2017-09-04 12:14:07,2017-09-05 04:44:39,2017-09-05 18:52:37,2017-09-06 16:53:54,2017-09-15,18.9,7.78,1,1,26.68,1,1,5.0,1.0,f38f516467ed61f33e63cfeaedee7054,9510,sao caetano do sul,SP,2.1942939814814815,10.490196759259259,0,26.68
7651f70d3acb1fcca5c5df23cd0f4308,b1fea71a27ce5536a619387408296d47,delivered,2017-09-04 12:15:28,2017-09-06 02:50:26,2017-09-12 13:39:22,2017-09-19 19:45:51,2017-09-29,59.9,13.44,1,1,73.34,1,1,5.0,1.0,88055311adcee315a7c05930e3849363,12402,pindamonhangaba,SP,15.312766203703704,24.48925925925926,0,73.34
dbc097913df341f30b9f9e92f459cee2,ebb4b033a7cadf1c7d73e8a7bab49594,delivered,2017-09-04 12:21:58,2017-09-04 12:30:30,2017-09-05 15:42:49,2017-10-09 20:28:05,2017-09-21,179.9,12.76,1,1,192.66,1,1,1.0,1.0,730573c82e04027f7691e4fe1789e2f8,13058,campinas,SP,35.33758101851852,16.48474537037037,1,192.66
05c30545ba4331e04ae0de1523bb41f4,eee54012f3ee01c587f3c2ba276b8094,delivered,2017-09-04 12:24:46,2017-09-04 12:43:59,2017-09-05 18:08:05,2017-09-15 19:27:31,2017-09-26,28.3,16.11,1,1,44.41,4,1,5.0,1.0,667f836c6b4cfebee7ed74b3bd753da4,27916,macae,RJ,11.293576388888889,21.482800925925925,0,44.41
3290d044feb4a9f2f4a195441b12ffe1,751f6faa032664683bd9e96acb614b5e,delivered,2017-09-04 12:25:40,2017-09-04 12:44:01,2017-09-11 17:28:18,2017-09-13 17:00:09,2017-09-21,19.9,11.85,1,1,31.75,1,1,5.0,1.0,212588a002f9c07de6083ac91867b5df,17505,marilia,SP,9.190613425925926,16.482175925925926,0,31.75
cdca52aa619c8e59bd64701d54571cc0,36da15e62a3ecf96427337aba9139f2e,delivered,2017-09-04 12:30:41,2017-09-05 04:24:15,2017-09-06 22:07:00,2017-09-12 17:10:17,2017-09-26,1299.9,51.51,1,1,1351.41,1,1,2.0,1.0,9dc7e983a9dde2b110ca06f7547d6b5a,17017,bauru,SP,8.194166666666666,21.47869212962963,0,1351.41
505a3bb5ff0c07fe7d0557cab70693ae,a61eb5acd0c3d2cb6a77f19c5935f0d7,delivered,2017-09-04 12:43:57,2017-09-04 12:55:15,2017-09-06 19:04:12,2017-09-13 21:47:42,2017-09-21,180.0,13.51,1,1,193.51,8,1,5.0,1.0,ff9d224757c28c708ee4b5d66e2ca120,48900,juazeiro,BA,9.377604166666666,16.469479166666666,0,193.51
32d29d9903eaaae11d418d087f442fbd,1367595e0b2e19af7d65497c6332de14,delivered,2017-09-04 12:54:32,2017-09-04 13:10:09,2017-09-05 15:42:49,2017-09-11 16:47:23,2017-09-21,179.9,12.76,1,1,192.66,8,1,1.0,1.0,419013301b30ef6f2c7f5e9bb779bfbd,17013,bauru,SP,7.161701388888889,16.46212962962963,0,192.66
99dde9a4d6ee5c602380551b002ddad7,5229e43884ffd6794e9397bd346ab7dd,delivered,2017-09-04 12:57:02,2017-09-04 13:10:12,2017-09-06 19:05:06,2017-09-13 20:53:43,2017-09-22,85.9,20.09,1,1,105.99,1,1,4.0,1.0,fa8e13c098119467f86bf2d108eaeadd,34001,nova lima,MG,9.331030092592593,17.46039351851852,0,105.99000000000001
828acc6ccec3081f5615750358c691db,8882d4731ff6a9c7c6d5680992e456f8,delivered,2017-09-04 13:02:02,2017-09-04 13:15:10,2017-09-05 14:20:05,2017-09-19 18:33:56,2017-09-25,89.99,27.17,1,1,117.16,1,2,5.0,1.0,d1ba9324baafae481cd2b6341ba5fc55,60810,fortaleza,CE,15.23048611111111,20.456921296296297,0,117.16
519a63cb3ea1d2c4b1364552eacb6b29,06da298efb6ead8ed9e9a271bcb9419c,delivered,2017-09-04 13:04:44,2017-09-04 13:15:12,2017-09-05 20:09:09,2017-09-13 19:25:59,2017-09-26,109.9,38.32,1,1,148.22,2,1,5.0,1.0,2e753a8ca566fe42ad644446fd5c7be4,74369,goiania,GO,9.264756944444445,21.455046296296295,0,148.22
826456a3605c466dec176f032fa660a9,1ed4be846471fc0c529d51f2f8274c0a,delivered,2017-09-04 13:07:41,2017-09-04 13:24:04,2017-09-05 20:13:04,2017-09-12 22:37:29,2017-09-25,1299.9,51.51,1,1,1351.41,8,1,5.0,1.0,8146bee4e40885be99560ee012659bcc,11035,santos,SP,8.395694444444445,20.452997685185185,0,1351.41
9bee2a0789ef47ce6515c171c803a285,fb28fb8b06eeedf8e25812ba5380872f,delivered,2017-09-04 13:35:55,2017-09-04 13:50:10,2017-09-06 20:04:25,2017-09-25 21:33:06,2017-09-28,169.0,26.46,1,1,195.46,3,1,4.0,1.0,bd6dc26d46e9b21a213198aa80d1fda1,63502,iguatu,CE,21.331377314814816,23.433391203703703,0,195.46
2f70d6fc23a1899fd564c990dfcf51fc,927b5dc6871a9349fe880e674f2bed6d,delivered,2017-09-04 14:01:22,2017-09-05 04:10:19,2017-09-06 21:36:53,2017-09-11 14:57:26,2017-09-15,84.94,9.41,1,1,94.35,1,1,4.0,1.0,0066b328e72fd82fd7420bf849c0e8b4,6112,osasco,SP,7.038935185185185,10.415717592592593,0,94.35
d3308b06bdecff9a1d9e67f39d0039e7,88f1f681f57a72012fea8ef1118d2b26,delivered,2017-09-04 14:23:49,2017-09-04 14:43:47,2017-09-05 17:10:21,2017-09-16 13:05:48,2017-09-25,82.9,14.33,1,1,97.23,6,1,5.0,1.0,4ecbde5c83cc9a2fa45759f7fc025923,74840,goiania,GO,11.945821759259259,20.400127314814814,0,97.23
03976e284ff273b3e5fda450030f32c1,3231b7b6490bd2824ec83d8b883442a3,delivered,2017-09-04 14:25:41,2017-09-04 14:43:50,2017-09-05 22:34:07,2017-09-12 23:54:52,2017-09-21,54.9,13.4,1,1,68.3,6,1,5.0,1.0,64afbdefcd5f2d9be011438d8c9eab79,38414,uberlandia,MG,8.395266203703704,16.398831018518518,0,68.3
d205894f6421e164996e5cc460dea4ff,71cc3bf088359c35394726b0334ec7c6,delivered,2017-09-04 14:26:44,2017-09-05 04:24:11,2017-09-06 15:26:14,2017-09-14 14:33:28,2017-09-28,180.0,14.99,1,1,194.99,1,1,5.0,1.0,aa36dbb653e613a2b3871f8660c396f3,88240,sao joao batista,SC,10.004675925925927,23.39810185185185,0,194.99
ff2ac13b0f36dffb6af9699f59b18377,c7a68b2b2775db26644d8f4e28c03604,delivered,2017-09-04 14:26:51,2017-09-04 14:35:25,2017-09-06 18:08:04,2017-09-11 19:35:42,2017-09-26,850.0,35.36,1,1,885.36,20,1,4.0,1.0,6130a170393fd77f23aad7bd7c6f5a83,9060,santo andre,SP,7.214479166666667,21.398020833333334,0,885.36
a42545a6644c3109108b573210cd4550,798a7291a7526cec80d9b76593e9d722,delivered,2017-09-04 14:28:20,2017-09-05 14:35:11,2017-09-13 00:02:46,2017-09-15 21:13:48,2017-09-15,61.9,8.27,1,1,70.17,2,1,5.0,1.0,62d922b58f60bb14c7836e5c69d4adae,12242,sao jose dos campos,SP,11.281574074074074,10.39699074074074,1,70.17
9e7752c172e3994115a2cd609a18de29,c2b15e2fdaf53bfb90b245f2ad21d94d,delivered,2017-09-04 14:28:22,2017-09-04 14:43:48,2017-09-05 20:13:05,2017-09-11 15:50:18,2017-09-22,1299.9,38.51,1,1,1338.41,8,1,5.0,1.0,420add00e535c5b9caf4e5f34c69124d,3679,sao paulo,SP,7.056898148148148,17.396967592592592,0,1338.41
f5faad333010a9fc0ecb1ac6014a842a,cfa3a48a9585c921958523e0735cf5a3,delivered,2017-09-04 14:31:32,2017-09-04 15:44:20,2017-09-08 15:28:10,2017-09-18 20:17:42,2017-10-02,59.9,17.67,1,1,77.57,7,1,5.0,1.0,7184ae297323ab27f3e39fb55dcf8d8d,74215,goiania,GO,14.240393518518518,27.394768518518518,0,77.57
bcdd7ead3db5a78858c07e491d022d21,3349e2ce76a78eb07d3d5e3eaab8e62d,delivered,2017-09-04 14:39:30,2017-09-04 14:55:19,2017-09-06 19:53:12,2017-09-09 14:53:36,2017-09-15,89.49,8.37,1,1,97.86,1,1,5.0,1.0,9379341fe9970e4e730fd4de16b0b9eb,4660,sao paulo,SP,5.009791666666667,10.389236111111112,0,97.86
b41304e99b5c1abf0181ee31c8b17146,014ea662e1cd7ed36b3c44a9539bb34a,delivered,2017-09-04 14:40:44,2017-09-04 14:55:17,2017-09-04 22:06:32,2017-09-13 20:22:33,2017-09-22,70.9,26.82,1,1,97.72,1,1,4.0,1.0,9973fd5d5b3f112fd146bd9c640e7690,22081,rio de janeiro,RJ,9.237372685185186,17.38837962962963,0,97.72
d39b6a20c700ff329d678922fe1dcefc,44b31ced7a446f3e5e6bb7f1b958765b,delivered,2017-09-04 14:44:08,2017-09-04 14:55:26,2017-09-05 15:46:44,2017-09-19 16:42:35,2017-10-02,179.9,35.06,1,1,214.96,6,1,5.0,1.0,771f822d4f288efa493c364dcbb1cebb,65930,acailandia,MA,15.082256944444444,27.38601851851852,0,214.96
85722784b64340c85ac0293f6f1cebcc,a5d1dcff78d0fed7c29d371ae3e60da3,delivered,2017-09-04 14:44:43,2017-09-04 15:55:42,2017-09-06 13:17:02,2017-09-18 22:57:42,2017-10-03,89.99,15.38,1,1,105.37,3,1,5.0,1.0,b2869304b7b5d007e152903d14237c4d,97030,santa maria,RS,14.342349537037038,28.385613425925925,0,105.36999999999999
c360d21b65fddc4ac8f8d4dabf8c946d,138e80e19b6bc2bf940a17b938a67295,delivered,2017-09-04 14:51:24,2017-09-04 15:10:11,2017-09-08 13:18:12,2017-09-19 19:33:36,2017-09-26,166.89,21.66,1,1,188.55,8,1,5.0,1.0,1015173479527a15ccb63606a74f404e,29830,nova venecia,ES,15.195972222222222,21.380972222222223,0,188.54999999999998
3d242cd631044a419d68e504892eacda,0509cd76cbe3a75f898826c212bb3b83,delivered,2017-09-04 14:53:31,2017-09-04 15:10:18,2017-09-05 19:22:29,2017-09-11 14:22:37,2017-09-21,59.9,11.92,1,1,71.82,1,1,5.0,1.0,df92bfc8c606df2f1defedbd0b60a071,6310,carapicuiba,SP,6.978541666666667,16.379502314814815,0,71.82
9df4cca73d4b09f1e153a3767cda18e6,418398a534ddffb19a62d282e8285db4,delivered,2017-09-04 15:12:27,2017-09-04 15:25:21,2017-09-11 16:12:24,2017-09-15 21:17:44,2017-09-26,24.99,15.1,1,1,40.09,1,1,5.0,1.0,b30bcdb9ae45a5a96f13d9b17826988d,37750,machado,MG,11.253668981481482,21.366354166666667,0,40.089999999999996
a4f65635b53078c1e039432eaa86e40d,4aea8a4affc83999f9dbb483f2b49bae,delivered,2017-09-04 15:16:58,2017-09-04 15:25:26,2017-09-06 22:19:38,2017-09-17 17:14:48,2017-09-25,9.9,15.1,1,1,25.0,1,1,5.0,1.0,c9c3c8853936d42eccb70e9b020b55d7,25959,teresopolis,RJ,13.081828703703703,20.363217592592594,0,25.0
0c9850b2c179c1ef60d2855e2751d1fa,3bb15be93abf3c2a684d163ba6faaa5b,delivered,2017-09-04 15:17:11,2017-09-05 15:24:16,2017-09-06 20:08:51,2017-09-18 19:43:06,2017-09-29,76.8,71.34,2,1,148.14,1,1,5.0,1.0,91ffaf5eb7f4bd6a48b07f3546fb7a99,65415,coroata,MA,14.184664351851852,24.36306712962963,0,148.14
78a4201f58af3463bdab842eea4bc801,d39c97549a412a82dacf30fe5f144cb0,delivered,2017-09-04 15:17:12,2017-09-05 15:24:13,2017-09-06 20:17:46,2017-09-20 22:24:03,2017-10-03,229.0,96.41,1,1,325.41,1,1,5.0,1.0,91ffaf5eb7f4bd6a48b07f3546fb7a99,65415,coroata,MA,16.296423611111113,28.363055555555555,0,325.40999999999997
465c108e33e2b7e6953f020140a457ba,46f6a5bae4ef97e9769697f718523353,delivered,2017-09-04 15:18:08,2017-09-05 20:55:20,2017-09-08 19:21:56,2017-09-20 15:58:18,2017-09-27,1299.9,41.55,1,1,1341.45,8,1,5.0,1.0,09a404d8a68d4ce0a92e7aa4848402ee,62600,itapaje,CE,16.027893518518518,22.362407407407407,0,1341.45
07b8c9805a09c2feacc0864c00ec244e,7caf08a38e40462c6a40a6d9bfb27e59,delivered,2017-09-04 15:27:05,2017-09-05 07:05:15,2017-09-08 12:40:16,2017-09-14 19:11:47,2017-09-21,143.54,16.63,1,1,160.17,10,1,3.0,1.0,064885492dc96820ceb922b61cf6143b,13486,limeira,SP,10.156041666666667,16.35619212962963,0,160.17
287ff4320b900d78a8b1a4f1b9cf32b4,1e4d728d3caa078c9be3fa119d15f3af,delivered,2017-09-04 15:27:58,2017-09-04 15:36:55,2017-09-05 15:10:15,2017-09-11 17:13:05,2017-09-26,349.0,18.2,1,1,367.2,8,1,5.0,1.0,b11da0c662ce37cb3df6461f01f1006a,13400,piracicaba,SP,7.072997685185185,21.355578703703703,0,367.2
aaab824b480222c061bba0fa4886308e,238b9beff3ad2663891162f617180328,delivered,2017-09-04 15:31:36,2017-09-04 16:35:09,2017-09-12 12:28:09,2017-10-03 17:48:14,2017-10-10,59.9,17.67,1,1,77.57,7,1,5.0,1.0,9c760a39c48113c1450dd5b65958d7fa,96810,santa cruz do sul,RS,29.09488425925926,35.35305555555556,0,77.57
aaba8a4672d1dc9afd30ac83b4c024f0,5cdc529a6c5a4e1608532af45ebced43,delivered,2017-09-04 15:34:41,2017-09-05 04:44:10,2017-09-08 21:04:46,2017-09-22 12:08:16,2017-09-28,98.0,38.24,1,1,136.24,1,1,4.0,1.0,a63bbb542ab783d6eeb5b453301dd07e,64235,cocal,PI,17.856655092592593,23.350914351851852,0,136.24
9d3a10d6a5aab8ca343a21580c404b69,3d52b62a0e6c8a3e9b649b070bbe291b,delivered,2017-09-04 15:38:31,2017-09-04 15:50:23,2017-09-18 20:19:55,2017-09-20 17:53:08,2017-09-26,990.0,87.41,1,1,1077.41,7,1,5.0,1.0,b849bcdedd839c253865da632ecee2e7,4336,sao paulo,SP,16.093483796296297,21.348252314814815,0,1077.41
e8861a9f094841902cf93913969fbb7f,103224917fe72e5c19889715d69865cb,delivered,2017-09-04 15:43:56,2017-09-04 15:55:39,2017-09-08 20:42:22,2017-09-18 13:57:33,2017-09-27,85.0,15.34,1,1,100.34,1,2,5.0,1.0,e8d40b1577995fcf06527c519ac56679,87015,maringa,PR,13.926122685185184,22.344490740740742,0,100.34
6fbe92e0f9d5a728e3fd2be036b5ab05,b2e007cf7c50903380e2bda1c32ec398,delivered,2017-09-04 15:51:41,2017-09-04 16:04:37,2017-09-08 21:28:46,2017-09-12 16:12:32,2017-09-15,210.0,10.28,1,1,220.28,3,1,1.0,1.0,7b33826522b69e307e436235a0a6980a,5501,sao paulo,SP,8.014479166666666,10.339108796296296,0,220.28
a21488f55d20f5d8ff41c2f3a2408cb6,bba6648207f3ea081e1dc431eabd276d,delivered,2017-09-04 16:06:01,2017-09-04 16:24:36,2017-09-08 15:06:51,2017-09-18 19:16:55,2017-09-22,32.99,14.1,1,1,47.09,1,1,1.0,1.0,1669ec988d290112f29247d4c993d343,26225,nova iguacu,RJ,14.132569444444444,17.329155092592593,0,47.09
ab7a8658101e73890405c44226932c35,6d6ebb07f1f3b14fd55086a51d049be8,delivered,2017-09-04 16:06:49,2017-09-05 21:15:22,2017-09-06 14:59:09,2017-09-22 16:25:56,2017-10-03,107.0,37.89,1,1,144.89,2,1,5.0,1.0,f48380fe44b8161edfd5d695456110f9,77960,augustinopolis,TO,18.013275462962962,28.328599537037036,0,144.89
e22decac5ed99a0335532a753f62e935,c9869e8666697b9bd971ae4910f37ce6,delivered,2017-09-04 16:13:59,2017-09-04 16:25:43,2017-09-05 17:36:38,2017-09-08 20:33:05,2017-09-21,149.9,16.68,1,1,166.58,4,1,3.0,1.0,07d38b1e8d7ffb4531908882b38f5dd6,11701,praia grande,SP,4.179930555555556,16.323622685185185,0,166.58
9460b0cf19053015adc675b188e5750b,7cc0b4bdda5ded8e2710e12b866a2cf3,delivered,2017-09-04 16:14:27,2017-09-04 16:25:40,2017-09-20 21:42:55,2017-09-26 22:32:31,2017-10-03,105.6,13.08,1,1,118.68,1,1,5.0,1.0,a2b3cc2690fc556c833f1a6564959b45,17800,adamantina,SP,22.262546296296296,28.32329861111111,0,118.67999999999999
637be788712bee0367ea76b1d2b4e702,e072f720ae44bd037c0340b5e6c2828b,delivered,2017-09-04 16:21:46,2017-09-05 16:25:40,2017-09-06 16:47:34,2017-09-13 12:29:55,2017-09-21,69.0,13.5,1,1,82.5,8,1,4.0,1.0,853a5a518d34397059782c62f427b862,17066,bauru,SP,8.838993055555555,16.318217592592593,0,82.5
325012120130bcfcd0623ac922d59c38,1691b81dee4cf5dc345369081b42954e,delivered,2017-09-04 16:23:13,2017-09-04 16:30:29,2017-09-05 20:34:59,2017-09-11 20:52:15,2017-09-22,69.9,16.74,1,1,86.64,1,1,1.0,1.0,c89980e921c4b58f1b2358b55348d174,8253,sao paulo,SP,7.1868287037037035,17.317210648148148,0,86.64
6eaacb56985c861c98501943931f48b5,666f8b232312a561691368666b90bca6,delivered,2017-09-04 16:26:31,2017-09-04 16:44:09,2017-09-14 21:21:43,2017-09-19 20:59:46,2017-09-28,150.0,14.8,1,1,164.8,1,1,5.0,1.0,9eed4537c350f113ada0b0ae6ab88ac0,13288,vinhedo,SP,15.189756944444444,23.314918981481483,0,164.8
ece3ab91bd67ba73563dd0468fc3bde2,b4111141220267ae8e763af405bc6469,delivered,2017-09-04 16:30:33,2017-09-04 16:45:36,2017-10-03 18:04:57,2017-10-19 21:43:53,2017-10-10,207.5,36.77,1,1,244.27,2,1,2.0,1.0,5d9cec5f168ee6cdd275168ed54797f7,63011,juazeiro do norte,CE,45.217592592592595,35.31211805555556,1,244.27
274a6079c2d1a10fac2e7e0154ebf4d8,21d6092db5e584e8b67f5841c6157289,delivered,2017-09-04 16:34:24,2017-09-04 16:45:35,2017-09-05 20:09:32,2017-09-13 15:55:56,2017-09-29,100.0,16.46,1,1,116.46,1,1,5.0,1.0,930a6f300d6ce2fe2e5e7b73d13642b6,39480,januaria,MG,8.973287037037037,24.309444444444445,0,116.46000000000001
1ce85b529629489a217458d96a9ac0af,d93b2f43c04f810666546ee56c4443f0,delivered,2017-09-04 16:34:58,2017-09-05 04:15:40,2017-09-05 21:12:08,2017-09-18 12:52:21,2017-09-22,44.99,17.6,1,1,62.59,1,1,4.0,1.0,27baa332b26e4ed2bad957ae99ec7520,20541,rio de janeiro,RJ,13.845405092592593,17.309050925925927,0,62.59
9da99352a27f7bbe1fdbc9b036749172,4a5e97c2daed37ddfb41657123120899,delivered,2017-09-04 16:39:25,2017-09-04 17:15:22,2017-09-05 20:37:45,2017-09-20 19:48:54,2017-09-26,109.99,57.44,1,1,167.43,1,1,5.0,1.0,6a56e8e6c20175d122a962a5e5dfcf5e,87720,paranavai,PR,16.13158564814815,21.305960648148147,0,167.43
ca912a872db02043825792fbae103921,86babf05fcecf5b9c1f1d6a9c42b49f6,delivered,2017-09-04 16:39:26,2017-09-04 17:15:22,2017-09-05 19:55:52,2017-09-12 17:13:42,2017-09-28,119.9,16.6,1,1,136.5,1,1,5.0,1.0,6a56e8e6c20175d122a962a5e5dfcf5e,87720,paranavai,PR,8.023796296296297,23.305949074074075,0,136.5
7f323198e815792fca0a3a19277e0bd6,c4d6a7f1826d3a1cd903387966764d2a,delivered,2017-09-04 16:48:28,2017-09-04 17:04:22,2017-09-11 23:26:35,2017-09-13 17:17:25,2017-09-15,175.9,10.65,1,1,186.55,1,1,4.0,1.0,25affca928e204c53cd4dedb58c6fa34,4372,sao paulo,SP,9.020104166666666,10.299675925925927,0,186.55
03d409e5b5b19ae88c43b41b503fdc5f,f1a3c6f8513df212602449fa07d582fa,delivered,2017-09-04 16:49:14,2017-09-06 02:55:29,2017-09-06 18:34:00,2017-09-08 17:36:46,2017-09-18,23.9,9.34,1,1,33.24,1,1,5.0,1.0,c15854d47adb3113dc35ae6559d4c57d,12900,braganca paulista,SP,4.033009259259259,13.299143518518518,0,33.239999999999995
8e70656d83092cc6ec2edf7f81646c03,867b09e163b60ee7c3b74c047ec826ca,delivered,2017-09-04 16:52:19,2017-09-06 02:45:43,2017-09-06 21:37:57,2017-09-18 15:49:52,2017-10-03,899.0,21.04,1,1,920.04,1,1,5.0,1.0,500ad632fac6a5120312e669a101d84b,96270,mostardas,RS,13.956631944444444,28.297002314814815,0,920.04
4abace28e7ad35184649078401530a5c,db98acbd759fed659a06d03ecd36cd26,delivered,2017-09-04 17:11:04,2017-09-04 17:24:02,2017-09-11 21:14:28,2017-09-18 19:07:42,2017-09-21,119.9,12.34,1,1,132.24,10,1,5.0,1.0,76c4953e8540270ef3b4ad81340f7e3f,3319,sao paulo,SP,14.08099537037037,16.283981481481483,0,132.24
d04e2331c1a87bfcf53605399f6445bc,d48650fa178f65c895446180e44fa3a7,delivered,2017-09-04 17:11:13,2017-09-04 17:24:03,2017-09-06 17:54:59,2017-09-08 21:53:34,2017-09-15,101.80000000000001,15.559999999999999,2,1,117.36,4,1,5.0,1.0,6b88451897a1732390441060cbb92f0a,13092,campinas,SP,4.196076388888889,10.283877314814815,0,117.36000000000001
6047b3a832a41b60705327fcd2644679,6941bac1a71978b2d64de3e966331582,delivered,2017-09-04 17:11:32,2017-09-06 03:04:29,2017-09-11 15:59:49,2017-09-18 16:36:59,2017-09-22,53.9,17.63,1,1,71.53,1,1,4.0,1.0,ee2b763c56ab856bee0314f113462791,31140,belo horizonte,MG,13.976006944444444,17.283657407407407,0,71.53
d339c9a9c019e5beaf1cafb6cf77a23c,d47938597c090244539476d45ba3c238,delivered,2017-09-04 17:56:16,2017-09-06 02:45:10,2017-09-11 20:54:36,2017-09-14 18:27:22,2017-09-21,68.45,11.98,1,1,80.43,1,1,2.0,1.0,4bc0f4ad75a4b0e3284d0788d8fa18da,9334,maua,SP,10.021597222222223,16.252592592592592,0,80.43
7b7e3ed4365b8e1e3f9ad98617b4b64f,4b8e43dd853460f32875d71e31d949ec,delivered,2017-09-04 18:07:35,2017-09-04 18:24:03,2017-09-06 20:48:32,2017-09-20 12:10:48,2017-09-27,299.0,47.39,1,1,346.39,5,1,5.0,1.0,0e06af8004ffd01a3461e768f9f659aa,79390,bodoquena,MS,15.752233796296297,22.244733796296295,0,346.39
430bd310105f069ac72ef7758f40299b,815e5251945f96c68c05d5c3500ab291,delivered,2017-09-04 18:09:28,2017-09-04 18:24:00,2017-09-05 21:34:13,2017-09-12 19:02:48,2017-09-26,299.99,17.86,1,1,317.85,6,1,1.0,1.0,432ee7edf0be5950fe2bc6409d3af9b7,13236,campo limpo paulista,SP,8.037037037037036,21.243425925925926,0,317.85
849463e6f473ab9f22655e71ed57b5e8,a6e1b2ca16f6fdb0eb443988df862f74,delivered,2017-09-04 18:13:42,2017-09-05 21:55:15,2017-09-08 19:45:38,2017-09-20 20:58:53,2017-10-03,79.9,20.96,1,1,100.86,2,1,3.0,1.0,45988f46a433bc4a9b227923d7c0efdd,53635,igarassu,PE,16.114710648148147,28.24048611111111,0,100.86000000000001
6cbe792e9ab88ffb6579d0b28088a988,961a23e97556fd80b1cad9d03d6fb0b1,delivered,2017-09-04 18:46:38,2017-09-04 19:15:14,2017-09-06 13:34:11,2017-09-11 22:24:33,2017-09-26,23.99,14.1,1,1,38.09,1,1,3.0,2.0,fda3a3eb3370c1295a4fc3f6cd3d7604,20220,rio de janeiro,RJ,7.151331018518518,21.21761574074074,0,38.089999999999996
7139a3b215ea730e2db624cc99820578,5258ddb267b5d4cd0ebb504ebc69b804,delivered,2017-09-04 18:46:38,2017-09-04 19:15:15,2017-09-06 13:17:04,2017-09-12 18:23:10,2017-09-22,58.99,16.66,1,1,75.65,1,1,3.0,2.0,fda3a3eb3370c1295a4fc3f6cd3d7604,20220,rio de janeiro,RJ,7.9837037037037035,17.21761574074074,0,75.65
1fc5c0bd6efc980c66dac929f708ab00,9908bb812211943141a3d2787e8106cf,delivered,2017-09-04 18:49:57,2017-09-04 19:50:43,2017-09-05 12:18:40,2017-09-13 19:06:45,2017-09-26,139.99,16.74,1,1,156.73,10,1,4.0,1.0,8f2c6409ef5f2bf5045837dc739e8db0,37800,guaxupe,MG,9.011666666666667,21.2153125,0,156.73000000000002
9d5435f6ba9bb1a52b6d0964139a3235,949aca9096947f634b8f38889799daf9,delivered,2017-09-04 18:53:08,2017-09-04 19:04:27,2017-09-06 23:17:35,2017-09-17 19:22:41,2017-09-26,98.0,17.94,1,1,115.94,3,1,4.0,1.0,c186634ef96ae01ab3d00ff22ab96fb9,75113,anapolis,GO,13.020520833333334,21.213101851851853,0,115.94
574a5f31f28e74854179a095e600e96c,914cbf733559144aaba5e8bf27d61001,delivered,2017-09-04 18:55:37,2017-09-05 04:44:38,2017-09-06 19:27:30,2017-09-11 23:03:00,2017-09-27,15.0,14.1,1,1,29.1,1,1,4.0,1.0,b082e14f2883a43b782eed33ace55661,25926,mage,RJ,7.171793981481481,22.211377314814815,0,29.1
88111d2aacb94d5ba269e178f1994a2c,b2225b1aacd965ca328695647276ade4,delivered,2017-09-04 18:58:03,2017-09-04 19:10:11,2017-09-08 20:51:35,2017-09-13 23:12:00,2017-09-26,29.35,12.69,1,1,42.04,1,1,5.0,1.0,8b31f4c6fef5d63eae39ff3928b36d1b,17400,garca,SP,9.176354166666666,21.2096875,0,42.04
93efaadf3bc94491cc008b6b4dd13b37,75f8500dddabe2f8ece6b93cfd75c4b0,delivered,2017-09-04 18:58:14,2017-09-04 19:10:13,2017-09-06 21:59:58,2017-09-15 12:19:57,2017-09-28,348.0,33.32,2,1,381.32,3,1,5.0,1.0,40b6c3ee38eb6409178eacffd8b99021,29047,vitoria,ES,10.723414351851853,23.209560185185186,0,381.32
c465b4dc1929898adffb867fb70fbadd,2f2ece3064897201806746d7d40eb1a5,delivered,2017-09-04 18:58:47,2017-09-04 19:15:15,2017-09-06 17:54:58,2017-09-11 19:56:41,2017-09-15,114.80000000000001,15.56,2,1,130.36,1,1,5.0,1.0,d7e306d63be84c9bd5cecf2f851d3c19,12223,sao jose dos campos,SP,7.040208333333333,10.20917824074074,0,130.36
881dbb4e5e7c4118f6958b3ef811ffe4,6d4479750803f07d57b65c8cf84d24eb,delivered,2017-09-04 19:01:18,2017-09-04 19:15:11,2017-09-05 16:05:53,2017-09-14 19:56:54,2017-09-25,59.9,17.67,1,1,77.57,7,1,5.0,1.0,bf70d74dbcba687e9cc3e0091c287002,88060,florianopolis,SC,10.038611111111111,20.207430555555554,0,77.57
1d37e36d44b7056e8d613a4214c9765b,995a8d3ce0c9af3522916bd31f4305d7,delivered,2017-09-04 19:01:29,2017-09-06 03:04:28,2017-09-06 17:19:41,2017-09-12 21:32:59,2017-09-26,89.0,15.37,1,1,104.37,1,1,5.0,1.0,32fac75226dbbce057b8a9f2a1b1997b,37925,piumhii,MG,8.105208333333334,21.207303240740742,0,104.37
d45ccf00bbb028620024ed708518f15a,07758f1bf119e252473eb668448c656f,delivered,2017-09-04 19:04:37,2017-09-05 04:30:59,2017-09-05 20:39:47,2017-09-14 19:43:33,2017-09-22,59.9,25.26,1,1,85.16,1,1,5.0,1.0,d8e4bf349af9df104faeef494ad2c6de,11410,guaruja,SP,10.027037037037037,17.205127314814813,0,85.16
46b39d2dce11278e24c0f17526d0f21c,658480d2a0e358f9e6961b670102f640,delivered,2017-09-04 19:06:29,2017-09-04 19:24:04,2017-09-11 18:40:50,2017-09-14 15:57:42,2017-09-22,39.0,11.85,1,1,50.85,1,1,5.0,1.0,96f3f9787cf8926f30d8d512183809ac,3591,sao paulo,SP,9.868900462962962,17.203831018518517,0,50.85
d5ffe90efc926eb06d91f74d75dc28d3,637d0dee99f2be0a797c3d25c03bf7bd,delivered,2017-09-04 19:19:37,2017-09-04 19:30:19,2017-09-06 13:17:04,2017-09-19 15:54:38,2017-10-02,56.99,15.15,1,1,72.14,4,1,5.0,1.0,dc4a7cec043a824ca023222f91bb2fbc,89900,sao miguel do oeste,SC,14.857650462962964,27.19471064814815,0,72.14
11e77f7b110e8b496d03132d9f94129f,34fb6a1c5ebda662a0086d7e72126e7c,delivered,2017-09-04 19:22:02,2017-09-05 19:25:15,2017-09-06 18:07:51,2017-09-15 19:25:45,2017-09-28,69.9,34.29,1,1,104.19,10,1,5.0,1.0,21258435c50de43b81244bb428b061d0,64806,floriano,PI,11.00258101851852,23.193032407407408,0,104.19
c2dccf148a1561c27d90870e67e507ca,3b92ef3cb3cb54cc1e20bf7f23c6027c,delivered,2017-09-04 19:27:44,2017-09-04 19:35:14,2017-09-08 16:38:08,2017-09-19 18:08:26,2017-09-25,109.9,18.02,1,1,127.92,8,1,,,5d2da9cc2b6e9a3091833386fccad629,28055,campos dos goytacazes,RJ,14.944930555555555,20.189074074074075,0,127.92
b8dee041f5693cc5bd0984155f847890,8d19b3ca44ba7b432f3d215b9ef8a2ff,delivered,2017-09-04 19:32:30,2017-09-04 19:45:16,2017-09-06 13:21:20,2017-09-13 21:22:16,2017-10-02,50.0,17.6,1,1,67.6,3,1,5.0,1.0,8a1378356648ca2112596ec60384c0b8,98005,cruz alta,RS,9.076226851851851,27.18576388888889,0,67.6
091a28ca837aa39b709aa41c0ca3d24a,3c23abb98d078da4a47ba5558833d7c1,delivered,2017-09-04 19:37:37,2017-09-06 02:55:30,2017-09-06 22:32:40,2017-09-16 17:03:18,2017-09-29,79.0,30.08,1,1,109.08,1,1,5.0,1.0,4516621be54e8989cdb0469dad5e70c7,57035,maceio,AL,11.892835648148148,24.18221064814815,0,109.08
4ae185f9012953118f9adcf6817a21bc,21d1c2c0b399a42369744faf573109f4,delivered,2017-09-04 20:10:25,2017-09-05 04:24:46,2017-09-05 19:17:36,2017-09-09 17:22:04,2017-09-18,72.8,9.27,1,1,82.07,1,1,5.0,1.0,e984a97604a2b9159b22b57d5f7a8d38,13451,santa barbara d'oeste,SP,4.883090277777778,13.15943287037037,0,82.07
24b41566e32a4a737536859707517572,1935a24e84786e81a8f932f18ce7af50,delivered,2017-09-04 20:29:33,2017-09-06 02:50:24,2017-09-06 18:10:05,2017-09-11 20:54:45,2017-09-26,69.9,16.25,1,1,86.15,1,1,5.0,1.0,709e328364b86dde5b6ce4eaea0bd8f3,20550,rio de janeiro,RJ,7.0175,21.146145833333332,0,86.15
c3f5808c83edb107f1358fa1477bff2d,4505f2b01f5c3e8145e328bacf257061,delivered,2017-09-04 20:31:08,2017-09-05 04:36:09,2017-09-06 22:06:58,2017-09-14 21:53:05,2017-09-22,348.0,37.0,2,1,385.0,1,1,4.0,1.0,6350c35440e9a7a4700639848ffaeec6,23080,rio de janeiro,RJ,10.056909722222223,17.145046296296297,0,385.0
a72d1276fd9d74c154120c3a11eba771,a48e3b3a54d466e47d74b1820b3d4832,delivered,2017-09-04 20:37:42,2017-09-06 02:50:17,2017-09-06 18:20:06,2017-09-14 17:04:53,2017-09-26,50.5,25.19,1,1,75.69,1,1,5.0,1.0,217b511d44de15b478616b93f9d7028f,39735,divinolandia de minas,MG,9.852210648148148,21.140486111111112,0,75.69
170dcd772ea4f51c3a859f9beef5d297,49173fd28a263996bc1d69b301aad528,delivered,2017-09-04 20:39:06,2017-09-06 15:55:16,2017-09-11 19:38:52,2017-09-18 20:44:28,2017-09-26,189.9,22.17,1,1,212.07,1,2,2.0,1.0,0f706c0bd2502557acaa2f94d01a0d23,74905,aparecida de goiania,GO,14.003726851851852,21.13951388888889,0,212.07
6ef34c0fc67f8eb9f2fee84357c1ae39,647f99eb0007e6db23fa6ad97b03b1db,delivered,2017-09-04 20:39:09,2017-09-06 03:04:22,2017-09-13 19:39:55,2017-09-28 15:52:32,2017-10-03,74.9,215.43,1,1,290.33,1,1,5.0,1.0,237d81d316c9afc1b1476200408455d8,58155,soledade,PB,23.80096064814815,28.139479166666668,0,290.33000000000004
3d6639fefdeff87974b80dc3da00bbec,4b5024c158d2e12d3868baa977c6f181,delivered,2017-09-04 20:41:08,2017-09-04 20:50:18,2017-09-05 19:08:02,2017-09-13 14:02:55,2017-09-21,499.70000000000005,47.769999999999996,3,1,547.47,3,1,3.0,1.0,901fc316e36bffad4b5d8f4598168f73,8142,sao paulo,SP,8.723460648148148,16.13810185185185,0,547.47
ab1197da15cbff2ec70e2d58824ebaf9,ce5ffe8a8840252e27f3e8d915bb52ab,delivered,2017-09-04 20:42:09,2017-09-04 20:55:17,2017-09-05 15:07:09,2017-09-13 15:42:33,2017-09-22,59.9,15.17,1,1,75.07,6,1,4.0,1.0,bdcedf5204dfdd6fdf061f18affecab0,1533,sao paulo,SP,8.791944444444445,17.137395833333333,0,75.07
afa75f5067298240b2038958cf0010d4,0d51b66355960ac7993febfc3755e876,delivered,2017-09-04 20:44:36,2017-09-05 20:50:16,2017-09-06 19:33:21,2017-09-18 12:20:33,2017-10-02,325.0,18.71,1,1,343.71,6,1,4.0,1.0,d7a05555bb294263a5f7b8ba6bae2ff4,48140,pedrao,BA,13.649965277777778,27.135694444444443,0,343.71
a6cf71d9fd08019c865e09285ef911b8,8aaaa1297f97f4de055de7a6c34be730,delivered,2017-09-04 20:58:29,2017-09-04 21:05:36,2017-09-05 19:47:06,2017-09-14 22:06:28,2017-09-26,210.0,18.72,1,1,228.72,10,1,5.0,1.0,09b694b37235ce432f1586f6e10426a2,35900,itabira,MG,10.047210648148148,21.12605324074074,0,228.72
aabe1992dfd41572e06cf1df1459516a,0118758814dbb115d346a1e8efa705e9,delivered,2017-09-04 21:03:17,2017-09-05 04:24:42,2017-09-05 18:00:10,2017-09-11 12:56:24,2017-09-27,29.93,15.1,1,1,45.03,1,1,5.0,1.0,7b0ee136df77a05cdd20574b3c22dfdb,8715,mogi das cruzes,SP,6.6618865740740745,22.122719907407408,0,45.03
fc956251c8eb3a139e862178fe18b68d,58c169c6200ab071e176185fc7c8e8dc,delivered,2017-09-04 21:08:05,2017-09-04 21:24:07,2017-09-08 18:32:26,2017-09-18 18:23:44,2017-09-27,25.9,15.1,1,1,41.0,1,1,5.0,1.0,535a1647faf34fa079075dcdf6c30b3e,15230,adolfo,SP,13.885868055555555,22.119386574074074,0,41.0
4fb59cc4950521f470473ef761b30d7e,e2eed9d273e12f782167ef6b5a5a1bce,delivered,2017-09-04 21:09:04,2017-09-04 21:24:08,2017-09-18 21:58:43,2017-09-26 20:13:40,2017-10-03,189.9,18.58,1,1,208.48,4,1,5.0,1.0,95503ba2ecf3a1e14d68c6599601b9ab,73080,brasilia,DF,21.96152777777778,28.118703703703705,0,208.48000000000002
7852c8ab608aef3bef7d6521357dd67d,d3a7c4a756384c101585cd13190a00b4,delivered,2017-09-04 21:13:36,2017-09-04 21:25:13,2017-09-08 17:35:58,2017-09-14 16:51:51,2017-09-21,179.9,12.76,1,1,192.66,5,1,5.0,1.0,6d06583742c138d70b952a6f5f4fd62c,11618,sao sebastiao,SP,9.818229166666667,16.115555555555556,0,192.66
f8268f009c38528d7c7840a5d46ef8ca,0c32394f859ee81240ce97610eb2b6af,delivered,2017-09-04 21:37:42,2017-09-06 06:35:13,2017-09-06 20:10:11,2017-10-02 18:13:31,2017-09-25,150.0,16.81,1,1,166.81,2,1,2.0,1.0,929f9299271c7c31c370be4cd8e8675d,74120,goiania,GO,27.85820601851852,20.098819444444445,1,166.81
758bed4c2450a7378b75ad480da89662,ed9315449fb7309a249c80b1da794775,delivered,2017-09-04 21:48:50,2017-09-04 22:04:15,2017-09-06 16:58:06,2017-09-08 21:17:45,2017-09-15,719.0,13.85,1,1,732.85,8,1,5.0,1.0,ee3adea169ca02ca9bd1e80bc620856e,9950,diadema,SP,3.978414351851852,10.091087962962963,0,732.85
dba6fefb7f441ba6ec433320366d3037,4aeef35c6b3f3b54344ad40faeb4b656,delivered,2017-09-04 21:51:42,2017-09-04 22:04:14,2017-09-05 15:57:42,2017-09-13 15:36:12,2017-09-28,169.9,31.94,1,1,201.84,6,1,5.0,1.0,e5adb3ff7163c1db417051fa65fbc050,25635,petropolis,RJ,8.739236111111111,23.08909722222222,0,201.84
02725851051698269253f0823e7824b6,24b77bdd27f5e6aea7149886b72286ec,delivered,2017-09-04 21:54:22,2017-09-04 22:05:43,2017-09-05 18:34:19,2017-09-08 15:26:30,2017-09-15,18.9,7.78,1,1,26.68,1,2,5.0,1.0,448f663622338f4cb25c75f16aa9ef95,6122,osasco,SP,3.730648148148148,10.08724537037037,0,26.68
cb0cb26c017d2cfb4e9ed39cd6ee9fa2,d9f56101970c3a221469e5fc2f270c34,delivered,2017-09-04 21:58:15,2017-09-04 22:05:43,2017-09-06 19:54:57,2017-09-18 18:21:44,2017-09-28,325.0,27.55,1,1,352.55,10,1,5.0,1.0,7b4afa124e770b0423ba553b1a51a72c,63220,caririacu,CE,13.849641203703703,23.08454861111111,0,352.55
3495e966748a04cd5d7f4537a57fa3ef,227d70f3020b7eda1573401a7d5e1aff,delivered,2017-09-04 22:02:17,2017-09-04 22:15:15,2017-09-14 22:45:43,2017-09-20 23:27:54,2017-09-26,84.9,21.43,1,1,106.33,4,1,5.0,1.0,b7d98138215724154880889b1764169d,32285,contagem,MG,16.059456018518517,21.081747685185185,0,106.33000000000001
2823892eb5b11e8006c23b01b51ea5e9,39b51dbcbd569ae76c53c51b8d806070,delivered,2017-09-04 22:08:32,2017-09-04 22:23:54,2017-09-05 20:37:44,2017-09-08 18:49:02,2017-09-15,109.99,27.21,1,1,137.2,6,1,5.0,1.0,76f759531482b3f7a9be525fce21d994,9020,santo andre,SP,3.861458333333333,10.077407407407408,0,137.2
28c82a8f08d843332818f4f2673e0128,f8897ca2b66630b4d587f8daab079c08,delivered,2017-09-04 22:09:17,2017-09-04 22:23:55,2017-09-08 17:35:59,2017-09-26 18:22:53,2017-09-27,179.9,16.01,1,1,195.91,10,1,5.0,1.0,d6f2b57f71496bbe267ebc2b437c661f,24220,niteroi,RJ,21.842777777777776,22.076886574074074,0,195.91
e1458d8518d1632318cd88ead53c633a,e3e730f17d35e6e0e2595e5cfbee89eb,delivered,2017-09-04 22:12:46,2017-09-06 06:50:18,2017-09-06 20:52:28,2017-09-19 17:20:14,2017-09-28,45.9,16.11,1,1,62.01,6,1,4.0,1.0,6def6279405b2573584bc4feb32ea6b4,12800,queluz,SP,14.796851851851851,23.074467592592594,0,62.01
f8853e328e43ca676354e48e5b70543b,c769ac7a0fe2aaefe3ea85249f0aee54,delivered,2017-09-04 22:15:44,2017-09-04 22:25:20,2017-09-05 19:13:54,2017-09-18 21:27:45,2017-09-28,69.0,35.8,1,1,104.8,3,1,5.0,1.0,be87b406047b972c87040be151cb5ec7,49480,simao dias,SE,13.966678240740741,23.072407407407407,0,104.8
995392413cee61cc1fcec9807870ea8c,4bf24904ec428325abad2791fcca1aff,delivered,2017-09-04 22:24:05,2017-09-04 22:43:54,2017-09-13 17:20:04,2017-09-22 21:09:32,2017-09-27,129.9,13.93,1,1,143.83,3,1,4.0,1.0,c95aaeaa550e5dbd7a4386337ddba614,2846,sao paulo,SP,17.948229166666668,22.066608796296297,0,143.83
036dd381dfb3ec75e0a63e14828cc871,00f5116a953fdf1b86dd0deb055c0e12,delivered,2017-09-04 22:25:24,2017-09-04 22:43:55,2017-09-05 20:49:41,2017-09-13 20:36:57,2017-09-27,55.0,14.14,1,1,69.14,3,1,5.0,1.0,9f268d26a5ab9839702b621fbcda4f5f,26325,queimados,RJ,8.9246875,22.065694444444443,0,69.14
e0409d7f1bbf560cbc2472a046339c3c,b57ede159d0a0ad4aee357d0219ddaca,delivered,2017-09-04 22:43:35,2017-09-04 22:55:13,2017-09-12 17:11:55,2017-09-20 19:38:53,2017-09-28,119.9,18.09,1,1,137.99,8,1,4.0,1.0,bd41f257dca6559e9c40e9eda9b19308,35560,santo antonio do monte,MG,15.871736111111112,23.05306712962963,0,137.99
bdabc74894435691ce6c9987a61b3d55,3919e68e67f1f09742535d65295914c5,delivered,2017-09-04 22:47:46,2017-09-04 23:04:00,2017-09-12 01:03:52,2017-09-13 18:55:04,2017-09-21,79.94,15.31,1,1,95.25,3,1,5.0,1.0,8b85fbfc61fdc81ecbb2dc8eed68161d,12319,jacarei,SP,8.838402777777778,16.050162037037037,0,95.25
97bbec866dd969e84e907130cbb2fac9,0d367d7f8df89442fd5fe0e74d3e26d7,delivered,2017-09-04 22:51:48,2017-09-04 23:03:59,2017-09-06 21:33:44,2017-09-21 17:28:08,2017-09-27,194.9,36.72,1,1,231.62,2,1,2.0,1.0,7034ccc891e626676e0dfcde0991d25f,65055,sao luis,MA,16.77523148148148,22.047361111111112,0,231.62
ccfc23e8a089afcb9b3e98ad1eadb5fc,7517dfb47f94b65d6cfd8b50ee0eaaa4,delivered,2017-09-04 22:55:23,2017-09-04 23:10:09,2017-09-06 22:12:50,2017-09-18 18:43:01,2017-09-27,209.0,23.78,1,1,232.78,2,1,4.0,1.0,b730eabb322872fdfd917db9e61dbae4,13145,paulinia,SP,13.82474537037037,22.044872685185187,0,232.78
e7859e16ed08be3d7231bcb239b8903e,806124508bfecea36a0b8028dfc1ac57,delivered,2017-09-04 22:58:59,2017-09-04 23:10:10,2017-09-05 16:53:40,2017-09-14 19:52:30,2017-09-28,129.99,17.35,1,1,147.34,7,1,3.0,1.0,e9e397b0ddb9ad8cea2b09ee3b4ec539,78700,rondonopolis,MT,9.870497685185185,23.042372685185185,0,147.34
331b367bdd766f3d1cf518777317b5d9,576230a5830c1bebb06d2ee474e79555,delivered,2017-09-04 23:02:26,2017-09-04 23:15:15,2017-09-05 21:53:48,2017-09-14 20:22:47,2017-10-02,229.0,54.2,1,1,283.2,10,1,1.0,1.0,4c45ebf94ecf4107850d91bc326851c3,88400,ituporanga,SC,9.889131944444445,27.03997685185185,0,283.2
5bf226cf882c5bf4247f89a97c86f273,573f39624e482d14affea43eb0588fcb,delivered,2017-09-04 23:02:26,2017-09-04 23:15:14,2017-09-05 21:53:48,2017-09-08 19:31:52,2017-09-27,230.0,16.36,1,1,246.36,10,1,1.0,1.0,4c45ebf94ecf4107850d91bc326851c3,88400,ituporanga,SC,3.8537731481481483,22.03997685185185,0,246.36
c4424d72047fd2f2046fb0ebc5ae246b,869fd63d218533821c02e7eb6efb1165,delivered,2017-09-04 23:23:25,2017-09-06 02:50:36,2017-09-12 21:48:52,2017-10-02 18:43:58,2017-10-06,59.9,28.82,1,1,88.72,1,1,3.0,1.0,05b5bf96be35948171c3ddbf97c7536b,52061,recife,PE,27.8059375,31.025405092592592,0,88.72
1b506ab4d2fae3d70d95f8d0a4d8d094,366dc85996a888a01cd43864949768c2,delivered,2017-09-04 23:35:15,2017-09-04 23:45:12,2017-09-08 17:35:59,2017-10-10 20:52:36,2017-09-26,179.9,16.01,1,1,195.91,8,1,1.0,1.0,7a46c5d10e6ee23ec37fe81eeb79b6a9,23075,rio de janeiro,RJ,35.88704861111111,21.0171875,1,195.91
610b5a11b3a0ccf7d86f6ca1ca59ba4f,96a3b4954fb2578bdc8544628f3e3e9a,delivered,2017-09-04 23:41:33,2017-09-04 23:50:18,2017-09-08 15:28:05,2017-09-12 15:59:41,2017-09-28,59.9,13.44,1,1,73.34,1,1,4.0,1.0,9ba8e489ac0a013927b63181523c519e,9751,sao bernardo do campo,SP,7.6792592592592595,23.0128125,0,73.34
c4fcb1aaed780b8c213652b55617ce14,3fca3da78bc98eb6566ce7daa59acfa3,delivered,2017-09-04 23:53:19,2017-09-05 00:03:31,2017-09-05 20:20:05,2017-09-13 20:24:59,2017-10-03,339.9,18.14,1,1,358.04,8,1,5.0,1.0,d16a63aa915fab4be7e1702ccaeabcbd,95555,capao da canoa,RS,8.855324074074074,28.004641203703702,0,358.03999999999996
7ef3b5a97b46c5f804765c88b291d34a,f2850255763a41d2ace008ee8c066411,delivered,2017-09-04 23:57:01,2017-09-05 00:10:10,2017-09-06 20:23:04,2017-09-08 13:36:54,2017-09-15,59.9,11.73,1,1,71.63,7,1,5.0,1.0,b7de6c9f695cb25fa5b26ccafd65c3df,1035,sao paulo,SP,3.569363425925926,10.002071759259259,0,71.63
392240bf6b91914830b77ae8572cc0b7,af90eb9009c119e7d3349fdf659a91b1,delivered,2017-09-05 00:40:31,2017-09-05 00:50:14,2017-09-05 21:53:43,2017-09-19 19:53:04,2017-09-28,173.34,50.519999999999996,3,1,223.86,2,1,1.0,1.0,6e7dba8fa5766b32a48cb7783a84924f,45651,ilheus,BA,14.800381944444444,22.971863425925925,0,223.86
064895b0b58ab3f84d9d3b0a2b800205,028f1d106a98669a1c0caaf5866f31ec,delivered,2017-09-05 01:11:20,2017-09-07 02:44:10,2017-09-08 21:53:32,2017-09-14 20:35:49,2017-09-27,59.99,16.18,1,1,76.17,1,1,4.0,1.0,df73591a78407ad9b5bf4668ae075aed,86010,londrina,PR,9.808668981481482,21.950462962962963,0,76.17
8563f78b69f236731470e13b90fde454,43a1a6c14b2bafafcce0a36fc24e99f7,delivered,2017-09-05 02:19:25,2017-09-06 02:25:16,2017-09-06 19:48:41,2017-09-12 18:12:26,2017-09-27,206.0,49.97,1,1,255.96999999999997,10,1,5.0,1.0,b6d03ac2dde2c0eef9eefb0f46162b3d,38200,frutal,MG,7.66181712962963,21.90318287037037,0,255.97
036ea72a17833a6fbbcd3e4df8250292,c805f98a53f91cc2794ca2402fde6cd4,delivered,2017-09-05 06:12:11,2017-09-05 06:24:16,2017-09-13 18:53:36,2017-09-25 20:03:20,2017-09-28,69.9,15.24,1,1,85.14,1,1,1.0,1.0,06caeb75009153db427a6098d7974115,84268,telemaco borba,PR,20.5771875,22.741539351851852,0,85.14
e77eb7578799cc588feca0f6cf56a49e,266248a1e531cf473b1efdc0b642cd55,delivered,2017-09-05 07:39:03,2017-09-05 07:50:24,2017-09-05 21:24:11,2017-09-06 13:15:40,2017-09-18,10.0,7.78,1,1,17.78,1,1,5.0,1.0,055a6d8515c1b5dbc065a03770ae504b,3051,sao paulo,SP,1.2337615740740742,12.681215277777778,0,17.78
23e0d3cb5d2016d74c1d38af47f89fc5,73f2d4ed0762ef9233b1f625bf39d70b,delivered,2017-09-05 07:48:46,2017-09-05 08:03:49,2017-09-05 18:44:00,2017-09-12 21:11:39,2017-10-03,59.9,17.99,1,1,77.89,5,1,5.0,1.0,97075424b3f4e8e676810323d13c7ea3,35430,ponte nova,MG,7.5575578703703705,27.674467592592592,0,77.89
a17bcc333f4e645ec9c31d9b75d1ed89,6cd8ae3b1c2b8cd4dcdf241db7ada313,delivered,2017-09-05 07:49:42,2017-09-06 02:50:25,2017-09-14 20:14:48,2017-09-20 16:56:10,2017-09-22,19.9,11.85,1,1,31.75,1,1,3.0,1.0,0f7ab52ce0a8027225ba22227af7c323,14200,sao simao,SP,15.37949074074074,16.673819444444444,0,31.75
38da3029219c1f40f3eaaae897430c3f,02565e515373d4e26cf406ab3fa5ed0b,delivered,2017-09-05 07:54:09,2017-09-06 03:03:58,2017-09-13 17:13:04,2017-09-19 20:33:06,2017-09-27,139.9,18.23,1,1,158.13,1,1,5.0,1.0,728a6d33a49056c796fc4fc0481bf871,13347,indaiatuba,SP,14.52704861111111,21.670729166666668,0,158.13
fee62e6f13b8b6d7d343319f224376ff,d75428d51d90d21128003ff0e62a878e,delivered,2017-09-05 07:56:44,2017-09-06 02:45:33,2017-09-11 16:13:32,2017-09-20 20:19:01,2017-09-28,18.49,15.1,1,1,33.59,1,1,4.0,1.0,f8be1ae4c179657645b4bf364865e14c,75790,urutai,GO,15.515474537037036,22.668935185185184,0,33.589999999999996
84f721afdc3f131a097e0b9627de1d71,32434d191e4705613fb94c15626989e0,delivered,2017-09-05 08:03:15,2017-09-06 03:04:04,2017-09-13 22:07:36,2017-09-19 21:25:59,2017-10-16,149.99,18.62,1,1,168.61,1,1,4.0,1.0,746a7ba2ae2ac67cebd0ea69b4dd731c,24930,marica,RJ,14.557453703703704,40.664409722222224,0,168.61
2a4a61e33c241879042d95af560f9bd0,504063576a460d7b4bd02f849e785757,delivered,2017-09-05 08:05:20,2017-09-07 02:56:13,2017-09-18 20:42:23,2017-09-25 23:21:54,2017-09-25,29.9,15.11,1,1,45.01,1,1,4.0,1.0,ca9c872ff351c13170799947cc11c044,6804,embu das artes,SP,20.63650462962963,19.66296296296296,1,45.01
1b7efcda93ef629e74df8b1fcd2b1f92,7f325bbd4217f2000e4849f386371550,delivered,2017-09-05 08:13:17,2017-09-05 08:25:12,2017-09-05 22:07:47,2017-09-15 18:22:22,2017-10-02,106.80000000000001,36.59,2,2,143.39,3,1,1.0,1.0,74c96c31328cf7c44203fa3308421aef,45820,eunapolis,BA,10.422974537037037,26.65744212962963,0,143.39000000000001
ee8f5d7599c575d8f8eb1a2ea7d66686,ce86321953a0e590bef64f5823dac5fd,delivered,2017-09-05 08:40:16,2017-09-05 08:50:21,2017-09-11 21:33:21,2017-09-21 15:22:28,2017-09-25,25.0,15.1,1,1,40.1,1,2,1.0,1.0,c25d2fb6d22e04ce43c3652e3cacadad,22710,rio de janeiro,RJ,16.279305555555556,19.638703703703705,0,40.1
33e2db141538ccdafc2be5b0e9691157,37ff611a66e811a6732203b3d2b38ad5,delivered,2017-09-05 08:48:29,2017-09-06 02:50:44,2017-09-19 20:37:56,2017-09-23 14:33:26,2017-09-29,97.47,17.93,1,1,115.4,1,1,3.0,1.0,ad00064c4378e2e092279373e8c17f57,87014,maringa,PR,18.23954861111111,23.632997685185185,0,115.4
8fc75fa394f1ce5c0fd2775a4ae94c2c,bb678932adf8c3450d4b00d04a04dcd3,delivered,2017-09-05 09:03:02,2017-09-05 09:15:22,2017-09-12 16:44:38,2017-09-13 14:38:13,2017-09-18,45.9,8.72,1,1,54.62,1,1,5.0,1.0,7754f8e63c3845e9f61686357c69ed6f,2616,sao paulo,SP,8.232766203703704,12.622893518518518,0,54.62
2179f6c7ed393f3abe065e8d69e7ed1e,331f1be9df6d6b0b3f3d70510ebe5038,delivered,2017-09-05 09:03:33,2017-09-05 09:15:23,2017-09-06 19:39:58,2017-09-14 20:18:02,2017-09-25,89.9,14.38,1,1,104.28,1,1,5.0,1.0,7395a64f37a30f9827ca4d8292b484e8,80320,curitiba,PR,9.468391203703703,19.622534722222223,0,104.28
9068e8cf49f95d4c1684f38d5e570780,75a4c3f7bf2e1ba622f84c5ac2fb73b3,delivered,2017-09-05 09:04:16,2017-09-05 09:15:21,2017-09-13 18:05:10,2017-09-18 09:42:24,2017-09-25,24.99,24.66,1,1,49.65,1,1,5.0,1.0,1f620dda2a963087545df74707c61756,5042,sao paulo,SP,13.02648148148148,19.622037037037035,0,49.65
a6b9f6bcd95a0ddbaa7194536b3cd00e,2012d78efdc21c900291fc12b919862a,delivered,2017-09-05 09:12:36,2017-09-05 09:24:50,2017-09-12 16:21:21,2017-09-16 11:12:50,2017-09-25,218.0,13.87,1,1,231.87,10,1,2.0,1.0,920585274b879e26d25b31a2bd8dab76,13064,campinas,SP,11.08349537037037,19.61625,0,231.87
0572a001d46280ab9ab95964665ff768,11795bd5376cbbef9e6e3a699df983cb,delivered,2017-09-05 09:17:19,2017-09-05 09:30:13,2017-09-05 23:22:24,2017-09-12 20:27:20,2017-10-09,39.9,25.63,1,1,65.53,1,1,1.0,1.0,55bccecaaf1999c1d049ad6f48190bc6,31140,belo horizonte,MG,7.465289351851852,33.61297453703704,0,65.53
8860f62912fc775e52409a351a1bca14,d1f9d2df3fbb4c8c0e4163da8d138de5,delivered,2017-09-05 09:29:17,2017-09-05 09:43:55,2017-09-06 20:06:51,2017-09-08 13:42:36,2017-09-18,119.69999999999999,39.24,3,1,158.94,2,1,5.0,1.0,a691620b83068f15ae65ffaff294660a,3318,sao paulo,SP,3.175914351851852,12.604664351851852,0,158.94
a1fa82769a203e30b8faf81cd32e5193,0e240f6e253b7d7646700ce3b28fe413,delivered,2017-09-05 09:29:17,2017-09-06 19:43:28,2017-09-08 21:57:42,2017-09-13 19:53:31,2017-10-03,350.9,90.14999999999999,2,2,441.05,1,2,4.0,1.0,6d443b75cff956bb73dce7385033e266,13215,jundiai,SP,8.43349537037037,27.604664351851852,0,441.04999999999995
d497ded2ccd602dd16411b12b379f432,d474e533438fe56c31460ebec1686754,delivered,2017-09-05 09:33:45,2017-09-06 12:43:38,2017-09-12 21:25:36,2017-09-20 17:04:51,2017-09-27,315.0,19.49,1,1,334.49,4,1,5.0,1.0,e93c9d91e73b0d4d2ce6670f9f060702,65061,sao luis,MA,15.313263888888889,21.6015625,0,334.49
1f6ddbae00fc6acbc0457caa5fd89ad1,a86f4da27da046cfe243ffb26f3ccfa4,delivered,2017-09-05 09:41:49,2017-09-06 09:45:42,2017-09-08 20:42:12,2017-09-15 20:07:41,2017-09-22,1099.0,26.55,1,1,1125.55,8,1,5.0,1.0,10c6d7016b3248e3d1be1aa917f8909e,35420,mariana,MG,10.43462962962963,16.595960648148147,0,1125.55
dadbb2544ed83c09ede8683c93c5f080,44e85a306786ad90e32ab7468e25a9b4,delivered,2017-09-05 09:45:57,2017-09-08 07:25:10,2017-09-08 19:49:52,2017-09-13 23:45:00,2017-09-18,899.99,70.74,1,1,970.73,3,1,5.0,1.0,30fdc278a770f881ecc3ba42f6473cde,22765,rio de janeiro,RJ,8.582673611111112,12.593090277777778,0,970.73
689fb8f117f6d979dc761429176bb52f,dd9e67da549dc5e972c31efc37cede6b,delivered,2017-09-05 09:51:54,2017-09-06 12:43:24,2017-09-08 19:56:49,2017-09-15 23:32:23,2017-09-27,129.99,18.16,1,1,148.15,3,1,5.0,1.0,ea7aaabcca90bd3be893efc30babd138,35790,curvelo,MG,10.569780092592593,21.588958333333334,0,148.15
6c59866fa177b6a7321592a88b0dc718,5f5807b2902d221edab3af4b1268ab00,delivered,2017-09-05 10:05:42,2017-09-05 10:15:12,2017-09-05 21:14:51,2017-09-11 15:24:32,2017-10-03,97.9,17.17,1,1,115.07,4,1,5.0,1.0,a8becdc52eb49044d9d158c4199ab1ad,4360,sao paulo,SP,6.221412037037037,27.579375,0,115.07000000000001
a0da82bc20f55857de1085dc8c965e35,62675f64045ec165cbef2991e72e6246,delivered,2017-09-05 10:09:30,2017-09-06 02:55:40,2017-09-06 17:12:10,2017-09-13 20:32:55,2017-09-26,49.0,15.1,1,1,64.1,1,1,5.0,1.0,03205e5760c7d0d27d4f8a4d05b31df4,38414,uberlandia,MG,8.432928240740742,20.57673611111111,0,64.1
20aea91835c11696daa9520693503694,649ccc91c147ec069e6df8ba5ca3ddfc,delivered,2017-09-05 10:11:54,2017-09-06 10:15:17,2017-09-06 17:33:34,2017-09-14 23:26:43,2017-09-27,356.8,27.34,1,1,384.14,4,1,4.0,1.0,b744f75c6f5b0917cd728af5c53d5258,29103,vila velha,ES,9.551956018518519,21.575069444444445,0,384.14
5879796c147e015b683a59522938d4b8,cdf4c7f6921c52550bc9c727b8dbfa9e,delivered,2017-09-05 10:15:35,2017-09-08 08:55:22,2017-09-08 21:54:39,2017-09-13 19:57:35,2017-10-03,59.99,17.67,1,1,77.66,7,1,3.0,1.0,adbd6d6a556af6ed785a902dff6581ca,38411,uberlandia,MG,8.404166666666667,27.572511574074074,0,77.66
c6c99f96854560866a50760e74aca378,bab6906c7c63a27077966732873c1664,delivered,2017-09-05 10:39:08,2017-09-08 08:24:25,2017-09-08 18:40:00,2017-09-20 20:38:56,2017-09-28,29.0,14.1,1,1,43.099999999999994,1,1,4.0,1.0,09f55ef15bde8baeef87b3348b31c150,83420,quatro barras,PR,15.416527777777778,22.556157407407408,0,43.1
0daf1f0e67b534ad873ba61c5d6ad7d3,1681471e9172d7e12ba08e9ac9e8628b,delivered,2017-09-05 10:54:17,2017-09-06 11:03:50,2017-09-09 13:23:11,2017-09-19 15:35:03,2017-09-25,135.0,18.2,1,1,153.2,5,1,5.0,1.0,84032c13e75382a35c99ae73156b30b9,20250,rio de janeiro,RJ,14.194976851851852,19.545636574074074,0,153.2
06475c925f62299396ae63b9e9468486,08413a7d01b73094974b41e36cf77094,delivered,2017-09-05 11:05:36,2017-09-06 02:50:51,2017-09-06 15:32:43,2017-09-12 19:36:37,2017-10-02,16.99,12.48,1,1,29.47,1,1,5.0,1.0,4d2850067c25c07096a9e34ff4a1d1b8,3945,sao paulo,SP,7.354872685185185,26.537777777777777,0,29.47
e793e2ffd549447018149bce4de2850c,b0e809b21312efd191d8cd6055457f41,delivered,2017-09-05 11:07:35,2017-09-05 11:24:17,2017-09-05 17:32:30,2017-09-15 17:42:19,2017-09-29,19.9,16.79,1,1,36.69,3,1,5.0,1.0,8c19ee0688ec7a7c51715a0eb189388d,46360,pindai,BA,10.27412037037037,23.536400462962963,0,36.69
9839529a810b520a23afe17f48978595,87cd951a01b0aae445cff97f27028d0e,delivered,2017-09-05 11:07:37,2017-09-06 02:50:45,2017-09-06 20:32:50,2017-09-08 19:03:28,2017-09-18,23.03,8.11,1,1,31.14,1,1,5.0,1.0,d5ee3fa35f5fa7dd0f49af020781aded,83326,pinhais,PR,3.3304513888888887,12.536377314814814,0,31.14
54a4cb7fbd793ac4fa5f2a5dd9e1fe8f,a6f56bc4dd05d5f3ac085cb1f2059b21,delivered,2017-09-05 11:10:05,2017-09-06 02:50:38,2017-09-08 16:57:51,2017-09-13 19:25:53,2017-09-28,273.4,90.6,6,1,363.99,1,1,1.0,1.0,e3c85862f94505287c37eafd177c46e6,29645,santa maria de jetiba,ES,8.344305555555556,22.534664351851852,0,364.0
54586394af32e5d816910c2bace53a0e,3b46d8d2e41d1c7c81a8b96268798706,delivered,2017-09-05 11:12:29,2017-09-05 11:24:13,2017-09-06 22:09:05,2017-09-11 19:17:41,2017-09-25,299.99,22.9,1,1,322.89,3,1,5.0,1.0,7d3d96e668f530cd87d3d30d064b282a,2033,sao paulo,SP,6.336944444444445,19.532997685185187,0,322.89
2f95a71d2777d49b1ea9226320de5c3d,a46b4e70ca3ae048f937fd95563faddd,delivered,2017-09-05 11:29:06,2017-09-05 11:43:49,2017-09-06 20:13:23,2017-09-18 18:21:40,2017-09-26,149.9,19.29,1,1,169.19,2,1,5.0,1.0,849c05444af5fd7a93359458bf45be66,24220,niteroi,RJ,13.28650462962963,20.52145833333333,0,169.19
6bf889c14abae234b970354de7914c61,4374a2a34bb261daa66f8c87672c2d54,delivered,2017-09-05 11:29:20,2017-09-06 11:35:12,2017-09-06 23:32:53,2017-09-18 20:16:59,2017-09-25,45.33,16.11,1,1,61.44,1,1,5.0,1.0,937f16b584dd395ce455ef468322b27f,30575,belo horizonte,MG,13.366423611111111,19.521296296296295,0,61.44
a5fd921fa8875df40e98823f080b238b,a30167b7bd83044b7b383f2fe2f9f65b,delivered,2017-09-05 11:46:20,2017-09-05 12:04:18,2017-09-05 21:33:10,2017-09-13 20:51:35,2017-10-02,19.9,14.1,1,1,34.0,3,1,3.0,1.0,77492e5cb8356a9ca4cc19eb9dc699e4,91787,porto alegre,RS,8.378645833333334,26.50949074074074,0,34.0
2923b36af2aa3dcb5925e03a21fc2da1,1f68d6125d83e05c0c6b1d34d4f7c30e,delivered,2017-09-05 11:56:29,2017-09-05 12:10:30,2017-09-05 19:14:49,2017-09-12 21:47:43,2017-09-27,69.9,16.25,1,1,86.15,1,1,5.0,1.0,f93308f3aad8f628ab9b96c7626d68e3,29107,vila velha,ES,7.410578703703703,21.502442129629628,0,86.15
083606af9191f3c3119ed90e616df1ca,24438521febd6fffbfe369c24f3fae11,delivered,2017-09-05 11:59:59,2017-09-05 12:15:48,2017-09-08 19:27:54,2017-09-18 17:58:59,2017-10-04,348.0,35.32,2,1,383.32,1,1,5.0,1.0,bd7491d137efc5fafb7a295bb2d238f7,55665,camocim de sao felix,PE,13.249305555555555,28.500011574074072,0,383.32
68bdbd5c98c370cdfd33a08a591fb660,b115955f333cd97a8f4ca448caf47e45,delivered,2017-09-05 12:26:30,2017-09-05 12:43:37,2017-09-12 01:04:47,2017-09-20 23:07:41,2017-09-25,159.9,17.77,1,1,177.67,3,1,5.0,1.0,c0dab23b432d514b8a66b67250218bfd,82940,curitiba,PR,15.445266203703703,19.481597222222224,0,177.67000000000002
ae4699550d86c969bf041d7d106f96ac,a211a18f2d33674538a33b6ad9e4c55d,delivered,2017-09-05 12:28:03,2017-09-05 12:43:30,2017-09-06 12:34:58,2017-09-08 18:11:51,2017-09-18,395.0,11.14,1,1,406.14,8,1,3.0,1.0,106d945c09d13252cfcef55e420ab8aa,20511,rio de janeiro,RJ,3.23875,12.480520833333333,0,406.14
8ba6f2691ae9f61ed7266e78a5f64233,4f07ffd62696e75846ea2fdfd05800ea,delivered,2017-09-05 12:33:49,2017-09-05 12:45:25,2017-09-08 20:04:09,2017-09-19 17:28:12,2017-10-04,89.9,25.47,1,1,115.37,7,1,5.0,1.0,3387a508530615c881c320ba783cd80b,98500,tenente portela,RS,14.20443287037037,28.476516203703703,0,115.37
6326b091c76460e26d963f38c7ab627c,b5690b9da0de1ba1461664517f19fd62,delivered,2017-09-05 12:39:08,2017-09-05 12:50:10,2017-09-06 20:54:49,2017-09-08 19:57:54,2017-09-20,39.99,7.78,1,1,47.77,1,1,5.0,1.0,0e30568fb1eed3bf10034b8972c5a67b,6783,taboao da serra,SP,3.3046990740740743,14.472824074074074,0,47.77
c1eae222313b3a7eac740761313cbd27,819d8a9b81c0d3e3204e5b80252660ca,delivered,2017-09-05 12:48:49,2017-09-05 13:03:38,2017-09-06 13:30:08,2017-09-13 14:58:56,2017-11-06,164.9,18.4,1,1,183.3,8,1,5.0,1.0,1015173479527a15ccb63606a74f404e,29830,nova venecia,ES,8.090358796296297,61.46609953703704,0,183.3
8a170c32858870f69d7a3477fcca9a4b,3f6cd3d8326965c0d9cc53a851559a0e,delivered,2017-09-05 12:49:09,2017-09-08 09:30:18,2017-09-08 15:15:00,2017-09-20 20:09:40,2017-10-10,29.9,34.15,1,1,64.05,3,1,5.0,1.0,c86ac97751bb46bf642e75bf8455f199,68440,abaetetuba,PA,15.305914351851852,34.46586805555555,0,64.05
6fd3f9bf79e48b384ee918cb691483ec,858c98ec0b961e34c54ee1016409d611,delivered,2017-09-05 12:50:58,2017-09-06 02:50:27,2017-09-08 11:17:46,2017-09-14 17:30:00,2017-10-02,113.57,18.04,1,1,131.61,1,1,1.0,1.0,da062bb21b763a7c3ec6ca5fd85640e6,89460,canoinhas,SC,9.193773148148148,26.464606481481482,0,131.60999999999999
a18b84bbf6ec08377b509038454c7f29,a8b758c14acf33e5111e1aecbd1fdbce,delivered,2017-09-05 13:13:12,2017-09-05 13:30:19,2017-09-06 19:25:11,2017-09-08 19:17:40,2017-09-20,99.9,7.95,1,1,107.85,1,1,4.0,1.0,910bcecfebe1381dccbebefd3d85f4dd,13212,jundiai,SP,3.2531018518518517,14.449166666666667,0,107.85000000000001
85770bce7ab858546d700c2e99ad57c9,8d4eda1c04f833f903399937b01f1539,delivered,2017-09-05 13:14:37,2017-09-05 13:30:15,2017-09-06 19:17:55,2017-09-14 18:19:46,2017-09-28,42.69,16.11,1,1,58.8,5,1,4.0,1.0,59f9d10aff26297fd359d18372e05fbd,9962,diadema,SP,9.211909722222222,22.44818287037037,0,58.8
b9d7ab4768e51e8cef0b77f21a40b444,c36a306029ef03135f04026834b062a6,delivered,2017-09-05 13:24:48,2017-09-05 13:38:07,2017-09-12 17:26:49,2017-09-18 23:07:52,2017-09-25,129.9,13.93,1,1,143.83,10,1,5.0,1.0,929f67fce8f269879084f50385a16354,16370,promissao,SP,13.404907407407407,19.441111111111113,0,143.83
faeccb7dc26c1f48cdfc3881c6644f8b,1c1999a8f905f49cb570ee3fab3f8a40,delivered,2017-09-05 13:24:59,2017-09-07 02:50:18,2017-09-08 18:27:36,2017-09-18 19:04:58,2017-09-27,18.9,12.48,1,1,31.38,1,1,3.0,1.0,8e0f287397a2ee65486373616cf4a75c,18080,sorocaba,SP,13.236099537037036,21.440983796296297,0,31.38
dda427569144edf4a458f8fed9d5ca4a,f3e2d62c0fa412bfb895c3ce908a13c0,delivered,2017-09-05 13:26:50,2017-09-06 02:50:33,2017-09-06 16:46:51,2017-09-18 17:23:51,2017-10-04,59.0,15.16,1,1,74.16,1,1,1.0,1.0,d38fbef1736e1ae87e8ed4e3759887f9,98140,quevedos,RS,13.164594907407407,28.439699074074074,0,74.16
4e50ee5ebc37a770f257082adfbeff18,de4c50d66aeaedf525016938c1892f51,delivered,2017-09-05 13:30:15,2017-09-06 03:04:18,2017-09-15 22:31:52,2017-09-25 21:13:48,2017-09-28,40.5,16.11,1,1,56.61,1,1,1.0,1.0,4e7f7046f031ee7757d4952e0e22fdc9,28893,rio das ostras,RJ,20.321909722222223,22.437326388888888,0,56.61
4e3cf72d676f793f15859c9ae34be2ad,98e935de18878156bd96e6b845beb7fc,delivered,2017-09-05 13:32:39,2017-09-05 13:50:10,2017-09-11 22:32:52,2017-09-13 16:54:10,2017-09-29,119.8,26.88,2,1,146.68,1,1,5.0,1.0,4b979b432abe14a88cd0cde893952677,5174,sao paulo,SP,8.13994212962963,23.435659722222223,0,146.68
b2021666ceaca22d815303aa71138966,50625571ef87a454e6251ecbf795ca93,delivered,2017-09-05 13:32:50,2017-09-05 13:50:11,2017-09-06 12:04:47,2017-09-14 17:47:45,2017-09-29,69.9,15.93,1,1,85.83,4,1,5.0,1.0,76964a7acc0d75365b88d283c241d133,72871,valparaiso de goias,GO,9.177025462962963,23.435532407407408,0,85.83000000000001
9ffbf165bfd976933256254ac8d7bb36,b743e951a7b32483ecc00e7b465b3335,delivered,2017-09-05 13:42:52,2017-09-06 02:55:44,2017-09-08 19:45:38,2017-09-11 22:43:01,2017-09-18,159.8,23.52,2,1,183.32,1,1,2.0,1.0,4a8c75646092edfd324a23a675d515ec,8280,sao paulo,SP,6.375104166666667,12.428564814814814,0,183.32000000000002
fe25e6ae3200a0fd420ba45277d19fc5,cc691ea8c232416f0347dbf33005bf72,delivered,2017-09-05 13:48:17,2017-09-05 14:04:13,2017-09-08 22:05:00,2017-09-15 19:12:38,2017-10-04,640.99,32.48,1,1,673.47,10,1,1.0,1.0,7bd511dd409b8df39a6b4a5c029cc973,51160,recife,PE,10.225243055555556,28.42480324074074,0,673.47
151137bf7ab537c1a2da6bba1368d87d,8678ce9bb3f23410f28b6caa0813528a,delivered,2017-09-05 13:52:21,2017-09-05 14:05:17,2017-09-11 18:11:49,2017-09-18 18:59:39,2017-10-03,118.0,32.34,2,1,150.34,3,1,4.0,1.0,49cee01774f85ef576192e1038cf9cc6,95800,venancio aires,RS,13.213402777777778,27.421979166666667,0,150.34
6d513020e217c98e25467103ce6be42f,902e1b7f49096198dd4b06c9e9e82184,delivered,2017-09-05 14:10:57,2017-09-05 14:24:30,2017-09-08 19:42:15,2017-09-18 19:07:49,2017-10-09,59.9,19.66,1,1,79.56,4,1,5.0,1.0,b973bf0f5683373c6147b67e3a8e3ff9,46100,brumado,BA,13.206157407407407,33.4090625,0,79.56
ce34eeaea4785aa1d4b7004019247aeb,a3b728c3afa0306ff8cb0453232096ab,delivered,2017-09-05 14:16:08,2017-09-06 02:45:31,2017-09-06 20:54:04,2017-09-19 19:58:37,2017-10-03,19.9,15.1,1,1,35.0,1,1,4.0,1.0,9a6618803bb1d1f6835400a7d6c2be17,96415,bage,RS,14.237835648148149,27.405462962962964,0,35.0
db22016bef74b6dc92aabe8713dd0eef,9fcbfd245cf9237bbf8a3499b0a62c24,delivered,2017-09-05 14:20:41,2017-09-05 14:35:19,2017-09-06 18:06:13,2017-09-18 15:02:21,2017-09-22,25.0,12.69,1,1,37.69,1,1,5.0,1.0,e4d800060f85d896b83b4c3e3570065b,4854,sao paulo,SP,13.028935185185185,16.40230324074074,0,37.69
f491c8a7d687daaf24c15726af6477b7,f694b9863f4fb1282edf4758847ca86f,delivered,2017-09-05 14:30:22,2017-09-05 14:43:54,2017-09-05 21:22:32,2017-09-06 19:54:58,2017-09-18,169.99,8.44,1,1,178.43,1,1,5.0,1.0,57e9d3f00e6e6997b82680518628fe89,2206,sao paulo,SP,1.2254166666666666,12.395578703703704,0,178.43
759d3dd8671b3c60e168fbcef417a033,37c0ecd9010b98888a02504c69abfc50,delivered,2017-09-05 14:31:21,2017-09-05 14:43:55,2017-09-06 20:57:46,2017-09-08 19:16:44,2017-09-18,138.0,17.7,1,1,155.7,8,1,,,7f8cf52e29c6f2751400e4835c09d204,8572,itaquaquecetuba,SP,3.1981828703703705,12.394895833333333,0,155.7
d4f7b7fdd579913c3de8124f653eb667,0f665761c771caf3c48c6fb4f5d35f95,delivered,2017-09-05 14:34:50,2017-09-06 14:43:56,2017-09-08 15:28:59,2017-09-18 20:27:29,2017-09-28,23.99,14.1,1,1,38.09,3,1,1.0,1.0,54e9678f09ea5b6b6c1b10ce58e1f85a,83709,araucaria,PR,13.244895833333333,22.392476851851853,0,38.089999999999996
d4f63c1e71dd7a25aaf45fd89286d760,c385a910d2506eb4c809fbd19f8562a8,delivered,2017-09-05 14:35:58,2017-09-05 14:45:17,2017-09-05 21:14:50,2017-09-13 20:41:46,2017-09-22,85.4,14.33,1,1,99.72999999999999,1,2,5.0,1.0,d559550f028bc18d0403a7351574b4eb,38414,uberlandia,MG,8.254027777777777,16.391689814814814,0,99.73
abb7c138395463396390ee722de3f80b,5c99d451690cfa7e46e01cd86efcc265,delivered,2017-09-05 14:40:43,2017-09-06 02:55:12,2017-09-06 20:35:50,2017-09-12 20:24:49,2017-09-26,28.9,17.63,1,1,46.53,1,1,4.0,1.0,04b7afdeb5439d90a3e49335f2ca6aad,9940,diadema,SP,7.238958333333334,20.388391203703705,0,46.53
b825b53d8136d85eb4cbe60a1bd275f5,ec4f3f98da53dbaa4db16505b37f82c0,delivered,2017-09-05 14:48:14,2017-09-06 02:50:35,2017-09-06 21:22:23,2017-09-12 20:53:32,2017-09-22,229.9,13.11,1,1,243.01,1,1,5.0,1.0,d983e9c0fd37fead1bf11f30ea1259b2,6412,barueri,SP,7.2536805555555555,16.383171296296297,0,243.01
fd83958bf029de1ca6903c3d8d9a9227,8ed7c74527fb99661525847f8f6fd96e,delivered,2017-09-05 14:50:58,2017-09-07 03:03:44,2017-09-12 21:17:57,2017-09-27 19:53:41,2017-10-03,29.99,34.15,1,1,64.14,1,1,5.0,1.0,bd4e5cb9dfd98b9a6890b4b32b0f09e8,75110,anapolis,GO,22.210219907407406,27.381273148148146,0,64.14
78af4d32fa98a1435686699030cbc1bf,14771e5438c96d48727f0abcc82a0f9c,delivered,2017-09-05 14:55:34,2017-09-06 02:55:23,2017-09-06 22:03:13,2017-09-11 19:13:24,2017-09-25,93.99,15.42,1,1,109.41,1,1,4.0,1.0,82c173abf4679049bd8628bfe89a9f2c,24230,niteroi,RJ,6.179050925925926,19.378078703703704,0,109.41
a8efe989c98ee6abeb71302e009de4e1,65885bec34b119129adba2ed3f4ea68c,delivered,2017-09-05 14:56:58,2017-09-07 02:44:07,2017-09-13 17:06:40,2017-09-14 20:05:01,2017-09-18,179.99,10.07,1,1,190.06,1,1,3.0,1.0,59a2137051ddcd0ba1bc643a585a29e5,1536,sao paulo,SP,9.213923611111111,12.377106481481482,0,190.06
7caf84295d8749bcee4f14503b883c1e,2c2fce55c68fdacdd3b867342308e891,delivered,2017-09-05 14:58:37,2017-09-06 20:00:19,2017-09-08 17:49:58,2017-09-13 20:27:57,2017-09-18,118.99,8.09,1,1,127.08,3,1,5.0,1.0,8f7886bb551054b03749494c8baf1034,12940,atibaia,SP,8.228703703703705,12.375960648148148,0,127.08
fe86dfed53c5a20c5ee0647ee04af884,2bdade632102b0fed078333e9d3256db,delivered,2017-09-05 14:59:04,2017-09-05 15:10:21,2017-09-08 19:52:52,2017-09-20 17:38:20,2017-10-02,159.0,15.86,1,1,174.86,2,1,4.0,1.0,db977788293a64073047f4afca1d4b0e,80020,curitiba,PR,15.110601851851852,26.375648148148148,0,174.86
7d11ea85fd4de61373b6b8ab0387d011,215ebdb1bb6a8d7a74004f5320349615,delivered,2017-09-05 15:07:48,2017-09-05 15:25:21,2017-09-09 13:42:37,2017-09-20 20:18:48,2017-09-26,69.9,27.03,1,1,96.93,1,1,5.0,1.0,f4569f464c592dc09f2fd60d016f1b16,60346,fortaleza,CE,15.215972222222222,20.369583333333335,0,96.93
9ce40c402845819d3d1c88eb10a41e4a,a86314eff3e69dc24f43d56010778157,delivered,2017-09-05 15:11:47,2017-09-05 15:24:21,2017-09-06 14:32:16,2017-09-11 17:43:47,2017-09-18,52.9,9.27,1,1,62.17,1,2,4.0,1.0,c29bc878f4400d62f9d33ddd8d13236b,6140,osasco,SP,6.105555555555555,12.366817129629629,0,62.17
bae5466ca9c393da0e97709654923fdd,b806115ed21f16a50c4f3a28947aeadb,delivered,2017-09-05 15:20:35,2017-09-05 15:35:12,2017-09-06 14:59:09,2017-09-12 14:40:03,2017-09-25,490.0,54.18,4,2,544.18,3,1,1.0,1.0,b118181abcb0f3623b02187e09399f27,6900,embu-guacu,SP,6.971851851851852,19.360706018518517,0,544.18
41b7994f6fdd38dc855f6f6a5c61b459,214c501c82476bcbd7e0f7b13e8ab029,delivered,2017-09-05 15:23:23,2017-09-05 15:35:20,2017-09-08 21:13:59,2017-09-18 20:57:30,2017-09-26,129.9,22.78,1,1,152.68,1,1,4.0,1.0,351748d78843cee737277f6f56fd8543,83705,araucaria,PR,13.232025462962962,20.358761574074073,0,152.68
c477a36e7fcc7a915483289ed00f6ee4,890a87ab82ebd8875ee62996b9c6f067,delivered,2017-09-05 15:30:01,2017-09-06 03:04:15,2017-09-06 22:19:03,2017-09-14 23:17:36,2017-10-06,229.0,60.61,1,1,289.61,1,1,5.0,1.0,1a8ecc893934298c06d6a0c425edce64,78255,jauru,MT,9.324710648148148,30.354155092592592,0,289.61
0be5691eb4c245d190a1e194494f754d,f7c5afab273b47ab517e096e0219b932,delivered,2017-09-05 15:32:33,2017-09-05 15:50:35,2017-09-06 19:37:44,2017-09-11 22:19:57,2017-09-28,79.9,17.81,1,1,97.71,1,1,4.0,1.0,b6c083700ca8c135ba9f0f132930d4e8,8686,suzano,SP,6.282916666666667,22.352395833333333,0,97.71000000000001
0641d69ef04d0d7b004cb9ec0106c3ea,f7f3861057dff6df914b58282f051b01,delivered,2017-09-05 15:46:38,2017-09-05 16:04:08,2017-09-08 17:27:49,2017-09-13 20:53:57,2017-09-27,189.9,22.17,1,1,212.07,3,1,5.0,1.0,a3b3b8d2cc2fa6448e63ebfdafe150d6,32673,betim,MG,8.213414351851851,21.34261574074074,0,212.07
cfa61e32cb4b079cb21a373580d4af62,7848eca54e368d0c5f108a4c7865a8e3,delivered,2017-09-05 15:56:01,2017-09-07 02:55:41,2017-09-12 15:46:49,2017-09-19 17:12:23,2017-10-11,59.9,16.67,1,1,76.57,1,1,5.0,1.0,316931e22a071196028df612c97ceed9,95840,triunfo,RS,14.053032407407407,35.336099537037036,0,76.57
f2096a3d2bb2743b500f6e6711cbf438,72107b393fc48945c67aafd573be9157,delivered,2017-09-05 16:03:18,2017-09-05 16:15:19,2017-09-11 18:17:33,2017-09-18 18:24:50,2017-09-28,205.9,74.16,1,1,280.06,6,1,5.0,1.0,2e463f61333adcac09d362f343a4b0aa,41810,salvador,BA,13.098287037037037,22.331041666666668,0,280.06
431a73cf857d30d431ab61a5ed6909d8,1c6279e4d8a3c29eeaa6e9b4a5925143,delivered,2017-09-05 16:03:24,2017-09-05 16:15:14,2017-09-09 13:23:12,2017-09-14 17:46:35,2017-09-22,89.9,16.26,1,1,106.16,8,1,5.0,1.0,6cb48842b3e037bfaf046b60186b3a49,13272,valinhos,SP,9.071655092592593,16.330972222222222,0,106.16000000000001
cdc1504eb9521a2941c00363ee8288d2,87e3b43896edfc6786a0d8ab36a14202,delivered,2017-09-05 16:05:43,2017-09-07 02:55:57,2017-09-15 23:13:04,2017-09-27 17:47:56,2017-10-04,224.9,16.32,1,1,241.22,1,1,5.0,1.0,46b312cdfe6ba42f507279a1fe2362df,24220,niteroi,RJ,22.070983796296296,28.329363425925926,0,241.22
f0da5a090ddf3d220d76c0cd17fb2775,3e447059f00665f172056b3a9a6c1836,delivered,2017-09-05 16:07:07,2017-09-05 16:15:16,2017-09-06 18:06:13,2017-09-18 18:06:57,2017-10-02,54.9,16.14,1,1,71.04,4,1,3.0,1.0,5a82977c06bccb651c66e206318d19b4,89620,campos novos,SC,13.083217592592593,26.328391203703703,0,71.03999999999999
2b6eacbae341dd75d4c44babb566be08,6fe1bed693710a01d8f995fd57392dcc,delivered,2017-09-05 16:17:10,2017-09-05 16:25:42,2017-09-08 20:02:43,2017-09-14 21:37:43,2017-09-27,100.0,17.95,1,1,117.95,10,1,5.0,1.0,27aedec355013caf67bf8a6e30ee4043,36400,conselheiro lafaiete,MG,9.222604166666667,21.32141203703704,0,117.95
95fdb59e0ee0274a8b9b1ba4641ae5db,d650366fad052046dd37d7438aaf5f74,delivered,2017-09-05 16:18:47,2017-09-05 16:30:09,2017-09-06 20:00:04,2017-09-12 19:15:51,2017-09-22,167.9,16.81,1,1,184.71,5,1,5.0,1.0,75a9e81466dbc644796740cc49bfe8d3,5165,sao paulo,SP,7.122962962962963,16.32028935185185,0,184.71
63e9f378e99a3e83709e85223d637944,69025827c1e088ba732e7904f14a5c50,delivered,2017-09-05 16:19:06,2017-09-05 16:30:11,2017-09-06 21:42:45,2017-09-14 20:33:37,2017-09-25,398.0,20.04,1,1,418.04,3,1,4.0,1.0,5cb4d5e296cb223450e0404e336b6744,11020,santos,SP,9.176747685185186,19.320069444444446,0,418.04
c23cb80af0f010fd4115ad42f91c7822,3258ef1cf6b31779ee6fdf397ae6e5f6,delivered,2017-09-05 16:21:22,2017-09-07 02:44:05,2017-09-12 21:52:06,2017-10-09 19:43:54,2017-10-10,59.9,28.82,1,1,88.72,1,1,4.0,1.0,e48c34104caa1c6ad2fbcaddabe30092,77320,taguatinga,TO,34.140648148148145,34.31849537037037,0,88.72
a7052bcfd0db0734e92716ce1a188143,2199863b9b48d7b10f4be989b7ef030f,delivered,2017-09-05 16:27:05,2017-09-05 16:50:16,2017-09-08 20:29:49,2017-10-05 18:25:57,2017-10-06,36.0,25.63,1,1,61.63,1,1,5.0,1.0,930adab3f84f2e6274636f6c93171d31,66075,belem,PA,30.082546296296297,30.314525462962962,0,61.629999999999995
281f470497aa1a0af6a1d6024b3eba93,3ae9e0f1c44e053de994e63d5094286c,delivered,2017-09-05 16:36:01,2017-09-05 16:50:18,2017-09-06 17:52:34,2017-09-14 18:49:28,2017-10-02,199.0,26.23,1,1,225.23,8,1,5.0,1.0,425a026a2d9c37c366b7d57382940dde,27524,resende,RJ,9.092673611111111,26.308321759259258,0,225.23
8a4473ef93bedc3e12f0d05d9925f4b3,42b62ee4c1223c3e3518be5a69946746,delivered,2017-09-05 16:41:37,2017-09-07 10:33:40,2017-09-11 12:23:56,2017-09-20 11:23:08,2017-10-04,56.99,14.15,1,1,71.14,1,1,5.0,1.0,94ce448a2910cd6918dd4389fa88ddf9,92410,canoas,RS,14.778831018518519,28.30443287037037,0,71.14
9dd2846e2fd754eb21361544d11a1d71,94bf85e979a2e6245f0cdf848a859676,delivered,2017-09-05 16:55:15,2017-09-05 17:05:15,2017-09-21 13:34:38,2017-09-26 18:33:46,2017-09-22,74.99,12.86,1,1,87.85,5,1,5.0,1.0,2180bd02ac063986fd64e0253e9057a9,12244,sao jose dos campos,SP,21.068414351851853,16.294965277777777,1,87.85
e6644b4a8ee7cbabd5f50b29eb478cf4,8c45922ab37124236061691bacfbc7f7,delivered,2017-09-05 16:55:51,2017-09-05 17:10:14,2017-09-06 18:06:12,2017-09-11 15:06:35,2017-09-22,79.0,13.57,1,1,92.57,2,1,5.0,1.0,4bacc06c053567be8babb2632532219c,11070,santos,SP,5.92412037037037,16.29454861111111,0,92.57
c08029c18d0544f5f412033887287ad9,f827db552458fc2b80161396a6e0e53c,delivered,2017-09-05 17:01:23,2017-09-05 17:35:27,2017-09-06 21:11:23,2017-09-18 19:33:49,2017-09-27,117.99,21.32,1,1,139.31,3,1,5.0,1.0,3b2c9cd7542f85c257900d861659ff61,29102,vila velha,ES,13.105856481481482,21.29070601851852,0,139.31
8e1ac730ea9bca963b591024346e0679,dd163cc1d5c80098ad9e72126ca5c8c2,delivered,2017-09-05 17:28:08,2017-09-06 02:50:39,2017-09-06 18:04:43,2017-09-15 20:18:13,2017-09-28,61.5,15.18,1,1,76.68,1,1,5.0,1.0,82df20cd5060f866287f5a29f520ce95,75640,piracanjuba,GO,10.118113425925927,22.272129629629628,0,76.68
39d92c90ecacf0e6411af62b7bcabe17,0a1be8bb3e919bc8876626808609a2af,delivered,2017-09-05 17:36:41,2017-09-05 18:24:06,2017-09-09 13:27:47,2017-09-15 19:17:40,2017-09-27,69.9,16.25,1,1,86.15,1,1,5.0,1.0,fc685f5d020dbc22ef7dae7822f336dc,38320,santa vitoria,MG,10.070127314814815,21.26619212962963,0,86.15
e36a4fbf27caa37b5430a40dfef1c8a2,882582df98d24d5a38850e0ab4e76c18,delivered,2017-09-05 17:41:53,2017-09-05 18:06:47,2017-09-12 18:22:10,2017-09-20 15:16:10,2017-09-27,157.5,16.86,1,1,174.36,1,1,4.0,1.0,d3381e25e28c0818932e56346e2c9bd4,38550,coromandel,MG,14.898807870370371,21.262581018518517,0,174.36
f7f84dc96924f895eeee8f89515012c3,b1df9917cf97e94889c9d6ab92062c9e,delivered,2017-09-05 17:46:18,2017-09-07 02:51:10,2017-09-11 14:58:06,2017-09-25 19:45:45,2017-09-26,9.9,15.1,1,1,25.0,1,1,5.0,1.0,af2b9977cb91614dcdfe84dabd297135,88066,florianopolis,SC,20.08295138888889,20.25951388888889,0,25.0
854fc42da7246b10ed8dcec4ae8f48ca,3925d8a5f225de2b3e2d791e3a547748,delivered,2017-09-05 18:15:24,2017-09-05 18:25:27,2017-09-06 21:41:18,2017-09-22 19:52:36,2017-09-27,77.99,16.31,1,1,94.3,1,1,3.0,1.0,5381755c8bc307f642476e3168d1d826,22630,rio de janeiro,RJ,17.0675,21.239305555555557,0,94.3
886ddb536ba82bd61a9d3ddbf5d0e73d,332d12b9a5ece1b7e661271928d232ca,delivered,2017-09-05 18:21:26,2017-09-05 18:35:13,2017-09-08 16:55:56,2017-09-14 16:44:02,2017-09-22,79.6,53.48,4,1,133.08,1,1,3.0,1.0,da582579db9a13a67362c4b89069fb18,3424,sao paulo,SP,8.932361111111112,16.235115740740742,0,133.07999999999998
409e4a6eadbdc33f16ccf0bda01eec1f,0e8ada3654b94e0d569b44233db3c9dc,delivered,2017-09-05 18:24:22,2017-09-07 02:44:03,2017-09-11 22:07:42,2017-09-17 15:31:51,2017-09-25,179.9,16.02,1,1,195.92,1,1,5.0,1.0,430205ab3bd4700f1934a49b0f6c610e,71503,brasilia,DF,11.88019675925926,19.233078703703704,0,195.92000000000002
8c8681bafb6d998bc0fea19014904e1f,ce42625f9c07335b024dd1a1e8a6fc9e,delivered,2017-09-05 18:26:23,2017-09-05 18:43:53,2017-09-08 20:22:04,2017-09-11 17:58:03,2017-09-18,149.9,12.25,1,1,162.15,1,1,5.0,1.0,c234caf57ee6afad1e46ba3413db348d,1546,sao paulo,SP,5.980324074074074,12.231678240740742,0,162.15
2b4b69b119c4446626f617bd54ff3147,456664e611e20956682bafced4ecdb19,delivered,2017-09-05 18:28:30,2017-09-05 18:44:08,2017-09-06 17:06:54,2017-09-19 21:43:03,2017-09-26,16.9,21.15,1,1,38.05,1,1,3.0,1.0,9e64023fa21c8dc095fdbd1a0568ae62,64009,teresina,PI,14.135104166666666,20.230208333333334,0,38.05
1fd9362a40211b8ab54154b0f8f7a657,777db3a2a4f052af7bbaafbc2c31e35e,delivered,2017-09-05 18:29:33,2017-09-06 02:55:13,2017-09-14 21:21:37,2017-09-19 17:23:29,2017-09-26,297.0,41.13,3,1,338.13,1,1,3.0,1.0,ce1d70c7d3d3fe7fd419add17e70ddae,7252,guarulhos,SP,13.95412037037037,20.229479166666668,0,338.13
17acaa427382e6481bc67f191687928c,f0504a0309273d480bb2ccda6e2971f0,delivered,2017-09-05 18:35:38,2017-09-05 18:50:17,2017-09-06 21:02:38,2017-09-14 19:37:22,2017-09-28,329.9,19.88,1,1,349.78,3,1,3.0,1.0,535dd0304f27bdc7a5bb00c0160a0202,30190,belo horizonte,MG,9.04287037037037,22.225254629629628,0,349.78
80258201cda75aff559a9cc15eb0da49,89b1996b0591126bf4b91eca215d6e67,delivered,2017-09-05 18:38:57,2017-09-07 02:44:28,2017-09-11 20:16:39,2017-09-15 13:47:25,2017-09-22,76.0,12.03,1,1,88.03,1,1,2.0,1.0,996d5fb8a5736b0fea622c72fc1026c7,8235,sao paulo,SP,9.797546296296296,16.222951388888887,0,88.03
52f89521400b32703e434cd646403475,028c802f8a68efdad4e27931e37e859b,delivered,2017-09-05 18:44:06,2017-09-07 10:33:21,2017-09-08 20:27:55,2017-09-14 20:37:26,2017-09-22,69.0,12.61,1,1,81.61,1,1,4.0,1.0,d9b8aebd2d5cd4d5338b1e6dc480aef8,39804,teofilo otoni,MG,9.078703703703704,16.219375,0,81.61
a9a38bf05e94ce11495d6c4402730a56,62fecf2e84255655ac7fe3a7f8feaafd,delivered,2017-09-05 18:44:23,2017-09-05 18:55:18,2017-09-06 16:53:52,2017-09-08 21:37:46,2017-09-18,49.0,7.78,1,1,56.78,1,1,4.0,1.0,21a4f6ed42f5a4ad4e3bb512cb0ffc10,2516,sao paulo,SP,3.1204050925925926,12.21917824074074,0,56.78
ccac1a9dee556f517bdb745dd29bcb68,1a46899c81a1f73c1338cffd1164751d,delivered,2017-09-05 18:45:31,2017-09-05 18:55:17,2017-09-08 19:27:55,2017-09-29 16:55:36,2017-10-02,1199.9,43.76,1,1,1243.66,8,1,5.0,1.0,5f7f0d66e0f4c4ced578a53f2e0b2264,91750,porto alegre,RS,23.92366898148148,26.218391203703703,0,1243.66
44820bce2c8acaec4817ffc156cca3db,96ac810815088c988ee333614f60ae67,delivered,2017-09-05 18:46:20,2017-09-07 02:44:09,2017-09-08 19:51:58,2017-09-18 18:16:55,2017-10-04,78.0,18.12,1,1,96.12,1,1,5.0,1.0,b7c57093fe43116125c38a82f58d7105,78890,sorriso,MT,12.97957175925926,28.217824074074073,0,96.12
e4e486faca6effbf54e6325fd207319f,bc888715a1232ddbead485cbdd565cfd,delivered,2017-09-05 18:56:19,2017-09-05 19:10:20,2017-09-07 00:52:50,2017-09-14 19:23:04,2017-09-29,119.34,18.09,1,1,137.43,2,1,5.0,1.0,ff81e8b0dc735986db35def560ba2bf2,75495,jesupolis,GO,9.018576388888889,23.210891203703703,0,137.43
d7c70fb2bee123c2d2e46338c1b35f1c,8201dcb45400a528803f590ee1eb8bc0,delivered,2017-09-05 19:01:38,2017-09-05 19:15:12,2017-09-06 20:54:02,2017-09-19 20:37:03,2017-10-03,258.0,101.54,2,1,359.54,2,1,5.0,1.0,ada7f29a80cc8d907661a127454730e3,23030,rio de janeiro,RJ,14.066261574074074,27.207199074074072,0,359.54
70b75df86796df4d056233068a1712c2,45bbf2eff4f2ac65e54fadd264cddd18,delivered,2017-09-05 19:13:19,2017-09-07 02:44:30,2017-09-08 20:13:45,2017-09-19 17:28:11,2017-09-27,79.99,15.31,1,1,95.3,1,1,4.0,1.0,a4b405a47666e60990bc6f5dbf5aae65,27600,valenca,RJ,13.926990740740742,21.19908564814815,0,95.3
afa610ea863dee3d85954aa87a22ba6f,2677c0511411111041b6e98a5d74c5c0,delivered,2017-09-05 19:16:50,2017-09-05 19:25:18,2017-09-08 15:29:00,2017-09-12 20:57:30,2017-09-27,23.99,11.85,1,1,35.84,2,1,1.0,1.0,6963fcaa55875dfdc09d7faee1a6f445,15200,jose bonifacio,SP,7.069907407407407,21.196643518518517,0,35.839999999999996
7dca7e268d48febba328f16ddec37584,f5afa12435f1d113ad3e53d1fbbcdaa9,delivered,2017-09-05 19:17:03,2017-09-05 19:25:18,2017-09-08 19:57:54,2017-09-11 17:37:26,2017-09-19,170.0,26.3,2,1,196.3,1,1,5.0,1.0,ebeaa56fbd251db9fe6d26e599b375ed,4191,sao paulo,SP,5.930821759259259,13.196493055555555,0,196.3
b80b95480b127e335cc78649633b665f,683037a185ea1cfa11ca3ceddaa2d9bc,delivered,2017-09-05 19:58:18,2017-09-07 02:43:38,2017-09-13 02:41:45,2017-09-22 21:56:35,2017-10-13,84.9,25.87,1,1,110.77,1,1,2.0,1.0,cac60db120b4265461a2723ec65c4d29,36035,juiz de fora,MG,17.082141203703703,37.16784722222222,0,110.77000000000001
ea1ac32e51a066d17b2ae8647eac38a8,e42a19f44a0a2587ff8217fa88527c2e,delivered,2017-09-05 20:07:13,2017-09-05 20:23:55,2017-09-13 14:46:06,2017-09-15 15:22:08,2017-09-22,119.9,13.86,1,1,133.76,6,1,5.0,1.0,1ab4256a45cc50d01a1277ab04838f45,4517,sao paulo,SP,9.802025462962963,16.161655092592593,0,133.76
95789d8c645027ebad06866c20ca409d,c157189f93c2907d96bbcc14573f5e8e,delivered,2017-09-05 20:18:06,2017-09-05 20:30:15,2017-09-11 19:35:45,2017-09-15 18:28:53,2017-09-22,110.0,17.25,1,1,127.25,1,2,5.0,1.0,f210c98fb60acdcea32f694f00ac7868,38160,nova ponte,MG,9.924155092592592,16.154097222222223,0,127.25
2f014917c80b1bf6576e1f3ce7a4bffd,767e9a5c0f4cd484bbf7b78479b7cc67,delivered,2017-09-05 20:41:37,2017-09-05 20:50:18,2017-09-08 17:26:49,2017-09-15 20:07:50,2017-09-29,189.9,26.17,1,1,216.07,8,1,4.0,1.0,203ce97969020fdfd456613c1c128615,35600,bom despacho,MG,9.976539351851851,23.137766203703702,0,216.07
a72c3152ab2259acdae64303a9a12efc,0a05250f6702d7949e237fa591546429,delivered,2017-09-05 20:42:50,2017-09-05 20:55:20,2017-09-18 18:41:53,2017-09-30 13:08:17,2017-10-02,58.9,34.21,1,1,93.11,3,1,5.0,1.0,8d692a436fa634e911ebb1e69bb0f481,57601,palmeira dos indios,AL,24.68434027777778,26.136921296296297,0,93.11
51a73c564f9cc803ec067dd3a0381997,f3abd9d838b32ae720c958d71b5261b0,delivered,2017-09-05 20:55:39,2017-09-05 21:10:47,2017-09-08 17:40:03,2017-09-11 15:43:52,2017-09-19,26.5,7.78,1,1,34.28,1,1,5.0,1.0,07fd12ee529ce5bb01bada6ab08229c2,5351,sao paulo,SP,5.783483796296296,13.128020833333334,0,34.28
f417219cc64e796bb6bcd1a41d3fe308,629202920f3647c33d7e92c7d1934961,delivered,2017-09-05 20:57:30,2017-09-05 21:10:15,2017-09-12 16:33:30,2017-09-14 17:22:08,2017-10-03,39.9,15.79,1,1,55.69,1,1,4.0,1.0,10f81d995f501b771c106a902d6ca4dd,7428,aruja,SP,8.850439814814814,27.12673611111111,0,55.69
8c80df0eb894f3154628aa231b9eca9a,ccfceced361a54b2400e5132d160c8d8,delivered,2017-09-05 21:04:35,2017-09-07 02:50:37,2017-09-11 21:48:37,2017-09-26 15:12:07,2017-10-05,89.9,16.39,1,1,106.29,1,1,5.0,1.0,b2387b8bb8016bffddb4ff61265a4fd4,98130,julio de castilhos,RS,20.75523148148148,29.12181712962963,0,106.29
e35cd7f16895b57bcfa47358049adb16,b9223d6492555dae908f216435580a9e,delivered,2017-09-05 21:05:36,2017-09-07 10:37:29,2017-09-11 20:18:41,2017-09-20 18:32:02,2017-09-28,98.0,17.94,1,1,115.94,1,1,5.0,1.0,0ea93f58e1bc48c6e86b79d2df6d51dc,89900,sao miguel do oeste,SC,14.893356481481481,22.121111111111112,0,115.94
3240c29a58e0f5100088c091d4a9a0e2,a282b878ff6fbe1e92f4ad9a902d97e3,delivered,2017-09-05 21:20:12,2017-09-05 21:30:23,2017-09-12 11:42:53,2017-09-13 20:08:57,2017-09-21,77.8,15.56,2,1,93.36,1,1,5.0,1.0,cf2ab9fc5ad6668597ee514bb2ff4db1,5849,sao paulo,SP,7.950520833333333,15.110972222222221,0,93.36
457714bcb907cac0b11252276a09f406,c9408afee56e7572a6cb85c5f88e499a,delivered,2017-09-05 21:23:32,2017-09-06 14:55:24,2017-09-08 20:29:49,2017-09-21 17:33:59,2017-10-04,19.9,16.11,1,1,36.01,1,1,5.0,1.0,c0d844c11288762f18fc24cc79093a80,98460,irai,RS,15.840590277777778,28.108657407407406,0,36.01
294a004bc4c2a5e3d9404a213164afe1,d60977f266fbf35d13d563da7286f472,delivered,2017-09-05 21:25:02,2017-09-05 21:43:28,2017-09-06 16:08:49,2017-09-13 19:07:10,2017-09-28,79.0,15.3,1,1,94.3,2,1,4.0,1.0,b8fcb607fbf16af25bcf08dda8ba3e72,75690,caldas novas,GO,7.904259259259259,22.10761574074074,0,94.3
3180196d4f287c726e7ba95da8f56ebe,29094bc1b31756d584d3c3bb60e5db45,delivered,2017-09-05 21:30:59,2017-09-05 21:45:23,2017-09-06 20:48:31,2017-09-11 17:50:05,2017-09-22,80.1,13.58,1,1,93.68,1,1,5.0,1.0,561c3fe241a86774f0764fd533bbf102,98470,planalto,RS,5.846597222222222,16.103483796296295,0,93.67999999999999
d6d8d3958008d2514a3a9ef0a43edc56,ba229cac800645c5c7960de7bb42b777,delivered,2017-09-05 21:31:49,2017-09-05 21:45:19,2017-09-06 20:13:23,2017-09-13 22:47:36,2017-09-26,149.9,21.54,1,1,171.44,3,1,,,4786a892f7618a4855172f0fc43fd3f1,17519,marilia,SP,8.052627314814815,20.102905092592593,0,171.44
74d72b7e6831bb80fef1c2dd59994fc5,fe2d1e76f9a2bf5457eb40291e9f4e17,delivered,2017-09-05 21:41:18,2017-09-07 10:34:21,2017-09-08 20:07:43,2017-09-26 21:03:19,2017-09-29,119.99,38.39,1,1,158.38,1,1,5.0,1.0,bdc2cc2012501964d91a027f76f3d377,65300,santa ines,MA,20.973622685185184,23.096319444444443,0,158.38
b362e77722405d304dc6fb5947ea3bea,f62c129511fd69648c45b74571444807,delivered,2017-09-05 21:43:55,2017-09-05 21:55:13,2017-09-12 11:46:42,2017-09-26 20:08:14,2017-09-28,99.9,17.95,1,1,117.85,2,1,4.0,1.0,7e9a6816b16e741309a79f3b55df4754,79611,tres lagoas,MS,20.93355324074074,22.094502314814815,0,117.85000000000001
086e718f4bcff72026c18edaf8d572c5,4256db9a88d6440ca48c9d0c4f022195,delivered,2017-09-05 21:50:25,2017-09-05 22:05:16,2017-09-06 21:37:30,2017-09-12 20:27:20,2017-09-26,183.37,16.72,1,1,200.09,1,1,1.0,1.0,0f8389298d279aa1783f5704e6dfc39b,13070,campinas,SP,6.942303240740741,20.089988425925927,0,200.09
363c28b78897354ff4e126dfe41f2890,f96380e72a790bed9e678f38580d7864,delivered,2017-09-05 22:04:20,2017-09-05 22:15:35,2017-09-06 16:14:19,2017-09-11 13:42:48,2017-09-22,55.0,11.89,1,1,66.89,2,1,5.0,1.0,893a3e18a09332571b4cbb3d5b723c90,17010,bauru,SP,5.6517129629629625,16.080324074074074,0,66.89
5a3663cb6b6d7369ab838a80cdcb06d7,5413a41d855cefb4a4284615864b664c,delivered,2017-09-05 22:04:38,2017-09-05 22:15:36,2017-09-06 14:39:49,2017-09-12 19:44:15,2017-09-22,94.9,13.68,1,1,108.58,1,1,5.0,1.0,47f2dade4609ff35617dcb6872d7c776,35180,timoteo,MG,6.902511574074074,16.08011574074074,0,108.58000000000001
ff36dfa12cb7e25f1e145ad701e2f994,554821b02a376daf0dbc6a9468c6405c,delivered,2017-09-05 22:06:27,2017-09-08 13:45:11,2017-09-08 19:52:05,2017-09-20 16:50:22,2017-09-26,66.0,14.21,1,1,80.21,2,1,5.0,1.0,826d860f77a0ba6e3e7c83e57a0ad778,74944,aparecida de goiania,GO,14.780497685185185,20.078854166666666,0,80.21000000000001
55d5398213ed7a57e6841a7f436872fd,6a3f54e68ac3455c4522cfed7fc7ed3c,delivered,2017-09-05 22:06:34,2017-09-05 22:15:25,2017-09-06 20:52:38,2017-09-11 23:02:44,2017-09-18,40.0,8.27,1,1,48.27,1,1,5.0,1.0,f26e330cdf0c7c8813d7df356689ccd5,13100,campinas,SP,6.03900462962963,12.078773148148148,0,48.269999999999996
e3071b7624445af6e4f3a1b23718667d,0bf8bf19944a7f8b40ba86fef778ca7c,delivered,2017-09-05 22:14:52,2017-09-05 22:30:56,2017-09-06 15:26:12,2017-09-11 13:27:49,2017-09-22,39.9,11.85,1,1,51.75,1,1,5.0,1.0,8d50f5eadf50201ccdcedfb9e2ac8455,4045,sao paulo,SP,5.633993055555556,16.07300925925926,0,51.75
480000ff61d2f961973107967439a4af,92f1d4d2f1a2a03f858f7afea11ff0b9,delivered,2017-09-05 22:22:48,2017-09-05 22:35:12,2017-09-06 18:16:47,2017-09-12 21:51:29,2017-09-22,16.9,11.85,1,1,28.75,2,1,5.0,1.0,1790885e6c2d93df9965833b2040c6f5,12414,pindamonhangaba,SP,6.978252314814815,16.0675,0,28.75
6224401eebe13e25d470d8d6a9ef225e,00a860aeb15fb205efdb0c689d8f9c6a,delivered,2017-09-05 22:26:58,2017-09-05 22:43:53,2017-09-08 19:42:14,2017-09-12 14:29:00,2017-09-29,59.9,13.44,1,1,73.34,1,2,4.0,1.0,ca7e51a36f9ace4d07d6548599785bab,9821,sao bernardo do campo,SP,6.668078703703704,23.06460648148148,0,73.34
1676fa2516c38753e7a0ee7fa8e41009,afea86eaca7e4cfd9f4abb186e66c612,delivered,2017-09-05 22:29:57,2017-09-06 22:35:23,2017-09-08 20:02:30,2017-09-11 18:27:41,2017-09-18,102.99,7.98,1,1,110.97,1,1,5.0,1.0,e6700e278c4e305488ac1b76b8991bf3,5398,sao paulo,SP,5.831759259259259,12.062534722222223,0,110.97
249385a8a3fb6a8765bed08eaeef9919,580d8871c30dc0e5f3522d8eb0c14658,delivered,2017-09-05 22:34:08,2017-09-06 03:04:12,2017-09-08 15:43:47,2017-09-19 19:10:34,2017-09-27,128.7,17.38,1,1,146.08,1,1,5.0,1.0,1c62f51cd14f547e77a584c89f3bf01f,27283,volta redonda,RJ,13.85863425925926,21.05962962962963,0,146.07999999999998
fde8ee361a63b2ee323ac574ee41524f,e851a26670db4bfe21aa1f87177c40f1,delivered,2017-09-05 22:42:29,2017-09-05 22:50:27,2017-09-08 21:34:01,2017-10-11 18:46:50,2017-10-05,173.9,85.25,1,1,259.15,2,1,4.0,1.0,f5c0ae7b842c7ff8ccb4ed83ff9e85ba,49565,macambira,SE,35.836354166666666,29.05383101851852,1,259.15
550f7653632f43410dcc64a9aff55f45,8cfcc5f2a65aea50bfa7e70daab6ca22,delivered,2017-09-05 22:47:31,2017-09-05 22:55:18,2017-09-06 20:33:16,2017-09-13 00:11:19,2017-09-27,39.7,17.6,1,1,57.3,1,1,5.0,1.0,8a975e5f2211cfb1b910c039421e4dfe,38401,uberlandia,MG,7.058194444444444,21.05033564814815,0,57.300000000000004
a3680a328f9d1e30589963d953d29d61,9521a0527be86bc0764fb3b817109cce,delivered,2017-09-05 22:49:05,2017-09-05 23:10:15,2017-09-09 13:23:13,2017-09-12 22:53:28,2017-09-22,99.9,13.72,1,1,113.62,1,1,3.0,1.0,ada6236b6bba2b0c3588aea846e43afb,9910,diadema,SP,7.003043981481482,16.049247685185186,0,113.62
55251ef8a25806da63971ca3046ca7a5,b5a45c11fcd45758fae4b970ec0697d5,delivered,2017-09-05 22:52:07,2017-09-05 23:10:16,2017-09-06 21:10:13,2017-09-14 19:22:21,2017-09-26,118.9,15.59,1,1,134.49,4,1,4.0,1.0,ed7f6178cc015319c2faf3f3f26cbe34,72603,brasilia,DF,8.854328703703704,20.047141203703703,0,134.49
78d9bc19ffe6549f445e37d09987a476,2ece3b8e01f438305036fcf527809f4f,delivered,2017-09-05 23:00:10,2017-09-05 23:10:20,2017-09-08 17:10:14,2017-09-14 22:23:04,2017-09-27,549.1,52.37,1,1,601.47,1,1,5.0,1.0,feb4f5950408f25a870ca189d664bbca,35180,timoteo,MG,8.97423611111111,21.041550925925925,0,601.47
28f3f76a069124ea37b2e0c43408ae47,b6512881dd355fcce280ea6f92284193,delivered,2017-09-05 23:06:45,2017-09-05 23:15:10,2017-09-06 18:49:45,2017-09-19 18:23:52,2017-09-26,79.98,31.21,2,2,111.19,1,1,4.0,1.0,494f8a40e4cc505c7f0f224ec6b370ea,29306,cachoeiro de itapemirim,ES,13.80355324074074,20.036979166666665,0,111.19
687077f28510ca13f49e640d06c032ba,703cbd03b726ec242ab43c0c9258baab,delivered,2017-09-05 23:18:28,2017-09-05 23:30:14,2017-09-08 19:56:34,2017-09-13 23:33:19,2017-09-26,99.9,14.43,1,1,114.33,3,1,5.0,1.0,2e3ce4b5f6ef07ac274956b5eb33f916,31565,belo horizonte,MG,8.0103125,20.028842592592593,0,114.33000000000001
8053c8b6bcfa27de650bb879815c3835,e28f61f60696c03754e0ab705ed04182,delivered,2017-09-05 23:38:29,2017-09-07 02:45:30,2017-09-14 17:39:04,2017-09-21 19:07:58,2017-10-05,34.9,25.63,1,1,60.53,1,1,4.0,1.0,df060d00986253c06af905c95d50bb30,85575,sao jorge do oeste,PR,15.812141203703703,29.01494212962963,0,60.53
a0563252fd4da955a4bff4e622f4d81f,e87047759f9456e7b684908529381df9,delivered,2017-09-05 23:41:30,2017-09-07 03:03:46,2017-09-12 01:04:21,2017-09-18 20:43:37,2017-09-22,176.99,43.44,1,1,220.43,1,1,5.0,1.0,d6899f280d9ddca47bebaa7f4d3d1c53,20240,rio de janeiro,RJ,12.876469907407408,16.012847222222224,0,220.43
c86368d17ff48588fec9eae138854ea9,702635243e34f3e8ec65b8bc61e95cdb,delivered,2017-09-06 00:03:37,2017-09-06 05:32:59,2017-09-06 18:10:04,2017-09-11 20:45:51,2017-09-28,55.0,16.15,1,1,71.15,2,1,5.0,1.0,f85f92251dc2de1c9d2774b148e0385a,22021,rio de janeiro,RJ,5.862662037037037,21.997488425925926,0,71.15
b64694f8da34c98dc8734f15ad74ba86,56ecd08a6f16747959f7d6dc46d559ed,delivered,2017-09-06 00:20:57,2017-09-06 00:50:13,2017-09-12 21:52:07,2017-09-20 19:19:58,2017-10-06,119.8,35.34,2,1,155.14,3,1,1.0,1.0,b96977c98297c1f35980dca464fad4e9,88340,camboriu,SC,14.790983796296297,29.98545138888889,0,155.14
30f9a1ff42cc19d532df1d4431a9ac4d,9ec646fcbea9871a37321f99cbb761fc,delivered,2017-09-06 00:24:39,2017-09-06 00:50:11,2017-09-11 16:13:33,2017-09-12 18:21:41,2017-09-19,19.99,7.78,1,1,27.77,1,1,5.0,1.0,a0d3dcd779097f46b70ace35204f69ed,3350,sao paulo,SP,6.747939814814814,12.982881944444445,0,27.77
9c9504bb506aa1635fb6ad19be9bcfa9,5638c42751e237d265ad0c0536256311,delivered,2017-09-06 00:33:14,2017-09-08 07:03:44,2017-09-13 19:52:19,2017-09-14 16:58:54,2017-09-19,49.9,7.78,1,1,57.68,1,1,1.0,1.0,f7e0fe56fc317ded1c63a772a48d0159,6112,osasco,SP,8.68449074074074,12.976921296296297,0,57.68
e2301ba70a8f5a2873aaa909c1b2ca33,32300a21d1cf6478f4c03c36dfb4cbe2,delivered,2017-09-06 01:19:03,2017-09-09 04:50:15,2017-09-11 18:27:04,2017-09-14 20:34:44,2017-09-25,141.64,14.01,1,1,155.65,1,1,5.0,1.0,cd9572a2e854df312b6ebcf7e4863352,18170,piedade,SP,8.80255787037037,18.945104166666667,0,155.64999999999998
0775e96080c552251cd76472d32e0c83,b301495c792065eaa3c4fa6f11bb0407,delivered,2017-09-06 01:29:21,2017-09-06 01:44:00,2017-09-12 17:51:42,2017-09-19 14:33:10,2017-09-29,59.9,12.55,1,1,72.45,1,1,5.0,1.0,3a1702d4226eed2058871760d94c99a2,8215,sao paulo,SP,13.54431712962963,22.937951388888887,0,72.45
5c7d0a72d5ce2ffc03f4a86238abcd9d,0dd884f71795de2277b374e5714f7102,delivered,2017-09-06 05:47:55,2017-09-07 06:42:33,2017-09-08 17:51:51,2017-09-15 15:04:00,2017-09-28,240.35,17.44,1,1,257.79,1,1,5.0,1.0,b4e821d1470e0b442d201d391a455738,3438,sao paulo,SP,9.38616898148148,21.758391203703702,0,257.79
7f56220583170a9a779f55e555e7e986,d244114bc82b1db0b226afa94c736914,delivered,2017-09-06 07:36:35,2017-09-06 10:36:37,2017-09-06 18:07:50,2017-09-14 18:55:57,2017-09-26,35.9,15.1,1,1,51.0,5,1,2.0,1.0,ecfb2d1f226a6185306a765adc76bd23,35900,itabira,MG,8.471782407407407,19.68292824074074,0,51.0
0771233ce445ab49cb2542af0243618e,052c33d5b6909c0fe63290cb7bd7c08a,delivered,2017-09-06 07:52:36,2017-09-07 02:50:36,2017-09-08 16:03:14,2017-09-15 18:49:53,2017-09-25,27.92,12.69,1,1,40.61,1,1,5.0,1.0,0cadff7d5cd315b0367ce51a17c41814,14096,ribeirao preto,SP,9.45644675925926,18.671805555555554,0,40.61
e4b8672f8079cde3f79ec04e8d22a842,9405f5cbf0966150956f3f56ae1d3947,delivered,2017-09-06 07:56:09,2017-09-07 02:55:14,2017-09-12 09:20:01,2017-09-14 19:52:02,2017-09-25,45.9,11.85,1,1,57.75,1,1,,,7a4a7d265bdbc9597f541307cd041df2,14020,ribeirao preto,SP,8.497141203703704,18.669340277777778,0,57.75
f1860618b7674572f1f08801ab36833f,f3fd434cefcc530bec7e71f31a914b60,delivered,2017-09-06 08:34:13,2017-09-08 10:25:22,2017-09-11 19:47:59,2017-09-15 13:37:41,2017-09-26,1299.9,38.51,1,1,1338.41,8,1,5.0,1.0,97599f226d383eed46713abef6325439,4515,sao paulo,SP,9.210740740740741,19.642905092592592,0,1338.41
d79a5defeb5c3d2d81229a4cea976476,38ea8b9ac6e58928f083c96661616fef,delivered,2017-09-06 08:46:17,2017-09-09 05:04:06,2017-09-12 21:18:50,2017-09-19 21:45:01,2017-10-04,59.9,16.86,1,1,76.76,1,1,5.0,1.0,92d60fd2201b5330a8fc67e72845e00b,38740,patrocinio,MG,13.540787037037036,27.634525462962962,0,76.75999999999999
6889715ff8c8b1469cdf52549b71f572,3a0bd5d8e3cf00a7202f2d20193b190d,delivered,2017-09-06 08:46:57,2017-09-06 09:03:24,2017-09-08 15:29:04,2017-09-18 20:53:53,2017-09-28,89.99,14.38,1,1,104.37,4,1,4.0,1.0,ffcf1dc25f2222aea1aef48841f20f3a,70210,brasilia,DF,12.504814814814814,21.6340625,0,104.36999999999999
145795196f6224e4557aeca5cad2863f,10f785ba86bc0fdf97ffb919fc432181,delivered,2017-09-06 08:53:46,2017-09-06 09:05:48,2017-09-08 19:21:54,2017-09-26 21:37:36,2017-10-05,315.0,44.24,1,1,359.24,6,1,5.0,1.0,ff0bf129a159cce3ea17ae8341c630f8,98200,ibiruba,RS,20.530439814814816,28.629328703703703,0,359.24
09e3a74fe474342885a70d1b2452c1e2,4ca9a0827276e08dc7f6501766861b04,delivered,2017-09-06 08:58:14,2017-09-07 02:56:08,2017-09-25 18:34:44,2017-10-11 20:58:51,2017-10-03,50.0,47.79,1,1,97.79,1,1,1.0,1.0,81e1e6fb1bbc3a061c8c5f6c9ffa9650,44720,miguel calmon,BA,35.50042824074074,26.62622685185185,1,97.78999999999999
8f936fb77c720ab9ccd618af38c885cc,58d45cf285d3d5bdd45609c696e00b9e,delivered,2017-09-06 09:24:02,2017-09-06 09:35:20,2017-09-06 17:21:38,2017-09-17 14:25:56,2017-10-02,29.0,17.63,1,1,46.63,4,1,5.0,1.0,35a4f22fd08c2cf0007129a2ff4e0546,50070,recife,PE,11.209652777777778,25.608310185185186,0,46.629999999999995
692db147c656a46d659c6615b8e429bb,2985a45ede6266a319c63f00edcf10c1,delivered,2017-09-06 09:26:53,2017-09-06 09:44:03,2017-09-08 17:33:58,2017-09-18 22:22:23,2017-09-29,169.9,15.94,1,1,185.84,7,1,3.0,1.0,a01276261f0936652b1b315f94104b38,79042,campo grande,MS,12.538541666666667,22.606331018518517,0,185.84
2d62ae6267e4fadef5b636987094dd99,27b1dcf8d024957e6a19aa018f014dd3,delivered,2017-09-06 09:34:48,2017-09-06 09:45:38,2017-09-06 20:04:10,2017-09-18 19:33:58,2017-09-29,59.9,17.67,1,1,77.57,7,1,4.0,1.0,2278d5880dfbfab995f4a65bf082f444,87250,peabiru,PR,12.416087962962964,22.600833333333334,0,77.57
08d1ac9ae1dcec96c3422ade2005fe94,9eaca8a90e67b6779a2dce5d3b4c434d,delivered,2017-09-06 09:44:50,2017-09-06 10:04:33,2017-09-13 13:15:04,2017-09-19 21:43:40,2017-09-27,199.9,17.16,1,1,217.06,4,1,2.0,1.0,564fb2956ed34f0a78c1cc37d731f3d9,31530,belo horizonte,MG,13.499189814814814,20.59386574074074,0,217.06
f816e2d1a8c3f47837c88fc08ba39dce,98b57da4f6372460e9bd54e2e4491e0b,delivered,2017-09-06 09:49:37,2017-09-07 02:55:55,2017-09-13 18:22:53,2017-09-18 19:42:48,2017-09-29,1287.0,50.19,3,1,1337.19,1,1,5.0,1.0,019ac5580a897d52e5ed6f7ed89ade27,13170,sumare,SP,12.41193287037037,22.59054398148148,0,1337.19
e55fb3457f263ce9c93e88a934d7cc17,f185f0c103eaf4cdb003c5fd33d29a9c,delivered,2017-09-06 09:52:11,2017-09-06 10:05:16,2017-09-08 16:14:11,2017-09-16 16:19:28,2017-09-19,48.9,11.73,1,1,60.63,2,1,5.0,1.0,082d6b71dce3485197b2204a0462acff,13186,hortolandia,SP,10.26894675925926,12.588761574074073,0,60.629999999999995
e56a1cb152fd9b915de07e0f4f5b462b,1f468c5a64641a32137d557ade625dbf,delivered,2017-09-06 09:52:56,2017-09-06 16:05:18,2017-09-11 19:27:45,2017-10-05 19:03:52,2017-10-17,1299.9,44.46,1,1,1344.36,1,1,4.0,1.0,69d93815c9ea08e83377d78cb088a295,76820,porto velho,RO,29.38259259259259,40.588240740740744,0,1344.3600000000001
6eec08eba397611760a7ccd3cd4aa98b,c142fd8186cfdd8c1ef9957f24a419fe,delivered,2017-09-06 09:58:22,2017-09-07 10:34:36,2017-09-11 15:43:29,2017-09-12 17:39:56,2017-09-19,25.0,7.78,1,1,32.78,1,1,3.0,1.0,41b3ab6b1f95cbd2afb361e852a56917,5617,sao paulo,SP,6.320532407407407,12.584467592592592,0,32.78
cf1bc456a0d5c63bb6c94d3b8b2c56e7,3957cd0afb5bb497ebba4cc825703737,delivered,2017-09-06 10:15:27,2017-09-09 06:34:59,2017-09-12 14:32:56,2017-09-19 17:54:20,2017-09-26,57.0,14.27,1,1,71.27,1,1,5.0,1.0,2e9fa6156ef798653e721237123f372b,88495,garopaba,SC,13.318668981481482,19.572604166666668,0,71.27
cc225370b5daec8af404bf5c87edf766,1b95bae1b15f09602c5b5046cba2128c,delivered,2017-09-06 10:18:08,2017-09-07 10:25:22,2017-09-12 17:22:24,2017-09-14 18:21:54,2017-09-26,205.0,17.06,1,1,222.06,2,1,5.0,1.0,288176d126141574b79386872d9f15c7,6070,osasco,SP,8.335949074074074,19.570740740740742,0,222.06
2f23a9158502cad79609b5f062f56ca0,b4d853918c551623466de85298b74aa0,delivered,2017-09-06 10:19:12,2017-09-06 10:30:10,2017-09-12 21:23:36,2017-09-13 19:07:29,2017-09-19,339.0,11.19,1,1,350.19,1,1,4.0,1.0,46dd7775bb1ba7e8a2b4b9d8e959098c,2317,sao paulo,SP,7.366863425925926,12.57,0,350.19
b5fd688e3b4992b03fe982e9d569653b,99d24bc37b036ea1d3126f00f198151a,delivered,2017-09-06 10:20:54,2017-09-06 10:38:10,2017-09-06 19:12:47,2017-09-28 15:42:28,2017-10-05,92.9,16.41,1,1,109.31,10,1,4.0,1.0,9248e335d66fbb55cce9b6669ad4be06,99900,getulio vargas,RS,22.223310185185184,28.568819444444443,0,109.31
f55a684badae11bd4d494dd474d82130,3c984113b6e566d2dd37ded86c65eb0a,delivered,2017-09-06 10:21:17,2017-09-06 10:38:11,2017-09-08 19:51:33,2017-09-14 14:10:32,2017-09-26,1299.9,38.51,1,1,1338.41,8,1,4.0,1.0,16ae388d8c36c71739021268d3578191,2435,sao paulo,SP,8.159201388888889,19.56855324074074,0,1338.41
19eab825a1c06f76aa724771ac4db143,2f44de5a6887ace186c43b3d92c0176f,delivered,2017-09-06 10:22:02,2017-09-06 10:37:34,2017-09-06 16:48:03,2017-09-12 16:42:24,2017-09-28,199.0,15.14,1,1,214.14,2,1,5.0,1.0,bef66fd862d56f0f9d318ee5a5638c0e,30350,belo horizonte,MG,6.264143518518519,21.568032407407408,0,214.14
4febe1be4f45c27a03af55f77bcffbbe,39f6de22ea9494079cac9d968471882e,delivered,2017-09-06 10:22:42,2017-09-06 10:38:14,2017-09-15 22:27:50,2017-09-21 20:02:33,2017-10-03,279.99,91.19,1,1,371.18,10,1,5.0,1.0,1f76f5c883109a343cca6b54c0303144,27323,barra mansa,RJ,15.402673611111112,26.567569444444445,0,371.18
91481fd2c4c491b2e7b8fc96167b68ca,ba2a3c3376d6aea33f833aa74d9558be,delivered,2017-09-06 10:35:27,2017-09-07 10:43:30,2017-09-12 18:57:26,2017-09-20 21:22:27,2017-09-27,59.9,15.86,1,1,75.76,2,1,5.0,1.0,4e183ff198e115f2be550f980456e7cd,22776,rio de janeiro,RJ,14.449305555555556,20.55871527777778,0,75.75999999999999
6e821c1f2504ac8ae2e154ab1e4f933e,f6191786cb5b551812e61a8c45ba8a44,delivered,2017-09-06 10:54:12,2017-09-12 07:35:19,2017-09-12 20:32:24,2017-09-26 18:07:35,2017-09-29,69.9,20.98,1,1,90.88,1,1,1.0,1.0,8d2ac331a29d2be880cfd7eb3448b889,88590,anita garibaldi,SC,20.30096064814815,22.545694444444443,0,90.88000000000001
3517c4c24184e3c518a1c8319dc60765,7d33b236218941a7bca694abb998eeda,delivered,2017-09-06 11:16:05,2017-09-06 11:25:21,2017-09-06 19:10:09,2017-09-19 21:17:41,2017-09-28,119.9,21.33,1,1,141.23,5,1,5.0,1.0,d0c62583f73531eba6338b2390e7a861,13636,pirassununga,SP,13.417777777777777,21.530497685185185,0,141.23000000000002
208f186df8ea1fa4fa3d2672752e9788,7d08f025c28db259763efb79171d7fbe,delivered,2017-09-06 11:17:54,2017-09-07 02:44:00,2017-09-12 19:32:18,2017-09-20 20:55:06,2017-09-27,116.9,21.31,1,1,138.21,1,1,5.0,1.0,b31a9f05df5545cbe16aedbe65e3c560,37200,lavras,MG,14.400833333333333,20.52923611111111,0,138.21
e5c4134a422573e560cba643f9318bc1,a9bd1380771bf35ef3a1ccb7f486df97,delivered,2017-09-06 11:36:42,2017-09-06 11:45:19,2017-09-06 18:43:11,2017-09-13 19:24:49,2017-09-29,105.0,22.6,1,1,127.6,2,1,5.0,1.0,ef412a56d1af9fa73aa67d5673c27d64,78035,cuiaba,MT,7.325081018518518,22.516180555555554,0,127.6
5abfc2c21926dd42e4e2a94abd87e23e,702c309288b89d7dffc52be2907d7530,delivered,2017-09-06 11:42:49,2017-09-07 10:33:33,2017-09-08 15:10:13,2017-09-11 18:57:39,2017-09-19,49.0,7.78,1,1,56.78,1,1,5.0,1.0,3602c0b7f977119a685bd6031eb44723,7241,guarulhos,SP,5.301967592592592,12.511932870370371,0,56.78
8e3c9254e32eaf71c2212f6cebdc24f7,873bfa2a703bc5d760b93ea19968b098,delivered,2017-09-06 11:44:23,2017-09-06 11:55:21,2017-09-08 17:41:39,2017-09-19 18:32:33,2017-09-29,249.9,22.24,1,1,272.14,10,1,5.0,1.0,dc44f10ea637e0a1bb5b67f76654c882,86605,rolandia,PR,13.283449074074074,22.510844907407407,0,272.14
385de753cc8af8758bf66d29d9916e66,83cc2c8ce60cb5aa51122ccb4bee73eb,delivered,2017-09-06 11:47:44,2017-09-07 02:50:39,2017-09-12 20:03:13,2017-09-18 18:47:49,2017-09-19,18.51,7.78,1,1,26.29,1,1,5.0,1.0,2781ec56c6a3b0403a3e6ef1aa055461,7272,guarulhos,SP,12.291724537037037,12.50851851851852,0,26.290000000000003
d1897146cbeab2b888285ca6264056a1,f07928d150a941fee3793cbfa6e62e1b,delivered,2017-09-06 11:57:49,2017-09-07 12:05:38,2017-09-11 12:23:46,2017-09-14 19:42:48,2017-10-02,47.98,30.2,2,1,78.18,7,1,5.0,1.0,7193dd1818cc6c9a6e21276c13a5768b,84020,ponta grossa,PR,8.322905092592592,25.501516203703705,0,78.17999999999999
8102ed72fe93cfe6ff25c794e15233a1,f456228855b27815fdeae0ad96dc17ca,delivered,2017-09-06 11:59:05,2017-09-06 12:10:14,2017-09-06 19:26:43,2017-09-11 21:57:31,2017-09-19,73.9,9.27,1,1,83.17,4,1,5.0,1.0,f4a8d1cda35738fe71e53e1715302e54,13454,santa barbara d'oeste,SP,5.415578703703703,12.500636574074074,0,83.17
4599caaeb7614fc2c3aa1d74531005e1,6b7d1dd42181e388028e9ac8d8045168,delivered,2017-09-06 12:12:25,2017-09-07 10:33:48,2017-09-08 15:29:55,2017-09-21 12:40:25,2017-10-05,29.0,17.63,1,1,46.63,1,1,5.0,1.0,ff7e34d7927c3195ab6e011180fa9e0e,66073,belem,PA,15.019444444444444,28.491377314814816,0,46.629999999999995
9f1d354d0b38456cb1333c100e1388c5,019681cd120e7fe89ebdd06172639f58,delivered,2017-09-06 12:16:44,2017-09-07 10:34:16,2017-09-08 16:07:44,2017-09-18 21:42:41,2017-10-04,164.9,34.0,2,2,198.9,1,1,1.0,1.0,32b55e3ff7aff85f38bd91db0e006b30,78600,barra do garcas,MT,12.393020833333333,27.48837962962963,0,198.9
bfa10a79da20194eb33afb833020e3eb,f5e85d85dbeb2debc1f3823cfce633c1,delivered,2017-09-06 12:18:55,2017-09-06 12:30:14,2017-09-08 19:21:53,2017-09-15 21:27:52,2017-09-29,299.99,35.9,1,1,335.89,18,1,5.0,1.0,de1b7bc73693b558e505ad4099639843,16600,pirajui,SP,9.381215277777779,22.486863425925925,0,335.89
90daf8a4be0209f5561c754e9461925f,51722798df7658e633810cc6e0fa40a1,delivered,2017-09-06 12:19:55,2017-09-06 12:35:18,2017-09-08 20:51:21,2017-09-21 22:18:00,2017-09-27,173.9,31.06,1,1,204.96,10,1,4.0,1.0,3876fbca6c768943f0eae43e390256a1,13054,campinas,SP,15.415335648148147,20.48616898148148,0,204.96
f0ac8024ca852f443c16cb778445a4e0,3a17d2a2e4f6704f17a04491bbb5c352,delivered,2017-09-06 12:20:48,2017-09-06 12:35:19,2017-09-11 20:07:46,2017-09-18 21:15:58,2017-09-28,50.0,17.6,1,1,67.6,1,1,1.0,1.0,e00e4729dc3640a095c3cdcbe12bdf00,35970,barao de cocais,MG,12.37164351851852,21.485555555555557,0,67.6
1a667c9f13248047e6402a28b934c2e0,72084927a5286f8e61903b282eb1d41e,delivered,2017-09-06 12:28:33,2017-09-06 12:43:33,2017-09-11 16:21:37,2017-09-12 23:47:27,2017-09-19,18.9,7.78,1,1,26.68,1,1,3.0,1.0,3636f1d0fc31b743af8f8261e6dc8d5b,6333,carapicuiba,SP,6.4714583333333335,12.48017361111111,0,26.68
92be217451e443e50d816ab21286d00d,55fc561cdd959beb7c1b679f4f42c732,delivered,2017-09-06 12:30:18,2017-09-06 12:45:18,2017-09-08 17:10:15,2017-09-13 20:17:37,2017-09-25,108.9,40.75,1,1,149.65,4,2,5.0,1.0,d5ef13f67eb8a4287538c0b0e8eae171,18603,botucatu,SP,7.324525462962963,18.478958333333335,0,149.65
ce6ff4543efa5c36ab4ee967236674db,46b722b9131de67c3cae9b07c011588e,delivered,2017-09-06 12:33:12,2017-09-07 12:43:47,2017-09-11 20:16:38,2017-09-21 17:21:53,2017-10-05,76.0,15.28,1,1,91.28,4,1,3.0,1.0,c84c9cdfce20211630af230c743c96f5,95760,sao sebastiao do cai,RS,15.200474537037037,28.476944444444445,0,91.28
ddc3d480190a889acc51fb21d634c044,8ae23a65de42e37af02009f57d04ac19,delivered,2017-09-06 12:34:01,2017-09-06 12:45:22,2017-09-09 13:23:11,2017-09-16 16:46:00,2017-09-25,259.9,13.32,1,1,273.22,6,1,4.0,1.0,4ecce88e67e0fd22a0bd2fdab3ea9af9,6622,jandira,SP,10.174988425925926,18.476377314814815,0,273.21999999999997
5261141ee2f17f6a0dcb5f7aab6acaec,ec47e17cccb7d09149ab2628270be3ee,delivered,2017-09-06 12:34:47,2017-09-07 02:44:01,2017-09-11 20:59:58,2017-09-13 20:23:33,2017-09-27,118.9,14.56,1,1,133.46,1,1,5.0,1.0,77ff6babd6fbffa27c787adf3142c8f4,6273,osasco,SP,7.325532407407407,20.475844907407406,0,133.46
c41052b3d56ec6a841c5b54af9845a32,5e7cb3f540fe40a51100dabaf1a5cfb9,delivered,2017-09-06 12:37:51,2017-09-06 12:50:18,2017-09-06 20:00:05,2017-09-11 22:03:00,2017-09-25,99.8,25.38,2,1,125.18,1,1,4.0,1.0,6aa39ead0187330319524b7b21585eff,11702,praia grande,SP,5.392465277777778,18.473715277777778,0,125.17999999999999
76f9d7c41ec81afb53b8d00dc0fecede,9c978712900e0546c48062a001f4e4ab,delivered,2017-09-06 12:45:46,2017-09-08 13:23:33,2017-09-11 13:10:12,2017-09-13 22:46:32,2017-09-20,19.99,8.27,1,1,28.26,2,1,3.0,1.0,f1e0492ab6298fe3fbc216c7330d3d2e,13190,monte mor,SP,7.417199074074074,13.468217592592593,0,28.259999999999998
cd01c1252b19226f4fec023234aaa41d,1c4871467e9b6bd73240e47909222597,delivered,2017-09-06 12:46:07,2017-09-06 13:03:43,2017-09-06 20:42:19,2017-09-11 12:23:54,2017-09-26,105.0,22.6,1,1,127.6,1,1,4.0,1.0,93b9901534ce68e10dc98174db711008,3461,sao paulo,SP,4.984571759259259,19.467974537037037,0,127.6
493bfa3afd1c7c384e300b4f4b511048,47d35d8232327cb512ac7b6b84305871,delivered,2017-09-06 12:51:43,2017-09-06 13:05:11,2017-09-12 16:29:31,2017-09-23 16:26:23,2017-10-02,125.0,18.12,1,1,143.12,2,1,3.0,1.0,e0fd7725d9467c84add5e7c9c047ceb9,71692,brasilia,DF,17.149074074074075,25.46408564814815,0,143.12
b5ce2ab79c7923ac899f38c6f48ade42,8da4c2f6272f4a9218d9dda0f025495c,delivered,2017-09-06 12:59:56,2017-09-11 13:55:50,2017-09-29 19:51:11,2017-10-16 14:52:01,2017-09-28,45.99,14.1,1,1,60.09,1,1,4.0,1.0,940b5d5aac34067485a393d6c465d974,13031,campinas,SP,40.077835648148145,21.45837962962963,1,60.09
dfc7bfc60d0dfafee75e8eec014851f9,31d542804172b7d8478fca8e6c47eba7,delivered,2017-09-06 13:07:38,2017-09-06 13:15:23,2017-09-12 19:58:45,2017-09-18 20:12:06,2017-09-26,179.9,24.64,1,1,204.54,2,1,5.0,1.0,5ec9ab6daf0fa86fead6629d515dd974,22745,rio de janeiro,RJ,12.294768518518518,19.453032407407406,0,204.54000000000002
91575acf2a356af85894e1c3b1612e81,9303027a4c0c8a1e479e4c67045dff4a,delivered,2017-09-06 13:07:48,2017-09-06 13:24:07,2017-09-12 13:21:23,2017-09-29 13:46:06,2017-09-29,79.9,17.81,1,1,97.71,1,1,4.0,1.0,2a3126325a3b3981d40d3662894199e6,21755,rio de janeiro,RJ,23.02659722222222,22.452916666666667,1,97.71000000000001
b654b7344f08cc73e20ed2c4f5855bd6,c9cb57b640e67ea0437a79903e2d2fcb,delivered,2017-09-06 13:08:36,2017-09-07 02:50:13,2017-09-08 16:28:44,2017-09-09 13:06:45,2017-09-19,52.0,11.73,1,1,63.73,1,1,5.0,1.0,26738f46bcdeb6d82d07035f201b2e19,5131,sao paulo,SP,2.998715277777778,12.452361111111111,0,63.730000000000004
8a3a8f42d50b55a791a051a19d856c6c,778aed33f729f0922a13de9642c9443b,delivered,2017-09-06 13:09:28,2017-09-07 13:23:27,2017-09-08 18:57:21,2017-09-15 21:19:55,2017-10-04,99.0,19.93,1,1,118.93,6,1,5.0,1.0,dd9d55e4b22e4677620a448025caade1,18209,itapetininga,SP,9.340590277777778,27.45175925925926,0,118.93
5fd0b812a7ad786c02970c4223ef1dff,8c13e5ab23851a6fdf5000a1db2378db,delivered,2017-09-06 13:12:04,2017-09-06 13:24:09,2017-09-22 19:43:00,2017-10-20 20:00:04,2017-09-25,619.98,28.84,2,1,648.82,6,1,1.0,1.0,25f2a384fa2be0af7d759ec22bd5e88e,48110,catu,BA,44.28333333333333,18.449953703703702,1,648.82
4385f30f644c4a6964dfef0a175611c3,fd731dc437433b51a53811eefe992e99,delivered,2017-09-06 13:13:08,2017-09-06 13:24:08,2017-09-06 21:11:22,2017-10-06 11:33:06,2017-10-09,69.9,38.04,1,1,107.94,3,1,4.0,1.0,f310da55d942230c28e1b407b4991d16,57200,penedo,AL,29.93053240740741,32.44921296296296,0,107.94
e7bf5b3305b73ad31a0306f433c8dd84,192c6d78c5af56baf060b9b2792bdbb5,delivered,2017-09-06 13:14:11,2017-09-08 13:30:10,2017-09-15 17:38:01,2017-09-21 16:13:12,2017-10-04,850.0,28.82,1,1,878.82,5,1,5.0,1.0,2d36150566df190083b883ed2f12cc7e,55270,venturosa,PE,15.12431712962963,27.448483796296298,0,878.82
42895607072db349b61edb6cdbc363a3,2eb20bcef198dfa0ecc7d8e46ba0c856,delivered,2017-09-06 13:14:35,2017-09-06 13:30:14,2017-09-11 19:34:42,2017-10-05 18:37:25,2017-10-03,185.0,28.67,1,1,213.67,4,1,4.0,1.0,db0898e62cb42db700932d47b1d7a0d7,44089,feira de santana,BA,29.224189814814814,26.44820601851852,1,213.67000000000002
7a19a03fa5f748e858559ddde2408f4d,d9e2713ce1636a2e4987b42b58af0ca9,delivered,2017-09-06 13:17:20,2017-09-06 13:30:13,2017-09-08 20:22:35,2017-09-22 02:16:06,2017-10-02,115.19999999999999,80.67,3,1,195.87,9,2,5.0,1.0,330c4a922701111858639f6dc8defc3a,62370,sao benedito,CE,15.540810185185185,25.446296296296296,0,195.87
659862bc91d0c543aa9a3ecd268792c5,896ef8aa8a85480f35a6053ff3cda8c0,delivered,2017-09-06 13:30:16,2017-09-07 02:55:20,2017-09-08 15:29:55,2017-09-18 15:22:08,2017-09-29,29.0,14.1,1,1,43.1,1,1,4.0,1.0,43574be9ef34a91c6585180f9977cc40,75440,brazabrantes,GO,12.077685185185185,22.437314814814815,0,43.1
a7a6f07430f4582429b12cd0c2bcfd3e,c2e3cf920b413000eca5ae4e99f0f169,delivered,2017-09-06 13:30:42,2017-09-06 13:44:06,2017-09-11 19:33:35,2017-09-12 16:17:58,2017-09-21,189.9,14.93,1,1,204.83,8,1,5.0,1.0,421939bd58691b9212a5fdb4fff8d2b7,9570,sao caetano do sul,SP,6.116157407407408,14.437013888888888,0,204.83
405700c657d0b6fb125f7507a0bce1c7,26a7e6890b38bbe07024d793614d8e34,delivered,2017-09-06 13:36:57,2017-09-06 13:45:12,2017-09-11 20:27:37,2017-09-18 21:54:27,2017-09-25,48.0,15.11,1,1,63.11,3,1,5.0,1.0,5e45d7ebbd66a428e7ee79a89819f1ee,23055,rio de janeiro,RJ,12.34548611111111,18.43267361111111,0,63.11
8a7637d805be7b25b3124bf6aeb04c26,6efdefc87ef0d5271d966d614a835854,delivered,2017-09-06 13:45:06,2017-09-06 14:04:01,2017-09-08 15:00:10,2017-09-21 16:09:30,2017-10-04,116.0,16.57,1,1,132.57,2,1,5.0,1.0,9570ee246b342f0b07deca4b6886436a,89240,sao francisco do sul,SC,15.100277777777778,27.42701388888889,0,132.57
76c5b78f3697891a4d6e6cd23a4862a1,f49d254bc11c026cf3e7ec5d1509ae4d,delivered,2017-09-06 13:56:42,2017-09-07 10:33:32,2017-09-12 19:47:29,2017-09-18 17:52:55,2017-09-27,45.9,14.1,1,1,60.0,1,1,5.0,1.0,bb4d6391163b87081a7db373e6336ec4,74215,goiania,GO,12.164039351851851,20.418958333333332,0,60.0
8530e2069f9db01013a5f935b785eee3,0b076ac974923c786bc7129abb43ee10,delivered,2017-09-06 13:59:32,2017-09-06 17:15:09,2017-09-14 21:52:55,2017-09-21 16:46:49,2017-09-28,319.9,67.05,1,1,386.95,1,1,5.0,1.0,406d771477be10699ab32e7383fc858f,39920,jordania,MG,15.116168981481481,21.41699074074074,0,386.95
4a686b47e7eecbd136617bf8ae7c9af4,a5fe7ca5fb58c324b70067c651d35c87,delivered,2017-09-06 14:13:12,2017-09-06 14:24:56,2017-09-08 20:42:19,2017-09-18 18:47:32,2017-10-03,31.0,25.63,1,1,56.629999999999995,1,1,5.0,1.0,1430d94bf355873fe5b597f212ba02fb,55010,caruaru,PE,12.19050925925926,26.4075,0,56.629999999999995
51c6e11bdc431158ce46b1c5f2ddc4a6,8aaadff064175bf6980a886fec198546,delivered,2017-09-06 14:18:42,2017-09-07 10:35:17,2017-09-08 12:50:07,2017-09-12 18:02:40,2017-09-25,34.99,13.5,1,1,48.49,1,1,3.0,1.0,10fa17d3bc4b4692b85cbf224a3392b0,88131,palhoca,SC,6.155532407407407,18.403680555555557,0,48.49
212363bf0053733bdb8324a07cede4bc,94ea98eea015faad90cd64998848d18d,delivered,2017-09-06 14:25:10,2017-09-06 14:35:10,2017-09-08 15:56:57,2017-09-22 12:14:18,2017-10-02,49.9,16.11,1,1,66.01,1,1,5.0,1.0,0b7fea4fad79c46f6c10b848e20e9115,29735,quilometro 14 do mutum,ES,15.90912037037037,25.399189814814815,0,66.00999999999999
a462c8de1c8c82abe3661cb123a167c4,34f95f0bfdae9d74c69ca03c5ef7d652,delivered,2017-09-06 14:28:10,2017-09-06 14:43:55,2017-09-15 17:13:34,2017-09-25 22:06:47,2017-09-27,80.0,14.31,1,1,94.31,2,1,3.0,1.0,a2311e89ac2c26760a79af2a90f9ac8b,13474,americana,SP,19.318483796296295,20.397106481481483,0,94.31
065f2f78a7067e37f695bed618512704,bf175649612501ee4ef4a916f45bc73c,delivered,2017-09-06 14:34:17,2017-09-06 15:20:13,2017-09-08 16:20:06,2017-09-13 20:15:00,2017-09-25,18.17,11.85,1,1,30.02,3,1,4.0,1.0,08554ba98b22fef639d30edbb94dceb3,5172,sao paulo,SP,7.236608796296296,18.392858796296295,0,30.020000000000003
3287906d23c6e6cb0ebb48f0b766001b,1c01b6e99332e712ccd834ae02122d20,delivered,2017-09-06 14:39:40,2017-09-06 14:52:27,2017-09-08 15:50:06,2017-09-19 16:59:01,2017-09-27,39.9,16.79,1,1,56.69,2,1,4.0,1.0,88f7972f3f521975d199f30aae8053ff,14040,ribeirao preto,SP,13.096770833333334,20.38912037037037,0,56.69
fc49594233f3f2be65bbb04bb82140b6,77e73bd7cd58e195d0e97161d3b6bcad,delivered,2017-09-06 15:13:10,2017-09-06 15:25:24,2017-09-08 16:17:40,2017-09-18 19:36:55,2017-09-27,49.0,16.11,1,1,65.11,1,1,5.0,1.0,75ee8169122e60d984ef1f105a2e697d,25015,duque de caxias,RJ,12.183159722222221,20.365856481481483,0,65.11
7672a59c69b073e25dba933ef431d182,ee9da0765943a521ee53135a2a6c407b,delivered,2017-09-06 15:20:29,2017-09-06 15:35:20,2017-09-12 17:43:13,2017-09-19 19:42:31,2017-10-09,151.2,18.31,1,1,169.51,2,1,5.0,1.0,93fc0adb343c8db5e0310f04859e7e82,32675,betim,MG,13.181967592592592,32.36077546296296,0,169.51
93d5e6e96278f675c4d917ff0bd6e0e3,bfa36949d512d454d7b70146ecc863a4,delivered,2017-09-06 15:23:56,2017-09-07 02:44:04,2017-09-08 19:36:23,2017-09-19 20:29:09,2017-10-03,18.17,16.79,1,1,34.96,1,1,4.0,1.0,7041fc1bc59f83554608a67e0dad47b0,45820,eunapolis,BA,13.211956018518519,26.35837962962963,0,34.96
16febac56c216c1cc40407ff81315a97,d36ad67e31081649d98206e542b056fb,delivered,2017-09-06 15:31:17,2017-09-06 15:43:32,2017-09-09 13:22:35,2017-09-14 22:35:52,2017-09-27,94.0,60.4,4,1,154.4,8,1,5.0,1.0,e68856e8450afe7390b02d1b2bcefb29,38080,uberaba,MG,8.294849537037036,20.353275462962962,0,154.4
d99c420247e75649dd121c367f391348,1622d70ef3cb92db3316803ecfc7671e,delivered,2017-09-06 15:36:32,2017-09-06 15:50:15,2017-09-12 19:41:21,2017-09-15 12:57:53,2017-09-19,359.86,18.22,1,1,378.08,10,1,5.0,1.0,8ee4fb8d09197a94094f4161e1f2dd2c,7175,guarulhos,SP,8.889826388888888,12.34962962962963,0,378.08000000000004
550a829a6ba3991905c34d5c15b2f50e,32846c0a002f03651acaef99053ec024,delivered,2017-09-06 15:46:37,2017-09-07 02:50:19,2017-09-11 16:49:49,2017-09-13 21:54:04,2017-10-09,59.9,13.57,1,1,73.47,1,1,5.0,1.0,ab8233cbd8763b23a32af9810fd6265a,88110,sao jose,SC,7.255173611111111,32.34262731481481,0,73.47
2c12a0b42917704f04946e4ac2cfe69d,a7504d659dc52d836ea79c92b3da15fc,delivered,2017-09-06 15:56:43,2017-09-06 16:10:16,2017-09-08 19:41:24,2017-09-13 17:49:05,2017-10-03,51.2,16.8,1,1,68.0,1,1,5.0,1.0,53c2227d66a7f94436b84a74ff37078c,4272,sao paulo,SP,7.078032407407408,26.335613425925924,0,68.0
858d458b39082890e96fbb1fed8c2a52,f959b7bc834045511217e6410985963f,delivered,2017-09-06 16:10:51,2017-09-06 17:15:08,2017-09-11 19:48:01,2017-09-16 16:18:03,2017-09-26,1299.9,38.51,1,1,1338.41,3,2,4.0,1.0,1033eef37a760a832f9b2332ce23fdc5,4827,sao paulo,SP,10.005,19.32579861111111,0,1338.41
657034554884ec6fdf6ed37c8c6788ff,87cb81e00b79f677fc2a6bb9ccdbec9e,delivered,2017-09-06 16:22:12,2017-09-06 16:37:14,2017-09-08 21:57:37,2017-09-23 15:28:07,2017-10-09,76.7,15.29,1,1,91.99,1,1,5.0,1.0,20a7563d472a9ac62e08f4de6ffe0415,90040,porto alegre,RS,16.96244212962963,32.31791666666667,0,91.99000000000001
51f15a10614267de8d770ec0ec09febd,3452bc25e2ce8675c1e0731cf3933b33,delivered,2017-09-06 16:23:56,2017-09-06 16:37:28,2017-09-08 20:45:47,2017-09-21 18:44:52,2017-09-28,185.89,20.54,1,1,206.43,10,1,5.0,1.0,a68c9c34242f5364df4ff3e06debd8c7,88330,balneario camboriu,SC,15.097870370370371,21.316712962962963,0,206.42999999999998
0b9c8acf14e3553395cf435472988a1b,ed06079dced62dbfd744b48a2dd8e789,delivered,2017-09-06 16:35:32,2017-09-06 16:50:16,2017-09-06 23:03:16,2017-09-13 19:38:01,2017-09-27,29.97,15.79,1,1,45.76,4,1,5.0,1.0,30918014dcdd61ccbeb79c2fd3bc8d6e,41720,salvador,BA,7.126724537037037,20.308657407407406,0,45.76
984ccd2f61565cb8294d4ee05bdebb0c,e8dacc755f6a162fccb441234c60d96a,delivered,2017-09-06 16:39:49,2017-09-06 16:50:32,2017-09-08 15:15:00,2017-09-11 18:41:33,2017-09-25,29.9,14.1,1,1,44.0,2,1,5.0,1.0,ce9396ad300a338fff9b4a8814499949,1223,sao paulo,SP,5.084537037037037,18.30568287037037,0,44.0
d27f68b7ab23e7d54229e59537c29176,24f24e0a790d2078061f35039cb310fe,delivered,2017-09-06 16:42:32,2017-09-06 16:50:31,2017-09-11 15:04:36,2017-09-15 19:49:44,2017-09-26,63.9,22.52,1,1,86.42,5,1,5.0,1.0,3bb6099eaf979b4e713e6f4d228d4e20,37701,pocos de caldas,MG,9.13,19.303796296296298,0,86.42
9753266fd3691e80807befa94a344891,f2ac77c534d123cc57a24825215a8aa3,delivered,2017-09-06 16:58:02,2017-09-06 17:10:22,2017-09-08 20:12:41,2017-09-13 23:22:19,2017-09-25,59.9,11.92,1,1,71.82,1,1,4.0,1.0,8cb75731a273181c8e81f79cf217ec84,13472,americana,SP,7.2668634259259255,18.293032407407406,0,71.82
a4a57f1ffa25b90dea9f150fee89db84,c12c796652c71de90173ccac158ae68f,delivered,2017-09-06 17:07:29,2017-09-06 17:15:12,2017-11-06 20:51:56,2017-12-01 17:09:10,2017-10-27,975.0,108.96,1,1,1083.96,7,1,1.0,1.0,32afcac85e2ba27b9db02f95529a9e2e,68537,canaa dos carajas,PA,86.00116898148148,50.28646990740741,1,1083.96
8073b9d2a53026d45880252243b0c646,62f7de825bc458cc12c2f6bb39a397f5,delivered,2017-09-06 17:10:19,2017-09-06 17:30:26,2017-09-11 21:23:01,2017-09-16 17:14:39,2017-09-26,148.0,17.29,1,1,165.29,3,1,5.0,1.0,2c57d7c4918e4227b7d39e653ae2ad6c,5861,sao paulo,SP,10.00300925925926,19.284502314814816,0,165.29
0e3669da7effc0dce5fe5e8a52bb5805,9239e5e8adf3005462a81ff994c43941,delivered,2017-09-06 17:15:02,2017-09-09 04:55:14,2017-09-11 15:50:33,2017-09-19 09:24:02,2017-09-25,16.72,12.69,1,1,29.41,1,1,5.0,1.0,313d264786169d661c203a13672913ca,19570,regente feijo,SP,12.672916666666667,18.28122685185185,0,29.409999999999997
6c29a1600608d3f50e40bb2543cc32e1,abd4cf567f36e6394e9d06147c4b125c,delivered,2017-09-06 17:38:59,2017-09-06 17:50:13,2017-09-12 15:18:42,2017-09-13 18:07:47,2017-09-21,169.9,12.89,1,1,182.79,2,1,5.0,1.0,08fd77878700d65686c99b27213f5b61,83707,araucaria,PR,7.02,14.264594907407407,0,182.79000000000002
97479dca48e26f93b2d370551d4603c5,913a32a0484c74b243581cd8b1821ae9,delivered,2017-09-06 17:41:59,2017-09-07 17:50:11,2017-09-12 14:56:30,2017-09-18 15:14:12,2017-10-03,159.9,21.61,1,1,181.51,2,1,5.0,1.0,bb656eab01a34ac497457c5a92f5bd07,18285,cesario lange,SP,11.897372685185186,26.262511574074075,0,181.51
ec0731e8ffcfd31006b6653b5c0fe392,f90b39e93ec323e6a09e112e03fb186c,delivered,2017-09-06 17:50:25,2017-09-06 18:05:14,2017-09-11 15:42:57,2017-09-15 20:07:43,2017-09-25,1099.0,26.55,1,1,1125.55,8,1,5.0,1.0,29bafed2dc1ef578fea615d3a3176902,30830,belo horizonte,MG,9.095347222222221,18.25665509259259,0,1125.55
32be8f17cc988f8a0a52deaa64576dc2,8547b99982b4f351a1ad78a61be2e44a,delivered,2017-09-06 17:55:36,2017-09-06 18:05:12,2017-09-08 15:50:01,2017-09-11 20:04:03,2017-09-19,19.9,7.78,1,1,27.68,1,1,,,c27bbe2a99a8bd195f7b2de43a8d5148,7867,franco da rocha,SP,5.089201388888889,12.253055555555555,0,27.68
692e004e31546b86abbd93c0661bfb67,9e77a8bef5c8d0d18d57eafa802300c8,delivered,2017-09-06 18:03:12,2017-09-09 08:55:10,2017-09-25 16:47:49,2017-10-21 15:32:19,2017-10-04,198.0,17.83,1,1,215.82999999999998,1,2,2.0,1.0,8dc371bcc1440310fcf4c776a5cb65ef,40070,salvador,BA,44.89521990740741,27.247777777777777,1,215.82999999999998
30a0d918b3ba882cd4f3557a0ac1182c,c0b858152a08ed0619c1f5adfbbd0c94,delivered,2017-09-06 18:08:22,2017-09-06 18:25:07,2017-09-13 17:13:04,2017-09-19 20:32:34,2017-10-03,48.9,17.92,1,1,66.82,1,1,4.0,1.0,f987537e06b2e0fc86d565c2ec019d5c,76270,jussara,GO,13.100138888888889,26.244189814814813,0,66.82
a742f2cdf4187d253324d6b85675d2ad,8253580dbf1da6612eabc98200a8e702,delivered,2017-09-06 18:14:53,2017-09-06 18:50:19,2017-09-11 17:13:54,2017-10-05 17:48:12,2017-10-02,159.8,33.62,2,1,193.42,1,1,1.0,1.0,d42f8f34f2ff6e53af4bd4a40f6d6088,91180,porto alegre,RS,28.98146990740741,25.23966435185185,1,193.42000000000002
648452a05889f314b2b625e34ebb05ed,a79d2f343996d352be1fc80d9b79dd3b,delivered,2017-09-06 18:26:47,2017-09-06 18:43:55,2017-09-11 19:43:21,2017-09-18 15:24:00,2017-09-26,339.9,17.13,1,1,357.03,4,1,5.0,1.0,ac73a055ee14753b14b49a26db9dc7d9,4318,sao paulo,SP,11.87306712962963,19.231400462962963,0,357.03
cb00b252d2c836eeeb1d73ec439a0849,3f4c1215f72bf4746c1cb05b436e64f1,delivered,2017-09-06 18:33:32,2017-09-06 18:50:15,2017-09-11 19:48:02,2017-09-17 13:22:28,2017-09-28,1399.9,42.25,1,1,1442.15,1,1,5.0,1.0,471d491452eabd128b8fe5b12b913f9f,62040,sobral,CE,10.783981481481481,21.226712962962964,0,1442.15
418f0357219acb197a035fe8a48572c4,39be9617ad2eb9e08065ef43a4e3bfbf,delivered,2017-09-06 18:36:43,2017-09-06 18:50:14,2017-09-08 19:46:31,2017-09-14 19:38:48,2017-09-26,46.9,14.1,1,1,61.0,1,1,5.0,1.0,36c713386477a544bf2f5cac5c00ea1b,72600,brasilia,DF,8.043113425925926,19.224502314814814,0,61.0
f6f5da11ef603df65572d4a9444e1030,6f5499775cd1db11fedb4da2ba0fee19,delivered,2017-09-06 18:40:54,2017-09-06 18:50:18,2017-09-11 21:03:51,2017-09-14 12:31:34,2017-10-02,129.9,14.66,1,1,144.56,2,1,4.0,1.0,029800f459300049c50c59dcc4244e44,9250,santo andre,SP,7.743518518518519,25.221597222222222,0,144.56
56d8f7fb6d7398024039c2b7dff3fd0d,96840ba7308ecb87396fb4e60017cc95,delivered,2017-09-06 19:09:53,2017-09-06 19:43:25,2017-09-08 20:37:30,2017-09-12 21:02:54,2017-09-26,59.0,105.33,1,1,164.33,5,1,1.0,1.0,5d137471c0b9f120ed028da9b75c1c69,26600,paracambi,RJ,6.078483796296296,19.201469907407407,0,164.32999999999998
d31ccf5695e6ca12b39b5b1f2eb7f6a6,de74037ebc271b8781a9b7d703924ac3,delivered,2017-09-06 19:21:53,2017-09-06 20:00:39,2017-09-15 19:16:53,2017-09-26 15:27:48,2017-10-02,172.33,17.65,1,1,189.98,3,1,5.0,1.0,354004e1432bff6f9008ce0a5afd732a,37550,pouso alegre,MG,19.83744212962963,25.193136574074074,0,189.98000000000002
cd76219509e0336ea669b48075e068e1,02cb3b6962a2d852ff7beaf4e303c71e,delivered,2017-09-06 19:27:08,2017-09-06 19:43:29,2017-09-08 18:32:26,2017-09-15 16:06:50,2017-09-26,148.7,25.79,1,1,174.49,6,1,5.0,1.0,8dfbc9064378d19ac99a21ac353072d7,24240,niteroi,RJ,8.860902777777778,19.18949074074074,0,174.48999999999998
187d43c69480f7f8d6fa58d4aacea5ee,60993e25142e45fa3f14ae20ae76a0cb,delivered,2017-09-06 19:41:57,2017-09-06 20:04:13,2017-09-12 21:44:35,2017-09-26 14:58:41,2017-10-04,59.9,17.67,1,1,77.57,1,1,5.0,1.0,680ca46a7747ede65ea40c92b183a4f4,24210,niteroi,RJ,19.803287037037038,27.179201388888888,0,77.57
1448f96a9dd749b9b2e69f4b8602912c,23301bca57eda7af3e47546760d9e869,delivered,2017-09-06 19:49:30,2017-09-06 20:04:12,2017-09-08 20:42:18,2017-09-09 12:08:50,2017-09-20,76.8,18.68,2,1,95.48,5,1,5.0,1.0,3e6bc4180ba32d44f8278f211e2231f7,12246,sao jose dos campos,SP,2.6800925925925925,13.173958333333333,0,95.47999999999999
cbe9eae36605cf2bd005c6bc1ae5f864,e8ab70fc0d2c473d43b64647d1d73414,delivered,2017-09-06 19:51:50,2017-09-07 20:05:30,2017-09-12 13:57:36,2017-10-03 18:44:54,2017-09-26,98.63,21.18,1,1,119.81,8,1,1.0,1.0,eb406f65c94700a8e09d6cf2c4c1ef9f,21073,rio de janeiro,RJ,26.953518518518518,19.172337962962963,1,119.81
099be5827a2f9692b1c1ad111affc9d1,06a552b13fb2cc33c6fde4ff1de4c9c9,delivered,2017-09-06 19:58:48,2017-09-07 02:45:32,2017-09-08 15:03:27,2017-09-13 23:17:43,2017-09-19,39.0,7.78,1,1,46.78,1,1,1.0,1.0,435ca69b2991db5926ec1af18d4d27fd,4187,sao paulo,SP,7.138136574074074,12.1675,0,46.78
3cba655faae78feacf27f20900c776e0,0c7d17d2ae9a0c85566d9d58ea478a25,delivered,2017-09-06 20:10:17,2017-09-06 20:25:11,2017-09-12 19:12:55,2017-09-26 17:05:08,2017-09-26,59.9,19.91,1,1,79.81,1,1,5.0,1.0,f6a1b401ed3ffaa8ed4de1a6da5079b0,72005,brasilia,DF,19.871423611111112,19.159525462962964,1,79.81
e71a1248d8a46799adbbd50262053732,a2d83307160c4d1a516a94fc52ff4a46,delivered,2017-09-06 20:18:36,2017-09-06 20:30:12,2017-09-08 19:17:41,2017-09-25 17:24:09,2017-10-09,378.0,60.82,1,1,438.82,8,1,5.0,1.0,cee96a2cfe086800c53d970a81cad3bf,58320,alhandra,PB,18.878854166666667,32.15375,0,438.82
8031adfac87d3fb5ff7b41a0342aae74,5b9343b3c967f742d950e5b74e1f4ab6,delivered,2017-09-06 20:20:25,2017-09-06 20:35:13,2017-09-08 14:32:37,2017-10-09 20:59:47,2017-09-29,73.0,16.95,1,1,89.95,3,1,1.0,1.0,52449a4b6a910c70ad022028fab99b78,41830,salvador,BA,33.02733796296296,22.152488425925927,1,89.95
ae9cea7635a780b7d610e7f6a56ace53,9067115ae8194f77f3f22f8236ae8bef,delivered,2017-09-06 20:36:51,2017-09-07 10:33:30,2017-09-11 12:23:43,2017-09-19 19:52:26,2017-10-02,176.97,49.980000000000004,3,1,226.95,6,1,4.0,1.0,fc8fdb59b2733fc11ea6011d9b85396c,88495,garopaba,SC,12.969155092592592,25.141076388888887,0,226.95
9c4b8eb5f1fb4f2b71018a6695171ca3,a341731cfc9dd5db5a49fea0ac04f97b,delivered,2017-09-06 20:39:57,2017-09-06 20:55:13,2017-09-08 19:43:32,2017-09-13 16:12:26,2017-09-25,18.17,11.85,1,1,30.02,3,1,5.0,1.0,f211894b1985adca8b6866556f7f6aec,12280,cacapava,SP,6.814224537037037,18.13892361111111,0,30.020000000000003
cfda238957842ae525ab84fabaf8d4dc,2179ac3909a98c5dfd4d0e13b098b675,delivered,2017-09-06 20:42:11,2017-09-06 20:55:12,2017-09-08 19:57:48,2017-09-14 20:13:02,2017-09-29,57.99,17.66,1,1,75.65,1,1,3.0,1.0,3517e4c452bc29782db762a150996061,89480,major vieira,SC,7.9797569444444445,22.137372685185184,0,75.65
20d5211ad925caa21c6293ea560f9e97,66fa6729af7affe069f99452dde687e5,delivered,2017-09-06 20:42:46,2017-09-06 20:50:11,2017-09-11 20:52:54,2017-09-20 20:57:34,2017-10-02,99.0,19.93,1,1,118.93,2,1,4.0,1.0,bd046849ab847b5fc7961f8f4ba968bc,29154,cariacica,ES,14.010277777777778,25.136967592592594,0,118.93
063250ed406abc1e7730639c79d16a0b,b20e7f3206dd52a8cf8accc6f53d261b,delivered,2017-09-06 20:46:22,2017-09-06 21:03:33,2017-09-08 18:55:26,2017-09-18 17:10:21,2017-09-28,339.9,17.13,1,1,357.03,3,1,3.0,1.0,cdf582422b69d4fbf906a9bb532089ce,89208,joinville,SC,11.849988425925925,21.134467592592593,0,357.03
4bc02ff9a093f3cc4119a960969f5f74,81e002e37c83087d148d2062bb1ba395,delivered,2017-09-06 20:56:29,2017-09-06 21:10:11,2017-09-08 18:47:38,2017-09-18 22:51:39,2017-09-27,174.9,15.97,1,1,190.87,8,1,5.0,1.0,0efdde54b9e08d009874be9231dfe635,35430,ponte nova,MG,12.079976851851852,20.127442129629628,0,190.87
6c7eda5a953efb5c1b6214592902069a,af306b1897ac49ae472e6fdadb1d5ab0,delivered,2017-09-06 21:01:16,2017-09-06 21:10:15,2017-09-08 20:09:38,2017-09-14 16:00:03,2017-09-25,59.33,12.76,1,1,72.09,1,1,5.0,1.0,169ea64d13a302a575bf637e09af98aa,14980,sales,SP,7.790821759259259,18.12412037037037,0,72.09
a90935cd3ef2041119e57ab117b352c1,2322c0f516a8bad266c770d1150e55a4,delivered,2017-09-06 21:18:14,2017-09-06 21:30:17,2017-09-12 22:09:19,2017-09-22 13:29:41,2017-09-29,27.9,25.38,1,1,53.28,1,1,5.0,1.0,c5eb4ef20f1bb764daf1936474b5e629,65636,timon,MA,15.674618055555555,22.112337962962965,0,53.28
ab7247404a9215230d6977f0e1dfe5fb,bbab0e16e150f2c43a5250b0e586f839,delivered,2017-09-06 21:30:23,2017-09-06 21:43:44,2017-09-08 15:12:11,2017-10-02 17:27:12,2017-10-04,29.0,16.79,1,1,45.79,2,1,3.0,1.0,f4156bff6a2809fadf8643fe23ff40ae,45455,itamari,BA,25.831122685185186,27.10390046296296,0,45.79
b259e2247d6ab1750b9e4789b87b3f23,e87b2d91292fb8748d79dc40c2c5d0a1,delivered,2017-09-06 21:34:22,2017-09-06 21:45:16,2017-09-08 20:42:20,2017-09-20 22:07:35,2017-09-28,78.0,30.2,2,1,108.2,1,1,5.0,1.0,054879b43627b75d362af54f71b69843,72430,brasilia,DF,14.023067129629629,21.101134259259258,0,108.2
5225b8931d3158e7fc05b75d6f48ff99,ee553368eb5e7dc11f3d2c201ba81668,delivered,2017-09-06 21:43:47,2017-09-06 21:55:20,2017-09-08 18:14:38,2017-09-16 12:28:52,2017-09-29,399.0,23.59,1,1,422.59,5,1,5.0,1.0,322b98fa9ce8053bcbafef6c911d9a2d,41150,salvador,BA,9.614641203703703,22.09459490740741,0,422.59
33b8a7eafa31cf95e33395293a78808c,90eb057f5f17fce155139fa361d55b23,delivered,2017-09-06 21:47:50,2017-09-06 22:04:16,2017-09-12 20:15:34,2017-09-20 13:21:14,2017-09-29,89.99,17.88,1,1,107.87,3,1,5.0,1.0,a1f7867c9f3c4b27ff280c3cc8718d99,88010,florianopolis,SC,13.648194444444444,22.091782407407408,0,107.86999999999999
497f5eac35f2a5804033ed08649cc8e3,840cd954602dd3e63769e976e9bfaf4a,delivered,2017-09-06 21:52:21,2017-09-09 05:15:22,2017-09-12 13:07:47,2017-09-18 19:10:23,2017-09-27,89.99,12.13,1,1,102.12,1,1,3.0,1.0,f7d1e87c59755fadcf28069f3da6169f,14403,franca,SP,11.887523148148148,20.088645833333334,0,102.11999999999999
dd4cb06a82daaa4a3853003208a89799,1aff35540649a1c5ed033773c3585d7b,delivered,2017-09-06 21:55:50,2017-09-09 06:35:28,2017-09-11 18:53:49,2017-09-18 19:16:30,2017-10-03,89.9,14.38,1,1,104.28,1,1,5.0,1.0,2410195f6521688005612363835a2671,92420,canoas,RS,11.889351851851853,26.08622685185185,0,104.28
8d3bd6e846b52be957466e9e1f8f642d,208abc4af5021a95af50cb8a7e611323,delivered,2017-09-06 22:02:17,2017-09-06 22:15:25,2017-09-08 19:33:25,2017-09-27 17:12:21,2017-09-28,22.99,16.11,1,1,39.1,3,1,4.0,1.0,ba93cc125c10799832f334fd335c92e6,25635,petropolis,RJ,20.798657407407408,21.081747685185185,0,39.099999999999994
9dbaf3879dfddfc43171aaf9a9c0a82a,a36b51ac1817af488ecb95f6e8247cfb,delivered,2017-09-06 22:07:43,2017-09-09 05:15:59,2017-09-11 15:05:48,2017-09-12 12:19:11,2017-09-19,50.0,11.73,1,1,61.73,1,1,5.0,1.0,2410195f6521688005612363835a2671,9540,sao caetano do sul,SP,5.591296296296297,12.077974537037036,0,61.730000000000004
0ff328dbe0ea4ad27a1176bbf8d88ecb,77c5006ed05e572e4171897c5a473611,delivered,2017-09-06 22:12:52,2017-09-06 22:23:48,2017-09-08 20:12:42,2017-09-18 21:18:38,2017-09-29,69.9,20.98,1,1,90.88,2,1,5.0,1.0,aca1aef6f605cadc149aaccefd3764b5,25946,guapimirim,RJ,11.962337962962962,22.07439814814815,0,90.88000000000001
41a9892d27af50019d56c037a3256cab,93235e8f5e5eabc3b0cd61787f5a3f5a,delivered,2017-09-06 22:28:42,2017-09-06 22:43:24,2017-09-08 20:04:08,2017-09-18 19:07:49,2017-09-28,117.7,15.57,1,1,133.27,1,1,3.0,1.0,f475f2c6246f47877fc3567c9ec17e54,20751,rio de janeiro,RJ,11.860497685185186,21.063402777777778,0,133.27
6c77310ef232ed3cc83889e26f3b5159,9055d975cfb7fe87424c08206d5e2229,delivered,2017-09-06 22:32:10,2017-09-07 22:35:15,2017-09-12 12:52:33,2017-09-18 17:24:50,2017-09-27,58.99,16.66,1,1,75.65,7,1,1.0,1.0,6b98fe65e7c0ce4ba01c231fa7e91ae1,26030,nova iguacu,RJ,11.786574074074075,20.06099537037037,0,75.65
4e2be877bb8fb4d51fc622a758abb7d9,e7bef903c09a6e9ff6fb5ab8d63dc867,delivered,2017-09-06 22:34:59,2017-09-08 09:24:23,2017-09-08 19:39:53,2017-09-13 18:32:13,2017-10-16,43.99,16.11,1,1,60.1,2,1,4.0,1.0,943122196559e5670da3a9ec039a9005,14795,colombia,SP,6.831412037037037,39.05903935185185,0,60.1
0334c2700a7e8ac0f3efeb36b4a91e68,48ee4490f797cdb00bf00f9255351ee4,delivered,2017-09-06 22:41:34,2017-09-06 22:50:15,2017-09-08 19:49:56,2017-09-19 19:52:37,2017-10-05,55.0,16.15,1,1,71.15,6,1,3.0,1.0,36c2f8a28196fc5987d669d8e043178a,94198,gravatai,RS,12.88267361111111,28.05446759259259,0,71.15
ae940b7edae45de05e43817ff84efbfc,8d611bfb0f842b0d7e3cd686f8f695cb,delivered,2017-09-06 23:06:57,2017-09-09 10:03:54,2017-09-12 23:41:56,2017-09-29 21:23:05,2017-10-03,125.0,33.32,1,1,158.32,3,2,1.0,1.0,508f16976ab71afc7741181e67ae9348,64210,parnaiba,PI,22.92787037037037,26.036840277777777,0,158.32
a996de878f5347137d45b75fa47cd312,5ecd4252260c930abd92dd897e170c1d,delivered,2017-09-06 23:15:26,2017-09-06 23:30:20,2017-09-12 13:42:41,2017-09-25 17:07:37,2017-10-03,87.85,17.86,1,1,105.71,8,1,5.0,1.0,c25069055b2ff032732729e627949e2e,90520,porto alegre,RS,18.74457175925926,26.030949074074073,0,105.71
2b3a2f59d27e42fead9c97284c2b4b25,6dbd9b232392f80a3cb44fc011c82b21,delivered,2017-09-06 23:30:59,2017-09-07 23:35:38,2017-09-11 20:37:00,2017-09-18 21:32:52,2017-09-25,69.9,12.83,1,1,82.73,3,1,3.0,1.0,aaefa93858c42c1e7e7233f604faeeaa,11025,santos,SP,11.917974537037036,18.020150462962963,0,82.73
2431f37c6b8654b085c5e96c606acd2c,15f938ef63c15fd5a70688ea5003e3eb,delivered,2017-09-07 00:21:14,2017-09-07 00:35:26,2017-09-08 18:47:40,2017-09-11 22:48:47,2017-09-20,39.99,7.78,1,1,47.77,2,1,5.0,1.0,35011bda713791e52b3910f5a1b3f6e8,6531,santana de parnaiba,SP,4.935798611111111,12.98525462962963,0,47.77
de06e436fbb3dd6e10bafb5f24ed5530,11ff39f6282e2a89f5c079a47af66743,delivered,2017-09-07 01:15:30,2017-09-07 02:00:15,2017-09-08 20:29:50,2017-09-12 21:44:35,2017-09-26,19.9,16.11,1,1,36.01,1,1,5.0,1.0,a3631b903f909b6749a452358116cf86,23058,rio de janeiro,RJ,5.853530092592592,18.947569444444444,0,36.01
79d7ad461229b660db59a892f1fa8e1b,9652611b6a6c44d8631be8f89e656867,delivered,2017-09-07 01:26:35,2017-09-09 05:04:00,2017-09-13 21:22:52,2017-09-19 19:39:55,2017-10-06,59.9,17.67,1,1,77.57,1,1,5.0,1.0,1f4ebf25894e7c8c46e382a20a90e457,39680,capelinha,MG,12.75925925925926,28.939872685185186,0,77.57
9f58353e16353e64bf57e32e6dae9e45,311ca9f3c832a4e9b14093cf3c9ac98b,delivered,2017-09-07 01:34:57,2017-09-09 04:50:20,2017-09-13 21:26:51,2017-09-20 21:18:03,2017-10-06,59.9,17.67,1,1,77.57,1,1,5.0,1.0,abca17a50929e00d09e56810f3f09274,37504,itajuba,MG,13.821597222222222,28.9340625,0,77.57
34fd1d0a76a47123cb6a008ceeb18cbe,57b61547bdd096c6501f7f22e512fed9,delivered,2017-09-07 01:47:49,2017-09-09 04:50:11,2017-09-11 18:10:19,2017-09-21 13:30:08,2017-09-26,95.0,14.42,1,1,109.42,1,1,5.0,1.0,a11f9210c12f1fe74078881adf37bb65,20540,rio de janeiro,RJ,14.487719907407408,18.925127314814816,0,109.42
02acaa2a6f24e9c4e0bec7141b65f29b,198f8a1c41eaeb274fc8b25993320f18,delivered,2017-09-07 04:14:08,2017-09-07 04:25:12,2017-09-08 15:15:01,2017-09-13 18:17:54,2017-09-28,29.9,14.1,1,1,44.0,4,1,2.0,1.0,0c428f7733b04c35dac27a76efeec295,72268,brasilia,DF,6.585949074074074,20.82351851851852,0,44.0
4c30a2a359ec6761932ab678ab9752b4,8603ee4e79703356c59ceb07a2deb05a,delivered,2017-09-07 08:08:02,2017-09-09 05:10:24,2017-09-11 14:09:29,2017-09-28 11:20:07,2017-10-11,21.99,34.15,1,1,56.14,1,1,4.0,1.0,52520bd0e61f8dd00a8e3ebc59fd5b0d,64965,avelino lopes,PI,21.133391203703702,33.66108796296297,0,56.14
bcafe5369145806f5c012da26c496a39,e283e924531a3ed4cfea8c4bf3b680e3,delivered,2017-09-07 08:14:06,2017-09-07 08:25:17,2017-09-11 15:47:34,2017-09-18 20:27:28,2017-09-27,59.9,25.26,1,1,85.16,1,1,5.0,1.0,5983e972a92ec909a1c8ac2f75700c2f,20520,rio de janeiro,RJ,11.509282407407408,19.656875,0,85.16
f027ecaf5002b6e557ccdfaedbda2ac6,53f05b7e71451b8e943a7394f5d3edb4,delivered,2017-09-07 08:31:26,2017-09-07 08:43:37,2017-09-08 16:14:07,2017-09-11 20:22:37,2017-09-20,89.0,8.04,1,1,97.04,1,1,5.0,1.0,b99ad02f5d0dce8edaed40e36fd4d71e,22440,rio de janeiro,RJ,4.493877314814815,12.644837962962963,0,97.03999999999999
b27d08e878eb286e33958ca95ba5bd04,9184ad51abea1dfda9fd888af61f8e0d,delivered,2017-09-07 08:36:17,2017-09-07 08:45:14,2017-09-12 23:10:05,2017-09-15 21:54:46,2017-09-26,299.0,18.57,1,1,317.57,4,1,4.0,1.0,877ba579dfbad5e9aac58a2477818afe,86800,apucarana,PR,8.554502314814815,18.64146990740741,0,317.57
7ed7d32f98587cf0d5aee4ccec43e11e,d0af5ed3d49037624ba7b6f741823122,delivered,2017-09-07 09:10:58,2017-09-07 09:23:25,2017-09-08 21:27:47,2017-09-11 19:57:24,2017-09-20,31.0,7.78,1,1,38.78,3,1,4.0,1.0,1d2a8637d2ba2782a63ac2662ba7b604,13081,campinas,SP,4.448912037037037,12.617384259259259,0,38.78
0d123aa33c3954b2685ef6807ffc9bc0,7d9c3f29dad31b17f13fd3a928ea4955,delivered,2017-09-07 09:32:18,2017-09-07 09:43:18,2017-09-08 19:41:24,2017-09-13 21:24:34,2017-09-27,158.4,15.86,1,1,174.26,3,1,5.0,1.0,ab58f2fb5f71caac6366303095c0cd41,80060,curitiba,PR,6.49462962962963,19.602569444444445,0,174.26
b0b55c59d28b64d3b611cb034eb9f1e6,7bd0af82474427b2e49a11e4da31c462,delivered,2017-09-07 09:44:34,2017-09-07 09:55:09,2017-09-08 18:57:22,2017-09-12 12:59:56,2017-09-22,139.9,10.19,1,1,150.09,2,1,3.0,1.0,1d81df659b4cad7732c33e2c7aa5687a,94380,glorinha,RS,5.135671296296296,14.594050925925925,0,150.09
954cca2a7fe6e627321fc51e16f2d043,13bd774798d2cc85cf4b6220a9dfbe77,delivered,2017-09-07 09:51:10,2017-09-07 10:05:59,2017-09-08 18:10:40,2017-09-18 23:12:36,2017-09-28,32.99,16.6,1,1,49.59,1,1,5.0,1.0,5ecfa32c4906c73a5d39ccf8fb517a4d,26520,nilopolis,RJ,11.556550925925926,20.58946759259259,0,49.59
cbf058b13eb4a539f5e5541617bafb1b,228aa3fa3b39a6b67e5cc42f8d0e349a,delivered,2017-09-07 10:25:23,2017-09-07 10:36:11,2017-09-09 14:38:52,2017-09-13 22:00:07,2017-09-26,47.6,11.85,1,1,59.45,5,1,5.0,1.0,d612df8afa6ef49598a85cdced23474d,9910,diadema,SP,6.482453703703704,18.56570601851852,0,59.45
7c46b5ee3a6b6152b85d5d245784bc25,184ab3d6d53ad7db0f980d864012d5df,delivered,2017-09-07 10:36:54,2017-09-07 10:50:07,2017-09-08 20:00:03,2017-09-20 17:36:17,2017-09-29,49.9,17.6,1,1,67.5,4,1,3.0,1.0,0122d73327d9135f8088572c7d7f5d54,14750,pitangueiras,SP,13.291238425925926,21.557708333333334,0,67.5
a4f1baba644a021e811a8fd82e838984,1b234122220bf26fb3bced29ba32645e,delivered,2017-09-07 10:37:05,2017-09-07 10:50:14,2017-09-11 14:51:54,2017-09-15 19:51:24,2017-09-26,43.0,13.37,1,1,56.37,3,1,5.0,1.0,bb8d55ef73eb6b4df9280fb3fbd8a4fc,18060,sorocaba,SP,8.38494212962963,18.55758101851852,0,56.37
700aa498c8151678850324adc6729e07,af39d6939664bd5a5a8edb2ac00c4df5,delivered,2017-09-07 10:52:46,2017-09-09 05:10:14,2017-09-12 21:45:25,2017-09-18 21:11:51,2017-09-27,30.0,12.69,1,1,42.69,1,1,5.0,1.0,c2919fbdb45366551c1e80d5cb35cd3f,38061,uberaba,MG,11.429918981481482,19.546689814814815,0,42.69
818080c38c17ec4bdcb39798ccb51b4e,b37663c257f9cb8f2dc90fe804a6ef2a,delivered,2017-09-07 11:10:33,2017-09-08 11:24:48,2017-09-12 19:13:39,2017-09-18 19:07:55,2017-09-28,1146.0,21.04,1,1,1167.04,10,1,5.0,1.0,ba57f513bb30f77cb352b1f6d1da6c37,37550,pouso alegre,MG,11.33150462962963,20.534340277777776,0,1167.04
a2a3400730e376777caa534221041eff,e82b93848d97d5852b8488ca2d5d5ac5,delivered,2017-09-07 11:23:18,2017-09-07 11:35:13,2017-09-08 15:36:00,2017-09-18 21:20:03,2017-10-03,279.99,19.21,1,1,299.2,3,1,4.0,1.0,3cda1f8a48d2aa40cb74f315149c7625,29199,aracruz,ES,11.414409722222222,25.52548611111111,0,299.2
4fb5f75a2ff520a28e987e6cb5435022,610c70a5e997a8222166a556a089d2c6,delivered,2017-09-07 11:23:20,2017-09-07 11:35:14,2017-09-12 00:40:00,2017-09-13 13:30:15,2017-09-26,639.96,75.32,4,1,715.28,10,1,5.0,1.0,a7c9c26daf4a6a9e2c5eadc4ac023fd1,1048,sao paulo,SP,6.088136574074074,18.525462962962962,0,715.28
7d000307a29338a053287f79e225e09a,9e684293d3dee5021bfc836040e02a19,delivered,2017-09-07 11:53:21,2017-09-07 12:05:44,2017-09-12 21:48:55,2017-09-27 21:11:32,2017-09-29,129.0,36.98,1,1,165.98,2,1,1.0,1.0,e5e21cbc9217a9ed56372e6088536b53,13054,campinas,SP,20.387627314814814,21.504618055555557,0,165.98
2965ef8e9b42fd941f044c6b197246f5,0dd783efab8da6e6c9b27fc94f6dbb8b,delivered,2017-09-07 12:09:29,2017-09-09 11:04:29,2017-09-12 16:14:52,2017-09-13 19:22:09,2017-09-22,108.0,23.34,1,1,131.34,3,2,4.0,1.0,941dfe8e33d8bb3e80b9dc51e3f6b81a,6213,osasco,SP,6.300462962962963,14.493414351851852,0,131.34
737ec1b843e5c26b0f026c0254d3ad67,3af72ade715e12875a9d23d275ac773d,delivered,2017-09-07 12:18:16,2017-09-07 12:30:19,2017-09-08 20:13:48,2017-09-12 19:59:47,2017-09-27,500.0,20.75,1,1,520.75,4,1,5.0,1.0,5582a3dd919867d0d7a42fca3dfcf81e,4581,sao paulo,SP,5.3204976851851855,19.487314814814816,0,520.75
de10731f0b37b49c3359218ea1062b36,d7be71f70e3dabb85b4c1e14d1f56da1,delivered,2017-09-07 12:21:38,2017-09-07 12:35:15,2017-09-11 12:23:55,2017-09-15 17:13:20,2017-10-04,56.99,15.15,1,1,72.14,2,1,5.0,1.0,e953a3ccba6c28d88457c24ea028a7b9,35534,carmopolis de minas,MG,8.202569444444444,26.48497685185185,0,72.14
3972df2fee6713723d3c001075f1a039,692dd6534618720df0e4d0e06ef0a72f,delivered,2017-09-07 12:35:23,2017-09-09 05:15:24,2017-09-11 20:05:50,2017-09-19 17:49:51,2017-10-05,35.0,15.1,1,1,50.1,1,1,4.0,1.0,b08fab27d47a1eb6deda07bfd965ad43,29930,sao mateus,ES,12.218379629629629,27.47542824074074,0,50.1
aeedca46099933fd8fd182a71b4f22c7,5d9c68cecce34584576a3d8ca55c21f1,delivered,2017-09-07 12:38:15,2017-09-07 12:45:19,2017-09-12 00:51:21,2017-09-19 22:38:55,2017-10-03,159.9,21.61,1,1,181.51,10,1,5.0,1.0,0488328f0b499963e32a37fa42a20ca0,12970,piracaia,SP,12.41712962962963,25.4734375,0,181.51
7b9c0feafeaa7c82184c86177f18b4e6,3e4cf7dd92181ca208a4c88731b68b68,delivered,2017-09-07 12:42:40,2017-09-07 12:55:13,2017-09-08 19:33:26,2017-09-18 19:57:32,2017-09-27,70.9,26.82,1,1,97.72,1,1,4.0,1.0,b945e00d934235031f0485a01ee7e70d,22031,rio de janeiro,RJ,11.301990740740742,19.47037037037037,0,97.72
3a218a39b942ae0341fb1d65dd5874df,47c6d324782f84dff90b3e256495c26f,delivered,2017-09-07 13:07:38,2017-09-07 13:15:14,2017-09-08 17:48:08,2017-09-11 17:04:28,2017-09-20,59.9,9.34,1,1,69.24,1,1,5.0,1.0,8fd58a65b8f610c63cff6cd8dda739e9,13024,campinas,SP,4.164467592592593,12.453032407407408,0,69.24
81e4c4d7594a8111a17da1f1b399ba07,42690ee9d3a727a176e4ba6272ab6feb,delivered,2017-09-07 13:10:23,2017-09-07 13:25:16,2017-09-08 22:04:11,2017-09-25 18:18:58,2017-10-05,89.99,16.39,1,1,106.38,1,1,5.0,1.0,e3cf594a99e810f58af53ed4820f25e5,98700,ijui,RS,18.214293981481482,27.451122685185187,0,106.38
fd4440c3eff791f70d022bdcb82dbbd2,80780c952021dc6b9e6c0eb37b4e8e2f,delivered,2017-09-07 13:14:51,2017-09-07 13:25:21,2017-09-08 20:37:29,2017-09-11 18:00:24,2017-09-21,79.3,21.66,1,1,100.96,3,1,5.0,1.0,ed95683b8ebe95f88a171f3e4aedfc6c,26010,nova iguacu,RJ,4.198298611111111,13.448020833333333,0,100.96
4d8d0b4795fe858361a2b29c14556e83,145fb9bb55f0fdb3d5f89c09f7397946,delivered,2017-09-07 13:20:29,2017-09-07 13:30:13,2017-09-11 15:47:34,2017-09-18 21:56:59,2017-09-27,59.9,25.26,1,1,85.16,4,1,5.0,1.0,1a1e9e25eee52e6c8ee31c73a17b06ac,21616,rio de janeiro,RJ,11.358680555555555,19.444108796296295,0,85.16
6f32b46fc3b01903852f3bcc592c5687,a9700e72b6899dd6301b5ef0c7d65049,delivered,2017-09-07 13:27:09,2017-09-09 06:34:44,2017-09-11 20:36:59,2017-09-15 19:37:41,2017-09-26,48.9,12.69,1,1,61.59,1,1,5.0,1.0,fd305df2b1ba447c5a6f995d7ff73815,11669,caraguatatuba,SP,8.257314814814816,18.43947916666667,0,61.589999999999996
c7de1681596c4080bdf5c00d84500c1a,648598335759ebbcc21eeef997db189b,delivered,2017-09-07 13:27:38,2017-09-07 13:43:48,2017-09-12 15:18:42,2017-09-19 16:36:55,2017-10-03,329.9,31.72,1,1,361.62,10,1,3.0,1.0,3204cb18b0f18464319d17a3076fb5fc,72870,valparaiso de goias,GO,12.131446759259259,25.43914351851852,0,361.62
ce1ff35e9ab20defb53717b8d56643cd,8aa88312c488118f07c808bfaa821483,delivered,2017-09-07 13:35:54,2017-09-07 13:50:17,2017-09-08 19:41:20,2017-09-21 11:07:48,2017-10-05,176.26,24.1,1,1,200.36,4,1,5.0,1.0,a9c65462db67077a690e36c862c81e24,46980,iraquara,BA,13.897152777777778,27.43340277777778,0,200.35999999999999
3bd5b8bba961482f0f6c2e3502ac63bf,3747b586188c3c69c6a430658c2ae9f4,delivered,2017-09-07 13:41:37,2017-09-09 05:15:29,2017-09-14 12:58:15,2017-09-19 18:48:41,2017-09-29,89.9,16.39,1,1,106.29,1,1,4.0,1.0,52ee6d0a8f1b786485a5bd366aa2137c,28940,sao pedro da aldeia,RJ,12.21324074074074,21.42943287037037,0,106.29
fe47e32d0b287864d6165d74e35dbb24,2d6da4042469910884f3a942f857e677,delivered,2017-09-07 13:44:33,2017-09-07 13:55:18,2017-09-11 19:28:00,2017-09-20 13:24:06,2017-10-03,189.9,26.17,1,1,216.07,4,1,5.0,1.0,a9f1e855e2fc26d78311ecb425b64dc2,76700,mozarlandia,GO,12.985798611111111,25.427395833333332,0,216.07
bb826b56d55ad8b42a01591762024f17,657aca054d60a06f7ab9c2c9b6d075de,delivered,2017-09-07 14:07:23,2017-09-07 14:23:31,2017-09-12 14:03:16,2017-09-26 16:59:05,2017-10-10,118.58,16.59,1,1,135.17,5,1,4.0,1.0,374e8f1efb74cdecc08e6e8896214768,98280,panambi,RS,19.11923611111111,32.41153935185185,0,135.17
b29ccca58aacdf08c7f7798ec2e001ad,c3f6c4ff8cece463e08e2e6d7fa0585d,delivered,2017-09-07 14:10:24,2017-09-07 14:25:26,2017-09-08 17:41:38,2017-09-18 21:22:08,2017-10-04,99.9,17.14,1,1,117.04,5,1,5.0,1.0,4e587131d6858426ebeb7170321e5d8f,41830,salvador,BA,11.299814814814814,26.409444444444443,0,117.04
47d62434b47743d5c247a683f40fe56c,7be5a334c8077a07be8f4255cb76ebf4,delivered,2017-09-07 14:51:57,2017-09-07 15:10:23,2017-09-08 18:45:43,2017-09-26 17:26:59,2017-10-13,139.9,26.26,1,1,166.16,5,1,5.0,1.0,40df77400af863da719a8477cffd6aac,68685,concordia do para,PA,19.107662037037038,35.38059027777778,0,166.16
5829e8dbf7adce16a91e4ba7e8c1e4e0,9468a602ccd6dc84292052d0cb8a5548,delivered,2017-09-07 15:01:37,2017-09-09 05:04:40,2017-09-12 17:58:47,2017-09-27 20:36:20,2017-09-29,35.98,32.22,2,1,68.2,1,1,5.0,1.0,10ab0aee5c019068592cd02470eb9074,88080,florianopolis,SC,20.23244212962963,21.373877314814816,0,68.19999999999999
4eaf46d0d0e2afdb37847eaaed37d71a,c92dcdc19ddf619d3e18e6add2ffb398,delivered,2017-09-07 15:11:56,2017-09-08 20:55:06,2017-09-11 19:05:51,2017-09-15 20:32:34,2017-09-26,126.12,13.01,1,1,139.13,1,1,5.0,1.0,a89a95e5997bb50f1ecf91b3ef2383ed,95520,osorio,RS,8.222662037037036,18.366712962962964,0,139.13
48a8a6c760d13fbcdf6542200ce572b5,3d841cc542d87235715f9fff1c8c355a,delivered,2017-09-07 15:14:00,2017-09-07 15:30:15,2017-09-11 12:34:21,2017-09-22 21:29:17,2017-09-28,89.99,16.07,1,1,106.06,2,1,3.0,1.0,29874a4e8a2bac67f388b5ee0bb48bce,79040,campo grande,MS,15.260613425925927,20.365277777777777,0,106.06
1883a089d3c8c6c4068e31b8802672bc,c232fab86a307b3cff8871d93190e477,delivered,2017-09-07 15:21:22,2017-09-08 19:43:54,2017-09-11 09:27:35,2017-09-12 16:37:42,2017-10-03,19.9,15.11,1,1,35.01,3,1,5.0,1.0,cb055a8cd2a9686494555fdcf4658407,91320,porto alegre,RS,5.05300925925926,25.360162037037036,0,35.01
745377d5b3a162c57200f0b24796bafe,1c46337bad2d54f65733e30e3967d378,delivered,2017-09-07 15:38:39,2017-09-07 15:50:12,2017-09-12 21:52:05,2017-09-20 20:13:04,2017-10-09,59.9,17.67,1,1,77.57,1,1,5.0,1.0,4e4033522a311e3660bb42addf44398b,35225,santa rita do itueto,MG,13.19056712962963,31.34815972222222,0,77.57
3a0ad73a22a4ca1af66f3f7ee5c6c3fd,91530372f9c5ba8c930edc3dbea6f2c3,delivered,2017-09-07 15:38:49,2017-09-07 15:45:21,2017-09-13 15:00:10,2017-09-21 14:07:43,2017-09-20,169.9,14.79,1,1,184.69,10,1,3.0,1.0,368e91ac2ee2407d82d8b02551d2cd18,4844,sao paulo,SP,13.936736111111111,12.348043981481482,1,184.69
b475d09fc9d7e739a7c8bbdbdaed3b8e,b4cb7305298ebeb89d13a2f78cfc9c08,delivered,2017-09-07 15:46:11,2017-09-07 16:07:07,2017-09-11 14:15:40,2017-09-12 21:12:08,2017-09-21,15.9,8.27,1,1,24.17,2,1,5.0,1.0,40bf5a2f7d1f6d16e37d61ca6b962db0,7944,francisco morato,SP,5.226354166666667,13.34292824074074,0,24.17
71400888e53ed1698734799716d213f8,54a57e9a3557ca4215104d9b58fe7df1,delivered,2017-09-07 15:58:04,2017-09-07 16:10:18,2017-09-08 18:39:57,2017-09-19 03:59:40,2017-10-02,109.99,16.53,1,1,126.52,2,1,5.0,1.0,b08da3f26e34e80b37289b598a52aa77,85903,toledo,PR,11.501111111111111,24.334675925925925,0,126.52
8dc7d1029415223a0367067aeebe711f,7ededb8426467b84329d3114a37d81a3,delivered,2017-09-07 16:06:29,2017-09-07 16:23:28,2017-09-12 21:48:51,2017-09-19 18:44:11,2017-10-06,59.9,17.67,1,1,77.57,6,1,5.0,1.0,2017df0974589166352f8380c4f277fa,36976,alto jequitiba,MG,12.10951388888889,28.328831018518517,0,77.57
0cc36282e7b0e281bb99dfdc8c0f11aa,5ce973fbda84cc196075524439c99bb2,delivered,2017-09-07 16:07:10,2017-09-07 16:23:27,2017-09-08 19:52:59,2017-09-13 22:09:59,2017-09-26,610.0,37.54,1,1,647.54,6,1,5.0,1.0,63fd7218b0cc3d5d4a354445cb266c4f,12060,taubate,SP,6.251956018518518,18.32835648148148,0,647.54
85590544453efd501d242d84acdf9990,9404b12eafdc0f385da9b66d39a828ae,delivered,2017-09-07 16:46:19,2017-09-07 17:06:20,2017-09-08 15:32:58,2017-09-22 21:22:17,2017-10-03,199.0,22.19,1,1,221.19,8,1,2.0,1.0,35e4158779cbadf3db0525fa1f453ea8,59123,natal,RN,15.191643518518518,25.30116898148148,0,221.19
d15b4a7be0aedb9cd0f4330b1703b7c0,35ba8f2876a0059b2946b6674856c6dd,delivered,2017-09-07 16:56:45,2017-09-07 17:10:13,2017-09-08 19:36:25,2017-09-20 17:22:11,2017-09-28,7.9,15.79,1,1,23.69,2,1,5.0,1.0,ee877710f00b0566acd13ec1a6aac8ee,83065,sao jose dos pinhais,PR,13.017662037037036,20.29392361111111,0,23.689999999999998
6f41a6473f4122e2cdc762a8988a67f0,7d6686ade7e6f02b2f3945b36d902fa1,delivered,2017-09-07 17:09:13,2017-09-07 17:23:53,2017-09-08 18:27:54,2017-09-11 11:34:24,2017-09-20,149.9,9.24,1,1,159.14,6,1,5.0,1.0,455b49402053f170c64a3ae7fced73d4,3080,sao paulo,SP,3.767488425925926,12.285266203703705,0,159.14000000000001
fb08991a4d87f7fb84cd0dadc7399850,b24b48e39da85ada6098bb3f13bf86cd,delivered,2017-09-07 17:11:19,2017-09-09 08:43:14,2017-09-11 21:44:53,2017-09-18 17:27:29,2017-09-20,89.9,9.44,1,1,99.34,9,1,5.0,1.0,f78a31b9a64ab9a8542f7cb27a399296,4344,sao paulo,SP,11.011226851851852,12.28380787037037,0,99.34
24642ed9b8393cd8355bcc2e7cc6e7ff,20ef3d9f79879188544719d9ee117243,delivered,2017-09-07 17:11:45,2017-09-07 17:25:32,2017-09-08 18:39:58,2017-09-13 18:05:09,2017-09-28,109.99,13.11,1,1,123.1,4,1,5.0,1.0,e4c2f9f473b32b696e65abdc8c51296e,12280,cacapava,SP,6.037083333333333,20.283506944444444,0,123.1
8ef55bb7e5a6e757fb880324b4dc284c,6c39ef98910795402cb3b375983b147d,delivered,2017-09-07 17:15:40,2017-09-07 17:30:19,2017-09-08 19:49:55,2017-09-13 16:12:50,2017-09-26,54.9,12.72,1,1,67.62,3,1,1.0,1.0,e4d9db04896aeb872181dd1564f67617,5756,sao paulo,SP,5.956365740740741,18.280787037037037,0,67.62
852e2ae704b2196f904561391b2b6bd2,35c73a071dbcb6ea541e419fbbf443f4,delivered,2017-09-07 17:54:36,2017-09-07 18:05:45,2017-09-11 21:09:54,2017-09-12 17:56:33,2017-09-21,85.0,13.15,1,1,98.15,1,1,5.0,1.0,e18cee143cce72844354d8e8b973ec3e,12237,sao jose dos campos,SP,5.001354166666666,13.25375,0,98.15
4209ee3387ac1d2f5a5569fabb412118,6ad884cfb03898c648dd419723575906,delivered,2017-09-07 17:55:37,2017-09-08 17:50:22,2017-09-20 19:03:08,2017-09-29 20:19:57,2017-10-23,123.9,15.62,1,1,139.52,1,1,5.0,1.0,df328634fd50c8a6ff1531d9408169dd,22773,rio de janeiro,RJ,22.100231481481483,45.25304398148148,0,139.52
7dfdd7eb79e2cc6f2fd2e5c400050a84,30119e3989513937a4c0e9e2a92f8767,delivered,2017-09-07 17:57:13,2017-09-07 18:05:48,2017-09-08 17:10:14,2017-09-11 20:13:37,2017-09-20,108.9,36.39,1,1,145.29,5,1,5.0,1.0,9c393fe938ba64832b626e908d5c98f6,12941,atibaia,SP,4.094722222222222,12.25193287037037,0,145.29000000000002
86dfa937c43f021fdd93264d20c8537b,28f3fc31aefbcec77fb558bfc2f91e61,delivered,2017-09-07 18:04:41,2017-09-09 05:04:13,2017-09-11 16:56:00,2017-09-21 14:50:35,2017-10-13,49.9,15.1,1,1,65.0,1,1,5.0,1.0,111c2314ec13d3392af1fc5fd7e8786c,88215,bombinhas,SC,13.865208333333333,35.246747685185184,0,65.0
453887e7d1a2fbd4beda6f9dbeaf1b4d,206b95f269e82fedad69fbed4cc0702b,delivered,2017-09-07 18:05:42,2017-09-07 18:23:24,2017-09-13 20:36:34,2017-09-18 16:38:06,2017-09-29,39.9,15.1,1,1,55.0,1,1,4.0,1.0,aaf97f99c731d8d84810ff16e6ded10d,71937,brasilia,DF,10.939166666666667,21.246041666666667,0,55.0
012a238ab54294a3b365812ccc82b135,14f41b6464ff102ab009a269052e7a11,delivered,2017-09-07 18:21:44,2017-09-07 18:35:10,2017-09-13 10:11:40,2017-09-19 18:44:20,2017-10-04,137.7,38.07,3,1,175.77,1,1,4.0,1.0,b1079e3544bf2cf3786e52f5f0220738,13080,campinas,SP,12.015694444444444,26.23490740740741,0,175.76999999999998
67f45b915d20c7c02c711e0fbf871a3a,3198dc1ea5691b70e1e47975503664bf,delivered,2017-09-07 18:21:49,2017-09-07 18:35:11,2017-09-08 19:36:23,2017-09-23 16:20:14,2017-09-26,29.9,11.85,1,1,41.75,1,1,4.0,1.0,9130059f7c7d7f3c6f270e9141a90ece,13061,campinas,SP,15.915567129629629,18.234849537037036,0,41.75
75c65b37911c3543a4efd45a45ee4a92,037fefe4072b01df6c29d233b2196a23,delivered,2017-09-07 18:27:27,2017-09-07 18:35:11,2017-09-08 21:04:36,2017-09-26 16:18:19,2017-09-28,114.62,15.55,1,1,130.17,3,1,4.0,1.0,677378f2b0b40f72c2d7dbc2df8d2bbd,24230,niteroi,RJ,18.910324074074072,20.2309375,0,130.17000000000002
22403c79fdfa9d3b95764cef063e0e56,53fad6bc812afc2a4bfe2009786cefec,delivered,2017-09-07 18:30:52,2017-09-07 18:44:01,2017-09-12 19:42:45,2017-09-15 16:20:03,2017-09-27,65.9,12.59,1,1,78.49,1,1,4.0,1.0,253982498c11dee63ba4ce138b3fe723,4583,sao paulo,SP,7.909155092592592,19.228564814814813,0,78.49000000000001
be1b2440de60927d6a4432b36cc31c71,41181c4f1f3c814dfcfea3957eec452c,delivered,2017-09-07 18:36:26,2017-09-07 19:20:05,2017-09-11 21:24:51,2017-09-16 02:53:31,2017-09-28,41.99,16.11,1,1,58.1,3,1,2.0,1.0,a52f43288bd96433b3dc3091f5a14b2e,39401,montes claros,MG,8.34519675925926,20.224699074074074,0,58.1
73d68ef344ebda9bf0c80b7e3ed70e45,2aa26f091cbe1ebe446df78de1628f34,delivered,2017-09-07 18:41:13,2017-09-09 04:50:19,2017-09-13 21:22:52,2017-09-19 19:37:46,2017-10-03,59.9,13.44,1,1,73.34,1,1,4.0,1.0,73254f2121f9a121ae8a5a32458bd7c2,5871,sao paulo,SP,12.039270833333333,25.221377314814816,0,73.34
3710f61b45bb40db596e352722b6937e,e54e09bbe2be2674c611aa7a6456a8e7,delivered,2017-09-07 18:43:07,2017-09-07 18:55:08,2017-09-11 19:48:00,2017-09-27 19:42:35,2017-10-09,1549.99,53.26,1,1,1603.25,8,1,5.0,1.0,43df16fc8bbc0499aa6bf4e582dfbb66,78700,rondonopolis,MT,20.041296296296295,31.220057870370372,0,1603.25
a739bf4717343c5f9c84196b61a9c53f,daee6b701a5a602c82bc88c89b25e03b,delivered,2017-09-07 19:07:38,2017-09-08 19:03:47,2017-09-13 18:50:07,2017-09-20 17:30:09,2017-09-27,1549.99,40.26,1,1,1590.25,1,2,5.0,1.0,262f884f74980c0ad26fcaab579a3294,7183,guarulhos,SP,12.93230324074074,19.203032407407406,0,1590.25
8d4f2bc3695c3c45f37da3245b22a491,4eeb60f8e7ba516b503ea5ed5b1f8642,delivered,2017-09-07 19:13:55,2017-09-07 19:30:11,2017-09-08 19:53:00,2017-09-15 21:57:55,2017-09-28,610.0,37.54,1,1,647.54,4,1,5.0,1.0,de9d54251e6daa7a7ed87d40be1c4bbd,37950,sao sebastiao do paraiso,MG,8.113888888888889,20.198668981481482,0,647.54
74a93edfa68b687b0e3697b4e20e4b80,93f8c753ce9ea364d109c7a5a0766438,delivered,2017-09-07 19:17:27,2017-09-07 19:30:19,2017-09-08 17:57:49,2017-09-14 17:54:03,2017-09-29,54.16,17.63,1,1,71.79,7,1,5.0,1.0,ee973ae3d148977a7717fdba51bc7fce,95200,vacaria,RS,6.942083333333334,21.196215277777778,0,71.78999999999999
4638df545f7ab35cb2e4ed4bcb490e17,2003c2365837ed9b6c7e6ec2780797b3,delivered,2017-09-07 19:35:39,2017-09-07 19:50:24,2017-09-22 16:28:50,2017-10-07 13:23:08,2017-10-05,760.0,142.35,1,1,902.35,3,1,4.0,1.0,755bd86af4572db680ae4004e152298a,20530,rio de janeiro,RJ,29.74130787037037,27.183576388888888,1,902.35
4088827527ce8c088c35a2e493940b55,5fbb84d18cf3be4cc5e3a77ad95bda71,delivered,2017-09-07 19:38:09,2017-09-07 19:50:26,2017-09-12 21:48:52,2017-09-24 15:47:39,2017-10-05,59.9,17.67,1,1,77.57,1,1,5.0,1.0,d609facafd88898027f2e3dcd2cd5b6a,29173,serra,ES,16.839930555555554,27.181840277777777,0,77.57
bc23a8b8a743eb2f2b66eb86a77f8740,dcd3d418bc3f3a6b9617ef14ddbde12c,delivered,2017-09-07 19:38:45,2017-09-07 19:50:23,2017-09-08 18:57:23,2017-09-18 18:36:01,2017-10-03,98.0,17.97,1,1,115.97,1,1,4.0,1.0,8d5d92f61be08c1c7b0cdcba36a77744,26311,queimados,RJ,10.956435185185185,25.18142361111111,0,115.97
7c070f202157d1ea06a594ce4ca7f0e0,fe10ffd8e45212b501b6f0753ef1e930,delivered,2017-09-07 19:56:05,2017-09-07 20:10:20,2017-09-11 15:00:09,2017-09-12 17:34:06,2017-09-20,270.0,57.61,1,1,327.61,10,1,5.0,1.0,1f6b5e8bdb35c6c1c6f4611cf5bf1247,18051,sorocaba,SP,4.901400462962963,12.169386574074075,0,327.61
453c644fedbe45275213438c93f3d0ce,d480546bdc6b03fca735f10fad331dcb,delivered,2017-09-07 19:56:30,2017-09-07 20:10:08,2017-09-08 18:56:50,2017-09-11 21:42:01,2017-09-26,41.9,12.48,1,1,54.38,5,1,5.0,1.0,60f045715d5f78c8481115c2e5cd8526,35200,aimores,MG,4.073275462962963,18.169097222222224,0,54.379999999999995
69d15b473fc963ac1a3f5bad766593a7,cbb36652aacca97be12943211e867612,delivered,2017-09-07 19:59:16,2017-09-07 20:10:33,2017-09-12 18:59:33,2017-09-27 17:12:20,2017-10-04,79.99,17.81,1,1,97.8,2,1,4.0,1.0,65061b698f374b1d6a2fbbc2ef03ab80,26600,paracambi,RJ,19.884074074074075,26.167175925925925,0,97.8
5a0aef62fed458de537f3edb8501befd,23dadcb549445fa5e15d7bc5cdf682aa,delivered,2017-09-07 20:02:36,2017-09-07 20:10:31,2017-09-08 18:32:28,2017-09-16 17:47:51,2017-09-29,197.0,18.63,1,1,215.63,8,1,4.0,1.0,9da6da8585f6384a9a909bc3facb10a5,25675,petropolis,RJ,8.90642361111111,21.16486111111111,0,215.63
9399731dd679003e21c7f24ad39ffa32,bb98e27058a8d72162176e336a2b97a2,delivered,2017-09-07 20:12:30,2017-09-07 20:25:11,2017-09-11 20:05:23,2017-09-21 17:54:38,2017-09-28,53.9,16.14,1,1,70.04,1,1,4.0,1.0,22745c06a87ddc1142c22ce98c5bf8d1,17033,bauru,SP,13.904259259259259,20.15798611111111,0,70.03999999999999
36af952fa00b09aef1c4c6020442a819,8b2eb4ad78ddc8b18e303faa54348db7,delivered,2017-09-07 20:19:52,2017-09-07 20:30:11,2017-09-08 20:21:44,2017-09-12 20:52:12,2017-09-26,7.9,11.85,1,1,19.75,1,1,5.0,1.0,4ffd7cf05f22d7a320750a2f9e73f665,12042,taubate,SP,5.022453703703704,18.15287037037037,0,19.75
894f6e0db677f7c543348befc4ecc7da,9b1d5f24edbeae5ce310d1fe6a15fd8d,delivered,2017-09-07 20:32:33,2017-09-09 06:34:10,2017-09-15 17:33:05,2017-09-20 17:27:12,2017-09-26,850.0,22.6,1,1,872.6,1,1,5.0,1.0,35d9b34d8895b5f4f7d9ad3ba5e7e8d0,44200,santo amaro,BA,12.871284722222223,18.1440625,0,872.6
a9514842c946fff73632509db47cc683,60e33d9ad2f5c6bd7d7dcc6165fc8f25,delivered,2017-09-07 20:32:41,2017-09-07 20:43:26,2017-09-13 16:57:42,2017-09-22 21:40:43,2017-10-11,69.9,16.74,1,1,86.64,1,1,3.0,1.0,f5ea9442b5b32fc1bdfa8216df06f4be,71065,brasilia,DF,15.047245370370371,33.14396990740741,0,86.64
950863e2e170cafe0f1363b6debbf73c,a667b0ccd3f9add3a9b796c66beda37f,delivered,2017-09-07 20:33:34,2017-09-07 20:45:13,2017-09-11 21:37:46,2017-09-20 10:41:36,2017-09-20,59.9,9.34,1,1,69.24,4,1,1.0,1.0,8318024f29cee9ab3a09981a35fb8b63,4125,sao paulo,SP,12.588912037037037,12.143356481481481,1,69.24
2a463210d1a9df13867520674e9358dc,ba0bfb46dd7216784ecd3695c4ee60d0,delivered,2017-09-07 20:34:30,2017-09-09 04:50:06,2017-09-11 21:23:04,2017-09-15 20:35:40,2017-10-03,48.9,17.6,1,1,66.5,1,1,4.0,1.0,90268bc0fa504821ccaba5d9e8d0c07d,13510,santa gertrudes,SP,8.000810185185186,25.142708333333335,0,66.5
a8c7e8c088aabc1cd41eb0161f0c7757,9fe82e319a983fcac6e5ea245687ea71,delivered,2017-09-07 20:55:17,2017-09-07 21:10:12,2017-09-08 14:32:26,2017-09-17 16:49:10,2017-09-27,15.9,16.11,1,1,32.01,1,2,4.0,1.0,1bcddf0de06b8a76191f0f7d1cfa35ed,25955,teresopolis,RJ,9.829085648148148,19.128275462962964,0,32.01
406e77234ec47031020fa6bf9507b59b,158ced6ab5b04dcc374324d4390fce1e,delivered,2017-09-07 21:32:35,2017-09-07 21:44:00,2017-09-12 18:27:56,2017-09-22 16:05:05,2017-10-03,419.8,45.31,1,1,465.11,10,1,5.0,1.0,97c0d90b4d37062c75b5f836ce3ab957,47800,barreiras,BA,14.772569444444445,25.102372685185184,0,465.11
40956e6dd1d3604c48f437352e4dc3d3,3054b6322c7112b56c441d044a5b7033,delivered,2017-09-07 21:32:35,2017-09-07 21:43:59,2017-09-08 21:14:43,2017-09-22 17:04:10,2017-10-03,118.88,20.07,1,1,138.95,10,1,,,97c0d90b4d37062c75b5f836ce3ab957,47800,barreiras,BA,14.813599537037037,25.102372685185184,0,138.95
f41b642bbc6b114869453f29da96d041,9eab014e2646490a4e86bf382c50f4bc,delivered,2017-09-07 21:52:13,2017-09-09 05:15:19,2017-09-12 21:08:43,2017-09-23 14:32:42,2017-10-05,58.9,17.98,1,1,76.88,1,1,5.0,1.0,76415e22ee395842dd2428a274776e94,45000,vitoria da conquista,BA,15.694780092592593,27.088738425925925,0,76.88
216a8b668866adcc7e2651ffa6c5ebcf,2e9688dfc26193a7c2bbb6717beaa13e,delivered,2017-09-07 22:16:12,2017-09-07 22:30:11,2017-09-08 19:14:01,2017-09-15 20:57:24,2017-09-29,358.0,37.0,2,1,395.0,2,1,4.0,1.0,8c4c10e29f4905df38860241832eda35,37502,itajuba,MG,7.945277777777778,21.07208333333333,0,395.0
0f2c54530ee6ee50a3adc31fb30e8769,35d43bdadfbc9f9dfdcbe37914bf4e1f,delivered,2017-09-07 22:18:52,2017-09-09 04:50:22,2017-09-12 15:49:50,2017-09-25 18:53:38,2017-09-27,149.9,18.33,1,1,168.23,1,1,5.0,1.0,468397c4a3e5ddc3afead604f8b9a0ce,60040,fortaleza,CE,17.857476851851853,19.070231481481482,0,168.23000000000002
fd3c2f37b535d300e61e63b029edfd20,20994cde97d1b4009a539595342ce5e5,delivered,2017-09-07 22:30:39,2017-09-08 22:35:15,2017-09-12 18:07:36,2017-09-19 19:08:02,2017-10-03,249.9,133.3,1,1,383.2,4,1,5.0,1.0,a1a60b6cdb7de4b7251eab4f0ca8878e,78049,cuiaba,MT,11.859293981481482,25.062048611111113,0,383.20000000000005
92bdfe9e203d9d027f9c26b8b39f6ec8,6739d1a6b151dfa87a505b1c8798edbd,delivered,2017-09-07 22:45:42,2017-09-07 22:55:14,2017-09-14 22:21:51,2017-09-23 13:41:20,2017-09-26,19.9,11.85,1,1,31.75,1,1,5.0,1.0,091e8f3526ef6dcc235f5fbbcdbeb003,8452,sao paulo,SP,15.621967592592593,18.051597222222224,0,31.75
17ee1f77fa871fa2d26b8095816fc2eb,b69dfe8213b3b11dcefda5aeec567dcc,delivered,2017-09-07 23:02:56,2017-09-07 23:10:18,2017-09-08 20:07:56,2017-09-19 16:57:16,2017-09-28,95.99,17.92,1,1,113.91,7,1,5.0,1.0,06dcd943e3a874082fc85cc7c4cbc27a,12245,sao jose dos campos,SP,11.746064814814815,20.03962962962963,0,113.91
579d1ca1c229566ac9ad0bb17a50f99b,77ae41d2233b06b7272c078e0ff8e880,delivered,2017-09-07 23:08:29,2017-09-07 23:25:10,2017-09-12 21:37:46,2017-09-30 16:05:44,2017-10-04,59.9,17.67,1,1,77.57,3,1,4.0,1.0,24561d5dff99c04231cdc4103b8e03d6,29051,vitoria,ES,22.706423611111113,26.035775462962963,0,77.57
9d0ad9e3a6c8ade53a107a1008214396,e31bf09ec8e356fb6f8786901433631f,delivered,2017-09-07 23:09:05,2017-09-09 05:15:18,2017-09-11 20:37:00,2017-10-13 21:17:41,2017-10-02,12.9,16.79,1,1,29.69,1,1,3.0,1.0,4b4b39322133297ca7058789b5089b1a,41315,salvador,BA,35.92263888888889,24.035358796296297,1,29.689999999999998
eeee28417bb0a24c511c9b96a03fb29b,e8435133133d4eab7ded41332934b2d6,delivered,2017-09-07 23:18:04,2017-09-07 23:30:18,2017-09-08 19:57:48,2017-09-13 17:55:51,2017-09-20,119.99,12.04,1,1,132.03,1,1,4.0,1.0,ff48228323a1d52f3b3108316bdc4314,4849,sao paulo,SP,5.776238425925926,12.02912037037037,0,132.03
4cb8cb3ecb5dbc9df36cb56451499a0f,6daa8f0dc2e558d601f7ed53eb6188e0,delivered,2017-09-07 23:47:40,2017-09-08 00:03:08,2017-09-11 14:13:05,2017-09-24 17:39:50,2017-10-05,169.99,38.33,1,1,208.32,6,1,5.0,1.0,2356a157ac13013e2af4979379737874,56330,petrolina,PE,16.744560185185186,27.008564814814815,0,208.32
138db286991b7cc18370680e5f5154da,fd0fcdbd68483dafd1be738a3879afff,delivered,2017-09-08 00:05:47,2017-09-08 00:25:24,2017-09-11 15:37:59,2017-09-21 17:49:06,2017-10-04,69.99000000000001,51.26,2,1,121.25,8,1,4.0,2.0,6576977872dd65f5b680e944afe3a724,50660,recife,PE,13.738414351851851,25.995983796296297,0,121.25
3c5c2cfeea91d9a57ac3c979ec6c9d62,d5074eadf84056c1ffc555aa27846171,delivered,2017-09-08 00:05:48,2017-09-08 00:25:26,2017-09-11 20:45:06,2017-09-21 18:53:34,2017-10-16,49.9,17.63,1,1,67.53,6,1,4.0,2.0,6576977872dd65f5b680e944afe3a724,50660,recife,PE,13.783171296296297,37.99597222222222,0,67.53
e99ad24ae882053c1748c15ce2fdb0d7,538f5ebabc8b42ab3d71536066a64ed2,delivered,2017-09-08 00:41:34,2017-09-08 02:34:04,2017-09-11 12:26:35,2017-09-14 21:16:23,2017-10-04,23.99,15.79,1,1,39.78,1,1,5.0,1.0,462bb3bbbb472504944511257137ebc8,40230,salvador,BA,6.857511574074074,25.97113425925926,0,39.78
3b12b05b1ef9fd1f18face4e10c50c2e,4d7fc7b184089eadde3dd0133adcda45,delivered,2017-09-08 00:59:39,2017-09-08 02:34:04,2017-09-08 20:13:42,2017-09-18 13:59:53,2017-10-02,200.0,75.5,5,1,275.5,1,1,5.0,1.0,02c661a1832c392b81d7ba1ebddf8796,26556,mesquita,RJ,10.541828703703704,23.95857638888889,0,275.5
a68d55e37069898482bef61866cac7f4,3a38221b09bfb907e18edee4e1a12645,delivered,2017-09-08 01:21:52,2017-09-08 01:30:17,2017-09-08 19:24:51,2017-09-09 15:12:10,2017-09-20,44.9,7.78,1,1,52.68,1,1,5.0,1.0,77d0b64c3b3f1e8b24c38a007e66a8bd,5842,sao paulo,SP,1.5765972222222222,11.943148148148149,0,52.68
5cd4de56d310f9546c7dea5611b658d0,df738297a39fcf2ccb7a88b29e3781e1,delivered,2017-09-08 03:21:06,2017-09-08 03:30:14,2017-09-08 19:42:16,2017-09-25 20:22:40,2017-10-04,44.9,22.67,1,1,67.57,6,1,4.0,1.0,0e584b5cadc27b58a7f4a6ebb9bb7da8,59035,natal,RN,17.709421296296295,25.860347222222224,0,67.57
08f09d9ef3e4f3cdfa18431097f40682,6c35c047c1722366ee705c6e73847f80,delivered,2017-09-08 05:17:36,2017-09-09 04:45:46,2017-09-13 22:12:20,2017-09-20 16:57:40,2017-09-26,139.9,20.89,1,1,160.79,1,1,5.0,1.0,9468d5f47f7860aa11cc73deda96af0a,5145,sao paulo,SP,12.486157407407408,17.779444444444444,0,160.79000000000002
f7e76d88532589dec3eca969d70af654,eeed45d421233a092443e8a5714a4755,delivered,2017-09-08 06:48:01,2017-09-08 07:03:46,2017-09-12 22:07:33,2017-09-22 18:38:55,2017-10-04,25.33,16.79,1,1,42.12,2,1,5.0,1.0,4e25dcb638fd85d4d08c8218145357fc,37760,carvalhopolis,MG,14.493680555555555,25.716655092592593,0,42.12
80cd254ae5eface5556a1e1e826936b9,03ff24a1feebe22692496f9d3996438d,delivered,2017-09-08 06:58:42,2017-09-12 04:24:17,2017-09-12 19:12:09,2017-09-21 14:22:00,2017-10-02,199.0,18.67,1,1,217.67,1,1,5.0,1.0,1a16ea972fbd55a30253c38d98c2e39e,62670,sao goncalo do amarante,CE,13.307847222222222,23.70923611111111,0,217.67000000000002
ce19416583ee035a7a8097db2c53f98c,1312052710d8669c61d9d6d07f5664c3,delivered,2017-09-08 08:03:25,2017-09-08 08:15:14,2017-09-11 13:11:11,2017-09-12 20:21:53,2017-09-20,42.9,9.34,1,1,52.24,3,1,5.0,1.0,9c73c3022f4c8591feb2fb7bfb013de0,3104,sao paulo,SP,4.512824074074074,11.664293981481482,0,52.239999999999995
eef06779a3b6d4c50bb9dd92796a9782,1e26d5d9c7f4fea38f023d1cd7e7f0ee,delivered,2017-09-08 08:08:56,2017-09-08 08:24:26,2017-09-08 18:33:14,2017-09-11 20:50:01,2017-09-20,129.0,8.16,1,1,137.16,6,1,1.0,1.0,bd253227ca6d422caeeb349da9b1ef66,13344,indaiatuba,SP,3.5285300925925926,11.660462962962963,0,137.16
f0d0b94bec48f0f61bfe9ff4cfc97662,c2b80e257177ffb559e4d99dd5d06d54,delivered,2017-09-08 08:25:13,2017-09-12 04:45:07,2017-09-12 15:35:08,2017-09-19 22:42:25,2017-10-04,159.99,40.45,1,1,200.44,1,1,5.0,1.0,b5d04a0fa2f9d350422fc65e2aa79d1f,24800,itaborai,RJ,11.595277777777778,25.649155092592594,0,200.44
11c601407b62dd629716ee3ff3efa95b,49e0224052a8e55bcdc4b3620c5febd4,delivered,2017-09-08 08:44:08,2017-09-08 08:55:24,2017-09-12 18:03:04,2017-10-02 18:35:01,2017-10-03,53.0,21.17,1,1,74.17,3,1,5.0,1.0,5c0b5937776c0900b3b03cc9338f313a,59020,natal,RN,24.41033564814815,24.63601851851852,0,74.17
889e1d99762dd368ffbc599fca39bb91,a6213be5160f76ac6fa665067ecc8a82,delivered,2017-09-08 08:49:01,2017-09-08 09:03:33,2017-09-18 20:02:49,2017-09-25 17:46:29,2017-10-03,132.9,21.42,1,1,154.32,5,1,4.0,1.0,06affe57122d4135e624fa1886f4ff37,29680,joao neiva,ES,17.37324074074074,24.632627314814815,0,154.32
5b10bae6d8bb45da2e1bb606f76b5032,098afef7287e209fa5ab0fcd6981a45d,delivered,2017-09-08 09:08:16,2017-09-12 04:15:22,2017-09-19 19:02:22,2017-09-25 21:21:42,2017-09-28,40.9,14.1,1,1,55.0,1,1,5.0,1.0,2fa56046de7e875be1cac671574efe87,81570,curitiba,PR,17.509328703703705,19.61925925925926,0,55.0
2d41f565da57c810b338c40361477c5f,9b2a730cbd99f73b0659756985493ed4,delivered,2017-09-08 09:11:26,2017-09-08 09:25:12,2017-09-08 22:04:10,2017-09-28 10:02:56,2017-09-29,189.99,18.58,1,1,208.57,3,1,5.0,1.0,1440e5bcc626eb14a4a4c7a5c8c19e79,89219,joinville,SC,20.035763888888887,20.617060185185185,0,208.57
8e2fa0b77725b0b8d060123e347344fd,9e3928ae9bc7270d367853ee9c9d546a,delivered,2017-09-08 09:22:24,2017-09-08 09:35:20,2017-09-08 16:57:38,2017-09-14 21:14:19,2017-09-27,59.9,14.17,1,1,74.07,4,1,5.0,1.0,666735967444a5c5e671f9515fe23ab1,9981,diadema,SP,6.494386574074074,18.609444444444446,0,74.07
cde93890c51e83a6998b489c87ad6cf0,3f0189de46eeeb99ba13da6c9bbd21c0,delivered,2017-09-08 09:22:24,2017-09-08 09:45:24,2017-09-08 19:49:52,2017-09-18 14:47:53,2017-10-02,279.99,30.36,1,1,310.35,1,1,4.0,1.0,fc45ba6b423768eb78c83c19c664814f,48970,senhor do bonfim,BA,10.226030092592593,23.609444444444446,0,310.35
7d08ecaa7f7a09d998d13b5fc4662c3e,db977692da48dd7befedc7aa02920c99,delivered,2017-09-08 09:22:53,2017-09-08 09:35:20,2017-09-08 21:44:55,2017-09-16 13:05:50,2017-09-20,37.9,9.34,1,1,47.24,1,1,5.0,1.0,1a09cd2cc74f8be40af56e7ca947ff51,13060,campinas,SP,8.154826388888889,11.609108796296296,0,47.239999999999995
e7eceb7362eb746b29dc6205f732067c,8600b231a8fa87131e4bcf9d1dd0cbd6,delivered,2017-09-08 09:34:14,2017-09-12 04:25:51,2017-09-12 19:19:55,2017-09-19 20:27:07,2017-09-26,69.9,12.83,1,1,82.73,1,1,5.0,1.0,0f994154412da4ae62966217594a1914,13070,campinas,SP,11.453391203703704,17.60122685185185,0,82.73
9bb20141c47cf5f8919640d4c91f1b31,507ba08e52714e99aa837e44bc68dbf2,delivered,2017-09-08 09:35:39,2017-09-08 09:50:25,2017-09-11 16:16:30,2017-09-28 06:56:31,2017-10-09,17.99,25.63,1,1,43.62,4,1,5.0,1.0,77d202c519bfea42e484537e9af2e9de,55715,feira nova,PE,19.88949074074074,30.600243055555556,0,43.62
e6e34e47fd3eabdfe4b6c2662cc2a04c,189f3386590174a0646653e12a6c0278,delivered,2017-09-08 09:52:41,2017-09-08 10:05:11,2017-09-11 13:23:43,2017-09-19 18:03:17,2017-09-27,69.9,20.98,1,1,90.88,3,1,5.0,1.0,65a0057b8dc1d42a5a7096d64250e783,20521,rio de janeiro,RJ,11.340694444444445,18.588414351851853,0,90.88000000000001
63f51e8c965a147f93a5ed80d6e13d73,fe580eae24253335f7b3398fb89fe493,delivered,2017-09-08 09:58:50,2017-09-12 04:15:19,2017-09-15 19:51:50,2017-09-26 19:10:13,2017-10-02,269.9,28.21,1,1,298.11,1,1,3.0,1.0,a841c8e284f4bfb4c02b30fafdff64f1,79955,juti,MS,18.382905092592594,23.58414351851852,0,298.10999999999996
b8d67526e7a669a43b4a53bbffc6fc0d,507f7a9eafd9f8c8fff398275e71b336,delivered,2017-09-08 10:01:46,2017-09-08 10:15:19,2017-09-13 14:04:10,2017-09-21 17:53:37,2017-10-16,50.9,16.12,1,1,67.02,1,1,5.0,1.0,977154fdcbf7645decd7cdc52f06fb80,95912,lajeado,RS,13.327673611111111,37.58210648148148,0,67.02
f26be57b128ad749636740a15bf6752c,2bf7dbe3a7ea4e83fb24209f67b9d89b,delivered,2017-09-08 10:06:40,2017-09-08 10:24:26,2017-09-12 16:29:48,2017-09-18 14:38:00,2017-09-28,65.28,33.2,2,1,98.48,1,1,5.0,1.0,b1ff13ebf017d85788fb63189c1dba6b,23071,rio de janeiro,RJ,10.188425925925927,19.578703703703702,0,98.48
1dc91db5eff6504549002a149b7a031e,a1b148ebcc27c66a3a2d7508c94be5ea,delivered,2017-09-08 10:09:43,2017-09-08 10:24:23,2017-09-27 13:16:05,2017-10-04 17:53:03,2017-10-06,343.0,21.64,1,1,364.64,6,1,4.0,1.0,77b10b35bfbd93f66791b7be53346370,36301,sao joao del rei,MG,26.32175925925926,27.576585648148146,0,364.64
aa168056de685bc1be4c86543a14a845,8795d0d8d0948546b317fff2230687a0,delivered,2017-09-08 10:13:40,2017-09-09 13:44:19,2017-09-11 22:21:22,2017-09-23 15:14:07,2017-10-05,39.0,15.1,1,1,54.1,1,1,5.0,1.0,1599bd884cb84b88e2a27b18c5980337,94410,viamao,RS,15.208645833333334,26.57384259259259,0,54.1
0ec0ef35a66b31f873f0010267d30a8e,7c3842cd24caaa14e2e35e68623aa791,delivered,2017-09-08 10:15:40,2017-09-08 10:25:28,2017-09-08 22:06:51,2017-09-13 20:10:08,2017-09-26,82.99,12.92,1,1,95.91,1,1,1.0,1.0,176df29483e4fb6ce1d6dd1c824ad72d,18230,sao miguel arcanjo,SP,5.4128240740740745,17.572453703703705,0,95.91
bf109fa36da244c6c5425edfda0d8aab,f1ede9f967d57c8c6e3371225fb5bc3d,delivered,2017-09-08 10:21:17,2017-09-09 05:15:53,2017-09-12 14:56:30,2017-09-21 17:48:28,2017-10-02,64.9,16.21,1,1,81.11,1,1,5.0,1.0,1e70248c64829f54e02845cc16e25638,98801,santo angelo,RS,13.310543981481482,23.56855324074074,0,81.11000000000001
21f7d9bdefa71a3a6edc8c9b7b733b47,f014b7ec884cdfdeffab61baef33fbd4,delivered,2017-09-08 10:23:28,2017-09-08 10:35:18,2017-09-08 21:23:25,2017-09-13 19:22:25,2017-09-27,234.0,38.67,3,1,272.67,1,1,5.0,1.0,89b765801f4e0aed646a9814b76d22ef,17017,bauru,SP,5.374270833333333,18.567037037037036,0,272.67
59af6639bc574148a47076bb16ff485e,b83bd80a9acf980ee6ac382e5c1452ae,delivered,2017-09-08 10:32:20,2017-09-08 10:45:13,2017-09-11 21:03:23,2017-09-14 18:15:41,2017-09-26,69.9,13.51,1,1,83.41,3,1,4.0,1.0,5ee57c2c09a8207dd889ca527f27bc39,11950,cajati,SP,6.321770833333333,17.56087962962963,0,83.41000000000001
b6bd1268edd63fffeca68296b0abbb27,74693dcca0b4f00d1e44f2761861eec5,delivered,2017-09-08 10:42:45,2017-09-08 10:55:23,2017-09-14 20:27:56,2017-09-28 20:51:43,2017-09-29,37.5,15.1,1,1,52.6,2,1,5.0,1.0,e3c6501431a24500d36e684de754101a,75910,rio verde,GO,20.422893518518517,20.553645833333334,0,52.6
adcb2eeef370c9bf98f5d1e975397950,33b80fb8f69874ba86e105154a5e7712,delivered,2017-09-08 10:57:15,2017-09-09 05:04:31,2017-09-12 16:33:24,2017-09-21 19:09:38,2017-09-28,17.9,12.48,1,1,30.38,1,1,5.0,1.0,75a398e43d9757a4f7d6f622aeb22c47,8573,itaquaquecetuba,SP,13.341932870370371,19.543576388888887,0,30.38
9c1becadc6a0c6445eb02167b8d1bbff,fc788d5e3648d52793588cb90a77b5a1,delivered,2017-09-08 10:57:39,2017-09-08 11:05:18,2017-09-11 19:25:51,2017-09-18 19:47:50,2017-10-04,19.9,16.79,1,1,36.69,3,1,4.0,1.0,4e0e2c55be4484ff485141aa1ae03bdd,73801,formosa,GO,10.36818287037037,25.543298611111112,0,36.69
83c4b4c8e8fdb6e9ef46162e012e691e,f7b2f2169f6c1f96ba7ea6704869ce29,delivered,2017-09-08 11:11:55,2017-09-12 04:24:09,2017-09-15 22:33:46,2017-09-26 00:11:37,2017-10-03,45.0,15.1,1,1,60.1,1,1,4.0,1.0,54e49438764cddd0e54741a77491af03,22620,rio de janeiro,RJ,17.541458333333335,24.533391203703705,0,60.1
be5d9df3cb44dbb469a80581ede808a2,353aa71e2ad73b4ef96748be41c1b9e0,delivered,2017-09-08 11:27:46,2017-09-12 04:50:36,2017-09-14 20:09:45,2017-09-19 16:20:13,2017-10-03,59.0,17.98,1,1,76.98,1,1,1.0,1.0,506269f55456aa4942ff046f924b17fb,38411,uberlandia,MG,11.203090277777777,24.52238425925926,0,76.98
950e244d8e903f36efe98966a1c4e398,7a6034b320c40ab225e1d225c7192513,delivered,2017-09-08 11:38:45,2017-09-08 11:50:16,2017-09-08 19:49:54,2017-09-18 23:32:25,2017-09-29,69.9,16.25,1,1,86.15,1,1,5.0,1.0,163319de65bcf700fff42119025c0dfc,22620,rio de janeiro,RJ,10.495601851851852,20.514756944444443,0,86.15
eb3496e5ea096b0366a2e552fd7ab470,40f3ad678e7faf0682800ca130302eb9,delivered,2017-09-08 11:55:31,2017-09-08 12:05:33,2017-09-11 22:09:59,2017-09-24 12:02:57,2017-10-04,29.9,25.63,1,1,55.53,5,1,5.0,1.0,681709d38d95f3c3a5ee385703f89a0b,96030,pelotas,RS,16.00516203703704,25.503113425925925,0,55.53
4023a76299303d17458bcb9419d0f6e6,9d463820dba452ab51e07e689894fb14,delivered,2017-09-08 11:56:14,2017-09-08 12:05:32,2017-09-08 18:32:27,2017-09-12 18:46:23,2017-09-26,129.0,16.53,1,1,145.53,8,1,5.0,1.0,3fbf389fec853963ba6644b0091ac939,3407,sao paulo,SP,4.284826388888889,17.50261574074074,0,145.53
ca3b7514c4c2ab7ba612094bee631db4,03ebf79c58f0c3be1cc8895f1829ca79,delivered,2017-09-08 12:00:21,2017-09-12 04:35:22,2017-09-13 13:49:00,2017-09-20 19:22:36,2017-09-26,143.8,18.9,1,1,162.7,1,1,5.0,1.0,c0fc2e3595c750de75d36e7db9399e83,19200,pirapozinho,SP,12.307118055555556,17.499756944444446,0,162.70000000000002
c25acd72d5c2eb2ec89c3c8d7cd7d1f2,1df78c923a7db9f4b3f8bf63edf7adc2,delivered,2017-09-08 12:04:02,2017-09-09 05:04:42,2017-09-11 21:46:54,2017-09-12 18:17:38,2017-09-20,49.9,8.72,1,1,58.62,1,1,5.0,1.0,6c9db1b2aae6d3fa10ab0d83db507ddc,13082,campinas,SP,4.259444444444444,11.497199074074073,0,58.62
81d6162a00e7332a42e9f26375953d74,0fd081a171ad9381ac6327931d84b277,delivered,2017-09-08 12:06:19,2017-09-08 12:23:37,2017-09-08 20:05:09,2017-09-14 20:57:49,2017-10-02,89.9,15.38,1,1,105.28,3,1,5.0,1.0,2e768bd486b2fd6a5a2ebe19ef23442e,71928,brasilia,DF,6.369097222222222,23.495613425925924,0,105.28
ee72cc3828a08dc0672d88d212db3452,c5588c8e646c1dacebdeed67ce6c2020,delivered,2017-09-08 12:12:48,2017-09-11 07:06:03,2017-09-14 19:34:57,2017-10-05 20:14:08,2017-10-06,23.9,42.38,1,1,66.28,5,1,5.0,1.0,68ce615157570698fb2aeafb819dba01,91740,porto alegre,RS,27.33425925925926,27.49111111111111,0,66.28
0aed18a03ea2ccdb5981aea3524b304d,186d5e15485ff2afa04f02bd00aee4a4,delivered,2017-09-08 12:16:48,2017-09-12 04:55:21,2017-09-13 22:23:41,2017-09-23 01:23:34,2017-10-03,208.0,105.43,2,1,313.43,1,1,1.0,1.0,dc9108cdc59294eebe936e0971e6da63,60865,fortaleza,CE,14.546365740740741,24.488333333333333,0,313.43
42ba12b4f475fa439830ed994ad57b96,120d8152329c73cf1c57b20b55a0d6db,delivered,2017-09-08 12:49:00,2017-09-08 13:04:07,2017-09-11 19:50:00,2017-09-12 16:25:55,2017-09-21,99.9,13.25,1,1,113.15,1,1,5.0,1.0,f265ed971e975f6f931da5bb5950f43b,1123,sao paulo,SP,4.150636574074074,12.465972222222222,0,113.15
519b26d18bc4a42eaac1841acd217baa,e9b0f3b800151f5ea33a39ec85f01e2d,delivered,2017-09-08 12:53:49,2017-09-08 13:05:19,2017-09-11 19:50:01,2017-09-12 16:25:56,2017-09-21,34.9,9.34,1,1,44.24,1,1,5.0,1.0,0b967b2aee0bfd5e38d020413e818886,2178,sao paulo,SP,4.147303240740741,12.462627314814815,0,44.239999999999995
517c5482beb73742b5f8b08e4197dde6,07c5453d0cc0683141b3b76577d9cb32,delivered,2017-09-08 12:54:46,2017-09-08 13:05:12,2017-09-08 20:02:42,2017-09-18 19:18:51,2017-10-25,19.9,14.1,1,1,34.0,2,1,5.0,1.0,5489252feee6939c7874ef05a203c4a3,22710,rio de janeiro,RJ,10.266724537037037,46.46196759259259,0,34.0
5855ed67c59c23f410f190aabae43591,cb85674de3108f718d4b6b608ee2f0da,delivered,2017-09-08 12:55:46,2017-09-08 13:05:18,2017-09-11 22:42:27,2017-09-15 21:55:41,2017-10-02,35.0,15.1,1,1,50.1,3,1,4.0,1.0,bb85b098c288f4b18c0c014e85e0c93e,38408,uberlandia,MG,7.37494212962963,23.46127314814815,0,50.1
7de45d1340279aa6e3847ffa7bb235a6,9d69e5f040338b1a1ecbaa9ed6091454,delivered,2017-09-08 13:16:15,2017-09-09 06:34:35,2017-09-12 15:22:19,2017-09-25 14:04:18,2017-10-16,101.7,29.11,1,1,130.81,1,1,3.0,1.0,4ca9bf9b6313377f9cc4b490aca6a48f,93900,ivoti,RS,17.033368055555556,37.447048611111114,0,130.81
059a35c89cb9ee5ba740d4ac2eb8a805,c11a237ba6088cf7db513e5e9bc0ccf5,delivered,2017-09-08 13:30:44,2017-09-08 13:45:17,2017-09-13 23:22:16,2017-10-02 21:04:28,2017-09-26,119.34,17.09,1,1,136.43,5,1,1.0,1.0,6d2b579b7b3c4848bfbf213c6e0050a4,23061,rio de janeiro,RJ,24.315092592592592,17.43699074074074,1,136.43
bb3b61a129aba9eeb10bb81a4770f3b1,e986427e3d822269e0b7e998d86cf267,delivered,2017-09-08 13:37:07,2017-09-08 13:50:16,2017-09-08 19:52:05,2017-09-15 22:36:27,2017-10-02,229.0,43.8,1,1,272.8,5,1,5.0,1.0,0eab82e58c1b71bfb9f2c7dd966e8cff,80045,curitiba,PR,7.374537037037037,23.43255787037037,0,272.8
f80aba8d439df1fe6269f1b52d5b2893,28d1d2e63385a2ccb0c2b0fe0dfebedc,delivered,2017-09-08 13:41:30,2017-09-08 13:55:16,2017-09-12 12:57:02,2017-09-19 18:38:13,2017-09-27,56.99,11.9,1,1,68.89,6,1,1.0,1.0,20e16f8450dabcfca13e537e19f2e871,13803,mogi mirim,SP,11.20605324074074,18.429513888888888,0,68.89
7099539c7bec32e6a15a56bfbfa058ba,9f9e2a9952c8085a7fc40cb3ffbcf784,delivered,2017-09-08 13:48:34,2017-09-09 15:15:17,2017-09-12 20:52:55,2017-09-26 18:02:59,2017-10-11,349.9,46.3,1,1,396.2,8,1,5.0,1.0,8f90f5ad24e2257cd3887aa3cb9574a7,49506,itabaiana,SE,18.176678240740742,32.42460648148148,0,396.2
24c62466418a240484d7c25dbc112222,2a083bbded65694d1e0cdb38fc757019,delivered,2017-09-08 13:51:42,2017-09-08 14:04:29,2017-09-11 14:06:28,2017-09-14 17:20:09,2017-10-06,42.0,17.6,1,1,59.6,2,1,5.0,1.0,fc685f5d020dbc22ef7dae7822f336dc,38320,santa vitoria,MG,6.1447569444444445,27.422430555555554,0,59.6
699d148662aa317f3b1ff76239dd102c,edebcc95c310919931356b64dbc65035,delivered,2017-09-08 13:52:54,2017-09-09 13:55:17,2017-09-14 23:57:44,2017-09-28 19:22:56,2017-10-06,178.0,30.74,2,1,208.74,10,1,4.0,1.0,b4aa04dcf89afb719cb48df21fa17972,89950,dionisio cerqueira,SC,20.229189814814816,27.42159722222222,0,208.74
8cd8ab3299e57a72f3b279754fc9847f,11e967f2d4216f48bdd64fc5bb934074,delivered,2017-09-08 14:04:54,2017-09-08 14:24:05,2017-09-18 22:04:39,2017-09-20 19:05:19,2017-09-25,29.35,9.34,1,1,38.69,1,1,4.0,1.0,b12fb4939476e92d9490ab46c7006675,9330,maua,SP,12.208622685185185,16.41326388888889,0,38.69
32a8de5ba7f744d3a361fa1ebe7f4b6b,b97b7c17da5ca217170dd0f9a2250838,delivered,2017-09-08 14:06:59,2017-09-08 17:25:15,2017-09-12 19:17:53,2017-09-18 18:25:44,2017-09-26,59.9,13.44,1,1,73.34,1,1,5.0,1.0,64936835dbe7caac4a87862c2faea0ca,2972,sao paulo,SP,10.1796875,17.41181712962963,0,73.34
d42ae55fee4d8a4b11a86804fbfc0e34,0d1c5b3db710f5db56a7d67dfd459da2,delivered,2017-09-08 14:10:02,2017-09-09 06:34:07,2017-09-11 17:31:46,2017-09-12 19:03:50,2017-09-20,91.9,9.46,1,1,101.36,1,1,5.0,1.0,3cc17798f7ea0f6d88c1088cbe2500ba,8820,mogi das cruzes,SP,4.204027777777778,11.409699074074075,0,101.36000000000001
40d2b678e613d0819d981630832e422f,046498c220fe6d3aa19f8c3d3ed485d7,delivered,2017-09-08 14:10:36,2017-09-08 14:24:03,2017-09-11 13:50:11,2017-09-18 21:09:28,2017-09-28,38.0,16.11,1,1,54.11,5,1,5.0,1.0,6c6ea26d47e257d940180ec430246a03,72405,brasilia,DF,10.290879629629629,19.409305555555555,0,54.11
acd1ab087bd68263c7eaf9a67df3da92,daff41a861c8bfeb410ce43d3e2a644f,delivered,2017-09-08 14:15:29,2017-09-08 14:25:16,2017-09-13 21:32:30,2017-09-19 20:08:54,2017-10-03,59.9,13.44,1,1,73.34,4,1,5.0,1.0,4cc21ad52ca137eaaeb486c85045624d,19273,rosana,SP,11.245428240740742,24.40591435185185,0,73.34
3b550d526029241325a94aa30a60cff0,ba94d08242444ec7bb6504275a6d7c4d,delivered,2017-09-08 14:15:39,2017-09-08 14:25:18,2017-09-11 16:12:21,2017-09-13 15:07:45,2017-09-27,24.41,12.6,1,1,37.01,3,1,1.0,1.0,47a164a775858920248b4269be24a00a,50741,recife,PE,5.036180555555555,18.405798611111113,0,37.01
8fc40ab512fd704815938e379ac9c36f,27bf9398c28119ce30319d0805503945,delivered,2017-09-08 14:19:36,2017-09-08 14:30:26,2017-09-11 14:52:37,2017-09-22 23:22:57,2017-09-29,75.0,17.78,1,1,92.78,1,1,4.0,1.0,1edfe99cf594f97c0bcec52850d3ba57,85602,francisco beltrao,PR,14.37732638888889,20.403055555555557,0,92.78
871d475aeaf2288a225fe1ade32d1b44,61cfdf9916a5a215dfe42663648b99c9,delivered,2017-09-08 14:44:39,2017-09-09 17:28:53,2017-09-12 21:35:02,2017-09-28 20:07:28,2017-09-28,19.9,21.15,1,1,41.05,3,1,5.0,1.0,0145b1b14166b43baa374daddffca8fd,65066,sao luis,MA,20.22417824074074,19.385659722222222,1,41.05
6808371a9f147369fa0db5ebc9cecc26,908b9f5f225602abc9631245385ed5ee,delivered,2017-09-08 14:47:40,2017-09-08 15:03:25,2017-09-12 19:33:15,2017-09-21 15:00:07,2017-10-02,55.0,16.83,1,1,71.83,7,1,5.0,1.0,329d013202109f3079446be910f5353b,97543,alegrete,RS,13.008645833333333,23.383564814814815,0,71.83
b8b3f1a93f6899699c4cfab3f0cb85e0,63f58793879e91091b56be7228ded7fe,delivered,2017-09-08 14:49:36,2017-09-08 15:03:27,2017-10-11 12:01:29,2017-10-15 16:43:36,2017-09-29,89.99,18.87,1,1,125.74,12,1,1.0,1.0,c9ec7638cb8f2dd8e4439fa8374d89e4,94510,viamao,RS,37.079166666666666,20.38222222222222,1,108.86
de09b3dcf54cf0c8f1f503336f3110b3,42da83bec6f09f825ff65b49cd4fd618,delivered,2017-09-08 14:50:28,2017-09-08 15:03:23,2017-09-12 20:49:51,2017-09-19 20:38:41,2017-10-06,310.0,95.47,1,1,405.47,3,1,5.0,1.0,842409210999ca86fe9dacd6c38e883d,96470,pinheiro machado,RS,11.241817129629629,27.38162037037037,0,405.47
b8ab7d209a05e9462921ece50de1c177,945e56ab9a4d329e972c8de67d70fd4f,delivered,2017-09-08 14:53:33,2017-09-12 04:26:08,2017-09-15 18:35:05,2017-09-28 22:47:08,2017-10-04,59.9,17.67,1,1,77.57,1,1,5.0,1.0,1a6a081b4672e22ac8a9c93f0583a87c,22790,rio de janeiro,RJ,20.328877314814815,25.379479166666666,0,77.57
b3ceb7d2c66651bd0f6531ffba8745fb,0473034ec8cbbdc1db543b6c3615c625,delivered,2017-09-08 14:56:50,2017-09-09 05:04:40,2017-09-12 00:51:21,2017-09-20 19:27:41,2017-10-03,159.9,23.99,1,1,183.89,1,1,4.0,1.0,65f72a9364d44ebbd405299568002138,28035,campos dos goytacazes,RJ,12.188090277777778,24.377199074074074,0,183.89000000000001
497557705ed42b9e7678b808d1f21dbb,4865a687f12295ad322d56809c3973bf,delivered,2017-09-08 15:00:33,2017-09-08 15:10:22,2017-09-11 23:34:56,2017-09-19 20:58:46,2017-09-29,82.5,33.94,1,1,116.44,9,1,5.0,1.0,6febe0febf266605327d91a295ea2609,23075,rio de janeiro,RJ,11.248761574074074,20.374618055555555,0,116.44
12d17826f8fd792f6af768cda051ff77,61f5f31454727ff6b6b334255821dbe1,delivered,2017-09-08 15:12:35,2017-09-08 15:25:23,2017-09-12 22:32:25,2017-09-22 17:54:06,2017-10-03,75.0,15.28,1,1,90.28,3,1,5.0,1.0,a619eccdf0cc38c8dcb83f2ce9de94eb,88504,lages,SC,14.112164351851852,24.366261574074073,0,90.28
259dac9ae7597d3dd6371ad21a6aa57b,b1eb36a33bf56755bc9636a1a24d14bf,delivered,2017-09-08 15:21:20,2017-09-09 05:10:51,2017-09-11 20:13:38,2017-09-19 18:13:15,2017-09-27,30.0,15.1,1,1,45.1,1,1,5.0,1.0,cea679af1270b03871f3a30cd5ddffc7,70843,brasilia,DF,11.119386574074074,18.360185185185184,0,45.1
e32738e1f9a8c0b2af32e78bf6f892b2,40f93a99ab90718f8a7587bcbb6f87a1,delivered,2017-09-08 15:23:38,2017-09-08 15:35:16,2017-09-11 19:51:48,2017-09-14 17:25:04,2017-09-29,109.95,16.53,1,1,126.48,10,1,2.0,1.0,45739ea1041ad56af3f92be9bf397245,4905,sao paulo,SP,6.0843287037037035,20.358587962962964,0,126.48
168098b366e2b3274e4e458f478ac9ba,4ab661c666d14b2b8e1e2dc0986bd23f,delivered,2017-09-08 15:32:40,2017-09-09 05:04:09,2017-09-12 12:45:56,2017-09-13 21:20:07,2017-09-22,89.99,7.88,1,1,97.87,1,1,5.0,1.0,aca8826c7aa9457ef6cb24e3183b1af2,13100,campinas,SP,5.241284722222222,13.352314814814815,0,97.86999999999999
35a85be2e5f884a5672a0971158df8c3,121e027db9f262edc989af13e0bbda74,delivered,2017-09-08 15:35:41,2017-09-08 15:50:17,2017-09-11 16:35:20,2017-09-12 13:19:00,2017-09-20,17.99,7.78,1,1,25.77,2,1,5.0,1.0,7887f66354c9e29c389a2d220ac5786f,9015,santo andre,SP,3.9050810185185183,11.350219907407407,0,25.77
ed6b3b6afee46b97b6fbd13ce3856908,9432ed5b2d7363a1b99291be9ba4bfcd,delivered,2017-09-08 15:41:01,2017-09-08 16:04:44,2017-09-14 19:29:46,2017-09-22 20:04:03,2017-10-04,169.0,43.38,1,1,212.38,4,1,5.0,1.0,142575266950512b56af193f3962270a,23016,rio de janeiro,RJ,14.182662037037037,25.346516203703704,0,212.38
3e4a8d7b151d4f81900cea441f80d544,7ab7a537b678b6dd73d825ff6ee7be9d,delivered,2017-09-08 15:41:51,2017-09-08 16:04:38,2017-09-12 16:31:47,2017-09-21 19:23:31,2017-09-28,226.0,26.42,1,1,252.42,3,1,5.0,1.0,dad5018ffc0de85eb72f72575b552784,29307,cachoeiro de itapemirim,ES,13.153935185185185,19.3459375,0,252.42000000000002
f9cb71e454be8a1f13fe574dd261a6a8,10c45fa72c7596bd09e3ddc88edac6ef,delivered,2017-09-08 15:44:29,2017-09-08 16:04:50,2017-09-11 17:21:31,2017-09-25 17:42:16,2017-09-28,27.99,15.1,1,1,43.09,1,1,4.0,1.0,638a79e55f5dc90db25f08bfc1881caf,25720,petropolis,RJ,17.081793981481482,19.344108796296297,0,43.089999999999996
d5e892687c8916b17cafe284780d01b0,04ab012a558c5d12ae6037840f85a860,delivered,2017-09-08 15:48:57,2017-09-08 16:04:48,2017-09-11 22:10:02,2017-09-18 17:37:36,2017-10-02,72.9,16.27,1,1,89.17,1,1,5.0,1.0,4ce627d55383d1d22fb03e7555cbdc50,3568,sao paulo,SP,10.075451388888888,23.341006944444445,0,89.17
f65abc0b3f3401b14505a57fb6113cf1,b95f0b16399fec89329f39eedb53079e,delivered,2017-09-08 15:53:01,2017-09-08 16:05:44,2017-09-19 09:07:29,2017-09-28 11:42:07,2017-10-10,51.9,46.89,1,1,98.79,3,1,1.0,1.0,1f205e2eaa10ffbb8ff6b65baf45c5e9,13801,mogi mirim,SP,19.82576388888889,31.33818287037037,0,98.78999999999999
8f2e84cb21fcbe7e95d12e4f0dc80487,a2fa3925309e440a429a5628eff166b2,delivered,2017-09-08 16:00:35,2017-09-08 16:10:18,2017-09-11 18:17:47,2017-09-19 21:32:07,2017-09-28,46.9,17.92,1,1,64.82,6,1,5.0,1.0,092c26cc34bcee8f7c16cc1cf3c55c1c,22471,rio de janeiro,RJ,11.230231481481482,19.332928240740742,0,64.82
8bb924ae0bc90959d7967c29dab3ec6e,53663004226cd1c60441cf095767ea66,delivered,2017-09-08 16:11:40,2017-09-08 16:25:13,2017-09-11 18:44:05,2017-09-12 15:27:41,2017-09-27,43.0,21.18,1,1,64.18,2,1,5.0,1.0,94a7d8dd8574c1a65dc006d2865d90a2,5571,sao paulo,SP,3.9694560185185184,18.32523148148148,0,64.18
67bd09a5f4c0e40b5a740a78f51a8b5b,16d372b5ac4b2e258e740fe8054fd852,delivered,2017-09-08 16:31:08,2017-09-08 16:45:33,2017-09-12 22:02:52,2017-09-20 20:00:31,2017-10-06,30.0,15.1,1,1,45.1,1,1,5.0,1.0,4e1bf614b0d8b6c1fed780b91f39c203,28960,iguaba grande,RJ,12.145405092592593,27.311712962962964,0,45.1
dcf6157fe1c8921c1cedcc687593d877,92b0ce6b186446ff52ae03a32562ef3b,delivered,2017-09-08 16:33:39,2017-09-08 16:45:34,2017-09-11 22:32:59,2017-09-12 19:31:12,2017-09-20,419.70000000000005,24.69,3,1,444.39,2,1,5.0,1.0,c62b669d3b0dcf143f9b4eddcac046fc,13035,campinas,SP,4.123298611111111,11.309965277777778,0,444.39000000000004
d142e450e61b3eabff86c13e6a89a720,e0b3f7b124e73c8b50ce6ad2bed45362,delivered,2017-09-08 16:38:15,2017-09-08 17:04:22,2017-09-11 17:46:55,2017-09-18 19:34:53,2017-09-29,99.9,12.83,1,1,112.73,1,1,5.0,1.0,31f49e069c399db9c3a0bdf8653e4e8f,36772,cataguases,MG,10.122662037037037,20.306770833333335,0,112.73
fd0ea050aa7cb8693f02b9176d021a0a,eed8a1ec0be1729660683e943d605df5,delivered,2017-09-08 16:38:17,2017-09-08 17:04:16,2017-09-11 13:13:25,2017-09-18 20:56:51,2017-09-28,369.0,47.04,1,1,416.04,1,1,5.0,1.0,31f49e069c399db9c3a0bdf8653e4e8f,36772,cataguases,MG,10.179560185185185,19.306747685185186,0,416.04
f49051d4b155a83c8d939a1c6a850689,cccbf26e7e7e5fa2fb575a7bc98f1638,delivered,2017-09-08 16:38:41,2017-09-09 04:55:12,2017-09-12 19:29:38,2017-09-19 10:27:58,2017-09-26,492.95,60.940000000000005,5,1,553.88,1,1,5.0,1.0,b232059ba149ab19dc8cc9da42d37840,18800,piraju,SP,10.742557870370371,17.306469907407408,0,553.89
cd2d1270c05b7eea6c1be319b78ce73f,57c68f8620a15638c2f55a4b44e11a86,delivered,2017-09-08 16:59:15,2017-09-08 17:15:15,2017-09-12 17:46:36,2017-09-20 14:34:14,2017-10-04,319.98,90.4,2,1,410.38,2,1,5.0,1.0,9290e3b0f0fe3e660c4de619c1640ac9,76335,uruana,GO,11.899293981481481,25.2921875,0,410.38
f89a86148310b5d6a02fbab8f1c9fb77,cecb0cabf6394829a7de181e95a08ad6,delivered,2017-09-08 17:21:34,2017-09-12 04:25:52,2017-09-12 19:51:45,2017-10-16 21:18:15,2017-09-27,69.9,14.24,1,1,84.14,1,1,4.0,1.0,63d9c37bacc98b56edcd3779d54bb3e7,30240,belo horizonte,MG,38.16436342592593,18.276689814814816,1,84.14
313b294ba33545e1fb850f2ca29a9c3a,500046bb995c187cdc717c98ea8f82a8,delivered,2017-09-08 17:37:09,2017-09-09 05:23:58,2017-09-11 20:42:58,2017-09-15 20:36:55,2017-09-27,44.9,16.6,1,1,61.5,1,1,5.0,1.0,ea8680de0f7830ef58c742faa6ecedda,31515,belo horizonte,MG,7.124837962962963,18.265868055555554,0,61.5
212ce4538533ab322ea417619c2f627d,b692bfe9085704b3b59e38c0251234d7,delivered,2017-09-08 18:07:51,2017-09-09 16:10:12,2017-09-18 16:42:10,2017-10-03 19:33:20,2017-10-02,129.9,18.16,1,1,148.06,3,1,5.0,1.0,ea15218ec4750dda9ea04e11c94f935f,26520,nilopolis,RJ,25.059363425925927,23.24454861111111,1,148.06
2b0cfc334d86942657ef40ce2d07ee9c,7e225df5fc63ae525999ccb9082056c5,delivered,2017-09-08 18:31:36,2017-09-12 04:44:26,2017-09-13 16:47:35,2017-09-14 13:56:45,2017-09-20,39.9,9.94,1,1,49.84,1,1,5.0,1.0,e848a081998cb14f4302f2e980e1f83f,3136,sao paulo,SP,5.809131944444444,11.228055555555555,0,49.839999999999996
d0842f390a190ab877648fb618b4dd56,c0677bd9a1d4d23e9f1b5274f0cf3bbd,delivered,2017-09-08 18:34:55,2017-09-08 18:45:12,2017-09-11 20:15:26,2017-09-13 20:03:43,2017-09-26,120.0,9.86,1,1,129.86,2,1,5.0,1.0,a19896a954d582883130dacfe402b5ba,20550,rio de janeiro,RJ,5.0616666666666665,17.225752314814816,0,129.86
26fa398f7231045a2898e0c704f6a4be,9333083f95f5ec89a360bb639df79836,delivered,2017-09-08 19:23:58,2017-09-12 04:44:32,2017-09-12 20:03:07,2017-09-25 21:04:01,2017-10-04,75.0,17.78,1,1,92.78,1,1,5.0,1.0,641b39fba69fd98503084a09ee0bae40,89136,rodeio,SC,17.069479166666667,25.191689814814815,0,92.78
4150ef14f79d08c4772445de6db77c0d,569bdc5b541b747c421b3618ddac0884,delivered,2017-09-08 19:33:47,2017-09-12 04:44:23,2017-09-18 20:18:08,2017-09-25 18:42:02,2017-09-27,19.9,15.1,1,1,35.0,1,1,5.0,1.0,641bc928aacfb29e6eea8b415090965b,20730,rio de janeiro,RJ,16.9640625,18.184872685185184,0,35.0
ba862e955a05f361d3cf620519c8d587,e320d17f29ca1079bb66d0c0b4546ceb,delivered,2017-09-08 19:49:51,2017-09-09 05:15:26,2017-09-12 20:51:39,2017-09-14 20:44:47,2017-09-20,89.99,58.9,1,1,148.89,1,1,5.0,1.0,c235799591d420609a5348198b87caa5,12231,sao jose dos campos,SP,6.0381481481481485,11.173715277777777,0,148.89
c0ab80c9e6beca100fc0f174135e8503,ef3223fd7551319d1b24ab755782bd8a,delivered,2017-09-08 20:16:36,2017-09-08 22:10:17,2017-09-12 21:47:39,2017-09-18 20:37:57,2017-09-28,99.0,33.08,1,1,132.08,1,1,5.0,1.0,381c9155e8176a8091a90224fda17bca,22461,rio de janeiro,RJ,10.014826388888888,19.15513888888889,0,132.07999999999998
60a66add21590acd620d89fafedc04c4,bbbaa74c8397d487f8a22d52330f9275,delivered,2017-09-08 20:16:50,2017-09-08 20:25:37,2017-09-12 15:05:45,2017-09-15 18:32:51,2017-09-26,174.9,20.1,1,1,195.0,3,1,3.0,1.0,c3e53143bf9c1496ec6ff7d0bf4d25b9,13346,indaiatuba,SP,6.927789351851852,17.154976851851853,0,195.0
2fe02e6dc8bbbc397f61ba774414fa2b,ce58da87cd57a008be247552d15bbad8,delivered,2017-09-08 20:30:15,2017-09-08 20:45:08,2017-09-12 15:36:54,2017-09-20 17:17:59,2017-10-03,119.9,18.09,1,1,137.99,3,1,5.0,1.0,1d42b9fcf0862053d660cd42b54dc155,39728,sardoa,MG,11.86648148148148,24.145659722222224,0,137.99
c64cd8af895f9e6795a7cb35f9004e37,63dd2b3deb6405e0d846cbbec431edb4,delivered,2017-09-08 21:40:12,2017-09-08 21:55:22,2017-09-11 19:45:43,2017-10-16 14:42:17,2017-10-06,69.9,18.06,1,1,87.96,1,1,3.0,1.0,bd3b9d86bc0b80518e0e12613b110d4d,46430,guanambi,BA,37.709780092592595,27.097083333333334,1,87.96000000000001
5b4877f25d0bb4b4a332dc22f773d001,8014596af5bc7c3890e0b5b25b87c04e,delivered,2017-09-08 21:42:16,2017-09-08 22:05:22,2017-09-11 11:17:00,2017-09-30 14:40:00,2017-10-02,39.99,17.92,1,1,57.91,4,1,4.0,1.0,86c369a1021eeda0237acfcf0f37f426,44076,feira de santana,BA,21.706759259259258,23.095648148148147,0,57.910000000000004
2e914af8bdaefffc2e6ea38a39a64d4a,d9a1e98c40e9f2718780ab89fd85a1e9,delivered,2017-09-08 21:42:26,2017-09-09 03:34:08,2017-09-11 22:07:48,2017-09-15 22:07:21,2017-09-20,179.99,8.51,1,1,188.5,2,1,4.0,1.0,e7039843c54c69530bbf70d926baaab6,2866,sao paulo,SP,7.01730324074074,11.095532407407408,0,188.5
0bf48b98131c5057bcb4754449acc91b,9eea647a40b59a0bcadbbd32538fbf04,delivered,2017-09-08 21:44:20,2017-09-08 22:10:17,2017-09-11 21:19:53,2017-09-22 15:28:47,2017-10-06,129.99,43.32,1,1,173.31,6,1,4.0,1.0,d290b02609f8d923b3952c6164bf13dd,58200,guarabira,PB,13.739201388888889,27.094212962962963,0,173.31
f3cdcfb1e284df216c693101dfd1f864,1e3252b73d8c7d66a3e003069691c85e,delivered,2017-09-08 21:44:23,2017-09-08 21:55:25,2017-09-13 22:05:33,2017-09-25 22:28:49,2017-09-29,59.9,16.18,1,1,76.08,7,1,5.0,1.0,6e798f3815f0984effe9a64aa821718a,28970,araruama,RJ,17.030856481481482,20.094178240740742,0,76.08
95a7802de396f3df0c682ddafc8f3152,a70e9c4eb3f2b1a98db5bd7fef572f21,delivered,2017-09-08 21:45:09,2017-09-08 22:03:33,2017-09-11 19:23:34,2017-09-15 20:33:10,2017-09-26,64.0,12.79,1,1,76.79,1,1,5.0,1.0,18c19f3a63e37f4ee444136b2141cc51,18530,tiete,SP,6.950011574074074,17.093645833333333,0,76.78999999999999
77810238ed0e20808a213bcdb0de6ae5,1c7832567f924bab626a92bbbdaafb93,delivered,2017-09-08 23:27:52,2017-09-08 23:43:42,2017-09-12 18:32:37,2017-09-19 20:06:57,2017-09-27,34.9,18.89,1,1,53.79,4,1,5.0,1.0,ef035875ac63a400aba5f6d6708e880d,21320,rio de janeiro,RJ,10.860474537037037,18.022314814814816,0,53.79
ff2d29f5e9893f6157d8fa1cce0278d6,82af2fade4e5f468d620aa02f786d681,delivered,2017-09-08 23:28:25,2017-09-08 23:50:12,2017-09-11 20:21:41,2017-09-22 18:37:03,2017-09-29,56.97,16.16,1,1,73.13,2,1,5.0,1.0,7787ba7cf72b65fd269f9e92ecdc4a3b,22271,rio de janeiro,RJ,13.797662037037037,20.02193287037037,0,73.13
19bf277fd1836e749b4c150b1d2ebea2,b4241348c529551cb7ed00edc970540d,delivered,2017-09-08 23:28:34,2017-09-08 23:45:15,2017-09-12 18:59:32,2017-09-19 16:02:47,2017-09-27,84.9,14.34,1,1,99.24,9,1,2.0,1.0,f6cccdd0e0ab37a2e1401cced6fea14f,8270,sao paulo,SP,10.69042824074074,18.021828703703704,0,99.24000000000001
af48a5477e351edfe43fbff2fe9dacff,bc36ecb96b70fc069c568bdc3a4c0307,delivered,2017-09-08 23:28:38,2017-09-08 23:50:14,2017-09-11 22:09:58,2017-09-22 21:33:57,2017-10-02,72.9,18.08,1,1,90.98,1,1,5.0,1.0,ac4dec1a2646006d63303bad83de6bfb,22790,rio de janeiro,RJ,13.920358796296297,23.021782407407407,0,90.98
8dc54c68f91d6fcf2802cf289383a085,5746fccbf3921985147d1e85140e0e2d,delivered,2017-09-08 23:31:31,2017-09-08 23:45:17,2017-09-11 20:39:34,2017-09-19 18:12:42,2017-10-02,139.9,17.42,1,1,157.32,1,1,5.0,1.0,ab1f638cafcb8a252454fe5498e4513d,79700,fatima do sul,MS,10.778599537037037,23.019780092592594,0,157.32
f325e51d89497ec9679f6419ab7a3c13,493cbc38a238479a61a6f6a5fdd90ff5,delivered,2017-09-08 23:32:18,2017-09-08 23:45:14,2017-09-12 21:44:29,2017-09-18 16:00:13,2017-10-03,59.9,13.44,1,1,73.34,7,1,5.0,1.0,6692c140ae0376634d0ccdeab167d82c,8280,sao paulo,SP,9.68605324074074,24.019236111111113,0,73.34
a0ad7865ea22bbaa2f026e3aee583484,6a88bd2686e68eb067b2cd308762b1e5,delivered,2017-09-08 23:39:19,2017-09-08 23:55:16,2017-09-11 18:10:49,2017-09-18 19:21:53,2017-10-02,168.0,35.67,2,1,203.67,2,1,5.0,1.0,53b30ca78efb2b7efcd3f9e461587eb2,30210,belo horizonte,MG,9.821226851851852,23.014363425925925,0,203.67000000000002
09ff646bb8e18894b907e5b76f5fca59,08ba3f633e08284c827e14b9700d8949,delivered,2017-09-09 03:20:20,2017-09-09 03:36:47,2017-09-12 12:38:51,2017-09-20 19:14:04,2017-09-27,52.64,11.87,1,1,64.51,2,1,5.0,1.0,be33152ae3eb53008fdba8c5efa40ab7,7950,francisco morato,SP,11.662314814814815,17.86087962962963,0,64.51
c2889b2085529be65218f712352769e6,fc5a45c75c8665a80c5d2b5ce7ad9f1d,delivered,2017-09-09 03:22:19,2017-09-09 03:36:32,2017-09-11 19:56:43,2017-09-13 19:33:26,2017-09-27,54.9,12.72,1,1,67.62,1,1,,,a1536ec97fe9a328697c20c5c1581d69,6365,carapicuiba,SP,4.674386574074074,17.859502314814815,0,67.62
471d17c72b833d90af58cd4fc9bd5942,de9c02d5160d868e7f5949bb84e7593a,delivered,2017-09-09 03:24:18,2017-09-12 04:44:57,2017-09-13 12:13:34,2017-09-15 18:12:55,2017-10-09,23.99,17.63,1,1,41.62,1,1,5.0,1.0,7b32049d8495d56c8b27eae575921a60,50940,recife,PE,6.617094907407408,29.858125,0,41.62
1a64643317da0457d3f145fab8734b22,0d2aa9f205cc47cd8ffcfe0f43499f2e,delivered,2017-09-09 03:24:19,2017-09-12 04:45:01,2017-09-13 12:38:05,2017-09-21 17:33:11,2017-10-05,58.99,20.81,1,1,79.8,1,1,5.0,1.0,7b32049d8495d56c8b27eae575921a60,50940,recife,PE,12.589490740740741,25.858113425925925,0,79.8
c39da54f19d2aa7b89667e4817f05629,6df80b1b894bb87f1ec7ce6534db6152,delivered,2017-09-09 04:42:26,2017-09-09 05:25:16,2017-09-11 20:54:44,2017-10-02 18:57:29,2017-10-18,15.0,25.63,1,1,40.63,4,1,4.0,1.0,26eaae8c1a6bf6dde7ec03d919b31ffd,68633,dom eliseu,PA,23.59378472222222,38.80386574074074,0,40.629999999999995
e8ecb472cb1a0f18c82e2d358f8e2128,e692f60b9b5fbb4b803fe58759387cdc,delivered,2017-09-09 04:42:28,2017-09-09 05:24:01,2017-09-16 01:12:26,2017-09-28 18:19:02,2017-10-03,79.99,36.22,1,1,116.21,1,1,1.0,1.0,47a2ef2c9978c0bfedfbcc2a1f722764,20735,rio de janeiro,RJ,19.567060185185184,23.80384259259259,0,116.21
899da82c1aeee8fe315db6826cd9a5ee,96e99e9c96df10ace8cb672ce133896e,delivered,2017-09-09 04:43:33,2017-09-09 05:24:13,2017-09-09 15:09:52,2017-09-24 16:28:43,2017-10-09,119.99,27.38,1,1,147.37,3,1,5.0,1.0,b0765213c38298fb584fee79eb17099e,55900,goiana,PE,15.489699074074075,29.803090277777777,0,147.37
d2f43762a6f922b1bb1cc34a9563ad28,6095d10fab2c63413029ac0a1aa7c7d0,delivered,2017-09-09 08:26:26,2017-09-09 08:43:18,2017-09-11 14:09:28,2017-09-18 21:07:00,2017-10-04,21.99,14.1,1,1,36.09,1,1,5.0,1.0,0b12f11a86385b5ddea612161375ec68,22760,rio de janeiro,RJ,9.528171296296296,24.648310185185185,0,36.089999999999996
dd8df609ed4683bda8dd7515115f3b50,123f593f6655a73fb519bbfc61f1336c,delivered,2017-09-09 08:32:52,2017-09-09 08:45:09,2017-09-12 20:38:44,2017-09-18 19:39:56,2017-10-02,299.99,27.38,1,1,327.37,10,1,4.0,1.0,528a2936af7562b17994a0d12962580b,35170,coronel fabriciano,MG,9.46324074074074,22.64384259259259,0,327.37
bf7dc02ad247527a27900abb19306a3c,96d93b5cda637617dcceb8e7059b19c9,delivered,2017-09-09 08:33:15,2017-09-09 08:45:12,2017-09-14 17:12:06,2017-09-19 18:42:16,2017-09-28,39.98,35.26,2,1,75.24,4,1,5.0,1.0,8ae3278d853e838e308cd77922061cfd,60867,fortaleza,CE,10.42292824074074,18.64357638888889,0,75.24
19fe6cd13dca5943f17abd2c37c46abd,ee2cb1f148f1e7ac8293287c6c8b1d0a,delivered,2017-09-09 08:41:10,2017-09-12 04:46:01,2017-09-13 12:48:09,2017-09-14 11:39:50,2017-09-25,89.99,7.88,1,1,97.87,1,1,5.0,2.0,1803287d1e7138aec6ea9d3c963ed87d,8557,poa,SP,5.124074074074074,15.638078703703703,0,97.86999999999999
360b84029c125bb8d4ede52585f058f2,22a62541ed4704ac4f51d175379222d7,delivered,2017-09-09 08:41:10,2017-09-12 04:50:16,2017-09-13 11:59:54,2017-09-14 09:47:30,2017-09-26,23.99,7.78,1,1,31.77,1,1,5.0,1.0,1803287d1e7138aec6ea9d3c963ed87d,8557,poa,SP,5.046064814814815,16.638078703703705,0,31.77
785606fac0b9ddad139f521a70452ca8,708b5721496545c5e8dae3f7b8e677c9,delivered,2017-09-09 08:44:50,2017-09-09 08:55:11,2017-09-12 17:35:07,2017-09-22 20:57:44,2017-09-29,129.0,15.65,1,1,144.65,3,1,3.0,1.0,f6aed910a851be65fe4df98f91d57d7c,6504,santana de parnaiba,SP,13.508958333333334,19.635532407407407,0,144.65
634adfa0f5cb0fd3a7c932f3b5b463fa,30a8b5ade8becba3f5886e3d984dabad,delivered,2017-09-09 08:45:10,2017-09-09 08:55:11,2017-09-13 21:44:59,2017-09-22 20:19:57,2017-10-02,125.0,22.74,1,1,147.74,2,1,5.0,1.0,ea20132cbb6fcd3e89d614ca6abfa4e5,26525,nilopolis,RJ,13.482488425925926,22.635300925925925,0,147.74
216237ddbe1a6f6a13a749e580ccf469,aeda955c84b2a855165c2049b66b447f,delivered,2017-09-09 08:50:46,2017-09-09 09:03:51,2017-09-11 19:33:34,2017-10-04 19:19:05,2017-10-05,180.0,28.64,1,1,208.64,8,1,4.0,1.0,a621c2c0af1dd7269c1ce20602f1bf9d,44050,feira de santana,BA,25.43633101851852,25.631412037037038,0,208.64
382a2285603c57524f1b44601ade85c3,1d44df4d54c74b1b8944e7c8816c1ec5,delivered,2017-09-09 09:08:15,2017-09-09 09:23:52,2017-09-12 16:43:51,2017-09-18 20:36:20,2017-09-28,37.5,17.6,1,1,55.1,1,1,5.0,1.0,607bf4f7777e71000af8f7f5e8af7e15,22210,rio de janeiro,RJ,9.477835648148147,18.619270833333335,0,55.1
83d8f70418eefd96f37b483dff430305,b2d1536598b73a9abd18e0d75d92f0a3,delivered,2017-09-09 09:54:57,2017-09-09 10:10:17,2017-09-12 12:42:43,2017-09-20 20:23:34,2017-10-02,99.0,18.31,1,1,117.31,1,1,4.0,1.0,918dc87cd72cd9f6ed4bd442ed785235,18682,lencois paulista,SP,11.436539351851852,22.586840277777778,0,117.31
64cf1005615f1de47bc3715fd74f95cd,d10cd8cffde7523db8d9053b5599580a,delivered,2017-09-09 10:59:51,2017-09-09 11:40:07,2017-09-14 19:13:52,2017-09-21 12:07:44,2017-10-03,58.0,17.66,1,1,75.66,1,1,3.0,1.0,f07259cdfc60ea06d875f66863cfe7ff,5007,sao paulo,SP,12.047141203703704,23.541770833333334,0,75.66
194e7b03e4469b2bcc7ba3c353077252,2e8bfe5a56818eccb5017d88820db31f,delivered,2017-09-09 11:00:18,2017-09-09 11:15:37,2017-09-12 20:04:01,2017-09-18 18:31:40,2017-09-27,40.5,14.1,1,1,54.6,1,1,5.0,1.0,7c1b664bbfb23001b560f3fbcb49b8ae,22210,rio de janeiro,RJ,9.313449074074073,17.541458333333335,0,54.6
19e99767938cf9c5969b4b00d1eaeaca,7c2f7ea28703035aea1c82509403b40b,delivered,2017-09-09 11:15:23,2017-09-12 04:50:41,2017-09-13 21:37:53,2017-09-14 19:22:49,2017-09-21,44.0,7.78,1,1,51.78,1,1,4.0,1.0,3dfa33e5348bd90b234a96f7294016d5,4814,sao paulo,SP,5.338495370370371,11.530983796296296,0,51.78
a66765fe402323e56c6304674dea53ec,6a9f8b26d13f6070c2be70b834949be9,delivered,2017-09-09 11:35:10,2017-09-09 11:45:40,2017-09-11 22:10:02,2017-09-26 17:56:37,2017-10-03,39.9,15.79,1,1,55.69,1,1,2.0,1.0,5468c19d0df121d47a5d3dc792f6cf52,72863,novo gama,GO,17.264895833333334,23.51724537037037,0,55.69
4da788e62b434b077a87840fe701ddc1,e54e3844cf0843ef99fc1d126b3cfbaa,delivered,2017-09-09 11:36:29,2017-09-09 11:50:13,2017-09-12 12:22:47,2017-09-18 22:16:56,2017-10-03,250.0,54.35,1,1,304.35,5,1,5.0,1.0,9acaddc78d49c0fa674d3b761b86d8ed,75830,mineiros,GO,9.444756944444444,23.516331018518517,0,304.35
3474c37ad7067402582a2852a08015f7,85bb769857d427c1ff461c9ae828c71b,delivered,2017-09-09 11:40:50,2017-09-09 11:50:15,2017-09-11 22:04:09,2017-09-19 00:09:02,2017-09-28,649.99,19.31,1,1,669.3,8,1,5.0,1.0,821033b010006f04e18cccbb9e096330,26220,nova iguacu,RJ,9.519583333333333,18.513310185185187,0,669.3
2683346722c6565c6c79e08c8264f25f,2a7ba63c9e507356e5670b795ed56a18,delivered,2017-09-09 11:45:33,2017-09-10 11:55:13,2017-09-12 20:27:24,2017-09-19 22:17:46,2017-09-28,88.9,17.87,1,1,106.77,8,1,3.0,2.0,24cad6db9c734bd4f0edc6a314735880,30620,belo horizonte,MG,10.439039351851852,18.510034722222223,0,106.77000000000001
fccc01060b3a8f4c458f942871da6bd8,b9e25fb19734f55b6132644fb7dc447f,delivered,2017-09-09 11:45:33,2017-09-10 11:55:12,2017-09-11 21:41:28,2017-09-16 18:03:43,2017-10-03,62.9,17.69,1,1,80.59,8,1,3.0,1.0,24cad6db9c734bd4f0edc6a314735880,30620,belo horizonte,MG,7.262615740740741,23.510034722222223,0,80.59
417a0034ecdc989212079f64368eccc9,e0c772c070d2fab11a4f61376b8e67d0,delivered,2017-09-09 12:02:20,2017-09-11 10:25:38,2017-09-11 21:39:44,2017-09-18 17:46:55,2017-09-27,45.0,11.85,1,1,56.85,5,1,5.0,1.0,7e6eb9bf83bdbd58ac16b9f97f9c2afc,3388,sao paulo,SP,9.239293981481481,17.49837962962963,0,56.85
0f503b220e9d1fd78562e41a427a0c6a,3810ae52bde69bed0acd162b5c18aadb,delivered,2017-09-09 12:12:43,2017-09-09 12:25:21,2017-09-18 19:27:42,2017-10-06 22:21:51,2017-10-02,459.9,20.5,1,1,480.4,10,1,,,0beec065ce2d16d3a8dbb22b87cf4c43,22631,rio de janeiro,RJ,27.42300925925926,22.491168981481483,1,480.4
85009f731c1559c53d150e4b3fa7f8a5,25da133d61233ee59bc86cc5cba4a64e,delivered,2017-09-09 12:22:52,2017-09-09 12:30:11,2017-09-12 20:04:15,2017-09-13 17:06:04,2017-09-21,124.78,9.69,1,1,134.47,1,1,5.0,1.0,69f3dab34c38c5a5cc49f4ec26b5faa9,2050,sao paulo,SP,4.196666666666666,11.48412037037037,0,134.47
e484f4c3e8793e447052654990533c23,f35e64c823f62d46b6a6cab2d26f0a36,delivered,2017-09-09 12:29:54,2017-09-12 04:45:14,2017-09-18 19:27:41,2017-09-22 21:11:38,2017-10-06,259.9,18.26,1,1,278.16,1,1,5.0,1.0,c29988c75ec3c16f63c07d17cf612125,17502,marilia,SP,13.362314814814814,26.47923611111111,0,278.15999999999997
9686875d0d9dcbe392244b6773605882,c2ac74cb6fba2dcb4aabfc8ca809e817,delivered,2017-09-09 12:42:19,2017-09-09 12:55:14,2017-09-11 20:37:28,2017-09-20 18:32:34,2017-09-29,62.2,16.2,1,1,83.87,5,1,5.0,1.0,d15ac56b03f2855f80fd1e9f66e902df,24240,niteroi,RJ,11.243229166666667,19.470613425925926,0,78.4
5b249d0d2a393d918ffae8d9de5dfb4c,15d6c1a012c2cdb6bb4d8e161bf4c855,delivered,2017-09-09 12:49:12,2017-09-09 13:05:09,2017-09-11 19:13:40,2017-09-25 18:52:10,2017-10-11,79.8,85.52,2,1,165.32,3,1,5.0,1.0,a04633dd5d636324908826dceb2fc245,58305,bayeux,PB,16.252060185185186,31.465833333333332,0,165.32
d19b8c6b433223ffd798af28489ccc02,66bf5445b228f0426252659775544d3b,delivered,2017-09-09 13:04:18,2017-09-12 04:55:11,2017-09-12 16:35:43,2017-09-18 16:03:53,2017-09-27,112.0,26.82,2,1,138.82,1,1,5.0,1.0,5a1b26f24321efd9bdd49dc98aed8384,11060,santos,SP,9.124710648148149,17.455347222222223,0,138.82
acaaf1ded8aad100b7760b0ba16aad86,aad03b10f771077832a29862911f79a1,delivered,2017-09-09 13:21:51,2017-09-12 04:26:08,2017-09-14 18:33:31,2017-09-21 20:58:59,2017-10-03,209.0,28.0,1,1,237.0,1,1,4.0,1.0,da94d4626845802b678284be8d14cfcd,35179,santana do paraiso,MG,12.317453703703704,23.443159722222223,0,237.0
7dddf95f24ff803266f8140883ce7f30,8ffaa0a60560ee8a123e8b7c244d82e3,delivered,2017-09-09 13:35:22,2017-09-09 13:45:27,2017-09-13 00:07:54,2017-09-25 19:34:11,2017-10-02,29.9,21.15,1,1,51.05,1,1,5.0,1.0,0e001755cc436c114f174c1652968216,60862,fortaleza,CE,16.24917824074074,22.43377314814815,0,51.05
0c51264bdcbe5893081232bba640dba0,db2bde8c137c06bd2b2f616b27414304,delivered,2017-09-09 13:58:18,2017-09-09 14:10:13,2017-09-12 12:22:45,2017-09-15 20:32:32,2017-10-03,78.0,16.31,1,1,94.31,6,1,4.0,1.0,7168de2966ec5d0e040be29141e98aa2,37805,juruaia,MG,6.273773148148148,23.41784722222222,0,94.31
e1d476e141862d870436d761b312032d,8eaef9eca5f384f13d08bdd90c07434f,delivered,2017-09-09 14:03:48,2017-09-09 14:15:13,2017-09-11 22:42:27,2017-09-25 22:08:43,2017-09-28,49.0,16.11,1,1,65.11,1,1,4.0,1.0,69e614f614a3716d949e7ffeb09afd5f,21331,rio de janeiro,RJ,16.336747685185184,18.41402777777778,0,65.11
3ab37da4c3d273ccd8635987b4a6003e,053050ee241c66cf7b2c7d91926547bc,delivered,2017-09-09 14:19:13,2017-09-09 14:37:29,2017-09-11 21:23:03,2017-09-18 16:39:39,2017-10-09,97.9,17.17,1,1,115.07,1,1,2.0,1.0,30f1735f7cea347c2b5a9ece8353d6ef,13423,piracicaba,SP,9.097523148148149,29.40332175925926,0,115.07000000000001
6d7cea535a10b4572594c350862c060e,e8827cf749541640d8024a54ce3df1d6,delivered,2017-09-09 14:29:36,2017-09-09 14:43:27,2017-09-14 23:23:39,2017-09-21 17:52:59,2017-10-04,46.99,14.08,1,1,61.07,1,1,5.0,1.0,86ea137eaa3e060b7820d1ab61782ae0,37810,guaranesia,MG,12.141238425925925,24.39611111111111,0,61.07
5d3d12685107807b3d265fc3e4742597,e47037c2cdd1ccb54bc894d96a02ea0a,delivered,2017-09-09 14:36:15,2017-09-09 14:50:16,2017-09-12 12:33:54,2017-09-22 23:54:51,2017-09-28,238.0,38.74,2,1,276.74,2,1,4.0,1.0,52fed459e59042166627823a75d16a8d,61900,maracanau,CE,13.387916666666667,18.391493055555557,0,276.74
cb61ea3467956c7b83c342c1cc488364,682ada82d00f8a8f7c766f10b6f641dc,delivered,2017-09-09 14:37:13,2017-09-09 14:50:23,2017-09-12 12:22:46,2017-10-03 16:33:50,2017-10-09,63.6,35.84,2,1,99.44,1,1,1.0,1.0,2da5ee41ace2b004297ab83756b6639e,78360,campo novo do parecis,MT,24.080983796296298,29.39082175925926,0,99.44
fc570e267c5c6bd72f926b1e075e9840,4adfaba43ed62faa6b513a4b7623ebec,delivered,2017-09-09 14:40:50,2017-09-09 14:50:19,2017-09-12 13:18:12,2017-09-14 18:53:30,2017-10-02,23.99,14.1,1,1,38.09,1,1,5.0,1.0,79a1efe6acacf850e4aaf7d8bf7917c9,22070,rio de janeiro,RJ,5.175462962962963,22.388310185185187,0,38.089999999999996
d4068e9d72451b844cf7aae5bd7ec922,681e334b8995206f1fc8ab3275d90592,delivered,2017-09-09 14:43:10,2017-09-09 14:55:15,2017-09-11 19:13:30,2017-09-19 17:18:46,2017-09-27,610.0,37.54,1,1,647.54,8,1,4.0,1.0,4dc19e952235d15cda17a77f0476a7f7,3985,sao paulo,SP,10.108055555555556,17.386689814814815,0,647.54
bcbb11b412d6f57c7a4a9b1d1ff56a13,6921ebf2d8c510b659be8c8579fa7e66,delivered,2017-09-09 14:53:45,2017-09-09 15:10:15,2017-09-14 19:39:56,2017-09-20 10:50:10,2017-09-29,52.37,9.34,1,1,61.71,3,1,1.0,1.0,38679f702b456bfcfdcad08d9b1293b0,6070,osasco,SP,10.830844907407407,19.37934027777778,0,61.709999999999994
cd49d0987575fc21d96fb52e37b16191,04c6985fb618f4fba64adf76dc2dc855,delivered,2017-09-09 15:06:51,2017-09-09 15:23:54,2017-09-12 15:46:51,2017-09-19 17:42:00,2017-10-09,85.0,22.46,1,1,107.46,5,1,5.0,1.0,d81e95c47defd78bd56894ce015396c2,40810,salvador,BA,10.107743055555556,29.370243055555555,0,107.46000000000001
546a729b8042c31a71745ad37ad453cc,ba819aec7d70f984272d9fa3c3475787,delivered,2017-09-09 15:07:05,2017-09-09 15:23:55,2017-09-12 20:38:44,2017-09-19 17:56:54,2017-10-04,299.99,19.38,1,1,319.37,4,1,5.0,1.0,d14494e824aeebdba85b5bfb50d2f4f3,60863,fortaleza,CE,10.11792824074074,24.37008101851852,0,319.37
f57d1c0df61322155f9afd92596de339,1eff2b97ea85a4a43eb612a29a2c169f,delivered,2017-09-09 15:07:43,2017-09-09 15:30:22,2017-09-11 18:10:50,2017-09-20 22:47:00,2017-09-27,99.0,13.71,1,1,112.71,1,1,5.0,1.0,c29153b4968032a063b623e74ecc48b0,13635,pirassununga,SP,11.318946759259259,17.369641203703704,0,112.71000000000001
1db48820d18841e3330e5721352b9387,b09883a38c50f6a64741985bd80ec237,delivered,2017-09-09 15:17:43,2017-09-12 04:55:06,2017-09-12 19:52:55,2017-09-26 23:02:08,2017-10-05,94.0,35.98,1,1,129.98,1,1,5.0,1.0,9405bac2dd4fb1e31253f5c7f2711f42,65760,presidente dutra,MA,17.322511574074074,25.362696759259258,0,129.98
afca5fe0f14b7178c97f8cb22611f584,1cc0be4cc7381917d867be563e2de5d0,delivered,2017-09-09 15:24:45,2017-09-09 15:43:46,2017-09-12 23:06:47,2017-09-21 18:57:42,2017-09-28,59.9,25.26,1,1,85.16,1,1,5.0,1.0,a652650842029ba5fe41ba9979c47df5,21330,rio de janeiro,RJ,12.147881944444444,18.3578125,0,85.16
9444fa2ab50a3f5af63b48be297eda24,661897d4968f1b59bfff74c7eb2eb4fc,delivered,2017-09-09 15:40:00,2017-09-09 15:50:24,2017-09-11 13:43:41,2017-09-18 20:21:42,2017-10-02,44.9,17.6,1,1,62.5,1,1,5.0,1.0,d06a495406b79cb8203ea21cc0942f8c,14409,franca,SP,9.195625,22.34722222222222,0,62.5
e8899387e52fb6a10ae971c69eb09bf5,49ee772ae3757a7a5a306a582d2907a5,delivered,2017-09-09 15:40:34,2017-09-09 15:50:23,2017-09-13 17:47:52,2017-09-20 02:03:45,2017-10-04,79.9,20.96,1,1,100.86,2,1,2.0,1.0,37b037bf83ac298b4fd1d8c2e96b7f26,51011,recife,PE,10.432766203703704,24.346828703703704,0,100.86000000000001
b5d8d7cbeb2f9b41a2dfb63388c7488a,75eca282d67536cc800486bdd225b0d6,delivered,2017-09-09 15:51:53,2017-09-12 04:45:41,2017-09-14 13:57:50,2017-09-15 11:26:31,2017-09-25,189.9,14.44,1,1,204.34,1,1,5.0,1.0,67466b5877fad6f2279c1fb634c9aa5c,84045,ponta grossa,PR,5.815717592592593,15.338969907407407,0,204.34
5c0f0295fe2930de5bec81e461a4bbb7,de83abd2248dfbc5b1f2dea395aa4ea6,delivered,2017-09-09 15:54:13,2017-09-09 16:05:13,2017-09-12 16:32:31,2017-09-20 12:42:54,2017-10-02,52.5,17.94,1,1,70.44,1,1,5.0,1.0,2ce9290b706807b05e2cfd40c3d6ffe8,25650,petropolis,RJ,10.867141203703703,22.33734953703704,0,70.44
98179ecee6d0176b359568f49c5ceffa,83995b06f96e8a3f6dc6711cfd0c261a,delivered,2017-09-09 16:01:35,2017-09-09 16:15:10,2017-09-11 16:52:32,2017-09-20 15:53:38,2017-10-03,96.99,27.22,1,1,124.21,2,1,5.0,1.0,cc27af9137856b6a7d351a53816d7609,62685,paraipaba,CE,10.994479166666666,23.332233796296297,0,124.21
a56c56edb4506114d21cb22affa258f9,96587d39e8ccfc0936781b2fc06fe9ca,delivered,2017-09-09 16:03:59,2017-09-09 17:10:19,2017-09-19 19:57:52,2017-10-07 14:03:40,2017-10-06,409.99,36.67,1,1,446.66,12,1,5.0,1.0,31e05a4807105bb6f6ced59da6b113de,64002,teresina,PI,27.91644675925926,26.330567129629628,1,446.66
27a6325c93e53bfae0a9b94bc263293f,7c2e9dc6dc40a13459ac05fcfddf0639,delivered,2017-09-09 16:08:25,2017-09-09 16:23:56,2017-09-11 18:26:00,2017-09-20 17:32:35,2017-10-03,498.0,18.25,1,1,516.25,8,1,4.0,1.0,dd0ee11726c7c81c39e8f00e0aef3e16,13211,jundiai,SP,11.058449074074074,23.327488425925925,0,516.25
c6e7a0810e0020963c7dc5ec9087c509,9d02a1c6855b3536a26bec71750a7908,delivered,2017-09-09 16:16:29,2017-09-09 16:30:20,2017-09-14 13:30:09,2017-09-20 15:37:24,2017-10-02,91.99,15.39,1,1,107.38,3,1,5.0,1.0,1bc2bf4a35e6709ec796ea88a946b66b,38230,fronteira,MG,10.972858796296297,22.321886574074075,0,107.38
01c22546c4f9914e232006df82d96e0f,2269aa9a9e0847496cf2a7c2d86ad59b,delivered,2017-09-09 16:45:33,2017-09-09 16:55:11,2017-09-12 15:55:38,2017-09-21 18:04:12,2017-09-28,17.9,15.1,1,1,33.0,1,1,5.0,1.0,b7f06c191c30297630e3b2771ff19e26,91760,porto alegre,RS,12.054618055555556,18.30170138888889,0,33.0
cd4f9a974c6789b89069a844779294a2,7bc9b7017eab15299f2e16233739e918,delivered,2017-09-09 16:57:13,2017-09-09 17:10:19,2017-09-12 20:44:36,2017-09-18 20:55:39,2017-10-04,315.0,17.65,1,1,332.65,6,1,3.0,1.0,183098e8a2b68ad63794031d5b719d69,29056,vitoria,ES,9.165578703703703,24.293599537037036,0,332.65
6779036ed0ba358b53a569a733f3e408,dd67e5970a7912e2057d2af99b15467d,delivered,2017-09-09 17:12:59,2017-09-09 17:28:56,2017-09-12 23:42:53,2017-10-09 21:25:28,2017-10-02,299.0,54.45,1,1,353.45,1,1,3.0,1.0,6debdd7009de6875c0871f7359dab059,65903,imperatriz,MA,30.17533564814815,22.282650462962962,1,353.45
f6974499820661b92dd1922750d6f0d0,2b2d33994e74b6958e20bae94221c036,delivered,2017-09-09 17:13:09,2017-09-10 17:23:39,2017-09-11 21:46:53,2017-09-12 18:11:12,2017-09-21,49.9,8.72,1,1,58.62,1,1,5.0,1.0,606a5bf59d47222df4bc2c3518dbbeb7,9111,santo andre,SP,3.0403125,11.282534722222222,0,58.62
2f7a7c29354db7353c1887d24ae76636,a87364c569a01ec4d292805aef727137,delivered,2017-09-09 17:16:13,2017-09-12 04:15:26,2017-09-12 15:57:46,2017-09-18 20:13:45,2017-10-04,270.0,13.39,1,1,283.39,1,1,3.0,1.0,e8db9c7662675885007923d3eeb58972,7859,franco da rocha,SP,9.123287037037038,24.28040509259259,0,283.39
72c2d35f7d08e990d781560fdbbfa563,b9de7d4d29e2f39cf47acb6cd6e2a7f2,delivered,2017-09-09 17:26:41,2017-09-09 17:50:49,2017-09-20 19:51:41,2017-10-06 21:15:02,2017-10-10,497.0,84.3,1,1,581.3,5,1,5.0,1.0,6b15a5281d879abe976b42a7cd9e3f2c,77809,araguaina,TO,27.15857638888889,30.273136574074073,0,581.3
ec108f8c96f1037449cfb5e118d9a008,88916d770ca6dcded91cec7ba0bb7406,delivered,2017-09-09 18:04:27,2017-09-09 18:30:38,2017-09-12 20:36:51,2017-09-24 14:47:39,2017-09-28,21.99,17.63,1,1,39.62,1,1,5.0,1.0,13b3179dcf466fbfe762b4c4d774e6af,60110,fortaleza,CE,14.863333333333333,18.246909722222224,0,39.62
4df721b8d3b3a4803b1704f3676a420f,3a05feb5eaa782c7558fd51a2ad9c4f8,delivered,2017-09-09 18:17:29,2017-09-12 04:55:18,2017-09-14 17:33:36,2017-09-15 20:51:31,2017-09-22,34.9,7.78,1,1,42.68,1,1,4.0,1.0,c226fba3eb6760cbfc223aa8daa96b0a,6730,vargem grande paulista,SP,6.106967592592593,12.237858796296296,0,42.68
e527fadf4133cb83320eba9c12a0db68,77c5ac582cd8d2dbccc1c5faf6971de3,delivered,2017-09-09 18:31:38,2017-09-09 18:50:14,2017-09-13 19:39:37,2017-09-19 17:33:22,2017-09-27,49.7,13.37,1,1,63.07,6,1,1.0,1.0,5dbaf31e6f3ccef2df173b8d09a07128,12285,cacapava,SP,9.959537037037038,17.228032407407408,0,63.07
1f40c568147d792b8ff628f54803a6f2,99788ef4e91b5e9d8771b66a49441984,delivered,2017-09-09 18:40:39,2017-09-09 19:03:47,2017-09-11 21:16:33,2017-09-14 18:04:49,2017-10-04,49.95,11.85,1,1,61.8,1,1,5.0,1.0,f012d0428d09708815ca563418f16d71,11717,praia grande,SP,4.9751157407407405,24.221770833333334,0,61.800000000000004
521e93507df5620aaee015ba441ec756,0b2bbe8811e7f1cb2b3e25c95d276116,delivered,2017-09-09 18:40:40,2017-09-09 18:55:08,2017-09-12 15:45:59,2017-09-18 21:49:00,2017-10-03,449.8,54.31,2,1,504.11,8,1,1.0,1.0,33a76918feef5cb88ff4b0b16f1611b4,87711,paranavai,PR,9.130787037037036,23.221759259259258,0,504.11
bad0467c52f23cdc71e9fa139d4a8afd,cfca171c77e72b76c526376b84b9e237,delivered,2017-09-09 18:46:10,2017-09-09 19:03:37,2017-09-11 19:52:42,2017-09-19 17:23:12,2017-10-09,69.9,27.03,1,1,96.93,1,1,5.0,1.0,1da3707ffa52351fee92afcc3077c664,52110,recife,PE,9.94238425925926,29.217939814814816,0,96.93
b9222683e55758e925b1931565b4f343,f8e682bc0ead0ca14a987dcdab9fc8ef,delivered,2017-09-09 19:00:12,2017-09-09 19:10:24,2017-09-12 20:38:41,2017-09-16 15:07:30,2017-09-28,299.99,22.9,1,1,322.89,2,1,3.0,1.0,810e1355f46182a401dd527112b5bda2,9810,sao bernardo do campo,SP,6.838402777777778,18.208194444444445,0,322.89
18bfcd3049f8effbdf7a7e9b11d07f38,7b7d601e3afe9a8b3671f05c5feab78a,delivered,2017-09-09 19:08:21,2017-09-12 04:46:07,2017-09-13 21:09:53,2017-09-26 19:55:04,2017-10-03,39.9,34.15,1,1,74.05,1,1,5.0,1.0,f3da06e0291a73f2ae7d40029c91fc09,65200,pinheiro,MA,17.03244212962963,23.20253472222222,0,74.05
23923af7b4df1da5db096c921e728325,6331b4b146b9f298fef30a6cdb08432a,delivered,2017-09-09 19:17:47,2017-09-09 19:30:17,2017-09-11 20:54:42,2017-09-14 23:16:53,2017-09-28,15.0,11.85,1,1,26.85,1,1,5.0,1.0,c97b2ed8143afc4bd58d278bab98637b,15804,catanduva,SP,5.166041666666667,18.195983796296296,0,26.85
c785921c49242bfac499ee30c455154f,1234431d00a8ee163e2c58e7c699ff0c,delivered,2017-09-09 19:25:38,2017-09-12 04:45:38,2017-09-12 21:27:28,2017-09-29 13:10:18,2017-10-18,65.0,25.73,1,1,90.73,1,1,3.0,1.0,3e04d4a97b15031c0b6dc8ab7f574aee,68590,jacunda,PA,19.73935185185185,38.19053240740741,0,90.73
1337d5367a799babc13f9f71c63bf7ab,84bf6a4346118c8306d16b593c15176e,delivered,2017-09-09 19:36:37,2017-09-10 01:34:04,2017-09-11 20:32:12,2017-09-19 13:48:19,2017-09-27,29.9,14.1,1,1,44.0,3,1,1.0,1.0,15823b5826557e80b07c3d5dc611568e,21330,rio de janeiro,RJ,9.758125,17.18290509259259,0,44.0
68fac48a2dd22ab289df2ce0a499dcab,2cd4fd79fa21cdab9cc8a7de105555ac,delivered,2017-09-09 19:36:44,2017-09-12 05:32:50,2017-09-15 18:35:08,2017-09-26 19:07:50,2017-10-04,59.9,13.44,1,1,73.34,1,1,4.0,1.0,79aaa40216d464f6571c1ade510d094d,13060,campinas,SP,16.979930555555555,24.182824074074073,0,73.34
250fc7597b92f3bb967c2c0a6bd70e1b,dfadcb615c5579faa9613dde872fa694,delivered,2017-09-09 19:37:39,2017-09-09 19:50:12,2017-09-12 18:46:40,2017-09-13 21:57:52,2017-09-21,60.0,8.72,1,1,68.72,1,1,4.0,1.0,2e471b8b0ebd8aeb029d78917c3961d0,4346,sao paulo,SP,4.097372685185185,11.1821875,0,68.72
d1543ed643aa74672a7cb5a650e3fcef,f405c1508283b811894b6fdb085041cb,delivered,2017-09-09 19:44:50,2017-09-12 04:35:37,2017-09-13 19:57:34,2017-09-18 16:35:49,2017-09-21,99.99,7.95,1,1,107.94,1,1,5.0,1.0,b37dc68ae94b5d9dab31d2358568d4bb,4845,sao paulo,SP,8.868738425925926,11.177199074074075,0,107.94
bfaf4827cdd358e6cc443e44f9f9132f,b6f1ce97a5c1317696905cc28a6a5857,delivered,2017-09-09 19:46:20,2017-09-09 20:06:03,2017-09-11 18:49:53,2017-09-18 14:20:06,2017-09-28,56.85,15.15,1,1,72.0,1,1,5.0,1.0,1520ebe0915772d3bd92d082a1afdf06,20780,rio de janeiro,RJ,8.773449074074074,18.17615740740741,0,72.0
0e905ed8f17c6568a12cad104c041e34,7e6a2c82f870d4169d3cd945fcacee60,delivered,2017-09-09 19:47:32,2017-09-09 20:06:04,2017-09-13 19:57:36,2017-09-25 21:18:51,2017-10-04,45.95,15.1,1,1,61.05,2,1,3.0,1.0,d497d6d20e5cf4baf00922c695e9b8c2,25251,duque de caxias,RJ,16.06341435185185,24.175324074074073,0,61.050000000000004
ca5d34455321c329173e1c6c3fcff7f9,21847e723748ace6cb588bef10844823,delivered,2017-09-09 19:50:19,2017-09-09 20:06:05,2017-09-12 22:54:40,2017-09-19 18:19:20,2017-09-27,12.88,11.85,1,1,24.73,1,1,1.0,1.0,0f187f58097c5431d5244e1fe1383884,19360,santo anastacio,SP,9.93681712962963,17.173391203703705,0,24.73
59af46052a799e80e2f0c665c587731d,b7563d94162ed0aa3f8d9cada4bcc536,delivered,2017-09-09 19:52:54,2017-09-10 20:03:31,2017-09-11 20:54:42,2017-09-13 20:17:41,2017-10-02,15.0,15.1,1,1,30.1,1,1,5.0,1.0,7ae4af4d6afa33b3099b3577d3c640ed,38400,uberlandia,MG,4.017210648148148,22.17159722222222,0,30.1
d46d30516947c87bbcb5d6ce98da510c,9f882879a6fa0b1de2906aac483883de,delivered,2017-09-09 19:56:19,2017-09-12 04:45:43,2017-09-13 19:39:37,2017-09-25 18:58:35,2017-10-05,64.65,32.7,2,2,97.35,1,1,5.0,1.0,4279dc495a38ef8fb0ea0a9201c6ee30,90630,porto alegre,RS,15.959907407407407,25.16922453703704,0,97.35000000000001
01500f2503fa84279982d9d87750021a,084064d0e425f87b49643992a88c2b43,delivered,2017-09-09 20:02:13,2017-09-09 20:10:20,2017-09-11 19:52:42,2017-09-14 22:12:47,2017-09-27,19.9,12.69,1,1,32.59,3,1,5.0,1.0,1f4dd20e59017acccdc1888bd80fd381,13080,campinas,SP,5.090671296296296,17.165127314814814,0,32.589999999999996
af209eb4f7a3bd965aced8fe559ccd3b,7bdc1d4c549246678e5b86ab4f8e3bc5,delivered,2017-09-09 20:06:48,2017-09-09 20:23:29,2017-09-12 22:32:25,2017-09-22 13:07:04,2017-09-28,150.0,56.400000000000006,4,1,206.4,10,1,5.0,1.0,e6b7e9c1ec4f3c5ac749bd4502bc81e5,82520,curitiba,PR,12.708518518518519,18.161944444444444,0,206.4
1f643298de39c374e3ad4e4838d156c1,7c5dee768f1dfbea5ba80fd468040c19,delivered,2017-09-09 20:32:22,2017-09-09 20:43:31,2017-09-12 14:32:55,2017-09-14 20:39:50,2017-09-21,37.8,8.72,1,1,46.52,2,1,5.0,1.0,6a72e79e17a6747650c71f55887a4ffa,4447,sao paulo,SP,5.005185185185185,11.144189814814816,0,46.519999999999996
9855472e23a51c2e8b310d215c717511,5bd633b3448d980bd8ef8f7c93ccd570,delivered,2017-09-09 20:32:30,2017-09-09 20:43:30,2017-09-11 21:39:44,2017-09-15 15:26:48,2017-09-27,45.0,11.85,1,1,56.85,1,1,5.0,1.0,30face031972f728f9c0f3426723c626,13478,americana,SP,5.787708333333334,17.14409722222222,0,56.85
0961e67affdacb23a647b67618e2bc70,1e98ef30dc6e4aebf3cedcf0bc5abeff,delivered,2017-09-09 20:33:21,2017-09-09 20:43:29,2017-09-13 20:49:42,2017-09-18 17:00:02,2017-10-05,229.0,54.2,1,1,283.2,5,1,4.0,1.0,35c343f49cd9c4ef07b58a8e551d646e,28770,santa maria madalena,RJ,8.851863425925925,25.143506944444443,0,283.2
4a6c7fdefcd879e7b3eca9f4e8186c76,d767edd8ea7aa3c642c69f22481c4f61,delivered,2017-09-09 20:45:43,2017-09-09 21:03:29,2017-09-12 18:37:57,2017-09-19 15:54:08,2017-09-28,54.9,25.22,1,1,80.12,5,1,5.0,1.0,469950bc72f937ed66694bbbc264adb9,23050,rio de janeiro,RJ,9.797511574074074,18.13491898148148,0,80.12
de951feb6c754b2c61f0ed3c66569f4a,99ef3b28b2ab64bf0a00c2a5c9bafadd,delivered,2017-09-09 21:01:34,2017-09-11 08:25:29,2017-09-22 19:28:03,2017-09-25 12:54:48,2017-10-02,1980.0,174.82,2,1,2154.82,1,1,5.0,1.0,60055ae4e5bdcbf7d567809728def6ed,1020,sao paulo,SP,15.661967592592593,22.123912037037037,0,2154.82
8d48068c3ecbc21886a881562c96d7fa,69c07da19686536789aae2148ce07f50,delivered,2017-09-09 21:08:46,2017-09-09 21:24:21,2017-09-11 19:56:42,2017-09-19 21:58:19,2017-10-17,23.0,17.92,1,1,40.92,4,1,2.0,1.0,d7575edf5d4315559b9ef9816f9cd13e,30494,belo horizonte,MG,10.034409722222222,37.118912037037035,0,40.92
c61e31d4cd0672fe89449ab560602519,a1937e26edb8cc57b903979f75291e8f,delivered,2017-09-09 21:11:06,2017-09-09 21:30:19,2017-09-13 14:20:07,2017-09-25 18:06:59,2017-10-16,45.9,16.11,1,1,62.01,5,1,3.0,1.0,76f96ad47604ec56b5d9c68148279587,92030,canoas,RS,15.872141203703704,36.11729166666667,0,62.01
83aef7faf3400f2ca6fa465a8f483657,9176c1e845dabffbee3999f577d0af6b,delivered,2017-09-09 21:12:37,2017-09-09 21:30:14,2017-09-13 18:33:36,2017-09-27 20:57:45,2017-10-04,55.0,17.64,1,1,72.64,5,1,3.0,1.0,341bc186ec99d0ca059753b8eebeab19,91720,porto alegre,RS,17.989675925925926,24.116238425925925,0,72.64
b3da12fe6af5c45b08a663e62d282487,1b9e248f63ade22b53e22b3e4140e6c5,delivered,2017-09-09 21:18:15,2017-09-09 21:30:23,2017-09-13 16:28:48,2017-09-16 15:03:57,2017-09-27,119.9,13.86,1,1,133.76,5,1,5.0,1.0,ec0677ae604532f5981e9fdf89094e52,2435,sao paulo,SP,6.740069444444444,17.11232638888889,0,133.76
378d03578566e65bc195cc5296a31526,06757bb75493151d0e73ce8e3bc32987,delivered,2017-09-09 21:21:11,2017-09-09 21:30:20,2017-09-11 18:16:37,2017-09-13 18:02:57,2017-09-27,234.0,14.66,1,1,248.66,1,1,5.0,1.0,950756be397d0fc73e96b1a32287cd38,6825,embu das artes,SP,3.862337962962963,17.11028935185185,0,248.66
8be77876ac9c4b149404292ab1538b20,f67e4d84b3f003474bcb280eb4814ac3,delivered,2017-09-09 21:36:02,2017-09-09 21:50:10,2017-09-11 21:39:44,2017-09-15 20:42:06,2017-09-21,76.49,8.73,1,1,85.22,1,1,5.0,1.0,6b15a084516c8b8619e24440c335fa20,8255,sao paulo,SP,5.9625462962962965,11.099976851851851,0,85.22
c13f7e0f6e68493d056654349be6c15b,1d185a1881211f40e281043cf723d455,delivered,2017-09-09 21:47:01,2017-09-09 22:03:53,2017-09-11 18:26:09,2017-09-13 17:32:19,2017-09-21,55.0,7.78,1,1,62.78,3,1,2.0,1.0,b4775480db52304d754446c219170341,6045,osasco,SP,3.823125,11.092349537037038,0,62.78
8c2fd1f7359cea19f4ec43436b8850be,0fd9ea9bd342abe74db14762466e1b48,delivered,2017-09-09 22:15:52,2017-09-09 22:30:20,2017-09-11 18:17:36,2017-09-22 22:26:41,2017-10-03,14.9,20.84,1,1,35.74,3,1,5.0,1.0,75991565ad3030e821e9f5da33af7d17,31365,belo horizonte,MG,13.007511574074075,23.072314814814813,0,35.74
4e645edf6d8d91302d90770e9fbf1f91,8a811aba2bf51a27cf902cf23fcfcabf,delivered,2017-09-09 22:22:34,2017-09-09 22:35:12,2017-09-12 21:44:30,2017-09-15 19:27:28,2017-10-04,119.8,26.88,2,1,146.68,10,1,5.0,1.0,36208b4ee25d4fd88b28e927f318dc9f,6655,itapevi,SP,5.878402777777778,24.06766203703704,0,146.68
0692bac30867d1bf96c14aadbff1cf17,c5db75451fbf381870054e426b6863bd,delivered,2017-09-09 22:29:01,2017-09-09 22:43:27,2017-09-11 19:05:53,2017-09-13 18:32:45,2017-09-21,35.0,8.72,1,1,43.72,1,1,5.0,1.0,5be8242f4f7ca2f0bd389c867a889f0f,1455,sao paulo,SP,3.8359259259259257,11.06318287037037,0,43.72
43b496a7732ace398ea4eb3bd520ab22,41021cf729eff1a1ef1f51f09fa39bea,delivered,2017-09-09 22:44:37,2017-09-09 22:55:17,2017-09-11 17:08:01,2017-09-18 20:34:47,2017-10-04,498.8,171.5,1,1,670.3,12,1,5.0,1.0,9186963d441c85d9a781413da96a7fb8,65550,sao bernardo,MA,8.909837962962962,24.05234953703704,0,670.3
9b31411d9c1c41009017a1c0a06ce069,090714c98b63c1520d2e5150bf6c4f5c,delivered,2017-09-09 22:45:28,2017-09-09 22:55:19,2017-09-12 16:13:54,2017-09-21 18:08:33,2017-09-29,9.0,15.1,1,1,24.1,1,1,5.0,1.0,9ed172a6d7193653699555d95b34ea91,27274,volta redonda,RJ,11.80769675925926,19.05175925925926,0,24.1
4a2415018bd75fb37bb24471baa6364a,19d3540bd1618486ffcf21bf260c9b0a,delivered,2017-09-09 22:48:50,2017-09-10 22:55:11,2017-09-12 18:59:33,2017-09-22 19:22:32,2017-10-10,145.99,21.51,1,1,167.5,4,1,4.0,1.0,85407fa8d53aededd382ee20b5ddb739,95180,farroupilha,RS,12.856736111111111,30.049421296296295,0,167.5
59ff850287c170ca0c5844a659a456a0,d932de6fce118de65a177f37e11b4520,delivered,2017-09-09 22:59:17,2017-09-09 23:10:17,2017-09-12 17:02:48,2017-09-20 19:08:11,2017-09-27,59.8,23.7,2,1,83.5,4,1,5.0,1.0,25a757ef36095b5df60b620b7cead344,13327,salto,SP,10.839513888888888,17.042164351851852,0,83.5
65a8517395a0f289d34b6e0a68b7ef7f,bd54704a25ebeea0a2687d05524db2be,delivered,2017-09-09 23:08:10,2017-09-12 04:26:13,2017-09-12 21:05:53,2017-09-14 21:25:59,2017-09-21,124.9,8.13,1,1,133.03,1,1,5.0,1.0,abb726450caefc039c8e1e68cd56c499,13188,hortolandia,SP,4.929039351851852,11.03599537037037,0,133.03
cc02601c19d68cb1a4cde5a11aec694e,751a05b324683e65537d345c3933a9de,delivered,2017-09-10 00:06:13,2017-09-10 00:30:19,2017-09-11 19:38:54,2017-09-14 16:58:06,2017-09-28,399.0,15.81,1,1,414.81,8,1,4.0,1.0,d698d987204fa8409f973d39a5b8f075,15425,embauba,SP,4.7026967592592595,17.99568287037037,0,414.81
0cda834be88c6e549a9895efe5e0b49f,9c64cd776ee9f018ad51dfda0666bae3,delivered,2017-09-10 00:14:56,2017-09-10 00:35:09,2017-09-12 13:50:03,2017-09-25 15:56:19,2017-10-05,190.9,52.22,2,2,243.12,10,1,3.0,1.0,9df0c554a0b37fc0c8d3ca2f4a47ef7e,7179,guarulhos,SP,15.653738425925926,24.98962962962963,0,243.12
c28cc812db8e9acb713843bb0470b7cf,eb172b63b901dc5dd76bbb694ce13ff4,delivered,2017-09-10 00:34:50,2017-09-10 00:50:11,2017-09-12 19:35:01,2017-09-14 13:36:06,2017-09-27,39.9,13.37,1,1,53.27,1,1,5.0,1.0,b684d9c419a4db568d2ef8afd7b79c71,7121,guarulhos,SP,4.542546296296297,16.975810185185185,0,53.269999999999996
d3137f0d4c2ad2e593c900f406f344a2,ab704393de67bbc46d712f1d44bcf326,delivered,2017-09-10 01:10:18,2017-09-12 04:45:52,2017-09-14 15:45:36,2017-09-19 21:27:04,2017-09-27,37.13,13.37,1,1,50.5,1,1,5.0,1.0,d2844ebdb02dcd3f522dc721d6655b60,37890,muzambinho,MG,9.844976851851852,16.951180555555556,0,50.5
950bb159eea525ff8947b92c93b02f8e,ff299a256be6affac0ae1207c1b4a9b8,delivered,2017-09-10 01:23:58,2017-09-12 04:55:08,2017-09-21 23:03:22,2017-09-23 17:09:13,2017-09-27,159.94,25.63,1,1,185.57,1,1,3.0,1.0,c0c8ceabbd1c35c83790ae67b0684d6c,6362,carapicuiba,SP,13.65642361111111,16.941689814814815,0,185.57
8f090a4ecbd4bb8c286d0a1f88a6a55b,d869814a54cc36cbe4f2da8bb29a421f,delivered,2017-09-10 02:28:38,2017-09-10 02:43:25,2017-09-13 12:52:16,2017-09-14 15:51:54,2017-09-22,12.97,7.78,1,1,20.75,2,1,4.0,1.0,bf11d74ba342a6de43a89ed03224cf09,6787,taboao da serra,SP,4.557824074074074,11.896782407407407,0,20.75
a2b99b6a9c5b0c402cfbabfdbb69918e,f7f33607a433200f6a87624740e24f8e,delivered,2017-09-10 07:09:18,2017-09-12 04:45:44,2017-09-12 12:28:04,2017-09-19 18:11:22,2017-09-27,49.7,16.6,1,1,66.3,1,1,5.0,1.0,c18c9a0884eff4b9ee66d37dd5357216,23071,rio de janeiro,RJ,9.45976851851852,16.701875,0,66.30000000000001
c2376b3688a7b2bad91daeccb5097ffc,60e55bb499b71f520bb1a1c15d0233fa,delivered,2017-09-10 08:56:41,2017-09-12 04:44:54,2017-09-13 17:50:04,2017-09-26 17:27:51,2017-10-05,99.99,19.94,1,1,119.93,1,1,5.0,1.0,be3af724923632983e8c41e9d7f05f49,46100,brumado,BA,16.354976851851852,24.62730324074074,0,119.92999999999999
9b1d71b20edcf15ab15e0bb4a932f23f,7343c19728d9499883e74b93863dcefd,delivered,2017-09-10 09:14:32,2017-09-11 20:43:27,2017-09-13 21:54:46,2017-10-05 20:41:55,2017-09-29,79.0,16.31,1,1,95.31,1,1,1.0,1.0,c38c61e6e0db3f20cd3ce925d795b5a0,70255,brasilia,DF,25.477349537037036,18.614907407407408,1,95.31
75eb778608f606e7f4b3cbf2092be146,95b0e44cb4e131ade1701e243dbb340a,delivered,2017-09-10 09:22:43,2017-09-10 09:35:08,2017-09-11 17:31:47,2017-09-15 16:12:04,2017-10-02,39.9,15.1,1,1,55.0,4,1,5.0,1.0,f63e56138ee7885ffc3b7e56933446e6,37280,candeias,MG,5.284270833333333,21.609224537037036,0,55.0
7e030f7ce01972bbf5aeeadffe8f930a,83b5f2b720344397153281b6f4021d20,delivered,2017-09-10 09:22:44,2017-09-10 09:35:10,2017-09-11 19:34:41,2017-09-18 19:16:34,2017-10-04,180.0,26.1,1,1,206.1,4,1,5.0,1.0,f63e56138ee7885ffc3b7e56933446e6,37280,candeias,MG,8.412384259259259,23.609212962962964,0,206.1
070b4a621a6d06dcff9122e5c04b353a,9bf7217158566072ba308c3d057bbc44,delivered,2017-09-10 09:30:28,2017-09-10 09:45:09,2017-09-13 18:50:01,2017-09-18 20:38:39,2017-10-02,219.99,22.34,1,1,242.33,4,1,5.0,1.0,27c9fbc5854ca2ab9c51abdd4b520589,7865,franco da rocha,SP,8.464016203703704,21.603842592592592,0,242.33
96bce1588131f7637bffaa5c25414b33,af7bc908db6f201c0b53506cefd57658,delivered,2017-09-10 09:49:07,2017-09-11 20:10:16,2017-09-12 21:42:05,2017-09-22 11:59:28,2017-10-06,669.99,31.23,1,1,701.22,5,1,5.0,1.0,10837ec2278f48b91274e961ee27e699,63620,solonopole,CE,12.090520833333333,25.590891203703702,0,701.22
329954a78d93c0af4e24aad8677ba9bb,8cc4f41a7488887dec0be5b5e2674293,delivered,2017-09-10 10:02:45,2017-09-10 10:15:20,2017-09-11 21:41:28,2017-09-15 20:47:42,2017-09-29,69.9,13.51,1,1,83.41,1,1,5.0,1.0,e2f3764345a82793064c2d540db5e2b9,15910,monte alto,SP,5.447881944444444,18.581423611111113,0,83.41000000000001
e5ce0260311bb22e88a68521703a29e3,de8e62a27572b1f6e9f0acd5c14a3026,delivered,2017-09-10 10:05:05,2017-09-10 10:23:47,2017-09-11 23:03:42,2017-09-18 14:42:04,2017-10-04,189.99,16.09,1,1,206.08,6,1,5.0,1.0,47d19ed3e1569e33d47ed5712f16107c,90050,porto alegre,RS,8.192349537037037,23.57980324074074,0,206.08
0dac8f895806df31441bc1a5aa485a4e,9a35cd72d679d18d0511d12482668e24,delivered,2017-09-10 10:07:32,2017-09-12 04:45:55,2017-09-13 00:12:02,2017-09-14 19:03:17,2017-09-22,18.9,8.72,1,1,27.62,1,1,4.0,1.0,e313d18e7eccf1b7867465ba699aca15,3427,sao paulo,SP,4.372048611111111,11.578101851851851,0,27.619999999999997
c38813ffe793f98e9c552fdd4f0a21ee,a51fd34f17dbb1494058b853b558e419,delivered,2017-09-10 10:12:26,2017-09-10 10:30:22,2017-09-14 22:57:45,2017-09-22 17:37:01,2017-10-02,54.99,15.13,1,1,70.12,1,1,3.0,1.0,b26858a322cb230c32a83a34d593ba90,38320,santa vitoria,MG,12.308738425925926,21.574699074074076,0,70.12
fb662b5ba362e72d75d486ca4d29c9e4,7d69df404527f3b93aafbaaac56bb816,delivered,2017-09-10 10:17:06,2017-09-10 10:30:25,2017-09-21 17:23:07,2017-10-13 17:25:01,2017-10-02,209.70000000000002,47.79,3,1,257.49,10,2,1.0,1.0,83eaf03b228046b51c0e4651b24475db,41100,salvador,BA,33.297164351851855,21.571458333333332,1,257.49
0d66368d8615f7b306db970f3ba475ee,d5c4b58a55c169788888d911886912ac,delivered,2017-09-10 10:18:06,2017-09-10 10:30:28,2017-09-11 15:18:05,2017-09-12 22:39:39,2017-09-21,309.9,9.91,1,1,319.81,8,1,4.0,1.0,bc644a9f7c63f64ed38dd63229571e8c,22775,rio de janeiro,RJ,2.514965277777778,10.570763888888889,0,319.81
0f785010dcc39b620a31199592907f64,1d49ad11416fc3571d6d1da8b344d9d1,delivered,2017-09-10 10:21:53,2017-09-10 10:30:27,2017-09-11 19:13:31,2017-09-21 18:48:08,2017-10-02,610.0,65.01,1,1,675.01,8,1,5.0,1.0,562d710912189dcbbd02715db2255161,27340,barra mansa,RJ,11.3515625,21.568136574074074,0,675.01
74ce493078c5a7c96f4854875b85581d,fdce567416b7b96de1c0621e6a88a7d3,delivered,2017-09-10 10:49:33,2017-09-10 11:03:28,2017-09-12 15:36:54,2017-09-14 22:05:33,2017-09-27,89.9,13.65,1,1,103.55,5,1,5.0,1.0,8ecde9a39b424927b423852dfb2c1d47,3273,sao paulo,SP,4.469444444444444,16.54892361111111,0,103.55000000000001
c0b30438008f3085a4b78b9cd36ade63,596ab046937142ab8dc0fb942538d9e4,delivered,2017-09-10 11:01:26,2017-09-10 11:15:13,2017-09-11 14:38:18,2017-09-13 19:25:49,2017-09-21,16.0,7.78,1,1,23.78,1,1,5.0,1.0,023a5f2429a60d00c9c26887b95c6c80,9361,maua,SP,3.3502662037037036,10.540671296296296,0,23.78
5cf9bee99b19ff8b30c36f0a4d3483ba,4ce2275dc1246c364f683d473ae3081b,delivered,2017-09-10 11:07:44,2017-09-10 11:23:20,2017-09-11 20:03:10,2017-09-25 20:23:12,2017-10-03,65.0,16.89,1,1,81.89,1,1,4.0,1.0,3aa423e4dde71155a37212c37c47ed18,24220,niteroi,RJ,15.38574074074074,22.536296296296296,0,81.89
b495fd147ba3d65a05f35d76239c22ce,2757ed164fc43dd663817cc7d8f9d617,delivered,2017-09-10 11:22:48,2017-09-10 11:35:20,2017-09-11 20:51:54,2017-09-12 17:18:03,2017-09-21,39.9,11.73,1,1,51.63,1,1,4.0,1.0,5925dfa8cd87ab4d852383f7039c8bc2,4271,sao paulo,SP,2.246701388888889,10.525833333333333,0,51.629999999999995
c1cc6a6a6730197d8b7fef1132942274,8eb8e314e5fe079b653341b597470571,delivered,2017-09-10 11:24:04,2017-09-10 11:35:18,2017-09-11 21:34:01,2017-09-15 21:48:01,2017-09-27,169.0,21.09,1,1,190.09,10,1,5.0,1.0,754e51e38387eab8bd26d5d292463fe8,31920,belo horizonte,MG,5.433298611111111,16.524953703703705,0,190.09
84af086627ce9dba6fc470fb3d899de9,19a1ee6281954bc639ea12d7947677fd,delivered,2017-09-10 11:26:47,2017-09-10 11:35:20,2017-09-18 16:42:07,2017-09-20 19:39:51,2017-09-27,121.9,13.87,1,1,135.77,1,1,5.0,1.0,d88968fdc07cef4ca77be564bc175bbd,4321,sao paulo,SP,10.342407407407407,16.52306712962963,0,135.77
c49df0876643772fc41aa1bd470fe6e5,2be3fb811dc248c1a492b00121776c9b,delivered,2017-09-10 11:32:32,2017-09-10 11:45:15,2017-09-12 20:12:05,2017-09-22 20:39:50,2017-09-29,79.9,25.11,1,1,105.01,2,1,3.0,1.0,e33f5bdfeeb32ab9d12ef89ec1a99179,65063,sao luis,MA,12.380069444444445,18.519074074074073,0,105.01
1dc1eb95861df4745ec5c863b93f9691,0434f4ff62dd653e243ded765d430c6e,delivered,2017-09-10 11:38:00,2017-09-10 11:50:19,2017-09-11 20:54:43,2017-09-12 17:22:58,2017-09-22,15.0,8.72,1,1,23.72,1,1,3.0,1.0,d27cac89e0963f38902e5cd34fdea29b,18046,sorocaba,SP,2.2395601851851854,11.515277777777778,0,23.72
9d4ef6bf8501238d56e2c970ebae7d77,4c349f62d9adaeb0851c59901523668a,delivered,2017-09-10 11:53:37,2017-09-10 12:05:26,2017-09-11 22:04:10,2017-09-14 18:42:10,2017-09-29,229.99,17.37,1,1,247.35999999999999,1,2,5.0,1.0,9d8c757bf7a397242ccde89a19f75ac1,89030,blumenau,SC,4.283715277777778,18.50443287037037,0,247.36
6b8a860cec63279fe49b5649ca6bab42,81d7e215787f9556b381145e2ac7d9f2,delivered,2017-09-10 12:11:43,2017-09-12 04:23:54,2017-09-15 21:39:56,2017-09-26 16:29:13,2017-10-02,69.99,15.24,1,1,85.23,1,1,5.0,1.0,d784cf4b89e1342765948de9bbf5b525,11454,guaruja,SP,16.178819444444443,21.491863425925924,0,85.22999999999999
5f208894ebd77e40a78e3ae42e67d828,2e489bfb9376d587854d12d77da09884,delivered,2017-09-10 12:14:04,2017-09-12 04:25:56,2017-09-13 18:25:59,2017-09-19 22:02:48,2017-09-27,29.99,11.85,1,1,41.84,1,1,5.0,1.0,aba81feeb0cd8678f3fa0d8326a921f2,15110,guapiacu,SP,9.408842592592592,16.49023148148148,0,41.839999999999996
b73441a4e7a49b06d7219c969e5af0ef,4059656b16a5a2a93e9c0516a81ec52f,delivered,2017-09-10 12:22:47,2017-09-10 12:35:12,2017-09-12 18:35:55,2017-09-18 12:30:29,2017-10-02,80.0,28.2,2,1,108.2,3,1,5.0,1.0,0ff88f0dec35872e019c0f64daf3d1d7,34525,sabara,MG,8.005347222222222,21.48417824074074,0,108.2
ddff0e1a8a73007a387e5edb05973958,74919fdb4ad927fe09adbab786081109,delivered,2017-09-10 12:37:46,2017-09-10 12:50:20,2017-09-11 19:52:07,2017-09-19 12:34:17,2017-10-03,85.38,32.22,2,1,117.6,6,1,4.0,1.0,f6ef9d933dcab3dfdb6802d24037deb6,2079,sao paulo,SP,8.997581018518519,22.473773148148148,0,117.6
4d7b8667b2e583a64e2241b51d25f3f7,ae4b97db0f9940348a45b614a925fb3c,delivered,2017-09-10 12:40:46,2017-09-10 12:55:14,2017-09-12 20:49:35,2017-09-18 20:15:02,2017-10-03,67.9,20.97,1,1,88.87,8,1,5.0,1.0,373d6a646ed4654b10d7611ea91c6dd1,11025,santos,SP,8.315462962962963,22.471689814814816,0,88.87
d6df48bb0f7ae326cc10448785ab0a11,b262251b73679ebd943908bf6d76649d,delivered,2017-09-10 12:49:26,2017-09-10 13:03:54,2017-09-11 19:05:33,2017-09-13 17:46:00,2017-09-28,70.9,26.82,1,1,97.72,1,1,5.0,1.0,68e46eb59eb4ac2211464bbaa757cdea,5311,sao paulo,SP,3.205949074074074,17.465671296296296,0,97.72
658f2b1a0519115cc565db32cec425fe,d3fcc52e324c3c31feadab1600cee977,delivered,2017-09-10 12:54:36,2017-09-10 13:05:10,2017-09-11 20:04:27,2017-09-14 21:59:10,2017-09-29,87.5,32.22,2,2,119.72,5,1,3.0,1.0,66655cc85ad2fc7afa12e09ac2154a29,35160,ipatinga,MG,4.378171296296296,18.462083333333332,0,119.72
878d7b205a8f5eb546d03baa3404fb4c,d61138db5bdc5abf1775b4420cf6682c,delivered,2017-09-10 13:07:21,2017-09-10 13:23:55,2017-09-11 21:23:06,2017-09-15 21:52:52,2017-10-02,40.9,13.37,1,1,54.27,4,1,3.0,1.0,b4d118acd4783596a83a349bfc1e483c,12951,atibaia,SP,5.36494212962963,21.453229166666667,0,54.269999999999996
2e24930adf68f4ce65ad35e0f23f08ee,dccf3db0a9cf098d12b4c4addd47de01,delivered,2017-09-10 13:35:37,2017-09-10 13:50:08,2017-09-18 18:51:57,2017-10-13 18:30:02,2017-10-11,132.9,53.29,1,1,186.19,3,1,2.0,1.0,5319caaec279e6335b7c7e872cb0972d,68515,parauapebas,PA,33.20445601851852,30.433599537037036,1,186.19
3eabbfdaf7e3dab4e322b3e40d35ff04,c0cac061cf2beecfb295dd69b73a7508,delivered,2017-09-10 13:35:49,2017-09-10 13:50:09,2017-09-12 00:41:51,2017-09-15 19:23:26,2017-09-28,46.9,15.11,1,1,62.01,2,1,4.0,1.0,cc2bda5bbbc4321120b10b356458c152,30620,belo horizonte,MG,5.241400462962963,17.43346064814815,0,62.01
12321543ad6f89cc74cde9ae42d12e3e,0f1c2ad25d41818852873909cdf6fb0c,delivered,2017-09-10 14:00:28,2017-09-10 14:15:11,2017-09-11 19:47:51,2017-09-19 17:37:57,2017-10-03,48.0,16.11,1,1,64.11,1,1,5.0,1.0,5a883fc9b7a547d44d37cff77af08834,84220,senges,PR,9.151030092592592,22.416342592592592,0,64.11
7f95c99388c7aa1157d5992428f2e94c,8ceebf4d88625946ce9c0956401d575a,delivered,2017-09-10 14:02:32,2017-09-10 14:15:11,2017-09-12 18:44:34,2017-09-13 16:23:37,2017-09-21,18.0,7.78,1,1,25.78,1,1,5.0,1.0,acfd8b4b99b7c67d912bedc264fa8780,3258,sao paulo,SP,3.097974537037037,10.414907407407407,0,25.78
06a07c0ad4e1811f48e86d2c56c7b705,2ed745254e8e95dc73022271637fc724,delivered,2017-09-10 14:06:28,2017-09-12 06:35:33,2017-09-12 17:57:34,2017-09-18 23:57:39,2017-09-28,205.0,14.45,1,1,219.45,2,1,5.0,1.0,967df579cdc68f1dbe77842283ef4a54,13219,jundiai,SP,8.410543981481482,17.412175925925926,0,219.45
cc7608c05975c4f77bb4a033825096bf,9b9c1f9c9d25d25e3204b5532314a02a,delivered,2017-09-10 14:13:03,2017-09-10 14:25:34,2017-09-18 20:15:34,2017-09-26 19:25:42,2017-10-04,249.99,16.5,1,1,266.49,1,1,5.0,1.0,77217df781f630fd1d0b9df7deadd8b6,85890,missal,PR,16.217118055555556,23.407604166666665,0,266.49
3b096d44d833b0bc4714a1ab1ba9d563,04c974cb72247502a35e024f689cee79,delivered,2017-09-10 14:22:02,2017-09-10 14:30:21,2017-09-12 20:13:24,2017-09-18 19:24:43,2017-10-03,27.9,15.1,1,1,43.0,1,1,5.0,1.0,57c629d615251024098b1d42d08347e1,14740,viradouro,SP,8.21019675925926,22.40136574074074,0,43.0
24848282f53cd38724e7f7e20bd4027b,64dbaaf4c826ae2589b816fedf00631e,delivered,2017-09-10 14:28:05,2017-09-10 14:35:16,2017-09-12 17:00:02,2017-09-26 19:33:12,2017-10-04,120.0,38.36,1,1,158.36,4,1,4.0,1.0,d831920740803fe95943cf7c9f243ee6,29026,vitoria,ES,16.211886574074075,23.397164351851853,0,158.36
e2899c01b0665046758356f4e338aca0,e10ddf68b7d7d3d3afb54497e28ad620,delivered,2017-09-10 14:44:57,2017-09-10 14:55:11,2017-09-12 17:52:54,2017-10-04 21:38:11,2017-10-10,139.9,43.39,1,1,183.29,2,1,5.0,1.0,2973d3604b2d02d5ffb48d8af48521c8,65810,alto parnaiba,MA,24.286967592592593,29.38545138888889,0,183.29000000000002
d32fbb7b9c7d393b293c80e66091ee4b,66538c9da66571088de88815faa7ee9a,delivered,2017-09-10 15:33:23,2017-09-10 15:45:19,2017-09-11 12:08:37,2017-09-15 17:11:32,2017-09-28,110.0,20.26,1,1,130.26,1,1,3.0,1.0,8c9f376c4c714c1afd0255c7cd38b492,30295,belo horizonte,MG,5.068159722222222,17.35181712962963,0,130.26
9370e7790e15adbc2492065d34524285,21b0f669f2a38c34edc678dd70605a4a,delivered,2017-09-10 15:33:31,2017-09-12 04:45:15,2017-09-12 20:03:36,2017-09-20 15:26:56,2017-10-04,29.0,16.11,1,1,45.11,1,1,5.0,1.0,8aa4ccd719f675d48bfe057d537d381d,32450,sarzedo,MG,9.995428240740742,23.351724537037036,0,45.11
a23760b9274db6304cc3cc0085583693,13b998c33df7f51c51078cf30c1ceed7,delivered,2017-09-10 15:36:39,2017-09-11 19:35:12,2017-09-12 15:05:41,2017-10-16 19:10:02,2017-10-11,300.0,34.98,2,1,334.98,8,1,4.0,1.0,43d49082b0b4c9cd47729f80b5b515be,48925,sobradinho,BA,36.14818287037037,30.34954861111111,1,334.98
a7c10c89aba6e6e8168c8e1566385f08,d4d134ba96f6848a5ba0452cc98b4039,delivered,2017-09-10 15:40:13,2017-09-12 04:30:54,2017-09-13 10:24:50,2017-09-19 20:47:34,2017-09-27,43.49,14.1,1,1,57.59,1,1,4.0,1.0,f48441e97c1be79c15ab757a6ecf097d,22631,rio de janeiro,RJ,9.2134375,16.347071759259258,0,57.59
1b27a0faae4a248229a7037964a710e3,03204f6fad6975a956d068ef0b8e3f5e,delivered,2017-09-10 15:41:23,2017-09-10 15:55:21,2017-09-13 20:55:28,2017-09-28 10:52:32,2017-10-09,118.8,20.07,1,1,138.87,3,1,5.0,1.0,21156936f0115390c059738011d9c4f1,45140,itambe,BA,17.799409722222222,28.346261574074074,0,138.87
15821a9a831a9a665df5d5e1568da975,ba7414163652126c43ce52deef540a4a,delivered,2017-09-10 15:42:58,2017-09-10 15:55:19,2017-09-12 21:23:34,2017-09-13 13:23:39,2017-09-21,96.0,9.49,1,1,105.49,4,1,5.0,1.0,a841a5e7147983b977e25fd23766863c,3132,sao paulo,SP,2.903252314814815,10.345162037037037,0,105.49
1b27565cc48efbd53ada61fe61bb9c2a,1a825a018a70af4a34062710e7df0965,delivered,2017-09-10 15:43:07,2017-09-10 15:55:21,2017-09-13 21:32:30,2017-09-28 16:33:15,2017-10-06,59.9,17.67,1,1,77.57,1,1,3.0,1.0,072a81b5a11139d7781a0024a03a2cb4,24241,niteroi,RJ,18.034814814814816,25.345057870370372,0,77.57
d0f7da7e2de84e667e955f4def9e6698,e2e7b99a84f1f5750cceb5225962c877,delivered,2017-09-10 15:44:00,2017-09-12 04:30:44,2017-09-12 15:35:08,2017-09-19 21:40:07,2017-09-27,240.0,43.78,2,1,283.78,1,1,5.0,1.0,4014011cbde007f272fd29a0f2787c52,38706,patos de minas,MG,9.247303240740742,16.344444444444445,0,283.78
20b4e5f6a0d8d1244c3c387e0f645ca3,deede660a4890aee5b1f480c6c39f120,delivered,2017-09-10 15:49:26,2017-09-10 16:03:21,2017-09-11 21:12:33,2017-09-12 18:03:20,2017-09-21,69.0,8.11,1,1,77.11,6,1,5.0,1.0,307f47fa56b788fa7c4e30ea36c1ae46,33935,ribeirao das neves,MG,2.092986111111111,10.340671296296296,0,77.11
2e5e827b80515bc21c042a5181e32ec5,a1d3d78e83da30d70783ff40f8c9067e,delivered,2017-09-10 15:51:25,2017-09-11 16:05:09,2017-09-12 18:43:51,2017-09-15 16:33:29,2017-09-27,29.89,12.69,1,1,42.58,1,1,5.0,1.0,5f0358c04b9617e30c47c374c476fef1,14091,ribeirao preto,SP,5.029212962962963,16.339293981481482,0,42.58
d45738e3173a63ac6deeaa1b2168314f,49ecca4958a673be112cbe3549795fab,delivered,2017-09-10 15:53:24,2017-09-12 04:35:41,2017-09-13 12:57:43,2017-09-18 20:33:40,2017-09-27,71.9,12.0,1,1,83.9,1,1,5.0,1.0,76572642096d7c2968c3da0ab9ee24b4,12606,lorena,SP,8.19462962962963,16.33791666666667,0,83.9
6cc81d57e84149f55788bccafc8a48d3,5120967d7b95d59569c96049c74b6a32,delivered,2017-09-10 16:01:27,2017-09-10 16:10:16,2017-09-13 22:06:53,2017-09-19 20:05:40,2017-09-28,109.0,36.84,1,1,145.84,1,1,5.0,1.0,a69d64ee4dd548ed551d2b6e2c9ed47f,8160,sao paulo,SP,9.169594907407408,17.332326388888887,0,145.84
aef3d8bb94c1ad3761b18b80327cea9c,6950d4f602451c2d9ec3690f1ab3f9d1,delivered,2017-09-10 16:05:31,2017-09-10 16:23:40,2017-09-12 18:49:38,2017-09-13 16:05:47,2017-09-21,30.98,16.54,2,1,47.52,1,1,5.0,1.0,7e310bacb6d127d94f0ee16edda250f5,5013,sao paulo,SP,3.000185185185185,10.329502314814814,0,47.519999999999996
4139faf4f621fe4b49e3e0d71bce665c,c459a3e01cf597d97c9b5c1795852405,delivered,2017-09-10 16:14:45,2017-09-10 16:25:16,2017-09-13 17:42:09,2017-09-16 14:27:54,2017-09-22,76.8,17.12,2,1,93.92,5,1,5.0,1.0,6541e9e4338ae47c96d25fa8d839efd1,4847,sao paulo,SP,5.925798611111111,11.323090277777778,0,93.92
d4732fc61490420e42d4dbdce8c3c6bf,b1889da1a2d08df1a9d506efbf11784c,delivered,2017-09-10 16:28:07,2017-09-12 07:45:07,2017-09-12 19:43:43,2017-09-23 13:40:05,2017-09-29,89.0,21.42,1,1,110.42,4,1,4.0,1.0,ef877ec0a5efd176c1717e9c732d0bea,64023,teresina,PI,12.883310185185184,18.313807870370372,0,110.42
5251ac9886fbf2953b24c9f45364837e,530f1a953a4e313fbe3b5c81edebf793,delivered,2017-09-10 16:30:16,2017-09-10 16:43:26,2017-09-11 20:03:23,2017-09-16 16:27:47,2017-10-10,39.5,15.1,1,1,54.6,2,1,5.0,1.0,a730ad9267cedcf638ac302cb101dc1c,88310,itajai,SC,5.998275462962963,29.312314814814815,0,54.6
f3e92f44e615fe19fd17a8c517224040,b2c9e4e33013d7ebd1fe68e94efc16d7,delivered,2017-09-10 16:33:49,2017-09-11 16:25:26,2017-09-12 15:39:58,2017-09-18 15:02:57,2017-10-03,34.9,16.79,1,1,51.69,5,1,5.0,1.0,41e3c68264f86d0b5e3650e3ed2ff8d9,44780,antonio goncalves,BA,7.936898148148148,22.30984953703704,0,51.69
d76473e476b8f58cf984cd8208c9a987,8a177e6f31f93315bbd72a15fbffc5e5,delivered,2017-09-10 16:35:40,2017-09-12 04:23:55,2017-09-13 12:57:43,2017-09-18 20:14:05,2017-09-27,29.9,12.69,1,1,42.59,1,1,5.0,1.0,d308bb317027c30e3f32b7c9471a3fe0,13569,sao carlos,SP,8.151678240740742,16.308564814814815,0,42.589999999999996
c599664a92ecfccd2ba5b5e7d4f91fb0,32922171fd468b3f070fd758d7fd1f26,delivered,2017-09-10 16:38:23,2017-09-12 04:35:31,2017-09-12 21:42:03,2017-09-14 16:54:28,2017-09-21,179.99,8.51,1,1,188.5,1,1,5.0,1.0,eb6d74ae020275124bcf8e38fa6de2f2,7210,guarulhos,SP,4.0111689814814815,10.306678240740741,0,188.5
350600c11f111d462b138f8e6d1a36e7,0fb5021bb0f0d46a5a11c1a668931be1,delivered,2017-09-10 16:39:48,2017-09-12 04:15:37,2017-09-15 19:03:41,2017-09-30 12:47:14,2017-09-27,99.9,16.33,1,1,116.23,1,1,4.0,1.0,b8b693fedb201e6631c8332f37f717a2,13871,sao joao da boa vista,SP,19.83849537037037,16.305694444444445,1,116.23
f3b7643e42ed973c3f506f7ba18a6723,a14924ce978973b7ad6127c0115d3aaa,delivered,2017-09-10 16:51:58,2017-09-10 17:04:32,2017-09-13 11:36:54,2017-09-15 17:37:48,2017-09-28,59.99,14.01,1,1,74.0,2,1,5.0,1.0,e8bf6db2cc8a96abd07ec7c5ae755f40,27700,vassouras,RJ,5.031828703703703,17.29724537037037,0,74.0
50ce8749a5de60da0378aedfa46c1e6d,64cd9338d3ef094dd406d660f738e7e3,delivered,2017-09-10 16:58:59,2017-09-10 17:10:16,2017-09-13 16:28:48,2017-09-28 16:38:08,2017-10-05,119.9,18.09,1,1,137.99,10,1,5.0,1.0,f22107767172fbb6d8b0fb8b2229522f,26600,paracambi,RJ,17.985520833333332,24.292372685185185,0,137.99
9bfa09357a0c7484a58b24bc8688f9ae,ed324391931f8cdefde889b97c58a9ef,delivered,2017-09-10 17:05:33,2017-09-10 17:23:37,2017-09-11 13:34:14,2017-09-18 15:41:41,2017-09-21,22.9,8.27,1,1,31.17,2,1,4.0,1.0,347fc6debafd316e515c9cda3a1baab1,5783,sao paulo,SP,7.94175925925926,10.2878125,0,31.169999999999998
77af7c0b651686586766ad39c110536a,dc5691f472afce37cc972599ed3d9c72,delivered,2017-09-10 17:11:38,2017-09-10 17:30:17,2017-09-11 13:43:40,2017-09-18 19:14:53,2017-10-03,69.9,15.24,1,1,85.14,1,1,4.0,1.0,c61749ca6db1c427aafc3f4345d79f35,13323,salto,SP,8.085590277777778,22.28358796296296,0,85.14
c18ddf35acd22ea390ff66a9edc66d8e,25b19669d19a5e41a97a9b171a7bc396,delivered,2017-09-10 17:19:16,2017-09-10 17:30:23,2017-09-11 19:17:42,2017-09-18 19:59:40,2017-09-29,29.1,18.89,1,1,47.99,1,1,5.0,1.0,2b39761173a64ff7628b029fb7fdcf98,73270,brasilia,DF,8.11138888888889,18.278287037037035,0,47.99
9f8ccad2702a1ddd203c159ba49e3018,dc785164d7124591a6e0088fb6c62f61,delivered,2017-09-10 17:28:12,2017-09-10 17:43:51,2017-09-12 20:49:35,2017-09-19 16:54:07,2017-10-03,79.9,17.81,1,1,97.71,4,1,4.0,1.0,ec52b1faabdbf0cada253810b289d48f,12223,sao jose dos campos,SP,8.976331018518518,22.272083333333335,0,97.71000000000001
e5fa00efafb88eb508afaa778eae8a6a,aafee009036396873b555eee8c05aa62,delivered,2017-09-10 17:33:47,2017-09-10 17:45:12,2017-09-18 20:33:26,2017-10-09 19:00:20,2017-10-10,249.99,27.03,1,1,277.02,4,1,5.0,1.0,967637ba902e29d1d8937a392b3424f5,56280,araripina,PE,29.060104166666665,29.26820601851852,0,277.02
ec38e40a750810e337a528576f0090e7,1612f32963e9825da1018976d1c9e8fc,delivered,2017-09-10 17:36:43,2017-09-10 17:50:36,2017-09-11 21:25:38,2017-10-11 14:17:03,2017-10-05,82.99,19.82,1,1,102.81,2,1,2.0,1.0,0e2cdea5b5c9dc617ad5a66dea978812,40375,salvador,BA,30.861342592592592,24.26616898148148,1,102.81
1e9cdcfe3bc61780f3fdf2edc4866484,7b9b70fdd60cf1e25bd23cc75f3a1743,delivered,2017-09-10 17:40:51,2017-09-10 17:55:10,2017-09-12 15:57:57,2017-09-18 20:12:56,2017-09-29,79.99,15.31,1,1,95.3,1,1,5.0,1.0,2d7c0a69b3ca118336a1153a6e58caf7,18021,sorocaba,SP,8.105613425925926,18.26329861111111,0,95.3
