order_id,customer_id,order_status,order_purchase_timestamp,order_approved_at,order_delivered_carrier_date,order_delivered_customer_date,order_estimated_delivery_date,gross_merchandise_value,freight_value,item_count,seller_count,payment_value,payment_installments,payment_types,review_score,review_count,customer_unique_id,customer_zip_code_prefix,customer_city,customer_state,actual_delivery_days,promised_delivery_days,is_late,net_revenue
705402bc1d956067338873d414158d09,35a436968e81c497c7f713bac80c42d0,delivered,2018-04-01 00:11:32,2018-04-01 00:31:21,2018-04-03 19:22:47,2018-04-30 16:12:13,2018-04-20,149.9,18.93,1,1,168.83,1,1,1.0,1.0,989d76487f04e6534d02ef3fb5ed0863,24210,niteroi,RJ,29.667141203703704,18.99199074074074,1,168.83
b1a7bd6a9d10076c91e88bc510406b46,042b53f9e609289d8f6fcbd59b4acf63,delivered,2018-04-01 00:27:33,2018-04-02 00:30:00,2018-04-14 00:06:28,2018-04-26 13:04:13,2018-05-07,385.98,129.34,2,1,515.32,5,2,2.0,1.0,f722ff3c670cc731721553596b8de3a8,24451,sao goncalo,RJ,25.525462962962962,35.980868055555554,0,515.32
5297250ba3bfb18713834a6b28d6725d,585908a498f0b6ea9258ab3a3db3a9bc,delivered,2018-04-01 00:35:23,2018-04-03 05:50:30,2018-04-04 20:13:01,2018-04-05 20:59:32,2018-04-12,89.18,8.98,1,1,98.16,1,1,5.0,1.0,df10b23ba2aff9121ec3b133c6b38a10,5010,sao paulo,SP,4.850104166666667,10.97542824074074,0,98.16000000000001
e05885007043bb1e8f723ff2d4f5aa4d,9970950b99d6e4d72f5f8d2843099733,delivered,2018-04-01 00:39:57,2018-04-01 04:10:15,2018-04-03 23:46:33,2018-04-17 00:02:45,2018-04-25,105.0,23.27,1,1,128.27,8,1,5.0,1.0,25de00f20632c107d4fc1a39807b9d27,93260,esteio,RS,15.974166666666667,23.972256944444446,0,128.27
4f76b593a77720e6048225aa1705761e,3a88fb311c3752770c9c01e5e49bd38a,delivered,2018-04-01 01:16:00,2018-04-01 01:55:18,2018-04-03 20:27:31,2018-04-13 06:36:57,2018-04-25,47.9,18.23,1,1,66.13,1,1,5.0,1.0,343692f880d1624aef01a9409daa9fc2,79180,ribas do rio pardo,MS,12.222881944444444,23.947222222222223,0,66.13
54f621bc447961fb6ab19031f7f3051b,5d55f6e348a6670ba7e6973f6dd5a345,delivered,2018-04-01 01:37:16,2018-04-01 02:27:41,2018-04-05 18:18:26,2018-04-07 00:56:36,2018-04-12,29.9,8.29,1,1,38.19,3,1,4.0,1.0,c546454389e6db383531db164a409959,4006,sao paulo,SP,5.971759259259259,10.932453703703704,0,38.19
24dd6883219c3c70aa4d84d059d279a0,17226a88d569de01674b6790dd3d6fbc,delivered,2018-04-01 02:35:02,2018-04-02 02:30:10,2018-04-04 22:16:31,2018-04-21 13:08:40,2018-05-03,550.0,21.73,1,1,571.73,3,1,5.0,1.0,d0f6a442ee95ea8674c2d8ba325f41c0,92500,guaiba,RS,20.44002314814815,31.892337962962962,0,571.73
b324f4270850cbba23533b9a9d3434a9,e9ca879579f4bf6379cc71a0f0d10c2f,delivered,2018-04-01 02:36:48,2018-04-01 03:27:28,2018-04-02 19:05:35,2018-04-03 21:38:39,2018-04-12,117.8,41.3,1,1,159.1,1,1,4.0,1.0,adcbd7364a0b76b4be25551270603452,13084,campinas,SP,2.792951388888889,10.891111111111112,0,159.1
cd6764d145d06aa99b4d3e54afe203b6,358d340407453a509997b8298dc1ef5b,delivered,2018-04-01 02:54:21,2018-04-01 03:27:26,2018-04-02 21:19:24,2018-04-03 23:02:20,2018-04-12,165.75,10.08,1,1,175.83,9,1,4.0,1.0,a928e924ee8eccbcffb327ef266638b5,5816,sao paulo,SP,2.8388773148148148,10.87892361111111,0,175.83
1c8898140458c37fbbf0be37d47193b9,175dd7b2bfca46e0ff5cbca65b9c6e7b,delivered,2018-04-01 05:03:10,2018-04-01 05:15:16,2018-04-05 00:19:13,2018-04-26 22:16:26,2018-05-04,79.9,40.63,1,1,120.53,2,1,5.0,1.0,44631e051ad47014e6da99055ca996b3,45157,candido sales,BA,25.717546296296295,32.789467592592594,0,120.53
a298b9d499a8e4ba3c0fe83ac59a4f7d,a1d58b815a7e373d01a92cfa65fa60fc,delivered,2018-04-01 06:04:03,2018-04-01 06:15:08,2018-04-02 23:28:26,2018-04-04 01:03:25,2018-04-12,13.99,7.39,1,1,21.38,1,1,1.0,1.0,dd029e708cc37a26474bba9aa0e228bf,3257,sao paulo,SP,2.7912268518518517,10.7471875,0,21.38
019edbdfeb6923e55558362c2b84ec37,2ec93611c4a36c30917dcc0ba589d5d9,delivered,2018-04-01 07:31:49,2018-04-03 05:28:16,2018-04-04 18:04:00,2018-04-05 18:58:39,2018-04-13,69.9,8.88,1,1,78.78,1,1,5.0,1.0,fd112c3dfc32899034375e5354cd4bb5,6341,carapicuiba,SP,4.476967592592593,11.686238425925925,0,78.78
17f97d000b0ebd36b6dbdf154b0a3d7f,d9b20c419765754169295dc0aed6da34,delivered,2018-04-01 07:56:54,2018-04-01 08:10:07,2018-04-03 18:08:28,2018-05-02 12:58:39,2018-04-26,67.97,23.41,1,1,91.38,2,2,1.0,1.0,ff9c04f464ea62ad7787a0218336b942,48410,cicero dantas,BA,31.20954861111111,24.668819444444445,1,91.38
cac2c6b6297e3743dc2caecac71350c1,f64607d55a643175674d022b56a62d27,delivered,2018-04-01 07:58:59,2018-04-01 08:10:20,2018-04-04 03:41:12,2018-04-13 22:12:10,2018-04-18,80.99,13.93,1,1,94.92,8,1,5.0,1.0,06fd1118f6adf43bf9aea1c5cae6d0da,13960,socorro,SP,12.592488425925925,16.667372685185185,0,94.91999999999999
14b8a3dec1630400442e5cb91e6a3e38,5ac6f62147fe4ea4d5b0ea4dcc077a09,delivered,2018-04-01 08:04:13,2018-04-01 08:15:20,2018-04-02 22:21:15,2018-04-10 00:11:46,2018-04-23,169.9,19.07,1,1,188.97,3,1,5.0,1.0,b911633d83bef3f58e285eb8e71da54a,38610,unai,MG,8.671909722222223,21.663738425925924,0,188.97
e0006b2f32e1921de703f8b17b01fab9,7da5a479dbe934f13742722cd566b282,delivered,2018-04-01 08:11:02,2018-04-01 08:27:13,2018-04-02 20:19:28,2018-04-06 23:38:25,2018-04-18,262.39,15.93,1,1,278.32,7,1,5.0,1.0,0bc5f4acb2d282f028b1e41623fd468c,15055,sao jose do rio preto,SP,5.644016203703703,16.659004629629628,0,278.32
12fcd7e7ba3b8dbe376fe73f27aa0a94,162ef1573c740876cf3265660c5ce579,delivered,2018-04-01 09:04:32,2018-04-01 09:15:15,2018-04-03 15:12:54,2018-04-18 01:43:27,2018-04-27,59.49,22.13,1,1,81.62,1,1,5.0,1.0,de19887b95fee78cb2d89525e8ceb499,36570,vicosa,MG,16.69369212962963,25.62185185185185,0,81.62
9d158e6d758e314a85584c5a6c9e5b8c,53fb0f39bc6effe2c89be509e2a9f6bf,delivered,2018-04-01 09:13:11,2018-04-01 09:27:16,2018-04-03 14:41:42,2018-04-13 17:56:35,2018-04-18,93.9,14.75,1,1,108.65,2,1,4.0,1.0,4cb03f90958ee63fa3fe34de22a04110,7170,guarulhos,SP,12.363472222222223,16.615844907407407,0,108.65
80c20223fb6b10d7e541a3cf6c5bf673,dd5c09cd7b2c059211d6663ce3c3f4fa,delivered,2018-04-01 09:29:48,2018-04-01 10:10:08,2018-04-02 17:07:25,2018-04-17 12:38:35,2018-04-25,24.9,50.85,1,1,75.75,1,1,4.0,1.0,e6f7a95a474d4f2224834b896c22f66f,85794,alto alegre do iguacu,PR,16.131099537037038,23.604305555555555,0,75.75
ca2d0999ad1d0d4425ca9403c264cc3e,a70354351603c255327b5159c9c3b5ec,delivered,2018-04-01 09:41:11,2018-04-01 09:50:16,2018-04-04 01:40:54,2018-04-11 20:35:32,2018-04-26,95.0,18.55,1,1,113.55,2,1,5.0,1.0,a559ec236e83919624a319c364dbee39,28300,itaperuna,RJ,10.454409722222222,24.59640046296296,0,113.55
f5564350b619e47f43db5be6a5e9db8c,2a39071dde4051dd748fc79b21d6139b,delivered,2018-04-01 09:50:44,2018-04-01 10:35:09,2018-04-03 21:57:01,2018-04-11 23:44:22,2018-04-18,79.9,13.68,1,1,93.58,3,1,4.0,1.0,c7ba8f9f399ad1f57c6151986e42175d,85819,cascavel,PR,10.578912037037037,16.589768518518518,0,93.58000000000001
08a4c77d9546c8928c3dd4b20da1b773,ced1f9efb99bce461db12904e8c7867b,delivered,2018-04-01 10:00:08,2018-04-01 10:10:08,2018-04-07 01:19:18,2018-04-18 17:14:45,2018-04-24,69.9,19.46,1,1,89.36,1,1,5.0,1.0,cfa94943c5b2949c02d59ea6495cf549,71805,brasilia,DF,17.30181712962963,22.58324074074074,0,89.36000000000001
456ed1919e7baeb18f95d9c1ab8d2cca,125a2560ed26caa1aaa75eebd3f97be1,delivered,2018-04-01 10:01:52,2018-04-03 05:50:29,2018-04-05 22:49:31,2018-04-10 21:37:40,2018-04-18,52.7,15.25,1,1,67.95,1,1,3.0,1.0,c6b2942cded5b2da47e32cf285b6d8b5,13070,campinas,SP,9.483194444444445,16.582037037037036,0,67.95
390e5f12e01c2af04027580e4cdde515,5e2ebf449bbe52d961a2a13e898eb175,delivered,2018-04-01 10:03:01,2018-04-01 10:15:11,2018-04-02 20:52:48,2018-04-23 13:50:58,2018-04-24,189.0,20.01,1,1,209.01,7,1,5.0,1.0,0527504d9e51e19c4f352774078872f0,60349,fortaleza,CE,22.15829861111111,22.581238425925925,0,209.01
304979f072f7041aca154907e01172c4,ce0e1633afe65432677c653bac938c20,delivered,2018-04-01 10:04:18,2018-04-02 07:50:10,2018-04-03 03:03:44,2018-04-10 14:03:55,2018-04-18,109.9,18.85,1,1,128.75,1,2,5.0,1.0,921304187180808f410aba8fe524f13e,13350,elias fausto,SP,9.166400462962963,16.580347222222223,0,128.75
6bb821f726200115364aae8fe1126ee1,a6a1f9463a5d9a2e7e7ce3b654de6780,delivered,2018-04-01 10:30:25,2018-04-01 10:47:21,2018-04-03 15:04:52,2018-04-12 19:08:32,2018-04-18,124.9,14.96,1,1,139.86,2,1,4.0,1.0,6acd5e9c54de6136c22ea8fca27e4338,8142,sao paulo,SP,11.35980324074074,16.56221064814815,0,139.86
546f64a5981ba2d29b0a43a6ab6da440,267145a43451296f39cc6560c50a9f8b,delivered,2018-04-01 10:39:41,2018-04-01 11:27:48,2018-04-02 19:05:19,2018-04-07 15:28:39,2018-04-18,239.0,14.11,1,1,253.11,1,1,5.0,1.0,ef60ef5d0102981aae4326cce20a2582,8451,sao paulo,SP,6.200671296296297,16.555775462962963,0,253.11
9a68458f7da8a7a7b0840286b638dec2,c6009ed886124053d438bda8e7e8e7ca,delivered,2018-04-01 10:46:51,2018-04-01 11:30:09,2018-04-03 19:47:14,2018-04-06 20:47:36,2018-04-19,158.0,13.55,1,1,171.55,3,1,5.0,1.0,81dda950ceecf790dd1d1109177c60ab,13220,varzea paulista,SP,5.4171875,17.550798611111112,0,171.55
02e0c2efb6d9bb2a95ca90b7e78bec1f,0b8eb01b2a378b535126bdf817eb1761,delivered,2018-04-01 10:50:46,2018-04-01 11:07:40,2018-04-03 18:53:38,2018-04-09 18:48:28,2018-04-18,199.95000000000002,63.949999999999996,5,1,263.9,8,1,1.0,1.0,ad7e2fa70d0db12bce950350ebc0e242,13177,sumare,SP,8.33173611111111,16.548078703703705,0,263.90000000000003
1e43c5d72ad6fada7f0db1ca30ea0ab9,39f117fe86a62f63d38a487af97fb68c,delivered,2018-04-01 10:58:14,2018-04-02 10:55:10,2018-04-04 19:21:45,2018-04-24 17:36:28,2018-04-27,143.8,44.49,1,1,188.29,3,1,1.0,1.0,91b74ebd8b2ced8ba380096468c2d1c8,44642,nova fatima,BA,23.276550925925925,25.542893518518518,0,188.29000000000002
1d41ac5f5e6002b984d0c8609f0019e3,4126088d17550e0903988d5f07b65e9f,delivered,2018-04-01 11:08:04,2018-04-01 11:50:16,2018-04-05 21:18:40,2018-04-16 19:08:52,2018-05-02,18.75,19.32,1,1,38.07,1,1,3.0,1.0,64897b2917925a7254a49c92950aaf22,86047,londrina,PR,15.33388888888889,30.536064814814814,0,38.07
7aaf9c17ae408e7a639faf0623c5cc73,b024b90032b9b633d8b0473610701dc9,delivered,2018-04-01 11:11:33,2018-04-03 05:27:47,2018-04-03 20:51:04,2018-04-04 14:26:48,2018-04-12,32.89,14.78,2,2,47.67,1,1,2.0,1.0,dee08f6d91c8a85939d1f694e79d487d,13184,hortolandia,SP,3.1355902777777778,10.533645833333333,0,47.67
7699e05f3c451052397a0248cf24a821,30115ee7a9182b11ce072122a37b6ca4,delivered,2018-04-01 11:12:20,2018-04-01 11:27:43,2018-04-02 18:58:35,2018-04-03 21:04:30,2018-04-16,79.99,8.91,1,1,88.9,3,1,5.0,1.0,8ff5814508a2f80f3e9f6670097d02b2,6784,taboao da serra,SP,2.411226851851852,14.533101851851852,0,88.89999999999999
f2228e3e55ff956909ad7750f08516fd,fb60e1236b474808fc33b9d2bf26d323,delivered,2018-04-01 11:17:22,2018-04-01 11:30:17,2018-04-04 00:47:20,2018-04-11 18:52:20,2018-04-25,149.0,21.96,1,1,170.96,3,1,5.0,1.0,27a79a1c25acfaf04056f8be771fe8b3,89899,ipora do oeste,SC,10.315949074074075,23.52960648148148,0,170.96
80700def3189230fc60069139112527d,f81abf40350b6bbb272cb1e6d923f8a7,delivered,2018-04-01 11:49:03,2018-04-02 17:35:15,2018-04-03 22:12:43,2018-04-23 21:55:31,2018-04-20,135.9,21.88,1,1,157.78,5,1,3.0,1.0,81a212634344b4d455cce18ddc731d4e,29300,cachoeiro de itapemirim,ES,22.421157407407406,18.507604166666667,1,157.78
d43472e081e497455a0b707e249ce567,b2c2afb111af6e0f4fc365860ad22537,delivered,2018-04-01 11:51:21,2018-04-01 12:07:30,2018-04-04 19:58:38,2018-04-16 18:34:45,2018-04-23,95.0,18.97,1,1,113.97,1,1,3.0,1.0,6b93b87b38cd00d88bba92e075330fc7,88111,sao jose,SC,15.280138888888889,21.506006944444444,0,113.97
cfdfa46e2f22c67f26fb469b93b88eee,311065c572524dc5f7364cadecb94bb4,delivered,2018-04-01 11:54:37,2018-04-02 16:53:12,2018-04-04 02:52:26,2018-04-04 20:14:33,2018-04-12,12.99,7.71,1,1,20.7,2,1,5.0,1.0,bb423eb92750d113477a33e380753a70,11700,praia grande,SP,3.3471759259259257,10.503738425925926,0,20.7
a8159270bc9cf7d54450e079ba6b7232,839b3007f7e5aee8f8eb130c8fa51c29,delivered,2018-04-01 11:58:04,2018-04-03 05:35:27,2018-04-03 19:47:10,2018-04-20 20:56:36,2018-04-20,29.99,18.23,1,1,48.22,1,1,5.0,1.0,c767dbe6f331a287a229243814f19e0a,75095,anapolis,GO,19.373981481481483,18.501342592592593,1,48.22
8a8ff2c8a82c73abed3c70e90953f0b2,681d6df6cd2fb282101e845100ff20f0,delivered,2018-04-01 12:00:48,2018-04-01 12:15:09,2018-04-02 16:19:15,2018-04-03 18:47:24,2018-04-12,28.0,7.87,1,1,35.87,1,1,1.0,1.0,f6a553ec911200eec3d9121d0a64bd00,9350,maua,SP,2.2823611111111113,10.499444444444444,0,35.87
2292fcf4509e47c46e20904e756678d3,f9c8bb7616dfb814330708bc943ace1d,delivered,2018-04-01 12:11:55,2018-04-03 05:48:38,2018-04-04 03:37:47,2018-04-07 12:36:30,2018-04-18,427.9,55.53,1,1,483.43,1,1,1.0,1.0,d88ac7d12d517ebf0442f370187012fa,30610,belo horizonte,MG,6.0170717592592595,16.491724537037037,0,483.42999999999995
7c6de5f0eea0d2f823e3dc3dc6e3ef4c,93bfec941b9c7d59bd6bf995d844a214,delivered,2018-04-01 12:30:13,2018-04-01 13:10:10,2018-04-02 13:05:32,2018-04-07 00:38:56,2018-04-19,149.69,32.04,2,2,181.73,4,1,1.0,1.0,ea7fa61f9d7af6938fca0b33fd3a5129,37200,lavras,MG,5.506053240740741,17.479016203703704,0,181.73
8af380f996db86bc8ab5a4c0da0e91ec,48c139b76aea64c5a5f88b4f3bf57ca8,delivered,2018-04-01 12:30:49,2018-04-01 13:10:11,2018-04-02 18:32:35,2018-04-10 22:41:16,2018-05-04,690.0,93.28,1,1,783.28,4,1,5.0,1.0,91ed74cc8fc470081c5b71fe5016c89f,14940,ibitinga,SP,9.42392361111111,32.478599537037034,0,783.28
7f1a31c40930c708c3439ddaff502b79,b4a9a78b5a1cd18b866c9dd6b4055765,delivered,2018-04-01 12:31:35,2018-04-02 12:30:21,2018-04-04 18:42:15,2018-04-05 19:48:30,2018-04-12,29.98,7.39,1,1,37.37,3,1,4.0,1.0,104d7176a59fd82e3c447072c40141d7,9271,santo andre,SP,4.303414351851852,10.478067129629629,0,37.37
8b56c0315e44af9a56cef82dce0aa443,11436d35136d8c9362a1438a71c7f725,delivered,2018-04-01 12:45:59,2018-04-01 12:55:32,2018-04-03 20:04:20,2018-04-09 21:38:40,2018-04-19,122.99,15.74,1,1,138.73,2,1,5.0,1.0,c1188759adf4e4deac0da925124cf631,72405,brasilia,DF,8.369918981481481,17.46806712962963,0,138.73
f783f9fd0c31d9ae64335958eae7389e,ed437019171aeaf2ce8ce508409b2075,delivered,2018-04-01 12:57:16,2018-04-01 13:47:29,2018-04-03 20:48:44,2018-04-04 22:08:38,2018-04-12,199.99,8.26,1,1,208.25,8,1,5.0,1.0,b0824f586ad623e0473a1934d7fab615,6120,osasco,SP,3.3828935185185185,10.46023148148148,0,208.25
c5e0223ff36f3c5128010ee14e7ee6d1,7efb46efa7e2eb3b59708f337033e05e,delivered,2018-04-01 12:58:20,2018-04-01 13:47:30,2018-04-03 20:41:56,2018-04-04 22:12:27,2018-04-17,23.99,8.88,1,1,32.87,1,1,5.0,1.0,17433325740c7c1d33c8eb6dd6eebba3,9350,maua,SP,3.384803240740741,15.45949074074074,0,32.87
3feb755ea67c811b8216af69e346e07c,36d21d1f51cfe61bf8c909d95d93ad3c,delivered,2018-04-01 12:59:43,2018-04-01 13:10:15,2018-04-02 23:04:12,2018-04-03 15:33:47,2018-04-12,48.9,9.26,1,1,58.16,2,1,5.0,1.0,235e55a898e37bf6757bb2c4252043bf,5728,sao paulo,SP,2.106990740740741,10.458530092592593,0,58.16
b382fb5001304e782c71526663c196ce,6ae87ed210775b78ef0c6ae5e585bfbb,delivered,2018-04-01 13:09:16,2018-04-01 13:27:26,2018-04-03 18:37:00,2018-04-04 20:19:04,2018-04-16,115.0,9.16,1,1,124.16,6,1,5.0,1.0,af7749cbb8c4fe7905f1c66011cf67d2,13403,piracicaba,SP,3.2984722222222222,14.451898148148148,0,124.16
718cb93721e3506215a31dae8d73074a,fb257c9f93cfef413f43afb0285a5819,delivered,2018-04-01 13:13:28,2018-04-01 13:30:13,2018-04-04 03:37:51,2018-04-24 19:42:42,2018-04-23,48.0,17.06,1,1,65.06,2,1,5.0,1.0,3071c34c5f96c9c6c64edd9a3adb872d,40296,salvador,BA,23.270300925925927,21.448981481481482,1,65.06
37362a3c12684efebab6305210e3bc06,fd50dd2288c3b379ab9ccb8dd2e421a4,delivered,2018-04-01 13:13:46,2018-04-01 13:30:31,2018-04-03 22:16:53,2018-04-13 17:25:01,2018-04-19,43.0,18.23,1,1,61.23,1,1,5.0,1.0,7f9102abcd4d3ef6284c65f347730f0b,24110,niteroi,RJ,12.174479166666666,17.44877314814815,0,61.230000000000004
7a63a2feab704e71ea9cf2aba2c7bd10,a68b231699b45f44a3e48910c457417e,delivered,2018-04-01 13:15:24,2018-04-03 05:49:06,2018-04-04 18:58:40,2018-04-11 18:15:45,2018-04-23,29.9,16.95,1,1,46.85,1,1,5.0,1.0,095c91ade8bb45b5580606cbed55b04d,80050,curitiba,PR,10.208576388888888,21.44763888888889,0,46.849999999999994
fc7e6d607ce832df24d06b153b3a6c1e,1ac29b36972ba96366742ac84a549569,delivered,2018-04-01 13:18:34,2018-04-01 14:07:37,2018-04-03 02:35:28,2018-04-13 23:12:12,2018-05-04,25.9,19.32,1,1,45.22,2,1,4.0,1.0,2d4bc386c712fbc84247e444323f8ad1,23052,rio de janeiro,RJ,12.412245370370371,32.44543981481481,0,45.22
5598657697983e852a752bb7c10f4d01,fb866358cc889170eb31f05f257e16e4,delivered,2018-04-01 13:28:46,2018-04-01 13:35:24,2018-04-03 19:44:26,2018-04-19 20:22:06,2018-04-19,12.9,15.23,1,1,28.13,1,1,4.0,1.0,82bb03fe517ba388c128ea1ddd264d25,71070,brasilia,DF,18.287037037037038,17.43835648148148,1,28.130000000000003
e4c01d7732af07fff2a3e083d93f0581,d4d1005e3934eff533fddab9afb213cb,delivered,2018-04-01 13:30:48,2018-04-01 13:47:30,2018-04-02 19:12:19,2018-04-03 21:12:01,2018-04-12,39.0,8.29,1,1,47.29,1,1,4.0,1.0,df0f306bf2711486bf3bca6d99801131,5051,sao paulo,SP,2.320289351851852,10.436944444444444,0,47.29
a58d74cd27d1a011ef6d4876466cee70,5b79686b44ff3de0d593d16b9e98484e,delivered,2018-04-01 13:54:37,2018-04-01 14:07:45,2018-04-03 19:44:26,2018-04-12 21:12:11,2018-04-23,11.6,18.23,1,1,29.83,1,1,4.0,1.0,3db3c93c3b1b7e297d823753b18e1faa,89068,blumenau,SC,11.30386574074074,21.420405092592592,0,29.83
e3d01d114807951233b494f5493aec61,6c05608731251484a797757e4f7893e1,delivered,2018-04-01 13:56:48,2018-04-01 14:10:20,2018-04-03 14:56:57,2018-04-07 00:41:59,2018-04-13,32.54,8.88,1,1,41.42,1,1,5.0,1.0,a4a3e59312b3d2a1744a2f46e0541728,2362,sao paulo,SP,5.448043981481481,11.418888888888889,0,41.42
410ff79f9ba04f27006e7f6123bf486c,e8a583567b6f219150acc1406bbe769e,delivered,2018-04-01 14:13:39,2018-04-01 15:08:30,2018-04-04 21:28:30,2018-04-11 21:51:57,2018-04-30,21.0,16.32,1,1,37.32,3,1,5.0,1.0,f99976d1d88d55bc06d73a6067f418d0,34400,raposos,MG,10.31826388888889,28.4071875,0,37.32
fb60bfb1c80eb02d4fc8efef7f25f87a,522a6e7c1f1f992ac81be6abefa46294,delivered,2018-04-01 14:23:43,2018-04-01 14:35:12,2018-04-02 18:28:43,2018-05-09 17:03:22,2018-04-26,139.65,51.48,1,1,191.13,1,1,1.0,1.0,282ebddb3e85120b1652204758fc332b,60055,fortaleza,CE,38.11086805555556,24.40019675925926,1,191.13
aba3d283b846a03d398d549db17b649a,bd7cb78e215c62dd6de90af929ce719b,delivered,2018-04-01 14:31:41,2018-04-03 05:50:28,2018-04-03 22:28:53,2018-04-10 15:58:45,2018-04-18,13.99,12.79,1,1,26.78,1,1,1.0,1.0,5c6869e88d93c5c95f03f7553701861e,15600,fernandopolis,SP,9.060462962962964,16.39466435185185,0,26.78
af090d1b9b5c1f684bc6a48f6525e97c,129f607d343eb76cba304d930ae0312e,delivered,2018-04-01 14:33:03,2018-04-01 14:48:01,2018-04-02 19:48:41,2018-04-21 13:31:07,2018-04-25,19.9,22.85,1,1,42.75,2,1,5.0,1.0,4ea92c59d3168b5bedde71069d1ff6e1,65630,timon,MA,19.95699074074074,23.393715277777776,0,42.75
8f53771a7fcdba0c4033c969cda4724c,6d84f1503898b73420c9416a4a1953ef,delivered,2018-04-01 14:39:36,2018-04-01 15:31:55,2018-04-11 17:19:28,2018-04-16 15:35:46,2018-04-26,122.56,38.8,2,1,161.36,1,1,1.0,1.0,c692c3bf3fdc2dc1fe7d419c727e9ec0,93990,morro reuter,RS,15.03900462962963,24.389166666666668,0,161.36
66d55d4156f12c0517474cdbf5589c56,f646e0b3a9bd8785aa85b0b2b0ed9b38,delivered,2018-04-01 14:43:51,2018-04-01 15:08:33,2018-04-04 11:43:29,2018-04-17 20:32:36,2018-04-25,98.99,23.19,1,1,122.18,1,1,4.0,1.0,518e3cd9ee4c8b1fa38a86815c1141ce,60861,fortaleza,CE,16.2421875,23.38621527777778,0,122.17999999999999
e1edd95bfd88243a6d6b774d8aefe535,5f7d5048f92d15f0ee1ff49d63175577,delivered,2018-04-01 14:44:33,2018-04-02 17:49:17,2018-04-05 00:16:48,2018-04-17 22:34:45,2018-04-27,157.9,23.69,1,1,181.59,4,1,5.0,1.0,3b8bd7043b1c683055e5f4ee7907c607,93224,sapucaia do sul,RS,16.326527777777777,25.385729166666668,0,181.59
72306b6ce07a9860eab715afd663dd73,41dd55a5cc1d3ee4e4cd29c5049078ac,delivered,2018-04-01 14:52:12,2018-04-01 15:08:30,2018-04-05 21:18:39,2018-04-30 14:58:36,2018-05-07,43.5,26.9,1,1,70.4,2,1,4.0,1.0,9366a3ccc524325095786e1844f25bb8,58033,joao pessoa,PB,29.004444444444445,35.38041666666667,0,70.4
0ec09142bbb9fcd661d1d168e66371c4,adaaa45dbbe7db528b046b5d85a75724,delivered,2018-04-01 14:54:46,2018-04-01 15:35:13,2018-04-02 19:48:37,2018-04-11 16:08:44,2018-04-18,110.0,27.04,1,1,137.04,1,1,5.0,1.0,9a29de0495b3024340cc34a5c24539fd,32285,contagem,MG,10.05136574074074,16.378634259259258,0,137.04
9fc6ad47ea55766ef9dc9dd7d2fcf14d,9e9870b09d19b1a033d376d3f383f362,delivered,2018-04-01 14:55:12,2018-04-01 15:47:52,2018-04-04 19:14:53,2018-04-21 18:56:41,2018-04-27,24.99,15.23,1,1,40.22,4,1,5.0,1.0,e6cfb18e210213b9b75898f35b2703e6,94475,viamao,RS,20.167696759259258,25.378333333333334,0,40.22
b3ef7d06bb528982dc6f78f52dc393f4,103d5d5fbfef3c9347a68786a840be96,delivered,2018-04-01 14:57:38,2018-04-01 15:10:15,2018-04-03 23:54:22,2018-04-05 18:51:08,2018-04-12,643.92,12.86,1,1,656.78,1,1,5.0,1.0,648be13c6381102d73cd395d704eb393,8370,sao paulo,SP,4.162152777777778,10.376643518518518,0,656.78
5a40a4c413dcda147caa00259a1732de,8ee43091a5bd2d84955d674d52db3187,delivered,2018-04-01 15:07:00,2018-04-01 15:27:39,2018-04-02 23:27:35,2018-04-04 19:12:44,2018-04-12,13.99,7.39,1,1,21.38,1,1,5.0,1.0,ac043877b374d2a72a1214063b34b215,4842,sao paulo,SP,3.1706481481481483,10.370138888888889,0,21.38
4783ae8bbe76b7f392dcc84c1e17d052,3e8a1ea90b0eb3ccfeb987b81205bc45,delivered,2018-04-01 15:07:28,2018-04-01 15:27:35,2018-04-03 18:36:55,2018-04-04 20:52:58,2018-04-12,28.0,8.29,1,1,36.29,1,1,5.0,1.0,835e7854d4c6aced3451a4cfe1ec5864,1233,sao paulo,SP,3.2399305555555555,10.369814814814815,0,36.29
7fa33625c8f2f1261457912cf60077ad,5a15f2faee1402a7a587641c107b5e10,delivered,2018-04-01 15:17:56,2018-04-01 15:30:09,2018-04-03 14:32:59,2018-04-10 00:37:36,2018-04-23,59.9,23.0,1,1,82.9,1,1,5.0,1.0,6766edce443258b3bd49f1dddd519d42,80710,curitiba,PR,8.388657407407408,21.362546296296298,0,82.9
a1a5a93917c05f8f0a018f68e63a8f52,b3e54faf12368511ce322a3ef8675bab,delivered,2018-04-01 15:20:06,2018-04-01 15:35:13,2018-04-02 17:56:26,2018-04-09 11:51:50,2018-04-25,26.86,18.23,1,1,45.09,1,1,5.0,1.0,6116f84c2f2d5f1b413c44f9df6029c2,82510,curitiba,PR,7.855370370370371,23.361041666666665,0,45.09
8e47a04b25d7a7075064e8e0bd2e0318,6809c387b18253d7e92f69dbecac26ca,delivered,2018-04-01 15:25:27,2018-04-01 15:47:52,2018-04-04 19:34:29,2018-04-05 20:36:42,2018-04-12,29.9,7.71,1,1,37.61,1,1,5.0,1.0,7602a5a3d9acc46b565e9c6551c8f494,5422,sao paulo,SP,4.216145833333333,10.35732638888889,0,37.61
1a7a8e3660a0903b0d7c43928700edb1,dae5221bda68a557972606b040facf0f,delivered,2018-04-01 15:27:20,2018-04-01 15:47:52,2018-04-03 19:58:42,2018-04-09 20:28:27,2018-04-18,168.0,13.62,1,1,181.62,1,1,5.0,1.0,f5dab8ccbb67753f6cff469746dac6c8,8471,sao paulo,SP,8.209108796296297,16.356018518518518,0,181.62
6e8cdfac9a1f0a25230f4624a4d707f3,1c1569d6c160dbc103b50392ba28a01b,delivered,2018-04-01 15:34:09,2018-04-03 05:10:25,2018-04-03 21:44:16,2018-05-03 14:58:30,2018-05-24,79.0,75.99,1,1,154.99,1,1,3.0,1.0,729a59b181cce9bfc29fb9e351b740f7,68900,macapa,AP,31.975243055555556,52.351284722222225,0,154.99
ed7646bd67d7f803bfe1d24cc78cd827,a8f61973eedaf5f3ca7ad94a31619ed0,delivered,2018-04-01 15:51:53,2018-04-01 16:08:32,2018-04-03 18:14:36,2018-04-16 14:12:15,2018-04-18,69.9,16.18,1,1,86.08,4,1,5.0,1.0,4dc7a7dd7dd952e7c491d95a7cc3668b,11740,itanhaem,SP,14.930810185185186,16.338969907407407,0,86.08000000000001
c5e8cbed3be23c7ede875b40cba35527,477008aed7b2d717c7eb1cae190cc9c4,delivered,2018-04-01 16:07:07,2018-04-01 16:27:35,2018-04-04 01:28:42,2018-04-18 16:36:37,2018-05-08,52.5,18.25,1,1,70.75,2,1,5.0,1.0,9419615f7054217056269d2acf70dac6,20510,rio de janeiro,RJ,17.02048611111111,36.3283912037037,0,70.75
3d7de5d37ece096e7130ead701ee9951,3b874b39bd08789334887fe3a96619af,delivered,2018-04-01 16:12:42,2018-04-01 16:27:31,2018-04-04 22:16:35,2018-04-24 09:58:36,2018-05-02,550.0,21.73,1,1,571.73,8,1,4.0,1.0,7474c50d56685370c23b5d47593d8ce9,85884,medianeira,PR,22.74020833333333,30.324513888888887,0,571.73
3cea94817a51f34aa5937784fb4a3219,20b927d23e84dfaa333eb4aea6615084,delivered,2018-04-01 16:13:26,2018-04-01 16:30:16,2018-04-02 18:21:51,2018-04-06 21:32:35,2018-04-19,439.65,20.96,1,1,460.61,1,1,4.0,1.0,0cc2c169569fd06473481e06325a5321,31744,belo horizonte,MG,5.221631944444445,17.32400462962963,0,460.60999999999996
113e0c165fdf93f9e1017dae01292548,8ed69cbab6a80fa4eb8ccb13bee2e667,delivered,2018-04-01 16:19:09,2018-04-01 16:35:18,2018-04-02 19:34:51,2018-04-03 21:33:02,2018-04-13,59.99,8.88,1,1,68.87,3,1,5.0,1.0,d8b99bd114714cef156bdc66db7bce15,5087,sao paulo,SP,2.217974537037037,11.320034722222223,0,68.87
cf891dfddefcb0fd6ebc574e0cc67846,b06c4f866065a1ea965b64e127cbf6b9,delivered,2018-04-01 16:29:59,2018-04-01 16:47:43,2018-04-03 19:25:52,2018-04-13 15:19:19,2018-04-25,12.65,18.23,1,1,30.88,1,1,5.0,1.0,f848cd3245c68b5d3a8f85c40dbf5af8,89300,mafra,SC,11.950925925925926,23.312511574074072,0,30.880000000000003
e914223bd5011825c70d0c53ff6a53d0,7ff9db4f2c30ad9517c3540905c3203f,delivered,2018-04-01 16:31:55,2018-04-01 17:15:12,2018-04-02 20:36:57,2018-04-04 15:28:38,2018-04-12,68.0,8.29,1,1,76.29,1,1,4.0,1.0,81eb2077986bca5eba40d0796490073a,9175,santo andre,SP,2.956053240740741,10.311168981481481,0,76.28999999999999
a1e8024052c308f63ca46229c6427598,eac5ce6f02a3490935333a3b472dd778,delivered,2018-04-01 16:39:09,2018-04-01 17:27:42,2018-04-05 20:23:21,2018-04-06 18:54:35,2018-04-12,27.99,7.39,1,1,35.38,1,1,5.0,1.0,778f3fa51d8cfe7ff150432ebdf9bb72,4750,sao paulo,SP,5.094050925925926,10.306145833333334,0,35.379999999999995
b0b4242ea30f1052f0ab645adc53e415,2db53092fc4dd9c063d54cf52c0d68b8,delivered,2018-04-01 16:39:31,2018-04-01 17:28:12,2018-04-03 16:18:25,2018-04-30 14:47:24,2018-04-19,149.9,21.97,1,1,171.87,2,1,1.0,1.0,4ebfd10a85099b098816cbbca0604b59,32044,contagem,MG,28.922141203703703,17.305891203703705,1,171.87
5ed3ec02627cdee4cc803950b95aaf02,62ccb3e4d92ff9d183f032bbcc727821,delivered,2018-04-01 16:45:02,2018-04-01 17:30:16,2018-04-03 18:36:58,2018-05-02 19:52:07,2018-04-19,28.0,12.79,1,1,40.79,1,1,1.0,1.0,3e13d95b101d8111c3a45a6bcb9d5761,37540,santa rita do sapucai,MG,31.12991898148148,17.302060185185184,1,40.79
bd8ff252732819c1375fb43d9c3cf529,3ff6172542ecaff2e23fbb3c5396dde4,delivered,2018-04-01 16:46:20,2018-04-01 17:30:17,2018-04-03 17:44:22,2018-04-13 21:24:59,2018-04-26,49.9,31.0,1,1,80.9,1,1,5.0,1.0,5d3dfd890c69a21b2d4b7602814c71de,46800,ruy barbosa,BA,12.193506944444444,24.30115740740741,0,80.9
44aa65e291ac11fe59f9f4b622c408c8,d258e855035fb7cfc8a3251229cf0e0a,delivered,2018-04-01 16:51:42,2018-04-03 05:35:18,2018-04-03 22:40:38,2018-04-17 22:43:31,2018-04-20,23.8,17.06,1,1,40.86,1,1,5.0,1.0,5eccc58e102ec16e965a9f1c1c36c663,29055,vitoria,ES,16.24431712962963,18.297430555555554,0,40.86
251de75257803bd25352975324ff2c64,65e444319579c6e8203cc88c1b8572d6,delivered,2018-04-01 16:53:25,2018-04-01 17:35:10,2018-04-03 14:48:39,2018-04-06 17:22:07,2018-04-18,40.0,13.47,1,1,53.47,2,1,5.0,1.0,c50188399fc7c65fa9fc61ae84c4cddd,38755,lagoa grande,MG,5.019930555555556,16.296238425925925,0,53.47
e21a80eea8af4c40c61e96affe0f3a83,c0286f3854eb1f1aabe4cf44e9724348,delivered,2018-04-01 17:10:55,2018-04-01 17:27:49,2018-04-02 23:03:15,2018-04-04 00:58:53,2018-04-12,21.99,7.39,1,1,29.38,2,1,1.0,1.0,82e6a6e5f39a19a28f7f98a4fcf1024c,12243,sao jose dos campos,SP,2.3249768518518517,10.284085648148148,0,29.38
3b81c43a73c516855c1f690e280e3466,f3da085c67eb4dcf31e0c457c727744a,delivered,2018-04-01 17:15:00,2018-04-02 17:10:23,2018-04-03 20:22:21,2018-04-05 14:14:51,2018-04-13,75.0,8.88,1,1,83.88,2,1,5.0,1.0,c29b50b505bafb39d2227a97a8ab6f48,1455,sao paulo,SP,3.8748958333333334,11.28125,0,83.88
a3ad5f7522d495d4d61684337167bdf0,970d1d8e9561b6ca86619acdbb7ed338,delivered,2018-04-01 17:22:23,2018-04-01 17:35:09,2018-04-02 19:41:02,2018-04-11 23:15:18,2018-04-23,139.0,54.72,1,1,193.72,1,1,5.0,1.0,e3fea38d149f20b12c98a35ad47df5e4,12232,sao jose dos campos,SP,10.245081018518519,21.276122685185186,0,193.72
90594e2a39ba4a93cae555437837e9a0,57177102f8cf83694e6a7300df6471a3,delivered,2018-04-01 17:28:15,2018-04-01 17:47:49,2018-04-03 20:24:58,2018-04-12 23:52:28,2018-05-10,121.9,18.73,1,1,140.63,8,1,5.0,1.0,f4b66443571595d4b3f236d0952d95c6,22610,rio de janeiro,RJ,11.26681712962963,38.27204861111111,0,140.63
620b3433404a08b299e50c716866a4d1,2177a05cbb649b8d6fde28b55e237a71,delivered,2018-04-01 17:28:50,2018-04-02 17:29:15,2018-04-03 18:48:20,2018-04-12 13:41:41,2018-04-25,131.99,21.37,1,1,153.36,6,1,5.0,1.0,a93d53df97ef9b5c960bfa7bf49605b5,50680,recife,PE,10.842256944444445,23.27164351851852,0,153.36
b63e91fac7037a2bba4fad09acd96691,04497bfb0621c08c82b50b7aa5de95e9,delivered,2018-04-01 17:47:16,2018-04-01 18:30:12,2018-04-02 21:34:50,2018-04-18 13:41:06,2018-04-25,68.99,22.19,1,1,91.18,1,1,3.0,1.0,682e515bc08d5cd4e70322fda54dd095,89340,itaiopolis,SC,16.829050925925927,23.258842592592593,0,91.17999999999999
3311b1573fa138150d43e80f46c7d1cb,e4814f4661ea39bff3e049f5945706cb,delivered,2018-04-01 17:51:21,2018-04-01 18:08:30,2018-04-12 17:09:49,2018-04-14 01:11:53,2018-04-27,89.98,27.48,1,1,117.46,1,1,5.0,1.0,e14f8315da8a00edc21581ff89062dd1,2523,sao paulo,SP,12.305925925925926,25.256006944444444,0,117.46000000000001
f4784cc10b71c854627d55e0f3999ed0,69cf60bf94b939bbffdc94c48bc166ae,delivered,2018-04-01 17:53:49,2018-04-01 18:35:14,2018-04-09 16:15:35,2018-04-10 17:27:23,2018-04-12,316.0,10.57,1,1,326.57,4,1,2.0,1.0,61b25268ca362baae45cc7e38a7bd8e4,7161,guarulhos,SP,8.981643518518519,10.254293981481482,0,326.57
921ccf9b5f8379e9262fabe9b953c55e,33f851c0c106198bcd5a906f28aef4a1,delivered,2018-04-01 17:54:56,2018-04-02 18:52:24,2018-04-03 22:56:51,2018-05-05 16:22:30,2018-04-20,330.0,23.07,1,1,353.07,5,1,3.0,1.0,f37df26d81056b8d7ac3efba580ab962,65067,sao luis,MA,33.93581018518518,18.25351851851852,1,353.07
f2c779d9e158d2f63b66a26883fbedb3,7b0f60c42e336230177a50e06afb66a2,delivered,2018-04-01 17:57:22,2018-04-01 18:10:14,2018-04-05 00:05:21,2018-04-09 21:32:08,2018-04-25,65.0,18.33,1,1,83.33,2,1,3.0,1.0,86132fc897dc1f9fdc537d4e34e9adef,3970,sao paulo,SP,8.14914351851852,23.251828703703705,0,83.33
32de90a35e2a57a276be3e36d3c51ed2,20d3e36b53a68bafc960d7af18c91d85,delivered,2018-04-01 18:05:00,2018-04-01 18:15:17,2018-04-04 18:54:45,2018-04-10 02:32:19,2018-04-30,159.0,34.65,1,1,193.65,2,1,5.0,1.0,3fc87b547ae5ffb957ce62db0f550643,6657,itapevi,SP,8.35230324074074,28.24652777777778,0,193.65
66c8850e9f6bc2f81873165c41901706,b77e9f78e46a3fb8102d77740a2263da,delivered,2018-04-01 18:09:28,2018-04-01 18:27:51,2018-04-02 19:36:42,2018-04-03 12:22:34,2018-04-12,39.9,8.64,1,1,48.54,1,1,5.0,1.0,be03447327b563acc028b3ebd7c95adb,35660,para de minas,MG,1.7590972222222223,10.243425925925926,0,48.54
1fbebbbba3149f89e410951ca531cae2,5b9e676ba4af242f149ba51d095d4f5d,delivered,2018-04-01 18:13:09,2018-04-03 05:50:26,2018-04-03 21:07:22,2018-04-13 23:06:30,2018-04-23,199.9,38.09,1,1,237.99,1,1,4.0,1.0,adda0d6fc1c16cde6a95d6bf6041558f,86084,londrina,PR,12.203715277777778,21.240868055555556,0,237.99
793313d521603b9c7030e6bc60f6c692,363f600ee23c788a5ede814c34bb97c0,delivered,2018-04-01 18:19:53,2018-04-03 05:28:00,2018-04-03 19:41:25,2018-04-09 11:19:49,2018-04-18,99.0,14.05,1,1,113.05,1,1,5.0,1.0,08e5461c0b53fb083f56f9d45a15e12e,13295,itupeva,SP,7.708287037037037,16.23619212962963,0,113.05
7bd0fa6cc96710fda7c735ed00b3c018,d1e368d5d12e0bec75a88b1ac142bc2d,delivered,2018-04-01 18:21:40,2018-04-01 19:08:22,2018-04-02 20:57:43,2018-04-10 15:12:17,2018-04-23,45.0,18.23,1,1,63.23,1,1,5.0,1.0,9f049e0cb6d21a202e2bce512fa8b1d5,12235,sao jose dos campos,SP,8.868483796296296,21.234953703703702,0,63.230000000000004
f1a24be96cc3d824b45822be11fede0d,2623cb3e0c74bcbf6c85f78c0673819e,delivered,2018-04-01 18:21:45,2018-04-01 19:08:20,2018-04-02 19:33:07,2018-04-13 17:31:43,2018-04-26,69.9,23.42,1,1,93.32,4,1,2.0,1.0,a2f2d904d84e1ccd50cbba2b719b42e7,30190,belo horizonte,MG,11.96525462962963,24.234895833333333,0,93.32000000000001
ac64f79a33bfa575fc5a17e7926df3d5,51a8d592336a414fea21f12534b0f797,delivered,2018-04-01 18:27:01,2018-04-02 17:55:24,2018-04-03 18:25:51,2018-04-04 19:47:44,2018-04-12,1099.0,20.6,1,1,1119.6,10,1,3.0,1.0,5a6d092525ea183026c9b405b903fe0c,4363,sao paulo,SP,3.0560532407407406,10.231238425925927,0,1119.6
32c028ae9ea23ed2b32e239ed6b672ee,8144d579d4e4aeb84033488716fcea97,delivered,2018-04-01 18:27:04,2018-04-02 18:29:56,2018-04-05 00:57:23,2018-04-05 17:18:39,2018-04-12,49.9,7.39,1,1,57.29,2,1,4.0,1.0,f461abe0caf9492f5c00ca3d1b39be41,13210,jundiai,SP,3.952488425925926,10.231203703703704,0,57.29
d1f31783129ddeede87b72ab701d0e8a,1665c47e1eecada1c2035122a988cd56,delivered,2018-04-01 18:29:32,2018-04-01 19:10:13,2018-04-02 22:14:22,2018-04-17 16:54:42,2018-04-23,95.9,74.33,1,1,170.23,8,1,4.0,1.0,2d0491ba75aa71e706944001831eadf3,36660,alem paraiba,MG,15.93414351851852,21.22949074074074,0,170.23000000000002
a8a6ba331df6f7b1106abbc30489c428,a2a44c984bec2185bc06c123ec57454f,delivered,2018-04-01 18:33:04,2018-04-01 18:47:52,2018-04-03 18:32:47,2018-05-04 23:13:48,2018-04-30,69.9,25.04,1,1,94.94,2,1,1.0,1.0,d7d6084a07809ee2a00e58005e9469dc,66040,belem,PA,33.1949537037037,28.227037037037036,1,94.94
cd994d365e6a5dcaa94ff5f3fadb0ad8,11ad10d9633e704794cda59de17627f1,delivered,2018-04-01 18:36:29,2018-04-01 19:27:22,2018-04-03 11:58:52,2018-04-08 13:04:52,2018-04-12,503.34,24.88,1,1,528.22,1,1,3.0,1.0,9170e53194feeed9f24bacb5a06ee4aa,8275,sao paulo,SP,6.769710648148148,10.224664351851851,0,528.22
ca2b020221599ee940c1bb5be191cbf9,524cc3abf1a67f7416b27a75f29014ce,delivered,2018-04-01 18:44:24,2018-04-02 17:55:28,2018-04-06 19:16:41,2018-04-30 15:32:11,2018-04-25,299.9,22.47,1,1,322.37,7,1,5.0,1.0,13dae0394fdbb23ddf1d2af7296d1fe5,50720,recife,PE,28.866516203703704,23.219166666666666,1,322.37
26b5660725133bc74bfe584874b637cc,ac221e82c9c26898be3e04caf10ba338,delivered,2018-04-01 18:46:05,2018-04-01 19:08:10,2018-04-02 22:04:45,2018-04-04 17:05:25,2018-04-23,799.0,93.16,1,1,892.16,10,1,5.0,1.0,97b31571caebea17fc4d600e3a24cea6,4726,sao paulo,SP,2.9300925925925925,21.217997685185185,0,892.16
0a75d2b40c23e608bc7bac42a6c8e508,93a5e793bf8dc1e6cac4e312568ed7a6,delivered,2018-04-01 18:47:50,2018-04-02 18:52:17,2018-04-03 17:08:43,2018-04-20 19:42:52,2018-04-18,179.0,27.49,1,1,206.49,4,1,2.0,1.0,e9193f1e273e01ce9161ac51f4043e50,30512,belo horizonte,MG,19.03821759259259,16.216782407407408,1,206.49
c901aee1a796480fc91d75a1214eb170,ae2565b6f785cc90a0c7741e716fefb9,delivered,2018-04-01 18:48:22,2018-04-02 17:49:32,2018-04-05 01:58:38,2018-04-16 23:41:04,2018-05-03,259.8,69.54,2,1,329.34,10,1,1.0,1.0,a7ccca2c97ee77a214c9071225a5bade,21011,rio de janeiro,RJ,15.20326388888889,31.21641203703704,0,329.34000000000003
e57a80c38db54b7ff20c18cfe7bc2840,df845b3bc9b0bfd952ec5ea2ddedc0ce,delivered,2018-04-01 18:56:51,2018-04-01 19:47:29,2018-04-03 20:54:52,2018-04-16 20:50:57,2018-04-19,47.9,19.32,1,1,67.22,3,1,4.0,1.0,82b54c1af06eec9d0c5254370b249919,35162,ipatinga,MG,15.079236111111111,17.210520833333334,0,67.22
dd0772fc1baae39225ffcb43bbb71a99,b117ae6771e4c5db77c8e5c8411ca4ef,delivered,2018-04-01 18:58:17,2018-04-01 19:10:08,2018-04-03 23:46:31,2018-04-11 18:34:36,2018-04-23,105.0,34.27,1,1,139.27,2,1,4.0,1.0,203d5416993fb9e1d8f97d713bd22cbf,28960,iguaba grande,RJ,9.98355324074074,21.20952546296296,0,139.27
a0aef57f230423695817deb4c1b4fe7b,5b5647d181199dd67334fb89f49c1206,delivered,2018-04-01 18:58:56,2018-04-01 19:10:08,2018-04-03 19:10:54,2018-04-05 13:02:32,2018-04-12,12.9,7.39,1,1,20.29,1,1,4.0,1.0,330f1103b8cc5a3fbe42c836f86a9d91,12216,sao jose dos campos,SP,3.7525,10.209074074074074,0,20.29
6c949e670b5d33dc8fb8ad25b6da4860,1f1c7bf1c9b041b292af6c1c4470b753,delivered,2018-04-01 18:59:31,2018-04-02 17:55:19,2018-04-03 19:33:13,2018-04-13 15:11:21,2018-04-24,84.0,18.47,1,1,102.47,10,1,5.0,1.0,3151a81801c8386361b62277d7fa5ecf,95110,caxias do sul,RS,11.841550925925926,22.20866898148148,0,102.47
f315f8fbe6489c99c9e99dcbe52dace4,e8b6e39a1a0c60cf6661a8eaecef524e,delivered,2018-04-01 19:06:02,2018-04-01 19:15:19,2018-04-02 13:18:38,2018-04-07 00:58:39,2018-04-19,118.9,17.74,1,1,136.64,4,1,4.0,1.0,ee24b1378c5c548784515158f298b392,16600,pirajui,SP,5.244872685185185,17.204143518518517,0,136.64000000000001
3b253446924d20b4bb7220dfa7c68149,6e66d1c6c344f7d223bb34a4831c6ecb,delivered,2018-04-01 19:10:56,2018-04-02 19:08:00,2018-04-04 18:06:48,2018-04-12 19:04:11,2018-04-30,199.9,25.56,1,1,225.46,8,1,5.0,1.0,6b8dcda5256375b9362002d57621fa22,98500,tenente portela,RS,10.9953125,28.20074074074074,0,225.46
77543b2e8e994aa61c15ac854bc7a7d8,178c86cf288290286cab5a70b0ca98eb,delivered,2018-04-01 19:11:01,2018-04-01 19:50:10,2018-04-04 02:28:40,2018-04-09 19:28:26,2018-04-18,147.9,14.16,1,1,162.06,2,1,5.0,1.0,0b65eda4e79ea89a005c082b5ffa392a,81830,curitiba,PR,8.012094907407407,16.200682870370372,0,162.06
9c7f8270cfe5b9be15ce3d3bb0309587,4169522a0242bda84c7d1cf08346b964,delivered,2018-04-01 19:12:15,2018-04-01 19:27:32,2018-04-02 15:43:35,2018-04-10 21:27:42,2018-04-20,14.9,17.06,1,1,31.96,1,1,5.0,1.0,4c4e2c1f0c8845929a6ef883c376d81c,88034,florianopolis,SC,9.0940625,18.199826388888887,0,31.96
d6ff82ba1b005fb6c2f1fab4e633b4ae,5606d344886ad3e80b597d6c22f5557d,delivered,2018-04-01 19:13:42,2018-04-01 19:30:21,2018-04-02 21:46:54,2018-04-07 17:38:44,2018-04-19,114.99,19.77,1,1,134.76,1,1,1.0,1.0,848b66a5fc2366f8a7192ea9cc7497b3,1307,sao paulo,SP,5.934050925925926,17.198819444444446,0,134.76
fbc3d892b4dad0fee10db683ae33ec25,cfd94b7371d772037e785dc4dc6d0b41,delivered,2018-04-01 19:17:43,2018-04-01 20:08:26,2018-04-02 20:06:34,2018-04-12 16:51:42,2018-04-24,13.49,18.23,1,1,31.72,1,1,5.0,1.0,75544ab36d8d3de3bf722d17569daab9,76195,cezarina,GO,10.898599537037038,22.196030092592594,0,31.72
d7f0913acbeab2d90a27f737d85a2d7a,723e75dd203b84273f993394259c7c3a,delivered,2018-04-01 19:31:42,2018-04-03 05:28:16,2018-04-04 17:42:55,2018-04-05 18:38:23,2018-04-12,50.0,11.15,1,1,61.15,1,1,4.0,1.0,d180a307dd483eba0582021cc1c591f8,9550,sao caetano do sul,SP,3.962974537037037,10.186319444444445,0,61.15
c943bc78c323d9a46208210c587c2ce4,2f85194b1fd6b4d732bde1d232b172d9,delivered,2018-04-01 19:40:26,2018-04-01 19:50:14,2018-04-03 19:25:55,2018-04-06 20:16:30,2018-04-13,13.65,7.39,1,1,21.04,1,1,4.0,1.0,b4bc615bef0bace4fa6f38365fd8a447,13190,monte mor,SP,5.0250462962962965,11.18025462962963,0,21.04
fea759da1fbb4566e226c7bb2c257a5e,c6f8c11c9f6efe1a3d4f9e5e65d1e01a,delivered,2018-04-01 19:42:09,2018-04-02 19:35:18,2018-04-03 21:05:26,2018-04-16 15:07:50,2018-04-20,987.0,32.99,1,1,1019.99,6,1,4.0,1.0,4ba684652def961d0506bf2409bfa1f5,35057,governador valadares,MG,14.809502314814814,18.1790625,0,1019.99
c2aa77318ccfe5fea754a5d1c2ff1544,9a09e1150a3e2333eb93d3c1612bf15f,delivered,2018-04-01 19:44:52,2018-04-01 20:30:16,2018-04-02 18:58:40,2018-04-06 20:38:25,2018-04-26,179.79000000000002,45.18,3,2,224.97,2,1,1.0,1.0,9fa090c27af98e6e37f23c0cf4feeb14,28893,rio das ostras,RJ,5.0371875,24.177175925925926,0,224.97000000000003
8433606149b115b9f6e1916bdbe08dc4,572637e89769f5b93fbce4dc65c10057,delivered,2018-04-01 19:45:02,2018-04-01 20:30:14,2018-04-04 22:10:53,2018-04-24 04:28:43,2018-04-26,45.0,18.23,1,1,63.23,1,1,4.0,1.0,698118425f0afbd4bee557e51b6bd49b,75955,indiara,GO,22.36366898148148,24.177060185185184,0,63.230000000000004
eb4b336bd21e49c74c82949c6cc43ec6,7ca314e66fa021d631d129468a264024,delivered,2018-04-01 19:47:31,2018-04-01 20:08:24,2018-04-02 16:12:13,2018-04-10 20:21:56,2018-04-23,47.9,18.28,1,1,66.18,1,1,5.0,1.0,6504a0a1834befa804ebdee1f8f22a18,24220,niteroi,RJ,9.023900462962963,21.17533564814815,0,66.18
0f95a7e23723d5388a494f2d812a8332,5f454675eda0812f4ca038d7a6796a38,delivered,2018-04-01 19:50:42,2018-04-01 20:08:34,2018-04-03 21:19:23,2018-04-12 00:24:45,2018-04-25,19.9,15.23,1,1,35.13,1,1,5.0,1.0,22a10db985bf635ffcb7eb3af7d33913,90050,porto alegre,RS,10.1903125,23.173125,0,35.129999999999995
e3c64131d3d2295829639be7b74a6533,462edc38c8e3268231131fbce3347b86,delivered,2018-04-01 19:51:11,2018-04-03 05:49:07,2018-04-04 01:44:43,2018-04-16 18:32:21,2018-05-02,59.0,18.29,1,1,77.29,1,1,5.0,1.0,75dff8d19787e21eca5888a3b2ec5e6b,88930,turvo,SC,14.94525462962963,30.17278935185185,0,77.28999999999999
03e533f76e0f8827796f3d0a45c61dc0,fafd3c824051e968be7f96ab5f6ccd90,delivered,2018-04-01 19:53:37,2018-04-01 20:08:34,2018-04-02 22:56:48,2018-04-11 19:24:32,2018-04-24,18.9,13.47,1,1,32.37,1,1,5.0,1.0,c82e52cd65104e9b85f0eb9e1ecd886e,11442,guaruja,SP,9.979803240740742,22.171099537037037,0,32.37
6fd39a1adde54d0a5e6fe5ddc6c8784a,4e364c106217fcf45f21a4db793866bb,delivered,2018-04-01 19:57:10,2018-04-02 21:28:58,2018-04-13 01:51:10,2018-04-19 16:04:20,2018-04-27,199.0,16.27,1,1,215.27,8,1,5.0,1.0,b18983823f3259d8f50a36496ea84a8d,7990,francisco morato,SP,17.838310185185186,25.16863425925926,0,215.27
5decda9958a3cf3836fb5c0d263cebfb,84ab8f5f83c13a983ca61f97c47b6693,delivered,2018-04-01 19:59:26,2018-04-01 20:47:32,2018-04-02 20:11:33,2018-04-12 15:30:45,2018-04-25,229.8,19.49,1,1,249.29,7,1,5.0,1.0,5d4426f75a3df246c4e069e713ba214b,39835,campanario,MG,10.813414351851852,23.167060185185186,0,249.29000000000002
6d3c3a50a1334e596c7d23901c33a8c7,9ad520fb1900e2aecdd0225e48561116,delivered,2018-04-01 19:59:52,2018-04-01 20:10:19,2018-04-02 15:42:53,2018-04-03 17:37:35,2018-04-26,19.9,7.55,1,1,27.45,1,1,5.0,1.0,12f390e6b055cc6bc0ead9cc118641d9,22620,rio de janeiro,RJ,1.9011921296296297,24.16675925925926,0,27.45
9a948249ff7195c8fcc2817b72ce6ff1,47101f2ce5dbb367947b2bfe806be9be,delivered,2018-04-01 20:00:49,2018-04-01 20:10:20,2018-04-05 17:30:52,2018-04-17 00:05:46,2018-04-23,114.9,26.88,1,1,141.78,2,1,4.0,1.0,50c67ebb7964f7eaa1b1083ffc7c6314,16052,aracatuba,SP,15.170104166666667,21.166099537037038,0,141.78
83a8c8477a4beb1799eeff411ab29c0b,0e4ecac582d45f4fe67305137a662cbc,delivered,2018-04-01 20:02:24,2018-04-01 20:15:24,2018-04-02 22:32:28,2018-04-03 14:56:32,2018-04-12,29.99,7.39,1,1,37.38,3,1,5.0,1.0,220bcdd6ae284ed1a273d99003fa8a0e,4516,sao paulo,SP,1.7875925925925926,10.165,0,37.379999999999995
95d1a834e8bb4b9a9d0135c658fa9fd9,7c575b8659a41d814e8a76f4b91146fa,delivered,2018-04-01 20:02:29,2018-04-02 13:30:13,2018-04-04 18:28:40,2018-04-05 19:24:33,2018-04-12,53.0,7.39,1,1,60.39,1,1,4.0,1.0,f26ee4cddd4ad02b262b34ee93b1c639,11035,santos,SP,3.9736574074074076,10.16494212962963,0,60.39
fbcb36fe4b7d424d65663a88bbe2b24a,0420b6a1368a5577d96402bec1e4bf1e,delivered,2018-04-01 20:05:20,2018-04-01 20:47:40,2018-04-03 21:22:12,2018-04-12 22:49:34,2018-04-19,79.99,13.0,1,1,92.99,6,1,4.0,1.0,fa31ed875f2390194dd2b15f0b3304f5,17210,jau,SP,11.114050925925927,17.16296296296296,0,92.99
0c9ac816534df0e690f513c30e944475,0d874ad5018bc2c80f0c916203e328be,delivered,2018-04-01 20:06:55,2018-04-01 20:15:27,2018-04-03 11:58:51,2018-04-13 16:11:53,2018-04-23,326.16,40.02,1,1,366.18,2,1,5.0,1.0,713d61d85f528baa962ff38d3351fa35,81830,curitiba,PR,11.836782407407407,21.161863425925926,0,366.18
cee4376822a28a33c40779ddfceee1eb,f0701f9bcb661ec085785e64c8cfda3d,delivered,2018-04-01 20:08:02,2018-04-01 21:48:14,2018-04-02 16:46:58,2018-04-12 13:20:48,2018-04-20,599.9,23.17,1,1,623.07,1,1,5.0,1.0,3059f5eecf6b73268fc7cf0ce24f1767,5797,sao paulo,SP,10.717199074074074,18.161087962962963,0,623.0699999999999
5ac6fb158e2f86376ad4f890ab300aad,68027fa28677c1800203d22af1ed6b51,delivered,2018-04-01 20:09:36,2018-04-01 20:27:46,2018-04-02 22:04:34,2018-04-03 14:22:27,2018-04-12,109.9,8.53,1,1,118.43,1,1,5.0,1.0,02a0e3c6bcfdfcbecbc4268ef3797863,13087,campinas,SP,1.758923611111111,10.16,0,118.43
fa5bc8d649e12c05e6e39015325ae564,1ab5665678fec99c775f56b3a801d71e,delivered,2018-04-01 20:10:24,2018-04-03 17:15:19,2018-04-05 18:03:30,2018-04-12 19:42:00,2018-04-18,129.9,14.27,1,1,144.17,1,1,5.0,1.0,ad69520d7f31f5270e5d4fdf5a2da774,19274,primavera,SP,10.980277777777777,16.159444444444443,0,144.17000000000002
4b831e2d8329f605574def6a9e47d65f,2d8fb851ae0bb19c4ffedc1939b9559f,delivered,2018-04-01 20:17:21,2018-04-01 20:30:13,2018-04-02 19:28:56,2018-04-16 21:24:39,2018-05-04,300.0,68.47,1,1,368.47,5,1,5.0,1.0,da4ea1f9cbd08194b42f2f8278b16225,20785,rio de janeiro,RJ,15.04673611111111,32.15461805555555,0,368.47
823e8a998c065938c05f4302610c3a5d,fd1dd010106ac6f84273fe976a08e6bf,delivered,2018-04-01 20:18:06,2018-04-01 20:27:42,2018-04-06 19:42:02,2018-04-10 10:28:59,2018-04-19,79.0,25.14,1,1,104.14,1,1,4.0,1.0,60af18e2b219938a9c9755aa018cd46c,13088,campinas,SP,8.590891203703704,17.154097222222223,0,104.14
a75a2f7097d488d3e5c5709a05e32430,edd7a406d1ce9943ccc342f98d545907,delivered,2018-04-01 20:22:36,2018-04-01 20:35:15,2018-04-03 04:19:09,2018-04-13 23:41:50,2018-04-12,39.99,7.39,1,1,47.38,4,1,5.0,1.0,fa701e4c42fa7f213bb7216c9361721b,3983,sao paulo,SP,12.138356481481482,10.150972222222222,1,47.38
123bea8dab4550ec2592468bff3e0866,936ba96509c9bd5b74f051c834d1fda3,delivered,2018-04-01 20:26:00,2018-04-01 21:10:27,2018-04-04 18:34:53,2018-04-06 18:07:47,2018-04-13,84.89,7.94,1,1,92.83,1,1,5.0,1.0,6316cfb9fc33f7962f7459a3bc144a89,4087,sao paulo,SP,4.904016203703704,11.14861111111111,0,92.83
3b403954bc51826b0abdd90bcf1e379a,191cdad35845b53e9b337d97ff921759,delivered,2018-04-01 20:29:00,2018-04-01 20:47:33,2018-04-03 18:57:24,2018-04-06 20:21:03,2018-04-12,69.9,12.43,1,1,82.33,1,1,5.0,1.0,261d11f936ebdeae709e01a0ee364cfd,4581,sao paulo,SP,4.994479166666666,10.146527777777777,0,82.33000000000001
388d683431db37774946413cbb22210b,86a37dbd4b61a93b6fb20527263bca1d,delivered,2018-04-01 20:29:54,2018-04-01 20:47:31,2018-04-03 20:03:31,2018-04-05 13:32:22,2018-04-12,90.99,7.5,1,1,98.49,1,1,1.0,1.0,17029a65a832ac0a58da6ef9df2fa900,4524,sao paulo,SP,3.710046296296296,10.145902777777778,0,98.49
3c0a214a5ba7ab90427502f4d578b659,eee1fb0fa6908e9fe26266ba3b149653,delivered,2018-04-01 20:34:04,2018-04-03 05:50:23,2018-04-05 03:07:44,2018-04-11 20:08:39,2018-05-15,39.0,22.93,1,1,61.93,1,1,3.0,1.0,a296002504547e167a6167985e3fb7a5,96930,candelaria,RS,9.982349537037036,43.14300925925926,0,61.93
3bf4ed8507baa998f5cbeb2e65d6e6f8,a205407473078b5529f6654ae2d88729,delivered,2018-04-01 20:40:32,2018-04-02 22:50:18,2018-04-03 21:14:28,2018-04-09 21:24:41,2018-04-24,289.9,19.91,1,1,309.81,5,1,5.0,1.0,dee7189ff497ea5803772e8a5c93db0c,35500,divinopolis,MG,8.030659722222222,22.13851851851852,0,309.81
47e1801bc1f8eddb9969bf5fd8563712,2baba98379e3fb1bab9d4feba6b83503,delivered,2018-04-01 20:44:55,2018-04-01 20:55:39,2018-04-03 19:47:10,2018-04-07 20:16:31,2018-04-25,295.0,42.83,1,1,337.83,1,2,5.0,1.0,1ca5d77598d8df8a19d74f06fe3ccea0,17522,marilia,SP,5.980277777777777,23.135474537037037,0,337.83
ac48e79befd4d8cbfb58047dde3e43cf,4d95310e7834918e1575b9e9e456bafd,delivered,2018-04-01 20:47:22,2018-04-01 21:30:26,2018-04-02 18:11:18,2018-04-07 12:41:03,2018-04-20,358.79999999999995,138.0,6,1,496.8,10,1,1.0,1.0,73a218a376e1c8e6a31799484fe514b8,30535,belo horizonte,MG,5.662280092592592,18.133773148148148,0,496.79999999999995
936b4373e24da12fc2004771e195d067,3380512361877970c0258c1dd577709e,delivered,2018-04-01 20:47:51,2018-04-02 07:48:24,2018-04-03 19:23:32,2018-04-04 20:39:19,2018-04-16,115.0,9.16,1,1,124.16,1,2,3.0,1.0,fef9f73a8d678a845b1778cd231b987f,3040,sao paulo,SP,2.994074074074074,14.1334375,0,124.16
e4c509134655c5ab30ba6d298fc5d216,ea269dfe69d1f52cbdcb490f3960d902,delivered,2018-04-01 20:55:06,2018-04-03 05:28:24,2018-04-04 18:58:39,2018-04-06 19:02:20,2018-04-12,29.9,7.87,1,1,37.77,1,1,5.0,1.0,a0b4263d0f1978cc8d447c98e50f6118,13070,campinas,SP,4.9216898148148145,10.128402777777778,0,37.769999999999996
f6d1b6b0b6f93eab6bdf97aea6a0b7ef,a0cca9f716d7146230d6bfa0bd186e43,delivered,2018-04-01 20:56:01,2018-04-03 05:10:36,2018-04-03 22:57:57,2018-04-21 17:58:21,2018-04-24,9.9,18.23,1,1,28.13,1,1,5.0,1.0,087b21f84e28600674e00ecca7629423,89227,joinville,SC,19.87662037037037,22.127766203703704,0,28.130000000000003
d80b6cf3c5089af37bc9dae7cbafc3b7,bd578b82a00259e0967261b85a0d3f7c,delivered,2018-04-01 20:56:06,2018-04-01 21:10:25,2018-04-03 23:46:30,2018-04-10 00:03:38,2018-04-26,67.9,13.6,1,1,81.5,2,1,4.0,1.0,560a4662eb4a058fa759def32ff39feb,9260,santo andre,SP,8.13023148148148,24.127708333333334,0,81.5
b5af0ae994e0a12e8246da3f7170f54e,e9cecf8cb178c26ebbe032e7836221da,delivered,2018-04-01 20:58:48,2018-04-01 21:10:25,2018-04-03 12:04:40,2018-04-06 23:06:45,2018-04-18,139.0,23.83,1,1,162.83,2,1,5.0,1.0,39e415a986e7e6fe1d19d29947cc27bd,37014,varginha,MG,5.088854166666667,16.125833333333333,0,162.82999999999998
23d0c6798618d5bfc02a9d517e79a641,437fd71bb6a1f6fae1a78eab396ecc2e,delivered,2018-04-01 21:01:06,2018-04-01 21:48:13,2018-04-02 16:19:14,2018-04-04 02:55:27,2018-04-12,27.9,7.87,1,1,35.77,1,1,4.0,1.0,fb927b0b2ddb2d2bffb5076119a8bc13,8280,sao paulo,SP,2.246076388888889,10.124236111111111,0,35.769999999999996
bbf778080cc883a8de2e500c0e490c75,437c6e906ba1e09eacb6d28d1de3f061,delivered,2018-04-01 21:03:55,2018-04-01 21:15:10,2018-04-02 19:33:05,2018-04-10 22:58:42,2018-05-08,148.0,22.75,1,1,170.75,2,1,3.0,1.0,09e9dc48aef9cb76de884bbbb8adf731,28895,rio das ostras,RJ,9.079710648148149,36.12228009259259,0,170.75
fee5caa0bafc2ce76161488d400a7c12,a3428826c15d1fa3148d20ab899e569e,delivered,2018-04-01 21:11:45,2018-04-01 21:27:53,2018-04-02 21:42:15,2018-04-07 17:12:20,2018-04-25,199.9,17.37,1,1,217.27,2,1,5.0,1.0,b3867eacb515dc0d32f7bc208bb6875c,91310,porto alegre,RS,5.833738425925926,23.11684027777778,0,217.27
693c482b69198a2297a3b61befcd3890,01cd5f54498033a3b4820866458145e4,delivered,2018-04-01 21:14:11,2018-04-01 22:10:26,2018-04-05 21:12:26,2018-04-10 20:08:41,2018-04-19,64.0,23.03,1,1,87.03,1,1,5.0,1.0,3f67fef59c17078c2143f42c7978bdac,12010,taubate,SP,8.954513888888888,17.115150462962962,0,87.03
702019955fa998a0414ab1d64a9984e6,584bf232568cdc865dbce9805fae40bb,delivered,2018-04-01 21:17:30,2018-04-01 21:30:26,2018-04-03 20:48:46,2018-04-10 22:23:32,2018-04-20,279.8,16.84,1,1,296.64,8,1,3.0,1.0,2e47587263901bab0b00e50b3ea55349,72641,brasilia,DF,9.045856481481481,18.11284722222222,0,296.64
73ab3121732a6b5bd3e8ad44c1d81c57,865395e6b73024ab6ff3d333f1012f6a,delivered,2018-04-01 21:17:46,2018-04-01 21:30:21,2018-04-02 21:08:40,2018-05-03 23:31:34,2018-04-20,30.0,18.23,1,1,48.23,3,1,1.0,1.0,5848e7abc5986b65cfa8f4fb0bc9a27d,29164,serra,ES,32.09291666666667,18.112662037037037,1,48.230000000000004
47c7065d871347ee5eecfddf704fb767,9302bde5262126fe133c527b3736f823,delivered,2018-04-01 21:22:23,2018-04-02 15:11:54,2018-04-04 19:50:52,2018-04-09 18:19:14,2018-04-23,58.9,15.29,1,1,74.19,1,1,5.0,1.0,82f4c5b067567555f5786a751bfe81ab,13070,campinas,SP,7.8728125,21.109456018518518,0,74.19
de91fc52c5e64360685e51f75ceeeb2c,7b7c12e64b5479d94289a5773a0a1cd7,delivered,2018-04-01 21:25:00,2018-04-02 08:29:08,2018-04-03 18:03:07,2018-04-23 18:05:26,2018-05-08,194.0,39.41,1,1,233.41,4,1,4.0,1.0,e645249b9f48b351863e2789a0a72ff0,68554,redencao,PA,21.861412037037038,36.107638888888886,0,233.41
e2fca022373f1b683cf49d41e76ec1e8,e6428b88ea8513d718bb4199f280cd77,delivered,2018-04-01 21:29:34,2018-04-02 21:28:58,2018-04-03 20:58:26,2018-04-05 23:18:46,2018-04-26,85.5,22.31,1,1,107.81,2,1,5.0,1.0,003800162424b7b5b3d75c9cf22a66e7,44059,feira de santana,BA,4.075833333333334,24.10446759259259,0,107.81
ebca4856d6b3b849437fe99d11633d25,4e38e9f25b539d9529b38fef4e62b3d4,delivered,2018-04-01 21:29:36,2018-04-01 22:10:32,2018-04-05 18:42:34,2018-04-30 20:39:38,2018-04-24,114.9,23.73,1,1,138.63,4,1,3.0,1.0,af9cbc9f65b6e6d3b1f45eb5d748416f,40050,salvador,BA,28.965300925925927,22.104444444444443,1,138.63
8336334036e8b201a6013cebe4ef9d07,4b8954ec75ed3498135a9aa782a73621,delivered,2018-04-01 21:31:37,2018-04-02 21:30:15,2018-04-04 17:36:37,2018-04-07 17:19:50,2018-05-09,35.99,15.2,1,1,51.19,1,1,5.0,1.0,1af3dcbc89998031651925e3994eab18,3335,sao paulo,SP,5.825150462962963,37.103043981481484,0,51.19
58215b0c6543fc7be2557b0defb786d1,55006617698ed79ccd65eae5281c0a42,delivered,2018-04-01 21:39:03,2018-04-03 05:30:11,2018-04-04 01:06:42,2018-04-05 19:22:07,2018-04-17,41.99,7.39,1,1,49.38,1,1,5.0,1.0,baf77acc099b750351155bef36390b8d,13425,piracicaba,SP,3.9049074074074075,15.097881944444444,0,49.38
5ecd7af8497c9aeba11b9f0c79c0b466,69c47fa9916a4e82ac61f93d8e822935,delivered,2018-04-01 21:40:16,2018-04-01 21:50:23,2018-04-02 19:41:55,2018-05-08 09:23:41,2018-05-04,79.9,23.14,1,1,103.04,2,1,2.0,1.0,506f2b94a3aaabfc37f9904ac9b8c064,21061,rio de janeiro,RJ,36.48848379629629,32.09703703703704,1,103.04
bac4595733cd0e89158cb02bebbf6352,ae2637018dbd6fb499db07816dcce0b8,delivered,2018-04-01 21:42:34,2018-04-01 22:27:34,2018-04-03 16:42:33,2018-04-18 18:02:53,2018-04-20,219.8,45.06,2,1,264.86,3,1,4.0,1.0,32b21622c8c06acf5568104e449e2617,70673,brasilia,DF,16.84744212962963,18.095439814814814,0,264.86
86c2a7e3005f95b5a412d19e1642ff37,1cca92e0b1720ab2b9f5643743d635f3,delivered,2018-04-01 21:43:29,2018-04-03 05:10:30,2018-04-05 23:36:43,2018-04-21 15:18:23,2018-04-30,99.9,26.78,1,1,126.68,1,1,5.0,1.0,7ef87ebc535cb9fc50db4eea02fb6089,97300,sao gabriel,RS,19.732569444444444,28.09480324074074,0,126.68
9b883472f4826d7c694d8c52038a8c67,d9640e2b44e3b7b5b31551ee62cc4a14,delivered,2018-04-01 21:47:43,2018-04-01 22:10:26,2018-04-03 19:47:41,2018-04-05 22:03:25,2018-04-18,179.0,13.69,1,1,192.69,3,1,5.0,1.0,aed8ec9318293dfe1d9431e5259f76ff,15091,sao jose do rio preto,SP,4.010902777777778,16.091863425925926,0,192.69
a66719a9e64cf864937c6c2a598d048d,d614da50a33861589e1baa3ff6ffe610,delivered,2018-04-01 21:48:34,2018-04-03 05:35:15,2018-04-04 18:12:17,2018-04-18 17:14:35,2018-04-18,109.97,24.63,1,1,134.6,1,1,1.0,1.0,ebca0aefb372ebf5a4d889307ef55552,5791,sao paulo,SP,16.809733796296296,16.091273148148147,1,134.6
cde78bb3c83fdc0c9a35e87b8d559cc4,6d523e3d78e642485876b7692d747d2c,delivered,2018-04-01 21:51:22,2018-04-03 12:49:09,2018-04-04 19:09:50,2018-05-03 20:54:30,2018-05-03,299.0,72.14,1,1,371.14,10,1,2.0,1.0,9efde9b883e5c09c03f5585ddd74fd95,21235,rio de janeiro,RJ,31.960509259259258,31.089328703703703,1,371.14
8ec58bc9d39789f8d32575cc5ce0cf0c,4d8fa2770548b38d5c9c1f2e18663429,delivered,2018-04-01 21:59:43,2018-04-01 22:10:36,2018-04-04 20:42:16,2018-04-10 20:21:09,2018-04-23,199.0,18.94,1,1,217.94,8,1,5.0,1.0,ec4ea7f80d1d7c9499e52f202f513f0d,39920,jordania,MG,8.931550925925926,21.083530092592593,0,217.94
f784c3e2e91e3c878a6e56b335f2a4b3,1ad3e0ada7c941683f3dfcfb804d01c7,delivered,2018-04-01 22:03:48,2018-04-01 22:48:17,2018-04-02 22:21:15,2018-04-10 00:48:36,2018-04-20,149.9,18.93,1,1,168.83,12,1,4.0,1.0,6d3e2068f616ba201cb8cc08e772b0fc,87083,maringa,PR,8.114444444444445,18.080694444444443,0,168.83
8907bb31267526a99da12076a84a87b6,ad21255ff9650ff11d50513eff3eed15,delivered,2018-04-01 22:07:00,2018-04-02 22:09:37,2018-04-07 01:19:27,2018-04-07 16:44:27,2018-04-26,1561.0,39.51,1,1,1600.51,10,1,5.0,1.0,005226be8d5b972d0f72b4e8a79f322b,22280,rio de janeiro,RJ,5.776006944444444,24.07847222222222,0,1600.51
ad570565d539dc76d6573905696f1a0d,5b0d3d9c76c0a60b0391d4d9de71636d,delivered,2018-04-01 22:08:09,2018-04-02 15:32:30,2018-04-03 18:38:55,2018-04-21 18:18:43,2018-04-30,230.0,47.48,2,1,277.48,10,1,5.0,1.0,20cef64bdc019c505a9686535945ccaf,48970,senhor do bonfim,BA,19.840671296296296,28.077673611111113,0,277.48
94bd479cfab3bad689dc1f08ce0b9b55,22d5be61dafc3c329faaeb1867dee132,delivered,2018-04-01 22:16:25,2018-04-01 23:08:33,2018-04-04 23:41:26,2018-04-05 15:54:31,2018-04-13,70.0,17.76,2,1,87.76,8,1,5.0,1.0,b3c80916d91d2b4773aa20445910efc1,9840,sao bernardo do campo,SP,3.7347916666666667,11.07193287037037,0,87.76
c7e28ed999d9c8bb8768db0e1345ece1,38b28cb6f5148dac5132ae1c21451c6a,delivered,2018-04-01 22:22:53,2018-04-01 23:08:39,2018-04-03 02:26:50,2018-04-08 19:38:38,2018-04-25,39.99,15.23,1,1,55.22,1,1,1.0,1.0,a5f6c0f8f644129cb74e459880315057,4741,sao paulo,SP,6.8859375,23.06744212962963,0,55.22
996259172fd54f591a1046dbffa906d3,4d01c1d6754e10b5ad500058aa6c0464,delivered,2018-04-01 22:23:43,2018-04-01 23:08:47,2018-04-04 20:43:45,2018-04-09 19:39:20,2018-04-18,105.0,15.53,1,1,120.53,2,1,4.0,1.0,9b753bc83d35b5c04b2e2844d0780e7b,7402,aruja,SP,7.8858449074074075,16.066863425925927,0,120.53
ab2e05e6a9ef56ff80256898d3e015e6,9a6365913d478f7a1449b195d5d5757b,delivered,2018-04-01 22:26:33,2018-04-02 22:35:50,2018-04-06 20:04:44,2018-04-09 18:59:45,2018-04-12,29.99,7.39,1,1,37.38,3,1,3.0,1.0,6ff6f2913b97c58e8c0a4c96d8de6158,9320,maua,SP,7.856388888888889,10.064895833333333,0,37.379999999999995
e2bdd50123225ac6e08ff517b00fd06c,fe4869851c79359d114ba6ae40984e4f,delivered,2018-04-01 22:29:55,2018-04-01 23:10:15,2018-04-03 14:34:45,2018-04-17 17:06:38,2018-04-20,429.9,25.59,1,1,455.49,4,1,3.0,1.0,79c42890cfebc7d335335004a15bcaaf,29300,cachoeiro de itapemirim,ES,15.775497685185185,18.06255787037037,0,455.48999999999995
fb7d6ea70e823cfb1afca3524282cbf9,715d3b0fa859b738afff1463a14395bc,delivered,2018-04-01 22:30:00,2018-04-03 05:28:15,2018-04-04 18:53:36,2018-04-11 19:42:01,2018-05-04,269.5,106.75,5,1,376.25,1,1,1.0,1.0,3c084b2007d6efc5db0eb0ab4bbf4a92,21331,rio de janeiro,RJ,9.883344907407407,32.0625,0,376.25
20834ef6941f038baa2ad303dc1db413,dee92cf6be34856befa4b6d7baca9315,delivered,2018-04-01 22:33:42,2018-04-02 17:49:11,2018-04-03 20:56:40,2018-04-11 14:11:53,2018-04-23,219.9,16.42,1,1,236.32,10,1,5.0,1.0,5c6a5d96093ed481f89a1f30e0d09f53,83322,pinhais,PR,9.651516203703704,21.059930555555557,0,236.32
7224bf1a9ae0224f42d0f990890f69e1,fc1f6495ae7c969099b5e644023acde8,delivered,2018-04-01 22:36:20,2018-04-01 23:15:16,2018-04-05 23:55:17,2018-04-13 17:12:09,2018-04-27,69.9,19.46,1,1,89.36,1,1,5.0,1.0,535510774a570bd8ad448ff439870641,14020,ribeirao preto,SP,11.774872685185185,25.058101851851852,0,89.36000000000001
05f54a9f4abf370b7c655d914159ab98,f3f93e06f8036714b1cd0fccdf2d059f,delivered,2018-04-01 22:38:07,2018-04-01 23:27:28,2018-04-04 19:36:42,2018-04-10 11:52:54,2018-04-19,53.9,13.46,1,1,67.36,5,1,3.0,1.0,2c5b5819a1ae0b137f61daff8dfe2b69,18134,sao roque,SP,8.55193287037037,17.056863425925926,0,67.36
14fda766f6a1e0a37886b3e8fcf8bde1,0e1cf9332ab9b502f469458da2a5e7e9,delivered,2018-04-01 22:38:52,2018-04-01 22:50:16,2018-04-04 22:10:53,2018-04-11 14:48:22,2018-05-04,129.0,37.59,1,1,166.59,4,1,4.0,1.0,59c8a5cd77084bf4691e712de2d68213,63220,caririacu,CE,9.673263888888888,32.05634259259259,0,166.59
b67a8588504e07ca0dca52eaa72a1829,a0785cc747d7c90762ca245c1cad20f2,delivered,2018-04-01 22:42:35,2018-04-01 22:50:17,2018-04-05 11:46:28,2018-04-06 19:12:13,2018-04-12,22.5,13.43,1,1,35.93,1,1,2.0,1.0,ea9d1d54202e5efc875aeb93cf48b20b,4001,sao paulo,SP,4.853912037037037,10.053761574074073,0,35.93
8ee92f80d48a27d627bf77accdda8346,2da2f68d5ccedf627efc3a736744833b,delivered,2018-04-01 22:45:22,2018-04-01 23:30:22,2018-04-03 21:36:28,2018-05-03 23:22:13,2018-05-24,27.9,37.04,1,1,64.94,5,1,5.0,1.0,5f9896ac578c7fe1cfa16f99a79a337b,68193,novo progresso,PA,32.02559027777778,52.051828703703706,0,64.94
0add19297766bc00a177a9ae740554eb,96fbbe8005e67d382b0fc453a288be02,delivered,2018-04-01 22:50:57,2018-04-02 22:48:13,2018-04-05 20:49:46,2018-04-12 13:41:40,2018-04-18,299.9,15.06,1,1,314.96,8,1,2.0,1.0,8d153d12b59d763efeb3953822c51862,14409,franca,SP,10.618553240740741,16.04795138888889,0,314.96
62c0a0e72baba526d6f9c2855f8b6b97,fa9bad1e16c46aacf561f2240fd0109c,delivered,2018-04-01 23:02:25,2018-04-03 05:10:34,2018-04-03 20:32:50,2018-04-04 22:08:53,2018-04-12,28.0,7.39,1,1,35.39,1,1,5.0,1.0,b3a6549b3cd47a7117094faafce8b10d,11444,guaruja,SP,2.962824074074074,10.039988425925927,0,35.39
023aa4b0585594124bc50e55e0e11a5f,678c7714cdd189c7aca5cd7e6c70fb94,delivered,2018-04-01 23:03:34,2018-04-03 05:48:29,2018-04-04 21:57:32,2018-04-09 11:46:41,2018-04-18,69.0,13.84,1,1,82.84,1,1,5.0,1.0,ab08b7f9d42ac261c3f6b7c201bb3c99,4306,sao paulo,SP,7.52994212962963,16.039189814814815,0,82.84
3f6484ca65eed5c701aa5e348623537f,f1e7fdffd7bac5ba4e53b092a314ed45,delivered,2018-04-01 23:05:58,2018-04-03 05:35:15,2018-04-04 22:12:51,2018-05-06 18:48:46,2018-04-20,135.9,21.88,1,1,157.78,1,1,2.0,1.0,406b3f44f5f94a0bd14d6672e0de4266,24416,sao goncalo,RJ,34.82138888888889,18.037523148148146,1,157.78
dbb1353a1b37773612291d7e294ec323,80ad906b5e2e5d97b96c167d244e9e0d,delivered,2018-04-01 23:06:18,2018-04-01 23:47:52,2018-04-02 21:34:53,2018-04-07 00:33:17,2018-04-19,98.8,15.57,1,1,114.37,1,1,5.0,1.0,ef67986b495c5778f4758496519dda80,83090,sao jose dos pinhais,PR,5.0604050925925925,17.03729166666667,0,114.37
c093725142d6e40dbbe38e657c8966c6,726ff65b6ba6b18f48504f89db904963,delivered,2018-04-01 23:08:54,2018-04-03 05:10:33,2018-04-04 01:33:23,2018-04-18 22:04:25,2018-04-27,59.99,16.39,1,1,76.38,1,1,5.0,1.0,f44099e91fe66e388a73f5e4ee4ecd8c,94150,gravatai,RS,16.955219907407407,25.035486111111112,0,76.38
b151ec4e0f6084208319c81f64376096,a0735bf57a1b911eab046a6dad3b4541,delivered,2018-04-01 23:33:05,2018-04-03 05:48:45,2018-04-05 11:27:40,2018-04-06 19:02:37,2018-04-12,22.5,13.43,1,1,35.93,1,1,5.0,1.0,9e83427ceb9bad7f4949dfde22a517c9,7072,guarulhos,SP,4.812175925925926,10.01869212962963,0,35.93
dc1818ff094219ac82bf4d84fb6c6540,ff349ea42c06633992fc3c94c3da0f58,delivered,2018-04-01 23:33:42,2018-04-01 23:47:51,2018-04-04 22:39:32,2018-04-06 22:38:01,2018-04-23,172.89,32.2,2,2,205.09,2,1,2.0,1.0,357ae7be4a22fee3a22cca59f6b681fc,82530,curitiba,PR,4.961331018518519,21.01826388888889,0,205.08999999999997
d8be9ae1b47e841991f6985619f70ddb,c511befcf798066fca8ef14738aa0468,delivered,2018-04-01 23:37:16,2018-04-01 23:50:20,2018-04-04 12:33:00,2018-04-16 20:14:36,2018-05-21,217.8,29.68,2,1,247.48,1,1,3.0,1.0,9ae64b9359e8c5c574906484dee83488,6361,carapicuiba,SP,14.85925925925926,49.015787037037036,0,247.48000000000002
0b549e03c90c9817ce5280ce5c06dd75,1eb55185b50db256089627a30a7eea89,delivered,2018-04-01 23:42:50,2018-04-03 05:48:47,2018-04-04 16:26:45,2018-04-07 00:10:56,2018-04-12,27.19,11.15,1,1,38.34,1,1,5.0,1.0,ceff2faea1e1b69116ddb0ac7c222b7e,13486,limeira,SP,5.019513888888889,10.011921296296297,0,38.34
a009d7c1bdc1d3695519bee1519a07b9,b265a66c9a306642b1ca3d770f8f3c20,delivered,2018-04-02 00:14:15,2018-04-03 07:08:23,2018-04-03 18:58:57,2018-04-12 21:46:47,2018-04-27,269.0,27.96,1,1,296.96,10,1,5.0,1.0,1ab3407aad9c472232e3a1a91f98c45c,19780,quata,SP,10.897592592592593,24.990104166666665,0,296.96
cc148d29bb66a4e22215c2c27cabef9e,fe1e86b748fa492c6a59edd0cd4b18db,delivered,2018-04-02 00:23:20,2018-04-02 01:09:38,2018-04-03 02:33:06,2018-04-12 14:18:28,2018-04-27,299.0,19.97,1,1,318.97,3,1,5.0,1.0,fe5b50581a1dcd4707df3fc10376329d,18520,cerquilho,SP,10.579953703703703,24.983796296296298,0,318.97
a1507471bbdff217f9247b6fc3bedc53,ad0c35291897fe7676b70f34277553e2,delivered,2018-04-02 00:31:04,2018-04-02 00:47:44,2018-04-03 19:47:42,2018-04-06 20:53:33,2018-04-18,158.0,13.55,1,1,171.55,8,1,5.0,1.0,7aeb3fe3a6455bcd0cd015e57fc75925,4619,sao paulo,SP,4.84894675925926,15.978425925925926,0,171.55
3527757627581376738f42de35c87935,42b14764e9cf800aec2f02be2a085514,delivered,2018-04-02 01:19:30,2018-04-02 01:35:15,2018-04-03 19:47:13,2018-04-12 14:59:47,2018-05-08,112.9,26.87,1,1,139.77,2,1,5.0,1.0,e8606b2433ed009a32f7a35dcbc84d83,20030,rio de janeiro,RJ,10.569641203703704,35.94479166666667,0,139.77
f7fad826bf8b035804bdbe1e8342fd21,1234c1f416fad22c1270638f069f1a46,delivered,2018-04-02 01:20:17,2018-04-02 01:35:15,2018-04-02 17:34:28,2018-04-03 19:58:38,2018-04-12,69.0,8.29,1,1,77.29,3,1,5.0,1.0,b3e4b9bc71f52dd2bb3042d15c2ca2a3,1216,sao paulo,SP,1.7766319444444445,9.944247685185186,0,77.28999999999999
bd082df331ea01e5fed75bd20f124cf3,b1b857f0298e3621b07763c03bc4676e,delivered,2018-04-02 03:54:22,2018-04-02 04:27:38,2018-04-03 18:44:37,2018-04-16 17:56:37,2018-04-23,459.0,19.18,1,1,478.18,9,1,5.0,1.0,90a687b4f288e6a6dde93c07680f9087,74475,goiania,GO,14.584895833333333,20.837245370370372,0,478.18
224ec929ecdaa7563512572447c65d02,d75e4f8cce76867c2c1c1e9b6961894e,delivered,2018-04-02 05:02:57,2018-04-03 05:35:08,2018-04-05 00:21:49,2018-04-06 01:20:48,2018-04-12,44.9,8.64,1,1,53.54,1,1,5.0,1.0,1b46cbd3b96de421b80ebf96c56093b4,6784,taboao da serra,SP,3.8457291666666666,9.789618055555556,0,53.54
9c9b9122cad8803b5a5373345e256d99,315d5bd7eec944dc993cf112641f9a1c,delivered,2018-04-02 06:54:43,2018-04-02 07:09:20,2018-04-03 20:51:38,2018-04-21 14:51:21,2018-04-27,84.9,23.09,1,1,107.99,5,1,5.0,1.0,207b943d8a627cf754d5a62210f20d00,59149,parnamirim,RN,19.33099537037037,24.712002314814814,0,107.99000000000001
fe1466a3d7546b7ae29bcd953b472339,06e663beae776e2f679ae6d7ccfd222e,delivered,2018-04-02 07:06:21,2018-04-02 08:29:02,2018-04-02 18:56:33,2018-05-16 19:55:39,2018-04-24,149.9,19.74,1,1,169.64,2,1,1.0,1.0,894deb85f65143798b77055b57293c3c,60110,fortaleza,CE,44.53423611111111,21.70392361111111,1,169.64000000000001
0355ae43910316435f24cb54605a820d,36774face3b8ee84925f7ed49dd56c42,delivered,2018-04-02 07:07:41,2018-04-04 03:15:23,2018-04-04 20:37:19,2018-04-07 11:56:36,2018-04-13,12.95,7.39,1,1,20.34,1,1,5.0,1.0,0246e728843e079b72ae99cbfe711acd,13150,cosmopolis,SP,5.200636574074074,10.702997685185185,0,20.34
ac51a8c8ea39e6dfa53f10bdc73d531d,6ff9c87680f0e8fbd38b2123af66138e,delivered,2018-04-02 07:19:11,2018-04-03 07:15:17,2018-04-03 18:28:34,2018-04-17 18:19:38,2018-04-30,71.96,148.16,4,1,220.12,3,1,4.0,1.0,cc26b180f3d459a146ec58f522a14d94,56280,araripina,PE,15.458645833333334,27.695011574074073,0,220.12
9761e698e3d390c91d88364fb6a5ef11,4f627c252cbdf3a0501a99755ddcf1e3,delivered,2018-04-02 07:52:14,2018-04-03 07:08:22,2018-04-03 21:33:10,2018-04-24 20:51:56,2018-04-20,59.9,23.0,1,1,82.9,3,2,5.0,1.0,5bc987afe2af89ad95bf49ac550b0603,26520,nilopolis,RJ,22.541458333333335,17.672060185185185,1,82.9
1beaf0622df76c7b2b3be0746722f381,24099e5fbb7f1218d905043eec4c5b8b,delivered,2018-04-02 08:02:16,2018-04-02 08:48:53,2018-04-03 22:04:39,2018-04-04 14:27:27,2018-04-12,72.0,7.39,1,1,79.39,2,1,5.0,1.0,50eab3228443cbd92f3da8c2ced092ce,9015,santo andre,SP,2.267488425925926,9.665092592592593,0,79.39
779faf56113de193cb40644b3c455c44,b7ebfcc821920caa5e81eb829adb8ec2,delivered,2018-04-02 08:04:51,2018-04-02 08:29:14,2018-04-04 11:52:46,2018-04-13 14:37:37,2018-04-27,149.9,20.02,1,1,169.92,2,1,5.0,1.0,f5c218fd6bf99cdef608912be0c5b92c,63527,guassusse,CE,11.27275462962963,24.66329861111111,0,169.92000000000002
8f7d470b019f3b33a814cf048df30370,9885e4e630af4b7352e0a32a7a05bb21,delivered,2018-04-02 08:11:30,2018-04-02 08:29:16,2018-04-04 00:22:15,2018-04-23 16:03:37,2018-04-26,230.0,224.34,1,1,454.34,1,1,4.0,1.0,18ad83ef564d74c175c9c3449041738f,52011,recife,PE,21.327858796296297,23.658680555555556,0,454.34000000000003
2a898774ad769f760b6ae1e81775a309,35e4137487e7d29bf21e0a4167fd0699,delivered,2018-04-02 08:25:58,2018-04-02 08:48:49,2018-04-03 17:04:40,2018-04-04 19:14:44,2018-04-12,27.3,7.39,1,1,34.69,1,1,5.0,1.0,acc1b82f2920beb55f439d0dd3cf48cd,5018,sao paulo,SP,2.4505324074074073,9.648634259259259,0,34.69
920be4fca795a06506d8e91212202f95,1e5b8d093d9b49f9f412692df893c72d,delivered,2018-04-02 08:42:38,2018-04-02 09:28:33,2018-04-02 22:46:54,2018-04-21 16:48:35,2018-05-08,65.0,19.14,1,1,84.14,1,1,1.0,1.0,37a0f1c3f6a4c9f0a653c26b5986f990,22743,rio de janeiro,RJ,19.337465277777778,35.637060185185184,0,84.14
d00324ba609a8298286edcf713565755,300b5f21e1b69c0a77295f8a85027a98,delivered,2018-04-02 08:43:29,2018-04-04 03:08:57,2018-04-05 03:43:31,2018-04-16 18:41:34,2018-04-20,137.0,37.65,1,1,174.65,1,1,4.0,1.0,c94f76a772a61d1c5d893a41a15fee98,45020,vitoria da conquista,BA,14.415335648148147,17.636469907407406,0,174.65
9cb058ec33cf6725b0fc1cf24525af9c,f3191db55e494d3b2261cde6f338cebc,delivered,2018-04-02 08:47:49,2018-04-02 09:08:50,2018-04-03 00:27:34,2018-04-13 13:22:32,2018-04-19,249.5,68.55000000000001,5,1,318.05,4,1,3.0,1.0,d6f513457bd5d3f69de2f1757001fa67,13211,jundiai,SP,11.190775462962963,16.633460648148148,0,318.05
f7f66bbcbf357c9e1ce14217b8b39316,1ac00b74a9a101ee109feb3d27e8fe80,delivered,2018-04-02 08:48:21,2018-04-02 09:09:17,2018-04-04 17:52:06,2018-04-11 18:05:02,2018-04-12,69.9,12.43,1,1,82.33,1,1,3.0,1.0,d0617e96d9e1d5a652ebd86dff10d557,13050,campinas,SP,9.386585648148149,9.633090277777777,0,82.33000000000001
ff3f2d5b004f8051849318f201add7c9,3935a46119fd8d69b602e645cedca908,delivered,2018-04-02 08:53:13,2018-04-03 07:55:18,2018-04-04 21:16:33,2018-05-02 17:46:40,2018-04-19,249.99,49.61,1,1,299.6,3,1,1.0,1.0,65b9d20f099408c0ecdf00ccba313342,37704,pocos de caldas,MG,30.37045138888889,16.629710648148148,1,299.6
fb9a9bc9654c16364f348fb2309b1214,23e96758fd640560e9b1fbcda90abfc4,delivered,2018-04-02 08:54:48,2018-04-02 09:09:07,2018-04-11 22:08:39,2018-04-20 21:42:29,2018-04-19,199.99,67.77,1,1,267.76,4,1,2.0,1.0,9e1f719fe5b17b9c51905fee6d6385c1,5565,sao paulo,SP,18.533113425925926,16.628611111111113,1,267.76
45a96807a564f55507a8af6eaf3eb602,0edf76acf81689f330973dd29c6e2093,delivered,2018-04-02 09:00:25,2018-04-02 11:48:42,2018-04-03 15:52:00,2018-04-23 17:17:54,2018-04-25,139.0,61.35,1,1,200.35,10,1,3.0,1.0,39156c5681509661e8f8b87724c29ddc,87501,umuarama,PR,21.34547453703704,22.62471064814815,0,200.35
4437322bbcfa3948b387f1e5e3801a24,1840ec1e113cdef52138fba79e65848f,delivered,2018-04-02 09:01:04,2018-04-02 11:48:44,2018-04-03 16:31:16,2018-04-04 19:33:08,2018-04-26,141.75,13.7,1,1,155.45,6,1,5.0,1.0,b9fd889214fcb1a45e4cd51f5af6cba3,6409,barueri,SP,2.4389351851851853,23.624259259259258,0,155.45
166029aa4dc1bed21f0d50ebdb4ef286,d1ec48f722227f712bd7c376e194dcc2,delivered,2018-04-02 09:09:45,2018-04-02 09:28:31,2018-04-16 14:02:55,2018-04-20 14:26:33,2018-05-10,584.9499999999999,285.4,5,1,870.35,10,1,5.0,1.0,5fff3ec8fc85df5fe57190fd9b6543ed,86975,mandaguari,PR,18.22,37.618229166666666,0,870.3499999999999
0af3a5d2e6e65075837ef5ceb5c167ab,831f214129035247f2db0f858077f010,delivered,2018-04-02 09:12:17,2018-04-02 09:28:33,2018-04-03 00:13:01,2018-04-11 19:47:41,2018-04-19,49.0,16.32,1,1,65.32,1,1,5.0,1.0,97ac5fe4d72f6aaca9ec00719a576068,81690,curitiba,PR,9.44125,16.616469907407406,0,65.32
37320ad8d22727a4905681854a14e2c2,97631da0103fb552f92d7917af5c7a5b,delivered,2018-04-02 09:13:55,2018-04-04 03:30:21,2018-04-04 19:14:49,2018-04-06 18:48:23,2018-04-18,169.9,20.1,1,1,190.0,1,1,5.0,1.0,7655a827b72f76680e8936c1d7cbf762,11086,santos,SP,4.398935185185185,15.615335648148148,0,190.0
7bc70bc321068d03533136557afe2959,5ce24234240509e09f2d9821afbda73a,delivered,2018-04-02 09:14:45,2018-04-02 11:10:14,2018-04-03 23:46:32,2018-04-11 18:18:34,2018-05-02,152.79000000000002,40.66,2,2,193.45,4,1,1.0,1.0,ab70705eee7a807cd34221f71dc53d42,28735,quissama,RJ,9.377650462962963,29.614756944444444,0,193.45000000000002
7a1fb83313fbf2953563842fa9345dea,8ead4cc7c11cc79553ed86a165f665fc,delivered,2018-04-02 09:17:34,2018-04-02 09:30:28,2018-04-02 19:38:45,2018-04-18 13:21:50,2018-04-26,121.99,20.9,1,1,142.89,2,1,4.0,1.0,cb9f4e12d2c4531a1b65423c75364c31,54368,jaboatao dos guararapes,PE,16.16962962962963,23.612800925925924,0,142.89
df04e901d675a6c329be16feac866548,5dabf0a2fac79c094e4a4e600250c386,delivered,2018-04-02 09:17:46,2018-04-02 09:30:19,2018-04-03 23:46:30,2018-04-11 01:24:41,2018-04-26,67.9,13.6,1,1,81.5,1,1,5.0,1.0,e1a8e606cb2da21d4be728626f3a11b1,5570,sao paulo,SP,8.671469907407408,23.612662037037037,0,81.5
2df0229081c89bf92df7de9f51cef7f1,e5d5e70c2fb2cc7a620f72f70d65336a,delivered,2018-04-02 09:21:17,2018-04-03 05:27:54,2018-04-05 16:42:36,2018-04-09 23:13:02,2018-04-26,179.99,18.84,1,1,198.83,1,1,5.0,1.0,1050942dac3cb20798375bca2452e851,6268,osasco,SP,7.577604166666666,23.61021990740741,0,198.83
bbb1e23de4c2eba23ab1ad0da89f47b7,1e608ac275c269c418a864ec0db7a237,delivered,2018-04-02 09:21:46,2018-04-02 09:35:19,2018-04-03 19:19:29,2018-04-13 22:28:49,2018-04-18,17.99,12.79,1,1,30.78,1,1,5.0,1.0,a9915859d9e29df98d52b65c6b90b028,11661,caraguatatuba,SP,11.5465625,15.609884259259259,0,30.779999999999998
420b64be551875169e87fb4a82d5fe13,43be7f68acb621076bde97c734132eb6,delivered,2018-04-02 09:25:04,2018-04-02 09:35:20,2018-04-04 00:12:15,2018-04-23 15:28:34,2018-05-04,59.99,16.39,1,1,76.38,7,1,4.0,1.0,1440bec7789378ccc97afd42215a2073,22765,rio de janeiro,RJ,21.252430555555556,31.607592592592592,0,76.38
bf866aa88acb3c2595d0627c7a6bedf7,0b15496cbc114f48fa133a72bb4ab7b1,delivered,2018-04-02 09:28:24,2018-04-04 09:48:37,2018-04-04 21:56:23,2018-05-03 15:11:54,2018-04-25,168.9,22.89,1,1,191.79,1,1,1.0,1.0,f530d11fbbe32732c41820751d933a36,45028,vitoria da conquista,BA,31.238541666666666,22.60527777777778,1,191.79000000000002
0683ead91c16a3b8964141bd93ec4edd,714e373b4d8a9a18a7f5fdb022bafae6,delivered,2018-04-02 09:28:28,2018-04-02 09:48:29,2018-04-03 18:40:47,2018-04-04 19:51:54,2018-04-12,74.9,12.43,1,1,87.33,4,1,4.0,1.0,296318aec364cb8bf2427a7e54d9f5c3,7072,guarulhos,SP,2.432939814814815,9.605231481481482,0,87.33000000000001
a8f67659d37c5f30f8481103b652975f,067f4b11580519064d68007ffc9e080a,delivered,2018-04-02 09:29:24,2018-04-02 09:48:34,2018-04-03 14:13:45,2018-04-10 16:12:26,2018-04-18,995.0,21.06,1,1,1016.06,5,1,5.0,1.0,27b8140e6749747db55efefa5c960433,15061,sao jose do rio preto,SP,8.279884259259259,15.604583333333334,0,1016.06
7b097f892b3cba2de93590049d8875c0,4beac3af7d4cd0b525af0e407194e29d,delivered,2018-04-02 09:33:05,2018-04-03 05:28:05,2018-04-04 22:34:27,2018-04-07 13:29:31,2018-04-24,72.0,13.62,1,1,85.62,1,1,5.0,1.0,f9df0a394fdd97a23a8bc2f088c1c03e,3513,sao paulo,SP,5.164189814814815,21.602025462962963,0,85.62
008a1b3db2a8bf63418c2cf7c7f494b1,cc2db083341ec9bb757b9f9a70b289d9,delivered,2018-04-02 09:33:25,2018-04-02 09:48:39,2018-04-04 17:34:50,2018-05-03 16:11:53,2018-04-23,14.89,18.23,1,1,33.12,3,1,1.0,1.0,ea9657105a8bd47c0a60e1f2a8f2842d,35460,brumadinho,MG,31.276712962962964,20.60179398148148,1,33.120000000000005
a3cc222e087c192327ea32dd0eb161cc,bc1b903e51b30e698b5ffa427457bbfb,delivered,2018-04-02 09:35:34,2018-04-02 11:29:22,2018-04-03 17:52:49,2018-04-05 21:34:35,2018-04-19,215.0,13.41,1,1,228.41,12,1,5.0,1.0,1eea1926909d76092ca561c81d6f692d,11704,praia grande,SP,3.4993171296296297,16.600300925925925,0,228.41
166e0843a2272293d75ba8d81804de6a,809476bf737c26ec99167089e755cae6,delivered,2018-04-02 09:45:05,2018-04-02 11:48:36,2018-04-04 01:44:57,2018-04-11 20:12:35,2018-04-30,149.9,25.23,1,1,175.13,4,1,5.0,1.0,c17526359e1068290ebf7dd22a856de7,13226,varzea paulista,SP,9.43576388888889,27.59369212962963,0,175.13
09ea2181de5a14e01d90b6ff01835a33,65e12813d36c9d1e94fff60fc037a117,delivered,2018-04-02 09:54:13,2018-04-02 10:09:04,2018-04-02 20:32:25,2018-04-11 00:32:31,2018-04-18,24.9,12.79,1,1,37.69,1,1,5.0,1.0,0bb0bf5f78b329ed01145551d20c94b6,13670,santa rita do passa quatro,SP,8.609930555555556,15.587349537037037,0,37.69
2c53aff3e220767f3c191078e0ffbc7d,d721d1a1be2899d735550ea1f82ccec9,delivered,2018-04-02 10:04:13,2018-04-02 11:10:18,2018-04-04 01:22:45,2018-04-21 18:48:24,2018-04-18,114.9,14.89,1,1,129.79,10,1,5.0,1.0,116e72fdb94d08bec4392dcc76c7b67a,11701,praia grande,SP,19.364016203703702,15.580405092592592,1,129.79000000000002
7032fb16c3a9d982c9aa86f47cefdd3e,d946aedc7ae05f2259b2c2f9342e6272,delivered,2018-04-02 10:08:40,2018-04-03 05:08:28,2018-04-04 17:13:30,2018-04-05 18:20:58,2018-04-12,39.0,8.88,1,1,47.88,1,1,5.0,1.0,1ee68e5d9aee3ee39f6aab702de9d5c8,3816,sao paulo,SP,3.341875,9.577314814814814,0,47.88
d9e0e6c219155daf624e2cd31056d474,7ad81ba6ffad3deaefb12dc8097c9f5f,delivered,2018-04-02 10:09:23,2018-04-03 10:09:40,2018-04-04 00:36:43,2018-04-10 18:24:36,2018-04-25,13.65,18.23,1,1,31.88,1,1,5.0,1.0,200d283e41698b39d36e3dbe9686d828,88220,itapema,SC,8.343900462962964,22.576817129629628,0,31.880000000000003
7afff8cad4526f9932fecee92be8507a,6ffd4f294fd7e52f4fb63343912fc6fa,delivered,2018-04-02 10:24:47,2018-04-02 10:35:17,2018-04-03 18:07:37,2018-04-15 19:36:32,2018-04-20,36.99,19.32,1,1,56.31,5,1,5.0,1.0,aa869e19581b0fbcb10088ff7d0e5619,23955,angra dos reis,RJ,13.383159722222222,17.566122685185185,0,56.31
48997989a21e741f0f93be9870c82b90,be6c90c5799acd0fc1ca2d13d08507ed,delivered,2018-04-02 10:27:48,2018-04-03 10:28:50,2018-04-05 00:48:53,2018-04-05 17:24:42,2018-04-12,385.0,38.63,1,1,423.63,4,1,5.0,1.0,5be26e30b1f856228e84408301e47769,5541,sao paulo,SP,3.289513888888889,9.564027777777778,0,423.63
b2d0debc1f9d4d6effd6bc476b949083,9e9d6b4d5b6cf2bb1c710a3be2f5afa0,delivered,2018-04-02 10:28:06,2018-04-02 11:30:22,2018-04-03 16:12:28,2018-04-05 02:37:33,2018-04-12,99.9,11.79,1,1,111.69,10,1,4.0,1.0,2a6e8e739d1617176508f585698a64f8,5417,sao paulo,SP,2.6732291666666668,9.563819444444444,0,111.69
541ed556b294e1dc5e80fb34a44917d3,3a161bae49880d0ddb3a1e151496d90b,delivered,2018-04-02 10:39:14,2018-04-03 05:49:07,2018-04-04 22:38:43,2018-04-24 21:16:43,2018-04-27,27.9,18.23,1,1,46.13,1,1,4.0,1.0,3f74ef65226422546cf47a8de224c41e,83260,matinhos,PR,22.44269675925926,24.556087962962962,0,46.129999999999995
3055c704b2969a70a3febbdb53e4610e,59390e181ea3e52762859a066ae9df7c,delivered,2018-04-02 10:40:08,2018-04-03 05:35:21,2018-04-04 19:28:24,2018-04-09 17:31:35,2018-04-26,149.9,39.1,1,1,189.0,1,1,5.0,1.0,dccf1a0f9b53de36973078b406226253,37550,pouso alegre,MG,7.285729166666667,23.555462962962963,0,189.0
0f3916a6e4cad3ec561784603b3af55f,e2d5baf25c5642adf9c640a2107df670,delivered,2018-04-02 10:40:45,2018-04-02 10:50:19,2018-04-04 00:43:43,2018-04-10 18:06:32,2018-04-23,13.3,18.23,1,1,31.53,1,1,4.0,1.0,3485cd46fbf0423dd04f61dd9d0e5d7e,29199,aracruz,ES,8.30957175925926,20.55503472222222,0,31.53
ffa4b16322a614306db6981043a52056,4429f041ac455662944e92e4d20ab2cc,delivered,2018-04-02 10:41:24,2018-04-04 03:15:25,2018-04-07 01:16:56,2018-04-11 17:51:37,2018-04-18,69.99,14.58,1,1,84.57,1,1,5.0,1.0,eb53702c5226300276a1a3e76d62b4ad,3559,sao paulo,SP,9.298761574074074,15.554583333333333,0,84.57
f1d056481e80b7b6497cfb119277451e,db3205e0754347592846a7806804463e,delivered,2018-04-02 10:41:31,2018-04-03 05:30:28,2018-04-04 00:27:34,2018-04-24 22:49:32,2018-04-27,60.5,23.0,1,1,83.5,1,1,5.0,1.0,9660f50288446ac0448087e8a1eae4c6,95097,caxias do sul,RS,22.50556712962963,24.554502314814815,0,83.5
11fc45612392482891635d05c69756ba,1baf4b4d0360f77e66818f48b3f095d6,delivered,2018-04-02 10:43:49,2018-04-02 10:55:24,2018-04-04 11:52:45,2018-04-10 11:32:50,2018-05-02,149.9,21.1,1,1,171.0,2,1,4.0,1.0,3da4b5990fbe91360d7ce38858cf7061,34800,caete,MG,8.034039351851852,29.552905092592592,0,171.0
c632f9a8a1b942e306b0335429bdb142,552d0e5a44018a46a380e34ab1ddb6ba,delivered,2018-04-02 10:44:37,2018-04-02 11:09:07,2018-04-03 01:09:55,2018-06-09 14:49:53,2018-04-12,659.8,64.41,1,1,724.21,10,1,5.0,1.0,ac361705f4d9cd1028b21fa5dd7a2b30,11702,praia grande,SP,68.17032407407407,9.552349537037037,1,724.2099999999999
8bd6a871f49ba51f3579479d79c6f145,7a008fcdb10f2c786f7277fa29c6b95d,delivered,2018-04-02 10:49:22,2018-04-03 20:09:03,2018-04-04 17:52:29,2018-04-23 13:58:27,2018-04-23,37.0,17.06,1,1,54.06,2,1,3.0,1.0,52970000f20b04063762e11517f75e8c,41280,salvador,BA,21.13130787037037,20.549050925925926,1,54.06
dfbc33cff2a152885100315aaf23478f,604084386640342e07bb36a1ce3fa4ba,delivered,2018-04-02 10:50:00,2018-04-02 11:09:21,2018-04-04 00:02:31,2018-04-10 15:52:38,2018-04-19,49.77,15.23,1,1,65.0,2,1,4.0,1.0,2445f097cc034cce36a2f10986657205,83701,araucaria,PR,8.210162037037037,16.54861111111111,0,65.0
fb30296d350b197030e65d4a2e52a1a6,a7b1fbc6873f02a31b7ea555c90cb274,delivered,2018-04-02 10:52:26,2018-04-03 05:48:55,2018-04-03 22:57:50,2018-04-07 16:06:48,2018-04-12,49.9,8.82,1,1,58.72,1,1,4.0,1.0,ced43e4c9c807745b25ad6c5d519859e,5868,sao paulo,SP,5.218310185185185,9.546921296296297,0,58.72
c0e47ed3fd9f5ef10eb00f8b5843578b,19ec9b46e7c4be7b712ce65182bca120,delivered,2018-04-02 10:54:01,2018-04-03 05:28:05,2018-04-03 21:42:33,2018-04-11 16:12:04,2018-04-23,123.9,22.58,1,1,146.48,1,1,1.0,1.0,9ecf44ab3fbe94794d574845791bd4fa,83020,sao jose dos pinhais,PR,9.220868055555556,20.54582175925926,0,146.48000000000002
04fa206258b069b5900dd56e6cc87a63,984cf72312d65695c494a2d60d43857e,delivered,2018-04-02 10:54:09,2018-04-03 05:30:19,2018-04-04 17:26:33,2018-04-17 01:46:42,2018-05-07,79.99,15.38,1,1,95.37,1,1,3.0,1.0,467dbf2b36b570c4fabc2c2e463068fe,22640,rio de janeiro,RJ,14.619826388888889,34.54572916666667,0,95.36999999999999
1d0288c49db00e00965c4d82d464f61e,d9dc4c863c0cc6b41d82325c0eed846b,delivered,2018-04-02 10:57:09,2018-04-02 11:10:17,2018-04-02 20:56:33,2018-04-12 01:36:35,2018-04-24,18.9,13.47,1,1,32.37,1,1,5.0,1.0,f78825f3ad88cfa5fb990df83a012f83,5866,sao paulo,SP,9.610717592592593,21.543645833333333,0,32.37
4f119798c24c4840ae9e70d952b75446,73a6fd83d86ec00cea2c16a45be6a8a5,delivered,2018-04-02 10:57:50,2018-04-03 10:50:21,2018-04-05 17:28:33,2018-04-13 18:07:26,2018-04-23,1514.0,36.68,1,1,1550.68,3,1,4.0,1.0,b3fc51a2057e04657dbe29f48f3ecaaa,87050,maringa,PR,11.298333333333334,20.543171296296297,0,1550.68
2ffda1267c5facd329521f983872a4bd,507325082e0594483c3d905e6121171c,delivered,2018-04-02 11:02:07,2018-04-03 20:09:09,2018-04-04 22:16:31,2018-04-24 11:16:39,2018-04-26,223.0,19.44,1,1,242.44,2,1,4.0,1.0,59f48bc039f9e698e71ff35e3c366609,72660,brasilia,DF,22.010092592592592,23.54019675925926,0,242.44
9814a337a2470787f24426bf0af8b16b,be2abc57e92c541f83e8be9e8a8fd1af,delivered,2018-04-02 11:02:38,2018-04-02 11:15:21,2018-04-03 22:56:50,2018-04-04 15:29:04,2018-04-12,142.0,50.55,1,1,192.55,1,1,5.0,1.0,128ea331ccb1962fae3956011d60385f,4614,sao paulo,SP,2.185023148148148,9.539837962962963,0,192.55
41b8a729842b63f68d70c04c7f250f09,1afb15b3e9553523d6eccae1c42ac169,delivered,2018-04-02 11:09:02,2018-04-02 11:29:25,2018-04-12 20:44:49,2018-04-19 19:21:34,2018-05-03,42.9,18.23,1,1,61.13,2,1,5.0,1.0,90a8efa66018f1c290913647f85bc9c7,29330,itapemirim,ES,17.342037037037038,30.535393518518518,0,61.129999999999995
5266088c56ae6a700425da42e273e7cd,b8bcbc6a8e07056ec28ac9c53b0c1ee1,delivered,2018-04-02 11:15:15,2018-04-02 11:30:13,2018-04-03 00:31:29,2018-04-10 03:37:30,2018-04-18,12.99,12.79,1,1,25.78,1,1,5.0,1.0,e52284279e234cf8a615273a1fa59846,4265,sao paulo,SP,7.682118055555556,15.53107638888889,0,25.78
86cab3cb87a61fcf116c34a9231b1828,1a43cf85a4f3490e013bdc880c40ccec,delivered,2018-04-02 11:15:28,2018-04-03 05:10:33,2018-04-04 19:06:47,2018-04-13 21:36:45,2018-05-04,299.9,35.64,1,1,335.54,1,1,3.0,1.0,a878bffe9626b823794c9c2176a125d4,21940,rio de janeiro,RJ,11.43144675925926,31.530925925925924,0,335.53999999999996
2702240ee3035b40fae068d0f55e47e5,0f5cc28675a4f25a4b16f148a428c111,delivered,2018-04-02 11:20:59,2018-04-03 08:08:58,2018-04-03 21:42:18,2018-04-10 22:41:14,2018-04-24,87.5,20.66,1,1,108.16,5,1,5.0,1.0,5ab466471eb1cf70568c17f1c3bb2702,70750,brasilia,DF,8.472395833333334,21.527094907407406,0,108.16
dbb56a8ecf60edb17a584daea927824a,d94b3b454957707eb99be5b96da7b71c,delivered,2018-04-02 11:21:55,2018-04-03 11:15:27,2018-04-07 01:08:35,2018-05-01 10:30:44,2018-04-20,79.0,23.05,1,1,102.05,3,1,1.0,1.0,bb152cc752d514fad69ba95da9c19a46,64023,teresina,PI,28.96445601851852,17.526446759259258,1,102.05
8008c307d21d33e78369fd1ee6cb1284,6aee4197c58218b95b85a3da9d6b7c90,delivered,2018-04-02 11:23:53,2018-04-02 11:35:30,2018-04-03 22:38:26,2018-04-10 16:56:36,2018-04-19,30.0,15.23,1,1,45.23,1,1,5.0,1.0,51c71e07d4ffb31ee4286c41a71ff23f,72255,brasilia,DF,8.23105324074074,16.52508101851852,0,45.230000000000004
a567a2572a97a9731794566e93368a06,8b7aab2116006a1fc6840cbb745b5d56,delivered,2018-04-02 11:25:45,2018-04-02 11:48:44,2018-04-04 02:12:42,2018-04-06 19:08:47,2018-04-18,79.9,14.36,1,1,94.26,3,1,5.0,1.0,f3032447144c63a7957b230edcf7a7ab,3001,sao paulo,SP,4.3215509259259255,15.523784722222222,0,94.26
5000739c56c2fbfbc0dfb05dafd7ab50,70c84875d254552d37cb96f14c92d23c,delivered,2018-04-02 11:28:21,2018-04-03 05:28:06,2018-04-05 00:27:22,2018-04-24 21:48:48,2018-04-20,99.9,23.28,1,1,123.18,1,1,5.0,1.0,5c32614e4ac9a3f1c2a7eb6d3996c61c,29102,vila velha,ES,22.430868055555557,17.521979166666668,1,123.18
810c6a01f9a077313109b64e36165ecb,6cf4d26988badc72190d6d77e63cfaca,delivered,2018-04-02 11:29:21,2018-04-03 20:10:14,2018-04-04 22:04:50,2018-04-05 22:56:36,2018-04-12,148.9,7.91,1,1,156.81,2,1,5.0,1.0,63f83b6068b3e926ad6b82d79bb8e8fd,4910,sao paulo,SP,3.4772569444444446,9.521284722222223,0,156.81
76a49c5fef54cb6ca3491709fbb1690e,308e6d942164441583fd42189b7c87f0,delivered,2018-04-02 11:41:45,2018-04-02 12:55:40,2018-04-03 17:18:24,2018-04-20 12:18:36,2018-04-24,50.0,18.23,1,1,68.23,1,1,5.0,1.0,bf344fa7fe37350cb18fc9a8bbd18b8e,27275,volta redonda,RJ,18.025590277777777,21.51267361111111,0,68.23
d8ec5b1e258fdf9fb57488233fb97070,ed4d18bb366ea3a34a6d5f5350c3320e,delivered,2018-04-02 11:42:32,2018-04-02 11:50:19,2018-04-14 00:18:28,2018-04-26 20:52:51,2018-05-09,79.99,52.85,1,1,132.84,4,1,5.0,1.0,351e8eac3f1dc8843d6c2f627ef66179,39800,teofilo otoni,MG,24.382164351851852,36.51212962962963,0,132.84
5f482802d2cfd506df0097347965687c,fd91d63492be5404cdb0c84b1f142f59,delivered,2018-04-02 11:51:50,2018-04-04 03:30:19,2018-04-04 23:03:15,2018-04-06 22:07:41,2018-04-12,69.9,12.43,1,1,82.33,1,1,5.0,1.0,87dbe9c62c041832305e9ad226d86ab7,7191,guarulhos,SP,4.4276736111111115,9.505671296296295,0,82.33000000000001
ad07b2975044eedaa3d511eb7a6f80ba,7d03d934195e2c1f1233ad74146aafc0,delivered,2018-04-02 11:53:50,2018-04-04 03:30:25,2018-04-04 18:42:32,2018-04-13 19:39:09,2018-04-26,150.0,34.59,1,1,184.59,1,1,5.0,1.0,bf4625d3d2f0c204c7472eb69133ff1d,95041,caxias do sul,RS,11.323136574074073,23.50428240740741,0,184.59
3c0be21119f52aa359b9adc51824ac6d,03d4f8c8cd112d8756d88741497d1f8c,delivered,2018-04-02 11:56:48,2018-04-02 12:10:13,2018-04-03 19:05:09,2018-04-20 21:42:12,2018-04-26,124.7,23.8,1,1,148.5,3,1,4.0,1.0,6cf5bc81d002764e9f52fa309344b6cd,48990,andorinha,BA,18.40652777777778,23.502222222222223,0,148.5
cbb39c59f8084f27c248bd5c3a1cde7b,5a1b3cfe4361ec9d9baabe656a05c00f,delivered,2018-04-02 11:58:24,2018-04-04 03:30:22,2018-04-04 23:50:43,2018-04-06 23:32:19,2018-04-12,225.0,19.35,1,1,244.35,1,1,4.0,1.0,a31d723e3056ef6ddca7b2aec4ad6294,2377,sao paulo,SP,4.481886574074074,9.501111111111111,0,244.35
e35f0336aa72b7e4c72417d79c385960,a500f3b8a00058b3e300716c59d7ad99,delivered,2018-04-02 11:59:40,2018-04-02 12:10:18,2018-04-04 22:22:15,2018-04-06 21:42:00,2018-04-18,320.0,14.68,1,1,334.68,8,1,5.0,1.0,77411b182ddd816c6def74b56e537a48,2518,sao paulo,SP,4.4043981481481485,15.500231481481482,0,334.68
fbcb9c1c272d20d294b3d5cc25ccc417,57125f5e79965d52dfa4302dba5d869f,delivered,2018-04-02 12:04:17,2018-04-03 05:30:17,2018-04-04 20:58:46,2018-04-17 19:32:43,2018-04-23,45.0,22.93,1,1,67.93,1,1,4.0,1.0,9a376ff06ccaae65a04b1b1c5535fc75,27110,barra do pirai,RJ,15.311412037037037,20.497025462962963,0,67.93
6ae8f9dc38343aeaddaf7ad202c81960,4c20ae0a763f932624e62301f665789c,delivered,2018-04-02 12:09:21,2018-04-02 13:50:05,2018-04-03 19:41:37,2018-04-04 11:46:06,2018-04-13,20.0,7.39,1,1,27.39,1,1,5.0,1.0,51285b47f804f5f0f238187575604fd6,13083,campinas,SP,1.9838541666666667,10.493506944444444,0,27.39
d79acd725bc4a0f28c6b42a9471d783e,2fbc8b0a61f041665380a5a931b321a5,delivered,2018-04-02 12:09:49,2018-04-02 12:28:37,2018-04-03 19:47:15,2018-04-06 21:04:23,2018-04-18,158.0,13.55,1,1,171.55,3,1,4.0,1.0,94be6e53f703a58e5d868471c18b4726,4203,sao paulo,SP,4.371226851851852,15.49318287037037,0,171.55
d963d0963eba99c7aeab1e3c03daa7e9,3c6bdd30725c924638f0e5525974ae55,delivered,2018-04-02 12:12:56,2018-04-02 12:28:37,2018-04-02 23:32:09,2018-04-04 18:13:46,2018-04-26,26.0,9.44,1,1,35.44,1,1,5.0,1.0,60d6bbd1a6d5dcbaa5debc8da8a81558,8191,sao paulo,SP,2.2505787037037037,23.49101851851852,0,35.44
62073ec6b54b8e6322037fc0f3591ad3,368f207cdc8f5c93a2b2a5d4cce96ba8,delivered,2018-04-02 12:22:06,2018-04-03 20:29:09,2018-04-17 22:46:22,2018-04-24 20:36:50,2018-05-10,859.66,456.46999999999997,7,2,1316.14,10,1,2.0,1.0,f9172a6495d46451776be8bc8e46032d,26460,japeri,RJ,22.343564814814815,37.484652777777775,0,1316.1299999999999
8e3c10b463cb2ffb94546b5e9f05cd05,8e2e0eb8e828fd0fa012dbae8d10d6f0,delivered,2018-04-02 12:24:33,2018-04-02 12:35:18,2018-04-11 01:03:05,2018-04-26 13:57:24,2018-04-23,559.8,301.12,2,1,860.92,1,1,5.0,1.0,8e09a391443c7fa0c2781071233894d2,77020,palmas,TO,24.06447916666667,20.48295138888889,1,860.92
13f0a8913015ac1227a6b09f518c475d,c6a61ca0eb08e3c60bdcb638c921691a,delivered,2018-04-02 12:24:41,2018-04-02 13:35:21,2018-04-03 17:56:37,2018-04-14 12:11:34,2018-04-19,292.0,19.92,1,1,311.92,3,1,5.0,1.0,f71b1891b7419536fcd70055efaa6951,33400,lagoa santa,MG,11.990891203703704,16.482858796296295,0,311.92
56e46d1a61ebb9b86fa914b4007d8a97,1ff5c5d5829ba8256f375f90998d2dd9,delivered,2018-04-02 12:28:44,2018-04-02 12:48:29,2018-04-03 18:33:23,2018-04-11 20:28:28,2018-04-24,54.88,22.09,1,1,76.97,6,1,5.0,1.0,d021cc390cab07031c0750a0f1509c46,30668,belo horizonte,MG,9.333148148148148,21.480046296296297,0,76.97
3e1e8c1cf1dfdbec245dc1d04ab27e38,f8213934e14cc83d7fc89f6397d4a058,delivered,2018-04-02 12:30:02,2018-04-02 12:48:39,2018-04-04 19:12:04,2018-04-06 18:42:00,2018-04-18,191.47,20.68,1,1,212.15,4,1,5.0,1.0,2a5a352188f018f8f0033a5c6f01d3f3,5758,sao paulo,SP,4.258310185185185,15.47914351851852,0,212.15
bc4b1551a6fb2346fc87b5879402dbf2,68a8d355bec6e846fbdee48e9a3e3611,delivered,2018-04-02 12:40:33,2018-04-02 12:50:20,2018-04-25 15:31:00,2018-04-26 21:28:50,2018-04-24,168.98,9.54,1,1,178.52,8,1,2.0,1.0,e859e90f73478f60793f3be64ef9eb1a,6726,cotia,SP,24.366863425925924,21.471840277777776,1,178.51999999999998
88223c3979b0dac8b52690966235efbd,addeb8729d2995e56078e6787858960f,delivered,2018-04-02 12:45:17,2018-04-03 05:10:34,2018-04-04 00:57:36,2018-04-24 02:04:47,2018-04-27,74.99,16.83,1,1,91.82,1,1,4.0,1.0,09976ab240099cc26220384fa752e4f1,94030,gravatai,RS,21.555208333333333,24.46855324074074,0,91.82
ee4f89a4d2cea2a4910f24c491696af1,31c3c57318baea8904c0855e7b05e955,delivered,2018-04-02 12:49:12,2018-04-04 03:29:27,2018-04-04 18:11:11,2018-04-27 18:36:42,2018-04-24,86.9,25.42,1,1,112.32,1,1,4.0,1.0,4313fa5484249473621c67c84fd0af94,41745,salvador,BA,25.241319444444443,21.465833333333332,1,112.32000000000001
14a54a1ffd16f037929c4553a244f9ed,f51dd48ef39ca937e5f1c9e87f6f2881,delivered,2018-04-02 12:50:49,2018-04-03 08:09:01,2018-04-04 21:58:23,2018-05-05 16:51:54,2018-05-07,279.9,24.46,1,1,304.36,1,1,4.0,1.0,6ba10a800cb22eee680100ec5ef1dc62,76803,porto velho,RO,33.16741898148148,34.46471064814815,0,304.35999999999996
54a81cfa62c4fe0c6df7812ad83b9036,9713347440d60327275fc4124a09f8ab,delivered,2018-04-02 12:54:23,2018-04-03 05:50:26,2018-04-04 20:13:02,2018-04-06 19:32:41,2018-04-12,89.18,8.98,1,1,98.16,1,1,3.0,1.0,4bd7bb66afb7dd4a9e3a0579ae6d894b,8730,mogi das cruzes,SP,4.276597222222223,9.462233796296296,0,98.16000000000001
8f7674bbcb64b16e52d28222db9a3263,8ef74d7f7464fef1901ef5333791ba23,delivered,2018-04-02 13:00:31,2018-04-02 13:10:17,2018-04-03 15:26:45,2018-04-06 17:37:00,2018-04-18,110.0,27.04,1,1,137.04,3,1,5.0,1.0,6ce600e7df782410b29d2d7c4ff77865,32340,contagem,MG,4.192002314814815,15.457974537037037,0,137.04
3b14820d642ea72e95df3289b6539c1c,4248fddd68e3375c24e743290ce2d9fa,delivered,2018-04-02 13:01:06,2018-04-02 13:10:21,2018-04-04 23:42:34,2018-04-12 17:12:13,2018-04-23,75.9,19.5,1,1,95.4,1,1,4.0,1.0,a79c62e50e66e1036ba2cb2e5e00aff3,37190,tres pontas,MG,10.174386574074074,20.457569444444445,0,95.4
38a920f4e80a3be96ecbfc0cba4517d6,313679079420ce50210b4f87c1e23693,delivered,2018-04-02 13:05:43,2018-04-02 13:15:23,2018-04-05 22:38:38,2018-04-16 12:42:14,2018-05-15,131.9,19.98,1,1,151.88,3,1,4.0,1.0,c08e719caba50b9eaff4ff295098ac6f,2430,sao paulo,SP,13.98369212962963,42.454363425925926,0,151.88
5c734ce57306bb7ff8cf9a8fc11b63d7,6a9c922c5c65bbfa983c16742e4a4a6e,delivered,2018-04-02 13:06:21,2018-04-02 13:15:21,2018-04-04 18:06:47,2018-04-05 19:09:31,2018-04-12,39.9,9.26,1,1,49.16,1,1,3.0,1.0,e732b096aef595c36483a20cb2c0464f,1508,sao paulo,SP,3.252199074074074,9.453923611111112,0,49.16
e98a7233637d3d8e07adcf92b23daaf3,e198ea664c0323a3e9806e09dd3eecef,delivered,2018-04-02 13:08:56,2018-04-02 13:28:34,2018-04-04 17:31:06,2018-04-06 18:03:45,2018-04-18,54.99,12.44,1,1,67.43,3,1,5.0,1.0,c080aa09c43bfdbb4a346864d75e2c45,26900,miguel pereira,RJ,4.2047337962962965,15.45212962962963,0,67.43
d4af27263fce5b006a6818766ed90fc9,c5b4ff6e1567dfcf1c3b4a17d82e9f25,delivered,2018-04-02 13:13:36,2018-04-03 20:35:18,2018-04-04 17:58:38,2018-04-14 17:26:44,2018-04-20,149.9,21.97,1,1,171.87,8,1,5.0,1.0,29822ca08dca951a79be070855d1126f,29313,cachoeiro de itapemirim,ES,12.175787037037036,17.448888888888888,0,171.87
b019bc1c1d0c2021d1c4d8d8e94ed969,4e2b881285ffa8978c58a6fa37df124b,delivered,2018-04-02 13:15:39,2018-04-02 13:30:09,2018-04-05 19:58:40,2018-05-07 19:28:39,2018-05-04,25.9,15.23,1,1,41.13,1,1,2.0,1.0,43ddb13f8a1b4d4d9ab3bb41ae2532fe,22011,rio de janeiro,RJ,35.259027777777774,31.447465277777777,1,41.129999999999995
c2ea1bba24e50ff0dae7d466c1e2986d,81391dccf0ddecf22324b3ed34008079,delivered,2018-04-02 13:16:39,2018-04-02 13:30:12,2018-04-04 19:02:27,2018-04-05 20:21:48,2018-04-12,13.65,7.39,1,1,21.04,1,1,5.0,1.0,b12280090e7728296f697791c978d775,13486,limeira,SP,3.2952430555555554,9.446770833333334,0,21.04
b4587793077c17563480c33e3afa4786,f115c9fb49045355c502f201e83f432c,delivered,2018-04-02 13:24:38,2018-04-02 13:35:21,2018-04-03 22:48:29,2018-04-04 15:38:37,2018-04-12,19.9,7.39,1,1,27.29,2,1,5.0,1.0,da50337a5fb6694f66d5dabc0b5b2b45,9390,maua,SP,2.0930439814814816,9.441226851851852,0,27.29
80d9c03bcaef317e3d2ad8d6fe48538d,074de085ef6f81a46dd7118d6d8836f9,delivered,2018-04-02 13:32:16,2018-04-02 13:50:06,2018-04-07 01:28:34,2018-04-16 23:38:51,2018-04-27,136.0,15.83,1,1,151.83,3,1,1.0,1.0,cfc348841bd34650bff82a216733ac6c,94810,alvorada,RS,14.421238425925926,24.435925925925925,0,151.83
2f530dde74c88c4df00b7767e76f7542,6c0aa6b885517e59eb6755b70476f174,delivered,2018-04-02 13:35:16,2018-04-02 13:50:01,2018-04-04 19:02:35,2018-04-05 20:14:55,2018-04-12,23.7,8.29,1,1,31.99,1,1,5.0,1.0,c05fc59b8b1924e44af73f23b6ff95d1,3422,sao paulo,SP,3.277534722222222,9.433842592592592,0,31.99
0ab7fb08086d4af9141453c91878ed7a,000379cdec625522490c315e70c7a9fb,delivered,2018-04-02 13:42:17,2018-04-04 03:10:19,2018-04-04 18:11:09,2018-04-13 20:21:08,2018-04-18,93.0,14.01,1,1,107.01,1,1,4.0,1.0,0b83f73b19c2019e182fd552c048a22c,4841,sao paulo,SP,11.276979166666667,15.428969907407408,0,107.01
d3350e3a63b03e10d16463a2e75a5361,f2183922480268c0f1615ae3d86f5109,delivered,2018-04-02 13:50:26,2018-04-02 14:41:11,2018-04-04 19:48:15,2018-04-15 14:18:37,2018-04-27,159.49,50.730000000000004,2,2,210.22,6,1,1.0,1.0,cffe0bf326840211fd854576c4064129,25710,petropolis,RJ,13.019571759259259,24.423310185185183,0,210.22000000000003
0ca492845a50b96f1143aaa61470c070,cbc5606f1ee34f29834269e606c23cc9,delivered,2018-04-02 13:55:42,2018-04-02 14:11:32,2018-04-04 17:38:37,2018-04-10 17:51:30,2018-04-19,58.99,13.49,1,1,72.48,2,1,3.0,1.0,874763a0d1b43530139393ddf82c4a0f,13560,sao carlos,SP,8.16375,16.419652777777777,0,72.48
809e0909a53d03c3c8a6a193b66796c4,97bb734166c2167ab5d8beaf637817f9,delivered,2018-04-02 13:57:29,2018-04-04 03:29:35,2018-04-07 01:16:46,2018-04-24 00:18:52,2018-04-23,299.99,58.65,1,1,358.64,1,1,5.0,1.0,73f0c67497ab69da9073b79e06f9c35e,65067,sao luis,MA,21.431516203703705,20.41841435185185,1,358.64
de7ee6becf8148c0952776a49f980c19,5cbf1c7456d9789a9c0955daffca1546,delivered,2018-04-02 13:59:15,2018-04-02 14:11:38,2018-04-03 22:28:45,2018-04-04 15:06:09,2018-04-12,13.99,7.39,1,1,21.38,1,1,5.0,1.0,bf7e07e4ccc7df0889db4653d60c3f27,18055,sorocaba,SP,2.0464583333333333,9.4171875,0,21.38
1d25c59982ba58d4b0868f23c114f4be,310822f701b4f2b70c6d9843a0065078,delivered,2018-04-02 14:02:33,2018-04-04 03:08:54,2018-04-07 01:18:25,2018-04-16 16:38:45,2018-05-04,79.99,16.53,1,1,96.52,1,1,5.0,1.0,a2b50b2b016ef5a491f853c97cada425,91350,porto alegre,RS,14.108472222222222,31.414895833333333,0,96.52
99f7ab7ea1001d0e2b6ac00be98444c8,a89239e65e47c570a0e6a5117afde4c1,delivered,2018-04-02 14:02:34,2018-04-03 07:55:16,2018-04-04 18:31:27,2018-04-26 02:33:03,2018-04-25,39.99,16.95,1,1,56.94,1,2,3.0,1.0,e61882ab6798e29390be71cec924de19,30720,belo horizonte,MG,23.52116898148148,22.41488425925926,1,56.94
a8ad6062c04fe8e59731cf03daf951b0,a32bfb52b772eb12837ab15df2b165c7,delivered,2018-04-02 14:04:43,2018-04-02 14:15:26,2018-04-03 18:57:35,2018-04-12 05:55:40,2018-05-07,78.99,19.52,1,1,98.51,4,1,5.0,1.0,69318bb3bfeda26bfa370962cca70b5e,38790,sao goncalo do abaete,MG,9.660381944444444,34.4133912037037,0,98.50999999999999
489f6e3f33b0c5303c7f0c83f3ea8db5,4f53572a0b69b4bcb158ce76062be4cf,delivered,2018-04-02 14:06:57,2018-04-03 14:09:55,2018-04-05 21:45:49,2018-04-11 21:21:58,2018-04-23,37.99,18.23,1,1,56.22,1,1,5.0,1.0,0c3d4091777941c3c51a4408a3ec0037,36900,manhuacu,MG,9.302094907407408,20.411840277777777,0,56.22
d74f695d00f9997798afe64684937fff,68fefc3d63ca480cc15d904be2e9b2b0,delivered,2018-04-02 14:08:43,2018-04-02 14:31:18,2018-04-03 23:05:16,2018-04-23 21:13:51,2018-04-24,29.99,18.23,1,1,48.22,1,1,4.0,1.0,72dc9d3afc7d95b61351044bb1a8e99c,29175,serra,ES,21.29523148148148,21.410613425925927,0,48.22
bfff22b563631e997a4a22dd4b87abc2,c4781eecc0840edcc02c29277533004c,delivered,2018-04-02 14:08:53,2018-04-02 14:30:50,2018-04-03 20:05:22,2018-04-09 20:32:13,2018-04-19,134.9,13.38,1,1,148.28,6,1,5.0,1.0,2c14db46aee6245ff5a01f7f69544f73,11250,bertioga,SP,7.266203703703703,16.410497685185184,0,148.28
dcd503d4272567a178500e93e964ac98,fe7cfc486242c6a6860dcd3d9099a123,delivered,2018-04-02 14:08:54,2018-04-02 14:31:07,2018-04-03 00:32:12,2018-04-13 14:04:08,2018-04-18,65.6,14.55,1,1,80.15,3,1,4.0,1.0,0412b2282e02ce84ae6c1a837862f792,2177,sao paulo,SP,10.996689814814815,15.410486111111112,0,80.14999999999999
3c13195e54b623f3040b926c83503002,edf6e9f4ea080de0350647ce44557e42,delivered,2018-04-02 14:22:44,2018-04-02 14:35:25,2018-04-05 21:12:22,2018-04-13 12:12:16,2018-04-25,95.0,25.48,1,1,120.48,2,1,3.0,1.0,7d35b83187925f7c3a76e661e8e5b28d,85892,santa helena,PR,10.909398148148147,22.400879629629628,0,120.48
987cfe3348684fc007a1e9a4825eadb4,8bba830be57bad4ed0b40743372ce289,delivered,2018-04-02 14:26:59,2018-04-02 14:51:04,2018-04-04 18:31:41,2018-04-11 02:41:48,2018-04-18,109.8,28.94,2,1,138.74,3,1,4.0,1.0,124bc956b56b1523d2a75b29a856085d,13874,sao joao da boa vista,SP,8.510289351851851,15.397928240740741,0,138.74
fb8616e60ade994289f5e25077397fc5,fe61004a24f1701cdf06662c4f4a0f00,delivered,2018-04-02 14:27:17,2018-04-02 14:51:24,2018-04-04 21:32:39,2018-04-09 20:57:45,2018-04-20,27.9,18.23,1,1,46.13,1,1,5.0,1.0,d512b4f2972ecf63414832d0a914538d,81810,curitiba,PR,7.271157407407407,17.397719907407406,0,46.129999999999995
83b1fe04ebec197a8059297cf62e4c40,185706f394240115d64c8e348e55304c,delivered,2018-04-02 14:31:23,2018-04-02 14:51:24,2018-04-03 21:32:51,2018-04-04 14:04:01,2018-04-12,359.0,9.38,1,1,368.38,7,1,5.0,1.0,3ead427485c7ce6ca8f658532878c3e7,6112,osasco,SP,1.9809953703703704,9.394872685185184,0,368.38
72aae4d8091260674fd5abd94479abc3,d4da05b2b67ae67c603c1063a2a361af,delivered,2018-04-02 14:44:12,2018-04-02 15:11:26,2018-04-04 17:36:34,2018-05-22 16:02:41,2018-04-24,47.75,17.71,1,1,65.46,1,1,1.0,1.0,683714a0aa428eb05fd1dad1b3cb994f,60520,fortaleza,CE,50.05450231481481,21.38597222222222,1,65.46000000000001
41056c68216a5174be6c39a7b4d596c2,f2c995877a18094f7db6037da3d927f1,delivered,2018-04-02 14:44:19,2018-04-02 15:11:19,2018-04-04 02:41:02,2018-05-08 20:12:08,2018-04-25,159.0,27.87,1,1,186.87,3,1,3.0,1.0,cb1e6596c84490a7dd4fc031e951b244,93220,sapucaia do sul,RS,36.22765046296296,22.385891203703704,1,186.87
070f721954fa2416856b2b30e3c3c341,5c15488d1970472a9bbcd68ac1468e33,delivered,2018-04-02 14:44:51,2018-04-04 03:15:31,2018-04-05 19:08:27,2018-04-16 16:47:40,2018-05-02,182.0,37.03,2,2,219.03,1,1,5.0,1.0,3af5f7534be6d2d2d81562ee1dc98af2,89186,aurora,SC,14.085289351851852,29.385520833333334,0,219.03
c5012c7f101ca64cdb27a97dd7790af8,0eb39f4f40a683dd63f028cea7c9ff92,delivered,2018-04-02 14:47:05,2018-04-02 15:11:20,2018-04-04 02:58:28,2018-04-14 13:58:36,2018-04-20,24.99,18.23,1,1,43.22,1,1,5.0,1.0,1a2dc00176c3417843bf9d9f318a6573,27961,macae,RJ,11.966331018518519,17.38396990740741,0,43.22
5d4f7c285f497d34734c73d0db2cf236,8e85b6f2c0f14714b7a1cafaf9c4eed3,delivered,2018-04-02 14:53:01,2018-04-02 15:11:54,2018-04-04 18:24:52,2018-04-11 17:38:50,2018-04-18,69.9,12.88,1,1,82.78,4,1,5.0,1.0,7e9dc9b6162184e57e4415b69ecd3a8a,5781,sao paulo,SP,9.115150462962964,15.379849537037037,0,82.78
d114db1284e403886d42917794dab1aa,a25a1621da773f67495618a8a2a475db,delivered,2018-04-02 14:54:18,2018-04-02 15:11:50,2018-04-03 19:30:48,2018-04-04 20:54:42,2018-04-12,29.0,8.82,1,1,37.82,1,1,5.0,1.0,6cb883216e1b7f65b1c7a7c76236509d,7151,guarulhos,SP,2.250277777777778,9.378958333333333,0,37.82
84c6aab1664b33eb5607e118dc4bced8,cd308a85bd46a37859726a36c43ba71f,delivered,2018-04-02 14:54:34,2018-04-03 07:08:27,2018-04-05 21:42:07,2018-04-25 18:46:56,2018-04-23,39.99,18.23,1,1,58.22,3,2,5.0,1.0,635c8fb5a76d4ca6467ac179f8f8e3a9,35411,antonio pereira,MG,23.16136574074074,20.37877314814815,1,58.22
fb52772040f4324904abfd196ab908f8,f42e699878e3e99189d663c0818b7006,delivered,2018-04-02 14:55:04,2018-04-02 15:11:50,2018-04-03 17:21:40,2018-05-02 16:52:25,2018-04-18,215.0,13.41,1,1,228.41,6,1,,,cacdc7392d5058cca242374dadf53068,6365,carapicuiba,SP,30.081493055555555,15.378425925925926,1,228.41
a722dd5ab3a3cf4065a47d75a502fdab,9f8713bb5653423221f0c56370f9b12d,delivered,2018-04-02 14:56:53,2018-04-02 15:11:53,2018-04-04 03:18:34,2018-04-10 22:52:48,2018-05-07,182.0,44.7,2,2,226.7,6,1,,,8418b8ecfc9702b5eacddc5e75a4dcca,37464,itanhandu,MG,8.330497685185184,34.37716435185185,0,226.7
859fe3a0d22aa42768493bb4a9572ad6,fd8bcdf40e6bdf5dbdd6f64c9a9c5809,delivered,2018-04-02 14:59:56,2018-04-04 03:10:19,2018-04-04 20:37:18,2018-04-17 18:24:29,2018-04-18,17.99,12.79,1,1,30.78,1,1,4.0,1.0,798afbdbe12210fa20ba21690359825d,18120,mairinque,SP,15.142048611111111,15.375046296296297,0,30.779999999999998
ab0ccee430e5206071c69ff52e7634c3,5837bf9247f6da39816b125d64e982ad,delivered,2018-04-02 15:05:52,2018-04-04 03:30:24,2018-04-07 01:42:40,2018-04-12 19:31:37,2018-04-24,146.9,27.26,2,1,174.16,1,1,1.0,1.0,4b72c220414716bd4464a30fac305adc,2734,sao paulo,SP,10.184548611111111,21.370925925925928,0,174.16
5b5153bb02f4f2e953e5a87aa1cc8389,7f52398a75fde579f87d3a1a41b3e665,delivered,2018-04-02 15:09:04,2018-04-02 15:32:32,2018-04-03 19:58:41,2018-04-23 20:36:44,2018-04-25,53.99,16.35,1,1,70.34,1,1,5.0,1.0,390254e1cfc59ba1ad23b31339b00262,94085,gravatai,RS,21.227546296296296,22.368703703703705,0,70.34
8b047d4d9fc0bfa29c568da18fc5ac30,b32b05c0935909a9c00fa3bea8a29e5d,delivered,2018-04-02 15:09:42,2018-04-02 15:32:30,2018-04-03 22:17:28,2018-04-09 14:29:01,2018-04-18,289.9,20.11,1,1,310.01,10,1,5.0,1.0,08417644f62cb87c2b413b49eb2e052e,14500,ituverava,SP,6.971747685185186,15.368263888888889,0,310.01
132d431a6757fe865a1f7117978bd0e0,b02ecf867fe6e02059318f0496ca67af,delivered,2018-04-02 15:10:14,2018-04-03 15:09:19,2018-04-04 01:38:32,2018-04-05 19:32:50,2018-04-12,199.99,13.3,1,1,213.29,3,1,5.0,1.0,cbda48699ce0eddc2bed9c71fab9757a,3729,sao paulo,SP,3.182361111111111,9.36789351851852,0,213.29000000000002
e0e83bdc2be394626d0f9177dcde0889,45e6b3e3126887fc3767adefb71c97d3,delivered,2018-04-02 15:11:28,2018-04-02 15:32:27,2018-04-05 20:02:56,2018-04-11 19:50:59,2018-04-18,149.9,13.49,1,1,163.39,10,1,1.0,1.0,0f64cafdb3e1e4806c99ff165305e27f,12929,braganca paulista,SP,9.194108796296296,15.367037037037036,0,163.39000000000001
d692f0481bd794d936f4dd5bc15b461f,c89b7f5621fd31116496f32f0090687e,delivered,2018-04-02 15:14:35,2018-04-04 03:09:00,2018-04-04 21:33:05,2018-04-11 23:12:21,2018-04-23,119.9,35.97,1,1,155.87,1,1,5.0,1.0,9601a8cc22ee0e8b594f6890afe17f1e,38400,uberlandia,MG,9.331782407407408,20.364872685185187,0,155.87
0c2b241aa0c85f5e27ad334225793b87,eab17001b1d7cde27c1f1234af12d4e6,delivered,2018-04-02 15:21:10,2018-04-04 03:29:29,2018-04-18 22:28:34,2018-05-14 23:28:30,2018-05-18,239.96999999999997,74.07000000000001,3,1,314.04,1,1,5.0,1.0,01bbbfc56b8ec1052e46f260226e34f9,22793,rio de janeiro,RJ,42.338425925925925,45.36030092592593,0,314.03999999999996
ff543157c2f72dec558dfc734cfd46f7,d26d89d0d45d511f89d1edcfa7399862,delivered,2018-04-02 15:25:57,2018-04-02 15:35:26,2018-04-03 19:47:49,2018-04-25 18:48:51,2018-04-23,130.0,39.83,1,1,169.83,1,1,1.0,1.0,ab0b5685586300e1786c7d85f206744f,41613,salvador,BA,23.14090277777778,20.356979166666665,1,169.82999999999998
3d02ffd53fae296eda2c7d777ab2f4ab,a680fe6d7d39da354273aefb119308c8,delivered,2018-04-02 15:28:24,2018-04-02 15:49:05,2018-04-05 15:28:52,2018-04-13 16:32:18,2018-04-19,49.99,15.23,1,1,65.22,1,1,5.0,1.0,9cb483da9c96d3a5087405d01c3d54ae,81770,curitiba,PR,11.044375,16.35527777777778,0,65.22
5f2f2e0cfc4ea452b16a78eee2ccbc89,427de05ce0608c08a25593eb6e083123,delivered,2018-04-02 15:29:04,2018-04-03 05:50:30,2018-04-03 23:19:35,2018-04-07 16:08:42,2018-04-23,148.9,22.12,1,1,171.02,1,1,4.0,1.0,9b3e6da0d8a24302a976b8ab62a83062,1209,sao paulo,SP,5.027523148148148,20.354814814814816,0,171.02
58ba43739da75a7d57d464e2adedb4e7,cf5116c8a3a4484640454565f54fefe6,delivered,2018-04-02 15:32:27,2018-04-02 15:49:19,2018-04-03 23:41:19,2018-04-11 17:02:46,2018-04-20,119.9,21.92,1,1,141.82,2,1,1.0,1.0,9c716774f1360606a27c1d0a2fd5a79c,24130,niteroi,RJ,9.062719907407407,17.352465277777778,0,141.82
31f2b7c70b716879e5c4080ef87f20bc,98b8e49c0cf885f1da80403205b422a6,delivered,2018-04-02 15:37:39,2018-04-02 15:50:16,2018-04-03 20:55:25,2018-04-09 21:36:46,2018-04-18,53.9,13.46,1,1,67.36,6,1,5.0,1.0,7218da49ef6bca3a8d862b83e6112cf5,14066,ribeirao preto,SP,7.249386574074074,15.348854166666667,0,67.36
3043405047f16630ddf598af31943a45,9570c760b3bbc424b655e3493ee375bf,delivered,2018-04-02 15:40:09,2018-04-02 15:55:15,2018-04-03 00:58:58,2018-04-12 22:44:55,2018-04-26,147.9,22.75,1,1,170.65,2,1,4.0,1.0,49c222b0032f5e8a335a3c4a78fbd35d,27330,barra mansa,RJ,10.294976851851851,23.347118055555555,0,170.65
4deab312e3e7dd7eefaf005f169974f9,9a107dc2b4eac6faaea8b796ced7e079,delivered,2018-04-02 15:49:35,2018-04-02 16:13:16,2018-04-04 19:33:05,2018-04-16 18:26:43,2018-04-19,29.98,15.23,1,1,45.21,1,1,4.0,1.0,6760ff1058a847c5f21ffde987db6d1c,80730,curitiba,PR,14.10912037037037,16.34056712962963,0,45.21
e15f1e584322c33341bb95913477ae2a,5585e81d18619898a7ee6517d67cce6b,delivered,2018-04-02 15:53:14,2018-04-02 16:13:29,2018-04-05 22:08:52,2018-04-07 12:41:51,2018-04-18,94.0,8.0,1,1,102.0,1,1,5.0,1.0,c49f6a2915f215f805e527f63901779a,86080,londrina,PR,4.867094907407408,15.338032407407407,0,102.0
c1414100e5e04a4b7a2ddb9b080ec71b,9559bea347a4a803e8c59cf932af109e,delivered,2018-04-02 16:06:57,2018-04-03 05:49:01,2018-04-04 19:02:27,2018-04-26 15:37:36,2018-04-19,18.9,15.23,1,1,34.13,1,1,1.0,1.0,b0aa66f3bdea0ebfa0d1b3e44492fe68,29112,vila velha,ES,23.979618055555555,16.328506944444445,1,34.129999999999995
02e15a348e5f7ae74cd23e7904095aee,e4f455e7f3768d5ef4bc4deb24a65a30,delivered,2018-04-02 16:07:39,2018-04-02 16:30:30,2018-04-05 15:40:51,2018-04-10 23:58:36,2018-04-23,299.98,47.86,2,1,347.84,3,1,5.0,1.0,3a3c4efd9d7b18393b6d774b9fc5a0da,3460,sao paulo,SP,8.327048611111111,20.328020833333333,0,347.84000000000003
b71ae2d7677a2cb21e4d19ac1141e7b3,f8973afdc844e2b56c90aa9a714d6956,delivered,2018-04-02 16:09:38,2018-04-02 16:31:01,2018-04-04 14:12:18,2018-04-17 23:08:45,2018-04-23,69.9,19.46,1,1,89.36,1,1,5.0,1.0,ed0e6df30bce87c1fcb8335489c5fc68,29943,sao mateus,ES,15.291053240740741,20.32664351851852,0,89.36000000000001
d262943abbea3ae2db6528a4261ba247,6eae55140163e2af86907a15a478f2d2,delivered,2018-04-02 16:10:57,2018-04-03 17:10:29,2018-04-04 23:27:38,2018-04-08 21:19:30,2018-04-12,123.9,64.41,1,1,188.31,10,1,5.0,1.0,d43fbda3da341fefa956fc2267a647fb,4896,sao paulo,SP,6.214270833333333,9.325729166666667,0,188.31
c9ff04aa260f20f8b69d7a6dce2327c7,025ce7b097bd128c2d494aeac94d62ea,delivered,2018-04-02 16:13:00,2018-04-03 05:08:23,2018-04-04 18:06:53,2018-04-08 16:38:38,2018-04-13,33.9,7.39,1,1,41.29,1,1,5.0,1.0,8485723ea4c23f245f2bad68833199ae,13157,cosmopolis,SP,6.0178009259259255,10.324305555555556,0,41.29
82a51ccb2a300179554229ce57f2b05b,c9c56649a35abb4aa29797b17350d423,delivered,2018-04-02 16:30:02,2018-04-03 05:49:09,2018-04-03 20:08:55,2018-04-11 23:13:07,2018-04-18,156.45,15.98,1,1,172.43,1,1,4.0,1.0,7a40947998913254b660eb4408898456,31140,belo horizonte,MG,9.279918981481481,15.312476851851851,0,172.42999999999998
dc20710a4582a12ed1eb1504bd916272,5b4650bd59b6448a8c97c16df472c6e2,delivered,2018-04-02 16:32:05,2018-04-02 16:53:02,2018-04-03 19:30:55,2018-04-06 20:32:16,2018-04-18,69.9,13.56,1,1,83.46,1,1,5.0,1.0,928c4a731accb535e97f15703d78718c,13670,santa rita do passa quatro,SP,4.166793981481481,15.31105324074074,0,83.46000000000001
91525e6c353903461f1104f9e224a5a6,5ccfd1da4165b745aca83602f666e3b5,delivered,2018-04-02 16:48:35,2018-04-03 17:15:26,2018-04-04 17:56:55,2018-04-05 19:44:45,2018-04-12,99.9,11.79,1,1,111.69,3,1,4.0,1.0,ac869a3e0913880e9baaf0da7faaa9b8,3282,sao paulo,SP,3.122337962962963,9.299594907407407,0,111.69
8a8d4f2c50daf68104823637fbb01111,359cb0d7499e2a6703e7e59a397e0101,delivered,2018-04-02 16:57:27,2018-04-02 17:49:05,2018-04-04 18:41:42,2018-04-10 01:57:23,2018-04-24,18.75,15.23,1,1,33.98,1,1,4.0,1.0,fcbcb15babddb97030bfc22da7b211a9,13040,campinas,SP,7.374953703703704,21.2934375,0,33.980000000000004
39774525e32164b147737bc4932ec02a,25349dd5f9f05ea1fbfddf1f5556d5fc,delivered,2018-04-02 16:58:20,2018-04-04 03:10:31,2018-04-04 20:16:46,2018-04-05 21:08:26,2018-04-12,299.0,14.53,1,1,313.53,1,1,5.0,1.0,15519876b62cfc50b46f347b895284ea,4809,sao paulo,SP,3.1736805555555554,9.292824074074074,0,313.53
01c7b08f0c05952ce15edb928bb63d2d,378b80aaccaaf259cfd1389b968e4bb2,delivered,2018-04-02 16:59:53,2018-04-02 17:10:25,2018-04-05 13:03:32,2018-04-18 18:56:38,2018-05-02,274.95,26.04,1,1,300.99,1,1,5.0,1.0,19d49f41fb53c169a6ad94ff06b023b1,85884,medianeira,PR,16.08107638888889,29.291747685185186,0,300.99
5f93e72cdaf53d21746077af4b48e790,9675f4cb991cac2400c7327839f1c72e,delivered,2018-04-02 17:00:10,2018-04-02 17:10:19,2018-04-03 21:09:02,2018-04-11 15:24:28,2018-04-23,100.9,16.68,1,1,117.58,1,1,5.0,1.0,cbd89f6d72ae98f98512048b73acd0c1,9351,maua,SP,8.933541666666667,20.291550925925925,0,117.58000000000001
3ac72d6b4d6ecee25955544a54657e3b,cb9138d82ee6d6c847c8edbfbb02e312,delivered,2018-04-02 17:01:05,2018-04-02 17:10:20,2018-04-03 22:43:38,2018-04-16 20:40:42,2018-04-23,323.1,55.89,3,1,378.99,5,1,5.0,1.0,d557ddc6a5d521f22173bebc2d116806,88815,criciuma,SC,14.152511574074074,20.290914351851853,0,378.99
91d231727ec821bb32a0a1a769441318,09f72882ee46dc4b201c6fc9ad2d7dd7,delivered,2018-04-02 17:03:21,2018-04-02 17:15:26,2018-04-03 23:22:07,2018-04-19 14:58:21,2018-04-27,126.69,38.09,1,1,164.78,3,1,5.0,1.0,0dbc11931c115ad195729066a817c54e,46580,tanque novo,BA,16.913194444444443,24.28934027777778,0,164.78
6175b1fa7ea822df4907c8e4b71fc192,9c2d7e734f6c068b707e9ab0bffd5048,delivered,2018-04-02 17:03:38,2018-04-02 17:15:27,2018-04-04 18:06:47,2018-04-18 00:31:56,2018-04-20,254.9,35.32,1,1,290.22,8,1,5.0,1.0,a1f560f4e2d33a585b14158020b63719,29146,cariacica,ES,15.311319444444445,17.289143518518518,0,290.22
3c58bffb70dcf45f12bdf66a3c215905,7bb57d182bdc11653fac1593436df8bf,delivered,2018-04-02 17:11:30,2018-04-04 13:10:01,2018-04-04 23:36:54,2018-04-12 15:58:51,2018-04-18,86.9,13.67,1,1,100.57000000000001,1,1,5.0,1.0,1bc3d5e384c365c86cf79078f32eb495,6900,embu-guacu,SP,9.949548611111112,15.283680555555556,0,100.57000000000001
42a2b3e3880278bbfd48a514c5bc77fe,668c72de37d65166a4ef67f66da10504,delivered,2018-04-02 17:15:25,2018-04-02 18:00:11,2018-04-05 21:12:03,2018-04-10 20:47:36,2018-04-26,81.99,7.92,1,1,89.91,1,1,5.0,1.0,aca2ea577306b79f86204117d99edb65,13013,campinas,SP,8.147349537037037,23.28096064814815,0,89.91
cd1eb285c53babf41b30ec658c0bf122,6ea8b8c44170030252975e4c32c8b214,delivered,2018-04-02 17:17:33,2018-04-02 17:30:27,2018-04-06 00:34:41,2018-04-09 21:58:35,2018-04-24,180.0,17.8,1,1,197.8,2,1,4.0,1.0,051eaa4a268260ac7b23e90fa5656670,30170,belo horizonte,MG,7.195162037037037,21.27947916666667,0,197.8
e8e4ccb8fbae6c4092d94bbff888a6c0,f717deed9559899472e5164bd41fdbfb,delivered,2018-04-02 17:23:29,2018-04-02 17:35:21,2018-04-03 11:12:02,2018-04-04 22:28:25,2018-04-12,79.99,8.91,1,1,88.9,1,1,5.0,1.0,6ae6951437293db40e0e4abd81a8430f,6700,cotia,SP,2.211759259259259,9.275358796296297,0,88.89999999999999
21adb757aaef1f7f6240352b33d30e5a,3ee189647295a370a1efe464e24918bf,delivered,2018-04-02 17:27:30,2018-04-04 03:09:03,2018-04-18 23:36:59,2018-06-11 23:41:52,2018-05-16,154.99,51.58,1,1,206.57,1,1,2.0,1.0,7a41a033d1171fe68f363c2a2c16d448,59340,sao vicente,RN,70.25997685185185,43.27256944444444,1,206.57
fca0397489a3333e988ec1218efe40b6,27b295de7abd15ea08c2dcaebb4a3666,delivered,2018-04-02 17:34:41,2018-04-02 17:49:08,2018-04-03 21:44:45,2018-04-09 14:51:44,2018-04-18,89.9,21.71,1,1,111.61,10,1,3.0,1.0,a0d44d593fe455c0ec7ed8f4715190cb,1451,sao paulo,SP,6.886840277777778,15.267581018518518,0,111.61000000000001
10fbf4deeecbf5381ea7de8d87603c0f,34af4d04a7a8bf9f3165365b13b10878,delivered,2018-04-02 17:37:17,2018-04-02 17:50:15,2018-04-14 00:06:46,2018-04-20 23:04:18,2018-05-07,186.99,66.98,1,1,253.97,5,1,1.0,1.0,90431636dc3e4c4cc4a01eb4112b68f1,81280,curitiba,PR,18.22709490740741,34.265775462962964,0,253.97000000000003
62b913bcab921594dd1136fa97a7b627,b7a6a904496d5bb486056bda2f963bc7,delivered,2018-04-02 17:38:33,2018-04-02 17:50:24,2018-04-03 20:52:24,2018-04-05 15:31:13,2018-04-13,35.0,8.88,1,1,43.88,1,1,5.0,1.0,b873a7fc87857fa0306e2293b37798f2,9840,sao bernardo do campo,SP,2.911574074074074,10.264895833333334,0,43.88
e78ce48c9cd4e84041cfe6bed8be2000,e0e9dc4b7b935bde461d2154e56a6d8e,delivered,2018-04-02 17:45:46,2018-04-03 08:09:03,2018-04-04 02:19:15,2018-04-12 20:24:48,2018-04-25,19.9,16.95,1,1,36.85,1,1,5.0,1.0,e8b7b7d47f4b171e42f290bc6ec1f381,98035,cruz alta,RS,10.110439814814814,22.25988425925926,0,36.849999999999994
ef519547cb72d3ac42ff707948fdb963,b1f0a629f39ec410be67ab09638095c4,delivered,2018-04-02 17:49:06,2018-04-02 18:09:53,2018-04-04 00:12:53,2018-05-20 17:36:37,2018-05-04,299.0,19.97,1,1,318.97,2,1,1.0,1.0,c8c66a09a6402e1799afa3064a0ade6e,22071,rio de janeiro,RJ,47.991331018518515,31.257569444444446,1,318.97
5d39411a17c42bca603225f6f89a0207,fea3ed32e9d3eea5878fb54a399461a8,delivered,2018-04-02 17:51:14,2018-04-02 18:10:03,2018-04-03 20:58:24,2018-04-05 23:27:36,2018-04-18,109.9,13.21,1,1,123.11,1,1,5.0,1.0,e2340f5098380d7686658168aab61a36,18304,capao bonito,SP,3.233587962962963,15.256087962962964,0,123.11000000000001
56173a7cc04c8e7350ec2fc647c912cf,d3c58deab42f2cd260f84d6f6a3d7769,delivered,2018-04-02 17:57:34,2018-04-04 03:10:30,2018-04-04 17:58:44,2018-04-06 17:45:34,2018-04-12,99.0,9.05,1,1,108.05,1,1,5.0,1.0,7ee13600d2ecddb57d72a4d092189215,4335,sao paulo,SP,3.9916666666666667,9.251689814814815,0,108.05
52b584ffb85f68adad88374d3c150147,ab43c99f81fbaa54332d8d8017506aa9,delivered,2018-04-02 17:58:40,2018-04-02 18:10:21,2018-04-07 01:04:55,2018-04-26 00:43:34,2018-05-08,109.0,21.7,1,1,130.7,1,1,5.0,1.0,71f3dc040d7a2ba5ff5d49b521cce152,22780,rio de janeiro,RJ,23.281180555555554,35.25092592592593,0,130.7
3b56cbdbdb60dd5d1da927732b03b24e,3646e497c87fa084a28907ba063a9c50,delivered,2018-04-02 17:59:25,2018-04-02 18:10:19,2018-04-04 03:41:14,2018-04-10 22:04:06,2018-04-20,76.99,16.51,1,1,93.5,4,1,4.0,1.0,9cb08f2e998c59c78fbd1ecce61a090f,74425,goiania,GO,8.169918981481482,17.250405092592594,0,93.5
152f374ff951d09fe5f0e7cdb410dddd,9d2b084fef3c3995d1f071f52c097fc2,delivered,2018-04-02 17:59:43,2018-04-02 18:10:17,2018-04-04 20:04:24,2018-04-12 12:33:16,2018-04-25,89.9,23.21,1,1,113.11,1,1,5.0,1.0,a9d5f1a1c75ba4447485d6cf084c53a0,89980,campo ere,SC,9.77329861111111,22.25019675925926,0,113.11000000000001
d57972b73a27f652ccf86430761823d9,f20d883c319a6547c3fd39d25c8e0c54,delivered,2018-04-02 18:00:26,2018-04-02 18:10:18,2018-04-06 23:49:47,2018-04-12 01:03:19,2018-05-03,56.9,26.0,2,1,82.9,4,1,4.0,1.0,34e39382b0e4b079b9e9b743f6dd4d6b,21020,rio de janeiro,RJ,9.293668981481481,30.249699074074073,0,82.9
7a26da3fd67188dde4c9fecdbfef740b,76cfe789c1b55bf71f7aff5ad2d72cf6,delivered,2018-04-02 18:14:47,2018-04-02 18:30:18,2018-04-04 10:48:44,2018-04-09 18:36:29,2018-04-18,69.99,12.93,1,1,82.92,1,1,5.0,1.0,04b08ed14e6fd1812c21314c07512758,17020,bauru,SP,7.015069444444444,15.239733796296296,0,82.91999999999999
e92bfc2b80158dd5cca5a92e08f1cba2,04782c73fe6e7a3b4a99879710f7362a,delivered,2018-04-02 18:18:22,2018-04-03 05:10:36,2018-04-04 05:44:33,2018-04-06 22:54:22,2018-04-26,99.0,24.82,1,1,123.82,1,1,3.0,1.0,2a6cb5039e5e1e7c058a8190753b531e,57051,maceio,AL,4.191666666666666,23.23724537037037,0,123.82
dc608454ac1f85d42db31f7d558afff6,d0472a32770b2d07b3746ba671268938,delivered,2018-04-02 18:23:58,2018-04-02 18:35:22,2018-04-05 21:45:49,2018-04-13 13:19:35,2018-04-20,319.8,69.32,2,1,389.12,4,1,,,e5aef4b8a3dbe19889e7bce52e8f0bc2,24753,sao goncalo,RJ,10.788622685185185,17.233356481481483,0,389.12
c49181fdd58a10a077a8a075b9a46e6b,48145944557a9c6c41f6db3a5e4bc4f2,delivered,2018-04-02 18:39:26,2018-04-02 18:55:29,2018-04-03 20:32:59,2018-04-09 21:26:39,2018-04-18,22.97,12.79,1,1,35.76,1,1,4.0,1.0,c808502022d6780fdc07afc3af63c6ee,4707,sao paulo,SP,7.116122685185185,15.222615740740741,0,35.76
c1f89369bd3cbb73632fdaa0ccaea081,231d0b9437092e86792cd80a5f1cc679,delivered,2018-04-02 18:46:22,2018-04-02 19:07:58,2018-04-04 17:07:19,2018-04-07 01:32:50,2018-04-12,12.0,7.39,1,1,19.39,1,1,5.0,1.0,ae78ade889beda3d322c106406f1a2e2,5773,sao paulo,SP,4.282268518518518,9.217800925925927,0,19.39
86cd00e7c37e87a8a2204f3e3266e85b,0a6c498b077e72120f5bb62c3a1c2c0e,delivered,2018-04-02 18:48:47,2018-04-02 19:07:54,2018-04-04 17:36:43,2018-04-07 01:26:33,2018-04-12,32.9,7.87,1,1,40.77,4,1,5.0,1.0,0a1d505323970813602fb0a7c50aa484,91910,porto alegre,RS,4.276226851851852,9.216122685185185,0,40.769999999999996
a60b6d835751f3580629da8d3b00b761,4c01cd397da9c3d496e8ac9db71bf078,delivered,2018-04-02 18:49:35,2018-04-02 19:08:02,2018-04-05 21:21:50,2018-04-17 18:28:37,2018-04-30,26.0,19.32,1,1,45.32,1,1,5.0,1.0,2f23c8a1e98ba86fc5e2462c1d12df9e,36955,mutum,MG,14.985439814814814,27.21556712962963,0,45.32
de29736b0c955c213b7ba952d5f3b9ec,c73c9dcfbc22dd5f107fe8ac7382978a,delivered,2018-04-02 18:49:50,2018-04-02 19:08:05,2018-04-14 00:14:38,2018-04-19 14:12:17,2018-05-08,139.94,44.56,1,1,184.5,3,1,4.0,1.0,1a2e7faa3054228a9b5b2a7f24b7e580,25965,teresopolis,RJ,16.807256944444443,35.21539351851852,0,184.5
4faf80dc9fb66032ad2dfb5a78c2c56b,2c9948887f75cb26e1831f13d88676cc,delivered,2018-04-02 18:52:25,2018-04-02 19:08:01,2018-04-03 23:29:42,2018-04-09 14:26:44,2018-04-25,179.93,23.76,1,1,203.69,1,1,4.0,1.0,ee07acbbdcae6527297281fbd36774e3,70670,brasilia,DF,6.815497685185186,22.213599537037037,0,203.69
d71112c1e6312bdd9d6543a9b6902789,eb54825a36f59c2693676f375c2426d8,delivered,2018-04-02 19:06:24,2018-04-02 19:15:21,2018-04-10 18:31:43,2018-04-16 17:53:40,2018-04-30,67.91,12.65,1,1,80.56,2,1,4.0,1.0,6d545c01220eb8f2f4eb142222c4e5f8,5014,sao paulo,SP,13.94949074074074,27.20388888888889,0,80.56
3dcf6bbf1ee3961f91de6a7c6e51076a,6f2424decc3bd68aee42dbcabb162fd3,delivered,2018-04-02 19:10:06,2018-04-03 05:28:26,2018-04-03 18:58:55,2018-04-18 19:33:32,2018-04-19,139.4,27.74,1,1,167.14,1,1,5.0,1.0,e83d10d3e69a2fd56a6a63849df71af6,24358,niteroi,RJ,16.016273148148148,16.201319444444444,0,167.14000000000001
0996218f2d0c8ec0cb08f7498588bc41,2c94ee4423f153e13ce3fb15ac406a13,delivered,2018-04-02 19:13:49,2018-04-02 19:28:41,2018-04-04 19:05:46,2018-04-05 20:08:40,2018-04-12,256.3,28.69,2,1,284.99,5,1,5.0,1.0,55bea30cd78db302debc515e81a851d4,2053,sao paulo,SP,3.0380902777777776,9.198738425925926,0,284.99
3dfb5fab3fd989f43639af9dfd3554f4,54b09520cfa9b25154c878438bbd3258,delivered,2018-04-02 19:18:55,2018-04-03 19:15:22,2018-04-04 22:51:47,2018-04-06 22:20:52,2018-04-12,49.9,8.82,1,1,58.72,5,1,5.0,1.0,d45f8102701438db83ba17c6a22be53a,5741,sao paulo,SP,4.126354166666666,9.19519675925926,0,58.72
85d32072051813056a0a92fdef601cbb,487583258b019590638622dd1f4d6e14,delivered,2018-04-02 19:35:17,2018-04-04 03:29:22,2018-04-10 00:02:57,2018-05-07 20:37:59,2018-04-27,199.9,43.46,1,1,243.36,1,1,4.0,1.0,c82ca1ef39d618de9fd145ddcaef0a86,63800,quixeramobim,CE,35.04354166666667,24.183831018518518,1,243.36
572840084761674356f93543109c23c3,187cd3a0a52354dd3570a2957c753db5,delivered,2018-04-02 19:36:18,2018-04-02 19:48:19,2018-04-04 23:16:46,2018-04-05 15:28:50,2018-04-12,39.99,7.39,1,1,47.38,1,1,4.0,1.0,e589ee9cf4be0c1e18077ae33e1fa286,4330,sao paulo,SP,2.828148148148148,9.183125,0,47.38
2ce188fdc7fb58e72c2adeedc6419827,e5ad7771f118319b46602d7cf60a7184,delivered,2018-04-02 19:37:10,2018-04-02 19:48:17,2018-04-04 17:51:01,2018-05-04 14:19:53,2018-04-30,120.0,70.83,1,1,190.83,6,1,4.0,1.0,60fb616bb45ff65e4c9485500d612a1b,59856,severiano melo,RN,31.779664351851853,27.18252314814815,1,190.82999999999998
55128fafaf26a1f0fbf789f5e9fbb831,f9d405f30bf0a93bcf5de8eabf0fc4d2,delivered,2018-04-02 19:37:23,2018-04-02 19:48:17,2018-04-03 19:16:31,2018-04-11 21:12:15,2018-05-10,45.0,22.06,1,1,67.06,1,1,5.0,1.0,b271d05b0af445bdb35bce5cee0e0c40,22240,rio de janeiro,RJ,9.06587962962963,37.182372685185186,0,67.06
36b1f4e20647a8599217e502c9ed45e0,3bd9cab16ac6be6b2cf08859994a06e3,delivered,2018-04-02 19:44:20,2018-04-02 20:09:29,2018-04-04 08:33:58,2018-04-07 16:39:22,2018-04-12,92.25,17.3,2,2,109.55,2,1,3.0,1.0,3baae02c3b608a48d1dfbb678fe30d3a,89208,joinville,SC,4.871550925925926,9.177546296296295,0,109.55
a708e05eb2ffa51665826471263f190e,bffbbc61efcd1b9c5994919daea899d5,delivered,2018-04-02 19:47:55,2018-04-02 20:09:28,2018-04-03 23:05:32,2018-04-05 16:41:43,2018-04-12,11.99,7.55,1,1,19.54,1,1,5.0,1.0,69b23e9e9119726bcfc3731b5e70d9f7,28633,nova friburgo,RJ,2.8706944444444447,9.17505787037037,0,19.54
c1d56b2ecba4d7cef028f838f3a460d7,841588ec55d017bfc541493da447ce61,delivered,2018-04-02 19:52:52,2018-04-02 20:09:38,2018-04-03 18:38:44,2018-04-11 23:35:22,2018-04-26,179.9,41.71,2,2,221.60999999999999,1,2,3.0,1.0,f26a70ca11d3ead9236e4b51dea74135,87010,maringa,PR,9.15451388888889,23.17162037037037,0,221.61
281f583b66b67f63c1917c691644c22a,5feb8ef6c9e1b2ccd51d363f014c491d,delivered,2018-04-02 19:57:02,2018-04-02 20:10:22,2018-04-04 02:41:02,2018-04-17 12:24:55,2018-04-25,159.0,27.87,1,1,186.87,1,1,5.0,1.0,cca634a5e8cffea413f58c8c29324d41,93320,novo hamburgo,RS,14.686030092592592,22.16872685185185,0,186.87
e9007e380558105d9508dbc5b6e3ec59,82f44f612817d366e8305b59650b7d71,delivered,2018-04-02 20:04:30,2018-04-02 20:15:42,2018-04-04 19:28:22,2018-04-23 20:02:50,2018-04-26,77.8,74.08,2,1,151.88,3,1,5.0,1.0,fdb1f5ba1ae4d0b60ada33775e8b9632,77455,alianca do tocantins,TO,20.99884259259259,23.163541666666667,0,151.88
6fbc5b66b494906692191a0673edc28c,d53f4ec69c4531ee2230c7a754c7191f,delivered,2018-04-02 20:08:24,2018-04-02 20:29:47,2018-04-03 20:07:38,2018-04-13 14:32:34,2018-04-30,135.0,17.51,1,1,152.51,1,1,4.0,1.0,a82c228da97b07f1b02ffb5ba2a3385c,14620,orlandia,SP,10.766782407407407,27.160833333333333,0,152.51
37b1281795f5155c913abe0c05f43b4a,8fbd5b048cd28151d592f67319423ae8,delivered,2018-04-02 20:19:13,2018-04-02 20:30:39,2018-04-03 19:51:40,2018-05-04 17:08:46,2018-04-30,169.99,58.58,1,1,228.57,8,1,,,505d2929aded558e9c4ea53ce960b700,59315,ipueira,RN,31.867743055555554,27.15332175925926,1,228.57
eeb17181fc1852d99c92171ac3efd4e6,884d810803084b58c977aa975b1f3c33,delivered,2018-04-02 20:23:04,2018-04-02 20:35:31,2018-04-04 17:38:38,2018-04-09 16:52:07,2018-04-25,79.99,18.17,1,1,98.16,3,1,4.0,1.0,27e64469eab0c82082629a43b0d75af7,37600,cambui,MG,6.853506944444445,22.150648148148147,0,98.16
584c2b6afebd2ec8c284ee84f4c79ebf,b962d24bb3c12996d839400f1dea145e,delivered,2018-04-02 20:24:21,2018-04-04 03:08:53,2018-04-04 18:46:54,2018-04-12 18:51:51,2018-04-25,69.99,18.07,1,1,88.06,1,1,5.0,1.0,8020122f905630db7791d7f176b7982e,95780,montenegro,RS,9.93576388888889,22.149756944444444,0,88.06
a182c021b0561e70031de925b3991fb3,1d93c38087f43927ad29cdbd73a1a01b,delivered,2018-04-02 20:25:56,2018-04-02 20:35:17,2018-04-04 18:13:12,2018-04-11 11:14:31,2018-04-25,158.0,18.99,1,1,176.99,4,1,5.0,1.0,14691264ea396cd3bd71ebbe36bc6771,29278,arace,ES,8.61707175925926,22.14865740740741,0,176.99
74061a81b1a19f1c62f2f5466d0c2522,2cac6eb6144175d59831ef26dd8a7cff,delivered,2018-04-02 20:27:01,2018-04-02 20:49:50,2018-04-04 19:20:40,2018-04-13 20:32:30,2018-04-25,117.3,27.05,1,1,144.35,2,1,5.0,1.0,54440eb692bae2fc807017962d287336,54400,jaboatao dos guararapes,PE,11.00380787037037,22.14790509259259,0,144.35
283548b206a96af4094495858774befe,8fb17055fd54b0e086d5320642721a88,delivered,2018-04-02 20:31:32,2018-04-02 20:49:53,2018-04-04 03:07:39,2018-04-09 18:29:49,2018-04-23,345.0,56.07000000000001,3,1,401.07,1,1,5.0,1.0,c667c7454243251d3210c6c54a97c482,39440,janauba,MG,6.915474537037037,20.144768518518518,0,401.07
4611eb5693ff0b8ac1ccaebd3d543bae,1baf22a9d0f09f4631df437e8fcf8af9,delivered,2018-04-02 20:32:39,2018-04-02 20:49:58,2018-04-04 00:48:48,2018-04-07 16:54:44,2018-04-23,199.99,27.48,1,1,227.47,4,1,5.0,1.0,5ad0d0731ab1a8ec1b545744e1e728f4,35182,timoteo,MG,4.848668981481482,20.143993055555555,0,227.47
f3d641d9bf49ba992b999d270bef052b,8c7986a8516cd0fca2760e8cd92acfdc,delivered,2018-04-02 20:32:50,2018-04-03 20:30:13,2018-04-18 17:14:52,2018-05-04 23:22:17,2018-04-24,149.9,25.23,1,1,175.13,6,1,1.0,1.0,d399fa2119d7420b2b03e33536b7f549,5856,sao paulo,SP,32.11767361111111,21.14386574074074,1,175.13
17035df89fe5138ee57b9c50628f4000,be15dccdf1a8a6c2af763b631cfc41aa,delivered,2018-04-02 20:33:12,2018-04-02 20:49:59,2018-04-03 19:04:08,2018-04-06 20:12:00,2018-04-12,55.3,7.71,1,1,63.01,2,1,5.0,1.0,5f42b416ac3ac3af5133154ec2853f79,8280,sao paulo,SP,3.9852777777777777,9.143611111111111,0,63.01
f67653f770ab2bb3b64ee6f3a863f37d,0a8063db2632efe502814c8917d7b4a6,delivered,2018-04-02 20:34:22,2018-04-02 20:49:57,2018-04-04 21:08:27,2018-04-17 18:32:31,2018-04-27,198.9,34.93,1,1,233.83,3,1,4.0,1.0,4aab13ab7f6f9109fa6a996ff4b2cf4e,14680,jardinopolis,SP,14.915381944444444,24.142800925925926,0,233.83
85bdbc455bb7860735bbc573bdc5eb95,61c00670f96298073332498edd20f4f3,delivered,2018-04-02 20:36:44,2018-04-03 16:49:22,2018-04-04 23:16:52,2018-04-09 21:41:44,2018-04-26,50.0,19.32,1,1,69.32,1,1,5.0,1.0,f349b18d0d0d9af0b098b59d15107ba1,15085,sao jose do rio preto,SP,7.045138888888889,23.14115740740741,0,69.32
1def2f4bb1690cbafbef93e9617b0c56,a84419a14dcba3aa77ac5e4d751ec689,delivered,2018-04-02 20:41:50,2018-04-02 20:55:30,2018-04-04 01:14:54,2018-04-06 17:21:15,2018-04-12,86.99,11.23,1,1,98.22,1,1,5.0,1.0,e1597191169c809c3f806394f02b3835,8345,sao paulo,SP,3.8607060185185187,9.13761574074074,0,98.22
985bcbededbcdec4a04f505d68cc4117,e436ed5e3618131594f326ad13dc6c10,delivered,2018-04-02 20:45:08,2018-04-04 03:15:38,2018-04-10 01:18:26,2018-04-17 16:56:38,2018-05-07,215.0,27.59,1,1,242.59,1,1,5.0,1.0,23a886ebce4bc86212c72f669a9bdb31,98780,santa rosa,RS,14.841319444444444,34.13532407407408,0,242.59
67e38e175cf79b1600eab312aec838c0,605645fcbab47e76cb9f4b7432a0ece8,delivered,2018-04-02 20:45:17,2018-04-02 21:09:22,2018-04-03 18:35:36,2018-04-11 20:21:46,2018-04-19,219.9,42.49,1,1,262.39,2,1,5.0,1.0,948b8eb5aaf9d77f4ad5e36512117741,35162,ipatinga,MG,8.98366898148148,16.135219907407407,0,262.39
0bfe55f7a11b408e6519d50eb874b331,26a5ebc887e2d4d92ef470d35c78f280,delivered,2018-04-02 20:46:38,2018-04-02 21:09:26,2018-04-16 19:47:33,2018-04-23 18:36:25,2018-04-20,225.0,35.24,1,1,260.24,2,1,2.0,1.0,cd2671a21d95e72a623e07b63551335c,5750,sao paulo,SP,20.909571759259258,17.134282407407408,1,260.24
a9eec2aaf2814129ba011047ae8484b6,edd13a1ddf89812084c9545dadc62505,delivered,2018-04-02 20:49:48,2018-04-02 21:09:30,2018-04-05 00:45:40,2018-04-26 14:56:34,2018-04-18,149.98,26.85,2,1,176.83,3,1,2.0,1.0,b9de353000bbdc1f5d6cc2fc945ce452,5854,sao paulo,SP,23.754699074074075,15.132083333333334,1,176.82999999999998
a707874e5cdbc85cc3c63f60f28a413a,11e7a370c4d19f21d7ae57faf77099fc,delivered,2018-04-02 20:52:06,2018-04-02 21:09:31,2018-04-04 22:22:14,2018-04-09 21:06:41,2018-04-18,499.99,15.94,1,1,515.93,8,1,5.0,1.0,17d0490fbbca9329842a0b7c83ec4542,4560,sao paulo,SP,7.010127314814815,15.13048611111111,0,515.9300000000001
03b5e0da68374e8ac08cd539d0559cfe,b8df33fe835f1614dff9140bba7ec8fe,delivered,2018-04-02 20:53:01,2018-04-03 05:28:23,2018-04-04 03:05:48,2018-04-06 19:49:37,2018-04-23,36.0,34.12,2,1,70.12,1,1,5.0,1.0,daf01deafc412b92fd052d5a9e9e6525,40170,salvador,BA,3.955972222222222,20.129849537037035,0,70.12
a65211639143a90d6cb4116d808b1823,b23f056c8604016df9fefaa92128ab42,delivered,2018-04-02 20:55:25,2018-04-04 03:09:02,2018-04-04 22:38:56,2018-05-26 01:34:22,2018-05-16,699.0,31.95,1,1,730.95,1,1,1.0,1.0,660faf14e9201af9e1c4f65968010944,69313,boa vista,RR,53.19371527777778,43.128182870370374,1,730.95
bbb8f308ef79e2783aa8714a4fa7e2a8,2053482e414b4e2f2bd0dc9715f300a8,delivered,2018-04-02 20:56:08,2018-04-03 05:28:26,2018-04-07 00:42:34,2018-04-09 14:52:25,2018-04-12,299.9,10.39,1,1,310.29,1,1,5.0,1.0,d9ad5b8ce105bd3baced4648987fbbfc,3025,sao paulo,SP,6.747418981481482,9.127685185185186,0,310.28999999999996
4a1c3af89657b2177e85765d4390ef46,f03b4ce360b0d79f411799cf275fb9c3,delivered,2018-04-02 20:58:58,2018-04-02 21:10:29,2018-04-03 20:54:23,2018-04-09 21:38:50,2018-04-18,119.8,29.02,2,1,148.82,2,1,5.0,1.0,8d56bc0ef587bcbabca776198885ea99,14806,araraquara,SP,7.027685185185185,15.125717592592592,0,148.82
80e57a9aecdddc40ad34d34dda39838e,5708c0f571740069a74aa7902b11932a,delivered,2018-04-02 21:00:48,2018-04-02 21:10:23,2018-04-04 21:05:14,2018-04-13 13:18:33,2018-04-23,176.5,16.12,1,1,192.62,8,1,5.0,1.0,3123f4758f8ee64a0e19eccd9fd46f9b,83820,fazenda rio grande,PR,10.678993055555555,20.124444444444446,0,192.62
9ee0fd6b317c26dddea4dc4347c8a82c,876e9ff6d0ccd5f181ec4b604c737ad9,delivered,2018-04-02 21:01:38,2018-04-02 21:10:27,2018-04-04 17:51:02,2018-04-11 17:27:54,2018-04-23,385.0,26.76,1,1,411.76,5,1,4.0,1.0,64980a452df83ba2c874c0321bd7d104,89114,gaspar,SC,8.851574074074074,20.12386574074074,0,411.76
94a8d8bcc1d121eda5d59670f27d48e8,f8b42eabc832b6afada3094e7eb0d711,delivered,2018-04-02 21:04:15,2018-04-02 21:15:22,2018-04-05 00:28:22,2018-04-18 16:49:32,2018-04-18,22.8,12.79,1,1,35.59,1,1,1.0,1.0,fca0cb4128fc47ff7cbde31768fcb4df,4561,sao paulo,SP,15.823113425925927,15.122048611111111,1,35.59
a966152e4fc6b7e1891aadd4406c7c4a,d339a723a489601e585d4f733a94bfe4,delivered,2018-04-02 21:10:31,2018-04-04 03:08:55,2018-04-11 02:32:39,2018-04-13 20:06:34,2018-04-23,48.0,17.93,1,1,65.93,1,1,2.0,1.0,3703c49786e40fce8e26f0537ae7c365,4555,sao paulo,SP,10.955590277777778,20.11769675925926,0,65.93
c343d83ab82945c95a47834bae35be64,88ab67420fcf1508f65898bcd20e8582,delivered,2018-04-02 21:11:35,2018-04-02 23:08:06,2018-04-03 21:22:17,2018-04-04 22:44:51,2018-04-26,178.2,18.32,2,1,196.52,2,1,4.0,1.0,bb81f281d073876e133f437f99379257,22410,rio de janeiro,RJ,2.0647685185185187,23.11695601851852,0,196.51999999999998
6324e65e2ee9229b276012aef741e036,d8af922675854cdedcf291b6a9e29d7d,delivered,2018-04-02 21:14:40,2018-04-02 21:30:24,2018-04-04 01:06:42,2018-04-11 18:58:48,2018-04-24,65.0,15.33,1,1,80.33,1,1,5.0,1.0,831d35eb07e4ca4974adf2de9a4dbb2d,80440,curitiba,PR,8.905648148148147,21.114814814814814,0,80.33
d077976b2620a58d80c6bb4bd721276b,a5158362cc54afe8731402040b13d7e2,delivered,2018-04-02 21:14:44,2018-04-02 21:30:17,2018-04-03 17:18:24,2018-04-10 20:28:37,2018-04-18,33.0,12.79,1,1,45.79,1,1,4.0,1.0,55d5321a2f84f80d13308d258582eb2e,15895,cedral,SP,7.967974537037037,15.114768518518519,0,45.79
a1edad7cfd5d204dd6addb0d596523ee,d920a66344bc61bb78726f3802109af6,delivered,2018-04-02 21:16:41,2018-04-02 21:30:16,2018-04-03 18:23:06,2018-04-04 20:12:42,2018-04-12,49.9,7.39,1,1,57.29,1,1,5.0,1.0,bf9c1806d51b1fe67171bcf0716b940c,9710,sao bernardo do campo,SP,1.9555671296296295,9.113414351851851,0,57.29
1e3afc9cb36a927cb383e0d51cf19342,ce159c391aa863a53149f159a761fbee,delivered,2018-04-02 21:22:59,2018-04-04 03:29:36,2018-04-04 20:41:00,2018-04-18 21:11:19,2018-04-20,39.9,16.32,1,1,56.22,1,1,5.0,1.0,24c432ec6fd66a2fac3bf1d08a524b98,72548,brasilia,DF,15.991898148148149,17.10903935185185,0,56.22
3bfd863aeb764ee13e7a3909ca8be2a5,a04a7887c27bab7f6c73ee263840123a,delivered,2018-04-02 21:30:19,2018-04-02 21:48:51,2018-04-04 17:51:02,2018-04-27 15:47:25,2018-04-19,55.0,15.27,1,1,70.27,1,2,1.0,1.0,eac7f2e81399b4c58eebde09fc2d33f5,25510,sao joao de meriti,RJ,24.761875,16.10394675925926,1,70.27
41028f6e5c0766a28665b78590b4b8d7,7795e422f21ee2057de57ef0212b4d7a,delivered,2018-04-02 21:31:12,2018-04-02 21:49:12,2018-04-04 21:46:47,2018-04-13 15:12:33,2018-04-23,259.0,18.52,1,1,277.52,3,1,5.0,1.0,53b5f3ee447865c2de22e4814ef70bbe,74825,goiania,GO,10.737048611111112,20.10333333333333,0,277.52
70797100fedf9c14e0d0008c876f11b5,1661d19b3ecbfcabf7d551f2d0ad2733,delivered,2018-04-02 21:32:22,2018-04-04 03:10:18,2018-04-05 00:49:42,2018-04-12 17:21:18,2018-05-03,122.99,15.74,1,1,138.73,1,1,5.0,1.0,7c0e4a6359c6ff5cd0384f461562c59b,20050,rio de janeiro,RJ,9.825648148148149,30.102523148148148,0,138.73
442dccfb1443cb7035f2b7810f974dd9,adaf88d3b2dd17497e88d690060fe409,delivered,2018-04-02 21:33:35,2018-04-03 12:35:25,2018-04-05 00:17:41,2018-05-11 00:39:08,2018-05-02,129.9,45.46,1,1,175.36,1,1,1.0,1.0,c2c71d0cb91780737b1ac2a93fea7d12,66095,belem,PA,38.12885416666666,29.10167824074074,1,175.36
dfdf713f169a1ba9bbfd41f67179e07a,2946b54f698c047983290dd6af2e1b4e,delivered,2018-04-02 21:36:47,2018-04-02 21:49:11,2018-04-03 20:28:26,2018-04-07 12:51:54,2018-04-20,12.52,12.79,1,1,25.31,1,1,3.0,1.0,4e6d3611cced02bd8c573c69596e1361,11523,cubatao,SP,4.635497685185185,17.09945601851852,0,25.31
b28d46b1868c3e5ad7bec94c220e36ef,a2df3f2abba350e6bbe53f43eafb781b,delivered,2018-04-02 21:38:23,2018-04-02 21:49:11,2018-04-03 21:51:27,2018-04-10 14:02:57,2018-04-18,53.9,13.46,1,1,67.36,1,1,5.0,1.0,8df90f3c2baf58eb80e804c7567e467f,9750,sao bernardo do campo,SP,7.683726851851852,15.098344907407407,0,67.36
44569e91b30111309ef6cdca8bfaaca9,36be2e21057fd071db7cb0db8c84a103,delivered,2018-04-02 21:44:34,2018-04-03 21:49:35,2018-04-04 22:16:31,2018-04-09 20:53:38,2018-04-18,223.0,14.0,1,1,237.0,3,1,5.0,1.0,681bb8df054e4202535bb91b4f1cc612,12248,sao jose dos campos,SP,6.96462962962963,15.094050925925925,0,237.0
15c8f741c0b7deafafea8af0f7bb6852,5fad1aa86a421b1f437e75c419d9c5e8,delivered,2018-04-02 21:44:47,2018-04-02 22:09:41,2018-04-04 21:47:39,2018-04-09 21:44:47,2018-04-23,250.0,37.77,1,1,287.77,1,1,5.0,1.0,a9747f09bceb60a3a8e0414f1424205d,18706,avare,SP,7.0,20.093900462962964,0,287.77
6bc068075770cc66b2bd231aec60f1be,14f48ad16762cbf2cd2fbd4d0e8c9ffc,delivered,2018-04-02 21:47:07,2018-04-02 22:09:36,2018-04-05 17:56:39,2018-04-07 00:33:45,2018-04-12,49.8,14.78,2,1,64.58,1,1,5.0,1.0,10b442e762ba8a5ad22de5ba2207e5f1,3613,sao paulo,SP,4.115717592592593,9.092280092592592,0,64.58
e6bca34c4a814a0f20073eab640e826a,e97d4413f97154d6553a3edadc988a33,delivered,2018-04-02 21:47:15,2018-04-02 22:09:37,2018-04-03 21:48:52,2018-04-15 15:19:38,2018-04-18,53.9,13.46,1,1,67.36,5,1,4.0,1.0,eab31b8b1460693c283c2ca79936d106,12519,guaratingueta,SP,12.730821759259259,15.0921875,0,67.36
2f2a61c86aa7afe1c5f02283ed90b6ac,bc6dc052222f5224fe0fc82d6ee058e6,delivered,2018-04-02 21:48:56,2018-04-02 22:09:45,2018-04-04 19:48:42,2018-04-11 21:18:29,2018-04-20,99.0,24.82,1,1,123.82,3,1,5.0,1.0,17c313d6dc96f7483ccd5902da61986b,88020,florianopolis,SC,8.978854166666666,17.091018518518517,0,123.82
35f1c7a905180687002390a212d166be,4d76d67924ecadc4b2aa91d302dd020b,delivered,2018-04-02 21:48:56,2018-04-04 03:08:55,2018-04-04 18:11:12,2018-04-16 18:08:46,2018-04-18,65.9,13.82,1,1,79.72,1,1,4.0,1.0,d761830bfa7836aed636fd717c5e3644,18072,sorocaba,SP,13.84710648148148,15.091018518518519,0,79.72
fb75871974a19244a87fcafde416f747,4e46d8da3f58d1c99839a534603f28b8,delivered,2018-04-02 21:49:10,2018-04-02 22:09:39,2018-04-03 22:56:51,2018-05-02 14:40:48,2018-04-30,330.0,36.27,1,1,366.27,8,1,4.0,1.0,3e7ac88fcebf632fb01dd58bd3522ea6,56200,ouricuri,PE,29.70252314814815,27.09085648148148,1,366.27
45c5fceca4f4409e9b086fff7c29e6bb,2dec2f01062c12231bd3e7b828729449,delivered,2018-04-02 21:51:04,2018-04-02 22:09:43,2018-04-07 01:19:18,2018-04-30 11:14:54,2018-04-23,69.0,23.06,1,1,92.06,2,1,1.0,1.0,951d3cb3084f4cda85611cf39abdc731,29171,serra,ES,27.55821759259259,20.089537037037037,1,92.06
24731473d1e50127ea300c02766ec195,f30767c0958813de813e2ade20a6b3b7,delivered,2018-04-02 21:59:52,2018-04-02 22:35:45,2018-04-04 02:14:51,2018-04-13 22:04:16,2018-04-23,27.9,18.23,1,1,46.13,1,1,5.0,1.0,998f70278feb3e44ca975f4a1e253daa,28610,nova friburgo,RJ,11.003055555555555,20.083425925925926,0,46.129999999999995
7f9e3a613e4d2212870577798bc8965a,543000d24bdcd4410f2e0c13b7a0b4f7,delivered,2018-04-02 22:03:20,2018-04-02 22:35:31,2018-04-05 21:41:55,2018-04-16 20:03:13,2018-05-03,282.0,55.62,3,1,337.62,4,1,5.0,1.0,0eb8fc3d7874dbda89ec5baacdbff18c,98995,porto xavier,RS,13.916585648148148,30.08101851851852,0,337.62
5cca397d52ba2f962523520cc83db7ba,7f0aa96805d1c2d2002d0ac60c2ac139,delivered,2018-04-02 22:04:57,2018-04-02 22:35:50,2018-04-04 17:26:31,2018-04-12 19:08:35,2018-04-25,79.99,18.17,1,1,98.16,4,1,5.0,1.0,9e4b9c100c3b0bd37d6604be7c0e9758,89280,sao bento do sul,SC,9.877523148148148,22.07989583333333,0,98.16
bc7ea7bd7ca4a182ca5306633dd96152,00a572d0c25a9ea5e283ea2da267ba8d,delivered,2018-04-02 22:05:00,2018-04-02 22:35:50,2018-04-04 12:41:51,2018-04-10 21:12:23,2018-04-18,145.6,19.1,1,1,164.7,3,1,5.0,1.0,a5d931bbaafdee2e1fd7353cf0c31f05,19860,cruzalia,SP,7.963460648148148,15.07986111111111,0,164.7
c633811fc9f385653545e0f903b60fe5,ab08684ddecf0885c8e85e4f9a7a6259,delivered,2018-04-02 22:05:20,2018-04-02 22:35:31,2018-04-03 23:32:21,2018-04-13 19:51:21,2018-04-25,126.69,33.5,1,1,160.19,3,1,5.0,1.0,e96418ba3e2833b085d1094745dfec1f,89560,videira,SC,10.90695601851852,22.07962962962963,0,160.19
fe7387b4827383e4868b82be1dd12722,36296254382f4dba3677937dcb5285f5,delivered,2018-04-02 22:13:18,2018-04-02 22:55:29,2018-04-03 22:12:33,2018-04-07 14:35:43,2018-04-25,29.9,17.06,1,1,46.96,3,1,5.0,1.0,23aa908cf09e5a2f1c68dfd16af043ea,30642,belo horizonte,MG,4.6822337962962965,22.07409722222222,0,46.959999999999994
dbf8b161073da5d187b1b739a7dc9b86,6a6d5c560d1072a67be9ee533125d9ed,delivered,2018-04-02 22:16:22,2018-04-02 22:55:27,2018-04-04 17:11:58,2018-04-05 18:14:40,2018-04-12,209.70000000000002,37.29,3,1,246.99,5,1,4.0,1.0,02a6a137ef7fe2414c9e14fc4d060790,4116,sao paulo,SP,2.832152777777778,9.071967592592593,0,246.99
de2bff9e29299dc921f2e276c8408400,b9025d9e21715cc1eac81b2e40ee94d9,delivered,2018-04-02 22:30:35,2018-04-03 08:09:01,2018-04-03 18:25:54,2018-04-04 20:03:43,2018-04-12,1199.0,22.39,1,1,1221.39,1,1,5.0,1.0,1494a353bdaf53ecc67c37956a57d929,9572,sao caetano do sul,SP,1.8980092592592592,9.062094907407408,0,1221.39
d79f59ff4de7f665a1e43990736db137,eab1cdfce786eb82b2b9888030c504d1,delivered,2018-04-02 22:31:19,2018-04-02 22:48:09,2018-04-03 22:39:13,2018-04-05 00:26:57,2018-04-12,112.0,9.14,1,1,121.14,8,1,4.0,1.0,76b69af57711b9d5d711208106392700,8290,sao paulo,SP,2.080300925925926,9.061585648148148,0,121.14
c32b4d70241f1ac1d8802908cfc85f03,abdd13750056da284b03b4c6f68ceef3,delivered,2018-04-02 22:32:48,2018-04-04 08:10:14,2018-04-05 00:47:19,2018-04-09 23:54:27,2018-04-19,122.99,15.74,1,1,138.73,3,1,5.0,1.0,aa35908ea856a548bd14a41b0365ed8e,25255,duque de caxias,RJ,7.0567013888888885,16.060555555555556,0,138.73
36a423301e22ec2c1911afa7e7c7c48c,ab0b16738479aa307cae8a80ed13fddd,delivered,2018-04-02 22:33:23,2018-04-02 22:48:17,2018-04-04 23:38:50,2018-04-06 00:27:28,2018-04-18,54.99,13.74,1,1,68.73,1,1,5.0,1.0,e2d7b32bd34b8249be7d25c4c723b957,4726,sao paulo,SP,3.079224537037037,15.060150462962962,0,68.73
cbc7e44581d2fd89d19be4699b356a62,831df3c9586948c387965d2e9efa5c86,delivered,2018-04-02 22:38:27,2018-04-03 08:09:01,2018-04-05 23:38:41,2018-04-19 21:31:55,2018-04-19,99.9,21.78,1,1,121.68,1,1,5.0,1.0,8c1d5869f4f4d2e88714017c98c619ff,26296,nova iguacu,RJ,16.953796296296296,16.056631944444444,1,121.68
2db7a2126c798c9f390d0c8dc5986530,60f582870208015bcf97da37b505fa2b,delivered,2018-04-02 22:39:59,2018-04-03 22:35:18,2018-04-06 23:58:21,2018-04-13 18:12:30,2018-04-23,151.9,27.14,1,1,179.04,2,1,5.0,1.0,3492ae2712b914222e66812da094cc77,28300,itaperuna,RJ,10.814247685185185,20.05556712962963,0,179.04000000000002
abba74619f268802c3e98234e1d2deac,b3fc16d081f666c06b424c822c7a0457,delivered,2018-04-02 22:54:33,2018-04-02 23:10:16,2018-04-04 13:42:46,2018-04-05 23:20:36,2018-04-13,140.0,35.52,4,1,175.52,5,1,5.0,1.0,cd94dd7a37a6160bf004a86f9d36765d,13450,santa barbara d'oeste,SP,3.0180902777777776,10.045451388888889,0,175.52
777b4b0b8467866361a717d277ef1b1f,c21e32dc14bf1951f1cde9b3d149f35b,delivered,2018-04-02 22:55:40,2018-04-02 23:10:16,2018-04-03 21:08:55,2018-04-16 20:56:46,2018-04-19,69.9,24.62,1,1,94.52,3,1,5.0,1.0,e3473cd317c18ca696e241815aed4de1,50710,recife,PE,13.917430555555555,16.044675925925926,0,94.52000000000001
827d13f1e8fe2d4c2b3becfa2b0035ca,6e0cfceb2d49f48738767d48272a8ea8,delivered,2018-04-02 22:56:21,2018-04-02 23:10:16,2018-04-04 12:38:25,2018-04-17 03:58:45,2018-04-30,139.0,57.52,1,1,196.52,5,1,5.0,1.0,4c2fca8629c137347d177109a9a755bc,58701,patos,PB,14.21,27.04420138888889,0,196.52
9ebce80553b159623a9ee681dc7b0c2a,3d2f3aecac5b243372d17898c8fbac83,delivered,2018-04-02 23:03:14,2018-04-02 23:15:19,2018-04-04 18:03:29,2018-04-11 19:14:47,2018-04-18,124.9,15.72,1,1,140.62,2,1,5.0,1.0,3e70cb9a49fa2d85f38fc392d17e4bab,84320,reserva,PR,8.841354166666667,15.039421296296297,0,140.62
6b226bd02458eb747892387b298fec08,bd3ac4136016b9dec404070b49bf8663,delivered,2018-04-02 23:05:28,2018-04-02 23:15:15,2018-04-03 18:48:20,2018-04-04 20:21:59,2018-04-12,72.99,11.15,1,1,84.14,5,1,5.0,1.0,afcc0fd3c5d0c948d5b1da2f6d966f78,4917,sao paulo,SP,1.8864699074074074,9.03787037037037,0,84.14
638c67ed7c981ea1b46e45f23b35f4ff,ffdbd1a1e9a23977e4d638c2b0ccd0b9,delivered,2018-04-02 23:09:18,2018-04-04 03:10:23,2018-04-05 18:12:52,2018-04-11 17:33:02,2018-04-18,134.9,13.38,1,1,148.28,1,1,3.0,1.0,06ecf8af58f2fd3fca5bae3a68b76f0e,8750,mogi das cruzes,SP,8.766481481481481,15.035208333333333,0,148.28
539a1383b0bd9b963044945e607f1aca,3ae277cd8512be9edcf79c749218d3a0,delivered,2018-04-02 23:12:00,2018-04-02 23:28:03,2018-04-04 21:58:25,2018-04-13 23:08:48,2018-04-20,169.0,19.06,1,1,188.06,3,1,5.0,1.0,60c3be08ced32a29639cae284b204bb1,25956,teresopolis,RJ,10.997777777777777,17.033333333333335,0,188.06
c02a0e10038f56fba11ac63a654333a6,34650be05232210e960d2e66d783aedc,delivered,2018-04-02 23:12:09,2018-04-02 23:27:59,2018-04-04 03:07:40,2018-04-16 20:24:34,2018-05-02,94.0,13.78,1,1,107.78,1,1,5.0,1.0,74d241292d4ca93bfc962326cd89425d,12916,braganca paulista,SP,13.883622685185186,29.03322916666667,0,107.78
95f621764d58ab2736abbffb39a183da,ee04dd46d48e1dffe76ca651a89bd83e,delivered,2018-04-02 23:17:12,2018-04-02 23:28:08,2018-04-04 18:32:42,2018-04-18 01:52:31,2018-04-23,117.7,22.53,1,1,140.23,1,1,5.0,1.0,eef5c6fff0c62a0103b68d79ae1c90d7,97050,santa maria,RS,15.107858796296297,20.029722222222222,0,140.23000000000002
f19ea7019ed413c8722275d4c9c08dcd,251bc9a9cbf1b7e5df9c11589d01a6cb,delivered,2018-04-02 23:19:45,2018-04-02 23:35:13,2018-04-16 21:48:37,2018-04-18 22:21:46,2018-04-27,192.99,37.29,1,1,230.28,1,1,,,9863935cf8e2941be3768e057c5ffe7d,11410,guaruja,SP,15.959733796296296,24.027951388888887,0,230.28
e4e3903e4a2fedf6bc3b6e40262e05c1,a61eaeaadf9c45eefbda461f552dfa79,delivered,2018-04-02 23:28:03,2018-04-02 23:47:54,2018-04-06 00:34:36,2018-04-06 23:19:10,2018-04-17,180.0,9.56,1,1,189.56,2,1,,,d31caf529fab5a8d7c4802f8ba77662f,6509,santana de parnaiba,SP,3.9938310185185184,14.0221875,0,189.56
e756c16a8426f61eb4298bd6f590556b,f3ad475cc60e554f7113f18ab06810ca,delivered,2018-04-02 23:28:43,2018-04-02 23:47:53,2018-04-04 21:48:21,2018-04-12 23:36:47,2018-04-18,79.8,30.46,2,1,110.26,1,1,5.0,1.0,f6758ad13b1e5029cd71b03ff7e598ab,30310,belo horizonte,MG,10.005601851851852,15.021724537037038,0,110.25999999999999
1afc78423ebc34ed1e97cb320ac86620,ce9917011643785195fb96c64c8b8db9,delivered,2018-04-02 23:31:00,2018-04-02 23:47:58,2018-04-03 19:49:32,2018-04-09 19:22:50,2018-04-18,14.99,12.79,1,1,27.78,1,1,5.0,1.0,06a230ee53830547ef358d83218bc975,17014,bauru,SP,6.827662037037037,15.020138888888889,0,27.78
e885304ec221dd09a24101f0dd920504,a3586509a27757e4e4825418e8f1174d,delivered,2018-04-02 23:31:13,2018-04-02 23:48:02,2018-04-04 17:48:52,2018-04-25 00:47:25,2018-04-18,151.9,17.97,1,1,169.87,6,1,3.0,1.0,72b1f9e1b8aa00c0be1d47006c3ab5f7,13056,campinas,SP,22.05291666666667,15.019988425925925,1,169.87
3f1ce5993887adf8fa64399d04ddd7eb,e865e63a5fdb1e8a91eb0d8f6aa3129b,delivered,2018-04-02 23:32:37,2018-04-02 23:48:04,2018-04-05 23:33:35,2018-04-06 22:12:16,2018-04-12,150.0,13.95,1,1,163.95,2,1,5.0,1.0,78f4e955f2e59fc45cbde586820d347d,2521,sao paulo,SP,3.9442013888888887,9.019016203703703,0,163.95
d883754340c635b6b1946e3db8b33ceb,7f5f7aedabf1db3434414b19470fd942,delivered,2018-04-02 23:34:42,2018-04-02 23:47:58,2018-04-03 21:09:49,2018-04-28 18:42:32,2018-04-24,89.98,44.12,2,1,134.1,2,1,3.0,1.0,255f932a01554ee603c0c788f2c5705c,41741,salvador,BA,25.79710648148148,21.017569444444444,1,134.1
2187a89df025d844e72cfc51e29dcd6c,7b633708bc80fd33de7fc84fd3d8b8d6,delivered,2018-04-02 23:40:14,2018-04-04 03:15:27,2018-04-04 20:37:19,2018-04-30 15:42:22,2018-04-23,12.9,18.23,1,1,31.13,1,1,1.0,1.0,345805bb009291bfdf72f59df7392c4d,26950,paty do alferes,RJ,27.66814814814815,20.013726851851853,1,31.130000000000003
248b9e7139f9afa6227c51a42ecb915a,e2793697038f61d6ceb3ae89e93d0dab,delivered,2018-04-02 23:45:38,2018-04-04 03:09:00,2018-04-05 00:49:41,2018-04-12 01:12:24,2018-04-19,122.99,15.74,1,1,138.73,1,1,5.0,1.0,81d28d6f543e444ae5d57bab7fe69d32,81630,curitiba,PR,9.060254629629629,16.009976851851853,0,138.73
b1b1f1599820d6e5bfa1f1d74236bfcf,8000019b04e81d5db75e298b308462e5,delivered,2018-04-03 00:01:57,2018-04-03 01:10:09,2018-04-06 00:16:46,2018-04-13 16:11:59,2018-04-19,49.99,13.71,1,1,63.7,3,1,3.0,1.0,7ba7e144c6b6132beb8826e32bfb8565,2671,sao paulo,SP,10.67363425925926,15.998645833333333,0,63.7
970bbf79974ba1ef73cc21ee6fe52cc6,7b7f18d5f94e3c25bd66ec35e87383f0,delivered,2018-04-03 00:05:04,2018-04-04 00:09:24,2018-04-13 18:05:51,2018-04-18 23:48:32,2018-05-04,1914.58,109.73,1,1,2024.31,1,1,4.0,1.0,02b6ef845021b8fefe19c8d200f3ee06,20771,rio de janeiro,RJ,15.988518518518518,30.99648148148148,0,2024.31
0f1e7409f75f39dd6de647d802dd1094,5a4a794ff4256de4a4068824bba52840,delivered,2018-04-03 00:09:27,2018-04-03 00:50:19,2018-04-03 21:07:03,2018-04-06 00:02:43,2018-04-13,48.9,9.26,1,1,58.16,1,1,4.0,1.0,e0ecd0648094462699bae6ca915bade4,6210,osasco,SP,2.995324074074074,9.9934375,0,58.16
c41e5bb170e2a4647f22c8f8f2f07ca7,6b91cdd21fd6d3495008e52d498da1d4,delivered,2018-04-03 00:18:25,2018-04-03 01:10:15,2018-04-04 01:42:24,2018-04-04 18:50:49,2018-04-13,74.99,11.15,1,1,86.14,1,1,5.0,1.0,4e1ce788c3955bb1da32a51ab6d80c66,3627,sao paulo,SP,1.7725,9.987210648148148,0,86.14
751f1086c0b65fab3474d11d18de115d,f9d11796f409c164ef9ed4ffe92b9ae8,delivered,2018-04-03 00:20:36,2018-04-03 01:10:16,2018-04-05 02:22:44,2018-04-20 18:25:41,2018-04-23,40.5,21.43,1,1,61.93,4,1,5.0,1.0,3d684e372547bcaf7ee40953248d17ac,26030,nova iguacu,RJ,17.75353009259259,19.985694444444444,0,61.93
3b71072f9d05c9bb81d0a43adf411715,eabf2c1e1fe45a4d84209cb3f16146c6,delivered,2018-04-03 00:42:20,2018-04-03 01:10:13,2018-04-04 17:42:55,2018-04-05 18:48:47,2018-04-13,69.9,12.43,1,1,82.33,1,1,5.0,1.0,4c1d41dc41656b0b056595efbab91098,8673,suzano,SP,2.7544791666666666,9.970601851851852,0,82.33000000000001
57dc71776356b30418cf133f68678b44,58d11cdb235f26b32a45a4615ff1950e,delivered,2018-04-03 00:44:17,2018-04-03 01:10:13,2018-04-04 17:07:16,2018-04-09 23:29:38,2018-04-23,90.0,32.64,2,1,122.64,1,1,5.0,1.0,9005fcc94dfc5549a00761abe430be1e,74015,goiania,GO,6.948159722222222,19.969247685185184,0,122.64
75317b0ece497c2c9f9e9ed06889a90b,107148803b5e770ccca1b67d6f3a2d9c,delivered,2018-04-03 00:54:42,2018-04-04 00:48:51,2018-04-04 23:29:25,2018-04-14 17:03:18,2018-04-13,474.89,46.07,1,1,520.96,5,1,1.0,1.0,f597cd686de38086427186d274582e70,8411,sao paulo,SP,11.672638888888889,9.962013888888889,1,520.96
364bfe8be0f9a89a9a817d0e8ecd859c,9c80a6e1fb3ca98a63dbde1cd2557985,delivered,2018-04-03 01:16:22,2018-04-03 01:28:15,2018-04-07 01:42:41,2018-04-17 01:05:14,2018-04-19,169.0,28.04,1,1,197.04,5,1,5.0,1.0,74cb1ad7e6d5674325c1f99b5ea30d82,4363,sao paulo,SP,13.992268518518518,15.946967592592593,0,197.04
d7441d210bcda94914b7d0391799cdde,0bb02979a8009c6c5b0306fb8120d6cc,delivered,2018-04-03 02:02:48,2018-04-03 02:15:16,2018-04-03 20:22:33,2018-04-25 21:08:56,2018-04-30,65.5,50.96,1,1,116.46,1,1,4.0,1.0,21c363cc23467c0a77e0b8f34b219875,57035,maceio,AL,22.795925925925925,26.914722222222224,0,116.46000000000001
d5de010b46ae0907273f83e91822a024,c091ccef2611f33bfe395e5b62fb8cd4,delivered,2018-04-03 02:09:13,2018-04-04 18:10:17,2018-04-05 18:33:00,2018-04-30 19:59:42,2018-04-30,19.9,22.06,1,1,41.96,1,1,5.0,1.0,7d5664afeae895f34b87f585edf5a3be,26130,belford roxo,RJ,27.743391203703705,26.910266203703703,1,41.959999999999994
e2532fe843f45b7a1aa7ede9474ca960,8ac0a23bbeb76d7c5244660c19f9d552,delivered,2018-04-03 07:08:31,2018-04-03 07:28:15,2018-04-05 23:32:49,2018-04-06 22:00:17,2018-04-16,154.9,7.95,1,1,162.85,1,2,5.0,1.0,e7d5de91fe8d6cebf5cbe74b9dae01bc,7950,francisco morato,SP,3.6192824074074075,12.70241898148148,0,162.85
6f7aa3f0f22df0023e8827efb731157a,e383112630ea23d13ff8fc8a860c7e1c,delivered,2018-04-03 07:10:23,2018-04-03 07:28:16,2018-04-04 17:51:05,2018-04-12 19:35:34,2018-04-19,59.9,15.3,1,1,75.2,1,1,4.0,1.0,a53b862d2544c07c776f7f6f6be167a4,30220,belo horizonte,MG,9.517488425925926,15.701122685185185,0,75.2
d6021b689d20a82e885a61d75888df6a,e811ef51626307094e57cf8d443dd4fb,delivered,2018-04-03 07:28:21,2018-04-03 07:50:12,2018-04-05 14:19:22,2018-04-09 21:08:38,2018-04-25,218.0,37.28,2,1,255.28,3,1,3.0,1.0,5a6012519d0cf9a2103bd2170a81b833,18110,votorantim,SP,6.5696412037037035,21.688645833333332,0,255.28
aa225b52da83ae9c797a46da556fa068,85c44b9f025694874bff02234f0fe533,delivered,2018-04-03 07:33:27,2018-04-03 08:15:15,2018-04-03 23:38:38,2018-04-07 00:54:45,2018-04-13,19.49,7.87,1,1,27.36,1,1,5.0,1.0,e019a3baaadcd531fe0d32e1bdb63902,13272,valinhos,SP,3.723125,9.685104166666667,0,27.36
739d6b7c96f059453175f2ca21087a83,6a65261dcad2b1ac3c5a6c25d473809e,delivered,2018-04-03 08:07:30,2018-04-03 08:15:15,2018-04-03 20:12:49,2018-04-05 22:26:45,2018-04-13,15.0,7.39,1,1,22.39,1,1,5.0,1.0,9674f02855dc82f80b155f2d7d8b6e38,1208,sao paulo,SP,2.596701388888889,9.661458333333334,0,22.39
a4f60531f70dda57689ca2b1ede162f8,6a122bcedf65452b1002d0fc3758c531,delivered,2018-04-03 08:32:43,2018-04-04 03:09:00,2018-04-04 18:47:39,2018-04-14 19:06:55,2018-04-30,69.9,19.46,1,1,89.36,1,1,3.0,1.0,a75768b5d48ac8fa0f2be2d9b0a979b2,6700,cotia,SP,11.440416666666666,26.643946759259258,0,89.36000000000001
75f6ded14ff770cff5dab61532421db4,bbf5e98dabf1bdac752afc68f8032bda,delivered,2018-04-03 08:37:21,2018-04-03 08:50:14,2018-04-04 19:28:19,2018-05-07 22:54:47,2018-04-20,15.0,18.23,1,1,33.23,1,1,5.0,1.0,13aba123512eef450a11646c572fccca,29949,sao mateus,ES,34.59543981481482,16.640729166666667,1,33.230000000000004
553b504826f11364a11e938375721a61,56be18e14702464c0b839bd9a735a36e,delivered,2018-04-03 08:51:10,2018-04-03 09:09:52,2018-04-04 13:37:02,2018-04-18 20:36:24,2018-04-23,89.1,16.59,1,1,105.69,1,1,5.0,1.0,a5811c68d595fa055ce2b2da2eb9917f,33065,santa luzia,MG,15.48974537037037,19.63113425925926,0,105.69
7310c8820f4c9ee1ca0e4283b7c2130d,530103ea67e6552ec7b5875c1a7a8929,delivered,2018-04-03 09:01:55,2018-04-05 02:27:47,2018-04-05 19:41:10,2018-04-12 19:03:03,2018-04-24,13.65,18.23,1,1,31.88,1,1,5.0,1.0,31d6e3887639866734a77bc1b80d3528,39330,brasilia de minas,MG,9.417453703703703,20.623668981481483,0,31.880000000000003
88d845f17b3dbf8c5d642a0ffcea2e48,1e876547ea4be0528954ac23b1e48c0d,delivered,2018-04-03 09:02:42,2018-04-03 09:29:00,2018-04-09 18:35:28,2018-04-30 22:48:43,2018-04-19,148.0,15.92,1,1,163.92,1,1,1.0,1.0,4d42a6da30084c87412ab016b0eba4af,6149,osasco,SP,27.573622685185185,15.623125,1,163.92
a6c1ae4d48280b5b3c43231ac6afd701,8cefa3f70ed73678ae31bd3ebf441aff,delivered,2018-04-03 09:24:12,2018-04-03 10:09:40,2018-04-03 20:32:44,2018-04-10 12:19:50,2018-04-30,199.0,19.27,1,1,218.27,3,1,5.0,1.0,44d7152dc796f40ba57f074837515d91,4843,sao paulo,SP,7.1219675925925925,26.608194444444443,0,218.27
0b912c351945bbd827aa7a0d181e5be9,142fe4836c9bfdddbee1f3198dbf4337,delivered,2018-04-03 09:27:13,2018-04-03 10:10:14,2018-04-04 19:58:40,2018-04-09 18:12:08,2018-04-17,9.9,7.71,1,1,17.61,1,1,5.0,1.0,05d3991ae07553007b20a9aad3eaa41c,83450,bocaiuva do sul,PR,6.364525462962963,13.606099537037037,0,17.61
c1fb4a4e7d3bf856bf229e9077dbd64c,a4df8535c2af229a6efe1f2b28909912,delivered,2018-04-03 09:31:18,2018-04-04 09:31:21,2018-04-09 13:39:47,2018-04-13 01:48:24,2018-04-24,89.7,18.51,1,1,108.21,2,1,4.0,1.0,4d00a68a5ecafd5138753a21c61071d4,3333,sao paulo,SP,9.678541666666666,20.60326388888889,0,108.21000000000001
e07a6c5dd28e6b5ec4806a1ca8325e3b,6a616d99ee01ab693de21c57e49ea368,delivered,2018-04-03 09:35:02,2018-04-04 09:48:43,2018-04-04 23:19:02,2018-04-11 22:56:42,2018-04-25,390.99,16.82,1,1,407.81,5,1,4.0,1.0,3b688fb4cf2b6a8b40cbfbf9d558c384,3471,sao paulo,SP,8.556712962962964,21.600671296296298,0,407.81
81f2ee7669eee05b13906d24d43ebc69,7b0fc6ecc532642ffce9a191715e3faf,delivered,2018-04-03 09:40:44,2018-04-03 10:28:44,2018-04-05 22:31:11,2018-06-01 19:56:25,2018-04-13,120.0,13.75,1,1,133.75,6,1,3.0,1.0,ac655882b54449ebf0a37d604d15cb74,13049,campinas,SP,59.42755787037037,9.596712962962963,1,133.75
e4b53293134babaa7d3b418659ead610,38003f9c1d0b6520183fbf6f25c4d6f6,delivered,2018-04-03 09:41:57,2018-04-03 10:28:40,2018-04-03 21:35:47,2018-04-14 00:12:10,2018-04-23,359.0,17.39,1,1,376.39,10,1,5.0,1.0,ae93b440b4e0b9ac8e2bbe84a3862f11,74690,goiania,GO,10.60431712962963,19.595868055555556,0,376.39
847a065b23a7d02398792f10f38a9b12,6a6235b58e3f03afd459bde7580a5ca0,delivered,2018-04-03 09:43:42,2018-04-03 10:30:27,2018-04-05 17:48:51,2018-04-20 19:04:41,2018-04-19,579.99,18.94,1,1,598.93,5,1,5.0,1.0,6a505279e28e4595861d694d40fda84f,31535,belo horizonte,MG,17.38957175925926,15.594652777777778,1,598.9300000000001
193f0a2e7d76b4a6b080379a0fa83391,8821ed2641ed1a27d5d7e5ae0c6b7ce5,delivered,2018-04-03 09:47:44,2018-04-03 10:28:52,2018-04-04 19:08:48,2018-04-11 20:41:22,2018-04-26,23.49,18.23,1,1,41.72,4,1,5.0,1.0,774ffe5036cc11a7ee608762fd9da793,89190,taio,SC,8.453912037037037,22.591851851851853,0,41.72
4b8e7877b3a106b2df0a75470a397339,72d886d5743156953f86d0b3fce515f9,delivered,2018-04-03 09:47:49,2018-04-04 03:29:24,2018-04-05 23:49:22,2018-04-11 23:48:36,2018-04-19,99.9,13.14,1,1,113.04,1,1,4.0,1.0,ea49316c401c7f02e029bf312edacf41,18087,sorocaba,SP,8.583877314814815,15.591793981481482,0,113.04
443ed86b157df243aa07508ada4b34ca,b2612e81be79104e87d8591d9158328b,delivered,2018-04-03 09:48:40,2018-04-03 10:30:18,2018-04-03 22:19:32,2018-04-21 14:26:41,2018-04-26,55.0,19.08,1,1,74.08,2,1,5.0,1.0,184cdf3dff3b959c3e4eea45788b828b,54430,jaboatao dos guararapes,PE,18.19306712962963,22.591203703703705,0,74.08
143557cd5a7387503d5222e9a1efed75,c6a0d9bedb0b91a8a78fcfe6a2512d93,delivered,2018-04-03 09:48:52,2018-04-03 10:30:24,2018-04-04 19:08:49,2018-04-14 19:36:28,2018-04-23,80.0,19.53,1,1,99.53,2,1,4.0,1.0,352afa6fc43665bb25030ea659675b0c,24416,sao goncalo,RJ,11.408055555555556,19.591064814814814,0,99.53
7e3f69cdc2ab690d9dee7578acea593d,60920c1afcd23c82477411c6d121225e,delivered,2018-04-03 09:51:12,2018-04-04 03:29:31,2018-04-04 19:22:45,2018-04-10 19:52:46,2018-05-04,369.0,17.46,1,1,386.46,1,1,5.0,1.0,33c08b72a9691dfc06de8ca45e8d64ce,22260,rio de janeiro,RJ,7.41775462962963,30.589444444444446,0,386.46
abbef8344e1fa422d2c70c1f00ee8317,556ef1455006f752a6a3d432a8a8791d,delivered,2018-04-03 09:52:34,2018-04-03 10:35:14,2018-04-04 17:31:16,2018-04-13 20:32:17,2018-04-25,149.9,53.18,1,1,203.08,2,1,5.0,1.0,1436bf5433bdbe653f97f153c2ea88af,13560,sao carlos,SP,10.444247685185186,21.58849537037037,0,203.08
4429817093ef382ad98f0d8471211146,41f7daecd21e5bf31d52eead8fd593fe,delivered,2018-04-03 09:57:16,2018-04-03 10:10:11,2018-04-04 16:36:44,2018-04-10 00:43:01,2018-04-26,195.0,59.23,1,1,254.23,3,1,5.0,1.0,59ccf65bb4997946e8cb1a7b85a75f38,8630,suzano,SP,6.615104166666667,22.585231481481483,0,254.23
7f61f0eeb7f603d49e02f6b2a7b709eb,3c901db1df72e65cb8da76c934122a1b,delivered,2018-04-03 10:10:56,2018-04-03 10:28:48,2018-04-05 00:42:44,2018-04-14 00:36:39,2018-04-19,35.0,12.79,1,1,47.79,1,1,5.0,1.0,a4cbc79c29fb41423f31495b90df94e0,3113,sao paulo,SP,10.601192129629629,15.575740740740741,0,47.79
058a84184b0421a60f75fdbda47862c1,58aa64563b04243d56f5958ed33f5286,delivered,2018-04-03 10:12:33,2018-04-03 10:28:46,2018-04-03 23:48:45,2018-04-07 00:22:01,2018-04-19,169.9,20.1,1,1,190.0,5,1,4.0,1.0,a8b09ecd3d5ef2e377010bf53001130e,12522,guaratingueta,SP,3.5899074074074075,15.574618055555556,0,190.0
245aa8f9f04307432e42c3244bd3a1ff,4c6cbb920ed9c24a2fc96cf63e9d5732,delivered,2018-04-03 10:13:43,2018-04-03 10:28:49,2018-04-04 18:38:39,2018-04-18 18:03:12,2018-04-24,89.99,23.21,1,1,113.2,2,1,5.0,1.0,78fb7fc3d9acb7a63ee7e8e6430d8eb1,39945,palmopolis,MG,15.326030092592593,20.57380787037037,0,113.19999999999999
5df5cba7593161ea7d5bf4c992665079,08d377ec4e70b6c01b875085449b6147,delivered,2018-04-03 10:15:26,2018-04-03 10:30:27,2018-04-04 08:19:52,2018-04-12 18:38:30,2018-04-26,36.87,18.23,1,1,55.1,1,1,4.0,1.0,f94524df71faaa4f2b142eb5a10760f2,15900,taquaritinga,SP,9.349351851851852,22.57261574074074,0,55.099999999999994
cb23b55fbda69bd2ff574bf553b47e8c,12f4fcac9258a27da9af48d59cc491e3,delivered,2018-04-03 10:15:31,2018-04-03 10:30:19,2018-04-03 22:19:31,2018-05-11 19:09:46,2018-04-23,49.0,14.16,1,1,63.16,3,1,1.0,1.0,8eb802e5a3d2c10e013126ac11954e20,79051,campo grande,MS,38.371006944444446,19.57255787037037,1,63.16
b19f37ba4b4c83791c9bead49f965926,0b873e99a8f0f2b3432d1678dc3fd2a0,delivered,2018-04-03 10:18:33,2018-04-03 10:30:32,2018-04-03 22:03:08,2018-04-11 15:58:50,2018-05-02,1648.0,254.55,1,1,1902.55,10,1,5.0,1.0,e7ed4f9558a25b5403b41224518d052a,97800,sao luiz gonzaga,RS,8.23630787037037,28.570451388888888,0,1902.55
26e1b052ba34536f5766198e15bed1c2,376ddbc5c30798ee6a6befe4202ff7bb,delivered,2018-04-03 10:18:43,2018-04-04 10:35:12,2018-04-11 17:51:15,2018-04-24 16:15:41,2018-04-27,19.9,18.23,1,1,38.13,1,1,4.0,1.0,497ba362da1e1f1e2ee7a7ff2ce12619,95520,osorio,RS,21.24789351851852,23.57033564814815,0,38.129999999999995
f1fbc76b5a7cfbf5170cba46cbc93c24,756443b83aba78cf471a583a9a712f22,delivered,2018-04-03 10:38:15,2018-04-04 03:10:17,2018-04-10 20:03:21,2018-05-03 21:02:44,2018-04-19,148.0,15.92,1,1,163.92,1,1,1.0,1.0,12f0b92174115360e842570307baddf4,9310,maua,SP,30.433668981481482,15.556770833333333,1,163.92
f494d83d0d79852364e3128ec6cc44a1,73de2219957260ffbaaf0ea5bcc4e208,delivered,2018-04-03 10:41:06,2018-04-05 02:27:56,2018-04-05 20:03:58,2018-04-13 20:48:29,2018-04-26,53.9,21.35,1,1,75.25,1,1,4.0,1.0,422e3a837e4b97707cac86272dc8baa9,89275,schroeder,SC,10.421793981481482,22.554791666666667,0,75.25
7d37dfe2d455b75635ec0d1ce73cfc4e,540c5a15f1ca23fd64771963cb002f98,delivered,2018-04-03 10:42:11,2018-04-04 10:35:18,2018-04-12 22:52:33,2018-04-18 20:48:32,2018-04-27,159.0,13.29,1,1,172.29,10,1,4.0,1.0,71937ab0737dd0cc11a6ee528b22be7a,21250,rio de janeiro,RJ,15.421076388888888,23.554039351851852,0,172.29
5536991d71116471b32ce34a02e42cc6,f72019308430cb68b9846a32d37db6ed,delivered,2018-04-03 10:45:15,2018-04-04 03:15:25,2018-04-18 23:08:31,2018-05-02 12:41:54,2018-05-09,179.9,58.17,1,1,238.07,1,1,4.0,1.0,dd20cdd757450654f15bdf7a62c4d18a,35700,sete lagoas,MG,29.081006944444443,35.55190972222222,0,238.07
342f80dffbb78439bbdb1d94b8ee09da,a8b55141d82d0f3be057b4afaaa97625,delivered,2018-04-03 10:51:29,2018-04-05 02:30:15,2018-04-06 00:05:16,2018-04-06 22:32:34,2018-04-19,499.9,38.64,1,1,538.54,1,1,5.0,1.0,6b08bb8ce14082c8514c46bcd2f89c02,5633,sao paulo,SP,3.486863425925926,15.54758101851852,0,538.54
9887daa2e1181336df4be8ea011d196a,9fe2f3fb24c5a450e4d649be659b692d,delivered,2018-04-03 10:52:08,2018-04-03 11:10:24,2018-04-04 18:58:38,2018-04-09 19:54:48,2018-04-20,105.0,18.32,1,1,123.32,2,1,5.0,1.0,cf20925bdb604a32a9862a3757fd6ff7,18606,botucatu,SP,6.3768518518518515,16.54712962962963,0,123.32
264eb9cf9edd31016e9e59017e746aec,c066d28a9507feed4ba59f8b63e44c2b,delivered,2018-04-03 10:55:05,2018-04-03 18:15:18,2018-04-04 20:58:49,2018-04-05 22:05:29,2018-04-13,48.9,9.26,1,1,58.16,1,1,5.0,1.0,2a09d2659a237c88102c3ccfe70a1e91,11025,santos,SP,2.4655555555555555,9.545081018518518,0,58.16
f28357a486107b748dfedd0fb138ca55,c83917f687bafbad026f914da0515ada,delivered,2018-04-03 10:56:17,2018-04-05 02:10:45,2018-04-05 20:10:57,2018-04-24 01:21:28,2018-04-27,52.9,27.43,1,1,80.33,1,1,5.0,1.0,ab25c1568a094fe01e134163bb8ca12e,65058,sao luis,MA,20.600821759259258,23.544247685185184,0,80.33
67b8be73433478a113a8de62614329a7,70868ddda788fcb4c2b9f49958ce130e,delivered,2018-04-03 10:59:50,2018-04-03 17:28:49,2018-04-05 17:58:28,2018-04-14 16:45:42,2018-04-25,168.0,13.62,1,1,181.62,7,1,3.0,1.0,dee6ba013f0981441efdcef8142eb23b,9321,maua,SP,11.240185185185185,21.541782407407407,0,181.62
7970159f69f09e481001d678e5365a1c,c9729b100379c44cff2f36b45708e1c9,delivered,2018-04-03 11:02:44,2018-04-04 11:10:17,2018-04-05 22:33:14,2018-04-16 21:21:52,2018-04-23,117.7,23.32,1,1,141.02,7,1,5.0,1.0,03e3ef4497da2f83d62f7b14d86089d8,51010,recife,PE,13.429953703703704,19.539768518518517,0,141.02
124e62fecaaf83248e7f9a84c441f7d4,7ba830bc3eae4eb7b0adeeb505c0ab5a,delivered,2018-04-03 11:03:36,2018-04-04 03:09:00,2018-04-05 00:16:48,2018-05-03 00:52:25,2018-04-20,32.0,18.23,1,1,50.23,1,1,1.0,1.0,f7399a537f78aeee7479ff71ed97d0bf,25955,teresopolis,RJ,29.57556712962963,16.539166666666667,1,50.230000000000004
052b7ade468bbc426187ed75fbc1fb3b,7bda2f42b18b59d03f8cf8d14368dd7d,delivered,2018-04-03 11:05:02,2018-04-04 11:09:58,2018-04-09 20:18:05,2018-04-10 21:21:57,2018-04-17,281.98,19.44,2,1,301.42,1,1,1.0,1.0,14e7273c0d9ae09ddca90384ab4a28e2,30720,belo horizonte,MG,7.428414351851852,13.538171296296296,0,301.42
219db423b9c3ca26e1d379f41eb8cbc7,3525dbcee4c41a9376526a0db1ffe715,delivered,2018-04-03 11:08:30,2018-04-04 03:10:32,2018-04-04 22:03:08,2018-04-05 23:03:45,2018-04-17,79.2,8.91,1,1,88.11,1,1,5.0,1.0,42f48f56c6cc721d68078cb17a4fc925,13045,campinas,SP,2.496701388888889,13.535763888888889,0,88.11
67eb3ce7b13b9f4112f71b922f69d234,3634a95f9744f906816e3369c09ca6f0,delivered,2018-04-03 11:12:00,2018-04-03 11:29:08,2018-04-11 18:21:59,2018-04-17 16:54:43,2018-04-23,34.2,11.89,1,1,46.09,2,1,2.0,1.0,f75492c7227146ecd7c552ab581dc77d,9260,santo andre,SP,14.237997685185185,19.533333333333335,0,46.09
b1d12607ff873709c10b5f5076e5b442,140e311a3d45416c193c871018efccce,delivered,2018-04-03 11:19:16,2018-04-03 11:35:10,2018-04-04 02:10:59,2018-04-06 04:08:51,2018-04-19,59.0,8.29,1,1,67.29,1,1,5.0,1.0,6da05480662a8ffeab46215c39789fa9,5577,sao paulo,SP,2.701099537037037,15.528287037037037,0,67.28999999999999
66d72a05add1a253c4e8390c215c8306,b3721b457de31db30b4de608d880d18c,delivered,2018-04-03 11:21:26,2018-04-03 11:35:11,2018-04-04 19:16:56,2018-04-05 20:08:28,2018-04-13,8.9,7.39,1,1,16.29,1,1,4.0,1.0,0b5c04039f458bb656a6422a5860d526,7090,guarulhos,SP,2.36599537037037,9.526782407407408,0,16.29
d40dbedba7f8e8c83567c4096c8ab8c1,1212da3795e784371c8305d0e0dae7f8,delivered,2018-04-03 11:34:06,2018-04-03 11:49:04,2018-04-05 00:21:45,2018-04-11 00:47:42,2018-04-26,16.9,15.23,1,1,32.129999999999995,1,2,,,fb98fdc5f7cbfd7fc0e0553becb1e413,72231,brasilia,DF,7.551111111111111,22.51798611111111,0,32.129999999999995
bc488184689ceaa10ede9045693eb6bc,9f494ea8a1d67d1e6e22813311751679,delivered,2018-04-03 11:35:18,2018-04-03 11:49:03,2018-04-09 19:31:29,2018-05-11 19:36:55,2018-04-30,1670.0,59.98,1,1,1729.98,10,1,1.0,1.0,2f0ce2fb407114dbfa866f22c7cf9e9d,49008,aracaju,SE,38.334456018518516,26.517152777777778,1,1729.98
5d3f222240daf1828555fdd6fe03acc7,4d8cc2879f5397191606002e0a23d373,delivered,2018-04-03 11:37:07,2018-04-03 20:15:18,2018-04-05 21:19:24,2018-04-11 21:17:30,2018-04-26,129.0,15.78,1,1,144.78,1,1,5.0,1.0,26af64ad76c947723d909990aa7079b8,3974,sao paulo,SP,8.403043981481481,22.515891203703703,0,144.78
2a713182dbde7d2e65a7202532650f44,0c4a28dea9556c536b703f5039158dad,delivered,2018-04-03 11:43:35,2018-04-03 12:09:27,2018-04-04 00:28:39,2018-04-10 16:48:27,2018-05-02,37.8,26.94,2,1,64.74,1,1,5.0,1.0,a11ae0d97ead5323440b4b5f0cc0e135,13408,piracicaba,SP,7.211712962962963,28.511400462962964,0,64.74
a3e5f0b7e26d3bd2404da8553fd3a6ff,d631f73550ebf21a52d60840d9c1c278,delivered,2018-04-03 11:44:06,2018-04-03 12:09:27,2018-04-05 21:08:42,2018-04-09 18:56:24,2018-04-13,81.99,7.92,1,1,89.91,1,1,5.0,1.0,5648f8f7714f3075cc26b46aaf6ba839,12910,braganca paulista,SP,6.300208333333333,9.511041666666667,0,89.91
327eeec43bd2166ab6b6e0839ec11e99,3e38ba46dc9a8071d7a77f3a0479ef58,delivered,2018-04-03 11:45:21,2018-04-05 02:10:22,2018-04-06 23:54:43,2018-04-20 00:43:24,2018-04-19,99.9,16.67,1,1,116.57,1,1,4.0,1.0,27b3446e2ada2312a7fcf19fa2f95f98,30720,belo horizonte,MG,16.5403125,15.510173611111112,1,116.57000000000001
c596d8640962b115481b374c7b881f6a,d2791613005cb0e44b5732c48bb8ff42,delivered,2018-04-03 11:52:28,2018-04-03 12:09:38,2018-04-03 22:47:31,2018-04-19 06:41:50,2018-04-23,139.0,23.83,1,1,162.83,2,1,4.0,1.0,5aa40b15d02d84c3df1aa2c10f9f3625,38280,iturama,MG,15.784282407407407,19.50523148148148,0,162.82999999999998
30dbb7bb7d4c27c3efd6ab7c9c27f9d0,d800694241d296896d49848bb19c62a5,delivered,2018-04-03 11:53:18,2018-04-04 03:29:28,2018-04-04 20:58:48,2018-04-06 20:04:47,2018-04-13,48.9,9.26,1,1,58.16,1,1,5.0,1.0,6320304c0bed4ea461d256379a65d231,2934,sao paulo,SP,3.3413078703703705,9.504652777777778,0,58.16
3731f953758c3a1222e5c041140236fd,16668424537b99f118b25bbbfc45aea8,delivered,2018-04-03 11:59:08,2018-04-04 03:29:31,2018-04-18 22:24:40,2018-04-23 20:55:25,2018-04-23,166.99,59.8,1,1,226.79,1,1,4.0,1.0,38f7df2ba1b785cfb058c019ffe1def6,6325,carapicuiba,SP,20.37241898148148,19.50060185185185,1,226.79000000000002
0438652a8cef245640be57b30610a4fb,31be8c287cde2933aefd80ec4b107011,delivered,2018-04-03 12:06:28,2018-04-05 02:28:25,2018-04-05 23:48:42,2018-04-16 22:03:06,2018-04-20,934.0,38.48,2,1,972.48,1,1,4.0,1.0,2f2b167cb3ef14988b2a1c194e11a790,6455,barueri,SP,13.414328703703704,16.495509259259258,0,972.48
ac68b19902b80f75c025b4646f1d9e7c,7a09a1cba99e4ccfe5ef487f4ec362fd,delivered,2018-04-03 12:19:18,2018-04-03 12:35:19,2018-04-03 22:47:29,2018-04-21 00:57:34,2018-04-26,110.0,70.07,1,1,198.83,11,1,4.0,1.0,46b290a968eda48fc92ecfaa5de3c500,74470,goiania,GO,17.526574074074073,22.486597222222223,0,180.07
a586da019f92d63ea627fb32eba2b776,5ae1be4283fb91cb5441d0b8f533eb1e,delivered,2018-04-03 12:23:56,2018-04-04 03:15:20,2018-04-04 20:19:08,2018-04-28 11:38:42,2018-05-21,149.9,84.6,1,1,234.5,1,1,4.0,1.0,cd74c43bf1fe964a63192a27a70d97a7,76994,cabixi,RO,24.968587962962964,47.48337962962963,0,234.5
4d52cfe3ad25169d39fe5e6f99d17e2c,67b040308c4180844a54dea16ef1c5eb,delivered,2018-04-03 12:26:04,2018-04-03 12:49:05,2018-04-05 00:42:49,2018-04-13 16:46:31,2018-04-25,149.9,21.97,1,1,171.87,4,1,5.0,1.0,9be5b995f1ace01deb236a6958ac3836,30626,belo horizonte,MG,10.180868055555555,21.481898148148147,0,171.87
e736e8be46e455e1393b356298420641,05b71745c47ff8b2d3e41ed02dcf1a81,delivered,2018-04-03 12:31:20,2018-04-03 12:49:06,2018-04-05 22:58:28,2018-04-06 21:52:34,2018-04-16,39.0,7.39,1,1,46.39,3,1,4.0,1.0,39bff4c2b3ab45457843adaff876574e,3820,sao paulo,SP,3.3897453703703704,12.478240740740741,0,46.39
8e338cb934c447ec1c2ea94d6b3604fd,6baefb1162b1590caa1e4681b3c23a54,delivered,2018-04-03 12:37:12,2018-04-03 12:50:23,2018-04-05 19:21:33,2018-04-11 18:28:45,2018-04-23,14.99,12.79,1,1,27.78,1,1,5.0,1.0,b1c5a0ca9bbba487ffbd8073667a9f94,17017,bauru,SP,8.244131944444444,19.474166666666665,0,27.78
94b0362cd741746f5ef0d43ef4d16b1b,d7eea84fcaf846ca5455ae31db614379,delivered,2018-04-03 12:39:14,2018-04-03 12:50:26,2018-04-04 18:12:24,2018-04-14 18:57:53,2018-04-26,249.99,33.55,1,1,283.54,5,1,5.0,1.0,00b2ee6366438f46105832fd9acaf56f,60712,fortaleza,CE,11.262951388888888,22.47275462962963,0,283.54
a9a75c64cb5e9f7bc92e68ec13f05c45,2bd2bb24b32d017bb23235299984f0b7,delivered,2018-04-03 12:39:58,2018-04-04 03:15:30,2018-04-04 20:52:36,2018-04-05 22:12:48,2018-04-20,59.0,17.32,1,1,76.32,1,1,5.0,1.0,9579583ea574e24b89b5585666fa0e2e,11075,santos,SP,2.397800925925926,16.47224537037037,0,76.32
2b055d9b9e125fee47b538a412b37c0a,516c25cb01081029aab6683daaa320b1,delivered,2018-04-03 12:47:06,2018-04-03 13:10:24,2018-04-04 19:05:36,2018-04-25 02:25:24,2018-04-26,251.9,20.73,1,1,272.63,1,1,4.0,1.0,9c5c95e30e187cec9e00e254c1759d8c,89818,nova itaberaba,SC,21.56826388888889,22.467291666666668,0,272.63
dc2249cafaf7687c5b9d86fd2a3198eb,9a25fac300e359f41f45bd2b4b120ff2,delivered,2018-04-03 12:50:07,2018-04-04 03:29:36,2018-04-04 18:12:27,2018-04-06 17:36:35,2018-04-19,299.0,15.21,1,1,314.21,1,1,5.0,1.0,6ff438d434f5af7a2f4b23a22d96ec69,83840,quitandinha,PR,3.198935185185185,15.465196759259259,0,314.21
0cb2b99573bb73a8e2228ffda426dd9f,fe897037e8018ae4e35bee4ea067420a,delivered,2018-04-03 12:59:40,2018-04-04 12:50:27,2018-04-04 22:58:59,2018-04-17 21:36:29,2018-05-02,109.8,31.8,2,1,141.6,10,1,5.0,1.0,ff2aeaf91fcca5d94c48812a08969300,42809,camacari,BA,14.358900462962962,28.458564814814814,0,141.6
f5354051d307a0a1205617cd0f0c1211,bab929f63a0e012fc8c24cb0341b93e3,delivered,2018-04-03 13:03:06,2018-04-04 03:15:46,2018-04-04 22:06:43,2018-04-26 21:08:34,2018-04-24,277.99,14.39,1,1,292.38,1,1,3.0,1.0,7873fbec04e285d990a255ee32892a99,17521,marilia,SP,23.33712962962963,20.456180555555555,1,292.38
61d2a793d75b8f30ad016615afadad8e,ca980f1536ad94c1a6b7e27b7dad6b59,delivered,2018-04-03 13:03:34,2018-04-03 13:15:23,2018-04-04 20:41:00,2018-04-18 19:38:31,2018-04-23,39.9,24.48,1,1,64.38,1,1,5.0,1.0,5f8d84aea2399aed6e5707f462366019,52051,recife,PE,15.274270833333333,19.455856481481483,0,64.38
92191a18c93398f89e65a47109c724ab,f5803a58d22330df48628d47d25093e5,delivered,2018-04-03 13:05:34,2018-04-04 03:29:22,2018-04-04 19:28:38,2018-04-09 18:58:44,2018-04-23,135.0,17.51,1,1,152.51,1,1,4.0,1.0,f11b990a91362f92eca65d1c5bd91618,89041,blumenau,SC,6.245254629629629,19.454467592592593,0,152.51
728d0d2a7f33afc28a73a8c3205072b4,540740333023daf16cb9792b6fa2f03a,delivered,2018-04-03 13:05:59,2018-04-04 03:29:42,2018-04-04 20:17:25,2018-04-20 13:33:12,2018-05-10,14.9,15.23,1,1,30.13,1,1,4.0,1.0,01196e80f5309cb251220a6a5b3f57f5,22281,rio de janeiro,RJ,17.018900462962964,36.45417824074074,0,30.130000000000003
37e8a643f8d19ed8d44fc02f3f9b3ff9,c9956f197db2b0c3d3cae23c3ecd76bf,delivered,2018-04-03 13:14:08,2018-04-05 02:10:35,2018-04-05 18:36:34,2018-04-07 01:42:02,2018-04-19,20.3,7.71,1,1,28.01,1,1,5.0,1.0,815b4b19b764a8352e21e464654527f1,6018,osasco,SP,3.519375,15.448518518518519,0,28.01
128e25daad5ed194273bd283c67d0539,fc4c40b6cf427547806e1f7b248c1e5b,delivered,2018-04-03 13:15:11,2018-04-03 13:30:21,2018-04-05 20:24:41,2018-04-07 19:03:58,2018-04-16,35.9,8.88,1,1,44.78,1,1,4.0,1.0,172543044ee18b1cb574902a6f098019,4140,sao paulo,SP,4.2422106481481485,12.447789351851851,0,44.78
09c06d47b8b58dbabf753646fe5b89ab,f9d7122bdd5b9a3ad155417469c69c34,delivered,2018-04-03 13:22:38,2018-04-03 13:35:15,2018-04-04 19:27:28,2018-06-21 13:04:31,2018-04-30,330.0,19.53,1,1,349.53,8,1,1.0,1.0,698b9fba35afa2346c8e579695ca2151,60511,fortaleza,CE,78.98741898148148,26.44261574074074,1,349.53
6428d066760796cd8507fb537438172d,0a389ea18d794fc404c7bd3ae4b7cdfe,delivered,2018-04-03 13:22:38,2018-04-03 13:35:15,2018-04-05 00:46:49,2018-04-11 00:46:49,2018-04-27,399.2,25.37,1,1,424.57,1,1,5.0,1.0,275998cc7a6a242b66a1566a11cdbfed,1231,sao paulo,SP,7.475127314814815,23.44261574074074,0,424.57
4694458ee0430378cac9d675e2a38d8d,c8b69e2ce6b4d203b357e85223698abd,delivered,2018-04-03 13:25:29,2018-04-03 13:48:50,2018-04-04 19:26:26,2018-04-09 18:50:59,2018-04-13,23.49,7.39,1,1,30.88,2,1,5.0,1.0,c532b88bb9ac0fc5a77fa2402c7523e0,18117,votorantim,SP,6.226041666666666,9.440636574074073,0,30.88
80dbbd6f2282898dbf912a2ec668175f,b6abf1bfc44b9480d8c0f06c3d7ddcdb,delivered,2018-04-03 13:25:35,2018-04-03 13:48:55,2018-04-09 14:05:13,2018-04-18 23:22:45,2018-05-07,160.0,19.0,1,1,179.0,4,1,4.0,1.0,a6a6d562bb27eda786a3df935060248e,96217,rio grande,RS,15.414699074074074,33.44056712962963,0,179.0
3449aa90c200ac98335249ce9f0e3151,672fd46db2cd92beb42ce95dded37e49,delivered,2018-04-03 13:35:33,2018-04-04 03:10:22,2018-04-05 18:51:12,2018-04-10 01:41:57,2018-04-19,49.9,13.47,1,1,63.37,1,1,3.0,1.0,cb3420dd635fbd27ad93807c2d3f25cb,97210,formigueiro,RS,6.504444444444444,15.433645833333333,0,63.37
94c302f23bee09a61c1aab616b01b7b0,7279859141575c9865ad01ef92b7fe72,delivered,2018-04-03 13:38:22,2018-04-03 13:50:21,2018-04-04 00:18:23,2018-04-07 01:02:46,2018-04-13,59.98,16.58,2,1,76.56,3,1,5.0,1.0,18e26df04ebaa21cebb08d780f0ea43a,11045,santos,SP,3.475277777777778,9.431689814814815,0,76.56
611422343cc9f16ead16e75de8622dab,56ca9dd30b41a32667730b7b3c9b7ad8,delivered,2018-04-03 13:39:06,2018-04-04 03:29:26,2018-04-05 01:33:14,2018-04-28 00:44:52,2018-05-02,198.0,61.45,1,1,259.45,1,1,3.0,1.0,74775b185d083e023e791aa9b00acc08,56180,cabrobo,PE,24.462337962962962,28.431180555555557,0,259.45
69e00d7c58b9000d1e4f8dee5b2302a5,0433d774ea865531860bbd6db8295036,delivered,2018-04-03 13:46:23,2018-04-03 14:09:46,2018-04-04 19:48:43,2018-04-14 20:18:29,2018-04-26,12.9,15.23,1,1,28.13,1,1,2.0,1.0,bcdf78aea62047896e79a5230de83634,91330,porto alegre,RS,11.272291666666666,22.426122685185184,0,28.130000000000003
5ec8f4e8fe5ee3fd5460b244d0804f9e,3fd2baf81d32adb95c43e1d490a8979e,delivered,2018-04-03 13:47:14,2018-04-05 02:27:56,2018-04-05 23:22:09,2018-04-13 23:45:22,2018-05-03,65.0,18.33,1,1,83.33,1,1,5.0,1.0,07d04d1635ec5d81de0045c612783e01,88818,criciuma,SC,10.41537037037037,29.425532407407406,0,83.33
bbf8379df25b807eb1dabc84d060f8a2,b8355c60d2d4ed37c4a50fbd96d629cf,delivered,2018-04-03 13:49:05,2018-04-03 14:09:54,2018-04-05 00:20:52,2018-04-21 09:22:08,2018-04-20,155.0,18.97,1,1,173.97,1,1,5.0,1.0,951c6c9f82c03f9664a62fbba21297e8,25060,duque de caxias,RJ,17.814618055555556,16.424247685185186,1,173.97
a94ef6352b750b132a1a2fdad975a6d1,58a58a121055c2c15bf9f2d39f78a555,delivered,2018-04-03 13:50:03,2018-04-03 14:09:53,2018-04-04 18:24:53,2018-04-09 16:03:35,2018-04-19,169.0,15.27,1,1,184.27,4,1,5.0,1.0,54105fa38b2a33d5bbf42edc2ce4e6db,13272,valinhos,SP,6.092731481481482,15.42357638888889,0,184.27
64b7288026efc4a12f4e3351f03f2ac4,8d5fbfc7a221e6103e9ec6df26f51a3f,delivered,2018-04-03 13:53:47,2018-04-03 14:09:59,2018-04-04 20:41:21,2018-04-12 20:36:28,2018-04-25,148.0,15.13,1,1,163.13,1,1,4.0,1.0,a112047032175c5d3c6e1e5936f7d2cd,17240,bocaina,SP,9.279641203703704,21.420983796296298,0,163.13
93e945ea7c4457cea5d773c1225ac997,e7b72a7e6f6364b5ff0830ef7ee799e4,delivered,2018-04-03 13:54:17,2018-04-03 14:09:55,2018-04-05 19:12:11,2018-04-12 19:21:44,2018-04-30,144.0,18.89,1,1,162.89,8,1,5.0,1.0,f67f3c9e6a9c9ceff20b4a5700baeb53,35690,florestal,MG,9.227395833333333,26.420636574074074,0,162.89
092166b50105729618cd1dfb1e7c650c,962be2aadd1d19b72b4c27cfe5e4ea37,delivered,2018-04-03 13:55:45,2018-04-05 11:48:37,2018-04-07 01:19:32,2018-04-09 16:42:27,2018-04-13,35.9,7.39,1,1,43.29,1,1,5.0,1.0,bfb5363db41e6d47d3f16a1ba3e880ab,13170,sumare,SP,6.115763888888889,9.419618055555556,0,43.29
8bb46e03bff515e6fceb90c2185880a9,4593a3eea21017c68c24e20ccb25f38a,delivered,2018-04-03 14:02:35,2018-04-03 14:15:24,2018-04-04 18:42:15,2018-04-05 19:48:28,2018-04-18,25.5,7.87,1,1,33.37,3,1,5.0,1.0,00ab80210f1875276065f3c1911a2110,3572,sao paulo,SP,2.240196759259259,14.414872685185186,0,33.37
baec3a3b7430496ffd8f990ec149f516,a96fed386e9f06ba19d204e1372d1ff6,delivered,2018-04-03 14:06:56,2018-04-04 03:29:38,2018-04-04 18:36:33,2018-04-05 19:51:36,2018-04-20,16.0,7.39,1,1,23.39,1,1,5.0,1.0,78e15ca647e6a9df57ec67da94a68d19,11310,sao vicente,SP,2.239351851851852,16.411851851851853,0,23.39
06c9d7fdab61bfa60de3edd9ec99a28b,8445054b3aa0f68751e0f1ce5af349e8,delivered,2018-04-03 14:13:38,2018-04-05 02:27:47,2018-04-06 23:44:49,2018-04-14 00:26:22,2018-04-27,139.99,23.56,1,1,163.55,1,1,5.0,1.0,94374f520fa9fe75d477ecf113cae041,84064,ponta grossa,PR,10.42550925925926,23.407199074074075,0,163.55
c9c25c5398564d49b8e1db3c3e620d4d,03440934dd266ec0b356eed6e0191612,delivered,2018-04-03 14:14:35,2018-04-03 14:30:14,2018-04-04 22:16:34,2018-04-23 20:30:44,2018-04-26,550.0,21.73,1,1,571.73,5,1,5.0,1.0,2f4118eaf3d3df4bf8c3d57f8c2bb1a3,30140,belo horizonte,MG,20.26121527777778,22.40653935185185,0,571.73
429f9f7849e2149c03ac3e4ba5659050,b5bc395b6c0cc16a6432e87867c0d5a8,delivered,2018-04-03 14:23:55,2018-04-03 14:35:23,2018-04-04 18:51:51,2018-05-04 10:16:48,2018-05-28,59.9,29.45,1,1,89.35,6,1,3.0,1.0,1782f9fe99daa3cf55563602e32d505a,69044,manaus,AM,30.828391203703703,54.40005787037037,0,89.35
ad5358e0c5bbbde6f15e29855ba10bb5,cdfc533dc0becc56adbaede7ba806104,delivered,2018-04-03 14:25:17,2018-04-05 02:27:53,2018-04-06 22:41:40,2018-05-07 23:12:25,2018-04-26,99.9,23.28,1,1,123.18,1,1,3.0,1.0,6aa3c08154b0f3086f039d005fca64c4,29120,vila velha,ES,34.36606481481481,22.399108796296296,1,123.18
7a15f77a2e493fe39b2cafd081785e63,75671f1507d40188c0cdc8c21a5d1cb4,delivered,2018-04-03 14:25:24,2018-04-03 14:49:05,2018-04-05 21:17:47,2018-04-17 18:47:45,2018-04-23,168.9,15.27,1,1,184.17,10,1,5.0,1.0,85030cd9eacad0c7d2d8e842e463bed2,11900,registro,SP,14.1821875,19.39902777777778,0,184.17000000000002
30c5c21cd33efa58229d345e77ec247a,ac7606bd855b5732dfd1a6550e394c07,delivered,2018-04-03 14:30:15,2018-04-03 15:09:12,2018-04-04 00:19:12,2018-05-07 20:26:24,2018-05-02,159.77,17.67,1,1,177.44,2,1,1.0,1.0,89d9a5f6c5538b8fe797f4f5b6769008,88372,navegantes,SC,34.24732638888889,28.395659722222224,1,177.44
cd72a689dcfc637eb771ab5d39165d51,9a2d8ab8a2b31f1924dc599386d36a7b,delivered,2018-04-03 14:33:43,2018-04-04 03:15:29,2018-04-04 18:17:38,2018-04-24 01:52:55,2018-04-26,54.9,16.98,1,1,71.88,1,1,2.0,1.0,027497dedcbd1792aba7aadf6677d2a4,5750,sao paulo,SP,20.471666666666668,22.393252314814816,0,71.88
32d8aa395f9c9f357e1e3f7b214b9082,d8d5514df601db9674d6629aa69987c0,delivered,2018-04-03 14:33:52,2018-04-03 14:49:11,2018-04-07 00:51:57,2018-04-30 19:12:26,2018-05-04,79.0,24.68,1,1,103.68,1,1,5.0,1.0,3f75097158fca0329354ccb3d7435913,78050,cuiaba,MT,27.193449074074074,30.39314814814815,0,103.68
c6bbde0cc0abfd5ffa9ab6da2d7391d5,f2b21667a66caffb143cfa7b66ee903f,delivered,2018-04-03 14:42:26,2018-04-03 14:50:18,2018-04-04 01:03:57,2018-04-10 20:28:54,2018-04-19,89.9,21.71,1,1,111.61,10,1,2.0,1.0,a0d44d593fe455c0ec7ed8f4715190cb,1451,sao paulo,SP,7.240601851851852,15.387199074074074,0,111.61000000000001
add4a7fe1b17829ea0b43587b44c1176,dfeeaacf3ac43668f3a468f71b2cf65b,delivered,2018-04-03 14:44:44,2018-04-05 02:10:32,2018-04-05 21:51:50,2018-05-16 23:21:33,2018-04-26,179.9,27.34,1,1,207.24,1,1,,,517d85d28f91a6893561a65721b3fe0f,74255,goiania,GO,43.358900462962964,22.385601851851852,1,207.24
b7c32368213b1b75d2c42299f97dd088,b157c66d52ff134b00bdc84727922d69,delivered,2018-04-03 14:50:32,2018-04-03 15:09:19,2018-04-04 18:36:37,2018-04-05 19:52:35,2018-04-19,15.99,11.15,1,1,27.14,2,1,5.0,1.0,b7855cf80639e10495a65b5ecae8a14d,9310,maua,SP,2.2097569444444445,15.381574074074074,0,27.14
fc3a5c0d14700eed8dbbab76943574d6,6e527042a30ca349ecbf642626ae237f,delivered,2018-04-03 15:01:09,2018-04-03 17:10:21,2018-04-05 20:07:43,2018-04-28 00:14:44,2018-05-04,34.9,19.32,1,1,54.22,1,1,5.0,1.0,d8dc124f7d89b8034669dd96bc49e5ac,97032,santa maria,RS,24.38443287037037,30.37420138888889,0,54.22
895e066de0072faddf0044db8e490353,82e5f3c993ab34fe01c61b83e0bd7efc,delivered,2018-04-03 15:03:21,2018-04-04 09:48:58,2018-04-04 22:42:55,2018-04-16 20:08:25,2018-04-20,359.0,17.39,1,1,376.39,5,1,5.0,1.0,76f283349c070c1520b14b89a6e00b7d,25036,duque de caxias,RJ,13.211851851851852,16.37267361111111,0,376.39
5071a087edad1389b255966ad38d6beb,2440a337424eeaebcd57c183f71287ab,delivered,2018-04-03 15:03:48,2018-04-03 17:10:28,2018-04-04 21:33:04,2018-04-09 20:51:36,2018-04-23,179.0,13.69,1,1,192.69,2,1,4.0,1.0,cc44dcf49a9acf9b97e6511053e6749b,14021,ribeirao preto,SP,6.241527777777778,19.37236111111111,0,192.69
cdd6677f7c680eaddf4183ec4780e65d,6485601afefb5eef82349ac6e6faea66,delivered,2018-04-03 15:07:20,2018-04-03 17:10:22,2018-04-04 22:16:35,2018-04-19 12:52:41,2018-04-30,550.0,21.73,1,1,571.73,4,1,5.0,1.0,130c4e26dfc50b7ebf3153c56698f5ef,80420,curitiba,PR,15.906493055555556,26.369907407407407,0,571.73
a9db675620ea42f15fc07297244112c5,dddb49bfda245a56fa89d16181a90d32,delivered,2018-04-03 15:16:00,2018-04-04 03:10:31,2018-04-04 22:52:49,2018-04-11 23:32:35,2018-04-24,47.0,18.23,1,1,65.23,1,1,4.0,1.0,458ab992ed2dd296f40f94838cf284cb,18230,sao miguel arcanjo,SP,8.344849537037037,20.363888888888887,0,65.23
73cdc34446e390c840f1e71017c5c740,091a1ff2cfc28101a39a1e81fb548b35,delivered,2018-04-03 15:17:15,2018-04-04 03:29:16,2018-04-04 22:17:38,2018-04-16 12:05:00,2018-04-24,47.0,22.06,1,1,69.06,1,1,5.0,1.0,47aa2ec9320f644efa4cc134dc21c318,88316,itajai,SC,12.866493055555555,20.363020833333334,0,69.06
187f46dc8413d66bb854de95b004d9b3,d0702c4f1152606a119561253565e15c,delivered,2018-04-03 15:19:27,2018-04-03 15:35:19,2018-04-12 23:03:37,2018-04-16 20:41:50,2018-04-26,251.51,16.64,1,1,268.15,1,1,5.0,1.0,728bcc9495f951828608dbbf3a7e36b4,4295,sao paulo,SP,13.223877314814814,22.361493055555556,0,268.15
9fcd31b22b1d10dea904f5f5d8e3e7ea,b6b1352555fba05956cb1dda2c0ff3ef,delivered,2018-04-03 15:24:15,2018-04-03 15:35:16,2018-04-05 19:46:37,2018-05-18 12:18:50,2018-04-27,28.0,19.04,1,1,47.04,4,1,1.0,1.0,e6552d610ea7e4ab8094358f2414710e,50740,recife,PE,44.871238425925924,23.358159722222222,1,47.04
79aa7bf1529cb1d285df4ca588fc4a07,d7e954c737a834360364a4ed13446250,delivered,2018-04-03 15:26:14,2018-04-05 02:10:21,2018-04-05 18:41:38,2018-04-06 17:32:50,2018-04-19,15.8,16.58,2,1,32.38,1,1,5.0,1.0,6e2f539e9e0e323859a81079581db712,7132,guarulhos,SP,3.0879166666666666,15.356782407407408,0,32.379999999999995
89124696e3e799665a6b844c18325cf5,ec3bd935ef79fff4a1a5946347cf8e90,delivered,2018-04-03 15:29:57,2018-04-03 17:10:15,2018-04-04 19:48:44,2018-04-21 11:08:37,2018-04-27,13.3,22.06,1,1,35.36,1,1,5.0,1.0,1e0ee6797ad27881a1775124505468ec,44700,jacobina,BA,17.81851851851852,23.35420138888889,0,35.36
c7ba0cafd5334b18b4103846dfd723d4,ab75fc05e770d670b6b3224e762e9bc0,delivered,2018-04-03 15:32:46,2018-04-05 02:15:13,2018-04-19 00:31:58,2018-05-02 17:13:44,2018-04-27,79.99,19.9,1,1,99.89,1,1,5.0,1.0,75441ac268813f44834099845eb4c5e0,14820,americo brasiliense,SP,29.07011574074074,23.35224537037037,1,99.88999999999999
3a65b9bc5c2434a4c2675629a610d768,129a8d86ce85eb3406dcfa7d7dcfe22a,delivered,2018-04-03 15:38:25,2018-04-03 17:10:43,2018-04-05 00:17:43,2018-04-07 15:17:24,2018-04-13,30.9,7.39,1,1,38.29,1,1,5.0,1.0,3f3610be34c5b7beba50c3b6b0a63865,13327,salto,SP,3.985405092592593,9.348321759259258,0,38.29
bb811eeb7b44ed64156b1f4901013e71,c069f5b87e9489ae68c3863baea33bcc,delivered,2018-04-03 15:39:58,2018-04-03 17:10:40,2018-04-06 00:46:34,2018-04-16 23:03:37,2018-04-27,149.9,18.93,1,1,168.83,1,1,5.0,1.0,107dbaa46d8a4eb01852f802a71acfa2,38041,uberaba,MG,13.308090277777778,23.34724537037037,0,168.83
72171ec078e647529753a920a0af9327,b6c167bad6415d0e6854e26609ac9200,delivered,2018-04-03 15:40:16,2018-04-03 17:10:21,2018-04-04 11:31:20,2018-04-09 18:21:20,2018-05-02,399.0,46.22,2,1,445.22,5,1,5.0,1.0,64f9c413b6641fe3b5338df480555100,37900,passos,MG,6.111851851851852,28.347037037037037,0,445.22
57958dd5540bb9761f0e10453515650f,33a763d9f2e6507cf544fc898b3774da,delivered,2018-04-03 15:40:26,2018-04-03 17:10:23,2018-04-05 22:53:29,2018-04-16 20:02:48,2018-04-30,69.49,19.46,1,1,88.95,2,1,5.0,1.0,e2e8279e2bcf429bfa32e20ac50a01f3,39560,salinas,MG,13.182199074074074,26.346921296296298,0,88.94999999999999
7c2484624f578a3a2598f6192b66db93,c323d05c1f04c08600ecb147a07526e7,delivered,2018-04-03 15:41:23,2018-04-03 17:10:24,2018-04-05 17:56:35,2018-04-17 00:18:33,2018-04-20,24.9,18.23,1,1,43.13,2,1,5.0,1.0,9a6f808e3b85babc574ea2f425415936,29307,cachoeiro de itapemirim,ES,13.359143518518518,16.346261574074074,0,43.129999999999995
7645e46463ccbf2206c966801d5d71b0,827da8f95e2341afae307c5df74e638f,delivered,2018-04-03 15:44:42,2018-04-04 03:29:29,2018-04-04 20:19:08,2018-04-19 19:07:40,2018-04-25,299.8,60.16,2,1,359.96,1,1,3.0,1.0,141bcfc7a11b7a56fd5c9c0cd020792f,88090,florianopolis,SC,16.140949074074076,21.343958333333333,0,359.96000000000004
9f3ff139356a16e68632efe0a4606f17,87a86ea726adb5f9d23bf68e0b962c3e,delivered,2018-04-03 15:54:17,2018-04-04 03:15:39,2018-04-05 03:43:31,2018-04-24 00:51:04,2018-04-27,97.9,22.4,1,1,120.3,1,1,5.0,1.0,dcbe7d7c408e5051a6bc6f1bd39b9b76,97015,santa maria,RS,20.372766203703705,23.33730324074074,0,120.30000000000001
7df7d4ec17315f0dd0c1f6099a9fa5f3,c38c9babe9e1c44bc6ca87218f060bac,delivered,2018-04-03 16:00:49,2018-04-05 02:10:26,2018-04-05 18:41:44,2018-04-11 18:28:33,2018-04-25,139.8,27.7,2,1,167.5,1,1,5.0,1.0,d3dac8825eb9bff1e41c59552aadeeed,12010,taubate,SP,8.102592592592593,21.332766203703702,0,167.5
b545ad53e8d904631211fb300ae92de8,0bbb36dcf7fa22399f3ca7ec6f22e077,delivered,2018-04-03 16:10:02,2018-04-04 03:10:26,2018-04-09 18:23:28,2018-04-17 17:46:51,2018-04-23,198.9,13.83,1,1,212.73,1,1,5.0,1.0,5979f0a30cb5874cac620fe3375d0297,13940,aguas de lindoia,SP,14.067233796296296,19.32636574074074,0,212.73000000000002
69f3b65d77cf7451092f74b61e3bad45,576558fffc8182ee864220eadbb01541,delivered,2018-04-03 16:13:53,2018-04-05 02:15:20,2018-04-05 21:08:47,2018-04-08 18:08:40,2018-04-24,89.79,19.97,1,1,109.76,1,1,5.0,1.0,1246a5ce379c363c8dff140b0e0e974c,5783,sao paulo,SP,5.079710648148148,20.32369212962963,0,109.76
524a77411e47956b583e344545abf653,53c009899356b1d516fce2ccc4831a6c,delivered,2018-04-03 16:14:10,2018-04-03 17:10:43,2018-04-09 18:31:01,2018-04-16 19:22:51,2018-04-25,389.0,18.69,1,1,407.69,2,1,5.0,1.0,e4a388aec69798c56d2422e77c4b125d,70711,brasilia,DF,13.131030092592592,21.32349537037037,0,407.69
c3144c54c2ae906cab69adf3de3a7b17,512a645d25604f568dc61a8a3da9cd8b,delivered,2018-04-03 16:17:10,2018-04-03 17:15:16,2018-04-04 17:05:30,2018-04-10 00:23:20,2018-04-24,134.0,34.93,1,1,168.93,3,1,5.0,1.0,599d892e1f39b2cb7903dda30a5ca67b,49050,aracaju,SE,6.33761574074074,20.32141203703704,0,168.93
11bae3be28f0706705a8ea753466a1e2,073bbecc1335011c969bb40c08926147,delivered,2018-04-03 16:30:32,2018-04-05 02:08:35,2018-04-05 23:07:47,2018-04-12 23:17:48,2018-04-24,54.99,18.26,1,1,73.25,1,1,5.0,1.0,61b3fe8adc2e598633411fb531e0c6f6,39680,capelinha,MG,9.282824074074075,20.31212962962963,0,73.25
cbdd135deb197f0e58e13b3168600666,9c09e23c3e0db1a6157b983e6b6db539,delivered,2018-04-03 16:30:59,2018-04-03 17:15:27,2018-04-04 23:36:32,2018-04-10 23:05:26,2018-04-23,95.0,23.25,1,1,118.25,2,1,3.0,1.0,fe1773bb237e36e0b616c93e98c768a4,36570,vicosa,MG,7.273923611111111,19.31181712962963,0,118.25
b0562fe8f5e606d4effaea1c3acc8fc9,39c7cefe1084962c1eee5d5697761e5c,delivered,2018-04-03 16:31:37,2018-04-04 03:29:38,2018-04-04 21:49:33,2018-04-06 21:07:29,2018-04-13,84.6,8.89,1,1,93.49,1,1,5.0,1.0,6d7f7f7666f02accb0089490ca3ca0ee,3891,sao paulo,SP,3.191574074074074,9.311377314814814,0,93.49
b2415aa888da881becd698f59da124b8,38f713d474b0f92b5f6225ce13b61a29,delivered,2018-04-03 16:33:58,2018-04-04 16:30:27,2018-04-05 19:54:23,2018-04-11 20:07:53,2018-05-07,109.9,23.31,1,1,133.21,1,1,5.0,1.0,434eff551f254f2e20e1f2f7c6991572,94380,glorinha,RS,8.14855324074074,33.30974537037037,0,133.21
024a19cc498cc1a9efcf675d1ca465c3,54ae421973032c25067cdf03e04be610,delivered,2018-04-03 16:35:22,2018-04-03 17:28:43,2018-04-06 20:42:54,2018-04-30 17:12:19,2018-04-26,177.65,25.37,1,1,203.02,4,1,1.0,1.0,556d22748660d6974834bf3b8a38ebc0,29167,serra,ES,27.025659722222223,22.30877314814815,1,203.02
afa28a40d797205357162090d6381e40,ec5d1a0d9c41f3d4ed41942d4e4f31d9,delivered,2018-04-03 16:39:17,2018-04-03 17:15:31,2018-04-06 18:52:34,2018-05-02 17:53:41,2018-05-02,39.9,22.93,1,1,62.83,3,1,3.0,1.0,d881772382f858a07d2992c6ee600724,26272,nova iguacu,RJ,29.051666666666666,28.30605324074074,1,62.83
4d9029f2c1721a0d915d363ef3473499,6e498327113595d732931d56b625c876,delivered,2018-04-03 16:41:19,2018-04-03 17:28:49,2018-04-04 20:34:55,2018-04-09 19:38:46,2018-04-20,74.9,15.68,2,2,90.58,3,1,5.0,1.0,9d88711d0c900cf7f19be273c27a4368,13825,holambra,SP,6.1232291666666665,16.304641203703703,0,90.58000000000001
e6ffd2e2b7cec7d2ad5a419e0fcdd424,a5840b2c9f11a1361970ed2eeddae1ea,delivered,2018-04-03 16:45:53,2018-04-03 17:15:20,2018-04-07 00:04:13,2018-04-14 01:02:34,2018-04-20,69.9,13.85,1,1,83.75,2,1,3.0,1.0,ccfce090118b454c19eac85be82a92d0,5128,sao paulo,SP,10.34491898148148,16.30146990740741,0,83.75
2c217414cb3f31ad5de0aedf01aa91c3,34f55b48de27c30f57a23aaa7b585ef4,delivered,2018-04-03 16:46:18,2018-04-04 16:49:51,2018-04-05 18:05:27,2018-04-26 18:08:47,2018-05-02,219.0,76.11,1,1,295.11,5,1,5.0,1.0,f92f041ec55a0d65daeb810a2331dae9,45005,vitoria da conquista,BA,23.057280092592592,28.301180555555554,0,295.11
ecc456d35c9d055761fd14b57b97a8b1,8531b40c75b2d5afbbc3ac0fbac91931,delivered,2018-04-03 16:47:37,2018-04-04 16:49:56,2018-04-05 23:42:27,2018-04-12 15:22:22,2018-04-26,215.9,16.39,1,1,232.29,4,1,4.0,1.0,96e531168402c7a98cffcdd828a42437,30535,belo horizonte,MG,8.940798611111111,22.300266203703703,0,232.29000000000002
61bcc94e09b161651c909623e8a2c751,d868db4e10343d69177ba7592e3ddde3,delivered,2018-04-03 16:59:06,2018-04-03 17:28:51,2018-04-04 18:12:30,2018-04-09 15:56:42,2018-04-25,299.0,15.21,1,1,314.21,5,1,5.0,1.0,653e0e845f4cf739fce07a818ac93f49,4378,sao paulo,SP,5.956666666666667,21.292291666666667,0,314.21
9165d656c399c6eac7a6a00dd6e02e7f,ab308900612e0f192d73e0051653af5a,delivered,2018-04-03 17:00:04,2018-04-03 18:15:24,2018-04-04 18:17:34,2018-04-11 12:38:30,2018-04-30,139.8,30.38,2,1,170.18,3,1,5.0,1.0,3f1ae9854823f7c0a8027bd994b2ce64,36506,uba,MG,7.818356481481482,26.29162037037037,0,170.18
146a8097be73570f2318c78e5b16b91b,a5c445f445a790a98546688c0eb633fd,delivered,2018-04-03 17:01:17,2018-04-03 17:29:01,2018-04-04 23:06:36,2018-04-12 15:58:59,2018-04-24,29.88,19.32,1,1,49.2,1,1,5.0,1.0,dcc9b8fe59c6b0f7487d45fe83d38a02,88353,brusque,SC,8.95673611111111,20.290775462962962,0,49.2
c14d11b92dcd430bb0e414bff63825b0,c4073e465adf088386a637bf76ff1bdf,delivered,2018-04-03 17:06:59,2018-04-03 17:28:55,2018-04-05 19:03:15,2018-04-09 17:06:33,2018-04-19,129.9,9.26,1,1,139.16,10,1,5.0,1.0,4f30c12cd0b6830b37fe2b29ecfa25de,8032,sao paulo,SP,5.999699074074074,15.286817129629629,0,139.16
09a83ffe176e7f00f3b93584ee9fb07c,dd7ac74cff12b8539e9c6d3e641d4542,delivered,2018-04-03 17:07:28,2018-04-03 17:28:54,2018-04-04 20:34:57,2018-04-17 03:03:41,2018-04-25,303.94,35.94,2,1,339.88,8,1,1.0,1.0,7a4cf849f0283d3806f2dcb1acd85776,4923,sao paulo,SP,13.414039351851851,21.28648148148148,0,339.88
25d7504420f738317dcbb29f7e565976,b131df50e42e825b93ca23fa215df7d8,delivered,2018-04-03 17:11:45,2018-04-03 17:28:55,2018-04-04 18:22:21,2018-04-23 15:22:32,2018-04-30,69.9,19.46,1,1,89.36,6,1,5.0,1.0,c691a79acf53373763ed547bb1c6dc8d,29500,alegre,ES,19.924155092592592,26.283506944444444,0,89.36000000000001
c6e881cc0c5529147cfb07d33ec5293c,e4a3eb8317fb4ee1e9ff88f3ee5dd0c4,delivered,2018-04-03 17:13:57,2018-04-04 03:10:30,2018-04-07 01:18:31,2018-04-10 16:45:40,2018-04-26,158.0,13.55,1,1,171.55,1,1,5.0,1.0,b0ba131e329d93638282d082f5199737,11630,ilhabela,SP,6.980358796296296,22.281979166666666,0,171.55
665f27cd53c438276f8d03532bdaa047,021212b1c2f127ec287d99fa9f6346e6,delivered,2018-04-03 17:16:46,2018-04-03 17:30:18,2018-04-04 23:06:42,2018-04-06 00:12:33,2018-04-19,139.8,24.86,2,1,164.66,1,1,5.0,1.0,1b86bd501d916b3c67a5dbfe7f49af47,5410,sao paulo,SP,2.288738425925926,15.280023148148148,0,164.66000000000003
62fc42cf39543a45aa577931a1665228,c5f89253313f856b87d324ca590172e7,delivered,2018-04-03 17:19:44,2018-04-03 17:35:10,2018-04-04 19:03:12,2018-04-05 11:20:05,2018-04-19,53.699999999999996,22.169999999999998,3,1,75.87,1,1,2.0,1.0,44a367e237b4ef9733b7d3c6545e1cd7,18050,sorocaba,SP,1.7502430555555555,15.277962962962963,0,75.86999999999999
71c2f084ed7e2c16263645a8e9d81a7c,4081747bb8bcea89ad6a14e22c6baaaf,delivered,2018-04-03 17:23:52,2018-04-03 17:35:12,2018-04-04 19:54:31,2018-04-05 21:03:32,2018-04-13,11.04,8.88,1,1,19.92,1,1,5.0,1.0,1d78c7942a6583f7d135debca5daf88f,2316,sao paulo,SP,2.1525462962962965,9.275092592592593,0,19.92
4c69caaf7766dffd15ca30055af00da3,63ddcbd0ffc6bcc1b74065b95cb10548,delivered,2018-04-03 17:24:44,2018-04-03 17:35:15,2018-04-05 21:18:30,2018-04-06 19:47:50,2018-04-13,54.4,8.88,1,1,63.28,1,1,5.0,1.0,3cdb33be843c8a89687a70a43deeb1a7,3379,sao paulo,SP,3.099375,9.27449074074074,0,63.28
626434e11c37535d5f24e9d844249b55,7c5b076d0e0538b3a1d4899bd25f9545,delivered,2018-04-03 17:25:14,2018-04-05 02:15:14,2018-04-18 22:38:28,2018-04-27 14:37:32,2018-05-03,350.96999999999997,171.24,3,1,522.21,1,1,3.0,1.0,5bd86f8bd79bd3de2c99a5af1699b6a1,29620,itarana,ES,23.883541666666666,29.274143518518517,0,522.21
b4262fe5b2e37af43a440bcfbf4737b6,508650ca307b9b68ded0c252abeb0cb1,delivered,2018-04-03 17:33:32,2018-04-03 17:49:38,2018-04-04 17:21:16,2018-04-10 00:19:20,2018-04-27,69.9,18.37,1,1,88.27,1,1,5.0,1.0,18fc45740686ea187144548b3466a313,13083,campinas,SP,6.281805555555556,23.268379629629628,0,88.27000000000001
c05394da933eae4ce6e374978c70998b,7b333885995b5c88252e8cbb4572a360,delivered,2018-04-03 17:37:40,2018-04-03 17:50:15,2018-04-04 14:07:09,2018-04-12 15:22:32,2018-05-03,58.5,18.29,1,1,76.79,1,1,5.0,1.0,c121863d847c3d9a0e686e85e8dead9a,87890,terra rica,PR,8.906157407407408,29.26550925925926,0,76.78999999999999
1c749ca7e27a6aaa93180b80e326d7f8,120cfe05591775d14f4852a9080a2663,delivered,2018-04-03 17:38:12,2018-04-03 17:50:16,2018-04-05 00:12:29,2018-04-06 00:50:32,2018-04-18,122.99,8.63,1,1,131.62,2,1,5.0,1.0,96fd69e8b0df76a9a807b01dc82bef5b,4371,sao paulo,SP,2.3002314814814815,14.265138888888888,0,131.62
7298d065d597a754a13120239a26f458,0641b3bc0019d74041048b05c3ca68af,delivered,2018-04-03 17:39:05,2018-04-03 17:50:13,2018-04-04 18:48:51,2018-04-05 19:32:13,2018-04-19,356.19,13.83,1,1,370.02,4,1,5.0,1.0,06b6fb89a0699b61fdfaedcc3005a204,4195,sao paulo,SP,2.078564814814815,15.264525462962963,0,370.02
4f3d4a1f5d64be803fb322242a968047,a718a6a2ef929d33b05173db47e11080,delivered,2018-04-03 17:40:11,2018-04-03 17:50:18,2018-04-04 21:28:51,2018-04-13 14:08:36,2018-04-27,55.8,36.46,2,1,92.26,1,1,5.0,1.0,01835b7ef446c78d0c37077894aa068d,35930,joao monlevade,MG,9.853067129629629,23.263761574074074,0,92.25999999999999
70bdd8e366d92d7256c453272fbe5251,9dbd5002abcad34baaa628827597abf5,delivered,2018-04-03 17:41:59,2018-04-03 17:50:13,2018-04-04 20:37:43,2018-04-09 19:07:34,2018-04-24,49.99,12.79,1,1,62.78,3,1,5.0,1.0,d36c7faf7e499616c2cace4a5e4a80ee,17511,marilia,SP,6.059432870370371,20.262511574074075,0,62.78
42a1ac4cb7d28070b0c76e92bac2e087,10534aa113c7fbf11192c2e7f2763052,delivered,2018-04-03 17:45:41,2018-04-04 17:50:26,2018-04-05 17:37:35,2018-04-17 23:32:34,2018-04-27,131.99,21.85,1,1,153.84,5,1,5.0,1.0,4c612026edb8aa0feb52df6c4962f675,39403,montes claros,MG,14.240891203703704,23.25994212962963,0,153.84
7df81d6dcc2ba63195a6197f6362c4bb,c1be695b994bf4b1ce2619f6e5212541,delivered,2018-04-03 17:55:34,2018-04-03 18:10:20,2018-04-04 23:36:32,2018-04-06 22:47:33,2018-04-13,198.0,18.1,2,1,216.1,2,1,5.0,1.0,de8ce480b6119f2835ce8ad07c326793,9371,maua,SP,3.2027662037037037,9.253078703703704,0,216.1
2a8ab6971e8d4c873f768a365a9ac617,9723ee0e006c0f3ddd9fa3759078a57f,delivered,2018-04-03 17:58:15,2018-04-04 17:55:10,2018-04-05 18:05:44,2018-04-12 18:17:34,2018-05-04,159.0,8.14,1,1,167.14,3,1,1.0,1.0,667a6c1065219df6e6b37ef29fe2bfe8,22780,rio de janeiro,RJ,9.013414351851852,30.251215277777778,0,167.14
2b60eebc028bc36dca9f731556d1581f,3781d7c24d2229264855dfb1f859cf81,delivered,2018-04-03 17:59:49,2018-04-03 18:10:21,2018-04-04 19:36:34,2018-04-12 22:22:46,2018-04-24,165.9,22.87,1,1,188.77,2,1,1.0,1.0,c64d55d7bbbddca08ef95b818ff81a66,80040,curitiba,PR,9.182604166666666,20.250127314814815,0,188.77
8457694c62d5fbc1a63f67ce1a554cb2,3974a6bc5940a75b412517171f7b3255,delivered,2018-04-03 18:04:01,2018-04-03 18:29:52,2018-04-05 16:12:09,2018-04-09 22:46:36,2018-04-24,43.0,12.79,1,1,55.79,1,1,5.0,1.0,b4f8412ed6aa9aa7a396c1740421ed5b,16013,aracatuba,SP,6.196238425925926,20.247210648148148,0,55.79
8431c1024f6407ab4f4b5f45a60fbb4f,299d5fa155bf62327d231c130280cbec,delivered,2018-04-03 18:12:32,2018-04-04 18:08:49,2018-04-09 23:22:28,2018-04-11 16:32:10,2018-04-18,84.89,7.94,1,1,92.83,1,1,5.0,1.0,fd70d1f2f07e5d95f522ebb31441264f,3980,sao paulo,SP,7.930300925925926,14.241296296296296,0,92.83
c93d1daac7ac7b818a7ae6a826ebff8a,5fdb65c578c4277cd0dacc6ee33984eb,delivered,2018-04-03 18:13:03,2018-04-04 03:30:22,2018-04-04 20:37:16,2018-04-23 20:44:39,2018-04-24,15.0,17.06,1,1,32.06,1,1,5.0,1.0,2147a5dfb665b52abe1fd1a0fa5326cf,41720,salvador,BA,20.10527777777778,20.2409375,0,32.06
18c2175899ae0ea38308dec32efffc22,11d81028de401df36d24cd769fa0aef3,delivered,2018-04-03 18:21:15,2018-04-03 18:35:11,2018-04-05 18:50:59,2018-04-14 10:06:44,2018-05-02,98.44,18.57,1,1,117.01,4,1,1.0,1.0,ab727a18f23821f22e4e41da686a62c3,89204,joinville,SC,10.656585648148148,28.235243055555557,0,117.00999999999999
c40f686ce1817e9bf3337aa222740abb,472c855ea68d9a5e296a323aa5a524b5,delivered,2018-04-03 18:24:51,2018-04-04 18:28:19,2018-04-10 23:19:05,2018-04-11 23:57:33,2018-04-18,119.0,11.93,1,1,130.93,2,1,5.0,1.0,5e07019158c3dc5e45f55b16e8a01baf,12301,jacarei,SP,8.231041666666666,14.232743055555556,0,130.93
64d02f4ae7e52cc423b0b8790e8760d3,69c783442bd511f3ee92190fef31e979,delivered,2018-04-03 18:26:29,2018-04-03 18:49:50,2018-04-04 20:38:36,2018-04-17 12:45:41,2018-05-09,37.9,16.32,1,1,54.22,1,1,5.0,1.0,2509f289867ea537c35c985c5c46bab4,22451,rio de janeiro,RJ,13.763333333333334,35.2316087962963,0,54.22
018cb6a10649393055c272ba2984e8bb,169c3ca987a830baef97320592292dae,delivered,2018-04-03 18:28:35,2018-04-03 18:49:48,2018-04-04 19:12:41,2018-04-25 17:42:07,2018-04-30,56.8,18.28,1,1,75.08,7,1,5.0,1.0,f55f5b958b01f7040f6f42c0abaca6f4,75903,rio verde,GO,21.967731481481483,26.230150462962964,0,75.08
5d44680d813424f9941feae7cc4cb12b,e172f3db7edcbb3a8de8fd4077a1be8b,delivered,2018-04-03 18:29:32,2018-04-03 18:49:53,2018-04-04 19:54:25,2018-04-06 19:14:21,2018-04-13,20.15,8.88,1,1,29.03,1,1,5.0,1.0,ec80941e64feb489e07144d4c8fcbdc3,6182,osasco,SP,3.0311226851851854,9.22949074074074,0,29.03
034a3d1faac58f35a7364de005209f13,c8be084101b0ce1d1ec6a88381add2e2,delivered,2018-04-03 18:42:25,2018-04-03 22:35:12,2018-04-05 17:51:43,2018-04-17 23:55:57,2018-04-27,49.9,16.95,1,1,66.85,1,1,5.0,1.0,fcae924521568bcad8fd17456478487b,73840,campos belos,GO,14.217731481481481,23.22054398148148,0,66.85
feac81be070a43ec0bd168b52fb03485,a97df828c72e38bd3a96aec10d02ee15,delivered,2018-04-03 18:43:44,2018-04-03 19:09:52,2018-04-04 23:36:52,2018-04-13 00:18:37,2018-04-25,136.0,13.39,1,1,149.39,2,1,5.0,1.0,c87d53f6016d1040502cdea405224ce2,12246,sao jose dos campos,SP,9.232557870370371,21.21962962962963,0,149.39
4ff9dba5338caad2754b1560f3b27c0d,8828c9fbfb4cd0052136708d8c7c1ff9,delivered,2018-04-03 18:44:13,2018-04-05 02:27:52,2018-04-09 19:11:32,2018-04-16 19:17:35,2018-05-02,700.0,115.43,1,1,815.43,1,1,5.0,1.0,99ea1f50c4f28be31b198c3173d21051,35010,governador valadares,MG,13.023171296296296,28.21929398148148,0,815.4300000000001
220d51765a0cb5fd731934046856d5bb,44edfdeb25a4a533df2761f27356f204,delivered,2018-04-03 18:51:47,2018-04-03 19:10:05,2018-04-05 19:16:49,2018-04-18 16:46:51,2018-04-25,520.0,53.0,3,1,573.0,10,1,1.0,1.0,722b1837fb9030936fd0529864ce186d,11850,miracatu,SP,14.91324074074074,21.214039351851852,0,573.0
986da3ca575a68c698729794ccd67dfc,fbc396cb345064e2f0c3c9ef89a1f230,delivered,2018-04-03 18:55:16,2018-04-03 19:10:16,2018-04-05 21:45:48,2018-04-10 20:51:45,2018-04-18,52.98,14.78,2,1,67.76,1,1,3.0,1.0,49b702edd43e581908cdd191e75c35da,7793,cajamar,SP,7.080891203703704,14.21162037037037,0,67.75999999999999
efd8fbb5584dbe0c69cc120e0a1e1a35,5868fe13603cf87143789d68152b7e67,delivered,2018-04-03 19:00:55,2018-04-03 19:10:19,2018-04-07 01:16:56,2018-04-23 22:42:40,2018-04-19,60.5,14.51,1,1,75.01,3,1,5.0,1.0,ea4b63bf530181dd3e6f511f3aec27a5,11711,praia grande,SP,20.153993055555556,15.207696759259258,1,75.01
57e27e0f4ce02fc858627e4c46e51e9d,0277bd798b42071cb092b1795dbae947,delivered,2018-04-03 19:04:17,2018-04-03 19:15:24,2018-04-04 20:39:35,2018-04-12 20:58:59,2018-05-11,58.99,16.73,1,1,75.72,7,1,3.0,1.0,6f3f49fc855f386bf0f737c9d84995dc,21557,rio de janeiro,RJ,9.079652777777778,37.205358796296295,0,75.72
2b17fef707bc0247c11ec3eb00298daa,4d28e68a0eb49542446298648e3b0307,delivered,2018-04-03 19:22:05,2018-04-03 19:35:15,2018-04-04 20:21:56,2018-04-30 21:47:29,2018-05-10,99.0,21.77,1,1,120.77,8,1,5.0,1.0,59da9804c501aee997342f0b838ef948,22630,rio de janeiro,RJ,27.10097222222222,36.19299768518518,0,120.77
e720d4d490cd3e990c85d1221441d4d1,7d2cc66889b3c713d431f1b6c63c5fba,delivered,2018-04-03 19:38:01,2018-04-03 19:50:20,2018-04-04 23:50:43,2018-04-10 23:03:34,2018-04-30,225.0,60.58,1,1,285.58,4,1,5.0,1.0,0f44822c80280c12644721cfc2c5ee58,88330,balneario camboriu,SC,7.142743055555556,26.18193287037037,0,285.58
ff2af9c3633c70f37990bb59b0bed378,867fc3f851326da797d03c31e93717e9,delivered,2018-04-03 19:40:38,2018-04-03 19:50:18,2018-04-04 20:58:48,2018-04-05 21:58:55,2018-04-13,41.9,11.62,1,1,53.52,3,1,5.0,1.0,043fafc395021cdb15f9c86c835bddd0,6414,barueri,SP,2.0960300925925925,9.18011574074074,0,53.519999999999996
1f86788aa6bb65cfe93c9bc996c27e91,8714d5f59b012655e9adc2f68b69957a,delivered,2018-04-03 19:49:05,2018-04-03 20:09:05,2018-04-04 22:03:37,2018-04-10 22:03:37,2018-04-26,24.9,16.32,1,1,41.22,1,1,3.0,1.0,30cdd9eea2b6192b8fa65c9ff5e59acc,24722,sao goncalo,RJ,7.093425925925926,22.174247685185186,0,41.22
b025c63f2b137f993c1978609f2590b9,9772c01d2cb00abaca4ab9cd7df9a095,delivered,2018-04-03 19:49:08,2018-04-03 20:09:04,2018-04-05 17:44:35,2018-04-11 18:02:39,2018-04-24,330.0,15.98,1,1,345.98,3,1,4.0,1.0,1c2749d18aafa501f6e263862d7a5785,31872,belo horizonte,MG,7.926053240740741,20.17421296296296,0,345.98
ac0371e472353a206eebab840f5e2ad4,be34cf7dfb4e0d28b500b020e0fc65bd,delivered,2018-04-03 19:51:54,2018-04-03 20:09:14,2018-04-04 22:34:28,2018-04-11 23:24:42,2018-04-27,72.0,22.21,1,1,94.21,2,1,5.0,1.0,788d87eeb999019a75d8ba69017398b7,28053,campos dos goytacazes,RJ,8.147777777777778,23.172291666666666,0,94.21000000000001
7f8c45241719d873d8f5e3899b7101be,638b26aac56556d62b8090bbab4f40ac,delivered,2018-04-03 20:00:38,2018-04-03 20:10:13,2018-04-04 19:38:24,2018-04-18 19:58:31,2018-04-30,35.64,22.93,1,1,58.57,1,1,2.0,1.0,4326334bf21fa673e723401b5a587117,36026,juiz de fora,MG,14.998530092592592,26.166226851851853,0,58.57
3eaf0488f419dab6c6d582b1d28ab37e,df78f7ad1361e743d3329b3eee8f5df7,delivered,2018-04-03 20:08:15,2018-04-03 20:29:09,2018-04-04 20:51:42,2018-04-30 23:24:50,2018-04-30,465.0,34.64,1,1,499.64,5,1,5.0,1.0,8488dcd6d5b1f2dd4e2fc16b037478c7,41810,salvador,BA,27.136516203703703,26.1609375,1,499.64
61c43e2be518cd9179a53918b43fba4e,1c28481d143e1a14d3943639f5b5340a,delivered,2018-04-03 20:12:50,2018-04-04 03:30:28,2018-04-06 23:21:33,2018-04-23 12:44:30,2018-04-25,35.49,18.23,1,1,53.72,3,1,5.0,1.0,e5402cd5f610a62fa80db20de9578490,85440,ubirata,PR,19.68865740740741,21.15775462962963,0,53.72
794d80f9e8620ca36ebf6adef63cb6ee,2515de42b96830caf07fafe30f5aab03,delivered,2018-04-03 20:15:00,2018-04-04 20:10:17,2018-04-05 20:04:23,2018-04-11 19:38:37,2018-04-27,74.06,23.1,1,1,97.16,3,1,4.0,1.0,1ebdcbb5bd99c4d9e817642814564bd3,9725,sao bernardo do campo,SP,7.974733796296296,23.15625,0,97.16
6d24d19f8842be0e8e1064fb0709528b,47e4b706141097a964ec6d55def70acc,delivered,2018-04-03 20:17:52,2018-04-04 03:30:26,2018-04-04 18:38:40,2018-04-13 20:28:34,2018-04-26,89.8,18.21,1,1,108.01,4,1,5.0,1.0,284a7ec3e2066fdebb02038c620114d0,71881,brasilia,DF,10.007430555555555,22.15425925925926,0,108.00999999999999
86ffd26cba13b7ba4ca88e5a993f5f4b,cb900d4ba0a6f9fef5809876bcf9cbd7,delivered,2018-04-03 20:22:01,2018-04-03 20:35:21,2018-04-07 16:50:48,2018-04-17 18:05:26,2018-05-07,54.99,34.48,1,1,89.47,8,1,5.0,1.0,83aa67c9d4e7385d205591c078438491,78600,barra do garcas,MT,13.905150462962963,33.151377314814816,0,89.47
875e51f9d6e1c16b9c8efd34fce58b13,d79dc87e5f7e08edbda3d5a7ee57ff18,delivered,2018-04-03 20:25:44,2018-04-03 20:49:10,2018-04-09 21:14:51,2018-04-11 06:15:50,2018-04-19,23.49,7.87,1,1,31.36,1,1,5.0,1.0,3a5ac2fe3fc9ca6bef86d5f761d85978,4135,sao paulo,SP,7.409791666666667,15.148796296296297,0,31.36
e4f9b25439f4bf809c79bb4d2ce089ed,64c73c9f628fa70ce46cdb3fd3adf264,delivered,2018-04-03 20:28:35,2018-04-03 20:49:06,2018-04-04 20:51:42,2018-04-11 22:45:33,2018-04-25,34.0,14.43,1,1,48.43,2,1,5.0,1.0,20fa5aa19ba59414e9794d6593873cf5,4041,sao paulo,SP,8.095115740740741,21.14681712962963,0,48.43
ce8cdf8291104b56565b8e6c6fb62901,b02d4e88865ef9f3b86290f3b73128b3,delivered,2018-04-03 20:32:47,2018-04-03 20:49:16,2018-04-05 01:31:46,2018-04-16 15:33:20,2018-05-07,115.0,15.69,1,1,130.69,2,1,3.0,1.0,f08d5e0d77469bca395ed24633b8f8d5,22770,rio de janeiro,RJ,12.792048611111111,33.14390046296296,0,130.69
79f88e060632989f23cae0e00e7381ef,01531516bcefc94ae2fdde494db9fa3b,delivered,2018-04-03 20:38:15,2018-04-03 20:50:21,2018-04-04 17:58:44,2018-04-05 19:10:52,2018-04-16,29.99,7.39,1,1,37.38,1,1,5.0,1.0,34975d20364a131ad6c6339c4f5c786f,1307,sao paulo,SP,1.9393171296296297,12.140104166666667,0,37.379999999999995
884cb4ce4a06390d35206de06f785d13,d19813c8754cc82d0add67df8bd8a38c,delivered,2018-04-03 20:44:15,2018-04-04 03:29:36,2018-04-04 19:12:15,2018-04-05 20:09:27,2018-04-13,16.99,7.39,1,1,24.38,1,1,4.0,1.0,0a289ff546b41e561b900c97b7bf6c78,4018,sao paulo,SP,1.9758333333333333,9.1359375,0,24.38
e9e50d9850f15582d9f237afa91748c7,93d7e3ca0c3574c1be5ae0e3a73af87d,delivered,2018-04-03 20:53:13,2018-04-03 21:11:20,2018-04-04 19:48:21,2018-04-06 19:27:23,2018-04-13,44.9,7.39,1,1,52.29,1,1,1.0,1.0,6ca7793a5275a4452c27d918e2f04e63,12246,sao jose dos campos,SP,2.9403935185185186,9.129710648148148,0,52.29
c1712cb5d91f5d05267fea1773f3aec9,190c5d9be9a3878f974afe93e9c24174,delivered,2018-04-03 20:56:56,2018-04-03 21:11:20,2018-04-05 01:22:44,2018-04-12 17:33:08,2018-04-18,74.99,11.15,1,1,86.14,3,1,3.0,1.0,553636a6ec5386645b3006d2404b5054,4421,sao paulo,SP,8.858472222222222,14.12712962962963,0,86.14
f9c699619ac54cb3b7a424e2c6011114,0ccf1f0589329113e44d4a03e4956d97,delivered,2018-04-03 21:00:30,2018-04-03 21:11:20,2018-04-04 19:12:27,2018-04-16 17:54:53,2018-04-26,48.99,18.23,1,1,67.22,6,1,4.0,1.0,638c5abe0261e36797406e3d0cca424c,7063,guarulhos,SP,12.871099537037036,22.12465277777778,0,67.22
f911adf78cd1ef94a8412126ab558e81,79441b4da42dd98d65a70692692499a2,delivered,2018-04-03 21:02:03,2018-04-04 21:09:17,2018-04-05 19:58:35,2018-04-08 16:57:42,2018-04-20,79.94,30.46,2,1,110.4,10,1,4.0,1.0,d8a018ccb2ed0b06d0b301b496113985,8030,sao paulo,SP,4.8303125,16.12357638888889,0,110.4
5d4641e1bc38e17f79478bb33fdfbb0e,da8ba8c96cedb55c833c0371aff309bf,delivered,2018-04-03 21:05:30,2018-04-03 21:15:21,2018-04-04 19:09:02,2018-04-13 20:12:53,2018-04-25,119.6,54.3,2,1,173.9,3,1,4.0,1.0,1485ab027957cdb7d0efcf1487bf49a1,41750,salvador,BA,9.963460648148148,21.121180555555554,0,173.89999999999998
3993ec583d077dd338c870d8b1f8d213,0c48ca9e62f5ce6d270c3740c5f48cda,delivered,2018-04-03 21:07:26,2018-04-03 21:28:22,2018-04-04 23:40:31,2018-04-06 23:57:37,2018-04-13,37.95,7.87,1,1,48.46,4,1,3.0,1.0,0915709aba5b9fea574a1347b513803b,9895,sao bernardo do campo,SP,3.1181828703703705,9.119837962962963,0,45.82
4edb2debfd66979e4c68897c768c36b8,d2c78743698d2e9cd2fad65c21ffb46e,delivered,2018-04-03 21:14:21,2018-04-03 21:30:22,2018-04-04 20:42:18,2018-04-25 12:18:45,2018-05-17,399.8,66.4,2,1,466.2,6,1,5.0,1.0,64d233b65179d3ddf11efaf73a612e8d,68906,macapa,AP,21.628055555555555,43.11503472222222,0,466.20000000000005
8a881a4cd12decbfb14a30bd1f76e9a8,4f2805dc44b7d28dc8085c99c9ad55c9,delivered,2018-04-03 21:14:40,2018-04-03 21:30:14,2018-04-06 03:28:38,2018-04-12 11:21:18,2018-04-25,82.0,25.58,2,1,107.58,1,1,5.0,1.0,65c3500fac7672e20c8cae05ac7f9365,9425,ribeirao pires,SP,8.587939814814815,21.114814814814814,0,107.58
fe1de25cdd6ea030b9fa112a11872f0c,71319ce6cebc4c3df28c715534e39eeb,delivered,2018-04-03 21:14:58,2018-04-03 21:30:20,2018-04-04 20:39:14,2018-04-23 18:07:33,2018-05-04,89.9,15.51,1,1,105.41,1,1,4.0,1.0,5a69a2488bab3359156c45baaf59dcee,20541,rio de janeiro,RJ,19.869849537037037,30.11460648148148,0,105.41000000000001
06debbd4d40f6d36dc28c4f7dc647c1b,ba4d6453843dce644cb8989cf3267583,delivered,2018-04-03 21:16:27,2018-04-03 21:30:20,2018-04-06 00:22:08,2018-04-11 15:08:38,2018-04-27,129.9,18.49,1,1,148.39,3,1,5.0,1.0,15cfc80189a1e3899b876f17d09c48a5,9668,sao bernardo do campo,SP,7.74457175925926,23.113576388888887,0,148.39000000000001
9660767a8d96cb12bf8bd94b3797bb75,b1407d31724e2a3f513877e516bb0c47,delivered,2018-04-03 21:19:32,2018-04-03 21:30:12,2018-04-04 23:47:40,2018-04-17 13:26:42,2018-04-27,122.99,18.74,1,1,141.73,5,1,5.0,1.0,a23af1ae4371a8dfedd04368b1e16f38,35302,caratinga,MG,13.671643518518518,23.111435185185186,0,141.73
7936c09acf7a92301c6878c605b23f87,4a5252cf92ac5125bcae8715b989a870,delivered,2018-04-03 21:22:43,2018-04-03 21:35:24,2018-04-07 01:18:24,2018-04-11 01:32:46,2018-04-26,158.0,13.55,1,1,171.55,1,1,5.0,1.0,2e5ef59ba3d0e5db3fdf33cbf80aea3c,18170,piedade,SP,7.1736458333333335,22.109224537037036,0,171.55
14d669598f68c894de7412ad5b49d724,5e74fdb092ef6450a1a39cfccd73a2d1,delivered,2018-04-03 21:23:48,2018-04-03 21:35:22,2018-04-04 21:48:23,2018-04-17 21:19:23,2018-04-30,32.49,18.23,1,1,50.72,5,1,5.0,1.0,0973d5b756aeea942711a5044e8de196,36720,volta grande,MG,13.99693287037037,26.108472222222222,0,50.72
6b5c76c2c9615b42e0c2b7efb11b60d7,645d4fd3f4546d7c9592576665711186,delivered,2018-04-03 21:24:29,2018-04-03 21:35:21,2018-04-17 22:38:18,2018-04-24 21:14:41,2018-04-27,116.99,23.54,1,1,140.53,2,1,3.0,1.0,661ada8f1f0f348790c6b9ce57d51f55,17521,marilia,SP,20.993194444444445,23.107997685185186,0,140.53
e5f831d72ad6fa8ea2a912886f2831c8,a379939b4e880bfb2522dffc9ffbb54a,delivered,2018-04-03 21:24:43,2018-04-05 02:30:21,2018-04-05 20:21:55,2018-04-10 19:37:57,2018-05-02,149.9,23.98,1,1,173.88,1,1,5.0,1.0,27d2ca358560349626ac4d8ec44524c4,48609,paulo afonso,BA,6.925856481481482,28.107835648148146,0,173.88
a185e5cd569eb1436c80f83bae2d91bb,2081aaeb616d4391d1b0a7f26f2b548a,delivered,2018-04-03 21:28:13,2018-04-03 21:49:36,2018-04-04 18:22:49,2018-04-19 18:41:55,2018-05-08,219.9,65.78,1,1,285.68,3,1,4.0,1.0,e00665e49df030cbd24259229beb5d54,77060,palmas,TO,15.88451388888889,34.10540509259259,0,285.68
b6ec449b625527c7375b5d1801d19818,634d74b983dd961407cac9f81d216f88,delivered,2018-04-03 21:34:33,2018-04-03 21:49:38,2018-04-10 00:37:22,2018-04-12 19:03:48,2018-05-08,329.9,21.28,1,1,351.18,6,1,4.0,1.0,07068a7e3acd037c6fcfcb6799299658,99930,estacao,RS,8.8953125,34.10100694444444,0,351.17999999999995
b69757ea131affc405c02bb3b04e9a69,f99b5ad76ac1085ae3628a3dc0eff0af,delivered,2018-04-03 21:42:57,2018-04-03 21:50:24,2018-04-04 18:12:29,2018-04-05 19:04:13,2018-04-18,94.80000000000001,16.35,2,1,111.15,5,1,5.0,1.0,f9b12cbf236e9ec94b4a0896246b1387,6709,cotia,SP,1.8897685185185185,14.095173611111111,0,111.15
67eb4ef90121427f1b21fabc4a4ae8ca,6df7b2d4e503b490aeecdf45e5610003,delivered,2018-04-03 22:00:18,2018-04-03 22:10:43,2018-04-04 19:47:56,2018-04-09 17:48:35,2018-04-27,32.9,19.32,1,1,52.22,4,1,5.0,1.0,58aa63818cd0e0b96a366199f7b6d4ed,88034,florianopolis,SC,5.825196759259259,23.083125,0,52.22
ac899f448f474ceb27b400ce38f25bc2,b6ac8070e88a2e3a2e9550bb08aad925,delivered,2018-04-03 22:02:10,2018-04-03 22:15:18,2018-04-05 21:07:44,2018-04-06 19:36:50,2018-04-13,163.5,26.630000000000003,3,1,190.13,2,1,2.0,1.0,f0ba3d1f31f2b7c69e82de815d768898,13411,piracicaba,SP,2.899074074074074,9.081828703703703,0,190.13
82546b6c4067f92f498a1cf281dd791e,3c726d68f076146069063ee94233eddc,delivered,2018-04-03 22:08:31,2018-04-03 22:28:55,2018-04-04 20:39:35,2018-04-05 21:33:12,2018-04-23,79.99,8.91,1,1,88.9,6,1,4.0,1.0,012714eb883337fd2631c13d2daf4466,13273,valinhos,SP,1.975474537037037,19.077418981481483,0,88.89999999999999
9e8994e6f853899f834bc1d3c25b1939,bb62bffe600f9e09d2a97b8c261ed5b6,delivered,2018-04-03 22:18:48,2018-04-04 09:48:45,2018-04-04 21:56:24,2018-04-25 18:36:54,2018-05-08,348.9,20.32,1,1,369.22,5,1,5.0,1.0,6d8cd8bfef6b8ee15b18528ab68b9531,98600,tres passos,RS,21.845902777777777,34.070277777777775,0,369.21999999999997
47ba8ee2f9f72b56bccd68cfb89aced9,fdffa2aa717e2d2f61a584ccc57c2404,delivered,2018-04-03 22:20:20,2018-04-03 22:35:16,2018-04-04 19:12:13,2018-04-05 11:19:29,2018-04-13,19.99,8.88,1,1,28.87,1,1,4.0,1.0,3120f3746308b5457634762665d79cea,3077,sao paulo,SP,1.541076388888889,9.069212962962963,0,28.869999999999997
3f319eb09e31aa1ea2a4079bdd655c62,29ef03ca38e7360ede99ef73e193a136,delivered,2018-04-03 22:21:12,2018-04-03 22:35:13,2018-04-05 00:18:31,2018-04-07 00:19:57,2018-04-13,36.3,7.39,1,1,45.71,3,1,5.0,1.0,523fac3d5dac008084fa90bbd7a83b5e,13201,jundiai,SP,3.0824652777777777,9.06861111111111,0,43.69
39c6fc5836be5515289a317eb5aeabd4,37b2473707a915dafa97480565bf05f7,delivered,2018-04-03 22:22:36,2018-04-05 02:27:59,2018-04-06 22:33:01,2018-04-20 15:46:34,2018-04-25,179.9,36.39,1,1,216.29,1,1,4.0,1.0,e7ef2768b83c64e8537552f06d829412,18480,itaporanga,SP,16.724976851851853,21.06763888888889,0,216.29000000000002
3b81643b1ae987887152ef3e6ce0d989,16775472feb645411aba12f5e7a68b38,delivered,2018-04-03 22:25:33,2018-04-05 02:15:30,2018-04-05 17:52:49,2018-04-13 18:42:21,2018-04-25,97.9,16.99,1,1,114.89,1,1,5.0,1.0,eebebea46fc14fbd60b0fbe8d9f065e7,29070,vitoria,ES,9.845,21.065590277777776,0,114.89
d051c76aaab0eca195d53f6c3411793e,89404eaaaaa93baa948bbfa66d3a27c9,delivered,2018-04-03 22:25:37,2018-04-03 22:35:17,2018-04-17 23:12:16,2018-04-18 15:24:50,2018-04-23,79.99,17.37,1,1,97.36,1,1,1.0,1.0,5d1e0feb8755d0039941ca7b82c9ae32,4288,sao paulo,SP,14.707789351851853,19.065543981481483,0,97.36
5ddda81bbb82b89fbd28fb0dc68dcb60,10f0fe9f42337bd9cfbff39072702cde,delivered,2018-04-03 22:27:28,2018-04-05 02:10:40,2018-04-07 01:20:53,2018-05-06 14:02:12,2018-04-27,194.9,32.01,1,1,226.91,1,1,1.0,1.0,f2969e79bd568a2c18bef335493532d7,40290,salvador,BA,32.64912037037037,23.06425925925926,1,226.91
5e5d1342989d05440629e2162fa52d07,54efba24ef631ff2c2088f8320499ea5,delivered,2018-04-03 22:29:26,2018-04-03 22:49:34,2018-04-04 18:33:14,2018-04-13 20:24:51,2018-04-24,34.9,13.71,1,1,48.61,1,1,4.0,1.0,3ad8facb6eae216562fa5b74a17a6e9e,14790,guaira,SP,9.913483796296296,20.062893518518518,0,48.61
3a336bcc0b32d1c0af48b63419314ff5,afaa50b702a3fd9ad44a2bd591ae53b8,delivered,2018-04-03 22:29:43,2018-04-05 02:28:00,2018-04-06 21:22:29,2018-04-11 22:32:28,2018-05-03,299.0,28.17,1,1,327.17,1,1,5.0,1.0,1573fa36d8bf101af8300e86e78fecbf,89580,fraiburgo,SC,8.001909722222223,29.06269675925926,0,327.17
96c9598c25e152e093aedcc8cf89ab0d,6abaa7c4f5f3b290c9f1557da81084fc,delivered,2018-04-03 22:30:08,2018-04-03 22:49:27,2018-04-05 22:58:28,2018-04-16 21:04:48,2018-04-26,39.0,18.23,1,1,57.230000000000004,1,1,2.0,1.0,5f84dd765161a769e787eeb4f8d393e0,85825,santa tereza do oeste,PR,12.940740740740742,22.062407407407406,0,57.230000000000004
ac9452e14908c9e76ac7701ab3f617a1,f22e5d704acae54bfef534811c77597d,delivered,2018-04-03 22:34:46,2018-04-03 22:49:42,2018-04-05 20:38:35,2018-04-16 18:56:51,2018-05-07,79.9,29.03,1,1,108.93,2,1,5.0,1.0,19a1e1c08f055da44b54806f4e45b150,35603,araujos,MG,12.848668981481481,33.059189814814815,0,108.93
a2fb909612baaffa7ffa754be0db303f,88b6e100c4f155de3398ec137fe01053,delivered,2018-04-03 22:43:40,2018-04-03 22:55:09,2018-04-05 17:17:35,2018-04-18 15:21:08,2018-05-10,29.9,17.93,1,1,47.83,3,1,5.0,1.0,e6b285d2bb6a815e13e2b8daa764f3f5,21230,rio de janeiro,RJ,14.692685185185185,36.05300925925926,0,47.83
6eae3cf9505d45a6663aae819a2252e9,963eb10f3b68d2d56bea152cce226f80,delivered,2018-04-03 22:50:02,2018-04-03 23:10:06,2018-04-04 19:14:42,2018-04-05 11:51:07,2018-04-13,13.65,7.39,1,1,21.04,1,1,5.0,1.0,f6337ff8052f9103de1a04029cb51b0a,18053,sorocaba,SP,1.5424189814814815,9.048587962962962,0,21.04
e35b67f3b9778766f35d9d6e11af1761,df9c907a19d1c599e071af85fcb04f92,delivered,2018-04-03 22:54:22,2018-04-03 23:10:13,2018-04-07 01:18:30,2018-04-10 16:20:58,2018-04-25,158.0,13.55,1,1,171.55,1,1,3.0,1.0,6c1e77450766afe18d4a99135d322d89,13073,campinas,SP,6.726805555555556,21.045578703703704,0,171.55
301507cc236bfc4b5eed4fd3dc664c12,98e291daf328c08849cb0369cd861a14,delivered,2018-04-03 22:55:48,2018-04-03 23:10:11,2018-04-04 23:18:28,2018-04-05 15:32:56,2018-04-17,13.61,8.88,1,1,22.49,1,1,5.0,1.0,a664ec600630ffc8df7fc7f4ab05f506,3134,sao paulo,SP,1.6924537037037037,13.044583333333334,0,22.490000000000002
8097f05ad65d38ba708d437f60ad6581,16ad5865a7312961bef41888610a109e,delivered,2018-04-03 22:59:48,2018-04-03 23:10:13,2018-04-04 18:22:37,2018-04-10 19:17:48,2018-04-24,179.9,20.23,1,1,200.13,10,1,5.0,1.0,84c4f3f1080ecaf3da6d320384c60146,86020,londrina,PR,6.845833333333333,20.041805555555555,0,200.13
9527361365d330ea8c6064333750b909,f337dc9cfaf8bbd59327511f8251d901,delivered,2018-04-03 22:59:56,2018-04-03 23:10:16,2018-04-07 01:08:29,2018-04-12 17:49:48,2018-04-20,69.9,13.85,1,1,83.75,3,1,5.0,1.0,b7fed7cf0dbf04ba939d29c82274c798,13660,porto ferreira,SP,8.78462962962963,16.04171296296296,0,83.75
4709e1e06850115eafef3681e478ca3d,1870e7a8977c45de3b3972efcc6ea9a8,delivered,2018-04-03 23:04:28,2018-04-03 23:15:15,2018-04-04 23:27:37,2018-05-03 14:47:58,2018-05-09,107.8,42.7,2,1,150.5,2,1,5.0,1.0,86abf43f4071842e9d3622e6f710599c,21540,rio de janeiro,RJ,29.655208333333334,35.03856481481481,0,150.5
a9b1a16d2ca6e795f2f0eae75bf622b0,4ce103c5b582615aa11fdfa3dfa8fe65,delivered,2018-04-03 23:06:06,2018-04-05 02:10:40,2018-04-05 20:37:48,2018-04-06 19:05:34,2018-04-13,64.99,8.29,1,1,73.28,1,1,4.0,1.0,dedc07b988c09c157a407faa132b6c22,5752,sao paulo,SP,2.832962962962963,9.037430555555556,0,73.28
e20563c6d7e937815ecdf726ecf3e178,4a60dbf4842521021274dcd3d7591e05,delivered,2018-04-03 23:13:38,2018-04-03 23:30:14,2018-04-04 20:42:22,2018-04-16 19:51:30,2018-05-03,149.9,23.98,1,1,173.88,2,1,5.0,1.0,efde0711381f58230ea70436955d5268,64625,sao jose do piaui,PI,12.85962962962963,29.032199074074075,0,173.88
363db2084f02a7975229da39cd0ca573,7e3ecd4f189f8cd2ad16297184816cfb,delivered,2018-04-03 23:14:53,2018-04-04 23:10:15,2018-04-05 19:21:16,2018-04-09 17:38:53,2018-04-13,48.9,9.26,1,1,58.16,1,1,3.0,1.0,cc2b8de8ff39938b645761199254a999,5536,sao paulo,SP,5.766666666666667,9.031331018518518,0,58.16
0fc2cdf979f0036ab67e726cd3131e05,2bb93fcd989e0b0e65a0be9461d00470,delivered,2018-04-03 23:14:59,2018-04-03 23:30:13,2018-04-04 19:22:23,2018-04-05 20:32:02,2018-04-16,27.3,8.29,1,1,35.59,1,1,5.0,1.0,401a630eaf116b46bb2b0a2d13245e16,6268,osasco,SP,1.8868402777777777,12.031261574074074,0,35.59
92719f3b4fbd484515110bfc47e8a808,547f0ab4161085115b9afb71a0be6eb7,delivered,2018-04-03 23:38:25,2018-04-03 23:50:13,2018-04-04 22:22:09,2018-05-18 21:04:28,2018-04-26,12.99,22.85,1,1,35.84,1,2,4.0,1.0,d951932e9992372f9e37809ab8da8e43,57035,maceio,AL,44.89309027777778,22.014988425925925,1,35.84
38b488d9104334d38fa658cdbcb1ed48,446e5eab95955965329401aa7fef9d9b,delivered,2018-04-03 23:52:25,2018-04-04 00:09:29,2018-04-04 18:36:31,2018-04-13 11:48:41,2018-04-24,19.99,12.79,1,1,32.78,1,1,3.0,1.0,9335e1ff6c87c4d5563de3976b06d6fd,14404,franca,SP,9.497407407407408,20.005266203703705,0,32.78
38ca4b9ca59f1a7df492ff59834aaa42,ad6290b75f7f056d101d5193c8a9014c,delivered,2018-04-04 00:02:48,2018-04-05 00:09:25,2018-04-05 19:03:15,2018-04-07 02:19:12,2018-04-23,59.99,8.88,1,1,68.87,3,1,4.0,1.0,69abb26d2334dc4f4c622b76a5f4f3e9,6243,osasco,SP,3.0947222222222224,18.998055555555556,0,68.87
68265b6cfdb0170c7068b6738b6272dc,5b833faa46296c2d28673200449b0d0b,delivered,2018-04-04 00:02:55,2018-04-04 00:15:43,2018-04-06 02:19:06,2018-04-13 19:02:46,2018-05-07,98.44,13.81,1,1,112.25,1,1,5.0,1.0,06c5859a120871e8c2f4a920d7cf50cc,13570,sao carlos,SP,9.7915625,32.99797453703704,0,112.25
5e8a43063e2b8bdb8d7902dd4bb62ddc,202a15094b58a3344099488e1d48cf3e,delivered,2018-04-04 00:03:39,2018-04-04 00:15:38,2018-04-04 23:27:35,2018-04-13 01:06:54,2018-04-27,79.9,26.64,1,1,106.54,10,1,5.0,1.0,a7c0f680b78acbfe55a8c3b34591f69c,81110,curitiba,PR,9.043923611111111,22.997465277777778,0,106.54
697b4c68b81ce7731108f096fbc56aed,7b6ceb73c7d700281dd1a2fc3d616128,delivered,2018-04-04 00:05:48,2018-04-05 00:09:24,2018-04-06 23:24:39,2018-04-09 22:22:40,2018-04-30,2110.0,43.35,1,1,2153.35,4,1,5.0,1.0,ea6f9323b5f8d196980fa72fb91546d0,20785,rio de janeiro,RJ,5.92837962962963,25.99597222222222,0,2153.35
7806db2eb65970f1f79cf179a640a2ee,2fbb7d2abee363394a20bd29fe5d520d,delivered,2018-04-04 00:14:29,2018-04-04 17:10:23,2018-04-18 00:30:44,2018-05-03 15:59:21,2018-04-30,325.0,70.2,1,1,395.2,15,1,1.0,1.0,1dbd49ecc004220cc99e679369492ac2,54280,jaboatao dos guararapes,PE,29.656157407407406,25.98994212962963,1,395.2
c1dc9326b9f99f2db29af061a59cbe8d,b7e072aeb3554b56de4934c9da05da1e,delivered,2018-04-04 00:20:09,2018-04-05 02:10:11,2018-04-05 17:37:35,2018-05-05 17:36:27,2018-05-04,89.8,18.21,1,1,108.01,1,1,4.0,1.0,eb5d49267a0c78a78871217c248d6dc4,92320,canoas,RS,31.719652777777778,29.986006944444444,1,108.00999999999999
04ac505fe152a153d8b6013eccb4086b,98dfe650b52959127ab18d7c8b1da221,delivered,2018-04-04 00:22:07,2018-04-04 00:35:12,2018-04-05 20:53:31,2018-04-06 19:28:43,2018-04-16,39.9,7.39,1,1,47.29,4,1,4.0,1.0,9bb2aefabf7d7dee2dcc022bd1277ecf,12245,sao jose dos campos,SP,2.79625,11.984641203703704,0,47.29
dc93ba4cf47339046ee8035efb73e2d4,de0492fbe95d153823c67b86e5782a91,delivered,2018-04-04 00:35:10,2018-04-04 00:48:51,2018-04-04 21:07:53,2018-04-17 19:08:17,2018-04-30,124.7,19.84,1,1,144.54,2,1,4.0,1.0,79f732139539327aef6ac5c209cd5482,74853,goiania,GO,13.772997685185185,25.975578703703704,0,144.54
bc6e05c3335f87caadbcd6c80de46ad2,05e54a5f9eb2f443192d44067147a451,delivered,2018-04-04 01:24:09,2018-04-06 15:09:44,2018-04-10 21:41:31,2018-04-27 21:12:42,2018-05-09,49.9,26.79,1,1,76.69,7,1,5.0,1.0,89d481231e8b8bb6e22dcb28d19e5378,50820,recife,PE,23.825381944444445,34.9415625,0,76.69
1e1a6b58ec84f9f80db12fa7a237eae0,9f201bc45ce7cb8b9f19d5518233b98f,delivered,2018-04-04 02:08:41,2018-04-04 02:28:30,2018-04-06 20:52:50,2018-04-16 20:42:35,2018-04-20,72.9,18.59,1,1,91.49,3,1,5.0,1.0,d9b26f6ff10988439550f3f43062ce74,17519,marilia,SP,12.773541666666667,15.910636574074074,0,91.49000000000001
7c93ee5c562cc8509ceb10539d832659,514971e172e16eedfe4cce90478330c8,delivered,2018-04-04 05:12:09,2018-04-05 02:15:24,2018-04-11 21:13:44,2018-04-13 13:44:24,2018-04-20,219.9,21.58,1,1,241.48,1,1,5.0,1.0,014e4042a6b3ed0b1a6cd14c7639bb84,3816,sao paulo,SP,9.355729166666666,15.783229166666667,0,241.48000000000002
216a75ff9c1bc04da48bb6fd0fe19076,5020b732c1ce7e6064dcc5987b1035e8,delivered,2018-04-04 06:05:53,2018-04-04 06:15:16,2018-04-04 17:56:37,2018-04-10 17:05:33,2018-04-20,24.9,8.64,1,1,33.54,1,1,5.0,1.0,6581711a5d8c5e11f5a407631070e018,7991,francisco morato,SP,6.458101851851852,15.745914351851852,0,33.54
f6118c73253ff6218a76c8b2df6a05b6,7c9499f653ff26514a950815136dd35a,delivered,2018-04-04 06:33:47,2018-04-04 06:48:56,2018-04-04 22:42:56,2018-04-06 22:20:49,2018-04-16,279.0,8.82,1,1,287.82,2,1,3.0,1.0,d60483078c0c81748581f80d355bbcba,7140,guarulhos,SP,2.657662037037037,11.726539351851851,0,287.82
d5ae5d1e79f681da04dec1b4274a0f6f,475a4966014db58028097860de739ff2,delivered,2018-04-04 07:26:39,2018-04-05 02:08:35,2018-04-05 17:54:46,2018-04-07 00:31:36,2018-04-19,46.99,7.39,1,1,54.38,1,1,5.0,1.0,0878db79126c2f458ff812144792b696,3630,sao paulo,SP,2.7117708333333335,14.68982638888889,0,54.38
cb75cce6a888911baa94b70ed54fd7be,4c8a48ce3af82ec2c36c2d33dd25e28e,delivered,2018-04-04 07:35:53,2018-04-04 07:49:10,2018-04-04 18:36:37,2018-05-02 18:03:37,2018-05-04,131.99,25.55,1,1,157.54,3,1,5.0,1.0,616d5e771bded90788a256982aa9ce5e,58081,joao pessoa,PB,28.435925925925925,29.68341435185185,0,157.54000000000002
3126b9be3d5939e25084a4d9661652e9,1d325217aaf57a6f3b606be21277c002,delivered,2018-04-04 07:39:53,2018-04-04 07:55:10,2018-04-07 01:19:19,2018-04-16 23:28:36,2018-05-11,69.0,23.06,1,1,92.06,1,1,3.0,1.0,6201433c2aee2b93cf86358b583977fa,20931,rio de janeiro,RJ,12.65883101851852,36.68063657407407,0,92.06
ad1d5c46d63588c477f08b1a917e0788,60d42085fee30b555e6a88331ac1aeb9,delivered,2018-04-04 07:43:09,2018-04-04 07:55:13,2018-04-04 20:24:36,2018-04-11 21:53:27,2018-04-20,134.9,19.02,1,1,153.92,1,1,5.0,1.0,171aada65dce9cf497b39450f82cbc29,1240,sao paulo,SP,7.590486111111111,15.678368055555556,0,153.92000000000002
a3b9ef87dc9bf6125988a6146005ccd6,e732d2301beacd7362fe3091cee0b9a3,delivered,2018-04-04 08:09:40,2018-04-04 08:29:33,2018-04-17 12:32:32,2018-04-18 21:11:46,2018-04-27,225.0,35.24,1,1,260.24,1,1,5.0,1.0,e73f8b6ff66dfa270cabe1db280ee751,5374,sao paulo,SP,14.543125,22.659953703703703,0,260.24
a3e6b4dfa4c321071ce66af89c4903b8,1e226b035e0cf954ea0b6772d939b470,delivered,2018-04-04 08:12:18,2018-04-04 08:29:32,2018-04-05 17:51:32,2018-04-30 18:07:55,2018-05-14,115.9,19.78,1,1,135.68,1,1,5.0,1.0,a70fda6633fdc951d43f511f76a08c0d,21940,rio de janeiro,RJ,26.413622685185185,39.658125,0,135.68
162dfc51ca1b437a56f199501bc7fbda,b0d9b06c52065e10e6dde42ebf6dd9fa,delivered,2018-04-04 08:13:01,2018-04-05 02:28:08,2018-04-05 20:12:53,2018-04-24 17:47:02,2018-04-24,53.9,13.46,1,1,67.36,1,1,5.0,1.0,b01d207a038e2e22b2f6eba47d3c92dd,4852,sao paulo,SP,20.398622685185185,19.657627314814814,1,67.36
8d7de30c33f737a080cdd433ec8670e4,0b95e76c8ededa5139d9f8b5eed8f904,delivered,2018-04-04 08:14:06,2018-04-04 08:29:31,2018-04-04 18:41:24,2018-04-14 12:21:35,2018-04-25,89.9,17.34,1,1,107.24,1,1,4.0,1.0,9571fc1b978dab6e1f488d52855ef622,13276,valinhos,SP,10.171863425925926,20.656875,0,107.24000000000001
d8dbce6a7e7afb5ee03584eea5a61779,52099923ca2008fe5dec60b1f9686326,delivered,2018-04-04 08:15:39,2018-04-04 08:30:20,2018-04-06 22:07:26,2018-04-16 21:37:52,2018-04-30,59.99,19.39,1,1,79.38,1,1,1.0,1.0,5ab80b3d1b8c3a90d340ea343f0a04ec,27910,macae,RJ,12.557094907407407,25.655798611111113,0,79.38
0b3457e0c4ca3f53aed80917d932b787,b59e5cd1348f825f57941afe947635dd,delivered,2018-04-04 08:17:28,2018-04-06 03:15:38,2018-04-07 00:56:33,2018-04-14 17:12:20,2018-04-27,798.0,31.56,2,1,829.56,1,1,3.0,1.0,0a0fa442c401952fe854264257c18775,12522,guaratingueta,SP,10.371435185185184,22.654537037037038,0,829.56
9ec0c8947d973db4f4e8dcf1fbfa8f1b,e7b71a9017aa05c9a7fd292d714858e8,delivered,2018-04-04 08:20:22,2018-04-04 08:35:12,2018-04-05 18:42:35,2018-04-11 18:54:45,2018-04-20,114.9,14.16,1,1,129.06,3,1,5.0,1.0,d52a67c98be1cf6a5c84435bd38d095d,6764,taboao da serra,SP,7.440543981481482,15.652523148148148,0,129.06
206dc2e3ed3121cb9271e8922d9650b3,f989b6b1bb5f0245a0280ff76a677f11,delivered,2018-04-04 08:31:35,2018-04-05 02:10:42,2018-04-05 20:48:35,2018-04-15 12:59:03,2018-04-23,89.0,16.59,1,1,105.59,1,1,4.0,1.0,d3c3f16d67a1e9c58841d83a420da18b,30411,belo horizonte,MG,11.18574074074074,18.644733796296297,0,105.59
36ebb4199031e72a1fa964549b88c377,eecf2b94cdbe9ef6245fabb5e091c987,delivered,2018-04-04 08:39:50,2018-04-04 08:50:15,2018-04-07 00:49:39,2018-04-16 23:35:26,2018-05-02,109.9,23.35,1,1,133.25,1,1,5.0,1.0,94819c1119bcbb29d414ac33b904e82d,18403,itapeva,SP,12.621944444444445,27.63900462962963,0,133.25
385183082e6bcd8f81769fe274d3654a,aa072112a00df3b18830253b7fd1f47f,delivered,2018-04-04 08:46:50,2018-04-04 09:09:51,2018-04-04 19:14:41,2018-04-05 20:39:44,2018-04-16,13.65,7.39,1,1,21.04,1,1,5.0,1.0,009a3ad0cbdfc7f5481488472f72e8b1,13070,campinas,SP,1.4950694444444443,11.634143518518519,0,21.04
3c108bf0b4c9a78ebb9a049d90a9ceaf,c77631595ddabebc103077b4b96f77c3,delivered,2018-04-04 08:54:03,2018-04-05 02:15:08,2018-04-05 22:50:50,2018-04-06 21:07:54,2018-04-16,77.9,11.17,1,1,89.07,1,1,4.0,1.0,b0bc7735ebffb3e29e10de1ea339af6c,13347,indaiatuba,SP,2.5096180555555554,11.629131944444444,0,89.07000000000001
04b9ffa87087a2450449da3911146316,fb26eff42e25a6ee635de85d8587b85f,delivered,2018-04-04 08:59:16,2018-04-04 09:10:20,2018-04-09 18:23:28,2018-04-30 21:18:45,2018-04-25,49.9,19.32,1,1,69.22,1,1,1.0,1.0,63eef04cea80cd9c94b9cbea99e5324a,37950,sao sebastiao do paraiso,MG,26.513530092592593,20.62550925925926,1,69.22
c349e9d40b72c145d95e0da04f3e7076,96ff3fba0dd430cf13ed4a811c1291a5,delivered,2018-04-04 09:00:15,2018-04-04 09:10:16,2018-04-04 20:05:17,2018-04-16 19:42:43,2018-04-23,56.9,17.98,1,1,74.88,1,1,4.0,1.0,8f491fc9b47bcfea03c93a7342f2737e,70673,brasilia,DF,12.446157407407407,18.624826388888888,0,74.88
e4f9f2ec9d36b1dd79294049aa6076c4,2f6329aaea64611749c9d0910d486422,delivered,2018-04-04 09:04:20,2018-04-04 09:15:27,2018-04-07 01:16:56,2018-04-11 18:42:07,2018-04-20,69.99,14.58,1,1,84.57,6,1,5.0,1.0,5750845e565a1d60844f34aca08c5eea,3169,sao paulo,SP,7.401238425925926,15.62199074074074,0,84.57
f723ddc56e0f5e79b63a3a001233cadb,6aa90596c8e2142200b3f89ea20a60be,delivered,2018-04-04 09:05:28,2018-04-06 03:10:34,2018-04-07 01:19:15,2018-04-11 17:51:39,2018-04-20,56.0,12.83,1,1,68.83,1,1,5.0,1.0,25b244d0dc731b8b63121a6232a879ae,12906,braganca paulista,SP,7.365405092592592,15.621203703703705,0,68.83
b04b1c55d37f9d6fe803eded0d11f936,326988df99f9234c5e2275cc63a7e584,delivered,2018-04-04 09:06:03,2018-04-04 09:15:24,2018-04-05 20:03:59,2018-04-09 18:04:02,2018-04-23,75.9,20.92,1,1,96.82,1,1,4.0,1.0,83e5d975018708657e94e2fe58ab3d52,4125,sao paulo,SP,5.373599537037037,18.620798611111113,0,96.82000000000001
0daa8301819941dd352fe651f9fa70d5,da437ccfd018a010d1fb766b073c759c,delivered,2018-04-04 09:12:01,2018-04-04 09:31:05,2018-04-10 19:49:28,2018-04-12 20:39:27,2018-04-16,26.0,9.44,1,1,35.44,1,1,5.0,1.0,06d26e5230ac619719997a8cf435a69b,13276,valinhos,SP,8.47738425925926,11.616655092592593,0,35.44
d2f87ac39d8b31e615528ca52e5c8434,4d32030a76802b9be08e025783f041d9,delivered,2018-04-04 09:12:02,2018-04-04 09:31:31,2018-04-05 17:05:11,2018-04-10 15:38:49,2018-04-20,29.68,12.79,1,1,42.47,4,1,5.0,1.0,60d5b1e843f802c530933a8edded92ac,18051,sorocaba,SP,6.268599537037037,15.616643518518519,0,42.47
a32a6f021e727df428f98b6a9f2f4df7,5e29bb9b184e9f3bcee13db7c02f13d6,delivered,2018-04-04 09:16:29,2018-04-05 02:10:42,2018-04-07 01:17:46,2018-04-24 17:32:28,2018-05-04,159.0,34.65,1,1,193.65,1,1,3.0,1.0,3cc132bef12cf61d577a0b1100a28d17,13088,campinas,SP,20.34443287037037,29.613553240740742,0,193.65
3cfcc0ca272d41bdfa5d2ec747019f73,384a18cb907d54b358c068b1b07cae14,delivered,2018-04-04 09:19:56,2018-04-05 08:10:15,2018-04-07 01:21:28,2018-04-12 18:56:42,2018-04-19,379.9,11.57,1,1,391.47,1,1,5.0,1.0,0d4cf36ed65cd1aba4a30a3bea1b19d4,89560,videira,SC,8.400532407407407,14.611157407407408,0,391.46999999999997
dbb2c9fcb812c0eb6a8b856435e484d7,17fc94945c78e2f5d7100ae17fe19f12,delivered,2018-04-04 09:21:19,2018-04-04 09:35:20,2018-04-05 00:36:51,2018-04-19 00:26:52,2018-04-24,219.0,54.06,1,1,273.06,10,1,1.0,1.0,929de36edcb645b07f26d1871120a9ab,70390,brasilia,DF,14.628854166666667,19.61019675925926,0,273.06
9a2b18c71bc6f8f5cea13c0cef840ac5,f576d271960a9c1659594f2d28651ae7,delivered,2018-04-04 09:24:50,2018-04-04 15:30:17,2018-04-19 23:32:52,2018-04-25 23:06:48,2018-05-15,25.0,17.93,1,1,42.93,1,1,5.0,1.0,848d2862ad1c0e8e60e7c1076a235e67,21311,rio de janeiro,RJ,21.570810185185184,40.60775462962963,0,42.93
cf1b24b9c3eb7257436b2e7b176444a8,394c35ecce8f2fc1cd69d1eef55659db,delivered,2018-04-04 09:25:30,2018-04-04 09:35:20,2018-04-05 00:27:26,2018-04-10 16:38:39,2018-05-08,78.0,23.13,1,1,101.13,10,1,5.0,1.0,47875c5a4c68a629e1b81e551fa564f6,21311,rio de janeiro,RJ,6.300798611111111,33.60729166666667,0,101.13
c733a4fdd58e3b29cb99b5881c10a1bc,a0304cff9fe8ea7c3fbff031132b6f8c,delivered,2018-04-04 09:30:07,2018-04-04 16:56:14,2018-04-05 21:19:21,2018-04-18 20:52:46,2018-04-27,29.99,19.04,1,1,49.03,1,1,4.0,1.0,02eedc8f54686a4ce9df86a5a4b6e30e,29101,vila velha,ES,14.4740625,22.60408564814815,0,49.03
cb110387675cb9e3354ff5fc1b25346f,ce1fc521645083f008569f9ab85325cf,delivered,2018-04-04 09:32:27,2018-04-04 11:09:55,2018-04-04 21:36:40,2018-04-12 22:56:29,2018-04-27,289.9,35.57,1,1,325.47,1,1,5.0,1.0,87d2cb1d11a2494ee3b37e2816ad442a,73813,formosa,GO,8.558356481481482,22.602465277777778,0,325.46999999999997
b3f8f9990d57ac78665ba9cdd480a633,c7613960b30279da6c6287bb336cce9b,delivered,2018-04-04 09:32:29,2018-04-04 09:50:11,2018-04-05 16:21:24,2018-04-18 22:05:30,2018-04-20,25.3,12.79,1,1,38.09,1,1,4.0,1.0,f37adfbe44f777acfc64472664dfcbc7,13820,jaguariuna,SP,14.522928240740741,15.60244212962963,0,38.09
6a4b7874ba286fe298add408d85ffc11,8fc638e860ca4a98a87fb01935b9dbbd,delivered,2018-04-04 09:35:03,2018-04-05 02:28:11,2018-04-05 20:18:21,2018-04-11 20:12:03,2018-05-15,149.9,21.1,1,1,171.0,1,1,5.0,1.0,0b040f969bf3ae07390dba83b046dde9,20031,rio de janeiro,RJ,7.442361111111111,40.600659722222225,0,171.0
5a39aece773a0e78a17451bff3221669,cfbab1d1ea176ef344000d4a6dddf436,delivered,2018-04-04 09:43:44,2018-04-04 09:55:18,2018-04-05 00:14:41,2018-04-09 22:06:55,2018-04-16,60.0,8.29,1,1,68.29,1,1,4.0,1.0,59d8903c3292b89e5ef2b375846477d0,4417,sao paulo,SP,5.516099537037037,11.59462962962963,0,68.28999999999999
4e17321027fcf580e55650d97c85c775,1809a655c0af41f8614ab459460d9f5f,delivered,2018-04-04 09:48:49,2018-04-05 02:28:17,2018-04-05 20:03:49,2018-04-12 20:32:33,2018-04-24,53.9,13.46,1,1,67.36,1,1,5.0,1.0,f77d579f53190c292f9f54a4cebcc352,13020,campinas,SP,8.447037037037036,19.59109953703704,0,67.36
8be437a648c6a4500a516c61b27d3c63,1e8573b86d3a9af3554bdd1e8d0b13da,delivered,2018-04-04 09:52:29,2018-04-04 10:10:06,2018-04-11 19:58:23,2018-04-13 12:06:35,2018-04-20,12.35,13.47,1,1,25.82,1,1,4.0,1.0,360d5b1a16566d2f1da53354adfef749,87083,maringa,PR,9.093125,15.58855324074074,0,25.82
8c5fa1a922cfa46db8478221148d7bfd,656feca5c03ef21e93b356c2da4f4ea4,delivered,2018-04-04 09:54:42,2018-04-05 09:50:13,2018-04-05 21:58:50,2018-04-09 19:37:35,2018-04-16,34.9,11.15,1,1,46.05,1,1,5.0,1.0,3bf5a7cbb004806cd6c8955f1b116703,3928,sao paulo,SP,5.404780092592593,11.587013888888889,0,46.05
749ec71b70b508ead61c6993ba55fdd5,d4cd46dcb07d13fcbe9c1454f7b83a87,delivered,2018-04-04 09:55:23,2018-04-05 09:48:27,2018-04-07 01:26:38,2018-04-20 17:35:29,2018-05-14,59.9,18.3,1,1,78.2,3,1,5.0,1.0,11c76767cdef83fde396eb9f97779f7c,23060,rio de janeiro,RJ,16.31951388888889,39.586539351851854,0,78.2
47a68d6559dccd71f4e167f1b4d5fa8a,3208272b8e9b21b56d16be9ec8d03b0a,delivered,2018-04-04 10:02:07,2018-04-04 10:10:26,2018-04-05 00:38:27,2018-04-09 23:05:27,2018-05-07,89.9,21.71,1,1,111.61,6,1,5.0,1.0,45157544dfa017094a3babd71fe22c2c,21351,rio de janeiro,RJ,5.543981481481482,32.581863425925924,0,111.61000000000001
b409363b150c3fc8fe6dddae1bceb1d3,836a7bfd738af688ed28899ff7e61873,delivered,2018-04-04 10:05:24,2018-04-04 10:29:24,2018-04-06 23:08:43,2018-04-11 15:12:00,2018-04-20,43.0,12.79,1,1,55.79,1,1,5.0,1.0,3b007774b11596b904e9f1319e74de4c,15900,taquaritinga,SP,7.212916666666667,15.579583333333334,0,55.79
bdf7cbcf2a174866c15ade0d9a55bf7d,2a4e10a332748a0ce92f8189c2ca4a1c,delivered,2018-04-04 10:05:30,2018-04-05 02:30:24,2018-04-06 00:22:37,2018-04-12 01:21:08,2018-05-03,190.0,27.58,2,1,217.58,1,1,1.0,1.0,f0eff4d455cf4f8011510095cb94d553,5003,sao paulo,SP,7.635856481481482,28.57951388888889,0,217.57999999999998
e22737e996298006a1b66185c8b4399e,0788b39f5f626acca3e865c280736e95,delivered,2018-04-04 10:15:39,2018-04-04 10:30:18,2018-04-04 23:46:33,2018-04-19 22:44:54,2018-04-30,30.0,19.04,1,1,49.04,1,1,1.0,1.0,a60a578b2c385065da2c0543214075b5,60760,fortaleza,CE,15.5203125,25.572465277777777,0,49.04
5c7ffa6a8321eb05f96b3f941cf874e5,138c289139c20975e732feabd97f3983,delivered,2018-04-04 10:22:35,2018-04-06 03:15:31,2018-04-10 20:28:24,2018-04-26 01:42:38,2018-04-24,270.0,16.77,1,1,286.77,1,1,1.0,1.0,6fcc1fbcfb53492479620eced99b191c,79002,campo grande,MS,21.63892361111111,19.567650462962963,1,286.77
03672cdb5f2c133e401946a14a7dff3b,1d03153fa9957f06d124c663a388e49b,delivered,2018-04-04 10:25:57,2018-04-04 10:35:20,2018-04-09 23:32:41,2018-04-11 17:18:39,2018-04-19,84.89,7.94,1,1,92.83,2,1,3.0,1.0,234622c5e62e91a42a8ed2868e12e84b,5451,sao paulo,SP,7.286597222222222,14.5653125,0,92.83
481bba01f1c9a6070e8bdcaf7965b1e0,7787f804c4ac91d4e231f532f7d70c2b,delivered,2018-04-04 10:30:16,2018-04-04 10:49:12,2018-04-05 23:17:33,2018-04-18 22:00:44,2018-05-04,229.9,38.3,1,1,268.2,10,1,5.0,1.0,1373e04979cfa0fb2092909abbd57f25,45400,valenca,BA,14.47949074074074,29.562314814814815,0,268.2
0735a85a187bf67cfe490862c0e72bb0,91d3149d945965cc9dcb46ca1981f7c8,delivered,2018-04-04 10:36:31,2018-04-04 10:49:15,2018-04-05 17:03:32,2018-04-06 23:38:36,2018-04-16,99.99,7.56,1,1,107.55,3,1,5.0,1.0,ab0dbb476c5765039e40a2492a1c3dfd,5017,sao paulo,SP,2.543113425925926,11.557974537037037,0,107.55
b0f8126b6f93fb75365140979fb5d865,5a2fbf63df18332fdb0d28cc812e8393,delivered,2018-04-04 10:37:24,2018-04-04 10:49:17,2018-04-07 01:08:29,2018-04-12 01:25:52,2018-04-23,49.0,13.71,1,1,62.71,4,1,4.0,1.0,222ca22210e9df64deeedaa6c34b2d7d,8210,sao paulo,SP,7.616990740740741,18.55736111111111,0,62.71
ce5eadabf0e48dade2984241ef439a9d,b7df53a300123d644d908e5972f24979,delivered,2018-04-04 10:38:44,2018-04-04 10:55:20,2018-04-05 22:41:23,2018-04-06 21:04:11,2018-04-16,78.0,13.45,1,1,91.45,1,1,3.0,1.0,30104212947c08279d6fc2b55fc847b2,4583,sao paulo,SP,2.434340277777778,11.556435185185185,0,91.45
ce4c70f737d1a9edba23290f6031d076,3e4b0745edd000022ba7bbeb4918104c,delivered,2018-04-04 10:39:30,2018-04-05 02:28:06,2018-04-06 02:46:29,2018-04-10 16:37:57,2018-04-26,91.8,25.58,2,1,117.38,1,1,5.0,1.0,f2f2b7736b9efe4f574aa8a0e4dd2f7e,4005,sao paulo,SP,6.2489236111111115,21.555902777777778,0,117.38
0921e6115b1fcc24d5dcf35570b68933,214270a60aed81931980eaed78e631f4,delivered,2018-04-04 10:40:04,2018-04-04 10:55:17,2018-04-05 22:32:39,2018-05-07 13:35:47,2018-04-26,529.99,33.96,1,1,563.95,7,1,1.0,1.0,5db0e24b2c898dae46aad6b8bc8c947c,60416,fortaleza,CE,33.12202546296297,21.55550925925926,1,563.95
4d81d50f72f166b704ba664c8a1ddbd6,2d143929faefe132157fe22c40f72978,delivered,2018-04-04 10:40:21,2018-04-06 03:28:27,2018-04-09 22:51:52,2018-04-16 22:52:41,2018-05-02,150.0,18.93,1,1,168.93,1,1,5.0,1.0,40d2c60699feb0f855b666366f8274ff,35650,pitangui,MG,12.508564814814815,27.5553125,0,168.93
2552ad5f4b7eb7bc0650f3e1a4a1d678,8762f5a57da0d4ac0936522a83bfd9e0,delivered,2018-04-04 10:43:17,2018-04-04 10:55:21,2018-04-05 23:17:31,2018-04-12 15:22:36,2018-04-26,144.7,28.46,2,1,173.16,3,1,5.0,1.0,ce36b982a65b035e3e9a9d1545678b40,11310,sao vicente,SP,8.193969907407407,21.55327546296296,0,173.16
9792283e8d46d73ee4a3d91fc3264a50,e97eb53515b9fd98a3db45f4be5e70a2,delivered,2018-04-04 10:43:29,2018-04-04 10:55:21,2018-04-05 23:47:24,2018-04-13 00:12:49,2018-04-26,140.0,17.89,1,1,157.89,1,1,1.0,1.0,04ff09e422b47d5aafac10006708b732,18705,avare,SP,8.562037037037037,21.553136574074074,0,157.89
6c110f11373e534d875da9554b318f26,031833e77c963eb19e4a5c4bc2d368f8,delivered,2018-04-04 10:45:46,2018-04-04 11:09:56,2018-04-05 15:28:51,2018-04-06 22:46:42,2018-04-20,18.99,7.39,1,1,26.38,1,1,4.0,1.0,3a8fc78fa9d58407b7ad6acd7aa0555c,5416,sao paulo,SP,2.500648148148148,15.551550925925927,0,26.38
95dccb26fb812f3ef2dcb2ea92b5541a,4ee1d053f8bdff058f96e04332aaf39c,delivered,2018-04-04 10:46:53,2018-04-04 11:09:50,2018-04-10 20:05:09,2018-04-16 18:29:54,2018-05-03,359.9,23.6,1,1,383.5,8,1,4.0,1.0,f1f9da389194bb249f35199e156e03c4,26385,queimados,RJ,12.321539351851852,28.550775462962964,0,383.5
48065395c10ff14b3c2dc0c3b229fb5b,067c9951289da2e2468121aa6e46ec91,delivered,2018-04-04 10:54:07,2018-04-05 10:50:19,2018-04-06 22:14:50,2018-04-09 20:58:28,2018-04-20,379.9,68.61,1,1,448.51,8,1,5.0,1.0,a9ede3b663d9ee53aa06865d90182af2,1217,sao paulo,SP,5.4196875,15.545752314814814,0,448.51
6ccfdcda6bd1ef7cee86cd6f6c4b8bee,462bfc136787eae6609ca5890feb3e02,delivered,2018-04-04 10:55:59,2018-04-04 11:09:57,2018-04-05 17:27:34,2018-04-07 00:31:19,2018-04-30,2110.0,43.35,1,1,2153.35,10,1,4.0,1.0,b26746dace6d5d8633283ef402271974,20521,rio de janeiro,RJ,2.5662037037037035,25.544456018518517,0,2153.35
415d3ba51a2cf1ed6c5b722c94f9c4a2,37b6959fcd4fb9fbb65bc225f914d710,delivered,2018-04-04 10:56:06,2018-04-04 11:09:56,2018-04-06 22:08:21,2018-04-12 15:22:55,2018-04-26,75.0,17.44,1,1,92.44,1,1,4.0,1.0,6e188d726c9fdde62cfc861bc7ce5e18,11666,caraguatatuba,SP,8.185289351851852,21.544375,0,92.44
3888f8b9abd84378f6f5b862a3ed2da2,8a1adc2c105929d91a4f6dfa371a0827,delivered,2018-04-04 11:01:57,2018-04-04 11:10:15,2018-04-05 23:42:27,2018-04-06 22:14:51,2018-04-20,179.9,8.12,1,1,188.02,8,1,3.0,1.0,7b9d5dcb4899a5d6a40c657824131ba2,3460,sao paulo,SP,2.4672916666666667,15.5403125,0,188.02
a5bb508b158c65e99f596d0e8a2bc08d,e9a2907489fbfbb679d37c262b6f4ca6,delivered,2018-04-04 11:07:21,2018-04-04 11:29:23,2018-04-05 22:13:31,2018-04-11 21:53:24,2018-04-30,120.0,17.41,1,1,137.41,2,1,5.0,1.0,91060986f13824956586d632bdd2176f,35660,para de minas,MG,7.448645833333333,25.5365625,0,137.41
3853cade3f418a7b30e358ef6a5f7e93,351a4eb57608b85dcacdf834901f069c,delivered,2018-04-04 11:13:04,2018-04-04 11:29:40,2018-04-07 01:19:18,2018-04-23 23:51:28,2018-04-24,38.0,15.23,1,1,53.23,1,2,5.0,1.0,91e77e0e16e7a7e4f9c077a3eb969140,73105,brasilia,DF,19.526666666666667,19.532592592592593,0,53.230000000000004
8092382d27000726d5ba93eac26c91fe,c3c857cd0a9d80003b1591bb31a49d30,delivered,2018-04-04 11:15:28,2018-04-04 11:30:27,2018-04-04 20:50:38,2018-04-10 19:56:32,2018-04-20,67.98,25.58,2,1,93.56,8,1,4.0,1.0,ddeb1b03ef65d2e4c717ad8cec13d221,15801,catanduva,SP,6.361851851851852,15.530925925925926,0,93.56
b87bff2c2c7ce847dc3c9459a117c3b5,4641dad4727af4e3ba6e53b0380f8f39,delivered,2018-04-04 11:19:17,2018-04-05 02:27:57,2018-04-09 12:46:50,2018-04-12 15:41:16,2018-04-26,152.0,12.55,1,1,164.55,1,1,5.0,1.0,c0a562a9534731e021f840f239163b5b,3591,sao paulo,SP,8.181932870370371,21.528275462962963,0,164.55
b86cadfb9d8fe2a3eba84001de30fec2,42f2f87401753615179a195adf5ebcb6,delivered,2018-04-04 11:20:21,2018-04-04 11:30:19,2018-04-05 18:35:30,2018-04-17 16:24:48,2018-04-20,18.5,12.79,1,1,31.29,1,1,5.0,1.0,45a284417e5d975ac30cbbe08fe85cc2,11680,ubatuba,SP,13.211423611111112,15.527534722222223,0,31.29
c0fce14fbbfc6d14305f78a28d145c4b,8cefff339e8656166d7bc46b696a986b,delivered,2018-04-04 11:25:43,2018-04-06 03:15:39,2018-04-07 01:16:49,2018-04-21 01:37:28,2018-04-27,39.9,24.48,1,1,64.38,1,1,5.0,1.0,1548904cfcbde03641a678aa857790e5,60175,fortaleza,CE,16.591493055555556,22.52380787037037,0,64.38
f8b03167e5ba1a53c4cf71a6980ac365,291de21e7af40531dbb32f8af3309cf8,delivered,2018-04-04 11:28:11,2018-04-04 11:49:22,2018-04-05 19:12:35,2018-04-12 19:16:54,2018-05-03,180.0,23.84,1,1,203.84,8,1,5.0,1.0,64bdf437fb8ad53e151e8d360e032c10,84240,pirai do sul,PR,8.325497685185185,28.522094907407407,0,203.84
093e88889ed876560de2968023715771,cc8f009a3720198ffbe68014fb567cfc,delivered,2018-04-04 11:30:28,2018-04-04 11:49:22,2018-04-05 18:32:09,2018-04-11 19:38:28,2018-04-27,45.0,15.23,1,1,60.23,1,1,5.0,1.0,69a703cf1a1a742e6b88ff86bd82b36a,26051,nova iguacu,RJ,7.338888888888889,22.52050925925926,0,60.230000000000004
6b6c8c20c473b8fced5eedb045396331,477e081d8ba34bddb418b250fc99fefe,delivered,2018-04-04 11:31:30,2018-04-04 11:49:29,2018-04-09 23:14:30,2018-04-11 17:12:49,2018-04-19,84.89,7.94,1,1,92.83,1,1,5.0,1.0,9a3198e11429a3c7f1c9c5d0b9a71691,4138,sao paulo,SP,7.237025462962963,14.519791666666666,0,92.83
dee19a9ea2f63ca372aed6147e959b0c,fbab8bfa509fdb59b1a493bf43af86f7,delivered,2018-04-04 11:32:04,2018-04-06 03:08:25,2018-04-13 01:05:17,2018-04-13 17:09:29,2018-04-16,42.0,7.87,1,1,49.87,1,1,5.0,1.0,1d1bbeaad3c62bc7749e7f24a174b8f0,3313,sao paulo,SP,9.23431712962963,11.519398148148149,0,49.87
ca836e631fd3b9408c19cf18ee331e08,49028f064e4f19ec1ce88607c1b40595,delivered,2018-04-04 11:40:12,2018-04-06 03:28:46,2018-04-07 01:42:39,2018-04-13 19:08:30,2018-04-26,172.89,21.189999999999998,2,2,194.08,1,1,3.0,1.0,ce87153ae6d1e210517154ec1057aad5,11704,praia grande,SP,9.311319444444445,21.51375,0,194.07999999999998
0ca9a58f008bf2603e4b02b0813996e3,ca1306e256541ca5b97110546d36f93d,delivered,2018-04-04 11:45:40,2018-04-04 12:11:42,2018-04-09 23:28:54,2018-04-13 19:05:13,2018-04-19,84.89,7.46,1,1,92.35,1,1,2.0,1.0,4d3c398c8210527acc688b0ed3aa4c53,11025,santos,SP,9.305243055555556,14.509953703703705,0,92.35
85d53ca32c3c845a6c59172061451a2c,e68c529ea854b09379b7753755ec8e88,delivered,2018-04-04 11:51:04,2018-04-04 12:11:37,2018-04-05 23:31:53,2018-04-11 22:31:42,2018-04-26,19.9,12.79,1,1,32.69,3,1,5.0,1.0,b38f8934d83e5a2dc7973fce94405009,3682,sao paulo,SP,7.4448842592592595,21.506203703703704,0,32.69
955e699346529d6bcc53773764526cdf,2e463a81ed58e3ef5e49ab14d311f9ed,delivered,2018-04-04 11:51:57,2018-04-04 12:11:42,2018-04-05 16:04:20,2018-04-09 22:07:43,2018-04-19,149.9,12.14,1,1,162.04,8,1,5.0,1.0,9310cba398a2ffe3d9961e58bc0dec67,18016,sorocaba,SP,5.427615740740741,14.505590277777777,0,162.04000000000002
068254dc0ecdb91d62f52c658b4dd09a,9f0398b6761fbae87a157c3956230a1f,delivered,2018-04-04 12:00:37,2018-04-05 02:30:26,2018-04-05 18:38:41,2018-04-13 19:40:41,2018-05-09,101.99000000000001,57.96,3,2,159.95,1,1,4.0,1.0,6b7c6ef4d91a0cadb24d7f1df90158fe,95625,imbe,RS,9.31949074074074,34.49957175925926,0,159.95000000000002
dccdda90e3f3d9225e29e4b4bd96855f,8f8053e42f46e2147a21c3efd579a37f,delivered,2018-04-04 12:01:25,2018-04-04 12:11:40,2018-04-04 23:36:36,2018-04-13 16:14:21,2018-04-26,92.0,13.7,1,1,105.7,8,1,1.0,1.0,348687d8423bc582a3fa1a00639e183b,9890,sao bernardo do campo,SP,9.175648148148149,21.499016203703704,0,105.7
d9cd31e853bff10e7c7827e48e26caa5,9a603a2b22060e5a6a1120fba32492e3,delivered,2018-04-04 12:17:04,2018-04-04 12:30:21,2018-04-04 22:07:29,2018-04-10 22:58:24,2018-05-09,479.79999999999995,49.739999999999995,2,2,529.54,8,1,4.0,1.0,2333828ee788c93301aba0c40bc79a39,28380,natividade,RJ,6.44537037037037,34.48814814814815,0,529.54
38c0b09e36d478fb62769ec5701e0e92,9aa112de315a66d5900c06c0e4796525,delivered,2018-04-04 12:18:22,2018-04-05 12:10:25,2018-04-07 01:14:41,2018-04-26 23:39:03,2018-05-08,112.9,31.44,1,1,144.34,8,1,5.0,1.0,3c9fef2fc2853b682e2f5f21dd739a6a,78015,cuiaba,MT,22.47269675925926,33.48724537037037,0,144.34
8798b3a8e3d4a597bcde0dab8ad1de17,1a55eb1f27ee730a8fb638821c22a4c9,delivered,2018-04-04 12:18:48,2018-04-04 13:10:03,2018-04-10 19:18:37,2018-04-13 13:52:50,2018-04-24,119.9,20.18,1,1,140.08,1,1,5.0,1.0,ca456b58534be99055e50781fe92b780,15085,sao jose do rio preto,SP,9.065300925925927,19.486944444444443,0,140.08
9e3a542f51363bda001167b7f5bd8dbd,4ca13991254732af64a40137aec89be0,delivered,2018-04-04 12:20:18,2018-04-04 12:30:15,2018-04-05 00:36:50,2018-05-25 17:17:35,2018-05-02,53.9,39.47,1,1,93.37,1,1,1.0,1.0,a1cbaab4236d5ac6f71bcfc7fdc87d10,60841,fortaleza,CE,51.20644675925926,27.485902777777778,1,93.37
de2e0be3395e374e584e529164aa90d7,86a8fb1aaab0081f723b823cf8e1f544,delivered,2018-04-04 12:33:34,2018-04-04 12:50:21,2018-04-04 23:16:51,2018-04-09 21:59:43,2018-04-26,219.98,31.4,1,1,251.38,3,1,5.0,1.0,2dacfd33c9ad4c5d6169fb07101ba0ee,18650,sao manuel,SP,5.393159722222222,21.476689814814815,0,251.38
1913cee0f26c9b117da013a2efd6374f,7089a41f6a02e9b5784c67fbec78e82a,delivered,2018-04-04 12:35:08,2018-04-05 02:15:28,2018-04-05 23:31:19,2018-04-11 14:51:26,2018-04-20,37.0,12.79,1,1,49.79,1,1,5.0,1.0,64a6440ee0731b29560508a3dfa71f9a,13550,analandia,SP,7.094652777777778,15.475601851851852,0,49.79
a836557bd25acb961f6381da4f877fd0,10c9c37bffaf8c3b0d16ba1d3f338ca9,delivered,2018-04-04 12:36:36,2018-04-04 13:09:54,2018-04-05 18:33:36,2018-04-18 15:32:19,2018-04-20,59.9,12.86,1,1,72.76,1,1,5.0,1.0,f0de20dfa8c975f524fadbc8c7b53254,18077,sorocaba,SP,14.122025462962963,15.474583333333333,0,72.75999999999999
5d49743106500a75100374031f73e22b,ae4bdc0bca693d35b29a42eb56cac1c3,delivered,2018-04-04 12:42:36,2018-04-05 02:08:32,2018-04-06 21:54:40,2018-04-27 19:32:15,2018-05-09,158.0,18.99,1,1,176.99,1,1,5.0,1.0,de074c70e3de03da12d71812dd863c06,22051,rio de janeiro,RJ,23.284479166666667,34.470416666666665,0,176.99
dd483c08e967ecd4c5db676b84dfd1eb,d88285115e8517ca1f366dd4608a5dcc,delivered,2018-04-04 12:45:01,2018-04-04 13:09:55,2018-04-05 17:30:45,2018-04-07 01:00:45,2018-04-19,330.0,10.07,1,1,340.07,1,1,5.0,1.0,85ec9fe66371731ebbc28903ae304551,4137,sao paulo,SP,2.510925925925926,14.468738425925926,0,340.07
4389819b71f1f23563fa9eadadc12a06,0d3740ed03979ba91a9cb4eb6300dd49,delivered,2018-04-04 12:47:34,2018-04-04 13:10:03,2018-04-05 00:33:16,2018-04-11 00:32:30,2018-05-07,349.9,23.27,1,1,373.17,8,1,4.0,1.0,21b890a8701db02f2107d0da119edc67,13310,itu,SP,6.489537037037037,32.466967592592596,0,373.16999999999996
2a223b8aedde6996b0d5a3f4505b765e,6da0f7621f8577373f57815c20cff9ea,delivered,2018-04-04 12:48:55,2018-04-04 13:09:55,2018-04-06 01:20:49,2018-04-10 15:24:59,2018-04-20,17.65,13.47,1,1,31.12,1,1,5.0,1.0,16d462f1c4b0a2755d5097b1620d1b0d,85935,assis chateaubriand,PR,6.1083796296296295,15.466030092592593,0,31.119999999999997
728eca74bf1bda84f1f1c4df86551bd3,307edb101f6b111e889e42258b146715,delivered,2018-04-04 12:57:55,2018-04-04 13:10:20,2018-04-05 00:36:26,2018-04-17 14:34:26,2018-04-27,53.9,21.35,1,1,75.25,1,1,4.0,1.0,400b925fa2cc2455139b1fe094c45829,36860,patrocinio do muriae,MG,13.067025462962963,22.45978009259259,0,75.25
7e232ee2936aa0eb7a2092603d163c03,6b0193831bbff00334b02903472f6c84,delivered,2018-04-04 13:00:59,2018-04-04 13:10:19,2018-04-05 19:21:37,2018-04-18 02:18:30,2018-04-25,24.9,18.23,1,1,43.13,1,2,5.0,1.0,ac3a0453af13a228847a528c05071820,79041,campo grande,MS,13.553831018518519,20.457650462962963,0,43.129999999999995
6f515d972f4d8919ae573a155ab2d9bf,8aed318de518db4660a062339b604905,delivered,2018-04-04 13:03:51,2018-04-04 13:15:24,2018-04-05 18:38:38,2018-04-06 17:21:14,2018-04-20,27.3,7.87,1,1,35.17,1,1,5.0,1.0,8e90f1a1741b32eacce304bc03d8e3b9,13323,salto,SP,2.178738425925926,15.455659722222222,0,35.17
af2bfbdf0c8be1e12b54c65605a0214b,a0046faee0167291def69406e65eb9fa,delivered,2018-04-04 13:11:39,2018-04-04 13:30:04,2018-04-05 21:40:49,2018-04-11 21:44:27,2018-05-03,46.33,18.23,1,1,64.56,1,1,4.0,1.0,b12454a39c35ffb3eda24ae83b07a2f8,35368,sericita,MG,7.356111111111111,28.450243055555557,0,64.56
2d5adcccaa6ce21103988fcb96940e78,eb5f11a4a8e43ee25254e6b0fa4b078c,delivered,2018-04-04 13:11:58,2018-04-06 03:10:17,2018-04-11 00:32:28,2018-04-18 22:46:48,2018-04-24,43.98,36.46,2,1,80.44,1,1,5.0,1.0,6367e14c6745a59bbda1939dec7ff914,31110,belo horizonte,MG,14.399189814814815,19.450023148148148,0,80.44
e12700852c7af5cdea9d85282cf65ef3,1c407e8ac340a7e03e373f42afd8586f,delivered,2018-04-04 13:14:40,2018-04-05 13:10:14,2018-04-07 01:16:44,2018-04-12 17:58:26,2018-04-24,49.3,11.89,1,1,61.19,1,1,4.0,1.0,ee570fc2e7824a9feb0cea7bcc8e2e9b,14060,ribeirao preto,SP,8.197060185185185,19.44814814814815,0,61.19
e432872c2eef5b6ec19d17834f4277c8,43adfa5ce5381934088f3d73cda31c24,delivered,2018-04-04 13:27:15,2018-04-06 03:28:48,2018-04-12 20:29:33,2018-04-20 11:13:18,2018-05-03,69.9,15.37,1,1,85.27,1,1,5.0,1.0,727ae49cd6f515ed3e014218ce53fa67,29140,cariacica,ES,15.906979166666666,28.439409722222223,0,85.27000000000001
b3b127f0721e34178b72159da72d7694,28e94a3e825c0af13443d867262a7e6c,delivered,2018-04-04 13:34:02,2018-04-05 13:30:27,2018-04-06 23:36:40,2018-04-09 14:26:31,2018-04-20,14.2,7.39,1,1,21.59,1,1,5.0,1.0,0e72c38fc7efc48bec36d3d3c0447b0c,13334,indaiatuba,SP,5.03644675925926,15.434699074074073,0,21.59
a198db4525943b0e205a7a453716bbda,a92daa58ac5dd4507c9d8846805f68a8,delivered,2018-04-04 13:40:45,2018-04-04 13:55:11,2018-04-06 23:58:23,2018-04-12 18:12:54,2018-05-04,151.9,27.14,1,1,179.04,8,1,5.0,1.0,ec1e120903c5b82b9d8dd89bb4085347,35480,bonfim,MG,8.188993055555555,29.43003472222222,0,179.04000000000002
67976860fdf683e7bdb13c4f907a982e,750bda3d846652e304dfc5f3914dd8b3,delivered,2018-04-04 13:42:30,2018-04-04 13:55:09,2018-04-05 17:46:43,2018-04-09 15:19:32,2018-04-25,149.65,14.04,1,1,163.69,7,1,5.0,1.0,31397f2849beb9c2f87b601ac5745c00,28030,campos dos goytacazes,RJ,5.067384259259259,20.428819444444443,0,163.69
0bb34cb6a7308c8a0be897369360bcd6,dfd31f8e07d6a7078ae3c8119cef1c2e,delivered,2018-04-04 13:47:32,2018-04-05 13:48:42,2018-04-05 23:55:18,2018-04-09 22:32:13,2018-04-27,99.0,44.27,1,1,143.27,4,1,5.0,1.0,60037f6454b51af266bb195271583c42,9784,sao bernardo do campo,SP,5.364363425925926,22.425324074074073,0,143.27
5b5000f42c9f7a3bd25a2199e7f9d943,916ba025651123ee5d0e8443e16c6baf,delivered,2018-04-04 13:47:39,2018-04-04 14:10:19,2018-04-05 18:35:35,2018-04-06 15:18:32,2018-04-16,37.0,16.58,2,1,53.58,1,1,1.0,1.0,d34a190fae089f2ab716f4fe20748638,5144,sao paulo,SP,2.063113425925926,11.425243055555555,0,53.58
086d8c0d2740866ee3d4730987640d4c,ad6d4e14fbcac0ec27004560ab1d0c21,delivered,2018-04-04 13:50:43,2018-04-04 14:10:39,2018-04-05 17:48:57,2018-04-16 17:28:55,2018-05-02,49.95,12.79,1,1,62.74,1,1,3.0,1.0,7f1efc6850b3545f8e011092447e664d,6787,taboao da serra,SP,12.151527777777778,27.423113425925926,0,62.74
11104e15dc0997a6ba0aaaf449f51160,b2a682e0a1f89cff5840ed5838888bba,delivered,2018-04-04 13:54:36,2018-04-06 03:15:32,2018-04-07 16:51:02,2018-04-10 17:40:47,2018-04-19,59.89,16.69,2,1,76.58,1,1,1.0,1.0,e0a1aa604ed61564997b8d69144e415b,13820,jaguariuna,SP,6.157071759259259,14.420416666666666,0,76.58
f4c75150bfe11df19218e2bcfbb963ab,ca4e3d825b6aaaee563f66426b4c84f4,delivered,2018-04-04 14:01:18,2018-04-04 14:10:57,2018-04-04 23:21:53,2018-04-06 22:51:27,2018-04-16,58.5,29.11,1,1,87.61,1,1,5.0,1.0,e29606907409d22a52fcb4f447ad7bed,4131,sao paulo,SP,2.3681597222222224,11.41576388888889,0,87.61
28443792b60e1229531d828dc74087ff,7b706262b29ae6d4b3523ec628254c6e,delivered,2018-04-04 14:06:24,2018-04-04 14:28:54,2018-04-09 14:42:42,2018-04-18 23:06:33,2018-05-03,338.0,61.38,1,1,399.38,3,1,5.0,1.0,9624cd1c369872142ec96f3096cb848f,12950,atibaia,SP,14.375104166666667,28.412222222222223,0,399.38
84a4e538df041790d785fef8def30d62,f4649f301f987ad66440033b88f4e927,delivered,2018-04-04 14:09:12,2018-04-06 03:28:46,2018-04-10 20:58:43,2018-04-27 21:20:42,2018-04-26,699.0,175.67,1,1,874.67,1,1,4.0,1.0,3b19e6a1c2fcaa5955cfda05706faffa,41290,salvador,BA,23.299652777777776,21.41027777777778,1,874.67
617d980a730141906f5899331ad6db06,194c01d852a6b29b0a9b4df40ff3a4eb,delivered,2018-04-04 14:11:18,2018-04-04 14:29:04,2018-04-07 01:42:33,2018-04-16 19:24:45,2018-04-27,135.0,15.83,1,1,150.83,2,1,5.0,1.0,4e1b7eb1a8a53ae50b1bf9af20d0bbf1,6537,santana de parnaiba,SP,12.217673611111111,22.408819444444443,0,150.83
c9dbbf55ed1dfc04a2f9339a0887d765,ac1f04094195d8798fc5ed0dc1ebf865,delivered,2018-04-04 14:14:43,2018-04-05 02:27:51,2018-04-06 23:44:51,2018-04-12 17:05:56,2018-04-27,59.9,23.0,1,1,82.9,1,1,5.0,1.0,7d2d9ebed4d8691a8e77c33b4d59d1dd,28570,itaocara,RJ,8.118900462962962,22.40644675925926,0,82.9
5202706af09cfff62208ae5a56926b6d,ae68a047db8668d643d62fd6c90b7202,delivered,2018-04-04 14:15:00,2018-04-06 03:28:27,2018-04-10 17:19:11,2018-04-13 18:58:43,2018-05-03,922.7,45.81,3,1,968.51,1,1,1.0,1.0,8bf0bee0027b22b94806d1908358cbbc,1309,sao paulo,SP,9.197025462962962,28.40625,0,968.51
25bc21949722976517998582ae5073a4,47a79e79095bde4cf58c12d4ad6fe43d,delivered,2018-04-04 14:16:51,2018-04-04 14:49:39,2018-04-05 18:14:36,2018-04-10 00:13:18,2018-04-18,191.88,8.53,1,1,200.41,1,1,5.0,1.0,0d519cfe31689fabcab064df5c93e693,5778,sao paulo,SP,5.4142013888888885,13.404965277777778,0,200.41
10bc271bab7798c98b6889a54e45fc8f,08ab4c257d3664e4e28edf27010616de,delivered,2018-04-04 14:18:36,2018-04-04 14:30:20,2018-04-05 16:53:15,2018-04-09 22:56:40,2018-04-20,37.88,19.41,1,1,57.29,2,1,5.0,1.0,84b79aa26b530ae73a12cd8ab4de6ea4,99500,carazinho,RS,5.359768518518519,15.40375,0,57.290000000000006
e2a34138116519cb702c72c12aeb99fc,1976d7f092d9e30dc6f65e2b890f67f5,delivered,2018-04-04 14:19:07,2018-04-04 15:30:20,2018-04-07 00:12:53,2018-04-23 21:29:29,2018-05-02,278.99,42.42,2,2,321.41,1,1,1.0,1.0,dd0c3f3af94f2d203f2ee8baed6eec66,35220,itueta,MG,19.29886574074074,27.403391203703702,0,321.41
012dc9e42da722d22e32c618a2521bec,90de167c37925320a60cc9f4cc750117,delivered,2018-04-04 14:19:18,2018-04-04 14:30:20,2018-04-05 17:03:31,2018-04-09 23:41:44,2018-04-16,49.99,8.88,1,1,58.87,4,1,3.0,1.0,1946044620cb72ca4f9c439a67bd92f2,13186,hortolandia,SP,5.390578703703704,11.403263888888889,0,58.870000000000005
0963806fc66877ce2fbc42be9a91f3f1,f8a238ea4650cf05765ac7a2a54d8693,delivered,2018-04-04 14:21:03,2018-04-05 14:15:23,2018-04-06 00:33:45,2018-04-23 21:49:02,2018-05-03,92.9,24.86,1,1,117.76,10,1,4.0,1.0,8f4968221af78d6f248322ad465279fc,76260,diorama,GO,19.311099537037038,28.402048611111113,0,117.76
528b401a2474f3a33a3373be7a77a0cb,bc3b70c375396b2103e9a3189309a0b9,delivered,2018-04-04 14:22:03,2018-04-04 14:35:12,2018-04-05 20:38:20,2018-04-21 17:46:27,2018-04-27,78.9,26.63,1,1,105.53,2,1,5.0,1.0,78d5cb63ea2fa0684904906f0e4c9c95,35903,itabira,MG,17.141944444444444,22.401354166666668,0,105.53
0a1bbcb7a1af6b58931664e147542a2d,32cb0dc27ceb91adb151c23ba2a3da27,delivered,2018-04-04 14:23:40,2018-04-04 14:35:11,2018-04-05 22:37:46,2018-04-18 21:06:40,2018-04-25,180.0,19.14,1,1,199.14,6,1,5.0,1.0,8efa68b647ae5cec2e01b296a5e3aa0b,29055,vitoria,ES,14.279861111111112,20.40023148148148,0,199.14
5bfb6e0571dfc12cf4710357871f00ba,7ef2fe96dc160d36f8848d6716b31ab9,delivered,2018-04-04 14:25:04,2018-04-04 14:35:17,2018-04-05 17:37:35,2018-04-11 00:08:38,2018-04-26,89.99,14.72,1,1,104.71,1,1,5.0,1.0,def2f17d562354f6223c1ad17a4b4cb6,15900,taquaritinga,SP,6.4052546296296295,21.39925925925926,0,104.71
b150b9b90a70a0313138f20db412321f,d56b30201c33d06cdf8a42709f7c0a4f,delivered,2018-04-04 14:29:46,2018-04-04 14:49:45,2018-04-07 00:13:34,2018-04-26 22:48:39,2018-05-09,104.9,16.7,1,1,121.6,4,1,1.0,1.0,14d7cd502679046bb1c45fda1cc871bb,22280,rio de janeiro,RJ,22.34644675925926,34.39599537037037,0,121.60000000000001
df5f29f5092c8afd0f62b24ddfa9c06f,a0c07761ac81523e0a69e9403bb8d9e8,delivered,2018-04-04 14:31:43,2018-04-04 14:49:38,2018-04-05 17:54:48,2018-04-11 09:11:57,2018-04-19,46.99,7.39,1,1,54.38,1,1,4.0,1.0,d1a85d76a8b3b1b3319f2a3e1c5244ab,13067,campinas,SP,6.777939814814815,14.394641203703705,0,54.38
1aa53856bbf007e716eab896ddea3187,01f5c92b138f7260aeed5a7aea4d0af4,delivered,2018-04-04 14:35:15,2018-04-04 14:50:13,2018-04-05 00:14:40,2018-04-11 15:52:33,2018-04-20,204.0,16.28,1,1,220.28,3,1,5.0,1.0,2ef37525237ec4c3dcac01a5b940a0bc,98930,tucunduva,RS,7.053680555555555,15.3921875,0,220.28
278795fa6c02df5eb7e3549cf3722fdc,921fdc244d0ab2156a464cb5035518b5,delivered,2018-04-04 14:36:46,2018-04-04 14:50:14,2018-04-10 18:31:14,2018-04-16 17:07:24,2018-04-26,832.4100000000001,73.44,3,1,905.85,6,1,5.0,1.0,670985cbdebdcec66895cb9945fc3de1,13090,campinas,SP,12.10460648148148,21.39113425925926,0,905.8500000000001
55361b153c0444dab69a4f7fc00bbb66,67f7f5c57abd3964c11e644ea6ce12e5,delivered,2018-04-04 14:41:43,2018-04-05 08:10:07,2018-04-05 21:52:49,2018-04-07 20:03:01,2018-04-20,499.99,53.05,1,1,553.04,5,1,5.0,1.0,3db49645cbf26782b4211ccd821d9e06,6775,taboao da serra,SP,3.223125,15.38769675925926,0,553.04
731f1b5ebfacba1715ccc2efb20d50b0,a60e479a3fc936109dc7eec87f4bcfd6,delivered,2018-04-04 14:44:22,2018-04-04 14:55:25,2018-04-05 01:22:12,2018-04-14 16:28:38,2018-04-26,299.99,28.18,1,1,328.17,6,1,4.0,1.0,2631abfcc64f59ec68847f78eb83cca7,91910,porto alegre,RS,10.072407407407407,21.385856481481483,0,328.17
15001804f74060f67b97719c69f2fe6e,9205f96959d0899cf127815c70b9abc7,delivered,2018-04-04 14:44:31,2018-04-04 14:55:24,2018-04-05 17:57:32,2018-04-07 00:26:46,2018-04-26,79.0,12.99,1,1,91.99,1,1,5.0,1.0,b7d76df20c149b1a54afbe25d9ecf658,4717,sao paulo,SP,2.4043402777777776,21.385752314814816,0,91.99
aa138e54af900b83a2a45176517d1071,ead77ebbf95133def3337afe3b881acd,delivered,2018-04-04 14:47:05,2018-04-04 15:10:36,2018-04-05 18:34:47,2018-05-02 15:36:29,2018-04-23,100.0,29.73,1,1,129.73,1,1,1.0,1.0,5fce0bef77d1d1f128ca59331ff58ff0,40265,salvador,BA,28.034305555555555,18.38396990740741,1,129.73
ee044ff2777c49a97d4be749aa8e24bb,fa14529dcc5928dcc9a4a3776b2863a1,delivered,2018-04-04 14:57:59,2018-04-06 03:10:24,2018-04-10 00:28:47,2018-04-12 18:24:52,2018-04-23,89.36,15.51,1,1,104.87,1,1,5.0,1.0,2ddc001b620bd90d0f4378cfde1db887,6126,osasco,SP,8.14366898148148,18.376400462962962,0,104.87
9171d836da11db31ce6c50f2ebbbac3e,a1cd7aead5b4948681cfcf303b3b5845,delivered,2018-04-04 15:04:00,2018-04-05 02:08:33,2018-04-10 00:42:40,2018-04-13 02:58:27,2018-04-24,104.0,24.86,1,1,128.86,1,1,5.0,1.0,bc53fa6fe784dfc008612a79f5fc0e3a,88060,florianopolis,SC,8.496145833333333,19.372222222222224,0,128.86
376e24a23026f91d3b3a68ae7b4fffc9,5e92e44ebd0a350490a3b0514da0000d,delivered,2018-04-04 15:04:30,2018-04-05 02:08:32,2018-04-05 20:41:22,2018-04-13 20:36:20,2018-04-20,27.5,12.79,1,1,40.29,1,1,5.0,1.0,edf259b9c27ffd85a54ac0b4c9a9d0c3,18435,nova campina,SP,9.230439814814815,15.371875,0,40.29
bfd5bdc455dcaf5b1d5e9fd8a75c2715,496bfb4137a46ba9abfe3f4897bf3b4d,delivered,2018-04-04 15:06:05,2018-04-05 02:08:36,2018-04-06 20:49:35,2018-04-13 23:02:21,2018-05-11,18.75,17.06,1,1,35.81,1,1,5.0,1.0,dfb5add76c4b7a9c261c7e1a70af7aef,22290,rio de janeiro,RJ,9.33074074074074,36.37077546296296,0,35.81
d01dff4d42c2ef5bdcb2085ccf391ed4,302bd5105bfe26a95e7942e9e85d5b2b,delivered,2018-04-04 15:08:43,2018-04-04 15:30:14,2018-04-06 17:21:12,2018-04-11 02:39:46,2018-05-07,35.0,11.39,1,1,46.39,1,1,5.0,1.0,9c7e7551b620fca261fa19ba196fd97c,22410,rio de janeiro,RJ,6.479895833333333,32.36894675925926,0,46.39
a39f565fb24832fec6f96a476444b02b,afa069d8cd905d0f6e78cacbf13c83a8,delivered,2018-04-04 15:11:12,2018-04-04 15:30:31,2018-04-07 00:38:28,2018-04-09 23:47:49,2018-05-03,200.0,27.049999999999997,2,2,227.05,4,1,5.0,1.0,ed891ac9ea39363e127dd2e4e3875416,11471,guaruja,SP,5.358761574074074,28.36722222222222,0,227.05
f9f5a6122ac5d668e8bf05b61354507e,2e63252a47cbfe8033e3b65e00e13f1a,delivered,2018-04-04 15:18:25,2018-04-04 18:28:22,2018-04-05 18:50:36,2018-04-18 19:07:51,2018-05-08,9.99,18.23,1,1,28.22,1,1,5.0,1.0,83068ec0eed4bfdd5afd4d8b00c13aed,96170,sao lourenco do sul,RS,14.159328703703704,33.36221064814815,0,28.22
4b776c02a3be0e30b22a7e5ff6a72136,3de50cef5f608ce966220a332bafba21,delivered,2018-04-04 15:33:51,2018-04-04 15:50:12,2018-04-10 00:55:19,2018-04-13 20:48:34,2018-04-19,52.9,11.15,1,1,64.05,1,1,3.0,1.0,8aa91bd9d61152ee8167e620e58491d1,8452,sao paulo,SP,9.218553240740741,14.351493055555556,0,64.05
8f4ffb225a704e25511f490b651b6f2e,3966d538af8357574982ae2285464498,delivered,2018-04-04 15:45:06,2018-04-04 16:10:56,2018-04-07 01:05:01,2018-04-10 16:38:42,2018-05-07,105.0,9.27,1,1,114.27,10,1,5.0,1.0,d2f98cbf06b1366127b1fb7cecf721d1,22230,rio de janeiro,RJ,6.037222222222222,32.34368055555556,0,114.27
1031e136362f6146fec2f01610358fca,df0be7a0d523566ae05e9cd7ab862a68,delivered,2018-04-04 15:57:48,2018-04-06 03:28:39,2018-04-09 15:34:52,2018-04-10 16:51:50,2018-04-16,74.0,12.43,1,1,86.43,1,1,4.0,1.0,eeb71e286af9562fe3477bfa239eccab,2404,sao paulo,SP,6.037523148148148,11.334861111111111,0,86.43
98ec7765fb71197418588a070f4c1abc,6c3562f133b3f16583c6a2524ca77379,delivered,2018-04-04 15:59:27,2018-04-04 16:10:58,2018-04-05 18:52:27,2018-04-16 17:40:51,2018-05-03,119.0,22.89,1,1,141.89,2,1,5.0,1.0,8d39b95a71da060898b6d1f11a3f08a7,72430,brasilia,DF,12.070416666666667,28.333715277777777,0,141.89
909965523288fe78ac1a381314d6811c,ee5c7ad836529f8fb1f3db7a45114f38,delivered,2018-04-04 16:03:05,2018-04-04 16:28:26,2018-04-05 18:11:17,2018-05-02 16:41:32,2018-05-03,99.0,32.61,1,1,131.61,2,1,5.0,1.0,540dff3e8104eb36fc0da984c3ba1575,50630,recife,PE,28.02670138888889,28.33119212962963,0,131.61
871294c2faf8ee65dace13b21512735a,51a88ba8580d25bc1185deff1d221521,delivered,2018-04-04 16:05:12,2018-04-04 16:28:28,2018-04-06 22:07:37,2018-04-07 13:41:58,2018-04-16,161.42,13.03,1,1,174.45,5,1,4.0,1.0,66f08e716d89321277d31af853632bad,2724,sao paulo,SP,2.9005324074074075,11.329722222222221,0,174.45
3b20eefea25e9f7a1f09b7106c26da95,968c31ee3af93b0eae7defaac4296e8e,delivered,2018-04-04 16:14:50,2018-04-04 16:28:31,2018-04-05 18:33:00,2018-04-16 16:58:42,2018-05-02,36.65,19.32,1,1,55.97,1,1,4.0,1.0,89d5d31136b243b2dbd52555ec37374c,18147,aracariguama,SP,12.030462962962963,27.323032407407407,0,55.97
a60cfae2bca27cb006f446f1f04cb730,faa9d2f851f2d1d8bbce6c4df3a9a5f9,delivered,2018-04-04 16:19:09,2018-04-04 16:30:42,2018-04-05 19:38:40,2018-04-06 18:06:45,2018-04-20,19.9,7.39,1,1,27.29,2,1,3.0,1.0,1d142b038c3043e0f65cdeca3f0fe729,6390,carapicuiba,SP,2.0747222222222224,15.320034722222223,0,27.29
d5ba8093739265fed17f69492c65670f,e28090b411dfb13f68d46862e014b9c7,delivered,2018-04-04 16:20:32,2018-04-04 16:30:42,2018-04-05 23:06:39,2018-04-19 22:03:17,2018-04-27,35.9,15.23,1,1,51.13,1,1,5.0,1.0,8da4f8884cb807a1a95dce688436b0ba,90430,porto alegre,RS,15.238020833333334,22.319074074074074,0,51.129999999999995
41cd08c1c7208915ee863f39716f63aa,dec1e10eaf73737ecbfa17a08db8b1d7,delivered,2018-04-04 16:29:56,2018-04-04 16:49:44,2018-04-05 19:02:33,2018-04-06 17:36:57,2018-04-19,55.9,13.23,1,1,69.13,1,1,5.0,1.0,bee61b700acbc3a4d42bcc23d10222a9,5820,sao paulo,SP,2.0465393518518518,14.312546296296297,0,69.13
77ca6260968df56621a018444bec0e59,072d324b57768cb953eb7f70c04d25c6,delivered,2018-04-04 16:32:31,2018-04-05 02:28:23,2018-04-07 01:16:49,2018-04-14 18:21:47,2018-04-26,59.6,19.39,1,1,78.99,1,1,4.0,1.0,0379f1984bd3b7850ed7f4ec0a9e4134,86300,cornelio procopio,PR,10.075879629629629,21.310752314814813,0,78.99000000000001
818961050c379d7725bfa37c6f6c40ce,312174cad7559a8fbbb3a196b96ea7fb,delivered,2018-04-04 16:35:52,2018-04-05 16:35:20,2018-04-07 01:22:19,2018-05-14 15:56:40,2018-05-11,19.49,18.23,1,1,37.72,3,1,1.0,1.0,59cd47f7d0957b3cf7860f25986cf4b5,21760,rio de janeiro,RJ,39.97277777777778,36.308425925925924,1,37.72
04aecd02392f7ec523e0e3f208d7e890,1b3a5726a67f0222890dc9c922f19809,delivered,2018-04-04 16:37:52,2018-04-04 16:49:52,2018-04-05 20:07:42,2018-04-10 18:44:30,2018-04-16,103.99,7.59,1,1,111.58,5,1,4.0,1.0,6e576eaae1a8076ef24c487f08cd1bda,11701,praia grande,SP,6.087939814814815,11.307037037037038,0,111.58
b8b755f4dbfb058b20c5c4ef662ddc9f,36d53e516a44e61c73a33f25619f1980,delivered,2018-04-04 16:43:47,2018-04-04 16:55:35,2018-04-10 21:21:07,2018-04-18 12:12:53,2018-04-30,142.9,27.73,1,1,170.63,1,1,4.0,1.0,ff5dc18f33f97199609b4dd60918b6ae,35500,divinopolis,MG,13.811875,25.30292824074074,0,170.63
75f19ffdc366b3e66a822a7fafa0db05,69a08b6125c4dbe1e658f5410fa5be95,delivered,2018-04-04 16:44:39,2018-04-04 16:55:27,2018-04-05 15:42:48,2018-04-15 15:03:28,2018-05-21,141.9,22.7,1,1,164.6,7,1,5.0,1.0,b5b05f548b0ef6c8f6a6ef4c9eafeaf0,22743,rio de janeiro,RJ,10.929733796296297,46.302326388888886,0,164.6
df9ad58c9ee5c31a5a9e19eea2acc369,c216afd969392d546d175422ce463b4a,delivered,2018-04-04 16:44:40,2018-04-04 16:55:21,2018-04-05 16:41:19,2018-05-07 17:32:00,2018-05-07,39.99,16.95,1,1,56.94,2,1,2.0,1.0,5b783104911d26b448550275f926fefd,27963,macae,RJ,33.03287037037037,32.302314814814814,1,56.94
9cbbee2d6fc84610e720368c09517556,8a067839d9b32272550844562ec03d14,delivered,2018-04-04 16:51:45,2018-04-06 03:28:37,2018-04-07 01:22:12,2018-05-03 14:48:31,2018-04-30,489.0,84.51,1,1,573.51,1,1,5.0,1.0,b24339384ad7bed4f7d051b9499f6b83,19063,presidente prudente,SP,28.914421296296297,25.297395833333333,1,573.51
96ce8bad186d048ce238079d1022fc6c,6e8c8dc2d1380ee7a963e31ec01885fe,delivered,2018-04-04 16:55:14,2018-04-04 17:09:46,2018-04-05 22:11:34,2018-04-06 20:37:31,2018-04-20,75.0,8.29,1,1,83.29,8,1,5.0,1.0,642d2f704499e433075805fd7316cfcf,7713,caieiras,SP,2.154363425925926,15.294976851851851,0,83.28999999999999
90b3ce1268706ec7923743d5867f26a1,b77a36877fb9b74ab4dec5f4e939419a,delivered,2018-04-04 16:58:30,2018-04-05 16:55:34,2018-04-07 01:18:35,2018-04-11 01:10:56,2018-04-16,1198.0,53.02,2,1,1251.02,4,1,4.0,1.0,648c4c2cefed3d28d6af80b6ddbd7563,3478,sao paulo,SP,6.341967592592592,11.292708333333334,0,1251.02
cb1529a953c6df155505c4e2863b3b10,2b710f598151f86cea8be84007ac53e7,delivered,2018-04-04 17:15:58,2018-04-05 17:10:23,2018-04-07 00:48:52,2018-04-21 00:44:29,2018-05-10,107.8,42.7,2,1,150.5,1,1,1.0,1.0,a7de0c8480d07cef1e8f55f8c61f548f,21660,rio de janeiro,RJ,16.311469907407407,35.2805787037037,0,150.5
396b08e638fbc9a9d6747df738dbd29c,b86fa13640bbe026753973deebf377c8,delivered,2018-04-04 17:16:55,2018-04-04 17:30:22,2018-04-05 19:58:55,2018-04-14 19:32:33,2018-04-26,255.0,15.88,1,1,270.88,3,1,3.0,1.0,49c8c4575d64540960170de12edb2ff7,11680,ubatuba,SP,10.094189814814815,21.279918981481483,0,270.88
a2e800724114bf08cc0847941b882a4d,c96e4b1faa66775c112927045ead1c5d,delivered,2018-04-04 17:20:08,2018-04-04 17:30:20,2018-04-09 22:42:02,2018-04-12 17:34:45,2018-04-20,19.0,12.79,1,1,31.79,1,1,5.0,1.0,5f2eb40c7352bf49c3876e764133f0c2,15700,jales,SP,8.010150462962963,15.277685185185184,0,31.79
ee24b5ab6e72c956f37630115a3c5cc5,9d7b386d6dbdd05a9f181028f8bc9a30,delivered,2018-04-04 17:20:44,2018-04-04 17:30:24,2018-04-07 00:03:47,2018-04-09 23:38:34,2018-04-19,27.5,9.44,1,1,36.94,1,1,4.0,1.0,cc83f7e6be1e9696e04b60f00417799e,4560,sao paulo,SP,5.262384259259259,14.277268518518518,0,36.94
e1df35a4d8a73d8ad53be0f5993e6af4,f3a4644c8ed85a663dcfcea1e815e83a,delivered,2018-04-04 17:23:21,2018-04-05 02:30:25,2018-04-05 22:46:42,2018-04-19 22:33:31,2018-04-30,54.9,18.26,1,1,73.16,1,1,5.0,1.0,ac3fd22565a646030d903d8746797333,74015,goiania,GO,15.21539351851852,25.27545138888889,0,73.16
ec6ec630f8a398e0da49ca915969bffa,8209a3936175e3005c195b126952c392,delivered,2018-04-04 17:24:24,2018-04-04 17:35:28,2018-04-05 20:06:37,2018-04-18 02:03:36,2018-05-04,177.0,23.74,1,1,200.74,2,1,4.0,1.0,4dd4051cb1709064afe3e4f371dea06d,57048,maceio,AL,13.360555555555555,29.274722222222223,0,200.74
5908ee27430d026f83a0310e7c7770a2,193ce7c3325f456276d2c58fc552f3d2,delivered,2018-04-04 17:26:30,2018-04-05 17:29:50,2018-04-07 01:17:44,2018-04-19 16:48:58,2018-04-30,64.8,19.42,1,1,84.22,1,1,5.0,1.0,902306e267fc32e3c4d2d022dfc1be02,74230,goiania,GO,14.973935185185185,25.273263888888888,0,84.22
13ab319681acf383730a6b28363c36fb,53c80343e108dfd723bdfe2628b9f575,delivered,2018-04-04 17:27:59,2018-04-06 03:10:20,2018-04-07 00:47:38,2018-04-12 17:29:43,2018-05-03,29.9,18.23,1,1,48.13,1,1,4.0,1.0,9337bfefb11c6226c50a95fb6593ded7,98290,condor,RS,8.001203703703704,28.272233796296295,0,48.129999999999995
428379472fdd9b3d36d545677e852e77,f54ff0ff6dbdfcac2b593b3154f207f1,delivered,2018-04-04 17:30:42,2018-04-04 17:50:29,2018-04-24 22:47:42,2018-05-03 23:52:07,2018-05-11,106.9,13.19,1,1,120.09,6,1,5.0,1.0,04dd576f551d493e80d2d3a5fad5834b,18620,anhembi,SP,29.264872685185185,36.27034722222222,0,120.09
60902f64bb98d5d9911ee0c48ad5008b,994cace97b0f7461dd1b9912f0714560,delivered,2018-04-04 17:32:19,2018-04-04 17:50:29,2018-04-05 19:08:43,2018-04-11 20:07:52,2018-04-26,89.99,13.07,1,1,103.06,1,1,4.0,1.0,251e2b5f0f765503f7a20ee1dd259b40,7097,guarulhos,SP,7.108020833333334,21.269224537037037,0,103.06
c663dda98ce9577e802b009d257edeae,7cb2faa580dc6bebf04e29bb426e99a2,delivered,2018-04-04 17:36:41,2018-04-05 02:08:34,2018-04-05 20:56:39,2018-04-06 19:29:27,2018-04-20,13.99,7.39,1,1,21.38,1,1,5.0,1.0,3a3c380a436aaa6ba50d8f56508fbd00,6328,carapicuiba,SP,2.078310185185185,15.26619212962963,0,21.38
cc23fbbb872ac2c2426b0d729caf7e9b,a83eec9a997cd0c68981cb5794dcc7d8,delivered,2018-04-04 17:37:38,2018-04-04 17:50:36,2018-04-06 19:06:29,2018-04-13 20:48:24,2018-04-30,65.0,18.33,1,1,83.33,1,1,4.0,1.0,6f4bbd0007955acef2ef24322bf753ff,30310,belo horizonte,MG,9.132476851851852,25.265532407407406,0,83.33
66db3ce2f1e6eb13f708e0bdda31c70c,352438065e364ccbd52f9663df267493,delivered,2018-04-04 17:38:39,2018-04-04 17:50:38,2018-04-06 22:48:34,2018-04-12 16:22:36,2018-04-23,89.6,18.51,1,1,108.11,1,1,5.0,1.0,cc4e45374cd203aedb9c2c9a14ee1edd,11675,caraguatatuba,SP,7.9471875,18.26482638888889,0,108.11
b6a9a9bf76b62a0f4cd266998d553b11,968299ea8e077dfaebeaf2e1a5e63681,delivered,2018-04-04 17:41:15,2018-04-05 17:35:32,2018-04-10 13:28:32,2018-04-23 18:58:42,2018-04-27,72.0,23.08,1,1,95.08,4,1,3.0,1.0,4dcae5ff051ae59bf11de65ad1192b33,86430,santo antonio da platina,PR,19.053784722222222,22.263020833333332,0,95.08
ea65d548a7f45a2343930a3223974a21,2f26bf00de89ac3d03038b4b775f9bf2,delivered,2018-04-04 17:42:30,2018-04-06 03:15:40,2018-04-07 01:44:47,2018-04-16 17:52:30,2018-04-30,149.9,53.18,1,1,203.08,1,1,4.0,1.0,256a6a3b559c78fa8cda69de85bfb70c,13590,dourado,SP,12.006944444444445,25.26215277777778,0,203.08
856a6bef735f48ac9d2c56835924921d,5b07b8efa4b0fb60ec1fb7e5cff88586,delivered,2018-04-04 17:44:32,2018-04-04 17:55:15,2018-04-05 22:38:42,2018-04-09 19:32:02,2018-04-27,300.0,14.54,1,1,314.54,10,1,4.0,1.0,db87c4eb510f2b5f5746d2925c7973b3,9710,sao bernardo do campo,SP,5.074652777777778,22.26074074074074,0,314.54
49645a8902c1ba980836b7bff991d69f,821a7275a08f32975caceff2e08ea262,delivered,2018-04-04 17:50:52,2018-04-04 18:08:41,2018-04-05 16:36:49,2018-04-06 23:32:21,2018-04-18,84.9,7.46,1,1,92.36,3,1,5.0,1.0,046470763123d3d6364f89095b4e47ab,5734,sao paulo,SP,2.2371412037037035,13.256342592592592,0,92.36
5419867f4aa50888cbd30061ced88b44,144f8ac4df50b7448ed453447b7d18d6,delivered,2018-04-04 17:57:17,2018-04-04 18:10:22,2018-04-05 18:50:35,2018-04-06 17:29:37,2018-04-19,29.97,22.169999999999998,3,1,52.14,1,1,1.0,1.0,f6a6eece6abcece25d0daa49169dfea6,13467,americana,SP,1.980787037037037,14.251886574074074,0,52.14
1a6999c021291137f10864ddb9710172,9bb289a474b8b487ef1fb04b0daf7425,delivered,2018-04-04 17:58:04,2018-04-06 19:10:13,2018-04-10 20:28:24,2018-04-20 19:44:40,2018-05-03,230.0,24.11,1,1,254.11,3,1,5.0,1.0,8f5143570051e10cda490e55126b9ec0,57100,rio largo,AL,16.07402777777778,28.251342592592593,0,254.11
f3c3a7ba1b89f8248dbb8e42813efad5,2722d60fd1027ac0dda8e5fda7105448,delivered,2018-04-04 18:02:41,2018-04-04 18:10:19,2018-04-10 00:04:04,2018-04-11 17:52:07,2018-04-16,163.98,15.84,2,1,179.82,2,1,1.0,1.0,eb3cb62b5b6296a30d023c91cb1b7cc4,2413,sao paulo,SP,6.992662037037037,11.248136574074074,0,179.82
8aa07b58565103d7756d28e4f3985e74,2c9b75eb97b0fe65ff2e32fd4cf62767,delivered,2018-04-04 18:08:38,2018-04-05 12:10:19,2018-04-07 01:18:24,2018-04-11 18:12:57,2018-04-26,158.0,13.55,1,1,171.55,2,1,2.0,1.0,b7a958a07d064248e48c63a95a146cfe,4041,sao paulo,SP,7.002997685185186,21.24400462962963,0,171.55
a711032f5b2df3b039238b1a273076b8,9393744f4214f430a813fee1316567e2,delivered,2018-04-04 18:08:41,2018-04-04 18:15:19,2018-04-07 22:03:07,2018-04-22 21:05:11,2018-05-03,149.0,22.75,1,1,171.75,6,1,5.0,1.0,927c1b4bd2d326409fd16eeedaa9ea30,48080,alagoinhas,BA,18.122569444444444,28.243969907407408,0,171.75
2975b6c860dbfdf97400ce6e3f2f17fa,c19fd1f70eda21df900b350e67c26ffe,delivered,2018-04-04 18:14:13,2018-04-04 18:28:25,2018-04-05 20:42:39,2018-04-27 18:38:45,2018-05-03,69.9,24.71,1,1,94.61,4,1,2.0,1.0,43609bac99eff5f455f5ed4ac1f78171,75650,morrinhos,GO,23.01703703703704,28.240127314814814,0,94.61000000000001
f7404ef9274b77e82cba63629c091e3f,e2bfd0a3a3e2677586821cb7f3a27d07,delivered,2018-04-04 18:14:40,2018-04-06 03:08:22,2018-04-07 01:22:14,2018-04-18 17:18:24,2018-04-26,57.9,22.12,1,1,80.02,1,1,5.0,1.0,9c5378dd26d0e55f55eba2e800765a6b,44730,caem,BA,13.960925925925926,21.239814814814814,0,80.02
fc44d27a4439d26e8ead6e656c28cbd2,992527e4a6e623c4756e60b7b17b1cfc,delivered,2018-04-04 18:21:55,2018-04-04 18:35:20,2018-04-06 19:06:41,2018-05-09 20:18:52,2018-05-03,79.9,19.25,1,1,99.15,1,1,,,3fcf8b3ed9dcbce128bcbdb66c122225,66095,belem,PA,35.08121527777778,28.234780092592594,1,99.15
29e2ad0dc7d3e40270b43dae7133c30b,74a3a97a002838ad5a227aba4f90ca78,delivered,2018-04-04 18:28:11,2018-04-04 18:48:28,2018-04-05 20:09:26,2018-04-08 17:54:32,2018-04-18,66.76,16.4,1,1,83.16,1,1,5.0,1.0,8170c6e6d010d22195bcd959f5de1ea5,6342,carapicuiba,SP,3.9766319444444442,13.230428240740741,0,83.16
e73a10858b70339917af3b108236c820,a89d0a244eb36392521d02b1d5e173fc,delivered,2018-04-04 18:31:09,2018-04-05 18:27:45,2018-04-07 01:22:08,2018-04-24 13:59:32,2018-04-26,564.99,29.24,1,1,594.23,10,1,5.0,1.0,ff0f0dd4e2a4bb1302492fe8d6880dac,78118,varzea grande,MT,19.811377314814816,21.228368055555556,0,594.23
5b9ec93a929c3ac36c58426030b286c7,feb218d83fec5edd15652761eecdabcc,delivered,2018-04-04 18:32:53,2018-04-04 18:48:34,2018-04-05 16:16:42,2018-04-09 22:41:55,2018-04-17,105.0,9.09,1,1,114.09,1,1,5.0,1.0,ec1a46ef8409aca3b3f94b01e02d6582,1310,sao paulo,SP,5.172939814814815,12.227164351851853,0,114.09
7e25a709518d3b5b51fab58d605ea0e8,f26da87c662e29c4680a07cf6e7f3a97,delivered,2018-04-04 18:42:39,2018-04-04 18:55:28,2018-04-07 01:12:20,2018-04-19 00:28:44,2018-04-25,170.0,19.08,1,1,189.08,4,1,1.0,1.0,ec6da744b820c4d98e6e74d2fee09634,29143,cariacica,ES,14.240335648148148,20.220381944444444,0,189.07999999999998
9416d46f37f3852f96df822e953ff6c5,be1013a9e2d92667fe3c7b8654c639d0,delivered,2018-04-04 18:43:12,2018-04-04 18:55:20,2018-04-05 17:21:50,2018-04-10 16:19:20,2018-05-04,159.0,39.4,1,1,198.4,1,1,5.0,1.0,748e06414405155cc2b06d0dbe746c4e,24230,niteroi,RJ,5.900092592592593,29.22,0,198.4
531327b704efe1a9d929abf11f2327f3,5dfb3b57a3a577cfe354a53ed89f01e8,delivered,2018-04-04 18:45:44,2018-04-04 19:09:02,2018-04-05 20:04:23,2018-04-19 19:24:49,2018-04-27,38.17,23.28,1,1,61.45,1,1,5.0,1.0,f9079882776e4b14a89a3726db712d10,26600,paracambi,RJ,15.027141203703703,22.21824074074074,0,61.45
d178d91e51bdffa31e6832529317771e,7d4716432442c678d536d1d5eff97d97,delivered,2018-04-04 18:48:03,2018-04-05 02:10:32,2018-04-05 18:22:14,2018-04-11 18:11:45,2018-04-24,139.0,23.83,1,1,162.83,1,1,4.0,1.0,14c83411956a1c3ea720e5309b5e161c,38600,paracatu,MG,6.9747916666666665,19.216631944444444,0,162.82999999999998
4551cef6547305066c9e8a9bd4c5641d,d3d79c0d244fdd2a969683816cdb128e,delivered,2018-04-04 18:54:17,2018-04-05 02:30:27,2018-04-05 23:07:53,2018-04-06 21:36:25,2018-04-16,54.99,7.71,1,1,62.7,1,1,1.0,1.0,54799ca87f5fae31b004167ddb58f13b,13419,piracicaba,SP,2.1125925925925926,11.212303240740741,0,62.7
38a205d16aa85ec7daa30215713cbef8,a67c6d5b763ab7890173042f8997740f,delivered,2018-04-04 19:07:44,2018-04-05 02:15:32,2018-04-05 21:58:50,2018-04-17 18:58:23,2018-05-02,269.9,37.37,1,1,307.27,1,1,5.0,1.0,322740034480eb5fe9d14398aee49d4b,78700,rondonopolis,MT,12.993506944444444,27.202962962962964,0,307.27
b88330a020772cd6f9b2454f307a486d,658a7d941c6f5fc09e7a2ef4fed57dca,delivered,2018-04-04 19:07:44,2018-04-05 02:15:34,2018-04-05 21:58:51,2018-04-17 20:21:53,2018-05-02,209.9,32.12,1,1,242.02,1,1,5.0,2.0,322740034480eb5fe9d14398aee49d4b,78700,rondonopolis,MT,13.051493055555556,27.202962962962964,0,242.02
3c2988b42a58560a3f8f467ddef9eebb,633431e9aedadd76153cb6a8153921c4,delivered,2018-04-04 19:13:15,2018-04-04 19:29:06,2018-04-05 19:03:11,2018-04-13 02:10:55,2018-04-30,79.99,12.95,1,1,92.94,2,1,5.0,1.0,85c400e7c41d5be742c6ae9855d8034e,16057,aracatuba,SP,8.290046296296296,25.199131944444446,0,92.94
6db17d1984cf4ba781756524332520da,734d9a2647b79cfae19586ab63e5eece,delivered,2018-04-04 19:13:39,2018-04-04 19:29:04,2018-04-10 19:21:53,2018-04-11 19:58:34,2018-04-16,134.9,9.86,1,1,144.76,2,1,4.0,1.0,d2f71b8567c4e8f4bf3132edf191048f,13310,itu,SP,7.03119212962963,11.198854166666667,0,144.76
2297a47ed15e99116ac68cdb390cd700,65f66bced8bf7a1879abfeef1efd54e7,delivered,2018-04-04 19:21:32,2018-04-04 19:35:19,2018-04-05 21:56:47,2018-04-20 22:22:14,2018-05-02,74.9,18.13,1,1,93.03,1,1,5.0,1.0,8f601c7d9263ca954656792b02517b3b,79130,rio brilhante,MS,16.125486111111112,27.19337962962963,0,93.03
aafc22fae6cdfbcaba01670f0e4cb3d6,351240651e01921b3ee7b4ec30dc2f77,delivered,2018-04-04 19:24:41,2018-04-04 19:35:21,2018-04-05 18:09:00,2018-04-16 15:58:38,2018-04-24,19.9,13.47,1,1,33.37,1,1,5.0,1.0,afa76a17c35426eaee8987261d79a13e,87990,diamante do norte,PR,11.856909722222222,19.19119212962963,0,33.37
4a567b5979f126d93ca2a6729c7c7138,8bba8fd9ff6d3946b610e7d108ad8125,delivered,2018-04-04 19:26:58,2018-04-04 19:48:40,2018-04-10 16:25:32,2018-04-17 00:23:39,2018-04-25,54.49,18.26,1,1,72.75,3,1,1.0,1.0,bae6e94802a7e624db1abd097057f2ce,36350,sao tiago,MG,12.206030092592593,20.18960648148148,0,72.75
6105321bd9c6d494502e32dd1d28c53d,fe9fa21e9a917d3654792ec166759d2f,delivered,2018-04-04 19:28:46,2018-04-04 19:48:45,2018-04-05 18:31:02,2018-04-09 16:09:49,2018-05-17,57.9,19.38,1,1,77.28,1,1,1.0,1.0,d794f879997aadb2cf494148550c892f,35300,caratinga,MG,4.861840277777778,42.188356481481485,0,77.28
6c187850c87a918e0ac628d5ffd4d75a,6b39b1d56b466e46aeb889194235e77d,delivered,2018-04-04 19:51:29,2018-04-04 20:08:43,2018-04-05 19:49:26,2018-04-10 18:07:44,2018-05-02,134.2,23.52,1,1,157.72,6,1,5.0,1.0,2755ddcc281dce018ef19e1f8e54716d,13530,itirapina,SP,5.927951388888889,27.172581018518517,0,157.72
3b694fa216b9963c2df0ad993a355551,d2d83da97b053656de05c3a2184666e5,delivered,2018-04-04 19:53:45,2018-04-04 20:08:46,2018-04-07 01:42:39,2018-04-12 19:58:29,2018-05-04,39.99,16.95,1,1,56.94,2,1,3.0,1.0,4f1455bdf967d9144c8f55c7b99bbdff,71215,brasilia,DF,8.003287037037037,29.171006944444443,0,56.94
7ab608f5a744c8f9c9c449fe54de96de,8aeb0bfe3d5463fd1f845f933a468e70,delivered,2018-04-04 19:53:51,2018-04-04 20:08:44,2018-04-06 21:21:50,2018-04-13 22:51:09,2018-05-04,299.0,25.74,1,1,324.74,6,1,1.0,1.0,8426c1ba4c8bb532a3d527772a9b46e1,30860,belo horizonte,MG,9.123125,29.1709375,0,324.74
9f9d2b35ac2defefacb5c123b82b2223,acb3477acf26f7afd9714d9470c23552,delivered,2018-04-04 19:59:17,2018-04-04 20:10:19,2018-04-06 02:42:36,2018-04-07 01:51:24,2018-04-17,297.0,37.8,3,1,334.8,10,1,5.0,1.0,479f918c055f351de04937dcabb3b308,6033,osasco,SP,2.244525462962963,12.167164351851852,0,334.8
9220fb45f8a6492e8f7a9094fa80bdc3,9f494a5457f367b4eba25972ae348754,delivered,2018-04-04 20:08:14,2018-04-05 02:10:31,2018-04-07 01:06:48,2018-04-14 18:26:34,2018-04-26,109.0,21.7,1,1,130.7,1,1,5.0,1.0,3b5d6001cdd493da3fabcd800461ee63,27910,macae,RJ,9.929398148148149,21.160949074074075,0,130.7
7a52ab63cda983a2713878fc7e994277,bd96ad9d1c5bc76bc56f5becb99f39e9,delivered,2018-04-04 20:16:29,2018-04-05 20:10:22,2018-04-06 23:56:29,2018-04-09 14:22:53,2018-04-30,199.9,20.37,1,1,220.27,2,1,5.0,1.0,a773296d120fe60ee49a4cf09c57d3a0,9241,santo andre,SP,4.754444444444444,25.155219907407407,0,220.27
a1b54f30ed711d13163bfa0c07e8c847,4bd62c9ef8238366a55babd065151b46,delivered,2018-04-04 20:17:01,2018-04-04 20:30:15,2018-04-05 23:24:41,2018-04-10 13:52:36,2018-04-19,699.4,13.25,1,1,712.65,3,1,4.0,1.0,c8876e76a6699cc5b0fdc20df213283e,8240,sao paulo,SP,5.733043981481481,14.154849537037038,0,712.65
a90e6886408cb63c812ea10dbc810ed6,fe4b77a5964aa7c2e9980def32a67e95,delivered,2018-04-04 20:21:12,2018-04-04 20:35:21,2018-04-06 17:48:54,2018-04-10 18:36:50,2018-04-20,34.49,8.82,1,1,43.31,1,1,3.0,1.0,a1f4786315fee99e8a3c8cc9c71d54a1,11702,praia grande,SP,5.927523148148148,15.151944444444444,0,43.31
aed2da811d45d0cdd0566d83a44f9724,1a3677b7315ceb6f19ea02af64389b53,delivered,2018-04-04 20:21:53,2018-04-05 21:09:11,2018-04-06 20:51:16,2018-04-11 13:02:26,2018-05-02,132.8,23.47,1,1,156.27,10,1,5.0,1.0,a1bb7c7b76a140dfbb6de2b090bf1849,88135,palhoca,SC,6.694826388888889,27.151469907407407,0,156.27
733c73abed2883f2005808ba3e5214ce,91b0ff57126eda07b2d129bd59c2b689,delivered,2018-04-04 20:23:38,2018-04-04 20:35:21,2018-04-05 19:38:20,2018-04-11 20:19:16,2018-04-26,134.9,34.48,1,1,169.38,3,1,5.0,1.0,651f11c3629dfce0cba1b294042d5133,24230,niteroi,RJ,6.9969675925925925,21.15025462962963,0,169.38
5e1634961496211a38819595cbde5862,e25aaa002dbd4d61f2454849e3cf4e8b,delivered,2018-04-04 20:29:34,2018-04-05 08:10:07,2018-04-05 23:08:56,2018-04-12 23:24:40,2018-04-26,59.0,13.77,1,1,72.77,5,1,5.0,1.0,e167a79f36ed5e532eb9f9f5e55a880d,15300,general salgado,SP,8.121597222222222,21.14613425925926,0,72.77
832fd2df9c576a07c015ce8f0d88466e,773bfaa3eb31a2865900e4d3171cc854,delivered,2018-04-04 20:41:57,2018-04-05 09:28:21,2018-04-06 19:21:53,2018-04-12 22:14:32,2018-04-27,49.9,15.23,1,1,65.13,1,1,5.0,1.0,5c6a9d3bed2ece0df608533a87996df4,95780,montenegro,RS,8.064293981481482,22.137534722222224,0,65.13
aa12a07df2b43bc0d2e8ebebd7271879,29d79aeed09623a1ffc16ff0d5d05ba7,delivered,2018-04-04 20:43:55,2018-04-04 20:55:29,2018-04-16 20:19:17,2018-04-25 11:24:38,2018-05-03,45.9,18.23,1,1,64.13,2,1,1.0,1.0,45b74b6e12342b44df029204a0fd7c46,89805,chapeco,SC,20.611608796296295,28.136168981481482,0,64.13
3ccf90ae3753b3d692dd5f400621502e,11b8d5bca945346e1096f142d0e423e0,delivered,2018-04-04 20:44:11,2018-04-04 20:55:27,2018-04-05 18:50:38,2018-04-27 01:09:28,2018-05-03,54.99,16.35,1,1,71.34,2,1,4.0,1.0,feeb3c8abc9b9f2566108e37cf124b3c,93010,sao leopoldo,RS,22.184224537037036,28.135983796296298,0,71.34
079ad290e98bc46b5d7e0ce9fc15af1b,26165bf3490f385b45f860cae56f4135,delivered,2018-04-04 20:49:44,2018-04-04 21:09:16,2018-04-05 19:38:19,2018-04-09 17:44:54,2018-04-26,54.9,22.96,1,1,77.86,1,1,5.0,1.0,9f9d8742cf4906bd7bf2c2f1b5699cfb,24210,niteroi,RJ,4.8716435185185185,21.13212962962963,0,77.86
209b30577b4c8a3f622822461ede363e,f3cbdf0bb95fae3bb4697ed194df25c1,delivered,2018-04-04 20:50:52,2018-04-05 08:10:06,2018-04-06 00:51:15,2018-05-04 23:02:13,2018-05-09,349.9,31.96,1,1,381.86,5,1,5.0,1.0,0fe4ad1853ca222fc9b0718ba6c32cd8,49063,aracaju,SE,30.091215277777778,34.131342592592596,0,381.85999999999996
a1807de46dfccdc857a541ba48307747,77378e668a3ff1ff6ad738902365eedb,delivered,2018-04-04 21:00:39,2018-04-04 21:10:14,2018-04-06 22:36:41,2018-04-28 16:40:45,2018-04-24,42.99,22.93,1,1,65.92,1,1,1.0,1.0,577c5a14cc11838cb0da2b1bba90bc0e,72602,brasilia,DF,23.81951388888889,19.124548611111113,1,65.92
87afe03582c1a7f1914fd26170b7701c,cdba0cece04a0f6241f6ae72f87f2cc4,delivered,2018-04-04 21:01:02,2018-04-06 03:15:40,2018-04-07 01:16:47,2018-04-12 20:11:33,2018-04-24,14.9,15.23,1,1,30.13,1,1,5.0,1.0,bceb8b322eccef629d5fb3fd26bb1f8b,74470,goiania,GO,7.965636574074074,19.124282407407406,0,30.130000000000003
623695cd72cc41aa116c10c7c28608a1,a852a1fd87371f874c3f2c1361dedf1a,delivered,2018-04-04 21:04:05,2018-04-04 21:15:22,2018-04-06 21:49:27,2018-04-09 11:51:51,2018-04-23,133.2,14.93,1,1,148.13,5,1,5.0,1.0,b21368cd6c353d45e66f61c1ce391841,12210,sao jose dos campos,SP,4.616504629629629,18.12216435185185,0,148.13
d17638ac2491f744bd174a75e2b9c4dc,61d03c7d32818bdb8eb0aad9e29332c1,delivered,2018-04-04 21:08:38,2018-04-04 21:28:31,2018-04-06 00:28:23,2018-04-14 00:58:54,2018-04-23,69.99,18.37,1,1,88.36,3,1,5.0,1.0,f0405b5ab548f278a0a2a723b4d2ce8d,9240,santo andre,SP,9.159907407407408,18.11900462962963,0,88.36
5cc63affb50754b86ebcc046f957c65b,5121b60fe85120745d60d63d92011641,delivered,2018-04-04 21:11:20,2018-04-04 21:28:40,2018-04-05 20:03:38,2018-04-16 18:09:43,2018-05-04,119.9,57.39,1,1,177.29,8,1,4.0,1.0,68d6ddcc3245e64b3cd155ea96583c74,59020,natal,RN,11.873877314814814,29.11712962962963,0,177.29000000000002
398545ae905dad286c70f01c7e7311e1,8241b47bcf8f1250d9d5416c4f8cd9bb,delivered,2018-04-04 21:12:12,2018-04-06 03:28:44,2018-04-07 01:10:59,2018-04-28 16:12:17,2018-05-03,119.98,38.78,2,1,158.76,1,1,5.0,1.0,f2f850bf414ea87b12ddcd13a910bd68,29345,marataizes,ES,23.791724537037037,28.116527777777776,0,158.76
a59b2ae7ce595ee0cb33191bbf75836c,382ae8833c34ef87ae580858968625f3,delivered,2018-04-04 21:25:13,2018-04-05 02:28:22,2018-04-05 22:10:50,2018-04-06 20:36:48,2018-04-20,90.0,17.76,2,1,107.76,1,1,5.0,1.0,757cf3a3635b391b781c81bbc8e5b00f,5754,sao paulo,SP,1.966377314814815,15.107488425925926,0,107.76
58436e5def1ae6e50a4ce46e06061355,3e283a32b77be4f90e90af1c3c770d6f,delivered,2018-04-04 21:32:10,2018-04-04 21:48:54,2018-04-05 22:37:44,2018-04-10 21:26:47,2018-04-20,29.99,16.32,1,1,46.31,1,1,5.0,1.0,d2e72bd05bf1a061e9a8a3c96bd6aef3,5174,sao paulo,SP,5.996261574074074,15.102662037037037,0,46.31
ddf574153803a9012e68e479fa941b0f,84f9776d9f55cb53b6690857744ca1ba,delivered,2018-04-04 21:40:03,2018-04-04 21:55:21,2018-04-05 23:06:40,2018-04-21 06:19:16,2018-04-26,15.0,18.23,1,1,33.23,1,1,5.0,1.0,42e3510968b9442349d383ea0c98ccac,76410,campinorte,GO,16.36056712962963,21.0971875,0,33.230000000000004
a721e26ff7bd0e11f75933623f5eb2d5,0e9c9ee87acb98a66f2f056c5d49adc1,delivered,2018-04-04 21:44:26,2018-04-04 21:55:19,2018-04-05 20:21:54,2018-04-25 00:38:43,2018-05-07,34.72,15.23,1,1,49.95,2,1,1.0,1.0,426a9c4b189f4342ea12e7cc9d48a883,22790,rio de janeiro,RJ,20.121030092592594,32.09414351851852,0,49.95
9bfb1002d8b4e78527125bc25b4be9ed,b735d894ecf5b4a739e1e8054d028953,delivered,2018-04-04 21:44:55,2018-04-04 22:28:33,2018-04-06 01:17:47,2018-04-09 22:08:44,2018-04-17,31.8,7.71,1,1,39.51,1,1,4.0,1.0,7e12fb462ec307ed68ef9808b7188d14,31110,belo horizonte,MG,5.0165393518518515,12.09380787037037,0,39.51
7339f161136d0fc994a2c4f5de2d0e06,592f75a04ba5b97b4bce5fe56b112506,delivered,2018-04-04 21:49:23,2018-04-04 22:09:10,2018-04-05 15:03:38,2018-04-11 23:46:40,2018-04-26,95.0,13.11,1,1,108.11,2,1,5.0,1.0,5410d38e4b8f0d5cc6ce0a822c70052d,16200,birigui,SP,7.08144675925926,21.090706018518517,0,108.11
a9fa4232de4a87398cfab2a5bcbecc56,27e430dc15333a6d9626d282c13c6035,delivered,2018-04-04 21:49:52,2018-04-04 22:09:00,2018-04-11 21:06:04,2018-05-06 16:50:49,2018-05-07,190.0,23.83,1,1,213.83,4,1,2.0,1.0,b37db03aaa5f3d4d0b69aa6fe7fc7f5a,76804,porto velho,RO,31.79232638888889,32.09037037037037,0,213.82999999999998
731369a05548c07e8406df981f3fbef0,e9c7016df4cc90649c235d90f55ecc2c,delivered,2018-04-04 21:53:53,2018-04-04 22:09:11,2018-04-10 22:48:40,2018-04-11 23:46:37,2018-04-16,125.8,17.76,2,1,143.56,1,1,5.0,1.0,ed33f787f6431b04641f53e575b2648c,6315,carapicuiba,SP,7.078287037037037,11.087581018518518,0,143.56
c17386c1faa5ab9b68b085ac90efac67,9c0f2c56f67748db1ca297a8434971b4,delivered,2018-04-04 21:58:01,2018-04-04 22:10:17,2018-04-09 16:12:30,2018-04-16 16:37:32,2018-04-26,99.9,21.78,1,1,121.68,1,1,4.0,1.0,1134ea3972f2bd7972d475c51224ea80,32600,betim,MG,11.77744212962963,21.08471064814815,0,121.68
93147d670e1b5c13ab0ff7c51b3f9d0e,7ac12246089bf8d742267207554e901a,delivered,2018-04-04 21:58:50,2018-04-04 22:10:21,2018-04-16 18:49:29,2018-04-25 18:54:47,2018-04-30,18.15,15.23,1,1,33.38,3,1,3.0,1.0,048acfefbc674ab228e0de136c787eb0,32143,contagem,MG,20.8721875,25.08414351851852,0,33.379999999999995
1e7aa16222b1c59810585e0dc2bf73ed,ddb4dbe493f605112185f028ef0564a1,delivered,2018-04-04 21:59:35,2018-04-05 12:30:13,2018-04-05 22:56:40,2018-04-24 21:12:32,2018-04-24,60.9,26.51,1,1,87.41,1,1,5.0,1.0,8a6576a903e4f08ec252fe824c7e3eaf,29127,vila velha,ES,19.96732638888889,19.083622685185187,1,87.41
072d14a6096a0b4e29e3e2d6f11f58fa,23cb14399f270bdd209b9fc82c454048,delivered,2018-04-04 22:00:19,2018-04-04 22:10:23,2018-04-05 16:58:29,2018-04-06 23:48:40,2018-05-07,29.9,7.55,1,1,37.45,3,1,5.0,1.0,b0af01f9dffde5df4749042a8ef0c77d,20240,rio de janeiro,RJ,2.0752430555555557,32.08311342592592,0,37.449999999999996
6053ecddcbc1052ab24f7bc72341544f,700804a891a8c97c36fba2386520bd61,delivered,2018-04-04 22:06:47,2018-04-04 22:28:40,2018-04-10 21:14:32,2018-04-16 20:18:29,2018-04-24,104.0,18.61,1,1,122.61,1,1,5.0,1.0,1c39693424c4a52777303876787cc1ba,7073,guarulhos,SP,11.924791666666666,19.078622685185184,0,122.61
f2739add905097812d5742efa6236dd8,236b80758733fd4d08eabe89ac988ba2,delivered,2018-04-04 22:11:56,2018-04-06 03:28:27,2018-04-11 18:28:30,2018-04-16 17:52:08,2018-04-24,34.2,11.89,1,1,46.09,1,1,4.0,1.0,aecf5c431b59f928547aaf4673004548,4447,sao paulo,SP,11.819583333333334,19.075046296296296,0,46.09
69d4b792fad7f4acff2e38e426f5e3ea,7681fbcd3ede0e49dd00c993245ffb3d,delivered,2018-04-04 22:14:05,2018-04-04 22:28:45,2018-04-10 23:58:51,2018-05-09 17:11:28,2018-05-03,569.0,25.69,1,1,594.69,10,1,1.0,1.0,967a0b2176d10e4fff035035b224ee04,40265,salvador,BA,34.789849537037036,28.07355324074074,1,594.69
1fbb942ec531150b361e6042285004f3,b24c6a66c9cd51bcfa3054b8283b4377,delivered,2018-04-04 22:17:30,2018-04-04 22:30:23,2018-04-05 19:32:18,2018-04-17 00:28:49,2018-05-03,28.8,18.23,1,1,47.03,1,1,5.0,1.0,60bec6eff245ad1a5e18a2244fcdb972,97501,uruguaiana,RS,12.09119212962963,28.071180555555557,0,47.03
ab37728868ab54d404aeb0398696940d,7c0a2b85cde9635f2d029375a1074816,delivered,2018-04-04 22:18:33,2018-04-05 22:10:15,2018-04-10 00:42:39,2018-04-17 16:12:54,2018-04-30,142.0,67.88,2,1,209.88,5,1,5.0,1.0,d53362e84749ae00dead18f33d929f5c,48890,valente,BA,12.74607638888889,25.070451388888888,0,209.88
833f09ddce6adfd6267b23534b9a7541,cee0e3a92a593e11d4a08ac4c9ca0337,delivered,2018-04-04 22:19:10,2018-04-04 22:30:24,2018-04-07 01:18:01,2018-04-14 17:38:31,2018-05-10,64.0,18.03,1,1,82.03,1,1,5.0,1.0,a6c2f3b4f4b85d0784d00b63e19ed961,20775,rio de janeiro,RJ,9.805104166666666,35.070023148148145,0,82.03
bf983191809f11fbddab3c4f88a804e0,5eceae412b5c4fcc16b702d902b78842,delivered,2018-04-04 22:21:56,2018-04-06 03:28:21,2018-04-07 01:23:28,2018-05-02 16:18:45,2018-04-27,122.99,18.74,1,1,141.73,1,1,4.0,1.0,e7a79647bfe462101954e5e05a11c49c,88338,balneario camboriu,SC,27.747789351851853,22.068101851851853,1,141.73
3481d4db89ea2b5d86728e8562da1317,6bc288325c7902dcbd0a803fc6f26a79,delivered,2018-04-04 22:22:50,2018-04-06 03:10:31,2018-04-09 23:44:27,2018-04-17 15:29:32,2018-05-02,37.5,36.46,2,1,73.96,1,1,5.0,1.0,fcfdc97aedff78de5cd4101c0228cc7a,15990,matao,SP,12.71298611111111,27.06747685185185,0,73.96000000000001
0263464225bdea582f602c369c2b6061,f36723822267d804066b22ef8b5eb655,delivered,2018-04-04 22:23:19,2018-04-04 22:35:17,2018-04-06 17:54:36,2018-04-30 13:51:11,2018-05-07,39.99,16.95,1,1,56.94,4,1,5.0,1.0,7b2561d9d15389bae6d2c4e97a2d0621,88058,florianopolis,SC,25.64435185185185,32.067141203703706,0,56.94
934998379448f54149af3041f9c8efc5,037356d24e116561460bd349e0ef7f04,delivered,2018-04-04 22:25:36,2018-04-04 22:35:16,2018-04-06 03:04:01,2018-04-11 17:17:38,2018-04-25,94.89,19.63,1,1,114.52,10,1,5.0,1.0,82420a84a2781a5afca48b917bd9c228,27340,barra mansa,RJ,6.786134259259259,20.065555555555555,0,114.52
171d3263754e4e5227db940932f6a97f,e5dd90b1403b3e5fc69a12644aeee5bb,delivered,2018-04-04 22:39:54,2018-04-04 22:55:09,2018-04-26 15:10:00,2018-04-30 17:09:50,2018-04-17,19.0,7.49,1,1,26.49,1,1,1.0,1.0,5503225a48ae360aa5d1957bd64aa725,3134,sao paulo,SP,25.77078703703704,12.055625,1,26.490000000000002
a69dad4842fde907809ea35902495cc2,616c8cb69ad12f64082e7b3dbb197182,delivered,2018-04-04 22:40:52,2018-04-04 22:55:10,2018-04-05 19:42:03,2018-04-13 19:43:36,2018-04-27,52.9,13.49,1,1,66.39,3,1,5.0,1.0,20d46a04271bd5a15261b349d9f9a2dc,36021,juiz de fora,MG,8.876898148148149,22.054953703703703,0,66.39
454004e3ce41f39124b8d2fc835a9117,c59c75806862d36137d6aaf84f2a5679,delivered,2018-04-04 22:46:43,2018-04-04 23:09:04,2018-04-07 01:27:41,2018-04-20 18:28:40,2018-05-08,24.99,18.23,1,1,43.22,4,1,4.0,1.0,0331dad88c30f83604221e326fecbaed,97541,alegrete,RS,15.820798611111112,33.050891203703706,0,43.22
e25bb8aaf2367bd1f96dc6d9a764de2f,3c02719ce51468b5f0a41b1a330d9b2b,delivered,2018-04-04 22:58:03,2018-04-04 23:10:12,2018-04-05 20:07:30,2018-04-10 19:31:15,2018-05-02,124.7,19.84,1,1,144.54,2,1,5.0,1.0,be8b8317c7cd0ba267784489e7df66d1,38290,carneirinho,MG,5.856388888888889,27.043020833333333,0,144.54
c5f664e73dcc25378764b81c1de812d9,26bc369dde46ec7d7d9a98012ba6cd42,delivered,2018-04-04 23:21:54,2018-04-04 23:35:15,2018-04-06 09:37:24,2018-04-19 23:46:35,2018-04-24,59.9,22.13,1,1,82.03,7,1,5.0,1.0,98debb76908632e0df4ab891533dd608,95800,venancio aires,RS,15.017141203703703,19.026458333333334,0,82.03
bb7c0440a98c76223de17ef728484ce5,823e4298ffc2c644adfed042817a8322,delivered,2018-04-04 23:27:37,2018-04-04 23:48:29,2018-04-10 01:12:53,2018-04-11 19:04:47,2018-05-11,75.0,16.5,1,1,91.5,2,1,5.0,1.0,078411797c626f6c0d8be1ac4858fe36,23575,rio de janeiro,RJ,6.817476851851852,36.02248842592593,0,91.5
d8f9df1fea3171b46193d6a185d1fec9,8f08be4bff90a008ab13026acdcfc338,delivered,2018-04-04 23:35:19,2018-04-04 23:50:17,2018-04-06 03:06:30,2018-04-11 18:19:10,2018-04-26,45.9,12.79,1,1,58.69,1,1,5.0,1.0,599fc5c00b25842c502cd08f08791a1b,8553,poa,SP,6.780451388888889,21.017141203703705,0,58.69
6c8f9d0a7003b8066a4a9569849c7cde,4250b80706838d41393b3f84c26c90e6,delivered,2018-04-04 23:56:55,2018-04-06 03:10:18,2018-04-07 11:53:19,2018-04-18 21:32:05,2018-05-07,89.9,18.51,1,1,108.41,1,1,5.0,1.0,6a087326a0d7a82e96e37fe12072ba5f,36015,juiz de fora,MG,13.899421296296296,32.0021412037037,0,108.41000000000001
5d4c75bf5b2662efecbde63a3dc0ddf4,4fbd9ee982bceaad9d77ae03ed9a420c,delivered,2018-04-05 00:13:48,2018-04-05 00:28:27,2018-04-07 01:21:22,2018-04-22 15:38:46,2018-04-24,42.9,22.85,1,1,65.75,1,1,5.0,1.0,52b884c8db9a6a1f005e774e1232fdbd,51030,recife,PE,17.642337962962962,18.99041666666667,0,65.75
118336b5857e4150a37c03273f5da089,0916ccfc0748fba303c17f71caa2e34b,delivered,2018-04-05 00:25:15,2018-04-06 03:28:22,2018-04-07 01:22:44,2018-04-14 17:55:20,2018-04-27,78.8,18.43,1,1,97.23,1,1,5.0,1.0,cef2042a8aa3e8cda7738e11a0d19399,35790,curvelo,MG,9.729224537037037,21.982465277777777,0,97.22999999999999
774b93b7dc5e295d72ac8fd2121b7e65,03a9f8974cc93e00d318122ca6382bb2,delivered,2018-04-05 00:32:18,2018-04-06 03:28:37,2018-04-07 01:19:33,2018-04-10 01:22:48,2018-04-17,75.9,7.4,1,1,83.3,1,1,5.0,1.0,067b6ceac6257706e337a8eca7565630,4561,sao paulo,SP,5.035069444444445,11.977569444444445,0,83.30000000000001
2eff76a325fc7035ebbd93657c4f61a3,08beeaa5c7bacd3b0af94874563893a1,delivered,2018-04-05 01:30:10,2018-04-05 01:47:33,2018-04-10 23:19:06,2018-04-14 15:48:26,2018-04-20,119.0,12.17,1,1,131.17,2,1,,,0946262550402fc07495e24ad9f252f2,8142,sao paulo,SP,9.596018518518518,14.93738425925926,0,131.17
cd5c1268e844dba45efdf51b22570143,c89afc9845116057d29003edcd515ed4,delivered,2018-04-05 01:32:17,2018-04-05 01:47:31,2018-04-05 22:22:03,2018-04-06 20:44:29,2018-04-18,60.0,7.39,1,1,67.39,6,1,5.0,1.0,47b10d3ab2a53725f5b75fdf20637e45,4023,sao paulo,SP,1.800138888888889,12.935914351851851,0,67.39
17eac0100357cfc8fb5d6433a847c8ea,ea455755b0f319b23f1dbcee40c33b70,delivered,2018-04-05 03:18:23,2018-04-05 03:30:12,2018-04-05 17:47:56,2018-04-12 16:56:35,2018-04-30,45.9,19.04,1,1,64.94,2,1,5.0,1.0,eabd679ffa5421d6298f405368abb129,5065,sao paulo,SP,7.568194444444444,24.862233796296298,0,64.94
07b93986d3989da936b0f9dfc9ab8972,e374debe4e35018b4d20de4337ea74ae,delivered,2018-04-05 05:11:57,2018-04-05 05:27:55,2018-04-10 00:11:51,2018-04-20 15:44:23,2018-04-30,120.0,15.72,1,1,135.72,3,1,5.0,1.0,ffec10ad4229ba46818560e1c8b40a68,29135,viana,ES,15.439189814814815,24.783368055555556,0,135.72
d9612f4021d391b5430703c339d62b26,7484acee0a02088b435f2b52344b4944,delivered,2018-04-05 05:55:18,2018-04-05 06:09:03,2018-04-06 00:46:34,2018-04-11 15:31:52,2018-04-27,169.9,13.63,1,1,183.53,1,1,3.0,1.0,e4ca396ba594cb812edbd6dab03a340b,12216,sao jose dos campos,SP,6.400393518518518,21.75326388888889,0,183.53
2fd1f537efecf73f84bc7c24d966cff8,e478caf34618a0752f0924ca3847c0e0,delivered,2018-04-05 07:17:48,2018-04-06 03:15:29,2018-04-07 01:24:39,2018-04-10 00:18:37,2018-04-23,299.0,14.53,1,1,313.53,1,1,5.0,1.0,1ca845c3b11ba93c4ac5182ab9c1197e,81670,curitiba,PR,4.708900462962963,17.695972222222224,0,313.53
3925b740d70eb26c3aefd1cabe5c8143,b828fa53202efa901b22f532577fe859,delivered,2018-04-05 07:23:57,2018-04-06 07:48:06,2018-04-10 00:40:50,2018-04-26 16:28:26,2018-05-14,13.99,15.23,1,1,29.22,2,1,1.0,1.0,6b0c568efa39d9923961096ab40d3ed9,23052,rio de janeiro,RJ,21.378113425925925,38.69170138888889,0,29.22
b282dff26b02dc8eb8715aa5996b13a0,b7afc661f446c22413d9f3e0c1b5aeed,delivered,2018-04-05 07:41:46,2018-04-07 02:48:13,2018-04-11 04:18:29,2018-04-12 12:42:53,2018-04-19,110.8,11.4,1,1,122.2,1,1,5.0,1.0,19f276173a56972adf05f21e789773fe,3428,sao paulo,SP,7.209108796296296,13.679328703703703,0,122.2
0f932ea7fd11ef18c60feace8c548366,5bbf0546c8ccf4dcfe02790cd73b6297,delivered,2018-04-05 07:41:55,2018-04-05 07:55:11,2018-04-07 01:42:40,2018-04-12 20:14:32,2018-05-08,39.99,16.95,1,1,56.94,5,1,5.0,1.0,c53fc86823fe518b7de9ad5c3b71677e,32470,mario campos,MG,7.522650462962963,32.67922453703704,0,56.94
beef7eaebaf3f24f6b34bb85c31aaaa7,96eeb7beef017b1a01a5ca8bed913795,delivered,2018-04-05 07:46:20,2018-04-06 03:08:29,2018-04-07 01:44:41,2018-04-12 19:03:08,2018-05-08,146.99,82.12,1,1,229.11,1,1,4.0,1.0,101a2f783757ae1f64ad05a4cea0548a,84640,bituruna,PR,7.47,32.67615740740741,0,229.11
ef32d0ec67bd0ab2ea40c31c3f44571a,956f92f85ef93e5464e0a4e80a51d9ec,delivered,2018-04-05 07:46:23,2018-04-05 08:09:56,2018-04-11 21:06:02,2018-04-19 20:38:53,2018-04-26,190.0,19.21,1,1,209.21,3,1,5.0,1.0,5cbb4434b22b272315655de6df0fcd27,15950,santa adelia,SP,14.536458333333334,20.676122685185184,0,209.21
a767f123fcb9ebe4eea953349dfd5a81,e8945aceed698580f92f6d9e4ecaf34e,delivered,2018-04-05 07:53:47,2018-04-05 08:10:08,2018-04-18 01:52:38,2018-06-05 18:11:00,2018-05-04,99.0,23.19,1,1,122.19,3,1,,,71048f40f553973d48d6fe35d01a3afb,66914,belem,PA,61.42862268518518,28.670983796296298,1,122.19
a8cf8e962c524adf2aaedc5a876d0ab6,a8dd3c1ab4eeccb2a1bd2aec4f8d32e0,delivered,2018-04-05 07:53:49,2018-04-05 08:10:15,2018-04-05 21:08:21,2018-04-11 22:08:07,2018-04-30,148.9,18.87,1,1,167.77,2,1,5.0,1.0,18753de7f8b65856d23473280e71ceb2,84925,pinhalao,PR,6.593263888888889,24.67096064814815,0,167.77
3c718ce3cdec0d5e7bc54d52da94930a,4849a3b3f4f73f108f904c0171ec9fe0,delivered,2018-04-05 08:02:26,2018-04-05 08:10:10,2018-04-05 23:22:08,2018-04-16 20:03:42,2018-05-02,199.9,16.28,1,1,216.18,2,1,5.0,1.0,2c95175a8a41fa72c5ff8cdb05d160d5,72220,brasilia,DF,11.50087962962963,26.66497685185185,0,216.18
eb659e24ed654c43d1e9b8b13ba04f5f,114160a5c0479d82ba49213e40a690c7,delivered,2018-04-05 08:02:41,2018-04-06 03:28:22,2018-04-07 00:26:34,2018-04-09 14:32:33,2018-04-30,25.0,16.32,1,1,41.32,1,1,1.0,1.0,8d86e2d560f5ddbbd6354523017a492d,3819,sao paulo,SP,4.270740740740741,24.664803240740742,0,41.32
66994eeab784295199193619ce33b765,1c305cddd035850b3626d869b313050e,delivered,2018-04-05 08:07:55,2018-04-05 08:28:57,2018-04-05 18:14:37,2018-04-11 01:18:34,2018-04-24,29.99,8.64,1,1,38.63,1,1,3.0,1.0,3757a77ec62fb507d2eb804bfabb857b,37580,monte siao,MG,5.715729166666667,18.66116898148148,0,38.629999999999995
3372398865ef7f00841c6ddeed00230d,a4744f1897b52388a19a1a44fcbc251e,delivered,2018-04-05 08:14:23,2018-04-05 08:29:09,2018-04-05 22:40:41,2018-04-11 22:12:22,2018-04-25,255.0,14.23,1,1,269.23,4,1,5.0,1.0,55ee095d554d2b1369ba4f8d98167a56,13700,casa branca,SP,6.581932870370371,19.656678240740742,0,269.23
2776f1ccb5f02e632cfad6beddf14af8,be406ce36b2efbc9236b45307af60349,delivered,2018-04-05 08:17:07,2018-04-05 08:30:19,2018-04-07 01:16:31,2018-04-10 00:28:40,2018-04-23,120.0,13.75,1,1,133.75,3,1,4.0,1.0,37604742d757533a699692a6e1d1e45e,5108,sao paulo,SP,4.6746875,17.654780092592592,0,133.75
7a9eecb7f60a12e85ded231ebe12b842,cc36b3fd72b73a5ac271fb56f84404bc,delivered,2018-04-05 08:21:18,2018-04-06 08:28:56,2018-04-07 01:16:43,2018-04-12 17:58:34,2018-04-23,108.24,42.62,1,1,150.86,2,1,5.0,1.0,c65c39207d8c051e9dd8aed721115a48,6767,taboao da serra,SP,7.40087962962963,17.651875,0,150.85999999999999
d47efef4161e33638c14122a723fd9fb,c228d2ea46e34e2257e8b34b694ad9e5,delivered,2018-04-05 08:22:39,2018-04-06 03:28:34,2018-05-04 15:42:00,2018-05-08 17:54:30,2018-05-09,122.9,11.49,1,1,134.39,1,1,1.0,1.0,22e35adb0223a13bf4d54950a468551e,1318,sao paulo,SP,33.39711805555555,33.6509375,0,134.39000000000001
c17789b6bce81222eaa468ad01dcc9db,c5b811eb984b0d3ad5a3f8a5fc439aa6,delivered,2018-04-05 08:37:02,2018-04-05 08:50:14,2018-04-11 21:32:17,2018-04-16 19:21:24,2018-04-26,79.8,36.46,2,1,116.26,7,1,3.0,1.0,09083515c735cc500a6aceb09f3fff9d,83015,sao jose dos pinhais,PR,11.447476851851851,20.640949074074076,0,116.25999999999999
449e69903d607f22bf9e35e3833f23ba,df0eade4c5dfac02b7554d2d4a86f422,delivered,2018-04-05 08:37:49,2018-04-05 08:50:18,2018-04-07 16:48:42,2018-04-19 00:18:53,2018-05-02,54.99,16.98,1,1,71.97,3,1,4.0,1.0,d11fadbe16c1187867708bf468944ee4,13609,araras,SP,13.653518518518519,26.64040509259259,0,71.97
5935b70a1cae39b66d05db3bcfa4a144,5ec74474854dde59f02205d0bd68abc1,delivered,2018-04-05 08:41:21,2018-04-05 08:55:20,2018-04-05 19:08:49,2018-04-07 17:22:40,2018-04-27,139.99,18.59,1,1,158.58,10,1,4.0,1.0,c9395a5b24e390e597d697ccbbb90572,30640,belo horizonte,MG,2.362025462962963,21.63795138888889,0,158.58
6315b62d5cf138a8702ecfac17bb38d9,8943a458333bbd18bea687184981d0c0,delivered,2018-04-05 08:43:23,2018-04-06 03:15:36,2018-04-07 00:19:14,2018-04-09 23:41:36,2018-04-20,199.99,13.3,1,1,213.29,1,1,3.0,1.0,1506abf10c09a2872e24d79f33e4eb12,13045,campinas,SP,4.6237615740740745,14.636539351851852,0,213.29000000000002
d4a1728b95d69bdf0bb9dae4bce1d666,639d54dd7a7d4f6ac033dbefca8bcea1,delivered,2018-04-05 08:55:00,2018-04-07 02:47:52,2018-04-16 21:48:54,2018-04-18 21:48:29,2018-04-23,62.37,9.44,1,1,71.81,1,1,5.0,1.0,333ff0d1a78650ef1a24c33b74faaa33,9520,sao caetano do sul,SP,13.537141203703703,17.62847222222222,0,71.81
85255dfbdf9d963a4517ef2587876dd4,5b39b48541837b16cfbd5aca0cf71d51,delivered,2018-04-05 08:57:35,2018-04-06 03:08:25,2018-04-09 16:53:17,2018-04-10 18:34:47,2018-04-17,84.9,8.95,1,1,93.85,1,1,2.0,1.0,043c6318111021f28bd6f750981c9bb6,5303,sao paulo,SP,5.400833333333333,11.626678240740741,0,93.85000000000001
31172329bcdd8e70610fe3bee1498a9c,b2b424bf038e5ffd3dd24325a80529d9,delivered,2018-04-05 08:57:45,2018-04-05 09:10:18,2018-04-05 18:58:25,2018-04-06 18:12:32,2018-04-17,93.9,8.95,1,1,102.85,10,1,5.0,1.0,c0df18dc82465a955273f3cae1145624,18021,sorocaba,SP,1.3852662037037038,11.6265625,0,102.85000000000001
f2270ae03c6578b9cb6e4bba286bc962,e1b7e606f7b8f4064b028acf1e961c19,delivered,2018-04-05 09:04:45,2018-04-05 09:15:19,2018-04-06 23:06:42,2018-04-23 19:55:23,2018-04-30,34.3,18.23,1,1,52.53,1,1,5.0,1.0,f0e310a6839dce9de1638e0fe5ab282a,29050,vitoria,ES,18.451828703703704,24.621701388888887,0,52.53
f2194f10572bc6bfabc99465a6d3f55d,f0aaffb5023be7a38e84280893892514,delivered,2018-04-05 09:08:47,2018-04-06 03:10:30,2018-04-10 00:58:43,2018-04-13 19:32:30,2018-05-02,30.9,12.79,1,1,43.69,1,1,4.0,1.0,f28b8db4c85bd1b6955fa57784ece720,6310,carapicuiba,SP,8.433136574074075,26.618900462962962,0,43.69
153eba378857d7576dc5a338a1d3bbed,e1e9a97f176c04451c46043c257eae6c,delivered,2018-04-05 09:38:23,2018-04-07 02:48:14,2018-04-07 17:25:49,2018-04-10 18:08:28,2018-04-19,53.0,8.64,1,1,61.64,1,1,5.0,1.0,bb25cc0aec9e257655b86fb3a1dd2e9d,4516,sao paulo,SP,5.354224537037037,13.598344907407407,0,61.64
993235f1d81f074819e841d5bf1d41b7,0e2b91772bce3a830fe191d6646d96ce,delivered,2018-04-05 09:43:43,2018-04-05 09:55:17,2018-04-09 16:38:24,2018-04-11 18:48:45,2018-04-23,69.9,12.43,1,1,82.33,1,1,5.0,1.0,fc6d83a2169d72e71c796150c2565fe8,11718,praia grande,SP,6.37849537037037,17.594641203703702,0,82.33000000000001
a5fd46480530fe84051edbf96b8beb9c,f2ad4abfa3daf84047b848a2e8153271,delivered,2018-04-05 09:44:30,2018-04-05 09:55:47,2018-04-07 01:14:40,2018-04-10 16:48:32,2018-04-30,151.9,17.97,1,1,169.87,6,1,5.0,1.0,935b9c5a3162185f88dac06d8d08d623,9450,rio grande da serra,SP,5.294467592592593,24.59409722222222,0,169.87
b31c7b160649d8f3ffac2298a94a38ec,73423642ea2bedaa36b9d00a9f13e538,delivered,2018-04-05 09:47:20,2018-04-05 10:08:52,2018-04-05 21:56:39,2018-04-12 22:28:24,2018-04-27,48.99,13.71,1,1,62.7,1,1,5.0,1.0,a28124a132a8f93e80205fdc53a7c701,13272,valinhos,SP,7.528518518518519,21.59212962962963,0,62.7
32e4ab670ff4b606ef9ef7efdea0a284,972cd773a42450ed39ee9e1f290f3529,delivered,2018-04-05 09:48:17,2018-04-05 10:08:52,2018-04-07 01:22:37,2018-04-07 16:51:53,2018-04-23,169.8,17.9,2,1,187.7,4,1,4.0,1.0,d7140656936a641754fbd42e1d4efbbf,2013,sao paulo,SP,2.2941666666666665,17.591469907407408,0,187.70000000000002
09143df8420b4ae4770ea14dc443b487,4562268df1a2d2ac226562d1af92ed2d,delivered,2018-04-05 09:58:33,2018-04-06 03:28:29,2018-04-10 23:48:33,2018-04-11 16:32:52,2018-04-17,78.0,13.45,1,1,91.45,1,1,5.0,1.0,0c655960fc75a40b5af26e232a3d5526,9725,sao bernardo do campo,SP,6.273831018518519,11.584340277777779,0,91.45
797fd27a25a9103f01971d21853a0b11,7e66fcdb02521fecb4cb2f6b4c41ef7a,delivered,2018-04-05 10:05:44,2018-04-06 03:10:18,2018-04-10 19:08:31,2018-04-14 11:40:51,2018-04-25,179.0,13.69,1,1,192.69,1,1,5.0,1.0,96b59ac4d9aa137833e6572546a3833f,13323,salto,SP,9.066053240740741,19.57935185185185,0,192.69
20d048f3efacdd8763fa0ede14313a6d,2a889a766b7eac565df2ccec2c2d5fd3,delivered,2018-04-05 10:05:54,2018-04-05 10:28:53,2018-04-06 22:48:59,2018-04-09 23:12:02,2018-04-19,49.9,7.39,1,1,57.29,1,1,5.0,1.0,726ba749c51ab7888f48dcdd9583d971,5075,sao paulo,SP,4.545925925925926,13.579236111111111,0,57.29
8970750238b5ef33e7c68e952f53aa9f,ada1842eb284e3cfe2de8e97bd056ea1,delivered,2018-04-05 10:07:24,2018-04-05 10:28:51,2018-04-13 00:03:56,2018-04-17 21:32:49,2018-04-27,520.0,47.22,1,1,567.22,7,1,4.0,1.0,4eeae7ccebb40eeb5bb8d5323485f300,36400,conselheiro lafaiete,MG,12.475983796296296,21.578194444444446,0,567.22
14332cb639e07b39ae968650f7ed52db,5d000c4b96c4f8f9db7adf817a7bc2af,delivered,2018-04-05 10:07:32,2018-04-05 10:15:23,2018-04-05 22:34:39,2018-04-11 14:28:38,2018-04-30,79.99,95.23,1,1,175.22,4,1,5.0,1.0,9c397332d189c72d6a05c90e39d97170,7852,franco da rocha,SP,6.181319444444444,24.57810185185185,0,175.22
d3a011a36521385bf54a729fce3b6bde,e36989d340a15c6633215aa83087750c,delivered,2018-04-05 10:12:00,2018-04-05 10:28:58,2018-04-09 18:52:26,2018-04-18 18:58:41,2018-05-04,159.0,34.65,1,1,193.65,1,1,5.0,1.0,6efdf32daaeaa165270d10a2413ecc4a,88330,balneario camboriu,SC,13.365752314814815,28.575,0,193.65
0f384ecb55a5c80a4272ffd05d235a7d,f8cafc094aef043bc70f4e6fa36a8180,delivered,2018-04-05 10:15:29,2018-04-05 10:29:00,2018-04-05 22:34:38,2018-04-27 22:41:54,2018-05-03,259.9,213.53,1,1,473.43,9,1,5.0,1.0,22cc1662504bdaccefb1b8cb9debcf62,40140,salvador,BA,22.518344907407407,27.57258101851852,0,473.42999999999995
065f2124da64e6bddb1120142f2ad73a,3f947876eeaf431cc48e9751af9c6ed8,delivered,2018-04-05 10:17:48,2018-04-05 10:30:20,2018-04-07 01:00:43,2018-04-11 18:06:38,2018-05-04,517.99,107.87,1,1,625.86,9,1,5.0,1.0,ac38c74aeb019552b01767cd6e3dd5ea,64007,teresina,PI,6.3255787037037035,28.570972222222224,0,625.86
c811b2b32820eb21f261701e61e863c5,310f4c1ebfa70d27337359ee72d472b0,delivered,2018-04-05 10:29:03,2018-04-06 03:28:23,2018-04-07 01:32:59,2018-04-10 16:37:51,2018-04-27,88.7,28.88,2,1,117.58,1,1,5.0,1.0,6b23bf3ae0316abc158f20db14a9bdb3,12223,sao jose dos campos,SP,5.256111111111111,21.563159722222224,0,117.58
3e69be4b31a6af336a20caa4a1379784,7933955d10fece6b79cead63eee8b4af,delivered,2018-04-05 10:30:26,2018-04-05 10:48:26,2018-04-05 23:48:36,2018-04-09 21:38:48,2018-04-27,14.0,14.43,1,1,28.43,1,1,4.0,1.0,9efc117e20958191b794d5882418bcf3,4770,sao paulo,SP,4.464143518518519,21.562199074074073,0,28.43
48277434cd5835268d90e306c8233d3a,23d661035c54c208be4efe7ceeba7821,delivered,2018-04-05 10:33:22,2018-04-05 10:48:27,2018-04-07 01:18:31,2018-04-12 19:41:32,2018-05-17,156.0,18.97,1,1,174.97,8,1,5.0,1.0,a69d0d5084c48fc9a9eca585da0a2475,22431,rio de janeiro,RJ,7.380671296296296,41.56016203703704,0,174.97
b2966db1aadf7b21b86cbd1131855a68,f28d21980a0a6f0d169722ee9b0d4ac2,delivered,2018-04-05 10:36:36,2018-04-05 10:50:17,2018-04-05 23:29:45,2018-05-21 21:46:38,2018-05-07,169.0,21.23,1,1,190.23,7,1,1.0,1.0,151e9edb34867eaece4d6e7ae188f261,52011,recife,PE,46.46530092592592,31.557916666666667,1,190.23
21c62929864d549aa9caca4f25b7e053,402e0fd24c4856dccab60decfb4a7d94,delivered,2018-04-05 10:37:05,2018-04-05 11:50:14,2018-04-10 20:32:38,2018-04-16 19:11:15,2018-04-23,189.99,18.24,1,1,208.23,8,1,5.0,1.0,af192e15a3c469fc9691b42380a457ae,19570,regente feijo,SP,11.357060185185185,17.55758101851852,0,208.23000000000002
4c374f090868ac5a5910f6b1fd383c25,023fafd700dff9fcc64d28e2defe98b9,delivered,2018-04-05 10:40:30,2018-04-06 09:09:23,2018-04-07 01:16:42,2018-04-11 18:19:24,2018-05-04,499.02,82.23,6,2,581.25,1,1,3.0,1.0,06c18dc9dc7a01e3322f4e9245dac0ed,4576,sao paulo,SP,6.318680555555556,28.555208333333333,0,581.25
76cd472371f3f40f4019938329d21ac7,4b41318cee19efe66831e0b01fd2fcea,delivered,2018-04-05 10:47:30,2018-04-06 03:10:38,2018-04-07 01:34:34,2018-04-11 01:32:11,2018-04-24,199.0,20.73,1,1,219.73,1,1,5.0,1.0,57d0ac34721e07d2a11502c8e44f3d72,17490,piratininga,SP,5.614363425925926,18.55034722222222,0,219.73
a87028589fb31ebf8ebc3c486466a03a,776b9a0b5a69b67bc4ee5c411dc25c04,delivered,2018-04-05 10:48:06,2018-04-06 03:15:16,2018-04-07 01:28:39,2018-04-08 16:03:29,2018-04-23,59.0,11.15,1,1,70.15,1,1,3.0,1.0,d32b3a76cced49a247012a8d3da38738,3572,sao paulo,SP,3.2190162037037036,17.549930555555555,0,70.15
fb69c7597d5c2d0f839030ab8618f54c,d5e2329a9bc571ad801acd9100c42ce6,delivered,2018-04-05 10:50:36,2018-04-05 11:08:11,2018-04-11 21:06:04,2018-04-25 18:34:36,2018-04-25,134.0,18.82,1,1,152.82,1,1,5.0,1.0,26d9c3ebd515f9db93f1f8cf8702c789,35500,divinopolis,MG,20.322222222222223,19.548194444444444,1,152.82
e7b90dc72945b8cb0896e981495522d1,f60a773af29509beb39ce69cacbae01d,delivered,2018-04-05 11:04:01,2018-04-05 11:28:14,2018-04-09 15:08:44,2018-04-23 14:06:48,2018-04-25,49.9,19.32,1,1,69.22,2,1,4.0,1.0,a711e9ee4b20fd85ce5bae6a96543d86,32657,betim,MG,18.12693287037037,19.538877314814815,0,69.22
b16d1a2fcbe45897eb78950e1b542c63,0bdcc03d8ea14230b19bdb4efdc87963,delivered,2018-04-05 11:05:44,2018-04-05 11:28:04,2018-04-05 21:16:44,2018-04-11 12:54:48,2018-04-23,59.0,12.85,1,1,71.85,1,1,5.0,1.0,f366cf5176bb3cd330e74d8e14b8e13c,18550,boituva,SP,6.07574074074074,17.537685185185186,0,71.85
2a02dbd2e676fcfb7ee4d2bffdc4b378,92e886206d327b4998f959511fa1c392,delivered,2018-04-05 11:10:17,2018-04-05 11:28:08,2018-04-07 01:10:59,2018-04-17 15:57:27,2018-05-02,79.99,15.38,1,1,95.37,1,1,5.0,1.0,ba84c8dbb27477d850318f2a1f6e60df,30360,belo horizonte,MG,12.199421296296297,26.534525462962964,0,95.36999999999999
c9882bc63e40be5cdc34d7274bf89761,260182b30490f385e08d9d9a755cee2c,delivered,2018-04-05 11:12:15,2018-04-05 11:28:17,2018-04-05 21:58:50,2018-04-06 20:21:59,2018-04-17,99.99,9.43,1,1,109.42,2,1,5.0,1.0,3f5408ae28a3106340025fff94435ccc,80050,curitiba,PR,1.3817592592592594,11.533159722222223,0,109.41999999999999
112a61419198a7ce9f0a908898e8507c,dad5e5f178c09543d12acb58bbf2f82a,delivered,2018-04-05 11:13:05,2018-04-05 17:09:50,2018-04-11 23:33:01,2018-04-13 23:41:40,2018-04-24,214.0,70.89,1,1,284.89,1,1,5.0,1.0,fdaba31869fae7c936bc86d88cb794fb,84435,guamiranga,PR,8.519849537037038,18.532581018518517,0,284.89
0759ac0ac1a0c11ab13fc66564f4e112,2efa0620f7979c153d5d492696d4172f,delivered,2018-04-05 11:16:09,2018-04-05 11:30:20,2018-04-07 01:18:36,2018-04-17 14:37:22,2018-05-02,676.0,101.24,4,1,777.24,10,1,3.0,1.0,804e3d3aa98f1bdf7cc2ae47b23f4d5f,33805,ribeirao das neves,MG,12.139733796296296,26.53045138888889,0,777.24
cf0e03e1812c8c676e5f37237bd08af0,81d403f18add253c6ed54f5105cf07c1,delivered,2018-04-05 11:16:24,2018-04-05 11:30:15,2018-04-07 00:50:41,2018-05-05 14:41:56,2018-04-30,169.9,24.12,1,1,194.02,3,1,1.0,1.0,5d792771f3a7a022dce2c961c63bc378,41100,salvador,BA,30.14273148148148,24.530277777777776,1,194.02
382bd2a77ebdc4326381e5abe788a6e0,ffa5f79d25122d389eda319a07f2f713,delivered,2018-04-05 11:20:34,2018-04-05 11:30:14,2018-04-05 23:06:41,2018-04-28 11:58:40,2018-05-03,50.0,22.06,1,1,72.06,3,1,4.0,1.0,650230b7f50c042bccc1a7915839decb,44091,feira de santana,BA,23.026458333333334,27.52738425925926,0,72.06
89d027af13df8cb1af1f0da1216481fe,c1858678c3bdfe0f9be8b47d28f3373d,delivered,2018-04-05 11:21:32,2018-04-05 11:35:22,2018-04-11 17:34:35,2018-04-12 10:02:53,2018-04-17,49.5,16.58,2,1,66.08,2,1,4.0,1.0,4e97555d3017f2b6c4f43762a0d35194,3546,sao paulo,SP,6.945381944444445,11.526712962962963,0,66.08
3b7999074565a5320366ad70c5aec08b,1d65236b903e944ca24271c42aa4a221,delivered,2018-04-05 11:22:30,2018-04-05 11:35:24,2018-04-06 22:48:59,2018-04-09 22:24:45,2018-04-19,49.9,7.39,1,1,57.29,1,1,5.0,1.0,dc8148886a16779c8e9882d053b10049,13601,araras,SP,4.459895833333333,13.526041666666666,0,57.29
d2e280e54ecb98f30a641bb661336baa,f16fab92d9db62cf28fc28ee8dc85c5e,delivered,2018-04-05 11:22:54,2018-04-07 02:48:13,2018-04-11 16:03:05,2018-04-13 00:50:52,2018-04-25,36.0,36.46,2,1,72.46,1,1,5.0,1.0,8188075294bb56b7ec8a8b2e6b947d27,72316,brasilia,DF,7.561087962962963,19.52576388888889,0,72.46000000000001
c92ad65cfc1951e1be667976a90d49ea,47a2bef87106c23f53ffa48f65c2c8f4,delivered,2018-04-05 11:23:16,2018-04-05 11:35:28,2018-04-07 01:42:32,2018-04-10 19:48:27,2018-04-27,109.9,14.86,1,1,124.76,5,1,4.0,1.0,2767f1bba0529fe3f48378c05ea40f0f,13802,mogi mirim,SP,5.350821759259259,21.52550925925926,0,124.76
bd81ae8a9c5a8e0ec03a3415f1540921,4c91ce619e6d67e9e83e309deb703ef5,delivered,2018-04-05 11:24:03,2018-04-05 11:35:24,2018-04-05 21:58:50,2018-04-07 12:12:28,2018-04-20,109.9,12.67,1,1,122.57,2,1,4.0,1.0,a877b4559ae51ae128a204d49e70d7c8,11075,santos,SP,2.0336226851851853,14.524965277777778,0,122.57000000000001
824ed066dde5116b8bcf4d75381e056d,22c6b0b3951f5b1c04627cb184f1d220,delivered,2018-04-05 11:24:37,2018-04-05 11:35:27,2018-04-10 00:38:40,2018-04-12 02:14:30,2018-04-23,89.8,24.86,2,1,114.66,5,1,5.0,1.0,e61589f7f8898d60d79564f062dfce8c,6537,santana de parnaiba,SP,6.617974537037037,17.52457175925926,0,114.66
6bea4b3d238b2f7104807ff9f128f7e6,b9085af804080645661dee18717cbee1,delivered,2018-04-05 11:25:43,2018-04-05 11:35:27,2018-04-07 16:48:41,2018-04-18 17:06:42,2018-05-07,54.99,21.28,1,1,76.27,6,1,5.0,1.0,a5b96290eee3407f15dc3a2a2a0bbbfe,54768,camaragibe,PE,13.236793981481481,31.52380787037037,0,76.27000000000001
a0374a3c81d4e6b8d83689f9b9345dcf,6d3a7e32c60fe9d9c65210c893d5d980,delivered,2018-04-05 11:27:47,2018-04-07 02:48:16,2018-04-10 01:42:50,2018-04-10 18:55:32,2018-04-20,109.9,13.67,1,1,123.57,1,1,5.0,1.0,9d8c8f24aabdf94cb1d00a94ebac5172,1525,sao paulo,SP,5.3109375,14.522372685185186,0,123.57000000000001
dfa48852c93427261c98fb2e01f33bea,416a7d94443b80fbac2522a6d04237ce,delivered,2018-04-05 11:30:04,2018-04-06 03:10:17,2018-04-09 16:27:56,2018-04-23 15:11:19,2018-05-03,49.0,18.23,1,1,67.23,1,1,5.0,1.0,c864a13272534c93e342ea4d3f80d288,37680,goncalves,MG,18.153645833333332,27.52078703703704,0,67.23
9988bc711d2d6fead4af40481ff5de63,2a55c5a6ff0c2eaed117aece47856094,delivered,2018-04-05 11:32:10,2018-04-05 11:48:41,2018-04-09 20:51:11,2018-04-12 22:58:45,2018-04-23,116.30000000000001,25.7,2,1,142.0,1,1,1.0,1.0,00d1e5d82377766dac9f8dc4d4eaf4a8,16304,penapolis,SP,7.476793981481482,17.519328703703703,0,142.0
272d4db8440d24b59b2d409f64c5b161,aa0bfec3e445f3bfe3fef812354123c1,delivered,2018-04-05 11:34:24,2018-04-06 03:28:45,2018-04-06 23:44:43,2018-04-12 01:48:38,2018-04-25,79.9,15.44,1,1,95.34,1,1,4.0,1.0,21a1184d970eda158c5b2039deb97974,74013,goiania,GO,6.593217592592593,19.517777777777777,0,95.34
b02aff946bf246d61d7f3977e0d352c1,f0b35bb554d9d15794561e6e7c9d7ff5,delivered,2018-04-05 11:35:38,2018-04-07 02:48:25,2018-04-09 16:38:51,2018-04-24 00:23:39,2018-05-07,40.0,33.51,1,1,73.51,1,1,5.0,1.0,68b7f7527c630a55d405891e7da789ca,94920,cachoeirinha,RS,18.533344907407407,31.516921296296296,0,73.50999999999999
2b0ea1bc126b4422086b85c125810819,aff11919be30c1cdc7c7e6340382d72e,delivered,2018-04-05 11:36:07,2018-04-06 03:08:29,2018-04-07 01:22:39,2018-04-09 16:15:02,2018-04-23,35.0,11.15,1,1,46.15,1,1,5.0,1.0,7215868b5e3128b8dbb155421c0555b7,2465,sao paulo,SP,4.193692129629629,17.516585648148148,0,46.15
7589a45ee0f486fadca379c4e32425cc,684ab30ca29cd09ddffe94e22de57a8d,delivered,2018-04-05 11:36:41,2018-04-06 03:10:16,2018-04-10 00:35:40,2018-04-10 16:58:44,2018-04-17,113.78,18.52,2,1,132.3,1,1,5.0,1.0,4de1a801ee04b6c8d1714915998694a7,80250,curitiba,PR,5.223645833333333,11.51619212962963,0,132.3
e13771d81b11fa998c5534001f1520f1,b5dc660534126a84822d57681d78f071,delivered,2018-04-05 11:36:48,2018-04-05 11:50:17,2018-04-05 23:52:02,2018-04-11 22:46:55,2018-04-26,27.9,18.23,1,1,46.13,1,1,4.0,1.0,6b66f155b506f8761f43b1694ecb3039,31530,belo horizonte,MG,6.465358796296297,20.516111111111112,0,46.129999999999995
54d590c80154b4cd2008ed42260cf1ef,f71bd04f936f991d91510d547d32996d,delivered,2018-04-05 11:40:53,2018-04-05 11:55:24,2018-04-09 14:46:54,2018-04-18 15:16:49,2018-05-02,128.0,16.87,1,1,144.87,2,1,4.0,1.0,6a296ad35a38d489b7ffc694291e5ed0,3213,sao paulo,SP,13.149953703703703,26.513275462962962,0,144.87
5b62faa806e6491e48c6610986ee31fa,b7b4d19acefd69c62d58215923216f2a,delivered,2018-04-05 11:41:17,2018-04-05 11:55:25,2018-04-07 01:32:25,2018-04-12 19:52:47,2018-04-23,579.0,35.45,1,1,614.45,5,1,2.0,1.0,932ee9a016781b9ae7332cf281d75d2c,5542,sao paulo,SP,7.341319444444444,17.512997685185184,0,614.45
f0c5109edd3bd711ebbffac37016ac1c,d6585a7cc48b6183f11641f735dd3f6e,delivered,2018-04-05 11:44:38,2018-04-05 11:55:29,2018-04-26 16:29:00,2018-04-30 18:08:27,2018-04-18,79.9,11.18,1,1,91.08,1,1,2.0,1.0,22fd1884325c81c96ff845702b141796,12212,sao jose dos campos,SP,25.26653935185185,12.510671296296296,1,91.08000000000001
ce4cd882c938dbabdfdb5637c78cc088,cb6284bbdb4fcc704700310867efc4b3,delivered,2018-04-05 11:51:59,2018-04-05 12:09:34,2018-04-10 19:13:46,2018-04-18 18:03:36,2018-05-11,165.65,22.87,1,1,188.52,1,1,5.0,1.0,8e80fbe49e4d65754475b032a960fd43,22775,rio de janeiro,RJ,13.25806712962963,35.50556712962963,0,188.52
87a831a955e30fb081a9e79b0c39573e,5ba7661245837f4f897eb201624f550f,delivered,2018-04-05 11:54:25,2018-04-06 03:10:34,2018-04-07 01:04:14,2018-04-12 18:19:29,2018-04-27,94.35,13.1,1,1,107.45,1,1,5.0,1.0,2de68ea77562217545c5dae0d90377a9,3182,sao paulo,SP,7.267407407407408,21.503877314814815,0,107.44999999999999
31ff8f3524c7ae644eb02b5b78f30301,aa3546e1c3340e5f8e971f07acdef1df,delivered,2018-04-05 12:03:45,2018-04-05 12:28:29,2018-04-06 23:16:45,2018-04-11 00:11:03,2018-05-03,54.9,16.98,1,1,71.88,3,1,5.0,1.0,4d66c799aa8dba0464469964c437a867,37002,varginha,MG,5.505069444444445,27.497395833333332,0,71.88
1585ebe77775265b8612b0e4fc614cd2,fd62fe532e81f5458cce4c0c2abc0768,delivered,2018-04-05 12:12:33,2018-04-06 13:09:03,2018-04-07 01:28:39,2018-04-08 16:03:30,2018-04-23,219.0,21.58,1,1,240.58,1,1,4.0,1.0,095445473b390ee22a754f4941b7b7da,6767,taboao da serra,SP,3.1603819444444445,17.491284722222222,0,240.57999999999998
78e0775b7967227a9d6f00277bed69e2,57b1284ee4544b378d7f1d5cc857815c,delivered,2018-04-05 12:13:24,2018-04-06 03:08:29,2018-04-13 13:48:21,2018-04-17 19:38:44,2018-04-24,60.0,8.29,1,1,68.29,1,1,4.0,1.0,3aabe94a40f7ea96cbe29d76aff751de,6455,barueri,SP,12.309259259259258,18.490694444444443,0,68.28999999999999
b0bf00faa32149ac7d0400f67ce3d3b0,cc97def3bb60f41423a0f94ca6b18524,delivered,2018-04-05 12:14:30,2018-04-05 12:28:26,2018-04-06 00:05:11,2018-04-17 21:21:56,2018-04-30,7.99,17.06,1,1,25.05,1,1,5.0,1.0,a107fc818e4371f66763a6ce88006fdd,32600,betim,MG,12.380162037037037,24.489930555555556,0,25.049999999999997
2cf35c553f356f26bf01262d9a4880fe,e50d75982d1fb2793e4f64c3dad738e7,delivered,2018-04-05 12:17:27,2018-04-05 12:30:22,2018-04-06 21:57:41,2018-04-09 20:32:38,2018-05-03,799.9,28.18,1,1,828.08,10,1,5.0,1.0,44e672b6b024306dcda61f892b3236d3,9820,sao bernardo do campo,SP,4.343877314814815,27.487881944444446,0,828.0799999999999
2478162af45c03e2a222e61c781e9209,21f5fa238d74db2e4dfc38d2e6d4bf94,delivered,2018-04-05 12:20:30,2018-04-06 03:10:17,2018-04-07 01:26:24,2018-04-13 18:36:51,2018-04-24,467.0,19.24,1,1,486.24,1,1,3.0,1.0,07216c3351ab63d5087691e3324da3e2,1406,sao paulo,SP,8.261354166666667,18.48576388888889,0,486.24
01dd7b32b57e2e5633984f61e456b046,48dc227fd17db8b6dacffb7d2be80886,delivered,2018-04-05 12:21:51,2018-04-05 12:35:20,2018-04-05 21:54:30,2018-04-09 19:51:43,2018-04-17,16.0,7.87,1,1,23.87,1,1,3.0,1.0,a94762863997266a89d86350f7f20f54,1526,sao paulo,SP,4.312407407407408,11.484826388888889,0,23.87
5d8d75278e117304f2e8c3df4ce3c41c,585efd953bdf0c0feed085f3a757c9d0,delivered,2018-04-05 12:28:28,2018-04-07 02:50:24,2018-04-12 19:28:35,2018-04-20 19:21:21,2018-05-10,129.0,32.33,1,1,161.33,1,1,4.0,1.0,bb54950f563e3830573427ca104ce447,20030,rio de janeiro,RJ,15.286724537037037,34.48023148148148,0,161.32999999999998
ff85477840bd0948f7a91e3af61963ec,4c57350878dc525a21ffc4a75a94af37,delivered,2018-04-05 12:28:52,2018-04-05 12:48:29,2018-04-05 23:04:43,2018-04-09 21:13:44,2018-04-17,16.6,7.87,1,1,24.47,1,1,5.0,1.0,5304d1c841be2e01b6918a0eaf0c6b01,13142,paulinia,SP,4.364490740740741,11.479953703703703,0,24.470000000000002
53007e0777fa3fb5e536c05a83b50198,8ee18a8c822e4287befa0590bcd202a6,delivered,2018-04-05 12:29:29,2018-04-05 12:48:19,2018-04-10 23:37:40,2018-04-23 13:51:52,2018-05-03,550.0,21.73,1,1,571.73,2,2,4.0,1.0,5c6488b7d12685827ce60336f56dceaf,82820,curitiba,PR,18.05721064814815,27.479525462962965,0,571.73
109de627429eb7801ce1030634a693b0,46c12c3a7a805df51cfb4287cd2a67bf,delivered,2018-04-05 12:34:39,2018-04-07 02:55:29,2018-04-10 04:12:23,2018-04-19 21:36:38,2018-04-27,19.0,18.23,1,1,37.23,1,1,5.0,1.0,9ecf31666034bc9fb82211d9e65546e3,27923,macae,RJ,14.376377314814814,21.4759375,0,37.230000000000004
a878aea89f040852ba82d7366fb4360c,9bed2d43411502075eefa923e6ed73d1,delivered,2018-04-05 12:39:13,2018-04-07 02:50:16,2018-04-09 21:09:27,2018-04-25 21:11:22,2018-05-11,74.9,19.49,1,1,94.39,1,1,4.0,1.0,cc47f99364c6a2b50a87c1bbb3e4f0f8,22470,rio de janeiro,RJ,20.35565972222222,35.472766203703706,0,94.39
98672e143f0ddcd385c344ae98132a8c,f780f03bf6d456e6da8e0eed971b60fa,delivered,2018-04-05 12:39:26,2018-04-06 03:28:34,2018-04-10 01:08:44,2018-04-16 16:42:40,2018-04-27,41.0,12.79,1,1,53.79,1,1,5.0,1.0,1085f6b722fc9b27136d022ba46e1d72,5009,sao paulo,SP,11.168912037037037,21.47261574074074,0,53.79
6a6b5f5c1957d008772dc54c84a0980f,09dd5b8cd013d6fe41dc343609a44cc2,delivered,2018-04-05 12:39:41,2018-04-05 12:55:35,2018-04-06 23:28:50,2018-04-09 13:52:49,2018-04-20,46.99,7.39,1,1,54.38,1,1,5.0,1.0,63aaa0042a4983e7cf9ca741b0ad1849,3366,sao paulo,SP,4.050787037037037,14.472442129629629,0,54.38
d8cb2573a32f3089690e573f7adfba54,ce91506113fa0e838414655b4a2cd79c,delivered,2018-04-05 12:50:54,2018-04-05 13:08:50,2018-04-07 01:28:39,2018-04-20 16:31:59,2018-05-08,69.9,24.71,1,1,94.61,1,1,3.0,1.0,4412513db47efd18fc8ad98ff8e64727,97050,santa maria,RS,15.153530092592593,32.46465277777778,0,94.61000000000001
63ad2e2fd8c7abbfd3d27807b6577f1b,4dffcf2b3f0118d881c49b8b991aa0c8,delivered,2018-04-05 12:54:41,2018-04-05 13:08:51,2018-04-07 01:32:27,2018-04-13 17:57:28,2018-04-27,51.19,22.94,1,1,74.13,3,1,5.0,1.0,d2ee3771ccf5fa3b9243f067c9c0ceb6,16230,piacatu,SP,8.210266203703704,21.462025462962963,0,74.13
224b8a1097696621e5ab952014690223,fa52fccf0dfd67b8d1ed46b288088853,delivered,2018-04-05 12:54:43,2018-04-05 13:08:55,2018-04-07 01:17:47,2018-04-12 18:28:30,2018-05-04,79.0,22.26,1,1,101.26,1,1,4.0,1.0,074acf213b06cda604400cbbcc02a4eb,35164,ipatinga,MG,7.231793981481482,28.462002314814814,0,101.26
e02b879dd0de39526ef78a55f65fa922,a1b67d3d18d91e15c5fe82badbec082e,delivered,2018-04-05 13:01:05,2018-04-07 02:47:58,2018-04-09 23:07:37,2018-04-20 15:51:59,2018-05-11,58.99,21.38,1,1,80.37,1,1,5.0,1.0,8f6a88cc0fdea8ade670238879cd15ab,97541,alegrete,RS,15.118680555555555,35.45758101851852,0,80.37
13f6d4c60ec75fc597490e33afa885fd,d2d44ef2cd58a2d240dd30a6d96178af,delivered,2018-04-05 13:01:40,2018-04-05 13:10:13,2018-04-05 23:22:08,2018-04-19 21:56:43,2018-05-02,65.0,12.89,1,1,77.89,1,1,1.0,1.0,87db84cad7e8bf6465b276db2c5732fd,13901,amparo,SP,14.3715625,26.457175925925927,0,77.89
9f8336f54e26b60f22aa66d469bcf6f4,9815f77b72f304d1872b10a857b2130d,delivered,2018-04-05 13:06:18,2018-04-05 13:29:07,2018-04-09 21:09:34,2018-04-10 22:52:16,2018-04-20,39.97,7.39,1,1,47.36,1,1,4.0,1.0,0610630dcd111596b141a6084faef3a3,3333,sao paulo,SP,5.4069212962962965,14.453958333333333,0,47.36
90181a7780a0fa0a32d7449931661c2b,0e4c35fd643e6bca5958212bfaadee7f,delivered,2018-04-05 13:12:34,2018-04-05 13:29:15,2018-04-05 22:38:39,2018-04-13 22:22:25,2018-04-26,49.0,18.23,1,1,67.23,1,1,5.0,1.0,887c521da06dcd2deb39f88e0e4da63b,29258,araguaia,ES,8.381840277777778,20.44960648148148,0,67.23
558c1baea4d7455f7964d6fa4e4d4b96,4721d7c3cdf29bc7cb6ba13ffa40d73c,delivered,2018-04-05 13:17:12,2018-04-05 13:30:30,2018-04-11 20:28:45,2018-04-18 18:21:20,2018-05-04,174.9,31.87,1,1,206.77,4,1,4.0,1.0,43c1dcd943cb9e3763e33a9a82cfefec,27915,macae,RJ,13.211203703703704,28.44638888888889,0,206.77
62f814c5cee70920ae8e265b400e8ba0,a8edb87d848c12b4bb341d5f7641a942,delivered,2018-04-05 13:26:40,2018-04-05 13:35:46,2018-04-06 17:53:44,2018-04-11 20:54:27,2018-04-26,199.0,19.27,1,1,218.27,8,1,5.0,1.0,80be23394e87672db1100b6cc6891d3f,80440,curitiba,PR,6.310960648148148,20.439814814814813,0,218.27
eda6dfcb0628b8c84aa77ad2d79ed78b,4a5f75786d4070ba4c6ba66c37b6b007,delivered,2018-04-05 13:27:20,2018-04-05 13:48:42,2018-04-05 22:58:28,2018-04-13 23:05:53,2018-04-24,135.0,27.03,1,1,162.03,3,1,4.0,1.0,bf486091c0dae20552f2d22648e43559,30170,belo horizonte,MG,8.401770833333334,18.439351851851853,0,162.03
7cf743c2c2f5595bf3780b5b379cbab5,996099e76d23cf9d25197bc7ca733a13,delivered,2018-04-05 13:28:41,2018-04-06 09:09:18,2018-04-07 01:17:43,2018-04-19 01:06:26,2018-04-24,79.0,15.43,1,1,94.43,1,1,5.0,1.0,3ddd076b7f728bcaa2ede9dc34c78147,29142,cariacica,ES,13.48454861111111,18.43841435185185,0,94.43
7dc5018fbc594b1ce9a945e6bcfc83c3,d2c7eb8aba1fb89604f9cbf208b3db30,delivered,2018-04-05 13:31:00,2018-04-05 13:48:42,2018-04-10 22:33:04,2018-04-24 18:56:42,2018-05-14,29.0,19.32,1,1,48.32,1,1,5.0,1.0,e618e6b0658d1cb76db783aa07bb0981,22231,rio de janeiro,RJ,19.226180555555555,38.43680555555556,0,48.32
750ec067636ece1a4c163a6e1c764fe1,b84bb32b376bde3be1fcf5a1fec98b60,delivered,2018-04-05 13:35:58,2018-04-05 13:50:16,2018-04-06 22:41:41,2018-04-10 23:32:39,2018-04-20,39.9,9.26,1,1,49.16,1,1,5.0,1.0,608be86eed02e406447001b3dc815995,3729,sao paulo,SP,5.414363425925926,14.433356481481482,0,49.16
627efe8e5230eb9f3bb4ecb645c759c5,4480661363e0f2f7fa2d1768c3b554c4,delivered,2018-04-05 13:49:01,2018-04-05 14:09:18,2018-04-07 01:14:44,2018-04-09 15:36:45,2018-04-27,151.9,17.97,1,1,169.87,10,1,5.0,1.0,6991221485787f31e830a729531c20f2,2440,sao paulo,SP,4.074814814814815,21.424293981481483,0,169.87
fe317ce4a7ca2ec5a2cdb56c3e5788b2,dcc865b0a392f4d72458ec0677e1f085,delivered,2018-04-05 13:50:28,2018-04-05 14:09:25,2018-04-07 01:42:41,2018-04-16 19:29:00,2018-05-03,56.89,18.33,1,1,75.22,2,1,4.0,1.0,0f95258527026365d80664a88544bdbb,33115,santa luzia,MG,11.235092592592592,27.42328703703704,0,75.22
8076239f377d73802255196d49b6fcda,c8ddbb318c2e929e50588d7476556b4b,delivered,2018-04-05 13:54:07,2018-04-05 14:09:31,2018-04-07 00:17:32,2018-04-26 16:33:02,2018-05-02,199.99,21.45,1,1,221.44,4,1,1.0,1.0,ace3d0b12b1ae5f0cd83d700c5b1fc55,54400,jaboatao dos guararapes,PE,21.110358796296296,26.420752314814816,0,221.44
c233a5be39263e6b4d380d2af589ff09,d32d060ed6d1eca9162c3afeb7e873f4,delivered,2018-04-05 13:58:45,2018-04-05 14:10:19,2018-04-05 23:11:47,2018-04-16 14:42:48,2018-04-24,119.0,23.7,1,1,142.7,1,1,4.0,1.0,e84acaddf31e811887142b13ce102bb5,31310,belo horizonte,MG,11.030590277777778,18.41753472222222,0,142.7
2dbb903e7d79a86620562da87b5ecce7,a9d2cabee2f5635cc509f78b1b48ce47,delivered,2018-04-05 14:00:36,2018-04-05 14:10:25,2018-04-07 01:14:52,2018-04-10 17:21:33,2018-04-24,83.8,12.75,1,1,96.55,1,1,5.0,1.0,f5be3392f629303bc8c7112f65132efb,38610,unai,MG,5.1395486111111115,18.41625,0,96.55
3c2ae362c7a0d00db3ff4cc392e1844c,6d0859bfb37c7bf98b55c29d017cd11f,delivered,2018-04-05 14:08:34,2018-04-05 14:29:04,2018-04-06 00:28:24,2018-04-13 16:51:46,2018-05-04,30.9,18.23,1,1,49.13,1,1,5.0,1.0,77ff92942165429bfa130320bec36412,96450,dom pedrito,RS,8.113333333333333,28.410717592592594,0,49.129999999999995
9fcf522f6dca92c093d4607780d01a74,57a1a4f67efcf3baebea12caa5ae3ecb,delivered,2018-04-05 14:11:01,2018-04-05 14:29:03,2018-04-09 16:42:39,2018-04-11 19:11:56,2018-04-23,143.8,15.91,1,1,159.71,3,1,5.0,1.0,d4c870146bade2f103127f621593ff11,5074,sao paulo,SP,6.208969907407408,17.409016203703704,0,159.71
acf579dc44e10bf23cabf01d80f9f62c,527b26bd8ea58b018efd96060cac5ccb,delivered,2018-04-05 14:18:32,2018-04-05 14:30:26,2018-04-07 01:22:39,2018-04-27 17:12:47,2018-05-08,120.0,39.13,1,1,159.13,1,1,4.0,1.0,1b0843d4f653e7301b596757fed2179d,45680,urucuca,BA,22.121006944444446,32.4037962962963,0,159.13
9c4d23ed96872c52ce913a212b38a54c,664277e10431798b63a9e7d48be4498c,delivered,2018-04-05 14:22:17,2018-04-05 14:35:28,2018-04-07 01:16:47,2018-05-05 12:11:41,2018-05-07,109.99,17.06,1,1,127.05,1,1,5.0,1.0,e2ad999bcddcb7b29d846d7b41e06d87,90820,porto alegre,RS,29.909305555555555,31.401192129629628,0,127.05
8eadc079bd4cf0c38f40bf74468c47c7,05bb7b8653c0cc496b7d2db94a36b116,delivered,2018-04-05 14:26:15,2018-04-05 14:35:28,2018-04-07 01:23:19,2018-04-09 23:58:32,2018-04-23,209.70000000000002,37.29,3,1,246.99,5,1,5.0,1.0,7ee99f5c522d01621617d63bda047019,9360,maua,SP,4.397418981481482,17.3984375,0,246.99
6a97b56ec57985053347f44878894e79,90b1c0370ada0b3588310782fbc3deab,delivered,2018-04-05 14:35:40,2018-04-05 14:50:22,2018-04-11 08:12:04,2018-04-30 19:22:37,2018-05-08,69.9,16.46,1,1,86.36,2,1,5.0,1.0,84ff702056319d369f8a23d34511d388,22631,rio de janeiro,RJ,25.199270833333333,32.39189814814815,0,86.36000000000001
32c89e20288914a5f7feb879cbb0fac1,2974a6e2368bd4d649bad949c033ea0c,delivered,2018-04-05 14:35:51,2018-04-06 03:15:27,2018-04-11 17:38:25,2018-04-18 23:50:35,2018-05-07,327.0,55.92,3,1,382.92,1,1,4.0,1.0,ede7fe55b5511e9940b4821e1bfb555c,97502,uruguaiana,RS,13.385231481481481,31.391770833333332,0,382.92
19071fa97256edc89512749be1569e7e,e5c9bafaa0e039d46a1daa031a7222d0,delivered,2018-04-05 14:39:08,2018-04-06 14:35:16,2018-04-12 20:28:31,2018-04-24 17:50:47,2018-05-03,120.0,32.76,1,1,152.76,1,1,3.0,1.0,7924945bec858beb74b38f9e1345d40a,60833,fortaleza,CE,19.13309027777778,27.38949074074074,0,152.76
1cd29ff24c716ad3002179320343005a,9858eb26142f38b5b5ea89897dc07cc2,delivered,2018-04-05 14:42:12,2018-04-07 02:50:25,2018-04-09 22:13:32,2018-04-18 22:41:29,2018-05-03,109.9,34.31,1,1,144.21,1,1,5.0,1.0,a75377b38f6e4db32838ce789dd25f4c,86360,bandeirantes,PR,13.332835648148148,27.38736111111111,0,144.21
0c5ba56a140a9fea3b9815c2a191c47b,ad19729359871232cb5b33a9fabc1793,delivered,2018-04-05 14:42:16,2018-04-05 14:55:12,2018-04-07 00:22:28,2018-04-09 15:47:24,2018-04-20,44.9,7.39,1,1,52.29,1,1,4.0,1.0,1ccbff1e079e43f6fab2147eab81a441,4815,sao paulo,SP,4.045231481481482,14.387314814814815,0,52.29
4bafa54db6b060da198f23f810835969,48094f58f03bec9519bd0e004ce460df,delivered,2018-04-05 14:46:51,2018-04-05 15:09:52,2018-04-07 01:32:58,2018-04-30 21:41:07,2018-05-14,49.9,35.71,1,1,85.61,2,2,5.0,1.0,6e11aa7fefec6405ba35e05a8c0f9b0e,66073,belem,PA,25.287685185185186,38.38413194444445,0,85.61
2bc420de7e8e4174fd5c88b692c2cdaf,9fc2d593b91e86741a67c7da20f0ba0e,delivered,2018-04-05 14:54:54,2018-04-05 15:10:01,2018-04-10 00:06:45,2018-04-10 16:26:50,2018-04-23,13.99,7.39,1,1,21.38,1,1,5.0,1.0,bf7e07e4ccc7df0889db4653d60c3f27,18055,sorocaba,SP,5.063842592592593,17.378541666666667,0,21.38
c7c6ca7db4f3b52d2fd70aeeb13d8e69,f814518d7099e9edf3060a9aa22c43c9,delivered,2018-04-05 14:55:22,2018-04-05 15:09:59,2018-04-10 00:32:23,2018-06-07 17:37:24,2018-05-11,159.99,58.73,1,1,218.72,3,1,2.0,1.0,b4d0e21689a0644377677a22c8904e19,58745,imaculada,PB,63.11252314814815,35.37821759259259,1,218.72
0d799dd97f4ffcecba2864882585f677,969490358923f64400791dfecc39ad28,delivered,2018-04-05 14:56:55,2018-04-07 13:48:00,2018-04-09 18:22:41,2018-04-12 12:48:40,2018-04-25,412.0,20.4,1,1,432.4,1,1,5.0,1.0,666cc07c716fe875d62948482eff6209,85603,francisco beltrao,PR,6.9109375,19.377141203703705,0,432.4
e0fc6abd74320ea468f697164f069f8d,45de0b4bc6b0aaa0d55bde3d3c7a020c,delivered,2018-04-05 15:01:49,2018-04-05 15:10:17,2018-04-07 00:56:35,2018-04-12 02:21:40,2018-05-04,79.6,76.16,4,1,155.76,1,1,1.0,1.0,39a2f936ce8890dc3112d7869c18200f,60125,fortaleza,CE,6.472118055555556,28.373738425925925,0,155.76
010d15deea8cae96ae86ea8097917a17,bfab01097454f7cf7d2ba80d7af6125f,delivered,2018-04-05 15:04:05,2018-04-05 15:15:25,2018-04-10 19:12:18,2018-04-17 18:41:01,2018-05-07,279.9,20.65,1,1,300.55,10,1,4.0,1.0,c5d371601018aa18e6c3a30b5678fb1e,60355,fortaleza,CE,12.150648148148148,31.37216435185185,0,300.54999999999995
c40c5d575c4ace5fdeaa53f94c039aa3,e54c3f5e0c3b3f5c0b716eeeffb049ac,delivered,2018-04-05 15:05:59,2018-04-05 15:29:27,2018-04-10 14:32:10,2018-04-19 13:02:39,2018-04-25,26.0,17.93,1,1,43.93,2,1,5.0,1.0,d220b119b82da8c3f9e5718295078ae3,34001,nova lima,MG,13.914351851851851,19.370844907407406,0,43.93
c39b81b2bd8d2abfff5240c18350f9ea,12b02f4c536538dbb3b1f1ce93ee0134,delivered,2018-04-05 15:06:56,2018-04-06 03:15:33,2018-04-07 01:19:35,2018-04-18 00:28:47,2018-04-24,13.65,15.23,1,1,28.88,1,1,5.0,1.0,58c1c5b0bad70d435c3d74abdb6f2846,25220,duque de caxias,RJ,12.390173611111111,18.370185185185186,0,28.880000000000003
93c876d3232e6a2353011f181e7f3c40,a3d2aebb19110db6d233642344452394,delivered,2018-04-05 15:10:04,2018-04-05 15:29:29,2018-04-06 23:41:10,2018-04-10 15:10:00,2018-04-30,500.0,75.22,2,1,575.22,5,1,4.0,1.0,7ed8bcc45048991bb58d2ede05150746,14300,batatais,SP,4.999953703703704,24.36800925925926,0,575.22
64a6cbaf0304bb145b7eae00fbbac35b,310ae0c5db4a725df3d7c74f27b403b2,delivered,2018-04-05 15:18:52,2018-04-05 15:30:22,2018-04-07 00:56:31,2018-04-10 17:52:06,2018-05-08,105.0,9.27,1,1,114.27,1,1,4.0,1.0,ac632f3aef3b65fdd24382d53636a308,20775,rio de janeiro,RJ,5.106412037037037,32.36189814814815,0,114.27
bfede3e7101b91bd335e6cc5d153bf2c,704692ee897946827f620097cf141e09,delivered,2018-04-05 15:24:37,2018-04-05 15:35:27,2018-04-07 00:31:13,2018-04-16 23:31:07,2018-05-08,56.9,16.37,1,1,73.27,1,1,5.0,1.0,0e78a1b66adee5bb3a6f014714f79cf4,21853,rio de janeiro,RJ,11.337847222222223,32.357905092592596,0,73.27
044c27c9fb6d9b51bba0efa1fd726c97,0b06b92f20cf1c739acdceb0e6f6d937,delivered,2018-04-05 15:25:53,2018-04-05 15:49:23,2018-04-07 01:22:12,2018-04-10 17:51:07,2018-04-25,87.51,15.49,1,1,103.0,1,1,5.0,1.0,36903c46142f0d9306077f4ac0bdfc7f,6810,embu das artes,SP,5.100856481481482,19.357025462962962,0,103.0
38f93719aef944cdcf2fbb212432be91,92f176d7d926c22dff2f54d791aa9ac3,delivered,2018-04-05 15:28:22,2018-04-05 15:49:31,2018-04-06 22:41:42,2018-04-09 21:21:49,2018-04-20,114.9,11.9,1,1,126.8,4,1,4.0,1.0,3635cc5e0b6e751a45727092f8b835d3,4366,sao paulo,SP,4.245451388888889,14.355300925925926,0,126.80000000000001
6b7ebe19e66635ace7e1c9c556745a38,277216898f0c5c9655b48f19ae05ce4d,delivered,2018-04-05 15:29:27,2018-04-06 03:15:40,2018-04-09 22:36:48,2018-04-16 13:56:47,2018-04-30,89.1,18.2,1,1,107.3,1,1,5.0,1.0,f3b9a1f96ffb380f8731d7e9043c0e4c,91330,porto alegre,RS,10.935648148148148,24.35454861111111,0,107.3
6a8400c1ae628fd6e3770950582c8b99,80b26789f069971fc4b1483f33f545c2,delivered,2018-04-05 15:34:33,2018-04-05 15:50:19,2018-04-12 19:06:42,2018-05-04 15:24:41,2018-05-09,383.9,20.27,1,1,404.17,8,1,5.0,1.0,0e78a1b66adee5bb3a6f014714f79cf4,21853,rio de janeiro,RJ,28.993148148148148,33.35100694444444,0,404.16999999999996
67d7cb75f0cc86ef6b34e80b1b4f02dc,3558747b3ee96652d1c0f55f1e898682,delivered,2018-04-05 15:45:25,2018-04-06 03:10:16,2018-04-10 18:53:54,2018-04-25 18:36:41,2018-05-04,14.0,18.23,1,1,32.23,1,1,5.0,1.0,b4758feb40f5497529fd5b4264c4b256,95020,caxias do sul,RS,20.118935185185187,28.34346064814815,0,32.230000000000004
d028930433677c26ca42772687789041,d70d5b8b1b7a20eee8c44298312672d2,delivered,2018-04-05 15:47:18,2018-04-05 16:10:57,2018-04-10 00:18:40,2018-05-08 17:48:32,2018-04-27,129.46,27.97,1,1,157.43,2,1,1.0,1.0,3265362fcd6df41199c135b421f2a93c,52060,recife,PE,33.08418981481481,21.342152777777777,1,157.43
b4371384ac6d51fe934e4f50b8b61e4c,7ffef7ba261467851a207fb18744f4f4,delivered,2018-04-05 15:52:01,2018-04-05 16:10:49,2018-04-09 18:02:50,2018-04-23 19:12:32,2018-05-03,140.2,14.1,1,1,154.3,3,1,5.0,1.0,f96d29cf212fd3bf81be5f1562001224,80240,curitiba,PR,18.139247685185186,27.338877314814816,0,154.29999999999998
11720c3352cc89c305e6211b13e73084,607351e2b45eca84823f158f10387775,delivered,2018-04-05 15:57:22,2018-04-05 16:10:57,2018-04-07 01:26:27,2018-04-12 18:49:44,2018-04-24,49.0,14.44,1,1,63.44,3,1,5.0,1.0,012ba82b3ff6ea994a4ecc6c848a4782,13050,campinas,SP,7.119699074074074,18.335162037037037,0,63.44
a7d73128b7dc2644c342e7495ebe8e3f,a99b2128d3db96e838381fe6042cdee6,delivered,2018-04-05 15:59:54,2018-04-05 16:11:03,2018-04-10 23:37:43,2018-04-30 16:59:24,2018-05-02,600.0,22.08,1,1,622.08,1,1,4.0,1.0,311b7759da40d8d24724a882f0641308,74460,goiania,GO,25.041319444444444,26.333402777777778,0,622.08
631d1fbe8db293dd7ad93b6cdae940f6,1504df6da856dcc3095690ef54313868,delivered,2018-04-05 16:01:23,2018-04-05 16:11:01,2018-04-07 01:22:15,2018-04-19 16:34:42,2018-05-08,235.0,97.46,1,1,332.46,6,1,2.0,1.0,f1709cbd02ae746b770209f36a4d21b6,98804,santo angelo,RS,14.023136574074075,32.332372685185184,0,332.46
31db4f9c6c262ac89aab6f7e4c9014e7,533a802ab85028e2ac3771bab3920e8c,delivered,2018-04-05 16:09:49,2018-04-06 16:10:42,2018-04-10 17:16:51,2018-05-01 18:27:19,2018-05-14,179.0,62.89,1,1,241.89000000000001,1,1,4.0,1.0,07826999f928c777522ebd9ed5879077,22780,rio de janeiro,RJ,26.09548611111111,38.326516203703704,0,241.89
57034b4287754660ae720f3c440eb9f5,2a3eba58fac8720505d972c3aa198522,delivered,2018-04-05 16:11:32,2018-04-05 16:28:49,2018-04-07 16:46:39,2018-04-18 00:24:40,2018-05-02,29.98,18.23,1,1,48.21,1,1,4.0,1.0,3e47025034c5a31cff56168ac0519f1f,38750,presidente olegario,MG,12.342453703703704,26.325324074074075,0,48.21
bd9d255d535e79d6178400fe2aaec59a,26a122b790648718c0e63c4ba55bcf4b,delivered,2018-04-05 16:12:14,2018-04-05 16:28:49,2018-04-07 01:20:55,2018-04-07 16:30:59,2018-04-17,106.5,7.93,1,1,114.43,1,1,5.0,1.0,ca6a1fb8fca6bd2272c5d6d15788dbe3,4006,sao paulo,SP,2.0130208333333335,11.324837962962963,0,114.43
5017c6fe52a9453dfd3bf1327ed588da,fcbb4e1555e5e2b345e028e4f8eea8ef,delivered,2018-04-05 16:13:05,2018-04-05 16:28:53,2018-04-11 01:36:50,2018-04-16 16:38:48,2018-04-30,113.85,19.77,1,1,133.62,10,1,5.0,1.0,371f3c9addb776f046b31f363f2abaed,88870,orleans,SC,11.017858796296297,24.324247685185185,0,133.62
40d3d467b60d085876c572510701fc47,8e7624ef906783b093a58207d95bf082,delivered,2018-04-05 16:17:21,2018-04-05 16:35:18,2018-04-07 00:04:12,2018-04-12 18:58:28,2018-05-03,79.0,37.24,1,1,116.24,10,1,5.0,1.0,03863e6df8bceaf5ca8f00217eed7975,31210,belo horizonte,MG,7.111886574074074,27.321284722222224,0,116.24000000000001
503a894a01eda7b5fdd5cc5ba7eeaf4f,5cc6108d0e255047e6c6076763bf4d0d,delivered,2018-04-05 16:18:35,2018-04-05 16:35:24,2018-04-07 01:16:40,2018-04-19 23:21:46,2018-05-07,226.18,52.08,1,1,278.26,5,1,5.0,1.0,59b1d9f9b6d228ca985697b6d2881fea,78600,barra do garcas,MT,14.293877314814814,31.32042824074074,0,278.26
4908721d56a113679fe934dfce599add,c9fae66c6a29c68d59463e2ae4969577,delivered,2018-04-05 16:19:24,2018-04-05 16:35:18,2018-04-06 20:48:56,2018-05-08 23:37:27,2018-05-02,44.0,37.04,1,1,81.04,1,1,3.0,1.0,3a6eb610e4b56c5eb29eed04efd0530c,62040,sobral,CE,33.30420138888889,26.319861111111113,1,81.03999999999999
52ade67b3fbf4821fbb52e5c8e3a463e,81959f2d6b540243ccac326d082d4af3,delivered,2018-04-05 16:23:23,2018-04-05 16:35:31,2018-04-09 23:50:55,2018-04-19 00:14:41,2018-05-02,46.9,18.23,1,1,65.13,1,1,5.0,1.0,8f980c62fd126f959fbe8ca88fbacd1b,28053,campos dos goytacazes,RJ,13.327291666666667,26.31709490740741,0,65.13
e21d9f9d7baf59d4861e81e425fc00fe,06068b0a0ad0813d270fee5969eafd5b,delivered,2018-04-05 16:26:27,2018-04-05 16:35:31,2018-04-06 19:28:42,2018-04-17 19:49:44,2018-04-30,149.9,63.08,1,1,212.98,2,1,5.0,1.0,77a50587ce3df97e7633f6f336298544,86400,jacarezinho,PR,12.141168981481481,24.314965277777777,0,212.98000000000002
9580009b0ba212d7375f5fe049c1eb95,3f8859a917d15a0ea9b7677e585d9271,delivered,2018-04-05 16:27:23,2018-04-06 03:28:28,2018-04-07 01:28:33,2018-04-17 16:03:00,2018-04-27,22.5,18.43,1,1,40.93,1,1,5.0,1.0,5e6de9c0bac6cbbf51f2b28d567756ef,15040,sao jose do rio preto,SP,11.98306712962963,21.31431712962963,0,40.93
cc6888dae9988bd99a2a190a7aa98431,4eb9eccb3b24a747f725dbee821a88b7,delivered,2018-04-05 16:30:55,2018-04-05 16:49:49,2018-04-07 00:46:41,2018-04-12 10:54:30,2018-04-26,99.99,16.67,1,1,116.66,2,1,5.0,1.0,15f755c9f45213070f1b781ed78ea55c,1151,sao paulo,SP,6.7663773148148145,20.311863425925925,0,116.66
e886c6890329e3b34b75f755974c4349,64553969cd28069b6e92d7a16f886e17,delivered,2018-04-05 16:33:16,2018-04-06 09:09:27,2018-04-10 20:33:14,2018-05-02 20:08:47,2018-04-30,35.9,16.32,1,1,52.22,1,1,1.0,1.0,42e4ef7368d5c83004251c9e1be8ac24,72865,novo gama,GO,27.14966435185185,24.31023148148148,1,52.22
db5ffcf21d69f57af9556fedec62a95a,35c5ad270bff076f7b5c235849efe96e,delivered,2018-04-05 16:40:03,2018-04-06 16:35:24,2018-04-10 00:28:40,2018-04-13 20:31:42,2018-04-27,39.8,20.77,1,1,60.57,3,1,5.0,1.0,c15eb9e87750a9ac060148011446ea74,4705,sao paulo,SP,8.160868055555556,21.305520833333333,0,60.56999999999999
67268ca1e8a89d4c08b6517a4de13994,606d6f66e1df8bdb3a58d9a1b3f2894d,delivered,2018-04-05 16:45:43,2018-04-05 17:09:37,2018-04-10 00:54:20,2018-04-13 19:36:39,2018-05-02,17.9,12.79,1,1,30.69,1,1,5.0,1.0,3999dd968ff424c2a706b887255f7ecd,2264,sao paulo,SP,8.118703703703703,26.301585648148148,0,30.689999999999998
c5af6636b619b643a3d6e954e3a5b5de,82ed43c22a65281176fbe534931ecca2,delivered,2018-04-05 16:47:19,2018-04-05 17:09:50,2018-04-07 01:19:13,2018-04-16 16:57:31,2018-04-23,68.0,21.56,1,1,89.56,2,1,5.0,1.0,f82521cbc5d8da54173bb8478c603a20,31615,belo horizonte,MG,11.007083333333334,17.300474537037037,0,89.56
35c59a35853cb88d8209641947d505d7,e9155190b15b9ba34f65a95131cbc7b6,delivered,2018-04-05 16:50:22,2018-04-05 17:09:50,2018-04-07 01:48:07,2018-04-24 23:23:00,2018-05-07,289.9,35.57,1,1,325.47,2,2,4.0,1.0,64af76ab0a3c046821554e75bb5420a3,85200,pitanga,PR,19.272662037037037,31.29835648148148,0,325.46999999999997
91d4539b388eaa6cdb58342954c42c5a,4ddb850103e6736b88bb8c5161b97dad,delivered,2018-04-05 16:52:50,2018-04-05 17:09:50,2018-04-07 01:28:40,2018-04-17 00:32:12,2018-04-27,69.9,16.18,1,1,86.08,1,1,5.0,1.0,8a09151eafa8c55d97a45c1b4800fbc1,13564,sao carlos,SP,11.31900462962963,21.29664351851852,0,86.08000000000001
5dff03e0fcebcf12872e1996a31c8bde,9bf40844c3ed592321649932a55aca42,delivered,2018-04-05 16:53:55,2018-04-07 02:50:28,2018-04-10 19:50:59,2018-04-13 21:05:34,2018-04-23,50.0,14.44,1,1,64.44,1,1,5.0,1.0,bf3b955822c15ca958ea813ab5ef3513,15850,urupes,SP,8.174756944444445,17.295891203703704,0,64.44
774906e7da9df9ff1e2a2aa1dda5034b,a40e5cc003cc20e1a2c61234844cde00,delivered,2018-04-05 16:56:18,2018-04-05 17:09:44,2018-04-07 00:32:50,2018-04-16 14:13:38,2018-04-24,168.0,16.03,1,1,184.03,10,1,5.0,1.0,08f1d113c77370a06fccb3fbb87cd89a,36305,sao joao del rei,MG,10.887037037037038,18.29423611111111,0,184.03
9d9866633100cc4ffb5fc63ee78fb52f,a19aaf0a448df405ce973d0eb03a8784,delivered,2018-04-05 16:56:38,2018-04-05 17:09:46,2018-04-06 17:42:39,2018-04-11 10:27:31,2018-04-17,47.0,7.39,1,1,54.39,1,1,5.0,1.0,b5476a88e2344c7cf9767cb2de3b74d5,8676,suzano,SP,5.729780092592593,11.29400462962963,0,54.39
0654d38aef9f16500a4d8f635dde87f9,ad16e4d1da8efe9f51626cc703441dab,delivered,2018-04-05 17:05:05,2018-04-05 17:29:47,2018-04-06 21:50:21,2018-04-09 20:42:38,2018-04-17,28.0,8.29,1,1,36.29,3,1,5.0,1.0,a170267b2c94d6784386cdf7c918e975,11320,sao vicente,SP,4.151076388888889,11.288136574074073,0,36.29
7b2c7245f98789589c0f17e37f43fe0d,c5667137b8de63b31942003b0979ae66,delivered,2018-04-05 17:06:44,2018-04-05 17:29:48,2018-04-07 01:08:45,2018-04-09 15:14:43,2018-04-17,35.9,7.39,1,1,43.29,2,1,5.0,1.0,d2a61ab2f7c4083abe655949780019ac,2378,sao paulo,SP,3.9222106481481482,11.286990740740741,0,43.29
a5b39819520d7e72a834f69462af01f9,51941e2c687d5e10b048f5364c5ba157,delivered,2018-04-05 17:22:21,2018-04-05 17:35:24,2018-04-07 01:42:42,2018-04-13 11:58:49,2018-04-20,39.0,7.39,1,1,46.39,1,1,5.0,1.0,6bd758d23e7363190c90efe439373aac,4857,sao paulo,SP,7.775324074074074,14.276145833333333,0,46.39
5977d8425a6b519d6711a0beeb5a98b2,8eda6cbc50b3167587a573a6a1242706,delivered,2018-04-05 17:25:17,2018-04-06 09:10:15,2018-04-12 23:58:27,2018-05-02 15:06:43,2018-05-02,35.99,18.23,1,1,54.22,1,1,1.0,1.0,423ddcb7c0603e732d87bcc5c87eab9c,75790,urutai,GO,26.903773148148147,26.274108796296296,1,54.22
5ca376cff085294d9b8a396d8c9834ea,4fece99243598d047490d4d4ce058897,delivered,2018-04-05 17:27:00,2018-04-05 17:35:31,2018-04-07 01:18:06,2018-04-09 16:05:43,2018-04-17,39.4,8.82,1,1,48.22,1,1,5.0,1.0,3f083a4f3e9bfc221ad593bb50f7e6d8,2112,sao paulo,SP,3.9435532407407408,11.272916666666667,0,48.22
98a7b32414a076898c3312acac6f80e0,9621ad3882c6b846b19f27afc86f7e37,delivered,2018-04-05 17:27:01,2018-04-05 17:35:29,2018-04-07 01:20:52,2018-04-08 15:38:21,2018-04-17,209.0,48.75,1,1,257.75,2,1,4.0,1.0,2912db6f8894dfa5aeea61325e2d5f08,2204,sao paulo,SP,2.924537037037037,11.272905092592593,0,257.75
40ab84a18db0770fecb8449fadf72276,9deae8e142f721b7896a2621515c85b9,delivered,2018-04-05 17:28:48,2018-04-05 17:50:31,2018-04-12 16:26:41,2018-04-19 23:21:13,2018-05-15,162.0,88.7,1,1,250.7,1,1,5.0,1.0,df35be9e0ff99010ae164dd4c5920dc6,71680,brasilia,DF,14.244733796296297,39.27166666666667,0,250.7
e2b9380fcb4f1f7e2a7d2d3c77666c7c,df5c29f85be81da0fc70651fe54704d1,delivered,2018-04-05 17:47:12,2018-04-06 03:28:27,2018-04-07 16:31:31,2018-04-11 01:21:26,2018-04-20,74.9,11.62,1,1,86.52,1,1,5.0,1.0,df216761559a67b7054a94dcad12d54a,5663,sao paulo,SP,5.315439814814815,14.258888888888889,0,86.52000000000001
3fa9021f55fa5af262cd4ffc427d834e,c9451d1226cf81d85fdddb4e608d00c5,delivered,2018-04-05 17:47:50,2018-04-05 18:11:55,2018-04-06 23:57:34,2018-04-12 01:32:38,2018-04-17,35.0,8.29,1,1,43.29,1,1,5.0,1.0,c36b3482105c80ba6f3b5ffddfa3c555,4463,sao paulo,SP,6.322777777777778,11.258449074074074,0,43.29
88236ec3283901ac03893885acd80574,b8aab5319687af47f93bba374f5e2f36,delivered,2018-04-05 17:52:18,2018-04-05 18:11:56,2018-04-07 01:27:43,2018-04-11 01:51:13,2018-04-26,56.5,13.43,1,1,69.93,1,1,5.0,1.0,9ee115cbebc7010b3e6810e46d0977ff,6890,sao lourenco da serra,SP,5.3325810185185185,20.255347222222223,0,69.93
dab943af31668b8e5576d94c49852c8b,8ee6c863082a2a2bc1d57415047b0283,delivered,2018-04-05 18:04:51,2018-04-05 18:49:32,2018-04-09 15:26:22,2018-04-10 16:19:34,2018-04-20,24.9,11.15,1,1,36.05,1,1,5.0,1.0,59bdd2e2ec6a898fc5dd212ae3808f9d,4064,sao paulo,SP,4.926886574074074,14.246631944444445,0,36.05
a9096f7f0b61e8a65ae29ece51a43d03,a796b27faff0efc05c414371a3f26d17,delivered,2018-04-05 18:11:24,2018-04-06 03:28:11,2018-04-07 01:42:39,2018-04-12 18:46:19,2018-05-02,94.9,13.78,1,1,108.68,1,1,5.0,1.0,bebfa17149f5fe83925c234adb1c95ba,12403,pindamonhangaba,SP,7.024247685185185,26.242083333333333,0,108.68
8ef4bed1022c0f48012b556559e43f06,6e9599527f2b3b47677de6623b1cd0e9,delivered,2018-04-05 18:13:07,2018-04-05 18:27:41,2018-04-07 01:16:40,2018-04-13 18:42:06,2018-04-30,181.01,19.15,1,1,200.16,2,1,1.0,1.0,200b9bf6af757bf40bf77067cb265bb3,84635,paulo frontin,PR,8.020127314814815,24.240891203703704,0,200.16
30b0387ec944061d4b677460b14309f0,b885371ff1e5310cbc46d0f3d1fbbc60,delivered,2018-04-05 18:20:39,2018-04-05 18:30:17,2018-04-11 15:42:41,2018-04-18 13:16:55,2018-05-04,35.0,15.23,1,1,50.23,2,1,5.0,1.0,7ac3e91ede8dfce385f63bb7f6967383,95840,triunfo,RS,12.789074074074074,28.235659722222223,0,50.230000000000004
ea0b8cf02caec741abbebc5ea0ab1558,909693b37744cd1c460c003868a288e9,delivered,2018-04-05 18:24:45,2018-04-05 18:35:17,2018-04-07 00:33:19,2018-04-19 23:34:44,2018-05-08,109.49,22.48,1,1,131.97,1,1,5.0,1.0,61c8836a2fd6506f1965368a0152fab3,36037,juiz de fora,MG,14.215266203703704,32.2328125,0,131.97
429c8e72bb984330b65c6050435242d1,f7991f9eb5f023c7c314de4987596618,delivered,2018-04-05 18:28:35,2018-04-05 18:49:30,2018-04-06 23:04:16,2018-04-18 21:27:48,2018-05-07,59.9,23.0,1,1,82.9,1,1,4.0,1.0,7bc513ad49cc1628da5766080afdb80e,85340,rio bonito do iguacu,PR,13.124456018518519,31.230150462962964,0,82.9
f9ca536e1ef897f153c183d72ba141bb,a9f353609242c268174ec433f45f8440,delivered,2018-04-05 18:34:49,2018-04-05 18:50:14,2018-04-07 00:58:32,2018-04-19 15:38:45,2018-04-26,209.42,37.22,2,1,246.64,5,1,1.0,1.0,d42b2752f04c8b661506333f88f70177,8710,mogi das cruzes,SP,13.877731481481481,20.225821759259258,0,246.64
8624ba83187b6280c6d8b7664a5f5607,ed28bfc3a8769a51f2b064265f86f364,delivered,2018-04-05 18:46:12,2018-04-05 19:09:27,2018-04-06 23:43:24,2018-04-20 16:12:28,2018-05-03,49.99,22.06,1,1,72.05,1,1,5.0,1.0,27967f0a8fbd06eeee18e922deaf0a21,48901,juazeiro,BA,14.89324074074074,27.217916666666667,0,72.05
af63cdbb7da9c3dad9a96da39e71d19c,b2f7f9472b10903cea928ec4ca8cf2ba,delivered,2018-04-05 18:49:21,2018-04-06 18:48:59,2018-04-10 22:51:33,2018-04-19 13:58:52,2018-05-02,20.3,18.23,1,1,38.53,3,1,3.0,1.0,4e53380894a2b91871cfb7da8ea88252,29148,cariacica,ES,13.798275462962962,26.215729166666666,0,38.53
281bcc5174ebdbddcfcdc68322ee9527,7120f37eddaf23118bf763914cf31fa6,delivered,2018-04-05 18:54:25,2018-04-05 19:09:31,2018-04-07 01:42:30,2018-04-18 19:05:59,2018-04-25,959.0,25.68,1,1,984.68,10,1,5.0,1.0,fbb92e8f9ab09c4308326e54402326ed,84025,ponta grossa,PR,13.008032407407407,19.212210648148147,0,984.68
84b1048a4e9d46efbb9e5a65c973cd11,2a9f8b956621aa122762ae3cc892aaf8,delivered,2018-04-05 18:57:58,2018-04-05 19:15:07,2018-04-09 21:14:28,2018-04-25 20:41:54,2018-05-17,119.99,22.55,1,1,142.54,7,1,5.0,1.0,be1a858fe94dbc3cb2ed6c8844a8b0cb,22775,rio de janeiro,RJ,20.072175925925926,41.20974537037037,0,142.54
7fb4c420f562c9688616031ba49bab84,df8b058faf864132d547af9104fed550,delivered,2018-04-05 18:59:17,2018-04-05 19:15:12,2018-04-06 23:28:38,2018-04-09 22:19:06,2018-04-20,109.9,12.67,1,1,122.57,2,1,4.0,1.0,22281fffb7e3bd0e2439cc5cdf080bdc,4384,sao paulo,SP,4.138761574074074,14.208831018518518,0,122.57000000000001
c6288a2ebaec7be15c86e33857a13533,b2989fe3a7b80cfcada834cba8c771e1,delivered,2018-04-05 19:05:13,2018-04-07 02:50:21,2018-04-10 21:19:14,2018-04-11 21:47:50,2018-04-20,125.02,12.21,1,1,137.23,1,1,4.0,1.0,da2a27ff533f2565125f74f7b062afee,9950,diadema,SP,6.11292824074074,14.204710648148149,0,137.23
441ea67107244e89c39b195d9837f13c,4821b2cbe033263dc2acf2746d26e4ea,delivered,2018-04-05 19:10:04,2018-04-05 19:29:46,2018-04-07 01:30:52,2018-04-11 18:56:42,2018-04-24,109.0,13.81,1,1,122.81,2,1,5.0,1.0,336d51881728b27be1a3bdf203f4d84d,2403,sao paulo,SP,5.990717592592593,18.201342592592592,0,122.81
6a86d97dc3bc979462a5acfe0e98fdcf,60d2ef638fdb1625f3f599fe416c3dd8,delivered,2018-04-05 19:10:13,2018-04-05 19:29:48,2018-04-06 21:21:26,2018-04-18 22:58:20,2018-04-27,28.0,22.06,1,1,50.06,2,1,4.0,1.0,b5977f9bdf907f172d1cda015b6df4cd,48900,juazeiro,BA,13.158414351851851,21.201238425925926,0,50.06
6430ecb0185bdb039eaa6b867f26a893,9aba659eafa32cba35f67ffc653584e1,delivered,2018-04-05 19:10:26,2018-04-05 19:29:42,2018-04-07 01:34:35,2018-04-19 00:28:28,2018-05-04,152.0,17.61,1,1,169.61,1,1,5.0,1.0,674e552503d21cd547fdd0de0bfb9be2,88523,lages,SC,13.220856481481482,28.201087962962962,0,169.61
4a51f8e9dff86ab803142a930f7866cc,9a51e2ee1ba066e4d20ffd20a5eb7bd8,delivered,2018-04-05 19:11:09,2018-04-05 19:29:44,2018-04-07 01:17:54,2018-04-18 00:32:01,2018-05-10,31.0,18.23,1,1,49.23,4,1,4.0,1.0,0333c10ff91a9c1aabc1d76f6ef19bcd,92310,canoas,RS,12.222824074074074,34.20059027777778,0,49.230000000000004
100d88397a04a3242753eba46891e7d4,0f092210b2b77d0766cb6f537321de78,delivered,2018-04-05 19:26:41,2018-04-05 19:48:55,2018-04-06 23:08:27,2018-04-13 23:40:38,2018-04-27,64.9,19.51,1,1,84.41,7,1,5.0,1.0,ad9e05ae9d8d710caaaefaf45cea63fe,33200,vespasiano,MG,8.176354166666666,21.18980324074074,0,84.41000000000001
3e470077b690ea3e3d501cffb5e0c499,4a913a170c26e3c8052ed0202849b5a8,delivered,2018-04-05 19:33:16,2018-04-05 19:48:59,2018-04-07 00:38:52,2018-04-07 16:12:43,2018-04-19,154.0,12.98,1,1,166.98,8,1,4.0,1.0,0004bd2a26a76fe21f786e4fbd80607f,5036,sao paulo,SP,1.8607291666666668,13.185231481481482,0,166.98
e79e9586e0286172870edc4c3f428966,f27266fe6e92b04127153535e6234636,delivered,2018-04-05 19:38:13,2018-04-05 19:50:18,2018-04-06 22:56:36,2018-04-18 22:51:30,2018-05-04,169.99,33.78,1,1,203.77,4,1,5.0,1.0,b4b7d5423b305f1f12a55eba32b39e10,26600,paracambi,RJ,13.134224537037037,28.18179398148148,0,203.77
7b5073d707fbc74f030710dbbd069ef8,c50a983bbba0fa121f0c93886dcd5915,delivered,2018-04-05 19:49:50,2018-04-05 20:08:56,2018-04-06 23:48:28,2018-04-12 00:52:09,2018-04-30,139.4,41.74,1,1,181.14,10,1,3.0,1.0,334431d3637e7e0c6d7c2596c8c25f55,25740,petropolis,RJ,6.2099421296296295,24.173726851851853,0,181.14000000000001
a1d4c96bf57bd062f427fb7e9096b90f,a7d24ee76f1c2a468b7997a78056b63e,delivered,2018-04-05 19:52:14,2018-04-07 02:50:26,2018-04-11 18:42:47,2018-04-17 15:24:45,2018-04-25,34.2,11.89,1,1,46.09,1,1,5.0,1.0,57af8d8890389c5ac94e4cc401b0e730,9668,sao bernardo do campo,SP,11.814247685185185,19.172060185185185,0,46.09
ef2bf4a6c31539b683224ca3ac767cad,673464437daac6d5e5da94bcc150fe05,delivered,2018-04-05 19:55:13,2018-04-05 20:08:59,2018-04-07 01:16:57,2018-04-13 18:41:49,2018-04-18,209.9,13.37,1,1,223.27,3,1,5.0,1.0,f6542636382c8f4bd8da606e1c3278e9,4207,sao paulo,SP,7.949027777777777,12.169988425925926,0,223.27
d495dd3f39ec305acc17bcb39712f772,a6e8240939fddfd24161a340c6589aaf,delivered,2018-04-05 19:58:04,2018-04-05 20:10:23,2018-04-10 01:05:55,2018-04-18 17:12:33,2018-05-02,53.04,18.25,1,1,71.29,1,1,5.0,1.0,01ac1e0b4421bb9946e56692e21226f0,24120,niteroi,RJ,12.885057870370371,26.16800925925926,0,71.28999999999999
a0a2b9cdb28eba192410c480bdacc4fb,8ce461860e68eaf6e71c27fe009faac2,delivered,2018-04-05 20:11:00,2018-04-05 20:29:10,2018-04-06 23:41:57,2018-04-11 00:47:29,2018-04-17,249.9,8.61,1,1,258.51,8,1,5.0,1.0,91eaacadda50718aa3550d0df29deba3,12229,sao jose dos campos,SP,5.192002314814815,11.159027777777778,0,258.51
6c3416485c9a6bcd0118e636c4083591,70a9efc5396b189e1992166fbe612bde,delivered,2018-04-05 20:12:22,2018-04-06 22:49:06,2018-04-09 19:32:38,2018-04-11 13:10:35,2018-04-23,699.0,17.33,1,1,716.33,10,1,5.0,1.0,8e0d0019261180d267d0c3375b22d358,19015,presidente prudente,SP,5.7070949074074075,17.158078703703705,0,716.33
f14a4d4319ffc65a920a962e0532907d,cbd8e50ddd632c2457b5b6340498e211,delivered,2018-04-05 20:15:38,2018-04-05 20:29:13,2018-04-07 01:14:38,2018-04-14 18:05:07,2018-04-30,48.95,19.32,1,1,68.27,1,1,4.0,1.0,7adc15c4b9311265f52ff75519301a23,27937,macae,RJ,8.909363425925926,24.155810185185185,0,68.27000000000001
63c0c13581a5bb9483b698f6bda9fce2,429fca1f0c86d8e8e7974c121da7ae32,delivered,2018-04-05 20:17:12,2018-04-05 20:30:20,2018-04-06 23:48:26,2018-04-09 22:28:21,2018-04-19,116.0,7.68,1,1,123.68,1,1,5.0,1.0,479263557713245b05e6e0117ccdfd03,4249,sao paulo,SP,4.091076388888889,13.154722222222222,0,123.68
655a211f1ef56bbadaf6f8622bedbfff,b439bb683cdd9fc9d186580be712d83e,delivered,2018-04-05 20:17:13,2018-04-05 20:30:20,2018-04-07 01:33:02,2018-04-12 19:26:42,2018-04-27,115.9,13.25,1,1,129.15,3,1,5.0,1.0,f288d458425986ef2a58327fc0c6ae4c,9450,rio grande da serra,SP,6.964918981481482,21.154710648148146,0,129.15
433f891300dbfa0fc315c833c1e3692e,a4c8ce67568b530300e2dfdeef3260cf,delivered,2018-04-05 20:17:23,2018-04-05 20:30:17,2018-04-07 01:21:29,2018-04-16 15:42:32,2018-05-02,54.9,33.92,1,1,88.82,8,1,5.0,1.0,b1c648fc608b964c717fca0e8466aa3b,25635,petropolis,RJ,10.809131944444445,26.154594907407407,0,88.82
d87c46e5d841c98f8f7c42a5069f6e0c,e5ecf0fd57d412d1dc41e13b2816c3f7,delivered,2018-04-05 20:22:45,2018-04-05 20:35:24,2018-04-06 23:14:42,2018-05-03 17:38:45,2018-05-09,295.0,23.78,1,1,318.78,8,1,4.0,1.0,e285b9016082ff27bf6cf81ec6eff03b,48602,paulo afonso,BA,27.886111111111113,33.150868055555556,0,318.78
b9a7b23fbd0e02128fe7dd7a9dc7b486,6be91fa4a22985411cf40a3a7cf45a2b,delivered,2018-04-05 20:23:53,2018-04-06 10:50:22,2018-04-07 01:42:36,2018-04-12 19:38:44,2018-04-23,19.9,15.23,1,1,35.13,1,1,5.0,1.0,f6ddfb3bf894bb01f499dacb93b7e4b9,31565,belo horizonte,MG,6.968645833333333,17.15008101851852,0,35.129999999999995
dee8d1d83278b2ec6e50c6472cd24c81,baa484e36b520c9d8931adc896ebc1c8,delivered,2018-04-05 20:25:28,2018-04-05 20:35:21,2018-04-09 15:52:10,2018-04-17 16:32:44,2018-04-30,32.0,19.32,1,1,51.32,2,1,3.0,1.0,bebbf19a7d698ce4a16658783379550a,14790,guaira,SP,11.83837962962963,24.14898148148148,0,51.32
16ad7f24fbb116513e75c705b17e3227,d330b8e10abeb519d7711441f327c95f,delivered,2018-04-05 20:32:06,2018-04-06 23:48:56,2018-04-09 22:51:00,2018-04-17 14:48:44,2018-04-26,149.9,23.63,1,1,173.53,3,1,5.0,1.0,50a30bf4d70f512aa417c3fff15b4b94,35519,nova serrana,MG,11.761550925925926,20.144375,0,173.53
9c6203a8eacf4ccb437c800c9629f792,b0c70716ff17136d17c12881d303c543,delivered,2018-04-05 20:32:14,2018-04-06 15:30:07,2018-04-10 00:20:59,2018-04-18 15:34:54,2018-04-26,47.9,18.23,1,1,66.13,1,1,5.0,1.0,5c2ba72aedbc39973447c2264dba934d,89230,joinville,SC,12.79351851851852,20.144282407407406,0,66.13
f6bceb62b35d3e5335db07a36336bd6b,76ce8c1a4d84a87debbd58947bcfe8b5,delivered,2018-04-05 20:33:18,2018-04-05 20:48:54,2018-04-07 01:34:32,2018-04-20 17:56:44,2018-05-03,19.9,18.23,1,1,38.13,1,1,5.0,1.0,bc3145577833db172e369881fca78cf2,39935,santo antonio do jacinto,MG,14.891273148148148,27.143541666666668,0,38.129999999999995
9abfc84ef4c9b890984bba7039a634b3,1106c98e3e238c15a37f86586c61effa,delivered,2018-04-05 20:37:14,2018-04-06 03:10:33,2018-04-07 01:32:05,2018-04-16 16:17:53,2018-04-30,89.9,15.51,1,1,105.41,1,1,5.0,1.0,5dc7a67e8f67e4a66f8e3ef6a0568997,24451,sao goncalo,RJ,10.819895833333334,24.140810185185185,0,105.41000000000001
cddea1bd1a4801af96fb84aab51b00fa,92edd14dcd6f01f12fd2796ef22c2cca,delivered,2018-04-05 20:42:57,2018-04-05 21:49:16,2018-04-07 01:16:27,2018-04-19 00:34:41,2018-05-03,69.98,36.46,2,1,106.44,2,1,5.0,1.0,aee0c940f4ab71541887ec8e366b1e4c,88106,sao jose,SC,13.160925925925927,27.13684027777778,0,106.44
e65454e1b3cf3efc00f09c7508245f4c,1a6a3799a5f4a04b52919d8a8a79ef5b,delivered,2018-04-05 20:58:59,2018-04-05 21:10:13,2018-04-07 01:21:23,2018-04-17 15:52:37,2018-04-27,86.5,23.19,1,1,109.69,6,1,5.0,1.0,1994064178d63c1a9405f120aa0da3f0,8270,sao paulo,SP,11.787245370370371,21.125706018518517,0,109.69
16335761ea48f493e1fb30770e982a36,4b6484fa6c4406d63dca39c2f421d2b4,delivered,2018-04-05 20:59:20,2018-04-05 21:10:15,2018-04-07 01:19:37,2018-04-19 00:43:34,2018-04-27,62.0,15.31,1,1,77.31,1,1,5.0,1.0,b087812101562e36a7b1c11c1540c3bd,32143,contagem,MG,13.155717592592593,21.125462962962963,0,77.31
6c90fc612a10cf8c7c74570e1db07aa0,8c3c65fe9b99f72cf45b51959a335c0e,delivered,2018-04-05 21:00:26,2018-04-06 09:09:20,2018-04-07 01:26:24,2018-04-11 18:02:36,2018-04-23,524.9,17.76,1,1,542.66,10,1,5.0,1.0,465f1e1202e361c430bfd33b4f8e9dc4,4086,sao paulo,SP,5.87650462962963,17.124699074074073,0,542.66
80e8a0b7128272e407375016c1fe666d,f3dc55ecb71ebe4066a6efc57c6593b3,delivered,2018-04-05 21:00:26,2018-04-05 21:15:11,2018-04-07 01:11:24,2018-04-14 17:48:45,2018-04-23,199.0,13.83,1,1,212.83,8,1,5.0,1.0,e50f2d7844c4b32abba3df02aaae0952,6535,santana de parnaiba,SP,8.866886574074075,17.124699074074073,0,212.83
865301eccebb37c03ad8ccd1cb994b2b,4db9c8ed57db4664fd99ae1e2b941fa5,delivered,2018-04-05 21:00:31,2018-04-07 02:48:15,2018-04-10 00:12:54,2018-04-18 15:06:52,2018-04-26,19.9,12.79,1,1,32.69,1,1,5.0,1.0,542737469da7f46efac464a38cc7e3c2,13890,aguas da prata,SP,12.754409722222222,20.124641203703703,0,32.69
544a728e60ca6b18d9ed5fa2c87d223d,b1fc82d6dc640f992f317c0aa3c250af,delivered,2018-04-05 21:06:15,2018-04-05 21:29:06,2018-04-06 23:32:18,2018-04-12 15:58:45,2018-05-03,99.99,23.28,1,1,123.27,2,1,4.0,1.0,35b98c204a7bc2b6a391a7c64ba2e7de,35450,itabirito,MG,6.786458333333333,27.12065972222222,0,123.27
a31b5cba0164acdc91b6196825128128,b209a1643829776c9340b2fab705c225,delivered,2018-04-05 21:09:23,2018-04-05 21:29:06,2018-04-06 23:06:45,2018-04-18 22:54:30,2018-04-30,55.9,17.97,1,1,73.87,7,1,5.0,1.0,7faff2e2df2eb442e0a8bc56327d614c,93800,sapiranga,RS,13.072997685185186,24.118483796296296,0,73.87
73462226b9dad0fb514e39b1ee832193,b08b08ece04745a6e719ac71e09d89fd,delivered,2018-04-05 21:17:14,2018-04-05 21:30:19,2018-04-07 01:32:24,2018-04-10 18:44:38,2018-04-23,215.0,13.41,1,1,228.41,2,1,5.0,1.0,a12b71e8ccb7848c59505ae3822b8a98,6814,embu das artes,SP,4.894027777777778,17.113032407407406,0,228.41
ac7969ba0d14152429d747a51407abe4,827527fc23866f028badc583e4778cf5,delivered,2018-04-05 21:17:29,2018-04-05 21:30:21,2018-04-11 22:03:06,2018-04-13 14:02:35,2018-04-20,503.34,24.45,1,1,527.79,8,1,3.0,1.0,ebb09674869ef06bcb4bdd0bb0339398,11472,guaruja,SP,7.697986111111111,14.112858796296296,0,527.79
4f08325d27e2eb6a5a4c5f4f94e59e07,18d365afa5ec0607a357339d11388671,delivered,2018-04-05 21:18:26,2018-04-05 21:30:17,2018-04-06 19:41:26,2018-04-10 19:12:04,2018-04-20,25.5,7.87,1,1,33.37,1,1,5.0,1.0,06d26e5230ac619719997a8cf435a69b,13276,valinhos,SP,4.91224537037037,14.112199074074073,0,33.37
711b57e81077f7af630de5367804f606,a025145a8a291796e40f137c8fc3178a,delivered,2018-04-05 21:21:44,2018-04-05 21:30:18,2018-04-07 01:03:25,2018-04-11 18:25:41,2018-04-23,164.0,13.59,1,1,177.59,1,1,5.0,1.0,fc21aac338af3c81b22cc5fd0e9c4831,19801,assis,SP,5.877743055555555,17.10990740740741,0,177.59
0bf738ff836108e7a308061b6d77342d,e5d04a29bc0d884192af129acb7199ea,delivered,2018-04-05 21:32:36,2018-04-05 21:49:09,2018-04-07 00:51:24,2018-04-13 19:03:17,2018-04-30,47.9,16.32,1,1,64.22,2,1,4.0,1.0,28676fd63ebb086ed1dfb24785877302,93700,campo bom,RS,7.896307870370371,24.10236111111111,0,64.22
e46fb51d8715ef0a91c9e18e9d6f2470,938c90091f4f87dcd079af568de52375,delivered,2018-04-05 21:33:03,2018-04-05 21:49:08,2018-04-06 23:32:46,2018-04-20 23:08:50,2018-05-07,75.0,21.61,1,1,96.61,1,1,5.0,1.0,1b87dfc6e656fb041251bb5d271ca9a2,93224,sapucaia do sul,RS,15.066516203703705,31.102048611111112,0,96.61
61b5e6d846c13e8107ec0d264d5abdf1,af76edabdbf253fecbc78beafb220e79,delivered,2018-04-05 21:40:34,2018-04-05 21:55:13,2018-04-10 17:09:44,2018-04-16 23:36:36,2018-04-27,99.0,12.85,1,1,111.85,1,1,3.0,1.0,08d2b18f8862714c1dfc52561a8dae27,5183,sao paulo,SP,11.080578703703704,21.096828703703704,0,111.85
2fc4990b9de2806b1e361d39937c113c,8c9bfe4267c768c965a7a3770b06899b,delivered,2018-04-05 21:41:17,2018-04-05 21:55:15,2018-04-07 01:26:33,2018-04-12 19:23:43,2018-04-26,14.9,18.23,1,1,33.13,1,1,5.0,1.0,3e106ca9900549d3fe143694d984da50,4674,sao paulo,SP,6.904467592592592,20.09633101851852,0,33.13
51c86c4487b86a4e4cb8eeec8618de9c,273cba7d43266b9fb2737824de113e43,delivered,2018-04-05 21:43:44,2018-04-05 21:55:13,2018-04-07 00:32:39,2018-04-25 13:21:59,2018-05-03,90.0,44.12,2,1,134.12,1,1,4.0,1.0,5895fc50ddbefe47f969acd6a51e6b64,38600,paracatu,MG,19.6515625,27.09462962962963,0,134.12
927ace45edbc6f486fa5656683aa791d,9d152916f0320da486a98c2231599a4d,delivered,2018-04-05 21:50:13,2018-04-06 21:49:20,2018-04-10 20:49:28,2018-04-27 10:48:55,2018-04-26,79.9,26.64,1,1,106.54,8,1,1.0,1.0,739569d155392a052c876b8f60a6ee41,30840,belo horizonte,MG,21.54076388888889,20.090127314814815,1,106.54
