order_id,customer_id,order_status,order_purchase_timestamp,order_approved_at,order_delivered_carrier_date,order_delivered_customer_date,order_estimated_delivery_date,gross_merchandise_value,freight_value,item_count,seller_count,payment_value,payment_installments,payment_types,review_score,review_count,customer_unique_id,customer_zip_code_prefix,customer_city,customer_state,actual_delivery_days,promised_delivery_days,is_late,net_revenue
8e99a2cfed539d7ef02eabb5551d98d2,744f333d22ebaf5a201e17ec6a799309,delivered,2017-12-01 00:01:14,2017-12-01 10:31:06,2017-12-02 01:33:55,2017-12-12 17:18:57,2017-12-29,106.9,16.19,1,1,123.09,2,1,4.0,1.0,c9a979c8f93f719d42714fd0649b0bf2,40080,salvador,BA,11.720636574074074,27.99914351851852,0,123.09
e7df3fcd195fafd25a46f580fc96c9f3,38b9cf892706e93eddf8ec8265869722,delivered,2017-12-01 00:05:35,2017-12-01 10:31:12,2017-12-01 19:27:01,2017-12-12 20:15:17,2018-01-04,14.99,15.1,1,1,30.09,3,1,5.0,1.0,90f718695747b51939085c20ef742241,84140,porto amazonas,PR,11.840069444444444,33.996122685185185,0,30.09
33f45d9ef97405c50d2f7c3072bb063e,c058300229eabe9a229b24240bb3d934,delivered,2017-12-01 00:05:39,2017-12-01 10:31:10,2017-12-01 23:42:07,2017-12-18 14:12:38,2018-01-03,47.9,15.1,1,1,63.0,3,1,1.0,1.0,798df450279c57bc9f7a612ded13695e,35570,formiga,MG,17.58818287037037,32.99607638888889,0,63.0
77e63cacbf44d28c73e6ad56e430f477,b95f89c4a889213640af2f83af3220c3,delivered,2017-12-01 00:13:14,2017-12-01 10:31:08,2017-12-01 20:07:02,2017-12-17 13:09:02,2018-01-02,59.9,18.96,1,1,78.86,1,1,3.0,1.0,1f9c999a258e902ad91126ccfce5242f,29114,vila velha,ES,16.53875,31.990810185185186,0,78.86
7f2765cc6719de94716ce2c081b27f02,cba467dc4bb88078e1af5f847b89174f,delivered,2017-12-01 00:17:43,2017-12-01 10:31:08,2017-12-05 01:33:59,2017-12-07 20:33:43,2017-12-26,174.9,20.1,1,1,195.0,5,1,4.0,1.0,0b71e6282e1f0bb4b4b46d4fd012c100,13076,campinas,SP,6.844444444444444,24.987696759259258,0,195.0
bb3463b1de5e29d8d574a1e422777763,f9083a610cc0600871bc80e53dd586ee,delivered,2017-12-01 01:39:25,2017-12-01 10:31:06,2017-12-04 13:37:34,2017-12-09 19:44:54,2017-12-20,299.99,11.11,1,1,311.1,5,1,1.0,1.0,b45fea9f2c0bb83348c7fc3d17bf7639,24456,sao goncalo,RJ,8.75380787037037,18.930960648148147,0,311.1
0f0add4f85838c9195ce0ce66cceff8a,1e43e8b919aefb09fc5004e3b46a14ef,delivered,2017-12-01 01:39:26,2017-12-01 10:31:10,2017-12-01 18:42:53,2017-12-07 21:32:24,2017-12-28,1400.0,25.56,1,1,1425.56,8,1,5.0,1.0,24e998dbc3458fe7b77b370e6d10ba57,14076,ribeirao preto,SP,6.828449074074074,26.930949074074075,0,1425.56
83f4ef880ab532703def37dd9c0e7348,ac5d0349ba5fbcd6936ada5ac444dd90,delivered,2017-12-01 01:39:58,2017-12-02 02:51:13,2017-12-04 22:03:42,2017-12-14 17:07:25,2018-01-05,56.99,15.15,1,1,72.14,1,1,5.0,1.0,64318e7cf2812fe20d69128528d52f5b,83880,rio negro,PR,13.6440625,34.9305787037037,0,72.14
1e569d6eaaa4dee08f4b054b65f97134,f82e86f678897969ded42dbab137c31f,delivered,2017-12-01 01:40:55,2017-12-01 10:30:54,2017-12-01 18:38:33,2017-12-05 16:49:19,2017-12-19,88.9,9.44,1,1,98.34,1,1,5.0,1.0,1623bb8272e54fa0a9eb93aa4895adbd,12237,sao jose dos campos,SP,4.630833333333333,17.92991898148148,0,98.34
5fab005ced5596f6f711ea0b99d77100,d6e96f83633589d4a7dd877c2bea57e8,delivered,2017-12-01 01:41:20,2017-12-01 10:31:06,2017-12-01 18:03:35,2017-12-11 12:38:11,2017-12-26,39.9,12.69,1,1,52.59,5,1,5.0,1.0,cb1773ccb80012b3cbe87a1eb8c17428,15950,santa adelia,SP,10.456145833333334,24.92962962962963,0,52.589999999999996
8f72b04d200c6c098df28f20abe1d4ce,fbbdec535f37e396e4495ff3b139ad3e,delivered,2017-12-01 01:42:19,2017-12-02 02:37:07,2017-12-04 21:44:32,2017-12-07 02:34:47,2017-12-26,67.9,11.98,1,1,79.88,1,1,4.0,1.0,b10199c01d6933cb94c126e0ade1b158,11612,sao sebastiao,SP,6.036435185185185,24.928946759259258,0,79.88000000000001
7b74647ef95b9578401bd8a4f723b301,43ae0f58c3e63919119fa948c2efee95,delivered,2017-12-01 01:42:46,2017-12-02 02:37:19,2017-12-04 19:48:32,2018-01-05 19:27:54,2017-12-29,112.0,33.17,1,1,145.17,1,1,4.0,1.0,b703d83e085a6a8b339dc548f4878ca8,25070,duque de caxias,RJ,35.73967592592592,27.92863425925926,1,145.17000000000002
0bdb173bda4bf7e4109fe707c309252a,35e78cde5b0035c5619904e902c385d7,delivered,2017-12-01 01:54:12,2017-12-01 10:31:10,2017-12-04 16:03:09,2017-12-09 15:32:40,2017-12-28,114.9,18.05,1,1,132.95,10,1,5.0,1.0,a419dd7dfd2ca5800069304fde68e3b9,96216,rio grande,RS,8.56837962962963,26.920694444444443,0,132.95000000000002
1af8d93c6e62a97baeb370a572abe758,d82eb09949dcb81a38a4b87cb80d45e7,delivered,2017-12-01 03:16:52,2017-12-02 02:38:31,2017-12-04 16:41:43,2017-12-11 18:54:47,2017-12-29,50.0,15.17,1,1,65.17,1,1,5.0,1.0,4c83ee458fa2f463b069ecce3d74fb1e,13650,santa cruz das palmeiras,SP,10.651331018518519,27.863287037037036,0,65.17
e024c4b9445d223aaf705871900bf5e1,213e3a3c9ce30d4d0d2965e45b656e5a,delivered,2017-12-01 04:19:27,2017-12-01 11:31:58,2017-12-05 10:49:09,2017-12-11 21:27:00,2017-12-26,119.3,26.88,2,1,146.18,2,1,4.0,1.0,00dba3af1366ca8114a40bc83021f5e9,3589,sao paulo,SP,10.713576388888889,24.819826388888888,0,146.18
807cabbf50cda6f87625bd1c61a6977c,5b7f46966e6e8992e9f9b0bb973ecc3d,delivered,2017-12-01 06:27:58,2017-12-02 02:52:11,2017-12-04 22:12:49,2017-12-19 22:13:45,2018-01-04,29.99,15.79,1,1,45.78,1,1,3.0,1.0,3ca67cf83218dedd76e9f900261e3b27,93290,esteio,RS,18.65679398148148,33.730578703703706,0,45.78
b55194d272b7e65501f2d19906f38060,271ce99781ce163e49fba6e260a1d27d,delivered,2017-12-01 06:57:04,2017-12-01 11:31:11,2017-12-04 16:25:31,2017-12-12 16:24:59,2017-12-28,109.9,18.02,1,1,127.92,5,1,5.0,1.0,9a1b0b7614967e0ed49dce75c4a285f2,95082,caxias do sul,RS,11.394386574074074,26.71037037037037,0,127.92
f049e19134a95d09c806851a5ea1872e,cb1b31ec399f6183dee790a4c349e712,delivered,2017-12-01 07:15:07,2017-12-01 11:32:19,2017-12-06 23:17:44,2017-12-14 15:08:57,2017-12-26,19.9,11.85,1,1,31.75,1,1,5.0,1.0,2fe074ea3cc24b8fd57d29effc995f8b,1409,sao paulo,SP,13.329050925925927,24.69783564814815,0,31.75
64d530ee7914438bb094a16e225c7cad,44f0975dbd512eaa8cabc7cd12b8e99f,delivered,2017-12-01 07:45:42,2017-12-01 11:31:23,2017-12-06 01:33:53,2017-12-22 00:38:58,2017-12-29,139.0,19.21,1,1,158.21,1,1,5.0,1.0,0a1900255aeff59cad6626afe47f1997,31910,belo horizonte,MG,20.70365740740741,27.676597222222224,0,158.21
a396a3ced410ba6d02ebb907e5c34530,fcc915c201f58b20e92faf7fad1d9c35,delivered,2017-12-01 08:04:37,2017-12-02 02:51:15,2017-12-05 01:25:46,2017-12-28 17:04:01,2017-12-28,87.98,32.22,2,1,120.2,1,1,5.0,1.0,77d730851ce35e9b3f2cc1f8b92b03c9,79052,campo grande,MS,27.374583333333334,26.66346064814815,1,120.2
ea4bb4fa30c5a1548498436f448383af,ffdb7e488ea7c83b9c1258ee2d3776fa,delivered,2017-12-01 08:10:47,2017-12-02 02:51:33,2017-12-04 20:25:17,2017-12-11 14:18:44,2017-12-29,69.99,15.24,1,1,85.23,1,1,5.0,1.0,271df0a7b98c752f9717a693bb33cafd,39680,capelinha,MG,10.255520833333334,27.65917824074074,0,85.22999999999999
62a6791b270d5f309cfe9671c0eca61a,42a3b267e4578c806e2f47fd25818af5,delivered,2017-12-01 08:13:46,2017-12-05 04:12:04,2017-12-06 19:43:33,2017-12-18 21:24:56,2018-01-04,19.9,16.79,1,1,36.69,1,1,4.0,1.0,f832d8f651b17291aa60556ebdbaea2d,38700,patos de minas,MG,17.549421296296295,33.657106481481485,0,36.69
e52d6fd1fb812c9f263fd19fddb957d9,ce6c5a902bad9cb9b8675a9fccacff09,delivered,2017-12-01 08:36:14,2017-12-01 11:30:56,2017-12-05 00:55:33,2017-12-11 11:19:38,2017-12-26,120.0,50.76,4,1,170.76,2,1,4.0,1.0,3b3a25d327343af47148701d883ab92e,17600,tupa,SP,10.113472222222223,24.64150462962963,0,170.76
7319bf0ded2ef22e7388002ce157a95a,2503901fe01cbd9dd73dd74547249c0c,delivered,2017-12-01 08:38:26,2017-12-01 11:31:11,2017-12-04 23:26:36,2017-12-08 15:34:07,2017-12-29,99.9,21.19,1,1,121.09,5,1,5.0,1.0,366099d1fc91479a59fa878693b55efc,88570,sao jose do cerrito,SC,7.288668981481481,27.639976851851852,0,121.09
dac20199c3b53e630f19bf3dc1744bba,03326ac6bdb11c844b82c85df77525cb,delivered,2017-12-01 08:41:02,2017-12-01 11:31:23,2017-12-05 22:56:55,2018-01-12 20:59:18,2018-01-08,59.99,21.22,1,1,81.21,1,1,3.0,1.0,0783cb00028b2271dca70a603e36a447,59575,extremoz,RN,42.512685185185184,37.6381712962963,1,81.21000000000001
b8e050c168370eed245ccf612471a597,698b389bc24dc5e637e772a2b4ebab67,delivered,2017-12-01 08:43:40,2017-12-01 11:32:04,2017-12-04 15:49:02,2017-12-12 23:14:53,2017-12-26,219.9,14.56,1,1,234.46,8,1,3.0,1.0,c39cba687c7732b71518a21ecc2cb4b2,17602,tupa,SP,11.605011574074075,24.63634259259259,0,234.46
cdaa3fb8ca6c3e104eb00fe8a33c88f6,8929d4982f67133e36841637ee6f354f,delivered,2017-12-01 08:44:58,2017-12-01 11:31:24,2017-12-04 15:29:08,2018-01-03 20:12:54,2018-01-05,23.7,16.79,1,1,40.49,1,1,5.0,1.0,27808c110b4a1fe559638bf911ff227d,78300,tangara da serra,MT,33.477731481481484,34.635439814814816,0,40.489999999999995
e62ce4c0697f4df07743beb01dae7ded,c789c5f1b9a116410c3777832c5cf2c3,delivered,2017-12-01 08:46:08,2017-12-01 11:30:56,2017-12-01 18:27:33,2017-12-06 16:43:51,2017-12-26,19.6,11.85,1,1,31.45,2,1,5.0,1.0,97f45d4f9959f08764ea7bcda122e8c3,14850,pradopolis,SP,5.331747685185185,24.63462962962963,0,31.450000000000003
213014b043512462e21606eccb1a4aae,e5db9d4fb808c1d1a656dec250ca61ac,delivered,2017-12-01 08:49:02,2017-12-01 11:31:59,2017-12-01 21:32:14,2017-12-03 16:12:30,2017-12-19,119.69999999999999,23.34,3,1,143.04,3,1,3.0,1.0,9a2054a51cf807e1fa4bee356f28a9c6,5639,sao paulo,SP,2.307962962962963,17.63261574074074,0,143.04
99c9fec8ab028336e605f216e55337e6,1795d4e196e92788373519059c0e6897,delivered,2017-12-01 09:05:03,2017-12-01 11:30:58,2017-12-05 03:06:31,2017-12-18 18:35:16,2018-01-04,49.9,15.1,1,1,65.0,1,1,5.0,1.0,833aa52735ad47163e479b4684b0f82e,80730,curitiba,PR,17.395983796296296,33.621493055555554,0,65.0
d28e453f6e9b4d972a755ee769b9835b,fa32c1473ae2c3cfaa1ce469ef60173c,delivered,2017-12-01 09:06:21,2017-12-02 02:38:33,2017-12-04 21:23:03,2017-12-05 19:51:58,2017-12-19,239.99,10.49,1,1,250.48,1,1,5.0,1.0,384d030cbc406cbce07e8427aa07b88a,18075,sorocaba,SP,4.4483449074074075,17.62059027777778,0,250.48000000000002
ad407659bb666af1f681e7ffa1f9e6aa,4c422f5f0c32753d20228e9a09b6b6c8,delivered,2017-12-01 09:07:15,2017-12-01 11:31:12,2017-12-01 18:04:54,2017-12-18 16:22:07,2018-01-04,99.0,77.98,1,1,176.98,6,1,5.0,1.0,4a1e99ce3e140ac9dee0339d1712b7db,41612,salvador,BA,17.30199074074074,33.61996527777778,0,176.98000000000002
039681a3b797611f717a3232e87f60ef,b7bc51bbad15f6c8242cb08a9dceeb15,delivered,2017-12-01 09:10:28,2017-12-01 11:31:08,2017-12-01 17:48:57,2017-12-13 14:47:35,2017-12-28,66.5,18.71,1,1,85.21,8,1,5.0,1.0,745c617eae511cb90924075d841e7b95,79110,campo grande,MS,12.234108796296296,26.61773148148148,0,85.21000000000001
b9cbf1e1ae5d599ed61a06f92b1eabe6,dc24f2e844bc7b9779235188779f70e8,delivered,2017-12-01 09:10:28,2017-12-01 11:31:59,2017-12-01 19:36:42,2017-12-04 20:00:07,2017-12-19,56.0,7.78,1,1,63.78,3,1,5.0,1.0,5caed5b69635770ef574067e85255c52,9540,sao caetano do sul,SP,3.4511458333333334,17.61773148148148,0,63.78
23ac58266e694557a7c7da266ed6c316,ba1dd8870e56a890d5a6e8a6becbe311,delivered,2017-12-01 09:10:30,2017-12-01 11:31:42,2017-12-01 22:47:56,2017-12-11 22:59:05,2017-12-29,45.99,15.1,1,1,61.09,1,1,5.0,1.0,06ac67aef7797f7d7bca9a777136b752,37300,andrelandia,MG,10.575405092592593,27.617708333333333,0,61.09
1595ad12e30eb87fdcd5fc501f7f93e9,234e69a1ac608aade19020f5750b3b85,delivered,2017-12-01 09:20:34,2017-12-01 11:31:59,2017-12-04 21:19:05,2017-12-06 17:57:39,2017-12-19,122.99,9.06,1,1,132.05,6,1,5.0,1.0,1a2064ab78800fa8e19c46e40942cc0c,5337,sao paulo,SP,5.359085648148148,17.610717592592593,0,132.04999999999998
2d7d78a1457c3765a5ee5dcae46046fd,cfa7b404a200ed9ca8df16515b5ac0b6,delivered,2017-12-01 09:21:34,2017-12-01 11:30:56,2017-12-02 12:22:32,2017-12-07 16:59:11,2017-12-27,243.89,14.05,1,1,257.94,1,1,3.0,1.0,c450d45f5d533d91e3dd695b08b55a36,17514,marilia,SP,6.317789351851852,25.610023148148148,0,257.94
99fa6518deac14b2890b49d1645d64be,c495ae8dfa83b158b111fc7b8304f032,delivered,2017-12-01 09:21:49,2017-12-01 11:31:59,2017-12-04 20:52:18,2017-12-13 17:35:03,2017-12-26,81.99,13.59,1,1,95.58,1,1,4.0,1.0,55f8517e3e572aa06923169cf5d0b011,13480,limeira,SP,12.342523148148148,24.609849537037036,0,95.58
e23ad32d5c15d9ad308baddc6262afea,a4413edae691fd0d28bd04b8a38b259d,delivered,2017-12-01 09:30:36,2017-12-02 15:50:49,2017-12-13 19:41:21,2017-12-27 17:22:30,2018-01-09,97.47,17.93,1,1,115.4,8,1,4.0,1.0,3e43e6105506432c953e165fb2acf44c,11700,praia grande,SP,26.327708333333334,38.60375,0,115.4
f2b65e04ebfd135c2194e2c36a9d821e,b436224260ee24be61a6183fba5886c9,delivered,2017-12-01 09:35:20,2017-12-01 11:30:56,2017-12-01 19:38:45,2017-12-11 13:52:36,2017-12-19,69.0,7.78,1,1,76.78,3,1,5.0,1.0,215cc2b07a8142021155670b573a671f,8030,sao paulo,SP,10.178657407407407,17.60046296296296,0,76.78
27587cc5a5f975239e49460102252868,2b37acd5f8df4d3e14df1c3d75b8884d,delivered,2017-12-01 09:38:42,2017-12-01 11:31:37,2017-12-01 23:48:38,2017-12-28 15:28:28,2017-12-28,99.98,21.19,1,1,121.17,1,2,4.0,1.0,6594a65023bcb47539aa91b0f8e98e00,24220,niteroi,RJ,27.242893518518517,26.598125,1,121.17
8acd3c67960fe58a4eeed4d38cb3d578,f478c41eaf614ede7ac0fcf64a043e58,delivered,2017-12-01 09:43:01,2017-12-01 11:31:37,2017-12-05 01:53:32,2017-12-26 23:59:41,2018-01-02,89.9,15.38,1,1,105.28,2,1,3.0,1.0,a2c15de05ef380b5a7eaf915898926db,20241,rio de janeiro,RJ,25.59490740740741,31.595127314814814,0,105.28
c9a88d4905eaf518dd4a6fb776134990,93519b83250d51338f8f21f11a4ecb7b,delivered,2017-12-01 09:49:08,2017-12-05 04:17:28,2017-12-07 00:48:57,2017-12-11 22:32:26,2017-12-19,99.9,11.9,1,1,111.8,1,1,5.0,1.0,f148041f970c084006b2a719e9459a8e,13185,hortolandia,SP,10.530069444444445,17.59087962962963,0,111.80000000000001
a5d81ef92239f2dfe3b2aef1416077aa,5bc89bd3505b85768524d24edc6822b0,delivered,2017-12-01 09:53:57,2017-12-01 11:31:37,2017-12-04 20:42:41,2017-12-12 20:33:14,2018-01-08,122.99,15.61,1,1,138.6,6,1,5.0,1.0,3096afde2d10fa3f4520f993ac9ffa96,95555,capao da canoa,RS,11.443946759259259,37.58753472222222,0,138.6
3a67e05f7b4f7fe736e90e6acc8689b3,7cf767e41998204e0dc91c2270542d83,delivered,2017-12-01 09:54:21,2017-12-01 11:31:59,2017-12-06 14:39:08,2018-01-08 19:29:59,2018-01-04,296.0,60.51,1,1,356.51,7,1,5.0,1.0,a4855898fe5347ef4ec54192c7053768,64930,gilbues,PI,38.39974537037037,33.58725694444445,1,356.51
da25492a616ea75359094ce9180d2691,cd5197b832fad889118cb4ec1483b4f2,delivered,2017-12-01 09:59:13,2017-12-01 11:31:06,2017-12-04 21:34:42,2017-12-07 17:14:48,2017-12-20,169.98,18.82,2,1,188.8,2,1,4.0,1.0,5ed68fbea058394fe9017715f735f89e,9370,maua,SP,6.302488425925926,18.583877314814814,0,188.79999999999998
e43a18300d40c9a864931b5ebb5b3352,e83da1438f8802ae96b870eb4c4db70c,delivered,2017-12-01 10:05:42,2017-12-01 11:31:59,2017-12-05 01:28:59,2017-12-13 21:42:20,2018-01-04,39.99,16.79,1,1,56.78,5,1,5.0,1.0,21fbbe880ef907377e90229f91a02801,38400,uberlandia,MG,12.483773148148147,33.579375,0,56.78
9f152df03010e6512d7911ee3d51a2de,64d06911ac36740bc541f066981944e4,delivered,2017-12-01 10:05:53,2017-12-01 11:31:06,2017-12-05 19:22:12,2018-01-06 03:33:26,2018-01-02,129.9,18.48,1,1,148.38,1,1,1.0,1.0,d8bb7fd9a4b36e5f1d0d7f7dc9b66cca,45990,teixeira de freitas,BA,35.727465277777775,31.579247685185184,1,148.38
f5763c685bf8e3a552c2fcaa60aaa868,482de42da07b82da35bb97fe0c99bd09,delivered,2017-12-01 10:06:23,2017-12-01 11:31:54,2017-12-04 19:48:51,2017-12-30 12:35:05,2018-01-03,60.0,16.99,1,1,76.99,4,1,5.0,1.0,f40ecb069c4acc54019e3912a48c21e5,42807,camacari,BA,29.10326388888889,32.57890046296296,0,76.99
197be0df90e5b459a14669e32c8ce1ff,eb25918fe52d5eefd160d1cb5f574d7d,delivered,2017-12-01 10:07:12,2017-12-01 11:31:06,2017-12-04 12:10:00,2017-12-06 18:19:21,2017-12-26,99.99,14.29,1,1,114.28,6,1,5.0,1.0,1dfde15592f9f515c05afa0a58075f25,28470,santo antonio de padua,RJ,5.341770833333333,24.578333333333333,0,114.28
cfbf483c7d7176367a983006d36de1f9,9cab4106ad574ab7a66c352f099e3b01,delivered,2017-12-01 10:11:30,2017-12-01 11:31:54,2017-12-07 21:59:12,2018-01-06 13:34:23,2018-01-05,79.0,45.01,1,1,124.01,10,1,5.0,1.0,073b3547c939512360420845181cd3b7,89503,cacador,SC,36.1408912037037,34.57534722222222,1,124.00999999999999
f9207b5726780645ebba8401ccc336c6,d6f4a0ce3d9d4ad4b6aa20c54bfacb99,delivered,2017-12-01 10:15:33,2017-12-01 11:31:06,2017-12-20 19:52:09,2017-12-26 09:36:30,2017-12-26,86.99,13.63,1,1,100.62,10,1,5.0,1.0,a3b604670572162b5f9fecffaab090ce,9570,sao caetano do sul,SP,24.972881944444445,24.572534722222223,1,100.61999999999999
7eae04ada6ffa5ce119fe7526c8d77d5,c7d5c3347080c1ba85f7c9887d8e3440,delivered,2017-12-01 10:20:48,2017-12-01 11:32:10,2017-12-06 20:48:54,2017-12-11 18:23:33,2017-12-26,639.99,18.23,1,1,658.22,10,1,4.0,1.0,6aff90e0a744227f717c3bc35acf3818,8830,mogi das cruzes,SP,10.335243055555555,24.56888888888889,0,658.22
bf8a5f3ed4349bd5873e69a7bf24afdd,265e3c18ceed2964038497b11ef3e4c7,delivered,2017-12-01 10:30:46,2017-12-01 11:31:08,2017-12-09 00:21:23,2017-12-22 19:28:36,2017-12-28,98.9,13.71,1,1,112.61,1,1,4.0,1.0,56e3a158ef88285f2c15a83db0b13d93,4447,sao paulo,SP,21.37349537037037,26.56196759259259,0,112.61000000000001
2452ee5125bebf2bf5ad486a22d155f8,e0e0a604825249d7ae9ffacf34133135,delivered,2017-12-01 10:32:10,2017-12-01 11:30:55,2017-12-04 22:04:26,2017-12-15 16:37:47,2018-01-08,149.0,15.79,1,1,164.79,1,1,5.0,1.0,a836949b8cf583b1868d8d7ea4ca1614,90670,porto alegre,RS,14.253900462962964,37.56099537037037,0,164.79
fef00682c5632c29ceb8729e3314371d,2ec4467dada4e104afc5b57443546202,delivered,2017-12-01 10:38:09,2017-12-02 02:39:22,2017-12-04 23:58:43,2017-12-05 22:22:06,2017-12-19,159.9,13.67,1,1,173.57,1,1,5.0,1.0,727a7af284480a3e04b14a527f8b09e4,13920,pedreira,SP,4.488854166666667,17.556840277777777,0,173.57
643c6388737fabccf1b2df09b4b68703,d937ba4663258fa8eedb17dfa158a0f9,delivered,2017-12-01 10:42:32,2017-12-01 11:31:08,2017-12-04 22:43:03,2017-12-10 11:42:40,2017-12-26,49.9,14.1,1,1,64.0,2,1,5.0,1.0,b0029d0771588d41e23553aa22cdf95d,30555,belo horizonte,MG,9.041759259259258,24.553796296296298,0,64.0
78d80f8efd220a6a3b81a6cd1b9737e1,c1e439f12090715374b4bde3535937fe,delivered,2017-12-01 10:45:24,2017-12-01 11:31:54,2017-12-01 21:13:13,2017-12-06 18:34:03,2017-12-27,32.0,15.1,1,1,47.1,1,1,5.0,1.0,8ba288e396a0a48fd28eacc09f43b085,36035,juiz de fora,MG,5.325451388888889,25.551805555555557,0,47.1
c91b29576f970b27d90f5b214c88283f,b63e53723f8097a3d3be4bc3409dd25f,delivered,2017-12-01 10:46:18,2017-12-01 12:31:34,2017-12-04 20:22:53,2017-12-12 18:58:31,2017-12-29,56.8,16.97,1,1,73.77,1,1,5.0,1.0,fec96cd46fad4b51d84fdac82c88e4db,30320,belo horizonte,MG,11.34181712962963,27.551180555555554,0,73.77
20964c77d7bb845d228094e71ea28101,e91867593d78b02be5eb7163b8c295c8,delivered,2017-12-01 10:46:22,2017-12-01 12:31:39,2017-12-05 21:21:49,2017-12-18 21:34:39,2017-12-29,79.8,35.94,2,1,115.74,2,1,1.0,1.0,6f984cb70006e5af276f7765f3eb3992,16021,aracatuba,SP,17.45019675925926,27.55113425925926,0,115.74
00bd8cf08fa3998ea6ad6d16c2165822,03e0ca8ff692a46af071866422dded4c,delivered,2017-12-01 10:47:44,2017-12-01 11:31:16,2017-12-01 22:15:09,2017-12-05 13:20:43,2017-12-26,21.8,12.48,1,1,34.28,1,1,5.0,1.0,4cfea1c0d66ed41b769d78040e59fa73,36512,tocantins,MG,4.106238425925926,24.550185185185185,0,34.28
a98fe09b46d38252ffe1bcccb1a6641b,3f25df1e9c68750d7e3d3125a386e531,delivered,2017-12-01 10:49:12,2017-12-01 12:31:33,2017-12-01 21:13:25,2017-12-11 21:13:39,2018-01-03,32.9,16.79,1,1,49.69,3,1,4.0,1.0,9dcd4e3d159ef86072afb542f17d5641,35681,itauna,MG,10.433645833333333,32.549166666666665,0,49.69
cc6002db285464dcb2db31b6dc81f78c,b58ca5bb6a3f7370ab3456a7d2c582bb,delivered,2017-12-01 10:53:08,2017-12-05 04:13:57,2017-12-06 18:35:47,2017-12-13 17:32:38,2018-01-12,49.9,14.1,1,1,64.0,1,1,5.0,1.0,a3f67d68f7506c76a420c5f2a0e41460,74255,goiania,GO,12.277430555555556,41.54643518518518,0,64.0
a03dd4329530db7fc4201347345864c5,90dfcc00d7ff2daeab34bb3790a0e462,delivered,2017-12-01 10:57:07,2017-12-01 12:31:34,2017-12-07 17:36:00,2018-01-11 19:07:04,2017-12-29,70.97,17.75,1,1,88.72,3,1,2.0,1.0,c6ffc8db817fa2d51f5228864c055cdc,22723,rio de janeiro,RJ,41.340243055555554,27.54366898148148,1,88.72
c15509fbb2f63d140e9f78220c6163e6,805dd3f5ae20e13e154b376a706f3541,delivered,2017-12-01 11:01:09,2017-12-01 11:31:54,2017-12-04 16:08:58,2017-12-11 18:09:58,2017-12-29,89.9,17.88,1,1,107.78,2,1,5.0,1.0,782fa011637ad33d9dc48856380df409,39470,itacarambi,MG,10.297789351851852,27.540868055555556,0,107.78
014176e9538672a32d2a9b73bf53a31f,2584307af792d605f55f588694980576,delivered,2017-12-01 11:01:28,2017-12-01 11:31:01,2017-12-06 19:53:43,2017-12-19 19:07:00,2017-12-29,139.9,16.74,1,1,156.64,6,1,4.0,1.0,0fd8ff3aed86ac28b280a2b352cd7689,37570,ouro fino,MG,18.337175925925926,27.540648148148147,0,156.64000000000001
b5839f6ef0df11dd4912bc5bfa299e3f,8af9ca2cbcc90d6735f67957915853f9,delivered,2017-12-01 11:02:53,2017-12-01 11:31:01,2017-12-04 17:52:05,2017-12-12 18:04:31,2017-12-28,9.9,15.1,1,1,25.0,1,1,4.0,1.0,bb2b2aec0c5c877e68061f41eef52016,83206,paranagua,PR,11.292800925925926,26.53966435185185,0,25.0
f8f71fc4d28872b4d80e802d58d73c27,a76f6411f0bcaaab45749b1d2734960a,delivered,2017-12-01 11:04:16,2017-12-01 12:31:33,2017-12-08 14:58:55,2017-12-22 18:49:09,2018-01-02,49.9,16.11,1,1,66.01,4,1,1.0,1.0,f9675a69fd667de8b891bd7506f14a4a,21760,rio de janeiro,RJ,21.32283564814815,31.538703703703703,0,66.00999999999999
4f922bb38b84918b2711a293c04055aa,edc982d0c07e8652a9d589a8d88fdb7a,delivered,2017-12-01 11:05:34,2017-12-02 02:52:20,2017-12-12 00:29:02,2017-12-21 22:46:58,2017-12-26,89.9,16.88,1,1,106.78,1,1,5.0,1.0,5ebe183df26c51bcfb30f709ea794080,30510,belo horizonte,MG,20.487083333333334,24.537800925925925,0,106.78
ee1de1bcd287c6d9584b5e78d1b534be,491689eb90a5e67c0967a80dcab074f3,delivered,2017-12-01 11:05:40,2017-12-01 11:30:59,2017-12-07 22:18:30,2017-12-09 17:21:55,2018-01-04,179.0,17.99,1,1,196.99,4,1,4.0,1.0,978c8ffba59f7650d77198236ada2e26,3944,sao paulo,SP,8.261284722222221,33.53773148148148,0,196.99
52993856cd387ab5a4dd553e66dbdc6c,168023e02ef320da0289c0c6ca9e82c0,delivered,2017-12-01 11:07:11,2017-12-01 11:31:01,2017-12-05 20:38:46,2018-01-18 18:53:13,2017-12-27,348.8,16.19,1,1,364.99,3,1,2.0,1.0,2badb89298df400ba5c894b963a044b5,23066,rio de janeiro,RJ,48.32363425925926,25.53667824074074,1,364.99
366f322ad95ebd9a14346c9f8425a68b,a23719a98faaed0e45e77564e1ec3f47,delivered,2017-12-01 11:07:35,2017-12-01 11:31:24,2017-12-01 19:35:08,2017-12-04 20:33:05,2017-12-19,169.99,10.0,1,1,179.99,2,1,5.0,1.0,732fcda8c52d36068fec11e6a61f73e8,11075,santos,SP,3.392708333333333,17.536400462962963,0,179.99
7c25901497bcbcd47e95319a15d2730c,ebda16fad7182fd56a4ed0fc160ff47b,delivered,2017-12-01 11:10:01,2017-12-01 11:31:05,2017-12-06 18:23:13,2017-12-12 20:33:08,2018-01-05,319.12,14.36,1,1,333.48,1,1,5.0,1.0,a0e2f56981d89ed966ffc3fa68c6466e,9520,sao caetano do sul,SP,11.39105324074074,34.53471064814815,0,333.48
b1d22c557be74f08bc72282e60ee1e4a,8bd06359860a237692a2002f9bed23e6,delivered,2017-12-01 11:10:34,2017-12-02 02:51:22,2017-12-04 19:23:23,2017-12-11 12:42:59,2017-12-29,120.0,15.59,1,1,135.59,1,1,3.0,1.0,6f5de0a511d5e82fbd0cc9289ac9aa23,29255,marechal floriano,ES,10.064178240740741,27.534328703703704,0,135.59
2275c86505ffbdf6aa88cd91bfeeae33,0b6176d7c46eb2e5d839fbd9f6d1bce7,delivered,2017-12-01 11:10:55,2017-12-01 11:30:53,2017-12-08 15:22:05,2017-12-18 20:37:17,2017-12-27,27.19,17.6,1,1,44.79,2,1,5.0,1.0,96a9a44255930061d8f6a93d4893d986,38740,patrocinio,MG,17.393310185185186,25.53408564814815,0,44.790000000000006
2058cb04c2f484f6c016669b62e2c3e1,dd021c14096bdb7cb3063d27171528bd,delivered,2017-12-01 11:12:48,2017-12-01 12:31:33,2017-12-01 21:17:31,2017-12-20 23:27:15,2018-01-03,49.9,16.11,1,1,66.01,1,1,4.0,1.0,af4a6773a06ca0a24f4b9c5893650e40,73015,brasilia,DF,19.510034722222223,32.53277777777778,0,66.00999999999999
981169eaa134f634b547095d9321e3dc,6d0ea4c9f465488073d3d51dba7b60db,delivered,2017-12-01 11:13:50,2017-12-01 12:31:30,2017-12-04 17:52:04,2017-12-06 14:44:56,2017-12-19,9.0,7.78,1,1,16.78,1,1,5.0,1.0,5e7137f3d110ffa67ffd3bd806e8f39c,5541,sao paulo,SP,5.146597222222222,17.532060185185184,0,16.78
dbf6b190a7df1df00c6afaf326098789,7d672a0d32d9d7fb5b3ac68e6a49078b,delivered,2017-12-01 11:13:59,2017-12-01 12:31:31,2017-12-01 22:22:22,2017-12-13 12:12:21,2017-12-19,41.99,11.73,1,1,53.72,1,1,4.0,1.0,0ef74915f9bd7ef70668a50d59b635aa,4828,sao paulo,SP,12.040532407407408,17.531956018518517,0,53.72
05c5e3014f8ec516123fd4c74f49b051,9378e75380f137233cad33bcc7f0fe0a,delivered,2017-12-01 11:14:08,2017-12-01 12:31:27,2017-12-01 19:11:57,2017-12-19 00:28:23,2017-12-26,27.99,14.1,1,1,42.09,1,1,5.0,1.0,ab2cd5cfd198ddfe26f7d208905daddc,23585,rio de janeiro,RJ,17.5515625,24.53185185185185,0,42.089999999999996
be898fe8e3213cd0d57464c0b1284b99,7727e2cc9ec428ad3173cc812ce1781b,delivered,2017-12-01 11:15:02,2017-12-01 12:31:37,2017-12-04 18:32:34,2018-01-05 00:28:55,2018-01-16,580.27,39.38,1,1,619.65,6,1,5.0,1.0,863bdd77d135015fc5c250a5255864a6,68440,abaetetuba,PA,34.55130787037037,45.531226851851855,0,619.65
6cd6b68f7a9798a25f718d069608419f,ae3cdeaf540be9f8c1be897ef4ba3998,delivered,2017-12-01 11:15:16,2017-12-01 12:31:30,2017-12-01 22:45:32,2018-01-04 12:17:03,2018-01-03,79.9,25.11,1,1,105.01,10,1,1.0,1.0,0a677b0577559ca6c6ce9b4c97fba7d0,52050,recife,PE,34.04290509259259,32.53106481481481,1,105.01
7ab220eedaceff45d6b2bfdad5292a96,1683fabd45e65880729fe5db964a2de7,delivered,2017-12-01 11:19:08,2017-12-01 12:31:28,2017-12-04 21:34:43,2017-12-07 23:18:41,2017-12-21,84.99,9.41,1,1,94.4,2,1,5.0,1.0,0be75d075756fd1b54cb2f7ebfcd6432,3332,sao paulo,SP,6.4996875,19.52837962962963,0,94.39999999999999
9e89e45d01fc1c23ba675ab3dfbfa722,9d3550c3aadd1b8a6796fb8d3c42840b,delivered,2017-12-01 11:20:27,2017-12-01 12:31:27,2017-12-04 12:17:39,2017-12-05 20:09:07,2017-12-20,299.99,14.93,1,1,314.92,10,1,5.0,1.0,ce65f5dccfcee167d6fde61b6f7029fe,24020,niteroi,RJ,4.36712962962963,18.52746527777778,0,314.92
6c49d31e69b107dfcd20d06bf4141749,ed37d5eecbd5eab949ceb8d49c3d10f3,delivered,2017-12-01 11:21:03,2017-12-01 12:31:34,2017-12-01 22:18:56,2017-12-04 22:42:09,2017-12-19,29.9,8.11,1,1,38.01,1,1,1.0,1.0,879f0badb54016c5d10cd2164e56f1ac,31330,belo horizonte,MG,3.472986111111111,17.527048611111113,0,38.01
fe2cf0b53cf21416269ca17fd38060ab,9c46deb6b8ca01d0df7e67b255e4fa97,delivered,2017-12-01 11:22:04,2017-12-02 10:30:41,2017-12-05 18:32:57,2017-12-14 00:06:49,2018-01-02,169.9,18.58,1,1,188.48,3,1,5.0,1.0,37058be38f15883c363d658ade716ee9,16020,aracatuba,SP,12.53107638888889,31.52634259259259,0,188.48000000000002
4310f91feaa68e3b065256b3a4debe75,8b2ad21c897519e83fae6357076e7720,delivered,2017-12-01 11:23:13,2017-12-05 04:13:30,2017-12-06 21:35:53,2017-12-08 16:51:43,2017-12-22,269.99,28.33,1,1,298.32,1,1,5.0,1.0,d57abf41b8c0ff61d15d0fc06f21258f,6417,barueri,SP,7.228125,20.52554398148148,0,298.32
4802922b16a37af8db6fb3df54b07860,f078095ff04dedf7d217df058773668b,delivered,2017-12-01 11:25:38,2017-12-01 12:31:27,2017-12-04 22:03:42,2018-01-08 18:54:58,2017-12-28,56.99,14.15,1,1,71.14,1,2,1.0,1.0,b1225386ce404a49a244390535d07f92,25585,sao joao de meriti,RJ,38.31203703703704,26.523865740740742,1,71.14
58a18ff759db7b6e8f84744c86b9b461,5d0cb2ee87cc765656ecc5b99d6bf809,delivered,2017-12-01 11:26:52,2017-12-02 02:37:21,2017-12-06 22:14:32,2017-12-12 17:34:09,2017-12-19,57.8,18.54,2,1,76.34,1,1,4.0,1.0,64c5854c7d6b7c2daa86fb6e8b86c5c5,2418,sao paulo,SP,11.25505787037037,17.523009259259258,0,76.34
93222f3437bf5871248bac05a9e60454,59e332f4d0312e62e17ae68c81aae8cc,delivered,2017-12-01 11:35:29,2017-12-01 12:31:37,2017-12-14 01:43:14,2017-12-21 21:21:29,2018-01-09,157.98,41.04,2,1,199.02,1,1,1.0,1.0,211af9953196ee0d130c9e98c1750872,16700,guararapes,SP,20.406944444444445,38.51702546296296,0,199.01999999999998
0849eaf857ddbba0d7a97887503f9795,80397076b6d12ded0a040352d6acc5d1,delivered,2017-12-01 11:50:46,2017-12-01 12:31:33,2017-12-04 21:23:00,2017-12-17 15:16:54,2017-12-28,85.0,21.43,1,1,106.43,1,1,4.0,1.0,39deed49c6a307b9b5a83d7fcf45924a,70640,brasilia,DF,16.14314814814815,26.506412037037038,0,106.43
55d80e98635154dd309f2cb107f5e205,25cf4c295de346cbb91e705df4cb49e9,delivered,2017-12-01 11:52:34,2017-12-01 12:31:37,2017-12-05 21:28:39,2017-12-17 16:04:22,2017-12-26,59.0,13.43,1,1,72.43,2,1,5.0,1.0,8555a17ba20435f173a230c3ced133fd,5783,sao paulo,SP,16.17486111111111,24.50516203703704,0,72.43
dff84ff9aec9a566fa61a67661110009,132b797cc20bcc44f3714dae996d8ddb,delivered,2017-12-01 11:52:34,2017-12-01 12:31:34,2017-12-05 19:39:07,2017-12-10 17:06:11,2017-12-20,31.8,23.11,1,1,54.91,2,1,5.0,1.0,8555a17ba20435f173a230c3ced133fd,5783,sao paulo,SP,9.217789351851852,18.50516203703704,0,54.91
a4626ad7558acf9abc9358586c8bacaf,72a8c8c545a738708b9b28ba80f586f6,delivered,2017-12-01 11:52:41,2017-12-01 12:31:28,2017-12-07 20:23:10,2017-12-28 00:30:10,2017-12-29,269.9,28.21,1,1,298.11,10,1,1.0,1.0,b6f681a86e6082ece0517a91927ba389,35162,ipatinga,MG,26.526030092592592,27.505081018518517,0,298.10999999999996
dac46445d06a7c26842b2e8b7bc04be4,3154dbbe8510dde101e639552ba0ec4e,delivered,2017-12-01 11:53:35,2017-12-01 12:31:25,2017-12-05 16:51:37,2017-12-06 23:28:44,2017-12-19,59.95,8.27,1,1,68.22,1,1,2.0,1.0,7cc882b8c6b9017716e362d74026e850,12215,sao jose dos campos,SP,5.482743055555556,17.504456018518518,0,68.22
e98b495d3efa269c922cf62d18c6e2ec,d2e0a313c6cbcf5207d54139631379fa,delivered,2017-12-01 11:58:02,2017-12-04 09:58:43,2017-12-05 19:19:10,2017-12-12 19:17:54,2017-12-29,206.0,49.97,1,1,255.97,8,1,5.0,1.0,9b2efb55dd99203d79594dd9f4db76b1,28200,sao joao da barra,RJ,11.305462962962963,27.50136574074074,0,255.97
1263b5bd7d073c9196702d47117ee5fa,f529a0fbe1ebd4622fb563b430cac7f5,delivered,2017-12-01 12:02:33,2017-12-01 12:31:27,2017-12-05 13:09:45,2018-01-06 14:18:30,2018-01-02,149.9,17.62,1,1,167.52,3,1,1.0,1.0,90db37be54fd796a0fa73b7678e8b795,40150,salvador,BA,36.094409722222224,31.49822916666667,1,167.52
b90e0b3baf0ccf666aa0e0631dfdb174,af9d4812a2d9a04aa1be0c136e42db9f,delivered,2017-12-01 12:02:45,2017-12-01 12:31:30,2017-12-08 18:19:06,2017-12-15 18:54:38,2017-12-26,53.8,11.88,1,1,65.68,1,1,4.0,1.0,0329053bfa2eba19991dd18df9228cc2,12229,sao jose dos campos,SP,14.286030092592593,24.498090277777777,0,65.67999999999999
b62df733c346ba610dc254225ac7fd33,baffa91c51a0c1942f7137f17c27fd3b,delivered,2017-12-01 12:05:20,2017-12-01 12:31:27,2017-12-07 17:41:21,2017-12-08 22:58:48,2017-12-20,69.9,7.78,1,1,77.68,3,1,5.0,1.0,44c7963ca362e0740315b8db6824fbfe,4313,sao paulo,SP,7.4537962962962965,18.496296296296297,0,77.68
33550c45cf1fd94c9f755293fb9591c0,c73286ecf213e8bd89fce93c28d24f1f,delivered,2017-12-01 12:08:24,2017-12-05 04:18:38,2017-12-05 21:45:45,2017-12-06 20:18:59,2017-12-19,99.9,8.16,1,1,108.06,1,1,5.0,1.0,1201e8484f2158b3dbdb0186ef20e8ea,3127,sao paulo,SP,5.340682870370371,17.49416666666667,0,108.06
6a29741b0ee05eaaa2b4dd7a40b55890,0b7fc1bb205ec431fb3f60ce4960393f,delivered,2017-12-01 12:16:42,2017-12-01 12:38:28,2017-12-01 20:09:59,2017-12-11 13:02:41,2017-12-29,165.0,25.99,1,1,190.99,2,1,4.0,1.0,1033ef00990979a963a8e94c31ded33a,1306,sao paulo,SP,10.03193287037037,27.48840277777778,0,190.99
b2be2e2f35e143f8895228b3c9b83eab,a454b5b99a00a91c20469603d40db036,delivered,2017-12-01 12:17:53,2017-12-01 12:38:26,2017-12-01 21:52:35,2017-12-21 21:18:30,2018-01-02,259.0,19.06,1,1,278.06,10,1,5.0,1.0,60a1ce7b08c87a188edd648c00f61b0e,84010,ponta grossa,PR,20.375428240740742,31.48758101851852,0,278.06
cb794d74f80c0dff5257f123400a063c,2bf0b7d39b5ee8eb16853ad8f037c7fe,delivered,2017-12-01 12:18:05,2017-12-02 02:38:26,2017-12-06 23:28:43,2018-01-29 19:56:55,2017-12-29,79.9,16.32,1,1,96.22,1,1,1.0,1.0,45df9d71b80f651fcfd26763eebd027a,23942,angra dos reis,RJ,59.31863425925926,27.48744212962963,1,96.22
b8fdf0a70040d5461adca8f95ba4171a,a56a99918e8686b7d35af612dd30e86e,delivered,2017-12-01 12:18:11,2017-12-02 02:38:25,2017-12-04 17:52:59,2018-01-05 17:06:15,2018-01-04,89.9,17.88,1,1,107.78,1,1,2.0,2.0,45df9d71b80f651fcfd26763eebd027a,23942,angra dos reis,RJ,35.20004629629629,33.487372685185186,1,107.78
0f127f53a526c20902f9966a2a38846f,02b7bcd5dd0bbe4057aa6fb0c280a06b,delivered,2017-12-01 12:26:53,2017-12-02 02:37:06,2017-12-13 19:35:14,2017-12-22 18:12:35,2018-01-09,31.9,15.1,1,1,47.0,1,1,5.0,1.0,82bbfd611198a89d2be66389d603e4ba,18271,tatui,SP,21.240069444444444,38.48133101851852,0,47.0
9db03235fbd38dbd09a5628ebee9f71b,7313faf1758192058cf30aaaba45cfe0,delivered,2017-12-01 12:29:04,2017-12-01 12:38:40,2017-12-12 21:12:29,2017-12-18 21:53:15,2017-12-26,199.6,56.4,4,1,256.0,1,1,1.0,1.0,06ef40d6e048bc6ca4c8b6f2190227e1,30190,belo horizonte,MG,17.39179398148148,24.479814814814816,0,256.0
8bc835be169be964f492f42b517b0a3c,d9919a807634bcd9e9e474117595f7d9,delivered,2017-12-01 12:30:13,2017-12-01 12:38:39,2017-12-08 03:07:03,2017-12-12 23:24:51,2018-01-03,369.0,17.33,1,1,386.33,6,1,5.0,1.0,b60ebccd69ad3836830dd0e407c4cd13,81870,curitiba,PR,11.454606481481482,32.4790162037037,0,386.33
a3f91830d0e848e2824d4c772ebb7772,f985fbb6e309bce26a0523005408b5a9,delivered,2017-12-01 12:33:53,2017-12-01 12:52:31,2017-12-04 23:03:34,2017-12-19 19:03:12,2017-12-28,79.0,21.04,1,1,100.04,2,1,4.0,1.0,7ed5293a63918255d94117f23d036741,24110,niteroi,RJ,18.270358796296296,26.476469907407406,0,100.03999999999999
2d40bdf3c32d416ae6d5d50e9e28e89c,605b4650a0933260a775e682717e2be2,delivered,2017-12-01 12:39:48,2017-12-01 12:52:39,2017-12-07 16:07:44,2018-01-04 18:15:34,2017-12-27,692.0,73.84,4,1,765.84,1,1,1.0,1.0,896283d8bc7fdff277edf09e539df880,20541,rio de janeiro,RJ,34.2331712962963,25.472361111111113,1,765.84
dcbb4f4f03f210340fce92e1f51982a0,7ae30f30ba3e7297739976cdf63bf1dc,delivered,2017-12-01 12:40:00,2017-12-01 12:52:38,2017-12-04 21:48:49,2017-12-07 16:36:54,2018-01-04,34.99,15.1,1,1,50.09,2,1,2.0,1.0,35075f5697e428103e41b806f9ff8522,85980,guaira,PR,6.164513888888889,33.47222222222222,0,50.09
cacb1996e2de4ef6334c5223259544e0,c0798df67ba2309f0d06889e8beac60d,delivered,2017-12-01 12:41:36,2017-12-01 12:52:41,2017-12-04 21:07:53,2018-01-11 18:33:02,2017-12-29,49.0,15.1,1,1,64.1,3,1,1.0,1.0,d82e03353dcd4c2c6ddd3dba073c8da8,28660,bom jardim,RJ,41.244050925925926,27.47111111111111,1,64.1
9d3704763c7a62e8cc450c779bc811b3,3625ffefba6b5cea39effc685c016ef6,delivered,2017-12-01 12:43:52,2017-12-02 18:57:19,2017-12-05 03:10:51,2017-12-15 15:25:27,2017-12-28,58.9,25.25,1,1,84.15,2,1,5.0,1.0,933d09bc2bcad9d9d322dd7df9f3c908,36205,barbacena,MG,14.112210648148148,26.469537037037036,0,84.15
874b5f0892d39a5537e47c53d0ad4457,3bac688ff89c697ddfc8fccb1206efee,delivered,2017-12-01 12:45:19,2017-12-01 12:54:48,2018-01-16 17:45:55,2018-01-17 19:45:35,2018-01-24,623.0,20.84,1,1,643.84,10,1,1.0,1.0,a2b3ce5552d104942d42485e8cf59397,37550,pouso alegre,MG,47.29185185185185,53.468530092592594,0,643.84
fa141a7eaa934d2cabe21138a23a10ce,b7b240223f7d8bafbceac9f74d8b60d4,delivered,2017-12-01 12:46:00,2017-12-05 04:13:16,2017-12-06 23:32:44,2017-12-20 20:15:08,2018-01-02,84.99,16.35,1,1,101.34,1,1,3.0,1.0,08981350cd27a14c6e62555cd0997160,89210,joinville,SC,19.31189814814815,31.468055555555555,0,101.34
7965b290cc7fe4790d45eaeded895967,3f11d1b5ece70ee5d68c4648f3e4eaa8,delivered,2017-12-01 12:48:21,2017-12-01 13:18:24,2017-12-11 19:13:06,2017-12-22 15:49:14,2017-12-26,157.0,21.59,1,1,178.59,8,1,5.0,1.0,003d56767e53e08671de00da3fba8d40,37505,itajuba,MG,21.125613425925927,24.46642361111111,0,178.59
fecadea4b60522702bd322933da20c9e,52949927b7bca40124954b070e2ccd44,delivered,2017-12-01 12:57:58,2017-12-02 02:51:04,2017-12-06 00:07:16,2017-12-11 19:51:47,2017-12-28,22.0,12.69,1,1,34.69,1,1,5.0,1.0,04ae6453ac0b2807721d210786d83b50,2016,sao paulo,SP,10.287372685185185,26.45974537037037,0,34.69
d92ec01edb4390e4a8e311202039e06a,1222ae0f15dc56dc392fa0bb0f033f6b,delivered,2017-12-01 13:01:47,2017-12-03 12:58:22,2017-12-05 23:29:54,2017-12-21 03:34:17,2017-12-28,425.0,27.81,1,1,452.81,9,1,4.0,1.0,78f40d39d4a401c047c0c26559e7775a,18212,itapetininga,SP,19.60590277777778,26.457094907407406,0,452.81
8c313d4a1bea83111be5bb00105397dd,a4a0c32813e4d6b4f6dd95dd11dc62f1,delivered,2017-12-01 13:05:08,2017-12-03 13:12:59,2017-12-06 22:58:50,2017-12-12 16:48:43,2017-12-29,36.0,11.85,1,1,47.85,4,1,5.0,1.0,da3d269cb723dde0477d80fb32601c20,14070,ribeirao preto,SP,11.155266203703704,27.45476851851852,0,47.85
eb951538a1e505560662159b6b4ef965,ff162456f8b57af09e181c4e1dfbfb38,delivered,2017-12-01 13:06:50,2017-12-01 13:18:39,2017-12-22 20:34:46,2018-01-09 17:09:12,2018-01-04,618.9,119.63,1,1,738.53,5,1,5.0,1.0,2ed0e4f6c18fdb9edb131c62afef644f,22080,rio de janeiro,RJ,39.168310185185184,33.45358796296296,1,738.53
1b3c6f127c67654015b4f2a7b882ec40,f4f32a1d492eb00e6139fdf985548136,delivered,2017-12-01 13:08:09,2017-12-01 13:18:40,2017-12-05 14:27:57,2017-12-14 20:33:16,2018-01-10,623.99,46.78,1,1,670.77,10,1,4.0,1.0,76ab1b49391ce566431f4ce1d52b3f6d,57300,arapiraca,AL,13.309108796296297,39.45267361111111,0,670.77
3a21d68013a49ce0b7ecc0b3a2575c0e,75d17019a57646759d0be1aa12226164,delivered,2017-12-01 13:08:17,2017-12-02 02:52:20,2017-12-04 20:42:09,2017-12-20 15:42:05,2018-01-16,116.91,26.1,1,1,143.01,1,1,5.0,1.0,2bb6cf1dbaaba0cfd67e8f83ec189618,55028,caruaru,PE,19.106805555555557,45.452581018518515,0,143.01
70ad0c0c83d69921cc0675f3e56d4e02,4fab1dfedcedd8d1a0ac3fb3475de007,delivered,2017-12-01 13:08:26,2017-12-01 13:18:46,2017-12-05 19:23:18,2017-12-12 18:58:46,2017-12-26,69.9,16.12,1,1,86.02,1,1,1.0,1.0,e9b5c04c2364a0d172307ecb95a74ef4,5305,sao paulo,SP,11.243287037037037,24.452476851851852,0,86.02000000000001
7bb345539ace4f961167f1cf740679eb,d308e62191603a4c18790024ca6da6f1,delivered,2017-12-01 13:28:30,2017-12-01 13:35:24,2017-12-05 23:18:53,2017-12-11 18:29:22,2017-12-19,29.89,7.78,1,1,37.67,1,1,2.0,1.0,4d881f96bad182e8853def6c3453c087,13085,campinas,SP,10.208935185185185,17.438541666666666,0,37.67
6fa1dd5611d4b380144fbe44fa788ad9,e3f70a618d0f9b0d7c21d43b5abc463f,delivered,2017-12-01 13:29:07,2017-12-02 02:38:05,2017-12-05 01:06:51,2017-12-12 23:37:41,2018-01-05,215.5,14.53,1,1,230.03,1,1,4.0,1.0,f4e5cb6321ff7e6acaf8eb6dc0bc3580,13253,itatiba,SP,11.42261574074074,34.43811342592593,0,230.03
c8e61ba622e20d56e712335406093067,7efb748547e57959499947ea36460a24,delivered,2017-12-01 13:31:55,2017-12-01 13:58:23,2017-12-06 16:19:16,2017-12-08 19:34:57,2017-12-26,129.0,13.92,1,1,142.92,2,1,5.0,1.0,88a1d0f48fe4fccb30f960c925644fd8,9689,sao bernardo do campo,SP,7.252106481481482,24.436168981481483,0,142.92
e9a22dcbd75fcabceb686e5d6745b07b,16ea6215d04210ee5847d91040024792,delivered,2017-12-01 13:35:32,2017-12-01 13:58:27,2017-12-04 21:42:57,2017-12-08 00:23:24,2017-12-29,84.99,15.35,1,1,100.34,1,1,5.0,1.0,597ef8cb19501376ed11206094c0f3dc,80610,curitiba,PR,6.449907407407407,27.433657407407406,0,100.33999999999999
52bd968ba85e19e47b9d5f939e4a4b24,375b84477a8c0b4120bf4459a11bdc56,delivered,2017-12-01 13:39:54,2017-12-02 02:38:32,2017-12-04 21:29:04,2017-12-15 23:38:33,2017-12-26,76.96,16.17,1,1,93.13,1,1,4.0,1.0,07a725430cedc49e17e0f00e1fbf70cb,13820,jaguariuna,SP,14.415729166666667,24.430625,0,93.13
c47f8d001b46c06bba495ae1b0ef2dfa,0a6a2c30e710204472adcd654bb7a662,delivered,2017-12-01 13:44:57,2017-12-01 13:58:44,2017-12-04 22:34:53,2017-12-11 23:13:19,2018-01-03,89.99,16.39,1,1,106.38,8,1,5.0,1.0,a224940861ba26095fb10ba2fbfcc7e4,39770,coluna,MG,10.394699074074074,32.42711805555555,0,106.38
4c05288ce87fd35acbaa04fec7070339,0a939b926ba6773c282fbce261082f9b,delivered,2017-12-01 13:45:09,2017-12-02 02:52:19,2017-12-06 13:07:47,2017-12-19 20:19:11,2018-01-02,99.0,17.94,1,1,116.94,1,1,3.0,1.0,e187a4f568431067618a5d9c8f73652a,75940,edeia,GO,18.27363425925926,31.426979166666666,0,116.94
9e22b00fd1b9f036577e8c517ea0a5d4,5a7346263920ecab0f88da703bbaf3b1,delivered,2017-12-01 13:45:30,2017-12-03 13:52:24,2017-12-04 21:22:58,2018-01-03 21:36:42,2017-12-27,300.0,80.08,4,1,380.08,1,1,2.0,1.0,0fb360a422d2297dcf21d4d7b91028db,22793,rio de janeiro,RJ,33.327222222222225,25.42673611111111,1,380.08
7ca1ad2143cdd9d02d4d9c1fe9656f4c,6262b34bbcd894a177d5c890e84c30ab,delivered,2017-12-01 13:46:06,2017-12-01 13:58:45,2017-12-07 15:15:25,2017-12-27 21:33:21,2018-01-16,134.7,98.39999999999999,3,1,233.1,10,1,5.0,1.0,f8d2ce74b814acbf8db166a3d542abec,92130,canoas,RS,26.324479166666666,45.426319444444445,0,233.09999999999997
f1b19188d070474e6b24f5e12da6ef4c,44485248f680a12db8e824608a32de41,delivered,2017-12-01 13:46:43,2017-12-01 13:58:50,2017-12-06 21:28:33,2017-12-12 16:33:46,2017-12-29,48.9,17.6,1,1,66.5,1,1,4.0,1.0,b56a9485cd8a9ec00c366912cd29c809,4552,sao paulo,SP,11.116006944444445,27.425891203703703,0,66.5
6d03ab0713a35b9475f6c5ed0d989976,a5adb81886eb68c76f621cb69a2eb9f6,delivered,2017-12-01 13:49:05,2017-12-01 14:11:22,2017-12-02 13:09:27,2017-12-29 19:05:16,2017-12-28,7.5,16.11,1,1,23.61,1,1,3.0,1.0,cb9f1b479c24cdcbd80d7c7064e4c9fd,27521,resende,RJ,28.21957175925926,26.424247685185186,1,23.61
f35ff8b8e2e627ad2a1ae6b89b4806e7,2894cb87675e5f72fd95259f0ca37eca,delivered,2017-12-01 13:49:11,2017-12-01 13:58:49,2017-12-04 19:38:36,2017-12-07 22:17:29,2017-12-26,50.0,25.38,2,1,75.38,4,1,4.0,1.0,a177014a6f3e42854c24bf59b6871447,16430,guaicara,SP,6.352986111111111,24.42417824074074,0,75.38
e3aabf962e916c57a335a4731d479c70,11b9d87705e14c4d101622c838fe9bbb,delivered,2017-12-01 13:58:41,2017-12-01 14:12:08,2017-12-02 12:17:35,2017-12-06 19:09:16,2017-12-19,99.9,12.4,1,1,112.3,2,1,5.0,1.0,87c9eb971f4cfcbefa08cb27b21bc9a7,11704,praia grande,SP,5.215682870370371,17.41758101851852,0,112.30000000000001
a08a716f7c4514877f9f907aa11294a9,f9a80227a087e3a2008a73e0b19a54e7,delivered,2017-12-01 14:05:44,2017-12-01 14:31:48,2017-12-05 21:27:07,2017-12-08 22:57:33,2017-12-26,118.0,26.86,2,1,144.86,4,1,5.0,1.0,73b78f75df448f01b52aee67c38e1b4d,16071,aracatuba,SP,7.369317129629629,24.412685185185186,0,144.86
12dfd48a9e526859cc845d4856be12eb,99aed5ee153dc29a704ba0aa13056d2f,delivered,2017-12-01 14:08:31,2017-12-01 14:17:28,2017-12-11 16:03:20,2018-01-12 00:15:11,2018-01-05,99.99,25.98,1,1,125.97,2,1,1.0,1.0,b0eb9da054d6c677ba2cebec794b7c4f,78780,alto araguaia,MT,41.4212962962963,34.410752314814815,1,125.97
e134db9b2f9178ed55725a25b33e48c4,94167b0d4256412ff0bd9e2184e32f32,delivered,2017-12-01 14:09:20,2017-12-01 14:39:10,2017-12-11 19:23:40,2017-12-20 21:33:57,2017-12-19,1599.0,45.36,1,1,1644.36,1,1,1.0,1.0,c1099629bd44f439554021f60cdb120c,1529,sao paulo,SP,19.308761574074072,17.410185185185185,1,1644.36
189f6ebeadf450bb5abaff2b8a55ffd2,fe826d3b6cfb3ef2dcade4fdc9dcce4f,delivered,2017-12-01 14:12:58,2017-12-05 04:12:27,2017-12-06 00:12:47,2017-12-15 20:44:53,2017-12-29,260.9,31.32,2,1,292.22,1,1,5.0,1.0,8266a33ae45def22e9a5142f504746f1,27923,macae,RJ,14.272164351851853,27.40766203703704,0,292.21999999999997
5f739b9d416fe64eaaca0f74c6a96239,2740275ffdc269b76a204c20fbb880d5,delivered,2017-12-01 14:16:10,2017-12-01 14:39:00,2017-12-04 23:24:39,2017-12-12 22:18:58,2017-12-26,89.99,26.25,1,1,116.24,1,1,5.0,1.0,e01719d1077d8e338be6d5b91b24947d,38744,patrocinio,MG,11.335277777777778,24.405439814814816,0,116.24
d2ff49a57446cba2b7cd5b8211d43db4,3c7c0817031460a455bb61fbc80515ee,delivered,2017-12-01 14:16:20,2017-12-01 14:39:00,2017-12-04 21:54:26,2017-12-08 14:52:08,2017-12-21,89.99,9.44,1,1,99.43,2,1,1.0,1.0,a7d4bf537dfe277f70e1b63a2ad1534b,13486,limeira,SP,7.024861111111111,19.405324074074073,0,99.42999999999999
2d48e0823cd1b60fcd0653613d712e27,0a0cb67a965b9c7e35f5595053b79bd3,delivered,2017-12-01 14:16:47,2017-12-01 14:39:00,2017-12-04 20:13:35,2017-12-05 18:41:29,2017-12-19,69.9,8.72,1,1,78.62,2,1,5.0,1.0,730ae8c327cf72c645de5fd7238ae4dc,4311,sao paulo,SP,4.1838194444444445,17.405011574074074,0,78.62
f4b75a851727133860699dd7a8acda5f,2b02d032edb6e61872c6a7869e7e52c2,delivered,2017-12-01 14:18:33,2017-12-02 10:18:39,2017-12-13 15:19:22,2017-12-26 17:48:53,2018-01-09,104.9,42.76,1,1,147.66,1,1,4.0,1.0,e6d511bd228c7136272472a56c6672dd,52041,recife,PE,25.146064814814814,38.40378472222222,0,147.66
49a4ac17405a0e93eacd89de7e081904,f2ae3d9d66ccbf0adba94db444dc7a00,delivered,2017-12-01 14:19:12,2017-12-01 14:39:01,2017-12-04 18:13:38,2017-12-27 18:42:26,2017-12-26,13.7,14.1,1,1,27.8,1,1,1.0,1.0,fc7e3fe2d8e68979e897570254ee78a1,23061,rio de janeiro,RJ,26.182800925925925,24.403333333333332,1,27.799999999999997
ac9ded1f3d754d8a13787ff88fd7b4f1,f2d18d44a6dfaa9be63649d65041d038,delivered,2017-12-01 14:27:39,2017-12-05 04:12:06,2017-12-11 21:12:57,2017-12-27 21:33:32,2017-12-28,49.9,16.11,1,1,66.01,1,1,3.0,1.0,5a0fd5d12f969cf5b9f81b5e6798955b,27540,resende,RJ,26.295752314814816,26.397465277777776,0,66.00999999999999
4e9b5654a8e87fbf1f0010429835dbcf,ce00ac7b1fd65ef1493960dbca9ee71a,delivered,2017-12-01 14:30:08,2017-12-01 14:49:34,2017-12-04 18:23:15,2017-12-11 19:51:46,2017-12-27,56.89,15.16,1,1,72.05,3,1,5.0,1.0,fd1df4bcd96b397659b947c5c8508c1f,4552,sao paulo,SP,10.223356481481481,25.39574074074074,0,72.05
b28f406dacca37ff27d85f7982344d2f,746d22dfbb196e81c8703ddee866aa5d,delivered,2017-12-01 14:32:31,2017-12-02 02:51:10,2017-12-06 11:47:07,2017-12-11 16:37:48,2017-12-28,109.9,12.9,1,1,122.8,1,1,4.0,1.0,917aaf420bc9836da7af3ea67743c3b2,2022,sao paulo,SP,10.087002314814814,26.39408564814815,0,122.80000000000001
6aa1b68888b0cf160c7072009c46ea24,c1e297d0f9c9a661bb83e5d692a66555,delivered,2017-12-01 14:35:06,2017-12-01 14:49:35,2017-12-01 23:22:14,2017-12-04 23:43:09,2017-12-19,152.0,9.26,1,1,161.26,8,1,5.0,1.0,0895c61a77b305efdfad13596c749c60,13088,campinas,SP,3.380590277777778,17.392291666666665,0,161.26
931fdd63ba701dba6def14b3655e0a32,bc4851eac6f3eae2da00c2d91f5c5c41,delivered,2017-12-01 14:38:00,2017-12-01 14:49:40,2017-12-04 21:42:11,2017-12-19 18:07:35,2018-01-02,84.99,16.35,1,1,101.34,10,1,1.0,1.0,69f2934ad8b50cc05587a94cc7d68fc9,85601,francisco beltrao,PR,18.14554398148148,31.39027777777778,0,101.34
673c33bc0fb36d9b542e2bb104c14841,3375af073244691dddbae118c1b518d3,delivered,2017-12-01 14:40:25,2017-12-01 14:49:49,2017-12-06 22:10:58,2017-12-29 18:18:03,2018-01-04,29.9,28.75,1,1,58.65,1,2,1.0,1.0,d138c16eb8e4cc30948260a057a66687,91120,porto alegre,RS,28.15113425925926,33.38859953703704,0,58.65
5278f92718cd6d3de89da59a99515b34,39c4545c05884339f82340bd79a8a679,delivered,2017-12-01 14:42:23,2017-12-01 14:54:23,2017-12-04 19:53:53,2018-01-03 14:10:29,2018-01-04,149.65,26.33,1,1,175.98,3,1,5.0,1.0,d8f5ee4b76c82faf04e01c0b5bd5e9ed,78043,cuiaba,MT,32.97784722222222,33.38723379629629,0,175.98000000000002
94e9d4fb987019517b0aac56db0ae735,0fb55518436111358f550b10bfe4e180,delivered,2017-12-01 14:46:09,2017-12-05 04:12:25,2017-12-06 22:48:36,2017-12-14 20:33:22,2018-01-03,49.0,16.24,1,1,65.24,1,1,5.0,1.0,70cfa73f84331fd808c8e1bf10f6213d,36307,sao joao del rei,MG,13.241122685185186,32.384618055555556,0,65.24
284dfdbca771e6488f7c8f9114f407a9,6abd8ff31dd9ea5d6a95b500da430975,delivered,2017-12-01 14:48:56,2017-12-01 14:58:27,2017-12-04 20:42:24,2017-12-22 22:58:00,2018-01-16,38.97,17.92,1,1,56.89,1,1,4.0,1.0,1a8ad9a412cd86236a086b3b2ac3e102,44900,irece,BA,21.33962962962963,45.38268518518519,0,56.89
fcbb6af360b31b05460c2c8e524588c0,515a833ce56a4c3153f102787c272e4e,delivered,2017-12-01 14:51:05,2017-12-01 14:57:29,2017-12-18 19:09:04,2018-01-11 00:27:21,2018-01-05,1050.0,144.38,1,1,1194.38,24,1,1.0,1.0,0ec5bddf9b389fa7c737a2db61b6577d,21610,rio de janeiro,RJ,40.40018518518519,34.38119212962963,1,1194.38
e67079e951179d571be3c4bb463f47a7,c9b6c820eb45e89a822c0467eb468c74,delivered,2017-12-01 14:53:50,2017-12-01 15:19:09,2017-12-04 17:51:46,2017-12-06 22:22:37,2017-12-27,56.89,15.16,1,1,72.05,3,1,5.0,1.0,00c3c74b09b2022ac2c0f43bb09797b4,5547,sao paulo,SP,5.311655092592592,25.37928240740741,0,72.05
51965bbaf28462239df82affdbbb1301,30077c39313e8f71c1f94365474c741d,delivered,2017-12-01 15:03:07,2017-12-02 02:37:26,2017-12-04 18:34:49,2017-12-05 16:47:08,2017-12-19,23.49,8.27,1,1,31.76,1,1,4.0,1.0,1d8723cf8c3104c06962bfc35d7131f4,9854,sao bernardo do campo,SP,4.072233796296296,17.372835648148147,0,31.759999999999998
cb55e6deb67ba10e409f5e3e0a968254,ca585d20191f99e8dd7c811fe666b63c,delivered,2017-12-01 15:11:37,2017-12-01 15:30:45,2017-12-04 23:53:45,2017-12-13 20:27:02,2018-01-02,113.0,21.28,1,1,134.28,2,1,3.0,1.0,a00dacbc666efe1dadcc55a56a62603a,83370,antonina,PR,12.219039351851851,31.36693287037037,0,134.28
05bc55c2402923914487bf644d917ad5,3f00c5554323c1de1b010995f7bdbbd2,delivered,2017-12-01 15:17:48,2017-12-01 15:30:50,2017-12-07 18:44:45,2017-12-20 18:39:07,2017-12-26,99.99,16.95,1,1,116.94,2,1,5.0,1.0,e97b18fc8c6d72975f8689f4a1829080,8253,sao paulo,SP,19.13980324074074,24.36263888888889,0,116.94
5cba90f4426ae8c12848639992997edf,d3e96567e2456d033de617c74776e7b2,delivered,2017-12-01 15:18:25,2017-12-02 02:37:11,2017-12-06 00:52:05,2017-12-22 15:54:34,2018-01-10,14.9,25.63,1,1,40.53,1,1,4.0,1.0,a0f619ac6cd2d9cc9194f265dac97d9e,66095,belem,PA,21.025104166666665,39.36221064814815,0,40.53
2835db7029951274a3a1ec7ea37d9254,545505856b08fcdd8c1571f73c3c66d0,delivered,2017-12-01 15:18:31,2017-12-05 04:12:23,2017-12-05 19:07:27,2017-12-18 12:53:15,2018-01-03,29.5,17.92,1,1,47.42,1,1,4.0,1.0,f0a61cf47535afda9d4454c9449e63e5,22030,rio de janeiro,RJ,16.89912037037037,32.3621412037037,0,47.42
8019e5f3a23ce0342b60a67f3fda2c65,7e0b99de3ad5bd9bea61fea9629aff5d,delivered,2017-12-01 15:22:27,2017-12-05 04:15:40,2017-12-05 20:27:45,2017-12-18 21:22:02,2017-12-27,49.9,15.1,1,1,65.0,1,1,5.0,1.0,30ec1e42686b488e353712bcde544e5d,22775,rio de janeiro,RJ,17.24971064814815,25.35940972222222,0,65.0
de0e984a881ce75f0f313038b3b3bda0,910c45960d27ad2fb3194086b0fd5ef4,delivered,2017-12-01 15:24:47,2017-12-01 15:34:25,2017-12-06 00:56:29,2017-12-11 20:34:05,2017-12-19,43.99,7.78,1,1,51.77,1,1,1.0,1.0,0bd8244133096b90feb71dcb6e496ae8,13101,campinas,SP,10.214791666666667,17.357789351851853,0,51.77
4240d84451ff02c5a7f3f34926699cd9,1072ac5dc4911bd53dd08f11d024ce2a,delivered,2017-12-01 15:32:44,2017-12-05 04:13:27,2017-12-05 20:44:52,2017-12-12 20:44:10,2017-12-29,548.35,19.6,1,1,567.95,1,1,5.0,1.0,40a01c0e311a2ab2fe2c62fa17e602af,37476,cristina,MG,11.216273148148149,27.352268518518517,0,567.95
69152feaafd64d08f0aa216e5f3c5a5b,ba8cb0c70b9d78aa8304bda4d23f2d70,delivered,2017-12-01 15:36:54,2017-12-01 16:00:16,2017-12-05 01:04:52,2017-12-14 12:47:06,2017-12-28,49.77,15.1,1,1,64.87,1,1,4.0,1.0,e93a8bc2dfece11ec9cdef4439222acb,38412,uberlandia,MG,12.882083333333334,26.349375,0,64.87
570065bfd340aecea7e2c960ec530b6f,0c3f9fbb8f56db0aa2128edf30ebe544,delivered,2017-12-01 15:39:48,2017-12-01 16:00:20,2017-12-05 01:03:01,2017-12-12 22:57:51,2018-01-08,45.65,15.1,1,1,60.75,1,1,5.0,1.0,3e43fc8a00d1e9ef2879b0e842820155,96760,tapes,RS,11.304201388888888,37.34736111111111,0,60.75
72af7514238e36c16453f0a9146ecb52,1ea8e45ffebf367b2f046c8b3c8ff230,delivered,2017-12-01 15:40:46,2017-12-03 15:35:50,2017-12-04 22:52:24,2017-12-11 16:58:43,2017-12-19,19.99,8.72,1,1,28.71,2,1,4.0,1.0,bc5b38c4913692426b92b0d40a6ddc1f,1030,sao paulo,SP,10.054131944444444,17.346689814814816,0,28.71
eaf25d31a437014ab7271e91dead59c4,c468e7c6af0176a40092ffb15f3119b0,delivered,2017-12-01 15:44:08,2017-12-01 16:00:31,2017-12-04 18:35:05,2017-12-06 15:42:31,2017-12-26,89.0,12.96,1,1,101.96,1,1,5.0,1.0,8ae26e6db04aeaccf8c41a55ad87521c,14160,sertaozinho,SP,4.9988773148148145,24.34435185185185,0,101.96000000000001
4b084373ddadca63d02071a40596da80,79f38356c8c86dc2ef82f5609cfc0135,delivered,2017-12-01 15:49:57,2017-12-01 16:00:33,2017-12-06 23:17:03,2017-12-14 22:10:15,2017-12-27,162.0,79.36,4,1,241.36,10,1,1.0,1.0,fb3e55014819eef5745a9c6c7a5444f7,20230,rio de janeiro,RJ,13.264097222222222,25.3403125,0,241.36
92e569b96881cdc062cc199bc7465002,6b50e8e8f944c111ed859a1df91e8138,delivered,2017-12-01 15:52:41,2017-12-01 16:10:20,2017-12-04 18:13:41,2017-12-13 00:09:36,2018-01-04,98.99,17.97,1,1,116.96,1,1,5.0,1.0,5ceb31e960b2c44e38fa80db623b26bf,25946,guapimirim,RJ,11.345081018518519,33.33841435185185,0,116.96
423bacebe695187f7c0f4c416adf5a37,63d9ab3860865d1ca636bae0f5480d6d,delivered,2017-12-01 16:01:06,2017-12-01 16:11:24,2017-12-04 22:37:37,2017-12-14 17:02:48,2018-01-04,39.8,33.58,2,1,73.38,5,1,5.0,1.0,b8d36e8551a637e3bb847456069fae9b,36335,ritapolis,MG,13.042847222222223,33.332569444444445,0,73.38
67204cd665c7418b36623b21584dc92c,e28c7984cdad31abb88f1e19cd8621e1,delivered,2017-12-01 16:13:05,2017-12-01 16:40:20,2017-12-07 22:07:02,2018-01-13 12:49:20,2017-12-29,169.9,57.86,1,1,227.76,4,1,1.0,1.0,9159c04b88895d995741dd5b9b7a5f1d,28035,campos dos goytacazes,RJ,42.85850694444444,27.324247685185185,1,227.76
16efc11ccab2e8a17656020f80cd39e3,0a564cb06b5914890ac8f1664ece017e,delivered,2017-12-01 16:13:44,2017-12-05 04:11:45,2017-12-06 01:38:54,2018-02-05 21:08:10,2017-12-27,209.0,46.93,1,1,255.93,1,1,1.0,1.0,96fc491a6ce0aa111de859fcb5411da9,24730,sao goncalo,RJ,66.2044675925926,25.323796296296297,1,255.93
875ab1a09eb128fa4a3bcedabfb42df6,a315d6e7a55b81d0e0f794bb1e08b729,delivered,2017-12-01 16:16:35,2017-12-01 16:40:35,2017-12-05 23:58:46,2017-12-10 14:03:07,2017-12-28,439.0,33.41,1,1,472.41,8,1,4.0,1.0,7c269c094eb72fe67154b16e18f88ec7,5616,sao paulo,SP,8.907314814814814,26.32181712962963,0,472.40999999999997
638c43326cd8c7403a2bf818e46b779e,b22658c153336a249dd82bae710c2f9a,delivered,2017-12-01 16:19:38,2017-12-01 16:40:34,2017-12-04 22:09:39,2017-12-24 10:28:02,2018-01-02,39.99,16.79,1,1,56.78,2,1,4.0,1.0,f734a4e29dceee80c8f0a7e318d6ad34,39804,teofilo otoni,MG,22.75583333333333,31.319699074074073,0,56.78
4b1c6eb00f599c2ea1d21e446cd60efa,1b337a877720669c2f18c277c5dbbf69,delivered,2017-12-01 16:26:45,2017-12-01 16:40:43,2017-12-04 21:28:29,2017-12-14 18:42:28,2017-12-27,140.0,57.65,1,1,197.65,1,1,3.0,1.0,1028ab5aecbcdfe221a761830f0f8f24,35903,itabira,MG,13.094247685185184,25.314756944444444,0,197.65
dedfae6510ab02ac08526276e245e006,a0727389c830127a85aee70ca5279b81,delivered,2017-12-01 16:32:52,2017-12-04 09:29:58,2017-12-11 19:43:21,2018-01-05 19:08:29,2018-01-03,64.89,17.7,1,1,82.59,1,1,3.0,1.0,3126c1a8c6c019ac92c7adfe193e6c75,39860,nanuque,MG,35.10806712962963,32.31050925925926,1,82.59
110f23195a2ddb2ccaad30b37bfacbbf,150143ea3d26900ada875ff4ca7950a4,delivered,2017-12-01 16:34:59,2017-12-01 16:49:31,2017-12-08 21:28:46,2017-12-26 19:34:24,2018-01-03,36.8,39.18,2,1,75.98,3,1,5.0,2.0,7cb20dd79b4b5bfda52b712000a30de5,29143,cariacica,ES,25.124594907407406,32.30903935185185,0,75.97999999999999
8d42bc7cf9914679406f48db0e05e571,481bc44dade5fd594cc14012ba50b262,delivered,2017-12-01 16:35:00,2017-12-01 16:49:33,2017-12-08 22:16:05,2017-12-27 21:59:10,2018-01-02,54.9,27.76,1,1,82.66,3,1,5.0,2.0,7cb20dd79b4b5bfda52b712000a30de5,29143,cariacica,ES,26.22511574074074,31.30902777777778,0,82.66
1853610c46a77ba436f5e06e16ec8302,8349c37874abf342822f4ae6c20ae949,delivered,2017-12-01 16:39:06,2017-12-01 16:49:40,2017-12-04 12:19:33,2017-12-08 20:51:46,2017-12-27,59.8,15.17,1,1,74.97,3,1,4.0,1.0,6cde5ed6a701131f96b598d4490ce710,88311,itajai,SC,7.175462962962963,25.306180555555557,0,74.97
666a3fba59ffe0f70203090fdff3a61f,98155bff952dcee9c1184ca64103a1b5,delivered,2017-12-01 16:39:54,2017-12-01 16:49:40,2017-12-04 18:13:40,2017-12-07 20:08:42,2017-12-26,129.9,10.32,1,1,140.22,1,1,5.0,1.0,87eeca1f7606db239a54f786e6a46c9b,21321,rio de janeiro,RJ,6.145,24.305625,0,140.22
62298ce96fd87a8c6dbd04c4b2a16d41,1aa26144f171fa1e7082aa0bd5a02e20,delivered,2017-12-01 16:42:35,2017-12-01 16:53:29,2017-12-05 11:22:09,2017-12-19 17:13:19,2017-12-27,37.99,12.69,1,1,50.68,1,1,4.0,1.0,e7fdb450df9cb5915176faf3c938d1fd,5016,sao paulo,SP,18.021342592592593,25.303761574074073,0,50.68
bcbead00f0c2dfabaf82fa4af5611f71,4810aaf21cbaf4e6a887e42cae0039e0,delivered,2017-12-01 16:45:57,2017-12-01 17:19:05,2017-12-05 13:09:00,2017-12-20 17:44:03,2017-12-27,299.99,17.86,1,1,317.85,1,1,5.0,1.0,c9ff95ec8ee314da72d3b0bbea265616,18270,tatui,SP,19.040347222222223,25.30142361111111,0,317.85
2c9692d95147996e657865c7f5ec42fc,03d8d8b0f58a42941ae8dd9ef3988eed,delivered,2017-12-01 16:46:04,2017-12-01 16:57:27,2017-12-05 22:48:06,2017-12-08 16:45:24,2017-12-20,124.9,14.27,1,1,139.17,2,1,5.0,1.0,a0858dd9227559842a82c2cf773081cd,6602,jandira,SP,6.999537037037037,18.301342592592594,0,139.17000000000002
4c05568a8cbfba6c3502aa38dd34c9c2,33829a5ab9c9fbe1c5a55943b73250ad,delivered,2017-12-01 16:46:37,2017-12-01 16:55:35,2017-12-13 19:18:28,2017-12-29 15:46:55,2017-12-26,78.76,14.69,1,1,93.45,1,1,1.0,1.0,91877c47c40137d5c7226bdae4e47ba2,20511,rio de janeiro,RJ,27.958541666666665,24.30096064814815,1,93.45
231e2dace3795631b40339ad8c53e5d0,ba3747e330b392aca8c504a91a3b6ed4,delivered,2017-12-01 16:49:36,2017-12-01 16:58:26,2017-12-06 23:03:50,2017-12-11 18:36:58,2018-01-03,210.0,41.86,1,1,251.86,5,1,4.0,1.0,5bb6aa0c66768142a9da3b6751b1fbbf,19600,rancharia,SP,10.074560185185184,32.29888888888889,0,251.86
f2125ad278ab03d4779ded7001337ee1,f231bfa6a643f23fa187394cf9a8c98d,delivered,2017-12-01 16:51:00,2017-12-03 16:53:45,2017-12-06 18:17:03,2017-12-19 18:09:25,2018-01-08,279.9,21.45,1,1,301.35,5,1,1.0,1.0,38cfe0709a4c787caaf63fcce697b8e3,20521,rio de janeiro,RJ,18.05445601851852,37.297916666666666,0,301.34999999999997
1d791267fec7d64556bf4bdbaa5416c2,054e2d5e2e62f26e884cfd2e9bbeeab7,delivered,2017-12-01 16:58:27,2017-12-03 16:53:52,2017-12-06 16:42:12,2017-12-13 23:38:46,2017-12-28,348.8,16.19,1,1,364.99,5,1,5.0,1.0,22d47c0d3a0a3d5667b73a5f1d8bb20a,72015,brasilia,DF,12.277997685185186,26.292743055555555,0,364.99
475fa9160e2a29d7eb459744a2b16635,d610aec427a7162440339804b45559d2,delivered,2017-12-01 17:00:41,2017-12-05 04:18:38,2017-12-06 20:58:36,2017-12-27 18:52:29,2017-12-26,25.99,11.85,1,1,37.84,1,1,5.0,1.0,ec39f1e8b8321e93194fd73693d4f920,11740,itanhaem,SP,26.077638888888888,24.29119212962963,1,37.839999999999996
1cd5bf46850066b6dd1321c0680ed93f,51058a70e7b0594b71314346eb64f4cd,delivered,2017-12-01 17:03:26,2017-12-01 17:19:52,2017-12-04 18:07:16,2017-12-06 14:52:28,2017-12-19,49.9,8.72,1,1,58.62,1,1,5.0,1.0,cfd472b63cf204c38bc6614b64e379f2,9310,maua,SP,4.909050925925926,17.28928240740741,0,58.62
062171ae61a088263fec533c7b4aadca,bbfd3aff4e6623084092d393567ac124,delivered,2017-12-01 17:07:56,2017-12-01 17:19:58,2017-12-05 23:09:12,2017-12-20 19:13:32,2018-01-04,219.0,17.97,1,1,236.97,8,1,5.0,1.0,7f5da5066c49789a1f5e6371e7d72e8e,45654,ilheus,BA,19.087222222222223,33.28615740740741,0,236.97
3ee6a5145ccf8837184fe98c491e232c,7e717f19f1be475d462d048552c7e0fe,delivered,2017-12-01 17:09:35,2017-12-01 17:30:26,2017-12-07 22:10:40,2017-12-08 20:34:35,2017-12-27,179.0,17.99,1,1,196.99,1,1,4.0,1.0,25ee64833b4517bbd910f6f981859626,9683,sao bernardo do campo,SP,7.142361111111111,25.285011574074073,0,196.99
4c4c18f172becac0b104709006c11a9b,4bf3c039809b9e6d39e8c207bb5d6325,delivered,2017-12-01 17:12:58,2017-12-05 04:17:31,2017-12-06 21:26:47,2018-01-04 00:13:32,2018-01-08,235.9,43.68,1,1,279.58,1,1,5.0,1.0,2efd222acea6e5b2c294ea65af6424f5,96495,candiota,RS,33.292060185185186,37.282662037037035,0,279.58
bd8b880cb77c8814dfce61086015fe1b,b66c4427aabee52ef52dc915d25faba7,delivered,2017-12-01 17:13:56,2017-12-01 17:30:27,2017-12-04 22:28:58,2017-12-22 18:34:59,2018-01-10,412.91,40.44,1,1,453.35,5,1,5.0,1.0,f81481ce999df3f2f60fa451813f7e2f,62400,camocim,CE,21.056284722222223,39.28199074074074,0,453.35
ee7560a748685ea9c6d3bb5341f4e97e,29fe5fbfb6d35ec13954cacf85e3e341,delivered,2017-12-01 17:17:29,2017-12-01 17:29:49,2017-12-04 20:52:40,2017-12-19 17:12:15,2018-01-03,209.9,21.96,1,1,231.86,2,1,4.0,1.0,a3c09de4545ea911aa36f25211ddf483,85877,sao miguel do iguacu,PR,17.996365740740742,32.279525462962965,0,231.86
2ab2159c05ced98c935040d34ba5840c,751dbc90791ddaeead2e309fcca2f009,delivered,2017-12-01 17:22:12,2017-12-01 17:31:24,2017-12-08 14:57:04,2017-12-21 19:43:41,2017-12-28,116.59,18.07,1,1,134.66,1,1,5.0,1.0,e3f9e1770475aab1b6c1cf7be75883f5,31720,belo horizonte,MG,20.098252314814815,26.27625,0,134.66
780f86cd429a9039a91710b350accdee,f925c248cba4a2c048e952e13e06f61c,delivered,2017-12-01 17:27:57,2017-12-01 17:36:27,2017-12-06 23:33:09,2017-12-20 20:32:43,2018-01-05,59.0,28.81,1,1,87.81,3,1,5.0,1.0,f2063195fdb9a77cb1fef31f3b6a346b,61656,caucaia,CE,19.128310185185185,34.27225694444444,0,87.81
b3d40dc91d81ff9c5d78201fa392a79e,501ec6b10ff39d8ddf9c551d7b34f2d9,delivered,2017-12-01 17:28:38,2017-12-02 02:37:41,2017-12-04 22:12:51,2017-12-08 22:21:54,2017-12-26,49.39,12.69,1,1,62.08,1,1,5.0,1.0,d5c397c1dd9d906384d7d57a4107ffe0,18460,itarare,SP,7.203657407407407,24.271782407407407,0,62.08
2d5abff139e8101029312b689bfeae7a,662ab7afd6f9c9dfd5677cea9867f742,delivered,2017-12-01 17:30:00,2017-12-03 12:53:15,2017-12-04 19:33:59,2017-12-07 21:53:18,2017-12-19,199.99,13.1,1,1,213.09,1,1,4.0,1.0,018ccb97f791b89dc7ae72b4a114b00a,7130,guarulhos,SP,6.182847222222223,17.270833333333332,0,213.09
7c1157b0ae1b27fe44017fbc2ccdb8a3,33b51aa80282e03b34f09cdb0a0a906d,delivered,2017-12-01 17:30:04,2017-12-01 17:38:22,2017-12-05 20:04:36,2017-12-11 23:07:25,2018-01-04,53.97,25.66,1,1,79.63,3,1,5.0,1.0,f9e1da122e0b07dd8b2f97182ce8ee0e,24440,sao goncalo,RJ,10.234270833333333,33.27078703703704,0,79.63
dea797c7c316b451316f16073995a03e,84ac9077d6f033eefa1fdcfc5550b586,delivered,2017-12-01 17:33:04,2017-12-03 17:34:25,2017-12-05 00:32:36,2018-01-04 20:17:34,2018-01-05,69.99,22.81,1,1,92.8,9,1,5.0,1.0,131384fdb8cbaa54cd90c26c4832573d,64078,teresina,PI,34.11423611111111,34.26870370370371,0,92.8
e23006337203868e5bd34c7e188eb87d,27521e9ab2d6a683db9364fa35f83d3e,delivered,2017-12-01 17:36:30,2017-12-01 17:59:11,2017-12-04 21:23:04,2017-12-15 13:56:58,2017-12-20,75.0,13.08,1,1,88.08,1,1,4.0,1.0,99931a2b84e283bf84983b800bac2509,8223,sao paulo,SP,13.847546296296295,18.266319444444445,0,88.08
200b4f185c5ec3d68597e304f5d7dd6b,9cf3794454b4f859eaacbd7db13b7364,delivered,2017-12-01 17:43:18,2017-12-05 04:13:22,2017-12-05 21:13:39,2017-12-14 19:12:40,2017-12-29,45.0,15.1,1,1,60.1,1,1,5.0,1.0,37645f13ee7b2244232ac43c6174f98d,89709,concordia,SC,13.062060185185185,27.26159722222222,0,60.1
770a3663e1ccbc4789fbf366a49529c8,60c9c9568fdcbbccfc7ddc387f76e200,delivered,2017-12-01 17:44:22,2017-12-01 17:59:07,2017-12-07 12:25:44,2017-12-22 23:08:59,2017-12-28,99.9,17.95,1,1,117.85,10,1,5.0,1.0,5cdbff27ae9bb0812d23e36f517feb23,29208,guarapari,ES,21.22542824074074,26.260856481481483,0,117.85000000000001
c1298dde22013d58424f39ec4397f54d,c03d03f0137a4570806d8b2ba8c8afba,delivered,2017-12-01 17:53:35,2017-12-02 02:38:32,2017-12-04 20:56:50,2017-12-26 19:48:55,2018-01-04,89.9,17.88,1,1,107.78,1,1,5.0,1.0,36be413fe0f4a74eee7b764e758730ed,79051,campo grande,MS,25.080092592592592,33.25445601851852,0,107.78
14d35062b86c2e1f69376af68e9e2a1e,5883dd12bf11ff68af8a169dc7431e75,delivered,2017-12-01 17:53:36,2017-12-02 02:38:29,2017-12-06 21:58:46,2017-12-23 15:36:48,2017-12-29,89.9,17.88,1,1,107.78,1,1,4.5,2.0,36be413fe0f4a74eee7b764e758730ed,79051,campo grande,MS,21.905,27.254444444444445,0,107.78
f907037403c50e681d45e8e55ba27420,7584654111d3b877adfda731735f602a,delivered,2017-12-01 17:57:21,2017-12-01 18:10:12,2017-12-06 03:43:03,2017-12-21 20:56:53,2017-12-28,46.9,31.79,1,1,78.69,2,1,3.0,1.0,4f82e1e076d9e0a077dd3d62da608744,65047,sao luis,MA,20.124675925925924,26.251840277777777,0,78.69
31228e47008f9cc210b5e033723dad1d,73d09ca227c5225e02b98e99f20d0ebc,delivered,2017-12-01 18:00:53,2017-12-01 18:12:24,2017-12-05 00:26:07,2017-12-14 12:53:14,2018-01-03,157.56,38.17,2,1,195.73,3,1,4.0,1.0,131d6890593a3ec8294238e05ae72adb,50720,recife,PE,12.786354166666667,32.24938657407407,0,195.73000000000002
4ed72b48d55c5cb2ad3a63f2b96dca12,21f278eb70a67b20a0ef209cef3e47dc,delivered,2017-12-01 18:02:11,2017-12-03 17:56:33,2017-12-04 22:46:49,2017-12-09 14:16:57,2017-12-27,169.97,16.63,1,1,186.6,1,1,5.0,1.0,6597bb764c5cb4bee6ee7509c1c61b64,22061,rio de janeiro,RJ,7.843587962962963,25.248483796296295,0,186.6
dcc806fad366274f6fbfc81da473b307,0f0c9ca4e6328bcf59b283d3c02d6568,delivered,2017-12-01 18:14:34,2017-12-01 18:38:33,2017-12-06 20:03:08,2018-01-03 17:48:58,2017-12-26,29.0,16.11,1,1,45.11,1,1,1.0,1.0,76b7e0e8329b419ae445e9254a62b9a8,22723,rio de janeiro,RJ,32.98222222222222,24.23988425925926,1,45.11
cf27162439419d0179b62ebc5a6dccd1,a0781e0c345c3b0ef05ea2ac86852fd9,delivered,2017-12-01 18:18:23,2017-12-01 18:38:32,2017-12-02 18:23:07,2017-12-06 18:57:20,2017-12-19,54.9,13.08,1,1,67.98,3,1,5.0,1.0,6c5cdbf69b86d886a91b3e872cd15f60,13329,salto,SP,5.027048611111111,17.237233796296298,0,67.98
7c666dfeba44ed20c9ad3f4b3d7c5e8c,a5cdd4cdccfd0c934a809d305f65c6a2,delivered,2017-12-01 18:18:40,2017-12-01 18:38:36,2017-12-04 19:13:02,2017-12-12 16:52:02,2017-12-27,139.9,14.0,1,1,153.9,3,1,5.0,1.0,c5c1e277e48ae53423c6e0b0ed430290,9921,diadema,SP,10.939837962962963,25.237037037037037,0,153.9
364f451ee38a4268d7c15d317021eb35,23924b2105c5376cd6204757c8b68752,delivered,2017-12-01 18:23:51,2017-12-02 11:50:36,2017-12-05 20:17:11,2017-12-18 19:45:53,2017-12-26,130.32999999999998,23.91,2,1,154.24,1,1,2.0,1.0,3806104dbbc3d14c17b091b3b8e38d59,2860,sao paulo,SP,17.056967592592592,24.2334375,0,154.23999999999998
ee4400c5937463920eed95003b8fd459,ca266cfd5f21fa533d2f62ece8ae9844,delivered,2017-12-01 18:24:26,2017-12-04 18:30:26,2017-12-06 16:58:58,2017-12-14 00:14:18,2018-01-02,348.8,16.19,1,1,364.99,3,1,3.0,1.0,644ccb24779a8aab82039d2f3f6578c4,88161,biguacu,SC,12.242962962962963,31.233032407407407,0,364.99
bee6725f139fe39335cd3462ac55ffd8,7c3458230604625116a1504a7de10094,delivered,2017-12-01 18:40:44,2017-12-02 02:51:26,2017-12-13 17:35:09,2017-12-22 17:39:03,2018-01-04,48.0,17.6,1,1,65.6,1,1,5.0,1.0,4193eae4d05551143c0bf70f2eb1be77,83820,fazenda rio grande,PR,20.95716435185185,33.22171296296296,0,65.6
88362b1861d6006c64c8a30e48a3be01,d33c3fc4db8fd0f1f4978ad96fc80013,delivered,2017-12-01 18:58:44,2017-12-05 04:15:51,2017-12-06 12:32:52,2017-12-18 21:38:54,2018-01-08,28.0,16.11,1,1,44.11,1,1,3.0,1.0,f9eeeda3c9e816d0375be50582876f39,97670,sao borja,RS,17.111226851851853,37.209212962962965,0,44.11
6251915eca989de65a0d5bd949bb98fd,9d4f394cfc7fbf420201e20f14e87aac,delivered,2017-12-01 19:00:12,2017-12-01 19:30:59,2017-12-04 18:09:49,2017-12-19 00:22:46,2018-01-03,89.99,50.5,1,1,140.49,4,1,5.0,1.0,defe4411ce1c0039696a89f179d3fbfa,87060,maringa,PR,17.22400462962963,32.208194444444445,0,140.49
42ba06ad0483c398c580ede8b5bf35a1,97b1cb51e2cb2db7fee990c573939326,delivered,2017-12-01 19:16:43,2017-12-02 02:52:02,2017-12-06 16:05:49,2017-12-15 20:46:37,2018-01-10,348.8,19.72,1,1,368.52,1,1,5.0,1.0,e5cce8f93cfe5123f6a605dbf64c7d9f,66060,belem,PA,14.062430555555556,39.196724537037035,0,368.52
19e225ef3a439fce99ce796eb1972cfb,b077fe3d194ba4d5eb532d678e3d7693,delivered,2017-12-01 19:17:50,2017-12-03 19:13:24,2017-12-11 16:48:22,2017-12-19 19:56:58,2018-01-08,349.9,18.21,1,1,368.11,8,1,5.0,1.0,f4df1bc01c6ab087e1ad7cf88e612ebc,13905,amparo,SP,18.027175925925928,37.19594907407407,0,368.10999999999996
40566e07284e5387c3c479d0ac7aab9c,2d402a85298af9a5f4e3962a396fae4b,delivered,2017-12-01 19:34:11,2017-12-01 19:57:11,2017-12-06 21:58:10,2017-12-15 18:38:43,2017-12-27,119.9,17.09,1,1,136.99,10,1,5.0,1.0,aef04d25d6269c9eee7074b8d5be7693,24220,niteroi,RJ,13.961481481481481,25.18459490740741,0,136.99
010d14f76a229c295260e4ca4744acc7,02e460a9db12a0de7f952f8facb66312,delivered,2017-12-01 19:46:28,2017-12-01 19:57:26,2017-12-04 18:07:08,2017-12-18 16:43:33,2017-12-29,27.9,16.79,1,1,44.69,1,1,5.0,1.0,258212f72c68bfd7d05ca8b3e59b5157,80730,curitiba,PR,16.872974537037038,27.176064814814815,0,44.69
8f56d95ba4712b40163a057ba5ab89ac,0c5acfd4c2e4abe79d500e8340cf81da,delivered,2017-12-01 19:50:54,2017-12-01 20:09:32,2017-12-04 20:00:07,2017-12-12 18:52:49,2018-01-02,69.9,20.98,1,1,90.88,2,1,5.0,1.0,98538bbc1d61e50cb8d72f66d3fc1a5f,27700,vassouras,RJ,10.959664351851853,31.17298611111111,0,90.88000000000001
3461745647fb12cf7450b0ca1df45286,0c3f40c66cabb9f44ca7431b719f37b0,delivered,2017-12-01 20:06:02,2017-12-01 20:37:20,2017-12-06 21:27:40,2017-12-19 13:47:44,2017-12-29,189.9,35.13,1,1,225.03,1,1,5.0,1.0,66558281bfab454b13fe288d5dd79431,18550,boituva,SP,17.737291666666668,27.162476851851853,0,225.03
7aad36e062cda02d713d48d1e9d7c005,6c51d0ee3472d8e60c646d5480f08789,delivered,2017-12-01 20:07:31,2017-12-01 20:14:24,2017-12-05 17:12:54,2017-12-18 10:47:11,2017-12-26,177.99,14.4,1,1,192.39,4,1,5.0,1.0,69c532b12bd5070978227e529bad6f18,88470,rancho queimado,SC,16.61087962962963,24.16144675925926,0,192.39000000000001
281312c1f75aca1051527291272b4b46,2ca3e71ac73842efb5a0a9670f8770f3,delivered,2017-12-01 20:24:52,2017-12-01 21:24:01,2017-12-13 19:16:36,2017-12-22 18:08:58,2018-01-08,31.9,14.1,1,1,46.0,1,1,5.0,1.0,4ea1efc2c927f7ea12efc43e03920cc6,23052,rio de janeiro,RJ,20.905625,37.14939814814815,0,46.0
ed9cdcd0c62219331616e805ca7a824b,dc390c61e6ebaa34892110fccac0d58d,delivered,2017-12-01 20:27:56,2017-12-01 21:24:01,2017-12-05 12:07:05,2017-12-13 12:23:35,2017-12-26,89.9,16.26,1,1,106.16,3,1,4.0,1.0,0e454c18808b556a4e47fbcad21b4384,8671,suzano,SP,11.663645833333334,24.14726851851852,0,106.16000000000001
338fe34bc3c6875bdb7981bfb5a53b26,057db29b6b62733f807c88f2faeb1f39,delivered,2017-12-01 20:33:56,2017-12-01 21:24:04,2017-12-04 16:52:04,2017-12-15 18:48:03,2018-01-03,158.4,26.39,1,1,184.79,3,1,5.0,1.0,250b54f7aa491c79f6c93b9b26d26c25,29215,guarapari,ES,13.926469907407407,32.14310185185185,0,184.79000000000002
ce6d6c97c681b91f6a645bf24c8da7ff,996dddfbf0751298292794a9341ceb95,delivered,2017-12-01 20:36:32,2017-12-03 20:31:30,2017-12-06 19:04:33,2017-12-13 18:44:28,2017-12-26,154.9,14.1,1,1,169.0,2,1,3.0,1.0,c77080f4ce714a19f165e5564cd74875,17290,macatuba,SP,11.922175925925925,24.141296296296296,0,169.0
66f6b3a33b0339acbf55dd71977c4293,282d52f23f7c0ece9340d411c4d2cdd9,delivered,2017-12-01 20:39:26,2017-12-01 20:50:55,2017-12-05 00:23:05,2017-12-18 22:29:05,2018-01-03,69.99,15.25,1,1,85.24,1,1,5.0,1.0,edf0cf9568d3eb609706a98548c06e83,20756,rio de janeiro,RJ,17.07614583333333,32.13928240740741,0,85.24
e5e7f892785fbe21a339bcd77efdae86,eb14560bdf0397941f4146f43f653496,delivered,2017-12-01 20:48:11,2017-12-01 21:24:08,2017-12-04 20:07:13,2017-12-07 22:29:32,2017-12-19,74.9,8.72,1,1,83.62,5,1,5.0,1.0,0d997d092f93b5c58d0f9b4bd0643d16,13206,jundiai,SP,6.070381944444445,17.133206018518518,0,83.62
083dcb43c3410ea112ed46dc5e8f6674,b76530b7e66b27cd664ee26efcb0c7dd,delivered,2017-12-01 20:51:43,2017-12-01 21:24:09,2017-12-04 18:17:12,2017-12-14 22:15:08,2018-01-04,456.0,36.08,2,1,492.08,8,1,5.0,1.0,1d8dc0ddca15b95682905c326b2dbb20,79170,sidrolandia,MS,13.057928240740742,33.13075231481481,0,492.08
fadebbbe984f86cdfdee2db28530bab8,c2965be789fc4b23fea5720b8f1aceac,delivered,2017-12-01 20:53:19,2017-12-01 21:24:11,2017-12-04 19:43:14,2017-12-05 19:04:44,2017-12-19,39.9,7.78,1,1,47.68,2,1,4.0,1.0,1ab13454b7bc03f80e254e963d523a24,5435,sao paulo,SP,3.9245949074074074,17.129641203703702,0,47.68
1b9b3a976302524d2f05a417b095afb1,bd1b88786f972966bf49b41f47fb09ba,delivered,2017-12-01 20:54:52,2017-12-01 21:32:29,2017-12-06 17:15:38,2017-12-12 19:06:15,2017-12-27,179.91,15.01,1,1,194.92,2,1,5.0,1.0,a070cad67f4e6aec6c2efddec1444258,32185,contagem,MG,10.924571759259258,25.128564814814816,0,194.92
9573457d2b8a69c0136508b580c7f1d3,ddeefd33f4b6428f43b0d522bee1696a,delivered,2017-12-01 21:15:54,2017-12-01 21:32:36,2017-12-04 18:12:19,2017-12-16 18:32:54,2018-01-03,129.0,21.39,1,1,150.39,4,1,5.0,1.0,913284e8eb0ae5d61c0b6eb2076ddee9,38320,santa vitoria,MG,14.886805555555556,32.113958333333336,0,150.39
6f07a2b4605f269a97bed210ea946521,a8a76356d43038ba58e73cdbbe9eab86,delivered,2017-12-01 21:16:53,2017-12-01 21:32:35,2017-12-04 21:42:13,2017-12-08 22:33:55,2018-01-08,84.99,15.35,1,1,100.34,5,1,4.0,1.0,d161774a51df2f32e631603c40260623,92990,eldorado do sul,RS,7.053495370370371,37.11327546296296,0,100.33999999999999
6782c5b750b0791a12f7b6b823bd0daf,6dfa75688bd7027b450552eb0353741c,delivered,2017-12-01 21:17:50,2017-12-01 21:32:36,2017-12-11 17:16:28,2017-12-19 12:22:01,2017-12-28,89.99,16.39,1,1,106.38,5,1,5.0,1.0,c158265daf9d45a643c9b9810f7f511a,88302,itajai,SC,17.62790509259259,26.11261574074074,0,106.38
eb14d693be5c40bf50f8dff9d85abc21,497dea98bd926684eae505c6b58f8d6f,delivered,2017-12-01 21:19:16,2017-12-01 21:32:38,2017-12-06 15:54:47,2017-12-17 18:44:37,2017-12-19,59.9,11.73,1,1,71.63,1,1,5.0,1.0,a368de91d3d906fb3985466209776bbf,2418,sao paulo,SP,15.892604166666667,17.11162037037037,0,71.63
575d8ef8d005dd6e8f39b314079973ef,262e3835bb60820bea8ee7847d5cd365,delivered,2017-12-01 21:21:44,2017-12-01 21:33:27,2017-12-06 13:23:13,2017-12-19 19:43:33,2017-12-29,99.0,17.94,1,1,116.94,10,1,1.0,1.0,ef55f1ce91275c388c4f411081501d7d,35200,aimores,MG,17.93181712962963,27.10990740740741,0,116.94
29022c1010dba6fda58abf8d59d4258b,5fb1f562bb86b93ab8d78d66f01986d6,delivered,2017-12-01 21:24:29,2017-12-05 04:13:16,2017-12-06 21:38:35,2017-12-14 19:51:57,2017-12-27,13.65,14.1,1,1,27.75,1,1,5.0,1.0,517a2ce2e31512531ed751d19c09cdae,70737,brasilia,DF,12.93574074074074,25.107997685185186,0,27.75
a31768d1614db23dfc711f738b2b774f,774aa06c60fb3845b46b5d97508521f3,delivered,2017-12-01 21:25:52,2017-12-01 21:37:31,2017-12-04 16:54:59,2017-12-11 18:52:46,2017-12-26,149.0,16.67,1,1,165.67,8,1,4.0,1.0,44b8fd6a07abfd7a2bf9a3d698d5cf60,9404,ribeirao pires,SP,9.893680555555555,24.10703703703704,0,165.67000000000002
c4f4ee4a762d4a787e43c9b8eecaf3f6,3955e9bd50f72fbd4168cae28cbe8a28,delivered,2017-12-01 21:26:27,2017-12-05 04:13:59,2017-12-05 16:34:51,2017-12-19 21:52:14,2018-01-03,59.9,17.67,1,1,77.57,1,1,4.0,1.0,c2f003b20b6c9473154ef8c7bdced5d2,28400,sao fidelis,RJ,18.017905092592592,32.106631944444445,0,77.57
9c2425da844157ef4e0ed799e4939978,b7755d902d0b95c0e4c8748c8d683f79,delivered,2017-12-01 21:37:16,2017-12-01 21:55:13,2017-12-04 18:16:58,2017-12-19 15:19:48,2017-12-26,12.9,11.85,1,1,24.75,1,1,5.0,1.0,8e5bfc9e8afedc782d1b98bed0728fd3,13063,campinas,SP,17.73787037037037,24.099120370370372,0,24.75
db6a3a98e587a2b75215bf8f467d43ec,bff45358be29fb889f469bf4c74a1825,delivered,2017-12-01 21:39:03,2017-12-01 21:55:18,2017-12-04 18:32:49,2017-12-28 21:58:42,2018-01-02,115.0,18.06,1,1,133.06,1,1,4.0,1.0,795e2dd34c208200aed85b3f44dc2a4b,26084,nova iguacu,RJ,27.01364583333333,31.097881944444445,0,133.06
50c561609b802ec8d508a9f48c669918,3fe89a08445d29487b8766af9207a44e,delivered,2017-12-01 21:44:31,2017-12-04 18:30:51,2017-12-20 13:17:57,2018-01-05 17:58:23,2018-01-05,86.99,29.01,1,1,116.0,10,1,3.0,1.0,09bf8d9eeaf0516be20397d0a90ddbd2,60531,fortaleza,CE,34.842962962962964,34.094085648148145,1,116.0
fd983d35a20d34f2b4bb9a157636ad51,ef21b7396cece7d3d4b2a7fa48e4582f,delivered,2017-12-01 21:46:36,2017-12-01 21:57:23,2017-12-08 11:57:41,2017-12-22 00:58:58,2018-01-10,78.99,30.39,1,1,109.38,8,1,1.0,1.0,9a2ae504302a5289d5f32785ece60212,30855,belo horizonte,MG,20.133587962962963,39.09263888888889,0,109.38
e2b77c6c1ff48eae6cae3a2d091b1bf4,5155c7c3fb6ddc5770d9c72dd3be05a4,delivered,2017-12-01 21:52:53,2017-12-03 22:07:47,2017-12-04 16:43:37,2017-12-11 20:04:21,2017-12-27,73.0,13.53,1,1,86.53,1,1,5.0,1.0,4a6ed7a53762fb167306f1d5f5264547,7901,francisco morato,SP,9.92462962962963,25.08827546296296,0,86.53
64a62eaae697d2b5002204677fb331cf,3ed8a6ccdee18adec7d692baa5e65230,delivered,2017-12-01 22:03:48,2017-12-01 22:13:22,2017-12-04 21:09:47,2017-12-14 16:10:38,2017-12-26,29.0,11.85,1,1,40.85,1,1,4.0,1.0,b698379306c3fad0ab64d82a63a770a2,13616,leme,SP,12.75474537037037,24.080694444444443,0,40.85
7c6985797df04a52bd0d0b4b2b2bfb61,94ce0fbd0c2896e7d91f4c10a82a65bd,delivered,2017-12-01 22:07:21,2017-12-01 22:15:18,2017-12-04 18:13:43,2017-12-11 11:41:41,2018-01-03,129.9,16.67,1,1,146.57,4,1,5.0,1.0,b68acf578f10bd6ecb2a174531cacb89,4274,sao paulo,SP,9.56550925925926,32.07822916666667,0,146.57
f5bda9fe749b2b1529c6ad6dae03145d,8b237ef13fcb07e8c830059ca4d7b1ee,delivered,2017-12-01 22:09:54,2017-12-02 02:37:32,2017-12-04 17:52:59,2017-12-11 19:09:49,2017-12-26,39.0,11.85,1,1,50.85,1,1,5.0,1.0,8c7f90968d1dd891c54bbceea9b34696,14090,ribeirao preto,SP,9.87494212962963,24.076458333333335,0,50.85
cfc130b608476dd1cc71396ebc483e1b,5ffaff7ef372cb9be1247ef069f79fad,delivered,2017-12-01 22:19:00,2017-12-01 22:34:49,2017-12-05 19:23:19,2017-12-11 22:48:47,2017-12-26,165.0,13.49,1,1,178.49,2,1,4.0,1.0,a8249b07f48892605834df727cc43620,12282,cacapava,SP,10.02068287037037,24.070138888888888,0,178.49
57e7266082ceac10484f5aa2da2dd90e,9e7843064b6d598a3835a6c25da3a412,delivered,2017-12-01 22:25:12,2017-12-01 22:34:51,2017-12-06 18:23:15,2017-12-20 17:17:05,2018-01-02,899.0,26.69,1,1,925.69,5,1,4.0,1.0,bfe4720c90117f67140c4cda130f1022,29167,serra,ES,18.786030092592593,31.065833333333334,0,925.69
1124c329070977fbd414f046bba149d7,b70f8552b91ef49129519206966e2472,delivered,2017-12-01 22:37:41,2017-12-01 22:52:47,2017-12-04 22:09:20,2017-12-19 19:15:14,2018-01-02,50.0,15.1,1,1,65.1,6,1,3.0,1.0,3e43e6105506432c953e165fb2acf44c,11700,praia grande,SP,17.85940972222222,31.057164351851853,0,65.1
826b47e4cd7bba4e4c6fa5485f898b74,e68e6423401e85c138229b23d4bf4761,delivered,2017-12-01 22:37:42,2017-12-01 22:52:53,2017-12-05 20:59:00,2017-12-06 19:09:43,2017-12-27,336.9,27.28,2,2,364.18,10,1,3.0,1.0,3e43e6105506432c953e165fb2acf44c,11700,praia grande,SP,4.855567129629629,25.057152777777777,0,364.17999999999995
034afd1b074e35a1d1dcf70c4a5641b5,9d571c9e16be4b04343afa2d84d94352,delivered,2017-12-01 22:42:12,2017-12-01 22:54:29,2017-12-04 21:07:51,2017-12-06 18:15:04,2017-12-19,107.0,23.34,3,1,130.34,2,1,4.0,1.0,feb3a5a11a06b144a9aee7fb0fc03453,13820,jaguariuna,SP,4.814490740740741,17.054027777777776,0,130.34
aa7e9053d6514094d6d72f1ef2c2bbd6,20c7acb4293846ac1674cad47f98ca2a,delivered,2017-12-01 22:47:19,2017-12-01 22:55:30,2017-12-07 18:59:07,2018-01-08 18:56:43,2018-01-10,30.21,17.6,1,1,47.81,1,1,3.0,1.0,d95cb4bc2a58546a89b7bce7413758f3,95555,capao da canoa,RS,37.83986111111111,39.05047453703704,0,47.81
dd013805a824a02edd2301fd442a1c1b,2a686c756ae7f35a186f543d3603008b,delivered,2017-12-01 22:51:00,2017-12-01 23:14:57,2017-12-08 15:33:51,2017-12-28 18:18:06,2017-12-26,279.99,18.21,1,1,298.2,7,1,1.0,1.0,4c2b8cb434ed5dc7d01b3d56e548b65f,8770,mogi das cruzes,SP,26.81048611111111,24.047916666666666,1,298.2
c5150f96d11c1d73a05694fbae58f06d,373c306e1b5aedeb0c81d09d33524e61,delivered,2017-12-01 22:57:13,2017-12-01 23:15:01,2017-12-05 01:16:56,2017-12-11 18:58:55,2017-12-26,21.9,11.85,1,1,33.75,2,1,5.0,1.0,0c2f93620ae7890e3587e78e6e4f9721,12246,sao jose dos campos,SP,9.834513888888889,24.043599537037036,0,33.75
56b0badd7be47d6b03b5b4a692791495,2d144557245fd98dfdec25bdcafdba76,delivered,2017-12-01 23:14:02,2017-12-01 23:32:07,2017-12-07 22:21:26,2017-12-15 00:04:10,2017-12-27,179.0,17.99,1,1,196.99,8,1,5.0,1.0,6f041ad60d1b98ad6ffa085775b93041,13082,campinas,SP,13.034814814814816,25.031921296296296,0,196.99
09c6a742ab99ba6516e8acebf60127b4,61658fc3f28ed8b3f1d0248d7f0090d1,delivered,2017-12-01 23:15:22,2017-12-05 04:12:11,2017-12-07 20:28:29,2017-12-12 02:04:01,2017-12-19,119.9,12.54,1,1,132.44,1,1,5.0,1.0,97b2eabaa9fdd6362be0a3bea7f5a946,11025,santos,SP,10.117118055555556,17.03099537037037,0,132.44
8c3651ff7833e7345fd13c7132f9880c,568f8c7d0e1e623a8dae413108936afb,delivered,2017-12-01 23:22:57,2017-12-01 23:32:12,2017-12-04 15:49:00,2018-01-06 17:25:07,2018-01-04,219.9,20.78,1,1,240.68,5,1,4.0,1.0,9b3ab71077376f54d42b134cd15a55ee,41760,salvador,BA,35.75150462962963,33.025729166666665,1,240.68
c32e1ebab01d3a6f77ac3f7b5db0df2c,ffa7d6a151c43eaf14058054531ddca5,delivered,2017-12-01 23:26:12,2017-12-01 23:35:28,2017-12-04 18:22:11,2017-12-11 18:28:03,2017-12-28,329.0,16.05,1,1,345.05,2,1,4.0,1.0,d3f9b6f820f5d26137edc92826811dc2,73090,brasilia,DF,9.79295138888889,26.02347222222222,0,345.05
9e62fc0a630c85e43bfdc26218538c5e,96dbb9d7776265abffc80eb7dd111a18,delivered,2017-12-01 23:27:17,2017-12-01 23:37:24,2017-12-05 00:12:03,2017-12-13 14:34:59,2017-12-26,88.0,16.87,1,1,104.87,10,1,4.0,1.0,9decc50daf3b6a88a11531bb1c5aeb4e,20550,rio de janeiro,RJ,11.630347222222222,24.022719907407406,0,104.87
fd95894b24d15538aa7d85f7039d81bd,65bb88fae56a78f0b0792dba22231f69,delivered,2017-12-01 23:29:16,2017-12-01 23:55:03,2017-12-07 14:43:02,2017-12-15 23:29:45,2017-12-26,225.0,30.36,1,1,255.36,3,1,4.0,1.0,726533e4185c25f2b73d0c52f90f9024,15775,santa fe do sul,SP,14.000335648148148,24.021342592592593,0,255.36
acb597dfe15a4beb04578cbe48a6772a,fc67e04362ada373e1f7e7b6dab539e8,delivered,2017-12-01 23:33:35,2017-12-01 23:55:05,2017-12-05 16:33:55,2017-12-11 20:34:07,2017-12-27,41.99,16.11,1,1,58.1,1,1,5.0,1.0,c8c2da9bd439351646da66077a4f6896,37410,tres coracoes,MG,9.875370370370371,25.018344907407407,0,58.1
7a35319beabf36472c45cc9ba67f0745,ab10abbdb62d2535d3a3e14cb201ff7e,delivered,2017-12-01 23:36:54,2017-12-01 23:55:06,2017-12-04 15:17:01,2017-12-27 19:32:41,2018-01-03,928.86,157.22,3,3,1086.08,10,1,1.0,1.0,5e9b9a8a03e7eb90d53d2ef2592b7d53,89900,sao miguel do oeste,SC,25.830405092592592,32.016041666666666,0,1086.08
daa8ddef333b2e2a012ef233e4566cc2,1f3976ead47ec831fbcad735afdc537e,delivered,2017-12-01 23:38:33,2017-12-01 23:55:08,2017-12-04 16:49:00,2017-12-13 00:34:53,2017-12-26,140.93,15.75,1,1,156.68,4,1,5.0,1.0,678ae1c8dcc2034dfa4b1894b91bbbd9,22793,rio de janeiro,RJ,11.03912037037037,24.014895833333334,0,156.68
669c18450a52085fedc525141e81e104,d1efadc2e9e7bbf38705f74bd0018110,delivered,2017-12-01 23:44:43,2017-12-02 00:36:36,2017-12-05 22:42:36,2017-12-11 17:35:00,2017-12-19,27.99,7.78,1,1,35.77,2,1,2.0,1.0,9594640aa2d9501164a86e10b55fe59a,13504,rio claro,SP,9.743252314814814,17.010613425925925,0,35.769999999999996
19642ea4acfa0cbb8b9a990449873396,0c7c88c4e8d60c782527fa7bb1a669cd,delivered,2017-12-01 23:50:48,2017-12-02 00:14:06,2017-12-07 19:33:24,2017-12-20 18:48:58,2017-12-29,259.99,33.26,1,1,293.25,4,1,5.0,1.0,3fc348f5f598443996bc826c5160b417,53403,paulista,PE,18.790393518518517,27.00638888888889,0,293.25
f20cb0150781a32271cd460ad28a5ed2,4ddbfef66eaca734e8b160c1c048a385,delivered,2017-12-01 23:54:03,2017-12-02 00:14:13,2017-12-05 14:37:08,2017-12-11 09:56:51,2017-12-20,93.1,14.26,1,1,107.36,2,1,3.0,1.0,e1224167b1a3f92781c2ff55b0b794be,2671,sao paulo,SP,9.418611111111112,18.004131944444445,0,107.36
f2bfe1e2b86b6e22866492f4dbd26ff0,80f96051386679183cf545a68d3314c8,delivered,2017-12-02 00:01:21,2017-12-02 00:14:58,2017-12-04 18:06:22,2017-12-20 20:39:26,2018-01-02,179.99,45.72,1,1,225.71,10,1,4.0,1.0,7cb86a4e8ed957f7cd2a1205c3c04c92,13044,campinas,SP,18.859780092592594,30.9990625,0,225.71
c55052f6b044dc3d948eb0346015e10b,e493823975dd4bf5a0b772f2d5c5c780,delivered,2017-12-02 00:17:45,2017-12-02 01:05:15,2017-12-05 19:23:20,2017-12-08 13:42:15,2017-12-20,44.99,9.34,1,1,54.33,1,1,3.0,1.0,d1b87995f305fec98f7e12b9079d6409,5782,sao paulo,SP,6.558680555555555,17.987673611111113,0,54.33
901237167ab49d21a23bd7181cd0eba6,6cb4ea12211604cb17327684d1ac4b98,delivered,2017-12-02 00:20:17,2017-12-04 18:30:39,2017-12-06 01:27:34,2017-12-19 00:59:46,2018-01-08,21.9,16.79,1,1,38.69,3,1,4.0,1.0,994cbb10d26adde0cf9c4e8e78247b95,46860,iacu,BA,17.027418981481482,36.985914351851854,0,38.69
159d78305b59e6a845e515f3a9e3f02f,f00a4a474cefac1bccc66ff62b005775,delivered,2017-12-02 00:25:01,2017-12-02 00:36:38,2017-12-04 19:07:18,2017-12-07 00:37:48,2017-12-20,299.0,15.21,1,1,314.21,1,1,5.0,1.0,3a39827c3cc7d748d1c32909273f7e7b,5541,sao paulo,SP,5.008877314814815,17.982627314814813,0,314.21
1dc762b27fac9fd0a2a373b1765904d6,adbcf3eb5f2914d148cfa1a12aaf8dc3,delivered,2017-12-02 00:25:15,2017-12-05 04:15:34,2017-12-11 18:13:00,2018-01-03 16:49:32,2018-01-02,199.0,18.64,1,1,217.64,1,1,1.0,1.0,571f0fa4546a9df995e63ed9d851bec0,23050,rio de janeiro,RJ,32.68353009259259,30.982465277777777,1,217.64
cb9eeca1d9d3a0487a015a69bf5715ab,696f0002c84ed9082a868ce411e31a31,delivered,2017-12-02 00:48:09,2017-12-02 00:59:26,2017-12-06 13:23:12,2017-12-24 16:53:43,2018-01-08,99.0,38.24,1,1,137.24,10,1,4.0,1.0,9b090f064fa2f404b9b96a5e0a81a422,57042,maceio,AL,22.670532407407407,36.9665625,0,137.24
12fb3c36ed38cd5bf01aa6b287d4acfb,82e984ca94de36120ef7eb9388284c9e,delivered,2017-12-02 00:48:21,2017-12-05 04:17:45,2017-12-05 22:43:46,2017-12-22 18:57:48,2017-12-28,134.9,15.7,1,1,150.6,1,1,5.0,1.0,369aacdbb8276f10ba7686ac42cce19f,29070,vitoria,ES,20.7565625,25.96642361111111,0,150.6
dd5d0d5c3c3b67e1e49686ecc9b692fc,850bcfeeb815f00c7cb4220f29a331c6,delivered,2017-12-02 00:52:34,2017-12-05 04:15:40,2017-12-07 00:39:53,2018-01-08 23:39:10,2018-01-05,107.9,18.33,1,1,126.23,1,1,5.0,1.0,4a0cdfced9bfa4ed673e15d27f4aeded,48010,alagoinhas,BA,37.94902777777778,33.96349537037037,1,126.23
cb5945f4563c333d6e2c23de7b26af14,dad2b21e16e7936b4b84162eba89a991,delivered,2017-12-02 01:01:11,2017-12-02 01:14:24,2017-12-06 20:05:02,2017-12-08 23:42:19,2017-12-20,192.2,30.94,1,1,223.14,3,1,5.0,1.0,a1c19f4670090ac5c4ab1dff8d235866,12209,sao jose dos campos,SP,6.945231481481481,17.957511574074076,0,223.14
ad286e926f0a816e7b604bd0c9db8b1c,be9aff62a55775448c9ded5e198350e5,delivered,2017-12-02 01:05:05,2017-12-05 04:12:09,2017-12-06 20:43:02,2017-12-22 20:09:10,2017-12-27,166.99,16.8,1,1,183.79,1,1,1.0,1.0,23e370eea34e72da0bdbef9e4916dc0d,15110,guapiacu,SP,20.794502314814814,24.95480324074074,0,183.79000000000002
2e4899499b2a58836683747b7375d7a1,9b5af827b98640ceb1b528f07e0ea99b,delivered,2017-12-02 01:14:27,2017-12-04 01:15:31,2017-12-06 23:32:33,2017-12-29 20:52:12,2018-01-04,139.9,18.23,1,1,158.13,3,1,5.0,1.0,6c452aa2d61947a3231e887a14fd4580,88600,sao joaquim,SC,27.817881944444444,32.94829861111111,0,158.13
006dd93155bc2abd844cc5eed3a0fe7f,1b9506de3da8fd318853195b13fb2dda,delivered,2017-12-02 01:20:28,2017-12-02 01:29:28,2017-12-06 00:22:42,2017-12-07 20:43:52,2018-01-03,49.9,7.78,1,1,57.68,3,1,5.0,1.0,fd01a8dd276ac93aec73fde385389de9,1451,sao paulo,SP,5.807916666666666,31.94412037037037,0,57.68
0e391a35ebcc42be741987c538330764,1228cb8350751ff7a6b47e04910e4fb7,delivered,2017-12-02 01:57:11,2017-12-02 13:50:12,2017-12-07 18:49:54,2017-12-12 14:12:18,2017-12-29,269.9,26.73,1,1,296.63,1,1,5.0,1.0,b0bca9f307ccfc4555c3ec7b3087f8ed,38400,uberlandia,MG,10.510497685185186,26.918622685185184,0,296.63
911a1257a699f1b61ec55aa88eace3bd,295b66076a7255133bdc1adbb056162e,delivered,2017-12-02 03:45:01,2017-12-02 03:58:26,2017-12-06 21:41:56,2017-12-21 17:38:34,2018-01-05,52.3,16.13,1,1,79.04,7,1,5.0,1.0,2558bbba1bea96f3f4de39bc5426d173,91751,porto alegre,RS,19.578854166666666,33.84373842592593,0,68.42999999999999
cd333fe099b4ed7f1012bc1a76a1b2f6,114bd31fdb8c1a8ddad0f1edbf307e43,delivered,2017-12-02 04:57:31,2017-12-05 04:15:40,2017-12-06 10:09:57,2017-12-10 16:22:36,2018-01-05,25.98,23.7,2,1,49.68,1,1,5.0,1.0,54bbce49c58e75d0b451082faf2937af,14092,ribeirao preto,SP,8.475752314814814,33.793391203703706,0,49.68
b0226a31a2297b13e23df75400c28d81,de059415c6f437f5d8b6d4f212e5402c,delivered,2017-12-02 06:32:02,2017-12-05 04:15:51,2017-12-07 13:32:29,2017-12-27 21:24:54,2018-01-02,699.0,22.14,1,1,721.14,1,1,5.0,1.0,eaa604ab9f816252edb7a8d297f932e5,35051,governador valadares,MG,25.620046296296298,30.72775462962963,0,721.14
677752f24bbbb61e39110af7c4562285,f2c47cf15662ec1d5402232c722f6ec5,delivered,2017-12-02 07:22:58,2017-12-02 08:55:11,2017-12-04 20:24:37,2017-12-15 23:38:36,2018-01-05,199.9,18.97,1,1,218.87,1,1,4.0,1.0,09c3e82280b2b2cd091a55707b62d04b,30535,belo horizonte,MG,13.677523148148149,33.692384259259256,0,218.87
df9cb95519f5099c6717f4f8b8633802,eb4d2893124da6af86565933a36c24c2,delivered,2017-12-02 07:43:01,2017-12-02 08:56:54,2017-12-04 22:53:04,2017-12-09 20:16:50,2017-12-27,49.9,14.1,1,1,64.0,1,1,5.0,1.0,04a5bea78392f0d2da9fb2d6848428db,30492,belo horizonte,MG,7.523483796296296,24.67846064814815,0,64.0
c432ba5b3bb83966c1b66696c395a2fb,973e21d9b220229aedc9ac566294568f,delivered,2017-12-02 07:55:59,2017-12-02 08:59:42,2017-12-04 22:09:21,2017-12-06 19:04:52,2017-12-27,25.0,7.94,1,1,32.94,3,1,5.0,1.0,7aa123fb08cb845c66e2d2bb3dee879c,22410,rio de janeiro,RJ,4.464502314814815,24.669456018518517,0,32.94
fec4d0de541b41fe6ae602ea962dce1a,d40ae4a4c27cc1a1741d01274cf79d7d,delivered,2017-12-02 08:16:44,2017-12-02 08:59:48,2017-12-06 18:27:05,2017-12-21 20:22:29,2018-01-05,10.99,15.79,1,1,26.78,1,1,4.0,1.0,63b10e69acd026f6c345f6906563d8d0,53150,olinda,PE,19.503993055555554,33.6550462962963,0,26.78
60f16b97103e0807b8d60b9c76a95f5f,276d62910831dae81507e02314fd5a20,delivered,2017-12-02 08:48:54,2017-12-02 09:00:05,2017-12-04 21:15:47,2018-01-16 11:52:45,2018-01-05,29.9,16.79,1,1,46.69,2,1,1.0,1.0,72ac37d63990011e2361b23308d783f2,78040,cuiaba,MT,45.12767361111111,33.63270833333333,1,46.69
31cee66926e60ce4e5af0e4b9e2886d7,235e370b48423c2e8fed39564743df8f,delivered,2017-12-02 08:50:05,2017-12-02 09:09:17,2017-12-04 20:10:22,2017-12-11 20:18:58,2017-12-29,249.0,14.76,1,1,263.76,8,1,5.0,1.0,428bbd3233e9562d384347240bbb68dd,4524,sao paulo,SP,9.478391203703703,26.631886574074073,0,263.76
bf9a3a8d9db6be5e4dfcfe2f071ef405,26fdb52d0382ebe750a8866b5bf9e5db,delivered,2017-12-02 08:50:34,2017-12-02 09:09:15,2017-12-04 21:52:19,2018-01-15 20:42:42,2018-01-02,55.0,15.83,1,1,70.83,4,1,4.0,2.0,3aa71d539bb760f054b280604391602a,40130,salvador,BA,44.494537037037034,30.631550925925925,1,70.83
62eb76321ff33a367a805bc9d0701dda,79c090adb313943d8768fde92fff41da,delivered,2017-12-02 08:50:35,2017-12-02 09:00:04,2017-12-05 00:19:42,2017-12-15 18:32:49,2018-01-09,69.99,17.06,1,1,87.05,4,1,3.0,1.0,3aa71d539bb760f054b280604391602a,40130,salvador,BA,13.404328703703703,37.63153935185185,0,87.05
67118db7c6bb624924e2d3f7d1db78d9,b8804bcdcee635741225404dd39fca68,delivered,2017-12-02 08:53:29,2017-12-02 09:09:14,2017-12-06 16:59:36,2017-12-15 13:25:21,2017-12-29,44.9,11.85,1,1,56.75,1,1,5.0,1.0,ec1b2971b82c740f81fa3123d6eacb8e,16901,andradina,SP,13.188796296296296,26.629525462962963,0,56.75
80242ba2ebddeb4f86af40cd158ff6fc,baab79e0d26b39fb2c5b48b108045c30,delivered,2017-12-02 08:58:38,2017-12-02 09:09:18,2017-12-04 22:15:19,2017-12-18 21:04:45,2017-12-27,14.99,11.85,1,1,26.84,2,1,4.0,1.0,b635035f30fb4887a8018eb8b55fd2e5,2236,sao paulo,SP,16.504247685185184,24.625949074074075,0,26.84
592d00942a47033fc878f73feef041bb,15554403640be7c5f2f14b8a5abc849b,delivered,2017-12-02 09:01:05,2017-12-05 04:12:20,2017-12-07 22:56:59,2017-12-19 23:51:33,2018-01-03,40.0,16.79,1,1,56.79,1,1,5.0,1.0,a6dffeb9c9846f2b1afbf5f8ced6f84e,40450,salvador,BA,17.61837962962963,31.624247685185185,0,56.79
1a15666c4d5cfc217337ceebd70c3884,f30d9fd20656414c2e1380cb9978d292,delivered,2017-12-02 09:01:42,2017-12-02 09:12:20,2017-12-06 19:19:15,2017-12-14 23:48:47,2017-12-27,50.9,12.7,1,1,63.6,6,1,5.0,1.0,22b1e61cf2f5dc1557c5d9f6e92e27aa,8599,itaquaquecetuba,SP,12.616030092592593,24.623819444444443,0,63.599999999999994
8f3987cbcd3306eab72ae123764da5fb,ffdd933fe636d97903e7a4758faa8c6a,delivered,2017-12-02 09:06:33,2017-12-02 09:17:23,2017-12-06 19:17:49,2017-12-11 16:37:44,2017-12-27,50.9,12.7,1,1,63.6,3,1,5.0,1.0,bb9fc56355bb977fe213512abc845212,2202,sao paulo,SP,9.31332175925926,24.62045138888889,0,63.599999999999994
502964d22e491eff472a1d46ae55df97,9d4e4f37616f1a31a894f04de571f283,delivered,2017-12-02 09:09:36,2017-12-02 09:52:33,2017-12-06 21:12:23,2017-12-21 16:33:37,2018-01-04,189.9,18.61,1,1,208.51,1,1,4.0,1.0,4e4b787733d41ea0cb9b69a192bb285e,26572,mesquita,RJ,19.308344907407406,32.61833333333333,0,208.51
21387c13929b880edc728f519f72f0ae,55db0a13ed70f799eba92f0b2dcdf68f,delivered,2017-12-02 09:21:48,2017-12-05 04:12:20,2017-12-06 21:36:42,2017-12-12 01:08:51,2017-12-29,69.9,11.99,1,1,81.89,1,1,5.0,1.0,f017b573799c56f71b1b1dcaa676cd84,37540,santa rita do sapucai,MG,9.657673611111111,26.609861111111112,0,81.89
ee8479682bda7a58ee0cae4c73643816,4e94905925e1f8fb4eb6d57e6e1bcaa0,delivered,2017-12-02 09:43:06,2017-12-05 04:12:16,2017-12-05 21:43:49,2017-12-26 14:23:20,2018-01-02,24.99,15.1,1,1,40.09,1,1,3.0,1.0,bd71fb392a61b88636268b303a9f3752,89801,chapeco,SC,24.194606481481483,30.595069444444444,0,40.089999999999996
0d3361c2f225ac28b02f7a5492ed73fb,740e06c12b353bf626bb94ed662eb0ae,delivered,2017-12-02 09:45:39,2017-12-02 09:52:33,2017-12-05 15:03:49,2017-12-08 17:38:41,2017-12-20,449.0,54.68,1,1,503.68,12,1,3.0,1.0,d281a3f4cc40d2ee797e5d59d5c85197,13603,araras,SP,6.32849537037037,17.593298611111113,0,503.68
ececf780cb6aad2ed0ecc2d7f316a999,8d0ac85590ac364947222f448469095c,delivered,2017-12-02 09:52:18,2017-12-05 04:13:25,2017-12-05 22:18:52,2017-12-15 18:55:06,2018-01-02,155.0,18.34,1,1,173.34,1,1,5.0,1.0,92fe6ac03dbee5674fb7092a6e0acc83,35560,santo antonio do monte,MG,13.376944444444444,30.588680555555555,0,173.34
fe89167e2ec9e9b03d0a6f28a2987381,b171f4d6134c0cc013a5c892e658e43f,delivered,2017-12-02 09:53:13,2017-12-02 10:18:29,2017-12-04 17:56:37,2017-12-11 20:14:54,2017-12-29,599.0,24.59,1,1,623.59,2,1,5.0,1.0,d6abf3dbff35a14ddcb1ea1326f51370,7600,mairipora,SP,9.431724537037036,26.58804398148148,0,623.59
b267a93efe393aa916c574caac6c9dfb,11428ad66d96f05ab0feb450fee58d14,delivered,2017-12-02 09:57:46,2017-12-02 10:18:29,2017-12-04 21:26:51,2017-12-13 19:38:50,2017-12-27,132.8,27.69,2,1,160.49,5,1,4.0,1.0,5d6159a362de78181e47938f73df8085,35500,divinopolis,MG,11.403518518518519,24.58488425925926,0,160.49
8f89a91120f6ee124abbabe2b1408c2f,0880c134c210f2ac6c3b925bdd4cea3b,delivered,2017-12-02 10:03:10,2017-12-02 10:18:36,2017-12-06 14:55:47,2017-12-08 18:25:39,2017-12-28,89.0,13.64,1,1,102.64,2,1,4.0,1.0,3b99cd9d2cde89303c992acee295d117,14600,sao joaquim da barra,SP,6.34894675925926,25.581134259259258,0,102.64
3275736da1234f55d52bdf09d86b93bc,1ff6fa617b2b77f6844df0191949925a,delivered,2017-12-02 10:04:07,2017-12-05 04:13:30,2017-12-07 19:12:56,2018-01-11 19:34:07,2018-01-10,299.99,28.64,1,1,328.63,1,1,1.0,1.0,5bffdce2f67241f3d9de86edf96e62ec,78325,aripuana,MT,40.395833333333336,38.580474537037034,1,328.63
f88829307eec85099ddcd3c06c6f5763,de79877745fff8a64a1007de3241a237,delivered,2017-12-02 10:06:05,2017-12-02 10:18:36,2017-12-14 16:11:40,2017-12-20 23:43:23,2018-01-05,289.0,39.16,1,1,328.16,8,1,5.0,1.0,086b4f80fd642c19b45ecd7af515cda0,56308,petrolina,PE,18.567569444444445,33.579108796296296,0,328.15999999999997
3b48b36a80274ce463ba3def46d6f998,6b043d042efab585bf4752d7e9dd24a0,delivered,2017-12-02 10:06:15,2017-12-02 10:18:35,2017-12-05 23:51:38,2017-12-18 23:41:55,2018-01-04,140.0,15.73,1,1,155.73,2,1,5.0,1.0,12d476f59a7252f5f2dbabe26b069ee6,35700,sete lagoas,MG,16.566435185185185,32.57899305555556,0,155.73
68810c6b108472c394da03666cf1fe74,28e095aecb060344b8dadb5cdc0b527c,delivered,2017-12-02 10:13:29,2017-12-05 04:18:40,2017-12-11 23:55:25,2017-12-18 20:17:31,2018-01-03,239.0,15.42,1,1,254.42,1,1,1.0,1.0,48533831affa935557a30dd054d1d1f3,22640,rio de janeiro,RJ,16.419467592592593,31.573969907407406,0,254.42
24fc5bee7d0b2002195bd802dda62f89,2e665ddd21f4674f2b1296f12c1a5263,delivered,2017-12-02 10:23:56,2017-12-02 10:32:31,2017-12-11 17:37:18,2017-12-27 19:35:03,2018-01-02,89.9,17.88,1,1,107.78,2,1,1.0,1.0,d644bbfc147c310ecf6d8e35856d2b18,39230,buenopolis,MG,25.382719907407406,30.566712962962963,0,107.78
fb0c01b2efee313f5231a89c4a55e498,36fa9776dee38b20734cac9f7a382be4,delivered,2017-12-02 10:36:19,2017-12-02 10:57:09,2017-12-04 16:29:54,2017-12-21 17:12:40,2018-01-03,149.0,21.53,1,1,170.53,3,1,5.0,1.0,857104e1bfb81cb14e88ff07d1b22c70,26012,nova iguacu,RJ,19.275243055555556,31.558113425925924,0,170.53
2354d2984a9a8f5334a71203123cbdc2,438cfe36b53de47ae14cc3e7185468bb,delivered,2017-12-02 10:37:58,2017-12-02 10:57:14,2017-12-05 16:56:48,2017-12-15 20:12:07,2018-01-04,358.0,52.0,2,1,410.0,4,1,1.0,1.0,9c1c171a1b3c40185294e3c38a202053,22760,rio de janeiro,RJ,13.398715277777777,32.55696759259259,0,410.0
f2295bca86e6c4a2a1c211330a5c5779,80fa64e989d6c0478aefff5df36949f4,delivered,2017-12-02 10:43:56,2017-12-04 10:36:21,2017-12-06 16:28:48,2018-01-18 23:05:57,2018-01-03,299.9,15.85,1,1,315.75,5,1,1.0,1.0,4f35078a5117c6420a4f93cfa3be14f6,24912,marica,RJ,47.515289351851855,31.552824074074074,1,315.75
d5fdd830fd27ad1acd2e9b17c08e6e92,80b6b36a3124d01fba45ec50e6f5ae9a,delivered,2017-12-02 10:55:53,2017-12-05 04:18:34,2017-12-11 17:19:06,2017-12-16 16:19:14,2017-12-28,86.99,13.63,1,1,100.62,1,1,5.0,1.0,b95f13719240c2398e6a22dc4b42d5a0,12280,cacapava,SP,14.22454861111111,25.544525462962962,0,100.61999999999999
5619f8b4b37f9ee0474d22b309272c62,ba9fa21d16fa22ad6a806358b58e2be0,delivered,2017-12-02 10:56:04,2017-12-02 11:10:34,2017-12-05 00:19:42,2017-12-05 15:15:20,2017-12-28,69.99,9.34,1,1,79.33,3,1,4.0,1.0,eb57b6f657dc64c32af5321202c28f99,3807,sao paulo,SP,3.1800462962962963,25.544398148148147,0,79.33
cb8add3d9d1e64220e64944c428eadc9,c83ceef725175bc8789fd9b820098b08,delivered,2017-12-02 11:04:57,2017-12-02 11:30:35,2017-12-06 10:12:12,2017-12-18 19:48:58,2018-01-02,49.9,16.11,1,1,66.01,2,1,5.0,1.0,c491d7725de3b32529b2393247767d55,31050,belo horizonte,MG,16.363900462962963,30.538229166666667,0,66.00999999999999
9e5c76fbc358dc58156586a03f9fa07f,7ed90cdfcc2b7f3b2506fc80f81d4e33,delivered,2017-12-02 11:05:41,2017-12-02 11:30:35,2017-12-05 18:12:26,2017-12-19 17:49:57,2018-01-02,259.99,26.66,1,1,286.65,3,1,4.0,1.0,ab7ede4bd5b3e2165e7712ae5f45c6c4,17230,itapui,SP,17.28074074074074,30.537719907407407,0,286.65000000000003
205e94cc10bf8b9be1917d15963e6648,b6dc654ea3ba172d3acd4a753b12359a,delivered,2017-12-02 11:06:09,2017-12-02 11:18:28,2017-12-06 02:32:55,2017-12-20 21:12:58,2018-01-02,259.99,16.57,1,1,276.56,8,1,5.0,1.0,d10948d77bc5f66fa786d9e3a5c459a1,29102,vila velha,ES,18.421400462962964,30.537395833333335,0,276.56
3f265b4152ce33df196725325e99ef49,b7582b03338bd597599d4394ad04e622,delivered,2017-12-02 11:07:58,2017-12-02 11:18:29,2017-12-16 00:55:02,2017-12-19 20:03:48,2018-01-03,49.89,9.34,1,1,59.23,1,1,4.0,1.0,2f1ae2ed6bbc4661d04c271560570c54,4739,sao paulo,SP,17.37210648148148,31.53613425925926,0,59.230000000000004
8a4c749f6b6350f68770c00405f8612a,1dd35f79f890a122b4d634d1855c026f,delivered,2017-12-02 11:13:19,2017-12-05 04:18:32,2017-12-06 19:17:02,2017-12-22 01:58:33,2017-12-28,207.0,60.79,3,2,267.78,1,1,1.0,1.0,30064bf53a90a5f47e4ab33632e41b69,30720,belo horizonte,MG,19.614745370370372,25.53241898148148,0,267.79
7834f61a42c24bfd83ff86a2886344d9,fc095837bc58e78ea02238dc7d6d3e0c,delivered,2017-12-02 11:17:52,2017-12-02 11:38:24,2017-12-04 21:13:08,2017-12-05 19:53:21,2017-12-20,134.9,9.76,1,1,144.66,3,1,5.0,1.0,00ab8b4d83051d5a41842abe7ff473fc,13331,indaiatuba,SP,3.357974537037037,17.52925925925926,0,144.66
0d8fd53f6fe12430bce52454cc326f8e,6e598f3c0385872adbba24dab664282f,delivered,2017-12-02 11:18:55,2017-12-02 11:38:27,2017-12-13 22:05:01,2018-01-23 18:38:37,2018-01-11,267.2,33.4,2,1,300.6,3,1,1.0,1.0,006ab6f5e82340e927757563a9fbe7e4,26070,nova iguacu,RJ,52.305347222222224,39.52853009259259,1,300.59999999999997
c10b534f7703a278c245f38852273dd5,79ea67d7e6a9a2c589ac7cfa17ae795f,delivered,2017-12-02 11:20:21,2017-12-02 11:38:27,2017-12-04 21:23:02,2017-12-11 14:34:16,2017-12-29,39.99,15.1,1,1,55.09,1,1,5.0,1.0,b77d8cafd13e8fb40c7f6a935ff6dbb1,87030,maringa,PR,9.134664351851852,26.52753472222222,0,55.09
5506aa9cafae9629ef0a21b3ad199219,d18a532953fbe5fc32410c6637e07e80,delivered,2017-12-02 11:20:41,2017-12-05 10:30:54,2017-12-04 20:58:59,2018-01-04 23:13:47,2018-01-02,55.0,15.83,1,1,70.83,1,1,5.0,1.0,77c6d9952d01633f433469a542bd5917,41740,salvador,BA,33.49520833333333,30.52730324074074,1,70.83
9e6fa90618070716da24cbf8fa5261fa,f1e4cb90d648840b059aad60e2eb0574,delivered,2017-12-02 11:31:32,2017-12-02 11:50:35,2017-12-04 19:18:16,2017-12-08 19:38:53,2018-01-02,105.0,25.57,1,1,130.57,1,1,5.0,1.0,4377c22228de511d013c6a7560d58a2d,84070,ponta grossa,PR,6.3384375,30.519768518518518,0,130.57
20da65274d671907282e06147c655ae4,841fe19c631825e29af4e85b602a73b3,delivered,2017-12-02 11:33:35,2017-12-02 11:50:35,2017-12-04 21:09:06,2017-12-14 17:23:54,2017-12-27,48.9,12.69,1,1,61.59,1,1,1.0,1.0,b05eabd2eb5aae11f2cf792964be957a,12701,cruzeiro,SP,12.243275462962963,24.518344907407407,0,61.589999999999996
f7a3c0a5fc27b55750ca588c7d0c8aa3,44a556fed9962dfe30822201a3b2b429,delivered,2017-12-02 11:35:03,2017-12-02 11:50:41,2017-12-04 18:22:09,2017-12-18 17:32:38,2017-12-28,54.9,16.63,1,1,71.53,2,1,5.0,1.0,6228d10671cfab8f33b25b1cd09a3c2d,31260,belo horizonte,MG,16.24832175925926,25.51732638888889,0,71.53
6f8152f5fff81d90b3824cd6ab230d8d,0ebb6d45fdc7c49738cd93b0cd95f123,delivered,2017-12-02 11:43:33,2017-12-02 11:51:28,2017-12-12 00:42:33,2017-12-18 21:16:52,2017-12-20,89.9,11.83,1,1,101.72999999999999,1,2,1.0,1.0,5bf17ccb9d018be3b0c2c1987d681352,13025,campinas,SP,16.398136574074073,17.511423611111113,0,101.73
e67ded764ce696c9991013d2bb481794,1eb4ce811b05f6d987a1435a2d4ab2c6,delivered,2017-12-02 11:51:27,2017-12-02 12:20:20,2017-12-05 17:58:51,2017-12-23 18:51:38,2017-12-27,34.9,12.48,1,1,47.38,2,1,3.0,1.0,5b9603bf6b5ba113060bd41f770c725e,6341,carapicuiba,SP,21.291793981481483,24.5059375,0,47.379999999999995
efa1af2a8dfff552767e96fda9a44370,4937c7e96833e9f634ed8ca35c03eda2,delivered,2017-12-02 12:01:05,2017-12-02 12:20:27,2017-12-07 01:58:44,2017-12-18 11:32:52,2017-12-27,55.0,14.14,1,1,69.14,1,1,5.0,1.0,f0649fbce04fcaa161699db380ff888a,4025,sao paulo,SP,15.980405092592592,24.499247685185185,0,69.14
fc5a67aa2d57b1764a89718edf876006,8e9822c8af9cbf8b5ea51a9ce0ca9eb1,delivered,2017-12-02 12:02:12,2017-12-02 12:20:30,2017-12-05 03:10:52,2017-12-08 21:03:21,2017-12-27,58.9,17.12,1,1,76.02,1,1,5.0,1.0,73d6e559cc424b8cc61fb7a4966260ff,14051,ribeirao preto,SP,6.375798611111111,24.498472222222222,0,76.02
33c97c0983409cce4352fd750138e556,5315024f901f933bd377d1bca7928057,delivered,2017-12-02 12:02:34,2017-12-02 12:20:26,2017-12-05 16:08:59,2017-12-15 18:47:22,2018-01-09,69.8,15.24,1,1,85.04,3,1,4.0,1.0,0042dcca0ae57aaec6e808edc31a2d48,57082,maceio,AL,13.28111111111111,37.498217592592596,0,85.03999999999999
ac40627fa08c6c47cdb3648f3e14901a,63e248449dc3f7b75648351e1dc68264,delivered,2017-12-02 12:07:58,2017-12-02 12:20:33,2017-12-04 16:19:53,2017-12-13 21:44:13,2017-12-27,100.0,12.83,1,1,112.83,3,1,5.0,1.0,9c57789a6a587f4efcfb01e36c106014,35450,itabirito,MG,11.40017361111111,24.494467592592592,0,112.83
bd5e2ecf9b560ddab3d1f8c7b48ddfe2,ef33214305d9a4bacb50f9ee88b3a89e,delivered,2017-12-02 12:18:40,2017-12-02 12:30:24,2017-12-06 23:35:29,2018-01-12 22:19:24,2018-01-05,59.0,28.81,1,1,87.81,1,1,1.0,1.0,cf8e62100de6ab82083dc80b8fa8384b,61905,maracanau,CE,41.417175925925925,33.487037037037034,1,87.81
c965c44f852330e40d852eff37abac16,6abe0ae88ae2256e56650e5d85768b9a,delivered,2017-12-02 12:19:20,2017-12-05 04:11:42,2017-12-15 20:09:31,2017-12-26 17:53:25,2017-12-29,120.0,15.59,1,1,135.59,1,1,4.0,1.0,bdcf76444782f7d31d94fc6ad9ba8ec1,35661,para de minas,MG,24.232002314814814,26.486574074074074,0,135.59
914850b13acc6b7b75bed132fcc7d0bb,caafbaf20864b4b9ce101b71a74677e7,delivered,2017-12-02 12:22:42,2017-12-02 12:32:29,2017-12-05 22:46:52,2017-12-14 12:22:13,2018-01-02,114.9,16.56,1,1,131.46,2,1,5.0,1.0,8f9d4a5f98697f8b905a7eb0a1352a81,4534,sao paulo,SP,11.999664351851852,30.484236111111112,0,131.46
09d9dfc52ee6df196fdd19dd3b7440a7,131ae605cc2534ffa8e03fca81c54d3e,delivered,2017-12-02 12:30:05,2017-12-04 16:31:59,2017-12-08 01:07:56,2017-12-21 19:37:11,2017-12-29,139.0,17.22,1,1,156.22,2,1,5.0,1.0,991669f489a5bd99e998ce6b5a90dcb5,13049,campinas,SP,19.29659722222222,26.479108796296295,0,156.22
a3d92aa9b396fd05c4b289ed01103714,f0eaebd8dc338ada2c3f24cbe0c21548,delivered,2017-12-02 12:36:43,2017-12-02 12:58:34,2017-12-04 20:13:35,2017-12-17 13:38:58,2018-01-02,31.92,15.79,1,1,47.71,1,1,,,93c517728e7290d5e444fd1819afbb17,40296,salvador,BA,15.043229166666666,30.474502314814814,0,47.71
6f01c1ae0db33636a3424c8239b8290a,5c6f90081fa82c6502575fd32cf54c2e,delivered,2017-12-02 12:37:17,2017-12-02 12:58:31,2017-12-04 18:25:05,2017-12-05 16:53:37,2017-12-20,55.0,7.78,1,1,62.78,1,1,1.0,1.0,fdaccf442f4f2638678e895e425b4919,1017,sao paulo,SP,3.1780092592592593,17.474108796296296,0,62.78
96e83ce2f455f3e80e37bcb428fb7405,fd5c9b3e358a87a8fb22ea9a996949f4,delivered,2017-12-02 12:37:39,2017-12-02 12:58:33,2017-12-04 21:13:52,2017-12-11 22:41:50,2017-12-29,120.9,45.31,1,1,166.21,3,1,5.0,1.0,3654085ce61efbb9a73d03c7d94a46b4,88505,lages,SC,9.41957175925926,26.473854166666666,0,166.21
ea74dd3b5134d715abcf385bc904d577,6b461e98fc12cb39b61f40a9aaf1b9e9,delivered,2017-12-02 12:43:21,2017-12-02 12:58:38,2017-12-09 00:10:18,2017-12-20 18:14:44,2017-12-28,43.9,17.97,1,1,61.87,1,1,4.0,1.0,c7d6a83992fe23fde708305e84318074,8021,sao paulo,SP,18.230127314814816,25.469895833333332,0,61.87
7b9a4ccb84bc90aa35e862facecfda80,980577f4e75c9ff551133fd18ae0bab9,delivered,2017-12-02 12:46:59,2017-12-02 12:58:40,2017-12-04 20:42:22,2017-12-06 17:24:43,2017-12-20,38.25,9.94,1,1,48.19,1,1,5.0,1.0,d393419796111dfaf317ca354f6c30e6,89259,jaragua do sul,SC,4.19287037037037,17.467372685185186,0,48.19
24f42a25ef8ead286299cf281c802b16,5b586fac23c7f8c29686a4d5663798df,delivered,2017-12-02 12:52:02,2017-12-05 04:15:42,2017-12-11 15:49:08,2018-01-03 23:12:49,2017-12-27,285.0,93.24,1,1,378.24,1,1,1.0,1.0,ab34c4906de4713a4c818ae8546e54be,22790,rio de janeiro,RJ,32.431099537037035,24.46386574074074,1,378.24
4458b3efa2a267c37c8851684ce7309a,8aa69d775fd94aba699deaa55209416d,delivered,2017-12-02 12:57:29,2017-12-02 13:09:56,2017-12-05 14:47:00,2017-12-19 20:32:30,2018-01-02,9.5,15.1,1,1,24.6,1,1,3.0,1.0,04035ffe05c302b1a7ee0eee85293cfd,35400,ouro preto,MG,17.315983796296297,30.46008101851852,0,24.6
4a90fdde0d8f47bc83f32f3f39082f94,3d77e17344794d675894ff95646e5861,delivered,2017-12-02 13:03:26,2017-12-02 13:09:57,2017-12-06 00:41:28,2017-12-07 20:38:52,2017-12-20,29.9,8.11,1,1,38.01,3,1,5.0,1.0,50734d03fb153fc7551157cea64536fa,9112,santo andre,SP,5.316273148148148,17.455949074074073,0,38.01
3fb11bd2ea68c2502505db7590a9967e,cea51c6d1ace915c653856b93b4812cf,delivered,2017-12-02 13:04:02,2017-12-02 13:11:22,2017-12-04 16:51:36,2017-12-11 18:52:04,2017-12-27,35.0,11.85,1,1,46.85,4,1,4.0,1.0,82a4ce6d85d43daa930b207bee1ef4e5,19804,assis,SP,9.241689814814816,24.455532407407407,0,46.85
fe32ff09dc05ef12f7003de0f56f9087,9ee1247050410211261eb5f6b24257d5,delivered,2017-12-02 13:06:10,2017-12-05 04:17:29,2017-12-05 17:53:22,2017-12-15 19:58:52,2018-01-09,98.99,23.56,1,1,122.55,1,1,5.0,1.0,f9c6dec25d2a63dbcfb1665927d370db,47940,wanderley,BA,13.286597222222222,37.45405092592593,0,122.55
7f3329c837ba8107a556fc154276a04e,a610b70e49c8a60cff9007cfdb91bacb,delivered,2017-12-02 13:10:30,2017-12-02 13:37:41,2017-12-04 21:55:24,2017-12-12 21:28:37,2018-01-02,129.0,21.39,1,1,150.39,2,1,5.0,1.0,d64373464f775d6417a14d7c74f31857,9520,sao caetano do sul,SP,10.345914351851851,30.451041666666665,0,150.39
aee9facfd58252a3edd95e9c3d6e7e1b,5916dbb1df93e4c648fbf7a263e0ac94,delivered,2017-12-02 13:11:00,2017-12-02 13:18:32,2017-12-05 20:34:05,2017-12-29 20:10:32,2018-01-09,98.9,17.94,1,1,116.84,1,1,4.0,1.0,c35e903f1cc78a29af8247d42cd17fd0,91350,porto alegre,RS,27.291342592592592,37.450694444444444,0,116.84
85f2d1d18951198c1beca750c4df59b1,e8fe08cf36af5be20512a9cac36725b8,delivered,2017-12-02 13:19:52,2017-12-02 13:37:49,2017-12-06 22:34:13,2017-12-16 16:46:58,2018-01-02,69.0,26.1,1,1,95.1,1,1,4.0,1.0,1ec5df023b06830ce9f97595b72ba625,32140,contagem,MG,14.143819444444444,30.444537037037037,0,95.1
6f0c6747db38e540068010194f8249e5,5db652fa15eeb25ec624e00feae386b2,delivered,2017-12-02 13:36:24,2017-12-05 04:14:01,2017-12-06 23:58:39,2017-12-08 19:32:22,2017-12-22,34.99,7.78,1,1,42.77,1,1,1.0,1.0,e040c33e0734aaf73e3c0c216877dc39,3470,sao paulo,SP,6.247199074074074,19.433055555555555,0,42.77
cfeafb929e8e089a77a5941999a6c608,504d0f9e21cb1577eea28f19076379cb,delivered,2017-12-02 13:39:00,2017-12-02 13:50:16,2017-12-04 18:43:23,2017-12-24 14:18:41,2018-01-03,98.4,42.72,1,1,141.12,2,1,5.0,1.0,60ddbe9250a1ea26609f24c651c9f03c,53320,olinda,PE,22.02755787037037,31.43125,0,141.12
161735160c0ae1bd0f0b2407137b24b1,1dc4ec0fdc0b66efcf8874ccf7955197,delivered,2017-12-02 13:41:29,2017-12-02 13:53:21,2017-12-07 15:13:55,2017-12-12 18:52:43,2017-12-20,34.3,8.11,1,1,42.41,1,1,4.0,1.0,252e3abb3ca9b61cab53c6c4a65f756c,7072,guarulhos,SP,10.21613425925926,17.429525462962964,0,42.41
0724f5287d69b7a3fbcf9ab02054ca4a,49af8d1256e91058af5b255f4fbc0e6d,delivered,2017-12-02 13:51:42,2017-12-02 13:59:26,2017-12-06 21:41:52,2018-01-05 23:42:32,2018-01-22,45.0,27.2,1,1,72.2,3,1,5.0,1.0,7cc3f51930537216ff70ecdc8f506a37,69049,manaus,AM,34.410300925925924,50.42243055555556,0,72.2
c259fd488a73ebbd67d79df856d4befc,6ab85b3fac14f117ea275b5a35503073,delivered,2017-12-02 13:53:36,2017-12-02 14:17:06,2017-12-07 22:28:55,2017-12-13 23:23:11,2017-12-28,59.9,14.17,1,1,74.07,1,1,5.0,1.0,4eaa7b320f62557958f289a09f1cf919,29101,vila velha,ES,11.395543981481481,25.42111111111111,0,74.07
8224adc48f3ab28936439f668b9c3739,f75295933e7327404320b0afeb527e96,delivered,2017-12-02 14:00:52,2017-12-02 14:17:08,2017-12-05 19:28:40,2017-12-12 19:33:11,2018-01-02,99.0,52.7,1,1,151.7,3,1,5.0,1.0,850b9c63a8a63e4f68173113666d362c,22760,rio de janeiro,RJ,10.230775462962963,30.416064814814813,0,151.7
f29059714a02a0730711137a8a8448b9,aec1007daefc1ef2206c801c32baab18,delivered,2017-12-02 14:05:22,2017-12-02 14:17:23,2017-12-06 01:44:44,2017-12-13 23:19:09,2017-12-29,39.9,16.11,1,1,56.01,2,1,4.0,1.0,4ab2cf5330bcc77aff0b70436bf24e27,98010,cruz alta,RS,11.38457175925926,26.412939814814816,0,56.01
0dad6beca7ed0e352668498c29089900,2528510465c7572dedee4431a7d52e08,delivered,2017-12-02 14:08:33,2017-12-02 14:17:20,2017-12-08 21:21:12,2017-12-13 09:44:38,2017-12-27,98.7,12.19,1,1,110.89,6,1,5.0,1.0,52a7fb2dfa60628b04619fa279d3e27c,16072,aracatuba,SP,10.816724537037038,24.410729166666666,0,110.89
0aaa4cd49d3624258b908c2abdf189cc,73ff91e90f718f4e4b183053504f0265,delivered,2017-12-02 14:18:40,2017-12-02 14:30:01,2017-12-05 19:14:41,2017-12-26 20:09:28,2018-01-04,118.0,26.11,1,1,144.11,2,1,4.0,1.0,b29c70f305c6f44c610a018ae4f2ff36,63050,juazeiro do norte,CE,24.24361111111111,32.403703703703705,0,144.11
dead55bea70de58a7eee62d912bce5f3,4fec47453d7416adccd7f7e8f8649614,delivered,2017-12-02 14:25:57,2017-12-02 14:37:31,2017-12-07 12:38:05,2017-12-19 21:28:27,2017-12-29,99.9,16.46,1,1,116.36,1,1,5.0,1.0,115dc50e77d72a546af4a9e3aa7ccbe1,38061,uberaba,MG,17.29340277777778,26.398645833333333,0,116.36000000000001
741fd1b80f015f170a7f458cf86769b8,df5c9e02596851fcbfc98804e4108bbd,delivered,2017-12-02 14:28:03,2017-12-02 14:38:30,2017-12-04 21:54:27,2017-12-11 16:17:04,2018-01-04,89.99,16.39,1,1,106.38,1,1,1.0,1.0,377bdfb2197d3b83c9e3f9502deabcfb,39680,capelinha,MG,9.075706018518519,32.3971875,0,106.38
66480576a5bbc6e076d5a69490a0592f,e7767d9adc0241c1c75845144e3abd25,delivered,2017-12-02 14:37:35,2017-12-05 04:13:30,2017-12-05 21:38:37,2017-12-08 15:36:43,2018-01-04,27.99,14.1,1,1,42.09,1,1,5.0,1.0,24fae8aa722f74b25e1ba720a8d52839,90035,porto alegre,RS,6.041064814814815,32.39056712962963,0,42.089999999999996
42de1b3e5c22770a440ee04f373fb846,e6595e1dfae04149e21586a32e6d8b9f,delivered,2017-12-02 14:37:36,2017-12-02 15:00:51,2017-12-05 23:58:45,2018-01-04 21:42:28,2018-01-09,104.99,47.26,1,1,152.25,4,1,5.0,1.0,2f1480e25f6f882940a9458f884e9bf7,57560,dois riachos,AL,33.2950462962963,37.39055555555556,0,152.25
a5ace85930526f2e2c1f06c2d3383e90,adfa31b007a919da559f665074d13474,delivered,2017-12-02 14:45:57,2017-12-02 15:01:07,2017-12-04 18:58:13,2018-01-07 16:03:18,2018-01-04,119.9,34.5,1,1,154.4,1,1,1.0,1.0,fbd7125bc18a4d2dc0261ec2afc8d02a,91790,porto alegre,RS,36.053715277777776,32.38475694444445,1,154.4
0b7b12a402b064d880d3cb31051f6d29,f4896997a6a8f1e3d089a04a44c39d71,delivered,2017-12-02 14:49:30,2017-12-02 15:01:09,2017-12-04 20:13:03,2018-04-19 21:18:52,2018-01-05,69.9,16.93,1,1,86.83,1,1,5.0,1.0,ff53f01e01b4920e90f47e742878cd19,48880,santaluz,BA,138.27039351851852,33.38229166666667,1,86.83000000000001
9c958729ea25738c217bb66e1cfa200c,72c5d828be36178b56d479513b123638,delivered,2017-12-02 14:55:02,2017-12-02 15:10:36,2017-12-13 20:23:28,2017-12-15 17:57:28,2017-12-20,19.0,7.88,1,1,26.88,1,1,1.0,1.0,b5d8ff82acf8a538e18e889d7d348db3,2133,sao paulo,SP,13.126689814814815,17.378449074074073,0,26.88
4cc00a9ac85dee3a197d788b827da7e8,450f484b0a3d89d8728a50225c34cda2,delivered,2017-12-02 14:56:17,2017-12-02 15:10:41,2017-12-05 20:39:05,2018-01-09 20:17:59,2017-12-28,289.9,15.78,1,1,305.68,8,1,1.0,1.0,fab35b614a719919f0b94a9f5ba0ee4b,23017,rio de janeiro,RJ,38.22340277777778,25.37758101851852,1,305.67999999999995
18d28a9e760a03f78cd4801507a48398,52f441eb6db6a415704a7130643d0b31,delivered,2017-12-02 14:56:32,2017-12-02 15:10:38,2017-12-05 00:39:34,2017-12-22 19:26:57,2017-12-28,99.99,16.46,1,1,116.45,2,1,4.0,1.0,92f57e0ece2726703123cbddf69daaac,38080,uberaba,MG,20.18778935185185,25.377407407407407,0,116.44999999999999
819f320b449906b797b0b826293665d8,c1c3d95ec41f108ca60f2201ab73cddd,delivered,2017-12-02 14:57:49,2017-12-02 15:10:42,2017-12-04 21:23:07,2017-12-28 17:53:42,2017-12-28,39.5,16.11,1,1,55.61,1,1,4.0,1.0,866ce518090cb08bb2e299fef22a6424,35519,nova serrana,MG,26.122141203703702,25.376516203703705,1,55.61
62a084114b1d8e549fbf1e0d9ebf4da6,99d937de3eec6f7cb8486b48f2379fc0,delivered,2017-12-02 15:03:10,2017-12-02 15:11:48,2017-12-04 20:45:22,2017-12-18 19:11:47,2018-01-02,37.5,16.11,1,1,53.61,1,1,5.0,1.0,122b4a4fb6bf6a990833464b56f2f65b,89204,joinville,SC,16.172650462962963,30.372800925925926,0,53.61
ba75b10a16e530cca75088408909b325,fe7374607781a49ec88f4f6e274f5ee5,delivered,2017-12-02 15:06:45,2017-12-02 15:17:21,2017-12-04 20:42:19,2017-12-18 19:43:49,2017-12-28,86.36,17.85,1,1,104.21,2,1,3.0,1.0,08ddc0df5b096f928637e6622dc1af6b,91150,porto alegre,RS,16.19240740740741,25.3703125,0,104.21000000000001
f29282bc8841ae8bcb88e357e9a32c57,6fe3e86aaffe0c52d238e4f89950ac1e,delivered,2017-12-02 15:11:46,2017-12-02 15:38:07,2017-12-04 18:30:11,2017-12-20 21:09:46,2018-01-04,90.0,21.43,1,1,111.43,3,1,5.0,1.0,3543bfa56514a2ca65d2f2a7470e3ea7,49050,aracaju,SE,18.24861111111111,32.3668287037037,0,111.43
3863a19752e7afd5305895ae86ee0fe0,a01f848aa7cfe443739f20cbb9a943df,delivered,2017-12-02 15:12:58,2017-12-05 04:12:00,2017-12-05 17:43:39,2017-12-14 13:42:18,2017-12-27,149.9,13.18,1,1,163.08,1,1,3.0,1.0,ead70bfb3b6e54890bc4c9b57f4a7276,35774,paraopeba,MG,11.937037037037037,24.36599537037037,0,163.08
7beaa9cf684b466e527383b1ca40fe07,2bbf7f0d933e52c5f49be30d8cead4a9,delivered,2017-12-02 15:16:36,2017-12-02 15:30:45,2017-12-05 21:22:05,2017-12-18 21:23:21,2017-12-28,289.0,50.55,1,1,339.55,6,1,5.0,1.0,7a1de9bde89aedca8c5fbad489c5571c,1315,sao paulo,SP,16.2546875,25.36347222222222,0,339.55
23bb9807759656cf1a127051f168d6bd,1023dede418d95202d1fe335005e1844,delivered,2017-12-02 15:18:03,2017-12-02 15:38:11,2017-12-07 20:22:34,2017-12-18 23:42:22,2017-12-27,144.9,16.64,1,1,161.54,4,1,5.0,1.0,1d2a5916ce2014d6eab95f805d1e092c,15600,fernandopolis,SP,16.350219907407407,24.362465277777776,0,161.54000000000002
5462150a55227cc8cba846f26101492e,adfd5b68ee720910253520bfcf6b3b1a,delivered,2017-12-02 15:25:55,2017-12-02 15:38:18,2017-12-07 19:56:46,2017-12-19 13:55:13,2017-12-28,129.99,15.66,1,1,145.65,1,1,5.0,1.0,87914dda99d76004bfd05778028fa7e8,13565,sao carlos,SP,16.937013888888888,25.357002314814814,0,145.65
1702dd469ef502af250c4b02c8ab4a4f,847a58a689e3ae9ead5d38c6f179bd22,delivered,2017-12-02 15:43:09,2017-12-02 15:50:51,2017-12-06 20:18:32,2017-12-13 19:09:05,2017-12-27,132.76,16.56,1,1,149.32,3,1,4.0,1.0,1f2adb592a0f5c87c97a8d0263bef115,5083,sao paulo,SP,11.143009259259259,24.345034722222223,0,149.32
ac4d3e658ac54a9c801b43b95c792fe6,178850fca63c022ac730d9836256d29d,delivered,2017-12-02 15:49:59,2017-12-05 04:12:28,2017-12-06 20:52:19,2017-12-13 19:17:01,2018-01-04,258.6,49.81,2,2,308.41,1,1,1.0,1.0,11abb5530db9840be4b5287c63e6e7e1,36240,santos dumont,MG,11.143773148148147,32.34028935185185,0,308.41
e087de4a31936aa86e5f48c6d4c570f5,b22ad8ac69105be5f00338a86d44697b,delivered,2017-12-02 15:52:58,2017-12-02 16:17:34,2017-12-05 22:46:55,2017-12-27 19:48:53,2018-01-02,114.9,18.37,1,1,133.27,1,1,4.0,1.0,1aa661ae7348dd45045b133a4cbc4ca4,22790,rio de janeiro,RJ,25.16383101851852,30.338217592592592,0,133.27
b5ec211e31904eeec6f1dfc6f18c2520,c74b0208ec9a9f9f9d1e578357439b0f,delivered,2017-12-02 15:55:49,2017-12-02 16:17:34,2017-12-11 20:42:35,2018-01-08 21:45:22,2018-01-02,64.89,17.7,1,1,82.59,5,1,1.0,1.0,bdb25a0cf8f2088a29ba40391cb318db,22621,rio de janeiro,RJ,37.24274305555556,30.336238425925927,1,82.59
4e2cd0aecbb0fbcc5fc61ed8fc23589c,a0edaa97421af6b1d805a70f13522081,delivered,2017-12-02 16:00:04,2017-12-02 16:17:29,2017-12-05 00:14:29,2017-12-06 13:28:53,2017-12-21,79.99,8.75,1,1,88.74,8,1,5.0,1.0,67819f459b103e4f6120735e1359e8c1,18130,sao roque,SP,3.8950115740740743,18.33328703703704,0,88.74
4506d7680f086c8be537a444b0f6dce0,ad29f17b84eef06fc014123231f95e70,delivered,2017-12-02 16:02:29,2017-12-02 16:17:33,2017-12-08 15:49:09,2017-12-29 19:10:25,2017-12-27,69.99,15.25,1,1,85.24,8,1,1.0,1.0,f8c9db34d72d97c3920bb983be83900c,30380,belo horizonte,MG,27.13050925925926,24.331608796296297,1,85.24
5648c933d209018572eb67390f618682,084e83571f0a839a4c42cf340a597baa,delivered,2017-12-02 16:04:47,2017-12-02 16:17:33,2017-12-04 19:53:04,2017-12-07 01:06:07,2017-12-20,170.0,23.6,2,1,193.6,6,1,5.0,1.0,e77723abebdc6d6b95814047f75c2aab,5372,sao paulo,SP,4.375925925925926,17.330011574074074,0,193.6
b0720f1f1ffe718701fefe87c8bf605b,8eb8bf0b474dc6ea2e442de6298e1b54,delivered,2017-12-02 16:07:33,2017-12-02 16:17:31,2017-12-05 17:32:50,2017-12-08 19:21:21,2017-12-20,79.0,11.76,1,1,90.76,1,1,4.0,1.0,9d7aa3978318d58d61d24b797b5c5181,2514,sao paulo,SP,6.1345833333333335,17.32809027777778,0,90.76
514b4450547a198b2000fe570c522277,30ed8c586151707a59ba3bf07f050e4c,delivered,2017-12-02 16:17:50,2017-12-02 16:30:16,2017-12-08 14:13:48,2018-02-06 01:57:03,2017-12-29,193.8,35.86,2,1,229.66,6,1,1.0,1.0,32bc18edbf54051bb71f14ef6c9557cd,24470,sao goncalo,RJ,65.4022337962963,26.320949074074075,1,229.66000000000003
2b9ab62e402a43c64978b895150c6c0d,70116073b8a399ba8843062cf3a9108b,delivered,2017-12-02 16:18:33,2017-12-02 16:30:21,2017-12-05 00:54:40,2017-12-13 21:58:33,2018-01-02,64.02,21.25,1,1,85.27,1,1,4.0,1.0,a5bbbe1f7a979e71f982a008a3f14dae,60160,fortaleza,CE,11.23611111111111,30.320451388888888,0,85.27
b7500c718b66aa61283dcc1565a39bf0,d353a31eae848027881dd6f027102350,delivered,2017-12-02 16:24:27,2017-12-05 04:11:53,2017-12-11 19:48:47,2018-01-05 00:53:37,2018-01-10,229.04,55.87,1,1,284.91,1,1,5.0,1.0,5a499054b62a78c046de758714fdfee5,68515,parauapebas,PA,33.35358796296296,38.31635416666666,0,284.90999999999997
a1118187790ace007bd83fc3ac113a3d,38ae69e357c299dba49b0f13f2333f84,delivered,2017-12-02 16:26:26,2017-12-02 16:37:17,2017-12-05 03:10:52,2017-12-06 17:41:39,2017-12-20,58.9,14.13,1,1,73.03,3,1,4.0,1.0,af643c89c99d58e5c15990f62a320f02,13040,campinas,SP,4.052233796296297,17.314976851851853,0,73.03
85e019a2383461c352ffffefc7ba4829,1eee145a6e298c2b4b0529960fa86368,delivered,2017-12-02 16:29:45,2017-12-02 16:58:57,2017-12-06 00:59:14,2017-12-07 14:22:00,2017-12-20,24.99,7.78,1,1,32.77,1,1,4.0,1.0,67429e38fb995fb271124232d88ea09b,6814,embu das artes,SP,4.911284722222222,17.312673611111112,0,32.769999999999996
48f748418f436ecce9310b169835b995,844a80df92c42e503068933d7cae4f70,delivered,2017-12-02 16:29:51,2017-12-02 16:58:53,2017-12-06 14:44:47,2017-12-13 22:08:05,2017-12-28,189.0,14.34,1,1,203.34,4,1,4.0,1.0,5d72c287eba3d7b411e814e9537492a4,12712,cruzeiro,SP,11.234884259259259,25.312604166666667,0,203.34
90a35d9f1707a645c3bd2dda9c3f2643,5d94eb3a651e44419266ec8fddbd57be,delivered,2017-12-02 16:44:06,2017-12-02 16:59:01,2017-12-04 18:04:30,2017-12-19 16:44:45,2018-01-02,49.96,60.4,4,1,110.36,1,1,,,a611c80155435e6a86012d159d9e5007,71741,brasilia,DF,17.000451388888887,30.30270833333333,0,110.36
b3727b62c265499751024ab759727674,e8c0df39b8ab2cad38c5504ae816d572,delivered,2017-12-02 16:49:51,2017-12-02 16:59:07,2017-12-05 21:29:57,2017-12-28 19:59:09,2017-12-29,166.99,23.49,1,1,190.48,2,1,1.0,1.0,67eb2c312d693f5d3c045e667ebaf03e,88111,sao jose,SC,26.131458333333335,26.298715277777777,0,190.48000000000002
d664b2039deb4f567ef5367877766cf6,2728d59778931902ac2459b9f643b886,delivered,2017-12-02 17:05:37,2017-12-02 17:15:20,2017-12-05 19:22:17,2017-12-15 15:42:39,2017-12-20,119.98,18.68,2,1,138.66,1,1,3.0,1.0,bac01bc2fd2368c631f6ba4822eeb45c,8567,poa,SP,12.94238425925926,17.287766203703704,0,138.66
fb1ef674743bb985ef78eaed8496ad70,610dfd0fe50cde969d3d7fc16f32ae17,delivered,2017-12-02 17:12:16,2017-12-02 17:38:15,2017-12-06 16:28:48,2017-12-15 21:57:45,2018-01-08,249.9,16.5,1,1,266.4,1,1,5.0,1.0,9b1de00ef3f5b9e16eecfa1b65a97a23,99010,passo fundo,RS,13.198252314814814,36.28314814814815,0,266.4
e162ac83d9cf1ba96526e4cc7dc3e6b1,a71c8b5b9144227920fbb65d3de557c9,delivered,2017-12-02 17:12:18,2017-12-05 04:13:44,2017-12-07 15:28:41,2017-12-27 21:49:01,2018-01-02,137.94,16.41,1,1,154.35,1,1,5.0,1.0,3a1cfe3d5de2dab1db203bb8efb9d553,40010,salvador,BA,25.19216435185185,30.283125,0,154.35
063929a628206b3f69eaaa2e003ca695,38f9acc05b467543eb2ab4536729e1d2,delivered,2017-12-02 17:15:54,2017-12-02 17:38:18,2017-12-06 21:41:49,2017-12-12 15:35:08,2017-12-29,120.0,20.33,1,1,140.33,2,1,5.0,1.0,d3a6a654f91fd4bb5ff0b019d0f5bfaf,71909,brasilia,DF,9.930023148148148,26.280625,0,140.32999999999998
286c1f7d3430ca672080275dae8e9498,8213f342f266ee71f8a3f23c9c4badc3,delivered,2017-12-02 17:19:49,2017-12-05 04:14:01,2017-12-07 02:44:52,2017-12-11 15:44:49,2017-12-20,39.9,7.78,1,1,47.68,1,1,4.0,1.0,4849f1b09b196fe96481bc9a6f013410,7600,mairipora,SP,8.934027777777779,17.277905092592594,0,47.68
ee2f263ecb1aa5eb20d84c8411acd9e6,87697468fc283a0368b9ccd45855c897,delivered,2017-12-02 17:26:05,2017-12-02 17:38:25,2017-12-05 22:58:47,2017-12-11 19:14:27,2017-12-20,27.99,7.78,1,1,35.77,3,1,4.0,1.0,1376526de7f8d851f34bcd6707dcd622,7850,franco da rocha,SP,9.07525462962963,17.27355324074074,0,35.769999999999996
d66cc620bf1415956e645bc1123aaa50,112a2b7ccb2d89926da59b967775b8f8,delivered,2017-12-02 17:28:08,2017-12-02 17:38:24,2017-12-04 19:12:05,2017-12-13 22:37:49,2018-01-03,170.0,29.59,1,1,199.59,8,1,5.0,1.0,9776ff05fe105b6c7e4008a0eb87092e,13930,serra negra,SP,11.215057870370371,31.272129629629628,0,199.59
d9c5d64c3fa1b1abf251ddf4cb2683ee,e8cada88df871b1ff0f51fcbd2a724ca,delivered,2017-12-02 17:28:34,2017-12-05 04:14:00,2017-12-11 19:35:57,2017-12-14 21:12:48,2017-12-29,39.79,45.29,3,1,85.08,1,1,4.0,1.0,eaeb17740d6fb4704a839ed30b3db9df,1415,sao paulo,SP,12.155717592592593,26.271828703703704,0,85.08
473b38a35912884a11231cd5d0bfa5b0,b973f4a7f7d846d2a1d8d0ea0793e219,delivered,2017-12-02 17:29:19,2017-12-02 17:38:26,2017-12-06 22:22:18,2017-12-07 20:18:54,2017-12-21,53.0,7.94,1,1,60.94,1,1,5.0,1.0,02e5f63d2706fa1cdf1b54b66155db73,24240,niteroi,RJ,5.117766203703703,18.27130787037037,0,60.94
b07c4df2465a5b5c2a22522e681a6ca9,70f6569fc88c303a208586d7199e33ef,delivered,2017-12-02 17:32:10,2017-12-02 17:50:37,2017-12-05 14:39:16,2017-12-22 13:48:50,2018-01-16,160.55,46.71,1,1,207.26,4,1,5.0,1.0,9222868321af322ef6255c9a269a622f,68385,tucuma,PA,19.84490740740741,44.26932870370371,0,207.26000000000002
17110a49ae77577b41dea127fe1df35c,1e95463853727c90d45021184b65fce0,delivered,2017-12-02 17:41:43,2017-12-02 17:50:40,2017-12-05 00:58:35,2017-12-06 00:13:21,2017-12-21,130.0,29.28,1,1,159.28,3,1,5.0,1.0,421f03cd9152f7886b906cf93d4c4772,9771,sao bernardo do campo,SP,3.2719675925925924,18.26269675925926,0,159.28
ab260012c90cd3ee59bb8d18b97b851a,566782b45e70b898cfccd745e3fa1223,delivered,2017-12-02 17:41:47,2017-12-02 17:50:39,2017-12-05 20:22:13,2017-12-08 00:14:30,2017-12-20,89.59,9.44,1,1,99.03,6,1,5.0,1.0,1fe8fcbefc8f04ba316f4afd0b034a67,3357,sao paulo,SP,5.272719907407407,17.262650462962963,0,99.03
0ab5a761982917ce851399f277662d06,7ecce0bacad3880044f145069b089f3d,delivered,2017-12-02 17:47:12,2017-12-05 04:12:00,2017-12-05 17:12:58,2017-12-18 17:44:44,2018-01-03,39.9,15.1,1,1,55.0,1,1,5.0,1.0,05869a56cb7edf789454b3ee270a0888,12090,taubate,SP,15.998287037037038,31.25888888888889,0,55.0
4b43461ed06d891d8c85531845c7f2ee,b4694eda03bf5091adee5c21f837a67a,delivered,2017-12-02 17:51:45,2017-12-02 18:17:38,2017-12-19 23:13:02,2018-01-02 11:19:15,2017-12-20,186.0,15.81,1,1,201.81,4,1,1.0,1.0,0bfc38cf78ad69b24fe437088a8d7bc6,7178,guarulhos,SP,30.727430555555557,17.255729166666665,1,201.81
c27c63dce1eb68e4b7bfd81611ad050c,0487babaee1a6d7e1aca94e4ecba5e47,delivered,2017-12-02 18:06:27,2017-12-02 18:17:48,2017-12-06 14:52:33,2017-12-19 15:47:07,2017-12-29,39.9,14.1,1,1,54.0,2,1,4.0,1.0,13e58e8be993cad079d11118950e9af8,71918,brasilia,DF,16.903240740740742,26.245520833333334,0,54.0
91c6465db4928c8a908d1056f5763c8e,5fd62f8496b82e90e5879bb3769ea361,delivered,2017-12-02 18:23:33,2017-12-04 19:31:12,2017-12-06 05:04:45,2017-12-17 16:48:58,2018-01-15,109.9,117.54,1,1,227.44,2,1,4.0,1.0,3aaa5f97bd5c2963084bef5fbaf86281,41650,salvador,BA,14.93431712962963,43.233645833333334,0,227.44
db7ba1651fa9b12357f71dd1606ec722,7a0080167c446b9791171a3d8114cdbb,delivered,2017-12-02 18:25:16,2017-12-05 04:17:24,2017-12-05 22:18:51,2017-12-18 23:04:00,2017-12-28,75.0,16.16,1,1,91.16,1,1,5.0,1.0,8e27a1bfaaf4b930a22952c08ec8bbb6,14790,guaira,SP,16.193564814814813,25.232453703703705,0,91.16
3745e06e7f01e1652cfd4b9d31651820,08dc68ad9ab343289844fa36f6963b8f,delivered,2017-12-02 18:26:35,2017-12-02 18:35:23,2017-12-04 14:31:34,2017-12-19 19:46:39,2017-12-29,2700.0,34.66,1,1,2734.66,10,1,5.0,1.0,0de97ff655abfc142ba6fc83e86bf082,15063,sao jose do rio preto,SP,17.05560185185185,26.23153935185185,0,2734.66
17aee91466443df022e04e60326597b7,0eb2609516b927fa417f07ad4aa38fc7,delivered,2017-12-02 18:31:53,2017-12-02 18:57:09,2017-12-04 19:16:47,2017-12-06 16:17:05,2017-12-20,299.99,11.11,1,1,311.1,6,1,5.0,1.0,bdd146ec7f514a9836f49417962f5158,22290,rio de janeiro,RJ,3.906388888888889,17.227858796296296,0,311.1
f2cc9d063beb0b42924df2341183e910,3ae006470fe900879650b22b95080f2b,delivered,2017-12-02 18:33:40,2017-12-02 18:57:13,2017-12-05 00:37:41,2017-12-10 13:17:00,2017-12-27,39.6,17.06,1,1,56.66,1,1,5.0,1.0,e7878eb340012177f89810e8855f3019,17516,marilia,SP,7.780092592592593,24.22662037037037,0,56.66
a542babfe6f6339952a1f699ddc1868b,2ba83772da66cfb788b2130a97f46292,delivered,2017-12-02 18:38:08,2017-12-02 18:57:13,2017-12-05 14:19:34,2017-12-19 19:12:20,2017-12-27,226.95,21.56,1,1,248.51,2,1,3.0,1.0,c88c7f3b5a5197c8eaeefd3333fd048c,12414,pindamonhangaba,SP,17.02375,24.223518518518517,0,248.51
c8a26f68531d30c813a16902aeacd380,e6100145f88f78edd1efdb0e643dcc1f,delivered,2017-12-02 18:38:27,2017-12-05 04:12:30,2017-12-05 18:10:02,2017-12-08 13:10:12,2017-12-27,16.9,11.85,1,1,28.75,1,1,4.0,1.0,e32f880d3e0df9d66a3ce4f25ac57b47,14400,franca,SP,5.772048611111111,24.22329861111111,0,28.75
d3433b37aa2f57a56e8c97c455ac6ed8,1d51ab9a70ead50582098a67457ccd8a,delivered,2017-12-02 18:38:46,2017-12-02 18:57:15,2017-12-06 16:35:20,2017-12-14 22:04:35,2018-01-09,145.9,16.78,1,1,162.68,5,1,3.0,1.0,3e07cafe9109c34edd3ccca457aa0adf,6950,juquitiba,SP,12.14292824074074,37.223078703703706,0,162.68
726dc9c6c71556f7c7ff01eb24278bd9,a3552008b1cf707a84d3c8124acdb7ca,delivered,2017-12-02 18:45:26,2017-12-02 18:57:21,2017-12-05 02:34:26,2017-12-10 15:59:16,2017-12-28,43.9,14.1,1,1,58.0,5,1,5.0,1.0,2a7728b8d57b8876d36069dc52f79e21,9220,santo andre,SP,7.884606481481481,25.218449074074073,0,58.0
c7792e68d2b059a30e1393cf164f9adf,d26ca867b1550906d9277386f53216aa,delivered,2017-12-02 18:50:34,2017-12-05 06:51:40,2017-12-07 14:07:02,2017-12-14 21:06:37,2018-01-03,64.99,16.21,1,1,81.2,8,1,5.0,1.0,10748979aef0138c15ba47e04fa1b969,28695,papucaia,RJ,12.094479166666666,31.21488425925926,0,81.19999999999999
9afe5940008858a4ff8a097632648429,22ba5362ca082f57f101cef1280da84a,delivered,2017-12-02 18:55:25,2017-12-02 19:10:48,2017-12-05 21:06:05,2017-12-07 16:59:08,2017-12-20,69.9,14.13,1,1,84.03,1,1,4.0,1.0,359a1bc7f1271d65dacc91e98fe3e46c,9850,sao bernardo do campo,SP,4.919247685185185,17.211516203703702,0,84.03
62be68249b40c739190fcce9a791f406,1af572fe09cb375a153938ba4c428e2b,delivered,2017-12-02 18:56:39,2017-12-02 19:10:47,2017-12-04 15:37:11,2017-12-06 21:18:57,2017-12-20,34.99,8.72,1,1,43.71,3,1,4.0,1.0,f7b9ba664f72f7a248c4b215ebe5c76d,3640,sao paulo,SP,4.098819444444445,17.21065972222222,0,43.71
ded5354b425cb60510972f4c92308d47,a44e1f83d67e91d573b65189302e7c54,delivered,2017-12-02 19:00:27,2017-12-02 19:11:21,2017-12-04 19:37:29,2017-12-11 14:19:10,2017-12-28,239.9,18.43,1,1,258.33,8,1,4.0,1.0,9e27d2071b688512d1313394991ccac6,18606,botucatu,SP,8.804664351851851,25.208020833333332,0,258.33
7b2a6419f77f1f76cb8ec21cb81c1da1,0f93a71fb111947502dffea3365f5861,delivered,2017-12-02 19:06:04,2017-12-02 19:16:24,2017-12-04 16:48:53,2017-12-11 10:49:03,2017-12-27,60.0,11.92,1,1,71.92,2,1,5.0,1.0,6ef12e7a9bd73d564cc2008945b9bc38,14025,ribeirao preto,SP,8.654849537037038,24.20412037037037,0,71.92
5137f8c3662122707504625d55882d56,54a061e849f9c537b53eedcdac2d407e,delivered,2017-12-02 19:08:57,2017-12-02 19:36:23,2017-12-05 22:55:38,2017-12-12 15:27:52,2017-12-28,27.99,14.1,1,1,42.09,1,1,5.0,1.0,72ba05263486b6f3bdc32092f2f43d97,24342,niteroi,RJ,9.846469907407407,25.202118055555555,0,42.089999999999996
f0dbbeed3a0b658b884893bcdde5e4d4,f184af34654e6c42b67146220328aafe,delivered,2017-12-02 19:11:14,2017-12-02 19:36:24,2017-12-05 21:49:00,2017-12-21 21:48:58,2017-12-28,148.0,18.29,1,1,166.29,2,1,5.0,1.0,a414f74fdead2bbbb53ad994d9b013c4,11045,santos,SP,19.109537037037036,25.200532407407408,0,166.29
c1bcd85491d0472bf5d90c9890197a75,369e8d5b3fb4177c3c9a6623f408cb1e,delivered,2017-12-02 19:15:04,2017-12-02 19:36:32,2017-12-11 20:05:28,2018-01-06 16:24:53,2017-12-20,157.0,14.49,1,1,171.49,1,1,1.0,1.0,58e51ce458bcef2c1270b31b85a4df9a,4408,sao paulo,SP,34.88181712962963,17.19787037037037,1,171.49
4b7c75647aa227e46207431cad3bf247,9f5492d11e095846e5c39e55f717c452,delivered,2017-12-02 19:26:28,2017-12-02 19:36:41,2017-12-04 22:17:05,2017-12-19 17:52:06,2017-12-28,139.9,23.78,1,1,163.68,8,1,5.0,1.0,3b397ff9a306a4024edb029f9718abae,17055,bauru,SP,16.934467592592593,25.189953703703704,0,163.68
db60e394992598875152973b766b89b0,cae6bf6f0e7c53141fd9e62a44e8f4a5,delivered,2017-12-02 19:27:57,2017-12-02 19:37:44,2017-12-04 18:23:54,2017-12-06 15:25:06,2017-12-20,69.5,11.73,1,1,81.23,5,1,5.0,1.0,9f0d211a0fcd270d5c9397220d318cd3,4062,sao paulo,SP,3.831354166666667,17.18892361111111,0,81.23
9655f9162b885f0660988e6c9d35e0f2,b4d03ae2c781972e2e88417d2cecdb9a,delivered,2017-12-02 19:30:50,2017-12-02 19:51:25,2017-12-06 12:43:21,2017-12-11 23:43:35,2017-12-29,109.9,12.9,1,1,122.8,1,1,1.0,1.0,2ea34b4e1f7b673fd8d869b85804d720,2567,sao paulo,SP,9.175520833333334,26.186921296296298,0,122.80000000000001
cf56d3d1b65accb1412da2abc22ff4f7,127dff0d95e9dcadef5f3b15138db8d8,delivered,2017-12-02 19:37:49,2017-12-02 19:51:30,2017-12-04 20:45:20,2017-12-07 01:33:00,2017-12-20,19.9,8.72,1,1,28.62,1,1,5.0,1.0,e9a95d0829fc0a115e8cd86ce25a6b12,1527,sao paulo,SP,4.246655092592593,17.18207175925926,0,28.619999999999997
be48bdef069ed1eb0d320bfe65d26351,608d232311554f84a24cbe6ccc3dbab8,delivered,2017-12-02 19:41:11,2017-12-02 19:53:44,2017-12-05 14:59:29,2017-12-10 12:19:04,2017-12-27,15.0,25.38,2,1,40.38,1,1,5.0,1.0,0825dca27a94ec57277c16731af8163f,4563,sao paulo,SP,7.692974537037037,24.179733796296297,0,40.379999999999995
f1e3357150ba2a42775a24d84090890f,27da2d4ea8e41b2ebf42861d6f5a3bda,delivered,2017-12-02 19:44:39,2017-12-04 18:30:51,2017-12-05 21:43:41,2017-12-12 00:14:34,2017-12-27,42.99,14.1,1,1,57.09,1,1,4.0,1.0,0f990bdf6dd514b25b665ba3707c615d,22770,rio de janeiro,RJ,9.18744212962963,24.17732638888889,0,57.09
c46f950813dd2dd9bab4188dceb83175,8c15169cec84935673c0356c2f151da4,delivered,2017-12-02 19:55:21,2017-12-02 20:16:07,2017-12-04 10:57:11,2017-12-07 14:22:39,2018-01-09,899.9,40.0,1,1,939.9,8,1,1.0,1.0,5113d06fbde1e82a393b527636c90b5f,72125,brasilia,DF,4.768958333333333,37.169895833333335,0,939.9
49a87cbe0678fc2f068332f42fa05241,309d5fcef3ce034d709f2f89550f8b4b,delivered,2017-12-02 20:02:37,2017-12-02 20:16:08,2017-12-07 00:41:44,2017-12-12 18:58:59,2017-12-27,89.87,13.65,1,1,103.52,2,1,5.0,1.0,d1cbb16c0aa9f18e6b6f37535802c60b,2208,sao paulo,SP,9.955810185185186,24.164849537037036,0,103.52000000000001
710a17b0d3c3a2ce582552d6bd8f6446,146a10f27b7755776c90efe2ef4f51df,delivered,2017-12-02 20:09:06,2017-12-02 20:17:21,2017-12-04 18:13:37,2017-12-07 12:46:48,2017-12-28,79.9,12.51,1,1,92.41,4,1,5.0,1.0,0256a460aa82066254d63d60bc21076e,26020,nova iguacu,RJ,4.692847222222222,25.16034722222222,0,92.41000000000001
53cf21aea186e583d69fe8d531829e3c,c905b50d1a1fadcba284eab7fa52fb25,delivered,2017-12-02 20:09:30,2017-12-02 20:19:22,2017-12-18 22:28:26,2017-12-26 22:32:46,2017-12-29,125.5,16.64,1,1,142.14,1,1,5.0,1.0,92ebffe3693a39d55ca83ba631db6d39,70736,brasilia,DF,24.09949074074074,26.160069444444446,0,142.14
832b3205936a6be47bc23c116eb22e8d,44a201b41213d0cb2bfbafe2f17fd3d0,delivered,2017-12-02 20:10:59,2017-12-02 20:31:39,2017-12-04 19:25:29,2017-12-07 22:07:08,2017-12-28,189.0,13.45,1,1,202.45,4,1,5.0,1.0,11456834db38d2d260cef5a6ab44a592,74476,goiania,GO,5.080659722222222,25.159039351851852,0,202.45
5ab0d948812c5129aa5d2816e32c05fd,5a978956f6539e2e344d24647d784562,delivered,2017-12-02 20:24:00,2017-12-02 20:31:48,2017-12-12 19:26:37,2017-12-20 15:09:37,2017-12-27,76.96,16.17,1,1,93.13,1,1,4.0,1.0,9f883238e9f52a59655aad680f1e444a,18540,porto feliz,SP,17.781678240740742,24.15,0,93.13
31eab59cdc8b996f70446d918f2f782e,7ce0426376134feab67c24da8660c2ee,delivered,2017-12-02 20:24:39,2017-12-02 20:35:32,2017-12-04 19:21:42,2017-12-07 17:08:56,2017-12-27,73.9,24.08,2,2,97.98,7,1,4.0,1.0,c4ca8994984553d0b0fcf2d989033118,5633,sao paulo,SP,4.864085648148148,24.14954861111111,0,97.98
6e4c6bf06ed0a86acdeea42fc3f41e22,0b217d8da6b2afcd904aa1240a06ef81,delivered,2017-12-02 20:26:25,2017-12-02 20:35:32,2017-12-04 16:05:47,2017-12-18 15:18:41,2017-12-29,84.9,15.35,1,1,100.25,1,1,5.0,1.0,ea8bd00f6ef1d0351a5f0897b0696f45,4024,sao paulo,SP,15.786296296296296,26.14832175925926,0,100.25
c6eb12496a2291952b77b1249eaa9a94,d080fa5f9e3d29b16b7f2a70c897188e,delivered,2017-12-02 20:26:33,2017-12-02 20:35:32,2017-12-04 18:06:34,2017-12-13 14:53:54,2018-01-02,149.99,40.38,1,1,190.37,1,1,5.0,1.0,27d25e600109af78787b2f8c2df7fccb,6702,cotia,SP,10.768993055555555,30.148229166666667,0,190.37
715db622428425d51cc31f65a8b82eb0,60e922d8d5872b195f60949cf1ccd836,delivered,2017-12-02 20:28:18,2017-12-02 20:35:31,2017-12-04 19:57:01,2017-12-07 22:51:58,2017-12-20,68.99,15.28,1,1,84.27,1,1,5.0,1.0,473741c358b796cea08b4626d15d5870,4071,sao paulo,SP,5.099768518518519,17.14701388888889,0,84.27
e6461bf12e723ae0324f5248219b54e6,989ef866c6bb297451a72dfc2ccfed23,delivered,2017-12-02 20:28:47,2017-12-05 09:30:54,2017-12-06 00:09:20,2018-01-04 22:36:54,2018-01-10,278.0,26.5,1,1,304.5,6,1,1.0,1.0,a7f5373919003347aca47cfce7c26997,66635,belem,PA,33.08896990740741,38.14667824074074,0,304.5
9605975885973e23e8aa9d1a8d3e81bb,2ef05bb610df107c2be58cfc4208ac09,delivered,2017-12-02 20:35:13,2017-12-02 20:56:08,2017-12-05 17:04:00,2017-12-17 18:37:11,2018-01-03,109.97,61.51,1,1,171.48,1,1,5.0,1.0,8746f1ba2e19bcf8bc03a946a0923d78,83511,almirante tamandare,PR,14.918032407407408,31.142210648148147,0,171.48
513b9e2bda619338700b04bdfc97f0f4,d632b70a707a6d9e5ec9c17ce43818f4,delivered,2017-12-02 20:37:34,2017-12-02 20:56:09,2017-12-07 20:22:32,2017-12-19 00:55:02,2017-12-27,179.9,17.97,1,1,197.87,10,1,4.0,1.0,62e56e1303a37e1ec99b7b7330aaadba,13495,iracemapolis,SP,16.178796296296298,24.140578703703703,0,197.87
b83c1be0cbe93a1aea7c3a77e4ae37ee,3c77dd4951dba1fe8d9bb591b12abec2,delivered,2017-12-02 20:43:14,2017-12-05 10:30:54,2017-12-04 22:18:55,2017-12-15 15:12:27,2017-12-20,79.98,17.44,2,1,97.42,1,1,3.0,1.0,8c865dea8e5392bf8a4cfbe878e9e4dd,8567,poa,SP,12.770289351851853,17.136643518518518,0,97.42
0547acbb31f582333f75c3fca2652969,dbd72a02438012f5b026b90630aa8bbb,delivered,2017-12-02 20:45:44,2017-12-02 20:56:33,2017-12-05 22:35:42,2017-12-12 21:35:19,2017-12-27,27.99,11.85,1,1,39.84,3,1,5.0,1.0,26f0dc90a386a2375a109b6975dff3c7,15042,sao jose do rio preto,SP,10.03443287037037,24.134907407407407,0,39.839999999999996
4c711260ad2538b278a96e13da501b09,1f42af7e77a5a54b16261ed44b747a07,delivered,2017-12-02 20:47:47,2017-12-02 20:56:34,2017-12-05 18:09:15,2017-12-06 16:24:35,2017-12-20,299.99,11.11,1,1,311.1,3,1,5.0,1.0,27822b36837c0958a93e37aa99148a2b,20521,rio de janeiro,RJ,3.817222222222222,17.133483796296296,0,311.1
b143aeb37a4d82ae652c5c4ba8461411,14f1aa9f09ea57b04d0cedf0febb33c4,delivered,2017-12-02 20:54:12,2017-12-02 21:17:17,2017-12-05 18:58:42,2017-12-15 22:22:05,2018-01-04,1399.9,24.55,1,1,1424.45,3,1,4.0,1.0,ad5dccfee30bc06e904e446616419ff4,13083,campinas,SP,13.061030092592592,32.12902777777778,0,1424.45
ed6a309651e25df1caf213ebeaf1067b,4e48883d975d94cfbbffd16aadffdb46,delivered,2017-12-02 20:56:29,2017-12-04 20:51:40,2017-12-09 00:14:52,2017-12-20 19:27:21,2017-12-29,99.9,21.19,1,1,121.09,8,1,3.0,1.0,c679dd5745f17a139075fb5a6fbf9ca6,71010,brasilia,DF,17.93810185185185,26.127442129629628,0,121.09
f26d4637c4f560f72ba7feac1675c100,5ccd6e80fc5cdbdf4da5fe51a3d126d0,delivered,2017-12-02 21:01:30,2017-12-02 21:17:21,2017-12-14 19:19:00,2018-01-17 22:41:45,2018-01-03,399.0,125.78,1,1,524.78,3,1,2.0,1.0,31127406f4f4cabe57b756540218c700,27281,volta redonda,RJ,46.06961805555556,31.123958333333334,1,524.78
5ce0709158a972bda105a5c17a5094ed,42f5a4ada1492abc600687788ab83290,delivered,2017-12-02 21:08:30,2017-12-02 21:40:40,2017-12-06 00:34:47,2017-12-07 14:03:29,2017-12-27,134.9,13.96,1,1,148.86,1,1,5.0,1.0,26874c233e3f7b363d33153b29e0c133,9910,diadema,SP,4.704849537037037,24.119097222222223,0,148.86
d5aa3ecef9ff525fa798578bae2ad559,7880830b6f139f1683dc3f19ce30ff00,delivered,2017-12-02 21:08:50,2017-12-02 21:18:23,2017-12-04 21:34:45,2017-12-09 19:14:51,2017-12-29,169.98,30.7,2,1,200.68,4,1,1.0,1.0,c76cf0c767fc5f662a877e80780e63e5,70373,brasilia,DF,6.920844907407408,26.11886574074074,0,200.67999999999998
d155a1a261652fa30114d2b6c6373e21,2799559b8170172643a117e4d2923125,delivered,2017-12-02 21:17:32,2017-12-02 21:40:46,2017-12-06 00:05:59,2017-12-17 17:34:57,2017-12-29,97.49,17.93,1,1,115.42,4,1,5.0,1.0,c4cf9b10d2668bfabb498d93004ab4a0,39400,montes claros,MG,14.845428240740741,26.112824074074073,0,115.41999999999999
e9fecd900cce6b52424121bf98911932,6ec1b2634b7f1fa1b270e0b9f09a269e,delivered,2017-12-02 21:18:36,2017-12-05 04:13:56,2017-12-06 13:32:39,2018-01-08 20:40:37,2018-01-04,39.99,15.1,1,1,55.09,1,1,1.0,1.0,bfca6e3019cdb33c3159d8c337cd0e4a,24430,sao goncalo,RJ,36.973622685185184,32.11208333333333,1,55.09
62ac92693b6cbeb12a8a91c8f5c332ef,8f7d18118d3b6e8a43e0dee9cd0deff0,delivered,2017-12-02 21:21:53,2017-12-05 04:19:21,2017-12-06 12:19:02,2017-12-11 23:34:21,2017-12-29,35.12,17.6,1,1,52.72,1,1,5.0,1.0,c14b135ad60f1a9ab7f76f1e76cbc8b9,3502,sao paulo,SP,9.09199074074074,26.109803240740742,0,52.72
3a38a4a145c96019a17b640f053aecb9,3c91aa889d9a3759a470c711dc28ba7f,delivered,2017-12-02 21:23:31,2017-12-05 04:13:25,2017-12-05 22:12:58,2017-12-18 14:17:23,2017-12-28,243.89,16.47,1,1,260.36,1,1,5.0,1.0,afc3a30409ff55e2166aff63ff557d1d,21715,rio de janeiro,RJ,15.704074074074073,25.108668981481483,0,260.36
284a65b124f634fdf426aa8e768fe8ab,24e2fbf2466ea2ac4ba5541f92c4ef8b,delivered,2017-12-02 21:24:09,2017-12-02 21:40:52,2017-12-05 22:33:23,2018-01-22 21:07:44,2018-01-05,169.9,20.43,1,1,190.33,4,1,1.0,1.0,d2f78118eb8ff203a4e4783249ce7e60,45810,porto seguro,BA,50.98859953703704,33.10822916666667,1,190.33
7644d739e2f3576f4badf052556d99a2,045ffb1f379e2a5ed4845dea2f2519cf,delivered,2017-12-02 21:32:28,2017-12-05 04:13:57,2017-12-05 16:51:22,2017-12-12 18:12:39,2018-01-05,72.0,25.78,1,1,97.78,1,1,5.0,1.0,26de6a0aafed8ec5dbd16371667f6883,28200,sao joao da barra,RJ,9.861238425925926,33.1024537037037,0,97.78
9ae880d57df6bee34365e6406e1e0203,7d71a24ddcc86e69b9ebf9d982e53739,delivered,2017-12-02 21:32:46,2017-12-02 22:05:02,2017-12-06 11:47:09,2017-12-11 22:53:05,2017-12-29,109.9,12.9,1,1,122.8,1,1,3.0,1.0,74f02f1c5cd4160304d930e81b77dbf2,4023,sao paulo,SP,9.055775462962963,26.10224537037037,0,122.80000000000001
9480685ea21e5f7710d04bd2bc5a5b39,410c29f04861e22c4168818442128938,delivered,2017-12-02 21:36:15,2017-12-05 04:17:32,2017-12-09 09:51:30,2017-12-17 20:29:57,2017-12-29,59.0,17.66,1,1,76.66,1,1,5.0,1.0,5121548ab605cd18cc133074f17c0aaa,26290,nova iguacu,RJ,14.953958333333333,26.09982638888889,0,76.66
5ef13293f44c9ba1b12e98237a956679,3c1b792ee531dc8feec4424412320fc2,delivered,2017-12-02 21:37:24,2017-12-02 22:05:06,2017-12-07 15:29:04,2017-12-11 22:14:00,2017-12-29,119.0,12.96,1,1,131.96,5,1,5.0,1.0,66aea8261555b403a4b89bf951957c30,4513,sao paulo,SP,9.025416666666667,26.099027777777778,0,131.96
fcdc3e0003ba241c9a56bcdc32590c38,8b6af4aa3d7e95622bb718a5fdc72019,delivered,2017-12-02 21:43:51,2017-12-05 10:31:01,2017-12-06 18:33:04,2017-12-11 22:51:23,2017-12-20,1099.9,16.91,1,1,1116.81,8,1,3.0,1.0,f601dac3f9108158f75cb1418af5a5a9,13419,piracicaba,SP,9.046898148148149,17.09454861111111,0,1116.8100000000002
da708bf3b3d18eabce89e0b1d84588d6,5f6bf39c32d968a0d4973f5172135f0a,delivered,2017-12-02 21:51:30,2017-12-02 22:05:35,2017-12-06 21:33:43,2018-01-18 15:22:45,2018-01-03,115.0,21.3,1,1,136.3,1,2,1.0,1.0,30274cfdf55a86a2825c5c8e18a6262c,84600,uniao da vitoria,PR,46.73003472222222,31.089236111111113,1,136.3
7775905e7b5449352cb062950d854bed,5e93191479d3fd4ab6079da767193ad2,delivered,2017-12-02 21:54:18,2017-12-02 22:06:24,2017-12-04 21:42:16,2017-12-15 22:47:55,2018-01-05,84.99,20.08,1,1,105.07,5,1,4.0,1.0,02d8301419d25947683ed2537556d0d3,91130,porto alegre,RS,13.037233796296297,33.087291666666665,0,105.07
155b8d68c3b628276ee63d869db6efa9,b5560c9b0a129719a3092f7b36b5e5e1,delivered,2017-12-02 21:58:25,2017-12-02 22:09:30,2017-12-04 21:43:13,2017-12-12 21:27:33,2018-01-04,39.99,17.63,1,1,57.62,1,1,5.0,1.0,e2a6562b5f206c4e1687537723b97a43,53110,olinda,PE,9.978564814814815,32.08443287037037,0,57.620000000000005
5296a60e3eef35a29bfacb328de58d94,347d2d46e041e08671c945edaa69b28a,delivered,2017-12-02 22:02:19,2017-12-02 23:31:26,2017-12-06 19:29:27,2017-12-17 16:22:49,2018-01-02,106.9,26.97,2,2,133.87,8,1,5.0,1.0,b5a5f413d1debecd51fd0e4874c03bbb,13209,jundiai,SP,14.764236111111112,30.081724537037037,0,133.87
fb8cd2cc79fae6c14f712f782471896f,7c71ea23484a949d7d940a65ad27781f,delivered,2017-12-02 22:05:15,2017-12-05 04:17:25,2017-12-08 00:15:38,2017-12-16 01:04:45,2017-12-27,23.8,15.1,1,1,38.9,1,1,5.0,1.0,41078e29c3cb19165ce3e26150bc4446,12242,sao jose dos campos,SP,13.124652777777778,24.0796875,0,38.9
9ee843f1dbc9e086243f0d789e7abaf0,082cb0834331ede282c6d4c25e409afb,delivered,2017-12-02 22:06:20,2017-12-02 22:16:35,2017-12-04 18:21:59,2017-12-05 16:37:15,2017-12-20,71.98,23.46,2,1,95.44,1,1,5.0,1.0,788d347fb5b1638f85f5d3fc36db4743,1123,sao paulo,SP,2.7714699074074076,17.078935185185184,0,95.44
1500d5e4b3cb0312a231c2d9bd30d8f3,5c287b027e8b08cb118ff3a2e36066f6,delivered,2017-12-02 22:26:43,2017-12-02 22:54:00,2017-12-04 22:14:06,2017-12-26 21:05:45,2018-01-02,84.99,16.35,1,1,101.34,2,1,4.0,1.0,7c2d3e213a3319425db45a9a5d097cad,75709,catalao,GO,23.943773148148146,30.064780092592592,0,101.34
9ac5e503660add9c6e738f054e3ee483,1bff589b962ff48e1344ca69205bdbf6,delivered,2017-12-02 22:41:34,2017-12-02 23:08:13,2017-12-05 19:51:31,2017-12-08 00:12:35,2017-12-20,28.9,9.34,1,1,38.24,1,1,4.0,1.0,2e4b0d27abf4486a960df0cb34f85a46,5311,sao paulo,SP,5.063206018518518,17.05446759259259,0,38.239999999999995
ca5a6a09733f353ede92562e5d858d88,cbb7249c2aa52f4846b369bd6ebc4ff9,delivered,2017-12-02 22:49:38,2017-12-02 23:23:31,2017-12-06 20:41:40,2018-01-10 17:28:30,2018-01-02,200.0,18.65,1,1,218.65,4,1,2.0,1.0,4e1a01d62c1bb9cb41ba38be0f7fde90,27460,rio claro,RJ,38.77699074074074,30.04886574074074,1,218.65
53f8daea6e8c8d787695830a448a3e67,09964655437e26066ed5c95ef397971a,delivered,2017-12-02 22:58:07,2017-12-03 02:43:35,2017-12-08 15:33:57,2017-12-29 19:18:08,2017-12-28,199.99,16.15,1,1,216.14,10,1,1.0,1.0,21d2dd8393e557d9c7fd7c87eb2541c4,37200,lavras,MG,26.847233796296297,25.042974537037036,1,216.14000000000001
944b1eed15474f3439c871cd6260561e,60852efd9f53d2f93fb901990a7e9f64,delivered,2017-12-02 23:01:33,2017-12-02 23:23:39,2017-12-11 17:29:57,2018-01-03 23:49:05,2018-01-02,89.9,17.88,1,1,107.78,10,1,1.0,1.0,345f91c1b15ea346da2f20334b0efcec,28896,rio das ostras,RJ,32.03300925925926,30.040590277777778,1,107.78
dc303df898b2e4f80f8596f6f77c2373,22eb58040e81aadaab163fe50e1231b1,delivered,2017-12-02 23:10:19,2017-12-02 23:45:51,2017-12-05 01:06:31,2017-12-06 14:34:04,2017-12-20,79.9,9.77,1,1,89.67,3,1,5.0,1.0,da96fbaa126cc9295f42ec16187b2ba7,5367,sao paulo,SP,3.6414930555555554,17.034502314814816,0,89.67
a6ac9b2c62d9ecdcff51ae90bf85d448,1cb4c60bac8c08b0e68492046cda3f0e,delivered,2017-12-02 23:15:10,2017-12-02 23:45:57,2017-12-04 20:33:56,2017-12-11 21:27:55,2018-01-05,38.25,17.92,1,1,56.17,3,1,5.0,1.0,e39cef91e65b14e6c86a3ea786e36c98,35790,curvelo,MG,8.925520833333334,33.03113425925926,0,56.17
63ef87838c81c2c4bdd5ce96b88e8aad,b09db5227bc901e39033c0dc59c6d661,delivered,2017-12-02 23:15:19,2017-12-02 23:45:55,2017-12-04 18:51:30,2017-12-12 18:43:35,2018-01-04,18.9,16.79,1,1,35.69,1,1,3.0,1.0,0b17d18846ac5162a2940577e8ff15aa,38406,uberlandia,MG,9.811296296296296,32.031030092592594,0,35.69
c0df4a985da0f64e837ba9b858762f1f,6581e6614c22fd8ed4a13184e0c1140e,delivered,2017-12-02 23:21:56,2017-12-03 02:31:27,2017-12-06 16:23:12,2017-12-21 12:04:52,2017-12-27,115.97,18.06,1,1,134.03,6,1,5.0,1.0,1ea64ae36c22ca7eb9821462af7418b3,38414,uberlandia,MG,18.529814814814817,24.026435185185186,0,134.03
5d9fed50692e15841b14611047191454,36261edfef5761d0a29d8aba32ea7003,delivered,2017-12-02 23:22:55,2017-12-05 04:13:12,2017-12-05 20:43:30,2017-12-21 20:47:03,2018-01-04,199.9,17.84,1,1,217.74,1,1,4.0,1.0,b9adb501cd65cea5a23972f0e3a1872b,23970,parati,RJ,18.89175925925926,32.02575231481482,0,217.74
7902ef4dbb5973b8426b4c66f2488d3d,ab2ad178fdd3930c37f3e12ea2a3495c,delivered,2017-12-02 23:23:26,2017-12-03 00:04:38,2017-12-04 20:07:20,2017-12-07 22:18:23,2017-12-27,200.0,14.42,1,1,214.42000000000002,1,2,5.0,1.0,b315861215eb4ceec45d0c299e7b004e,9120,santo andre,SP,4.954826388888889,24.02539351851852,0,214.42
8418eb39cd68b52032566797b8f1bd11,34a53c28f4e30da0b45e69eee581a0c6,delivered,2017-12-02 23:57:52,2017-12-03 02:31:27,2017-12-06 19:37:52,2017-12-12 21:13:48,2017-12-20,156.0,8.84,1,1,164.84,2,1,5.0,1.0,911b12b22b35d7e0a732449a0535cac7,8081,sao paulo,SP,9.886064814814814,17.00148148148148,0,164.84
20a0bafa4cc6e56fd5b827f46358e752,7726c0f6652be3a189429a41a156e66a,delivered,2017-12-02 23:58:37,2017-12-03 02:31:23,2017-12-06 21:58:10,2017-12-19 21:15:04,2018-01-03,198.0,16.14,1,1,214.14,1,1,5.0,1.0,52d309747878947b1781fc69fdd6c984,35300,caratinga,MG,16.886423611111113,31.000960648148148,0,214.14
88791555f9832d0bee1f87f2074392ef,ac23640ef05c70108abe56d93e23f260,delivered,2017-12-03 00:00:10,2017-12-03 02:43:35,2017-12-05 21:28:45,2017-12-19 20:48:11,2017-12-28,67.9,17.73,1,1,85.63,3,1,3.0,1.0,2f679a526d3b619beccc26a3d1435de4,20230,rio de janeiro,RJ,16.86667824074074,24.99988425925926,0,85.63000000000001
200553df452156c2fec1e8250369636c,2614d024d8016eb209b5963860aeba42,delivered,2017-12-03 00:07:54,2017-12-03 02:43:34,2017-12-04 23:26:09,2018-01-08 17:14:52,2018-01-02,129.99,16.67,1,1,146.66,2,1,1.0,1.0,9b4ac17ac06385267d9e585e5154f003,28035,campos dos goytacazes,RJ,36.713171296296295,29.99451388888889,1,146.66000000000003
dc1e38158c000863ec33ac43a40c3366,0e90259e50e8d5619e3267c5f12a8a41,delivered,2017-12-03 00:17:18,2017-12-03 02:43:36,2017-12-04 21:38:53,2017-12-15 17:22:57,2018-01-02,29.99,15.1,1,1,45.09,2,1,5.0,1.0,1a14d22cc86107dd05170d20f7feb1e0,85861,foz do iguacu,PR,12.712256944444444,29.987986111111113,0,45.089999999999996
1a3232d9cd3dd8dee9115e3c9a4668d1,8a48d765503bb8a8053e646e1f08b3d6,delivered,2017-12-03 00:31:45,2017-12-03 01:55:40,2017-12-20 00:22:18,2018-01-08 19:06:11,2018-01-24,359.0,20.08,1,1,379.08,7,1,4.0,1.0,01e019838e4e21dd66bb6f69352334f8,78325,aripuana,MT,36.773912037037036,51.97795138888889,0,379.08
b41dd0fbc7d36977d5402f4242a0784f,7a4a08b797dd851e6f8faccd4f66c76c,delivered,2017-12-03 00:47:09,2017-12-03 02:43:34,2017-12-05 16:52:49,2017-12-07 20:51:32,2017-12-22,30.0,7.78,1,1,37.78,1,1,5.0,1.0,e11f542ae27e7ec3b5f7738d219fcb29,5801,sao paulo,SP,4.836377314814815,18.967256944444443,0,37.78
5e524bb81ff2ff0d50ebd32cb30c04e4,3b89e57966dcd01fc701714d480e4e96,delivered,2017-12-03 00:48:14,2017-12-05 01:16:03,2017-12-11 19:22:00,2017-12-20 22:12:07,2017-12-27,155.5,16.72,1,1,172.22,17,1,5.0,1.0,8ba3299af46d0ed78e5e36d4b262232d,6416,barueri,SP,17.891585648148148,23.96650462962963,0,172.22
9ef5ae9f2a3b5c7cd4858cf4ffdc1b9c,e1c82b0432b0162d308a62e6d707129d,delivered,2017-12-03 01:19:02,2017-12-03 01:51:20,2017-12-05 22:43:00,2018-01-16 15:11:45,2018-01-04,325.0,36.07,1,1,361.07,3,2,1.0,1.0,7dac7097370c4cf1b3f4d49108f20a87,65215,viana,MA,44.578275462962964,31.94511574074074,1,361.07
4a098cad947704b7e739e19a092e24de,c7e19323cb9b0dc5b4859f5a03e861d0,delivered,2017-12-03 01:31:38,2017-12-03 01:51:06,2017-12-06 00:13:23,2017-12-14 20:13:12,2017-12-28,179.49,18.51,1,1,198.0,2,1,5.0,1.0,28b39d50ca5eb56730010f8ed2dff7c4,30320,belo horizonte,MG,11.778865740740741,24.93636574074074,0,198.0
074eb2398def4038d7fc4fb8a5aeb0bf,d0dcfb2170fef37e3e3804fd0f51f761,delivered,2017-12-03 01:35:22,2017-12-03 01:51:10,2017-12-05 14:09:05,2017-12-07 18:43:40,2017-12-20,372.84000000000003,36.019999999999996,2,1,408.86,8,1,5.0,1.0,4fcf56f1cf3d583a0cec41f7f523a852,7080,guarulhos,SP,4.714097222222223,16.93377314814815,0,408.86
cb190fe473562c1202d36076a6769f87,650adb1f88debf292e06b74891d32e22,delivered,2017-12-03 02:01:18,2017-12-05 15:58:27,2017-12-12 21:34:33,2017-12-23 13:23:20,2018-01-02,49.9,18.59,1,1,68.49,1,1,5.0,1.0,ce7c016da2db9c0a9393435b421532c1,40414,salvador,BA,20.47363425925926,29.91576388888889,0,68.49
829c29b2306beafb02c306ffba041e8d,b2b247504d20b61cd474e775de587cff,delivered,2017-12-03 02:24:54,2017-12-03 02:48:30,2017-12-07 17:43:45,2017-12-08 22:26:51,2017-12-20,25.0,8.72,1,1,33.72,1,1,5.0,1.0,b55fb2799bf92225fc54fdb4cb7b82e2,9330,maua,SP,5.8346875,16.899375,0,33.72
6aef284c51f971e11cffc4e49caea7af,962035fb0c0ccd8650d59f5d5ee43f62,delivered,2017-12-03 04:52:30,2017-12-05 04:13:56,2017-12-05 18:13:43,2017-12-06 16:26:55,2017-12-20,49.77,7.78,1,1,57.55,1,1,3.0,1.0,5fadd0a075fbb60f6a94d6c38e055835,3591,sao paulo,SP,3.4822337962962964,16.796875,0,57.550000000000004
bb096d0ca9881c6a7513ca2e0ec4fcba,8677ca5155e19aea65a4db1be46b6608,delivered,2017-12-03 08:29:56,2017-12-03 08:38:22,2017-12-05 21:46:48,2018-01-03 18:14:32,2018-01-03,118.0,35.32,2,1,153.32,3,1,3.0,1.0,867a7afe9f7ca8c6df22e1c9ce91a9fa,89229,joinville,SC,31.40597222222222,30.64587962962963,1,153.32
717190a490f69b74799309115b1ccead,76845da09dd4d1a8d9a81965c6cb84ab,delivered,2017-12-03 08:36:17,2017-12-03 08:52:36,2017-12-12 16:22:49,2017-12-19 21:33:31,2017-12-28,199.99,17.16,1,1,217.15,1,1,5.0,1.0,79d0d6806f7dc4d99fb23e69427a9581,13660,porto ferreira,SP,16.53974537037037,24.64146990740741,0,217.15
04a38c066d7f34688a58ac150102619e,2976b8562dbc7e44887d817a96376692,delivered,2017-12-03 09:10:57,2017-12-03 09:32:04,2017-12-04 21:23:03,2017-12-11 14:22:13,2017-12-20,29.99,7.78,1,1,37.77,1,1,4.0,1.0,344ab689e7566bab9ab9505fe83aa42a,4184,sao paulo,SP,8.216157407407408,16.617395833333333,0,37.769999999999996
715e53f481c6c6658f3c573d30df4b12,e993bc156b872265ab409edb2600ca67,delivered,2017-12-03 09:13:58,2017-12-05 09:17:00,2017-12-05 18:39:06,2017-12-15 22:09:53,2018-01-11,30.0,11.85,1,1,41.85,1,1,5.0,1.0,2644b5329dfabfe49dd9df61bfa66817,13990,espirito santo do pinhal,SP,12.538831018518518,38.61530092592593,0,41.85
5becdc7023ac808468fe99d7806eb2f7,a6a9225f3727d32eef717af57c55b680,delivered,2017-12-03 09:30:17,2017-12-05 04:13:28,2017-12-05 17:19:04,2017-12-17 20:04:22,2018-01-04,83.9,19.83,1,1,103.73,1,1,5.0,1.0,ae5f4504c4c03537c33d45c3abf7b1ca,29102,vila velha,ES,14.440335648148148,31.603969907407407,0,103.73
b67c30c269ecce5a92826b392f1749e5,e59ca2c57f6207c6b863097c70352115,delivered,2017-12-03 09:36:47,2017-12-03 09:52:50,2017-12-04 17:27:28,2017-12-12 18:04:06,2017-12-29,129.9,29.410000000000004,2,2,159.31,3,1,1.0,1.0,e25758dbbe91ea890d8cc16613f4afd2,25266,duque de caxias,RJ,9.35230324074074,25.59945601851852,0,159.31
50bd37ee53e04d52626a5facdc6bd60f,22f0a5f1d9b119541cd707138fc7af7b,delivered,2017-12-03 09:41:49,2017-12-03 09:52:50,2017-12-04 19:53:59,2017-12-21 12:36:46,2018-01-02,195.3,30.86,2,1,226.16,8,1,2.0,1.0,df7acaa7ced61b6aca2395717da92ac7,35300,caratinga,MG,18.121493055555554,29.595960648148147,0,226.16000000000003
c2df33f3704734147110b6685185915a,463c8cea8adb293163eb6704e2542b00,delivered,2017-12-03 09:56:01,2017-12-03 10:13:19,2017-12-04 22:15:09,2017-12-20 23:10:03,2017-12-27,34.99,15.11,1,1,50.1,1,1,5.0,1.0,99b9a3a36b7ab82a4f8cba014c25f523,31130,belo horizonte,MG,17.551412037037036,23.586099537037036,0,50.1
d0a40dd7cfaabfc2d7f0c6de2ab71b34,e92d980e4cbfdb9a27de31742fc2e3c0,delivered,2017-12-03 10:04:33,2017-12-03 10:55:24,2017-12-07 13:58:45,2017-12-09 02:41:27,2017-12-20,29.0,8.72,1,1,37.72,1,1,5.0,1.0,a21b2e6d0494da284e9ca6ab7ad882a1,5784,sao paulo,SP,5.692291666666667,16.58017361111111,0,37.72
9e98c3552018458c0a2dbfda35bbfbfb,fb21f7e36edb64a59f28725c2738a228,delivered,2017-12-03 10:18:45,2017-12-03 10:53:10,2017-12-06 23:28:08,2017-12-24 12:51:59,2017-12-29,59.0,17.66,1,1,76.66,7,1,5.0,1.0,361f293b44a8217401121933a7c5f5b7,29932,sao mateus,ES,21.106412037037035,25.5703125,0,76.66
156d8a00b4b8bb9ef74ca1e450035eb8,a927ff01b2ce8eda3341ba16a1e80068,delivered,2017-12-03 10:24:02,2017-12-03 10:53:19,2017-12-05 22:56:56,2017-12-09 00:42:21,2017-12-20,67.0,11.73,1,1,78.73,1,1,5.0,1.0,f423d666a14b78372731db1f37426bb4,9330,maua,SP,5.596053240740741,16.566643518518518,0,78.73
d75df4013540c60cf8eb7c6e57aab1d9,95c7d7d6100ea20ece117fd63edf1e51,delivered,2017-12-03 10:26:42,2017-12-03 10:53:19,2017-12-05 21:57:30,2017-12-14 17:26:25,2017-12-27,59.0,13.43,1,1,72.43,1,1,5.0,1.0,bccf1f04597bf7d228479c66d874061b,9411,ribeirao pires,SP,11.291469907407407,23.564791666666668,0,72.43
bf7284f5503c59e16e81fd9bf1515b80,b384bd5b0cbc910d849570b54359414f,delivered,2017-12-03 10:36:19,2017-12-05 15:31:15,2017-12-06 21:38:29,2017-12-11 18:52:53,2018-01-11,199.0,17.64,1,1,216.64,4,1,5.0,1.0,6275a8139d3cb9c2f6d1e3a4e950d5b0,4297,sao paulo,SP,8.344837962962963,38.558113425925924,0,216.64
707b0eb6ced8aa82b4f0329a0ee3f3a9,19bd8e276e722962a4df7a2acb53ced5,delivered,2017-12-03 10:42:38,2017-12-03 10:53:20,2017-12-04 19:53:52,2017-12-18 19:18:39,2018-01-02,35.97,15.1,1,1,51.07,4,1,5.0,1.0,d0d23489ef1b5a1878cf5a4d2f902930,11950,cajati,SP,15.358344907407407,29.553726851851852,0,51.07
18972fa50ade81fa4f43586d2a26992f,4103444b93e4b7ed7adaf935ae18302b,delivered,2017-12-03 10:50:53,2017-12-03 11:13:22,2017-12-05 02:41:59,2017-12-08 18:38:41,2017-12-27,482.0,30.869999999999997,2,1,512.87,3,1,4.0,1.0,c79537b95b74778c729f8eb0c901f50c,2244,sao paulo,SP,5.324861111111111,23.547997685185184,0,512.87
3fc26ae71efc74ba9fc4e1c7640f904e,45da3381d789cc981c6a48e0212c2913,delivered,2017-12-03 10:52:08,2017-12-05 06:13:22,2017-12-05 22:15:34,2017-12-12 22:49:34,2018-01-05,28.9,17.6,1,1,46.5,4,1,5.0,1.0,8a635a0457e2fbf70e027d44f9bea9ff,85530,clevelandia,PR,9.498217592592592,32.54712962962963,0,46.5
cb0bac4d77dd88efafddb7a974286b27,fe3255f9b7d1a94bbeb7b1dc737043ec,delivered,2017-12-03 10:54:57,2017-12-05 04:11:53,2017-12-11 23:12:41,2018-01-22 18:51:43,2017-12-29,209.9,31.31,1,1,241.21,1,1,1.0,1.0,b6e57f109398c45b9d28d4c892e3eb1e,21321,rio de janeiro,RJ,50.33108796296296,25.54517361111111,1,241.21
83924c36ceb82b354fa3408e645cb699,bd66021ab62baba3336997d620aa4a7d,delivered,2017-12-03 10:59:09,2017-12-03 12:11:56,2017-12-05 22:52:32,2017-12-18 15:43:44,2017-12-27,49.9,11.85,1,1,61.75,2,1,5.0,1.0,c53f870eef7b5957eda8fb54d4a6e5d2,9952,diadema,SP,15.197627314814815,23.542256944444443,0,61.75
cfbebe9f938f6c99a3c27648bc0d3112,9ba4157d56af8ab6689700a8d7c242e1,delivered,2017-12-03 11:03:05,2017-12-03 12:11:57,2017-12-04 18:25:08,2017-12-11 19:32:47,2017-12-27,189.0,12.82,1,1,201.82,1,1,5.0,1.0,99f61b9e74beda8340887ae720a862c2,16306,penapolis,SP,8.353958333333333,23.539525462962963,0,201.82
1258254c11dace819eb300c703d74d50,ed40fefcaeaecbeac079d45a7ff70996,delivered,2017-12-03 11:04:52,2017-12-03 11:16:28,2017-12-04 22:53:55,2017-12-05 21:32:17,2017-12-20,30.0,8.72,1,1,38.72,3,1,4.0,1.0,f90565e54166a176b1543b72c2efe04f,4509,sao paulo,SP,2.4357060185185184,16.538287037037037,0,38.72
f2ab21913f1fad01052d3a92b5be2b71,65cc644f2f12e8c6b77193b2c667a4ba,delivered,2017-12-03 11:04:55,2017-12-05 04:12:40,2017-12-06 13:32:32,2017-12-18 23:25:50,2018-01-04,49.95,16.11,1,1,66.06,1,1,5.0,1.0,9a63e6f409edc461d17c76f033dead5e,30310,belo horizonte,MG,15.514525462962963,31.538252314814816,0,66.06
8e609b18311a0558de0c7508a9331031,4a731d851f767c0002a3a8069d62d73c,delivered,2017-12-03 11:06:38,2017-12-05 04:15:40,2017-12-12 21:43:56,2017-12-13 19:43:28,2017-12-20,89.9,11.83,1,1,101.73,1,1,1.0,1.0,8bd1563913a66a9fadd42b93f3d4b224,9271,santo andre,SP,10.358912037037037,16.537060185185187,0,101.73
a0c370a65210b6a6e739cf8e302b9c77,753fd6ea5bfbdb42323563c2ce2f9003,delivered,2017-12-03 11:13:17,2017-12-03 11:32:05,2017-12-06 21:27:33,2017-12-13 21:07:40,2018-01-09,158.0,20.0,2,1,178.0,3,1,1.0,1.0,49c3c5a125938c3fd43ef3ea7c249a1c,95700,bento goncalves,RS,10.412766203703704,36.53244212962963,0,178.0
a2cc46310eb1cf60d0032c6c78443368,63f7aa07b0f29e88dcc81b0b18853618,delivered,2017-12-03 11:30:36,2017-12-03 11:37:31,2017-12-04 10:53:27,2017-12-11 22:44:53,2017-12-27,38.98,15.11,1,1,54.09,5,1,5.0,1.0,8c14c2641f8b24e5968e868dce6f7922,31744,belo horizonte,MG,8.468252314814816,23.520416666666666,0,54.089999999999996
a1165481ec8e2c96688233954c7cfb7b,5d6ba9a28eb4cd87b8c65cc995850296,delivered,2017-12-03 11:32:32,2017-12-03 11:54:03,2017-12-06 22:09:31,2017-12-21 11:38:46,2017-12-20,719.7,44.37,3,1,764.07,8,1,1.0,1.0,6cad2595071b142d5f90563f43558cc9,2862,sao paulo,SP,18.004328703703703,16.519074074074073,1,764.07
241de5ef157f84bf8aa6c7ec7cc6f113,0f864a38c06696957ebd1c557264a1f3,delivered,2017-12-03 11:44:10,2017-12-03 11:56:27,2017-12-06 21:41:50,2017-12-27 20:15:31,2018-01-04,120.0,49.37,1,1,169.37,4,1,4.0,1.0,115b32ea5bce18ca0f4d63e9f5262cea,28735,quissama,RJ,24.355104166666667,31.51099537037037,0,169.37
376c03b8851464f42300b1a04881d739,418b556d05e82d296b2539d2d7cdfc83,delivered,2017-12-03 11:51:39,2017-12-03 12:11:59,2017-12-05 16:27:16,2017-12-11 19:09:37,2017-12-27,170.0,16.82,1,1,186.82,5,1,4.0,1.0,a073c8fcbfa7ae775d613d19816f2b1d,8141,sao paulo,SP,8.304143518518519,23.50579861111111,0,186.82
958407f3ab4e9f0d5d03a341f3840ce2,f1d8392057447bcc4dedf77c9a80edb1,delivered,2017-12-03 11:51:41,2017-12-03 12:11:58,2017-12-04 21:03:20,2017-12-08 13:51:45,2017-12-20,47.9,8.72,1,1,56.62,5,1,3.0,1.0,40c1a702053d8618481f681873de0f41,4830,sao paulo,SP,5.083379629629629,16.505775462962962,0,56.62
e740fe8c6dbc208393a4ae5a567070c1,6743adcde6f609c0dbc985c111ffb9b0,delivered,2017-12-03 11:55:59,2017-12-03 12:12:00,2017-12-07 01:43:50,2017-12-19 03:12:44,2018-01-09,349.9,48.98,1,1,398.88,3,1,5.0,1.0,53306146eebca684c7ee86dc2f05d322,55385,lajedo,PE,15.636631944444444,36.50278935185185,0,398.88
e030f5da42afc3b5b81b24d7c4d1bcb0,c90951deb7ca17b49eb1dbee767171b9,delivered,2017-12-03 11:59:04,2017-12-03 12:12:01,2017-12-04 16:32:32,2018-01-04 15:43:40,2018-01-02,55.9,16.64,1,1,72.54,1,1,5.0,1.0,c5ea985ee9f8e60eb2c8461c7ec7aac1,81650,curitiba,PR,32.155972222222225,29.500648148148148,1,72.53999999999999
e151e57b4f9e794ebddd2ac390d0ba99,3c7b80343c2c11f71434110e462e3de1,delivered,2017-12-03 12:11:59,2017-12-05 12:08:47,2017-12-07 02:08:55,2018-01-04 17:49:34,2018-01-02,419.0,17.68,1,1,436.68,3,1,1.0,1.0,ff4befb3408bb43643f743991ccd282c,21320,rio de janeiro,RJ,32.23443287037037,29.49167824074074,1,436.68
f815bf37321904e2cda00a23ff393755,6acd2975c9703705ef8376ddda961d3c,delivered,2017-12-03 12:22:57,2017-12-03 12:33:15,2017-12-05 00:08:59,2017-12-26 22:35:32,2017-12-29,100.0,15.45,1,1,115.45,3,1,5.0,1.0,f74255179687a017b247e9bfac98269f,27264,volta redonda,RJ,23.42540509259259,25.4840625,0,115.45
3c2162c803440f60242b30f84d448ee8,d90163d79bf06b422d58f3c8a2894f12,delivered,2017-12-03 12:23:49,2017-12-03 12:35:32,2017-12-04 21:22:16,2017-12-13 18:04:46,2018-01-05,56.99,17.68,1,1,74.67,2,1,5.0,1.0,d4f3e09a54bbb119aa1aba9159cce869,50730,recife,PE,10.236770833333333,32.483460648148146,0,74.67
60587a0b83305888501192ff07ba8bb9,2f38c3926fb8ba143f2741e9e7adc93f,delivered,2017-12-03 12:29:04,2017-12-05 04:13:45,2017-12-07 20:29:53,2017-12-10 13:48:47,2017-12-20,52.0,11.73,1,1,63.73,1,1,4.0,1.0,5179b7b48c149156cb51eddfaf06b712,13020,campinas,SP,7.0553587962962965,16.479814814814816,0,63.730000000000004
34c050abd228aa3084544460925c3534,ad83c0e942a04096b2ffbf144ec21bb8,delivered,2017-12-03 12:32:31,2017-12-03 12:53:17,2017-12-07 18:02:54,2017-12-19 19:47:10,2018-01-15,199.0,17.64,1,1,216.64,4,1,5.0,1.0,6cad6987d8d5510aeba08be9519ea8f2,13140,paulinia,SP,16.301840277777778,42.477418981481485,0,216.64
d2e99f5400c5eca09b3862c78a0afe77,32f7e622cfbdd94691a85692f992a9d5,delivered,2017-12-03 12:38:53,2017-12-03 12:53:16,2017-12-06 01:07:18,2017-12-11 19:39:38,2017-12-28,39.9,15.11,1,1,55.01,1,1,5.0,1.0,bf7bf802783e8b525e33fde224781e98,9210,santo andre,SP,8.2921875,24.472997685185184,0,55.01
9f81963426ae1cb630eecb995323381c,feb44f156b74bd87b3cd5c0fb24db4b0,delivered,2017-12-03 12:49:01,2017-12-05 04:13:31,2017-12-05 21:38:40,2017-12-07 18:39:24,2017-12-20,24.99,7.78,1,1,32.77,1,1,5.0,1.0,7e37b836b189d010448b19815a599a16,9910,diadema,SP,4.243321759259259,16.465960648148148,0,32.769999999999996
41d91684460f5c59c96272f53bc14fa2,5cfc3b340e44b2681d5091504aa8caa5,delivered,2017-12-03 12:58:56,2017-12-03 13:13:09,2017-12-05 22:38:50,2017-12-26 17:35:58,2017-12-27,39.9,13.37,1,1,53.27,5,1,5.0,1.0,9364b05a166828635a9f34f4ce7aec55,2991,sao paulo,SP,23.19238425925926,23.459074074074074,0,53.269999999999996
d75c7f835d8202b5b66fc2c1d4e3b3ea,3effc3bb383adcc73f87325741458c05,delivered,2017-12-03 13:05:25,2017-12-03 13:16:20,2017-12-08 15:33:53,2018-01-03 19:28:58,2017-12-27,259.99,22.66,1,1,282.65,4,1,1.0,1.0,77d15acd401683d314126639c3aaf40a,5777,sao paulo,SP,31.266354166666666,23.45457175925926,1,282.65000000000003
a700a71ce6a78eecc8bd76f967f63f2c,1011d7384455824a569ca7580acf4fa9,delivered,2017-12-03 13:07:59,2017-12-03 13:16:18,2017-12-05 01:06:32,2017-12-19 21:17:02,2017-12-27,199.8,27.44,2,1,227.24,3,1,4.0,1.0,efc1203c0e827ac8f4c277c55af77b21,37556,pouso alegre,MG,16.339618055555555,23.45278935185185,0,227.24
4e2dd9e20a1cd0b33cb72ff01b8872de,e9bd0214b78584c2b7819f1312b0bd0d,delivered,2017-12-03 13:15:07,2017-12-05 04:13:30,2017-12-05 22:45:33,2017-12-16 17:22:50,2018-01-02,99.9,21.19,1,1,121.09,1,1,5.0,1.0,dc08fd779fee2ab9ca23113c29c2fb3e,29941,sao mateus,ES,13.172025462962964,29.44783564814815,0,121.09
3d0fabe57f53334a24d36872a001f23c,ad41e67f80ad7ac61ec5b605751c56d0,delivered,2017-12-03 13:19:25,2017-12-03 13:33:12,2017-12-04 18:47:30,2017-12-12 18:24:25,2017-12-27,87.0,25.25,2,1,112.25,1,1,1.0,1.0,444e3c9eb1699da5f78e83a464a3cbae,2409,sao paulo,SP,9.211805555555555,23.444849537037037,0,112.25
6221ed781ae09ecc0882f02db01e49f9,d357b3b8cfab071e2d3bcc009f24b3bf,delivered,2017-12-03 13:21:44,2017-12-03 13:33:14,2017-12-07 00:14:15,2017-12-14 22:28:00,2017-12-20,41.3,8.11,1,1,49.41,1,1,5.0,1.0,e3ca1648decc5c5cca5f8e6faab7cdfb,4321,sao paulo,SP,11.379351851851851,16.44324074074074,0,49.41
e72bc47a7e87d43a6adc5f80b90786e9,1752af45d5caebc15239fd7071e68990,delivered,2017-12-03 13:26:38,2017-12-05 04:18:34,2017-12-07 21:51:36,2017-12-19 22:14:59,2017-12-27,20.3,11.85,1,1,32.15,1,1,5.0,1.0,d4b5e8243b9a0ba1b8f525681490739c,17340,barra bonita,SP,16.36690972222222,23.43983796296296,0,32.15
be255c29d745dad22bed17e8e2731706,73c27cdc4de9cfdc9ecb90ab01acfdcf,delivered,2017-12-03 13:40:51,2017-12-03 13:52:21,2017-12-05 00:37:41,2017-12-21 22:59:01,2018-01-08,235.0,35.45,1,1,270.45,3,1,5.0,1.0,13275a1fb1c6f692b6c7409a991e3cd8,49200,estancia,SE,18.387615740740742,35.429965277777775,0,270.45
58d29b7e20a6fd9ece06ae3981c5e1e4,2f7de2e1063f4600d30a1bc72ce1d84e,delivered,2017-12-03 13:47:26,2017-12-05 04:12:09,2017-12-07 13:58:58,2017-12-19 15:56:59,2017-12-28,219.9,14.56,1,1,234.46,1,1,5.0,1.0,605c2a76795e04e5513bb3a7349c925f,11920,iguape,SP,16.08996527777778,24.42539351851852,0,234.46
9e85d73b2a693e5b6dcf56ef2d00d181,51f45be48e424513598dca87178b2417,delivered,2017-12-03 13:47:49,2017-12-03 13:57:18,2017-12-04 19:18:17,2017-12-11 20:04:56,2018-01-05,105.0,21.57,1,1,126.57,2,1,5.0,1.0,d07495388c1ba49d9f0177f05975a3f2,2927,sao paulo,SP,8.261886574074074,32.425127314814816,0,126.57
bf351cedb18cc34fc1bf14f882156e40,507fd1858c4a4323ba84d2d884273832,delivered,2017-12-03 13:55:09,2017-12-03 14:13:33,2017-12-06 21:22:22,2017-12-28 22:33:08,2018-01-04,139.0,17.41,1,1,156.41,2,1,3.0,1.0,9a42e626af412c41cc6d7f8ed0b390fd,41706,salvador,BA,25.35971064814815,31.420034722222223,0,156.41
4aa5e89a54afc5cbb187bc2bccfdfe33,2157692c5db88799d2c32f8113d35286,delivered,2017-12-03 13:55:55,2017-12-03 14:13:31,2017-12-05 18:58:43,2017-12-12 19:12:13,2018-01-04,105.9,16.5,1,1,122.4,3,1,2.0,1.0,3392057cb6857cae346a55d319a8ec38,8526,ferraz de vasconcelos,SP,9.219652777777778,31.419502314814814,0,122.4
2a2933426794a07b8826c9a59e6d17ed,dd146127504152f9336f1a2ec56c58a0,delivered,2017-12-03 14:02:30,2017-12-03 14:13:31,2017-12-08 18:24:52,2017-12-27 19:52:10,2018-01-02,89.9,21.12,1,1,111.02,3,1,4.0,1.0,35571f8188a21f1fc96da8d7f0c271da,38680,arinos,MG,24.242824074074075,29.414930555555557,0,111.02000000000001
16fd9b360cbadca08b1026c8532820f5,04db47e1f5a9cfe6cc8b560696c807f1,delivered,2017-12-03 14:05:06,2017-12-03 14:13:33,2017-12-04 19:34:00,2017-12-05 18:04:43,2017-12-20,199.99,13.1,1,1,213.09,4,1,5.0,1.0,86ee190a174409391a427eed6f5e2728,2804,sao paulo,SP,2.166400462962963,16.413125,0,213.09
e4df16cb9093d2bcb0f6d3df3b49507e,9d458da74858da5267ed59b42738c8b9,delivered,2017-12-03 14:07:35,2017-12-03 14:21:30,2017-12-04 20:28:24,2017-12-09 18:09:29,2017-12-20,49.0,7.78,1,1,56.78,1,1,4.0,1.0,258bf670475ab616bfdd44eff13f52d7,5763,sao paulo,SP,6.167986111111111,16.411400462962963,0,56.78
6653d3fc131c01e7e7fa96daf4aea451,c74b571fe3a58c082c91e2fdf1448078,delivered,2017-12-03 14:07:45,2017-12-03 14:18:27,2017-12-05 19:09:07,2017-12-15 21:16:32,2018-01-03,170.0,15.94,1,1,185.94,5,1,5.0,1.0,1861015b08340ff45e2fc9f90107cf15,24445,sao goncalo,RJ,12.297766203703704,30.411284722222224,0,185.94
3ce26aacf28386c1f8913ea395e47c97,8d8468e5ed9827f1c6c9f022f44da130,delivered,2017-12-03 14:11:09,2017-12-05 09:55:16,2017-12-06 13:53:07,2017-12-20 19:29:22,2017-12-27,89.9,13.65,1,1,103.55,3,1,4.0,1.0,94c9ed804fdc8ca8cf8ee3df72eebd83,9931,diadema,SP,17.220983796296295,23.40892361111111,0,103.55000000000001
7f3602b55293734bb17fca86a144c1f0,76e7be904a79a6f6fbff238fe6223be1,delivered,2017-12-03 14:16:48,2017-12-03 14:23:31,2017-12-04 20:42:35,2017-12-12 19:21:55,2018-01-04,92.0,17.92,1,1,109.92,1,1,4.0,1.0,4ac0d1326bccc2fe280db064c0b29fcf,50610,recife,PE,9.211886574074073,31.405,0,109.92
0b24d5a62da084e9c66959aff6328dbc,2b261c26529c69b68839968c14d22369,delivered,2017-12-03 14:18:57,2017-12-03 14:28:25,2017-12-04 23:29:06,2017-12-14 18:32:27,2018-01-02,64.9,15.2,1,1,80.1,1,1,4.0,1.0,4aa3bb0f92691d2cc5fc6cec735c0c01,29370,conceicao do castelo,ES,11.176041666666666,29.403506944444445,0,80.10000000000001
c89b844039f5a7969c579c0a23b02652,c2f541cecbc250753c514062f9bcc7ac,delivered,2017-12-03 14:28:04,2017-12-03 14:55:27,2017-12-05 16:37:53,2017-12-11 19:13:07,2017-12-28,219.9,14.56,1,1,234.46,8,1,5.0,1.0,9698b239844893ef4075f842c8bcee0b,13234,campo limpo paulista,SP,8.197951388888889,24.397175925925925,0,234.46
73aff38a1baa00056cd97d9a0e8e0c4a,2c2c89758acd7a5da1c982330f02ccd2,delivered,2017-12-03 14:33:46,2017-12-05 04:11:58,2017-12-07 00:18:30,2018-01-02 16:43:36,2018-01-08,84.99,16.35,1,1,101.34,1,1,4.0,1.0,3fed79a43b6e656d60902b3f30049c70,89190,taio,SC,30.090162037037036,35.39321759259259,0,101.34
95d5f038a551666d46a7729a67a1b414,4c8c7d418e7d4846f9d574b22fb89337,delivered,2017-12-03 14:39:18,2017-12-03 14:55:28,2017-12-04 16:42:08,2018-01-10 17:25:53,2018-01-03,120.0,16.6,1,1,136.6,1,1,1.0,1.0,d358a2a13cf7996abe26067ae5c43b3d,20710,rio de janeiro,RJ,38.11568287037037,30.389375,1,136.6
14b28f4fb9a1df2b37343827f4ee5a33,be9bdf8c1114f88292e34320765d19ae,delivered,2017-12-03 14:39:31,2017-12-03 14:55:29,2017-12-08 19:17:06,2017-12-11 12:28:07,2017-12-20,32.0,7.78,1,1,39.78,1,1,5.0,1.0,eff73c1541fa0cd1499181dda22db46a,13470,americana,SP,7.90875,16.389224537037038,0,39.78
c9beb1873d3060dba404c5d5628758a2,8af1593e90dc41a8920bcf5e51439446,delivered,2017-12-03 14:41:45,2017-12-03 14:55:32,2017-12-05 00:48:43,2017-12-12 01:49:08,2018-01-09,127.8,30.4,2,1,158.2,1,1,4.0,1.0,a5c2fdf2070fa05501be9376ed7c354b,19970,palmital,SP,8.463460648148148,36.38767361111111,0,158.2
4bfe0bd0ac2d566a6ab7c45961288b60,e72f7f924828b0d45cdffc1690423abe,delivered,2017-12-03 14:48:41,2017-12-03 15:09:59,2017-12-11 23:24:43,2017-12-20 10:25:10,2018-01-09,106.99,122.54,1,1,229.53,1,1,1.0,1.0,84d33124063607bc2b475659bb473781,96015,pelotas,RS,16.817002314814815,36.3828587962963,0,229.53
930fb714ff2992c4ff14bf920af830e6,f2fdb2409d1c2b5018b19767572978d6,delivered,2017-12-03 14:52:12,2017-12-03 14:59:22,2017-12-13 11:23:33,2017-12-28 19:17:34,2018-01-11,169.99,36.85,1,1,206.84,5,1,3.0,1.0,b76eb34842f553825440c1f62e7c93e0,30575,belo horizonte,MG,25.18428240740741,38.38041666666667,0,206.84
1094e838b998a10c8faf3bc0b77906df,7972b72a39b505982dba57710d018ebf,delivered,2017-12-03 14:59:01,2017-12-03 15:10:21,2017-12-06 21:38:32,2017-12-12 16:47:02,2017-12-27,69.5,14.24,1,1,83.74,3,1,5.0,1.0,eb89ecac165940c95a05cb77e89a789d,30662,belo horizonte,MG,9.075011574074074,23.37568287037037,0,83.74
15d78ce10f27fd7ff33a22928455e29e,ea83ff51be836c1a1b8e5d9ac1f207cc,delivered,2017-12-03 15:20:42,2017-12-03 15:35:52,2017-12-06 00:22:40,2017-12-21 15:34:23,2018-01-10,49.9,14.1,1,1,64.0,2,1,5.0,1.0,b1897726f090b033d93dfd645e877754,25010,duque de caxias,RJ,18.009502314814814,37.360625,0,64.0
3a72e0086b573f6aae986707a645e8e6,9a2dec0b33e6a1c7ea867c6f304279e9,delivered,2017-12-03 15:22:44,2017-12-03 15:49:29,2017-12-06 00:57:08,2017-12-15 20:43:31,2018-01-08,84.99,22.91,1,1,107.9,1,1,2.0,1.0,05a4ccd655aab0d1303b42b3bf3418ef,58051,joao pessoa,PB,12.222766203703705,35.359212962962964,0,107.89999999999999
09581168b7c3d1c4480d4ba7a8437bdd,1fa0a6dffcd587c4a296237a7dca3e27,delivered,2017-12-03 15:29:57,2017-12-03 15:38:24,2017-12-06 00:12:06,2017-12-18 15:38:30,2017-12-29,125.9,18.13,1,1,144.03,7,1,3.0,1.0,2729fcf116ebf40c139954768b57af51,72135,brasilia,DF,15.0059375,25.35420138888889,0,144.03
d2d6acd468cd36300e20668ae293923e,37d096f38cac07f3f22df9b2f4d99302,delivered,2017-12-03 15:34:00,2017-12-03 15:49:29,2017-12-08 01:08:00,2017-12-27 23:14:57,2017-12-29,139.0,19.21,1,1,158.21,2,1,5.0,1.0,adf2ad98a8c0224b8333f3f690f310b0,22790,rio de janeiro,RJ,24.320104166666667,25.351388888888888,0,158.21
b67a584082fe23b966934beacd6413b4,9929e71f5293f941b8bdaf57b20e5d85,delivered,2017-12-03 15:38:37,2017-12-05 04:15:36,2017-12-07 19:58:28,2018-01-08 12:44:26,2018-01-05,399.0,112.37,1,1,511.37,1,1,5.0,1.0,6c9b828f9149c5b438a70cc61b02c1f8,97090,santa maria,RS,35.87903935185185,32.34818287037037,1,511.37
323c0a5365ebdafdd12959475e60b057,5567b3e3e9aba361c3ebf8f9530addbd,delivered,2017-12-03 15:43:02,2017-12-03 15:54:25,2017-12-06 21:09:14,2017-12-09 14:37:03,2017-12-20,90.98,15.56,2,1,106.54,1,1,5.0,1.0,e7a57c5b35cdb485d352afad87560042,13301,itu,SP,5.954178240740741,16.34511574074074,0,106.54
4ec40a7013b2b2e20429009214c283b4,0df8646043b2e16cb9d33ac55f0dd5b3,delivered,2017-12-03 15:45:51,2017-12-03 15:55:26,2017-12-04 23:48:38,2017-12-07 18:45:44,2018-01-05,10.8,8.27,1,1,19.07,1,1,5.0,1.0,e24408e938e48fdf8f8fea13619d46e9,4387,sao paulo,SP,4.124918981481481,32.343159722222225,0,19.07
05712f43d1c39effad171a8b0344940a,ae629dfbdd8b33fa29028ff92179a62c,delivered,2017-12-03 15:50:24,2017-12-03 15:59:21,2017-12-04 22:09:21,2017-12-19 19:26:44,2018-01-03,29.99,14.1,1,1,44.09,1,1,5.0,1.0,45b5425afa4bb09f3b75e12a08f8e438,2972,sao paulo,SP,16.15023148148148,30.34,0,44.089999999999996
2e571b4487c7119502acdb48043efcee,2f1d78af6de0800385a0cc5cf4b7a794,delivered,2017-12-03 15:57:22,2017-12-05 04:12:10,2017-12-06 18:58:57,2017-12-15 22:47:41,2017-12-27,1058.0,20.43,1,1,1078.43,1,1,5.0,1.0,6d107617e509701446292309521f1c22,14810,araraquara,SP,12.284942129629629,23.335162037037037,0,1078.43
b4e1a9081751ca0bd48a05c1a31a5f46,ddee05c9af94ca578d546c52eada5576,delivered,2017-12-03 15:58:05,2017-12-03 16:13:52,2017-12-07 20:08:43,2017-12-15 19:49:06,2017-12-27,115.0,16.44,1,1,131.44,1,1,3.0,1.0,c36a35fd733577a43d35546c9fbe7737,18406,itapeva,SP,12.16042824074074,23.334664351851853,0,131.44
fb2396a74aaecef7121159fc69a5a7d9,6bd987d89796d42d17d1581c76f3edb6,delivered,2017-12-03 15:58:51,2017-12-03 16:13:54,2017-12-05 19:03:49,2018-01-08 22:43:59,2018-01-04,229.0,16.35,1,1,245.35,5,1,1.0,1.0,67349e4dcbc0e74649a90978a9ed0265,35790,curvelo,MG,36.281342592592594,31.334131944444444,1,245.35
621072862bc6de6626af8ce049533638,6ea7c557e13c73169ee461b123bc254c,delivered,2017-12-03 16:05:02,2017-12-03 16:15:29,2017-12-04 19:13:25,2017-12-08 19:27:03,2017-12-28,10.95,17.63,1,1,28.58,2,1,4.0,1.0,f11451a120b48a5c4c36d3274f0fd80c,7190,guarulhos,SP,5.140289351851852,24.329837962962962,0,28.58
6453f61ca0e3788daed375fb4ebadbde,c4ca99c674868a34eabbe504c261581f,delivered,2017-12-03 16:05:43,2017-12-03 16:13:58,2017-12-06 22:36:41,2017-12-07 20:49:04,2017-12-20,47.9,9.27,1,1,57.17,1,1,5.0,1.0,6b8d17c965d9b0a131f7eecf7617eef8,6807,embu das artes,SP,4.196770833333333,16.329363425925926,0,57.17
3b4ccaa47ae0c0d6966133bcdb0c8ad4,d7c999073dcd1bce8c712cbbee9e30b2,delivered,2017-12-03 16:06:11,2017-12-05 04:11:39,2017-12-06 18:58:56,2017-12-29 15:43:34,2017-12-27,1058.0,24.66,1,1,1082.66,1,1,4.0,1.0,3961601c287bdf0fe34304b40c5692d4,30320,belo horizonte,MG,25.984293981481482,23.32903935185185,1,1082.66
aa421b88c987dae351823253084dcbdf,a075c0b70aaef6aae7d29efa27a26949,delivered,2017-12-03 16:09:35,2017-12-05 16:21:24,2017-12-07 02:23:15,2017-12-18 20:03:48,2018-01-09,166.99,40.16,1,1,207.15,2,1,5.0,1.0,48a5d6bea58eb9af16214fb4dc9cb78c,55580,sirinhaem,PE,15.162650462962963,36.32667824074074,0,207.15
263deb0d1a35645df1f371bfaded4589,c63b6fb69abc3e3b303a299ccbbe56dd,delivered,2017-12-03 16:15:50,2017-12-03 16:31:55,2017-12-08 22:21:51,2017-12-12 21:22:40,2018-01-09,50.7,17.6,1,1,68.3,1,1,4.0,1.0,b280a8705374953eba631cd791f613ad,97501,uruguaiana,RS,9.213078703703705,36.32233796296296,0,68.30000000000001
1cdf7f2bd959ee4f6bd5b829ec17fd6c,0e48cc6ff4697cd603cd84a57d3732d4,delivered,2017-12-03 16:28:39,2017-12-03 16:39:23,2017-12-06 15:36:49,2017-12-15 21:08:15,2017-12-20,174.9,15.98,1,1,190.88,10,1,5.0,1.0,700e5a2aa50c64c74819d33fa99e3382,11380,sao vicente,SP,12.194166666666666,16.3134375,0,190.88
51a4d80c45232e938d7504001271af64,dafdad1b3be4401d27d372226043843f,delivered,2017-12-03 16:28:56,2017-12-03 16:36:22,2017-12-04 20:35:23,2017-12-13 18:50:00,2017-12-29,269.0,46.34,1,1,315.34,10,1,4.0,1.0,e25423188f57d62754768e9e4c65115d,5642,sao paulo,SP,10.097962962962963,25.313240740740742,0,315.34000000000003
219bf1bafc86f67b9a13637cfaeb68b1,4b8425aa99b63584eff7343a4d942996,delivered,2017-12-03 16:29:43,2017-12-03 16:37:23,2017-12-07 19:32:48,2017-12-08 17:24:30,2017-12-20,169.9,12.39,1,1,182.29,2,1,4.0,1.0,a9eb3e328b058c6952fb61c794c112e8,9810,sao bernardo do campo,SP,5.038043981481482,16.31269675925926,0,182.29000000000002
1bd843e7f9464231fd6b9314cb092476,b418e5d6508aecd5a06130edf72d608a,delivered,2017-12-03 16:34:23,2017-12-05 16:43:20,2017-12-07 22:58:34,2017-12-13 23:53:24,2018-01-10,23.99,21.15,1,1,45.14,2,1,5.0,1.0,32025dc952b29cc2d56c26e7027f53fb,59114,natal,RN,10.304872685185185,37.30945601851852,0,45.14
13b18839db628ad38aab7490078a213e,701b88b76d7f6a5aaad9ad02617f0a4c,delivered,2017-12-03 16:35:01,2017-12-03 16:53:41,2017-12-07 17:43:44,2017-12-18 19:48:34,2017-12-28,45.9,15.11,1,1,61.01,4,1,5.0,1.0,c222b56910a115778e5177a98a3e028e,29208,guarapari,ES,15.134409722222221,24.309016203703703,0,61.01
e4fe3e1517012062f793eccf51260009,9cd51a56cf2a3d0c61525bfcbbcd7039,delivered,2017-12-03 16:49:21,2017-12-03 17:11:23,2017-12-06 21:33:42,2017-12-14 20:49:01,2018-01-09,169.9,82.01,1,1,251.91,1,1,4.0,1.0,cb665a8ea674e876146633cd05a6340b,51020,recife,PE,11.166435185185184,36.2990625,0,251.91000000000003
a8eab0b579c3288c60cd6f4933c48626,fbaaeb1f5b3f3cc5c226cb5b95d18584,delivered,2017-12-03 16:52:02,2017-12-03 16:59:29,2017-12-06 22:22:18,2017-12-11 17:49:22,2017-12-28,55.0,14.14,1,1,69.14,2,1,5.0,1.0,dcc6ccc2be5ce00756582db88d58a4a6,3942,sao paulo,SP,8.039814814814815,24.297199074074076,0,69.14
2d03316beff80dbbbe594433f865b7d9,d48ef437009058c792d57ad342b4c8fb,delivered,2017-12-03 16:57:47,2017-12-05 16:56:36,2017-12-07 19:09:51,2017-12-08 17:21:24,2017-12-20,299.99,11.11,1,1,311.1,3,1,5.0,1.0,238aa5978c106a7d5a873faf150e75fc,22290,rio de janeiro,RJ,5.016400462962963,16.293206018518518,0,311.1
a2bbb88a8a7ebfa655f9172b60fd987f,cd4caa9c8a2fd5517470fe1f3360b969,delivered,2017-12-03 17:04:39,2017-12-03 17:12:32,2017-12-05 19:03:52,2017-12-16 12:47:57,2017-12-28,118.0,14.58,1,1,132.58,4,1,5.0,1.0,a622d011cb10060dd3ea9132c44f405f,35701,sete lagoas,MG,12.821736111111111,24.2884375,0,132.58
c8e2fc076c63bc36ce75c94acd6b4aea,1aafbd6c618138bdea72b569bc4482d8,delivered,2017-12-03 17:07:46,2017-12-03 17:16:26,2017-12-04 19:13:00,2017-12-10 16:59:30,2017-12-28,155.0,16.53,1,1,171.53,3,1,5.0,1.0,53324a789787c654ee97d413bec20bec,4608,sao paulo,SP,6.994259259259259,24.286273148148148,0,171.53
71d27026352e4ce6f225aa02cd8bacc3,ee8ccd2ba674c9e779e88e96a2595936,delivered,2017-12-03 17:11:47,2017-12-03 17:34:15,2017-12-04 10:58:54,2017-12-07 22:07:01,2017-12-20,48.99,7.78,1,1,56.77,3,1,5.0,1.0,770834d5e75dfa9c6f81de0791da6715,4543,sao paulo,SP,4.205023148148148,16.283483796296295,0,56.77
4d4ab4ddf371a4eef5153387cac80ff8,cf199055fc9c6d7cf39cc54ec67638a3,delivered,2017-12-03 17:12:06,2017-12-03 17:34:23,2017-12-06 21:22:00,2017-12-13 21:18:50,2017-12-27,169.9,32.22,1,1,202.12,4,1,5.0,1.0,de7c528a21d8e758f92be65a233faa91,8573,itaquaquecetuba,SP,10.171342592592593,23.28326388888889,0,202.12
2e964efb3431da146c9fd849e39eb86c,5b1ea921958e57b323d3bcbd9bd6ed7c,delivered,2017-12-03 17:21:20,2017-12-03 17:34:29,2017-12-04 21:23:06,2017-12-13 17:48:50,2018-01-08,75.0,21.02,1,1,96.02,1,1,5.0,1.0,eae7ab2fc38ab94abc121aebb9185059,95076,caxias do sul,RS,10.019097222222221,35.27685185185185,0,96.02
a060fc338651aeef386d5a7972da2d63,26ab8393bfff9a3854c94fcadb0b2865,delivered,2017-12-03 17:22:35,2017-12-05 04:13:20,2017-12-08 17:33:57,2017-12-16 02:22:15,2018-01-05,148.0,33.03,2,1,181.03,1,1,1.0,1.0,c6a49ed851473cd57dca5baa77595fe7,25926,mage,RJ,12.374768518518518,32.275983796296295,0,181.03
3f7d4510666c881c335f9ca51b9db9cb,a1208bd625ecc4195a9a93c9c1b9865c,delivered,2017-12-03 17:25:24,2017-12-03 17:37:23,2017-12-04 19:09:10,2018-01-05 01:21:55,2017-12-28,149.9,18.3,1,1,168.2,2,1,1.0,1.0,d47c6a6d48a7fc552cededdb740fdfa6,20921,rio de janeiro,RJ,32.33091435185185,24.27402777777778,1,168.20000000000002
d9f834b712ac280bbbbcd7a3114c240c,01268a9cd062a41dbaebe24bd8b07cbf,delivered,2017-12-03 17:28:22,2017-12-05 17:34:05,2017-12-06 21:09:20,2017-12-07 18:56:43,2017-12-20,255.0,12.99,1,1,267.99,6,1,1.0,1.0,3a75fe04b67f463a4cbb5cd665321cc6,5574,sao paulo,SP,4.061354166666667,16.271967592592592,0,267.99
130aa16eb157e7606fcafbd807c8048e,1bf2e63bdc996f880d01aa10e1c0ccbf,delivered,2017-12-03 17:28:57,2017-12-03 17:38:27,2017-12-04 23:53:45,2017-12-13 20:51:50,2017-12-28,113.0,20.28,1,1,133.28,1,1,5.0,1.0,742405ae9634962bb67f54214a8247c9,33400,lagoa santa,MG,10.140891203703704,24.2715625,0,133.28
c65840ef66d2956cadb8efc3ee66623c,6673ccb89c78b1fdf11b012b4eaa9b99,delivered,2017-12-03 17:30:49,2017-12-05 04:17:30,2017-12-06 12:47:55,2017-12-27 23:49:11,2018-01-04,69.9,25.77,1,1,95.67,1,1,3.0,1.0,89299b4ef9fc3c6691e8d064de24a648,77410,gurupi,TO,24.26275462962963,31.270266203703702,0,95.67
651f3bc417a577611931ea497854b0d6,a031ec9f2684882b824fc8f227198da8,delivered,2017-12-03 17:31:07,2017-12-03 17:52:14,2017-12-05 23:59:49,2017-12-09 16:23:43,2017-12-29,89.99,15.39,1,1,105.38,3,1,5.0,1.0,ee81133709716b9c4a5141bd6c2af68f,22020,rio de janeiro,RJ,5.953194444444445,25.27005787037037,0,105.38
d2fd9295960f8b867bbe434b2c9c7f42,a7cfd46328adb24558e5e875834a8672,delivered,2017-12-03 17:33:39,2017-12-05 04:17:34,2017-12-06 19:32:29,2018-01-16 11:56:02,2018-01-05,135.0,121.22,1,1,256.22,1,1,1.0,1.0,7229cb1e6d07a9106f98ff82eab3f3b0,97035,santa maria,RS,43.76554398148148,32.26829861111111,1,256.22
36ea02534d94c9d58bbbd06fddb3fa9a,0446b2b06900bd31f919292a4379ffb0,delivered,2017-12-03 17:36:49,2017-12-03 17:52:21,2017-12-04 18:06:33,2017-12-13 21:39:00,2018-01-02,89.99,45.09,1,1,135.08,7,1,5.0,1.0,eab27a5d81262bace5fc81727514d49d,3317,sao paulo,SP,10.168182870370371,29.266099537037036,0,135.07999999999998
282160d8e83b257c5105cac8f3ba2b63,7955de5408ac36319ca416ac4debb0f7,delivered,2017-12-03 17:37:52,2017-12-03 17:52:22,2017-12-05 01:04:53,2017-12-28 09:32:26,2017-12-28,122.99,15.61,1,1,138.6,2,1,3.0,1.0,e0d0b48b5fd008892e5e14806ab2b023,27280,volta redonda,RJ,24.66289351851852,24.26537037037037,1,138.6
73e019fdcb05a01a6a7200bce40ef5f6,9d2b23ea4db320cc61d79113c8062f0f,delivered,2017-12-03 17:39:48,2017-12-05 17:37:25,2017-12-07 18:29:13,2017-12-16 01:37:10,2018-01-03,28.99,16.79,1,1,45.78,4,1,1.0,1.0,20c36ca8e043dd37bd89149ebdcaebcb,45028,vitoria da conquista,BA,12.33150462962963,30.264027777777777,0,45.78
52577f39f9f27644903361597585d367,17a591e12299eb96e17f2986c3e2879c,delivered,2017-12-03 17:40:22,2017-12-05 04:13:45,2017-12-05 23:22:06,2017-12-08 17:38:26,2017-12-27,208.5,40.53,3,1,249.03,1,1,1.0,1.0,ceacd31e6413fd9d12c7c85b5fe2723f,14021,ribeirao preto,SP,4.998657407407407,23.26363425925926,0,249.03
4763c95c35b33b41ba1b0ca27bb2fac5,0c80462b4eb06515209f3ebd6b6660e5,delivered,2017-12-03 17:42:45,2017-12-03 18:12:10,2017-12-07 14:43:02,2018-01-14 18:46:35,2018-01-08,225.0,54.17,1,1,279.17,1,1,1.0,1.0,ac53a20823b3dc1430e69f57257720b9,96214,rio grande,RS,42.044328703703705,35.26197916666667,1,279.17
c0fabfdace2df4fbd9e0e958f29a2cd7,d6028dc827eae81534f01a813de8d9f9,delivered,2017-12-03 17:44:17,2017-12-05 17:37:25,2017-12-07 15:24:06,2017-12-12 19:37:50,2017-12-20,37.5,9.34,1,1,46.84,4,1,5.0,1.0,5375200b069935e3ff1fc2489886ec5a,13083,campinas,SP,9.078854166666666,16.260914351851852,0,46.84
da88d77b3b27b963c613719ade2b7dd5,8a8dade6b896cd81f4146a544ccdd0d2,delivered,2017-12-03 17:49:54,2017-12-03 18:12:09,2017-12-11 18:04:19,2017-12-17 17:45:04,2017-12-27,89.9,13.65,1,1,103.55,1,1,5.0,1.0,bfb550a534d1e4081812bc6e3c4229e6,14780,barretos,SP,13.99664351851852,23.25701388888889,0,103.55000000000001
3f3d5f3033e9139ee7290ce6c74b6b79,34c5107947e20b2c55f711551184f4cd,delivered,2017-12-03 17:53:31,2017-12-03 18:12:12,2017-12-05 00:25:11,2017-12-18 23:53:17,2018-01-09,50.0,25.63,1,1,80.9,5,1,4.0,1.0,1f89d919aba97d8741589b2577ce6573,95555,capao da canoa,RS,15.249837962962962,36.254502314814815,0,75.63
eb5daa33a38be17a7386908ce4561ae0,a668e9cf6bc4af7c7a6746f74b6be94f,delivered,2017-12-03 18:04:49,2017-12-03 18:15:26,2017-12-05 23:28:37,2017-12-29 17:43:46,2018-01-08,199.98,26.68,1,1,226.66,10,1,5.0,1.0,325d5287a5c220f650095d27f51dbd32,60430,fortaleza,CE,25.985381944444445,35.24665509259259,0,226.66
10b64ed7e88bc66762c2637eb63e05b5,155c6e63647e6bb46173471c1f0867ba,delivered,2017-12-03 18:07:21,2017-12-03 18:15:18,2017-12-05 21:29:56,2017-12-11 15:51:41,2018-01-05,49.9,15.1,1,1,65.0,4,1,1.0,1.0,27cf7112eee3dc907058ce6cb8aeb996,4942,sao paulo,SP,7.905787037037037,32.24489583333333,0,65.0
b18ff7eaac63f8d98d0dccfc5310a8b6,ec5337588333ffb24ae7ccdb89d5d94f,delivered,2017-12-03 18:07:35,2017-12-03 19:11:35,2017-12-04 19:27:02,2017-12-17 19:28:52,2018-01-04,75.0,14.31,1,1,89.31,8,1,5.0,1.0,5469b8c1427ccd1aa226ba58dcad002b,91050,porto alegre,RS,14.05644675925926,31.244733796296295,0,89.31
0890110313bd12b08169c1b6bd56bf4d,06f8cc01ccc3b88ee6727ab815eca7c9,delivered,2017-12-03 18:12:23,2017-12-03 18:32:17,2017-12-04 20:12:17,2017-12-14 15:37:13,2017-12-20,85.0,36.69,1,1,121.69,4,1,5.0,1.0,90fe78558590c46665e648e4f2bd9272,6417,barueri,SP,10.89224537037037,16.241400462962964,0,121.69
26a0511a8dce1ef6bc00ba48435b7081,a01f0880ddd293fb2bb6c7fe8e27168f,delivered,2017-12-03 18:15:14,2017-12-03 18:32:20,2017-12-05 14:47:00,2017-12-07 18:58:16,2017-12-20,12.95,7.78,1,1,20.73,1,1,3.0,1.0,df3a7e49964d574f8ac3cd7aa64a8819,4152,sao paulo,SP,4.029884259259259,16.239421296296296,0,20.73
d6c0ec2e67adc2163605b7c0eafe3e1c,62050266c1b57e15689a248e81f05ee5,delivered,2017-12-03 18:16:43,2017-12-05 04:15:52,2017-12-06 13:14:46,2017-12-21 17:48:30,2018-01-03,10.6,15.1,1,1,25.7,1,1,5.0,1.0,128498d867a54913fd7d7fc9bcde6cee,28800,rio bonito,RJ,17.980405092592594,30.238391203703703,0,25.7
8f88be1aa97c84281588282a16fa3fa1,c7baa6105c8f8e055a74e6eb6fd7a97c,delivered,2017-12-03 18:17:52,2017-12-03 18:32:41,2017-12-06 19:37:27,2017-12-13 19:47:52,2018-01-04,189.8,32.85,2,1,222.65,10,1,1.0,1.0,7d1bdf714530faf2db78556bdff7fa3b,14300,batatais,SP,10.0625,31.23759259259259,0,222.65
4e75e99d66964a3e4fa1a57499582688,9a391277128ca32d4ef8473910faf70a,delivered,2017-12-03 18:18:16,2017-12-03 18:32:52,2017-12-05 02:41:44,2017-12-19 02:22:54,2017-12-27,23.9,14.1,1,1,38.0,1,1,5.0,1.0,51311827da3ef5b5814be3d4e7e7e1ba,5879,sao paulo,SP,15.336550925925925,23.237314814814816,0,38.0
4b6aa78846ad555241cc92ee58c815c6,07ae746c23c06957d56ae4f0a3f7b3fe,delivered,2017-12-03 18:18:26,2017-12-05 04:11:58,2017-12-07 16:39:58,2018-01-23 15:58:31,2017-12-28,84.0,17.84,1,1,101.84,1,1,1.0,1.0,2f3d09b69266cbab293052a3f0701f61,21221,rio de janeiro,RJ,50.90283564814815,24.237199074074073,1,101.84
4eecbfcab9ec27fad7e24ac94f9a032b,3b8c77deb5df57efd9eb00740ddc03b0,delivered,2017-12-03 18:28:40,2017-12-04 16:31:49,2017-12-08 15:38:44,2017-12-18 23:28:53,2017-12-28,179.99,16.82,1,1,196.81,1,1,5.0,1.0,d10c2e48cffe876a6c1e7bf8427ed884,36415,congonhas,MG,15.208483796296296,24.23009259259259,0,196.81
89e9df58f9467394ba51d33de90781b4,466b378a3d77d64aa19e741c7f72b204,delivered,2017-12-03 18:35:40,2017-12-03 18:53:44,2017-12-08 18:24:51,2017-12-22 20:23:45,2018-01-03,179.8,39.0,2,1,218.8,10,1,4.0,1.0,8b88f64495d95d12a12c0d71534d0faa,72900,santo antonio do descoberto,GO,19.07505787037037,30.225231481481483,0,218.8
7cddfd6adf258ef9dffd6b2550ce097e,2373a16e52c2faaae69d26e5fa443942,delivered,2017-12-03 18:38:47,2017-12-03 18:53:42,2017-12-05 02:23:35,2017-12-09 16:49:05,2017-12-28,119.0,13.17,1,1,132.17,2,1,5.0,1.0,5c7e38d5c0de8e798c587615164f31f8,15025,sao jose do rio preto,SP,5.923819444444445,24.22306712962963,0,132.17
e55a581d6b3fcf41394ef2afb9a4205e,4962e73408e74b80e37b78b3a7a5126c,delivered,2017-12-03 18:39:00,2017-12-03 18:53:39,2017-12-04 18:13:41,2017-12-19 00:28:24,2018-01-02,339.9,18.14,1,1,358.04,4,1,5.0,1.0,35a08bdd30ec653d978c110be5d0c892,38610,unai,MG,15.242638888888889,29.222916666666666,0,358.03999999999996
4b7687ed745753cae867364fb541ae37,da4d4e51ac3fda2a636979be0958d1d9,delivered,2017-12-03 18:39:38,2017-12-03 18:53:40,2017-12-06 16:51:37,2017-12-14 15:16:41,2018-01-02,348.8,17.19,1,1,365.99,2,1,5.0,1.0,52bd1376c69641bd86be7bc201f6d55c,36815,fervedouro,MG,10.8590625,29.22247685185185,0,365.99
1734ed627ecb469f8a302694d9481eb4,e4639e14392e13ff6898b81d6245ba15,delivered,2017-12-03 18:39:51,2017-12-05 04:11:50,2017-12-12 21:58:54,2017-12-18 21:07:21,2017-12-27,64.89,13.47,1,1,78.36,1,1,5.0,1.0,c47781b9cde8aaf98066cc94064537bf,3380,sao paulo,SP,15.102430555555555,23.222326388888888,0,78.36
8c29553a081ec9b93f3a0407e902822a,8fc7a81939dca5b49b050cc3110bab57,delivered,2017-12-03 18:43:36,2017-12-03 18:54:22,2017-12-07 01:12:48,2017-12-08 20:54:27,2018-01-02,49.9,8.11,1,1,58.01,5,1,5.0,1.0,359001bb107050ad4eb30e0c9f9d4bdf,33120,santa luzia,MG,5.090868055555555,29.219722222222224,0,58.01
35cf9be605f7018e3827a0349b1afaad,9223f91f9d02d1ec93b349431aa372fe,delivered,2017-12-03 18:47:28,2017-12-05 04:12:01,2017-12-08 10:45:32,2017-12-27 20:32:20,2017-12-28,96.9,17.93,1,1,114.83,1,1,5.0,1.0,e0c5865cae7de088e0b2e94dc4418ea1,23573,rio de janeiro,RJ,24.072824074074074,24.217037037037038,0,114.83000000000001
fca018a47e2170d1f13529d7542d6438,113cd3ff0105d8e9404297e07054bf04,delivered,2017-12-03 18:53:02,2017-12-03 19:11:30,2017-12-04 19:04:57,2017-12-08 20:05:35,2017-12-27,39.0,13.37,1,1,52.37,1,1,1.0,1.0,4b8c35f7dff82de048f8bcb3faceeeea,6440,barueri,SP,5.050381944444444,23.213171296296295,0,52.37
275a9c9ccc183a48eac733ea33bb8cc5,b983b6c8c77dac754125a7e55555c05a,delivered,2017-12-03 18:58:14,2017-12-03 19:11:36,2017-12-04 21:22:18,2017-12-05 19:52:28,2017-12-20,89.9,12.58,1,1,102.48,5,1,5.0,1.0,ceea9a728afd9cf6ba6a14fb6c4e828a,6454,barueri,SP,2.037662037037037,16.209560185185186,0,102.48
93e337ab97f3eaafab94e2129d8feae8,0b68c93058ee253e88751545308f2797,delivered,2017-12-03 19:00:51,2017-12-05 04:12:01,2017-12-27 19:09:57,2018-01-09 19:07:38,2018-01-08,34.9,14.1,1,1,49.0,1,1,1.0,1.0,7ea594c84734eab39f86b4cdc75dc6d1,13184,hortolandia,SP,37.00471064814815,35.207743055555554,1,49.0
ca15b9ce89a3e3e213dfbf05cb0e4695,2606fdb8c8893c74925740125cee168b,delivered,2017-12-03 19:07:02,2017-12-03 19:17:28,2017-12-05 18:56:47,2017-12-12 20:23:27,2017-12-29,139.99,18.23,1,1,158.22,2,1,5.0,1.0,a389e9b0e5165f245353f614817b2432,87080,maringa,PR,9.05306712962963,25.203449074074076,0,158.22
b4b01ea85163a8eb27d0be6bec949731,eca416d9a985b904572b57b4f78fa863,delivered,2017-12-03 19:08:41,2017-12-03 19:18:20,2017-12-04 21:07:42,2017-12-21 22:23:25,2017-12-27,59.99,15.18,1,1,75.17,1,1,5.0,1.0,3d0fec9384669a8c09990be52ddeb363,22240,rio de janeiro,RJ,18.135231481481483,23.20230324074074,0,75.17
95ec4886946c5ae0d453e95648834ac6,4d6e5853d03242e53d3d2e10af61ffeb,delivered,2017-12-03 19:15:57,2017-12-05 19:15:23,2017-12-08 17:33:54,2018-02-01 02:04:09,2018-01-02,189.0,18.57,1,1,207.57,3,1,1.0,1.0,bd14890cfa8a47934394dedbc1a5f81c,23550,rio de janeiro,RJ,59.28347222222222,29.197256944444444,1,207.57
16c176e6448f550368cc0078b433b617,3c255c641d102c35a65110f8dbc27c98,delivered,2017-12-03 19:17:26,2017-12-03 19:33:45,2017-12-06 21:09:15,2017-12-13 14:34:02,2017-12-28,54.99,14.13,1,1,69.12,1,1,5.0,1.0,3d7b664a655e81ab09be4aad1bd186a3,70743,brasilia,DF,9.803194444444445,24.19622685185185,0,69.12
8a8d67749f79cb235dfa50f5f4a809de,54bf961dd7993c42e63fed62f478f87c,delivered,2017-12-03 19:18:13,2017-12-03 19:33:47,2017-12-08 18:24:50,2018-01-08 19:47:25,2018-01-02,89.9,21.12,1,1,111.02,4,1,5.0,1.0,ee8af3c20dbad9ff44860cd78ea8056d,35400,ouro preto,MG,36.02027777777778,29.19568287037037,1,111.02000000000001
c995be74082b70d3ec06d817e73f7300,d5435bfb461189b2b1fe24dc28797056,delivered,2017-12-03 19:18:56,2017-12-03 19:33:51,2017-12-06 13:32:39,2018-01-04 21:38:48,2017-12-29,189.89,39.06,2,2,228.95,2,1,1.0,1.0,d2925e8624ac68e8e49f5e35e2d36822,23916,angra dos reis,RJ,32.09712962962963,25.195185185185185,1,228.95
8624d8f9a994ef3cd1792ffe142b412d,b9e6ea4da5b6cd063dd46df2627bcd99,delivered,2017-12-03 19:21:34,2017-12-03 19:33:53,2017-12-06 15:19:30,2017-12-12 18:04:28,2017-12-20,59.9,11.73,1,1,71.63,4,1,2.0,1.0,d1360c2c706f607745a54d1631fd23a6,13215,jundiai,SP,8.946458333333334,16.19335648148148,0,71.63
0c71e6884d0d7ae94fe52ea917b42fc7,b80b7641c7244c79644d4f6fe6e2e731,delivered,2017-12-03 19:22:06,2017-12-03 19:33:51,2017-12-06 19:33:13,2017-12-11 17:12:45,2018-01-02,69.8,24.88,2,2,94.68,1,1,5.0,1.0,09baec50afccbb414f24bf8e0bc7c020,31330,belo horizonte,MG,7.910173611111111,29.19298611111111,0,94.67999999999999
785b7455ab5bec2f5e04de3cf829209d,5affcc0cbdac28f6974a3b119801ef32,delivered,2017-12-03 19:24:22,2017-12-03 19:33:52,2017-12-04 21:23:05,2017-12-11 14:34:53,2017-12-28,27.99,15.1,1,1,43.09,4,1,5.0,1.0,ad45c43edbdcd326bd04defdb656b14e,31230,belo horizonte,MG,7.7989699074074075,24.191412037037036,0,43.089999999999996
23f0043c61ae2348a350f3cc20762914,8045315cc9f982f5294eadd49d0afd80,delivered,2017-12-03 19:24:26,2017-12-03 19:34:23,2017-12-04 18:07:13,2017-12-14 19:27:42,2017-12-28,69.9,26.81,1,1,96.71,1,1,5.0,1.0,b14be60758a3025e0664aeb157925205,21555,rio de janeiro,RJ,11.002268518518518,24.19136574074074,0,96.71000000000001
a2e8c14e1bbbdda025349c95bbe7c5cf,c7f321b1951d05a9def235cd05291b76,delivered,2017-12-03 19:27:47,2017-12-03 19:36:24,2017-12-08 01:07:58,2017-12-12 00:18:53,2017-12-20,130.0,12.61,1,1,142.61,5,1,4.0,1.0,c07d5170163321a5f10d28bff58774d9,84033,ponta grossa,PR,8.202152777777778,16.189039351851854,0,142.61
e370475faec7f43dcb3a4ced5afed0a3,c4cba54bd066481cf87d57ac65b146d8,delivered,2017-12-03 19:30:42,2017-12-03 19:39:21,2017-12-04 19:09:02,2017-12-15 21:06:52,2017-12-28,95.74,62.49,1,1,158.23,7,1,5.0,1.0,8ba038ebe1eb77c81505267773e4a53a,71680,brasilia,DF,12.066782407407407,24.187013888888888,0,158.23
ed9ddf13b205161d8ca32de15a50a5c7,0c6402878bcf4a5a361d9008210101d4,delivered,2017-12-03 19:38:53,2017-12-05 04:17:40,2017-12-05 14:52:37,2017-12-19 20:38:23,2017-12-27,139.99,15.74,1,1,155.73,1,1,5.0,1.0,94093e4a8945e283282180e6aaae4fc3,32015,contagem,MG,16.041319444444444,23.18133101851852,0,155.73000000000002
12a6df267536bb8c253d9e7bb8b9e4aa,cc3848d804d534ed7492ed16935f2cac,delivered,2017-12-03 19:39:28,2017-12-03 19:51:27,2017-12-05 20:54:40,2017-12-06 19:09:03,2017-12-20,166.99,15.92,1,1,182.91,3,1,4.0,1.0,462688d928e54e7304bf33065613bbdb,13420,piracicaba,SP,2.978877314814815,16.180925925925926,0,182.91
f92937847b9a6c663b94b2fb3a8f42e8,5160b4bc4116d4ecfb0679a4598c2501,delivered,2017-12-03 19:40:10,2017-12-03 19:51:12,2017-12-05 14:22:57,2017-12-26 16:53:20,2017-12-27,140.5,18.87,1,1,159.37,2,1,2.0,1.0,800cc1918917986a7b33b4d142f051d5,12260,paraibuna,SP,22.884143518518517,23.180439814814815,0,159.37
69264247c0a6cc0003e9c47fda4c4693,e5965ae365a0c0595e3eede0d156d975,delivered,2017-12-03 19:46:19,2017-12-04 18:30:31,2017-12-06 22:34:14,2017-12-29 17:27:31,2018-01-09,45.9,16.11,1,1,62.01,1,1,5.0,1.0,bb6acc4233d0bdefa0105ce60a0aa4f1,24722,sao goncalo,RJ,25.90361111111111,36.17616898148148,0,62.01
45447cb1eb40858d9ca660548af0100d,8070f9a17d6620a36be583fd7905e8ac,delivered,2017-12-03 19:46:57,2017-12-03 19:55:22,2017-12-05 00:14:29,2017-12-14 20:51:28,2017-12-27,79.9,15.32,1,1,95.22,9,1,5.0,1.0,2e2c9743fb85ab612200aec91abd2844,34004,nova lima,MG,11.044803240740741,23.175729166666667,0,95.22
9d812ac753da7008021863feabbd291a,865564d43efdb4ace7fee99697e74e7e,delivered,2017-12-03 19:47:05,2017-12-03 19:57:24,2017-12-04 23:41:49,2017-12-11 18:48:48,2017-12-27,211.0,12.98,1,1,223.98,4,1,5.0,1.0,4d6acb02cb5c8492d36a041288091ead,12020,taubate,SP,7.959525462962963,23.175636574074073,0,223.98
40aeee6b37546436d467e37ce3e58f6a,d9bb49d24408994b2a3b7728b271ed12,delivered,2017-12-03 19:52:57,2017-12-05 04:12:15,2017-12-06 23:37:32,2017-12-11 20:27:44,2018-01-03,53.99,15.13,1,1,69.12,1,1,4.0,1.0,77af37be174597cb532a499351dec559,39100,diamantina,MG,8.024155092592592,30.1715625,0,69.12
6da34f9b88619e4ba847c49363dfb425,8ce4d77283bb19ebaedee1fb91fef7ba,delivered,2017-12-03 20:03:22,2017-12-03 20:13:44,2017-12-05 16:04:36,2017-12-13 21:19:02,2017-12-29,99.9,16.46,1,1,116.36,1,1,5.0,1.0,4bc3c13133d65130fe13def33ed39eff,12060,taubate,SP,10.052546296296295,25.164328703703703,0,116.36000000000001
fe651d656936812bc74e091ac78fd844,70061eaa82d2b6fff7834940e5dfb6a2,delivered,2017-12-03 20:03:57,2017-12-03 20:13:46,2017-12-05 00:32:35,2017-12-15 18:28:05,2017-12-27,79.9,12.9,1,1,92.8,1,1,5.0,1.0,c53ce3ba8ff312a42491da9656b8f6d4,14600,sao joaquim da barra,SP,11.933425925925926,23.163923611111112,0,92.80000000000001
3a3ccc870f8a3d5e624f3349f23cd2ba,717190eb3228ac01acf2e76a35fcc9b0,delivered,2017-12-03 20:13:13,2017-12-03 20:25:27,2017-12-07 20:58:28,2017-12-17 11:48:46,2017-12-27,59.9,11.92,1,1,71.82,1,1,5.0,1.0,4f7cb249dc169b729d2fdaa264d1ed43,16050,aracatuba,SP,13.6496875,23.157488425925926,0,71.82
b69321fb7d3000994c5a2b55c4f3cb01,40260703a69455806051f4b6609ed08b,delivered,2017-12-03 20:14:21,2017-12-03 20:24:40,2017-12-06 13:53:06,2017-12-14 20:22:50,2017-12-27,94.99000000000001,24.53,2,2,119.52000000000001,1,2,3.0,1.0,19f8fcd23ed70e29220a6a2f13ecd911,1517,sao paulo,SP,11.005891203703703,23.156701388888887,0,119.52000000000001
b78ff92837a4593dbc8ed0e5f7ce3e16,7b499c7dbd0d6d1cc3c4bee26de8821c,delivered,2017-12-03 20:22:47,2017-12-03 20:33:23,2017-12-06 15:51:45,2017-12-22 22:49:08,2017-12-27,139.9,15.74,1,1,155.64,2,1,2.0,1.0,e25a9027ddebe5298cdf1d4432211e9d,22710,rio de janeiro,RJ,19.101631944444446,23.150844907407407,0,155.64000000000001
e5d48f5d3719ee190629a850e362dc57,1670832aa0263adfa1337adf89530561,delivered,2017-12-03 20:22:53,2017-12-03 20:31:44,2017-12-04 21:43:16,2017-12-11 22:47:16,2017-12-20,39.99,8.72,1,1,48.71,1,1,4.0,1.0,441e8f48725c241d92e07ef7d7cabe68,13106,campinas,SP,8.100266203703704,16.15077546296296,0,48.71
bc8e669b7c085a9d09f9c2b94c7693ab,0f0f0c6250a06ed825b57b8233a2bb3d,delivered,2017-12-03 20:22:55,2017-12-03 20:32:21,2017-12-07 23:51:40,2017-12-13 17:18:43,2017-12-27,144.9,12.51,1,1,157.41,7,1,1.0,1.0,ab18da8fc2ed1a43bb7034a71fcb4f7e,12515,guaratingueta,SP,9.872083333333334,23.150752314814813,0,157.41
87993df58718ae05426e9b6fb1d838ab,8629a8c975e17a82b2c4b4d5842f77a6,delivered,2017-12-03 20:24:03,2017-12-03 20:31:44,2017-12-04 19:52:00,2017-12-18 11:48:41,2018-01-04,218.0,50.62,2,1,268.62,1,1,3.0,1.0,df995347fba825851392d8f597fbb7f5,88037,florianopolis,SC,14.642106481481482,31.149965277777778,0,268.62
3335f13449d5b75804a0a49611cf11a4,905c64238c028ba8ea9cbe01d51d38b9,delivered,2017-12-03 20:25:24,2017-12-03 20:32:21,2017-12-06 20:12:28,2017-12-21 22:51:20,2018-01-05,40.0,17.6,1,1,57.6,1,1,5.0,1.0,190865db43b4d2a34a1d72df724d1622,98700,ijui,RS,18.10134259259259,32.149027777777775,0,57.6
1e0902a76612d4d2268202f4f00e11d3,8632d99a5b08ab663e6fd273104fcaf1,delivered,2017-12-03 20:33:02,2017-12-05 04:17:34,2017-12-05 21:38:37,2017-12-13 12:13:55,2018-01-02,49.98,30.2,2,1,80.18,1,1,5.0,1.0,c9613f76304e66123dccd18a92224508,36815,fervedouro,MG,9.653391203703704,29.143726851851852,0,80.17999999999999
4035b52134bcb1bdaf305b4671495372,c590510c46287c15188b2263bd0bdc1c,delivered,2017-12-03 20:37:09,2017-12-03 20:55:19,2017-12-05 20:48:48,2017-12-13 20:09:37,2017-12-26,85.99,11.81,1,1,97.8,9,1,1.0,1.0,2dcbfb99d95c7ba6eb992a98627f45b8,4890,sao paulo,SP,9.98087962962963,22.140868055555554,0,97.8
d809c236053cf2dc908107360b97302e,d08010b90306a39765dc8ea6b95c7d0f,delivered,2017-12-03 20:37:29,2017-12-03 20:55:16,2017-12-04 18:51:24,2017-12-11 20:13:30,2017-12-29,25.9,15.1,1,1,41.0,1,1,5.0,1.0,7d2829c2222be0a081bcf2d4d3d540a5,93037,sao leopoldo,RS,7.983344907407408,25.140636574074072,0,41.0
a9b6d8e262a7af70b343cb113509e489,7110ad84c08dbbcd73eb4164e2eb988d,delivered,2017-12-03 20:44:47,2017-12-03 20:57:25,2017-12-06 19:24:58,2017-12-11 23:12:29,2018-01-02,79.9,13.58,1,1,93.48,2,1,5.0,1.0,122069fca3311a187c778eb5c822b43c,9760,sao bernardo do campo,SP,8.102569444444445,29.135567129629628,0,93.48
fa0705d5bfc72c07badff6fcffd697f6,8355182f364d22c4bb1ed8e4e82f8f1a,delivered,2017-12-03 20:47:24,2017-12-03 20:59:27,2017-12-14 22:15:25,2018-01-03 21:53:23,2018-01-04,86.99,17.86,1,1,104.85,1,1,2.0,1.0,5ce16b5c909e3bd61678e3a40c7880dd,83326,pinhais,PR,31.04582175925926,31.13375,0,104.85
b4e381786201d38ab725a174f011ddb2,50458ca4ea9153ae810e6ba5e8dd6617,delivered,2017-12-03 20:47:25,2017-12-03 20:57:22,2017-12-05 00:17:42,2017-12-05 15:23:51,2017-12-20,79.9,9.37,1,1,89.27,1,1,5.0,1.0,cea8176c58f141bd320f9a03bfc69a5a,2735,sao paulo,SP,1.775300925925926,16.133738425925927,0,89.27000000000001
f51339f4db08f6b1db5913caa8ef5821,4602d8103c4ad3778d251d5324c07fd2,delivered,2017-12-03 20:49:03,2017-12-03 20:56:18,2017-12-05 00:26:08,2017-12-15 18:19:01,2018-01-02,119.8,19.38,1,1,139.18,1,1,5.0,1.0,fd32b597619eb4321de3e8ed1f60c07a,60520,fortaleza,CE,11.895810185185185,29.132604166666667,0,139.18
adad66be45caa015d25e03ed17610197,570a608aee1a7a807a1cad82ee9ba9ad,delivered,2017-12-03 21:03:58,2017-12-05 10:30:54,2017-12-04 22:53:02,2017-12-10 11:56:50,2017-12-27,139.9,14.0,1,1,153.9,1,1,1.0,1.0,d6aa8d4d3cfc3b6e0e5eca602c9bbbc4,35420,mariana,MG,6.620046296296296,23.122245370370372,0,153.9
21ae9d6a114e6bf02be6b59e300b74bd,2902c21eef06f2af20f03c6ab0a2c263,delivered,2017-12-03 21:09:16,2017-12-03 22:32:14,2017-12-04 20:52:57,2017-12-07 15:58:43,2017-12-20,139.9,10.39,1,1,150.29,1,1,5.0,1.0,011702c19fd5dec0000a8dbbb5b98809,89224,joinville,SC,3.784340277777778,16.118564814814814,0,150.29000000000002
d3074ed095ad4d03c5f6c3573a25fca0,183ba8d595cb64e77a1ad793bd3d0455,delivered,2017-12-03 21:09:42,2017-12-03 21:31:06,2017-12-04 21:33:06,2017-12-07 17:00:16,2017-12-28,104.97,49.800000000000004,3,1,154.77,7,1,1.0,1.0,cc70d5aa7dd1a57edcac67386095531e,82620,curitiba,PR,3.8267824074074075,24.11826388888889,0,154.77
f989bc93bc7ab91d093d2307f9cd98f3,d42bef6fd6d62c26e60f1509137b1944,delivered,2017-12-03 21:10:24,2017-12-03 21:31:06,2017-12-06 20:26:59,2017-12-21 21:18:28,2018-01-02,129.0,18.15,1,1,147.15,3,1,5.0,1.0,3fe8b1731df7e23549702e13262d1e45,28030,campos dos goytacazes,RJ,18.005601851851853,29.11777777777778,0,147.15
605b7b4cb3154a3b313acb10f1f0f6cd,f10bbdc89537115c957937dd50a20ca7,delivered,2017-12-03 21:11:45,2017-12-03 21:31:06,2017-12-07 14:52:16,2017-12-20 14:17:11,2017-12-29,20.3,15.1,1,1,35.4,3,1,5.0,1.0,3a3e48040eada9f191d9cf503c167f9c,71810,brasilia,DF,16.71210648148148,25.11684027777778,0,35.4
8bf34e270470d172db01882f498e9162,19ca718ca118d6c21c6b86e62cb17e38,delivered,2017-12-03 21:15:23,2017-12-05 04:12:21,2017-12-07 22:57:03,2018-01-05 13:05:46,2018-01-02,40.0,15.1,1,1,55.1,1,1,1.0,1.0,26d3ee07c142ba376bcf0a0d6ccb4a28,38900,bambui,MG,32.659988425925924,29.11431712962963,1,55.1
781e1ca4fa47961d2d8aaa899b3844a9,e443a16cb8c9de00c7fe871c07c722da,delivered,2017-12-03 21:19:05,2017-12-05 10:30:56,2017-12-05 15:23:22,2017-12-29 18:18:35,2018-01-02,14.6,17.63,1,1,32.23,1,1,3.0,1.0,62571cfc1e7bc956d34304b50e67167c,60743,fortaleza,CE,25.87465277777778,29.111747685185186,0,32.23
b1399bbf348818a01b01e16f166f660a,bc653fc2b72cb987f615a7694cd84c6a,delivered,2017-12-03 21:27:18,2017-12-03 22:32:13,2017-12-04 20:19:29,2018-01-09 19:46:24,2017-12-29,29.9,15.79,1,1,45.69,1,1,1.0,1.0,823bb2a171fa5c2e6cb24b45c8bcd896,22750,rio de janeiro,RJ,36.92993055555556,25.106041666666666,1,45.69
3751a8bfb64bf6096a8a42a76e4d9aaf,7f5b6e40d5841fd94b631f19329286cf,delivered,2017-12-03 21:28:34,2017-12-03 22:07:51,2017-12-06 21:27:41,2017-12-20 19:43:42,2017-12-28,189.9,18.61,1,1,208.51,6,1,2.0,1.0,18c01352bd105d5d0e6346ef5f52a56f,22271,rio de janeiro,RJ,16.927175925925926,24.105162037037037,0,208.51
4a6f650f54a036cc750d33bfd57269c4,c03a0f96387198c66916e4ff2922e57a,delivered,2017-12-03 21:31:03,2017-12-03 22:58:09,2017-12-06 14:59:04,2017-12-07 20:44:57,2017-12-20,28.9,9.09,1,1,37.99,1,1,5.0,1.0,05235d1ffbd134eb43c951e1fb34cdd5,74823,goiania,GO,3.967986111111111,16.1034375,0,37.989999999999995
680179732742008e49abbe7724279a81,1ad7f1b0c7aa25ae1cb06b495a2cd867,delivered,2017-12-03 21:31:23,2017-12-03 23:31:35,2017-12-07 12:24:28,2017-12-14 20:56:53,2017-12-27,399.0,62.94,1,1,461.94,9,1,4.0,1.0,0df55f5accedda71bda8f4c7f590951f,14270,santa rosa de viterbo,SP,10.976041666666667,23.10320601851852,0,461.94
e37dabbc051a3f58d73581522f7eef81,3e661a73488109b0bc5c9e71427d9939,delivered,2017-12-03 21:32:13,2017-12-03 22:58:08,2017-12-05 00:14:31,2017-12-13 13:55:09,2017-12-28,79.9,16.32,1,1,96.22,1,1,5.0,1.0,ed54434e600602d26905e55f0cc61a50,38022,uberaba,MG,9.682592592592593,24.102627314814814,0,96.22
2e97c9670a0854380fe1b37038d5799c,d307d19c3dadc0ff29b784a11264c30e,delivered,2017-12-03 21:35:37,2017-12-03 22:58:10,2017-12-07 19:07:16,2017-12-16 00:42:30,2018-01-02,39.99,15.79,1,1,55.78,1,1,1.0,1.0,70b45971e359eeb2aa33ade847a690ff,40340,salvador,BA,12.129780092592593,29.100266203703704,0,55.78
deb46eedbf903626782bcc806f26df87,ae50974f7ba184e72f70876f964fc6a8,delivered,2017-12-03 21:38:37,2017-12-04 18:30:43,2017-12-06 01:36:43,2018-01-17 16:39:18,2018-01-04,58.9,26.55,1,1,85.45,1,1,2.0,1.0,cc66d686646ac0bc13da9ef43a8525de,60541,fortaleza,CE,44.79214120370371,31.09818287037037,1,85.45
465ef1a4ae46fb48aa8645dd2b755a54,2181c158dfd236e9c1854c05f1bd6fae,delivered,2017-12-03 21:39:07,2017-12-03 22:07:47,2017-12-05 23:48:38,2018-01-13 22:52:18,2018-01-05,84.99,19.13,1,1,104.12,4,1,2.0,1.0,97ca81e1f4a9fb8be9fd0ce72f0e52d5,52070,recife,PE,41.05082175925926,32.09783564814815,1,104.11999999999999
35e848019d8ceb908dc3729407016572,53cde9f80e712a986103679352129e29,delivered,2017-12-03 21:41:56,2017-12-03 22:07:51,2017-12-06 21:27:40,2017-12-28 12:57:56,2018-01-18,569.7,105.39000000000001,3,1,675.09,6,1,4.0,1.0,9db8efc345bb3ff630987b7832217621,68390,ourilandia do norte,PA,24.636111111111113,45.09587962962963,0,675.09
22ec9f0669f784db00fa86d035cf8602,d0d7086dea6fcf42b9b690b9f3745c58,delivered,2017-12-03 21:45:23,2017-12-03 22:08:00,2017-12-07 19:17:29,2017-12-08 17:19:00,2017-12-20,199.99,9.77,1,1,209.76,1,1,5.0,1.0,597cbb334f18a671472f7e16648228b4,22793,rio de janeiro,RJ,4.815011574074074,16.093483796296297,0,209.76000000000002
99564fb7290396571ca59529ad9e71f3,a407bb03f91e9417a3b25ac7bfa0d3e6,delivered,2017-12-03 21:54:29,2017-12-05 04:11:56,2017-12-05 18:59:13,2017-12-09 18:09:03,2017-12-27,89.9,13.65,1,1,103.55,1,1,5.0,1.0,3310988a92663b1bb728e6764cb1723f,15808,catanduva,SP,5.843449074074074,23.08716435185185,0,103.55000000000001
2a23142a41112f238b8a14f9ef3082a7,feb89afad4115a3d743926b10ceeff3e,delivered,2017-12-03 22:00:22,2017-12-05 04:11:50,2017-12-05 22:57:10,2017-12-11 18:24:39,2017-12-28,100.0,12.83,1,1,112.83,1,1,5.0,1.0,51a6fa216e701367e7f7ebef7ca4daf3,38061,uberaba,MG,7.850196759259259,24.083078703703702,0,112.83
7e3edae700f739b8c77e2d1386148b8b,be86fa74e11a379921b351e57ea71f13,delivered,2017-12-03 22:07:44,2017-12-03 23:15:45,2017-12-08 18:19:09,2017-12-26 19:30:03,2017-12-28,39.5,15.1,1,1,54.6,1,1,4.0,1.0,5275b2f97b9c995d3d05a58610c0bb67,22620,rio de janeiro,RJ,22.890497685185185,24.077962962962964,0,54.6
dd3f3e7d9dd0bc094ef6741a6255fd6e,d4673d428a33789705f5a5435273f6de,delivered,2017-12-03 22:09:23,2017-12-03 23:31:27,2017-12-05 20:09:57,2017-12-07 16:32:50,2017-12-27,19.9,11.85,1,1,31.75,3,1,5.0,1.0,574f64be1db70c360fbf347751d344aa,5687,sao paulo,SP,3.766284722222222,23.076817129629628,0,31.75
0cc4a0e7b03976348e97bf0721a96376,aab107994b53982ce98d1b528a33fbdf,delivered,2017-12-03 22:24:30,2017-12-05 04:13:22,2017-12-07 13:42:25,2017-12-22 15:36:32,2018-01-09,219.9,18.79,1,1,238.69,1,1,5.0,1.0,743afbc068980db1534b9b1d01d80043,95032,caxias do sul,RS,18.716689814814814,36.066319444444446,0,238.69
09fa09eaa76c4a81cfed79f5d5eb6cf0,5727a6a9809a24aab98ff74360a25702,delivered,2017-12-03 22:28:45,2017-12-03 23:15:26,2017-12-06 00:48:45,2017-12-20 21:23:35,2017-12-28,179.99,21.17,1,1,201.16,10,1,5.0,1.0,1178acd60cf0f07b3ae8dd8836f7a6f2,15056,sao jose do rio preto,SP,16.95474537037037,24.063368055555557,0,201.16000000000003
dc1d4e2b9af5645e618701858d969be6,0f81cce09dff7e08e90cdf1bfe6b14ca,delivered,2017-12-03 22:32:06,2017-12-05 04:11:47,2017-12-08 10:03:49,2017-12-14 20:23:50,2018-01-03,119.39,15.59,1,1,134.98,1,1,4.0,1.0,5180412888dec738b7c26540a69f64b0,86020,londrina,PR,10.910925925925927,30.061041666666668,0,134.98
b1efe5ab6f4610dc50fd9e55e4269b58,a8358cb0d9cfc5497bc084dd0adefda3,delivered,2017-12-03 22:50:40,2017-12-03 23:31:23,2017-12-05 09:05:05,2017-12-17 11:37:15,2018-01-05,29.5,35.67,1,1,65.17,1,1,4.0,1.0,6ae69697335279530fcccf75cfe38726,40285,salvador,BA,13.532349537037037,32.04814814814815,0,65.17
6da21e87575fbed74117b812e9c31923,17283402d5531dc5425584148e479e22,delivered,2017-12-03 22:52:28,2017-12-05 04:13:48,2017-12-11 17:19:06,2017-12-29 21:18:42,2018-01-04,70.97,17.75,1,1,88.72,1,1,4.0,1.0,0fc53a0b4ce1b947356ebd10ed16e145,36280,carandai,MG,25.93488425925926,31.04689814814815,0,88.72
0e6cacd64f68d4bc8b0cd488367ac297,dade98c46f47b797913babfbda567f24,delivered,2017-12-03 22:53:14,2017-12-03 23:30:58,2017-12-04 18:12:19,2017-12-13 01:13:03,2018-01-02,49.0,17.6,1,1,66.6,5,1,5.0,1.0,e1b59a2032b34097d0c1c8d320f40832,30150,belo horizonte,MG,9.097094907407408,29.04636574074074,0,66.6
d34cb15391da3995afd6d1f62251f34a,e81d44092ef22351b83a2e3c61f6d8a2,delivered,2017-12-03 22:54:27,2017-12-05 04:19:41,2017-12-05 21:47:10,2017-12-09 13:54:44,2017-12-20,51.8,11.73,1,1,63.53,1,1,5.0,1.0,9537b4bff0d3993633260266d558266f,2042,sao paulo,SP,5.625196759259259,16.045520833333335,0,63.53
62628ad72362122adab99bbe834e0d25,2194b4c1bf6a6a4c1990166e6250dcd7,delivered,2017-12-03 22:57:35,2017-12-05 04:11:57,2017-12-06 23:27:01,2018-01-04 22:37:57,2018-01-10,84.99,16.35,1,1,101.34,1,1,5.0,1.0,92d8f7633d6158e943162133382f189a,98400,frederico westphalen,RS,31.98636574074074,37.04334490740741,0,101.34
a43036834338e7cf3242e7c2a47dec7b,065e7c1d44ef05198ae2fd617bdfa533,delivered,2017-12-03 22:58:18,2017-12-03 23:15:17,2017-12-04 18:13:32,2017-12-11 19:19:05,2018-01-02,55.0,17.67,1,1,72.67,5,1,4.0,1.0,69f77a5c95274b457961a385dad5edd0,22775,rio de janeiro,RJ,7.847766203703704,29.04284722222222,0,72.67
510d5ab9d1299666e8dadb24d137209d,8ea0f24dde338f421c9526331050927e,delivered,2017-12-03 22:58:28,2017-12-05 22:53:30,2017-12-07 16:21:36,2017-12-11 16:49:52,2017-12-27,130.0,13.93,1,1,143.93,3,1,3.0,1.0,0a3181fec8b18045f33c46ab39d32318,35540,oliveira,MG,7.744027777777778,23.042731481481482,0,143.93
d2d7ef38eafc96d5a7088deedc968dfa,ce4b6f490e28e39f94d2854c5ec7126d,delivered,2017-12-03 22:58:41,2017-12-03 23:15:18,2017-12-06 21:23:21,2017-12-12 22:24:32,2018-01-02,129.0,18.15,1,1,147.15,5,1,5.0,1.0,7b7b383a9ec879dda38605bcbb81ad45,20070,rio de janeiro,RJ,8.976284722222223,29.04258101851852,0,147.15
f6134169ca6f0cdfbe6458ebb5731613,cbfdcc896d6ebc83c21fdcf4f4762efc,delivered,2017-12-03 22:59:16,2017-12-05 04:12:17,2017-12-08 16:39:02,2017-12-18 14:35:21,2018-01-04,79.0,17.8,1,1,96.8,1,1,5.0,1.0,569a748bfeacf47255516a9956035c02,89066,blumenau,SC,14.65005787037037,31.042175925925925,0,96.8
697789906708747b503c167370b963dd,d1213f3e5dd3d2e2b1be8f0186c7d6f0,delivered,2017-12-03 22:59:45,2017-12-03 23:31:16,2017-12-04 20:48:43,2017-12-14 22:56:56,2018-01-04,25.9,21.15,1,1,47.05,2,1,5.0,1.0,6b9defe99014d8a734587311bd8717e6,58052,joao pessoa,PB,10.998043981481482,31.041840277777776,0,47.05
fe20459ba8839f9d9a187ccea24bb24a,61941d2c8a513b8b5bbfacc441fd9333,delivered,2017-12-03 23:00:25,2017-12-03 23:31:27,2017-12-08 01:07:58,2017-12-27 18:04:42,2018-01-02,139.0,18.22,1,1,157.22,2,1,4.0,1.0,a62e0d6d1775ff1936a4eb52dbbedd00,19815,assis,SP,23.794641203703705,29.041377314814813,0,157.22
6291a46a5ee32a81d7af74315c37849c,1a99c03afc9d7b49e994c0ef31d0db50,delivered,2017-12-03 23:03:35,2017-12-05 04:17:44,2017-12-19 20:14:52,2017-12-21 15:43:13,2017-12-27,86.99,13.63,1,1,100.62,1,1,5.0,1.0,a89625469144c9aa4be0f056e99ce449,13412,piracicaba,SP,17.694189814814816,23.03917824074074,0,100.61999999999999
5dedda64af4ddc15c731da483184f324,423259ded99a71af3c276d1910892e7a,delivered,2017-12-03 23:03:38,2017-12-03 23:31:27,2017-12-12 00:43:17,2017-12-13 21:32:31,2017-12-20,89.9,11.83,1,1,101.73,5,1,3.0,1.0,a74e92bda70cbc8b4722c5c8efd08528,11432,guaruja,SP,9.936724537037037,16.039143518518518,0,101.73
590e553dbe26e3d9c4b68e521b9b2510,ff435cc65cd916dc80ccdb0d1dba39f1,delivered,2017-12-03 23:06:10,2017-12-03 23:31:27,2017-12-06 00:33:34,2017-12-21 23:16:59,2017-12-29,22.89,15.1,1,1,37.99,3,1,5.0,1.0,71f7b44cc23f9a6e1bc43d422652d8ac,26215,nova iguacu,RJ,18.007511574074073,25.03738425925926,0,37.99
d0d830a8144f1cb10439b520ea3327cb,8a989db13a6d398c48444402df893c08,delivered,2017-12-03 23:07:16,2017-12-03 23:31:38,2017-12-06 00:19:04,2017-12-11 19:43:28,2018-01-04,53.99,15.13,1,1,69.12,3,1,5.0,1.0,cad0b5d8a75081b5002037533074faec,83880,rio negro,PR,7.858472222222222,31.036620370370372,0,69.12
4a34ebaf9dad918de4b5201d02bd7289,00c120d7afbe4803d4771a8f3696ec85,delivered,2017-12-03 23:08:06,2017-12-03 23:31:35,2017-12-04 19:53:50,2017-12-07 00:41:14,2017-12-20,140.0,25.5,1,1,165.5,6,1,2.0,1.0,859a9b67726d9c9306eb28b8938c59a0,1507,sao paulo,SP,3.064675925925926,16.036041666666666,0,165.5
033cf810fd3523203bbbf2ff579a7a4c,108baa424c2526d8f34a01a2a16004fa,delivered,2017-12-03 23:13:23,2017-12-03 23:31:38,2017-12-07 00:22:35,2017-12-11 20:43:35,2017-12-20,27.3,8.11,1,1,35.41,1,1,5.0,1.0,194a47bc9dd220ae9e221d44aced5fab,9710,sao bernardo do campo,SP,7.895972222222222,16.032372685185184,0,35.41
9c3ac80bb91312f5c23ffc1097c4ba7d,ce57d3c9775ce4934c368865113e94a7,delivered,2017-12-03 23:14:29,2017-12-04 00:21:34,2017-12-04 20:23:33,2017-12-08 21:56:49,2017-12-20,9.99,7.78,1,1,17.77,1,1,5.0,1.0,caa3d56b7a6777daaa2793053bdf2309,9920,diadema,SP,4.9460648148148145,16.031608796296297,0,17.77
be8b50c8a24a137dbed81d6c202e8d64,70c7804a7d4f3611fa109b8034298c10,delivered,2017-12-03 23:17:00,2017-12-03 23:31:38,2017-12-15 15:41:43,2017-12-26 16:49:02,2018-01-10,307.96,99.4,4,1,407.36,10,1,5.0,1.0,5b1c8840f193d447fa06ec6cfba429ec,12820,areias,SP,22.730578703703703,37.02986111111111,0,407.36
a48183f8e066f2c15072a58ff763cccb,0f8de29544ff9f26453be9d5b3f730fa,delivered,2017-12-03 23:21:05,2017-12-03 23:33:26,2017-12-04 21:23:04,2017-12-20 23:52:51,2018-01-09,39.99,17.63,1,1,57.62,1,1,5.0,1.0,4b45c0581c1dc03a0b63fb3aa98e1c4b,66095,belem,PA,17.022060185185186,36.02702546296296,0,57.620000000000005
b061c1796cd341f652a36bdd8a5aedcf,3ada6c72db8b9159deef90a02a023066,delivered,2017-12-03 23:27:02,2017-12-05 04:12:04,2017-12-05 21:58:45,2017-12-07 18:23:06,2017-12-20,69.9,9.27,1,1,79.17,1,1,5.0,1.0,4d949a3cf3e577f2f2e373e8fcc7795d,13023,campinas,SP,3.7889351851851854,16.02289351851852,0,79.17
a809c12014a1497839f797359c3f6d3e,914bc54a99e04ce218bc7ba0c40caa8e,delivered,2017-12-03 23:34:19,2017-12-03 23:54:01,2017-12-04 19:13:04,2018-01-09 01:05:59,2018-01-05,149.9,26.33,1,1,176.23,3,1,4.0,1.0,31d5927e37d3926c32fb963d4bf6f11a,91751,porto alegre,RS,36.063657407407405,32.01783564814815,1,176.23000000000002
5adcb18c1456b44c8c96e0540ea9b9df,f8cf50e24d75a7eade3ea68116320282,delivered,2017-12-03 23:39:27,2017-12-03 23:54:08,2017-12-04 20:19:28,2017-12-13 23:29:03,2018-01-04,79.9,18.13,1,1,98.03,1,1,3.0,1.0,f13ef71b21488755e099960d6d8a0fe4,37200,lavras,MG,9.992777777777778,31.014270833333335,0,98.03
8cc98854c500c9bea08c5f4be4a4c28f,75957e6d636be2b5f5a6d30c3f19ac5f,delivered,2017-12-03 23:49:53,2017-12-04 00:01:35,2017-12-04 22:06:58,2017-12-08 00:19:03,2017-12-27,51.6,12.7,1,1,64.3,2,1,5.0,1.0,eb0f4c15143a2b3b219816aa0431b57d,5123,sao paulo,SP,4.02025462962963,23.007025462962964,0,64.3
e22ffd32ea0c410c250cb735498b60e0,7bba27b49f066cf993f93f83e232546f,delivered,2017-12-03 23:50:26,2017-12-04 00:02:29,2017-12-07 21:12:35,2017-12-11 12:58:59,2017-12-20,144.8,16.25,2,1,161.05,1,1,5.0,1.0,07b3f25ebe35cc57bb89eada6a231b7d,30441,belo horizonte,MG,7.547604166666667,16.00664351851852,0,161.05
e2fbbd87fea5a8b236b00e5b274b143d,f84a84e29c14ad446d76a1efbd7d6464,delivered,2017-12-03 23:51:12,2017-12-04 00:50:07,2017-12-14 19:46:36,2018-01-03 12:53:05,2018-01-10,196.99,59.93,1,1,256.92,10,1,1.0,1.0,48ef479eb56aecc89cc41f60756007ea,21380,rio de janeiro,RJ,30.542974537037036,37.00611111111111,0,256.92
5c69ba235cf7367ca4d4c38d8492ffc3,8e0d53f24ac9d60553a339b27c9276e2,delivered,2017-12-03 23:51:39,2017-12-04 00:01:26,2017-12-04 22:39:55,2017-12-06 19:51:51,2017-12-20,16.9,7.78,1,1,24.68,1,1,5.0,1.0,d512efe00e46778d7e90609664c6fd92,5323,sao paulo,SP,2.8334722222222224,16.00579861111111,0,24.68
3bb17a1322700272d8886d9d5e174bd8,95e70e201e5f27dacc75e726e86f85a4,delivered,2017-12-03 23:57:30,2017-12-05 23:56:57,2017-12-06 21:27:14,2017-12-09 15:03:57,2017-12-27,495.0,15.72,1,1,510.72,3,1,5.0,1.0,59a61650c717d5acdfed0912e5a6e96c,88101,sao jose,SC,5.629479166666667,23.00173611111111,0,510.72
108d1dab6908b5fcb9c922549a9c2265,e8fbd74f42c4e548ab08885971cceaff,delivered,2017-12-04 00:00:35,2017-12-05 21:58:51,2017-12-13 22:32:39,2018-01-10 18:10:45,2018-01-04,189.99,41.77,1,1,231.76,10,1,1.0,1.0,a7f8b23aaf522616c6c7daa2a3753247,58045,joao pessoa,PB,37.75706018518518,30.999594907407406,1,231.76000000000002
7c9b23cecbb5797db15c8a34ef95616d,2d166c1a9716cb46b3c4f7362681709e,delivered,2017-12-04 00:06:23,2017-12-05 04:11:58,2017-12-12 21:57:07,2017-12-29 21:27:04,2018-01-10,79.0,16.99,1,1,95.99,1,1,1.0,1.0,cea385414332dd1cdf3aae45bfa66e94,36025,juiz de fora,MG,25.889363425925925,36.99556712962963,0,95.99
6e7e6eaf0039ee7fee0886266ab15e3c,1538b69956aff493fda40edb1e6cbd45,delivered,2017-12-04 00:12:06,2017-12-04 00:19:24,2017-12-04 17:53:04,2017-12-26 17:16:02,2018-01-02,119.9,18.09,1,1,137.99,1,1,5.0,1.0,59bd7b23013a81a32a1bead8996fa08b,79032,campo grande,MS,22.711064814814815,28.99159722222222,0,137.99
ce8f27da5f6a86e0fc4f1846c0740a29,94ae1db4210886b1959b7a4852d08670,delivered,2017-12-04 00:12:37,2017-12-04 00:34:57,2017-12-08 21:37:16,2017-12-12 20:18:31,2017-12-20,503.34,25.53,1,1,528.87,10,1,4.0,1.0,306caff15c15aaf471f6d3ecd4c3d5c9,4766,sao paulo,SP,8.837430555555555,15.991238425925927,0,528.87
8335800095520f0d31f7e19c08c135b3,18da0750bf5bb2807da88223aaf6117f,delivered,2017-12-04 00:27:48,2017-12-04 00:35:04,2017-12-05 14:22:55,2017-12-06 20:24:59,2017-12-20,143.8,16.71,1,1,160.51,3,1,5.0,1.0,c9a4840a344c95379a7250c3ae869612,11432,guaruja,SP,2.831377314814815,15.980694444444444,0,160.51000000000002
bbd97f9114997dcfec26eb9dc1a7458c,f6a1284f1aa8ca305c294ba85fe71d05,delivered,2017-12-04 00:59:05,2017-12-04 01:15:28,2017-12-07 23:34:20,2017-12-12 19:27:57,2018-01-03,11.35,15.1,1,1,26.45,1,1,5.0,1.0,90b6f2b3714ba160278eb45afafdc8ba,96506,cachoeira do sul,RS,8.770046296296297,29.958969907407408,0,26.45
0e3077db347b6985225369e7fb0b8120,fde5bdd75d893cc0e6a3ba63529ca124,delivered,2017-12-04 01:04:24,2017-12-05 04:11:56,2017-12-06 18:35:45,2017-12-07 16:49:05,2018-01-05,49.9,8.72,1,1,58.62,1,1,3.0,1.0,7da3054afe371affc14d26cc2cc04358,3574,sao paulo,SP,3.6560300925925926,31.955277777777777,0,58.62
e08878ad70acad81d0e90f59e56ce9a6,a42c2f542fb5838777737cc684c5b4d4,delivered,2017-12-04 01:17:51,2017-12-04 01:30:27,2017-12-11 16:09:24,2017-12-12 21:06:10,2017-12-20,77.0,7.79,1,1,84.79,1,1,3.0,1.0,7e7ef2098031a8f5a9b364db74672aa1,3314,sao paulo,SP,8.825219907407407,15.9459375,0,84.79
88857d91dc3370190060f4b06041e708,5e39e3191dfd85aae4d6142570b57297,delivered,2017-12-04 01:27:58,2017-12-04 01:38:39,2017-12-07 00:04:10,2017-12-27 13:06:13,2017-12-27,169.9,15.95,1,1,185.85,10,1,4.0,1.0,4854a4d7a30249484854d182f59ba2a3,21215,rio de janeiro,RJ,23.484895833333333,22.93891203703704,1,185.85
fa584838f0f64e25b892b5e883b2c606,05690e3a455d0a0ce461ba6f50b39fba,delivered,2017-12-04 02:45:49,2017-12-04 02:53:22,2017-12-05 00:56:58,2018-01-22 16:44:17,2017-12-29,53.0,16.13,1,1,69.13,1,1,1.0,1.0,236dacbc1f324d6a99fb16c7a7fa22cd,27350,barra mansa,RJ,49.58226851851852,24.884849537037038,1,69.13
1d3915eb86fd868b7ec0e99e6f4e944a,ce85052e7c8d0ba011f6572ec235f41c,delivered,2017-12-04 07:03:40,2017-12-04 19:30:47,2017-12-05 21:53:07,2017-12-08 22:28:48,2017-12-20,55.0,7.78,1,1,62.78,1,1,5.0,1.0,f8827308fc403969f4a569555fe63f71,3511,sao paulo,SP,4.642453703703704,15.705787037037037,0,62.78
049446a8732fca98a50e6767bb58bd49,2a87d659cbeda27d3a87ab195bd44a9d,delivered,2017-12-04 07:15:00,2017-12-06 02:50:19,2017-12-07 15:47:13,2017-12-26 19:06:56,2018-01-03,49.9,16.11,1,1,66.01,1,1,5.0,1.0,430b92c52cbc9a7c35869fff3042f1ec,12221,sao jose dos campos,SP,22.494398148148147,29.697916666666668,0,66.00999999999999
685560f41db4ede51af9319e0def06f1,05eaca22fc4bcd48f6c916e294a89421,delivered,2017-12-04 07:40:01,2017-12-04 07:54:41,2017-12-05 23:26:57,2017-12-11 18:37:02,2018-01-04,30.21,17.6,1,1,47.81,3,1,5.0,1.0,ede05169568ca326a88ef980420cf014,38610,unai,MG,7.456261574074074,30.68054398148148,0,47.81
c1366ef2cc8c78ce5497795b5c792431,714b4d2f0cde4bae597759c5fb41d161,delivered,2017-12-04 07:42:54,2017-12-05 04:12:09,2017-12-07 18:13:09,2017-12-08 15:53:17,2017-12-20,27.99,13.08,1,1,41.07,1,1,5.0,1.0,e7951b7450c6a8de718d0fe80a063b4a,5756,sao paulo,SP,4.340543981481481,15.678541666666666,0,41.07
813a6507f352e877ba58291463df42a7,3933c4433fb20dd22767844f7b3106f8,delivered,2017-12-04 07:44:33,2017-12-04 07:54:49,2017-12-14 21:45:56,2017-12-23 17:55:44,2018-01-04,114.99,18.52,1,1,133.51,2,1,4.0,1.0,b0e3d1ada829139f6aa648d53831b2e7,6140,osasco,SP,19.42443287037037,30.677395833333332,0,133.51
ea10db65e0559d69b56effcfed6a41c1,2c3bd36048f62f4a89633435b5e2a094,delivered,2017-12-04 08:24:13,2017-12-06 02:35:46,2017-12-06 21:48:57,2017-12-18 15:52:52,2017-12-28,119.9,23.16,1,1,143.06,1,1,5.0,1.0,eb6498bc3ebfad8980c0e5a34a996a46,6786,taboao da serra,SP,14.3115625,23.64984953703704,0,143.06
c2b88e285b675e490d60c733f34c3d7f,b7f5ae711454e069867c611d0079b090,delivered,2017-12-04 08:32:07,2017-12-04 09:16:47,2017-12-05 22:22:46,2017-12-21 16:17:16,2017-12-28,53.99,12.72,1,1,66.71,4,1,5.0,1.0,a10ffe9b02bf8f42943187b0172a3d4b,11721,praia grande,SP,17.323020833333334,23.644363425925928,0,66.71000000000001
9857f54859b9fdd422603774883d90ae,00b78d0d0484fc9f3e1138e1ab752db6,delivered,2017-12-04 08:36:15,2017-12-04 09:16:50,2017-12-08 01:12:43,2017-12-12 13:59:15,2017-12-29,199.9,12.9,1,1,212.8,4,1,5.0,1.0,6d9c0dc8d49cf9b9ff824bf1b0f79b4a,15990,matao,SP,8.224305555555556,24.641493055555557,0,212.8
6a2b3feee73111d5aa745d2f48878d01,d21e4f4e60cb5116eb6ab277164b099e,delivered,2017-12-04 08:49:00,2017-12-04 09:16:51,2017-12-04 17:58:08,2017-12-06 00:24:37,2017-12-21,20.0,7.78,1,1,27.78,1,1,5.0,1.0,6fb12d5f2224cb1ecae937796768129a,6807,embu das artes,SP,1.6497337962962964,16.632638888888888,0,27.78
f7756b6831d1f8e9ffdd15a08942cd56,c90005ee8bf3ab38f851a33a51de49ce,delivered,2017-12-04 08:51:33,2017-12-06 02:49:59,2017-12-07 13:22:53,2017-12-27 20:32:34,2018-01-04,299.0,16.84,1,1,315.84,1,1,5.0,1.0,a1b32898e643753859daf101e6fbd811,29620,itarana,ES,23.486817129629628,30.630868055555556,0,315.84
04ffb64e3f80d17e95e1934561c8f64a,b1d5a1a3bbde8eabda72534bdb13e41b,delivered,2017-12-04 09:06:44,2017-12-05 16:42:17,2017-12-07 19:32:51,2017-12-18 21:38:17,2018-01-02,169.9,18.44,1,1,188.34,1,1,1.0,1.0,4cb8a4fe00ae2633976700cb4fbed9bc,28460,miracema,RJ,14.521909722222222,28.620324074074073,0,188.34
a05515a2b77ea6b669bd02c1694ea20e,290a6e52e04d3e7365568e96fa48fe33,delivered,2017-12-04 09:08:22,2017-12-04 09:17:27,2017-12-05 00:41:55,2017-12-26 16:38:38,2017-12-27,38.0,11.85,1,1,49.85,3,1,4.0,1.0,eaf8b1aa185199a62be13fe370e82ad1,12712,cruzeiro,SP,22.312685185185185,22.619189814814813,0,49.85
d131625abf3dd1daa6fd04443cbc6729,69fada07e6300f17c8c5bdb778f566a2,delivered,2017-12-04 09:14:24,2017-12-06 02:49:56,2017-12-09 16:42:24,2017-12-28 22:28:20,2018-01-03,59.0,19.65,1,1,78.65,1,1,4.0,1.0,a332b2f91037ef2205e2fe0c7d9a88e9,40255,salvador,BA,24.551342592592594,29.615,0,78.65
966d900084ff48f38516ba0a9bd50cfe,42b41007d8b9166d15d2b8898e23e52d,delivered,2017-12-04 09:15:59,2017-12-05 10:30:56,2017-12-04 23:28:03,2017-12-15 00:53:24,2017-12-29,39.9,21.15,1,1,61.05,1,1,5.0,1.0,480993c197cc786a5e3722e58304de38,13044,campinas,SP,10.650983796296297,24.613900462962963,0,61.05
a4d1329847951b717f1049a774984fce,0bba96d74b097f702d796d016ea4891b,delivered,2017-12-04 09:17:35,2017-12-05 10:30:50,2017-12-06 21:39:04,2017-12-15 17:46:07,2017-12-27,120.69999999999999,37.44,3,1,158.14,3,1,5.0,1.0,9478384db2bccc092709b5b0b82f8ead,38178,pedrinopolis,MG,11.353148148148149,22.612789351851852,0,158.14
3d84b75178b37121a262cb6f3d30e6ba,76354bded57ab0e72bfe46b0a09fa2c0,delivered,2017-12-04 09:18:32,2017-12-06 02:50:06,2017-12-08 21:16:58,2017-12-19 17:56:30,2018-01-09,58.99,19.65,1,1,78.64,1,1,5.0,1.0,84962c23f676d019f5d37639270d0ea4,78290,figueiropolis d'oeste,MT,15.359699074074074,35.61212962962963,0,78.64
5b2a1612e55a77383b77e3e554e67040,961b5bfb86c1fbdb13f2b162d9fd78ec,delivered,2017-12-04 09:19:58,2017-12-05 04:15:48,2017-12-07 13:22:53,2017-12-13 15:37:25,2017-12-28,149.0,16.67,1,1,165.67,1,1,5.0,1.0,218dcc9dc815bba457bd8b2fc03c5d96,14750,pitangueiras,SP,9.262118055555556,23.61113425925926,0,165.67000000000002
e49e93b813e0ac281b65ed9e24b2a012,bdbe104fe420757c4bcddb0210c9cd58,delivered,2017-12-04 09:22:20,2017-12-04 09:34:24,2017-12-05 19:09:08,2017-12-07 15:22:32,2017-12-29,389.9,14.23,1,1,404.13,8,1,4.0,1.0,87fc466a8c130590d38914c14b6d5991,3372,sao paulo,SP,3.250138888888889,24.60949074074074,0,404.13
9583044d94d7eef1547cdcefb0c8f611,bc3d576cf17f2ee6476cb6f8d34ffb54,delivered,2017-12-04 09:27:20,2017-12-05 10:03:17,2017-12-07 22:32:35,2017-12-14 15:39:06,2018-01-10,1399.5,45.12,1,1,1444.62,1,1,1.0,1.0,3dc72442480b0d7485969ce3125d0256,35300,caratinga,MG,10.258171296296297,36.60601851851852,0,1444.62
9c23c901b928e02774ae74f0100f30ef,f12e117de2a2175d17afd805f61bbbf0,delivered,2017-12-04 09:36:32,2017-12-05 11:29:54,2017-12-06 13:52:35,2017-12-20 18:53:42,2018-01-02,379.9,19.1,1,1,399.0,5,1,5.0,1.0,2cd91d20600e5a0d39c9fa9c60528a34,24710,sao goncalo,RJ,16.386921296296297,28.59962962962963,0,399.0
7955932652dd77da3bc7f63d87502949,6cdcee40c0e4647550d48eadfe708403,delivered,2017-12-04 09:40:05,2017-12-05 11:08:39,2017-12-07 16:57:12,2017-12-26 21:14:13,2018-01-04,133.4,15.68,1,1,149.08,1,1,5.0,1.0,4a1db542e9b698e15e46ff957a6cb30e,35325,piedade de caratinga,MG,22.48203703703704,30.597164351851852,0,149.08
4e1f85dd4d12e685a7cc827f2341e25c,e65b1829e83ccd4edf454c68d6b87e65,delivered,2017-12-04 09:42:14,2017-12-05 11:29:57,2017-12-06 23:15:02,2017-12-20 12:18:33,2017-12-28,148.0,17.29,1,1,165.29,2,1,5.0,1.0,64fff06f4c29a9b360c914d96e605c44,8450,sao paulo,SP,16.10855324074074,23.595671296296295,0,165.29
430ebc81b5194447480aeaf0faf6c7a0,47d4c5b044b1b17904b1dfe28315fd4d,delivered,2017-12-04 09:44:24,2017-12-05 11:29:55,2017-12-08 16:24:56,2017-12-09 13:55:51,2017-12-20,219.99,10.55,1,1,230.54,3,1,5.0,1.0,fd9c282bd2b519ae5eaceed1c033e87f,22260,rio de janeiro,RJ,5.174618055555555,15.594166666666666,0,230.54000000000002
252a85fbb824c236e3b232f556edfc68,519579a0b1843161c9ac5cac2376caec,delivered,2017-12-04 09:47:00,2017-12-05 11:30:01,2017-12-05 21:13:43,2017-12-26 21:18:53,2017-12-27,145.0,14.76,1,1,159.76,5,1,4.0,1.0,37130c6869ec1d517e07637dff2e90e3,21745,rio de janeiro,RJ,22.480474537037036,22.59236111111111,0,159.76
973acef56bf70feefa8264d4e9f300fc,729757803bd437f7cfaf568d4769b106,delivered,2017-12-04 09:50:25,2017-12-05 11:30:00,2017-12-11 16:22:11,2018-01-03 18:17:36,2017-12-28,110.0,36.43,1,1,146.43,1,1,5.0,1.0,68023e97981fc6771c858fda37222251,13478,americana,SP,30.352210648148148,23.589988425925927,1,146.43
4dfd09fb6fb2f256416a206b44888d27,940425068929ff16971a8739200e6c9a,delivered,2017-12-04 09:50:34,2017-12-05 11:25:07,2017-12-11 20:18:07,2017-12-28 21:39:08,2017-12-29,135.0,28.33,1,1,163.33,3,1,5.0,1.0,4813129045e3a1b6cd49a062bd036c16,79840,dourados,MS,24.492060185185185,24.58988425925926,0,163.32999999999998
1a144214f8799bd9e27e84ab6d55fbbf,96f205a3bb3818698d8f49ecf41200ab,delivered,2017-12-04 09:52:39,2017-12-05 11:25:06,2017-12-06 15:54:56,2017-12-19 00:28:12,2017-12-27,72.62,15.27,1,1,87.89,4,1,5.0,1.0,c3c1ae43e55443b882b18adbfe7c371d,32606,betim,MG,14.608020833333333,22.5884375,0,87.89
13f39faa772c108e863effadedd16a06,3e95b686c13d08206b2c07b838b65372,delivered,2017-12-04 09:54:25,2017-12-05 10:03:24,2017-12-05 23:36:37,2017-12-13 20:22:28,2018-01-04,94.5,15.41,1,1,109.91,1,1,5.0,1.0,3c198b06bd7a62f3e890000982a03f79,73813,formosa,GO,9.436145833333333,30.587210648148147,0,109.91
b5d08e6b71d4af8f816daf169014c908,c3e4865228356afd7819b3ebe77332bf,delivered,2017-12-04 09:56:29,2017-12-05 10:03:30,2017-12-11 17:21:48,2017-12-30 17:08:04,2017-12-28,101.99,14.46,1,1,116.45,1,1,2.0,1.0,439624e26bc73309799fd718773bdb8a,21330,rio de janeiro,RJ,26.29971064814815,23.585775462962964,1,116.44999999999999
72de948f7d91e80fb80be59dce8f9322,b12ec60d2b2d72228b9c194764f944b0,delivered,2017-12-04 09:56:53,2017-12-05 11:25:06,2017-12-06 20:52:15,2018-01-04 20:43:30,2018-01-02,58.9,25.25,1,1,84.15,3,1,3.0,1.0,97100fd0e2931b9907dcf728a4eeb8a2,29970,pedro canario,ES,31.44903935185185,28.585497685185185,1,84.15
bba3ea9fc64e1b3a64a4c0a5dd38b005,ee0c2cfd11830d31ea22fcadfe061af5,delivered,2017-12-04 09:57:18,2017-12-06 12:52:23,2017-12-07 21:34:56,2017-12-11 20:19:11,2017-12-27,246.9,30.75,2,2,277.65,6,1,3.0,1.0,8f6e909d54c48380666fa71e01a13d3f,6416,barueri,SP,7.4318634259259255,22.585208333333334,0,277.65
228d2ded13bc7bedb8ef5d4534b48033,59b8b9769d51194d7eab64dcad63a7f9,delivered,2017-12-04 09:57:34,2017-12-05 10:03:28,2017-12-07 22:56:31,2017-12-19 02:44:57,2017-12-29,10.99,15.1,1,1,26.09,1,1,4.0,1.0,d94beb184515a2256fc8d54ba01e28e3,20551,rio de janeiro,RJ,14.699571759259259,24.58502314814815,0,26.09
2efe2442effe17b5a17637c88ac2d0d8,4df00d75c69bb49ecd3bdf6d667e4d18,delivered,2017-12-04 09:58:10,2017-12-05 11:25:09,2017-12-05 19:35:09,2017-12-07 16:22:50,2017-12-21,243.0,12.91,1,1,255.91,4,1,4.0,1.0,51f0825aa0364c01e2565658d3a492f1,9050,santo andre,SP,3.2671296296296295,16.584606481481483,0,255.91
c4f3f1fa5eadd2ee5d28be9bb77361bf,f7d7d5f594784d2844469aefcc6d53ff,delivered,2017-12-04 10:01:04,2017-12-05 11:25:04,2017-12-07 14:14:28,2017-12-13 01:18:29,2017-12-20,29.0,8.72,1,1,37.72,1,1,5.0,1.0,578f32ca5464da69fdaa21b44ca6482f,13426,piracicaba,SP,8.637094907407407,15.582592592592592,0,37.72
3a64848764705419900d8390cb2ed7cb,d6dea36a07b3602c55b6645d48473b0b,delivered,2017-12-04 10:07:57,2017-12-05 10:03:15,2017-12-08 17:33:49,2018-01-17 16:42:01,2018-01-05,109.9,20.01,1,1,129.91,1,1,,,f51fe5ffdf8591e3e2e2cd39d28b5829,28970,araruama,RJ,44.273657407407406,31.5778125,1,129.91
756a548a4e48d6c87648cfc577b08a86,fb416182d6b5de459541c674a8708107,delivered,2017-12-04 10:10:12,2017-12-05 11:23:47,2017-12-05 23:09:47,2017-12-19 21:11:35,2018-01-02,100.0,15.45,1,1,115.45,3,1,4.0,1.0,6b9144a4f711402f2a709d175c210271,15115,bady bassitt,SP,15.459293981481482,28.57625,0,115.45
a2774eabce91067c32cfb2813ac902ad,3737a929359d1e964541489e0c0e3841,delivered,2017-12-04 10:10:12,2017-12-05 11:23:46,2017-12-08 18:28:51,2017-12-13 22:11:41,2018-01-05,398.0,32.28,2,1,430.28,1,1,1.0,1.0,51b61a36c3d2972ba2a10db944ede6e2,90200,porto alegre,RS,9.501030092592593,31.57625,0,430.28
599e2a8d1c0c82f50ac6d898c2efaa94,6292db303bae60b76eefeef966e93b98,delivered,2017-12-04 10:11:30,2017-12-05 10:03:16,2017-12-05 19:57:47,2018-01-05 00:16:44,2018-01-10,266.0,39.7,1,1,305.7,1,1,4.0,1.0,e9b4aef6c6ad8f6559b731415d88c737,99250,serafina correa,RS,31.586967592592593,36.57534722222222,0,305.7
eb0a5f98cb58483586efdafd5cb6963d,d793810b776858ccfd8614ed824ce1c4,delivered,2017-12-04 10:16:49,2017-12-05 10:03:16,2017-12-06 15:29:02,2017-12-18 17:47:40,2018-01-05,25.0,17.92,1,1,42.92,1,1,5.0,1.0,6ddba74d84d5e4eda2d993f44dd8807e,35519,nova serrana,MG,14.313090277777778,31.571655092592593,0,42.92
048d1e40afa8d75641833ebbb74f85b7,86bb630ecd16f9a56c9715b40834f460,delivered,2017-12-04 10:20:59,2017-12-06 03:31:06,2017-12-15 00:57:01,2017-12-20 22:35:36,2017-12-29,169.9,14.21,1,1,184.11,1,1,4.0,1.0,1bde824216fdecb95bf9ede207c2180a,84010,ponta grossa,PR,16.51015046296296,24.568761574074074,0,184.11
16c54eb283a375b2b1ae9acc7bc80207,abcde2c2a984e64cee117c3d5375f25f,delivered,2017-12-04 10:21:15,2017-12-05 11:23:50,2017-12-11 23:47:09,2017-12-19 18:28:58,2017-12-27,99.9,16.33,1,1,116.23,4,1,5.0,1.0,8ba4150a4fafb0077c45a9e03adff561,13308,itu,SP,15.33869212962963,22.56857638888889,0,116.23
e15b4d4792319e939f82008479734433,c2ea573bebd1490d873bcac3d94aadbe,delivered,2017-12-04 10:21:37,2017-12-05 11:23:50,2017-12-05 21:07:48,2017-12-15 23:38:43,2017-12-27,189.98,19.22,1,1,209.2,3,1,5.0,1.0,5dfaaf7ad5bc37905e9415519ad2f872,13335,indaiatuba,SP,11.553541666666666,22.56832175925926,0,209.2
e91d8c4d1f56976dc462a52654b3b40d,2bfd98535589d25f433140134e2b8e15,delivered,2017-12-04 10:23:22,2017-12-05 11:23:51,2017-12-06 19:15:44,2017-12-16 00:03:42,2017-12-28,43.0,16.11,1,1,59.11,1,1,5.0,1.0,4205be90afa1ea601ac61f983d504ce1,89802,chapeco,SC,11.569675925925926,23.56710648148148,0,59.11
94852b0703b31b852e6c4f73896aa247,b7de4f270639c0be7a1d7acad731e1a2,delivered,2017-12-04 10:33:36,2017-12-04 16:30:46,2017-12-06 23:22:35,2017-12-12 17:43:22,2017-12-29,299.9,15.83,1,1,315.73,6,1,3.0,1.0,cd65d274e5e15542b5d822ff3d67e897,6543,santana de parnaiba,SP,8.298449074074075,24.56,0,315.72999999999996
ba8d9391d92251ce54160a4480e95236,5f4eb019454dc6328afd8f20593c3037,delivered,2017-12-04 10:36:25,2017-12-04 16:31:11,2017-12-05 21:43:42,2018-01-08 15:15:32,2018-01-04,23.99,21.15,1,1,45.14,1,1,1.0,1.0,21dcaf3d5739edcfb44a684b8488121d,65630,timon,MA,35.193831018518516,30.558043981481482,1,45.14
137e75aa875379eb16854b280dc2aab9,063e1f61e1480d535924591b303c66b1,delivered,2017-12-04 10:40:38,2017-12-04 16:31:49,2017-12-06 19:52:29,2017-12-12 14:21:52,2018-01-04,119.9,18.09,1,1,137.99,2,1,2.0,1.0,5a3f9aeeaaf40c9cb46b99225fc9cda4,4307,sao paulo,SP,8.15363425925926,30.555115740740742,0,137.99
134f7360b1704296a29b44585e183989,6ee406781397a193218227d27bfc8ef6,delivered,2017-12-04 10:44:09,2017-12-04 16:31:49,2017-12-08 23:13:56,2018-01-09 19:59:20,2018-01-02,120.0,16.6,1,1,136.6,1,1,1.0,1.0,4ea1381a352e628690e9ba3343e2443e,22460,rio de janeiro,RJ,36.38554398148148,28.55267361111111,1,136.6
ac75a9ba33bcc9cefc7e36b0f4cc044a,74d25bef64b530dca2a57b694982c4f6,delivered,2017-12-04 10:44:16,2017-12-06 13:13:36,2017-12-08 18:32:15,2017-12-18 16:35:08,2017-12-27,53.9,11.88,1,1,75.98,7,1,3.0,1.0,8655e69d50b61c893b636ca85bdeefb0,14031,ribeirao preto,SP,14.243657407407408,22.552592592592593,0,65.78
2d1e8425264efd28cc7993f5a8ab2c63,c03824cdf2dbec0c161f58640c655398,delivered,2017-12-04 10:50:18,2017-12-04 16:32:05,2017-12-05 15:07:52,2018-01-10 23:09:20,2018-01-04,389.9,19.98,1,1,409.88,6,1,5.0,1.0,c96a000359d22838b2618dd2c6f69eec,89170,laurentino,SC,37.51321759259259,30.548402777777778,1,409.88
fbc0e39ffd844ed939344840824834d5,5d40e40a115412d6648b11a43456a255,delivered,2017-12-04 10:51:02,2017-12-04 16:31:11,2017-12-07 01:09:41,2017-12-11 20:57:49,2018-01-03,269.99,14.91,1,1,284.9,3,1,,,1f9aa6c9eeaa21fe0759d5dddff6c48d,14020,ribeirao preto,SP,7.421377314814815,29.547893518518517,0,284.90000000000003
0d7d82b22e0c6fdfecb716bb965ef11d,1f877cdc5d276445d0bfcedb8731b25a,delivered,2017-12-04 10:54:09,2017-12-04 16:31:43,2017-12-05 22:07:32,2017-12-07 18:22:41,2017-12-20,24.9,7.78,1,1,32.68,1,1,5.0,1.0,8c60669cfdb4bfa6a73afce497b40e82,4617,sao paulo,SP,3.3114814814814815,15.545729166666666,0,32.68
3e2b45761c1280a1c1165c83d3292c43,8dceb137a720a476f67a550cb3745aeb,delivered,2017-12-04 10:54:22,2017-12-04 16:32:16,2017-12-08 18:24:52,2018-01-25 23:16:50,2018-01-05,89.9,43.04,1,1,132.94,6,1,2.0,1.0,cbcbe50dad6a7ede751ac67564561b1c,49037,aracaju,SE,52.515601851851855,31.545578703703704,1,132.94
638407085366c5781b3cf8140fce7423,e12442fd928531ac63187816f2e6e860,delivered,2017-12-04 10:55:47,2017-12-05 04:19:32,2017-12-08 16:39:04,2017-12-19 20:29:01,2018-01-08,158.0,76.2,2,1,234.2,1,1,5.0,1.0,8e4e52c1121ceac09bb47f0cd51b4447,64208,parnaiba,PI,15.398078703703703,34.54459490740741,0,234.2
fc62afb57b86ee5363aee2b7c04421c0,2c5fa55f96afc893b29c94255b4b7ad5,delivered,2017-12-04 10:58:22,2017-12-06 17:34:23,2017-12-07 18:49:03,2017-12-13 13:17:22,2018-01-09,89.0,17.9,1,1,106.9,1,2,1.0,1.0,26acc72cbc14d9fcd1a519a43d5376ac,71917,brasilia,DF,9.096527777777778,35.542800925925924,0,106.9
3b95a15990c1bf022ab091bf7f9bcc28,e40736c0b4e32e738796a5fc57234dad,delivered,2017-12-04 10:59:18,2017-12-04 16:31:46,2017-12-06 23:51:58,2017-12-11 20:42:53,2018-01-04,193.0,17.6,1,1,210.6,2,1,5.0,1.0,ead394416d4f85207932cc124eb145e2,5572,sao paulo,SP,7.405266203703704,30.542152777777776,0,210.6
324fa8fbfb831d603c99858e4ee49d14,6c08773f9b71292c7089d4bad0fbc38b,delivered,2017-12-04 11:00:53,2017-12-05 04:13:30,2017-12-05 19:22:01,2017-12-12 19:09:22,2018-01-05,189.5,89.60000000000001,5,1,279.1,1,1,5.0,1.0,87c9702e078a75e6f0d484633a99c675,39510,espinosa,MG,8.339224537037037,31.54105324074074,0,279.1
8bff3c1c4e7be54ba2c6e96173af9cbd,03c8a5c09464a476c67708e0ef65078d,delivered,2017-12-04 11:02:18,2017-12-04 16:31:57,2017-12-08 23:47:13,2017-12-20 18:32:44,2017-12-27,149.99,21.02,1,1,171.01,1,1,5.0,1.0,0f934eee5883e89afa40170db7f3efe7,13140,paulinia,SP,16.312800925925927,22.540069444444445,0,171.01000000000002
29dab96b98e4f84bb3f92415806202b2,3356bf9d231074d20a5b81e9cecc828b,delivered,2017-12-04 11:04:49,2017-12-04 16:31:57,2017-12-06 01:22:32,2018-01-04 15:28:55,2017-12-29,41.9,15.1,1,1,57.0,5,1,1.0,1.0,c62ede12c208f89e88af33775f5af215,38184,araxa,MG,31.18340277777778,24.538321759259258,1,57.0
e22988df4a8a5e701f32adc32b5d5fb4,62561829cb4eb66eddee23af1e7d4570,delivered,2017-12-04 11:06:11,2017-12-04 16:30:35,2017-12-05 00:58:36,2017-12-19 21:09:14,2018-01-02,59.9,15.17,1,1,75.07,1,1,5.0,1.0,ce2a106d880254f0fbabf6a2b82f8360,36580,teixeiras,MG,15.418784722222222,28.537372685185186,0,75.07
9dc439a9d732ca991174a53f114c3cde,6660b4dcb6bc876c71cb3f2d8de060dc,delivered,2017-12-04 11:10:27,2017-12-06 02:50:37,2017-12-11 21:19:21,2017-12-12 19:42:07,2017-12-20,199.0,12.6,1,1,211.6,1,1,3.0,1.0,cc2718d6c52b045bab3ffe9da86de1b4,5503,sao paulo,SP,8.355324074074074,15.534409722222222,0,211.6
40aaae873a0360f8189aa9ad6a528fe5,02c3ef2028e6224433a0ed8c4aeb9ba5,delivered,2017-12-04 11:10:38,2017-12-05 04:11:54,2017-12-05 20:54:34,2017-12-13 19:25:27,2017-12-28,39.9,17.63,1,1,57.53,1,1,4.0,1.0,d7ca1f3f3a0c3d354c7c13b3a414ead6,22735,rio de janeiro,RJ,9.343622685185185,23.534282407407407,0,57.53
de0076b42a023f53b398ce9ab0d9009c,9c48b4a1e7be90b187665db74770750b,delivered,2017-12-04 11:15:54,2017-12-27 14:03:00,2017-12-29 15:18:30,2018-01-09 19:26:55,2018-01-05,17.9,16.79,1,1,34.69,1,1,1.0,1.0,ea685e36a9dfe8c52fdaf53f045aaec5,45994,teixeira de freitas,BA,36.3409837962963,31.530625,1,34.69
8d9512362699ced326d5013acfdc4e49,6f6f9493197fd8a9e12ea66d6e8add5b,delivered,2017-12-04 11:18:34,2017-12-04 16:31:35,2017-12-06 18:16:07,2017-12-19 19:15:08,2018-01-04,178.9,21.74,1,1,200.64,10,1,4.0,1.0,9208f837dd343d6f6d838998110cce34,38770,joao pinheiro,MG,15.330949074074073,30.528773148148147,0,200.64000000000001
712c3c76ddb4bc5fc94f6643096cb289,6c9c8a2de23ec5eaed4eae5905a1f9a5,delivered,2017-12-04 11:21:07,2017-12-04 16:31:35,2017-12-05 15:35:18,2017-12-07 19:56:51,2017-12-21,21.9,9.34,1,1,31.24,1,1,5.0,1.0,610fde09a3a48292e490155f452c78b4,37640,extrema,MG,3.3581481481481483,16.527002314814816,0,31.24
fdce8dd7bb4b3a3424b42b3dd0e844da,f85312ef02a373029bcabb420bac7606,delivered,2017-12-04 11:23:50,2017-12-05 04:14:00,2017-12-07 23:53:08,2017-12-13 17:19:38,2018-01-02,140.0,12.48,1,1,152.48,1,1,5.0,1.0,777f0b6c50a348339e93e3516a2072f0,17606,tupa,SP,9.247083333333334,28.52511574074074,0,152.48
1372aa0637277287bda77b0de38676c7,a5347c1cc1b3e01cce8d58574f6a7210,delivered,2017-12-04 11:24:31,2017-12-04 16:31:43,2017-12-05 18:32:03,2017-12-07 00:34:03,2017-12-20,395.65,10.51,1,1,406.16,4,1,3.0,1.0,2b4ac15332225168fe3a3ddd4031275b,22790,rio de janeiro,RJ,2.548287037037037,15.524641203703704,0,406.15999999999997
11da60acfcd7ff313e1ef9c2f86029b9,1628a7562ca4ba34dbc6b96534e41a61,delivered,2017-12-04 11:26:11,2017-12-04 16:31:35,2017-12-12 14:17:01,2017-12-14 18:04:20,2017-12-27,109.9,12.9,1,1,122.8,1,1,5.0,1.0,44c001471a2efc7d2e66da91a1fa681c,80240,curitiba,PR,10.276493055555555,22.523483796296297,0,122.80000000000001
7cb5fd41ca3412b19772e1cbfd716952,3a2a60b086795748df36eb6d22d5cd93,delivered,2017-12-04 11:27:23,2017-12-04 16:31:57,2017-12-07 19:22:45,2017-12-18 22:56:44,2017-12-27,54.0,14.13,1,1,68.13,6,1,5.0,1.0,0542afcecdc485269c0b659b5fb8f231,30421,belo horizonte,MG,14.478715277777777,22.522650462962964,0,68.13
466334b9ec76342cf368c99aa06375cc,1efebd69ab836c96419c1606dc79c1bc,delivered,2017-12-04 11:30:44,2017-12-04 16:30:35,2017-12-07 18:53:35,2017-12-08 16:54:39,2017-12-20,60.0,8.72,1,1,68.72,1,1,4.0,1.0,097bafa0b6b397c9695473e39934bdc7,13470,americana,SP,4.224942129629629,15.520324074074074,0,68.72
83ff9791592c2639213863eb5f08b1bb,c9b05d012dcca478d0ff2ec7ff2f3693,delivered,2017-12-04 11:33:28,2017-12-04 16:32:53,2017-12-05 22:22:44,2017-12-20 18:32:42,2018-01-02,14.9,15.1,1,1,30.0,3,1,5.0,1.0,e5eb9dba54bf897ae9ed7f99ae6dc6a0,35240,conselheiro pena,MG,16.29113425925926,28.518425925925925,0,30.0
2a2c817d3486dcf48f6289ee56c11c39,bb25584a0afe4f08a6e72f332142aa26,delivered,2017-12-04 11:34:01,2017-12-04 16:32:51,2017-12-06 20:14:48,2017-12-22 20:34:16,2017-12-27,248.99,41.73,1,1,290.72,8,1,5.0,1.0,71ee9caf8d0dbcb876831948794a9cc0,19590,taciba,SP,18.375173611111112,22.518043981481483,0,290.72
12ddc48a9deaa5607f5fe6dacbb1e436,399418247cd6a83c103fb7025b68405d,delivered,2017-12-04 11:38:57,2017-12-04 16:32:48,2017-12-08 18:24:53,2017-12-16 03:04:05,2017-12-27,89.9,16.26,1,1,106.16,2,1,5.0,1.0,44f2cb476316d686c9351f8e7bc0c160,5438,sao paulo,SP,11.642453703703703,22.514618055555555,0,106.16000000000001
b8d97466529c901c9a65d04741a946f6,3d2e2a99bcb5ecad970f3a4ef8f2f08a,delivered,2017-12-04 11:40:46,2017-12-04 16:32:02,2017-12-08 15:33:52,2017-12-27 15:58:55,2017-12-28,279.99,19.21,1,1,299.2,5,1,3.0,1.0,1f66fc82e0bdea99074a196c12a1daf7,14169,sertaozinho,SP,23.179270833333334,23.51335648148148,0,299.2
0e696093d25ba307ef78cf0d208bf500,5fb239cb8ef28ff4b56d2e34da747f99,delivered,2017-12-04 11:46:39,2017-12-04 16:32:02,2017-12-05 16:57:16,2017-12-13 22:47:13,2018-01-04,50.0,16.11,1,1,66.11,3,1,4.0,1.0,c64f202aceac77b89ad6caad47b0ad86,87005,maringa,PR,9.458726851851852,30.509270833333332,0,66.11
66a78e85c6861534eb1d18df457530db,f2e41456f21d09a4a1177f2f24ef26c5,delivered,2017-12-04 11:48:54,2017-12-04 16:31:02,2017-12-05 19:12:36,2017-12-19 17:36:51,2017-12-27,21.99,13.37,1,1,35.36,1,1,5.0,1.0,e22811412d27c1cb39969f35bf4dbbb9,13574,sao carlos,SP,15.241631944444444,22.507708333333333,0,35.36
70e218295bdf5efe77ddb143b1b3c0b4,409021a104c22b3c6f9fad25a36f26f5,delivered,2017-12-04 11:49:02,2017-12-04 16:32:07,2017-12-06 19:08:42,2017-12-07 17:32:29,2017-12-21,119.0,16.56,1,1,135.56,2,1,5.0,1.0,db490256b0acf2d835d059e7246a5691,92020,canoas,RS,3.2385069444444445,16.50761574074074,0,135.56
a2fdb1524c742eb62a4dd8e37588e9d2,1573b4553587c9e7a9bf9704691d1623,delivered,2017-12-04 11:57:10,2017-12-06 02:37:28,2017-12-09 00:33:01,2017-12-18 14:59:13,2018-01-02,195.9,14.39,1,1,210.29,1,1,5.0,1.0,f25c82f041560f45f4a408157ff3a5de,12954,atibaia,SP,14.126423611111111,28.501967592592592,0,210.29000000000002
b760ac65b36c9bbc913c2dd94131faf3,686ce156cefdae2f46a1b7917d96ef18,delivered,2017-12-04 11:57:38,2017-12-04 16:31:14,2017-12-05 20:55:38,2017-12-11 15:58:59,2017-12-27,79.49,12.06,1,1,91.55,1,1,5.0,1.0,a75aa5d4850de07bb3cee8e9db5ea229,17015,bauru,SP,7.167604166666667,22.50164351851852,0,91.55
497260b9290b6023e122bda1f4cd1ae6,d03e13d3a1562bf25d0b7ad61426367e,delivered,2017-12-04 12:01:42,2017-12-06 02:39:38,2017-12-12 22:33:55,2017-12-17 16:47:41,2017-12-27,25.99,12.69,1,1,38.68,1,1,5.0,1.0,06dd84ae84f585a6bf07b626ddde69b7,13020,campinas,SP,13.198599537037037,22.498819444444443,0,38.68
2f40163a18439bbc77fa0f1984bf2596,57e873ebe362278f24712569d2d32ce6,delivered,2017-12-04 12:07:53,2017-12-04 16:33:21,2017-12-08 10:03:54,2017-12-22 20:52:17,2017-12-20,209.9,8.72,1,1,218.62,3,1,1.0,1.0,1873bb3e11dbfd63861869b212e0c7b8,4273,sao paulo,SP,18.364166666666666,15.494525462962963,1,218.62
05e18a6cef41f63dc86b7b254954dffc,6aa98365fd711a9e996d0d41a80c3be0,delivered,2017-12-04 12:14:59,2017-12-04 16:44:59,2017-12-06 14:09:20,2018-01-04 15:28:56,2017-12-28,199.9,26.24,1,1,226.14,4,1,1.0,1.0,228bc506b954d332b12aaf13b0842249,20550,rio de janeiro,RJ,31.1346875,23.489594907407408,1,226.14000000000001
ae06bd80c3727ee5b35770126f4da2e9,7b17817cb492e3928f13c083175addd2,delivered,2017-12-04 12:15:23,2017-12-04 16:45:00,2017-12-08 15:33:55,2017-12-14 16:54:57,2017-12-27,279.99,19.4,1,1,299.39,4,1,3.0,1.0,58b140151c2e86124d5ed6a6b6b5b7cd,23912,angra dos reis,RJ,10.19414351851852,22.48931712962963,0,299.39
e99e0378742e46249a4ee59b77ee6440,94117baa4213389405c14148277ca6b4,delivered,2017-12-04 12:20:32,2017-12-04 16:30:52,2017-12-07 19:09:54,2017-12-11 18:04:00,2017-12-20,299.99,11.11,1,1,311.1,3,1,5.0,1.0,109e7a34b12496c349db4ab65883d0b9,23087,rio de janeiro,RJ,7.238518518518519,15.485740740740741,0,311.1
e6e30d7211cecd2e259b66fb4b6b4d82,45ad25b122c6e29aace2706a9fec2d1d,delivered,2017-12-04 12:21:45,2017-12-04 16:31:14,2017-12-05 17:39:16,2017-12-11 20:22:32,2017-12-28,122.99,14.61,1,1,137.6,1,1,1.0,1.0,5f439c10be261b762af976221efcdbd1,31995,belo horizonte,MG,7.333877314814814,23.484895833333333,0,137.6
5077287aeb4c2ee7662411de334235ab,c970514793f89e388fee0d848a07ff05,delivered,2017-12-04 12:25:33,2017-12-04 16:30:40,2017-12-08 17:38:35,2018-01-07 12:53:38,2018-01-05,299.9,19.35,1,1,319.25,6,1,5.0,1.0,97e790c3a3764f09eba946551249a459,96085,pelotas,RS,34.019502314814815,31.482256944444444,1,319.25
f8dd8cacd0d33fb0f421b3d5afd46dad,cd221c459fa9d5158875cdda1b67f2bc,delivered,2017-12-04 12:32:59,2017-12-05 04:15:32,2017-12-20 19:03:00,2017-12-29 21:37:31,2018-02-09,45.0,13.37,1,1,58.37,1,1,1.0,1.0,41630d05eb6d8b9f9b0861ffc4513c53,13225,varzea paulista,SP,25.37814814814815,66.4770949074074,0,58.37
750e563540da2f000293d963702ade0f,d2110324541912e3b261b172f4a09027,delivered,2017-12-04 12:37:36,2017-12-04 16:33:11,2017-12-06 20:43:14,2017-12-08 23:43:09,2017-12-20,166.99,13.72,1,1,180.71,2,1,4.0,1.0,c4a5812f9a7f7c2ae0d6b40e69677cf5,1434,sao paulo,SP,4.4621875,15.473888888888888,0,180.71
d9e5305b48eff370ffafa031d6027518,189ed22036bdb24d69e56a6789591b5e,delivered,2017-12-04 12:40:39,2017-12-05 04:20:02,2017-12-19 19:02:56,2018-01-16 22:16:53,2018-01-02,86.99,17.86,1,1,104.85,1,1,1.0,1.0,f109e20869df5bdfc12bf46455935a99,22770,rio de janeiro,RJ,43.400162037037035,28.471770833333334,1,104.85
53183a96aacc31f11503c049f49905a3,67260c60edf9d4c22831ad47718a0e5e,delivered,2017-12-04 12:42:38,2017-12-04 16:33:37,2017-12-06 00:57:09,2017-12-24 14:58:31,2018-01-02,84.99,16.35,1,1,101.34,4,1,5.0,1.0,53066992dc890a9e51efb554c5bbcbf5,75136,anapolis,GO,20.094363425925927,28.47039351851852,0,101.34
c5a6176838c42bcb0286f07cf06afe84,141a1a131f78b3329311abcc428991bf,delivered,2017-12-04 12:44:45,2017-12-04 16:33:35,2017-12-06 19:08:11,2017-12-28 23:03:53,2018-01-10,79.0,21.35,1,1,100.35,1,1,5.0,1.0,7a53ba76258617f396248d5d2de031db,66035,belem,PA,24.429953703703703,36.46892361111111,0,100.35
94cb35fbdd88c96b0718527f8e843feb,ee3dd978021aef55ba8a583afd608049,delivered,2017-12-04 12:46:39,2017-12-04 16:33:40,2017-12-05 22:13:14,2017-12-15 18:58:53,2017-12-27,79.9,13.58,1,1,93.48,6,1,3.0,1.0,cc15a06fcaf30c26c11f641c5d753080,5545,sao paulo,SP,11.25849537037037,22.467604166666668,0,93.48
f7a1e468985217906faa7ad93b8a3f38,d4d6670e1258513bd852a41914b4f1f4,delivered,2017-12-04 12:59:29,2017-12-06 02:50:09,2017-12-07 23:53:08,2018-01-03 21:23:33,2018-01-09,140.0,15.73,1,1,155.73,1,1,5.0,1.0,236e3817f24b45c8a6acf496aebdf699,88980,passo de torres,SC,30.350046296296295,35.45869212962963,0,155.73
a4f4688be9887418ee0c130b6f061586,3ee02d8633882ec406812543d39467bd,delivered,2017-12-04 13:03:36,2017-12-05 04:11:39,2017-12-06 20:14:44,2017-12-12 00:23:33,2017-12-28,63.99,14.2,1,1,78.19,1,1,5.0,1.0,1aa6f4e663c92842d75df617ccd2f4c9,82100,curitiba,PR,7.4721875,23.455833333333334,0,78.19
d0f10a06cef93a439ce94948f700d7f1,24c9296f4679f53ae284ba3e7d3914f7,delivered,2017-12-04 13:05:13,2017-12-04 16:33:24,2017-12-05 22:17:49,2017-12-20 18:48:00,2018-01-16,69.99,16.25,1,1,86.24,3,1,5.0,1.0,87a17e10b75af9d7acaafe6963ce3282,98960,santo cristo,RS,16.238043981481482,42.45471064814815,0,86.24
c2b4140e1e7ac4f534dfc6713cd6b93a,e5e5488b77590813f1267ef08a895f86,delivered,2017-12-04 13:09:20,2017-12-04 16:33:30,2017-12-05 17:34:02,2017-12-16 12:18:41,2018-01-05,339.9,28.92,1,1,368.82,2,1,5.0,1.0,6ca8e57443cfdbce37796f51d35f0ed2,78068,cuiaba,MT,11.96482638888889,31.451851851851853,0,368.82
b7d634bd1c1830e08588eada6b49fea7,eeee8af1f7b29dbf34d577db1fc973e5,delivered,2017-12-04 13:11:15,2017-12-04 16:49:16,2017-12-05 17:23:26,2017-12-11 20:32:21,2018-01-04,259.9,16.57,1,1,276.47,5,1,5.0,1.0,437869c8fa511c68c9e1f61cfc11d30e,95500,santo antonio da patrulha,RS,7.306319444444444,30.450520833333332,0,276.46999999999997
887e4a59707e96b2c7b7112201a4db47,943e8299a7de534ab4c8d6db6cb62f47,delivered,2017-12-04 13:15:11,2017-12-04 16:49:20,2017-12-05 16:45:16,2017-12-19 15:36:55,2018-01-09,215.0,33.96,1,1,248.96,3,1,3.0,1.0,49bf911a5666e781425b4fe91495454d,51020,recife,PE,15.098425925925927,35.44778935185185,0,248.96
b58d52e3a578620cf3e4cd9b2b5a0516,fe7217b7ff946d143c80fd4852c32836,delivered,2017-12-04 13:15:11,2017-12-04 16:49:18,2017-12-05 16:32:43,2017-12-19 15:43:35,2018-01-10,40.0,28.75,1,1,68.75,3,1,3.0,1.0,49bf911a5666e781425b4fe91495454d,51020,recife,PE,15.103055555555555,36.44778935185185,0,68.75
06f9b3a828a976a2fca71a4ebf55b1b2,62ec2ffac596b132bb32e5c1b97c604d,delivered,2017-12-04 13:31:13,2017-12-06 02:35:46,2017-12-07 18:54:47,2017-12-15 19:12:32,2017-12-28,39.99,14.1,1,1,54.09,1,1,5.0,1.0,436afbdf1b6fdacafdf362a839fa17a5,24210,niteroi,RJ,11.237025462962963,23.43665509259259,0,54.09
ff793adad2c9e1cc9fa921e8f1f952f8,db10bf2055fcc12456e4c1cacde5e304,delivered,2017-12-04 13:31:22,2017-12-04 17:14:41,2017-12-08 23:47:13,2017-12-20 17:53:08,2017-12-27,129.99,20.88,1,1,150.87,1,1,4.0,1.0,5467fa204d7c984354e6706f36b6e339,13287,vinhedo,SP,16.181782407407407,22.436550925925925,0,150.87
646a1b93987d2552d842a2f34db266fd,20a6f66a60ad60d0ad594a9a208093d3,delivered,2017-12-04 13:31:34,2017-12-04 17:14:35,2017-12-06 12:46:53,2018-01-03 17:10:27,2017-12-29,49.39,16.11,1,1,65.5,1,1,2.0,1.0,1e1972964e63d31a968d8cd61ee3e039,70324,brasilia,DF,30.152002314814816,24.436412037037037,1,65.5
5dd2d22e1330c17a5d2ce7ba581b2c98,8cfb41228dc47d399f7c9e7187c345a2,delivered,2017-12-04 13:32:54,2017-12-04 16:49:35,2017-12-06 20:14:48,2017-12-18 21:38:09,2017-12-27,166.99,20.66,1,1,187.65,2,1,3.0,1.0,58752d5c8bc90fbf26aec10fff7f1931,30260,belo horizonte,MG,14.336979166666667,22.43548611111111,0,187.65
5531fe7f2c87a5ace3b26b6d27014fac,b5b6402b9db02fbab100c228f449c936,delivered,2017-12-04 13:33:50,2017-12-04 17:07:16,2017-12-05 22:46:55,2017-12-12 22:28:32,2018-01-04,69.9,15.24,1,1,85.14,1,1,5.0,1.0,1cf650b3fffd6b475910a68c9f288c4f,13990,espirito santo do pinhal,SP,8.371319444444444,30.434837962962963,0,85.14
0c4d9abe48221137e67e9d01a442df13,ccce3ac024e004b2607899abecc0d9fd,delivered,2017-12-04 13:35:13,2017-12-04 17:14:35,2017-12-05 21:58:43,2017-12-20 18:52:40,2017-12-20,55.0,7.78,1,1,62.78,3,1,1.0,1.0,e781047b6e41434da39c622e1c7f3851,8772,mogi das cruzes,SP,16.22045138888889,15.433877314814815,1,62.78
2c024a45efe2ae33a9efefcb6e75e92d,b73b03516fb44881dc64a39fd4124df4,delivered,2017-12-04 13:35:30,2017-12-05 09:17:31,2017-12-06 23:52:27,2017-12-14 13:26:49,2018-01-03,56.99,15.15,1,1,72.14,4,1,5.0,1.0,80ea96959a0e0842307e1b4ab4c32c63,36300,sao joao del rei,MG,9.993969907407408,29.433680555555554,0,72.14
2a6b1e93c109dcee771903291093117e,d1aa5ebfc5c16caf331b1f4a1788b998,delivered,2017-12-04 13:36:09,2017-12-04 17:14:40,2017-12-12 23:13:42,2017-12-14 19:34:01,2017-12-20,31.8,16.54,2,1,48.34,1,1,5.0,1.0,440678e8d565a7d5ddf192711617cf50,5588,sao paulo,SP,10.248518518518518,15.433229166666667,0,48.34
28509a1c959e460948d32485cac51f9d,a5f8960eef588aeaa9d1af800ef40607,delivered,2017-12-04 13:36:59,2017-12-04 17:14:40,2017-12-12 18:32:53,2018-01-23 14:12:48,2018-01-10,799.9,23.17,1,1,823.07,10,1,1.0,1.0,2d94b4d76656b186b0b717c23ed66273,45400,valenca,BA,50.02487268518519,36.43265046296296,1,823.0699999999999
2508a4e7eaf40f21355892834c2eb54d,9dc43b5f2a289fa4e26d504ec141e07d,delivered,2017-12-04 13:37:59,2017-12-05 04:17:37,2017-12-11 19:39:42,2017-12-14 00:09:36,2018-01-04,138.0,41.94,2,1,179.94,1,1,1.0,1.0,561bbb81e93ab7de5a54353039c17f19,90650,porto alegre,RS,9.438622685185186,30.43195601851852,0,179.94
6afa03fba2ab6ae8174e9c9477c85506,bd5240fb34dcb6a57e2ede1cba25d65b,delivered,2017-12-04 13:39:45,2017-12-04 16:47:26,2017-12-05 21:18:46,2017-12-11 17:23:34,2018-01-03,39.0,15.1,1,1,54.1,1,1,5.0,1.0,941254873ba3ece63e297277436e4c36,6730,vargem grande paulista,SP,7.155428240740741,29.430729166666666,0,54.1
c107beb52fc248b69e73264c0b32884f,80cb11602fce4509c0d90688908a5b8c,delivered,2017-12-04 13:41:37,2017-12-04 16:47:36,2017-12-07 16:13:51,2017-12-19 18:05:49,2017-12-28,109.89,16.21,1,1,126.1,1,1,5.0,1.0,9581074f17a8c44743950d7456f8ba80,2941,sao paulo,SP,15.183472222222223,23.42943287037037,0,126.1
8dcf2ec06339997ba2eb7db51b7076fb,e9b20da6b833991bce7e39ed324e1c05,delivered,2017-12-04 13:43:32,2017-12-04 16:47:33,2017-12-05 16:53:33,2017-12-12 17:42:16,2018-01-05,75.9,15.28,1,1,91.18,1,1,5.0,1.0,9c0dc67fc74d6f2c48d65220076aabf2,39730,virginopolis,MG,8.165787037037036,31.428101851851853,0,91.18
66cbb0cde3699c5813d4ed8c9576a966,04ecafc940e602c4fd1fe544506c766d,delivered,2017-12-04 13:44:41,2017-12-04 16:47:43,2017-12-12 22:43:20,2017-12-19 20:13:53,2017-12-29,269.9,22.73,1,1,292.63,4,1,5.0,1.0,d4989bc70976712e3343028803969d3f,72710,brasilia,DF,15.270277777777778,24.42730324074074,0,292.63
9bc38db4ef1d6f4fd1844e03b30b843e,edb1c5c35746b4a1d65ad8a98fa84570,delivered,2017-12-04 13:44:44,2017-12-04 16:47:31,2017-12-06 20:57:30,2017-12-08 23:34:16,2017-12-21,29.99,7.78,1,1,37.77,1,1,5.0,1.0,b012fc925ed2691641a07ec86d2e9805,12242,sao jose dos campos,SP,4.409398148148148,16.427268518518517,0,37.769999999999996
6e39e72b584a0a07924d364bf5f36941,92a3fbd12ae7c87def9b79895282af4d,delivered,2017-12-04 13:49:05,2017-12-04 16:47:39,2017-12-07 13:26:50,2017-12-20 13:42:32,2018-01-02,219.9,18.79,1,1,238.69,5,1,5.0,1.0,0c4565a30cb19f2b06041fa8214adb13,31814,belo horizonte,MG,15.995451388888888,28.424247685185186,0,238.69
5c084318cff126cf38e30fe940ea2fbe,22a10db84c0324464bb842e5bec1d6e4,delivered,2017-12-04 13:56:14,2017-12-05 04:12:01,2017-12-05 17:16:50,2017-12-19 21:38:44,2018-01-02,144.99,18.26,1,1,163.25,1,1,5.0,1.0,2add96fae9b95647c0f19ba57d034a30,28894,rio das ostras,RJ,15.321180555555555,28.419282407407408,0,163.25
800c8a15369d74de7bc13709ef847d4f,365a457df99b094247729503a540e924,delivered,2017-12-04 14:00:59,2017-12-04 16:48:54,2017-12-07 20:48:36,2017-12-18 16:08:10,2017-12-29,110.0,41.84,1,1,151.84,3,1,5.0,1.0,aadb2d99f86a86e69e981e1ea6393f3f,80730,curitiba,PR,14.088321759259259,24.415983796296295,0,151.84
c4cce729f23dd590b26da3aca2d8c598,26ad3d64c162fbf936fdc2531e0d5e80,delivered,2017-12-04 14:04:33,2017-12-04 16:49:02,2017-12-12 21:36:53,2018-01-04 18:18:30,2018-01-03,75.99,21.02,1,1,97.01,2,1,3.0,1.0,7162d00a8429bef4c261cb4f835b52b6,28695,papucaia,RJ,31.176354166666666,29.413506944444446,1,97.00999999999999
bdf2232a3cc316d1649fc8faabec0f21,015895fd0bf723100a64b0ead7c69cd6,delivered,2017-12-04 14:07:18,2017-12-04 16:49:00,2017-12-11 13:28:35,2017-12-14 00:33:16,2017-12-20,143.8,16.71,1,1,160.51,3,1,4.0,1.0,ebbe2f9f5abdaaaaad1d0999207e9362,13454,santa barbara d'oeste,SP,9.434699074074073,15.411597222222222,0,160.51000000000002
c349154248a3236a01cba7d40dbef250,b258506ae96a283a3530790689693e19,delivered,2017-12-04 14:12:13,2017-12-05 04:13:54,2017-12-09 09:58:37,2018-01-11 22:36:06,2018-01-05,59.0,19.65,1,1,78.65,1,1,1.0,1.0,23eb4dead10ccf85749603687fe9e044,48005,alagoinhas,BA,38.34991898148148,31.40818287037037,1,78.65
860f0c4fdcb1c4c50661ee588b03254e,33cb0c38ddecb32941f083a5096ad48a,delivered,2017-12-04 14:15:47,2017-12-06 02:50:30,2017-12-14 20:43:13,2018-01-06 13:48:37,2017-12-29,298.0,16.84,1,1,314.84,1,1,4.0,1.0,4e5ddd9358c16918943af9b63825c385,72215,brasilia,DF,32.98113425925926,24.40570601851852,1,314.84
ac9c563c1293db37e4a035f8ee3763db,901c413984e6a191582753a0a51104f0,delivered,2017-12-04 14:20:05,2017-12-04 16:48:39,2017-12-14 17:54:50,2017-12-20 09:12:42,2018-01-05,85.0,15.34,1,1,100.34,3,1,5.0,1.0,91dc92aa21acc446f71c96dbfc7f0bdc,95032,caxias do sul,RS,15.786539351851852,31.40271990740741,0,100.34
abb4105be6a56ad64b74e4e74d5fe4f4,ee9b9518c67cadb4b0a8790b57f209bc,delivered,2017-12-04 14:25:44,2017-12-04 16:48:47,2017-12-07 12:07:51,2017-12-13 21:18:32,2017-12-28,799.99,27.92,1,1,827.91,5,1,5.0,1.0,512dc576950aaf62b6c0ed031bd6b0be,51030,recife,PE,9.286666666666667,23.398796296296297,0,827.91
e95ed5089744d5ca7ce51a9f222ff49a,d097afda041bfccfec121cf5b4b5b11e,delivered,2017-12-04 14:28:33,2017-12-04 16:48:50,2017-12-07 13:33:09,2017-12-13 22:22:30,2018-01-02,129.0,21.39,1,1,150.39,3,1,5.0,1.0,6f99591f12f5335a920f80557e21f03d,22770,rio de janeiro,RJ,9.329131944444445,28.396840277777777,0,150.39
ae99b18a689631b93726b2e19fca9ac5,efdaaa423d80c6bb8a11cc2674d838ff,delivered,2017-12-04 14:28:42,2017-12-04 17:08:24,2017-12-07 00:18:31,2018-01-05 20:25:01,2018-01-04,84.99,15.35,1,1,100.34,2,1,3.0,1.0,8e1fbcbc0feced831b73179797984793,75388,trindade,GO,32.24744212962963,30.39673611111111,1,100.33999999999999
22687e231b5c4998a3842d99cda60dae,2dff629a85ab251e9912539a47f8124d,delivered,2017-12-04 14:29:23,2017-12-04 16:48:47,2017-12-06 22:35:06,2017-12-11 19:38:44,2017-12-27,29.9,11.85,1,1,41.75,3,1,5.0,1.0,655329aaac9d6377d42e6f2ff283692d,18702,avare,SP,7.214826388888889,22.396261574074074,0,41.75
3365749860804a01bf35b50fffcfe842,31f4944b5a1f98a2056c825313c06376,delivered,2017-12-04 14:30:10,2017-12-04 16:48:49,2017-12-07 22:37:07,2017-12-20 00:06:16,2018-01-02,59.0,17.66,1,1,76.66,1,1,5.0,1.0,cd915c60db8686f9a3dc35745aa1691c,81520,curitiba,PR,15.400069444444444,28.395717592592593,0,76.66
fe9eb7fc7765ab4b09f817fda0b63089,80db8c7a7ea6b11ca4c65cc2b93a6dc0,delivered,2017-12-04 14:37:42,2017-12-04 17:07:11,2017-12-05 17:58:06,2018-01-13 00:45:24,2018-01-02,99.0,21.18,1,1,120.18,1,1,1.0,1.0,aba9ce09a4b04f3e70e16ae18ca1cb1e,22621,rio de janeiro,RJ,39.42201388888889,28.390486111111112,1,120.18
868b6fde338c3286477dd9513ba79347,b1569d3f7a5e660a197baf45e5c649cb,delivered,2017-12-04 14:38:06,2017-12-04 17:32:13,2017-12-06 22:03:24,2017-12-15 19:39:12,2017-12-27,44.35,13.37,1,1,57.72,5,1,5.0,1.0,35ac6d958fd9d525bd2fceb38f85a35d,12922,braganca paulista,SP,11.209097222222223,22.390208333333334,0,57.72
96430a36fecfa20f1eace66e1a99709d,49474459ede7f8da6d91842919d03b77,delivered,2017-12-04 14:44:18,2017-12-05 04:18:35,2017-12-11 20:35:26,2017-12-13 16:17:04,2018-01-02,149.7,45.33,3,1,195.03,1,1,4.0,1.0,8f1f89df8da6487d3d526e9b65252307,80530,curitiba,PR,9.064421296296297,28.385902777777776,0,195.02999999999997
1cfb210fdaf81f98065605323fe31fa3,7d35377fa3e76abaa30c36099cdc7ff5,delivered,2017-12-04 14:45:18,2017-12-04 17:08:29,2017-12-08 22:41:26,2018-01-10 17:59:10,2018-01-02,79.0,17.8,1,1,96.8,2,1,1.0,1.0,d9b47b30b869af9e139bec926d0b57f9,22290,rio de janeiro,RJ,37.13462962962963,28.385208333333335,1,96.8
1c2aa46c96849539758c97f7465669da,0811ef55e8d477a9a772121707761131,delivered,2017-12-04 14:47:16,2017-12-05 04:15:51,2017-12-11 19:57:22,2017-12-21 17:44:28,2017-12-27,55.0,13.41,1,1,68.41,1,1,5.0,1.0,3e3fe8426cd25a53fda9ce53c9acd7b6,13720,sao jose do rio pardo,SP,17.123055555555556,22.383842592592593,0,68.41
ea16006e3d802f9d659b76f07b9681f4,54ec3f087cf6e79e4f85d41424c0447a,delivered,2017-12-04 14:55:31,2017-12-04 17:32:11,2017-12-05 19:46:48,2017-12-20 01:12:52,2017-12-28,49.9,14.1,1,1,64.0,4,1,5.0,1.0,4fd47ca7f8c01911e8cab50588112caf,22450,rio de janeiro,RJ,15.428715277777778,23.378113425925925,0,64.0
8d0104be66d2f2828b6dd123117d7c22,580daeb93e7486f0882342d86eece148,delivered,2017-12-04 14:58:14,2017-12-04 17:32:09,2017-12-05 18:13:44,2017-12-12 17:19:04,2017-12-28,259.77,15.57,1,1,275.34,2,1,4.0,1.0,8959f65b9e0d898ee60de9acd7276205,29050,vitoria,ES,8.097800925925926,23.37622685185185,0,275.34
225f91612c9a38c727b64ac3c7d11e7c,3421838a52fbff1c4771a2d523cb39cf,delivered,2017-12-04 14:59:26,2017-12-04 17:07:40,2017-12-05 23:41:44,2018-01-19 02:34:33,2018-01-12,114.9,33.25,1,1,148.15,1,1,2.0,1.0,3705f77fe0e8f958b47affc9f1509398,66813,belem,PA,45.48271990740741,38.37539351851852,1,148.15
19a24ba386e8363a6dd9973d015e5410,e944426cb230e5f33b25ed3cd8212dec,delivered,2017-12-04 15:00:42,2017-12-04 17:07:36,2017-12-05 16:06:57,2017-12-09 15:08:58,2018-01-11,49.9,26.89,1,1,76.79,7,1,5.0,1.0,b59e4bb4efe81ba0f7d30cff6734f9a2,29192,aracruz,ES,5.005740740740741,37.37451388888889,0,76.78999999999999
21eb87388abffab374c2064a0efe0a48,e4a166d37bd00d30e67e46147b739bd4,delivered,2017-12-04 15:03:38,2017-12-05 04:12:21,2017-12-07 19:22:39,2017-12-28 22:06:00,2018-01-02,35.0,15.1,1,1,50.1,1,1,4.0,1.0,2ba729d5608d9120a6559268032dbf66,29510,celina,ES,24.293310185185184,28.37247685185185,0,50.1
78ff4e2150a4d62c899729924518c667,fdcd4f45e64fb171ac37d17e86921672,delivered,2017-12-04 15:07:09,2017-12-04 17:07:57,2017-12-06 16:59:12,2017-12-21 17:44:23,2018-01-08,9.32,15.1,1,1,24.42,2,1,,,b59e4bb4efe81ba0f7d30cff6734f9a2,29192,aracruz,ES,17.109189814814815,34.37003472222222,0,24.42
54e9fc9a26833002ae6521780af9dcc6,3dc2249f42d41b0a622da0c82c194856,delivered,2017-12-04 15:07:10,2017-12-04 17:07:53,2017-12-05 20:51:20,2018-01-05 00:13:44,2018-01-02,191.4,49.87,1,1,241.27,10,1,,,b59e4bb4efe81ba0f7d30cff6734f9a2,29192,aracruz,ES,31.379560185185184,28.37002314814815,1,241.27
4d9ec9c5440b083e87ee872dec1b32fb,3898ff50da10264026af32549f7fb3b0,delivered,2017-12-04 15:08:11,2017-12-06 02:50:22,2017-12-07 21:03:24,2017-12-27 19:24:37,2017-12-28,99.9,17.95,1,1,117.85,1,1,5.0,1.0,e47e3ecbe9ae12ecbfc5651bd62d7733,22790,rio de janeiro,RJ,23.178078703703704,23.36931712962963,0,117.85000000000001
a510c00bf911ad87c19350719d460ecd,8f7200ad4c1219625f7a68619c3b1225,delivered,2017-12-04 15:09:34,2017-12-06 08:51:49,2017-12-07 15:32:51,2017-12-15 22:43:01,2018-01-10,122.9,28.24,1,1,151.14,10,1,5.0,1.0,60f80b716e255c10c1dda34eab1f1fe4,47850,luis eduardo magalhaes,BA,11.314895833333333,36.368356481481484,0,151.14000000000001
cfe5649887c20d8a27d7a9a2302a9d9b,7c9e2de99b4d853ad2849bf211810bcf,delivered,2017-12-04 15:12:16,2017-12-04 17:22:41,2017-12-12 00:25:34,2017-12-26 22:25:27,2018-01-04,179.8,42.06,2,1,221.86,4,1,4.0,1.0,2c7df4496702560c973e5afa81fe9208,53429,paulista,PE,22.30082175925926,30.366481481481483,0,221.86
1606103139f42c0d1a6ff98702274039,5e5fcb984e10a84d0ba9f2ee8e4ad94e,delivered,2017-12-04 15:13:28,2017-12-06 16:16:24,2017-12-09 16:38:45,2017-12-15 20:27:50,2017-12-27,59.0,13.43,1,1,72.43,7,1,5.0,1.0,564988508a81dca36512b04a1ce906f9,12120,tremembe,SP,11.218310185185185,22.365648148148146,0,72.43
066debbd2c7642782a8fa6ec60fb6722,843492ad5fcb23eda76867776a3cea2f,delivered,2017-12-04 15:17:54,2017-12-04 17:22:39,2017-12-06 23:49:07,2017-12-13 22:35:23,2018-01-04,75.0,15.28,1,1,90.28,1,1,5.0,1.0,c35d100ee9a5dceed9c5dbbdb242cd36,84285,figueira,PR,9.30380787037037,30.362569444444443,0,90.28
f5dd4c037b81efb0d1ea5d0f7d8beddf,4f93c6056cac7dad802e12622a468703,delivered,2017-12-04 15:18:06,2017-12-04 17:23:03,2017-12-05 20:06:08,2017-12-16 15:33:21,2018-01-02,54.0,14.13,1,1,68.13,1,1,5.0,1.0,747f7686c38242845e7b40790ad94705,34400,raposos,MG,12.010590277777778,28.362430555555555,0,68.13
0e19aa2216bf89063fdd8849774aea19,ea1bd589cf74abf3eb075a399bad0b95,delivered,2017-12-04 15:28:18,2017-12-05 04:13:59,2017-12-06 20:15:00,2017-12-12 23:47:07,2017-12-28,14.6,11.85,1,1,26.45,1,1,5.0,1.0,fe36ffe7c25e22b2276fd6e9f0056e24,37580,monte siao,MG,8.346400462962963,23.35534722222222,0,26.45
32ab3bc68fa79c6d5d0066af3b91932f,e0b6283985b18424517750906ee61c2c,delivered,2017-12-04 15:29:45,2017-12-04 17:23:14,2017-12-05 17:45:27,2017-12-11 21:53:36,2017-12-28,139.98000000000002,46.47,3,2,186.44,8,1,1.0,1.0,95a821edad2488ed9e7c805716ed6ce7,22451,rio de janeiro,RJ,7.2665625,23.354340277777776,0,186.45000000000002
08d19d4c103470970b2f830e48e2d3a2,b419379d557fd4ee484ba77e2603d523,delivered,2017-12-04 15:33:38,2017-12-06 15:31:55,2017-12-08 02:33:45,2017-12-19 20:37:54,2018-01-02,499.99,58.78,1,1,558.77,2,1,4.0,1.0,7f36635c84fec36fa263349a7829163e,88080,florianopolis,SC,15.211296296296297,28.351643518518518,0,558.77
3112aed98b4143a8b6eff67cb5c4dcaa,c090b65ed4db6e927670dc8d1590cd64,delivered,2017-12-04 15:36:51,2017-12-06 02:50:32,2017-12-06 18:58:40,2017-12-10 10:09:42,2017-12-20,11.99,7.78,1,1,19.77,1,1,5.0,1.0,76e59299f66dbec2185cfe55845cc54a,7095,guarulhos,SP,5.7728125,15.349409722222223,0,19.77
34ec59fb0739f087452873319fc6e94d,2ee52ea8b33b321f4402e2a0edc31eb4,delivered,2017-12-04 15:38:16,2017-12-04 17:48:48,2017-12-07 19:09:55,2017-12-21 02:17:58,2017-12-29,299.99,16.86,1,1,316.85,6,1,4.0,1.0,d9a47dbf7021644cdac4ce1a3159307e,82800,curitiba,PR,16.44423611111111,24.348425925925927,0,316.85
ed0ae3732ee2e824f65323bc549605d9,9a26bc2f56790acd34d1ac7bd666fb56,delivered,2017-12-04 15:39:10,2017-12-05 04:13:25,2017-12-06 23:48:54,2017-12-12 17:58:32,2018-01-05,23.99,15.1,1,1,39.09,1,1,2.0,1.0,bbf773b15a7c742ddccc3fa3ef1b583d,26650,engenheiro paulo de frontin,RJ,8.096782407407407,31.347800925925927,0,39.089999999999996
da2473475b308a32775353337f5c3c6d,85094306ed0284f476d0d3aff28b8f1e,delivered,2017-12-04 15:40:10,2017-12-06 16:38:37,2017-12-08 10:05:11,2018-01-10 20:37:49,2018-01-02,348.8,17.19,1,1,365.99,8,1,1.0,1.0,18aecb99836637ad525a1986c2327050,28470,santo antonio de padua,RJ,37.20670138888889,28.347106481481482,1,365.99
bebaff5f4489a8d0b10a929087be21a9,980c50b9937474c6340021542088ab28,delivered,2017-12-04 15:43:56,2017-12-05 04:12:06,2017-12-05 23:07:47,2017-12-13 21:06:45,2017-12-29,19.99,15.1,1,1,35.09,1,1,5.0,1.0,400125915a44697e2fbc6370dea0ddbb,88309,itajai,SC,9.224178240740741,24.344490740740742,0,35.089999999999996
5e3729322319aad9409e9ca36aac26da,8afbae80295a2f702e77f7e80c25db12,delivered,2017-12-04 15:51:42,2017-12-06 02:50:24,2017-12-06 16:17:02,2017-12-12 18:23:47,2017-12-29,42.79,15.79,1,1,58.58,1,1,5.0,1.0,109bcefca23471289951ceed99c55521,29045,vitoria,ES,8.105613425925926,24.33909722222222,0,58.58
396ca10a49401efb99c1e55716800936,ea8a51f54b0118c85a5b4a674a586409,delivered,2017-12-04 15:58:09,2017-12-06 02:38:34,2017-12-07 20:44:30,2017-12-20 19:48:37,2018-01-02,49.99,15.1,1,1,65.09,1,1,4.0,1.0,b5ce74f4b3de9a2fc7271531081698fc,37501,itajuba,MG,16.160046296296297,28.334618055555556,0,65.09
a30f5af56b85e9f22df0e5686c66a627,5ef1f0dcf26b5aa4f4838ea2e1a9634c,delivered,2017-12-04 15:58:53,2017-12-06 02:39:26,2017-12-07 15:28:58,2017-12-27 14:47:30,2018-01-02,258.0,47.129999999999995,2,1,305.13,1,1,3.0,1.0,9340969888ebd51eb9177f0ce98903d3,11045,santos,SP,22.95042824074074,28.334108796296295,0,305.13
06ba91cdc30ac6c7181e933cf2135932,984a5b9aada81e4c24d25cf3f9d6c06e,delivered,2017-12-04 15:59:52,2017-12-05 04:13:20,2017-12-06 12:53:39,2017-12-27 11:38:51,2017-12-29,206.9,34.81,1,1,241.71,1,1,3.0,1.0,b085e215fff5ac47ba14f3a013e8e405,24340,niteroi,RJ,22.818738425925925,24.333425925925926,0,241.71
75d15ff9864a6a791fd0830a813aa491,5bcf4a14ed83773bd087b30811f9d576,delivered,2017-12-04 16:05:05,2017-12-04 17:41:08,2017-12-06 22:34:14,2017-12-12 23:28:47,2018-01-09,50.9,16.12,1,1,67.02,2,1,5.0,1.0,9acc55f5e1dfa32d5f67a4284c70cb9a,26290,nova iguacu,RJ,8.308125,35.32980324074074,0,67.02
79da07eae09f99db2aae509b6837bd28,4fa0515be30be843039b8c064e3e8cb3,delivered,2017-12-04 16:06:52,2017-12-05 04:18:29,2017-12-05 19:46:38,2017-12-07 15:58:53,2017-12-20,19.9,8.72,1,1,28.62,1,1,5.0,1.0,a9411bb77ab13d6e4bf09d0365f0dd7f,3030,sao paulo,SP,2.9944560185185187,15.328564814814815,0,28.619999999999997
fa464e66c13ab4ea69b7fb3c7888ea0c,8b3f585d9b903aef051c408e328385d8,delivered,2017-12-04 16:10:46,2017-12-06 02:50:04,2017-12-07 20:22:31,2018-01-03 19:07:05,2018-01-02,29.9,15.1,1,1,45.0,1,1,5.0,1.0,d843baaa44265fb074e00c8efab11995,28180,cardoso moreira,RJ,30.12244212962963,28.32585648148148,1,45.0
fbf9b050c89a7d7447452338455c8c0b,cb14515be745f34dde09f84a00534f80,delivered,2017-12-04 16:11:58,2017-12-04 17:41:19,2017-12-05 20:54:32,2017-12-16 00:25:02,2018-01-04,119.9,27.69,1,1,147.59,3,1,5.0,1.0,f4d7e33c14af99a4adf5113e4f70abf9,90840,porto alegre,RS,11.342407407407407,30.325023148148148,0,147.59
b89637ecd51070eb364f10bd952c2a79,09c17ca161dbd35f3e24a39d7273096e,delivered,2017-12-04 16:13:06,2017-12-04 18:01:50,2017-12-06 19:15:46,2017-12-20 16:46:47,2017-12-28,89.9,17.2,1,1,107.1,3,1,5.0,1.0,9989367e04a5131cec4f4ae8f3e5ed5a,21550,rio de janeiro,RJ,16.023391203703703,23.324236111111112,0,107.10000000000001
1000fcfbd3d7ba209ecd4e6cbddf839f,6d0a1202f51fe7aab56facf944770117,delivered,2017-12-04 16:18:28,2017-12-06 16:16:26,2017-12-08 21:38:47,2017-12-18 19:19:11,2017-12-20,59.9,11.73,1,1,71.63,4,1,4.0,1.0,2d6406ef6004f670d7d4fdf0d7ee1e32,6852,itapecerica da serra,SP,14.125497685185184,15.320509259259259,0,71.63
75086a2f175d1548f12ffd72be9d06a7,69d1ab2fd89df4745d920bbb77e5d50f,delivered,2017-12-04 16:22:29,2017-12-05 04:15:39,2017-12-08 02:43:04,2017-12-21 22:27:07,2017-12-28,471.8,37.86,2,1,509.66,1,1,4.0,1.0,886fcfa9e4ca8563543bb87e4e6c94ec,22710,rio de janeiro,RJ,17.25321759259259,23.317719907407408,0,509.66
df53ed4b08a845497e1f9aafa11fb2a4,4ce61c57eb2e8e258d147e54962be85f,delivered,2017-12-04 16:23:00,2017-12-04 17:32:00,2017-12-06 22:47:03,2018-01-15 19:32:42,2018-01-02,34.99,16.11,1,1,51.1,1,1,3.0,1.0,3e5ee8103851f41a670a19508f6dea87,81130,curitiba,PR,42.13173611111111,28.31736111111111,1,51.1
5ba21533e60885205be101ecad275f4e,5880d8ea9ca4bc5e803b7287ca1b3eff,delivered,2017-12-04 16:23:43,2017-12-04 17:32:04,2017-12-13 19:37:57,2017-12-17 15:51:26,2017-12-20,21.15,13.08,1,1,34.23,3,1,5.0,1.0,6eb547f8501c0ab4e24020e88206534b,6172,osasco,SP,12.977581018518519,15.316863425925925,0,34.23
db0cb41e34ca5f61481ed9127f70379c,0bc54a02fdbcb70408167af288be3dc3,delivered,2017-12-04 16:24:13,2017-12-04 17:32:06,2017-12-05 18:12:22,2017-12-30 18:41:57,2018-01-04,94.5,17.94,1,1,112.44,3,1,5.0,1.0,e9710c8ff387bd8030f5665e90e7c019,60530,fortaleza,CE,26.095648148148147,30.316516203703703,0,112.44
27ee14d1c38daee265f97e4a6a63c4da,a3f5324ac97b5118b3ba3b5730d35502,delivered,2017-12-04 16:26:31,2017-12-05 16:42:17,2017-12-07 19:48:45,2017-12-14 20:17:20,2017-12-29,169.9,18.44,1,1,188.34,4,1,5.0,1.0,2c92ae7e6fe404b100ce9b1416ca103a,38180,araxa,MG,10.160289351851851,24.314918981481483,0,188.34
2d6e7665b6e34b4c1531c9e06517b1f9,8133147c1bfe4c00340064eaa286d0b7,delivered,2017-12-04 16:28:25,2017-12-04 17:32:13,2017-12-07 22:37:07,2017-12-20 00:35:31,2017-12-27,177.0,40.29,3,1,217.29,3,1,5.0,1.0,894a2fac1dcb705a1e4097b8a9131e90,16400,lins,SP,15.33826388888889,22.31359953703704,0,217.29
a5f588c27a89f3717988ca093e02ba3d,3d548ea6abcd37bef66b58e1360ff8d5,delivered,2017-12-04 16:29:28,2017-12-04 17:50:53,2017-12-09 00:04:15,2018-01-13 01:13:42,2018-01-08,193.9,16.11,1,1,210.01,8,1,1.0,1.0,55a36ff7f14abc01688647c613b35836,94010,gravatai,RS,39.36405092592592,34.31287037037037,1,210.01
6c0537a01fc638909ee26a49faa4c8a6,4116eb214c694f5b5954183ea63a064f,delivered,2017-12-04 16:29:43,2017-12-04 17:32:04,2017-12-07 02:11:58,2017-12-18 20:16:50,2017-12-27,39.9,11.85,1,1,51.75,1,1,5.0,1.0,a1376042f98448a726eca6cb9415a026,13950,lindoia,SP,14.157719907407408,22.31269675925926,0,51.75
ddf152f3a1ae9f5a3b04e84c0ce0f139,e2ffe107e1af0d0e1d3e19e0dee88cc3,delivered,2017-12-04 16:34:11,2017-12-04 17:46:52,2017-12-12 01:55:32,2017-12-22 19:38:58,2017-12-29,39.97,15.1,1,1,55.07,5,1,1.0,1.0,cfe262da3bb5a3c77b6580f2b788a3dd,27267,volta redonda,RJ,18.128321759259258,24.30959490740741,0,55.07
07c8d74971a3302f6e7d2b0017ffb295,291c7755bcceedb88a87d99fe1d22305,delivered,2017-12-04 16:48:04,2017-12-05 04:17:30,2017-12-07 17:53:40,2017-12-29 14:03:54,2018-01-04,37.8,37.87,1,1,75.67,1,1,4.0,1.0,d519504f48c087a0743d9c9c7a48a65f,88066,florianopolis,SC,24.88599537037037,30.299953703703704,0,75.66999999999999
7da78752e9ddd817f22933c2763db33c,cf23b7f0eb89c7d7d05dfcd8671ade01,delivered,2017-12-04 16:54:08,2017-12-05 18:53:23,2017-12-07 13:43:35,2017-12-20 19:33:17,2018-01-02,69.9,18.06,1,1,87.96,1,1,5.0,1.0,309a2dd508063b66704ebdd088d35586,21765,rio de janeiro,RJ,16.110520833333332,28.29574074074074,0,87.96000000000001
0a03ed20390f0245ab850bea4186190d,3fc5a0dbd1c9b084cb85b7f2a1ebdffa,delivered,2017-12-04 16:55:03,2017-12-04 18:30:27,2017-12-07 13:26:52,2017-12-23 10:44:33,2017-12-27,170.0,16.82,1,1,186.82,1,1,5.0,1.0,1fa5b2d41d572f019ebe025f76fd31fc,8120,sao paulo,SP,18.742708333333333,22.29510416666667,0,186.82
6255b494d1f33dd8dc68c7e80c4a7119,7676a6b51ce4574665467c5c9987eea0,delivered,2017-12-04 16:55:45,2017-12-04 18:30:43,2017-12-06 20:43:02,2017-12-21 00:58:51,2017-12-29,166.99,34.83,1,1,201.82,2,1,5.0,1.0,60a8f07a020811e2aa71db30557283b8,64049,teresina,PI,16.335486111111113,24.294618055555556,0,201.82
c5e13c21c49b30c15c64f761f68ed8c2,9dada6035f2fa20b18915fdc4067a378,delivered,2017-12-04 16:58:17,2017-12-04 18:30:29,2017-12-16 00:28:46,2017-12-29 14:40:34,2018-01-09,149.67000000000002,35.54,3,1,185.21,4,1,5.0,1.0,c1977e8e3ea0900e70cd1dd70123d382,15503,votuporanga,SP,24.904363425925926,35.292858796296294,0,185.21
1b6c00256bc49004b1d059039306c08e,37e8d4bfba774a6a343e5c89275e969d,delivered,2017-12-04 17:01:06,2017-12-04 17:46:50,2017-12-05 20:39:06,2017-12-11 15:42:49,2017-12-20,289.9,10.22,1,1,300.12,10,1,4.0,1.0,da2b78576894a7f95d45bfd20250cc54,4195,sao paulo,SP,6.945636574074074,15.290902777777777,0,300.12
c63664068aa3636080c2cd77c53971ab,66e8039d5fddd75067de6b08e4bb22e7,delivered,2017-12-04 17:01:15,2017-12-04 17:46:53,2017-12-05 21:48:35,2017-12-22 20:09:32,2017-12-28,49.9,20.84,1,1,70.74,1,1,5.0,1.0,bf6d9bf8866ac722b1033fe81229a233,38304,ituiutaba,MG,18.130752314814814,23.29079861111111,0,70.74
90fdc874aae30f20d38d3cf1cd9161fb,fa53ffc93cf481ff930973da9e244a6e,delivered,2017-12-04 17:04:43,2017-12-04 17:46:55,2017-12-07 23:57:38,2017-12-14 16:43:38,2018-01-04,39.9,25.19,1,1,65.09,3,1,5.0,1.0,6b3bb727517aec7a9dbcd67203e2142f,18530,tiete,SP,9.985358796296296,30.288391203703704,0,65.09
83a022cc4e851507e14012a90fedcd0e,0c3060b6e196ea68986b130a86c8ea08,delivered,2017-12-04 17:06:08,2017-12-07 15:31:53,2017-12-08 22:21:47,2017-12-23 14:51:31,2018-01-04,1299.9,25.54,1,1,1325.44,8,1,1.0,1.0,b9aad088d2ce9501d59cae5754b67226,22410,rio de janeiro,RJ,18.906516203703703,30.287407407407407,0,1325.44
fe5b3ffa54be85dd8cb2ad61db914ef5,2d95ed08f50028787ce6807bb7d32462,delivered,2017-12-04 17:08:27,2017-12-04 18:30:33,2017-12-06 17:39:22,2017-12-07 15:56:43,2017-12-20,13.99,7.78,1,1,21.77,1,1,3.0,1.0,80444e31ba7dd658885071a683f4b9b5,5348,sao paulo,SP,2.9501851851851852,15.285798611111112,0,21.77
ae550b099f8ea61e735f4d415511caa4,9e4e0a6bcb1f18dde9f42bf20dc4383d,delivered,2017-12-04 17:08:30,2017-12-04 18:30:43,2017-12-05 18:22:39,2017-12-12 11:59:02,2017-12-27,89.99,26.25,1,1,116.24,1,1,5.0,1.0,bcb87af6b44d2f2057d85c4bee1e0af1,39402,montes claros,MG,7.7850925925925925,22.285763888888887,0,116.24
512e1bc04cba5e60dd9771fd860c6dd0,8df603ac3530342b1e7e0a21b93f2334,delivered,2017-12-04 17:10:05,2017-12-04 18:30:42,2017-12-06 15:54:56,2017-12-26 17:48:59,2017-12-27,24.9,14.1,1,1,39.0,1,1,2.0,1.0,89bf4c1e2972962cda19cad7069eee5c,20780,rio de janeiro,RJ,22.027013888888888,22.284664351851852,0,39.0
db7c9efd30a82868a11d00a5c5bf2050,890cec1fa7f78339876c002658b35b13,delivered,2017-12-04 17:11:11,2017-12-04 18:30:28,2017-12-05 22:18:52,2017-12-12 23:17:40,2018-01-08,75.0,23.4,1,1,98.4,2,1,5.0,1.0,80ceb93ce82442cfa24d160d6a41f911,44895,barro alto,BA,8.254502314814815,34.28390046296296,0,98.4
e2493d49c7ac426207fb7575814ebbd4,660e0dca520294ab5ff435d0298627f9,delivered,2017-12-04 17:16:55,2017-12-04 18:30:31,2017-12-05 21:37:09,2017-12-21 21:17:08,2018-01-09,27.99,17.63,1,1,45.62,1,1,5.0,1.0,f2beb52a2427676390b75433a5a03bf7,66630,belem,PA,17.166817129629628,35.27991898148148,0,45.62
7c74b6a47ffad9deb24bd2a1f0b0acc5,95e4216612b16855852e2b9efa6174d2,delivered,2017-12-04 17:22:31,2017-12-04 18:30:27,2017-12-06 12:19:01,2017-12-14 17:46:49,2018-01-04,38.25,16.11,1,1,54.36,5,1,1.0,1.0,d88c9fc62a77d7da24759ba8cd96a2a8,17320,mineiros do tiete,SP,10.016875,30.276030092592592,0,54.36
372072460d5ca7c6a3cd1f155aa97205,034b8eb08858f93308717bfab30b54ba,delivered,2017-12-04 17:23:57,2017-12-04 18:30:29,2017-12-08 15:14:58,2017-12-20 23:26:00,2017-12-29,127.9,16.53,1,1,144.43,4,1,5.0,1.0,dc691fc6a36871dce71e9b32490a4362,13183,hortolandia,SP,16.25142361111111,24.275034722222223,0,144.43
775130c792f4c6460c63162e994a1114,d4cd9729eeca5306a2c039fe6e55601e,delivered,2017-12-04 17:24:57,2017-12-04 18:30:29,2017-12-05 16:09:06,2017-12-11 18:52:10,2018-01-04,257.6,15.67,1,1,273.27,2,1,5.0,1.0,8689753ac05594f16b97e8bd556b50b0,82100,curitiba,PR,7.0605671296296295,30.274340277777778,0,273.27000000000004
5b181a5480a2873bf4689add4630e731,820bf18651a64c92a919cf664e31635c,delivered,2017-12-04 17:24:58,2017-12-04 18:30:40,2017-12-05 22:42:17,2018-01-04 21:32:52,2017-12-27,179.9,15.01,1,1,194.91,8,1,1.0,1.0,cb57be427d5e8c06c10cdd1540df1e00,22260,rio de janeiro,RJ,31.17215277777778,22.274328703703702,1,194.91
b6d796dfb465b5a87da9b088c718ce2f,27e4e9e54add87b994001667ceb67802,delivered,2017-12-04 17:33:25,2017-12-04 18:30:29,2017-12-05 22:48:34,2018-01-10 19:53:07,2018-01-10,59.9,37.97,1,1,97.87,1,1,5.0,1.0,4184ad10db5291e0ecf30e411804d1a0,68515,parauapebas,PA,37.09701388888889,36.26846064814815,1,97.87
7af0cdfa3882b66c59014380a20ef7b6,2fbffc4b0be525d79262bcd945b22f10,delivered,2017-12-04 17:36:05,2017-12-05 04:17:38,2017-12-06 23:33:00,2017-12-07 21:06:52,2017-12-20,318.0,39.900000000000006,3,1,357.9,1,1,5.0,1.0,82da75145ef6670c4f592dac3742fcc3,4615,sao paulo,SP,3.146377314814815,15.266608796296296,0,357.9
b0cd372b41f6018f304af6f43ae39a23,ec4765cbacb56a164019e928c3a0c834,delivered,2017-12-04 17:38:37,2017-12-05 04:19:22,2017-12-07 21:23:15,2017-12-16 11:29:24,2017-12-27,54.0,16.63,1,1,70.63,1,1,4.0,1.0,414de8d7982266d94e969dd4a8f8b0a1,4446,sao paulo,SP,11.743599537037037,22.264849537037037,0,70.63
a4df4e468e42ed5687c3ee2e925239a7,e5e50b9e762526a12499a7bb4e97a862,delivered,2017-12-04 17:42:45,2017-12-04 17:56:23,2017-12-08 21:38:48,2017-12-15 23:42:41,2017-12-28,198.0,15.14,1,1,213.14,1,1,5.0,1.0,0c4266dc13e119f7b8d87ec0f31f3439,29055,vitoria,ES,11.249953703703703,23.261979166666666,0,213.14
4faae91a65b5f993113cb0c78ca14a61,75f2aa057dcfd5d621262193e3db1d34,delivered,2017-12-04 17:48:47,2017-12-04 18:30:29,2017-12-07 18:18:53,2018-01-12 20:27:54,2018-01-12,699.0,33.29,1,1,732.29,6,2,4.0,1.0,dcee1e44ded6f1bfc5b4988d771243da,66085,belem,PA,39.11049768518519,38.257789351851855,1,732.29
db75b87461daf92c7fdf7310f347d229,31b09f351f1304b76f05c3e4039b4699,delivered,2017-12-04 17:49:44,2017-12-06 02:38:30,2017-12-12 22:26:31,2017-12-18 22:14:33,2017-12-20,89.9,11.83,1,1,101.73,1,1,4.0,1.0,9ce65b8b5abf4f8eb9c36d54903bf746,9550,sao caetano do sul,SP,14.183900462962963,15.25712962962963,0,101.73
7e8802ecbf8198fcf26de06bcc322bdb,2c688f6c105821606c7da166bd9cf1c6,delivered,2017-12-04 17:51:29,2017-12-04 18:41:16,2017-12-06 00:07:23,2017-12-11 18:49:03,2017-12-20,49.9,8.72,1,1,58.62,1,1,5.0,1.0,c863a74eeaff8a2d568224e1ed13f7d3,18108,sorocaba,SP,7.0399768518518515,15.255914351851851,0,58.62
b9f3d81dec070aef9c5771e70dc92db3,d2fe8998471080908e07c6779af016c9,delivered,2017-12-04 17:54:28,2017-12-04 18:41:16,2017-12-05 23:36:58,2018-01-13 18:42:52,2018-01-02,59.0,17.69,1,1,76.69,5,1,1.0,1.0,3c0f2fac33b61ab0a9b41c081177ac4c,60050,fortaleza,CE,40.033611111111114,28.253842592592594,1,76.69
445b8011d509adb520744d60fed763d1,fe890e9b4328e3ccf632960b3f2b51bf,delivered,2017-12-04 17:58:27,2017-12-04 19:30:58,2017-12-06 22:14:40,2018-01-04 02:32:56,2017-12-27,52.0,30.2,2,1,82.2,1,1,2.0,1.0,40e1a93e92c863ceba81c6c354a1e85c,22793,rio de janeiro,RJ,30.357280092592593,22.25107638888889,1,82.2
b8bc096276da825befb6af5ded96e9b5,48a1b54742262ac81d42d7f93f24c126,delivered,2017-12-04 17:59:38,2017-12-06 02:50:46,2017-12-06 18:23:30,2017-12-15 22:39:08,2017-12-27,63.99,12.79,1,1,76.78,1,1,4.0,1.0,0f797cf140655496bd557723ba28d46c,6395,carapicuiba,SP,11.194097222222222,22.25025462962963,0,76.78
4cf60bd5860098be664ba92156f05393,4ce6643769113bdc9e222407b9f81c63,delivered,2017-12-04 18:01:31,2017-12-04 19:30:45,2017-12-07 00:43:10,2017-12-12 12:09:00,2017-12-29,56.99,14.15,1,1,71.14,1,1,5.0,1.0,333efe25a35b49fd25bca590a6b60203,33600,pedro leopoldo,MG,7.75519675925926,24.24894675925926,0,71.14
db3fc84b6b11b4b4c892442161860ca9,e9ea17f127953c48d771b37a514d2d66,delivered,2017-12-04 18:07:49,2017-12-06 02:50:17,2017-12-08 02:28:46,2017-12-18 23:44:58,2018-02-13,59.9,35.74,1,1,95.64,1,1,5.0,1.0,a089667d283bbe41223a6649741f3d84,77555,fatima,TO,14.234131944444444,70.24457175925926,0,95.64
0ec373cccbb9d0a08243467c9d81a0c5,a5e6ac3a5ce38448f898c1d7f60ee6e1,delivered,2017-12-04 18:10:46,2017-12-06 02:35:26,2017-12-08 18:09:26,2017-12-21 18:08:07,2018-01-02,89.9,28.01,1,1,117.91,1,1,5.0,1.0,bbf8e004f0bc05caf5d2214ef1245220,40415,salvador,BA,16.998159722222223,28.24252314814815,0,117.91000000000001
5f9c72fbeefadbfcdd02d45c45fc3a73,8ff43deb04fdc5eb54b79b7c71d7d4bb,delivered,2017-12-04 18:12:12,2017-12-04 19:24:38,2017-12-07 17:13:08,2017-12-12 20:22:28,2018-01-02,129.9,15.66,1,1,145.56,3,1,5.0,1.0,0583a3227ed3f4f3c348e5e25b3dd9a5,36940,santana do manhuacu,MG,8.090462962962963,28.241527777777776,0,145.56
977f75be9ecd1050220bf0c1ee226bda,03cd896233134f9feda7bd1c0eddc7be,delivered,2017-12-04 18:15:26,2017-12-04 19:24:39,2017-12-08 15:52:32,2018-01-05 19:10:44,2018-01-05,120.0,20.08,1,1,140.08,7,1,4.0,1.0,82706b31a7656f55e779afde22132a8e,40050,salvador,BA,32.038402777777776,31.23928240740741,1,140.07999999999998
d7b5f5a646cd59806a9e62d58f59fd75,119a9ef452d2d57f1e9273cb14ad7f20,delivered,2017-12-04 18:21:14,2017-12-04 19:04:42,2017-12-05 22:29:07,2017-12-18 21:52:05,2017-12-28,16.9,14.1,1,1,31.0,2,1,4.0,1.0,8855a1f48c0ea03eda049ae80ec56bfb,13340,indaiatuba,SP,14.14642361111111,23.23525462962963,0,31.0
db37f3a504d63cd9e2fb6133c80e0219,e64980ce00332f614cfa01af778368e4,delivered,2017-12-04 18:22:26,2017-12-06 19:53:37,2017-12-08 22:03:24,2017-12-18 19:44:53,2018-01-02,129.99,17.16,1,1,147.15,1,1,5.0,1.0,201cf05e934312a524afa65a6565b795,4058,sao paulo,SP,14.057256944444445,28.234421296296297,0,147.15
36c837ea192cfeb737b78024800b3cb3,ecea568a35aa58467c5aff2899f5a6af,delivered,2017-12-04 18:24:26,2017-12-05 09:31:50,2017-12-07 19:44:51,2017-12-20 19:59:21,2017-12-29,99.0,33.08,1,1,132.08,1,1,3.0,1.0,42ed99c63104872f8fcc48883f338d56,22730,rio de janeiro,RJ,16.065914351851852,24.233032407407407,0,132.07999999999998
08652363092b158440e2422e7c3ccaf4,03b3813a78be4cf5205e70977ad78d29,delivered,2017-12-04 18:26:12,2017-12-04 19:04:48,2017-12-11 19:48:52,2017-12-19 01:15:07,2018-01-04,64.89,17.7,1,1,82.59,1,1,5.0,1.0,8941047a0d54f59366a66ba79806ae9b,86600,rolandia,PR,14.283969907407407,30.231805555555557,0,82.59
d29833e31d88e77ae815681619836ae6,be14f9b446135f0def08472c7be6c2c9,delivered,2017-12-04 18:28:06,2017-12-06 02:39:38,2017-12-08 02:43:10,2017-12-21 21:55:51,2017-12-28,39.99,14.1,1,1,54.09,1,1,5.0,1.0,910ee72b8012e94d1bf3f1f9860796f3,29154,cariacica,ES,17.144270833333334,23.230486111111112,0,54.09
ea3e7bb7fc6c485a1238f0c21e10ab0b,bb549de0741a314e90aef28db45719d2,delivered,2017-12-04 18:32:03,2017-12-04 19:14:17,2017-12-06 21:47:16,2017-12-21 23:54:27,2017-12-27,21.9,11.85,1,1,33.75,1,1,1.0,1.0,9f7f71bbb7371b5e4b3b54a276dec986,11680,ubatuba,SP,17.22388888888889,22.227743055555557,0,33.75
4e9ff1cf3de62fe0f78482fb03f190f1,a169caa335df070f315a2434fc6f5587,delivered,2017-12-04 18:43:34,2017-12-05 04:11:58,2017-12-05 19:13:02,2017-12-14 00:16:15,2017-12-28,412.0,23.72,1,1,435.72,1,1,5.0,1.0,ee29767d4a6d680a395744537ba96b85,5417,sao paulo,SP,9.231030092592592,23.21974537037037,0,435.72
e471b8e7eaa8fd21277e359033828817,6f48e6b45dd4260e3067e65407358d65,delivered,2017-12-04 18:51:11,2017-12-04 19:45:06,2017-12-07 23:53:02,2017-12-14 01:22:43,2017-12-26,140.0,9.73,1,1,149.73,2,1,5.0,1.0,07eb0cbb880bbc6f91711079f76bc95f,5864,sao paulo,SP,9.271898148148148,21.21445601851852,0,149.73
993700cc0c9685feb14c9aa73eafe294,dc21bd4b938e8ab08f5e6fa92de187e0,delivered,2017-12-04 18:52:48,2017-12-04 19:45:05,2017-12-07 15:49:07,2017-12-26 19:49:01,2017-12-27,396.0,57.76,4,1,453.76,6,1,5.0,1.0,d2ecc28fac1b377eefe7b209a895626a,22725,rio de janeiro,RJ,22.03903935185185,22.213333333333335,0,453.76
4c48c455b847c7a5d291a519e1e42d28,8001a46c331af9144942c30dc5b12141,delivered,2017-12-04 18:58:06,2017-12-06 18:51:26,2017-12-11 23:35:35,2018-01-09 22:25:59,2018-01-04,24.99,34.15,1,1,59.14,2,1,4.0,1.0,192469a3c6edc7f642f1ca0f6ede8c0b,64280,campo maior,PI,36.144363425925924,30.209652777777777,1,59.14
6644dceea3b42c405236d956eea44d70,76da52ccb9bf4415fa103e64a5a027db,delivered,2017-12-04 19:07:14,2017-12-04 19:30:44,2017-12-06 00:07:28,2017-12-08 17:48:50,2017-12-20,99.9,9.51,1,1,109.41,1,1,5.0,1.0,b031092bf5cb42969d3b234ff05965e7,5005,sao paulo,SP,3.9455555555555555,15.203310185185185,0,109.41000000000001
302ba220a9388d22b3f036a1b9919b3f,1bb24fe0dc7571ac3c3846460c93edff,delivered,2017-12-04 19:12:17,2017-12-06 12:30:43,2017-12-05 23:47:32,2018-01-23 00:52:54,2018-01-02,159.9,21.61,1,1,181.51,1,1,1.0,1.0,4ed6f838ded54fddab3d9d614a0c7b0d,28300,itaperuna,RJ,49.23653935185185,28.199803240740742,1,181.51
fed8a749f5633fa9f58ed475eb2c5cef,3d58bf9be1514f3002aeefccf9746d26,delivered,2017-12-04 19:13:48,2017-12-04 19:30:16,2017-12-06 23:12:51,2017-12-21 12:39:50,2017-12-20,81.2,11.77,1,1,92.97,3,1,1.0,1.0,2a58bec493dc5a78d8bded85c515b96b,13050,campinas,SP,16.726412037037036,15.19875,1,92.97
a2d61fcc6a85b2662e5ba230a206dd72,fc8bd7a118ce62013dc46aecf4bd3be3,delivered,2017-12-04 19:17:13,2017-12-04 19:30:15,2017-12-06 00:51:24,2017-12-11 19:07:25,2017-12-29,81.2,16.82,1,1,98.02,4,1,2.0,1.0,0e8dd70c9505e11767576dd8d55f4ddf,73252,brasilia,DF,6.993194444444445,24.196377314814814,0,98.02000000000001
32246337a2acef34f1c9b793e13032d5,7438ff3aefb340ad9c04d0a5b1cec14c,delivered,2017-12-04 19:18:09,2017-12-04 19:30:18,2017-12-05 19:27:30,2017-12-07 15:37:13,2017-12-20,94.0,14.26,1,1,108.26,5,1,5.0,1.0,db1dff2c1730fced7d834d9b28edbeae,1532,sao paulo,SP,2.846574074074074,15.195729166666666,0,108.26
525e80907574dfabd0d59adfaa107f89,69ac0bfbf88374692b7bc46fa05cb5a0,delivered,2017-12-04 19:18:25,2017-12-04 19:31:54,2017-12-06 19:15:44,2017-12-12 21:17:03,2018-01-04,34.9,15.11,1,1,50.01,1,1,5.0,1.0,ef008c5b0b06a91f85bc4b6a424e2112,9710,sao bernardo do campo,SP,8.082384259259259,30.19554398148148,0,50.01
3bd0bb2ff89d41d457919c9734c2a1a5,4ca73986cd53bab1a0667f59c368eb5b,delivered,2017-12-04 19:18:27,2017-12-05 04:15:26,2017-12-05 22:44:50,2017-12-07 18:57:46,2017-12-20,179.9,9.45,1,1,189.35,1,1,5.0,1.0,77d7edb12f1953a384bb3d90236c2d87,3804,sao paulo,SP,2.985636574074074,15.195520833333333,0,189.35
50416a6ca6208fb73d89725949591dbb,fde6dcf6c2599f15ce2847cd32677883,delivered,2017-12-04 19:22:50,2017-12-04 19:33:23,2017-12-05 18:54:29,2017-12-18 18:27:11,2017-12-29,54.9,16.14,1,1,71.04,1,1,4.0,1.0,c10a7d9e6cd783c08d361319a5b7f396,6720,cotia,SP,13.961354166666666,24.19247685185185,0,71.03999999999999
79bacd435c482bfb47d57d11e21ddcac,b19bfa701ce8befc1b99b21afd3d2ad0,delivered,2017-12-04 19:25:12,2017-12-04 19:34:24,2017-12-05 21:04:11,2017-12-27 23:22:52,2017-12-27,39.99,14.1,1,1,54.09,1,1,4.0,1.0,ad3637501fc35bf4d75350616a818625,22470,rio de janeiro,RJ,23.165046296296296,22.190833333333334,1,54.09
8bc4af714d330b4c50ddabcce0550857,4c6e449385f395b15ff0c965aa99d400,delivered,2017-12-04 19:30:41,2017-12-05 04:12:24,2017-12-06 22:17:06,2017-12-13 22:14:52,2018-01-04,78.25,17.8,1,1,96.05,1,1,5.0,1.0,0f0ca903ef374e6e561ebbecbddc28c2,85260,manoel ribas,PR,9.114016203703704,30.187025462962964,0,96.05
56c07a8c954c56563cd630953dab3adb,e67ce987c6eed16599773cae6fa3ea2f,delivered,2017-12-04 19:31:15,2017-12-04 19:55:20,2017-12-05 18:23:04,2017-12-19 11:28:40,2018-01-04,89.99,50.5,1,1,140.49,2,1,5.0,1.0,b76f989f526322dde5be714142af1844,87075,maringa,PR,14.664872685185186,30.186631944444443,0,140.49
3e35b1a875ebe62b6ee58472c56a28ab,19476944bc8ccb01f7644e3884c862e4,delivered,2017-12-04 19:35:11,2017-12-05 04:12:00,2017-12-06 21:39:08,2017-12-15 19:03:32,2017-12-27,53.5,11.87,1,1,65.37,1,1,5.0,1.0,7bf123bf9763c4606d3bf1423de0462b,12233,sao jose dos campos,SP,10.978020833333334,22.183900462962963,0,65.37
1dfbde97fe9eccbac2db9ab2f3d45a9b,2833849b1e99e5864d2c66c43a597abb,delivered,2017-12-04 19:37:21,2017-12-06 09:56:33,2017-12-08 15:13:23,2017-12-16 00:17:59,2017-12-27,334.9,13.84,1,1,348.74,6,1,3.0,1.0,ab5bd4e824f9d79728b35b8c37830677,13455,santa barbara d'oeste,SP,11.19488425925926,22.182395833333334,0,348.73999999999995
c2b069d5ec39e0542002c35099d4ed4e,b2284c8ca3597551ab478ae9e1558aaa,delivered,2017-12-04 19:43:16,2017-12-04 19:55:38,2017-12-06 16:24:41,2017-12-13 16:48:55,2018-01-05,99.9,19.94,1,1,119.84,5,1,4.0,1.0,52cea49a6eabf8b641b7546bc1fc17ab,35450,itabirito,MG,8.87892361111111,31.178287037037038,0,119.84
2ebae2ed985f7f0a3beb4fcb70fefa19,890c6e206d77271353668167a369a6e0,delivered,2017-12-04 19:43:40,2017-12-04 19:55:30,2017-12-06 00:08:30,2017-12-19 23:17:04,2017-12-22,289.99,13.73,1,1,303.72,4,1,5.0,1.0,91295ab5a7b86abeaa978546e3d652fc,30840,belo horizonte,MG,15.148194444444444,17.17800925925926,0,303.72
7d23dea62e7241762a980fbe316ff0f1,b6865a026e2cc18c57cb343b012f0cbd,delivered,2017-12-04 19:49:29,2017-12-04 19:58:25,2017-12-06 12:37:05,2017-12-15 16:18:53,2018-01-02,9.0,15.1,1,1,24.1,1,1,1.0,1.0,e50df7c0df2572adfd85379630438712,28895,rio das ostras,RJ,10.85375,28.173969907407407,0,24.1
fb12e9f8e4aa61f0bce6b3afc7694dcf,33ce94762a05c3a8bb9c97487c94b2d1,delivered,2017-12-04 19:56:20,2017-12-04 20:10:25,2017-12-06 23:28:06,2017-12-18 16:55:07,2017-12-27,59.0,13.43,1,1,72.43,2,1,4.0,1.0,d81785b6d65605aeef42c591602ac3f9,11370,sao vicente,SP,13.874155092592593,22.169212962962963,0,72.43
1089d5a6448a4ce3e457e66fea34ab1b,d23c612cd9d2a3ca8b182524cc3ed822,delivered,2017-12-04 20:06:04,2017-12-04 20:17:18,2017-12-05 23:16:32,2017-12-14 19:06:55,2017-12-27,99.8,25.38,2,1,125.18,5,1,4.0,1.0,30e164389cb9c5c8dbe2eaa06cfea833,7040,guarulhos,SP,9.95892361111111,22.162453703703704,0,125.17999999999999
f15840ec3f6712cd4c04becb8a3f9e2a,a5235b8f36e43a339ba4da18930ff55d,delivered,2017-12-04 20:09:14,2017-12-04 20:18:19,2017-12-05 23:34:45,2017-12-10 13:25:05,2017-12-27,29.9,11.85,1,1,41.75,1,1,5.0,1.0,42cf3a7b1d977080526b6af130c0d7be,12227,sao jose dos campos,SP,5.7193402777777775,22.16025462962963,0,41.75
b2f3bd57a44d7e2fb0fa3eeb5072cc90,8903c964ca8937927f6d200363326f97,delivered,2017-12-04 20:10:38,2017-12-04 20:18:23,2017-12-05 17:44:36,2017-12-14 21:07:38,2017-12-27,145.99,20.51,1,1,166.5,3,1,5.0,1.0,2a760561961593905af54c7be388919b,20241,rio de janeiro,RJ,10.039583333333333,22.159282407407407,0,166.5
ce0e053019fe2441df8363b9bf4208a7,eb0e5e03030a71a038d3e71bdbe82d86,delivered,2017-12-04 20:15:28,2017-12-04 20:35:14,2017-12-06 12:16:59,2017-12-14 17:26:49,2018-01-02,38.25,26.89,1,1,65.14,2,1,5.0,1.0,5c24d39d21e33208728bc83e7e09ab77,71936,brasilia,DF,9.882881944444444,28.155925925925924,0,65.14
b7ef6e87085339d9ef7be05148b8ea74,1e09987320988d8b3261d401a5d2c2f8,delivered,2017-12-04 20:17:01,2017-12-04 20:35:11,2017-12-07 12:42:09,2017-12-09 15:28:27,2018-01-16,125.0,53.47,1,1,178.47,8,1,1.0,1.0,cd78998a823aed40ab25f6044aad6ed4,36570,vicosa,MG,4.799606481481481,42.15484953703704,0,178.47
180d9087d153ffddea224f2996463f46,f581423e26b5520519407f034c1e5680,delivered,2017-12-04 20:19:08,2017-12-04 20:35:21,2017-12-05 16:57:54,2017-12-14 20:52:33,2018-01-02,179.99,45.72,1,1,225.71,1,1,5.0,1.0,082f8d0d83744f4fa435269cf705a07c,14708,bebedouro,SP,10.023206018518518,28.15337962962963,0,225.71
e760819ccdf8e117a260fa50842b4832,29c3f22c6edfc47931efa5af1f254fd8,delivered,2017-12-04 20:19:23,2017-12-04 20:35:15,2017-12-05 23:34:15,2017-12-12 23:36:41,2018-01-04,57.99,16.17,1,1,74.16,3,1,5.0,1.0,944468e73ac0ec81ddd80c7f0fe4f952,15410,cajobi,SP,8.13701388888889,30.153206018518517,0,74.16
d35ca5de99f9cb92be83a52973b5bbf6,9eca35b9c65ffe431d1159d7dc618355,delivered,2017-12-04 20:21:53,2017-12-04 20:35:19,2017-12-05 10:53:53,2017-12-06 17:54:51,2017-12-20,139.9,12.43,1,1,152.33,3,1,5.0,1.0,5540a5059478be29d0280d0c8c01345c,20775,rio de janeiro,RJ,1.8978935185185186,15.151469907407407,0,152.33
916d528035e91b8200b31e89ea89bef9,910a468080f5af3a6e7c626d0f247a75,delivered,2017-12-04 20:24:43,2017-12-06 20:32:26,2017-12-11 17:45:13,2017-12-20 18:19:38,2017-12-21,56.99,8.72,1,1,65.71,3,1,5.0,1.0,16bd767d18bf82bb09fc51520f7ea5ab,7011,guarulhos,SP,15.913136574074073,16.149502314814814,0,65.71000000000001
ef6572468642ad6f224c1991a17bc4a6,86af402b2d13ee2e3d2c50ae1ced6df0,delivered,2017-12-04 20:25:35,2017-12-04 20:35:22,2017-12-06 21:38:54,2017-12-19 00:38:17,2017-12-27,399.99,113.38,1,1,513.37,10,1,5.0,1.0,66520ddf514fd245907d76a567d68d9f,37136,alfenas,MG,14.17548611111111,22.148900462962963,0,513.37
0dd723c6398f43e82b3916b7f2cc8e59,b8d96d8d84e39605b6eea85eda6b080e,delivered,2017-12-04 20:28:03,2017-12-06 02:50:32,2017-12-09 16:48:59,2017-12-26 17:12:39,2018-01-09,118.0,35.32,2,1,153.32,1,1,1.0,1.0,d46f0f655659cbeb210db2a746b2554f,96600,cangucu,RS,21.864305555555557,35.1471875,0,153.32
3403652cfc8a16f52dee61e12bbf1734,51b18b1df1acca444689cf28ca0632d2,delivered,2017-12-04 20:29:17,2017-12-04 20:38:22,2017-12-05 23:04:24,2017-12-19 19:48:48,2017-12-27,45.0,15.1,1,1,60.1,2,1,4.0,1.0,d9d30bd89897b5cd46bf28d4b3cab528,20230,rio de janeiro,RJ,14.971886574074073,22.14633101851852,0,60.1
2e104824b1ffecb70c5195df299f4b13,c228df5bd4697feee670d93dbe4555c0,delivered,2017-12-04 20:31:42,2017-12-06 02:50:42,2017-12-07 00:43:07,2017-12-19 22:41:38,2017-12-27,59.99,12.76,1,1,72.75,1,1,4.0,1.0,fa80c2b23f24f7c047e1fe10c7429ffc,13220,varzea paulista,SP,15.090231481481482,22.14465277777778,0,72.75
7daeb81638f9bb0b663a58c811266726,d37c4c240e67390494ac98d9758eb7a7,delivered,2017-12-04 20:42:20,2017-12-04 20:54:50,2017-12-05 22:58:50,2017-12-07 19:44:45,2017-12-20,69.99,9.34,1,1,79.33,1,1,4.0,1.0,864ee5b3811408d7153069a1ce1aa05e,13030,campinas,SP,2.9600115740740742,15.13726851851852,0,79.33
8c48de2f61b3d074a30c7268fb8ca85b,5a57b1a20de176ef2c2e643e33c6a035,delivered,2017-12-04 20:42:58,2017-12-04 20:54:53,2017-12-07 19:32:49,2017-12-15 18:23:33,2017-12-27,79.9,16.81,1,1,96.71,1,1,5.0,1.0,0744ac42e60e9361733a3b8655a2760c,31340,belo horizonte,MG,10.90318287037037,22.136828703703703,0,96.71000000000001
fda5c50c453838651054465df87d595b,891127420859c1e1adc8991655549054,delivered,2017-12-04 20:45:39,2017-12-04 20:58:31,2017-12-06 02:32:52,2017-12-14 01:13:02,2018-01-04,190.83,16.09,1,1,206.92,3,1,5.0,1.0,078949217459bd39f3c9b6a2f5c7e314,35588,arcos,MG,9.185682870370371,30.134965277777777,0,206.92000000000002
70f2c5825ad1afe906cc0c4036a3593f,6a3e7d824a55ef5821a0e327c66cc979,delivered,2017-12-04 20:53:02,2017-12-04 23:30:57,2017-12-05 21:37:11,2017-12-19 19:32:59,2017-12-29,29.99,14.1,1,1,44.09,1,1,4.0,1.0,0326b453e609278b3b5251bcf3c157de,88035,florianopolis,SC,14.944409722222222,24.129837962962963,0,44.089999999999996
03d5b9a74ff46435640f8bd737ac2237,3985d677d82341e381758018d936ef49,delivered,2017-12-04 20:55:31,2017-12-05 08:31:04,2017-12-07 20:41:37,2017-12-12 10:42:21,2017-12-27,110.0,36.43,1,1,146.43,4,1,5.0,1.0,c297bb9230dc3152522d0c2b4caa7a1a,8773,mogi das cruzes,SP,7.574189814814815,22.128113425925925,0,146.43
1d4a32f1866625f4cb90fe725e7c504c,6def748a6dc9d98b0ed153595b1a6d10,delivered,2017-12-04 20:56:01,2017-12-05 08:30:47,2017-12-06 00:14:51,2017-12-07 20:39:48,2017-12-20,319.0,10.98,1,1,329.98,2,1,5.0,1.0,e7d31c3c461a556a40eab0165485179b,2276,sao paulo,SP,2.9887384259259258,15.127766203703704,0,329.98
46aed1a9166babaebbe7af749841b024,7ee49fee1a5d3c3c30f39ca51b1b367e,delivered,2017-12-04 21:01:36,2017-12-05 08:30:50,2017-12-05 22:57:06,2017-12-12 22:09:37,2018-01-02,59.9,16.18,1,1,76.08,1,1,5.0,1.0,2f5f9356cfae0215286f7daa363aa062,12070,taubate,SP,8.047233796296297,28.12388888888889,0,76.08
6c30e2815eb0730bf19b705661fc46e6,0a4de0e3a98545d94306bad0e1133fe4,delivered,2017-12-04 21:02:30,2017-12-05 08:30:47,2017-12-18 14:25:21,2017-12-30 16:53:28,2018-01-12,125.9,18.45,1,1,144.35,10,1,5.0,1.0,cf386df397c876cb57d61a8d13de83e9,38401,uberlandia,MG,25.827060185185186,38.123263888888886,0,144.35
b70023bffe55b2d36ea9ba3badb49622,99ef4e0aa84f8a7c85798e0555f76b19,delivered,2017-12-04 21:04:28,2017-12-05 08:31:18,2017-12-05 17:37:18,2017-12-19 21:52:40,2017-12-27,110.0,49.3,1,1,159.3,5,1,5.0,1.0,0fcc0f852fbe55be97c7b8f8fa5978a3,22270,rio de janeiro,RJ,15.033472222222223,22.121898148148148,0,159.3
696428244100d1ab711bc608f832e5ef,7c4f2e603bef4befd6c7ea4c855fc817,delivered,2017-12-04 21:08:51,2017-12-05 08:30:59,2017-12-08 19:48:48,2018-01-08 14:57:58,2018-01-08,154.9,50.95,1,1,205.85,7,1,,,274982276baf60dd351fd21c02101477,45836,itamaraju,BA,34.74244212962963,34.118854166666665,1,205.85000000000002
bace36fac7a5dc678fe74da327ffb295,acb90fc3f8c6dea937542c6bbd92aaed,delivered,2017-12-04 21:10:09,2017-12-06 02:50:19,2017-12-06 16:13:55,2018-01-04 23:35:32,2018-01-02,179.99,45.72,1,1,225.71,1,1,3.0,1.0,e8597995dbb64c21b761211b7f2f93e1,23587,rio de janeiro,RJ,31.10096064814815,28.11795138888889,1,225.71
a8347ba04591f966205182a1c99c310e,53e16f83735cfe02bf83ef6481ca241e,delivered,2017-12-04 21:11:15,2017-12-05 08:30:50,2017-12-05 19:29:01,2017-12-26 19:13:07,2017-12-29,46.0,16.11,1,1,62.11,1,2,5.0,1.0,1b6c7548a2a1f9037c1fd3ddfed95f33,38301,ituiutaba,MG,21.917962962962964,24.1171875,0,62.11
cfed34f41af534e5a559e99136d02ba5,ae3462b3c800713251a4735764c7f4bf,delivered,2017-12-04 21:12:17,2017-12-05 08:30:42,2017-12-05 21:35:58,2017-12-08 01:22:41,2017-12-20,169.9,8.44,1,1,178.34,3,1,5.0,1.0,eebbddafadac7e478032d6aba18ec6d4,13010,campinas,SP,3.173888888888889,15.116469907407408,0,178.34
c24eb1596ada91fe820fe0a5af003511,129f5be9b50b64a218f0fd8a06995a85,delivered,2017-12-04 21:15:21,2017-12-05 08:30:42,2017-12-07 19:32:50,2017-12-11 17:38:13,2017-12-20,109.9,8.02,1,1,117.92,1,1,4.0,1.0,b391286e1f982bdedd00bdce06c2d3c8,13289,vinhedo,SP,6.849212962962963,15.114340277777778,0,117.92
2f9461545e91fb9fde10a190a2986c34,3efca0204e57fb8a63a96188d66f3891,delivered,2017-12-04 21:21:14,2017-12-05 07:30:43,2017-12-05 19:28:50,2017-12-15 22:04:15,2017-12-27,499.0,48.96,1,1,547.96,6,1,5.0,1.0,3768f360e396c0a944ccfb76b5b39bbc,23092,rio de janeiro,RJ,11.029872685185186,22.11025462962963,0,547.96
fc9c537fba757ca3bd69bf11f7e8cda7,957bbe2d1874d4862a7b3c2b3d80f3f7,delivered,2017-12-04 21:24:24,2017-12-05 10:30:48,2017-12-08 16:39:04,2017-12-29 20:47:10,2018-01-04,79.0,17.8,1,1,96.8,1,1,5.0,1.0,89c8a3640f26f91454d56890c470adbf,89211,joinville,SC,24.974143518518517,30.108055555555556,0,96.8
cb377b36915d19e7cab97dd57c5055aa,adba4f965e4f017e8b864969ef87cdce,delivered,2017-12-04 21:25:26,2017-12-05 10:30:58,2017-12-05 22:36:49,2017-12-07 19:13:52,2017-12-20,29.0,9.27,1,1,38.27,1,1,5.0,1.0,91011cf0da840d9e7f42582fb3fdceb3,4309,sao paulo,SP,2.908634259259259,15.107337962962964,0,38.269999999999996
706a381b79e44be10223ef1a12a71d8f,ea1a7e568d29b9c22eb2c99be8c93243,delivered,2017-12-04 21:26:17,2017-12-05 10:30:56,2017-12-05 23:34:53,2017-12-28 20:45:19,2018-01-02,233.0,16.39,1,1,249.39,3,1,5.0,1.0,8ff56a38095961259a4e61b19df3cf85,88025,florianopolis,SC,23.971550925925925,28.106747685185184,0,249.39
e0fe96cb5635977938491ccfe7cd60f0,d81f3fa255fdfa20d57eaf95528b9533,delivered,2017-12-04 21:26:41,2017-12-05 10:30:44,2017-12-09 17:54:26,2017-12-14 15:13:59,2017-12-27,59.0,13.43,1,1,72.43,4,1,5.0,1.0,7f38d02baffe26c567bb9a37c0d08104,4346,sao paulo,SP,9.741180555555555,22.10646990740741,0,72.43
e9adbbfe62f8fc9d144a614576ac5ee3,327903ed892960427ddf44230b0730c0,delivered,2017-12-04 21:26:49,2017-12-05 09:30:45,2017-12-05 21:32:06,2017-12-11 15:38:59,2017-12-26,25.0,7.78,1,1,32.78,1,1,4.0,1.0,40e05afff57024eaee66c6f546efe1e0,9090,santo andre,SP,6.758449074074074,21.106377314814814,0,32.78
0ab8d66a698afcb3665ba9be03cedc6d,2ffc88ec5e8f0015074628574fdee23c,delivered,2017-12-04 21:30:05,2017-12-05 10:30:41,2017-12-12 21:54:43,2017-12-13 20:05:20,2017-12-20,89.9,11.83,1,1,101.73,1,1,3.0,1.0,30b6fe5fb355877c7bded1817219d96c,5812,sao paulo,SP,8.941145833333334,15.104108796296297,0,101.73
210bc4b9c2323ee8e4e138be5ba0a9ef,77abfb6aeb8006c4ae021f20ad8ad3cd,delivered,2017-12-04 21:31:08,2017-12-05 09:30:56,2017-12-06 13:33:04,2017-12-18 22:14:44,2018-01-03,69.9,15.24,1,1,85.14,1,1,4.0,1.0,fd45f225d5bbef5400d9c080788feeb2,6851,itapecerica da serra,SP,14.030277777777778,29.10337962962963,0,85.14
20e7aeef769c8bce239b914e5cc7c48a,3a244dad3b1bdb9cbe87b7572a55b654,delivered,2017-12-04 21:35:22,2017-12-05 10:30:53,2017-12-05 18:59:14,2017-12-07 15:09:16,2017-12-20,89.9,11.83,1,1,101.73,1,1,5.0,1.0,933e593e4b63129468972275cd29656e,9260,santo andre,SP,2.731875,15.100439814814814,0,101.73
812114e24682287b1f3eb86f112707de,de94552cb07b7cbb5219d1616580a65c,delivered,2017-12-04 21:36:35,2017-12-05 09:30:45,2017-12-07 15:19:17,2017-12-19 15:53:56,2017-12-28,79.9,15.32,1,1,95.22,1,1,4.0,1.0,3526e8083b82706f0a66e58c84044cab,32676,betim,MG,14.762048611111112,23.099594907407408,0,95.22
185ff6b80b6fa8165bfb804f4f3b186e,b4991c29412cab05b66fd60adb81dcbf,delivered,2017-12-04 21:40:48,2017-12-06 03:31:16,2017-12-06 17:18:54,2017-12-12 18:48:49,2017-12-22,156.0,8.35,1,1,164.35,1,1,4.0,1.0,4da44a87db9dbe7886446eadba5eec85,13334,indaiatuba,SP,7.88056712962963,17.096666666666668,0,164.35
cd0a8ee2798421842887f1233ecfe6ca,e4c3544a0f9071ef6f98c367d2e9e155,delivered,2017-12-04 21:44:30,2017-12-05 08:41:20,2017-12-11 20:04:14,2017-12-20 20:18:12,2017-12-27,229.04,22.61,1,1,251.65,5,1,5.0,1.0,e4400f94d5681c28d597b31d96b070bf,18760,cerqueira cesar,SP,15.940069444444445,22.09409722222222,0,251.64999999999998
9c76544bc3be770f1d1577a923ca28c5,2a8b8b802b0f77a6171588d4df9d9e77,delivered,2017-12-04 21:45:06,2017-12-05 08:41:18,2017-12-11 13:43:15,2017-12-15 21:24:50,2017-12-20,229.04,19.32,1,1,248.36,10,1,5.0,1.0,1da52648d2b613a73c7b5ffc667f411d,9710,sao bernardo do campo,SP,10.985925925925926,15.093680555555556,0,248.35999999999999
34c2e5cfc0bbfadbe4ed3e527e38e17e,306ffddde392e35b10426da5eb197e26,delivered,2017-12-04 21:45:23,2017-12-05 08:41:18,2017-12-05 21:42:33,2017-12-11 16:41:56,2017-12-20,48.95,9.34,1,1,58.29,1,1,5.0,1.0,7c2d59bee4efdc79ffa3dfbd0a1113e5,4111,sao paulo,SP,6.789270833333333,15.093483796296296,0,58.290000000000006
ffa5e4c604dea4f0a59d19cc2322ac19,665fe3b7ab435cda0fad0c3cbb1c51dd,delivered,2017-12-04 21:45:30,2017-12-05 08:41:20,2017-12-08 23:06:19,2018-01-03 18:53:16,2018-01-02,59.98,30.2,2,1,90.18,1,1,5.0,1.0,29d4565784c57f7afdd2d646af68f6d7,74085,goiania,GO,29.880393518518517,28.09340277777778,1,90.17999999999999
404e2c2a9c8b32e2c57597440e356f2f,43d6a236549309414a019142fee226f3,delivered,2017-12-04 21:49:26,2017-12-05 10:30:46,2017-12-08 17:18:27,2018-01-15 15:29:01,2018-01-02,169.9,57.86,1,1,227.76,5,1,1.0,1.0,fab210aeb81cf078319e0c5404e47bad,21911,rio de janeiro,RJ,41.73582175925926,28.090671296296296,1,227.76
b6ada13d6a3410de57d6f0268420de95,b49bc6198b41271f01eb19d926735803,delivered,2017-12-04 21:51:54,2017-12-05 10:30:50,2017-12-06 21:39:30,2017-12-07 19:32:35,2017-12-20,29.99,7.78,1,1,37.77,1,1,5.0,1.0,e61c0875b9c2aad711c8faeab36c7a21,7044,guarulhos,SP,2.903252314814815,15.088958333333334,0,37.769999999999996
56cbeec7ba721c09cf45937ec625f675,805c27c95b765919bfa4d7153a30eda8,delivered,2017-12-04 21:52:54,2017-12-05 10:30:45,2017-12-05 22:35:16,2017-12-08 17:14:40,2017-12-27,139.9,13.32,1,1,153.22,5,1,5.0,1.0,e87f0713f11e04c438f96adc52a333bb,19812,assis,SP,3.8067824074074075,22.08826388888889,0,153.22
da47f3e1d422ef0acfa45d3a81f0085f,d14b76c93d237241c52e0e6767feb42a,delivered,2017-12-04 21:53:42,2017-12-05 10:30:46,2017-12-06 16:58:51,2017-12-19 16:23:35,2018-01-02,52.5,14.12,1,1,66.62,1,1,4.0,1.0,4a88a750280bdba0dd1f167ae2b68bfd,71919,brasilia,DF,14.770752314814814,28.08770833333333,0,66.62
cba3306126337d8de821145b22b9b0e0,7f93efdaacb4248f93bdfec0686d3a8d,delivered,2017-12-04 21:55:40,2017-12-05 10:30:54,2017-12-08 20:53:50,2017-12-11 14:53:33,2017-12-20,48.3,8.27,1,1,56.57,1,1,5.0,1.0,a72b72235f0266c1b2eefbf2037c523f,13409,piracicaba,SP,6.706863425925926,15.086342592592592,0,56.56999999999999
9f4ce573c6972d238421b71f926abfa1,bc9df2892ccce8d1e8558c3e8013962c,delivered,2017-12-04 21:56:53,2017-12-05 10:30:54,2017-12-07 22:58:32,2017-12-20 23:18:50,2018-01-08,56.99,14.15,1,1,71.14,1,1,4.0,1.0,d526ae09900a4688e8f8febb10f72d69,26313,queimados,RJ,16.056909722222223,34.08549768518518,0,71.14
9dc7367f5323e820036ac781a73715ba,785cf1911a25ae32110c5f7d98c4a7b9,delivered,2017-12-04 21:57:16,2017-12-06 22:09:53,2017-12-07 21:37:10,2018-01-02 18:49:58,2018-01-05,29.0,15.79,1,1,44.79,4,1,5.0,1.0,7010733652739f8090f7bd78fecdbb25,43815,candeias,BA,28.869930555555555,31.085231481481483,0,44.79
db5f0d2b31255bbf42582d67727f1588,aae1194a13036a24c766a265bd81a7a5,delivered,2017-12-04 21:59:19,2017-12-05 10:30:50,2017-12-06 18:53:09,2017-12-12 20:44:56,2018-01-08,115.0,25.65,1,1,140.65,1,1,4.0,1.0,103fc8a5e3170bbe027aab9a3b92727c,89270,guaramirim,SC,7.9483449074074075,34.08380787037037,0,140.65
adc51b6b60ec7fe71a757fdf57f0e3b2,fb7681ad22514aecc8cc75fd507b63da,delivered,2017-12-04 22:02:12,2017-12-05 10:30:40,2017-12-05 18:32:04,2017-12-29 18:13:33,2017-12-29,394.65,17.51,1,1,412.16,3,1,4.0,1.0,798c34ffa9047399853eab8ca7c0b9a0,37200,lavras,MG,24.841215277777778,24.081805555555555,1,412.15999999999997
c1c7173565800e41c6701cfc4435f467,2f0d2cbd1ac4d6d80d7cbc6bc5f22160,delivered,2017-12-04 22:10:16,2017-12-05 10:30:45,2017-12-06 16:04:35,2017-12-21 10:35:24,2017-12-28,190.14,35.82,2,2,225.96,8,1,5.0,1.0,7842fedad651fb80cd89f428e34e83e9,21515,rio de janeiro,RJ,16.517453703703705,23.076203703703705,0,225.95999999999998
3e5d60bbe5a6016db3afe77e64b4ea16,46ec73876cebebf34f06e8e1d4c3cb4b,delivered,2017-12-04 22:14:17,2017-12-05 10:30:47,2017-12-12 21:22:34,2017-12-26 21:36:57,2017-12-27,10.9,11.85,1,1,22.75,2,1,1.0,1.0,1c656c3f9e7c3ef66119dacab5b9b997,5528,sao paulo,SP,21.974074074074075,22.073414351851852,0,22.75
8283e42dd17845a4b3621ca92e934866,33c16b55f11d7b3737f9f20eb3860664,delivered,2017-12-04 22:17:15,2017-12-06 22:32:58,2017-12-08 00:51:53,2017-12-18 21:42:22,2017-12-27,259.77,15.57,1,1,275.34,3,1,1.0,1.0,7b58a515f4bf08b537479234b387664a,21321,rio de janeiro,RJ,13.975775462962963,22.071354166666666,0,275.34
8c535ee262be59eb38411054b7365ca2,44336344f22fb3c2aa05af1ec8d6a3cc,delivered,2017-12-04 22:26:52,2017-12-05 10:30:42,2017-12-11 19:28:24,2017-12-26 18:28:44,2018-01-02,239.99,18.93,1,1,258.92,3,1,4.0,1.0,a4e36f547a69bcc6fcdcbc9135f7cc00,35160,ipatinga,MG,21.834629629629628,28.064675925925926,0,258.92
0651c427722f910d3a2238dca1975fcc,ba441b699aeb3bb9afd7ec9c732ec617,delivered,2017-12-04 22:28:27,2017-12-06 22:33:05,2017-12-07 18:39:28,2017-12-14 11:14:58,2017-12-29,1375.65,24.38,1,1,1400.03,5,1,4.0,1.0,798c34ffa9047399853eab8ca7c0b9a0,37200,lavras,MG,9.53230324074074,24.06357638888889,0,1400.0300000000002
ef3a788ee3ed216a86b778030066df63,c1b567e2844710225f86fa21763e2ff6,delivered,2017-12-04 22:41:34,2017-12-05 10:30:46,2017-12-06 19:43:43,2017-12-09 13:08:59,2017-12-20,31.49,9.27,1,1,40.76,1,1,4.0,1.0,63e2dd4dab01929f9e1151e90b1a80cc,6162,osasco,SP,4.602372685185185,15.054467592592593,0,40.76
db3d48fd23bba176f603903cb139ccb0,5768c4a0f086797bbe3c1a86c53d2311,delivered,2017-12-04 22:44:41,2017-12-05 10:30:42,2017-12-06 18:37:14,2017-12-20 17:45:05,2018-01-02,49.9,15.1,1,1,65.0,6,1,4.0,1.0,8121bb77106e29a592b6dcc97841872a,89237,joinville,SC,15.791944444444445,28.05230324074074,0,65.0
ef0987feb7826e38ac57d833edc30db3,6083fd47c2a7ea4b4b70aa65093b5e24,delivered,2017-12-04 22:47:03,2017-12-05 10:30:42,2017-12-06 23:46:46,2017-12-07 21:57:30,2017-12-20,93.0,13.21,1,1,106.21,2,1,5.0,1.0,e3c468874912086d533266ba09592c84,11420,guaruja,SP,2.965590277777778,15.050659722222223,0,106.21000000000001
b7c91c3a97f9089e9b438320b5b34f37,feb79df2e42094b3e696c11cfa7ae70e,delivered,2017-12-04 22:50:48,2017-12-06 22:49:39,2017-12-07 23:14:47,2017-12-23 11:49:10,2018-01-05,43.96,102.52,4,1,146.48,8,1,5.0,1.0,f413692763baace874019f418084adf4,54150,jaboatao dos guararapes,PE,18.540532407407408,31.048055555555557,0,146.48
0e45c1c50018bc382b24647115e9eb6c,77ed5ae0acf4f7fd1298ef46f09eab67,delivered,2017-12-04 22:51:55,2017-12-05 10:30:42,2017-12-05 18:59:15,2017-12-07 15:41:44,2017-12-20,199.0,10.21,1,1,209.21,2,1,4.0,1.0,0ad16bdc7651e5ac483666ab0215bf93,4890,sao paulo,SP,2.701261574074074,15.047280092592592,0,209.21
6677dfc653950d84f87baab07c112a77,1432c42a35c00d1c9415db9c40ff472a,delivered,2017-12-04 22:59:50,2017-12-06 02:50:07,2017-12-11 21:08:44,2017-12-12 18:42:46,2017-12-20,174.97,15.43,1,1,190.4,1,1,5.0,1.0,59fa9689b7269e99c19b967e1b94c36b,90850,porto alegre,RS,7.821481481481482,15.041782407407407,0,190.4
f40b59109981de2b6d38eb4f42033102,eae6293ed6ddcdc7ef90d2b130dc2dc4,delivered,2017-12-04 23:01:39,2017-12-05 10:30:48,2017-12-08 16:25:00,2018-01-10 14:43:15,2017-12-28,59.89,17.67,1,1,77.56,1,1,1.0,1.0,f5e07f964f9168d140818c6c92e2a4f8,20230,rio de janeiro,RJ,36.653888888888886,23.040520833333332,1,77.56
bf8ddc7239b0b3f5f43b0da92b85837e,66a4949b286c198a1894aa79014469aa,delivered,2017-12-04 23:01:59,2017-12-05 10:30:42,2017-12-07 20:38:54,2017-12-13 01:07:38,2017-12-20,79.9,8.75,1,1,88.65,1,1,4.0,1.0,0bca8aada9a6e07bf544ae6e4e611131,2055,sao paulo,SP,8.087256944444444,15.040289351851852,0,88.65
b257713d1922be564a498b7dea2969a8,75bf36ee775028334160d2d39552d9ae,delivered,2017-12-04 23:02:44,2017-12-05 10:30:42,2017-12-07 00:33:35,2017-12-20 21:39:10,2017-12-27,125.9,13.9,1,1,139.8,2,1,1.0,1.0,c541ea293e0bd4106849affde749700b,7241,guarulhos,SP,15.941967592592592,22.039768518518517,0,139.8
6d23c62a64505799abe7e3195e81aa73,68f8cb86c3336f9b795e0fec4331d999,delivered,2017-12-04 23:03:31,2017-12-05 10:30:53,2017-12-11 21:58:32,2018-01-03 12:37:34,2018-01-02,134.9,16.7,1,1,151.6,3,1,5.0,1.0,0959b91ff148087d65eea9f11da050fc,38400,uberlandia,MG,29.5653125,28.039224537037036,1,151.6
d9efb99c346e10af741a8c38b546ad80,77b06fa31fdd5fd00c701b7f01759986,delivered,2017-12-04 23:03:32,2017-12-05 10:30:43,2017-12-06 21:58:56,2017-12-11 18:42:06,2018-01-02,39.9,15.1,1,1,55.0,5,1,5.0,1.0,5fb5468ac27cad3558c885f041d90fb0,27163,california da barra,RJ,6.818449074074074,28.039212962962964,0,55.0
3d27905aa7b2ee7fc7bac918f949ea18,6a2e3e4639c96b312ab2bf09548fb2a7,delivered,2017-12-04 23:04:46,2017-12-06 22:58:31,2017-12-11 22:57:56,2017-12-12 20:19:58,2017-12-20,21.99,7.78,1,1,29.77,1,1,5.0,1.0,6f7f41a4dd72618dc4b328329ef1182c,12241,sao jose dos campos,SP,7.885555555555555,15.03835648148148,0,29.77
74b142d6556fcd693f9151d041d3ef3d,dc646ed8ea82e23f30bcf1ebb19c03d4,delivered,2017-12-04 23:06:51,2017-12-05 10:30:44,2017-12-05 19:22:11,2017-12-14 15:19:03,2017-12-29,38.8,13.37,1,1,52.17,1,1,4.0,1.0,eacb926338b82830ec382831a99df2ad,8042,sao paulo,SP,9.675138888888888,24.036909722222223,0,52.169999999999995
42402b96f1fc090bc35a2a5e8fcd3d36,8f883e53bf1f50f31bc9e2f4fb8c980d,delivered,2017-12-04 23:09:57,2017-12-05 10:30:51,2017-12-09 09:53:09,2017-12-18 18:37:09,2017-12-27,118.0,26.86,2,1,144.86,2,1,4.0,1.0,94fe756b3e56a9bc28dcf7f832f0e11c,5145,sao paulo,SP,13.810555555555556,22.034756944444446,0,144.86
0c4efb413bce2d4e4985bfd63bb0bc49,77bc76d7d24087d5c8fb9d47ac288562,delivered,2017-12-04 23:14:05,2017-12-06 02:50:38,2017-12-08 14:53:20,2017-12-18 20:24:51,2017-12-27,17.9,11.85,1,1,29.75,1,1,5.0,1.0,778e15bcb99f09e7f379ebe87cf4ff7a,13344,indaiatuba,SP,13.882476851851852,22.031886574074075,0,29.75
ded8a75f89ac9b3ad08c2de7f07bca70,e8e70bec13e1af66ae46c8833096aa0c,delivered,2017-12-04 23:17:06,2017-12-06 23:12:56,2017-12-08 00:27:44,2017-12-12 19:32:32,2017-12-21,149.91,40.92,3,1,190.83,10,1,2.0,1.0,3dc37963005c99ecf1c92928d9cdd04b,32920,sao joaquim de bicas,MG,7.844050925925926,16.029791666666668,0,190.82999999999998
ba20c230064f86c3a1c764fe3cf7ce8a,0e838cc1b33b1ab874583658e4b76ab9,delivered,2017-12-04 23:28:43,2017-12-07 09:51:23,2017-12-13 15:54:40,2017-12-28 22:43:22,2017-12-27,79.0,13.57,1,1,92.57,3,1,5.0,1.0,65fbf07cda31249fd51219053e9ae2e7,11015,santos,SP,23.968506944444446,22.021724537037038,1,92.57
9c1c2a694dc2ed7632ef2776cb8a2472,0cf85e96be67cc55862fafdb2645cdbb,delivered,2017-12-04 23:39:42,2017-12-05 10:30:54,2017-12-05 20:35:28,2017-12-20 17:44:02,2018-01-09,74.9,16.28,1,1,91.18,1,1,4.0,1.0,7ce47ba6982b3ce9bee72ab948481f9e,99495,lagoa dos tres cantos,RS,15.75300925925926,35.01409722222222,0,91.18
854f58d1737ef431b98a28f2149a7125,3e2fcf7ce0b60002777a836132650175,delivered,2017-12-04 23:42:05,2017-12-05 10:30:51,2017-12-06 13:13:40,2017-12-07 19:18:39,2017-12-20,65.5,9.34,1,1,74.84,1,1,5.0,1.0,47e521033709bb13d5e21b11028ee3bd,11410,guaruja,SP,2.817060185185185,15.01244212962963,0,74.84
7f98b631c9e830dfaccaff9db636c65d,6d32b6314ca05875af6e8c301942afce,delivered,2017-12-04 23:42:26,2017-12-05 10:30:39,2017-12-08 00:58:03,2017-12-22 19:12:48,2018-01-03,59.9,16.18,1,1,76.08,7,1,5.0,1.0,dab944b8d2f9a71429a7c3499429a11c,75180,silvania,GO,17.81275462962963,29.012199074074076,0,76.08
4d29d8084fed9bcab27bf7825de59273,dd977229cead68422de7f3e250f0d78f,delivered,2017-12-04 23:42:42,2017-12-05 10:30:42,2017-12-06 15:12:35,2017-12-12 16:29:03,2017-12-27,206.9,21.42,1,1,228.32,4,1,5.0,1.0,ede923bcc4475f7db65b66303b92f28b,9230,santo andre,SP,7.698854166666667,22.012013888888887,0,228.32
9c40b23a90b1b14a52a437c385fdd2f5,1a221d573dcd10a28057c85e2929287d,delivered,2017-12-04 23:45:51,2017-12-05 09:42:58,2017-12-07 19:58:49,2017-12-11 18:17:17,2018-01-05,109.9,14.52,1,1,124.42,1,1,4.0,1.0,754f69cfc5e5e16096b21045cf46f86a,94960,cachoeirinha,RS,6.7718287037037035,31.00982638888889,0,124.42
bff7e590732738aa522782dc42dc7705,a4952f2f27f9fd084ec13468dcdf677b,delivered,2017-12-04 23:48:45,2017-12-06 02:39:03,2017-12-08 02:21:23,2017-12-22 22:32:42,2017-12-28,599.0,55.41,1,1,654.41,1,1,5.0,1.0,20baefa0a13cbd3d8d4dc04e070e1432,22041,rio de janeiro,RJ,17.9471875,23.0078125,0,654.41
774398c3ac79463f502a2fff60e2518f,fdbe4c48a0093edfe912b1512a11a37c,delivered,2017-12-04 23:49:50,2017-12-06 02:39:31,2017-12-06 17:53:10,2017-12-10 16:06:46,2017-12-20,122.99,9.06,1,1,132.05,1,1,5.0,1.0,a6d112867c57c65c40b72e988b0355ca,8285,sao paulo,SP,5.678425925925926,15.007060185185185,0,132.04999999999998
b0a3fa56d2d1b7e51873562656c0a796,baf810e5901cec50dce627826c967620,delivered,2017-12-04 23:55:59,2017-12-05 09:46:57,2017-12-05 20:38:02,2017-12-19 11:28:25,2018-01-08,79.9,19.8,1,1,99.7,1,1,5.0,1.0,a5278787dbae632dad2f87519da4cb34,45810,porto seguro,BA,14.480856481481482,34.00278935185185,0,99.7
fd29920a0c21d7b7d5a2350ab9fab08e,ccbda4e04f7b516e64a26088f22cdaf9,delivered,2017-12-05 00:05:32,2017-12-07 03:11:01,2017-12-08 18:22:28,2017-12-15 19:32:20,2017-12-28,50.0,12.69,1,1,62.69,1,1,5.0,1.0,6bab61c56ced7581c259c58cb2ef6f8c,9721,sao bernardo do campo,SP,10.810277777777777,22.996157407407406,0,62.69
1500f1a091b64e1e36d67b8622031e93,7edc8f32ebb21dbf9f6e734f2e461afa,delivered,2017-12-05 00:06:40,2017-12-05 09:47:10,2017-12-05 22:18:49,2017-12-12 22:18:03,2018-01-02,75.0,21.02,1,1,96.02,1,1,5.0,1.0,9bb0ec72e0fc4088b5eacfeec3dd3bc7,38025,uberaba,MG,7.924571759259259,27.99537037037037,0,96.02
4186a838a13b7e0dfd69cc58cb89f012,a60cbf9e8eaf6fc7434bbe3db2373eb6,delivered,2017-12-05 00:08:25,2017-12-05 09:47:14,2017-12-05 21:32:05,2017-12-18 21:18:17,2018-01-03,38.9,16.11,1,1,55.01,1,1,4.0,1.0,a2d236fe3d62f946f3b74ae2fda7084f,22050,rio de janeiro,RJ,13.881851851851852,28.994155092592592,0,55.01
728d26031c8d87b8929e8cf76090d110,fd5393323e19659e5e5488144aac78a3,delivered,2017-12-05 00:08:41,2017-12-05 09:47:12,2017-12-06 13:07:25,2017-12-18 14:52:19,2018-01-03,10.99,15.1,1,1,26.09,1,1,3.0,1.0,287bb2f4e2103c5014b96a81439dcb57,39520,porteirinha,MG,13.613634259259259,28.993969907407408,0,26.09
07424cae1deed4169c2b56d1d150acf8,899ae8bcb4bbbafa09b4023c1777cd1c,delivered,2017-12-05 00:26:38,2017-12-05 09:47:10,2017-12-12 20:26:40,2017-12-13 18:09:41,2017-12-27,139.99,13.81,1,1,153.8,2,1,4.0,1.0,c48a9e1aeb73834ad73114f11d68f39a,22610,rio de janeiro,RJ,8.738229166666667,21.98150462962963,0,153.8
021288ce4f15c031270df5259df1b551,e0588a026f187e4f6ec5cb1ae92380f6,delivered,2017-12-05 00:29:03,2017-12-06 02:50:29,2017-12-06 23:52:24,2017-12-20 21:09:13,2018-01-10,83.9,28.99,1,1,112.89,1,1,5.0,1.0,395c3814b3b4b70a3f6e89310fe22cb9,92412,canoas,RS,15.861226851851852,35.97982638888889,0,112.89
7dd3168bde7bc0b9b26ffbcb40ff9150,61a009b8ff38558e6d4b09968e4e2513,delivered,2017-12-05 00:47:56,2017-12-05 09:41:21,2017-12-07 01:32:02,2017-12-19 16:59:13,2017-12-28,89.9,16.88,1,1,106.78,5,1,5.0,1.0,5d53bd6cd6c374a1b392e2b95cd91174,5005,sao paulo,SP,14.674502314814815,22.966712962962962,0,106.78
666a6189eb4abc80b00d96312defb014,e12db17ce6ad004c0fcc4848bdd46b6b,delivered,2017-12-05 01:03:06,2017-12-06 14:36:28,2017-12-09 16:43:47,2017-12-21 18:03:34,2018-01-08,59.0,19.65,1,1,78.65,1,1,5.0,1.0,5441ea58ad29bdc53d456f310654639d,46880,itaberaba,BA,16.708657407407408,33.956180555555555,0,78.65
e35528176e3374bcb21842931b5a3e8a,08dbe84d5f0f740e4ffded575b686e32,delivered,2017-12-05 01:36:14,2017-12-06 02:35:46,2017-12-27 21:24:42,2018-01-04 22:58:42,2018-01-22,78.99,39.82,1,1,118.81,1,1,5.0,1.0,c6c03bba166b958a40328e452ead2b3f,53150,olinda,PE,30.89060185185185,47.933171296296294,0,118.81
1cff0fb86f1f68d69f65f7a9746f2096,5f001bd9abc7f01ea36f2dd6f73bb6fe,delivered,2017-12-05 01:53:56,2017-12-06 02:50:22,2017-12-18 16:29:52,2018-01-05 21:43:31,2018-01-16,196.99,70.26,1,1,267.25,1,1,2.0,1.0,1c86a204f6744a1ed1bf5717f90b3378,89031,blumenau,SC,31.826099537037038,41.92087962962963,0,267.25
4ffc1b827a6dd12870115ee85e68945c,2a879e93dbeca9d0ed0c16c960f3cdd8,delivered,2017-12-05 01:57:56,2017-12-05 10:05:07,2017-12-06 19:47:31,2017-12-15 23:16:37,2018-01-05,43.8,16.6,1,1,60.4,6,1,5.0,1.0,e052a89aa5090f462dc18dd99d232013,93280,esteio,RS,10.887974537037037,30.91810185185185,0,60.4
a398b15be909c43559294ae5899c8e27,29371226af5d2d25bf3fa7354ed7f382,delivered,2017-12-05 02:03:24,2017-12-05 09:44:32,2017-12-05 17:52:02,2017-12-15 21:38:58,2018-01-03,99.98,19.24,1,1,119.22,1,1,5.0,1.0,1523157839aa0736358ccaea8e5f187e,60867,fortaleza,CE,10.816365740740741,28.914305555555554,0,119.22
b6373737638442df0342f512435488df,978ba8a51afaa684218215143672b3cf,delivered,2017-12-05 02:27:07,2017-12-07 08:31:58,2017-12-09 00:09:38,2017-12-16 00:38:39,2017-12-28,14.6,14.1,1,1,28.7,2,1,5.0,1.0,b6a6cb3d9227fe30eccd7fc0283f983b,20961,rio de janeiro,RJ,10.924675925925927,22.89783564814815,0,28.7
ca68bb718c53d348a0428fa415efae79,733ddf468262208b642fce0e991d5ea3,delivered,2017-12-05 02:45:45,2017-12-05 09:53:44,2017-12-06 20:52:19,2017-12-08 16:17:41,2017-12-21,58.9,14.13,1,1,73.03,3,1,4.0,1.0,c68e0a1acf7f98a0c676473e846b3c6a,9230,santo andre,SP,3.5638425925925925,15.884895833333333,0,73.03
115abcb04c714f37dea22d04e52f35cd,4fd717f8365e738dcca2baa0ff70a52d,delivered,2017-12-05 02:47:05,2017-12-07 03:13:08,2017-12-07 17:19:21,2017-12-15 23:57:34,2018-01-05,294.9,224.58,3,2,519.48,1,1,3.0,1.0,990d8ee178bf5e1724e920166ded0c64,13940,aguas de lindoia,SP,10.882280092592593,30.88396990740741,0,519.48
ab100844826f01cfa2544e2ea0b9ae4d,0d9ee625108522d1dccc18f89d57ade6,delivered,2017-12-05 03:44:02,2017-12-07 08:31:52,2017-12-08 00:13:14,2017-12-21 19:32:41,2018-01-08,619.0,20.77,1,1,639.77,10,1,5.0,1.0,ce8306009970275b42de3d5330dd8849,41830,salvador,BA,16.658784722222222,33.8444212962963,0,639.77
cfeb3afaa54f31d14c4d9a8107717ad8,abc6a537ee9498af3b3e1b59ce2b2ea3,delivered,2017-12-05 06:32:23,2017-12-05 10:42:08,2017-12-06 20:41:29,2017-12-08 02:04:15,2017-12-21,128.0,9.09,1,1,137.09,2,1,5.0,1.0,488f279db9261a5c5c3b765f9cb95ef6,9750,sao bernardo do campo,SP,2.8137962962962964,15.727511574074073,0,137.09
86b71e20160a9da812c97f9705d1b5af,8812ce9218b761790dcae63909af684c,delivered,2017-12-05 06:57:41,2017-12-05 11:06:25,2017-12-05 20:18:46,2017-12-16 15:03:23,2017-12-28,64.02,14.2,1,1,78.22,1,1,1.0,1.0,1e9eeb2f925795e8b93e7e35e8ae3561,9820,sao bernardo do campo,SP,11.337291666666667,22.70994212962963,0,78.22
c879d78c7ee446806b14557fbaff1b16,c79ff780f5fc0e20fd2ed4de186ef34c,delivered,2017-12-05 07:13:54,2017-12-05 10:51:50,2017-12-07 23:14:45,2017-12-14 16:26:03,2018-01-03,99.0,25.73,1,1,124.73,3,1,5.0,1.0,94522b20d09262256d0ef263adf3ff78,30575,belo horizonte,MG,9.3834375,28.698680555555555,0,124.73
61a7f6ac7afdcaf8a5b907eceefc0b33,312a3a9546b2ee455c66ff62528eefd4,delivered,2017-12-05 07:20:28,2017-12-07 09:32:15,2017-12-12 18:42:16,2017-12-17 13:36:47,2018-01-03,149.7,45.3,3,1,195.0,1,1,1.0,1.0,928abb7e0e74f50a0b0136df20196cd1,35790,curvelo,MG,12.261331018518518,28.69412037037037,0,195.0
252882b94e763c5eea42ea50f749cfa0,c14f672b74a8f1ef6b891397505488c0,delivered,2017-12-05 07:43:18,2017-12-05 10:50:49,2017-12-05 22:57:09,2017-12-07 19:33:34,2017-12-21,134.49,9.14,1,1,143.63,10,1,5.0,1.0,ce6160651998b40db0a0f3b9d69f7f3d,9230,santo andre,SP,2.493240740740741,15.678263888888889,0,143.63
568e1e071d3191a1c23ad8ea7d6a8cbc,2f102d0fb5e6668b51fa5edc542254a8,delivered,2017-12-05 07:56:27,2017-12-05 11:11:42,2017-12-05 23:09:46,2017-12-14 19:15:47,2017-12-29,130.0,16.67,1,1,146.67,5,1,5.0,1.0,71b19f07ea0076597717c34541350ba4,5767,sao paulo,SP,9.47175925925926,23.669131944444445,0,146.67000000000002
4a1f80ceda1b97b97de2f26670316ab8,a04e4642a3993fa7ad937521f44de82a,delivered,2017-12-05 08:07:50,2017-12-05 10:46:40,2017-12-06 23:47:03,2017-12-19 23:48:25,2018-01-08,49.9,17.92,1,1,67.82,1,1,5.0,1.0,a9e0b0a7f3ef92cc99025f0f86dd0af4,96835,santa cruz do sul,RS,14.65318287037037,33.66122685185185,0,67.82
28bbae6599b09d39ca406b747b6632b1,4c7f868f43b5cff577b0becb8c8b7860,delivered,2017-12-05 08:18:35,2017-12-06 02:50:09,2017-12-08 00:51:47,2018-02-05 14:59:09,2017-12-29,169.9,21.68,1,1,191.58,1,1,1.0,1.0,b1f51a4e19da3338e51fbcfabefad1bf,23059,rio de janeiro,RJ,62.27817129629629,23.653761574074075,1,191.58
6fd40293a9be9f1682cb718c67f0a568,89fd2ebddff82eb92d98a6afdf1c94e7,delivered,2017-12-05 08:20:06,2017-12-06 02:50:09,2017-12-07 18:28:07,2017-12-12 00:04:50,2017-12-22,108.0,9.77,1,1,117.77,1,1,5.0,1.0,33bfe62dbb012d0593ab2d29db456b5f,26525,nilopolis,RJ,6.6560648148148145,16.652708333333333,0,117.77
9831a29d7f2e1f0526ea5d4f687ad13e,9f11f34a505da57000b47239048b9355,delivered,2017-12-05 08:28:27,2017-12-06 02:35:44,2017-12-08 17:23:18,2017-12-09 14:47:25,2017-12-21,118.6,8.09,1,1,126.69,1,1,5.0,1.0,dfbd9c72a1a48c02a30aa64e3565fa73,6660,itapevi,SP,4.263171296296297,15.646909722222222,0,126.69
5de6387107c3165295d2f19ab2db7be5,0c43610fd930ed4eee8f18b6a89a1755,delivered,2017-12-05 08:36:28,2017-12-05 11:03:33,2017-12-06 23:53:07,2017-12-10 15:21:38,2017-12-21,150.0,9.86,1,1,159.86,3,1,5.0,1.0,980349653e7fe046c6ecce32d729bab3,9560,sao caetano do sul,SP,5.281365740740741,15.641342592592592,0,159.86
13d37da7780bd1fb1eca0512a3e75f00,374f2849c1f5b32e29c9f7e2712c55fa,delivered,2017-12-05 08:38:22,2017-12-05 11:03:31,2017-12-19 22:03:24,2018-01-11 00:20:20,2018-01-04,29.9,16.6,1,1,46.5,1,2,1.0,1.0,2f2cb44412b6fab757a8776fa3a3fe6a,24922,marica,RJ,36.65414351851852,29.64002314814815,1,46.5
e13b79bd2df632e6d095f6e31023e827,7f14bd89c2b0d2a13ed50a39028fbb06,delivered,2017-12-05 08:46:43,2017-12-05 11:03:39,2017-12-07 14:12:51,2017-12-10 14:33:46,2017-12-21,69.5,11.73,1,1,81.23,7,1,5.0,1.0,547ecbbb188335becf07178d0429cfba,5763,sao paulo,SP,5.241006944444444,15.634224537037037,0,81.23
a9c199030066f7ca5241ce61d8eae23d,6a60270a2f63b9979e44f9e9519f40cb,delivered,2017-12-05 08:47:08,2017-12-05 11:03:41,2017-12-06 00:14:51,2017-12-07 20:33:39,2017-12-28,319.0,13.73,1,1,332.73,5,1,5.0,1.0,b8a097297ee1be3223fdc6727b119ccb,13360,capivari,SP,2.490636574074074,22.633935185185184,0,332.73
b1bbfabb6b75dc7ff7050093749048e8,fa4e4dc465fef19f4f4216c86ab073b2,delivered,2017-12-05 08:47:56,2017-12-05 11:03:44,2017-12-05 23:26:35,2017-12-16 17:33:15,2018-01-02,34.9,15.1,1,1,50.0,5,1,5.0,1.0,ea4a8de10fce39388e467e38acbe63fc,12312,jacarei,SP,11.364803240740741,27.63337962962963,0,50.0
6a3c03b4d8dd9b6cf04b7c09c5cf6627,a31ddccc8903093ba9f48791e0733d7b,delivered,2017-12-05 08:48:23,2017-12-05 11:03:43,2017-12-19 22:28:38,2018-01-10 19:57:08,2018-01-02,29.9,16.6,1,1,46.5,1,1,1.0,1.0,90693e7acfb7f48d03fe61e2a0002543,20230,rio de janeiro,RJ,36.46440972222222,27.63306712962963,1,46.5
1fbb2db5f09b8f2fe37fb58c85d2e301,29be48f5de0efaa0edc2d8741bd6a218,delivered,2017-12-05 08:49:10,2017-12-06 02:35:38,2017-12-07 19:59:04,2017-12-20 18:44:40,2018-01-02,129.99,21.75,1,1,151.74,1,1,5.0,1.0,b48287e135b544e8cda94aa7bd4cb343,74645,goiania,GO,15.413541666666667,27.63252314814815,0,151.74
fede8020c97b05fce24255da2f3e298a,963862856dd9803bf29fa9b5e8e1bdf7,delivered,2017-12-05 08:52:17,2017-12-05 11:03:44,2017-12-05 19:13:02,2018-01-06 14:37:25,2018-01-04,97.0,15.43,1,1,112.43,1,1,4.0,1.0,2455450225f2a094149fd37137a3aa42,24240,niteroi,RJ,32.23967592592592,29.630358796296296,1,112.43
f179e0782e0180bc2ec9ce167d4cf245,fd7bd7bf90e739374de93e267e197779,delivered,2017-12-05 09:03:19,2017-12-06 02:35:39,2017-12-11 12:49:54,2017-12-20 15:39:10,2017-12-29,30.0,64.44,4,1,94.44,1,1,5.0,1.0,d6699b457652e531b12f4c6a9fd44e00,30160,belo horizonte,MG,15.274895833333334,23.62269675925926,0,94.44
5f5ef03caf7e16f975b0fbd9ac1d3db0,d994da78ae72999d6c55340049fe86b6,delivered,2017-12-05 09:03:48,2017-12-05 11:02:59,2017-12-19 22:20:05,2017-12-29 16:18:52,2018-01-04,34.9,15.1,1,1,50.0,1,1,5.0,1.0,af22df18bbe12e5b4eb9236a7c88945b,86047,londrina,PR,24.30212962962963,29.62236111111111,0,50.0
bba17d97a5a45416d0782d5d07fe740d,9a4578c9dd9dce6517d583cb5eca0276,delivered,2017-12-05 09:13:27,2017-12-05 11:13:25,2017-12-05 19:28:41,2017-12-28 17:43:15,2018-01-02,46.0,17.6,1,1,63.6,1,1,5.0,1.0,1b6c7548a2a1f9037c1fd3ddfed95f33,38301,ituiutaba,MG,23.354027777777777,27.615659722222222,0,63.6
4c761041674866c683398d2c3d0d9163,9ba00b5627e37eae99b7b42f26cca99f,delivered,2017-12-05 09:14:54,2017-12-05 11:13:25,2017-12-06 14:11:03,2018-01-03 19:58:50,2018-01-09,106.8,27.29,1,1,134.09,1,1,4.0,1.0,7e51525ca9b833a13488354067e35416,60135,fortaleza,CE,29.447175925925926,34.61465277777778,0,134.09
3b3b6175b659824c5da94b4de2e32be2,a607fc2178a411413862956eb77c7426,delivered,2017-12-05 09:16:22,2017-12-06 12:32:12,2017-12-06 22:03:55,2017-12-11 18:50:01,2018-01-11,119.0,13.17,1,1,132.17,1,1,5.0,1.0,fd1256846f13fd29e9820395efa6edb5,14210,luis antonio,SP,6.398368055555555,36.61363425925926,0,132.17
f71c29e41d9d12d65f0e05f17fc6cecd,4139b916aeaacb9ac5133afdffe2fdc4,delivered,2017-12-05 09:18:12,2017-12-06 02:50:20,2017-12-06 19:51:55,2017-12-15 17:11:00,2018-01-04,43.0,16.11,1,1,59.11,1,1,5.0,1.0,db3943e6f7e57135751b8cb9219b1a6e,85560,chopinzinho,PR,10.328333333333333,29.61236111111111,0,59.11
0e889e74cffcea6930673d6011321633,067ccd26a1e4082be06995121d90c1db,delivered,2017-12-05 09:21:15,2017-12-05 10:48:17,2017-12-06 23:27:16,2017-12-10 14:37:35,2017-12-28,93.0,16.28,1,1,109.28,10,1,5.0,1.0,b6fcfe26e042fcd4a0640d77c091eda5,14806,araraquara,SP,5.219675925925926,22.610243055555557,0,109.28
05bd0df2a2f8b3719b66372a66b8f5ec,bd28fb21b93201afe08e27ea9b3bc90d,delivered,2017-12-05 09:21:51,2017-12-05 10:48:16,2017-12-22 00:47:04,2017-12-27 21:34:13,2017-12-21,84.9,30.9,1,1,115.8,1,2,5.0,1.0,e226254ce0c6d5b7a7ef7218c9b5b518,13607,araras,SP,22.508587962962963,15.609826388888889,1,115.80000000000001
a5ea25556316a90d6f5b6adb92e1238c,d3790c029042a5634287f66be91912fc,delivered,2017-12-05 09:22:52,2017-12-05 10:48:27,2017-12-05 22:13:38,2017-12-09 00:23:31,2017-12-21,55.0,9.34,1,1,64.34,6,1,5.0,1.0,f27455cf0fe0cf23b3480aa33c3566b8,8774,mogi das cruzes,SP,3.625451388888889,15.60912037037037,0,64.34
903d1b468e83acb1e13151fa4032d7a2,57e34bf97d0de0cab02718ae4f8ae5e6,delivered,2017-12-05 09:35:38,2017-12-05 11:12:00,2017-12-06 20:12:33,2017-12-08 23:09:47,2017-12-21,40.0,7.78,1,1,47.78,1,1,5.0,1.0,3c7dc16891168c17d8721adc8d30b8b1,5136,sao paulo,SP,3.5653819444444443,15.60025462962963,0,47.78
34e43b05d79a814bd90a43250ff10094,2f008bc4e4cb2b5e4aaafbe427468c07,delivered,2017-12-05 09:51:38,2017-12-05 11:12:10,2017-12-07 18:37:21,2017-12-19 20:18:59,2017-12-28,28.9,11.85,1,1,40.75,4,1,5.0,1.0,b1767ae2e851903267781886bd02f23b,15140,balsamo,SP,14.435659722222223,22.58914351851852,0,40.75
d4b3b00396bf3d72f49b2e06219f385e,60febc34fb19061d99caf9ddf1f6a4d3,delivered,2017-12-05 09:51:41,2017-12-05 11:12:13,2017-12-09 09:58:35,2017-12-15 20:37:03,2017-12-28,59.0,13.43,1,1,72.43,1,1,5.0,1.0,ef3b6ab8a1704ead096adbcdee78284b,18075,sorocaba,SP,10.448171296296296,22.589108796296298,0,72.43
be9352379a16b3dbe8ef3a66a85b656f,256641e5b8e16b8004b8e6ce550e9a86,delivered,2017-12-05 09:55:18,2017-12-05 11:28:12,2017-12-06 22:35:17,2017-12-17 16:53:13,2018-01-19,131.9,18.54,1,1,150.44,8,1,5.0,1.0,39a2dd30b02444e1e1e3ea587c38adcc,38183,araxa,MG,12.290219907407407,44.586597222222224,0,150.44
e1509672293750128968e3d0089e1b5d,0d9ffbcdfc8f12c97fa5f1e669eb03a5,delivered,2017-12-05 09:55:51,2017-12-05 11:28:15,2017-12-07 00:35:26,2017-12-15 22:27:31,2018-01-08,179.99,17.02,1,1,197.01,1,1,5.0,1.0,b326ede7395fa05e39c71365970f85da,99010,passo fundo,RS,10.52199074074074,33.586215277777775,0,197.01000000000002
946618322795acbec1b5c63fb3634ba0,5d00748cf02380ac2f1713eed686ff06,delivered,2017-12-05 09:57:08,2017-12-05 11:28:15,2017-12-07 18:58:59,2017-12-19 22:20:05,2018-01-03,18.9,16.79,1,1,35.69,1,1,4.0,1.0,667fca0b2400a9bc057a0824080bcf6a,22790,rio de janeiro,RJ,14.5159375,28.585324074074073,0,35.69
7f4e9dd947b8c7493391930878e8b778,a62023c791ee30d32d8c0b87baa161b3,delivered,2017-12-05 10:08:56,2017-12-07 10:12:20,2017-12-09 02:29:02,2017-12-19 22:23:48,2018-01-08,99.9,17.27,1,1,117.17,4,1,5.0,1.0,96da911316137afcbf42f1830045dfac,30330,belo horizonte,MG,14.510324074074074,33.57712962962963,0,117.17
b28f0b71b3719fdab137d7263d469001,62cb8f687c3d125034c0ce2db5a5bf35,delivered,2017-12-05 10:11:04,2017-12-06 02:50:38,2017-12-08 18:19:13,2017-12-09 15:44:51,2017-12-22,299.99,14.93,1,1,314.92,1,1,5.0,1.0,c937a5d7fe89380c128d9b8746495474,26070,nova iguacu,RJ,4.231793981481482,16.575648148148147,0,314.92
23726774d1a868c3e1b13c0fa85d1308,ccb676d14091faf285f5cc8e28bfec92,delivered,2017-12-05 10:11:21,2017-12-05 11:06:56,2017-12-06 01:58:45,2017-12-14 16:08:01,2018-01-09,195.0,16.12,1,1,211.12,2,1,5.0,1.0,66f93bf024e08d433a990b6480148721,38360,capinopolis,MG,9.247685185185185,34.57545138888889,0,211.12
157ccf4a35b012e8c7cc4ff3c8edb6a8,3024a5c8a1db9ca1e3ba8ec9cf1fbe08,delivered,2017-12-05 10:15:06,2017-12-06 02:35:29,2017-12-06 18:28:58,2017-12-08 14:37:38,2017-12-21,88.9,9.44,1,1,98.34,1,1,5.0,1.0,34ef3afec743ed13ec047986e2490f96,4157,sao paulo,SP,3.1823148148148146,15.572847222222222,0,98.34
a33d16c09dd48c17ac858d779e6127a3,3a3c64dfa633b2c7d3d356b8077c9ccf,delivered,2017-12-05 10:18:04,2017-12-05 11:27:04,2017-12-06 22:47:44,2017-12-17 13:51:33,2017-12-28,34.99,11.85,1,1,46.84,4,1,5.0,1.0,e45b77caac022beddffc8357ffeb8448,12514,guaratingueta,SP,12.148252314814815,22.570787037037036,0,46.84
b0c04ea907df18b10625b845cb6ddc10,95c1444daa9e7372d604f64f3ee1a567,delivered,2017-12-05 10:19:57,2017-12-05 11:05:33,2017-12-06 21:53:21,2017-12-28 00:29:04,2018-01-10,24.75,35.67,1,1,60.42,6,1,5.0,1.0,b87b4adb59a1927310f7eb20b9b622d8,58900,cajazeiras,PB,22.58966435185185,35.56947916666667,0,60.42
1d7a6b5b87fcf498f7748f4790faa745,a6889c3ee5e603ff3fe0a580721e2a97,delivered,2017-12-05 10:27:20,2017-12-05 11:05:34,2017-12-07 18:58:47,2018-01-03 13:09:22,2018-01-08,127.0,15.64,1,1,142.64,1,1,5.0,1.0,7a4591dcf645dd250996956667f6b160,95020,caxias do sul,RS,29.11252314814815,33.56435185185185,0,142.64
4431c5cb9924f46deb9eccfb159cf340,b3d2b8f5c7c8a411254329fb7c2e5e0b,delivered,2017-12-05 10:28:45,2017-12-05 11:05:29,2017-12-06 22:37:02,2017-12-28 21:34:23,2018-01-05,27.5,17.92,1,1,45.42,1,1,2.0,1.0,a2f8f1f8f4ecb24e5d416bc3195eb21b,26600,paracambi,RJ,23.462245370370372,30.563368055555557,0,45.42
1d6d061efdb6cb19fd5b0805b95624f5,74b53dcf048a885b1ecf63efc42acf54,delivered,2017-12-05 10:29:44,2017-12-06 02:35:42,2017-12-12 22:23:32,2017-12-14 18:51:09,2017-12-21,49.9,8.72,1,1,58.62,1,1,5.0,1.0,37786449dafa435ecd01ff5595f018b7,4144,sao paulo,SP,9.34820601851852,15.562685185185185,0,58.62
2d9ae61d3fc718533956b7efca0d632c,396f796f89ba2ca820ca123faca256de,delivered,2017-12-05 10:30:20,2017-12-05 11:05:30,2017-12-05 22:42:16,2017-12-07 19:46:58,2017-12-21,179.9,9.45,1,1,189.35,3,1,5.0,1.0,53beace9d0aa08b64d759d5f5a66550c,9020,santo andre,SP,2.386550925925926,15.562268518518518,0,189.35
7e0b0f0b356dbf2c684fd6bbad4c1911,876bfe052df18daad48e26b9a09bc741,delivered,2017-12-05 10:31:53,2017-12-05 11:22:58,2017-12-15 21:12:41,2017-12-27 20:43:06,2018-01-10,84.0,16.35,1,1,100.35,6,1,4.0,1.0,d3d8659623ddc4175c37846bc278186c,95605,taquara,RS,22.42445601851852,35.56119212962963,0,100.35
bca3dc20a3ec02261c5b17dc270e9e65,90065cd5c7c581bf099b1b9bd589a3fe,delivered,2017-12-05 10:34:52,2017-12-06 02:50:38,2017-12-08 21:41:59,2018-01-04 16:57:16,2018-01-05,84.99,16.35,1,1,101.34,1,1,5.0,1.0,e8dffc994f5e11c852b8706c0470ce53,37650,camanducaia,MG,30.265555555555554,30.55912037037037,0,101.34
449ecab752750e2aeec2ec71fa58214c,b45b08ff42d1ad3db1f98a9ac8f2fef9,delivered,2017-12-05 10:36:01,2017-12-05 11:23:05,2017-12-08 19:34:54,2017-12-17 18:48:35,2017-12-28,29.9,12.69,1,1,42.59,1,1,4.0,1.0,7bc1f5222cef35e07c83c4a690161f42,3613,sao paulo,SP,12.342060185185185,22.558321759259258,0,42.589999999999996
2ebedf24a4ee36078226242023978247,27ae6db6c6302444d88b728297180dac,delivered,2017-12-05 10:40:02,2017-12-05 11:23:08,2017-12-07 18:28:06,2018-01-10 22:58:58,2018-01-03,108.0,19.3,1,1,127.3,4,1,4.0,1.0,31cfe4886266d67b1797af6638875034,41230,salvador,BA,36.51314814814815,28.55553240740741,1,127.3
f1683f4bfd72d0680bb05961cde27a66,4b27fd4a123002c373099a85ff378e24,delivered,2017-12-05 10:40:17,2017-12-07 03:11:12,2017-12-07 19:34:45,2017-12-12 23:28:38,2018-01-02,129.9,18.16,1,1,148.06,1,1,3.0,1.0,23232864613fb71723681fad02339cf4,86020,londrina,PR,7.533576388888889,27.555358796296296,0,148.06
9fcbf999818b2fdac16197fe22bd2bd1,082805d32249e17183cfb56ccb67b5cf,delivered,2017-12-05 10:44:44,2017-12-06 02:37:01,2017-12-06 23:16:58,2017-12-15 19:24:42,2017-12-28,19.9,11.85,1,1,31.75,1,1,5.0,1.0,339f6d44a550afdaf2a4a9a29d091d16,2230,sao paulo,SP,10.361087962962962,22.552268518518517,0,31.75
ab4f549aa957d2c456a8d2c7ad54b761,7d06054cef84d3145a1b1b71bb7e1072,delivered,2017-12-05 10:48:09,2017-12-05 11:23:15,2017-12-07 03:51:31,2017-12-21 22:25:41,2018-01-02,166.99,27.49,1,1,194.48,3,1,4.0,1.0,333b5385521c387b3b77f75c8887eff3,38414,uberlandia,MG,16.48439814814815,27.549895833333334,0,194.48000000000002
4f281ef289adc50c1d9b0e5268a71354,987ad260a05b28274e24026d02f836f8,delivered,2017-12-05 10:53:18,2017-12-06 02:35:37,2017-12-11 16:06:12,2017-12-12 21:12:13,2017-12-29,58.9,12.75,1,1,71.65,1,1,5.0,1.0,5d3096f54d8283817a4fc216b992af02,13835,conchal,SP,7.429803240740741,23.546319444444446,0,71.65
6bc6eef38b5af8cc3669240983585814,117436669e184f4609199f7301fe4cd8,delivered,2017-12-05 10:54:29,2017-12-06 02:35:46,2017-12-07 19:32:46,2017-12-10 12:31:49,2017-12-28,179.8,26.36,2,1,206.16,1,1,3.0,1.0,3019ee74ba656d872ff6dda2de845cd7,1224,sao paulo,SP,5.067592592592592,22.545497685185186,0,206.16000000000003
87218c61d4b05c0bc1b4f0872218a3c8,c59c934799c1688f73043362b63a203f,delivered,2017-12-05 10:55:11,2017-12-06 02:50:19,2017-12-06 17:33:17,2017-12-13 17:09:23,2018-01-03,47.9,15.1,1,1,63.0,1,1,4.0,1.0,d06bc817cc4b762cda894e380073aad7,38730,guimarania,MG,8.25986111111111,28.545011574074074,0,63.0
c1e6381e0212521187651df2d8d099de,f0b486ffd24a678cd2050bc29d3678c4,delivered,2017-12-05 10:56:31,2017-12-05 11:46:53,2017-12-06 21:46:54,2017-12-15 19:35:15,2017-12-29,39.9,15.1,1,1,55.0,1,1,5.0,1.0,53feb85c4073c914e22ad240338f20db,17515,marilia,SP,10.360231481481481,23.544085648148148,0,55.0
d4c58595bdf85c5e0faf0800e4ef4b94,680abf1459550db0026fb833970405ee,delivered,2017-12-05 10:57:50,2017-12-05 11:46:54,2017-12-07 02:08:15,2017-12-13 17:18:42,2017-12-28,229.89,13.11,1,1,243.0,1,1,5.0,1.0,99b9ad126ab2c8d9cea9eef632c650d1,7041,guarulhos,SP,8.26449074074074,22.543171296296297,0,243.0
97553c366fcbfb1a3cd27514c50b34d5,eb1ef5f9f5bfd84a2fe58ee9274cc31f,delivered,2017-12-05 10:58:54,2017-12-06 02:39:38,2017-12-06 17:16:38,2017-12-11 21:28:07,2017-12-21,229.99,14.16,1,1,244.15,1,1,4.0,1.0,c1432a8dc6489fcb7f5b2826da1625f9,9910,diadema,SP,6.436956018518519,15.542430555555555,0,244.15
541c4c9245e27e65a02d9cc6d58fab08,4b63832d8981eeb3359955d8057588e1,delivered,2017-12-05 11:02:37,2017-12-05 11:15:26,2017-12-05 21:13:39,2017-12-10 12:51:40,2017-12-21,49.0,7.78,1,1,56.78,1,1,5.0,1.0,c015b2be46e1dbfe84981d75273c7932,8577,itaquaquecetuba,SP,5.075729166666667,15.539849537037037,0,56.78
1ddbb173ad5dee4433a9825491aa8f97,5c23fa18c25e09e15eb83f2569a914f7,delivered,2017-12-05 11:03:48,2017-12-05 11:30:44,2017-12-06 19:37:26,2017-12-13 11:38:54,2018-01-05,99.9,16.46,1,1,116.36,2,1,5.0,1.0,2e49d8c29da227669fcdaafb6c2af0cd,8730,mogi das cruzes,SP,8.024375,30.53902777777778,0,116.36000000000001
c6343db6c1801f9c3301166f02931116,30f840412466fa26e5c035e1ad1fdec3,delivered,2017-12-05 11:14:58,2017-12-05 12:01:44,2017-12-08 20:46:55,2017-12-18 18:59:14,2018-01-03,968.0,44.3,1,1,1012.3,1,1,5.0,1.0,3256bccea9c8aa521d29257b56c54f88,20540,rio de janeiro,RJ,13.322407407407407,28.53127314814815,0,1012.3
d55d7b1f89a06d58b4ee58e148dcbe4c,b9f26691e9d74484ffa51effa090af0b,delivered,2017-12-05 11:16:00,2017-12-05 11:31:26,2017-12-07 01:42:28,2017-12-23 00:38:03,2017-12-21,41.9,8.72,1,1,50.62,1,1,1.0,1.0,8489a779297d411d3bf70f720512af54,8440,sao paulo,SP,17.556979166666668,15.530555555555555,1,50.62
5128c20bdff8d882354c66e58d3e1d92,c451ff9c3b895a15ba9ba56e6bc45610,delivered,2017-12-05 11:17:58,2017-12-06 13:12:27,2017-12-08 00:16:58,2018-01-05 15:53:26,2018-01-03,219.0,16.28,1,1,235.28,6,1,3.0,1.0,c712aa7e130c57ea69c16004be27b8d4,23545,rio de janeiro,RJ,31.191296296296297,28.529189814814814,1,235.28
eb54651b02b959e50ba4adaabeedfe80,234f9b7bd7eba28c42e8e8a09c98ea31,delivered,2017-12-05 11:20:24,2017-12-05 11:31:32,2017-12-05 20:13:38,2017-12-16 14:23:53,2018-01-08,379.9,20.9,1,1,400.8,4,1,5.0,1.0,1794843e3bfdd537d38c9ccad70587ad,30642,belo horizonte,MG,11.127418981481481,33.5275,0,400.79999999999995
afa7ff555249234a1316e4b88f5f5aa3,7daa8a3a2fa25e50b04909c1235f4e2f,delivered,2017-12-05 11:22:23,2017-12-05 11:33:24,2017-12-05 23:48:28,2017-12-06 22:09:33,2017-12-21,34.9,9.09,1,1,43.99,1,1,5.0,1.0,7571e21572ea726ef7e6fee3602450c8,30210,belo horizonte,MG,1.4494212962962962,15.526122685185186,0,43.989999999999995
a13d02b31625a8f75ca5aa080d698c8e,f54327cc08d1d6b091e42d28d2c6385d,delivered,2017-12-05 11:23:29,2017-12-06 02:50:17,2017-12-07 16:28:55,2017-12-08 21:43:02,2017-12-21,104.9,9.55,1,1,114.45,1,1,4.0,1.0,18d9cfbd4870840b18429d9dee97ed0c,4738,sao paulo,SP,3.4302430555555556,15.525358796296297,0,114.45
ad71f559c9264f19bdacbc2062847e74,c57c441872c2609f61abbbf8148a1ca1,delivered,2017-12-05 11:27:44,2017-12-05 11:34:25,2017-12-07 23:57:39,2017-12-14 16:38:01,2018-01-03,59.94,80.22,6,1,140.16,10,1,2.0,1.0,93603747aa73507db172820142fb3b81,9820,sao bernardo do campo,SP,9.215474537037037,28.522407407407407,0,140.16
15d2e898a322b9bbbe9ffff92db68af2,6d82bfae3937c26e1e7d7f97dd1a7d10,delivered,2017-12-05 11:29:49,2017-12-05 11:37:30,2017-12-06 18:22:29,2017-12-26 19:23:21,2017-12-29,348.8,16.19,1,1,364.99,3,1,5.0,1.0,13f0b6439aef26aa60f051b2d9a25d32,21361,rio de janeiro,RJ,21.328842592592594,23.520960648148147,0,364.99
eeb2b8a01182310bf1707f3a2260aba0,810b7ace159ddbdf9accb33dd980f591,delivered,2017-12-05 11:31:42,2017-12-05 12:30:59,2017-12-06 20:32:58,2017-12-10 11:42:47,2017-12-22,166.99,15.92,1,1,182.91,3,1,5.0,1.0,6f3e851fbb4d1d36c3dd3547ba71295c,7903,francisco morato,SP,5.007696759259259,16.51965277777778,0,182.91
9d37b4cfbb7cf24c2397f41803927b9a,1dd772d0efe564f57a787c82c5fcdd87,delivered,2017-12-05 11:36:34,2017-12-05 11:57:47,2017-12-07 21:09:22,2017-12-28 16:17:18,2018-01-03,109.9,15.52,1,1,125.42,1,1,4.0,1.0,be910850e16a07b8ef89bce483e5600b,23936,angra dos reis,RJ,23.194953703703703,28.516273148148148,0,125.42
be64b86415ab3c14a508e61cc6cfceb9,cb67b9222a5598131f83bf79b180f502,delivered,2017-12-05 11:39:09,2017-12-06 02:50:37,2017-12-07 18:34:51,2017-12-19 20:29:34,2017-12-28,69.99,11.99,1,1,81.98,1,1,5.0,1.0,b636fa8d093c315e98bc4911a301a42b,15054,sao jose do rio preto,SP,14.368344907407407,22.514479166666668,0,81.97999999999999
bb035502fccf4c1225de9b023182a395,6309cfc30384e5a0002a9f1d3261cfb5,delivered,2017-12-05 11:40:04,2017-12-05 11:58:22,2017-12-06 22:00:03,2017-12-15 12:39:02,2018-01-03,59.0,20.9,1,1,79.9,6,1,5.0,1.0,220af5b83695f7945d3b12a8e5632136,28990,saquarema,RJ,10.040949074074074,28.513842592592592,0,79.9
e9a7a88ccf1498310636c542b8d2ed68,40f3d1e2e072b4def6fe9e34162c8064,delivered,2017-12-05 11:42:39,2017-12-05 11:58:26,2017-12-05 21:11:58,2017-12-11 23:17:02,2018-01-05,50.99,21.16,1,1,72.15,1,1,5.0,1.0,6d46782e86384e5e04e0e893ff854b77,54420,jaboatao dos guararapes,PE,6.482210648148148,30.512048611111112,0,72.15
ff10c3dea2b30e7d7c33c946999a4766,87d42d329efd998620e3892bb14ff360,delivered,2017-12-05 11:42:44,2017-12-06 02:50:25,2017-12-06 21:19:10,2017-12-11 17:37:18,2017-12-29,32.9,17.63,1,1,50.53,1,1,4.0,1.0,f3961226d63f24b203a301baaaac70b3,3336,sao paulo,SP,6.246226851851852,23.511990740740742,0,50.53
de742d420af4a6abd06276acde083ae5,b9e6a4f0a7ee0e84bd7c4d275789f2a9,delivered,2017-12-05 11:45:50,2017-12-05 11:58:27,2017-12-08 19:47:10,2017-12-14 22:39:05,2017-12-28,89.9,12.97,1,1,102.87,2,1,5.0,1.0,8402969a176c8399bac1a5bb919892f5,9080,santo andre,SP,9.453645833333333,22.509837962962962,0,102.87
12c8abab1047518ce64899cb2c2966b7,47f2b930037868546be2c3297f60c82a,delivered,2017-12-05 11:47:17,2017-12-05 11:58:27,2017-12-05 23:49:27,2017-12-12 23:32:34,2017-12-29,59.98,28.2,2,1,88.18,1,1,4.0,1.0,673afc05fa081ebe870d2490a39c17e7,71670,brasilia,DF,7.489780092592593,23.508831018518517,0,88.17999999999999
a7982d7c8e5f1fde0c06a1e958487a19,5f2722a842f2c4139075f98f810e0cd5,delivered,2017-12-05 11:54:47,2017-12-05 12:08:49,2017-12-05 23:13:31,2017-12-13 20:49:05,2017-12-28,91.49,13.66,1,1,105.15,3,1,2.0,1.0,5f2e12d6276bcd42023882803d427ac8,17047,bauru,SP,8.371041666666667,22.503622685185185,0,105.14999999999999
77f2e7e62b82f2c771bde410b1b3e086,ef2552ba67c885431531f4276bc8c187,delivered,2017-12-05 11:56:43,2017-12-05 12:08:50,2017-12-08 14:46:57,2017-12-19 19:52:38,2017-12-21,279.99,15.86,1,1,295.85,4,1,5.0,1.0,157772c1170289d2261dc99ec1eac05c,21240,rio de janeiro,RJ,14.330497685185184,15.502280092592592,0,295.85
c3e32e69bba7c640697cc4ac19936113,ed2f12c194565a4351a766c26fae57f9,delivered,2017-12-05 12:07:18,2017-12-05 13:13:48,2017-12-12 23:24:53,2017-12-26 22:56:34,2018-01-04,120.0,17.41,1,1,137.41,4,1,4.0,1.0,1ed97d199d05210d3de8fb7dc0ac9e8e,78030,cuiaba,MT,21.45087962962963,29.494930555555555,0,137.41
e2cfe4b2af025a2ae3b1d8795f677525,263e66eb67eddc6a0053b194571427d0,delivered,2017-12-05 12:19:36,2017-12-05 12:33:48,2017-12-05 22:54:47,2018-01-05 23:59:05,2017-12-29,113.9,21.29,1,1,135.19,1,1,1.0,1.0,92b0c5698b3008fd30c5230b2504df71,23595,rio de janeiro,RJ,31.485752314814814,23.48638888888889,1,135.19
ba3c3f0a08fc618d7bee784ef3a1574e,890d7395a44463957839140e1ed3c1c5,delivered,2017-12-05 12:30:36,2017-12-06 02:39:31,2017-12-08 20:05:52,2017-12-20 22:27:49,2018-01-05,137.7,63.449999999999996,3,1,201.15,1,1,5.0,1.0,d2bbc82920b7993ce1ed23b1d6313afc,59020,natal,RN,15.414733796296296,30.47875,0,201.14999999999998
d29bae63f22f20cb3190869e57451e86,8757fd616684c8cda84b8b5422918574,delivered,2017-12-05 12:49:03,2017-12-06 02:37:24,2017-12-12 21:54:45,2017-12-18 21:07:51,2017-12-28,34.9,11.85,1,1,46.75,1,1,5.0,1.0,93f1158544fa4075589b56a144be8041,14051,ribeirao preto,SP,13.346388888888889,22.4659375,0,46.75
061295e635460bf36f1bb41bd54fd2d2,d5e09a8184614ddda310dac5e19e7635,delivered,2017-12-05 12:49:56,2017-12-05 12:59:22,2017-12-06 18:42:57,2017-12-19 19:58:58,2018-01-10,238.99,18.11,1,1,257.1,3,1,5.0,1.0,49e6749fd8bf4a9218457eb19a92e200,46310,jacaraci,BA,14.297939814814814,35.465324074074076,0,257.1
1d748fa1652f04b064b6cf65739b04dc,5f8b4882b5a4ec7bf6d2107e6cd0cf29,delivered,2017-12-05 12:56:13,2017-12-06 02:35:38,2017-12-12 19:51:56,2018-01-09 12:20:41,2017-12-29,45.9,15.11,1,1,61.01,1,1,1.0,1.0,694cb45ff29b603ac2acd51016770097,24120,niteroi,RJ,34.975324074074074,23.46096064814815,1,61.01
2bc74c35ed9306f5b5349454f3fbf321,33bca7a3d724c58d131611cf8f0f0d66,delivered,2017-12-05 12:58:41,2017-12-05 13:13:44,2017-12-06 21:48:48,2017-12-14 19:57:51,2017-12-29,75.0,20.02,1,1,95.02,1,1,4.0,1.0,b43912d010fe62d7f48ee84a48fbd88d,30516,belo horizonte,MG,9.291087962962964,23.459247685185186,0,95.02
e4c6165044d2aacdc886826704d0ba2f,629bbe764de5c93b4e09588c9cd13904,delivered,2017-12-05 12:59:08,2017-12-05 13:13:54,2017-12-13 13:03:03,2018-01-03 19:03:50,2018-01-15,240.9,16.44,1,1,257.34,10,1,4.0,1.0,10ff87cba5d2038586223d82aa0f0027,28051,campos dos goytacazes,RJ,29.25326388888889,40.45893518518518,0,257.34000000000003
f29a57242152dd7973de7bec76001aac,31fbe11f03bb18977db56fc23e275565,delivered,2017-12-05 13:04:21,2017-12-06 02:35:28,2017-12-08 16:29:18,2017-12-17 18:13:17,2017-12-21,34.9,7.78,1,1,42.68,1,1,4.0,1.0,3796be92bdf2d11356c0e92bf2167b2c,5783,sao paulo,SP,12.214537037037037,15.4553125,0,42.68
6480f18f7594419854143fa969cd9bf4,ea83c43088d4df128d8702adec29abb6,delivered,2017-12-05 13:04:47,2017-12-05 13:17:24,2017-12-11 16:48:23,2017-12-18 22:28:25,2018-01-08,349.9,17.0,1,1,366.9,4,1,5.0,1.0,16924f9438a259fc6a377fce4c9dc297,3558,sao paulo,SP,13.391412037037037,33.45501157407407,0,366.9
f961f6ff8dc846665af87a48ff57069c,830ae12e8094f25ccbcac7f66c713ab8,delivered,2017-12-05 13:17:30,2017-12-05 13:30:45,2017-12-06 20:12:57,2017-12-14 02:33:23,2017-12-21,118.0,9.02,1,1,127.02,6,1,5.0,1.0,58ef66208225145b718a2c28869ead2e,3509,sao paulo,SP,8.552696759259259,15.446180555555555,0,127.02
95b1f6f56e1831a87c509debb79f3c52,03107396af0b320ed3c0f37f2159915f,delivered,2017-12-05 13:22:22,2017-12-05 13:35:34,2017-12-06 18:23:30,2018-01-06 13:05:22,2018-01-04,59.99,17.99,1,1,77.98,4,1,5.0,1.0,aaeea88eac3beaecd932b0d4ef339566,40296,salvador,BA,31.988194444444446,29.442800925925926,1,77.98
afef8c9d77440793d7bf762286fe97fc,34419ac92755800adf8819f48cc1d14d,delivered,2017-12-05 13:22:59,2017-12-05 13:35:32,2017-12-07 18:54:46,2017-12-23 11:17:18,2018-01-03,199.99,16.15,1,1,216.14,3,1,5.0,1.0,73215cc6dfcebf2d1486e6e99303505f,36420,ouro branco,MG,17.912719907407407,28.442372685185184,0,216.14000000000001
47efcc8c3c3a6011c15cbff901605841,40da7436fa784c91abb13730ee83d8cc,delivered,2017-12-05 13:28:19,2017-12-05 14:31:06,2017-12-06 21:19:04,2017-12-17 17:52:33,2018-01-08,28.9,16.79,1,1,45.69,1,1,5.0,1.0,b7a9b8a565f38385bbc785eb2f5e78ce,79611,tres lagoas,MS,12.18349537037037,33.438668981481484,0,45.69
07b4d304ff7e33edf1f9e8a63768204b,08e79e92fd93a5f49ce66fd838a164e7,delivered,2017-12-05 13:28:58,2017-12-05 13:53:35,2017-12-06 21:35:42,2017-12-30 16:53:34,2018-01-02,26.99,21.15,1,1,48.14,4,1,4.0,1.0,2f86f2379f0f4062eabf4bd110e1efb2,64067,teresina,PI,25.142083333333332,27.438217592592594,0,48.14
08c3c0d49b3cb66764234e0fa980e850,24a9d9ed5262306de7a4b0925ada06dc,delivered,2017-12-05 13:29:49,2017-12-05 13:53:42,2017-12-06 12:52:09,2017-12-20 20:19:12,2018-01-03,179.99,45.72,1,1,225.71,4,1,5.0,1.0,2548ce8e60025afcdc81a1a44c3caa9b,21230,rio de janeiro,RJ,15.28429398148148,28.437627314814815,0,225.71
7e09cc861487709e81e6c729d2635208,bbe208ab812ec207b4af5580b64e68cd,delivered,2017-12-05 13:33:44,2017-12-05 13:53:37,2017-12-06 00:27:05,2017-12-22 15:07:17,2018-01-08,54.9,35.7,1,1,90.6,1,1,5.0,1.0,6d4f8f9b9520103722945bb5ddf878d2,88036,florianopolis,SC,17.064965277777777,33.43490740740741,0,90.6
d7db188906a24b4ae6a02dc37693752c,c6a5b8db6885e67c4fbb7f21cae8ba16,delivered,2017-12-05 13:34:50,2017-12-06 02:50:38,2017-12-13 13:16:22,2017-12-20 19:48:33,2018-01-11,448.89,14.64,1,1,463.53,1,1,5.0,1.0,e0a09cdeebf0054349e0da18a0c05480,13040,campinas,SP,15.259525462962962,36.43414351851852,0,463.53
d94c726dff2fd4e74f45a4fb3e3d07a6,8f372945116f5b1a57e1b67f114d9e33,delivered,2017-12-05 13:35:34,2017-12-05 13:53:44,2017-12-07 16:13:42,2017-12-18 12:54:37,2017-12-28,26.9,11.85,1,1,38.75,1,1,4.0,1.0,5a7ef7a5e9c4e9e7851f635d31f58448,6785,taboao da serra,SP,12.9715625,22.43363425925926,0,38.75
a92232b41fcd16d21f69ff9d11648bbe,1eb56edd49bc10e943716ab0188dd6de,delivered,2017-12-05 13:37:09,2017-12-05 13:53:46,2017-12-06 17:16:39,2017-12-19 23:56:44,2018-01-10,129.99,20.15,1,1,150.14,3,1,5.0,1.0,a94ee4590dfa55d48034194a05c491ac,47690,coribe,BA,14.430266203703704,35.43253472222222,0,150.14000000000001
0bcc4cc85c24f23e22013fd22f99728f,4d42435d173517c3f79098cee92ea787,delivered,2017-12-05 13:43:47,2017-12-05 13:53:52,2017-12-08 19:42:30,2017-12-20 20:52:05,2018-01-05,177.99,17.01,1,1,195.0,1,1,5.0,1.0,591556e0ce356274a8a58a64b5311a2a,15320,floreal,SP,15.297430555555556,30.42792824074074,0,195.0
a1b804216bd2104b89826d9c884a06aa,5c7595d88d9ae99c0829d2304a39eb9e,delivered,2017-12-05 13:49:27,2017-12-05 13:58:29,2017-12-06 17:33:54,2017-12-19 18:19:19,2017-12-28,9.9,14.1,1,1,24.0,2,1,5.0,1.0,2e4a58e5806f654199b348347a7efdeb,3702,sao paulo,SP,14.187407407407408,22.423993055555556,0,24.0
bb87483a5b76ab87a5a3aec0e066526e,f5b2a6ae3c8a7478b891e4f150431c0d,delivered,2017-12-05 13:50:22,2017-12-05 13:58:29,2017-12-12 21:19:07,2017-12-17 16:09:49,2018-01-31,199.0,16.14,1,1,215.14,1,1,5.0,1.0,f173ebb064ab2b8e91d785188c2a42bd,32280,contagem,MG,12.096840277777778,56.423356481481484,0,215.14
7e8a02cddca8f2dccebedb8b6b75ba5b,8825ddd25aa90c9895c662c03975ba06,delivered,2017-12-05 13:50:32,2017-12-05 13:58:27,2017-12-07 23:09:03,2017-12-11 21:42:23,2017-12-22,84.99,13.15,1,1,98.14,2,1,4.0,1.0,ff5c94688b17db95aa0969389e6d156d,13178,sumare,SP,6.327673611111111,16.42324074074074,0,98.14
36963a629da6c57d926df8f37a9e63a9,8af8f7bb2179aaaf1bf8fdc58c02975c,delivered,2017-12-05 13:50:53,2017-12-06 02:39:35,2017-12-08 14:53:17,2017-12-21 21:27:42,2018-01-03,17.9,15.1,1,1,33.0,1,1,5.0,1.0,de86eb78e40dda1b58f5ce00b0487a76,36328,santa cruz de minas,MG,16.317233796296296,28.422997685185184,0,33.0
1c4bf073acd58cd827c2ff0c97466bfa,087472c809af7a09b9cbf42d9938801f,delivered,2017-12-05 13:52:17,2017-12-05 14:31:06,2017-12-06 23:04:37,2017-12-15 20:18:10,2018-01-08,82.99,17.83,1,1,100.82,1,1,4.0,1.0,bab87ee5331a277979273905630bd50b,75690,caldas novas,GO,10.267974537037038,33.422025462962964,0,100.82
d8871dabf991b93f323970274f492e85,87135d156578200c9b003917ce3cdc4e,delivered,2017-12-05 13:56:10,2017-12-05 14:30:55,2017-12-11 20:32:16,2018-01-11 21:37:05,2017-12-29,99.0,13.71,1,1,112.71,10,1,1.0,1.0,cd2fa24d6cf522bf1736fd72429dbe56,14240,cajuru,SP,37.32008101851852,23.419328703703705,1,112.71000000000001
13651aa318d6af9df5257a5dfdc20f3c,07a41bea02321e3258b602c6f8dd4ff4,delivered,2017-12-05 13:56:28,2017-12-05 14:30:59,2017-12-08 00:33:36,2017-12-28 20:29:09,2018-01-15,33.33,27.2,1,1,60.53,1,1,5.0,1.0,71048f40f553973d48d6fe35d01a3afb,66913,belem,PA,23.272696759259258,40.41912037037037,0,60.53
73cfd52c2ab878481307dcd97df6155c,3c2e7801b4935aab59ad135bab7207e6,delivered,2017-12-05 13:58:42,2017-12-06 12:30:44,2017-12-06 12:47:58,2017-12-12 15:07:32,2017-12-29,12.49,12.48,1,1,24.97,1,2,4.0,1.0,7c7ac4b5bd7401d0d5887371f5162c95,39750,sabinopolis,MG,7.047800925925926,23.417569444444446,0,24.97
8c7304b887c62d8b229df046f90e44f4,0519861eea334b9c63211d1a02c1a484,delivered,2017-12-05 13:59:56,2017-12-05 14:31:04,2017-12-06 03:51:56,2018-01-05 13:22:39,2017-12-28,129.99,15.67,1,1,145.66,3,1,3.0,1.0,ed92f716afaed80ff2cb54705754c912,21071,rio de janeiro,RJ,30.974108796296296,22.41671296296296,1,145.66
e43f88863d1cc9cff18d753d439d42e8,7171389ea6661b64e8c33ee5ad962922,delivered,2017-12-05 14:06:45,2017-12-05 14:41:22,2017-12-06 23:42:29,2017-12-15 20:48:58,2018-01-03,419.93999999999994,97.5,6,1,517.44,5,1,5.0,1.0,72061fff095d8325b311ea24e2f4a2b5,37150,carmo do rio claro,MG,10.27931712962963,28.411979166666665,0,517.4399999999999
2de5b68f713b073b77fda04cb4868443,b3ef2e15b1f2d5598a28e08e3536542b,delivered,2017-12-05 14:10:07,2017-12-06 12:51:11,2017-12-07 18:57:57,2017-12-09 14:07:07,2017-12-28,47.3,12.69,1,1,59.99,1,1,5.0,1.0,106fc159590d2e39a532f3f56259df49,4501,sao paulo,SP,3.997916666666667,22.409641203703703,0,59.989999999999995
27c40c2ef2f757ec0f8253c65e5b9abc,5ac62b164a59f52234b173613df39b5f,delivered,2017-12-05 14:14:49,2017-12-05 15:03:53,2017-12-07 00:13:50,2017-12-12 17:56:40,2018-01-09,99.99,16.46,1,1,116.45,1,1,5.0,1.0,c5f37e8ce5561ebcfa74665bde367513,36415,congonhas,MG,7.1540625,34.40637731481481,0,116.44999999999999
af6dbf659dbbf1932943adf2a2f6da6b,ee7c4ced04927410df4a3977fbe5e229,delivered,2017-12-05 14:19:09,2017-12-05 15:30:57,2017-12-06 21:21:58,2017-12-18 16:04:32,2018-01-12,270.0,18.33,1,1,288.33,3,1,5.0,1.0,1ec820e535daa16788f5e30539db7428,45991,teixeira de freitas,BA,13.07318287037037,37.40336805555555,0,288.33
cb919725d3998b81e43f4c721f00b716,e9b64f87b2d7de5db20e56ce298eb3b7,delivered,2017-12-05 14:25:45,2017-12-07 15:32:03,2017-12-08 16:38:55,2017-12-13 20:54:43,2017-12-29,99.0,16.32,1,1,115.32,5,1,5.0,1.0,a4a7df24945d583cabcba0fb5024a76d,13700,casa branca,SP,8.27011574074074,23.39878472222222,0,115.32
83d0857ac987879b479b12fda691870d,6cf3dcc83e30efed63a32669fcb739d0,delivered,2017-12-05 14:29:58,2017-12-05 15:21:23,2017-12-11 19:49:00,2017-12-28 21:17:20,2017-12-28,79.0,13.57,1,1,92.57,1,1,1.0,1.0,68ed490894d7fd08e4dee56bb7cb44c3,11045,santos,SP,23.28289351851852,22.39585648148148,1,92.57
2e931584519b7ebc7b1a445a4f7cd8f1,f33c9d0eaa22a1be86ff276c1516e17f,delivered,2017-12-05 14:32:44,2017-12-05 15:21:26,2017-12-06 18:17:06,2017-12-19 19:18:36,2018-01-04,149.9,25.89,1,1,175.79,2,1,4.0,1.0,253dd87d06a70cf96ef4c39c8fc646e1,11920,iguape,SP,14.198518518518519,29.393935185185185,0,175.79000000000002
d472f8a450e5c7df3f9cfd6225af7243,ebaaed8f43aa1e32eeb972dc57d35840,delivered,2017-12-05 14:33:07,2017-12-05 15:21:25,2017-12-06 21:22:00,2017-12-28 20:19:22,2018-01-16,250.0,16.5,1,1,266.5,5,1,5.0,1.0,0af4f5208fc65cafcc208da4ee8b2988,96400,bage,RS,23.24045138888889,41.39366898148148,0,266.5
f477933425f20c2aea5741d4d76b4150,608b8b49eceb67c3c736230e6661e87d,delivered,2017-12-05 14:37:45,2017-12-05 15:21:30,2017-12-07 13:02:34,2017-12-18 23:43:46,2018-01-04,57.99,13.43,1,1,71.42,3,1,5.0,1.0,552052114dbea4e4fd479a9f4972ea3c,13337,indaiatuba,SP,13.37917824074074,29.390451388888888,0,71.42
49a7909b97f9d04abf822c29353fe343,d6c52e7cfae2c1fda93a81b706555188,delivered,2017-12-05 14:39:16,2017-12-05 15:21:27,2017-12-11 20:29:10,2017-12-15 20:29:06,2018-01-10,99.0,19.93,1,1,118.93,1,1,5.0,1.0,76b194442fc813ff3951595ba43e9dc2,46100,brumado,BA,10.242939814814815,35.389398148148146,0,118.93
2f1a68671a42c4f1cb4dad01656333da,048b0452f58c6e76c476af669812b2db,delivered,2017-12-05 14:44:59,2017-12-05 14:52:24,2017-12-12 16:06:40,2017-12-18 22:55:48,2017-12-28,99.99,13.72,1,1,113.71,2,1,5.0,1.0,d90edf698414085da3a594c649c746b1,6293,osasco,SP,13.340844907407407,22.38542824074074,0,113.71
53a72dbf29b3890aeae332e05c763169,56df243d9620485f06c20ca3325ca706,delivered,2017-12-05 14:47:59,2017-12-05 14:59:21,2017-12-06 15:24:57,2017-12-27 21:10:33,2018-01-03,149.99,40.38,1,1,190.37,3,1,5.0,1.0,11895a9c185b89bb03876311e9e8d1d3,20765,rio de janeiro,RJ,22.265671296296297,28.38334490740741,0,190.37
7e0f8681296df43a561897448828f476,b257997a1becf344c617bb61240ad14f,delivered,2017-12-05 14:48:08,2017-12-05 14:59:30,2017-12-06 21:35:34,2018-01-07 19:17:20,2018-01-04,29.99,16.79,1,1,46.78,4,1,4.0,1.0,aa55fd1328245d3aa3b2e7d76e04554d,48904,juazeiro,BA,33.18694444444444,29.383240740740742,1,46.78
ac3b2d2f26b74c0c5f1e28c2f35abbc8,795dd2084a93274d000e07aa68dee14e,delivered,2017-12-05 14:49:41,2017-12-07 15:33:16,2017-12-09 11:46:43,2017-12-21 20:42:28,2018-01-08,479.6,80.32,4,1,559.92,4,1,1.0,1.0,3cbfa8093b3ae36fc7a01c0a263e0389,78030,cuiaba,MT,16.244988425925925,33.38216435185185,0,559.9200000000001
b3b00591b761494d555f5112017ff443,27e7a55090c5a01643445f94be10ccf7,delivered,2017-12-05 14:51:02,2017-12-05 14:59:34,2017-12-07 00:36:55,2017-12-29 11:55:12,2018-01-02,74.99,15.27,1,1,90.26,1,1,5.0,1.0,06dda07f22202fdc8b3387fa4722ca5d,31930,belo horizonte,MG,23.87789351851852,27.381226851851853,0,90.25999999999999
21e43bdf56e1d32ad5bf113b604fc4f2,7fdecfe159e2f89af435668f6a1dd4dc,delivered,2017-12-05 15:00:56,2017-12-05 15:14:55,2017-12-06 18:28:48,2017-12-11 23:18:51,2017-12-29,64.9,18.69,1,1,83.59,6,1,5.0,1.0,b807f720ce7d4b5cacda4de1b1c02889,6715,cotia,SP,6.345775462962963,23.374351851851852,0,83.59
78f62098f3fbba55d5a6fc9b2e072cc2,5df52c00bb3e854f687e11b615d99945,delivered,2017-12-05 15:00:56,2017-12-05 15:14:53,2017-12-12 21:37:03,2018-01-23 17:51:39,2018-01-08,89.9,17.88,1,1,107.78,5,1,1.0,1.0,6ba53545e48dbc82396132204a20b8c9,96040,pelotas,RS,49.11855324074074,33.37435185185185,1,107.78
0d85f60a7eb6eff92a2c8363050cc7b2,abb2c6c3156823bffa1f8100bc9d5b34,delivered,2017-12-05 15:01:00,2017-12-05 15:31:00,2018-01-15 23:22:27,2018-01-23 10:48:59,2018-01-18,899.0,19.31,1,1,918.31,1,1,1.0,1.0,1b9c0988bccb820c5ae423e3205c00a2,38184,araxa,MG,48.82498842592592,43.37430555555556,1,918.31
21a464b47cbed6570cb9086c34959ce6,b284036463fbc9fb63d6c0136583ff5b,delivered,2017-12-05 15:02:54,2017-12-07 15:31:56,2017-12-11 12:58:16,2017-12-16 12:01:23,2017-12-29,11.55,14.1,1,1,25.65,1,1,5.0,1.0,b60ae325e1ddcf1efb60c4d485f64458,70353,brasilia,DF,10.87394675925926,23.37298611111111,0,25.65
ad192211a3b7e6018ffdea3e5fef1444,40905525660d729391fc706263a8ed34,delivered,2017-12-05 15:05:53,2017-12-05 15:17:27,2017-12-06 22:37:55,2017-12-12 01:48:40,2017-12-28,67.9,11.98,1,1,79.88,1,1,5.0,1.0,631d78143a2ac7b227f852b995b4409e,13405,piracicaba,SP,6.446377314814815,22.37091435185185,0,79.88000000000001
76b2130e88deabfcb586db50ff98e3b5,86258c28f995c44e1d2e5ba3b1f5f0c2,delivered,2017-12-05 15:06:41,2017-12-05 15:31:03,2017-12-06 21:23:11,2018-01-04 19:52:28,2018-01-08,71.0,19.99,1,1,90.99,4,1,2.0,1.0,15fdb549aa3d9b08609f35fe0a119fef,31170,belo horizonte,MG,30.19846064814815,33.370358796296294,0,90.99
7af03c34c1e76949fb7ff650df82d101,6cef447cc527164f978d50584d6827e5,delivered,2017-12-05 15:11:03,2017-12-05 15:31:15,2017-12-11 19:57:26,2018-01-05 00:33:25,2018-01-08,139.9,29.38,1,1,169.28,2,1,5.0,1.0,e4f4210b68a13bb804545e51ae236a95,29360,castelo,ES,30.390532407407406,33.36732638888889,0,169.28
a0926696307e88c39cc2fc46ebc9cee4,10212d95121fec29182c97042685640d,delivered,2017-12-05 15:17:47,2017-12-07 15:32:09,2017-12-11 12:39:17,2017-12-23 16:49:53,2018-01-03,249.99,35.11,1,1,285.1,5,1,1.0,1.0,ed4cb3c77ad59af708bae2e355b414c9,14750,pitangueiras,SP,18.063958333333332,28.362650462962964,0,285.1
8f4ca9bde5fe4aa5bcf7af761a7779cc,7286b5cbd9bcc9df28c378dd0b1aa4dd,delivered,2017-12-05 15:18:02,2017-12-05 15:31:38,2017-12-12 19:03:32,2017-12-19 17:24:36,2017-12-29,14.99,14.08,1,1,29.07,1,1,5.0,1.0,4eeaf92d21f6164adece5bd0da361b23,13631,pirassununga,SP,14.087893518518518,23.362476851851852,0,29.07
f63eb30401fd1e31349956455a06bdde,b6e1c70884a3b3b65b12e82803ce16c4,delivered,2017-12-05 15:18:57,2017-12-06 02:35:42,2017-12-06 21:38:31,2017-12-20 18:14:44,2017-12-29,79.9,15.32,1,1,95.22,1,1,5.0,1.0,c7d25a09e0154c122bb45dc8e69bdb4e,83005,sao jose dos pinhais,PR,15.12207175925926,23.361840277777777,0,95.22
682fba8f9ac0c164d162ff702d6bcc23,2c07e5f16a6a9c98a3837783b7e6fc4a,delivered,2017-12-05 15:24:25,2017-12-06 02:35:35,2017-12-07 12:34:07,2017-12-28 22:19:10,2018-01-05,29.99,16.79,1,1,46.78,1,1,1.0,1.0,637083b346bff4660523a74fc4fa8b73,78705,rondonopolis,MT,23.288020833333334,30.358043981481483,0,46.78
ce938f4382d04c8b3df8c773d3187449,45d23d652ab776714f444ad2daf99995,delivered,2017-12-05 15:25:21,2017-12-07 03:15:42,2017-12-28 14:49:06,2018-01-03 18:03:00,2018-01-11,479.90999999999997,217.32,6,1,697.23,1,1,1.0,1.0,c5e913ed94ec2040210bbee0a7d10b1d,21321,rio de janeiro,RJ,29.109479166666667,36.357395833333335,0,697.23
32b88a9584e3facf4a7eda6c22b11219,e9a09c7c5f699f95b7bae10f94cac398,delivered,2017-12-05 15:26:00,2017-12-05 16:30:58,2017-12-06 14:57:06,2017-12-18 23:23:54,2018-01-05,89.99,45.09,1,1,135.08,4,1,3.0,1.0,7f7495ab31271fa1bc8423b7db5ea274,15560,pontes gestal,SP,13.331875,30.356944444444444,0,135.07999999999998
46d740c3925f87cab7d14d4e55cc47a7,c13dc09f81d5e2fa66a5f1eca8e13e27,delivered,2017-12-05 15:29:54,2017-12-05 15:54:23,2017-12-07 20:28:24,2017-12-20 19:03:16,2018-01-10,49.9,17.92,1,1,67.82,1,1,4.0,1.0,89c9cc11a623a0614f8ffdb0a73e8b05,35680,itauna,MG,15.148171296296296,35.35423611111111,0,67.82
7497d2863817fe3cacbf2190af7accf6,16d344034d088c4ea420da408ef77129,delivered,2017-12-05 15:44:26,2017-12-07 15:50:49,2017-12-08 23:38:51,2017-12-11 17:59:01,2017-12-21,17.99,7.78,1,1,25.77,2,1,5.0,1.0,16edf3dfe240452007aabc066a9036fb,18030,sorocaba,SP,6.093460648148148,15.344143518518518,0,25.77
5fa0fac3ee78bb5d81f63f4e1b2f581e,9df3a70d5bddb3b05b7896e5d68088f1,delivered,2017-12-05 15:45:05,2017-12-05 15:54:20,2017-12-07 00:56:46,2018-01-04 22:49:00,2017-12-28,69.9,14.24,1,1,84.14,1,1,1.0,1.0,9c8a048c503e08a6bdef9254c5a348d9,20921,rio de janeiro,RJ,30.294386574074075,22.34369212962963,1,84.14
c6151459c772b29c883545b54802f227,2be6ff74ee498635876fe137109f5f96,delivered,2017-12-05 15:49:27,2017-12-05 15:59:28,2017-12-07 22:58:33,2017-12-08 20:21:35,2017-12-27,23.99,7.78,1,1,31.77,1,1,5.0,1.0,4179c54b8298fc74c7c82118169342fb,8180,sao paulo,SP,3.1889814814814814,21.340659722222224,0,31.77
cb42eafc3017a42886e3c0bf40dabee6,90422e172674bbcd8cfd3919e4d10f6b,delivered,2017-12-05 15:54:30,2017-12-05 16:21:16,2017-12-14 00:52:04,2017-12-19 19:19:14,2018-01-08,99.9,16.46,1,1,116.36,2,1,5.0,1.0,3eab7f4e644bc73006c453c8faaba8bd,98801,santo angelo,RS,14.142175925925926,33.337152777777774,0,116.36000000000001
4983a642ae6d4ab0094e98bb201bd10b,588082ffda9076b85db042299827aaac,delivered,2017-12-05 16:04:37,2017-12-07 03:11:17,2017-12-11 23:17:11,2017-12-21 20:53:49,2018-01-12,19.89,21.15,1,1,41.04,1,1,4.0,1.0,1e3f29ca797d6c0585751cb4e10e1be5,76801,porto velho,RO,16.200833333333332,37.33012731481482,0,41.04
dac240c372efa20977771d685d447ec2,2b120558238a9f500d9fd6b6b3e195ce,delivered,2017-12-05 16:09:22,2017-12-07 16:11:43,2017-12-11 22:23:44,2017-12-18 11:55:29,2017-12-28,120.0,14.59,1,1,134.59,2,1,5.0,1.0,db99289567e2c741bcc6efe55b30215d,32145,contagem,MG,12.82369212962963,22.326828703703704,0,134.59
2348f7f4bfb8d8892725f278c51c112f,4726d3a6a375b7faa0e5e291f96f25cc,delivered,2017-12-05 16:18:17,2017-12-05 16:42:25,2017-12-19 17:07:57,2017-12-29 19:15:05,2018-01-03,99.99,15.46,1,1,115.45,2,1,5.0,1.0,ce3dbcbf760540ff123604c95bf8399a,70235,brasilia,DF,24.122777777777777,28.320636574074076,0,115.44999999999999
38162e93b3ce4e0511825eba9f0b4414,6e4bf3181d51b8957a210a1fffbae639,delivered,2017-12-05 16:18:19,2017-12-05 16:43:19,2017-12-19 19:14:42,2018-01-04 18:10:48,2018-01-03,86.99,17.86,1,1,104.85,10,1,1.0,1.0,f92fd2c87375f957ece022972b16849b,30285,belo horizonte,MG,30.078113425925928,28.320613425925927,1,104.85
f256e6ae5f9bc6968eb25800d1360ab9,5e0c77608746c464f57855173086e0fa,delivered,2017-12-05 16:18:27,2017-12-08 17:30:24,2017-12-14 00:19:43,2018-01-09 17:57:27,2018-01-02,266.7,39.6,2,2,306.3,8,1,1.0,1.0,13b708e763ba3e24a290dd972fd0f8fd,28300,itaperuna,RJ,35.06875,27.320520833333333,1,306.3
c1ccde0003fe02bcbe317d6ca7224419,87f7aa52df0bf228fa5bf39debc47e48,delivered,2017-12-05 16:22:07,2017-12-05 16:43:23,2017-12-06 16:55:20,2017-12-11 20:38:35,2018-01-04,49.9,7.78,1,1,57.68,1,1,2.0,1.0,3bfab9c819dc90972418b141ef1f29b9,12324,jacarei,SP,6.178101851851852,29.31797453703704,0,57.68
b2adafcef9baffbef06c6e49e3d64c71,d19bf7506977eaa73334f94c63b46ade,delivered,2017-12-05 16:23:37,2017-12-06 02:50:28,2017-12-07 13:58:56,2017-12-20 21:55:08,2018-01-05,99.0,15.44,1,1,114.44,1,1,5.0,1.0,1ae6159fb2d716e145ebaaa0224f0b46,15775,santa fe do sul,SP,15.230219907407408,30.31693287037037,0,114.44
97f06fe395ce93098b2deafe88e888c4,547c1c5240ab52551513cdd2d3ec52a2,delivered,2017-12-05 16:24:16,2017-12-07 16:16:27,2017-12-09 00:06:59,2017-12-18 22:22:18,2018-01-09,17.5,25.63,1,1,43.13,4,1,4.0,1.0,0a62dfd26b276f568cf1e8cbfd18628b,77433,gurupi,TO,13.248634259259259,34.31648148148148,0,43.129999999999995
847bbf8a16e79d8128e4fc5f7554d919,aa22c58b4ed191ded6f3a6c1661a6a12,delivered,2017-12-05 16:24:20,2017-12-05 16:44:03,2017-12-12 19:55:45,2017-12-27 21:48:05,2018-01-10,115.0,21.3,1,1,136.3,6,2,5.0,1.0,ca5bc321875a1163e3536f597be6400f,98590,santo augusto,RS,22.22482638888889,35.316435185185185,0,136.3
b7f4c683de2480a46706baaf3dd167e7,f63218babcf381c98c00ccbbb66a6758,delivered,2017-12-05 16:34:03,2017-12-05 16:56:19,2017-12-06 20:41:30,2017-12-12 23:08:53,2017-12-29,144.9,28.75,2,2,173.65,4,1,5.0,1.0,50ce48286901a5caa70471ce58cab6f5,82560,curitiba,PR,7.2741898148148145,23.3096875,0,173.65
63df9c400a34f212a2b147cec366dfa9,66864c22377ac8bb2a1ce9ecef8f1f7e,delivered,2017-12-05 16:36:42,2017-12-05 16:56:29,2017-12-07 02:08:54,2017-12-28 20:53:19,2018-01-05,149.0,15.79,1,1,164.79,4,1,5.0,1.0,f38bfa3a372f4bd9504025b2fcd6dfc5,27600,valenca,RJ,23.17820601851852,30.30784722222222,0,164.79
d4db24d5b411e01abda8e9dc3d1f858b,2860ca56e5fb60bf979dbea037d34871,delivered,2017-12-05 16:37:53,2017-12-05 16:56:26,2017-12-08 14:46:56,2017-12-17 17:04:28,2018-01-03,249.99,37.77,1,1,287.76,5,1,4.0,1.0,c1ac8671710678fddc631960cbd57121,40420,salvador,BA,12.018460648148148,28.30702546296296,0,287.76
3fbd798d7e8c262456edce32abaee496,4410b688abf3a740eb252990826a8947,delivered,2017-12-05 16:39:36,2017-12-05 16:56:33,2017-12-07 02:32:39,2018-01-30 17:55:58,2017-12-28,166.99,23.49,1,1,190.48,5,1,1.0,1.0,7331d360e97a82b65299db5272c3538f,22785,rio de janeiro,RJ,56.05303240740741,22.305833333333332,1,190.48000000000002
4eb514337231826065b55177f5f9e267,043af03b39a6275a432ae36c96928a74,delivered,2017-12-05 16:47:25,2017-12-05 16:58:22,2017-12-11 12:32:29,2017-12-18 16:38:43,2017-12-29,189.9,27.65,1,1,217.55,5,1,5.0,1.0,255ac312f5ceb97163ec60f0db2eee11,3687,sao paulo,SP,12.993958333333333,23.30040509259259,0,217.55
8563ba5846a265d99db932d71e8f5b8c,e5fe29371fab568cd043942ae42365ed,delivered,2017-12-05 16:48:43,2017-12-06 02:50:02,2017-12-14 01:33:21,2017-12-23 19:15:36,2018-01-02,169.9,16.95,1,1,186.85,1,1,5.0,1.0,794dcff1cc7dee09bea35d1d20994c99,89228,joinville,SC,18.102002314814815,27.299502314814816,0,186.85
2f820dfff29d7bd20670d70c9a33ba51,211175e4201bbe5eb654b222cbc1c582,delivered,2017-12-05 16:54:02,2017-12-05 17:12:17,2017-12-07 22:27:09,2017-12-27 22:26:42,2018-01-08,116.1,33.26,1,1,149.36,5,1,4.0,1.0,cec7cf2229672c915826ab4698da3014,55024,caruaru,PE,22.231018518518518,33.29581018518518,0,149.35999999999999
1c928abe3140f4705e73bc9ffe47e5cd,61488e7e90dbc5345b81fb4eb8fed669,delivered,2017-12-05 16:57:33,2017-12-05 17:12:19,2017-12-08 01:39:41,2017-12-20 01:48:39,2017-12-29,40.05,33.93,2,2,73.97999999999999,1,2,1.0,1.0,a7f21a9577f8813f7dd7c2b57c4ee7fa,31030,belo horizonte,MG,14.368819444444444,23.293368055555554,0,73.97999999999999
