order_id,customer_id,order_status,order_purchase_timestamp,order_approved_at,order_delivered_carrier_date,order_delivered_customer_date,order_estimated_delivery_date,gross_merchandise_value,freight_value,item_count,seller_count,payment_value,payment_installments,payment_types,review_score,review_count,customer_unique_id,customer_zip_code_prefix,customer_city,customer_state,actual_delivery_days,promised_delivery_days,is_late,net_revenue
055b1b19fcb7ec836c23f44053344b20,74f84652fb83fc62d4428d8800ac4d4c,delivered,2018-03-01 00:00:00,2018-03-02 02:15:34,2018-03-02 20:28:55,2018-03-06 21:42:02,2018-03-19,28.58,12.48,1,1,41.06,1,1,3.0,1.0,b02bbbe3fb32d0425ca9c9dcd32dcbfd,85817,cascavel,PR,5.904189814814814,18.0,0,41.06
b5b967cc29ff5ce57bb11ffd9c2e9101,fe00a52c6e20dd4cd53891d93b363977,delivered,2018-03-01 00:00:37,2018-03-01 00:10:25,2018-03-07 00:33:54,2018-03-14 12:52:28,2018-03-22,30.21,15.1,1,1,45.31,1,1,4.0,1.0,0a3ce7e05075260fafbc5949285296e3,38300,ituiutaba,MG,13.536006944444445,20.999571759259258,0,45.31
ae825c311734d9ebfd9e6e67a8e3625e,9ed9fc5345920a68a9d9f08fb58e61bc,delivered,2018-03-01 00:09:51,2018-03-01 00:29:05,2018-03-06 23:06:34,2018-03-14 18:41:48,2018-03-19,29.0,12.69,1,1,41.69,1,1,4.0,1.0,8eed85940a1552384f01a841bb679f9a,6767,taboao da serra,SP,13.7721875,17.993159722222224,0,41.69
e3d7c52182ad0917d1d2dd351dc1ef3a,a66532abc4d021fe04fa2a8e8ad63381,delivered,2018-03-01 00:15:48,2018-03-01 00:31:17,2018-03-01 21:18:06,2018-03-09 18:08:34,2018-03-21,64.9,17.16,1,1,82.06,1,1,5.0,1.0,4ec1137be53d7dd7d058f771bbb26251,9782,sao bernardo do campo,SP,8.744976851851852,19.98902777777778,0,82.06
409e6afee2a8d16df0be7d30f6278067,b174fb91c364d103fdbe5b9ccd95a991,delivered,2018-03-01 00:40:25,2018-03-03 02:51:37,2018-03-08 19:52:53,2018-03-18 12:21:02,2018-03-22,499.9,101.29,1,1,601.19,1,1,4.0,1.0,f494b1241d3a74fb58feeb1d6fd23830,7791,cajamar,SP,17.486539351851853,20.97193287037037,0,601.1899999999999
ac8f533b96ef19b111869e752c59a61c,75662c3dd2cfd0fbd4b10232e327e215,delivered,2018-03-01 00:52:45,2018-03-02 02:10:34,2018-03-03 00:05:58,2018-04-10 19:20:59,2018-03-19,204.0,14.45,1,1,218.45,1,1,1.0,1.0,dac134231a54f7f083dbb5db08f915ba,9853,sao bernardo do campo,SP,40.76960648148148,17.963368055555556,1,218.45
5cf545017493456f694c201f5019515b,c02524c62762e2a04a2b936b7f06f16d,delivered,2018-03-01 01:04:05,2018-03-01 01:35:13,2018-03-01 20:49:12,2018-03-12 14:08:57,2018-03-20,78.0,30.2,2,1,108.2,3,1,1.0,1.0,892ac24257898487199e2731484f1dc6,23530,rio de janeiro,RJ,11.545046296296297,18.955497685185186,0,108.2
266ceade77126c8832baca0f856701de,44b8ccd6c1a47281e411eac02c27825e,delivered,2018-03-01 01:44:29,2018-03-02 02:10:55,2018-03-05 23:05:40,2018-03-22 00:14:31,2018-04-02,119.8,20.0,1,1,139.8,1,1,4.0,1.0,6d88f1eb06c52db441363f444b40bf00,31748,belo horizonte,MG,20.93752314814815,31.92744212962963,0,139.8
40940dc8bce0d8f65258a5d2d293038b,b697190995396d442349aa728da58c9a,delivered,2018-03-01 02:35:23,2018-03-01 02:55:23,2018-03-14 17:06:37,2018-04-03 23:31:02,2018-04-04,139.94,30.82,1,1,170.76,3,1,4.0,1.0,df5ff0c899dd19ed568e3e0f716cbe20,22713,rio de janeiro,RJ,33.87197916666667,33.892094907407404,0,170.76
a97db97f3de8482639f040b8e6a81be3,e07998356beee5173909c8a6df66b48b,delivered,2018-03-01 02:46:15,2018-03-01 02:55:29,2018-03-15 01:58:41,2018-03-27 19:27:43,2018-03-19,84.99,16.84,1,1,101.83,2,1,,,308ca2d98630aac1d7fb9b1951cc63d5,21640,rio de janeiro,RJ,26.695462962962964,17.88454861111111,1,101.83
4f77cfb31872d2f1c30def178961585e,8a346ad0d2bed49dd45fc37b28d06f9f,delivered,2018-03-01 04:18:10,2018-03-02 02:31:23,2018-03-02 19:42:27,2018-03-19 16:29:30,2018-04-03,11.6,17.0,1,1,28.6,1,1,5.0,1.0,164133bec0d572ddf77cd5dc7ab9c3c2,22060,rio de janeiro,RJ,18.50787037037037,32.820717592592594,0,28.6
61e5a319032ea9f5d404dd3f2cbe2a8f,6dc3ca63b413933ab4fd6581377a9a7b,delivered,2018-03-01 06:16:16,2018-03-01 06:30:20,2018-03-02 10:04:08,2018-03-06 21:08:41,2018-03-13,99.99,9.51,1,1,109.5,2,1,5.0,1.0,22e0fc8130c88be1e1fb7b144191654b,12942,atibaia,SP,5.6197337962962965,11.738703703703704,0,109.5
9acb81a52c99975f357641bb6886cd8e,915629689eacad2a9b739f4b3807d0e5,delivered,2018-03-01 07:06:52,2018-03-03 02:51:03,2018-03-06 00:29:57,2018-03-15 23:04:17,2018-03-28,49.9,15.1,1,1,65.0,1,1,5.0,1.0,d2b156874cac6a875ac522c1a338dae6,96070,pelotas,RS,14.664872685185186,26.703564814814815,0,65.0
0d3030480b6641db146fb663f52a6d0a,a28ffb71674bd7b87ec0765cb21cbe7b,delivered,2018-03-01 07:23:38,2018-03-02 07:29:04,2018-03-10 00:11:31,2018-03-19 22:51:44,2018-03-21,271.99,18.61,1,1,290.6,8,1,5.0,1.0,a39c967d9cc336e258954dc444525d51,13566,sao carlos,SP,18.644513888888888,19.691921296296297,0,290.6
1f57e9ff5f61f27154f91721393f9615,50074838d31ff6a3560df49cae0d534d,delivered,2018-03-01 07:30:51,2018-03-01 07:45:21,2018-03-01 20:37:09,2018-03-08 16:30:23,2018-03-21,22.9,15.1,1,1,38.0,1,1,5.0,1.0,4f0e9b8953834aaa3b747254ea2e11d1,89114,gaspar,SC,7.374675925925926,19.68690972222222,0,38.0
396ed132c900a336a0cce56dea205a7e,c3dd6dafd176db77fb0b887d83982df9,delivered,2018-03-01 07:34:10,2018-03-03 02:50:37,2018-03-07 18:55:13,2018-03-15 21:21:47,2018-03-23,124.9,18.12,1,1,143.02,1,1,5.0,1.0,69301cc631582d004e6392829adc2ac2,15502,votuporanga,SP,14.574733796296297,21.68460648148148,0,143.02
f3f3b27cca7955c784c143b5886558d3,9ae3ca34775bd0f2a8a7e5915975c1f6,delivered,2018-03-01 07:50:27,2018-03-01 08:09:26,2018-03-06 19:45:29,2018-04-03 23:07:43,2018-03-26,103.9,20.22,1,1,124.12,7,1,1.0,1.0,1fea3244d38e951f0196b2728aee3bdf,74170,goiania,GO,33.63699074074074,24.67329861111111,1,124.12
0f729d432870db7325144a3e078c9dc1,a2fcfc4d53419500023fa293509b129e,delivered,2018-03-01 07:57:24,2018-03-01 09:56:13,2018-03-02 00:04:08,2018-03-05 23:08:46,2018-03-13,29.98,7.78,1,1,37.76,1,1,5.0,1.0,6bdd34652c5ca96ab6cb5d78173d2c27,2349,sao paulo,SP,4.632893518518519,11.668472222222222,0,37.76
0c3190b4838c596fd1d6cd74e0436120,4ab6b9b183a09e503665c331ab76aa17,delivered,2018-03-01 08:02:21,2018-03-01 08:15:27,2018-03-01 19:41:53,2018-03-06 20:55:45,2018-03-13,68.99,8.72,1,1,77.71,1,1,3.0,1.0,ccfd020eaf030301df959b4f09ff45b6,4438,sao paulo,SP,5.537083333333333,11.665034722222222,0,77.71
5f4942fc3a59f2e62ae534f981105954,887b8a65e05f6ac52b0084002f88b30d,delivered,2018-03-01 08:07:37,2018-03-01 08:29:07,2018-03-01 20:12:36,2018-03-07 22:51:51,2018-03-21,45.0,12.48,1,1,57.48,1,1,5.0,1.0,bde6157addccf5749c409e1333ecb108,13045,campinas,SP,6.614050925925926,19.661377314814814,0,57.480000000000004
5451f2c09029166e1682b8f0d0ce98b6,a44362a019fe8b1358893deb2ebdaffd,delivered,2018-03-01 08:11:23,2018-03-01 08:29:03,2018-03-01 23:48:44,2018-03-09 21:08:42,2018-03-22,79.9,16.32,1,1,96.22,8,1,4.0,1.0,af4fa1cf57ef7ad8c28fdb80f86258d0,87200,cianorte,PR,8.53980324074074,20.658761574074074,0,96.22
2e3258f81be08e497abb202cef0c0303,2b52fe2c8577aa99f7dadca0efbaafaa,delivered,2018-03-01 08:11:25,2018-03-01 08:48:25,2018-03-02 21:35:28,2018-03-12 23:26:38,2018-03-19,299.0,18.57,1,1,317.57,8,1,4.0,2.0,af4fa1cf57ef7ad8c28fdb80f86258d0,87200,cianorte,PR,11.63556712962963,17.658738425925925,0,317.57
9ddba77d69c77e988ac02c012a59d058,3547196c69672a750204ffcbc71f186d,delivered,2018-03-01 08:17:59,2018-03-01 09:09:14,2018-03-05 18:54:31,2018-03-08 15:32:58,2018-04-11,329.99,9.56,1,1,339.55,8,1,4.0,1.0,58029ce0f39879b3f38a41ffea3c1720,13250,itatiba,SP,7.30207175925926,40.65417824074074,0,339.55
fe0972da0b118700eb5b1a5063476738,da77bdc7a9873008349cc29b5e877ae6,delivered,2018-03-01 08:23:50,2018-03-01 09:09:15,2018-03-02 21:46:37,2018-03-05 20:15:08,2018-03-13,27.98,15.56,2,1,43.54,1,1,4.0,1.0,4133b4c6a467916af84d6c15cd5aabe5,3388,sao paulo,SP,4.4939583333333335,11.650115740740741,0,43.54
26d54fe728c00ded5d4508383c6293c9,57b9b815e21434834d5377458f1cf483,delivered,2018-03-01 08:25:33,2018-03-03 02:51:28,2018-03-06 16:49:04,2018-03-07 19:53:16,2018-03-13,19.9,8.27,1,1,28.17,1,1,5.0,1.0,eba09274717d18bcadb6fbf9dd6558ed,21615,rio de janeiro,RJ,6.477581018518518,11.648923611111112,0,28.169999999999998
29e24ac120419e4326f0eb7913263af0,7bf997d6e16e6117b8312922c7408e10,delivered,2018-03-01 08:28:39,2018-03-03 02:50:56,2018-03-05 18:54:56,2018-03-28 18:17:22,2018-04-03,69.9,28.89,1,1,98.79,1,1,4.0,1.0,ff3e14860e32acc535aea6a5402d531c,66640,belem,PA,27.40883101851852,32.646770833333335,0,98.79
cf0279ca08c3174b3d12ac64091f859a,4dbc3878aa327e629769b79bfa465bd5,delivered,2018-03-01 08:47:19,2018-03-01 09:09:16,2018-03-02 00:04:10,2018-03-11 12:38:27,2018-03-20,109.8,30.26,2,1,140.06,1,1,5.0,1.0,598303f52e054ede6c3b5d53ba72ff65,88503,lages,SC,10.160509259259259,18.63380787037037,0,140.06
107b6dd80460768e617562eb52b4b9a9,ce376facd77acd7fac4fd003910c53c9,delivered,2018-03-01 08:51:41,2018-03-01 09:09:28,2018-03-06 00:08:39,2018-03-09 22:21:18,2018-03-19,32.5,11.85,1,1,44.35,4,1,4.0,1.0,cc29c5497a58e634a860b219cdbcb2dc,17780,lucelia,SP,8.562233796296296,17.630775462962962,0,44.35
0b39d78b430d574a6eafefe82c11b4a3,3e3aac425794c9d8f210c7fe2daff787,delivered,2018-03-01 09:01:53,2018-03-01 09:15:25,2018-03-10 01:48:30,2018-04-02 23:07:59,2018-03-20,9.9,15.1,1,1,25.0,1,1,2.0,1.0,ddb324b9d7fab6376d67c9939db4c0fc,21320,rio de janeiro,RJ,32.58756944444445,18.623692129629628,1,25.0
89ab5609dfc901cc9824e0a62cbefe59,f84720b872b43060bf682acf0213705e,delivered,2018-03-01 09:10:11,2018-03-01 09:33:11,2018-03-02 20:56:45,2018-04-26 16:32:49,2018-03-23,229.99,18.86,1,1,248.85,4,1,1.0,1.0,3d813c6fc035353a9c632760e2d3703a,26450,japeri,RJ,56.30738425925926,21.617928240740742,1,248.85000000000002
9c023f649696f2561725807e212a584d,73af397c0a94225a2124ed7262c53180,delivered,2018-03-01 09:11:59,2018-03-02 09:09:58,2018-03-27 23:18:52,2018-04-10 19:24:41,2018-03-28,106.0,17.18,1,1,123.18,3,1,1.0,1.0,e165945edfcffcc84b49816dd8f5e7f7,78840,campo verde,MT,40.42548611111111,26.61667824074074,1,123.18
87371766ff552cec9566f0c892cb061d,046ca7ad3a85cbffda0372a4af0c8855,delivered,2018-03-01 09:16:26,2018-03-01 09:33:15,2018-03-09 16:01:45,2018-04-02 20:22:02,2018-04-20,179.94,70.48,1,1,250.42,4,1,5.0,1.0,83ccc88c511948a2ff9399d0b877518a,68590,jacunda,PA,32.46222222222222,49.61358796296296,0,250.42000000000002
7f9cfcd3dfc19a1794d3529db50dc342,087862d99a9290061f333c550aaea1c5,delivered,2018-03-01 09:26:01,2018-03-01 09:35:31,2018-03-02 18:34:09,2018-03-05 17:13:51,2018-03-13,20.9,8.27,1,1,29.17,2,1,4.0,1.0,c84f0f7ca4f81ee75a82f7d666f44357,2962,sao paulo,SP,4.324884259259259,11.60693287037037,0,29.169999999999998
472e314958770ffe7ae241a5af43fd93,bfd64aef91cadd13fb53d56829fe57ee,delivered,2018-03-01 09:28:42,2018-03-01 09:56:00,2018-03-02 23:38:30,2018-03-11 11:18:44,2018-03-19,119.96,47.4,4,1,167.36,2,1,4.0,1.0,8ec5cd31c230817837925dd75bc74eed,13277,valinhos,SP,10.076412037037038,17.605069444444446,0,167.35999999999999
5db63df16698f20500f49faaee15c3d0,a8c0816a11a05bb71a5676d8ef985931,delivered,2018-03-01 09:33:13,2018-03-01 09:56:08,2018-03-09 23:36:56,2018-04-04 22:46:23,2018-03-21,81.0,15.33,1,1,96.33,1,1,1.0,1.0,38ce23c6238a2f9541efbd285c90320f,22221,rio de janeiro,RJ,34.550810185185185,19.60193287037037,1,96.33
6c6f13dc40d95be45c76aad771245a15,e55ceedb8cf0ee98dc7141b6597840db,delivered,2018-03-01 09:38:45,2018-03-02 02:10:54,2018-03-16 17:38:48,2018-04-26 12:27:20,2018-04-04,149.94,49.79,1,1,199.73,1,1,1.0,1.0,301d78467e734866587f0948c3499e91,21031,rio de janeiro,RJ,56.11707175925926,33.59809027777778,1,199.73
12a9a890cc3d7680ca149fd16535fb69,b08b1d914afbe92145d57379083eb6b8,delivered,2018-03-01 09:43:10,2018-03-02 09:49:10,2018-03-02 21:04:56,2018-03-05 19:34:23,2018-03-13,76.9,9.35,1,1,86.25,3,1,5.0,1.0,a3e45f6630ef02c9df3bf98076b01333,6083,osasco,SP,4.41056712962963,11.595023148148147,0,86.25
b5a76447895657ee2fd11c26613f585c,8c0db74e3a6a21cedcaaedcc13e311b1,delivered,2018-03-01 09:55:32,2018-03-01 10:10:38,2018-03-02 19:06:54,2018-03-13 22:22:04,2018-03-21,119.8,27.16,1,1,146.96,2,1,5.0,1.0,b66758e1b20aa0c9ca40a0891edc438c,70610,brasilia,DF,12.518425925925927,19.586435185185184,0,146.96
c52e36e2085e582629bbed918fd61c36,3ddb606fa3401cc833074f9b772a8bae,delivered,2018-03-01 09:56:31,2018-03-02 02:10:13,2018-03-03 00:21:26,2018-03-11 18:48:38,2018-03-20,59.97,16.67,1,1,76.64,1,1,4.0,1.0,4f37a787ca87fb6a19f73decf509464d,3734,sao paulo,SP,10.369525462962963,18.585752314814815,0,76.64
26c9592d7817db41a41b0fd3e65219f3,c20e655b0eae926e5d247a75d2b694cc,delivered,2018-03-01 10:07:17,2018-03-01 10:32:45,2018-03-09 20:28:55,2018-03-21 22:21:49,2018-03-27,82.8,15.33,1,1,98.13,9,1,4.0,1.0,41a9daca7858f956834bd2254e46d90d,95575,tres forquilhas,RS,20.510092592592592,25.578275462962964,0,98.13
3ff5709e1eed2f4bf1cfdccaf65c6337,9e7a0c5b509890c8ed65fde7d8a3302c,delivered,2018-03-01 10:08:45,2018-03-03 02:51:32,2018-03-05 21:37:50,2018-03-16 21:41:48,2018-03-27,166.02,36.48,1,1,202.5,1,1,5.0,1.0,fa958692cb51d0bde2687f702c51dec6,7110,guarulhos,SP,15.481284722222222,25.577256944444443,0,202.5
d40934bd791cef9f61becafd56317f6f,6ada75a7b87d43058fa67bb52d07f2f8,delivered,2018-03-01 10:18:55,2018-03-01 11:23:06,2018-03-02 01:16:51,2018-03-16 13:19:55,2018-03-26,69.9,24.94,1,1,94.84,4,1,5.0,1.0,053512da48b81050b5422b1c48d44c65,60430,fortaleza,CE,15.125694444444445,24.57019675925926,0,94.84
4065c0062f606b943e2fef1d5454ce80,df94163aaf41dc29d2051c88b9b6aa17,delivered,2018-03-01 10:18:57,2018-03-01 10:35:40,2018-03-02 18:21:53,2018-03-28 01:36:40,2018-03-19,799.0,25.08,1,1,824.08,8,1,1.0,1.0,99749d7ee01657cc0faeee7de4fea874,30310,belo horizonte,MG,26.637303240740742,17.570173611111112,1,824.08
0ede3ed4237f1c32b4ccd29e759d0a00,2e7932957aeb978bcdacc9ce7d8256d6,delivered,2018-03-01 10:19:22,2018-03-01 10:35:27,2018-03-01 23:08:00,2018-03-05 23:09:06,2018-03-13,49.99,7.78,1,1,57.77,1,1,5.0,1.0,6a8486027bddd6ae08e53aac48efb2a6,4183,sao paulo,SP,4.534537037037037,11.56988425925926,0,57.77
9fa4cb601bf44b1c03ed05feccca9efd,760951a16e7fdb2e706cd262251d15a2,delivered,2018-03-01 10:20:17,2018-03-01 10:35:35,2018-03-06 20:33:27,2018-03-19 14:47:02,2018-03-19,27.3,11.85,1,1,39.15,3,1,5.0,1.0,6069f295bd56065722a705cddceeb480,15400,olimpia,SP,18.185243055555556,17.569247685185186,1,39.15
2d3518f1b535de87ccf593d3892022af,60be07ae31950ebb5bb4c2202837abc9,delivered,2018-03-01 10:21:56,2018-03-01 10:35:34,2018-03-02 01:24:53,2018-03-07 20:38:40,2018-03-26,39.99,16.11,1,1,56.1,1,1,5.0,1.0,f661191b74ac0e80e5991e494b4191ab,89248,garuva,SC,6.428287037037037,24.568101851851853,0,56.1
18feb354fd368bc9d6cd27c5359e2243,c8aa0375ea97096fa716aeb0fae33604,delivered,2018-03-01 10:24:19,2018-03-01 10:35:43,2018-03-02 18:34:11,2018-03-12 21:29:27,2018-03-26,27.9,15.1,1,1,43.0,1,1,4.0,1.0,2a0f18648270948cc73768189d1462d5,87670,inaja,PR,11.461898148148148,24.56644675925926,0,43.0
8cbb4c68b07f1ffbb2a640bcede44b4b,3c11f4f0d688fcca55850744ec691440,delivered,2018-03-01 10:25:26,2018-03-01 10:49:47,2018-03-12 16:29:47,2018-03-22 11:27:49,2018-04-04,89.98,19.51,1,1,109.49,1,2,4.0,1.0,e23e90a0ff97d025c01377537ddeff05,16401,lins,SP,21.04332175925926,33.565671296296294,0,109.49000000000001
3a846739cd347ad3bf437314b9cdda78,7ddd9152d1a85790ad53511c0b6b536a,delivered,2018-03-01 10:29:08,2018-03-01 10:50:29,2018-03-02 22:22:18,2018-03-03 13:07:10,2018-03-13,61.8,11.73,1,1,73.53,6,1,5.0,1.0,2b34eec28f5ad4916655b8415cb4ebcc,4509,sao paulo,SP,2.1097453703703706,11.563101851851853,0,73.53
fb6a38c6d83a99a085e448f590cbc1d9,fd26478ce236861caceac8d463ce0325,delivered,2018-03-01 10:31:34,2018-03-02 02:16:03,2018-03-07 00:07:11,2018-04-02 15:02:44,2018-03-29,29.99,17.63,1,1,47.62,1,1,4.0,1.0,763cba0a9c38f594e908a3540e94d5fd,66910,belem,PA,32.18831018518519,27.561412037037037,1,47.62
d1839b49944e9f40df652ab476e812b7,31a49e7216dce11ebc422cc2b3226b11,delivered,2018-03-01 10:35:27,2018-03-01 10:50:23,2018-03-01 21:39:58,2018-03-02 21:52:39,2018-03-13,259.77,10.01,1,1,269.78,3,1,1.0,1.0,f8bffe1586fdae62dd3646353a25f958,4368,sao paulo,SP,1.4702777777777778,11.558715277777777,0,269.78
8fd670551839c535568f705a8c23b4da,46b7c21ebf74b18f89bb9ff218c9ad7c,delivered,2018-03-01 10:41:51,2018-03-01 10:55:34,2018-03-01 21:29:44,2018-03-16 01:11:27,2018-03-26,134.9,29.34,1,1,164.24,3,1,4.0,1.0,402fe16e226070631384acab29adb95c,77600,paraiso do tocantins,TO,14.60388888888889,24.554270833333334,0,164.24
182680afbd9247820be311a34cafb4e9,4e59370bc614afb54393c2f03dda271d,delivered,2018-03-01 10:44:44,2018-03-01 10:55:33,2018-03-02 18:42:53,2018-03-05 18:16:59,2018-03-13,49.9,8.11,1,1,58.01,2,1,4.0,1.0,5aeb954efaab26e8df9dc937c322cbbd,12230,sao jose dos campos,SP,4.3140625,11.552268518518519,0,58.01
95d01aa47c6ad56612e6c8e9057647bf,734061465fe7d5790e21853ba9721acc,delivered,2018-03-01 10:47:09,2018-03-01 11:14:28,2018-03-06 14:12:35,2018-03-11 17:54:38,2018-03-23,99.0,12.82,1,1,111.82,4,1,5.0,1.0,3c55426c2c84b47034776b4eae01a1e6,5172,sao paulo,SP,10.296863425925926,21.55059027777778,0,111.82
4780df3ccba2421e8403792f2a8a0d67,74756ce04db42d46a954f2f687b7686d,delivered,2018-03-01 10:48:09,2018-03-01 11:14:34,2018-03-02 18:07:22,2018-04-04 12:53:42,2018-03-19,7.9,14.1,1,1,22.0,1,1,1.0,1.0,0d205c3a77c323684c7e9fa525448110,23030,rio de janeiro,RJ,34.0871875,17.549895833333334,1,22.0
d746b7265b49f240491cad6ed27e20be,9ade3caa74c467443051775d3e650140,delivered,2018-03-01 10:50:34,2018-03-01 11:14:31,2018-03-03 11:43:23,2018-03-14 17:52:26,2018-03-22,183.6,70.4,4,1,254.0,1,1,1.0,1.0,d35838e6470b043f26e342c03eff4118,85138,colonia jordaozinho,PR,13.292962962962964,20.548217592592593,0,254.0
151c27c128aed0a8f60f8ed31c5d62f2,8f7076e6c2a866bb901bc35ada1f96c2,delivered,2018-03-01 10:52:14,2018-03-01 11:14:35,2018-03-02 19:39:05,2018-03-21 17:21:31,2018-03-22,39.9,16.11,1,1,56.01,1,1,3.0,1.0,e156e6c538c7319c3eb429aea950c699,15910,monte alto,SP,20.270335648148148,20.547060185185185,0,56.01
932a4c2b008cc2ca1f639a4df8aa42d9,8a446e06026e18c1031c6782ec0664ee,delivered,2018-03-01 10:54:20,2018-03-02 02:10:47,2018-03-02 19:27:29,2018-03-09 23:28:25,2018-03-26,37.9,16.11,1,1,54.01,1,1,5.0,1.0,95fa05d3222022ab6b98ff95b57a7e2a,88220,itapema,SC,8.523668981481482,24.545601851851853,0,54.01
15c0a0d5bd5e9c58f17414d100104093,e72be6eccbec3edc6e5dc148a9794efc,delivered,2018-03-01 10:55:06,2018-03-02 02:15:35,2018-03-03 00:49:22,2018-03-21 20:58:45,2018-03-26,108.0,23.08,1,1,131.08,1,1,5.0,1.0,f25c83fef4ae7252feec416e7927acac,58030,joao pessoa,PB,20.41920138888889,24.545069444444444,0,131.07999999999998
4a80d02a2e717959a7a3c7c8aafd6c72,0894c4cd09f3242122ce353289132c7e,delivered,2018-03-01 11:01:07,2018-03-01 12:10:22,2018-03-02 12:08:24,2018-03-10 00:52:20,2018-04-04,498.0,58.24,2,1,556.24,10,1,2.0,1.0,9b2a6a603728d5b0b4f702c92f8e6255,45658,ilheus,BA,8.577233796296296,33.5408912037037,0,556.24
a49ef06443dbe442d78f3fa3b26848d2,ed3cfc1db77dc98f707d942af216e4fb,delivered,2018-03-01 11:03:34,2018-03-01 11:15:33,2018-03-02 19:08:12,2018-04-03 20:22:16,2018-03-27,110.0,18.02,1,1,128.02,1,1,1.0,1.0,c5814c960caafb75215aadba74e38ff5,88310,itajai,SC,33.38798611111111,25.539189814814815,1,128.02
16288edc7382ecd4230909d0907fb939,84b1334ece1e0dba8a2ec7746f90bca7,delivered,2018-03-01 11:05:55,2018-03-01 11:29:15,2018-03-06 22:58:54,2018-03-14 01:14:40,2018-03-26,139.99,17.23,1,1,157.22,3,1,5.0,1.0,8e88ad507bc0ce64d339830e4ac84fff,91170,porto alegre,RS,12.589409722222221,24.53755787037037,0,157.22
32f36c4204dd49c1e1055b4cc4c558a3,71cd39c7efaa1482f3d111e5caef0b7b,delivered,2018-03-01 11:07:53,2018-03-01 11:50:09,2018-03-01 21:41:26,2018-03-08 18:21:59,2018-03-29,122.99,15.61,1,1,138.6,2,1,4.0,1.0,ad44c5517b7efe74b8f797c1d6ddc982,95500,santo antonio da patrulha,RS,7.301458333333334,27.53619212962963,0,138.6
e4d17d00b2f18f1898c9449c1e7a8e09,08a693d30dbbc9a5d75172df73023731,delivered,2018-03-01 11:08:20,2018-03-02 02:10:45,2018-03-06 20:33:57,2018-04-20 15:18:34,2018-04-05,325.0,27.55,1,1,352.55,1,1,3.0,1.0,cccd9f2759978bf9c0961f1af1f641a6,68488,breu branco,PA,50.17377314814815,34.535879629629626,1,352.55
88cbdeaeb8c50426897ba268a0b163e6,38d35e17e122dfd358e624c1d85746a1,delivered,2018-03-01 11:12:35,2018-03-02 11:15:31,2018-03-06 11:30:16,2018-03-08 15:11:57,2018-03-13,419.9,10.19,1,1,430.09,1,1,3.0,1.0,734603b25f31dee4be6c85772985696d,13140,paulinia,SP,7.166226851851852,11.532928240740741,0,430.09
6858998aecdc09bc7b5a8ec2d79d21ff,7beef6c0644f9402eba0252182e1b608,delivered,2018-03-01 11:12:48,2018-03-02 02:11:04,2018-03-03 02:42:25,2018-03-13 20:51:53,2018-03-26,72.0,15.25,1,1,87.25,1,1,5.0,1.0,822fbb1c216c4619d704515b52494dd7,96211,rio grande,RS,12.402141203703703,24.532777777777778,0,87.25
123bd704aa690b51cf57438baef18a0f,40f98a49883cb6daf6811870a3525dec,delivered,2018-03-01 11:14:52,2018-03-01 11:31:08,2018-03-02 01:09:15,2018-03-27 04:28:41,2018-03-29,29.9,37.49,1,1,67.39,1,1,5.0,1.0,87d947c9c2316be34cdd35ed7294c51d,78675,ribeirao cascalheira,MT,25.71792824074074,27.531342592592594,0,67.39
ae5d768eedbb1d0d2d3cf01e6b844739,32217e3d1646bc53e60f94b1bb5db968,delivered,2018-03-01 11:16:40,2018-03-01 11:31:08,2018-03-02 20:52:20,2018-03-27 20:08:46,2018-03-21,135.9,18.2,1,1,154.1,7,1,1.0,1.0,96c6a3ced23557fbd3cbd3d17e7bdfea,30180,belo horizonte,MG,26.36951388888889,19.53009259259259,1,154.1
88e825581ca2e13539ac075125443e30,9dfd7bab7b63728b2b2728981e664a27,delivered,2018-03-01 11:17:45,2018-03-03 02:50:40,2018-03-08 20:13:40,2018-03-21 21:03:55,2018-03-22,53.9,17.63,1,1,71.53,1,1,4.0,1.0,8bda983d52480e279ee8d6ef0b0c806b,35182,timoteo,MG,20.407060185185184,20.529340277777777,0,71.53
5c9c68fa207f9a2233b3152907f44851,8425348e16b68a762119a16c1d807eb0,delivered,2018-03-01 11:18:21,2018-03-01 11:31:06,2018-03-02 19:15:14,2018-03-06 19:58:50,2018-03-19,49.9,11.85,1,1,61.75,1,1,5.0,1.0,dc3986d8bd2609353c09c9c629809ec0,14740,viradouro,SP,5.361446759259259,17.52892361111111,0,61.75
ad1b24e31eda83c8bf2123f3961f588a,1b79c6b65f89bf54aa50921be431b176,delivered,2018-03-01 11:22:14,2018-03-02 02:15:59,2018-03-07 00:42:51,2018-04-11 16:56:34,2018-03-29,30.21,15.1,1,1,45.31,1,1,2.0,1.0,65afec511846f28c3a848b24df189761,99530,chapada,RS,41.23217592592592,27.526226851851852,1,45.31
5bd4ea94edd60fb87f226330b569b2c8,85484492209de911aa67ec357553fa5e,delivered,2018-03-01 11:24:41,2018-03-02 02:10:55,2018-03-02 19:42:31,2018-03-16 00:32:30,2018-04-03,64.9,25.29,1,1,90.19,1,1,4.0,1.0,d1811afad85c3fa7a06349feaf60e024,97541,alegrete,RS,14.547094907407407,32.52452546296296,0,90.19
aa3ae718cc36bc728bd78c098dc84c24,b8a4fa624ac0e22818ed1dcaf5fcbf47,delivered,2018-03-01 11:27:43,2018-03-02 02:11:04,2018-03-05 19:39:00,2018-03-08 15:53:50,2018-03-20,59.99,15.17,1,1,75.16,1,1,5.0,1.0,a523b4ad148daf915d9d35322cca289c,9624,sao bernardo do campo,SP,7.184803240740741,18.522418981481483,0,75.16
cd9d1ea1541ad23858c2890cbacd2406,de6e854dd86ca4f038c5aca3c86150af,delivered,2018-03-01 11:28:05,2018-03-02 02:29:54,2018-03-02 15:47:27,2018-03-07 18:41:56,2018-03-19,19.9,12.48,1,1,32.38,1,1,4.0,1.0,91cc64efdc8300db4eae42e836e9e148,83750,lapa,PR,6.301284722222222,17.522164351851853,0,32.379999999999995
5674e908354d328e44e831ee61b6fd85,b520dffb45818ab048218df9cacee680,delivered,2018-03-01 11:30:22,2018-03-01 12:20:29,2018-03-02 23:58:51,2018-03-27 20:51:37,2018-03-21,29.99,15.1,1,1,45.09,2,1,1.0,1.0,326d98792a7a644117f3488f7c9b44ec,24322,niteroi,RJ,26.389756944444443,19.520578703703702,1,45.089999999999996
d9ed7b8cfe99da8442618eabb0f9997c,a2fbc8249183dc8b3f3440a973718542,delivered,2018-03-01 11:31:23,2018-03-01 11:50:26,2018-03-03 16:42:18,2018-04-02 17:37:10,2018-03-29,269.0,16.63,1,1,285.63,4,1,1.0,1.0,2ee6fd85dcb54c837367e2b9aa04e8eb,96015,pelotas,RS,32.254016203703706,27.519872685185184,1,285.63
f14edad9e9d494755c49b2e0897de3b9,47f42fc76d39dc06f9d301d2ceb8971d,delivered,2018-03-01 11:33:08,2018-03-03 02:51:16,2018-03-05 19:04:47,2018-03-16 18:31:17,2018-03-23,149.9,36.37,1,1,186.27,1,1,4.0,1.0,6c930b798ccc39db819e2adfe8791714,19780,quata,SP,15.290381944444444,21.518657407407407,0,186.27
834b943d0967a4138b4d2b3874c6037f,db93d928ffb29410511a0ae79e816298,delivered,2018-03-01 11:36:24,2018-03-01 11:50:37,2018-03-02 23:13:31,2018-03-09 12:01:40,2018-03-19,124.9,21.36,1,1,146.26,4,1,3.0,1.0,14b3828777560088b133392eaa32976c,20510,rio de janeiro,RJ,8.017546296296297,17.51638888888889,0,146.26
094f7614f77e85fb05c77ecb164afdc3,a536fed4f2a97c5dea43c049d0850f1b,delivered,2018-03-01 11:37:26,2018-03-01 11:50:34,2018-03-02 19:04:57,2018-03-27 17:03:59,2018-03-19,22.99,11.85,1,1,34.84,3,1,1.0,1.0,818977c72a9a9db58e112e4704137f91,13630,pirassununga,SP,26.226770833333333,17.515671296296297,1,34.839999999999996
cf44ae3babec65aa61511ec1730bac11,bdad4e91371fad706d6ef1e25c823708,delivered,2018-03-01 11:40:19,2018-03-01 11:55:32,2018-03-07 00:37:46,2018-03-09 20:38:37,2018-03-19,30.21,11.85,1,1,42.06,1,1,5.0,1.0,6273ffcd4d08b6ae543eb375c79ef65e,13202,jundiai,SP,8.373819444444445,17.51366898148148,0,42.06
b618ab0f426fbd3dd9dc8e184d33ce27,023f52d000d35a9fa8f4dad675c5e080,delivered,2018-03-01 11:45:17,2018-03-01 11:55:34,2018-03-03 16:22:47,2018-03-12 18:06:52,2018-03-26,449.99,16.17,1,1,466.16,6,1,4.0,1.0,d04cf8840eb709397012d6f257450ae7,12947,atibaia,SP,11.264988425925926,24.510219907407407,0,466.16
df6eeef04ae6f9a4d55409474104ea93,c835bb428113aa2c57063896d6e0b436,delivered,2018-03-01 11:46:59,2018-03-01 12:10:10,2018-03-02 00:29:00,2018-03-14 23:03:15,2018-03-19,59.99,14.17,1,1,74.16,1,1,4.0,1.0,33c82d7279dd975b040f7ce99e87289d,22240,rio de janeiro,RJ,13.46962962962963,17.50903935185185,0,74.16
0533573d16b0c12cc9a3f9f97f67111b,f9173fb8dc039cb6acfcc3a7a2fc49eb,delivered,2018-03-01 11:48:03,2018-03-01 12:10:19,2018-03-02 18:55:07,2018-03-05 17:18:36,2018-03-13,60.0,9.94,1,1,69.94,1,1,5.0,1.0,3e0dfaee8a7d40bae26d53d4995fc209,4538,sao paulo,SP,4.229548611111111,11.508298611111112,0,69.94
c350b8020e56f5b4d3438f5daaddef70,59ef0528630b5c33f350ece4c6367b30,delivered,2018-03-01 11:48:05,2018-03-01 11:55:34,2018-03-03 14:28:35,2018-03-15 21:04:46,2018-03-26,329.9,41.64,1,1,371.54,1,1,5.0,1.0,5d2dfd15300a557c1ddfad56a8460226,71540,brasilia,DF,14.386585648148149,24.508275462962963,0,371.53999999999996
b2d6c7b5ebf482317945ef822da56002,0a3ac1140826e07dcd774a7fc6e288b6,delivered,2018-03-01 11:48:22,2018-03-01 12:10:07,2018-03-05 15:22:21,2018-03-13 19:18:21,2018-03-15,33.9,9.34,1,1,43.24,2,1,5.0,1.0,0b8a4ac66e2edd1e8423e2016dc5b9b6,12241,sao jose dos campos,SP,12.312488425925926,13.508078703703704,0,43.239999999999995
c64320125b49bb4797d5ee3def14d58b,7d42d764ec16aebab2afd3d9802e40d7,delivered,2018-03-01 11:53:10,2018-03-01 12:10:22,2018-03-02 19:41:22,2018-03-16 01:52:32,2018-03-20,23.7,14.1,1,1,37.8,1,1,5.0,1.0,6689e9f9ce799fb048f33674671a6390,72110,brasilia,DF,14.58289351851852,18.50474537037037,0,37.8
0a06eca1c0bfc49a968e40cdd506297f,c9699958c6d39f1ec7c42b06629dbd5d,delivered,2018-03-01 11:53:45,2018-03-01 12:10:22,2018-03-01 23:13:05,2018-03-12 19:31:14,2018-03-28,149.0,45.12,1,1,194.12,4,1,5.0,1.0,483508d7efd01567e437afecbd1462a0,83280,guaratuba,PR,11.31769675925926,26.50434027777778,0,194.12
23fd789ce06f3c54f212b3b9d358579f,aa19484ec6282b1a5a8a73035bb402ed,delivered,2018-03-01 11:54:29,2018-03-01 12:40:22,2018-03-02 19:06:18,2018-04-01 01:46:52,2018-03-22,148.0,18.29,1,1,166.29,2,1,1.0,1.0,947bb4afae73d38f9abf4505d5876995,28020,campos dos goytacazes,RJ,30.578043981481482,20.503831018518518,1,166.29
7d70cb0ac6f54fed6851b5179404450f,91f62c811980850204103279573e5dee,delivered,2018-03-01 11:55:47,2018-03-01 12:10:14,2018-03-07 00:33:48,2018-04-11 20:46:45,2018-03-20,203.0,49.95,1,1,252.95,3,1,1.0,1.0,c4cb908cbfdfa2972a4c977804ea7d96,20551,rio de janeiro,RJ,41.368726851851854,18.50292824074074,1,252.95
849bc872dde848fe9c7f2748390f31c8,6cdb61a096cb828cac0bc91380a2362c,delivered,2018-03-01 12:02:48,2018-03-01 12:15:34,2018-03-02 21:39:45,2018-03-12 23:42:21,2018-03-19,119.9,13.86,1,1,133.76,2,1,5.0,1.0,d3147419ec94a159d6dca192bec3fc53,14015,ribeirao preto,SP,11.485798611111111,17.498055555555556,0,133.76
442a8a32e7ffcfcc05413962b75de9c8,23475c91134403fcbeac247de04f4591,delivered,2018-03-01 12:22:06,2018-03-03 02:50:44,2018-03-07 16:49:53,2018-03-14 01:18:52,2018-03-23,225.91,19.15,1,1,245.06,1,1,1.0,1.0,d255248c65dc586b803aa687eaca816f,74055,goiania,GO,12.539421296296297,21.48465277777778,0,245.06
f162b72aa92d8ecf9cdb69e84fb2277c,e43f9f5c04061fe6337ace761510098d,delivered,2018-03-01 12:31:29,2018-03-01 17:49:42,2018-03-07 00:03:30,2018-04-17 01:41:40,2018-03-23,29.99,17.63,1,1,47.62,4,1,1.0,1.0,388d0b77395c2bcb6c0a1866cc1793eb,60512,fortaleza,CE,46.548738425925926,21.478136574074075,1,47.62
c7024b0259d1e73df96b2f98d588b19c,f65fd8fe4095317b5aa176ee72300f02,delivered,2018-03-01 12:34:50,2018-03-03 02:51:13,2018-03-23 20:51:54,2018-03-28 18:05:07,2018-03-29,38.9,12.48,1,1,51.38,1,1,3.0,1.0,497e6896f865cd31297512144f700e1b,37120,paraguacu,MG,27.229363425925925,27.475810185185185,0,51.379999999999995
8d5e10fa7f259ed886ca55788bbf797d,abc04b2e7196b64e40603beb7d4d392e,delivered,2018-03-01 12:36:08,2018-03-01 12:55:58,2018-03-01 23:17:14,2018-04-09 18:05:39,2018-04-13,289.9,144.86,1,1,434.76,1,1,4.0,1.0,15b2459300f0b85b233d798c23552cee,69301,boa vista,RR,39.22883101851852,42.47490740740741,0,434.76
73c765c78996979d2a49043276b607a8,61acdc6986a8643e1554c395a2602779,delivered,2018-03-01 12:40:04,2018-03-01 13:30:40,2018-03-02 19:26:50,2018-03-17 15:49:38,2018-03-20,139.0,25.42,1,1,164.42,1,1,5.0,1.0,8d07fe9ba5530c446135db1513c7e8b4,4855,sao paulo,SP,16.13164351851852,18.472175925925924,0,164.42000000000002
4d2d8a4224215f680cc5221011347401,5957d9ae822bcbe88c00fb8286362339,delivered,2018-03-01 12:43:37,2018-03-02 02:10:25,2018-03-02 19:08:11,2018-04-05 17:12:42,2018-04-02,117.0,15.57,1,1,132.57,1,1,5.0,1.0,30cf132fa42d1d4434e6b51827b81491,96206,rio grande,RS,35.18686342592593,31.469710648148148,1,132.57
e2221180a668e1cc096f9e9e3572868f,8c382656b44e6d6375d2fea25375fb02,delivered,2018-03-01 12:52:29,2018-03-01 13:09:46,2018-03-03 12:08:17,2018-03-09 01:34:54,2018-03-23,89.69999999999999,51.17999999999999,3,1,140.88,5,1,5.0,1.0,2da65cbb64357a6d4d163c450c320bb3,5311,sao paulo,SP,7.529456018518519,21.46355324074074,0,140.88
c41ae768eca38cee8484b87c1d36825d,fbe13bf8fcd0adc756bfec5e66a492f5,delivered,2018-03-01 12:53:07,2018-03-01 13:09:51,2018-03-01 23:13:05,2018-03-16 12:29:41,2018-03-27,149.0,40.37,1,1,189.37,1,1,4.0,1.0,edb53645188ed5f0632456398f018f9b,26572,mesquita,RJ,14.983726851851852,25.463113425925926,0,189.37
ace92305f332d1f0cee1cf27e79ac5ce,bcee0525f8f15bfac09a6ca1ba1abf80,delivered,2018-03-01 12:53:56,2018-03-02 06:35:35,2018-03-06 19:15:22,2018-03-23 20:48:44,2018-03-19,86.9,13.63,1,1,100.53,3,1,2.0,1.0,f5e6b05b74dd87043041dba3d8957113,8180,sao paulo,SP,22.329722222222223,17.462546296296296,1,100.53
c85fa73d7bb8dceabf8a05ce9545c896,58428a47d1b965403ce77c10baeef5a9,delivered,2018-03-01 12:56:26,2018-03-02 02:15:55,2018-03-02 19:52:09,2018-03-21 15:42:53,2018-03-27,25.0,17.92,1,1,42.92,1,1,1.0,1.0,06fabfc0c79b2aa48416ff26b1943448,37545,cachoeira de minas,MG,20.115590277777777,25.460810185185185,0,42.92
e96c4302510359c340adad478ba16cb0,b102a52bc45edc1d739120e3f7c6f3b2,delivered,2018-03-01 12:56:40,2018-03-01 13:40:21,2018-03-03 17:09:29,2018-03-07 20:47:00,2018-03-19,13.07,12.48,1,1,25.55,1,2,5.0,1.0,340d924858c395848c127b3e772b6bfd,31995,belo horizonte,MG,6.32662037037037,17.46064814814815,0,25.55
33f1e992ba3e439bfd0d432164a3d44a,ef898057565789279a822bd22a0b6dc0,delivered,2018-03-01 12:57:42,2018-03-01 13:40:22,2018-03-05 14:18:39,2018-04-07 00:06:45,2018-03-21,226.95,21.56,1,1,248.51,3,1,1.0,2.0,c1133ec81daffffd4871e9353a3c8fb3,37552,pouso alegre,MG,36.464618055555555,19.459930555555555,1,248.51
799934ebdaf707f09223f71cb9e34305,da3f5b022a86cccecadb183b099d4eff,delivered,2018-03-01 12:57:44,2018-03-01 13:10:46,2018-03-05 22:38:36,2018-04-06 18:56:26,2018-03-21,84.55,16.22,1,1,100.77,3,1,1.0,1.0,c1133ec81daffffd4871e9353a3c8fb3,37552,pouso alegre,MG,36.249097222222225,19.459907407407407,1,100.77
a0aa66ea6d606142d5df626b13b033c3,2a55f5f7dd2da40cfae2c503aa7626a9,delivered,2018-03-01 12:59:41,2018-03-01 13:15:36,2018-03-01 23:59:03,2018-03-05 22:36:48,2018-03-13,23.0,7.78,1,1,30.78,1,1,5.0,1.0,8abfc9be1958666bbc9ae549b20175c1,5614,sao paulo,SP,4.400775462962963,11.458553240740741,0,30.78
50ec02cdd09a0a80fbb65a1505eed464,4d56e224cc6d838eef5727af0298d4a1,delivered,2018-03-01 13:04:09,2018-03-01 13:15:29,2018-03-02 00:16:56,2018-03-06 16:33:27,2018-03-15,128.9,9.72,1,1,138.62,6,1,5.0,1.0,f243eed691a2628733a8f9d2ddd1d4bb,4117,sao paulo,SP,5.145347222222222,13.45545138888889,0,138.62
b21c9bac60c92e8b6ba770accf270445,49458e71378c6be16ff3b21b6e83676c,delivered,2018-03-01 13:15:46,2018-03-01 13:30:32,2018-03-03 16:52:08,2018-03-19 13:58:46,2018-03-22,175.0,15.98,1,1,190.98,4,1,5.0,1.0,be7b8e5d123ff56fa757c60cee834eda,23585,rio de janeiro,RJ,18.02986111111111,20.44738425925926,0,190.98
01aa38b66d95377a4f276f78742aca15,3e92daf13094e2b667e2f2c38a4ce969,delivered,2018-03-01 13:16:25,2018-03-01 13:30:37,2018-03-02 16:57:14,2018-03-03 15:48:44,2018-03-13,109.9,12.72,1,1,122.62,2,1,5.0,1.0,fd07960753dd725c1fd626b155846b1d,86081,londrina,PR,2.105775462962963,11.44693287037037,0,122.62
7c37777bdd8b3124246796439d94e8de,69f245be5f53ba788480ffaa3b96d507,delivered,2018-03-01 13:19:20,2018-03-01 13:30:37,2018-03-07 00:04:59,2018-03-15 20:38:21,2018-03-22,249.9,16.5,1,1,266.4,5,1,5.0,1.0,4565a3ba3611087c155d46bd176a6d22,35184,timoteo,MG,14.304872685185185,20.444907407407406,0,266.4
8f8d350bb10d0bc7e257f7e51ffe45af,2c0982ab1f56981193c7074bc9fb4c6e,delivered,2018-03-01 13:25:51,2018-03-01 14:35:39,2018-03-02 21:24:57,2018-03-15 17:55:40,2018-03-29,69.9,16.25,1,1,86.15,6,1,4.0,1.0,09ed3ecf05b3685aedb9808910379d42,15056,sao jose do rio preto,SP,14.187372685185185,27.440381944444443,0,86.15
1f470d4ca1db400febaf5a2e7c364e04,25a82dc55f53b854594a544734dd9910,delivered,2018-03-01 13:27:02,2018-03-03 03:00:21,2018-03-09 03:22:31,2018-03-28 18:56:49,2018-03-22,30.21,15.1,1,1,45.31,1,1,1.0,1.0,4a1da9aff965a8e1e6abf40064c80733,35162,ipatinga,MG,27.229016203703704,20.439560185185186,1,45.31
b8e8b6e0bd1954b4dd4559fb2e7665ef,e4ef09b9f9f020ec589d7d487850c7a1,delivered,2018-03-01 13:27:27,2018-03-01 13:35:34,2018-03-13 17:04:58,2018-04-02 22:28:40,2018-04-13,69.9,18.0,1,1,87.9,3,1,1.0,1.0,68cbc4ef1c1760cc086011707262472e,46800,ruy barbosa,BA,32.375844907407405,42.43927083333333,0,87.9
4f899ca2d40460c7af01f7edb20f9bd7,299506f02772452aeb1f6f1d27b7b0f8,delivered,2018-03-01 13:28:09,2018-03-01 13:50:51,2018-03-10 00:28:50,2018-03-21 16:50:59,2018-03-19,82.8,12.71,1,1,95.51,1,1,1.0,1.0,a7e1126d69a7b1be1f1ed6edc62191ce,85935,assis chateaubriand,PR,20.14085648148148,17.438784722222223,1,95.50999999999999
d9f2ee12d57f465026b7dd57c016c8bf,ebbd756cbe9b47eb7c826b4736e96c43,delivered,2018-03-01 13:32:52,2018-03-01 13:50:49,2018-03-02 15:39:43,2018-03-24 18:17:38,2018-03-22,148.0,17.29,1,1,165.29,3,1,4.0,1.0,48f020096ab48b177a0f2b0a66d03657,3195,sao paulo,SP,23.197754629629628,20.43550925925926,1,165.29
db2c7430f7ab0de1860b953f210f67c5,549ef037d5530887209688c8bb62d4c2,delivered,2018-03-01 13:42:27,2018-03-01 13:55:30,2018-03-02 21:05:28,2018-03-28 01:04:45,2018-03-21,150.0,15.8,1,1,165.8,3,1,1.0,1.0,295e9c54b2bf6eef2eaf468e80788bc4,25975,teresopolis,RJ,26.473819444444445,19.428854166666667,1,165.8
3619a458c860886f0ec0a5b79ee5ad41,3fcc800884c4d07dd9b2bef74aa1a767,delivered,2018-03-01 13:52:21,2018-03-01 14:09:57,2018-03-05 20:57:02,2018-03-27 00:41:44,2018-03-19,199.8,46.04,2,1,245.84,1,1,3.0,1.0,e922cf29703c57cba963d6cb4bf28381,21610,rio de janeiro,RJ,25.450960648148147,17.421979166666667,1,245.84
f1b077d44b598f5bdb44d7324e527a04,e5b4d61850970b92a6f569e238861e53,delivered,2018-03-01 13:52:51,2018-03-01 14:10:06,2018-03-02 21:57:25,2018-03-13 15:42:02,2018-03-21,104.0,30.23,2,1,134.23,4,1,4.0,1.0,3d1a4de14cf22cdd33d99140e82f1587,86086,londrina,PR,12.07582175925926,19.421631944444446,0,134.23
fda9b4bb2887d3fb7623f0bf922ca00f,01b783aa8c0944d07d43b8e2039867e5,delivered,2018-03-01 13:56:30,2018-03-01 14:15:54,2018-03-05 16:58:34,2018-03-22 19:38:59,2018-04-04,689.89,48.68,1,1,738.57,4,1,5.0,1.0,69adede4ae3342d2f37dce509635c95c,59300,caico,RN,21.23783564814815,33.41909722222222,0,738.5699999999999
6145ff8dca32adeb820e1405c8483bdf,7a733e972010c8be298c2e2fe705f05e,delivered,2018-03-01 14:06:53,2018-03-01 14:56:54,2018-03-05 20:13:55,2018-03-21 19:56:53,2018-03-20,52.9,17.62,1,1,70.52,5,1,1.0,1.0,d7830d2cd796b860f29c873a109fae4b,21931,rio de janeiro,RJ,20.243055555555557,18.411886574074074,1,70.52
410f656a6bd0dbfa2878c0c237eed2f3,15f8b4790c9e3eadc284869225837d98,delivered,2018-03-01 14:08:33,2018-03-03 02:35:41,2018-03-05 12:54:42,2018-03-17 11:36:28,2018-03-20,37.87,15.1,1,1,52.97,1,1,5.0,1.0,8ad4694c0464c2e2b246e4628d23d26a,35900,itabira,MG,15.894386574074074,18.410729166666666,0,52.97
e39e98d4f4a88b8e39f59e17c9d0a7b1,4cd281d8030921fc1b77650f63efdda3,delivered,2018-03-01 14:12:24,2018-03-03 03:20:25,2018-03-05 22:14:51,2018-03-14 19:16:40,2018-03-22,189.9,58.0,1,1,247.9,1,1,5.0,1.0,185a2dfaa64f279610442cbedc189465,37540,santa rita do sapucai,MG,13.211296296296297,20.408055555555556,0,247.9
432aaf21d85167c2c86ec9448c4e42cc,3df704f53d3f1d4818840b34ec672a9f,delivered,2018-03-01 14:14:28,2018-03-01 15:10:47,2018-03-02 21:09:20,2018-03-12 23:36:26,2018-03-21,38.25,16.11,1,1,54.36,1,1,4.0,1.0,04cf8185c71090d28baa4407b2e6d600,5271,sao paulo,SP,11.390254629629629,19.40662037037037,0,54.36
923cf1bc71993b447259c9e8bf54eb07,ff03c28afb14c93650bf591cb49fe327,delivered,2018-03-01 14:20:46,2018-03-01 15:15:43,2018-03-12 16:38:51,2018-03-20 20:02:42,2018-04-04,89.97,24.94,1,1,114.91,2,1,5.0,1.0,f943b83abc6dc853db41b32672451845,14980,sales,SP,19.237453703703704,33.40224537037037,0,114.91
b6bf0977a04c2f3b84bf63aa0d308b5e,a5fbdec2c17bfe055e28024387bc8f99,delivered,2018-03-01 14:21:25,2018-03-01 15:10:31,2018-03-02 15:53:13,2018-05-03 02:43:43,2018-03-28,19.9,16.79,1,1,36.69,1,1,1.0,1.0,824fcf573a9993ef9ae8ebd184f86cfe,28750,trajano de moraes,RJ,62.51548611111111,26.401793981481482,1,36.69
0ba07d4c280cb853d92c8734162c1cde,f2f83fa24e988705987bf38370435056,delivered,2018-03-01 14:23:06,2018-03-01 15:11:04,2018-03-02 17:28:59,2018-03-05 23:54:28,2018-03-13,40.0,8.72,1,1,48.72,4,1,5.0,1.0,a559653647deb3890ebb2c0745d0988a,9726,sao bernardo do campo,SP,4.396782407407407,11.400625,0,48.72
8daeaeb312867695e95090559c5aaaef,9335ae4e15f4b98e71a0340c3bbfd13d,delivered,2018-03-01 14:23:30,2018-03-01 15:10:34,2018-03-05 12:54:43,2018-03-08 01:34:53,2018-03-13,37.87,7.78,1,1,45.65,1,1,5.0,1.0,3f63cfe07b030ad0906b309c2e552dca,5549,sao paulo,SP,6.466238425925926,11.400347222222223,0,45.65
4d8670f88c5a4efafebd84b26366ef48,0b2c9a8124b568442db9107aa5467ace,delivered,2018-03-01 14:24:49,2018-03-01 15:10:39,2018-03-02 18:31:38,2018-03-06 01:48:52,2018-03-13,15.9,7.78,1,1,23.68,2,1,5.0,1.0,7c80f075b3c63b2abe4d1111b1331c87,5734,sao paulo,SP,4.475034722222222,11.39943287037037,0,23.68
a3397fe4e0daa3278bc7de9c39a5e601,fd58e83220f721f32907fe4d3ff345d3,delivered,2018-03-01 14:27:17,2018-03-01 15:15:26,2018-03-06 22:51:46,2018-03-15 18:54:44,2018-03-21,72.99,17.76,1,1,90.75,1,1,5.0,1.0,43324275365c882796fc511ce01684c2,86077,londrina,PR,14.185729166666667,19.397719907407406,0,90.75
c3484520f8dc5726ffb461d9b63e162f,65408e1b890ef91ebd20525415a75006,delivered,2018-03-01 14:31:54,2018-03-01 15:10:44,2018-03-02 18:23:33,2018-03-05 16:42:53,2018-03-13,254.9,15.99,1,1,270.89,6,1,5.0,1.0,ee98a0579acac9a07104c8560691f935,1222,sao paulo,SP,4.090960648148148,11.39451388888889,0,270.89
ba3dfe274b92578ad6af3b17d141033c,7d3b9525b38ede555351e75caf596b4d,delivered,2018-03-01 14:32:59,2018-03-02 14:35:34,2018-03-06 19:08:16,2018-03-26 23:21:06,2018-04-02,72.9,16.95,1,1,89.85,1,1,5.0,1.0,a08308dfb30f3ed8b21866524b6f9098,22060,rio de janeiro,RJ,25.366747685185185,31.393761574074073,0,89.85000000000001
34334129c5fc3f38fec577b122930761,029f546fde4adb1892e8800cb49b694b,delivered,2018-03-01 14:42:36,2018-03-01 15:40:24,2018-03-02 17:48:37,2018-03-16 22:26:43,2018-03-23,169.9,18.76,1,1,188.66,1,1,4.0,1.0,e9aea07c357910650d00d683d374a8ba,41720,salvador,BA,15.322303240740741,21.387083333333333,0,188.66
38396b4cf6f7c64870a71804f18641bd,c9dd71ec6612ba575fa2917595bed09f,delivered,2018-03-01 14:45:26,2018-03-02 02:10:51,2018-03-02 17:49:26,2018-03-28 22:48:47,2018-03-22,99.9,17.95,1,1,117.85,1,1,5.0,1.0,41bec5363584479bc6582b76b412b0b3,39570,grao mogol,MG,27.33565972222222,20.38511574074074,1,117.85000000000001
5a1fff3c127fb5c7f1faea51f9a8310a,3f07acf831ce862f6527b1e299140a23,delivered,2018-03-01 14:46:09,2018-03-01 15:10:47,2018-03-02 19:16:42,2018-03-05 17:12:38,2018-03-13,48.9,9.74,1,1,58.64,1,1,5.0,1.0,10e7d7dc0a454a7a085ff0d6e65346c3,3715,sao paulo,SP,4.101724537037037,11.384618055555556,0,58.64
6d631e55b551b20a81767e9685b7afb9,d7df8aa5be9a7c0f5ef11cf74f837ad7,delivered,2018-03-01 14:46:14,2018-03-01 15:31:01,2018-03-05 19:38:36,2018-03-28 03:44:56,2018-03-19,19.9,14.1,1,1,34.0,1,1,1.0,1.0,649e24dfbf909f5d7834b6ec7e54eb16,1221,sao paulo,SP,26.54076388888889,17.384560185185187,1,34.0
79f921d80b92e48b9ed5c549c94b745f,9c161856e68af8268e6dd8ec82344b3b,delivered,2018-03-01 14:48:20,2018-03-01 15:15:36,2018-03-05 15:35:15,2018-03-26 19:28:40,2018-03-23,429.9,20.26,1,1,450.16,2,1,3.0,1.0,1e2e9d505954fda31dcae7abca8f556c,88805,criciuma,SC,25.194675925925925,21.38310185185185,1,450.15999999999997
37caa1552193248f7147f1298b4cd3c1,bb1be7eeb5e6950adea984cecfcc963e,delivered,2018-03-01 14:49:23,2018-03-01 15:15:30,2018-03-05 19:24:33,2018-03-14 16:41:54,2018-03-23,22.9,16.79,1,1,39.69,1,1,3.0,1.0,ad7c38d4d28f66c75b205cfde2a5d231,95918,serio,RS,13.078136574074074,21.382372685185185,0,39.69
a21c53b6831965237f3ebb62bc6598d5,038b507a69c24aa9b525196d7a295977,delivered,2018-03-01 14:50:47,2018-03-01 15:15:41,2018-03-02 01:12:21,2018-03-20 22:38:43,2018-03-22,39.99,15.1,1,1,55.09,2,1,4.0,1.0,d37a3d536b73aaf6f4a526ac4032f460,37440,caxambu,MG,19.324953703703702,20.38140046296296,0,55.09
d625545017fc7c86aee1dd49f0471c0c,e91474c2e43239738e917b06f84dae5f,delivered,2018-03-01 14:51:53,2018-03-03 02:50:47,2018-03-06 00:13:11,2018-03-08 21:03:30,2018-03-19,32.5,11.85,1,1,44.35,1,1,5.0,1.0,c5996b566f3eef42e8de705479c6f8cf,19780,quata,SP,7.258067129629629,17.380636574074074,0,44.35
b14a1c7ea024e1b7299a4904ef1eeb4a,0c1afa15fb6abdf5203bfdc005ececed,delivered,2018-03-01 14:52:12,2018-03-01 15:15:30,2018-03-07 15:58:51,2018-03-16 18:53:27,2018-03-28,389.0,27.56,1,1,416.56,8,1,5.0,1.0,d1495d03600fe3a8aa6591f6f804bb62,37490,sao goncalo do sapucai,MG,15.167534722222221,26.380416666666665,0,416.56
f889e402bb8fdb62c8e73bb3764cf6a9,43cf08176e52c596d62aacc25141a08d,delivered,2018-03-01 14:58:00,2018-03-02 02:10:03,2018-03-02 23:23:14,2018-04-08 16:50:52,2018-03-22,35.9,17.6,1,1,53.5,1,1,1.0,1.0,53bcd05d211afbbfa144766ce0f6fd1c,22793,rio de janeiro,RJ,38.07837962962963,20.37638888888889,1,53.5
dfaec723e43ffd36724e080018beeb1a,51715f7447120af4a92eaa0336ed0401,delivered,2018-03-01 14:58:33,2018-03-01 15:15:47,2018-03-02 19:18:50,2018-03-05 17:28:53,2018-03-13,237.0,28.11,3,1,265.11,3,1,5.0,1.0,73905c1f16eb0032515d636e0e20f0d6,7143,guarulhos,SP,4.104398148148148,11.376006944444445,0,265.11
82bda23fb0584ed5750d372e9b597e4d,f19abd77aca5aa71058d1969d407b963,delivered,2018-03-01 15:08:04,2018-03-03 03:30:57,2018-03-05 19:13:16,2018-03-23 13:58:45,2018-03-23,149.9,36.37,1,1,186.27,1,1,5.0,1.0,f3587d49c0973cba419d1404a7856fad,15900,taquaritinga,SP,21.951863425925925,21.369398148148147,1,186.27
d49ce9041aaeaf29811918a0eb0bc7e3,884464478c59cebad4d681d3cb61cb63,delivered,2018-03-01 15:11:04,2018-03-01 15:31:03,2018-03-02 18:33:22,2018-03-07 21:16:42,2018-03-22,138.9,15.72,1,1,154.62,3,1,5.0,1.0,afcb457450ec0dad1855c03de572c7e7,19930,ribeirao do sul,SP,6.253912037037037,20.367314814814815,0,154.62
259ed824424260153076008ccc088840,44f360f66ed7f696c225bc804507345c,delivered,2018-03-01 15:12:33,2018-03-01 15:35:47,2018-03-02 01:26:44,2018-03-07 20:48:46,2018-03-19,99.8,25.38,2,1,125.18,4,1,4.0,1.0,e594376022f606d1006b1bf7c93cf258,7196,guarulhos,SP,6.233483796296296,17.366284722222222,0,125.17999999999999
9f2b23380dcf7e8f6984dbbf19bb3e3f,753bc7d1b2d50787c5b275751d89dc52,delivered,2018-03-01 15:13:05,2018-03-03 02:35:40,2018-03-06 19:04:14,2018-03-16 23:42:45,2018-03-23,149.8,25.3,2,1,175.1,1,1,2.0,1.0,279856ee4305e463a7969d1ad13f657c,5409,sao paulo,SP,15.353935185185184,21.365914351851853,0,175.10000000000002
498e066f76ea893807edbcf498e2cac7,398cdeaf241e3ab97c45cfc7471edc4f,delivered,2018-03-01 15:13:28,2018-03-01 15:35:32,2018-03-02 19:19:44,2018-03-22 16:04:26,2018-03-19,19.9,14.1,1,1,34.0,2,1,5.0,1.0,36bb24e56557dc59fe7919344f2b0a5e,29090,vitoria,ES,21.035393518518518,17.365648148148146,1,34.0
ae11d192084ba3db24965f271590124d,48f604f54860c1cb6d76ad2a8217ff4d,delivered,2018-03-01 15:16:26,2018-03-01 15:35:55,2018-03-02 01:17:58,2018-04-12 13:20:55,2018-03-19,249.0,16.49,1,1,265.49,7,1,2.0,1.0,bf482716881b0c14af9efda1fc58a649,20940,rio de janeiro,RJ,41.919780092592596,17.363587962962963,1,265.49
21bdc97768bc2e7a3e428d0ede7deb85,b632584c672b004257be4b2e5ae4907e,delivered,2018-03-01 15:16:55,2018-03-03 02:35:44,2018-03-23 19:16:37,2018-04-06 19:20:49,2018-04-03,27.9,16.79,1,1,44.69,1,1,5.0,1.0,9a9ae59e093bbdc9fe9199638cef2d92,44360,sao felix,BA,36.169375,32.363252314814815,1,44.69
31fbde650320b9ce55813e075a78aee2,6bebac2b80effd654b22673ae0b91570,delivered,2018-03-01 15:24:52,2018-03-01 16:31:17,2018-03-02 15:47:31,2018-03-08 20:46:28,2018-03-21,82.0,18.81,1,1,100.81,1,1,5.0,1.0,b6a7c665df1cc2a41a26003225ff8d23,29024,vitoria,ES,7.223333333333334,19.35773148148148,0,100.81
37c8cbbb816470ceb8a3026653cf3d3c,0c6ddd0fc46185e7fd0bb6d767bf4d36,delivered,2018-03-01 15:25:54,2018-03-02 02:10:01,2018-03-02 21:56:43,2018-04-04 00:29:49,2018-03-26,43.89,25.63,1,1,69.52,1,1,5.0,1.0,daaa4bd4b2ac37cd00efc852878b626a,77360,parana,TO,33.37771990740741,24.35701388888889,1,69.52
baf664f0589b605f58b9e6630f0f267a,ada8a8ca0c1a864faf637fad00538a71,delivered,2018-03-01 15:29:58,2018-03-01 15:55:35,2018-03-02 19:48:59,2018-03-15 23:48:36,2018-03-20,94.0,17.91,1,1,111.91,5,1,4.0,1.0,f4f6ccc290ea4d8f5808daa6630c9a9b,29946,sao mateus,ES,14.346273148148148,18.354189814814816,0,111.91
ea0aecca2de1f337e8a16c457f407eb3,65893fec38e42fb5882899f961989c9c,delivered,2018-03-01 15:34:44,2018-03-01 16:21:33,2018-03-02 22:33:56,2018-03-21 19:24:55,2018-03-19,199.0,12.89,1,1,211.89,3,1,,,99ba422ba6f1b9f7cafaf4880652d9ab,2443,sao paulo,SP,20.159849537037037,17.35087962962963,1,211.89
a14ae07ec866886ebfbd63a32b8f86a0,84174666481d1489fbafb3a7585aaaa5,delivered,2018-03-01 15:37:43,2018-03-03 02:50:48,2018-03-06 00:29:57,2018-03-15 21:56:22,2018-03-19,35.0,15.11,1,1,50.11,1,1,4.0,1.0,35535aaf49613143aca8799e8b45f0eb,22270,rio de janeiro,RJ,14.262951388888888,17.348807870370372,0,50.11
b2fd73f1bd0c6aab4bc4987c2b550c94,0fa6f9c417bd7ae5ff98be2aa4a66fdb,delivered,2018-03-01 15:38:52,2018-03-01 15:55:43,2018-03-02 16:35:30,2018-03-05 15:37:47,2018-03-13,253.0,35.56,2,1,288.56,5,1,5.0,1.0,55810b4feffd8d841795fc0c497da0c1,9185,santo andre,SP,3.999247685185185,11.348009259259259,0,288.56
a62cea6420ca6b61d36c62aeb795858f,bda84ef94155536f779e792cd2a199c7,delivered,2018-03-01 15:42:39,2018-03-01 15:55:42,2018-03-02 16:45:04,2018-03-22 23:58:55,2018-03-29,59.9,15.17,1,1,75.07,1,1,3.0,1.0,2ccc06090421f27bd566fd6b4e7e074f,95150,nova petropolis,RS,21.34462962962963,27.345381944444444,0,75.07
e2f1a9fca16cf7780e6b22a78fb85479,820b5dadc730944903ac204cc797a441,delivered,2018-03-01 15:49:38,2018-03-03 02:49:34,2018-03-09 00:08:31,2018-03-20 16:12:00,2018-04-04,359.96,145.16,4,1,505.12,1,1,1.0,1.0,7478839156e2cc73aac2b69320236f42,20765,rio de janeiro,RJ,19.015532407407406,33.34053240740741,0,505.12
b8a64156dccb910f2ed2aaf65e6cc5af,c261d62d747a5edece297d1f1254fe2d,delivered,2018-03-01 15:50:16,2018-03-03 02:50:56,2018-03-05 17:20:02,2018-03-08 22:54:27,2018-03-19,134.9,13.96,1,1,148.86,1,1,3.0,1.0,0ed5e64afd04de2707843a48c68b5c74,1310,sao paulo,SP,7.294571759259259,17.340092592592594,0,148.86
b56522f2eb41c4d499be5f343973d5cf,e47491820a6834b23c543d50adb9c7bf,delivered,2018-03-01 16:04:11,2018-03-01 16:15:28,2018-03-16 12:13:02,2018-04-07 10:41:03,2018-03-27,419.9,20.22,1,1,440.12,8,1,4.0,1.0,a1101f5a29a21c4bac2baeef692731a8,50720,recife,PE,36.77560185185185,25.33042824074074,1,440.12
33eefd3aa85eebe6a110e9fcd67e8be7,57560919e8c83fdaa81575a5ab74d0a8,delivered,2018-03-01 16:04:27,2018-03-01 16:15:41,2018-03-06 20:46:53,2018-03-09 16:31:34,2018-03-22,79.0,14.3,1,1,93.3,1,1,4.0,1.0,3391bca4a0ec5185947ffb36d9ef6dbd,32340,contagem,MG,8.018831018518519,20.330243055555556,0,93.3
6852fa728e2ac8e2cf24b939d7d9908d,a5b3d76d7d0f3a8899b299b15c75fade,delivered,2018-03-01 16:06:17,2018-03-01 16:40:45,2018-03-02 17:58:51,2018-03-19 20:36:45,2018-03-20,59.9,15.18,1,1,75.08,1,1,5.0,1.0,ab3abb6eff6c087c684b12783a0b159c,23094,rio de janeiro,RJ,18.187824074074076,18.32896990740741,0,75.08
4d5ca668f7379152280cad9804224092,5a2d7291ecbd025f673ee972a24e7611,delivered,2018-03-01 16:07:47,2018-03-01 16:15:34,2018-03-02 17:57:05,2018-03-22 15:26:32,2018-03-27,149.9,36.37,1,1,186.27,3,1,5.0,1.0,c1c2d7e232379ac754dcddc163c113e2,13670,santa rita do passa quatro,SP,20.971354166666668,25.32792824074074,0,186.27
738c536e3bfc3c99dddffed112e89349,c38f238897e6413a43a0f302bf8b7b9e,delivered,2018-03-01 16:12:35,2018-03-01 16:30:10,2018-03-02 17:42:52,2018-03-05 16:59:34,2018-03-13,269.0,10.08,1,1,279.08,3,1,5.0,1.0,a583892de341c9fd79ed946ca24bb0bb,4041,sao paulo,SP,4.032627314814815,11.324594907407407,0,279.08
b3ba3fb3a14a0fd1a425706e71b7de10,b59b9200abefa3aef8728bddb76a9d8c,delivered,2018-03-01 16:19:30,2018-03-01 16:35:40,2018-03-06 22:58:54,2018-04-04 19:36:34,2018-03-29,104.99,17.98,1,1,122.97,2,1,3.0,1.0,8ca1816f6c1a91aa2788ee471b85ab19,99840,sananduva,RS,34.13685185185185,27.319791666666667,1,122.97
f78922eabf7ec2e30c6448d7965ddb9d,2021c71d4dff431c1b4b8567c938bf2b,delivered,2018-03-01 16:23:34,2018-03-02 02:10:36,2018-03-07 18:38:44,2018-03-13 02:50:39,2018-03-19,105.0,15.49,1,1,120.49,1,1,5.0,1.0,914cfe5307beeb6479142d2b22785ee6,20271,rio de janeiro,RJ,11.435474537037036,17.316967592592594,0,120.49
e24cdf4aaed31a657aa20c5eb71482aa,b82d043258ad8061ab188b266ce6ed64,delivered,2018-03-01 16:26:33,2018-03-01 16:49:28,2018-03-05 21:23:00,2018-03-06 14:35:11,2018-03-14,39.0,9.34,1,1,48.34,2,1,5.0,1.0,139c6b130e805515126985ef5b2dfe64,12245,sao jose dos campos,SP,4.922662037037037,12.314895833333333,0,48.34
c05223a5f3e8d1dac89df5bfdcb58661,b078a7c9a43c06c915270648b718d931,delivered,2018-03-01 16:27:00,2018-03-03 02:50:46,2018-03-05 23:26:54,2018-03-08 20:52:26,2018-03-22,367.9,67.67,1,1,435.57,1,1,5.0,1.0,552fb4b2b8c996ad7615372c99e12ae9,93700,campo bom,RS,7.184328703703704,20.314583333333335,0,435.57
4f05cb36ebddf2978e8e2460f4a4b8f8,43ce867c43cb5fcca56031358d7e7413,delivered,2018-03-01 16:30:05,2018-03-02 16:31:39,2018-03-12 14:34:25,2018-03-14 16:58:32,2018-03-28,279.88,37.38,2,1,317.26,1,1,5.0,1.0,5b5f6e7aa7816161442a4186bd4b1656,9861,sao bernardo do campo,SP,13.019756944444444,26.31244212962963,0,317.26
e0be013981866fa58c41c93cab57594a,ac2c4889c5a253bb3cd48204cf7c93ee,delivered,2018-03-01 16:36:58,2018-03-01 16:50:26,2018-03-08 02:16:44,2018-04-10 17:29:54,2018-03-22,37.0,15.1,1,1,52.1,1,1,3.0,1.0,0969ecf623dcc79ba129e88b63317740,25850,paraiba do sul,RJ,40.036759259259256,20.307662037037037,1,52.1
a2d8aaf39efc96fe140eda3e8f2e337e,2c8f11d30a852df3dacc6f0ce6ed357c,delivered,2018-03-01 16:43:57,2018-03-01 16:55:57,2018-03-05 11:32:18,2018-03-17 10:08:29,2018-03-20,227.39999999999998,71.1,6,1,298.5,2,1,1.0,1.0,28ece7b2c1174e87393832aa7f64b475,17580,pompeia,SP,15.72537037037037,18.3028125,0,298.5
ccafddb54a91c4cebc1ab1ba6fa5f68d,4b1e4c6aa9b00cc930f4ef5f7b622ba2,delivered,2018-03-01 16:47:48,2018-03-02 02:10:51,2018-03-07 21:26:33,2018-03-23 20:38:39,2018-03-28,379.0,192.48,1,1,571.48,1,1,1.0,1.0,502867033ec89122387321e8586ec419,52120,recife,PE,22.1603125,26.30013888888889,0,571.48
80b0f4fc350532f6e0ce9aa81ccde91c,d06f910929d7ece5e8090c5b4ef80b08,delivered,2018-03-01 16:51:27,2018-03-01 17:09:42,2018-03-02 23:57:29,2018-04-05 21:37:26,2018-03-19,204.0,14.45,1,1,218.45,10,1,1.0,1.0,22062343697ed12f7c1d0cecd982b0c4,9910,diadema,SP,35.19859953703704,17.297604166666666,1,218.45
70f90f55c4238d2d8b77e1e2b8ee8416,c2cb0597cbe5d39a13674ded580b6759,delivered,2018-03-01 16:52:28,2018-03-03 02:35:44,2018-03-08 16:02:57,2018-03-16 18:12:04,2018-03-13,25.0,9.94,1,1,34.94,1,1,2.0,1.0,b9e338b2a1eb99375b994db858fdd143,89065,blumenau,SC,15.055277777777778,11.296898148148149,1,34.94
0c6f709251c3df262aeb79458ad96a1d,cd61ea4c014ba01e198cbb7863b8e212,delivered,2018-03-01 16:55:08,2018-03-01 17:15:35,2018-03-06 23:52:00,2018-03-09 19:56:46,2018-03-13,29.98,7.78,1,1,37.76,1,1,1.0,1.0,3a2521ce6d2dddd8318742808daf2a51,5204,sao paulo,SP,8.12613425925926,11.295046296296297,0,37.76
3bcc1c9f93f90f188ff37ccb4e22bad2,a0e89d4138485d7b7a038f96a4bb528c,delivered,2018-03-01 16:55:22,2018-03-01 17:15:35,2018-03-02 18:42:52,2018-03-27 14:22:37,2018-03-27,49.9,16.79,1,1,66.69,1,1,4.0,1.0,43ea9838620c66772a6e0f498307a63f,44572,santo antonio de jesus,BA,25.893923611111113,25.29488425925926,1,66.69
4c9ad1ec8d135d9f6cda60ba64fdc5bf,df50aa4e5e65c1e00257ac32ad9167ed,delivered,2018-03-01 16:55:33,2018-03-01 17:15:33,2018-03-02 22:43:22,2018-03-26 23:50:55,2018-03-21,30.0,52.36,1,1,82.36,1,1,1.0,1.0,8bcc84e0763714d1d9609f2047aaa93a,88036,florianopolis,SC,25.288449074074073,19.294756944444444,1,82.36
fdee82051bea952f280e8f81b6e64f82,3bab4e7cd9fd72391f090911718978d2,delivered,2018-03-01 17:08:39,2018-03-03 02:49:30,2018-03-06 19:46:37,2018-03-21 17:05:26,2018-03-27,180.0,16.01,1,1,196.01,1,1,5.0,1.0,c2afe8e728c0cf34c370f49eb5ebd860,83701,araucaria,PR,19.997766203703705,25.28565972222222,0,196.01
88498659c4bfb68808d6b49a57a6ed17,9c6ea4e6fbcff50e788a14bd67a29022,delivered,2018-03-01 17:10:26,2018-03-01 17:30:31,2018-03-02 18:57:51,2018-04-05 18:51:13,2018-03-21,89.0,29.02,1,1,118.02,2,1,1.0,1.0,060874c9cbadb6df3d73ddea97e55bf7,45200,jequie,BA,35.06998842592593,19.284421296296298,1,118.02
4b7472650d90b16f5169d774d1e32292,c9c813b7dbdf3fddd1e25b8581a58f19,delivered,2018-03-01 17:15:24,2018-03-01 17:30:37,2018-03-02 17:38:24,2018-03-05 16:57:09,2018-03-14,1060.0,19.98,1,1,1079.98,10,1,5.0,1.0,4da48d50844a6b56fb74a654842d1f7b,11015,santos,SP,3.987326388888889,12.280972222222223,0,1079.98
d7d3b787cc498b66c8bdbade64d9fa98,351123eeaba93a8a1d45b42c188d6eee,delivered,2018-03-01 17:16:50,2018-03-03 02:50:50,2018-03-05 22:28:29,2018-03-07 18:06:00,2018-03-14,39.0,9.34,1,1,48.34,1,1,5.0,1.0,83a0ebd6bbd70127a0f79dd01c41052a,1329,sao paulo,SP,6.034143518518518,12.279976851851853,0,48.34
504358b70394ff9d17adc66f55192d5c,09fac85d71438b3400e2dfb08689b649,delivered,2018-03-01 17:22:18,2018-03-01 17:31:02,2018-03-02 18:12:16,2018-03-23 18:07:56,2018-04-06,14.45,15.1,1,1,29.549999999999997,1,2,3.0,1.0,5927213eff0fd6ff6b50b7061e5c1134,23916,angra dos reis,RJ,22.031689814814815,35.276180555555555,0,29.549999999999997
7097d0ede6ff53506d935488dbe68d0e,f18c9c2c743235c954d20b22db99addd,delivered,2018-03-01 17:28:28,2018-03-01 18:09:41,2018-03-02 21:46:37,2018-03-05 20:13:15,2018-03-13,13.99,7.78,1,1,21.77,2,1,5.0,1.0,11157a1fdece56bdb0f96917d9b84a68,8122,sao paulo,SP,4.11443287037037,11.271898148148148,0,21.77
b9a8d194c52bcb022997d990bd402f7e,5bde57569eb8318a2306865d06de2bfb,delivered,2018-03-01 17:28:42,2018-03-02 02:15:30,2018-03-06 00:05:59,2018-03-10 13:48:34,2018-03-27,349.9,18.7,1,1,368.6,1,1,5.0,1.0,6ce73016161f051b4267667a28bb417e,90450,porto alegre,RS,8.84712962962963,25.27173611111111,0,368.59999999999997
5497a7c711fb6064cb94be4e7b68a598,7ce7535cbe0f24ab642f7584ec6d530a,delivered,2018-03-01 17:28:46,2018-03-01 17:49:36,2018-03-05 21:08:49,2018-03-08 18:06:47,2018-03-19,59.0,12.75,1,1,71.75,1,1,5.0,1.0,083a540f456d5f5ded15b75ca54ca1b6,17012,bauru,SP,7.026400462962963,17.271689814814813,0,71.75
c1e8ab8d063eba72d530b57e5b05f919,cee6c6b0f6ac0f9f8c0830152453c3e2,delivered,2018-03-01 17:29:35,2018-03-02 02:16:04,2018-03-02 19:52:15,2018-03-23 02:57:56,2018-04-03,999.0,31.44,1,1,1030.44,1,1,1.0,1.0,b7c897200ac65c43a131e71b8ae3b8f3,66635,belem,PA,21.3946875,32.27112268518518,0,1030.44
9191865443d830e0d137457428b3d432,4455aff0861d62487a2466894d2ed2df,delivered,2018-03-01 17:38:42,2018-03-01 18:49:08,2018-03-02 18:23:32,2018-03-06 18:58:34,2018-03-19,109.9,13.79,1,1,123.69,1,1,5.0,1.0,65e8c7293cc88e583349d380eb9c5be1,18520,cerquilho,SP,5.055462962962963,17.264791666666667,0,123.69
dec5c8b31036f767ced1d8a698be9a8e,6f145b8c9b8d449154c4c4bbf8be56ee,delivered,2018-03-01 17:43:18,2018-03-01 17:55:27,2018-03-07 00:15:01,2018-03-22 22:58:45,2018-05-08,109.0,15.51,1,1,124.51,10,1,4.0,1.0,3b600e12e73ed271cd63917a970b17d2,89219,joinville,SC,21.2190625,67.26159722222222,0,124.51
c4c9066b8b703b82bbaa0561244e0e0f,b59a3e6478e9da13a3ca328e9faa96d1,delivered,2018-03-01 17:44:41,2018-03-01 17:55:35,2018-03-03 00:04:36,2018-03-27 15:08:44,2018-03-28,204.0,18.68,1,1,222.68,2,1,3.0,1.0,58b0b4757ff906f793b80dfeaa1d757f,86990,marialva,PR,25.89170138888889,26.260636574074073,0,222.68
53cbc02ffe278ca84b6f4920d9d3ecd5,a1a52dda6ac52aee936ad06712027b83,delivered,2018-03-01 18:07:51,2018-03-01 18:30:58,2018-03-05 18:57:58,2018-04-04 11:28:38,2018-03-20,1995.0,281.1,5,1,2276.1,1,1,1.0,1.0,559026a1299bd2ede976c8d516d92258,18207,itapetininga,SP,33.722766203703706,18.24454861111111,1,2276.1
9366be6384383da91896d6477efe17e7,6ec45d1ef19d3a0128276cfbbafdd4f1,delivered,2018-03-01 18:10:33,2018-03-01 18:30:50,2018-03-02 22:09:14,2018-03-16 20:18:38,2018-03-19,510.0,70.44,1,1,580.44,8,1,4.0,1.0,220034818d24bcd513ec4e7a142754f5,2323,sao paulo,SP,15.08894675925926,17.242673611111112,0,580.44
1a8d9ee4ef14ca8feb96e914f51b9397,60a13661d952a5128a7c81ea31e54727,delivered,2018-03-01 18:15:16,2018-03-01 18:31:17,2018-03-06 02:37:47,2018-03-13 12:24:41,2018-03-26,281.2,33.48,2,1,314.68,8,1,5.0,1.0,2e08911037fe7ec67377711eee1fdbf3,95700,bento goncalves,RS,11.756539351851853,24.239398148148148,0,314.68
6e15b44afc42ba31c4eb67e967a3bf4b,1bee76a927995b16bc122faaa93899d2,delivered,2018-03-01 18:22:13,2018-03-03 02:50:37,2018-03-15 00:42:26,2018-03-29 20:35:13,2018-04-04,146.99,43.26,1,1,190.25,1,1,1.0,1.0,8fee15b90ae3479e1075138d546c12bd,16050,aracatuba,SP,28.09236111111111,33.23457175925926,0,190.25
4c3302743a4cdbc7c65bb027ea156c35,8fdc898073dadecf0e586b71695696ca,delivered,2018-03-01 18:23:40,2018-03-01 18:49:08,2018-03-02 19:13:57,2018-04-14 00:47:47,2018-03-22,135.0,52.800000000000004,3,1,187.8,2,1,1.0,1.0,2727b4b233d091c1a5e1ab6c8a261eab,29106,vila velha,ES,43.26674768518519,20.233564814814816,1,187.8
5320fb6f684caacf933c7f9597454391,376c7f50236fad51150ba8d901db18a6,delivered,2018-03-01 18:28:24,2018-03-03 02:35:28,2018-03-05 20:03:51,2018-03-09 18:56:21,2018-03-27,139.99,16.74,1,1,156.73,1,1,4.0,1.0,afeed2fe9f00485bae19623e306b3937,19013,presidente prudente,SP,8.019409722222223,25.23027777777778,0,156.73000000000002
6fc77fe0941b9747d5cc3deae6025a4e,8d7bcfbe8caf1c7d288c6aabb3fec69f,delivered,2018-03-01 18:30:52,2018-03-01 19:09:35,2018-03-03 16:13:08,2018-03-16 22:51:53,2018-03-28,13.0,25.63,1,1,38.63,1,1,4.0,1.0,d56341389b1f3e965dba4e5db4bd6b6e,96845,santa cruz do sul,RS,15.181261574074075,26.228564814814813,0,38.629999999999995
bc42a955f289870d5789e6e437206300,b8733025113e28454fd06c6e97ce9748,delivered,2018-03-01 18:32:56,2018-03-01 18:49:03,2018-03-03 03:09:12,2018-03-24 13:54:40,2018-03-26,88.0,17.06,1,1,105.06,3,1,5.0,2.0,0f10d99ee99ca3d0489f2f2169b41ec3,24344,niteroi,RJ,22.80675925925926,24.22712962962963,0,105.06
e239d280236cdd3c40cb2c033f681d1c,8f3b9d3f52f2f606b6675ef3d7d85e7b,delivered,2018-03-01 18:32:58,2018-03-01 18:49:11,2018-03-03 00:38:33,2018-03-19 19:41:39,2018-04-02,85.0,17.03,1,1,102.03,3,1,5.0,1.0,0f10d99ee99ca3d0489f2f2169b41ec3,24344,niteroi,RJ,18.04769675925926,31.22710648148148,0,102.03
946531fd5600174d45682f9a6c493e05,298d5160dfa09ed4cde46a9dd3518f6b,delivered,2018-03-01 18:39:21,2018-03-01 18:50:28,2018-03-02 17:47:44,2018-03-08 23:09:23,2018-03-13,99.9,12.4,1,1,112.3,2,2,3.0,1.0,143b2873a4119ff8c49dee6f15eb8504,8475,sao paulo,SP,7.1875231481481485,11.22267361111111,0,112.30000000000001
0735913c4b3a961b5988041799a7543e,4d69d33edb867a842ef0541c0b054a3c,delivered,2018-03-01 18:41:05,2018-03-01 18:50:26,2018-03-07 16:58:43,2018-03-08 18:18:59,2018-03-13,29.98,15.56,2,1,45.54,1,2,3.0,1.0,26dbf32c0f5056753b7791105d7a2f87,1416,sao paulo,SP,6.984652777777778,11.221469907407407,0,45.54
0332758ed6bf8f4c1ffa5b6bf5b5725d,1f09757902b8881d55a29f5380d546de,delivered,2018-03-01 18:43:02,2018-03-01 18:50:33,2018-03-09 15:38:34,2018-03-20 13:28:58,2018-04-10,159.98,53.76,2,1,213.74,15,1,5.0,1.0,0213fe7fbaa0a7e81c16350785e367e6,87900,loanda,PR,18.781898148148148,39.22011574074074,0,213.73999999999998
3b47eaed57c2b8dbeef5f764194e5750,5260f456ae402e7bd7b16055e9a4214d,delivered,2018-03-01 18:52:36,2018-03-03 02:51:19,2018-03-07 00:22:28,2018-03-12 18:21:30,2018-03-21,750.0,43.09,1,1,793.09,1,1,5.0,1.0,b033be1d214084c1b30485ad3d8871a5,18680,lencois paulista,SP,10.978402777777777,19.213472222222222,0,793.09
ca2c921a5b9d60eba417d106c724c6f6,bf21cc881d27bf8909c3922d422cb20e,delivered,2018-03-01 18:57:22,2018-03-01 19:15:33,2018-03-21 20:33:40,2018-04-13 03:08:40,2018-04-17,27.9,31.02,1,1,58.92,5,1,3.0,1.0,0b177893dc66d6d0f67ff1bf19423693,69912,rio branco,AC,42.34118055555555,46.21016203703704,0,58.92
cd472c4843f0157551fb2c99b21d3786,32aea1e0da2cb689dcf847a444bf252c,delivered,2018-03-01 19:06:30,2018-03-03 02:35:36,2018-03-05 20:08:07,2018-04-23 18:52:41,2018-04-05,115.0,15.57,1,1,130.57,1,1,1.0,1.0,223599228dfa6b29974a5e2b57f5d3b2,22245,rio de janeiro,RJ,52.990405092592596,34.20381944444444,1,130.57
1dfdbd592873be9e467a641589b7595e,b1e427ff221ac2de74bf451c5e3d7206,delivered,2018-03-01 19:12:54,2018-03-03 02:51:26,2018-03-06 01:08:53,2018-03-15 22:04:32,2018-03-21,119.99,15.6,1,1,135.59,1,1,5.0,1.0,eb3618a8dc128e314712dd3c251b9ad9,74477,goiania,GO,14.119189814814815,19.199375,0,135.59
8a39a4c8e92305849add36b95af88654,a6e2fa516f9931d73a9a1a9a98f24fc1,delivered,2018-03-01 19:14:00,2018-03-01 19:35:32,2018-03-02 23:04:43,2018-03-15 19:33:17,2018-03-21,61.99,21.23,1,1,83.22,4,1,3.0,1.0,b5278b5d2352066d7625bfdc77005f50,71971,brasilia,DF,14.013391203703703,19.198611111111113,0,83.22
fbed5025efea6c9b776e3826c055ad9e,2ff9559e01499d89efb1d99b938faf7c,delivered,2018-03-01 19:18:28,2018-03-01 19:35:30,2018-03-02 20:09:27,2018-03-31 13:08:46,2018-03-28,89.99,15.39,1,1,105.38,1,1,1.0,1.0,ec750259d6f61faad9361c3f0bcc074f,93048,sao leopoldo,RS,29.74326388888889,26.19550925925926,1,105.38
9c8af7daf8716cde23b513de7b15ac08,ff707e35417fa22a89eab6549e33ea5b,delivered,2018-03-01 19:21:56,2018-03-01 19:35:44,2018-03-02 22:14:55,2018-03-15 17:52:45,2018-03-26,79.9,30.2,2,1,110.1,1,1,3.0,1.0,e3aef7333b0cfca8c903101fbeb6fdc6,89820,xanxere,SC,13.93806712962963,24.193101851851853,0,110.10000000000001
0d27c6a7e907a99b7a7e08f9afa22d90,604ee403a6a70bc3e4c5831ebce4afdf,delivered,2018-03-01 19:24:33,2018-03-01 19:49:17,2018-03-02 22:46:32,2018-04-07 18:24:41,2018-03-21,70.0,16.25,1,1,86.25,1,1,1.0,1.0,5b5938d2d4fe1d67afe0969222c6d7d0,25955,teresopolis,RJ,36.95842592592592,19.19128472222222,1,86.25
1f70c1dfe04e99af2bd64337afa0613d,eefdefad8e1f3468d6a1adab05b3f3b6,delivered,2018-03-01 19:25:49,2018-03-03 02:50:54,2018-03-06 18:56:32,2018-03-17 15:03:20,2018-03-29,72.0,16.94,1,1,88.94,1,1,5.0,1.0,00c04df1c94e385d57d4a33a2965217c,35960,santa barbara,MG,15.817719907407408,27.19040509259259,0,88.94
1975dd8b555942e06089174b9f2a4928,d102cce7158552e3eacec7f2debadb1f,delivered,2018-03-01 19:39:04,2018-03-01 19:50:35,2018-03-02 20:07:51,2018-03-05 18:33:24,2018-03-14,53.99,7.78,1,1,61.77,6,1,5.0,1.0,dc82194372a352c75638c16b507738e6,6020,osasco,SP,3.9543981481481483,12.181203703703703,0,61.77
dc53168ed84c77eb9eb18a8026bc393b,6fd1799158e0e89e413a22b93a94d6eb,delivered,2018-03-01 19:41:54,2018-03-02 15:12:18,2018-03-06 15:58:54,2018-04-04 19:28:37,2018-03-21,325.0,23.07,1,1,348.07,4,1,1.0,1.0,4909fc632891548ff0c209de1e3c51cf,65054,sao luis,MA,33.990775462962965,19.179236111111113,1,348.07
4f51650f764d6b02e94d66bf9bfc7f97,d5b5fc814c40acfdb0d28ac11f66338f,delivered,2018-03-01 19:47:50,2018-03-02 02:16:03,2018-03-03 01:08:34,2018-03-08 20:58:24,2018-03-29,79.0,15.3,1,1,94.3,1,1,5.0,1.0,b82fe3aae448e92d2b33b9b956bbdf14,1415,sao paulo,SP,7.049004629629629,27.17511574074074,0,94.3
5771faae60a2852e55b8cd938a0dab30,8b6edda68c5b813a279c016c99a54ba9,delivered,2018-03-01 20:02:47,2018-03-01 20:15:30,2018-03-02 22:14:02,2018-03-15 02:37:51,2018-03-19,128.89,12.4,1,1,141.29,2,1,2.0,1.0,47bcc63fd850775bb994db24702e478b,13040,campinas,SP,13.274351851851852,17.164733796296296,0,141.29
98090e4030b82dcf1d53e4b3557071ea,b0cef3a2a5a906f037086d9887793a27,delivered,2018-03-01 20:06:08,2018-03-01 20:29:15,2018-03-06 18:49:05,2018-03-13 21:44:31,2018-04-11,387.4,33.22,2,2,420.62,2,1,4.0,1.0,8569ef2bb58d5824a7d60319888c6c18,97502,uruguaiana,RS,12.068321759259259,40.16240740740741,0,420.62
0d7126386fcf52bdffdf1d9b3e61ddca,49cbff3b820f73efd9e54048433d7f3b,delivered,2018-03-01 20:06:34,2018-03-01 20:15:39,2018-03-02 17:09:42,2018-03-08 22:03:35,2018-03-23,25.0,14.1,1,1,39.1,3,1,5.0,1.0,87b4130d5349cb9c354d866c7f70cd23,4473,sao paulo,SP,7.081261574074074,21.16210648148148,0,39.1
169702628c1e366110072edf38460701,df221f459bbece19d08e7a78db54b308,delivered,2018-03-01 20:11:22,2018-03-01 20:29:17,2018-03-06 19:08:16,2018-03-12 22:02:15,2018-03-29,70.0,12.62,1,1,82.62,1,1,4.0,1.0,b051093d307f2181aaf8a94f73853958,4005,sao paulo,SP,11.077002314814814,27.15877314814815,0,82.62
3a81f00da2cf9c1ef4f30b34bf435c62,13ca5bcb48b28bfac0cff36a30b293db,delivered,2018-03-01 20:13:18,2018-03-01 20:35:30,2018-03-02 18:12:18,2018-03-26 20:52:12,2018-03-22,62.7,25.28,1,1,87.98,1,1,1.0,1.0,75b5308f82dadc96caf2c59a0eadc980,2993,sao paulo,SP,25.027013888888888,20.157430555555557,1,87.98
91d8044f5ac4a788b325fe556f47c480,bc1955f5c2a40ba7940812bb290c6efc,delivered,2018-03-01 20:13:46,2018-03-01 20:35:27,2018-03-02 19:25:47,2018-04-03 21:08:07,2018-04-03,79.9,18.13,1,1,98.03,1,1,5.0,1.0,8048c176aa547c96779b8b0c4b00dfd5,35400,ouro preto,MG,33.03774305555555,32.157106481481485,1,98.03
7cd365ff7ab370ab236b1abfad4e188a,06a8094ea22f358a71c5ac55e549c10a,delivered,2018-03-01 20:15:08,2018-03-02 02:15:55,2018-03-02 21:39:43,2018-03-05 20:12:59,2018-03-13,39.9,9.34,1,1,49.24,1,1,1.0,1.0,39bb6dd940a0f6701af4c6cc3e9863d5,4273,sao paulo,SP,3.9985069444444443,11.156157407407408,0,49.239999999999995
dd381329189b25cc931a46e975159655,0105f165f3be4b229fcca1cba2349186,delivered,2018-03-01 20:16:22,2018-03-03 02:35:26,2018-03-06 18:52:12,2018-03-07 21:44:37,2018-03-13,35.0,13.08,1,1,48.08,1,1,5.0,1.0,fb8fa768aa555a031e83ca4cad6cebb6,6236,osasco,SP,6.061284722222222,11.155300925925927,0,48.08
7d7db898e5eaa10aac6c7fb616d9d7dc,0b3f43c70b21e9af2c781e5e0380b2e8,delivered,2018-03-01 20:27:05,2018-03-01 20:49:02,2018-03-08 01:54:29,2018-04-02 23:08:54,2018-03-22,30.21,15.1,1,1,45.31,1,1,1.0,1.0,67948f1629709246fc7c17ba811e0b49,81920,curitiba,PR,32.112372685185186,20.147858796296298,1,45.31
d52140bee663636aa4f6057e50bc06a3,32fa597a3b06db1949ee96c416335b6b,delivered,2018-03-01 20:30:22,2018-03-01 20:49:07,2018-03-02 20:35:25,2018-04-16 16:24:45,2018-03-27,119.9,27.38,1,1,147.28,3,1,1.0,1.0,bb477df0c32c10ffaf2b2c5e81169f20,45140,itambe,BA,45.82943287037037,25.145578703703702,1,147.28
95e8e7edf6d02da861e93170a9953465,d5c3f175135abfeee7f63c1d64882156,delivered,2018-03-01 20:39:11,2018-03-02 15:55:40,2018-03-08 20:42:37,2018-03-16 21:32:24,2018-03-19,350.0,13.95,1,1,363.95,5,1,5.0,1.0,4557896ca8d8cb9fa93fe60ea0b37262,8040,sao paulo,SP,15.036956018518518,17.13945601851852,0,363.95
770ad5eec9763dbf6201f544768ed27b,c6022afbb064be6f432fcde8a15a2b8d,delivered,2018-03-01 20:40:12,2018-03-01 20:50:31,2018-03-02 21:44:40,2018-03-17 18:18:28,2018-03-28,138.99,33.85,2,1,172.84,8,1,4.0,1.0,3f44ba2fc2774a80d155478d9337e353,79610,tres lagoas,MS,15.901574074074073,26.13875,0,172.84
bc8040ec215e524e30722602d813a804,2d13a1c3721faaef560f45099efccc9d,delivered,2018-03-01 20:46:25,2018-03-01 21:09:35,2018-03-02 22:13:41,2018-03-15 10:52:15,2018-03-26,128.89,15.65,1,1,144.54,6,1,5.0,1.0,93544519e54be2943b51d251d93162a9,32115,contagem,MG,13.58738425925926,24.13443287037037,0,144.54
5705bc62270ffb13ed25996c30d281c6,56b1b47903483551ba7310e09e1c8726,delivered,2018-03-01 20:54:13,2018-03-01 21:15:40,2018-03-02 22:17:04,2018-03-23 17:41:35,2018-03-21,25.9,16.11,1,1,42.01,2,1,3.0,1.0,f224610e8c3e57a1db87be0917b8758b,31110,belo horizonte,MG,21.866226851851852,19.129016203703703,1,42.01
d67f2941b4a27d61f6176446533e3766,2d3c195d92da81037ca071936b76c3b4,delivered,2018-03-01 21:01:36,2018-03-03 03:20:24,2018-03-07 20:19:03,2018-04-18 20:56:26,2018-03-20,84.9,16.35,1,1,101.25,1,1,1.0,1.0,52b77a8cf97f250ca69b68137302512a,28929,cabo frio,RJ,47.99641203703704,18.12388888888889,1,101.25
633ac9e82a9350e4cd955f083a4dcd0c,51b1d74aa37644a52863a3510364b126,delivered,2018-03-01 21:02:15,2018-03-02 02:15:55,2018-03-03 00:17:29,2018-03-09 12:51:27,2018-03-29,99.0,12.82,1,1,111.82,1,1,3.0,1.0,742a871028da1b33f8f3365dfb92e659,4932,sao paulo,SP,7.659166666666667,27.1234375,0,111.82
7ebb71826f2d289c8a54b3dc8a69f8bc,54f9b6228478d9b8fdda0b198647de1f,delivered,2018-03-01 21:05:59,2018-03-01 21:29:20,2018-03-07 15:09:10,2018-03-17 19:36:23,2018-03-20,229.9,17.86,1,1,247.76,2,1,3.0,1.0,3cba8ffcf762c735844f0cb07b0a0802,71571,brasilia,DF,15.937777777777777,18.120844907407406,0,247.76
563a70a03f09f2174bde139fdcbd8772,d38ab5feaeb102e5990e4a27c69c2da2,delivered,2018-03-01 21:16:08,2018-03-01 21:30:52,2018-03-07 18:39:18,2018-03-21 22:03:54,2018-03-28,119.9,38.39,1,1,158.29,15,1,5.0,1.0,c96b86463cf090f8a9ba301aa448ae09,40310,salvador,BA,20.033171296296295,26.113796296296297,0,158.29000000000002
81964f82f03b74bb44ad9b9dd2908a77,8923748881382b63461d599d6b0d1b65,delivered,2018-03-01 21:18:52,2018-03-03 02:51:17,2018-03-05 19:56:34,2018-03-22 20:48:38,2018-03-22,87.99,21.11,1,1,109.1,1,1,5.0,1.0,ff8fd64c1a5f9bebebc9bf3985dac068,6654,itapevi,SP,20.979004629629628,20.11189814814815,1,109.1
0a9c633395c19d5fa38b9e5313db37a6,13e0a2bb02a7e89185cb36c53db4473a,delivered,2018-03-01 21:21:22,2018-03-01 21:30:48,2018-03-02 19:52:12,2018-03-21 01:51:55,2018-03-22,999.0,26.48,1,1,1025.48,10,1,,,a1b01fabc8021bbbcaf914595e62cc10,88058,florianopolis,SC,19.187881944444445,20.110162037037036,0,1025.48
f4eac8362e4d9737df507555b8894b68,e6f80de619482c71a9a08d37b87ffe54,delivered,2018-03-01 21:22:45,2018-03-01 21:35:39,2018-03-02 21:37:39,2018-03-20 00:52:01,2018-03-29,243.9,33.71,2,2,277.61,8,1,1.0,1.0,409379e6e577c89589dade402e6c2522,97542,alegrete,RS,18.145324074074075,27.109201388888888,0,277.61
f5936f84680ad3dbe5073acb9db493b7,fb3a1bc3a71559f316726f0538b0fee4,delivered,2018-03-01 21:23:52,2018-03-01 21:36:05,2018-03-03 16:56:54,2018-03-12 21:43:41,2018-03-19,86.9,13.63,1,1,100.53,4,1,5.0,1.0,38a480ca2ea2ef5d49f1d26f314b59d7,12071,taubate,SP,11.013761574074074,17.108425925925925,0,100.53
1ddfa120c8ef1f70ac2fa0aefb241675,f96828ffdda6ff5745cd9ae5454323b6,delivered,2018-03-01 21:29:07,2018-03-02 16:49:08,2018-03-05 22:59:02,2018-03-26 22:22:09,2018-03-19,159.9,14.14,1,1,174.04,4,1,1.0,1.0,c5ca1cfb65694c7abdb42366705429e7,5894,sao paulo,SP,25.036828703703705,17.10478009259259,1,174.04000000000002
92d8c82bf73dc132d90e6d3d176f33b4,23da49f483f692acf881d30a6f729736,delivered,2018-03-01 21:51:32,2018-03-01 22:10:28,2018-03-02 15:47:31,2018-03-13 19:32:56,2018-03-23,19.9,12.48,1,1,32.38,1,1,5.0,1.0,820e6e5444b863525398b0a5738cac74,16204,birigui,SP,11.90375,21.089212962962964,0,32.379999999999995
ae62cc90c2871f048d8b89ad4db23ae1,b4f4ec258e451d814ff7a373d237b6d3,delivered,2018-03-01 21:51:35,2018-03-01 22:10:49,2018-03-02 16:45:00,2018-03-19 20:06:36,2018-03-28,149.0,45.12,1,1,194.12,2,1,4.0,1.0,92e30f5f39b91d3056988747521a9789,88210,porto belo,SC,17.927094907407408,26.08917824074074,0,194.12
d0951ca2244d54908c43b6de2aec3974,997527d59e2e579ee89a14fc707c1f9f,delivered,2018-03-01 21:54:32,2018-03-01 22:10:27,2018-03-06 20:56:34,2018-03-24 15:04:15,2018-03-23,35.15,15.1,1,1,50.25,2,1,4.0,1.0,5a21ec58c64ca71284ad7d9a1131c69a,36085,juiz de fora,MG,22.715081018518518,21.08712962962963,1,50.25
d8691426e29a4206ab5076fcdbc1736d,36478c0e016a642d15a5dffc20b56c4c,delivered,2018-03-01 21:56:03,2018-03-01 22:10:29,2018-03-02 22:46:37,2018-03-05 21:32:43,2018-03-13,27.9,8.27,1,1,36.17,1,1,5.0,1.0,29fe179165945d637a964a545d74bd4c,12225,sao jose dos campos,SP,3.9837962962962963,11.08607638888889,0,36.17
45d9d23c62d17d0c6aadb813d38831b3,3ce492ad96766976c6673d3e1abf681a,delivered,2018-03-01 21:57:20,2018-03-01 22:10:47,2018-03-04 09:59:56,2018-03-08 21:36:36,2018-03-21,15.3,11.85,1,1,27.15,1,1,5.0,1.0,f3e619dd22c300e005f7d3574e9e0eb6,18650,sao manuel,SP,6.985601851851852,19.085185185185185,0,27.15
7e9e110e4c60c9d33dabbc33133db636,17984e3bdcf729cdee5f2e4ad08a5f6e,delivered,2018-03-01 22:01:46,2018-03-02 17:10:50,2018-03-05 23:33:36,2018-04-05 22:27:32,2018-03-28,125.0,38.42,1,1,163.42,2,1,2.0,1.0,16c1909306ce443276ee6f9b1bf09fe9,65633,timon,MA,35.01789351851852,26.082106481481482,1,163.42000000000002
20558ca5369266042d7354ad272ce035,7a3eeb05f6f5d2ae7197941b5b2042fd,delivered,2018-03-01 22:05:24,2018-03-01 22:15:36,2018-03-06 02:04:09,2018-03-16 16:07:29,2018-03-20,79.9,15.31,1,1,95.21,1,1,5.0,1.0,bfcca6a17b7aa4b6be88c8938ba3b753,27525,resende,RJ,14.75144675925926,18.079583333333332,0,95.21000000000001
90f70c93b68739ab031eaa26a03c1620,d06bac79a0cb6c8f12358a82a468f1b1,delivered,2018-03-01 22:07:12,2018-03-03 02:50:46,2018-03-05 18:05:07,2018-03-14 23:08:33,2018-03-22,29.5,16.11,1,1,45.61,1,1,4.0,1.0,bbe77ad0e1396a59c31ce6ffcf306539,80210,curitiba,PR,13.042604166666667,20.078333333333333,0,45.61
31ee3947c87114eb0673d72864775bf3,dd2f524e2e32b02741d44311c4795291,delivered,2018-03-01 22:11:02,2018-03-03 02:50:51,2018-03-06 18:26:38,2018-03-23 01:58:33,2018-03-21,39.99,15.1,1,1,55.09,1,1,4.0,1.0,5f94fd833f707fe3500b31ec4757f6ff,35160,ipatinga,MG,21.157997685185187,19.075671296296296,1,55.09
866854be801db6f81ba03727c03615ed,1be6b7bf6e6dbf197e6018642ee2948b,delivered,2018-03-01 22:12:11,2018-03-03 02:51:34,2018-03-06 23:37:25,2018-04-09 17:41:59,2018-03-23,29.98,17.63,1,1,47.61,1,1,1.0,1.0,a052affc7a7b3ec84ee042f41a1239a1,60764,fortaleza,CE,38.81236111111111,21.074872685185184,1,47.61
bb7c5cf4dff9994daeab7c8ee9d287aa,9a4900710ff76d73cb3a0d152e73adf0,delivered,2018-03-01 22:14:26,2018-03-02 22:08:51,2018-03-05 17:32:31,2018-03-09 14:48:21,2018-03-26,535.9,18.5,1,1,554.4,8,1,4.0,1.0,97f104e8e54ef4147d17fc1536a1482c,97502,uruguaiana,RS,7.690219907407408,24.073310185185186,0,554.4
c813c8ce58b2cb2f903c4e6a3aac9f5f,040cdacd2e48d9702c0f6a9347f414da,delivered,2018-03-01 22:20:35,2018-03-01 22:30:32,2018-03-02 17:33:54,2018-03-14 21:26:26,2018-03-26,42.9,16.11,1,1,59.01,4,1,5.0,1.0,88e5b782558241f9aff95cecbe346428,9423,ribeirao pires,SP,12.962395833333334,24.069039351851853,0,59.01
a5739097eb2ca76c5777ee5c16b5d3c0,3c8eb6e4a5a9d6182673cca04d2d27dd,delivered,2018-03-01 22:29:46,2018-03-01 22:49:20,2018-03-06 17:58:26,2018-03-19 22:51:47,2018-03-26,699.0,25.69,1,1,724.69,5,1,3.0,1.0,2afdd8696b6603472031594893aa7027,59090,natal,RN,18.01528935185185,24.062662037037036,0,724.69
60497e7e5e68a6c28a15eaafea0f1e94,4e57ef42359fa8a9a31597f6081ea345,delivered,2018-03-01 22:30:09,2018-03-01 22:49:26,2018-03-02 20:21:47,2018-03-21 18:11:21,2018-03-26,39.9,14.1,1,1,54.0,1,1,5.0,1.0,c8ec99d9532ed61578f3717cb0eff87c,91215,porto alegre,RS,19.82027777777778,24.062395833333333,0,54.0
87ec13ef07cdf6f1e35508ad1057947e,4c8a94c60cf3e590dd5123e0aa95f5c1,delivered,2018-03-01 22:34:02,2018-03-02 17:35:41,2018-03-07 15:37:53,2018-04-04 15:26:49,2018-03-26,539.92,22.32,1,1,562.24,8,1,1.0,1.0,af99d660de8f775bfb5aa3775adbc364,53170,olinda,PE,33.70332175925926,24.059699074074075,1,562.24
01b538a0b1a9eeecdfbc03223190e4bf,65c6da734e03f00a02315762773f9e5a,delivered,2018-03-01 22:34:37,2018-03-01 23:31:13,2018-03-02 18:34:17,2018-03-12 22:34:48,2018-03-20,39.9,15.1,1,1,55.0,5,1,5.0,1.0,c658781f2931c08e5adef93d62b67007,30140,belo horizonte,MG,11.000127314814815,18.05929398148148,0,55.0
29eec6741c8bce92beae3f57180169b4,4161b8a51dd52b9763a4d07a8491abf4,delivered,2018-03-01 22:40:50,2018-03-02 22:48:59,2018-03-08 00:39:05,2018-03-16 19:48:28,2018-03-22,53.9,17.63,1,1,71.53,5,1,3.0,1.0,8ffa5e9fcc3da23113128e94d1c75706,36520,visconde do rio branco,MG,14.880300925925926,20.05497685185185,0,71.53
c6a73b421eb3e92ce86dbfbbd3530a8f,7df4315a9fdab8e44d6096f553838f4d,delivered,2018-03-01 22:45:34,2018-03-01 23:09:37,2018-03-06 14:41:39,2018-03-13 17:13:17,2018-03-19,18.9,11.85,1,1,30.75,1,2,4.0,1.0,6a64953f5229b3f7365e1b8e6c2a8a82,17024,bauru,SP,11.769247685185185,17.051689814814814,0,30.75
02c84deb7aa1f2e74090d56a0ec84120,34c059ffa44982e5208d2ced3c986b51,delivered,2018-03-01 22:46:34,2018-03-01 23:09:46,2018-03-02 19:56:54,2018-04-03 00:58:52,2018-03-23,18.9,15.1,1,1,34.0,3,1,1.0,1.0,404843ede841e1ba79254d10fc2c6755,26470,japeri,RJ,32.091875,21.05099537037037,1,34.0
9d973dba6f397c6270c81dd253e977f8,39b63c587a67ad257832378a0c2d14ff,delivered,2018-03-01 22:48:01,2018-03-02 22:55:27,2018-03-06 19:05:06,2018-03-11 20:47:23,2018-03-13,179.9,13.81,1,1,193.71,2,1,5.0,1.0,b5522c0d915588419655dc549f02a4cd,5859,sao paulo,SP,9.916226851851851,11.049988425925926,0,193.71
c6ceea8c10c1521a2f993bc956800cf5,9a7965465aaa863ad7cdffc0b132741c,delivered,2018-03-01 22:48:38,2018-03-02 22:55:27,2018-03-07 00:07:12,2018-03-29 15:12:25,2018-03-22,29.98,21.15,1,1,51.13,5,1,1.0,1.0,0d8245b7c1a190320663e7e1160b20fa,49032,aracaju,SE,27.68318287037037,20.049560185185186,1,51.129999999999995
43a0277da1f854225ecf40b7b2411991,6dee228367b25017c502f04147a44e79,delivered,2018-03-01 22:49:55,2018-03-01 23:09:42,2018-03-05 14:09:51,2018-03-21 21:36:28,2018-03-29,177.65,27.56,1,1,205.21,2,1,5.0,1.0,2d3965ec99f65ef82af499280c95e81f,95770,feliz,RS,19.948993055555555,27.04866898148148,0,205.21
81ec112622b72e497169430ffa735f61,cb0ab7935862f8f422456b08b9d08f9c,delivered,2018-03-01 22:54:39,2018-03-01 23:09:47,2018-03-08 00:38:42,2018-03-12 14:12:47,2018-03-23,262.0,14.85,1,1,276.85,1,1,5.0,1.0,0e007b1a9f469b38bfbb6bec86547143,1009,sao paulo,SP,10.637592592592593,21.045381944444443,0,276.85
a7423cff9cc4cf6f1d6b749fd95d2aa1,b4f2638b64d93172899e3628f0f71345,delivered,2018-03-01 22:56:04,2018-03-02 02:10:37,2018-03-02 16:19:53,2018-03-08 21:02:29,2018-03-22,99.9,16.46,1,1,116.36,1,1,5.0,1.0,18dbec3c15cdc251484d441e4a2603d5,5705,sao paulo,SP,6.9211226851851855,20.044398148148147,0,116.36000000000001
6419e8e9d7f16635d9222eec191ce516,a7532e354c1895123fff8168ec3c3c1e,delivered,2018-03-01 23:00:07,2018-03-01 23:10:29,2018-03-02 22:13:08,2018-03-13 00:11:48,2018-03-20,49.0,14.1,1,1,63.1,3,1,5.0,1.0,11d2188ce598db142d37bc237bf3f291,29206,guarapari,ES,11.049780092592593,18.04158564814815,0,63.1
9223919b300f6989e1715333fca0d6ce,51934b734e94e61d8efa4523e175c6c3,delivered,2018-03-01 23:05:31,2018-03-01 23:15:32,2018-03-02 22:33:58,2018-03-27 20:47:27,2018-03-26,80.0,16.32,1,1,96.32,1,1,5.0,1.0,4fbb5c68b6851f6e35c543f963b43e4c,86455,joaquim tavora,PR,25.90412037037037,24.03783564814815,1,96.32
3056cd8b96b8ff6badf1b936a8cb3bc8,07ebdcd609056322ab696bca753690ee,delivered,2018-03-01 23:08:25,2018-03-01 23:29:37,2018-03-02 17:09:42,2018-03-07 20:52:56,2018-03-26,25.0,14.1,1,1,39.1,3,1,5.0,1.0,bfa809efc0c3a611d7cc109690fb1adc,30455,belo horizonte,MG,5.905914351851852,24.03582175925926,0,39.1
6fa5088dcf950909aa3c2001eafc4106,e57b2e8e7952fb47e3866cf07b5882da,delivered,2018-03-01 23:14:32,2018-03-03 10:55:28,2018-03-05 19:52:35,2018-03-13 23:18:54,2018-03-19,23.8,14.1,1,1,37.9,1,2,3.0,1.0,4ae73d7b7f399cf05ddc54e9554e8b5e,5590,sao paulo,SP,12.003032407407407,17.031574074074076,0,37.9
f3198cf092daad25ada2e464f1471522,1c97574913782ddfc8eaa8337329e81f,delivered,2018-03-01 23:29:46,2018-03-01 23:48:59,2018-03-05 23:28:28,2018-03-08 02:58:24,2018-03-13,30.5,7.78,1,1,38.28,1,1,3.0,1.0,a34e55a2dbb21e711950a6e0d3dfc68a,9350,maua,SP,6.14488425925926,11.02099537037037,0,38.28
6a82abcbfecb37ea8663513f7c4bf302,0dd483b51c6190c96232df15157970ad,delivered,2018-03-01 23:35:30,2018-03-01 23:49:01,2018-03-02 18:52:15,2018-03-22 15:11:17,2018-03-23,449.0,51.85,1,1,500.85,5,1,4.0,1.0,a0f206c2c1a4a8f15e1fab6fe953603e,74815,goiania,GO,20.64984953703704,21.01701388888889,0,500.85
ff558458632ada968431a2f973c209c6,40e16d92bed51ffa013c3a7d1bb1e328,delivered,2018-03-01 23:42:47,2018-03-01 23:50:33,2018-03-07 00:07:10,2018-03-14 20:29:47,2018-03-21,29.99,15.1,1,1,45.09,1,1,5.0,1.0,c611c8b5d084c8221b65fb3f54555992,38401,uberlandia,MG,12.865972222222222,19.011956018518518,0,45.089999999999996
7d9bff34ab96999cbb7b18cfe622c731,f0b859bf10be8f9953db9e34fc3baca8,delivered,2018-03-01 23:45:15,2018-03-02 17:49:30,2018-03-06 02:42:14,2018-03-29 18:22:44,2018-03-26,49.9,34.15,1,1,84.05,2,1,1.0,1.0,7fcafd16846ad802c6e17347e4dccaeb,64160,luzilandia,PI,27.776030092592592,24.010243055555556,1,84.05
3fe9e1771e3c0ddc3de0af1b15850664,68e5402f252403e82e5b759009377b08,delivered,2018-03-01 23:47:36,2018-03-02 00:09:39,2018-03-06 03:45:09,2018-03-27 17:41:12,2018-03-19,82.49,14.33,1,1,96.82,4,1,1.0,1.0,4718ef407a8ec498eb8f6f6b3dddd425,31110,belo horizonte,MG,25.745555555555555,17.00861111111111,1,96.82
4091882136d80ac3ff9058c8d81e10a4,562ea8b679af1969a0e3d27c05f92c1f,delivered,2018-03-01 23:48:49,2018-03-02 00:09:33,2018-03-05 20:35:07,2018-03-16 10:57:32,2018-03-19,135.0,16.58,1,1,151.58,5,1,5.0,1.0,a6265689e0fbb956cc520c1ea9f5e34f,9121,santo andre,SP,14.464386574074075,17.007766203703703,0,151.57999999999998
49584997a9180455c41d4c70ebaac683,d505b6bbae97b47f93e1ce62d3dcd07c,delivered,2018-03-01 23:56:42,2018-03-02 00:56:47,2018-03-03 01:52:15,2018-04-04 20:16:33,2018-03-26,99.9,22.57,1,1,122.47,2,1,1.0,1.0,7c4c626bfc738e4f6fe40c5c6e9b8a04,26277,nova iguacu,RJ,33.847118055555555,24.002291666666668,1,122.47
2ec8ddbfe88a339d911208a26f6a8ad5,39c01c306f74fd8357250244fcbe02bf,delivered,2018-03-02 00:07:09,2018-03-02 01:10:35,2018-03-02 22:19:11,2018-03-26 16:36:56,2018-04-16,13.9,34.15,1,1,48.05,1,2,5.0,1.0,577c584d4e793648664d7b39a561d6fd,59390,lagoa nova,RN,24.687349537037036,44.99503472222222,0,48.05
fad22efcd65a6f3739c15401b1db8492,7fbcdcc98639f4575dd455718c6affcb,delivered,2018-03-02 00:09:59,2018-03-02 01:09:10,2018-03-02 21:46:34,2018-03-06 12:49:20,2018-03-15,69.9,13.08,1,1,82.98,1,1,4.0,1.0,e756cdd02a6ab43099ab462fa2c82905,3356,sao paulo,SP,4.527326388888889,12.99306712962963,0,82.98
8c7a5e0c8c232e87d70485ec3ce91549,9c32fd0f6852e77226bd2309dae25097,delivered,2018-03-02 00:15:24,2018-03-03 00:40:27,2018-03-05 18:19:04,2018-04-03 23:08:29,2018-04-04,139.9,16.74,1,1,156.64,8,1,5.0,1.0,f092ea2a10aaf646af1a61650f95c6fd,22640,rio de janeiro,RJ,32.953530092592594,32.98930555555555,0,156.64000000000001
15ea43bba4b54f2d044422c7cb71df80,8dafe375f5c86a7a0cdc175e009e6820,delivered,2018-03-02 00:20:31,2018-03-02 00:49:14,2018-03-05 19:58:24,2018-03-09 19:27:46,2018-03-20,69.9,11.99,1,1,81.89,8,1,5.0,1.0,fc1bbd664ccf3ae6af0d62e4fa292aa2,15440,nova granada,SP,7.796701388888889,17.985752314814814,0,81.89
2c6972a5750129c81b91e55b38b06823,eb21f0685387e6603c49430aaedf380b,delivered,2018-03-02 00:27:52,2018-03-02 00:56:45,2018-03-06 21:04:44,2018-04-24 19:16:29,2018-03-26,29.9,16.11,1,1,46.01,4,1,1.0,1.0,3bb205a7e67b865ae00ee9a06bd285d2,79833,dourados,MS,53.78376157407408,23.98064814814815,1,46.01
5ce67f8655ea16aca378fdb87e3a8665,a7f2c8702670c3daa643060f32eba202,delivered,2018-03-02 00:29:29,2018-03-02 01:20:32,2018-03-02 22:14:52,2018-03-07 17:46:09,2018-03-14,79.99,13.11,1,1,93.1,1,1,1.0,1.0,c812a2ea1caf53d43442b425b8e6047b,4257,sao paulo,SP,5.719907407407407,11.979525462962963,0,93.1
bee14f2069e7e9f1ed6ef5e2f76841f9,343a25ade25b0aa9b86283e4e765b7cf,delivered,2018-03-02 00:30:21,2018-03-02 00:56:23,2018-03-03 00:09:51,2018-03-12 18:28:39,2018-03-23,40.5,45.3,3,1,85.8,3,1,5.0,1.0,d97ca9e3a112c046646e62231734ced1,37925,piumhii,MG,10.748819444444445,20.97892361111111,0,85.8
b1726f5f5eee97d8fea5de3919216920,047af869a64d9d11c79cae050dea02b3,delivered,2018-03-02 00:47:01,2018-03-02 00:56:56,2018-03-12 19:21:34,2018-03-18 20:26:28,2018-03-14,220.0,9.74,1,1,229.74,2,1,1.0,1.0,f2b8d21b85eaa96118545d115c18f9f6,4559,sao paulo,SP,16.8190625,11.967349537037038,1,229.74
f359fa9d20251af793b9b9704c9b3f47,9e50e5c4f7f4df3eab45f6256d824511,delivered,2018-03-02 01:10:46,2018-03-02 01:29:51,2018-03-05 23:51:34,2018-05-10 13:57:44,2018-03-26,56.9,16.16,1,1,73.06,2,1,1.0,1.0,f14f8b86f1ac16f12dee669ebcc7a561,26420,japeri,RJ,69.53261574074074,23.95085648148148,1,73.06
99221769ebf04d97afe0f08894b75586,cdc52f69c17d2edb73646f3834bf5488,delivered,2018-03-02 01:11:39,2018-03-03 02:51:05,2018-03-06 16:05:24,2018-03-24 18:08:34,2018-03-28,325.0,27.55,1,1,352.55,1,1,4.0,1.0,4ae7d01b0aa2f9fad107ecbfb6943225,56330,petrolina,PE,22.70619212962963,25.950243055555557,0,352.55
e1b6234c322ab01a32771bf57c597043,51ee257478655dfad57af669f01f6793,delivered,2018-03-02 01:18:52,2018-03-02 01:30:31,2018-03-08 02:38:46,2018-03-13 18:44:47,2018-04-02,129.9,26.19,1,1,156.09,8,1,5.0,1.0,c892916c1b11b0da2c1acd0798d58faa,97300,sao gabriel,RS,11.726331018518518,30.945231481481482,0,156.09
84b0b638cd0168c9b746cca306bae3dc,78e154bde284dba22fb7eb2d5a4509f2,delivered,2018-03-02 06:38:06,2018-03-03 03:20:25,2018-03-05 17:16:57,2018-03-17 15:06:23,2018-04-03,19.9,42.38,1,1,62.28,1,1,5.0,1.0,d8578e261bb0f0da49e8512d68f356f6,59141,parnamirim,RN,15.352974537037037,31.723541666666666,0,62.28
248065388c27d5287020c4ff60183298,624b29e32f32cea6abc3daa3a6e539ff,delivered,2018-03-02 06:54:42,2018-03-02 07:09:07,2018-03-27 16:52:54,2018-04-06 22:14:52,2018-03-28,76.25,12.66,1,1,88.91,1,1,1.0,1.0,8a3b4687aa6f5db94f2d0079eee3bd8b,12517,guaratingueta,SP,35.63900462962963,25.71201388888889,1,88.91
7987f672e98a3cdf993b17fb60ec8442,f1d729e5257467c5c072ae81040197a4,delivered,2018-03-02 07:12:35,2018-03-02 07:29:06,2018-03-02 21:46:34,2018-03-07 15:18:37,2018-03-14,35.0,13.08,1,1,48.08,1,1,5.0,1.0,f0b864fcaa8d4ab4adbdf6449251fed1,6843,embu das artes,SP,5.337523148148148,11.699594907407407,0,48.08
e0614e688d081a4fde76eae315bf2101,bd5c7a1c15c5bcacfd42c6edc9e8209c,delivered,2018-03-02 07:19:00,2018-03-02 07:30:23,2018-03-05 22:42:20,2018-03-28 21:14:21,2018-04-04,269.85,54.74,2,2,324.59,6,1,1.0,1.0,f5cfaa005ccaf9be67c00b7e559ea47b,67013,ananindeua,PA,26.58010416666667,32.69513888888889,0,324.59000000000003
5fbe060397f6628f649ee4007f133ac2,0c61c4ef63f4af3d1947ae372c5eb9c7,delivered,2018-03-02 07:37:37,2018-03-03 07:30:30,2018-03-03 15:46:44,2018-03-13 20:12:51,2018-04-02,176.99,21.73,1,1,198.72,8,1,5.0,1.0,68dc7a89f87830c6261e314dfed6faef,98300,palmeira das missoes,RS,11.524467592592593,30.68221064814815,0,198.72
9cdf9fb8b53e82a2a63e2618f49dc28a,a3d1f8a6e8d708098fe416a1d62789e8,delivered,2018-03-02 07:45:13,2018-03-02 08:50:31,2018-03-02 18:05:56,2018-03-11 13:11:06,2018-04-03,45.8,16.11,1,1,61.91,3,1,1.0,1.0,b147e4f46166c93d165cca67341072ed,13504,rio claro,SP,9.22630787037037,31.676932870370372,0,61.91
f16c08511de51e22a800aa456ce47135,2065367b25b692b29bfb6b079ee1df84,delivered,2018-03-02 08:00:04,2018-03-02 08:10:26,2018-03-05 17:38:21,2018-03-13 21:12:16,2018-03-27,165.0,18.4,1,1,183.4,8,1,3.0,1.0,d737cafd6e0da0ddf10d75c0dd181832,31565,belo horizonte,MG,11.550138888888888,24.66662037037037,0,183.4
32c94c00d713b91db6899722551375f0,0b12a2206dcf63cac81f822926a71363,delivered,2018-03-02 08:00:13,2018-03-02 08:10:24,2018-03-02 19:15:15,2018-03-10 15:39:28,2018-03-20,49.9,11.85,1,1,61.75,2,1,5.0,1.0,d37d0e373c5ea67fce4aa1613c51bb5e,13231,campo limpo paulista,SP,8.318923611111112,17.666516203703704,0,61.75
52a33f96555a51b48edfbc76f5158dc2,dc1a33440c4324cd65028d2cf2adce0e,delivered,2018-03-02 08:23:08,2018-03-02 08:49:49,2018-03-03 01:52:16,2018-03-28 15:51:40,2018-03-26,99.9,22.57,1,1,122.47,2,1,5.0,1.0,ef3696dcf4448c3f98c92bb938bc2d0d,24756,sao goncalo,RJ,26.311481481481483,23.650601851851853,1,122.47
03e69d6af27047bf2721b317c321356e,179f0e4fe07ba87fe5291970261c42bb,delivered,2018-03-02 08:27:04,2018-03-02 09:30:33,2018-03-03 00:06:32,2018-03-19 19:04:25,2018-04-04,35.9,11.85,1,1,47.75,2,1,5.0,1.0,e047754ea69ac071b0a0894257a3111a,14810,araraquara,SP,17.442604166666666,32.64787037037037,0,47.75
623125bebed45c5fb349862e0913dcf7,26b2ee1971376db4853f8a660c9a3f30,delivered,2018-03-02 08:27:39,2018-03-02 09:09:52,2018-03-02 18:03:37,2018-03-06 00:06:52,2018-03-16,62.0,7.78,1,1,69.78,1,1,4.0,1.0,7b4a13609c466305540b6f4f416856b6,6013,osasco,SP,3.6522337962962963,13.647465277777778,0,69.78
f723300ed4370482630acdfa2d5209a1,ba863d05e6d58a9a9310e89946422520,delivered,2018-03-02 08:28:17,2018-03-02 08:49:52,2018-03-02 21:34:16,2018-03-14 00:26:39,2018-03-15,240.0,16.52,2,1,256.52,3,1,1.0,1.0,341dbbe37f4618d70d8476916133e7a7,26510,nilopolis,RJ,11.665532407407408,12.647025462962963,0,256.52
7c0b9b2385b65bd8c7aa778a843155e9,26486f121c10b3cd835619f24a7cc97e,delivered,2018-03-02 08:32:08,2018-03-02 08:49:49,2018-03-08 19:19:27,2018-05-11 02:33:27,2018-03-22,134.9,16.7,1,1,151.6,2,1,4.0,1.0,e37143993538c3ded3b7ea2885cc7b35,25955,teresopolis,RJ,69.75091435185185,19.64435185185185,1,151.6
f8c23d339c140eddae8418d518af8497,744cb93cf2ab57936f8dd243617516e8,delivered,2018-03-02 08:33:32,2018-03-03 02:49:33,2018-03-08 21:09:36,2018-03-14 13:32:11,2018-03-20,215.6,53.6,4,1,269.2,1,1,5.0,1.0,0064a1b5f5cddd047c987b988a90c8c1,17511,marilia,SP,12.207395833333333,17.643379629629628,0,269.2
37e9481cdd40609c76b3f6da7f9af51e,3eebd8bcf30b51eba628d2da84a7fc2a,delivered,2018-03-02 08:35:24,2018-03-02 08:50:25,2018-03-05 22:54:58,2018-03-13 02:28:48,2018-03-20,329.9,25.11,1,1,355.01,1,1,5.0,1.0,fbd491f386bab414e1a5c9990b3a4ea7,2450,sao paulo,SP,10.745416666666667,17.642083333333332,0,355.01
b1d0fc0b53c9fe10e6b7c7f589c0a171,55ca353ee53173476849d5e2325d42f5,delivered,2018-03-02 08:46:17,2018-03-02 08:56:14,2018-03-02 22:00:09,2018-03-13 15:06:47,2018-03-23,510.0,31.08,2,1,541.08,10,1,1.0,1.0,a518759d7c1ff063778c623c80a3d14d,9310,maua,SP,11.264236111111112,20.634525462962962,0,541.08
856450615438e29ecc334651df96e7f6,447552d077cd8c71a9cbca5e22a27d33,delivered,2018-03-02 08:56:47,2018-03-02 09:15:22,2018-03-05 20:45:53,2018-03-06 13:38:45,2018-03-14,538.0,16.32,1,1,554.32,8,1,2.0,1.0,43ce06544a01d2e5000abd8ce96d63ef,4052,sao paulo,SP,4.195810185185185,11.627233796296297,0,554.32
2b3da71eeeb21b32d855dba308304b5e,8f1969087609183f80dcb1ef40dfaa7f,delivered,2018-03-02 09:09:17,2018-03-03 02:51:39,2018-03-06 00:06:26,2018-03-09 13:49:23,2018-03-26,14.99,15.1,1,1,30.09,1,1,5.0,1.0,755da8469bdeba7ccb58a61d7ab03c6e,86390,cambara,PR,7.194513888888889,23.61855324074074,0,30.09
e3bd7dc2201f2a5a9a0f68bc33f92f35,0493e61ff10b220ec4799578e4cb7e96,delivered,2018-03-02 09:11:23,2018-03-03 09:10:21,2018-03-14 20:47:41,2018-04-09 20:33:02,2018-04-03,97.0,18.92,1,1,115.92,1,1,1.0,1.0,01147fb2cf81b69cdcfdc1ac4c6fae7e,30390,belo horizonte,MG,38.473368055555554,31.617094907407406,1,115.92
93c0ee237d690478ecc66db76b8365f4,d6bbe1b73b3a86b33c5cdb0b4a8bf0df,delivered,2018-03-02 09:12:25,2018-03-02 09:29:46,2018-03-06 23:41:36,2018-03-23 00:28:38,2018-03-20,29.99,11.85,1,1,41.84,4,1,1.0,1.0,65dea9c281ef7456232cf7cfa4a09d5a,19400,presidente venceslau,SP,20.636261574074073,17.616377314814816,1,41.839999999999996
ecf9330db0f11c5086969ed6c7468d4a,1ffa9acae709a2dce1c4d30547f47899,delivered,2018-03-02 09:15:34,2018-03-02 09:29:48,2018-03-07 22:09:39,2018-04-05 17:41:42,2018-03-28,44.9,34.15,1,1,79.05,1,1,1.0,1.0,08c04a8a50999450b2f003c9dd6fc6b6,65304,santa ines,MA,34.35148148148148,25.614189814814814,1,79.05
248b0e94f86d91bf3538c663bb08846c,2d4b23d6d122d97cb32831c8cf0b3f15,delivered,2018-03-02 09:18:55,2018-03-02 10:00:28,2018-03-02 22:46:38,2018-03-23 17:08:37,2018-03-26,54.9,16.82,1,1,71.72,2,1,1.0,1.0,02eb78892c907c1fd2723b6c93c642ca,41810,salvador,BA,21.326180555555556,23.611863425925925,0,71.72
94fdc3eaf8fde842c5e9caf6e0b82d11,fa3cfaab1954c94fa7e728c5f3aba9ce,delivered,2018-03-02 09:25:37,2018-03-02 09:35:27,2018-03-02 21:56:44,2018-04-03 13:51:07,2018-04-06,75.6,25.81,1,1,101.41,10,1,1.0,1.0,6cc49dacefbda29910f00542b05a0031,68628,paragominas,PA,32.184375,34.60721064814815,0,101.41
4cf05124a340f768d9d89d5b91a6af97,17109b321000eac4651619ac8f9b6035,delivered,2018-03-02 09:30:33,2018-03-03 02:49:32,2018-03-05 17:17:23,2018-03-12 21:52:44,2018-03-26,18.9,12.48,1,1,31.38,1,1,4.0,1.0,32d36db8ff4b40b4349f0ebec623be72,1014,sao paulo,SP,10.515405092592593,23.603784722222223,0,31.38
1d388ca413c8664cdcd1892712f791c7,4293007bf0f607259f9c577e2d03df33,delivered,2018-03-02 09:31:48,2018-03-03 09:28:51,2018-03-07 20:38:35,2018-03-29 16:56:28,2018-03-26,122.99,17.3,1,1,140.29,2,1,1.0,1.0,66d0106c808fc4429599b07fab2b35ed,45653,ilheus,BA,27.308796296296297,23.602916666666665,1,140.29
c082fba06abf4ecfda79646a32f64954,e6548333c31a8c8ecb9e78c48e18e35f,delivered,2018-03-02 09:34:05,2018-03-02 09:50:29,2018-03-07 20:22:15,2018-04-05 21:33:21,2018-04-05,75.8,30.2,2,1,106.0,4,1,1.0,1.0,37a4bcd5a69907ec14e92b2472d1424e,21940,rio de janeiro,RJ,34.49949074074074,33.60133101851852,1,106.0
daf73a7e8196228eedcdef72c89aaa34,3fae8ef52f0b321ad67be42e3fa8be08,delivered,2018-03-02 09:34:48,2018-03-02 09:50:41,2018-03-02 22:43:03,2018-03-16 19:22:23,2018-04-02,18.9,16.79,1,1,35.69,1,1,2.0,1.0,a50cc3901be0c3e558bdf9fc876eec70,37280,candeias,MG,14.408043981481482,30.600833333333334,0,35.69
afb8aeea3fe0100ad482da1f5c8cd860,0ad854ccd5f47d7c60dc5f0312901d6d,delivered,2018-03-02 09:35:13,2018-03-05 10:35:47,2018-03-06 18:36:59,2018-03-15 22:58:27,2018-04-03,46.69,17.92,1,1,64.61,1,1,3.0,1.0,e1e7a6e3c953147992de99d242421926,37480,lambari,MG,13.557800925925926,31.600543981481483,0,64.61
3243b3ca1a31c24c748cf2227dc29eb5,3fa60642dafff211589344025adaf9a8,delivered,2018-03-02 09:39:07,2018-03-03 02:49:29,2018-03-15 17:55:42,2018-03-21 18:19:40,2018-04-10,192.99,70.23,1,1,263.22,1,1,3.0,1.0,b22cf21840e60934c4df94ce2b42d7a1,89010,blumenau,SC,19.361493055555556,38.59783564814815,0,263.22
aed4ee357f34e0cc3ce296eb5829d7ae,b65246bbeb74e7bb5639de9495e2ea9f,delivered,2018-03-02 09:40:58,2018-03-02 09:50:42,2018-03-05 21:51:52,2018-03-26 16:59:43,2018-03-23,189.99,17.09,1,1,207.08,12,1,5.0,1.0,fbddeabbb917953701d6888bc87e1abe,37143,serrania,MG,24.3046875,20.596550925925925,1,207.08
ed4bb81d1c09ad5eb9d421a2447387ce,76c0ea5962945b3b545b34f99844cbcb,delivered,2018-03-02 09:41:34,2018-03-05 13:48:43,2018-03-08 02:05:34,2018-03-29 15:33:02,2018-03-26,23.99,11.85,1,1,35.84,1,1,5.0,1.0,304dd6c8d344302772e0b825c0dbc462,37558,pouso alegre,MG,27.244074074074074,23.59613425925926,1,35.839999999999996
8681822ccf2aaea9124f49a2a6dba7b1,92018ae7f2bc1871f7ec35c24cca37cb,delivered,2018-03-02 09:43:01,2018-03-02 09:50:40,2018-03-02 23:13:34,2018-03-14 19:58:50,2018-03-20,79.99,12.06,1,1,92.05,1,1,1.0,2.0,fb567adf300e73b60281b72af7702687,2043,sao paulo,SP,12.427650462962964,17.595127314814814,0,92.05
aaa4688b6d2e4d20b2ffc6d97723ea63,827ec074a70a7c08c2b9e7af20bf0287,delivered,2018-03-02 09:43:02,2018-03-02 09:55:24,2018-03-06 19:41:47,2018-04-02 19:25:45,2018-03-23,59.99,16.18,1,1,76.17,1,1,1.0,1.0,fb567adf300e73b60281b72af7702687,2043,sao paulo,SP,31.404664351851853,20.59511574074074,1,76.17
4a8850f69928d666a410ca68a461f867,8eefb8b1c149c2ed80d2157087c68fb9,delivered,2018-03-02 09:46:35,2018-03-02 09:55:26,2018-03-08 20:11:38,2018-03-14 19:38:47,2018-03-23,59.9,15.17,1,1,75.07,1,1,1.0,1.0,b089625a601a7d9a296c7f0b2bf98a9c,13520,sao pedro,SP,12.41125,20.59265046296296,0,75.07
3b28722276b5d42721d0122d688f518a,df069d90f54fd028ab312f6f8978cc17,delivered,2018-03-02 09:47:12,2018-03-03 02:51:09,2018-03-05 13:33:58,2018-03-15 02:07:32,2018-03-20,13.99,11.85,1,1,25.84,1,1,4.0,1.0,8795d6c023a372a74a502635cc05bdb2,19600,rancharia,SP,12.680787037037037,17.592222222222222,0,25.84
315f64b276d746cc513f5579beb023cd,8bc28e85d4fd1b9141dbe7aa12ff5dd3,delivered,2018-03-02 09:47:42,2018-03-02 10:09:48,2018-03-08 00:38:40,2018-03-24 15:18:46,2018-03-27,118.9,27.37,1,1,146.27,2,1,5.0,1.0,405f59f925c8fd8a9a1ce7f2aa1fe7b1,72250,brasilia,DF,22.229907407407406,24.591875,0,146.27
326498d34ca452ef02d49a1cc8069b1e,a080c55131168354dfcb6273a231b166,delivered,2018-03-02 09:59:12,2018-03-03 02:55:25,2018-03-05 20:14:44,2018-03-13 23:44:25,2018-03-22,11.6,15.1,1,1,26.7,1,1,5.0,1.0,0cc2935ca2d88bba8e8ad4d9ca224ba3,88338,balneario camboriu,SC,11.57306712962963,19.58388888888889,0,26.7
cd664e197521a82f89b34d1af4af7aa0,b5f533f7de4aaed81593a76fcf108929,delivered,2018-03-02 10:01:27,2018-03-02 10:10:51,2018-03-06 00:29:56,2018-03-06 17:41:49,2018-03-14,49.9,7.78,1,1,57.68,2,1,5.0,1.0,4c20c0ee3e142218ffbb29ea05d6efa3,13920,pedreira,SP,4.319699074074074,11.58232638888889,0,57.68
22f82f4ddd82eaceedd37f1da79e4e91,57706311eaa9567de77ec5cd329eeb7f,delivered,2018-03-02 10:05:07,2018-03-03 02:51:03,2018-03-06 20:12:45,2018-03-20 23:04:41,2018-03-21,126.0,45.38,1,1,171.38,1,1,5.0,1.0,1dead54121acb2fa762af9c609ae0caf,38360,capinopolis,MG,18.54136574074074,18.579780092592593,0,171.38
923dbd74822b55ab663759d1bb50823f,110f5c3e2c73a6e64c91c92fbc0d21a5,delivered,2018-03-02 10:05:48,2018-03-02 10:15:31,2018-03-02 19:08:14,2018-04-18 21:54:32,2018-03-23,125.99,15.63,1,1,141.62,10,1,1.0,1.0,e9c985ab2f43caebdb3bbde01506b0c5,27920,macae,RJ,47.49217592592593,20.579305555555557,1,141.62
b4f9debbfa5a394d7f4ab610fd8eae11,da861fc4d39b9c8b932c6967c8000b4e,delivered,2018-03-02 10:08:10,2018-03-03 02:50:48,2018-03-07 02:26:55,2018-03-24 03:32:12,2018-03-20,399.0,16.54,1,1,415.54,1,1,1.0,1.0,64d5c7b805df5ccf5ec6560a4407edb7,5412,sao paulo,SP,21.725023148148146,17.577662037037037,1,415.54
a4e1330b19a4ac8c7b846ec56de79bfa,121025bfb3f2ba59f3df6aab33216cd8,delivered,2018-03-02 10:14:08,2018-03-02 10:30:36,2018-03-08 22:31:02,2018-03-26 22:33:33,2018-04-04,22.9,14.1,1,1,37.0,1,1,3.0,1.0,e60d32d446c543a9af42c36bf266b0ed,22763,rio de janeiro,RJ,24.513483796296295,32.57351851851852,0,37.0
7fb6586ab530ed69383ddde20ef388f9,b0d72b227b0caa8a7156db18f5cbe0f4,delivered,2018-03-02 10:22:22,2018-03-03 02:51:27,2018-03-08 12:59:51,2018-04-16 20:22:03,2018-03-26,38.0,15.1,1,1,53.1,1,1,,,92008831e042eac287a844fb6c4ec267,26160,belford roxo,RJ,45.41644675925926,23.567800925925926,1,53.1
4509039a1ebb56dc11e06c719432b76f,97795c829cac9e27181af4d67c47c7fc,delivered,2018-03-02 10:27:14,2018-03-02 10:49:59,2018-03-06 20:12:46,2018-03-29 01:17:32,2018-04-09,99.0,98.06,1,1,197.06,1,1,1.0,1.0,10d79725f59087e68938f9743b368a4e,23052,rio de janeiro,RJ,26.61826388888889,37.564421296296295,0,197.06
24bbec3490c63fb110f13f2c47a5b559,92b93355d2f02a8f871ea3b01fea701b,delivered,2018-03-02 10:29:33,2018-03-06 03:49:04,2018-03-07 20:17:50,2018-03-09 22:32:15,2018-03-14,29.0,9.27,1,1,38.27,1,1,5.0,1.0,df23163cd20b2c1eb7c2a461618f5682,9847,sao bernardo do campo,SP,7.501875,11.5628125,0,38.269999999999996
51074d1feab8a648c5d1dfb7c354674d,54ba026ae689f610b309353e28a5fcd1,delivered,2018-03-02 10:30:09,2018-03-02 10:50:01,2018-03-05 20:19:13,2018-03-15 17:26:36,2018-04-02,58.0,30.2,2,1,88.2,1,1,5.0,1.0,cef8be5a1855437b9ee23bcf1018eb52,8573,itaquaquecetuba,SP,13.28920138888889,30.562395833333333,0,88.2
b5195225c11fc325d686d24fe14eedbb,7fc191973597f7e5c232ecee9d7922ff,delivered,2018-03-02 10:35:38,2018-03-02 10:50:47,2018-03-08 19:56:34,2018-05-07 15:59:16,2018-04-04,119.9,14.59,1,1,134.49,1,1,1.0,1.0,d5e66000b40d41c9d96c7722c7dcb486,22451,rio de janeiro,RJ,66.22474537037037,32.55858796296296,1,134.49
d9e76f277d933820125baad40dfbb9d1,dbeb6032cc304120dc34e825b99eaa2c,delivered,2018-03-02 10:35:48,2018-03-02 10:50:42,2018-03-06 20:47:43,2018-03-07 22:49:47,2018-03-16,18.0,8.27,1,1,26.27,1,1,5.0,1.0,0a6ca1c9f4484e9d9f9529ffa79568d6,4055,sao paulo,SP,5.509710648148148,13.558472222222223,0,26.27
43638556d411b559cd36c7f1872b81c6,f525d0ae2d111d201b1169e0c1bddc1e,delivered,2018-03-02 10:56:08,2018-03-02 11:15:47,2018-03-05 22:14:45,2018-03-26 17:58:53,2018-04-03,99.9,29.1,1,1,129.0,2,1,4.0,1.0,3b871341466dd076796af63ed0893fcf,77330,arraias,TO,24.293576388888887,31.54435185185185,0,129.0
3a7029c0378a0b72c4be550c4e2dba69,6a62eecd03864fde7bcb252adcae7fb2,delivered,2018-03-02 11:01:32,2018-03-02 12:56:06,2018-03-05 23:33:34,2018-03-14 19:13:27,2018-03-20,217.0,13.86,1,1,230.86,8,1,5.0,1.0,0177f6975b155c814ea6273eccc58d82,3533,sao paulo,SP,12.341608796296295,17.540601851851854,0,230.86
fc303e9e3e6717098dbf0a3484304832,14aa902a1bec2236ae111bdcb39c94bf,delivered,2018-03-02 11:01:40,2018-03-02 11:15:42,2018-03-08 14:52:18,2018-04-06 22:38:05,2018-04-02,22.99,17.6,1,1,40.59,4,1,1.0,1.0,e26e3f85699bf4d05d1badbcb6ad9866,35540,oliveira,MG,35.48362268518518,30.54050925925926,1,40.59
d6ace1ec8544e524cd905cdd88519017,27d6d357ecb2ca60d9c2a17072be4980,delivered,2018-03-02 11:02:47,2018-03-02 11:15:44,2018-03-06 20:17:57,2018-03-16 00:04:57,2018-04-02,149.0,25.88,1,1,174.88,2,1,1.0,1.0,8fe83c0c0bdfbb6db030b68e968667b2,12919,braganca paulista,SP,13.543171296296297,30.539733796296296,0,174.88
f5218a2401f92542f87b1de5bc3f92ff,997070d4812561b1a8ededcbb6c2429e,delivered,2018-03-02 11:04:18,2018-03-02 11:15:45,2018-03-05 20:55:04,2018-03-06 13:38:58,2018-03-14,38.98,16.54,2,1,55.52,4,1,3.0,1.0,bd9849d9ba9ac9f05f53f393b1c85744,13068,campinas,SP,4.107407407407408,11.538680555555555,0,55.519999999999996
0bb9b595a2eb418ccff2dc89ff7cc58f,5e02b87345f6fe10a41606943f568ded,delivered,2018-03-02 11:06:45,2018-03-03 11:08:49,2018-03-06 00:36:45,2018-03-09 14:40:28,2018-03-14,122.99,9.06,1,1,132.05,1,1,5.0,1.0,606895478a52866c50804a43c243383f,12950,atibaia,SP,7.1484143518518515,11.536979166666667,0,132.04999999999998
85d42749c9d00c658c40e73f8e4d667b,5a243113bcf3f3cfd3708809dd8ee311,delivered,2018-03-02 11:07:48,2018-03-02 11:15:42,2018-03-06 22:06:35,2018-03-19 15:18:59,2018-03-14,183.0,12.49,1,1,195.49,8,1,1.0,1.0,d9e93817b666dcc2e615e90372038b4b,13054,campinas,SP,17.17443287037037,11.53625,1,195.49
d57d13bf49ecf7a6274ac017e98eb4e6,818ea6be22d3705222cd97ea34e3f7bd,delivered,2018-03-02 11:10:45,2018-03-02 11:29:52,2018-03-06 23:41:38,2018-03-08 19:39:24,2018-03-14,21.96,7.78,1,1,29.74,2,1,5.0,1.0,18ada52e6ce6fad756d2a8d4dd1d00ee,2374,sao paulo,SP,6.353229166666667,11.534201388888889,0,29.740000000000002
cf23ecd1a5db35528b344d0f553fb3d0,92689a9be451be6bb89318275746e675,delivered,2018-03-02 11:11:45,2018-03-02 11:29:54,2018-03-02 21:08:26,2018-03-12 14:12:39,2018-03-14,199.0,10.21,1,1,209.21,8,1,4.0,1.0,bd18f3bbff82c791bffcd3097abaa161,3589,sao paulo,SP,10.125625,11.533506944444444,0,209.21
c160615570fbb622a1e6101a16345429,dd363de1c47e9447e40ac0a2b65e7b5b,delivered,2018-03-02 11:11:55,2018-03-02 15:30:31,2018-03-06 00:04:29,2018-03-08 21:20:18,2018-03-14,49.9,8.11,1,1,58.01,1,1,5.0,1.0,132ed719eb06db02e433b73cd10f3e3e,11701,praia grande,SP,6.422488425925926,11.533391203703705,0,58.01
d0fc40215ca8a24ee1ad72bdac36c29f,d10065abe48b6225e69b5dd8ca4ee9ef,delivered,2018-03-02 11:17:03,2018-03-02 11:29:50,2018-03-07 20:12:41,2018-03-20 21:05:49,2018-03-23,79.0,13.57,1,1,92.57,8,1,5.0,1.0,21b6d5ffb3f9b205a8a7d42d4336086d,8161,sao paulo,SP,18.40886574074074,20.52982638888889,0,92.57
59668dbabb7fd2151ea6d80d1ea0f251,3c9792a69423a23cb1fba107c5079981,delivered,2018-03-02 11:20:41,2018-03-02 11:30:44,2018-03-03 00:17:30,2018-03-08 21:06:26,2018-04-02,85.0,12.72,1,1,97.72,1,1,4.0,1.0,a5d1c2c3d4291671247752816fd0771f,2416,sao paulo,SP,6.406770833333334,30.52730324074074,0,97.72
44f720ecff743e26f1e3389c21fa89d2,71bad65633c705d7ffb0751cc2b5057d,delivered,2018-03-02 11:26:44,2018-03-02 11:50:45,2018-03-06 22:51:49,2018-03-22 21:38:32,2018-04-10,149.9,18.3,1,1,168.2,2,1,5.0,1.0,08dcc3c495afe4738a4562c5a1bb0fbb,9320,maua,SP,20.42486111111111,38.523101851851855,0,168.20000000000002
cb9f1593718b376b364bf688ce11d3b6,a0786c581c57c96420d8dffd0cc5f4c6,delivered,2018-03-02 11:28:57,2018-03-02 11:50:45,2018-03-08 16:29:48,2018-03-20 14:57:37,2018-03-23,186.0,22.14,1,1,208.14,4,1,3.0,1.0,17459b0164c2455bef59ddf1a7cc0487,25015,duque de caxias,RJ,18.14490740740741,20.5215625,0,208.14
3cf431b2cfa1f67ed4e516f923cab5be,d8c55c7422664ef325ce902ff97c6221,delivered,2018-03-02 11:30:07,2018-03-03 13:31:01,2018-03-06 23:33:05,2018-03-13 17:18:58,2018-03-26,216.6,50.42,2,1,267.02,1,1,5.0,1.0,bf3f9d826b9abad39d3a9b2032282282,71930,brasilia,DF,11.242256944444444,23.520752314814814,0,267.02
a923f706eeccdbdf02d5db99c8550c8d,4269b7f508bcab4a6efbdef0636e4848,delivered,2018-03-02 11:34:22,2018-03-02 11:55:45,2018-03-03 00:13:51,2018-03-20 21:47:42,2018-03-28,178.0,17.69,1,1,195.69,4,1,5.0,1.0,7bce8d18cffae12fc6af9a94288b085f,25640,petropolis,RJ,18.425925925925927,25.517800925925926,0,195.69
065102a3bb506a1010c90b7a4f2700b2,b2a02ae01aec9cbcc071c887b1ca41ab,delivered,2018-03-02 11:34:37,2018-03-02 11:55:38,2018-03-02 22:54:27,2018-03-03 14:23:17,2018-03-19,149.0,15.55,1,1,164.55,2,1,5.0,1.0,ab0f33695ad11caefa534dc00326bce2,85801,cascavel,PR,1.1171296296296296,16.517627314814813,0,164.55
12774673db08de6a72c23442fe16e9a4,9df81b7cd5e2cbe09ab02e1a82b8d6c2,delivered,2018-03-02 11:38:59,2018-03-02 11:55:48,2018-03-05 19:38:51,2018-03-06 21:27:47,2018-03-14,23.8,8.11,1,1,31.91,1,1,5.0,1.0,c4c43271d40ca41b4755af64065bf330,31170,belo horizonte,MG,4.408888888888889,11.514594907407407,0,31.91
0756f4ba0fd88d3e50c7ae0d66edfb4c,38816f87277c9326c66590c7a1202fdc,delivered,2018-03-02 11:52:35,2018-03-02 12:10:33,2018-03-06 15:58:54,2018-03-30 00:48:19,2018-03-23,325.0,17.02,1,1,342.02,8,1,1.0,1.0,34bb455fd095fdf1a9964fed915c596e,36800,carangola,MG,27.538703703703703,20.505150462962963,1,342.02
e4fb35d5a9461a26a9c1a97a893b3ac9,ba7cbc60652099c65651fec5fef9d685,delivered,2018-03-02 11:59:27,2018-03-02 12:30:54,2018-03-02 23:09:37,2018-03-12 16:58:32,2018-03-22,9.9,14.1,1,1,24.0,1,1,5.0,1.0,7bd33399499350a7fa864ee37e99546d,73092,brasilia,DF,10.207696759259258,19.500381944444445,0,24.0
47ff8d381edb0deb837f57d7805f0a56,d849cb7234793ea46649de5ac4fbc012,delivered,2018-03-02 12:01:02,2018-03-02 12:40:19,2018-03-09 22:55:24,2018-03-18 14:07:47,2018-03-14,85.0,11.8,1,1,96.8,1,1,1.0,1.0,f52cd2b0b04b870fc0935dc708d466ca,13035,campinas,SP,16.088020833333335,11.499282407407408,1,96.8
e4dbab8bc2ed64c1bfeb63cf0765c0c1,3a62a8f729ab13f742c0d4f797e61278,delivered,2018-03-02 12:08:34,2018-03-02 12:28:57,2018-03-06 22:42:27,2018-03-16 19:04:22,2018-03-20,105.0,13.07,1,1,118.07,6,1,4.0,1.0,3de0c9303f39b7ccfe69ca11aee19cc6,12243,sao jose dos campos,SP,14.28875,17.494050925925926,0,118.07
89fa4e94189a9acfa88b8d22f4513035,cf7f629389df05c279179f3e158d506c,delivered,2018-03-02 12:19:51,2018-03-02 12:30:53,2018-03-02 21:58:32,2018-03-05 20:54:59,2018-03-14,41.9,12.23,1,1,54.13,1,1,5.0,1.0,4384b3c81f2e5d7f6a028cd588a9eb3e,12906,braganca paulista,SP,3.3577314814814816,11.486215277777777,0,54.129999999999995
a89ebfafe4d5465a7f7d00cb6fb2537a,73aab9b123fd95eb61ba0de816776c5f,delivered,2018-03-02 12:25:45,2018-03-02 13:54:53,2018-03-05 17:04:39,2018-03-21 13:58:22,2018-03-20,34.9,13.37,1,1,48.27,1,1,3.0,1.0,93317aff22798636759435057f515f32,14021,ribeirao preto,SP,19.06431712962963,17.482118055555556,1,48.269999999999996
4f8a2144278d625038f8d55d5a334d93,24e1a42b856457e1d82e583454007f41,delivered,2018-03-02 12:26:22,2018-03-03 02:35:37,2018-03-06 20:24:30,2018-03-15 23:58:43,2018-03-26,159.0,29.63,1,1,188.63,1,1,4.0,1.0,5ed5b10191a926c609c455dc76d90f60,78088,cuiaba,MT,13.480798611111112,23.481689814814814,0,188.63
bd72f84bd892f4e829d7fa262004487d,ac6fcaa127ca5433e6df97fde1892428,delivered,2018-03-02 12:29:07,2018-03-02 13:09:29,2018-03-07 00:48:32,2018-03-26 18:43:02,2018-04-05,99.8,16.46,1,1,116.26,4,1,1.0,1.0,0b4d732ce0d9fae6a22b9971f74a2149,20780,rio de janeiro,RJ,24.259664351851853,33.47978009259259,0,116.25999999999999
fe76817b881fdb722620459a94dcf7d3,29f9200f84f922ee0a3f56274b004680,delivered,2018-03-02 12:32:34,2018-03-02 12:48:47,2018-03-02 22:19:14,2018-03-14 18:19:43,2018-03-27,209.96,16.91,1,1,226.87,2,1,5.0,1.0,090798f0d14842f2457830d3215b5d9a,30130,belo horizonte,MG,12.241076388888889,24.47738425925926,0,226.87
c893d855b41d9ebc443d3addef1755b0,1d3103ef95db3088d0372907e2e96a67,delivered,2018-03-02 12:32:51,2018-03-02 13:09:20,2018-03-27 15:21:29,2018-04-03 20:34:39,2018-03-28,76.25,16.97,1,1,93.22,1,1,1.0,1.0,1d76c606c276f4fa89b49bb6fccd6cbc,31235,belo horizonte,MG,32.334583333333335,25.4771875,1,93.22
c04f17066422db45251777ad10f2eef9,625666d6594f1bf4bb46738b45359bb4,delivered,2018-03-02 12:38:14,2018-03-02 12:50:30,2018-03-02 22:11:25,2018-03-09 20:14:37,2018-04-02,75.0,18.1,1,1,93.1,9,1,5.0,1.0,189a74c43e422a188134e0f7f4cbd7a5,38200,frutal,MG,7.31693287037037,30.473449074074075,0,93.1
b391aeb86b28ac5a2085e0a77833bd15,28d68be5ae44019ecb72679a1402840c,delivered,2018-03-02 12:50:21,2018-03-02 13:09:26,2018-03-02 22:12:04,2018-03-15 00:38:36,2018-03-20,42.99,13.37,1,1,56.36,3,1,3.0,1.0,4f7bb3934f31ef1756b319e9a4c51207,8331,sao paulo,SP,12.491840277777778,17.46503472222222,0,56.36
da33da7f6eb79be4440ac5c606d6848a,3fe0db7ad3b18c99603dd7f57eb785b6,delivered,2018-03-02 12:53:02,2018-03-02 13:09:32,2018-03-08 12:49:39,2018-03-16 23:12:33,2018-03-14,39.9,9.34,1,1,49.24,3,1,5.0,1.0,5d54dcd3f5eaa9382cfbd3fd23f4c8ac,8460,sao paulo,SP,14.430219907407407,11.463171296296297,1,49.239999999999995
8b39d1c6866286d6ac9326224b43ef95,222560149e5044a28201217b8179194a,delivered,2018-03-02 12:58:01,2018-03-02 13:15:32,2018-03-05 18:52:13,2018-03-10 16:50:26,2018-03-27,129.9,21.71,1,1,151.61,3,1,1.0,1.0,7a75504596fc9c35c3e4e38e9bb48bca,58040,joao pessoa,PB,8.161400462962963,24.45971064814815,0,151.61
ba69999c786ff19bdbff341ea39a3b54,f0b2c1bf100f2ca96f092740bbf1156c,delivered,2018-03-02 12:58:05,2018-03-02 13:15:30,2018-03-06 19:04:14,2018-03-16 16:11:50,2018-04-02,164.25,34.03,2,2,198.28,5,1,1.0,1.0,4e32c2752aeaa8d8b99da2b145a1c826,35860,conceicao do mato dentro,MG,14.13454861111111,30.459664351851853,0,198.28
f37cdd40de53fd4b961aa07433c716fc,474b9f393f2d19999e4a9fc7ce3a898e,delivered,2018-03-02 12:58:20,2018-03-02 13:40:24,2018-03-05 23:07:03,2018-04-05 19:09:30,2018-03-23,119.9,15.59,1,1,135.49,1,1,5.0,1.0,aa3bf249b773d47a88cd191c16152086,88036,florianopolis,SC,34.25775462962963,20.45949074074074,1,135.49
aaeaacef40234696ca54078fe46acd5a,6343ffafd1f78f6c90bc1a81c2fe1175,delivered,2018-03-02 12:59:08,2018-03-02 13:40:22,2018-03-05 19:12:07,2018-03-09 17:24:35,2018-03-20,94.9,13.0,1,1,107.9,5,1,4.0,1.0,697452ef6f8c549b18ffecd3e0197460,16500,cafelandia,SP,7.184340277777777,17.458935185185187,0,107.9
982a2255031a99176b6786069e8fa1ae,babd1efb823e55641d3e5e99d6972418,delivered,2018-03-02 13:00:16,2018-03-02 13:15:26,2018-03-02 22:09:11,2018-03-11 18:41:47,2018-03-20,240.0,13.18,1,1,253.18,10,1,4.0,1.0,e759782c6b98d881f565bea831a8948e,3717,sao paulo,SP,9.237164351851852,17.458148148148148,0,253.18
ad56333a7f58e14fd80c621db8f6e89a,030770361597328c6dfeffc197915bcc,delivered,2018-03-02 13:03:01,2018-03-02 13:15:37,2018-03-05 22:38:41,2018-03-15 21:14:24,2018-04-10,69.9,17.06,1,1,86.96,4,2,3.0,1.0,d44808933847889cc2267526e680bae6,41250,salvador,BA,13.341238425925926,38.456238425925925,0,86.96000000000001
25be4c1614c609d9063279e155d7492b,c2b33b013ccfe4de377fa0e06c7f6ab3,delivered,2018-03-02 13:03:49,2018-03-02 13:15:37,2018-03-02 23:38:28,2018-04-17 17:21:46,2018-03-27,154.08,18.65,1,1,172.73,2,1,4.0,1.0,2a832ee3295d62542f3fc3dfe2713bbd,48903,juazeiro,BA,46.17913194444444,24.45568287037037,1,172.73000000000002
84ca1ce0b502782387a2afcd5a8e9356,52a893aacffbc06f9c3016e3664c745b,delivered,2018-03-02 13:08:30,2018-03-03 02:51:11,2018-03-06 01:52:46,2018-03-16 17:51:59,2018-03-20,7.78,14.1,1,1,21.88,1,1,4.0,1.0,14016c4d7be528f22d08f343f2e08219,13050,campinas,SP,14.196863425925926,17.452430555555555,0,21.88
05bf7a31e9d3eecf93db6a8e4508ed8a,17effd274d2fba6bd4b91ac477f63991,delivered,2018-03-02 13:11:03,2018-03-02 13:29:52,2018-03-02 23:27:56,2018-03-13 01:52:47,2018-03-22,35.0,19.84,1,1,54.84,1,1,5.0,1.0,da5d6f1b3e1b8fd034ca96eadb28eed3,33200,vespasiano,MG,10.528981481481482,19.450659722222223,0,54.84
0c9e044483d9a7ed3543da28c65f36b2,d6d2004b0dd3b0fce72d46fb5ddacef9,delivered,2018-03-02 13:16:23,2018-03-03 02:50:56,2018-03-06 23:41:38,2018-03-21 20:48:33,2018-03-27,24.99,15.1,1,1,40.09,1,1,5.0,1.0,6d1b4e0269ddf214a835aef2cfc23158,89845,uniao do oeste,SC,19.31400462962963,24.44695601851852,0,40.089999999999996
021d35119e0e191a4fa47715d479b6f8,0ceb28a00e14081b054eee1421d9d970,delivered,2018-03-02 13:20:21,2018-03-02 13:35:30,2018-03-02 22:44:48,2018-03-16 20:34:39,2018-03-20,84.99,12.09,1,1,97.08,2,1,4.0,1.0,5318e121362ccfb8cd324d2ee75d20d6,2807,sao paulo,SP,14.301597222222222,17.44420138888889,0,97.08
484483a07b85d580e8b09289de0bc02c,897e0b837246d8078a4812f68e52e6d6,delivered,2018-03-02 13:34:44,2018-03-02 13:55:18,2018-03-07 19:18:58,2018-04-21 19:12:07,2018-04-04,122.99,14.61,1,1,137.6,4,1,3.0,1.0,72b833479dcc234017a945cd51405b36,23585,rio de janeiro,RJ,50.23429398148148,32.43421296296296,1,137.6
500c54b4910a5312b3afc7ab377b1a98,22d36fcccd3acff33874992a456a2d39,delivered,2018-03-02 13:34:44,2018-03-02 13:55:13,2018-03-06 00:08:53,2018-03-17 15:03:39,2018-03-23,49.9,15.1,1,1,65.0,1,1,4.0,1.0,8e7940db6d9e0dd9438a8ace2915412f,88309,itajai,SC,15.061747685185185,20.434212962962963,0,65.0
57972ffb8a2538ed27c15464d6e7fce6,76b409766dcff895c8dcf3f3297baddf,delivered,2018-03-02 13:35:20,2018-03-02 14:23:55,2018-03-06 23:48:37,2018-03-17 19:29:30,2018-03-21,79.99,14.31,1,1,94.3,3,1,5.0,1.0,d1e50ac66604fa33ddcf85fd68a34f8a,72150,brasilia,DF,15.245949074074074,18.433796296296297,0,94.3
126571e0640aed9ed9166104b8605bf8,a814d900341ec8788f9787e402d25b17,delivered,2018-03-02 13:46:47,2018-03-02 14:24:02,2018-03-05 18:58:01,2018-03-21 15:27:25,2018-04-02,41.9,17.63,1,1,59.53,1,1,5.0,1.0,2dbc368e40b8b5c488cc4871a891b6b5,66093,belem,PA,19.069884259259258,30.425844907407406,0,59.53
af0d093d4fc8b3cba32896affde05812,edf79f26de20af3499b50c3f1375bedf,delivered,2018-03-02 13:55:13,2018-03-03 03:20:28,2018-03-07 18:43:49,2018-03-08 19:45:27,2018-03-14,226.95,18.32,1,1,245.27,1,1,5.0,1.0,83204b6332128225f205aec5935261d2,3734,sao paulo,SP,6.243217592592592,11.419988425925926,0,245.26999999999998
bfaefe509209a9477bd599fb0658f4ec,0cbc00da55924e1b714a2884440e8026,delivered,2018-03-02 13:55:22,2018-03-02 15:55:35,2018-03-06 17:08:14,2018-03-27 14:53:34,2018-03-23,25.0,16.11,1,1,41.11,3,1,1.0,1.0,fe8d4a61937a1fae6bf734851f6b4c32,38610,unai,MG,25.040416666666665,20.41988425925926,1,41.11
c8f6b2cfd4ae525f62e7f2af94f529d7,fa11b190c4945c105eee4fe830a1046a,delivered,2018-03-02 14:00:57,2018-03-02 14:15:38,2018-03-06 22:49:00,2018-04-07 00:11:51,2018-03-28,49.0,34.15,1,1,83.15,1,1,2.0,1.0,d91bf14a29fd9a658d074eb383d447e6,65335,bela vista do maranhao,MA,35.424236111111114,25.416006944444444,1,83.15
755fdf89024021c6324864182b6657b5,071130e3d980f8327e5348b9ed889fc4,delivered,2018-03-02 14:06:12,2018-03-02 14:15:46,2018-03-06 17:08:32,2018-04-02 17:07:54,2018-03-23,109.9,18.34,1,1,128.24,1,1,1.0,1.0,ae11ab40faeb1f8b85f6308e052bd710,96820,santa cruz do sul,RS,31.126180555555557,20.41236111111111,1,128.24
2591658abd3b77d980fb1d82584badc3,2ce72245ffebb0287ae4193d34128753,delivered,2018-03-02 14:14:50,2018-03-02 14:29:55,2018-03-05 18:33:58,2018-03-16 18:38:37,2018-03-23,58.8,32.7,2,2,91.5,2,1,5.0,1.0,e4f1eaf3bc1eda42616c79d56bb123cd,37505,itajuba,MG,14.18318287037037,20.40636574074074,0,91.5
2567acdbfc6fa8d47fce09510677b955,7aa727f0ae96b4d38965f1688af0a10d,delivered,2018-03-02 14:15:34,2018-03-02 14:29:57,2018-03-06 22:28:54,2018-04-07 17:30:49,2018-03-26,49.0,16.11,1,1,65.11,4,1,1.0,1.0,9a9e03f5f0fb52e286d0df0859224c53,79321,corumba,MS,36.13559027777778,23.405856481481482,1,65.11
434ee413138c6ead70939d4a56e0a29b,81c68cd9f45038a8fb5ad8b119130111,delivered,2018-03-02 14:16:42,2018-03-02 14:29:57,2018-03-02 23:27:55,2018-03-05 22:23:46,2018-03-14,9.9,7.78,1,1,17.68,1,1,5.0,1.0,6358b15ef7fa9b1210f1a5735cabd3d9,2111,sao paulo,SP,3.3382407407407406,11.405069444444445,0,17.68
0cf34928cb98d81a295f478ebf553c84,e1a7cfb92cade4aedd22ea4860bb848c,delivered,2018-03-02 14:16:43,2018-03-02 14:35:36,2018-03-06 23:28:37,2018-03-08 01:18:57,2018-03-14,49.0,7.78,1,1,56.78,2,1,5.0,1.0,4ddf638d30917fc90e69fa4294fec79f,1508,sao paulo,SP,5.459884259259259,11.40505787037037,0,56.78
2143393cca994a4b8235bc1d67ded772,5d7bf0dcf8306abcdd063a7883e23ae1,delivered,2018-03-02 14:16:44,2018-03-02 14:29:52,2018-03-02 23:55:29,2018-03-05 22:53:08,2018-03-14,89.9,7.88,1,1,97.78,1,1,5.0,2.0,6358b15ef7fa9b1210f1a5735cabd3d9,2111,sao paulo,SP,3.358611111111111,11.405046296296296,0,97.78
543933b39ebd50e13884fca2829ccdf8,731bc8cd3f20efa7d59c2db944bb8b4d,delivered,2018-03-02 14:18:51,2018-03-02 15:00:29,2018-03-03 00:14:38,2018-03-09 21:04:32,2018-03-20,24.4,11.85,1,1,36.25,3,1,5.0,2.0,5ea60a7885845fffcd48d8aea054ec26,14780,barretos,SP,7.281724537037037,17.40357638888889,0,36.25
241f626916f066b733b1e9013b91f059,547adb19bb9e49594e18a102fb7ee9c0,delivered,2018-03-02 14:21:54,2018-03-02 14:35:39,2018-03-07 00:37:46,2018-03-10 20:02:00,2018-04-04,240.0,43.36,2,1,283.36,2,1,5.0,1.0,7ded2cf6e92dc9829718d1d94b5797ac,22795,rio de janeiro,RJ,8.236180555555556,32.40145833333333,0,283.36
6f85fa051c6abbc96216b2dfb6af04b4,ffaa6016ef664a87ad16212a2630bf23,delivered,2018-03-02 14:21:59,2018-03-03 10:55:31,2018-03-05 22:22:25,2018-03-12 18:12:39,2018-03-20,99.9,14.43,1,1,114.33,1,1,5.0,1.0,3de473dafcdf00614810c9eb37ee2cd7,85813,cascavel,PR,10.160185185185185,17.401400462962965,0,114.33000000000001
cbe90389edee454fc22a84aacee69e6d,eeedbeccc3682aedf564836354dcba74,delivered,2018-03-02 14:29:28,2018-03-02 14:49:43,2018-03-06 23:41:36,2018-03-08 18:51:14,2018-03-14,27.99,7.78,1,1,35.77,1,1,4.0,1.0,68caa6484f6f485da6d53dacc2b4e102,6665,itapevi,SP,6.1817824074074075,11.396203703703703,0,35.769999999999996
86fc1ff8e36ed9aa98ba49bca26d44c3,86ae4eeeebc064f8fe03f829735ed7ca,delivered,2018-03-02 14:33:10,2018-03-02 15:12:15,2018-03-07 01:13:29,2018-04-18 21:08:30,2018-04-04,499.99,19.94,1,1,519.93,8,1,1.0,1.0,50d0e28f36d2c2ccae53befac04a8b83,45470,jiquirica,BA,47.274537037037035,32.39363425925926,1,519.9300000000001
4277d961a6e74ff894d817d0f781c1c2,efab367199893915154d14b191ffee7f,delivered,2018-03-02 14:38:52,2018-03-02 14:55:54,2018-03-05 22:20:40,2018-03-27 21:12:32,2018-03-26,269.99,15.64,1,1,285.63,3,1,2.0,1.0,1cbaf5cd2d2db86a7148195eab6a42f7,88138,palhoca,SC,25.27337962962963,23.389675925925925,1,285.63
104ebad584414fcfb7bc0d071bb29a25,97b9cfe8bd0140421d5247237594b5d3,delivered,2018-03-02 14:40:36,2018-03-02 14:56:08,2018-03-06 23:22:06,2018-04-05 19:18:20,2018-04-04,39.0,14.1,1,1,53.1,3,1,5.0,1.0,acd046ff2c7ad6d4b091883063c93ff6,23585,rio de janeiro,RJ,34.19287037037037,32.38847222222222,1,53.1
845ac06e0873e12e221a7f8a5ad06477,0215ccbc95aee7344ac14c2bacf19d12,delivered,2018-03-02 14:42:43,2018-03-02 15:12:15,2018-03-06 17:59:01,2018-04-02 15:48:56,2018-03-23,69.9,20.98,1,1,90.88,4,1,2.0,1.0,9113bbc10bbcdc498c65fcc1b81350a1,88306,itajai,SC,31.045983796296298,20.387002314814815,1,90.88000000000001
b24ca23650d6ea6cf647d35ee3e754d3,cdb37e9afb983079b34b25f5eb73ab52,delivered,2018-03-02 14:43:48,2018-03-02 15:12:24,2018-03-07 20:58:41,2018-03-18 14:31:58,2018-03-22,19.83,11.85,1,1,31.68,1,2,3.0,1.0,50edec657d864ef3abe7fd91ec87cc14,9913,diadema,SP,15.991782407407408,19.38625,0,31.68
728f6f76b6e070562457bf771c93e002,c753ddf1479aff673b07bdab010c60f1,delivered,2018-03-02 14:50:09,2018-03-02 15:12:20,2018-03-03 15:32:52,2018-03-08 21:04:37,2018-03-14,109.0,14.37,1,1,123.37,8,1,5.0,1.0,5e77878e639ba61109799910867038be,18045,sorocaba,SP,6.260046296296296,11.381840277777778,0,123.37
a7d0ba9060629de852f3b9f520d8bd7e,7c5476d2a29e6ebe176657d093dd8b18,delivered,2018-03-02 14:52:09,2018-03-05 13:29:18,2018-03-07 17:09:10,2018-04-06 18:56:26,2018-03-20,229.04,22.61,1,1,251.65,5,1,3.0,1.0,962b00bd9512a48b7e8e0df4cff12d65,13720,sao jose do rio pardo,SP,35.169641203703705,17.38045138888889,1,251.64999999999998
b7f8b0ec8242c32730504ca558390211,818aa1212d9e31bf20f835eef11cffdd,delivered,2018-03-02 14:56:52,2018-03-02 15:15:28,2018-03-05 20:17:02,2018-03-29 21:45:34,2018-03-20,119.8,15.59,1,1,135.39,4,1,1.0,1.0,0d8dad477b2c689921515eaae0c2c8b9,12312,jacarei,SP,27.283819444444443,17.377175925925926,1,135.39
bbd3497e622456fd8b79ba59de1c3ab6,34a89d90c29c3821d671059d12216ba0,delivered,2018-03-02 14:59:29,2018-03-02 15:15:24,2018-03-07 20:54:21,2018-03-18 14:29:05,2018-03-27,79.0,17.8,1,1,96.8,1,1,5.0,1.0,e275dbae5dc0466a40a0273a7ddba94b,82200,curitiba,PR,15.97888888888889,24.375358796296297,0,96.8
bfb88796b657bb5483be15669e9f3496,3760ea94d9fc7b3ecf5250afb8715418,delivered,2018-03-02 15:01:42,2018-03-02 15:15:39,2018-03-05 20:22:21,2018-03-16 19:03:29,2018-03-23,104.0,15.48,1,1,119.48,3,1,5.0,1.0,01ec28844a316ded17fa50fd28b98123,90520,porto alegre,RS,14.167905092592592,20.373819444444443,0,119.48
a88ebb416476bb5c50111622847afcf8,5fee696482bd8b0db6cb196b33e5addc,delivered,2018-03-02 15:03:37,2018-03-02 15:15:39,2018-03-05 19:28:53,2018-03-22 19:58:31,2018-03-29,445.0,32.61,2,2,477.61,3,1,1.0,1.0,088653e3fa566d968be97a72afee0b74,75828,chapadao do ceu,GO,20.204791666666665,26.372488425925926,0,477.61
3e1897c6193a83db67bca47e9cd163f8,83cdba529e4197c9cf79b45fdcb4fbc6,delivered,2018-03-02 15:05:43,2018-03-02 15:29:03,2018-03-05 19:56:35,2018-03-22 20:59:03,2018-04-03,199.0,18.67,1,1,217.67,2,1,4.0,1.0,5b7457a521492ba35573e2ea4c2e364a,26564,mesquita,RJ,20.24537037037037,31.371030092592594,0,217.67000000000002
3d9d7644b996a0c8a0038a70c90830cb,96d67c350694b00e45e811eb9eb3ab45,delivered,2018-03-02 15:06:22,2018-03-03 15:09:00,2018-03-06 23:41:36,2018-03-17 20:53:46,2018-03-22,29.98,15.1,1,1,45.08,1,1,5.0,1.0,dc6ee88a2bf80f61fd22ead7c082c3b2,79333,corumba,MS,15.24125,19.370578703703703,0,45.08
4877379c51fc3c3826e6a62427675966,9408bd679b8ccfd8de92376ac0cf405b,delivered,2018-03-02 15:06:54,2018-03-02 15:29:07,2018-03-05 19:49:02,2018-03-23 23:08:32,2018-03-27,112.0,15.54,1,1,127.54,8,1,4.0,1.0,4b61b1aa8bb2f7dc1bb6e81b6fce88b7,90430,porto alegre,RS,21.334467592592592,24.370208333333334,0,127.53999999999999
74766833602d4588ebc3bf1b1fe55e98,26eb0b7a187dadf0037ab5a2b81d0d5c,delivered,2018-03-02 15:12:58,2018-03-02 15:29:05,2018-03-05 20:04:31,2018-03-09 18:03:04,2018-03-29,199.9,16.15,1,1,216.05,3,1,5.0,1.0,e2193db5f97b80eb58d431e84a70b88a,12070,taubate,SP,7.118125,26.36599537037037,0,216.05
1bcee4703d916a7dead99492b946773e,1676edf55749e467544f15922750a231,delivered,2018-03-02 15:16:38,2018-03-02 15:30:28,2018-03-05 17:33:12,2018-03-22 16:33:44,2018-04-06,165.0,29.55,1,1,194.55,10,2,5.0,1.0,7a735b500033f8e5957f28a80a3d6fdf,55345,iati,PE,20.053541666666668,34.363449074074076,0,194.55
62e8878bf54a37544cf066414f3a2c72,a9bb25e5e037a48e105498de8c4042d9,delivered,2018-03-02 15:27:05,2018-03-03 02:35:37,2018-03-06 17:33:11,2018-03-16 22:12:59,2018-04-04,139.8,28.0,2,1,167.8,1,1,4.0,1.0,c938ef28fbb9211f931fae0931d0f053,82700,curitiba,PR,14.281875,32.356192129629626,0,167.8
be754126110440ba89a5456475333453,24c2d36dcc7f3ff6e41738c77dcf2def,delivered,2018-03-02 15:27:23,2018-03-06 03:55:55,2018-03-20 15:37:48,2018-03-29 19:21:58,2018-03-28,329.5,84.5,5,1,414.0,1,1,5.0,1.0,6b50feb99c89a4b030544ffd55793772,25665,petropolis,RJ,27.16290509259259,25.355983796296297,1,414.0
abdc9f9aa061ebb21dc2ff3e37000ea2,eea7a8672bb7ca8e500dc9d59b155d49,delivered,2018-03-02 15:27:34,2018-03-02 15:49:45,2018-03-06 01:58:39,2018-03-13 21:23:27,2018-03-26,21.9,16.79,1,1,38.69,3,1,5.0,1.0,8dafb82f687e3b0dc9e97b4198b92128,97670,sao borja,RS,11.247141203703704,23.35585648148148,0,38.69
e494d3df2a8bbfc8541d90f1b7623217,600a31717db69f20de0e48880a1030f1,delivered,2018-03-02 15:34:17,2018-03-02 15:49:48,2018-03-03 00:34:03,2018-03-07 01:20:03,2018-03-19,180.0,10.01,1,1,190.01,2,1,5.0,1.0,08864f72019b5bc76a1377d4b1f89a52,9130,santo andre,SP,4.406782407407407,16.35119212962963,0,190.01
f3bd551f3e8da9ba257cc4f68e4b89f9,7c712a74cad1920cb6fde4480a378dbc,delivered,2018-03-02 15:36:06,2018-03-03 16:21:19,2018-03-08 17:27:24,2018-03-29 14:26:41,2018-03-28,69.9,35.81,1,1,105.71,2,1,5.0,1.0,56100e0916fa960a7b6ef5d598130ed4,65415,coroata,MA,26.951793981481483,25.349930555555556,1,105.71000000000001
712c9e2527b759ff2e6cd24a05af51ca,5073c3e8b8a6a25283d8b0072c0c3ca8,delivered,2018-03-02 15:52:48,2018-03-02 16:10:39,2018-03-05 19:42:46,2018-03-16 18:14:28,2018-03-23,599.9,21.45,1,1,621.35,10,1,5.0,1.0,7ccb41958c591649755ac1a7e245f65f,83005,sao jose dos pinhais,PR,14.09837962962963,20.338333333333335,0,621.35
35e836760fcb033c916131ff094d1d21,52ea3af8cfa23076f574fe22f73e47ee,delivered,2018-03-02 15:57:44,2018-03-02 16:15:33,2018-03-07 01:13:30,2018-03-23 00:58:33,2018-04-04,499.9,19.94,1,1,519.84,8,1,5.0,1.0,691c66d5f2b54a03a95e2fb59c83ef18,45910,alcobaca,BA,20.37556712962963,32.33490740740741,0,519.84
73d8cba28b2c49e0bcde53f23fc6218a,ed3cdd51c53c26ba8f1ce8234595c5c5,delivered,2018-03-02 15:57:53,2018-03-02 16:10:42,2018-03-07 18:25:42,2018-04-06 17:43:33,2018-03-21,179.9,15.01,1,1,194.91,3,1,1.0,1.0,0ec73777b439e9015001fabba94702b2,3691,sao paulo,SP,35.07337962962963,18.33480324074074,1,194.91
73f9e7745dc950ef3b9ecc24fbfcf6e4,d01e3ba3f38a8c91324705cda56cb1ec,delivered,2018-03-02 15:59:02,2018-03-02 16:31:39,2018-03-06 23:38:32,2018-03-19 18:54:38,2018-03-26,27.99,15.1,1,1,43.09,4,1,5.0,1.0,8c244b759a03e6fa314733fa29feaf77,73760,sao joao d'alianca,GO,17.121944444444445,23.33400462962963,0,43.089999999999996
d1845227bab7e5c1f169cf2a98d742a1,11b99af21f03410bf5a169d80d3e5264,delivered,2018-03-02 16:01:55,2018-03-02 16:40:29,2018-03-05 19:10:08,2018-03-10 16:28:45,2018-03-20,109.9,17.48,1,1,127.38,1,1,5.0,1.0,6546a2878d1afa6156bd0d6871b932b1,19041,presidente prudente,SP,8.01863425925926,17.332002314814815,0,127.38000000000001
4d4f0a2b7d8c2a94623536fd009a499b,8a14a7fe76e5f1aeda093186943ebbd0,delivered,2018-03-02 16:04:27,2018-03-03 02:51:19,2018-03-05 19:09:42,2018-03-12 13:48:37,2018-03-21,189.98,19.22,1,1,209.2,1,1,5.0,1.0,09455bae1d5c8c904d67d232798fc849,11740,itanhaem,SP,9.905671296296296,18.330243055555556,0,209.2
158bd22d56a1fc1a765a710089e1d47d,a6b9a70db44eaa219a43483a0c4df5eb,delivered,2018-03-02 16:05:55,2018-03-02 16:15:33,2018-03-06 23:21:25,2018-03-08 18:04:09,2018-03-20,385.0,16.3,1,1,401.3,10,1,1.0,1.0,12a58098f27b00d10cf51bc6f9e4c261,9551,sao caetano do sul,SP,6.082106481481482,17.32922453703704,0,401.3
576f9e432d8d303ce2ffc75736352fe1,11c0288032377c71a6dfb9eb2aa4186e,delivered,2018-03-02 16:11:13,2018-03-02 16:31:33,2018-03-07 17:22:25,2018-03-08 18:42:08,2018-03-14,275.0,17.65,1,1,292.65,1,1,3.0,1.0,41a72c392ea30409d891c7fef45aef04,30690,belo horizonte,MG,6.104803240740741,11.32554398148148,0,292.65
93c7ec2b9638f73ddcaefac525f4d7b6,0a6f43d2b03473a5c59ba520a15eb44c,delivered,2018-03-02 16:12:12,2018-03-02 16:31:37,2018-03-08 19:48:29,2018-04-14 12:38:29,2018-03-22,52.9,17.62,1,1,70.52,1,1,1.0,1.0,5fbbfaa43eeceb5cca3ce8e4b61f139d,24241,niteroi,RJ,42.851585648148145,19.32486111111111,1,70.52
3224f9000ebffb83e1c48590824ba567,b515c26bc7955d05356ae832d2c4b54b,delivered,2018-03-02 16:12:57,2018-03-06 03:49:20,2018-03-06 23:48:50,2018-04-17 23:16:44,2018-03-21,279.9,21.45,1,1,301.35,1,1,1.0,1.0,a76c949d0d11b71d6ed4a7a8464e101f,26525,nilopolis,RJ,46.29429398148148,18.32434027777778,1,301.34999999999997
c809662e4bd17369573c49fedfc546f0,031da6839c179617f04c3d5256d264c5,delivered,2018-03-02 16:13:29,2018-03-02 16:31:48,2018-03-06 17:09:42,2018-03-19 20:14:43,2018-03-23,34.9,11.85,1,1,46.75,1,1,4.0,1.0,9b791f541984503464d67d47758713be,1509,sao paulo,SP,17.16752314814815,20.323969907407406,0,46.75
cf788ee4258fde5130bb5651bda63918,2f1a3baba1b833c18c5da7b721b360b2,delivered,2018-03-02 16:18:31,2018-03-02 16:32:00,2018-03-06 01:33:12,2018-03-26 22:25:02,2018-03-23,179.8,44.129999999999995,2,2,223.93,10,1,1.0,1.0,030b3bb8818a752ca223944036bad5d7,35910,santa maria de itabira,MG,24.254525462962963,20.320474537037036,1,223.93
89e02379eee525e09813dc8e5ba99213,dceda171b3a9fcb7eef3e274f6f2ac94,delivered,2018-03-02 16:18:46,2018-03-03 02:51:09,2018-03-06 00:23:05,2018-04-04 02:49:02,2018-03-23,28.49,15.1,1,1,43.59,1,1,1.0,1.0,8d5f799945d96f307c8726415cb4decc,79104,campo grande,MS,32.43768518518519,20.320300925925928,1,43.589999999999996
da8996a9d4001412806283a4996baf7e,01af5e81cb5ee5e0864941d3aa58fb0c,delivered,2018-03-02 16:20:04,2018-03-02 16:31:43,2018-03-07 01:05:23,2018-03-11 19:20:55,2018-03-20,78.8,12.05,1,1,90.85,1,1,1.0,1.0,3aff962425ee4ca6274c99ed69730320,4313,sao paulo,SP,9.125590277777778,17.31939814814815,0,90.85
531abf2d5cc78f7a49d9ba560cbbfe7a,ae98a844ca4fe6653961f85c51adca40,delivered,2018-03-02 16:21:33,2018-03-02 16:31:50,2018-03-27 16:53:08,2018-04-02 19:24:46,2018-03-26,76.25,12.66,1,1,88.91,1,1,1.0,1.0,336e53f754499bb72dc4a21333c898cd,5073,sao paulo,SP,31.127233796296295,23.318368055555556,1,88.91
11660e2c0590a8f36299b868f3e95bed,635d1a5f9ddb3486e24e8333f85d3948,delivered,2018-03-02 16:23:11,2018-03-02 17:31:08,2018-03-05 17:58:37,2018-04-03 22:24:52,2018-03-22,9.99,15.1,1,1,25.09,1,1,3.0,1.0,09543baeee512af0163b09e9d08e8dce,37002,varginha,MG,32.251168981481484,19.317233796296296,1,25.09
153f7f62711ddf3b559ce826060ffeb3,f4fa9e94d9ccec4f3fb15dfd8b29eccd,delivered,2018-03-02 16:24:13,2018-03-02 17:10:36,2018-03-06 17:53:16,2018-03-07 20:37:47,2018-03-14,23.7,8.72,1,1,32.42,1,1,5.0,1.0,7e1457edb1d6887825ead9268d1067c9,13280,vinhedo,SP,5.176087962962963,11.316516203703705,0,32.42
774593a70fbb54cd0a56eb0db24145a0,44f7d61f4662b0eb66c35226a7f1fc0c,delivered,2018-03-02 16:25:11,2018-03-03 13:48:45,2018-03-14 16:34:42,2018-03-29 04:26:32,2018-04-11,186.99,62.05,1,1,249.04,5,1,4.0,1.0,7395b7864f1b33252013547d30b94240,76100,sao luis de montes belos,GO,26.5009375,39.31584490740741,0,249.04000000000002
e6669a7f1985f326ff52deb5f83ad040,8437fedb157d3dc90ad790e5d2c4c80d,delivered,2018-03-02 16:34:33,2018-03-02 17:20:22,2018-03-07 23:26:36,2018-03-19 23:42:04,2018-03-20,219.94,68.08,2,1,288.02,3,1,5.0,1.0,320ff305d456d8d45a09bd6a7aaeb543,1528,sao paulo,SP,17.296886574074072,17.30934027777778,0,288.02
ca376f8f4042e61688af8cfd32d4e80e,b7f5174046bcdba1e99c45d5227ada9e,delivered,2018-03-02 16:35:38,2018-03-02 16:50:31,2018-03-06 18:56:56,2018-03-14 22:44:51,2018-03-29,199.8,34.28,2,1,234.08,3,1,5.0,1.0,4f702b8f49f94571f343fddebd29fa3c,36884,muriae,MG,12.256400462962963,26.308587962962964,0,234.08
78434d3b830508b615a3c9cd526ec769,3f2c391bdef5fc440bf9ff233e36e439,delivered,2018-03-02 16:36:02,2018-03-02 16:49:11,2018-03-06 15:48:49,2018-03-23 19:37:29,2018-04-02,79.9,35.88,1,1,115.78,1,1,5.0,1.0,9b5ebbb1c470f82e2538e2ffdf82c6b2,59550,joao camara,RN,21.126006944444445,30.308310185185185,0,115.78
e61f67f0173c144d55e1386e2bce1686,145f7dc2715c0ae1b1cd74f05d4cbc93,delivered,2018-03-02 16:36:24,2018-03-02 16:50:31,2018-03-06 17:32:54,2018-03-08 12:11:31,2018-03-14,19.5,8.72,1,1,28.22,1,1,5.0,1.0,e789390d010fbf437d0242e9361609ae,9434,ribeirao pires,SP,5.81605324074074,11.308055555555555,0,28.22
deb805b3a0cb1a415c66ddda0f92e0a0,a0ff04ef67911eae8a588690b2149379,delivered,2018-03-02 16:37:13,2018-03-02 16:50:34,2018-03-06 01:08:25,2018-03-20 22:03:52,2018-03-20,43.8,24.7,2,1,68.5,1,1,3.0,1.0,70473c38b2a45f3bd53dc2e72226b182,27163,california da barra,RJ,18.22684027777778,17.307488425925925,1,68.5
4325abb4e925f2765e6874e9788392f4,cbafb574da2d33b039f294c188624b6c,delivered,2018-03-02 16:37:22,2018-03-06 03:51:37,2018-03-08 20:39:39,2018-04-12 12:11:52,2018-03-23,55.65,16.83,1,1,72.48,1,1,3.0,1.0,e486555873e1947a1de7b1ff1e8c3554,88805,criciuma,SC,40.815625,20.30738425925926,1,72.47999999999999
18eed697baafc4ed323ca3e737faaa75,bf18d7a165e5587fc4c0255650798092,delivered,2018-03-02 16:39:54,2018-03-02 16:50:35,2018-03-06 02:24:51,2018-03-12 21:57:41,2018-03-22,89.99,12.97,1,1,102.96,5,1,3.0,1.0,e94315e85e8cd829a025c96474438549,17512,marilia,SP,10.22068287037037,19.305625,0,102.96
e4e7f051862316f8ef1e82166c55cdea,dba19fc278a9c05bdf43327f419160fc,delivered,2018-03-02 16:48:29,2018-03-02 17:10:41,2018-03-06 21:32:57,2018-03-10 17:42:49,2018-03-27,90.9,22.96,1,1,113.86,1,1,5.0,1.0,a47c32ed803aa4b5489d0f7ac5ac7017,58038,joao pessoa,PB,8.037731481481481,24.299664351851852,0,113.86000000000001
a3476275102890bfa5129b85c78f3da1,5655a5fd1c44d8ec0fa95eec6f63ad66,delivered,2018-03-02 16:48:41,2018-03-02 17:10:40,2018-03-05 23:44:55,2018-03-11 18:41:51,2018-03-20,75.9,19.39,1,1,95.29,9,1,5.0,1.0,ceb767afcf00ef4fedae42343064aa3d,5171,sao paulo,SP,9.078587962962963,17.29952546296296,0,95.29
30143cbe639436a82c4936717cc5ecb6,d7602c50f544cd619427d56ae028a08b,delivered,2018-03-02 16:48:42,2018-03-02 17:10:38,2018-03-06 16:35:33,2018-03-11 19:02:55,2018-03-20,75.9,19.39,1,1,95.29,9,1,4.5,2.0,ceb767afcf00ef4fedae42343064aa3d,5171,sao paulo,SP,9.093206018518519,17.29951388888889,0,95.29
4a2a03eba693b69ec224283b56ee486e,946832699a5d660dcdfed91bc6346cbb,delivered,2018-03-02 16:53:54,2018-03-02 17:10:46,2018-03-05 20:19:08,2018-03-07 23:48:49,2018-03-14,99.0,13.25,1,1,112.25,1,1,5.0,1.0,695dee4c200e4cabdfdb01287f5fd29d,13840,mogi-guacu,SP,5.288136574074074,11.295902777777778,0,112.25
84027696c2bd36b522bbc8a9d0578525,afb2a83dca79aa34aa11d9e0843382f1,delivered,2018-03-02 16:53:56,2018-03-02 17:10:46,2018-03-05 19:09:45,2018-03-22 22:11:03,2018-03-22,126.98,21.38,1,1,148.36,1,1,5.0,1.0,695dee4c200e4cabdfdb01287f5fd29d,13840,mogi-guacu,SP,20.220219907407408,19.29587962962963,1,148.36
6da6cf03f09e5b28013185aff13ba6f8,8915665d20d98e8f92b724593bd3297b,delivered,2018-03-02 16:54:16,2018-03-02 17:10:50,2018-03-05 19:29:27,2018-03-06 21:10:15,2018-03-14,112.0,9.6,1,1,121.6,5,1,4.0,1.0,54a22a0d776f341e79356ad4a761aa81,1122,sao paulo,SP,4.177766203703704,11.295648148148148,0,121.6
c4bc2a01f871554711dadb82537413f2,4e20d9b32522aa8445bd483c315648af,delivered,2018-03-02 16:54:18,2018-03-02 17:40:32,2018-03-05 20:08:07,2018-03-06 21:59:01,2018-03-16,79.99,9.37,1,1,89.36,5,1,5.0,1.0,54a22a0d776f341e79356ad4a761aa81,1122,sao paulo,SP,4.2116087962962965,13.295625,0,89.36
bf61d525b7c099d79f6e3bbbd7a4aec9,f882d8943a6e76b0876c6affb9ac2dfb,delivered,2018-03-02 16:59:19,2018-03-02 17:10:48,2018-03-05 19:17:34,2018-03-10 01:38:47,2018-03-22,169.9,31.94,1,1,201.84,3,1,4.0,1.0,90d06da6f94664d6339da2e47ec4f104,31840,belo horizonte,MG,7.360740740740741,19.292141203703704,0,201.84
04f7a2c35c535b543c6042ee73b125f0,2fc226fece39c0126543c387768ad5ac,delivered,2018-03-02 17:00:47,2018-03-06 03:55:36,2018-03-09 17:45:31,2018-03-23 23:18:47,2018-03-29,124.9,17.31,1,1,142.21,1,1,5.0,1.0,9a8809085c8feb9360f282fba0a6d87e,78307,campos de julio,MT,21.2625,26.291122685185186,0,142.21
4382b7af38e2034ff26273519819f2d2,660a5acfb2835dd4b993ab8850da4a1a,delivered,2018-03-02 17:01:58,2018-03-02 17:15:39,2018-03-06 03:13:11,2018-04-27 20:41:09,2018-03-22,19.9,14.1,1,1,34.0,1,1,1.0,1.0,6f68b458736739a2740b3bfc9a3a2d39,80330,curitiba,PR,56.15221064814815,19.290300925925926,1,34.0
484e9a27d27ffe9d45ed4469cb357475,178f8ca901c81eff6f297dd333bb7974,delivered,2018-03-02 17:02:44,2018-03-02 17:15:40,2018-03-05 18:12:41,2018-03-24 14:08:51,2018-03-20,65.99,16.71,1,1,82.7,3,1,4.0,1.0,e1a47f1cdb26782f1c258807c5934b75,32042,contagem,MG,21.879247685185184,17.289768518518517,1,82.69999999999999
4d15efdb77cf36c0c997ee21b8af3abf,5a8b59b9ba2a6afba177551609cdecf9,delivered,2018-03-02 17:07:42,2018-03-02 17:29:46,2018-03-21 18:48:46,2018-03-28 19:15:53,2018-04-09,44.0,35.26,2,1,79.26,7,1,5.0,1.0,409bcfa83da6df1f47ab78ab48d353a1,22441,rio de janeiro,RJ,26.089016203703704,37.286319444444445,0,79.25999999999999
d59f1caeb15c7889dc992ee9b7ef9393,176ea1243df9a989902c264081d7384c,delivered,2018-03-02 17:08:30,2018-03-06 03:49:13,2018-03-07 00:21:45,2018-03-07 18:29:04,2018-03-14,219.98,23.94,2,1,243.92,1,1,5.0,1.0,09e2211ebded7c99b9b8b091ba29b069,13202,jundiai,SP,5.055949074074074,11.285763888888889,0,243.92
85a525f63659815ea2974c9fdc1c85b9,18e60ac17a63a5f07b52c9dc037ab20a,delivered,2018-03-02 17:11:54,2018-03-03 02:35:35,2018-03-08 18:56:40,2018-03-09 19:41:54,2018-03-21,32.0,11.73,1,1,43.73,1,1,5.0,1.0,b7fe26132b235af7fcd86605c21b0aa2,2036,sao paulo,SP,7.104166666666667,18.283402777777777,0,43.730000000000004
d677832afa9db3b30b1ae12129ef4018,8c0029b3b74ed5349f7f4e43cba41b72,delivered,2018-03-02 17:12:04,2018-03-02 17:29:47,2018-03-06 20:04:31,2018-04-03 21:27:30,2018-04-19,360.0,17.0,2,1,377.0,4,1,1.0,1.0,e863397ca773c34a6c8d75017b5557ec,44755,ponto novo,BA,32.177384259259256,47.283287037037034,0,377.0
87b4c933f31145a28413b39d880ad6c3,ddfdf5e9b2659e1fbd073404c9b762e0,delivered,2018-03-02 17:12:05,2018-03-02 17:49:24,2018-03-06 21:23:32,2018-03-16 17:21:55,2018-03-21,57.99,27.26,1,1,85.25,1,1,5.0,1.0,490c3c53ca927221bccbb00706afbcf9,2042,sao paulo,SP,14.006828703703704,18.283275462962962,0,85.25
3ff1b7767f8db536438a4d8a98244347,04c1a998c3b21a343330f101a03c5b06,delivered,2018-03-02 17:17:26,2018-03-03 17:10:20,2018-03-05 20:20:16,2018-03-17 17:26:56,2018-03-20,119.8,14.59,1,1,134.39,2,1,5.0,1.0,c40ce56c2c25e63abdf01bcce654e2ec,6433,barueri,SP,15.006597222222222,17.279560185185186,0,134.39
4d515dca9e06667e6ab68acc478df5d6,82495ff60ac5ed00f1a86fabf329db45,delivered,2018-03-02 17:23:15,2018-03-03 02:50:57,2018-03-07 18:25:55,2018-03-21 21:37:41,2018-03-26,88.9,17.06,1,1,105.96,1,1,4.0,1.0,27f4e79732493ed76d9595f9380aee2e,85901,toledo,PR,19.176689814814814,23.275520833333335,0,105.96000000000001
869e47849cdcd2a24f33ab52accd0e89,78e21576614d5285cbd63410d6c0efaa,delivered,2018-03-02 17:24:58,2018-03-02 18:33:13,2018-03-10 00:42:25,2018-03-19 23:27:27,2018-03-27,67.7,15.22,1,1,82.92,8,1,1.0,1.0,e4bc67fef955cd2e58924e664a6dfeab,89560,videira,SC,17.25172453703704,24.274328703703702,0,82.92
0a9f89404bdc46f9d6be1c8c0226ba85,37dbceec9ec09c507522d791301df431,delivered,2018-03-02 17:28:49,2018-03-02 17:49:31,2018-03-06 19:55:02,2018-03-16 15:28:54,2018-03-27,99.9,22.57,1,1,122.47,2,1,4.0,1.0,08df1f0e1904210a26cd47d590805337,31275,belo horizonte,MG,13.916724537037037,24.271655092592592,0,122.47
3a3239fa60ea2f77a53990f66c3f1a45,939e0c3e47b5402a26179847300547ca,delivered,2018-03-02 17:37:53,2018-03-02 17:50:37,2018-03-27 15:12:52,2018-04-04 15:43:43,2018-04-11,152.5,33.94,2,1,186.44,2,1,1.0,1.0,87e10490e24f34fe5a034de34504f055,22240,rio de janeiro,RJ,32.920717592592595,39.2653587962963,0,186.44
b0459878e11dcfafd042b81083011548,594b34fd289ad46d208bbcf008762642,delivered,2018-03-02 17:38:17,2018-03-02 17:50:36,2018-03-05 22:21:58,2018-04-05 19:58:53,2018-03-20,175.0,12.73,1,1,187.73,3,1,1.0,1.0,6e809ceca510bd8e766cd26ed4f1190a,13092,campinas,SP,34.09763888888889,17.26508101851852,1,187.73
6e92a04973cb201200ecb4d6f82bb5bd,dc74aac682ad015d9b0e0fa85182e16f,delivered,2018-03-02 17:45:24,2018-03-02 18:15:35,2018-03-06 15:32:34,2018-04-11 17:52:32,2018-04-02,24.99,17.63,1,1,42.62,1,1,3.0,1.0,f9e561dd457ec515893e8060347388bf,66035,belem,PA,40.004953703703706,30.26013888888889,1,42.62
621de62735eae3ffa4affa5e73d860db,422290a11dc46ec8ca6fb7e6bd45dd1b,delivered,2018-03-02 17:47:38,2018-03-02 18:09:31,2018-03-06 19:53:14,2018-04-03 21:12:26,2018-03-23,139.99,16.74,1,1,156.73,1,1,1.0,1.0,a53b34c2c302d82e6378f4b310fa41c6,84050,ponta grossa,PR,32.14222222222222,20.258587962962963,1,156.73000000000002
acbaf2e843c77c9749c79030163c8b81,82c4ae9f59304faecc7ea3ef42b253f4,delivered,2018-03-02 17:47:38,2018-03-03 14:10:37,2018-03-07 20:59:09,2018-04-17 20:08:43,2018-03-22,13.3,15.1,1,1,28.4,2,1,1.0,2.0,14843983d4a159080f6afe4b7f346e7c,24220,niteroi,RJ,46.09797453703704,19.258587962962963,1,28.4
07f6c3baf9ac86865b60f640c4f923c6,000419c5494106c306a97b5635748086,delivered,2018-03-02 17:47:40,2018-03-03 14:10:38,2018-03-07 21:07:51,2018-04-17 17:17:34,2018-03-22,34.3,15.1,1,1,49.4,4,1,1.0,1.0,14843983d4a159080f6afe4b7f346e7c,24220,niteroi,RJ,45.97909722222222,19.258564814814815,1,49.4
beab8ba6e1c08b35966c8d1711b9f591,f8b5a4d4af546a104faa5f7bc10619b3,delivered,2018-03-02 17:58:09,2018-03-02 19:42:23,2018-03-08 09:32:06,2018-03-16 11:33:37,2018-03-23,29.9,15.1,1,1,45.0,1,1,4.0,1.0,af8588ed9e0f9707e03520b19a8db26b,73330,brasilia,DF,13.732962962962963,20.251284722222223,0,45.0
13e5cf1e067d58500141bfb2a638ba6b,cde010b04a18c2bd1acfdca70135a4e7,delivered,2018-03-02 18:08:05,2018-03-02 18:33:34,2018-03-12 21:42:20,2018-03-23 21:44:46,2018-03-22,32.0,15.1,1,1,47.1,1,1,5.0,1.0,4b84ce2e84a6a4bc9b9565f2d56269df,87306,campo mourao,PR,21.150474537037038,19.244386574074074,1,47.1
73e675969b9e5495c9d1c8d4b3b21e1e,a50e4e7bb24231f021e45bfed188d351,delivered,2018-03-02 18:09:36,2018-03-02 18:33:26,2018-03-06 16:49:06,2018-05-07 15:09:58,2018-03-27,119.9,16.6,1,1,136.5,6,1,1.0,1.0,9a7472df8f82e3e8686e98b39052807a,38600,paracatu,MG,65.87525462962962,24.243333333333332,1,136.5
06a55b1772ae6b58d1483030c97629ae,4814047063552c6302028eb70534a289,delivered,2018-03-02 18:09:49,2018-03-03 02:50:39,2018-03-07 23:09:19,2018-03-13 23:03:33,2018-03-22,69.9,17.74,1,1,87.64,1,1,3.0,1.0,5b1702b9c8d090a3f8a64775bed6021a,31110,belo horizonte,MG,11.203981481481481,19.24318287037037,0,87.64
3a2012438f0919dc24e43b9e8b21c4f1,391896deec196c10c6829f9f4e4ce719,delivered,2018-03-02 18:12:57,2018-03-02 18:33:38,2018-03-09 23:04:10,2018-03-23 20:07:49,2018-03-27,159.9,21.61,1,1,181.51,2,1,4.0,1.0,fb55cc0d232e5396cd8c083dafc0ef1a,88990,praia grande,SC,21.07976851851852,24.241006944444443,0,181.51
4a3c2e7b734aa3f1d81ab508964e0824,22f9ada7e24f7c3120649acbf2dfa44a,delivered,2018-03-02 18:19:29,2018-03-03 18:15:32,2018-03-07 19:31:37,2018-03-13 19:11:33,2018-03-28,19.95,14.1,1,1,34.05,1,1,5.0,1.0,cc5114f4de3aff0cb9652d63aa842185,72220,brasilia,DF,11.036157407407407,25.236469907407407,0,34.05
b2d779a12592e693ae93fcba3b3969be,c707ba7bcdb0d504e6f30943e310e74e,delivered,2018-03-02 18:25:17,2018-03-03 02:51:35,2018-03-05 23:54:22,2018-03-14 20:51:38,2018-03-20,179.98,27.3,2,1,207.28,1,1,5.0,1.0,dda31a99e5f1f8fade9c1da4d38b410d,13271,valinhos,SP,12.101631944444444,17.23244212962963,0,207.28
2013e60377e57344d89d5e4a5b3f2a9c,2ae1b12b1746ad270633e41404c0cd1f,delivered,2018-03-02 18:26:23,2018-03-02 18:49:50,2018-03-06 01:34:57,2018-03-14 23:14:23,2018-03-27,59.98,62.04,2,1,122.02,4,1,5.0,1.0,e60856952187516c3397a2c4ac63aac4,52070,recife,PE,12.2,24.23167824074074,0,122.02
5acf62946adaf3b74ad395ec44b72688,1a8b66704e28000bb4868451e12c6b43,delivered,2018-03-02 18:50:53,2018-03-03 18:48:33,2018-03-05 18:08:49,2018-04-19 13:32:29,2018-03-29,179.0,64.67,1,1,243.67,1,1,5.0,1.0,f85b721fd7c1363858e29ad2054ac3f7,78093,cuiaba,MT,47.778888888888886,26.21466435185185,1,243.67000000000002
012670c73246a753cbde0a215c2b9e8f,bfd798b55813a211343f1612ecc25b17,delivered,2018-03-02 19:01:27,2018-03-02 19:15:26,2018-03-05 21:14:21,2018-04-12 20:54:40,2018-04-04,97.9,16.94,1,1,114.84,1,1,1.0,1.0,e3ed27f7f18b9aad123fec8eb8ce027d,22770,rio de janeiro,RJ,41.07862268518519,32.20732638888889,1,114.84
f99f27c6436299deb7afb301de293eba,d522ed4f4b141a73666f0c80e0c99818,delivered,2018-03-02 19:13:46,2018-03-03 02:35:39,2018-03-27 15:51:56,2018-04-03 20:08:39,2018-03-29,152.5,33.94,2,1,186.44,1,1,1.0,1.0,72c0cafb09a8df96f0f84bb6eb7525c2,33822,ribeirao das neves,MG,32.03811342592593,26.19877314814815,1,186.44
228733587bbf9886c728aa6bad66fe57,7cec1a9545939929a4a4261575ed421b,delivered,2018-03-02 19:14:43,2018-03-02 19:48:46,2018-03-06 17:53:16,2018-03-29 18:48:57,2018-04-13,14.4,21.15,1,1,35.55,1,1,5.0,1.0,ce2ffca4240f3334a19cd4867626710f,69035,manaus,AM,26.98210648148148,41.198113425925925,0,35.55
4b2dd087c84d86e1b2ed309171ee0f96,c9b928a77a8b9f620c9540746d6eeefc,delivered,2018-03-02 19:17:32,2018-03-02 19:30:25,2018-03-07 19:34:23,2018-03-23 18:26:53,2018-04-02,122.99,15.61,1,1,138.6,3,1,4.0,1.0,178e565cc7c6289b341891c7dcaa17c2,97880,sao nicolau,RS,20.964826388888888,30.19615740740741,0,138.6
13cefc43767ea15bacf542800eb19f54,9cf25707678a56ff1e859db99c3d1c06,delivered,2018-03-02 19:18:39,2018-03-02 19:30:30,2018-03-05 16:38:31,2018-03-19 22:33:44,2018-03-23,42.9,16.79,1,1,59.69,1,1,3.0,1.0,b6487b6e17c98677bd8effa9c00a8353,93340,novo hamburgo,RS,17.135474537037037,20.195381944444446,0,59.69
c9c090d55d074c5b0d0effca2b928d4c,44ceede9e72823df1130be3bb7996635,delivered,2018-03-02 19:25:57,2018-03-02 19:35:27,2018-03-13 00:26:44,2018-03-17 10:51:48,2018-03-29,45.0,15.1,1,1,60.1,5,1,1.0,1.0,177216eb4775562e57fb625ad8dfb242,88200,tijucas,SC,14.64295138888889,26.1903125,0,60.1
7bab8fdc27c8cc367c51bb3c4f8bcc42,5f80c8ac8d4c620ad6bcc698b80f8358,delivered,2018-03-02 19:29:10,2018-03-02 19:48:48,2018-03-05 18:09:40,2018-03-23 23:02:27,2018-03-29,109.9,18.34,1,1,128.24,10,1,5.0,1.0,289e1d1ce11a14bb169775d58ad2f1c2,47850,luis eduardo magalhaes,BA,21.148113425925924,26.188078703703702,0,128.24
0ec76bccb5366815ac1be29b90db03c7,376085f5d0619f4cc1ea6cc1eb6663d6,delivered,2018-03-02 19:33:49,2018-03-02 19:48:54,2018-03-06 20:04:33,2018-03-29 21:58:54,2018-04-03,180.0,16.01,1,1,196.01,2,1,5.0,1.0,f3fb635e8df1903c48444b195d8d4b76,93410,novo hamburgo,RS,27.100752314814816,31.18484953703704,0,196.01
08783e3047d2cdfcccfcb9ee5b45772f,13b7ad9037c0906ddddf4671337aacfb,delivered,2018-03-02 19:38:26,2018-03-02 20:20:24,2018-03-06 17:16:45,2018-03-07 19:47:26,2018-03-20,69.9,12.49,1,1,82.39,1,1,5.0,1.0,312f3a7159f8ae9a13199d7fbc53d1c7,25802,tres rios,RJ,5.00625,17.18164351851852,0,82.39
eb8d44030d2f4ebce460ebce652242e2,30e9e911324b756560b265fb5281cdf9,delivered,2018-03-02 19:39:10,2018-03-02 19:50:39,2018-03-05 22:28:29,2018-03-09 20:24:47,2018-03-14,35.0,9.34,1,1,44.34,2,1,3.0,1.0,c4636621c1d184e5aed1098bfccbb683,4860,sao paulo,SP,7.0316782407407405,11.18113425925926,0,44.34
34957a1f241c065c4bffb7af05754b6a,8710d54afdbc8f3a78afc63f0fb13fab,delivered,2018-03-02 19:46:49,2018-03-03 02:35:37,2018-03-05 22:57:49,2018-04-16 20:08:39,2018-04-09,210.0,21.96,1,1,231.96,1,1,1.0,1.0,56331c330d79a9050a83616a24dfc420,21911,rio de janeiro,RJ,45.01516203703704,37.17582175925926,1,231.96
8a35c08994c840d30994c8c915bfff3d,30842c7a57bfab94becbce0a9cf0dc36,delivered,2018-03-02 19:59:17,2018-03-02 20:40:20,2018-03-14 20:10:52,2018-03-21 20:17:34,2018-03-28,59.8,17.44,2,1,77.24,1,1,5.0,1.0,bdd54dde20755227f669f7bddd797d84,12922,braganca paulista,SP,19.01269675925926,25.167164351851852,0,77.24
c5b859a429fc1d63c1444ad6a7a52d27,83b44ab8fd0cd5efb1b122b2a3bcd0ce,delivered,2018-03-02 20:04:19,2018-03-02 20:40:21,2018-03-06 16:04:30,2018-03-28 14:49:36,2018-03-28,325.0,18.71,1,1,343.71,7,1,3.0,1.0,5448fb61e525231e03356fb5769b9820,48601,paulo afonso,BA,25.78144675925926,25.163668981481482,1,343.71
e8b9c7b25bbbc6f005c27f648e24ffc5,78cd9cf78889fc97df2bf6070f9fafe8,delivered,2018-03-02 20:06:20,2018-03-02 20:49:07,2018-03-08 20:13:39,2018-03-20 11:54:28,2018-04-02,107.8,35.26,2,1,143.06,2,1,5.0,1.0,9ca97e91d9d0e7bae9dbe2b2cb731028,97800,sao luiz gonzaga,RS,17.658425925925926,30.16226851851852,0,143.06
bd62b37e405552f1b1c8ba894723f336,a5828b3291ddb79cc8f5b6288e8acb11,delivered,2018-03-02 20:12:55,2018-03-02 20:35:23,2018-03-13 22:38:33,2018-03-27 15:51:58,2018-04-10,69.9,27.03,1,1,96.93,1,1,1.0,1.0,d677554de4db98971843badd6cef3cc4,71882,brasilia,DF,24.818784722222222,38.15769675925926,0,96.93
47337df7ad68b2516542cd62e78cec3d,ac59af422867c34edf0192df5a172067,delivered,2018-03-02 20:14:09,2018-03-02 20:35:28,2018-03-07 23:48:29,2018-03-23 21:58:38,2018-03-20,75.9,23.7,2,1,99.6,1,1,1.0,1.0,177ef67dcf389e15d1586d1ec81983a8,18460,itarare,SP,21.07255787037037,17.15684027777778,1,99.60000000000001
23976d6dc9224e9d1f9e38a7b6fb03df,93aa25c384e914320479ac49f4cf8f69,delivered,2018-03-02 20:18:19,2018-03-02 21:00:24,2018-03-03 11:57:31,2018-03-16 17:44:49,2018-03-23,89.99,16.39,1,1,106.38,1,1,5.0,1.0,6c44c703ec4f7ebb1b595fc4cd05a244,82820,curitiba,PR,13.893402777777778,20.15394675925926,0,106.38
dddd54d8113f120fbbbbe593502a2d47,e11b9d7e63f6045c6007fcb39d771f2d,delivered,2018-03-02 20:20:44,2018-03-03 20:15:53,2018-03-20 17:17:29,2018-04-02 12:05:21,2018-03-23,25.0,25.63,1,1,50.63,1,1,2.0,1.0,60ec8175b75dc28e76068d138a70f36e,89035,blumenau,SC,30.655983796296297,20.152268518518518,1,50.629999999999995
44a9994228432b835c3a4e720b6a41ab,ae5ba6d5577f1b5e2db6fa6d96a9dbd9,delivered,2018-03-02 20:29:05,2018-03-06 03:55:30,2018-03-08 17:19:24,2018-03-28 19:27:44,2018-03-23,95.0,17.92,1,1,112.92,1,1,4.0,1.0,3f221c8e33a9afc371b1d9f0c142e93f,13625,santa cruz da conceicao,SP,25.957395833333333,20.146469907407408,1,112.92
7ac519af67a90b42fb3e296a8998f7c9,8b1d12ac3c115a217872856a5f7ff60c,delivered,2018-03-02 20:31:55,2018-03-02 20:49:13,2018-03-03 17:38:39,2018-03-24 20:18:36,2018-03-21,104.9,15.49,1,1,120.39,3,1,1.0,1.0,929031309b8a3bc294614f8562a1eece,8410,sao paulo,SP,21.990752314814817,18.144502314814815,1,120.39
bf59b8c2b20f173069f5304326665611,a12a3ebc7f6266741d29eda03bad1777,delivered,2018-03-02 20:33:02,2018-03-06 03:49:02,2018-03-23 20:48:29,2018-03-28 00:12:26,2018-03-20,149.9,13.18,1,1,163.08,1,1,1.0,1.0,9902c46ad9fab975b276b1011269a7a9,80035,curitiba,PR,25.152361111111112,17.143726851851852,1,163.08
22fe0bf39d80f86f5f4a106875e9adf9,9ca8d3e162050ac6598654057255a86c,delivered,2018-03-02 20:34:57,2018-03-03 20:30:32,2018-03-06 19:10:19,2018-03-16 15:26:50,2018-03-14,99.0,10.11,1,1,109.11,6,2,5.0,1.0,a2cb67b24e7062f1163616db07c065fe,5875,sao paulo,SP,13.786030092592593,11.142395833333333,1,109.11
ce3a36c0bcc4edf5c49a0a29b3da3963,b3af3ecddf3c4588121357ab183019b8,delivered,2018-03-02 20:37:29,2018-03-03 02:35:44,2018-03-06 21:16:58,2018-05-09 23:08:44,2018-03-22,76.8,32.22,2,1,109.02,1,1,3.0,1.0,28851a7f91fd1087baaaa471dfe40d4e,27520,resende,RJ,68.10503472222223,19.140636574074072,1,109.02
7ff9b10e71f943448ffa7bcb62acd1aa,7e9a5d4cbccb404e8ddce807dc3622c1,delivered,2018-03-02 20:37:46,2018-03-06 04:08:23,2018-03-13 01:48:21,2018-04-10 01:48:31,2018-03-27,76.25,16.97,1,1,93.22,1,1,1.0,1.0,90bf31428610d8297cf6e27fe70da525,23970,paraty,RJ,38.21579861111111,24.140439814814815,1,93.22
69796e4e03edbf9c0f49c76d4ebadb77,34df16078d0ceb647b488afc94a78519,delivered,2018-03-02 20:51:35,2018-03-02 21:09:23,2018-03-27 15:42:16,2018-04-05 23:21:47,2018-03-29,76.25,16.97,1,1,93.22,1,1,,,60a342094fa78fd75a833e5b94db0235,37060,varginha,MG,34.104305555555555,26.130844907407408,1,93.22
b8f556e0eb31034a9346b2d045c90186,dc22192b47c4e49aa885def47e184afc,delivered,2018-03-02 20:52:50,2018-03-02 21:15:28,2018-03-09 00:10:44,2018-03-21 00:38:46,2018-03-26,949.0,194.22,1,1,1143.22,5,1,5.0,1.0,544bbae01f9405564f40ae1af55cf9d1,45638,coaraci,BA,18.156898148148148,23.12997685185185,0,1143.22
1e7047105c023a4482c75d1a99880426,2ded964aec3168c8f62dea30b72f447d,delivered,2018-03-02 20:58:58,2018-03-06 03:49:29,2018-03-08 15:03:39,2018-04-03 22:16:49,2018-04-04,35.9,14.1,1,1,50.0,1,1,4.0,1.0,ba05629fb1530b3422055a4f479b8882,21941,rio de janeiro,RJ,32.0540625,32.12571759259259,0,50.0
841a78e6ae7179553c784f4a69955d5b,86aa5fc8f65c55027ad99b9ed5d272b1,delivered,2018-03-02 21:00:22,2018-03-02 21:40:26,2018-03-08 00:38:40,2018-03-14 17:59:25,2018-03-20,92.9,16.28,1,1,109.18,2,1,5.0,1.0,128e8489c7d968745e18ab40076ae698,8032,sao paulo,SP,11.874340277777778,17.12474537037037,0,109.18
51245e7e9f801001cd072ede8dcacb4a,7f102b6cc60ec4a98b4b2a9a1005422e,delivered,2018-03-02 21:05:47,2018-03-02 21:15:44,2018-03-05 20:13:59,2018-03-18 17:39:26,2018-03-20,107.0,12.25,1,1,119.25,8,1,4.0,1.0,f92baf007dbae2988de66d10f165f7f1,5417,sao paulo,SP,15.856701388888888,17.120983796296297,0,119.25
74a6b2ad7f46bee735d4ea83a022cf3e,b206d6bd13d979abe18b116225e551d2,delivered,2018-03-02 21:07:35,2018-03-03 02:51:24,2018-03-06 18:36:23,2018-03-20 22:03:23,2018-03-22,114.9,15.55,1,1,130.45,1,1,5.0,1.0,0880913b39e936f30515d7f65f0a8f34,28911,cabo frio,RJ,18.03875,19.119733796296295,0,130.45000000000002
5065ad433fb01b8ee48433c8ce6c6be9,679b6663d92f901171c7d9544094fbc3,delivered,2018-03-02 21:15:46,2018-03-02 21:30:29,2018-03-06 01:56:24,2018-03-14 22:59:31,2018-03-20,39.99,11.85,1,1,51.84,1,2,3.0,1.0,853b15909ca8a525785005a333a41d9c,17022,bauru,SP,12.07204861111111,17.114050925925927,0,51.84
347f64f7117e953b9940c2e7cde190ba,d8926bd0921d716257b1879e8d4264ee,delivered,2018-03-02 21:29:29,2018-03-02 21:35:24,2018-03-06 17:54:24,2018-03-07 20:34:43,2018-03-14,99.9,11.9,1,1,111.8,4,1,5.0,1.0,cbc71e02efb1d43b84f80b2a64d6013c,3407,sao paulo,SP,4.961967592592592,11.104525462962963,0,111.80000000000001
50ba38c4dc467baab1ea2c8c7747934d,9e01f714a2b3b8962c222cf2b74c20dc,delivered,2018-03-02 21:32:44,2018-03-03 15:30:28,2018-03-06 23:16:55,2018-03-24 00:04:16,2018-04-09,199.0,20.63,1,1,219.63,10,1,5.0,1.0,e1feae9083c4c2895ddf6dc80526a85d,38540,abadia dos dourados,MG,21.105231481481482,37.10226851851852,0,219.63
7d2d231c0b3abb985ed020ffa3acf300,ef239d35ce43ebac174ad5c581b03ae4,delivered,2018-03-02 21:40:30,2018-03-02 22:55:34,2018-03-05 20:52:00,2018-04-07 00:13:31,2018-03-23,60.0,16.18,1,1,76.18,1,1,3.0,1.0,90f6eb2f741df0db68e7fa1113baae85,25974,teresopolis,RJ,35.106261574074075,20.096875,1,76.18
81f0ac6df4dc86fd79d0ec097d0d4403,016976e1a8808cdefd68c7080e3899fe,delivered,2018-03-02 21:44:29,2018-03-02 21:55:55,2018-03-07 00:03:34,2018-03-08 18:48:36,2018-03-14,29.98,7.78,1,1,37.76,1,1,3.0,1.0,78d728237c4821f25508b773d2dc1dfb,4176,sao paulo,SP,5.877858796296296,11.094108796296297,0,37.76
bdfb5638a80d0fa6ec030a921c695a5f,2138da43cc1aabdb272b97392c0175ae,delivered,2018-03-02 21:46:03,2018-03-02 21:55:48,2018-03-06 23:35:19,2018-04-04 17:21:13,2018-03-20,59.9,11.92,1,1,71.82,1,1,1.0,1.0,0f82a43ffe714bbec9f2d828de95ba52,11750,peruibe,SP,32.81608796296296,17.093020833333334,1,71.82
1d7a71c41527b2bc409847ba9b75bd86,728d8854728a82f8d07ead7b2d80b00f,delivered,2018-03-02 21:49:35,2018-03-02 22:08:47,2018-03-06 00:10:47,2018-03-27 22:18:55,2018-04-02,49.9,15.1,1,1,65.0,2,1,5.0,1.0,dfd10cbffc8524a3127ca810ba435207,95995,arvorezinha,RS,25.02037037037037,30.09056712962963,0,65.0
8a81337c086e3ab740913c061cf6c2d4,87cfbc9db7f2dc260b8f0022377909ef,delivered,2018-03-02 21:52:33,2018-03-02 22:29:06,2018-03-05 19:19:49,2018-03-16 00:56:24,2018-03-14,45.9,8.27,1,1,54.17,1,1,3.0,1.0,bc7bdb9c1a238074b218f190a3e1e5bb,5847,sao paulo,SP,13.127673611111112,11.088506944444445,1,54.17
1cdbaaa0377025fdc1847dd3619f88db,b4723aaa1b0372ec3faa788d944a1e82,delivered,2018-03-02 21:53:30,2018-03-02 22:30:44,2018-03-06 16:49:04,2018-03-26 18:05:49,2018-03-21,119.9,15.59,1,1,135.49,7,1,3.0,1.0,08857f0c2773c0834c299cecba198500,9780,sao bernardo do campo,SP,23.841886574074074,18.087847222222223,1,135.49
9372c16a75d7ff9110358389ccaa0566,4d746d8722cb2f5a747240f9be720be3,delivered,2018-03-02 21:57:46,2018-03-02 22:10:26,2018-03-06 20:54:47,2018-03-28 20:27:42,2018-03-26,110.99,44.63,1,1,155.62,8,1,1.0,1.0,3a9cf971c83269e00c1a5373561e14cc,87060,maringa,PR,25.937453703703703,23.08488425925926,1,155.62
6d481d5204319959780a50031fedfb48,9c703a0e38ff9046314a1bff0c9cdd99,delivered,2018-03-02 22:13:53,2018-03-02 22:30:46,2018-03-09 00:46:31,2018-03-09 16:50:39,2018-03-14,259.8,19.44,2,1,279.24,3,1,4.0,1.0,b028293bc341508d395f3bc3b19ca914,11040,santos,SP,6.7755324074074075,11.07369212962963,0,279.24
793600b6f83c44827bd1d480fbde321f,029e575b0cdb8a5696a502ed2f9391e3,delivered,2018-03-02 22:20:48,2018-03-02 22:30:43,2018-03-07 02:24:47,2018-04-09 18:36:40,2018-03-22,137.0,16.4,1,1,153.4,5,1,1.0,1.0,a44d4c445532c860c7dc1701a0aba6b1,88047,florianopolis,SC,37.844351851851854,19.06888888888889,1,153.4
70a44842363a251713d68fea7129e4f0,e0e4c9ec75a3c67e5199f1e7d26aee38,delivered,2018-03-02 22:23:47,2018-03-02 22:35:26,2018-03-05 17:32:30,2018-03-13 21:11:12,2018-04-13,199.99,17.84,1,1,217.83,8,1,5.0,1.0,8ee3b61de710bbb5c1c3ce6030c95912,21941,rio de janeiro,RJ,10.949594907407407,41.06681712962963,0,217.83
35cf1961f10100bb2198e4f935ab4173,c57e8c7a4bcef288ef247e0641416bee,delivered,2018-03-02 22:26:28,2018-03-02 22:49:02,2018-03-06 18:59:05,2018-04-03 01:03:09,2018-03-23,47.9,15.1,1,1,63.0,1,1,5.0,1.0,1c63862deab8439f00d7a269b42a5a97,36301,sao joao del rei,MG,31.10880787037037,20.064953703703704,1,63.0
98118a946846ed39501f78fef6ff3ea7,16a2e2b2a97824fa864facd6f2d0d6ae,delivered,2018-03-02 22:33:06,2018-03-02 22:55:34,2018-03-06 02:45:29,2018-03-09 17:24:46,2018-03-16,89.99,9.44,1,1,99.43,2,1,5.0,1.0,d1dc4ed1bd1e9aac58b5ba9b8914449b,6660,itapevi,SP,6.78587962962963,13.060347222222223,0,99.42999999999999
62059211790cf7661fe10443c75e8f17,f6750e31bcac8ebead3685be804fd3d6,delivered,2018-03-02 22:34:15,2018-03-02 22:55:29,2018-03-06 00:26:42,2018-03-15 21:28:35,2018-04-09,49.0,34.15,1,1,83.15,1,2,5.0,1.0,f3aff011695265b4e9803f2fb3cb86bc,76890,jaru,RO,12.954398148148147,37.05954861111111,0,83.15
9cd5810e0e93f3aa22403b2a7371d1a2,ffb6bb7dbfa226abbb5f1c27bb3b7a6f,delivered,2018-03-02 22:35:14,2018-03-02 22:55:33,2018-03-07 23:58:36,2018-03-16 18:53:23,2018-03-20,49.0,12.69,1,1,61.69,1,1,5.0,1.0,198c7ee684a271d34ff5d5f5f33f99d7,12211,sao jose dos campos,SP,13.8459375,17.058865740740742,0,61.69
9bd205c61d04aee7fe0ebec1bf0896ee,bcc5985d05e968e92d8075e2929e779e,delivered,2018-03-02 22:38:34,2018-03-03 21:10:26,2018-03-05 22:09:51,2018-03-06 23:42:21,2018-03-14,189.9,9.52,1,1,199.42,1,1,5.0,1.0,9f350f170fe9b3066133448f3be7cd10,4639,sao paulo,SP,4.044293981481482,11.056550925925926,0,199.42000000000002
db46ef9887e9ac7aec3ad2f66978d632,2a6caf771045ece479046cb01df66d1d,delivered,2018-03-02 22:39:33,2018-03-02 22:55:33,2018-03-06 00:48:29,2018-03-12 19:21:42,2018-03-21,122.99,14.61,1,1,137.6,4,1,5.0,1.0,6ad276b6e4b85c1a2020daac2422c100,33400,lagoa santa,MG,9.862604166666667,18.055868055555557,0,137.6
54e78383150f4a775184e7e32ea6ce09,e36d38c4df7455eacb149e548fa69b6a,delivered,2018-03-02 22:46:35,2018-03-02 22:55:40,2018-03-08 19:58:28,2018-03-15 20:05:42,2018-03-22,119.9,15.59,1,1,135.49,5,1,2.0,1.0,b15403eb954ff51957dd4ac6f1baabdd,35010,governador valadares,MG,12.888275462962962,19.050983796296297,0,135.49
870939e9577d3981c107477c5a27b7f8,ff898eb678319bd6f600449bb0713f87,delivered,2018-03-02 22:46:57,2018-03-02 22:55:39,2018-03-09 00:37:24,2018-03-22 19:48:32,2018-03-22,38.4,16.11,1,1,54.51,1,1,5.0,1.0,4850bf2ffaae5bc1612b55060a71bb19,27265,volta redonda,RJ,19.87609953703704,19.050729166666667,1,54.51
dd38bcc1ad97c23b6cfd63850667aa03,536d34b506dd35403e9abf9bf68e82a4,delivered,2018-03-02 22:48:59,2018-03-02 23:08:38,2018-03-05 20:52:02,2018-03-06 22:17:33,2018-03-14,47.49,9.94,1,1,57.43,1,1,5.0,1.0,f0b12169047a08071cb175297e8dca51,6402,barueri,SP,3.9781712962962965,11.04931712962963,0,57.43
999b8d758771edb14fdf3f1a280d8a60,48a43e5bd9323c89b8aa768871746ebe,delivered,2018-03-02 22:53:20,2018-03-02 23:10:27,2018-03-06 01:59:32,2018-03-21 18:08:51,2018-03-23,29.9,15.1,1,1,45.0,1,1,5.0,1.0,2eb487827f6a81edd6266b9db2413abc,36060,juiz de fora,MG,18.80244212962963,20.046296296296298,0,45.0
f7a9caa19de0afd0f1630781165c0597,997c0198fd57c64bf4d9126c367b36e1,delivered,2018-03-02 22:56:31,2018-03-06 04:30:55,2018-03-07 00:54:40,2018-03-25 11:08:28,2018-03-26,298.88,29.47,1,1,328.35,1,1,4.0,1.0,9427f2fc5cf20d82043915d446812c7c,41650,salvador,BA,22.508298611111112,23.044085648148148,0,328.35
600b6a5fc944f990a4163f99a9fa69c4,d76fd8ce78bd4ae0507c3e9d32c07f5b,delivered,2018-03-02 22:59:22,2018-03-02 23:10:34,2018-03-06 20:56:29,2018-03-15 16:36:55,2018-03-27,535.9,18.5,1,1,554.4,6,1,5.0,1.0,31ee6e1effe34e41549635db29aa9e78,87023,maringa,PR,12.734409722222223,24.042106481481483,0,554.4
cd6abb02d781babd935ee80555d3972e,cc39c95f4a46addd1f64da1ea88f95fb,delivered,2018-03-02 23:04:39,2018-03-02 23:28:38,2018-03-06 19:49:04,2018-03-09 23:37:25,2018-03-14,195.9,8.63,1,1,204.53,3,1,5.0,1.0,fa6fa94a6c6ff5a21b9364e66a3b3266,5584,sao paulo,SP,7.022754629629629,11.0384375,0,204.53
05095322e4f3619255e9450335966c33,d6d2c033c21383b51bda46e1e5580f8f,delivered,2018-03-02 23:16:28,2018-03-02 23:28:49,2018-04-04 22:42:07,2018-04-10 13:21:53,2018-03-23,120.0,12.97,1,1,132.97,1,1,1.0,1.0,840c06f67ff65d4e51d8c970ff462185,36309,sao joao del rei,MG,38.587094907407405,20.030231481481483,1,132.97
61587185bfde7d7fc6a93030ddf4a57c,2befd838f726c482b5281c5f849b3cad,delivered,2018-03-02 23:19:40,2018-03-06 03:49:22,2018-03-07 20:33:03,2018-03-20 21:21:53,2018-04-05,99.9,17.95,1,1,117.85,1,1,5.0,1.0,dc759b3f371b15aa62e4bf56a123d3d2,21021,rio de janeiro,RJ,17.918206018518518,33.02800925925926,0,117.85000000000001
ed3641039dfd0e24abc6ecef17cb01e2,2da229948f4646c1c67dbea35a198606,delivered,2018-03-02 23:28:34,2018-03-02 23:49:08,2018-03-07 01:21:35,2018-04-20 19:12:34,2018-04-11,148.99,15.79,1,1,164.78,7,1,1.0,1.0,aabe46b55a3f9952d637e41da7bedf7c,23070,rio de janeiro,RJ,48.82222222222222,39.021828703703704,1,164.78
2049584f67990d0732321de66fb36c55,ed92d1913b9c8d523d1564eda756d622,delivered,2018-03-02 23:32:54,2018-03-06 03:55:30,2018-03-06 19:07:55,2018-03-22 17:04:37,2018-03-26,18.9,15.1,1,1,34.0,1,1,5.0,1.0,2174266e52ebdd52f931b2b3396129f3,85890,missal,PR,19.730358796296297,23.018819444444443,0,34.0
1d14bb358f43b14725c70bdc035ce24e,178910ef515adef6afbf89b143d5e25d,delivered,2018-03-02 23:51:51,2018-03-03 00:09:29,2018-03-08 19:28:20,2018-03-28 21:22:43,2018-03-27,14.9,25.63,1,1,40.53,2,1,5.0,1.0,e4e6876cca9888203156816a0e2a7523,72150,brasilia,DF,25.896435185185187,24.005659722222223,1,40.53
c97de78b8ee3343c72b234c57b872408,7dd98d09c536a360c394b8d8e908d9ae,delivered,2018-03-02 23:52:13,2018-03-03 00:09:28,2018-03-12 14:58:49,2018-03-29 21:04:08,2018-04-06,399.98,165.68,2,1,565.66,6,1,5.0,1.0,95d1bde8cd74ef80c3680d189531d1f9,26255,nova iguacu,RJ,26.883275462962963,34.00540509259259,0,565.6600000000001
4f92b447221c7c5e08918d145eafa33f,6b3e353f94d5ae0755ccbddd93faa2a0,delivered,2018-03-02 23:58:02,2018-03-03 00:50:27,2018-03-06 01:36:36,2018-03-17 00:14:38,2018-03-20,79.99,12.06,1,1,92.05,9,1,4.0,1.0,a7275640a427406935d3460bec8a0ed3,4136,sao paulo,SP,14.011527777777777,17.00136574074074,0,92.05
edf98874f1448a7630f57febbfa39852,d56372b0f0e8e6cf6c5f248a6d976d23,delivered,2018-03-03 00:10:35,2018-03-04 00:08:46,2018-03-06 22:19:57,2018-03-08 00:42:27,2018-03-15,599.0,13.01,1,1,612.01,3,1,5.0,1.0,c882c0a7ea97fb852da1578bd6dc3b6a,6543,santana de parnaiba,SP,5.02212962962963,11.992650462962963,0,612.01
1809a44d4cfef40b413aa8a35d87903e,dedd8b4958cfa85ad524e089bc460664,delivered,2018-03-03 00:21:15,2018-03-03 00:35:35,2018-03-06 02:23:13,2018-03-06 20:08:29,2018-03-15,26.99,7.78,1,1,34.77,1,1,4.0,1.0,f7216e0af44584002cfeb7033b46db4a,2022,sao paulo,SP,3.8244675925925926,11.985243055555555,0,34.769999999999996
23bd3ea8478099ea89638b5514a1198b,4293c2b68d5b7247d658d304c8670eaa,delivered,2018-03-03 00:42:02,2018-03-03 01:20:30,2018-03-07 00:33:02,2018-03-23 00:58:45,2018-03-21,30.21,11.85,1,1,42.06,1,1,3.0,1.0,58d12a5602286158f8db195f34edb260,1227,sao paulo,SP,20.011608796296297,17.970810185185186,1,42.06
069872f35a2ed2d455f9b64e914dd4bd,04b980084e94db244952738c91136dd7,delivered,2018-03-03 00:44:24,2018-03-03 00:56:25,2018-03-05 18:43:29,2018-03-13 22:56:27,2018-03-27,49.95,22.67,1,1,72.62,1,1,5.0,1.0,e6852fcc42a88802bb6fd79fee5d3a73,74110,goiania,GO,10.925034722222222,23.969166666666666,0,72.62
9e06e3dc3431cfc5d70126246373fbef,821ea76972cd17c9b58d81015b797451,delivered,2018-03-03 00:53:10,2018-03-06 03:49:36,2018-03-07 19:58:40,2018-03-08 21:20:19,2018-03-15,74.9,9.74,1,1,84.64,1,1,1.0,1.0,2d83a991bc24a3b3065dceea27d3cbfb,1416,sao paulo,SP,5.8521875,11.963078703703705,0,84.64
6252e5cc8f9d63d77992527306dc895f,2856e82490b25fc99efa97f9a3c0a1b6,delivered,2018-03-03 01:40:13,2018-03-03 01:55:21,2018-03-05 23:42:33,2018-03-15 21:52:01,2018-04-03,349.9,21.69,1,1,371.59,2,1,4.0,1.0,3caeec0a1c6dc72bb912f140e5fdc5a7,79833,dourados,MS,12.841527777777777,30.930405092592594,0,371.59
e6717b6671df1d58c3f2435ec49eb74a,1353681b09bdb49c50b81bd023a2b3fa,delivered,2018-03-03 01:55:29,2018-03-03 02:13:20,2018-03-05 19:49:04,2018-03-06 21:41:42,2018-03-15,239.0,8.93,1,1,247.93,5,1,5.0,1.0,44ee631c38054bd3331b42db304a0bd5,3067,sao paulo,SP,3.8237615740740742,11.919803240740741,0,247.93
eb2d13a05138994cbcc09986aabdb9b3,0254fef29444edf8ad023adf1baac1bd,delivered,2018-03-03 02:21:56,2018-03-04 02:30:49,2018-03-06 19:38:59,2018-03-27 21:56:54,2018-04-20,319.9,35.0,1,1,354.9,1,1,4.0,1.0,08e5b38d7948d37fbb2a59fc5e175ab1,58043,joao pessoa,PB,24.815949074074073,47.901435185185186,0,354.9
a6342076665c42007b429ba796b34480,51474a10ad0b69711d52947b293f6e87,delivered,2018-03-03 02:51:40,2018-03-03 03:29:16,2018-03-07 23:18:58,2018-03-27 19:32:31,2018-03-21,39.99,14.1,1,1,54.09,2,1,1.0,1.0,7c734ea4bc94d15f578c79e0f43aa0d8,32604,betim,MG,24.69503472222222,17.880787037037038,1,54.09
4035ceaa65684a20c0e957436e500818,68a12fef36d6d11ab0023596f4e83ed5,delivered,2018-03-03 06:34:00,2018-03-03 06:48:08,2018-03-08 21:52:25,2018-03-20 13:18:38,2018-03-21,59.9,14.17,1,1,74.07,2,1,4.0,1.0,890d2b911fee843260ea88bf78dac846,32110,contagem,MG,17.28099537037037,17.726388888888888,0,74.07
e26d1ae778f8367c217157a4a2bc7002,8fb4a6f31ae474c757c377a79b2aec17,delivered,2018-03-03 06:45:02,2018-03-03 06:55:33,2018-03-05 20:08:08,2018-03-12 23:38:46,2018-03-23,99.0,14.44,1,1,113.44,2,1,5.0,1.0,d68ff0e5e697e466af61e8e2faf19449,74366,goiania,GO,9.703981481481481,19.71872685185185,0,113.44
c566b950d2202b136e2ae899fc0f5df4,8c4f09a5ace23a2be2cd287d2e6608a3,delivered,2018-03-03 07:22:19,2018-03-04 07:15:24,2018-03-09 19:21:16,2018-03-18 17:38:39,2018-04-03,349.9,18.21,1,1,368.11,8,1,5.0,1.0,085bafc6a8a8298ca2bf45edd6352443,3161,sao paulo,SP,15.428009259259259,30.692835648148147,0,368.10999999999996
1c319576cde33909a59cb779cd50b2b1,3d568a09b7dd9de340acc65db8411388,delivered,2018-03-03 07:35:45,2018-03-03 07:50:26,2018-03-07 23:48:02,2018-03-29 18:54:47,2018-04-10,98.0,36.01,1,1,134.01,10,1,4.0,1.0,8bd063ff69f5c32673997fde76309c5f,76980,vilhena,RO,26.471550925925925,37.683506944444446,0,134.01
b9ab6047d37ddd3df234b9e3da860b39,3dce5a79db731771c20821693a0ade0b,delivered,2018-03-03 08:28:33,2018-03-03 08:48:30,2018-03-06 17:08:25,2018-04-09 18:28:48,2018-03-23,229.9,18.86,1,1,248.76,10,1,1.0,1.0,70f050aab212fbba29f413ff57abe67c,16400,lins,SP,37.41684027777778,19.646840277777777,1,248.76
780d337b404662d73b89a4d011746257,abf2d2328aec78d993a06cecf5c7b961,delivered,2018-03-03 08:36:01,2018-03-03 08:50:24,2018-03-08 22:31:27,2018-03-20 23:23:46,2018-03-28,53.9,17.63,1,1,71.53,1,1,4.0,1.0,416f8cebc9e3455b81aed90642f926ad,84970,santana do itarare,PR,17.616493055555555,24.641655092592593,0,71.53
7818864c8604b6c6114235d245908ad6,67cacf586b432939b6ae2465b2aecf44,delivered,2018-03-03 08:45:50,2018-03-03 09:08:35,2018-03-05 19:19:50,2018-03-18 15:55:22,2018-04-03,45.9,34.15,1,1,80.05,1,1,5.0,1.0,d0d3fd3a6cb03b855223ca07fca00940,58301,santa rita,PB,15.298287037037037,30.634837962962962,0,80.05
d1d236cc3f6641fff88f1239a22b9b2c,3b3300104ab7e775a7493a3dd5f1fdf4,delivered,2018-03-03 08:52:32,2018-03-03 09:08:33,2018-03-05 23:30:01,2018-03-16 22:57:33,2018-03-28,51.89,15.11,1,1,67.0,3,1,5.0,1.0,b69f9e79410ad4d3422fd6d80c247cce,11700,praia grande,SP,13.58681712962963,24.630185185185184,0,67.0
e192b63496e874f9ec02a62d97ac23be,611086d2305e396ee944223283d20362,delivered,2018-03-03 08:59:18,2018-03-03 09:10:28,2018-03-15 18:31:35,2018-04-21 00:48:52,2018-04-12,159.99,59.29,1,1,219.28,1,1,1.0,1.0,07688a432e555be9655e83874563bc74,65075,sao luis,MA,48.659421296296294,39.62548611111111,1,219.28
e512a1c0f56b158f913abc3cd64933d4,eee90f0c715e40bfb67ac537e8f192c5,delivered,2018-03-03 09:01:00,2018-03-03 09:10:29,2018-03-06 00:04:16,2018-03-19 20:46:49,2018-04-02,221.98,72.2,2,1,294.18,5,1,4.0,1.0,5f0dcfc03cb8320f2c96ca4f659b0be8,75200,pires do rio,GO,16.490150462962962,29.624305555555555,0,294.18
ddf7e19dc4d5ff4be22e808142f35e5d,806f7c1753a3be75c708138b58666ea3,delivered,2018-03-03 09:07:44,2018-03-03 09:28:50,2018-03-07 02:37:39,2018-03-26 20:42:46,2018-04-05,499.99,28.78,1,1,528.77,8,1,3.0,1.0,e191f967ed2ad2b93ad1c8117e6daa1a,52051,recife,PE,23.482662037037038,32.61962962962963,0,528.77
5ebce795f868b14058961eb09ebf1cbc,334d2f3da18803bd68cdf58a72f93d65,delivered,2018-03-03 09:11:43,2018-03-06 03:55:51,2018-03-09 17:07:06,2018-03-21 16:12:11,2018-03-29,79.9,23.43,1,1,103.33,1,1,4.0,1.0,96d273145120d7121dcce519e400baf9,45400,valenca,BA,18.29199074074074,25.616863425925924,0,103.33000000000001
262ba6c85fd3c9c589bac6fa7d113cca,4844981d7b634b9e219b119a435c93b7,delivered,2018-03-03 09:13:32,2018-03-03 09:28:51,2018-03-07 17:37:32,2018-04-11 18:57:39,2018-03-22,119.9,15.59,1,1,135.49,5,1,1.0,1.0,d6d5f792d1964e8f8a9dc4b72474306c,4841,sao paulo,SP,39.40563657407407,18.615601851851853,1,135.49
5754566e8ff4366d7b0af3c53e696a7f,77e95630a7f84d9459031bec4830633b,delivered,2018-03-03 09:19:16,2018-03-03 09:30:26,2018-03-07 16:45:23,2018-03-27 18:46:42,2018-03-26,64.9,28.85,1,1,93.75,9,1,4.0,1.0,a6d7b3487151efe04036d1ee2c94f3af,88523,lages,SC,24.394050925925924,22.61162037037037,1,93.75
93a804dadb1564950a0aa38cfb23def6,9589ed0f9953ec9c48be54a2249c44c9,delivered,2018-03-03 09:19:32,2018-03-06 03:55:46,2018-03-07 20:48:41,2018-03-17 00:08:30,2018-03-22,35.0,19.84,1,1,54.84,1,1,4.0,1.0,0567da3da02026dc5c168ba90480cd94,80530,curitiba,PR,13.617337962962964,18.611435185185186,0,54.84
30b693f731699f8468a99b453bd26dd7,aa0cf3058e9942647ecd15789fbb4993,delivered,2018-03-03 09:19:54,2018-03-03 09:30:27,2018-03-06 16:05:22,2018-03-14 19:41:39,2018-03-21,325.0,13.77,1,1,338.77,3,1,4.0,1.0,d47107318c1a09b62dcc0d84a0bcf5da,11250,bertioga,SP,11.431770833333333,17.611180555555556,0,338.77
624ffe16156e4aac5b9ec7ac27ed23c6,dd330df40b83abc9645d38fe5e56ac85,delivered,2018-03-03 09:33:15,2018-03-04 09:30:25,2018-03-05 19:58:48,2018-03-12 14:46:49,2018-03-26,369.9,61.6,1,1,431.5,8,1,2.0,1.0,833921e810f165ecd4d84c15c656bd98,26220,nova iguacu,RJ,9.21775462962963,22.60190972222222,0,431.5
9e0c7da69212a91ad90bc37ab91a6c68,47d3027e3dce97a4102da39a523554a1,delivered,2018-03-03 09:39:22,2018-03-03 09:50:27,2018-03-05 19:04:26,2018-03-15 16:08:46,2018-03-26,149.9,23.37,1,1,173.27,2,1,4.0,1.0,0b35b0c15e108cf218f935d9bb2069a4,2408,sao paulo,SP,12.270416666666666,22.597662037037036,0,173.27
e639eb028398f98b7958207b2a45684c,4cbe7cdb500ac94cf673f67c9f28d8c3,delivered,2018-03-03 09:57:04,2018-03-05 14:20:25,2018-03-09 22:24:48,2018-03-21 23:26:46,2018-04-06,95.0,15.42,1,1,110.42,1,1,,,3eec5203b4af0fbcf6cac3498538cb86,71694,brasilia,DF,18.562291666666667,33.58537037037037,0,110.42
c99274b9d6aaffe2c0bd2d3483f64f12,530d079076d1c95963e48cb0e5ef631c,delivered,2018-03-03 09:57:51,2018-03-03 11:00:24,2018-03-05 21:59:46,2018-03-26 17:36:40,2018-04-02,65.0,35.77,1,1,100.77,4,1,5.0,1.0,f2b8ca4a11f4e1157411b038448f8cba,59152,parnamirim,RN,23.318622685185186,29.58482638888889,0,100.77000000000001
9548d47e368ce1b35e93375dd2f3ccd7,eca1a1aa65a7924689ffbd52004fae8a,delivered,2018-03-03 09:59:16,2018-03-06 03:49:43,2018-03-07 13:16:41,2018-03-21 00:09:22,2018-03-28,99.0,15.44,1,1,114.44,1,1,5.0,1.0,d9677c3b852c6aad297449c457839ec2,94770,capao da porteira,RS,17.59034722222222,24.583842592592593,0,114.44
ed7729e6796b85362ae02f41ae06ea03,ebcd6949522bae5af04691fe44be17d0,delivered,2018-03-03 10:00:48,2018-03-03 10:10:29,2018-03-05 21:04:31,2018-04-10 14:47:40,2018-03-26,29.9,16.11,1,1,46.01,1,1,1.0,1.0,f9996b7531735e4c037f2b924cdee1e1,28250,italva,RJ,38.19921296296296,22.58277777777778,1,46.01
b80e879030f825a648abffe9d993ff6a,0e7697ddfe20700b6a6bbc3394de3db2,delivered,2018-03-03 10:01:19,2018-03-03 10:15:32,2018-03-06 04:47:42,2018-03-27 21:14:03,2018-03-26,199.0,16.14,1,1,215.14,10,1,1.0,1.0,7330a3475a2c65878c2c9b95266bef04,80320,curitiba,PR,24.467175925925925,22.58241898148148,1,215.14
c1e0ca05590ed1c16d7aaa4c96fdced6,93bb6b87c2f3b43b991f2b37da6f2095,delivered,2018-03-03 10:03:41,2018-03-06 04:20:29,2018-03-06 22:39:01,2018-04-16 15:18:32,2018-03-29,20.0,16.79,1,1,36.79,1,1,4.0,1.0,968fe295f3c0ecbab2f617917cc4c46f,78556,sinop,MT,44.21864583333333,25.58077546296296,1,36.79
9be2a464f1c3c6a07d0744db8972a9cc,d66c4072021de5b7715e5d0b756a1527,delivered,2018-03-03 10:03:42,2018-03-06 03:50:52,2018-03-08 00:48:47,2018-03-28 20:03:27,2018-03-29,24.5,26.89,1,1,51.39,1,1,4.0,1.0,968fe295f3c0ecbab2f617917cc4c46f,78556,sinop,MT,25.416493055555556,25.58076388888889,0,51.39
c4d43ff7c0529549e6064083bd2129d3,f6bd36b6574aa85cd8714d2cf4e9d777,delivered,2018-03-03 10:06:23,2018-03-03 10:15:35,2018-03-05 17:48:43,2018-03-06 19:46:40,2018-03-15,59.9,9.09,1,1,68.99,2,1,4.0,1.0,e30f234f250604cf46ff34ebd671e7f6,32675,betim,MG,3.402974537037037,11.578900462962963,0,68.99
9a14984b8e92e2c06592b0de08ae9fb3,fac351d77b3663c1c9f35cd6c2c23fbd,delivered,2018-03-03 10:08:51,2018-03-03 10:28:32,2018-03-05 19:28:40,2018-03-27 02:58:42,2018-03-26,914.65,40.2,1,1,954.85,10,1,5.0,1.0,af0eb01dfa9e3591fd168dd649b1b58d,52021,recife,PE,23.701284722222223,22.5771875,1,954.85
13a23ee952fb9cd769f00a73d9dadfc3,e6b2757b757b80cd6c7c33c329e9afdf,delivered,2018-03-03 10:11:38,2018-03-03 10:28:37,2018-03-08 17:25:18,2018-03-12 15:42:18,2018-03-22,169.9,14.92,1,1,184.82,2,1,3.0,1.0,66b54450ecb6e435d205711757cb76f2,35012,governador valadares,MG,9.22962962962963,18.57525462962963,0,184.82
2cb5ed8e391a8ef966fe938d480510b1,6ea342594088a8d78a51e55e38053887,delivered,2018-03-03 10:12:47,2018-03-06 03:35:42,2018-03-06 19:27:31,2018-04-11 16:59:50,2018-04-06,130.0,21.71,1,1,151.71,1,1,1.0,1.0,d0a0097c18d20ea11880b9f8af8232d8,76801,porto velho,RO,39.282673611111115,33.57445601851852,1,151.71
116665b63c365f63f79ab891a4a88cfd,e4041e33b658e847dc2627705fb128ec,delivered,2018-03-03 10:20:26,2018-03-03 10:35:47,2018-03-06 23:33:18,2018-03-21 10:48:34,2018-04-02,97.99,36.01,1,1,134.0,3,1,5.0,1.0,70ae854d72b6487f1f6bfa3a843a6191,55125,toritama,PE,18.019537037037036,29.56914351851852,0,134.0
031530e9ab00574597b21443baa61f08,447e29ce729f67ed9ad316e8fba96adb,delivered,2018-03-03 10:25:35,2018-03-03 10:35:45,2018-03-06 02:24:52,2018-03-15 15:30:44,2018-03-26,59.99,16.67,1,1,76.66,2,1,5.0,1.0,c0cad779c1da40c9d34c53cd03eb28aa,74230,goiania,GO,12.211909722222222,22.56556712962963,0,76.66
f5656080276fb2a6196e02f88ab4b211,bd41fd4fa2730e255ddd4964fae8e06a,delivered,2018-03-03 10:29:16,2018-03-03 10:48:46,2018-03-05 20:21:51,2018-03-12 23:25:56,2018-03-22,138.0,17.22,1,1,155.22,3,1,5.0,1.0,3b6577dc371a8aad49d7b124b01d3d92,70773,brasilia,DF,9.539351851851851,18.56300925925926,0,155.22
0a14f9fc5324099db2a5418351592675,58c021d7a27ccda0f20f3c1658b0544e,delivered,2018-03-03 10:30:17,2018-03-03 10:48:49,2018-03-06 20:04:30,2018-03-13 21:38:50,2018-04-05,70.0,15.24,1,1,85.24,1,1,5.0,1.0,f9cb5dc7e731ae82e0575be2255c14e3,95270,flores da cunha,RS,10.464270833333334,32.56230324074074,0,85.24
46d4dc3795fd1a96b46bbc6cfdc5f3c5,2f34fa79d309be56c0dba81100c7aa7f,delivered,2018-03-03 10:41:32,2018-03-03 10:50:25,2018-03-05 19:10:05,2018-04-03 20:10:49,2018-04-05,39.54,108.04,2,1,147.58,3,1,4.0,1.0,262eec9658b44e74fd03e3c300d3e900,90450,porto alegre,RS,31.395335648148148,32.55449074074074,0,147.58
3bc8ed11854636da26d706f0bf61b3f9,b8fa0384b93837cca8bfb537c3c32a64,delivered,2018-03-03 10:44:09,2018-03-03 11:40:26,2018-03-05 22:08:20,2018-03-28 14:26:50,2018-03-28,99.9,21.19,1,1,121.09,1,1,1.0,1.0,9b0cfe79b2ce5646314846f6d9726b2e,89012,blumenau,SC,25.154641203703704,24.55267361111111,1,121.09
d28265eafbe1955982d540b0d2237076,aa4e13fb69ce0c9e456d9f6bb47d46db,delivered,2018-03-03 11:07:25,2018-03-06 03:35:33,2018-03-06 17:46:46,2018-03-19 20:42:42,2018-03-26,39.99,16.79,1,1,56.78,1,1,5.0,1.0,72eadb2fd1950044892dac115617c6a0,75064,anapolis,GO,16.399502314814814,22.536516203703705,0,56.78
51f06300798e14c37af5f5ea107db194,fae404931d0ce02b3ba34f98c86e3b92,delivered,2018-03-03 11:29:23,2018-03-03 11:49:18,2018-03-27 14:29:39,2018-04-03 00:18:47,2018-03-27,76.25,12.66,1,1,88.91,1,1,4.0,1.0,419f63342f21ad180b017ef610bef095,7600,mairipora,SP,30.534305555555555,23.521261574074074,1,88.91
e7ae3271e5b38526b2bfdfb2d7695689,39d7cb23edd7b7bae9e6e24e202d52cc,delivered,2018-03-03 11:32:56,2018-03-06 03:35:45,2018-03-06 23:52:27,2018-04-09 19:31:30,2018-04-03,75.5,15.28,1,1,90.78,1,1,5.0,1.0,45ebe31397060c54edb71aad7eddeb3b,90050,porto alegre,RS,37.33233796296296,30.518796296296298,1,90.78
6dac2e713f40b14ce9f85b719fb91a2a,b0a2a6680a062c32dae7fd1f02254235,delivered,2018-03-03 11:34:12,2018-03-06 03:35:43,2018-03-07 14:42:43,2018-04-18 21:31:37,2018-03-29,50.9,27.74,1,1,78.64,1,1,1.0,1.0,106db6ecd96194a8a17ff720035b3fcb,48490,inhambupe,BA,46.41487268518519,25.517916666666668,1,78.64
a7b9ca3e1958817f0415ebbf1fef3941,c28f8e0e6f19fbeb9d27cc038e8e957f,delivered,2018-03-03 11:35:51,2018-03-03 12:29:06,2018-03-23 20:50:35,2018-04-18 18:28:45,2018-03-28,149.9,17.49,1,1,167.39,2,1,1.0,1.0,490d506e89c13c85d52896cf4364ae76,26535,nilopolis,RJ,46.28673611111111,24.516770833333332,1,167.39000000000001
7900027e66fbfddb34520beb7d1c09ea,7d7585d785dc94de0fe6fd25813e02d5,delivered,2018-03-03 11:36:27,2018-03-04 11:30:42,2018-03-06 15:32:33,2018-03-14 19:26:35,2018-03-23,21.9,15.1,1,1,37.0,1,1,4.0,1.0,1368cf200523036cd4f79e1c1df93daf,87050,maringa,PR,11.326481481481482,19.516354166666666,0,37.0
a78b808171a7a24376688e39d3ada85c,d7e0da248b18797a956c511842bc4346,delivered,2018-03-03 11:38:17,2018-03-03 12:20:29,2018-03-06 22:49:05,2018-03-28 18:51:53,2018-03-26,118.0,32.34,2,1,150.34,5,1,4.0,1.0,dfa720a677d93fc6d07f80c17ad3c95c,81830,curitiba,PR,25.301111111111112,22.51508101851852,1,150.34
81c1b9bcce4f41551875c0e1d598bd2c,82c91e8e62d9d79bfcf9af9a447c5dfa,delivered,2018-03-03 11:39:48,2018-03-06 03:55:50,2018-03-08 01:29:24,2018-03-14 17:52:02,2018-03-29,179.99,30.3,1,1,210.29,1,1,5.0,1.0,ea2850237d11cad561dd30653c63a55c,29902,linhares,ES,11.25849537037037,25.514027777777777,0,210.29000000000002
d7cf4cfa459e1aa65b53967474c42a78,abff70935d715a6b06e672e0ec88c089,delivered,2018-03-03 11:50:02,2018-03-03 12:08:52,2018-03-05 21:56:34,2018-03-09 11:31:31,2018-04-03,99.0,17.94,1,1,116.94,3,1,5.0,1.0,0829075f356de2ee5e044249a6b146b7,13295,itupeva,SP,5.987141203703704,30.506921296296298,0,116.94
e330a36de2a3f72b1322612a178d613a,cfec5c07d9fc968c605373142960cbc8,delivered,2018-03-03 11:51:36,2018-03-03 12:09:01,2018-03-05 22:43:32,2018-03-15 21:38:37,2018-04-05,329.0,44.33,1,1,373.33,5,1,5.0,1.0,c7174e724386dbae09dda205d38c6ae9,62930,limoeiro do norte,CE,12.407650462962962,32.505833333333335,0,373.33
843987ad16fdca324fc74eb57896cee2,938dbea1d465c3eee57f3dc8923dcb16,delivered,2018-03-03 11:59:50,2018-03-03 12:15:34,2018-03-05 22:16:45,2018-05-16 14:03:21,2018-03-26,13.65,15.1,1,1,28.75,1,1,1.0,1.0,651da97b2f7575d76efe82f970e57116,28740,conceicao de macabu,RJ,74.08577546296296,22.50011574074074,1,28.75
23c5dff7c1173d8220f26bb0e881e2c8,049393fef7b67922535cadda19054cae,delivered,2018-03-03 12:00:12,2018-03-03 12:15:37,2018-03-06 23:24:31,2018-03-14 19:49:39,2018-03-26,39.99,15.1,1,1,55.09,4,1,5.0,1.0,b3d3b280e7cc9eb88110b820ba5fc75c,35770,caetanopolis,MG,11.326006944444444,22.499861111111112,0,55.09
6112465ce26bd647dea31c662d04cbde,a053b95d32607c31f7a02ddc583b7e49,delivered,2018-03-03 12:04:13,2018-03-03 12:15:42,2018-03-05 19:42:45,2018-03-09 01:49:21,2018-03-22,91.82,26.74,2,1,118.56,2,1,3.0,1.0,1eac9ce6105acb661b50aae419fc07ea,12233,sao jose dos campos,SP,5.573009259259259,18.49707175925926,0,118.55999999999999
f89440ab0466dfe5ec50d419efd332a5,4b9c67805e75214715d5925d6853bffb,delivered,2018-03-03 12:10:51,2018-03-03 12:29:16,2018-03-08 22:36:31,2018-03-23 03:07:43,2018-03-26,107.8,35.26,2,1,143.06,2,1,5.0,1.0,99348d90573af76cd7c8e64fd097e6d3,23970,paraty,RJ,19.622824074074074,22.49246527777778,0,143.06
4f0b86c3487e56b6e9594e9dfdb5d70c,89fc2ea4c9fe75920b11289d16083e2d,delivered,2018-03-03 12:13:08,2018-03-03 12:29:12,2018-03-07 00:52:00,2018-04-17 19:16:35,2018-03-26,196.0,17.13,1,1,213.13,1,2,4.0,1.0,8bd6a7f99463f04ac042cc25d3450405,29199,aracruz,ES,45.2940625,22.490879629629628,1,213.13
788b5c7981deb39a53f098ed02cde155,2943396c3cbe75606b469976a0ec4e68,delivered,2018-03-03 12:22:53,2018-03-03 12:35:36,2018-03-05 18:16:30,2018-03-11 15:18:21,2018-03-26,42.0,14.1,1,1,56.1,2,1,3.0,1.0,0bd5a9dbf8d17e95ab729ba47d35004d,5541,sao paulo,SP,8.121851851851853,22.484108796296297,0,56.1
d53d6bfa397ae6e5964b02131c1ea89d,4903c1d243cfbc9f8856154de8624811,delivered,2018-03-03 12:25:48,2018-03-03 12:49:30,2018-03-06 21:15:59,2018-03-13 15:38:27,2018-03-29,34.2,13.37,1,1,47.57,1,1,4.0,1.0,9d583bae8fb80baedcc34352f27687d4,15035,sao jose do rio preto,SP,10.133784722222222,25.482083333333332,0,47.57
dc43d5f57ffe55850a557219c8fb0908,481cbc746dfc704f82c29b414d698c6e,delivered,2018-03-03 12:28:17,2018-03-06 03:50:46,2018-03-09 21:36:21,2018-03-21 22:56:45,2018-03-21,53.9,13.4,1,1,67.3,1,1,5.0,1.0,407aae22e9afdd8f5d7071d81c16e705,13057,campinas,SP,18.436435185185186,17.480358796296297,1,67.3
7cf3887824504a66be11bf1bab9fca46,73af977f0da1536e5bcc118b0bdf4544,delivered,2018-03-03 12:29:04,2018-03-03 13:08:51,2018-03-05 20:36:00,2018-03-06 22:33:31,2018-03-15,799.0,18.15,1,1,817.15,10,1,4.0,1.0,c33e87f964dd578b02f7208c4bbf9260,6763,taboao da serra,SP,3.4197569444444444,11.479814814814814,0,817.15
6d56dcd34118baee5c013a25cd6caa97,9c30127c57d0fc44f0a61c2bd3748018,delivered,2018-03-03 12:36:47,2018-03-03 12:55:51,2018-03-05 23:58:27,2018-04-07 12:42:52,2018-03-27,59.99,15.18,1,1,75.17,2,1,3.0,1.0,67c841dc36b96f24bf52d87295903313,72880,cidade ocidental,GO,35.00422453703704,23.47445601851852,1,75.17
54f18d2c10104fe74071a821eb92449d,04e5f0d91c302fcabf232b92782a2932,delivered,2018-03-03 12:42:39,2018-03-03 12:55:55,2018-03-05 18:08:04,2018-03-14 13:48:32,2018-03-21,30.0,23.7,2,1,53.7,1,1,5.0,1.0,840ba105605e7ee8fe5ad3590d6626c8,16660,pongai,SP,11.045752314814814,17.470381944444444,0,53.7
b55d769ec9ecc14f35096c6a4c5d83d7,c8e3b79da2d592e9fca27d760f185588,delivered,2018-03-03 12:53:54,2018-03-03 13:08:57,2018-03-06 23:21:35,2018-03-07 17:11:59,2018-04-02,65.0,17.0,1,1,82.0,1,1,1.0,1.0,c86942df78b3afb9163f3a48ffb92b8b,13257,itatiba,SP,4.179224537037037,29.462569444444444,0,82.0
2e4b9e7c90aaeb1b4a427c8bad708b3e,70a1cb84ba0314b09ca80c68b95da988,delivered,2018-03-03 12:54:27,2018-03-03 13:48:37,2018-03-06 19:45:25,2018-03-09 16:02:29,2018-03-21,69.9,13.51,1,1,83.41,2,1,5.0,1.0,dea4222283cafa20e8037dfceb7e960e,17340,barra bonita,SP,6.130578703703704,17.4621875,0,83.41000000000001
56d1fb4a6598e5323822ae47a4d14c9d,27d2e4ebaa061c90646c53dce7079645,delivered,2018-03-03 12:55:37,2018-03-03 15:55:23,2018-03-06 00:06:31,2018-03-22 05:05:40,2018-03-26,16.99,15.1,1,1,32.09,1,1,1.0,1.0,e29ff1ce9d54dd45a0348c87f786ab2e,28360,bom jesus do itabapoana,RJ,18.67364583333333,22.461377314814815,0,32.089999999999996
a44945cc37c23d95b5415ad68e8beaf1,f8145d9ea34724ad4d7cdc77231e689e,delivered,2018-03-03 13:00:13,2018-03-04 07:09:03,2018-03-06 22:42:20,2018-04-04 17:04:19,2018-03-23,410.0,32.36,2,1,442.36,6,1,1.0,1.0,7b25cfb0962b1fa7f66af937d45ec133,27940,macae,RJ,32.169513888888886,19.458182870370372,1,442.36
1ca0741e454cd1c5368c964217a34795,6fe0ed61f60066c154faf2c05e765e35,delivered,2018-03-03 13:02:39,2018-03-03 13:15:31,2018-03-06 16:49:09,2018-04-06 19:32:33,2018-03-26,119.9,16.6,1,1,136.5,1,1,1.0,1.0,c8a974382199020d368fbaa4cb9e2e2e,5302,sao paulo,SP,34.27076388888889,22.456493055555555,1,136.5
5b3bc5b8d24159d46b9d4a9ff4383f8f,af006f83373d2d370129421a634263db,delivered,2018-03-03 13:09:09,2018-03-03 13:28:29,2018-03-05 18:57:58,2018-04-03 01:28:49,2018-03-22,439.0,16.82,1,1,455.82,10,1,,,b7434dbb955c7035be1c0e15ee5ce548,32600,betim,MG,30.513657407407408,18.451979166666668,1,455.82
2c9dc867f2d293b85037bafd60ef3c27,8540c73509c8e98bb3f0c3bdc93b9f78,delivered,2018-03-03 13:09:56,2018-03-03 13:28:31,2018-03-05 22:10:22,2018-03-14 20:51:44,2018-03-21,219.9,54.97,1,1,274.87,10,1,5.0,1.0,b1d3a2240d7ba11aff7e7bd7e425d994,3262,sao paulo,SP,11.320694444444445,17.451435185185186,0,274.87
3a75ad68c0d55d1b9765b50d7ec54c24,297e4d3a79ef71ff35edde593ed36034,delivered,2018-03-03 13:14:27,2018-03-04 13:15:32,2018-03-05 18:06:35,2018-04-03 22:36:47,2018-03-29,239.99,22.17,1,1,262.16,10,1,1.0,1.0,de655816b1be6bf6ed0865ec9cbe2d8c,96217,rio grande,RS,31.39050925925926,25.44829861111111,1,262.16
e440f8fc256f028a44b7e88e390a7ac2,e971d407e965d36aa51b45cf58abfc31,delivered,2018-03-03 13:26:34,2018-03-03 13:35:31,2018-03-05 16:19:06,2018-03-12 19:58:39,2018-03-21,69.9,11.99,1,1,81.89,3,1,5.0,1.0,0f97aca6c2f5937c43a5253d1eb61b33,9811,sao bernardo do campo,SP,9.272280092592593,17.43988425925926,0,81.89
db55d12cb2a29fdf6814668f79a90b1c,b23622315fe752abb314be2478bacff2,delivered,2018-03-03 13:34:00,2018-03-03 13:48:52,2018-03-06 01:35:08,2018-03-09 14:59:25,2018-03-21,8.9,11.85,1,1,20.75,1,1,4.0,1.0,0b1c86a79abe371c3e6304dcf78cc448,12220,sao jose dos campos,SP,6.05931712962963,17.434722222222224,0,20.75
60e87cace48a50a9c3524841a75ec0dd,71c688d6ef8c2e62746bbcf7b30fe8f7,delivered,2018-03-03 13:35:25,2018-03-06 04:08:28,2018-03-08 01:26:39,2018-03-29 21:51:29,2018-03-26,99.99,25.54,1,1,125.53,1,1,1.0,1.0,bbf69339c712d7d92bf0696c77d066c0,82400,curitiba,PR,26.344490740740742,22.433738425925927,1,125.53
414a59b4de3aa1d952cc6c75d79d628d,1c188a043c24a9ba1fb58fab235989c0,delivered,2018-03-03 13:41:30,2018-03-03 14:20:23,2018-03-07 20:12:45,2018-03-13 20:39:24,2018-03-21,32.1,11.85,1,1,43.95,1,1,5.0,1.0,7a3b3594aa73f3d60383e543cf3e13f8,18520,cerquilho,SP,10.290208333333334,17.429513888888888,0,43.95
077ba6845168434024e83698d3f8fcae,b7316a502ebd69f8b4def2170d89e5b7,delivered,2018-03-03 14:00:36,2018-03-03 14:15:27,2018-03-06 23:24:01,2018-03-28 02:55:41,2018-04-13,238.0,19.91,1,1,257.91,10,1,3.0,1.0,a78fe1a6ff01727b77a4070a49d783b2,22780,rio de janeiro,RJ,24.538252314814816,40.41625,0,257.91
6108337404ca19622b994a70db91126e,a89a6972a81ec273e8741420ad5361b4,delivered,2018-03-03 14:00:38,2018-03-06 03:49:40,2018-03-08 02:33:04,2018-03-23 18:13:36,2018-04-03,79.9,34.36,1,1,114.26,1,1,5.0,1.0,9c17c2ceffdc4134159c028fcba72db3,63190,santana do cariri,CE,20.175671296296297,30.416226851851853,0,114.26
aa1b607cfe0e87e9a0251b792ef61d3f,08d0e76c56b69ca0609304af98889707,delivered,2018-03-03 14:02:08,2018-03-03 14:15:29,2018-03-06 17:33:06,2018-03-19 20:09:41,2018-03-22,29.0,15.1,1,1,44.1,4,1,3.0,1.0,0943dace599e9c354b7ad571b3b82ccc,15991,matao,SP,16.255243055555557,18.415185185185184,0,44.1
65c3cbde18f89d9959a109545ad0ca7b,d87f81e4338de8176d2ba14d81164666,delivered,2018-03-03 14:03:26,2018-03-03 14:15:35,2018-03-06 15:35:22,2018-03-24 00:36:39,2018-03-26,138.0,21.46,1,1,159.46,10,1,5.0,1.0,82c1b773435779514b2af1762615ca3f,1232,sao paulo,SP,20.439733796296295,22.41428240740741,0,159.46
96174b2c267b2d46452c03ffcc689468,841d9849f0dcd896650fdaa9b8807210,delivered,2018-03-03 14:04:33,2018-03-03 14:31:14,2018-03-06 01:14:55,2018-03-23 02:02:36,2018-03-21,110.0,43.0,1,1,153.0,6,1,5.0,1.0,ecf4a77317db06e962a0fb515ea4876f,13232,campo limpo paulista,SP,19.498645833333335,17.413506944444446,1,153.0
be9c47a423439fee2d195e6acc9b0253,eb4c67f3bbaa98e8f14aa56e308fdc25,delivered,2018-03-03 14:04:59,2018-03-03 14:15:33,2018-03-06 04:17:16,2018-03-12 14:56:31,2018-03-21,118.75,16.46,1,1,135.21,4,1,4.0,1.0,8836d14207a8ef975dda378b41e9ba98,3237,sao paulo,SP,9.035787037037037,17.41320601851852,0,135.21
f9cd682c98faebc2a0e15970b3265653,9d3e2590b0f7964da5b74e59bbc8db9d,delivered,2018-03-03 14:28:53,2018-03-04 14:48:45,2018-03-06 02:20:36,2018-03-21 23:42:46,2018-03-21,194.0,45.83,1,1,239.83,6,1,2.0,1.0,f0310c8c6ba2f22e2d6a43dc86ae0449,14910,tabatinga,SP,18.384641203703705,17.396608796296295,1,239.82999999999998
57017d14757e9d74934069673c5aaed0,922f7b509a03d443ecae48f35ec48731,delivered,2018-03-03 14:31:06,2018-03-04 14:28:33,2018-03-06 18:11:45,2018-03-07 20:19:15,2018-03-26,35.0,7.78,1,1,42.78,1,1,5.0,1.0,fb439305b7004d4a8eb0e38b2534706d,4550,sao paulo,SP,4.241770833333334,22.395069444444445,0,42.78
bddb90ea4cfeb9f9ba6f30088662a40c,4f978374abb33989ebf04cf91a6d10da,delivered,2018-03-03 14:31:30,2018-03-03 14:48:17,2018-03-05 22:41:45,2018-03-21 20:08:33,2018-03-28,122.99,14.61,1,1,137.6,1,1,5.0,1.0,2b1c17f524720a484f86dcb7d454edef,92010,canoas,RS,18.2340625,24.394791666666666,0,137.6
07d393eec6ab2c8c4a90dd4344b6abf9,c4d2b21d80e07bd6d1b8e170b9ae4d9d,delivered,2018-03-03 14:42:08,2018-03-06 03:55:46,2018-03-07 19:21:31,2018-03-21 21:33:35,2018-03-26,209.0,43.66,1,1,252.66,1,1,5.0,1.0,4766c34deb79566d30d1c7a51ea898f7,7600,mairipora,SP,18.285729166666666,22.38740740740741,0,252.66
b7d04f39e98c5fc85abf2652d719385c,aa017c3944e3b9c97646a4fe0bdcca77,delivered,2018-03-03 14:42:43,2018-03-03 14:55:37,2018-03-06 00:37:34,2018-04-12 00:10:47,2018-03-29,33.8,19.59,1,1,53.39,5,1,1.0,1.0,e455dae27c6f0915856011323395429a,45615,buerarema,BA,39.39449074074074,25.387002314814815,1,53.39
9af89743e7144e56b5e028a248174ef1,6d9ded111ea89ad26ed04e6b806de89e,delivered,2018-03-03 15:04:01,2018-03-03 15:15:24,2018-03-07 23:18:43,2018-03-14 15:43:00,2018-03-21,86.9,16.24,1,1,103.14,2,1,1.0,1.0,1163721cb0f5178d87f7f7acce41d9a6,17810,mariapolis,SP,11.02707175925926,17.372210648148148,0,103.14
22329698dd5a16cc6e8025805e3f881e,cbf470a60b080862a89d9de80635aab2,delivered,2018-03-03 15:11:03,2018-03-06 03:49:11,2018-03-08 18:34:49,2018-03-19 19:28:41,2018-03-21,93.0,12.99,1,1,105.99,1,1,5.0,1.0,d49138b05d3a4a2b245fa7ed6fba1995,9404,ribeirao pires,SP,16.178912037037037,17.367326388888888,0,105.99
e5f19a5270a65dd6e5deb65c0b16d719,16c2cb120f6b87ce8ef7dc4b877a004e,delivered,2018-03-03 15:11:27,2018-03-03 15:29:13,2018-03-08 17:05:27,2018-04-05 17:52:22,2018-04-04,326.16,17.0,1,1,343.16,8,1,4.0,1.0,8b2b7333feeb6246c6bd5834dd94303d,30350,belo horizonte,MG,33.111747685185186,31.367048611111112,1,343.16
e2fbbc5e799749941a23275230ee1d8b,9397159a057a8d56ca754a6e8ade5466,delivered,2018-03-03 15:25:40,2018-03-03 15:35:28,2018-03-05 22:15:22,2018-03-14 01:48:48,2018-03-21,139.9,22.61,1,1,162.51,1,1,4.0,1.0,17ead611df481240faa3e00afb8560a0,11680,ubatuba,SP,10.43273148148148,17.357175925925926,0,162.51
25c0199420985c8f6353d9bf1b3b107c,d835c1f9681f01512a39674a16a3f0a0,delivered,2018-03-03 15:29:53,2018-03-03 15:48:28,2018-03-08 17:25:18,2018-03-17 11:20:48,2018-03-29,29.9,25.63,1,1,55.53,5,1,5.0,1.0,ea2132cbd0c6d04614ca763e82edf30b,91330,porto alegre,RS,13.827025462962963,25.354247685185186,0,55.53
1f2add19935fc1d5e1b372fb638d8c6a,e750252eff11293d9914d3840d92ddb5,delivered,2018-03-03 15:35:31,2018-03-03 15:48:37,2018-03-05 20:58:31,2018-03-13 16:52:33,2018-03-22,34.9,11.85,1,1,46.75,1,1,4.0,1.0,bfcbad74bd1ee0697e66f5667105ea7e,19030,presidente prudente,SP,10.05349537037037,18.35033564814815,0,46.75
3834ec7f71dbcb2d82167e52a4448d33,c78e1ce3a499d6979069f82c20c9178c,delivered,2018-03-03 15:38:52,2018-03-03 15:50:25,2018-03-06 20:17:57,2018-04-16 23:07:00,2018-04-10,149.0,26.0,1,1,175.0,1,1,1.0,1.0,33717acabba10f2660e2e9ef8989bf4a,21020,rio de janeiro,RJ,44.311203703703704,37.34800925925926,1,175.0
0c29ee02f432c35cb24a70317de6457c,4fbb9513f4c8dc868e3b3626282897b1,delivered,2018-03-03 15:38:55,2018-03-03 15:50:25,2018-03-05 22:43:22,2018-04-16 18:36:31,2018-04-10,199.0,16.14,1,1,215.14,2,1,3.0,1.0,0a6d75a522ec78c05b429c2e2abddc72,23560,rio de janeiro,RJ,44.123333333333335,37.34797453703704,1,215.14
7910cbbb5ec1350cb4b3c519df4ec404,ecb4e2ae6d1a378c29104322a960c14b,delivered,2018-03-03 15:39:36,2018-03-03 15:50:31,2018-03-05 22:28:29,2018-03-07 17:59:35,2018-04-02,25.0,17.0,1,1,42.0,4,1,5.0,1.0,3e9400df8f1d030aa7e6f9a6b5171891,3152,sao paulo,SP,4.097210648148148,29.3475,0,42.0
c117260dea8a83dda05418ae635e57bb,05407577e5802a22cb6f5ebbf5781707,delivered,2018-03-03 15:39:51,2018-03-06 03:49:18,2018-03-06 20:27:47,2018-04-02 19:42:15,2018-03-26,18.0,15.1,1,1,33.1,1,1,4.0,1.0,c332a049f42341d2f662f3bf7ef51fb2,89711,concordia,SC,30.168333333333333,22.347326388888888,1,33.1
1777854e00599d581f88f45af1432949,dec9197cddc4a996a3eb89c1d5df30a0,delivered,2018-03-03 15:43:21,2018-03-04 15:48:15,2018-03-05 21:24:26,2018-04-30 18:51:20,2018-03-28,108.9,27.3,1,1,136.2,10,1,1.0,1.0,7d7fe01baffff86c1d2278105110f6f9,60180,fortaleza,CE,58.13054398148148,24.344895833333332,1,136.20000000000002
30002c6a65f9337d0115eeb979d0cdf0,ac984030bf8b2af28bd4ae469a16824c,delivered,2018-03-03 15:46:07,2018-03-03 16:08:42,2018-03-05 18:06:36,2018-04-09 20:42:46,2018-03-23,144.99,17.26,1,1,162.25,8,1,1.0,1.0,c429edac96b2ea3e54ed9ed0f9944844,35701,sete lagoas,MG,37.20600694444445,19.342974537037037,1,162.25
fca6ed705412583f53b63049a9604601,007dca6150a323ecb560d11f2a3615a2,delivered,2018-03-03 15:50:28,2018-03-03 16:29:23,2018-03-06 16:49:04,2018-04-05 21:21:22,2018-03-27,49.9,15.1,1,1,65.0,1,1,5.0,1.0,f807403776737da279aba36583afa4df,84060,ponta grossa,PR,33.229791666666664,23.339953703703703,1,65.0
c7c2fba00608a1ff64db7dccdfff901d,cb76227f1e96fa31a4b71813c1053696,delivered,2018-03-03 15:57:20,2018-03-03 16:08:49,2018-03-07 21:08:53,2018-03-20 22:42:45,2018-03-21,85.0,13.61,1,1,98.61,9,1,4.0,1.0,9948a1e99eefea54ce07e81c7787e8a5,13974,itapira,SP,17.28153935185185,17.335185185185185,0,98.61
462f1226eadb17cabaa2323b360486aa,7b514dbab8ef621b561b03831b31f9e6,delivered,2018-03-03 16:14:37,2018-03-05 08:08:28,2018-03-06 20:56:33,2018-03-21 17:06:36,2018-04-02,535.9,18.5,1,1,554.4,10,1,5.0,1.0,bf1241eb66a008f5229590a2d9042f72,3164,sao paulo,SP,18.036099537037035,29.32318287037037,0,554.4
7284ecc4524ff324863b12456e842055,3d2b9fa23140627c260894ae1b93663f,delivered,2018-03-03 16:18:44,2018-03-03 16:29:31,2018-03-08 17:08:20,2018-04-09 17:03:13,2018-03-21,326.16,21.16,1,1,347.32,8,1,1.0,1.0,d255a5699739c8d08dcc7b279c1f3287,18240,angatuba,SP,37.0308912037037,17.320324074074072,1,347.32000000000005
b8c12de243231c164525a1ff7a08b60e,9821287ad7d15f4d84c475e944394694,delivered,2018-03-03 16:29:40,2018-03-03 17:28:52,2018-03-08 19:56:34,2018-03-20 20:17:21,2018-03-21,49.9,11.85,1,1,61.75,1,1,5.0,1.0,a5d6b7600fe41b4ad9b2bf917674c50f,17860,pacaembu,SP,17.158113425925926,17.31273148148148,0,61.75
84b8ccb93163852a97e44c7fb051a785,243b05e1c147c3cc64b0212d4df36383,delivered,2018-03-03 16:30:55,2018-03-03 16:48:37,2018-03-09 15:51:35,2018-04-06 22:16:39,2018-04-20,233.98,29.14,2,1,263.12,1,1,1.0,1.0,10fa0b5a293d96eff24caac6a4eaa2ea,22743,rio de janeiro,RJ,34.240092592592596,47.31186342592593,0,263.12
498ea4c2663176b7cfa758a867a65bc8,bc01adb313381f1bd84fb71425b8596c,delivered,2018-03-03 16:33:17,2018-03-03 16:48:38,2018-03-05 20:52:03,2018-03-29 21:51:02,2018-03-21,238.0,77.16,2,1,315.16,3,1,3.0,1.0,c6ec55db2f2b5fe7bfe1bcaec777596f,4848,sao paulo,SP,26.220659722222223,17.310219907407408,1,315.15999999999997
4fceaea9a24d7498757816821e271a46,338073ca588012673d034c0393e58bb0,delivered,2018-03-03 16:48:43,2018-03-03 16:55:59,2018-03-08 22:31:26,2018-03-14 14:19:09,2018-03-21,53.9,13.4,1,1,67.3,1,1,5.0,1.0,21a9c9dd4248d18bf8edced7762b70ae,13400,piracicaba,SP,10.89613425925926,17.299502314814816,0,67.3
ecf6789fa93718435fc6279a4c051917,4d3ef4cfffb8ad4767c199c36a4cfee6,delivered,2018-03-03 16:51:20,2018-03-03 17:05:30,2018-03-07 02:47:43,2018-04-20 20:58:44,2018-04-04,79.99,27.1,1,1,107.09,5,1,4.0,1.0,6ba00666ab7eada5ceec279b259e44b5,63430,ico,CE,48.17180555555556,31.297685185185184,1,107.09
f7d5fa83743d8d78c798e7824125ee7f,7fc27bbc53e9ed44571ffb8382b954a6,delivered,2018-03-03 16:57:52,2018-03-06 03:50:38,2018-03-12 19:03:22,2018-03-19 21:49:29,2018-03-27,76.25,12.66,1,1,88.91,1,1,4.0,1.0,79cbc033cfc6d82c3fd8d1f4b2500135,9185,santo andre,SP,16.202511574074073,23.29314814814815,0,88.91
6c9841106812441f8d244c22b9d07ba3,18a7334e84d18a1258eb22367af3498d,delivered,2018-03-03 17:02:40,2018-03-06 03:50:42,2018-03-07 18:05:51,2018-03-23 11:18:33,2018-03-28,169.0,27.5,1,1,196.5,1,1,5.0,1.0,b01595778cee75ac9ae774075ef11904,89694,faxinal dos guedes,SC,19.76103009259259,24.289814814814815,0,196.5
a433f43c39b2899cded8d987e2995c3c,6a20bfff0b7d52cbf95122d265fd6d3e,delivered,2018-03-03 17:03:59,2018-03-04 16:55:58,2018-03-05 19:33:31,2018-03-19 23:32:01,2018-03-27,56.9,15.15,1,1,72.05,5,1,5.0,1.0,97fa0ca14ad0d5effa5d28769acc4123,96090,pelotas,RS,16.269467592592594,23.288900462962964,0,72.05
027286057add812ecb77ad0b23604c06,8f039377398b08c900778a60909d1e49,delivered,2018-03-03 17:11:11,2018-03-03 17:29:19,2018-03-05 18:12:40,2018-03-13 13:21:22,2018-03-22,149.0,23.84,1,1,172.84,3,1,5.0,1.0,2b53267d59423e552bc93a0e771f4ade,37620,munhoz,MG,9.840405092592592,18.28390046296296,0,172.84
950f0e1bdbb03fb26f76d3373ad70e54,c78ce21cb11b3b0ceacf5be3e158f502,delivered,2018-03-03 17:11:26,2018-03-03 17:29:12,2018-03-05 22:48:41,2018-03-13 00:51:30,2018-03-21,142.9,14.02,1,1,156.92,8,1,4.0,1.0,aa3d117e569361959283b1e267bb785d,3119,sao paulo,SP,9.31949074074074,17.283726851851853,0,156.92000000000002
27d7b0ed49fd70b7706ee5e23773fd8f,b4118c50b8cca915cbf3a374e1232016,delivered,2018-03-03 17:11:27,2018-03-03 17:29:13,2018-03-06 21:46:48,2018-03-27 01:22:48,2018-03-21,174.0,54.65,1,1,228.65,8,1,3.0,1.0,aa3d117e569361959283b1e267bb785d,3119,sao paulo,SP,23.341215277777778,17.283715277777777,1,228.65
7958d9e7f3083099780539e0054d0c54,ab23dc90e86086221732547085a7f9e3,delivered,2018-03-03 17:11:33,2018-03-06 03:55:59,2018-03-07 00:32:30,2018-03-09 20:13:22,2018-03-15,35.0,13.08,1,1,48.08,1,1,3.0,1.0,5af9e3c7acac75b674e2a7510bf32f69,7432,aruja,SP,6.126261574074074,11.283645833333333,0,48.08
40a62332da0cae00581de556c36c00ac,3ec112a237741d9fe3d21f4675fe29b6,delivered,2018-03-03 17:19:08,2018-03-06 03:35:45,2018-03-06 19:59:02,2018-03-22 17:16:00,2018-03-26,120.0,45.3,1,1,165.3,1,1,5.0,1.0,44214d543577a9a0041fef33ea2d70ba,19907,ourinhos,SP,18.997824074074074,22.27837962962963,0,165.3
02a4b1835e0a493657a4d3281ca249bb,264d206dde5b28c82a52d2ce11d765f0,delivered,2018-03-03 17:22:36,2018-03-03 17:35:25,2018-03-06 21:45:33,2018-03-14 16:06:21,2018-03-23,129.9,27.23,1,1,157.13,10,1,5.0,1.0,40f94a38b9e0e57adccb0d0b2811e56f,33925,ribeirao das neves,MG,10.94704861111111,19.275972222222222,0,157.13
7c971e779cf367c04e3621cc1b81e352,44eb235a2b0149a226ea4a1f3eccff30,delivered,2018-03-03 17:23:28,2018-03-03 17:35:25,2018-03-06 01:34:56,2018-03-15 23:18:59,2018-04-03,39.99,31.02,1,1,71.01,7,1,4.0,1.0,aecd46028eea6a741edca67e93b326bb,59151,parnamirim,RN,12.246886574074074,30.27537037037037,0,71.01
6b2f7dba402cf63ca207bbe2cc05ef67,7d8140efc81374c2bd667e1dbd457618,delivered,2018-03-03 17:23:30,2018-03-03 17:35:23,2018-03-06 01:38:48,2018-03-15 23:08:57,2018-04-03,39.99,31.02,1,1,71.01,7,1,3.5,2.0,aecd46028eea6a741edca67e93b326bb,59151,parnamirim,RN,12.239895833333334,30.275347222222223,0,71.01
604614c5012e0fbe1bc3f9b43aeca34f,06327b190c9002f404bfe42a6a48e969,delivered,2018-03-03 17:23:55,2018-03-06 03:55:51,2018-03-06 23:48:56,2018-03-13 19:14:21,2018-03-26,27.9,15.1,1,1,43.0,1,1,4.0,1.0,fd14abbc4b4129dc61a98311f174d71b,27325,barra mansa,RJ,10.076689814814815,22.27505787037037,0,43.0
b747117c2b61e77e4ca28fc2ab62860b,8c1f0db2e1e91b28425f0d7e46454e94,delivered,2018-03-03 17:24:22,2018-03-03 18:29:09,2018-03-06 18:52:02,2018-04-20 11:32:51,2018-03-26,49.4,16.11,1,1,65.51,4,1,5.0,1.0,98fac811fba7ee31c89a875658932862,19274,primavera,SP,47.755891203703705,22.274745370370372,1,65.50999999999999
dd29da5b9bd433b33344a6263b0bb3ae,5ee182d6d7f615689babec22e9fec9f3,delivered,2018-03-03 17:27:37,2018-03-03 18:00:22,2018-03-05 22:08:21,2018-03-06 14:46:39,2018-03-15,189.9,9.89,1,1,199.79,8,1,5.0,1.0,739ce3b19b896c04a46e32932fceacea,12903,braganca paulista,SP,2.888217592592593,11.272488425925927,0,199.79000000000002
d95dc7171d00d08c5e2c57e693161db7,7b3d05c4caf39a73850b896d45d034c9,delivered,2018-03-03 17:28:48,2018-03-06 03:50:58,2018-03-23 20:48:33,2018-04-05 22:27:35,2018-03-27,149.9,15.8,1,1,165.7,1,1,1.0,1.0,6b2a8f2ca8088da746973242c764eee4,91180,porto alegre,RS,33.20748842592592,23.27166666666667,1,165.70000000000002
8d40792ea358f1d5c975203262ee7b69,6e26529dbebe3bc1778b3e8d7e5519ff,delivered,2018-03-03 17:39:37,2018-03-03 17:50:25,2018-03-05 17:06:48,2018-03-06 18:38:41,2018-03-15,39.9,9.27,1,1,49.17,1,1,5.0,1.0,568843f1b07989b16ad67462e4f7eddf,89239,joinville,SC,3.0410185185185186,11.264155092592592,0,49.17
866ac13217bd0a19f860f741453e049c,f36e1b14a03badff9ecbc7533a6943b1,delivered,2018-03-03 17:40:56,2018-03-03 17:55:33,2018-03-05 18:08:57,2018-03-14 13:17:47,2018-03-26,149.0,40.37,1,1,189.37,2,1,4.0,1.0,12f343abd8c9e1b1b7b061101ef5ffc6,12232,sao jose dos campos,SP,10.817256944444445,22.26324074074074,0,189.37
055bb586a2d17c7677a6096c56b6e2b0,86979f4c8980b4b673ad22d42e807103,delivered,2018-03-03 17:44:51,2018-03-06 03:50:49,2018-03-09 20:11:15,2018-03-23 23:13:41,2018-03-26,147.98,155.08,2,1,303.06,1,1,2.0,1.0,abe18fe752dd48676e3e8cf39823d3a4,27600,valenca,RJ,20.22835648148148,22.260520833333334,0,303.06
e9732fbe3c90ea404663c19f251a980c,4a8accbc60f419ce6893d41450bc700f,delivered,2018-03-03 17:45:50,2018-03-03 18:08:51,2018-03-05 19:56:39,2018-03-14 15:49:45,2018-04-03,47.9,17.6,1,1,65.5,6,1,4.0,1.0,21ff5d01b75a442ab1088f757cce6ff0,95580,tres cachoeiras,RS,10.919386574074075,30.259837962962962,0,65.5
02b7cbd604df10c09427902dc682b0d3,656c63b20f75ccd37b33455ec589dc4f,delivered,2018-03-03 17:46:08,2018-03-06 03:51:07,2018-03-07 00:32:28,2018-03-11 18:48:31,2018-03-15,35.0,13.08,1,1,48.08,1,1,5.0,1.0,1c2577794465706dfd32bb06dc7bf704,18050,sorocaba,SP,8.043321759259259,11.259629629629629,0,48.08
47ea7a7404f3a2bd852026254b803f48,f28aac2789e12c47afd75647b5788bfa,delivered,2018-03-03 17:48:45,2018-03-03 17:55:36,2018-03-08 20:04:30,2018-04-05 01:06:32,2018-03-23,89.9,17.88,1,1,107.78,8,1,5.0,1.0,e3a07a2fce775f67bcf06e6278807608,71090,brasilia,DF,32.3040162037037,19.2578125,1,107.78
f2665691d2aa17a8c8a37438686b1927,2ee64c10ba69ec9d4d5bf49f592c5fd2,delivered,2018-03-03 17:48:49,2018-03-03 18:08:53,2018-03-06 01:24:52,2018-03-23 21:33:23,2018-03-23,99.98,30.2,2,1,130.18,8,1,3.0,2.0,e3a07a2fce775f67bcf06e6278807608,71090,brasilia,DF,20.155949074074073,19.257766203703703,1,130.18
a341a07822f9eae416a6ed32e4509752,1a267b5671a26c831b4039b240e291cf,delivered,2018-03-03 17:49:10,2018-03-04 18:08:29,2018-03-05 21:33:04,2018-04-04 14:58:37,2018-04-03,277.99,16.7,1,1,294.69,2,1,5.0,1.0,87134502dc72462e2d38767979c2090c,24808,itaborai,RJ,31.8815625,30.25752314814815,1,294.69
8d4b407022b632729179432fdecbc16e,d516b3d67e888a60101647dc1c73edad,delivered,2018-03-03 17:52:05,2018-03-03 18:08:58,2018-03-06 05:26:37,2018-04-11 16:46:37,2018-03-26,72.8,15.26,1,1,88.06,5,1,2.0,1.0,a889c50fed679f7833b0278c43e8e33c,35790,curvelo,MG,38.954537037037035,22.255497685185187,1,88.06
c3ca09e4e3a9c10f9b91c9ceb0d8e379,5c3f0fbbb0706f7ff1b294956cc4a778,delivered,2018-03-03 17:54:35,2018-03-03 18:08:57,2018-03-05 18:46:52,2018-03-10 16:12:10,2018-03-21,49.9,12.69,1,1,62.59,1,1,4.0,1.0,36cdc132bd2d112b3b7690ac69907a8b,3317,sao paulo,SP,6.928877314814815,17.253761574074073,0,62.589999999999996
922a3f761407bb26eca665bf67d18744,c1f584ed95067dfad7bc7b5664dc9df5,delivered,2018-03-03 17:58:28,2018-03-06 03:49:00,2018-03-06 20:47:23,2018-03-22 09:32:43,2018-04-04,19.8,34.15,1,1,53.95,1,1,4.0,1.0,a1cb1aa2973cab771138697b3b39f311,46900,seabra,BA,18.64878472222222,31.251064814814814,0,53.95
4bdcd6e89c754563fdcc161a2a4b44e3,7c5a2c71a28e416cdbf1226dc542cc97,delivered,2018-03-03 18:00:57,2018-03-06 03:48:55,2018-03-07 20:53:26,2018-03-08 13:34:16,2018-03-15,16.0,7.78,1,1,23.78,1,1,5.0,1.0,da8a310d79c854cff220dc0852d50230,12316,jacarei,SP,4.814803240740741,11.249340277777778,0,23.78
ecfafbdac2fa97abd625bb499d83c50a,756432ba64479395ba75780b3e231702,delivered,2018-03-03 18:02:38,2018-03-03 18:30:45,2018-03-07 18:25:48,2018-03-12 16:33:43,2018-04-02,177.8,17.0,2,1,194.8,3,1,1.0,1.0,a30986dc6e9c8ee885a5ea822228e919,6532,santana de parnaiba,SP,8.938252314814815,29.248171296296295,0,194.8
b4c378fc7efa4921d498214f89ff5f52,e1025970513db820041ca58bfa27a596,delivered,2018-03-03 18:04:12,2018-03-03 18:15:33,2018-03-05 18:06:15,2018-03-15 15:38:40,2018-03-29,29.99,15.1,1,1,45.09,1,1,5.0,1.0,40aa913af937bbbc02ece78ad1306a28,15055,sao jose do rio preto,SP,11.898935185185184,25.247083333333332,0,45.089999999999996
16e8745a21790f6d7b84f8d8ea5f1038,6ce393b445eeaed7a97862eba6f25673,delivered,2018-03-03 18:09:45,2018-03-03 18:29:13,2018-03-06 19:12:55,2018-03-09 23:28:23,2018-03-21,72.0,12.63,1,1,84.63,1,1,5.0,1.0,14576e018c6ace73e1e58fdb851b0650,82980,curitiba,PR,6.221273148148148,17.243229166666666,0,84.63
a05d9f0572c423875de7dd4d2c24e34a,35a27dd031233d1d0f5080ef6d09198f,delivered,2018-03-03 18:15:25,2018-03-03 18:35:31,2018-03-06 17:51:57,2018-03-21 22:28:46,2018-03-21,49.7,13.37,1,1,63.07,5,1,5.0,1.0,fe337543e79895a128634d2f9d02dcab,3968,sao paulo,SP,18.1759375,17.23929398148148,1,63.07
3e9e43fb06f07b42b4bb306628866e20,8fc424202bec33af360dec7c974c60ce,delivered,2018-03-03 18:16:14,2018-03-03 18:35:31,2018-03-06 02:18:55,2018-03-07 22:13:21,2018-03-15,18.0,8.11,1,1,26.11,2,1,5.0,1.0,f8871d2a167b1a66c7489dbca6a77a8f,31015,belo horizonte,MG,4.164664351851852,11.238726851851851,0,26.11
05cd5649410dd46b0467669ff19e294b,c87368f0131696c39951652dad18ff37,delivered,2018-03-03 18:35:13,2018-03-03 18:48:31,2018-03-05 18:08:48,2018-03-19 13:13:44,2018-04-10,149.0,40.37,1,1,189.37,2,1,3.0,1.0,0f943ddad69361eafb2a72fadebd86ec,21230,rio de janeiro,RJ,15.776747685185185,37.22554398148148,0,189.37
5c11e238c0563cab5491de26eb68f99a,0017a0b4c1f1bdb9c395fa0ac517109c,delivered,2018-03-03 18:44:01,2018-03-03 18:55:27,2018-03-05 19:25:05,2018-03-23 22:18:56,2018-03-22,34.9,15.11,1,1,50.01,1,1,4.0,1.0,e36a621e869b643b15983fa8085eb541,81510,curitiba,PR,20.149247685185184,18.21943287037037,1,50.01
ae647800f7009520d784c9c9ab2de7be,e9558d82e022425af9ddb83c83247958,delivered,2018-03-03 18:45:18,2018-03-06 03:55:45,2018-03-06 21:32:35,2018-03-22 02:33:25,2018-03-28,265.0,44.22,1,1,309.22,1,1,1.0,1.0,0c82b9d9963343ddf336e74e01acbf52,29135,viana,ES,18.325081018518517,24.218541666666667,0,309.22
f440f7a4e3e3bbf5048b014b0046e04e,d8ca0d68edb0be8ece6c5ef00da388c4,delivered,2018-03-03 18:50:04,2018-03-03 19:08:56,2018-03-05 19:05:26,2018-03-12 13:52:29,2018-03-28,87.9,25.9,1,1,113.8,2,1,5.0,1.0,9f9265d394f027f8bd82b2d7f3e8fe50,73340,brasilia,DF,8.793344907407407,24.21523148148148,0,113.80000000000001
8197c9f9b80d1f97dc41fc6b793e15c0,207f1f6d3f964b39a1f0eae4a03ad746,delivered,2018-03-03 18:51:48,2018-03-03 19:29:05,2018-03-05 20:23:16,2018-03-20 01:12:21,2018-03-21,41.9,11.85,1,1,53.75,1,1,5.0,1.0,0ff275ad35209e54385b80256f5bce1b,14030,ribeirao preto,SP,16.264270833333335,17.214027777777776,0,53.75
1f50268bed0b22450f835dc03a16c88b,e9a125ee59a4ee98285d3d69805f65ce,delivered,2018-03-03 18:55:10,2018-03-03 19:08:53,2018-03-07 16:06:57,2018-03-25 21:36:38,2018-04-06,439.8,132.7,2,1,572.5,5,1,1.0,1.0,34309ff7cf5db0581ee6b2a6469a3a9c,22451,rio de janeiro,RJ,22.112129629629628,33.21168981481482,0,572.5
5ceeb4a88fc37f44a87467ff7d05d23a,df1d52ea9544f86e156f183dff5a226e,delivered,2018-03-03 18:57:38,2018-03-03 19:08:58,2018-03-07 20:33:14,2018-03-27 23:07:43,2018-04-02,279.9,49.4,1,1,329.3,10,1,4.0,1.0,a5b60293a08b94567cf1c8fbb392c71b,59610,mossoro,RN,24.17366898148148,29.209976851851852,0,329.29999999999995
ce46bc8d2065cf01585478045eeafd8a,ffdd13826fa94a17a1455e2367d3ba86,delivered,2018-03-03 18:57:44,2018-03-03 19:10:31,2018-03-05 19:05:00,2018-03-10 15:58:46,2018-03-28,129.8,39.84,1,1,169.64,3,1,5.0,1.0,b81adbb393d0fa9cf4e30a62b98f0352,6656,itapevi,SP,6.875717592592593,24.209907407407407,0,169.64000000000001
c7ecacd47d6d485595133ef36fc23570,a77ce9197298c6a5a9a4002cb69d2c2e,delivered,2018-03-03 19:00:18,2018-03-03 19:10:33,2018-03-05 22:21:53,2018-03-08 19:56:29,2018-03-15,25.9,7.78,1,1,33.68,1,1,5.0,1.0,7b89a5dd8ab4b55d872f9af3aa1cc1f8,13040,campinas,SP,5.039016203703704,11.208125,0,33.68
c9078b2ce6167917416ddd9b7c40b5f5,6375f48d885428bd1c84628e80583a8f,delivered,2018-03-03 19:10:32,2018-03-06 03:35:37,2018-03-06 20:33:02,2018-03-22 20:22:22,2018-04-12,43.47,17.009999999999998,3,1,60.47,1,1,5.0,1.0,8fff3d0ba4d200a40eeb91dfccac0631,37300,andrelandia,MG,19.049884259259258,39.20101851851852,0,60.48
3fbceefa87d60d00b3a59388408c7ba9,6fd56a56231ad82b8d0e749c8bb4d498,delivered,2018-03-03 19:27:14,2018-03-04 19:28:29,2018-03-05 23:00:05,2018-03-09 21:32:57,2018-03-21,69.99,11.99,1,1,81.98,8,1,4.0,1.0,7b4c0e8cac0266087ab54467a3835d85,5154,sao paulo,SP,6.087303240740741,17.189421296296295,0,81.97999999999999
7678a9ec36abfc35527725816936da8e,e8f66ba37c741a51f2b840dab001bcef,delivered,2018-03-03 19:36:34,2018-03-03 19:50:48,2018-03-06 01:24:52,2018-04-11 19:19:18,2018-04-06,66.9,33.36,1,1,100.26,10,1,1.0,1.0,7433db75d02854959c32b171450463d1,66617,belem,PA,38.98800925925926,33.182939814814816,1,100.26
b53182a21556b268f4379515546be86e,fcf28aeffa802b47732e096c083cbf83,delivered,2018-03-03 19:39:54,2018-03-06 03:51:07,2018-03-08 16:02:50,2018-03-21 17:34:50,2018-03-21,85.0,13.61,1,1,98.61,1,1,5.0,1.0,298c3e1a698283a45f1c94df3942bb3b,3984,sao paulo,SP,17.91314814814815,17.180625,1,98.61
65b776d1206b0677bbeb15704021af48,a770b29a01bcb44c7f9028d96ca21863,delivered,2018-03-03 19:40:01,2018-03-03 19:50:53,2018-03-08 15:46:47,2018-03-17 01:42:32,2018-03-27,250.0,62.49,1,1,312.49,2,1,3.0,1.0,8ffa5e9fcc3da23113128e94d1c75706,36520,visconde do rio branco,MG,13.251747685185185,23.18054398148148,0,312.49
1ab592bcd5d82491578a95e113886d3c,15ddd9dc07f311ce66b456ca3337c8bc,delivered,2018-03-03 19:47:08,2018-03-03 19:55:27,2018-03-07 23:42:13,2018-03-12 14:08:35,2018-03-21,24.5,13.37,1,1,37.87,3,1,5.0,1.0,c5c6a8c6cfd8ec52fbfc483490106186,37980,cassia,MG,8.764895833333334,17.17560185185185,0,37.87
f9862e3b43676dc2c34c7293f50c1cb9,d93817496c87018a015b649618dc7b71,delivered,2018-03-03 19:48:56,2018-03-03 20:09:31,2018-03-05 19:51:22,2018-03-20 00:23:36,2018-04-02,39.5,15.1,1,1,54.6,4,1,5.0,1.0,8801f29ecc73d133bbff0191a795fc24,4321,sao paulo,SP,16.19074074074074,29.174351851851853,0,54.6
261f486a198b17b0fefad4813130cd99,c5f4ce605da5d44c9875033dec0fa326,delivered,2018-03-03 19:54:34,2018-03-06 03:49:21,2018-03-06 20:27:48,2018-03-07 22:43:25,2018-03-15,35.9,8.72,1,1,44.62,1,1,5.0,1.0,06e4cab6db0ca51dd80a1c47aeda614b,8562,poa,SP,4.117256944444445,11.170439814814815,0,44.62
85201c947189183585ba83d60c572759,d062c2dc835c4d6c7d0151f09077fa40,delivered,2018-03-03 19:55:16,2018-03-03 20:09:41,2018-03-05 20:08:54,2018-03-14 17:50:41,2018-03-21,107.0,12.25,1,1,119.25,4,1,5.0,1.0,d8061278394a67f7dc2450221e0677c1,4376,sao paulo,SP,10.913483796296296,17.169953703703705,0,119.25
53ad0f90be4c36080d70c96aa70eafe9,88ba6e648722917fa0eb0823d3197582,delivered,2018-03-03 20:15:00,2018-03-03 21:00:20,2018-03-05 22:52:17,2018-03-26 17:08:55,2018-03-27,85.9,17.85,1,1,103.75,4,1,5.0,1.0,404e415d2dc63f769916d23ba8040386,38405,uberlandia,MG,22.870775462962964,23.15625,0,103.75
ff74eadad84626e98512334e5296adeb,a5c3fc2737b72cf22b861fc1a2a49739,delivered,2018-03-03 20:17:36,2018-03-03 20:28:45,2018-03-06 17:39:47,2018-03-09 13:17:29,2018-03-19,69.9,13.08,1,1,82.98,2,1,5.0,1.0,8746d64253b840c27f56ccc4d7eaca2b,6900,embu-guacu,SP,5.708252314814815,15.154444444444444,0,82.98
9d27094c5a72cbf877d632e2d03356e4,acb4334d42e78620fd025c2da7847bd0,delivered,2018-03-03 20:24:24,2018-03-03 20:35:31,2018-03-06 00:18:31,2018-04-09 18:31:53,2018-03-29,154.08,27.62,1,1,181.7,2,1,1.0,1.0,1935ab012c65b828a0ad8417e5cd7991,61933,maracanau,CE,36.92186342592593,25.149722222222223,1,181.70000000000002
f5d98cac84d7a766c2615a4262585d81,8af1d45868d3ddb8958b01865c0cf53f,delivered,2018-03-03 20:24:33,2018-03-03 20:35:30,2018-03-08 14:46:49,2018-04-10 22:41:34,2018-04-02,59.33,17.67,1,1,77.0,3,1,5.0,1.0,33cf57813cf08aafb3b3ccf15c8b10c7,93135,sao leopoldo,RS,38.09515046296296,29.149618055555557,1,77.0
f9d2dfcbc89dc4d66e0848019d99bfc9,a6578491147295b1ff31962e01ed8a13,delivered,2018-03-03 20:26:50,2018-03-03 21:08:44,2018-03-05 18:06:40,2018-03-07 22:14:02,2018-03-15,29.99,11.73,1,1,41.72,1,1,5.0,1.0,8cd6cfbf17b6146cbd4c8eafb669efd5,9291,santo andre,SP,4.0744444444444445,11.148032407407408,0,41.72
de99d6864fd63eb9c2efdcf1432b5140,ea7985d8e5072d934658643b0fd8e24d,delivered,2018-03-03 20:38:48,2018-03-06 03:50:58,2018-03-06 21:32:33,2018-04-02 19:03:32,2018-03-23,265.0,44.22,1,1,309.22,1,1,1.0,1.0,b2ea7497a12f4552eed336555737b1af,41321,salvador,BA,29.933842592592594,19.139722222222222,1,309.22
f8b959d98886eb608247e99500dc7b27,baa315938f6a7dabb22eaf39fa899549,delivered,2018-03-03 20:44:07,2018-03-03 21:08:44,2018-03-06 16:52:47,2018-04-06 21:19:19,2018-03-26,119.9,15.59,1,1,135.49,7,1,1.0,1.0,6204c4e582a95b6a350adf6988623bfb,13720,sao jose do rio pardo,SP,34.02444444444444,22.13603009259259,1,135.49
92332bfe0b5269414ff8497677a10d5f,3c38c986290171c64d66277d6fbb6be4,delivered,2018-03-03 20:44:13,2018-03-03 20:56:07,2018-03-06 00:12:57,2018-04-02 19:21:39,2018-03-29,98.0,16.45,1,1,114.45,1,1,1.0,1.0,70fa87c54218cd99def86e0bb5a80ef0,37795,andradas,MG,29.94266203703704,25.13596064814815,1,114.45
b03c3813b79abede0217026999c4fd66,edcb0d489e8bf0601ab2ca4ebde3bed1,delivered,2018-03-03 20:45:49,2018-03-03 20:56:04,2018-03-06 00:36:55,2018-03-20 22:53:44,2018-03-22,149.0,12.54,1,1,161.54,3,1,1.0,1.0,592fb34649aad7444bd5d804020af7eb,5016,sao paulo,SP,17.08883101851852,18.134849537037038,0,161.54
3af81bc8825a617ec4180b4f4a52e510,e52e2ce3e57c0a3653e6ff2bb04eae2c,delivered,2018-03-03 20:46:37,2018-03-03 20:56:09,2018-03-06 18:13:59,2018-03-19 13:33:07,2018-04-03,67.9,12.61,1,1,80.51,1,1,5.0,1.0,70097193b51f4809dba7cec158ef34e1,7142,guarulhos,SP,15.698958333333334,30.13429398148148,0,80.51
3ca2a1e3c54b928f8ff41213afc6b9bc,a9d39f7dc9e3d40779ef2a528dc8ff7a,delivered,2018-03-03 20:47:02,2018-03-03 21:08:48,2018-03-08 13:17:46,2018-03-18 14:19:33,2018-03-22,39.9,14.1,1,1,54.0,2,1,5.0,1.0,7e6977a143b9420c9c2f5d4452f70fbd,81720,curitiba,PR,14.730914351851851,18.13400462962963,0,54.0
a2a14c3ce5305a2e20126dac4cd05a1b,52e6df27100d10fcf3d0e809345e9926,delivered,2018-03-03 20:49:01,2018-03-03 21:08:50,2018-03-06 01:44:49,2018-03-09 15:42:39,2018-03-21,18.6,11.85,1,1,30.45,1,1,1.0,1.0,33f7721aa2f222a4e896d017d25f5d88,4058,sao paulo,SP,5.78724537037037,17.132627314814815,0,30.450000000000003
4756c8c762bb57f0f88ba1d0e954e7bb,8a006c2603fb1069e7c859c6459f3f85,delivered,2018-03-03 20:53:06,2018-03-03 21:09:12,2018-03-05 19:19:12,2018-03-22 17:08:33,2018-03-28,16.9,15.1,1,1,32.0,3,1,5.0,1.0,7a8c7f6ef8267a9800c2e2cbae567b01,81940,curitiba,PR,18.8440625,24.129791666666666,0,32.0
1849f999e825151d7fd632cd119ea64b,70ef4661cf83920a58053995d19f07e6,delivered,2018-03-03 20:56:48,2018-03-03 21:10:30,2018-03-06 02:20:38,2018-03-14 23:28:23,2018-03-15,14.99,8.11,1,1,23.1,1,1,4.0,1.0,8e760b95b90bce0f93b3431de7baafcd,2724,sao paulo,SP,11.105266203703703,11.127222222222223,0,23.1
c056578fe94b80e3f1e732d013df9374,4ab0b8cd1e875e4d28abc70289f1e90e,delivered,2018-03-03 20:59:46,2018-03-03 21:15:30,2018-03-07 00:03:36,2018-03-19 10:04:43,2018-04-03,21.99,15.1,1,1,37.09,3,1,5.0,1.0,f71da337f7e2b3a70c74fa505f0f6ac9,98170,tupancireta,RS,15.545104166666667,30.125162037037036,0,37.089999999999996
3c0f91a7a3493bb46260f52f2e6ab61a,53106ad4ce681e65be974104974ae23d,delivered,2018-03-03 21:03:17,2018-03-03 21:10:38,2018-03-06 05:25:13,2018-04-24 15:32:27,2018-03-26,37.0,15.1,1,1,52.1,3,1,1.0,1.0,8b648bdd88380c34e18d3ca8ba9055a2,29395,ibatiba,ES,51.770254629629626,22.122719907407408,1,52.1
c775dea8bfab02a285d4d3b9f247808d,1ea7da2d672b0873e5b09cac7e25c109,delivered,2018-03-03 21:03:18,2018-03-03 21:40:21,2018-03-06 04:47:41,2018-03-22 21:24:56,2018-03-26,37.0,15.1,1,1,52.1,3,1,1.0,1.0,8b648bdd88380c34e18d3ca8ba9055a2,29395,ibatiba,ES,19.01502314814815,22.122708333333332,0,52.1
afce6241639c871ea13eddfd86b3ded8,a6cc78b847169771e22b2035a9b016f3,delivered,2018-03-03 21:06:41,2018-03-03 21:29:13,2018-03-08 00:38:46,2018-03-20 17:04:49,2018-03-29,53.9,17.63,1,1,71.53,1,1,5.0,1.0,bbc8b9ab90288d37ad3541f5ec64bc1f,91110,porto alegre,RS,16.832037037037036,25.120358796296298,0,71.53
c3a151fc45138447691e8231ffbca189,86538da58e1e43ea22d93b6fc3c8ac1f,delivered,2018-03-03 21:12:51,2018-03-06 03:55:51,2018-03-07 17:37:35,2018-04-06 19:42:40,2018-03-22,119.9,15.59,1,1,135.49,1,1,1.0,1.0,a51589a7867758392e3f88400221baf6,6328,carapicuiba,SP,33.93737268518519,18.11607638888889,1,135.49
7ab737441b79ec93e9e9b1335f22a30c,bb7874514104785ce5b5abece4670a18,delivered,2018-03-03 21:20:15,2018-03-06 03:51:19,2018-03-08 21:18:24,2018-03-29 00:52:30,2018-04-05,13.9,11.85,1,1,25.75,1,1,3.0,1.0,65a3a1c5c86631736e9ad00c3eaec686,2053,sao paulo,SP,25.147395833333334,32.1109375,0,25.75
8046235d64b3479dfce835281a85c0d6,9aeead5285b1635b4c0a55a8496e998d,delivered,2018-03-03 21:20:20,2018-03-03 21:35:29,2018-03-06 18:26:40,2018-03-12 21:22:46,2018-04-03,36.0,15.1,1,1,51.1,2,1,5.0,1.0,0867c4bb85527f7e0b1d67326b5d8abe,95560,torres,RS,9.001689814814815,30.11087962962963,0,51.1
5bbe7f112bd14e57a504dd0fd237e362,a95017f19805adc3b0c466bb6fb3c053,delivered,2018-03-03 21:30:29,2018-03-03 21:48:36,2018-03-05 23:57:26,2018-03-06 17:08:57,2018-03-15,76.0,9.35,1,1,85.35,1,1,5.0,1.0,2f6aa1c442123982d47058b0f09c5b6c,13080,campinas,SP,2.8183796296296295,11.103831018518518,0,85.35
b4c45d4cc2a2e24e10d4e20bae928819,5feeb43744a61e50a53346dc3169225e,delivered,2018-03-03 21:40:09,2018-03-06 03:49:33,2018-03-06 20:27:46,2018-03-16 17:51:45,2018-04-05,13.65,14.1,1,1,27.75,1,1,5.0,1.0,0ea72bc8d992598af459f73c9969837d,20560,rio de janeiro,RJ,12.841388888888888,32.097118055555555,0,27.75
a7735463a3354273d091f4b989e792c4,d1819fae7c40c1b27eac41a68186a593,delivered,2018-03-03 21:43:26,2018-03-03 21:50:35,2018-03-05 23:09:05,2018-03-28 01:04:46,2018-04-02,148.0,30.57,1,1,178.57,1,1,4.0,1.0,82b73b7f618cd46925962c648ecf2875,58036,joao pessoa,PB,24.139814814814816,29.094837962962963,0,178.57
3d87ba4f7660501adecd3a4fa95886b2,5405e2ecf4b9c107ef102d38180b238f,delivered,2018-03-03 21:49:27,2018-03-04 21:48:53,2018-03-05 19:33:32,2018-03-06 12:49:53,2018-03-15,28.0,9.34,1,1,37.34,1,1,5.0,1.0,732d307839b02bc2d3a4c26b515ea2b9,7402,aruja,SP,2.625300925925926,11.090659722222222,0,37.34
e2d87ac3739c08508d0f9a46cf33786f,a799759568068072e172b6ce889554fb,delivered,2018-03-03 21:49:27,2018-03-04 21:48:53,2018-03-09 23:58:36,2018-03-13 13:18:29,2018-03-16,54.0,9.34,1,1,63.34,1,1,5.0,2.0,732d307839b02bc2d3a4c26b515ea2b9,7402,aruja,SP,9.645162037037037,12.090659722222222,0,63.34
29fc23bcd9e04ac6a5919350404eb36c,a2463c771cdc164e80078fd3d5e12ee0,delivered,2018-03-03 21:52:44,2018-03-03 22:08:45,2018-03-14 19:03:51,2018-04-04 16:37:00,2018-04-04,1186.0,60.9,1,1,1246.9,10,1,5.0,1.0,0af81771d11ef9e0807a929428f9558d,85640,ampere,PR,31.78074074074074,31.088379629629628,1,1246.9
fbb1eb1825f3fabe6f29d8f2837d351c,dbf5ae77201c47ae393b07a60788620b,delivered,2018-03-03 21:55:12,2018-03-03 22:10:33,2018-03-06 21:17:02,2018-03-19 15:28:37,2018-04-02,76.8,41.68,2,1,118.48,1,1,3.0,1.0,ddea5f5a11752a22ba17511ee2db2685,97065,santa maria,RS,15.731539351851852,29.086666666666666,0,118.47999999999999
68dfc0cac13912ba836bc59a40e10509,0fb6e4efad5a7bb20128df51837fcfc5,delivered,2018-03-03 21:59:29,2018-03-03 22:31:10,2018-03-06 23:38:33,2018-03-08 19:36:29,2018-03-15,29.98,7.78,1,1,37.76,3,1,5.0,1.0,78c52c4bf8ccd7447802530656e3d7a3,4143,sao paulo,SP,4.9006944444444445,11.083692129629629,0,37.76
b1e83743987d023e63838e2fe9149231,6ba7e84c04186c7d84b9c549337ad3c9,delivered,2018-03-03 21:59:29,2018-03-03 22:15:23,2018-03-05 21:10:30,2018-04-02 20:26:44,2018-03-29,139.8,51.18,2,1,190.98,3,1,3.0,1.0,b7cff6ff428658802ecbb789b1205d35,57084,maceio,AL,29.935590277777777,25.08369212962963,1,190.98000000000002
720a99b74861e955a2766b3932297a8c,177b2983fe130cd5cbf3388da41291ba,delivered,2018-03-03 22:09:06,2018-03-03 22:48:15,2018-03-05 22:33:14,2018-03-15 21:22:30,2018-03-26,39.0,16.11,1,1,55.11,5,1,4.0,1.0,7003239b9c63035abded93028cb68d01,38400,uberlandia,MG,11.967638888888889,22.07701388888889,0,55.11
17b33c457230992a193f0e7179fbf104,b6fa4fe04493bc219a264e39aad0de5a,delivered,2018-03-03 22:13:46,2018-03-03 22:28:38,2018-03-05 18:39:10,2018-03-26 12:51:27,2018-03-26,134.9,18.19,1,1,153.09,2,1,4.0,1.0,60149040f360e12c72ab1324c2913375,88302,itajai,SC,22.609502314814815,22.07377314814815,1,153.09
eb54c63c566516c6052fa30db3558c17,9b3f8363f2ee84afcec10865308f0687,delivered,2018-03-03 22:15:38,2018-03-06 03:55:38,2018-03-12 14:02:09,2018-03-16 01:41:10,2018-03-15,45.9,8.72,1,1,54.62,1,1,5.0,1.0,45bf2943fd6a36a156c95c143aabe95d,6149,osasco,SP,12.142731481481482,11.072476851851851,1,54.62
a61574f3d74d4d3cec6528240b2017ae,b87bbd15537c8fdb8f0f37f8f76cbd6b,delivered,2018-03-03 22:19:30,2018-03-03 22:30:29,2018-03-08 20:48:32,2018-03-20 21:47:07,2018-03-29,81.0,18.14,1,1,99.14,1,1,5.0,1.0,22cc26ccf404f3ebe60d6457f14179a5,28913,cabo frio,RJ,16.977511574074075,25.069791666666667,0,99.14
7786642062339870927e5c0dd845985c,a1cd5efdca80422ec1850ef1c30679da,delivered,2018-03-03 22:22:38,2018-03-03 22:35:31,2018-03-06 17:59:02,2018-03-23 19:19:35,2018-03-22,69.9,19.98,1,1,89.88,1,1,5.0,1.0,34471a8e1a3d5425d255efa7d4b06220,31510,belo horizonte,MG,19.872881944444444,18.06761574074074,1,89.88000000000001
56db5b03dc275ea7e773ea8b097ac795,ea9725a3d5bc2c6b09e6bed12ee02a6a,delivered,2018-03-03 22:26:12,2018-03-06 03:55:51,2018-03-07 19:37:26,2018-03-15 13:32:30,2018-03-28,19.95,11.85,1,1,31.8,1,1,5.0,1.0,d5f2755878123a8b5090a1ecfc2c8091,15093,sao jose do rio preto,SP,11.629375,24.06513888888889,0,31.799999999999997
8a8d2bb96afe472415715631b0751551,743c0ae28794358d1592d88ec21087b9,delivered,2018-03-03 22:26:42,2018-03-06 03:55:39,2018-03-06 18:52:01,2018-03-14 22:17:51,2018-03-22,269.0,15.63,1,1,284.63,1,1,1.0,1.0,04f843a271266e791f33eb73fa352514,80240,curitiba,PR,10.993854166666667,18.064791666666668,0,284.63
7646f2fa9419a132d8ff5528846a48d3,b9374bfb8d4215e1fc67d31d2be24191,delivered,2018-03-03 22:28:24,2018-03-03 22:48:20,2018-03-09 20:07:46,2018-04-29 21:12:32,2018-04-16,399.0,146.08,1,1,545.08,10,1,1.0,1.0,4a598c97b3c81cc5d6097dddc0c16a72,69085,manaus,AM,56.94731481481482,43.06361111111111,1,545.08
a22b2c47646006a89dd924c050860bb9,2f9b7738d4278250382b2ee26d7bf145,delivered,2018-03-03 22:50:45,2018-03-03 23:08:26,2018-03-05 19:39:08,2018-03-21 18:12:15,2018-03-22,185.49,16.05,1,1,201.54,1,1,5.0,1.0,c413c967f0229c9c432d19767feb3cb2,82130,curitiba,PR,17.806597222222223,18.048090277777778,0,201.54000000000002
67f2267a555a1794c011883d8fd86430,655cbe6a7b399bcdd1b055c1eaa48e7e,delivered,2018-03-03 23:14:57,2018-03-04 00:00:26,2018-03-07 01:04:36,2018-03-14 20:36:59,2018-03-21,148.99,12.54,1,1,161.53,4,1,5.0,1.0,06c5a017e2b74d38903164d42e7687f1,4415,sao paulo,SP,10.890300925925926,17.03128472222222,0,161.53
eb56621db1ea95071f397f1fef9dbe82,54e115653f145fa0eeba277b728eba08,delivered,2018-03-03 23:18:52,2018-03-05 10:09:33,2018-03-07 02:49:53,2018-03-19 20:31:51,2018-04-10,56.99,14.15,1,1,71.14,1,1,5.0,1.0,5829c7a1f12891096d586a408170e94e,22471,rio de janeiro,RJ,15.884016203703704,37.028564814814814,0,71.14
b37d46f83322f86eae75b766a515cffe,25a52f95724799f5b375932dfb65c5f7,delivered,2018-03-03 23:19:47,2018-03-04 00:00:26,2018-03-06 18:58:42,2018-03-29 17:44:43,2018-04-16,13.9,34.15,1,1,48.05,2,1,5.0,1.0,76fe97f554dca5a3d157ee7ce9ccd414,58038,joao pessoa,PB,25.767314814814814,43.02792824074074,0,48.05
d6235477014458ade86158040370fca8,85f4e1a23fa6be40331706e9eebbdaa1,delivered,2018-03-03 23:35:15,2018-03-03 23:48:22,2018-03-07 02:14:30,2018-03-16 23:12:57,2018-03-16,53.49,8.72,1,1,62.21,6,1,4.0,1.0,3d75cbf8643a1c15723adb850fb5f928,4365,sao paulo,SP,12.98451388888889,12.0171875,1,62.21
37660ed0022803717d2eb7bac4300621,5cd812c5b28b235cfb60b9e5a194bd7c,delivered,2018-03-03 23:43:42,2018-03-04 23:49:02,2018-03-05 22:16:43,2018-03-06 15:16:39,2018-03-15,12.9,7.78,1,1,20.68,1,1,5.0,1.0,1f3ce77f87e0342edda9506a4d045e69,6122,osasco,SP,2.6478819444444444,11.011319444444444,0,20.68
fce11c1012b2c4e62437daaf24cf96a7,a5acb5aeca07d29dc93bef57f887b1fe,delivered,2018-03-03 23:46:30,2018-03-03 23:55:31,2018-03-07 23:14:41,2018-03-26 21:52:04,2018-04-10,149.99,45.51,1,1,195.5,2,1,5.0,1.0,a9f9523aa0bd6cb09e4335790b7426e4,35160,ipatinga,MG,22.920532407407407,37.009375,0,195.5
e3654d3f8136f013ad09af28b1585e24,72d191c8e8261379a271860bd5b2fa86,delivered,2018-03-03 23:51:06,2018-03-04 00:08:43,2018-03-09 22:28:39,2018-03-21 23:08:51,2018-03-27,89.9,15.39,1,1,105.29,2,1,3.0,1.0,8fcb55ff1a2135436d743907587cd596,24935,marica,RJ,17.970659722222223,23.006180555555556,0,105.29
7616b98483a2f8af40e3ab4d8ef3ffc9,078dbbc73431f0553f696d0913e99ac0,delivered,2018-03-04 00:08:21,2018-03-04 00:35:53,2018-03-06 19:28:54,2018-03-12 21:24:44,2018-03-27,71.5,14.25,1,1,85.75,4,1,5.0,1.0,2d3e435356864d8493067204c2d9dc55,79006,campo grande,MS,8.886377314814816,22.99420138888889,0,85.75
f3bf8da6fd4b735f85852c38ca15e90e,c0314850cd5254ebcc66a4b00acd306c,delivered,2018-03-04 00:14:09,2018-03-06 09:55:33,2018-03-15 22:28:42,2018-03-18 13:07:24,2018-03-21,239.9,18.39,1,1,258.29,10,1,5.0,1.0,03edfeca37b80c849dc2f7a76cd6ca64,7080,guarulhos,SP,14.536979166666667,16.99017361111111,0,258.29
565d193549c110156821ab4e05cb6240,5b68d641f6f6cf9920a7010d6a7cd755,delivered,2018-03-04 00:55:20,2018-03-04 01:09:43,2018-03-06 20:37:03,2018-03-09 16:46:35,2018-03-15,49.89,7.78,1,1,57.67,2,1,5.0,1.0,56e8e67775f027f5bd332c62e453db24,4850,sao paulo,SP,5.660590277777778,10.961574074074074,0,57.67
0c1131dcb8c6ec0c895af6aea3e70983,69de6e98cbd456c73122e8fd3a20554d,delivered,2018-03-04 01:19:17,2018-03-05 04:15:31,2018-03-15 18:33:42,2018-04-24 15:42:11,2018-04-13,169.99,48.11,1,1,218.1,4,1,1.0,1.0,91d5da8c24686b483a7b08bfddf5c344,60714,fortaleza,CE,51.59923611111111,39.94494212962963,1,218.10000000000002
3657d83f0ccdda70b89b5ae9e6fdb07c,25c6b9cdce83cd1359c01f00b9b239be,delivered,2018-03-04 01:48:54,2018-03-06 03:35:43,2018-03-07 16:45:22,2018-04-11 21:05:34,2018-03-28,72.9,18.08,1,1,90.98,1,1,1.0,1.0,2856f9deb5e2c032f2e27f70b87b8d8f,26600,paracambi,RJ,38.80324074074074,23.924375,1,90.98
d5548ee8b123f1ede666cedd8c0049f2,fb23c756b7d02814a3f3a7a605f3db42,delivered,2018-03-04 01:50:38,2018-03-04 02:14:06,2018-03-06 20:52:24,2018-03-12 22:16:32,2018-03-28,139.9,16.74,1,1,156.64,4,1,5.0,1.0,c1f2aa3dad7ea74c0b0d261480f609de,19050,presidente prudente,SP,8.851319444444444,23.923171296296296,0,156.64000000000001
3be022c04922f96b5df70e2ad9e2c852,8c2c2843abb880842d1b6bd2fccab395,delivered,2018-03-04 02:07:22,2018-03-04 02:30:49,2018-03-14 17:13:02,2018-03-21 19:04:21,2018-04-02,169.99,21.84,1,1,191.83,1,1,3.0,1.0,7c5d1cbb0257bcd089a2c229efd0c356,4251,sao paulo,SP,17.706238425925925,28.911550925925926,0,191.83
afa2c425be2efd14c19b4a0aa62f9b59,2a22ba1cb2f182b16cfd4b7620ea6114,delivered,2018-03-04 02:25:53,2018-03-05 08:15:31,2018-03-06 17:03:46,2018-04-06 19:24:59,2018-03-22,229.9,18.86,1,1,248.76,4,1,1.0,1.0,33e2ec99a0b818a86def54a73031892a,1327,sao paulo,SP,33.707708333333336,17.89869212962963,1,248.76
501d53200cd395d34bc971566f4bbc74,8a6ff7337f2f7ca3ab174d52fae99080,delivered,2018-03-04 02:34:20,2018-03-04 02:50:20,2018-03-05 23:51:37,2018-03-20 21:37:31,2018-03-28,70.0,18.06,1,1,88.06,1,1,5.0,1.0,77181aad9f3070ba90488e6bbb045f1f,45992,teixeira de freitas,BA,16.793877314814814,23.892824074074074,0,88.06
c95bc5d3cdd34cf9698e69308b545f48,625243048f1ccf53f22fcbf49cfc1cf7,delivered,2018-03-04 03:58:39,2018-03-04 04:10:33,2018-03-06 00:19:04,2018-04-13 14:03:12,2018-03-29,154.08,16.84,1,1,170.92,2,1,3.0,1.0,17ebddb6a60530cec37f8b17bf53c3ad,92200,canoas,RS,40.419826388888886,24.834270833333335,1,170.92000000000002
69eb4e39c354fbaad34489675c55608a,38dfb762919427e7ebdb0acae542419e,delivered,2018-03-04 07:16:07,2018-03-04 07:30:24,2018-03-05 19:12:50,2018-03-09 18:34:48,2018-03-21,39.9,11.85,1,1,51.75,5,1,3.0,1.0,a4f2ee695a7a41457bf3396d473b9de4,8140,sao paulo,SP,5.471307870370371,16.697141203703705,0,51.75
d1804dbdc6ea61e2dc9bf965e7ffffa2,866aaa9d6c61762ad4240425b10fc25f,delivered,2018-03-04 07:43:06,2018-03-06 03:51:14,2018-03-07 16:52:47,2018-03-08 18:21:48,2018-03-19,999.0,20.11,1,1,1019.11,1,1,4.0,1.0,51c4ac3413acf4a49b78fe6be0904360,13841,mogi-guacu,SP,4.4435416666666665,14.678402777777778,0,1019.11
a3ba21f961c9d61f7502766974371616,82a5458c7efd1055b6ab24f6985fa233,delivered,2018-03-04 08:56:57,2018-03-04 09:09:52,2018-03-07 20:35:21,2018-04-17 21:34:51,2018-03-27,59.99,16.18,1,1,76.17,4,1,3.0,1.0,7c9413ff10fed052fb495b0ad0cec637,75370,goianira,GO,44.52631944444445,22.627118055555556,1,76.17
80c7b4c9343d57c6f4e84201ba70063c,b339abac3ae25f5b2b4f46d64ae42464,delivered,2018-03-04 09:51:23,2018-03-05 09:48:22,2018-03-07 01:13:28,2018-03-26 19:47:47,2018-04-05,539.0,29.05,1,1,568.05,8,1,5.0,1.0,fd8ca2ec473847a4367206bb75db0d99,53370,olinda,PE,22.414166666666667,31.58931712962963,0,568.05
5fd99401d1c6e62d94afee10a1820622,4db0ecd4354b4c7042b9c913bdd59b77,delivered,2018-03-04 09:55:23,2018-03-04 10:48:48,2018-03-07 19:05:26,2018-03-08 20:11:39,2018-03-15,139.0,15.73,1,1,154.73,1,1,5.0,1.0,0d4050b922f53b37ad64e7cbd736bdbc,4546,sao paulo,SP,4.427962962962963,10.586539351851853,0,154.73
b0ed482699eda01ec9bc672c131741f0,b3e16dcf5e6a9a7a917838b9c8d6551e,delivered,2018-03-04 10:05:42,2018-03-06 03:35:37,2018-03-08 02:33:00,2018-03-28 20:44:33,2018-03-29,56.99,15.15,1,1,72.14,1,1,5.0,1.0,42f214e3717b343664b63b944fff6935,35530,claudio,MG,24.443645833333335,24.579375,0,72.14
60064a8ef6cf5a49ed3b7edbc7fd9eb6,acdd98a7de2d5524730599eef83725c9,delivered,2018-03-04 10:08:00,2018-03-04 10:28:16,2018-03-05 20:23:16,2018-05-03 16:06:04,2018-04-04,41.9,25.63,1,1,67.53,1,1,1.0,1.0,9bb13cd220fc3783d69a3d28accf2004,68005,santarem,PA,60.24865740740741,30.57777777777778,1,67.53
cd204f2c023b810c30b9d94d83549c84,60316082457ca4288ed89e75c9f9d50f,delivered,2018-03-04 10:13:05,2018-03-06 03:55:46,2018-03-08 01:24:35,2018-03-29 22:14:22,2018-04-06,85.0,17.03,1,1,102.03,1,1,4.0,1.0,4ac2c632ad4eb06bde1abf92c3aeb44a,27197,pinheiral,RJ,25.500891203703702,32.574247685185185,0,102.03
999dc37323684cefef388a9b58436118,321620138e47faf163d861b8dcd7119d,delivered,2018-03-04 10:30:46,2018-03-04 11:10:22,2018-03-06 23:43:28,2018-03-08 19:32:19,2018-03-15,156.0,28.3,2,1,184.3,2,1,5.0,1.0,43a1e77261b73a1f6f821295cc66e26e,9541,sao caetano do sul,SP,4.3760763888888885,10.561967592592593,0,184.3
f1f77c2644fb432824a8e7183f325b11,6d18a9e76b7b95ff185b3ac7849f81e6,delivered,2018-03-04 10:33:55,2018-03-04 10:48:57,2018-03-07 21:10:08,2018-03-22 15:54:46,2018-03-28,148.99,15.79,1,1,164.78,3,1,4.0,1.0,969cab75f6090ab67fbea22a55e1c63b,29199,aracruz,ES,18.2228125,23.559780092592593,0,164.78
264d1f3efc32d8d8243d16c9a582a0b7,08b6dd70f6a9b5bdd17a1387733e3511,delivered,2018-03-04 10:34:03,2018-03-04 11:10:23,2018-03-05 11:14:51,2018-03-17 17:22:09,2018-03-26,224.0,26.61,1,1,250.61,2,1,5.0,1.0,781d84d699c11b6151fe6604ec184e60,24230,niteroi,RJ,13.283402777777777,21.5596875,0,250.61
47ee6fec7ba2a39c23a7c84127e1fac9,e51c1096bac2b1c14e3f8a0e24ad0520,delivered,2018-03-04 10:40:02,2018-03-04 11:29:21,2018-03-06 03:48:24,2018-03-20 00:42:32,2018-03-26,49.9,14.1,1,1,64.0,1,1,3.0,1.0,6aa2294d9975e319365a586ba919de73,5782,sao paulo,SP,15.585069444444445,21.55553240740741,0,64.0
13ceb10d0a1fb089ff634acc7114a743,c7b0cd6d863462734458324cdcc65169,delivered,2018-03-04 10:40:53,2018-03-04 11:10:23,2018-03-06 03:45:56,2018-03-27 19:09:22,2018-04-11,272.9,56.35,1,1,329.25,6,1,1.0,1.0,4df4e976784c5fcfcefd8be11029cbc6,20520,rio de janeiro,RJ,23.353113425925926,37.55494212962963,0,329.25
1a329557d7819d901a3b2cd102417f30,fcd51fd65ebb925e95e4874aded9cabe,delivered,2018-03-04 10:44:52,2018-03-04 10:55:33,2018-03-05 17:17:22,2018-03-19 23:32:02,2018-03-29,18.9,16.79,1,1,35.69,1,1,5.0,1.0,ea27dc06e684b4edf42ed72359531272,27285,volta redonda,RJ,15.532754629629629,24.552175925925926,0,35.69
1c2f3eb4c18b1e3ca9439f2824205429,d11d8aa3c8a3d6dafd592452eeb3a246,delivered,2018-03-04 10:45:42,2018-03-04 11:10:28,2018-03-08 17:21:39,2018-03-09 18:28:43,2018-03-15,391.87,36.91,1,1,428.78,6,1,5.0,1.0,9b716d49aa30d57793971923eb4cc079,4344,sao paulo,SP,5.321539351851852,10.551597222222222,0,428.78
b07f5a2d7ebcfcb4f2ea4c8ff180e81f,39c66c4d32b72e53ede5d7da77c72e57,delivered,2018-03-04 10:48:32,2018-03-04 11:10:36,2018-03-07 20:51:59,2018-04-02 17:08:42,2018-03-27,108.0,17.2,1,1,125.2,4,1,,,a70d0b4c01d9f68aed421d0366b71e72,28920,cabo frio,RJ,29.26400462962963,22.549629629629628,1,125.2
a4a7cbfa5424f9c91c94e3483d80f99a,9505f9c901430b604a1cba94f48976f8,delivered,2018-03-04 10:48:52,2018-03-04 11:10:37,2018-03-05 21:56:32,2018-04-23 18:51:40,2018-04-02,128.99,34.7,1,1,163.69,6,1,1.0,1.0,c804757845eca612d2e5c77dafce2c4c,59114,natal,RN,50.335277777777776,28.54939814814815,1,163.69
76b1bcac04cffba74b00e4be75f58f9f,bb33fa516cc79147a1120958912fdf33,delivered,2018-03-04 10:51:11,2018-03-04 11:10:39,2018-03-06 00:20:03,2018-03-12 17:50:43,2018-04-30,99.8,35.2,2,1,135.0,8,1,4.0,1.0,5cc1eb5a94ab59494d63f06a5c7eec15,13484,limeira,SP,8.291342592592592,56.547789351851854,0,135.0
6b3b0b39d2a619fa308f4606d780af2c,d58286dd6d9edaf70bf227b843d6c963,delivered,2018-03-04 10:51:13,2018-03-04 11:10:58,2018-03-06 01:54:36,2018-03-09 16:16:25,2018-03-15,199.9,14.79,1,1,214.69,8,1,4.0,1.0,5cc1eb5a94ab59494d63f06a5c7eec15,13484,limeira,SP,5.225833333333333,10.547766203703704,0,214.69
c6fb234821f617a8e4d1cea1d61ca508,939f7380a49b9e56a5f998780c81e844,delivered,2018-03-04 10:53:25,2018-03-04 11:10:51,2018-03-06 20:48:48,2018-03-08 23:48:37,2018-03-21,215.0,14.06,1,1,229.06,4,1,5.0,1.0,dffa685ed38bf250c191f0599590eee4,9270,santo andre,SP,4.538333333333333,16.546238425925925,0,229.06
10b5d5c95177be116333e9a65a6fdea4,749ba37e1c007d00f214dc51dec300e0,delivered,2018-03-04 10:59:40,2018-03-04 11:10:54,2018-03-06 18:52:18,2018-03-13 22:59:29,2018-04-06,70.0,15.24,1,1,85.24,7,1,5.0,1.0,3c3a8cbb2907d3f5e9a3ff071851c271,16500,cafelandia,SP,9.499872685185185,32.54189814814815,0,85.24
f7e7da47ef2f5f88532c556e17126566,e60ecc88932dcdbc70cfd193562f47a6,delivered,2018-03-04 11:03:19,2018-03-04 11:15:34,2018-03-06 02:21:51,2018-03-13 22:22:06,2018-03-26,18.5,15.1,1,1,33.6,1,1,5.0,1.0,c9f63bd80d0c18a08131a12f6c7cfc23,27120,barra do pirai,RJ,9.471377314814815,21.539363425925927,0,33.6
b574f97b093ad4bc022f420344327e12,36d39e3b372efc3bbed5188c23d0d1ca,delivered,2018-03-04 11:13:39,2018-03-04 11:29:19,2018-03-09 00:25:34,2018-03-29 20:45:37,2018-03-23,89.9,17.88,1,1,107.78,10,1,1.0,1.0,3bd08ce268152ada1de9eccd7d7e0911,28300,itaperuna,RJ,25.397199074074074,18.5321875,1,107.78
031f488d7e8549b5d8af94f5a3e9300e,46dcf912d282f0e1aa9c3278ec488723,delivered,2018-03-04 11:20:09,2018-03-04 11:30:45,2018-03-05 18:12:40,2018-03-26 22:04:49,2018-03-21,144.99,17.26,1,1,162.25,4,1,1.0,1.0,122f8b38ffa5173825fedec390c9ff95,34000,nova lima,MG,22.447685185185186,16.527673611111112,1,162.25
5dc70acab84ac4fd4ffb73d38c63cc94,c863c060ca50d90eea7f980c2e04b868,delivered,2018-03-04 11:20:37,2018-03-06 03:49:22,2018-03-20 18:03:09,2018-04-30 20:51:37,2018-04-17,31.9,34.15,1,1,66.05,1,1,1.0,1.0,937ab0db6740980b6126beab34ff802f,68640,ourem,PA,57.39652777777778,43.52734953703704,1,66.05
db72d4b9dccc8768cb8691e888ae7f5f,28754e043ab5bf0dc60318d4f82177c0,delivered,2018-03-04 11:22:43,2018-03-04 11:30:43,2018-03-07 22:07:05,2018-05-14 17:08:54,2018-04-09,79.9,39.55,1,1,119.45,5,1,1.0,1.0,9ee103207bfa27a878d9ab990488b759,62430,granja,CE,71.2404050925926,35.5258912037037,1,119.45
f42bc77d6937968056c0a86060664c72,9ba410e5ef39ead3ac737a405812d23f,delivered,2018-03-04 11:28:12,2018-03-04 11:49:35,2018-03-06 20:04:30,2018-03-14 21:48:41,2018-04-03,88.0,12.75,1,1,100.75,1,1,5.0,1.0,aaf279dbc945a412bfb72063ee98da3f,11030,santos,SP,10.430891203703704,29.522083333333335,0,100.75
b18b5fde5616ba3978e71483cf648a26,825d79317606372e5cf006164026c9b6,delivered,2018-03-04 11:30:18,2018-03-04 12:41:36,2018-03-07 01:33:08,2018-03-15 23:07:17,2018-04-02,59.8,17.7,1,1,77.5,2,1,1.0,1.0,bbdd9565f2bb532783e37777a9bbc895,94420,viamao,RS,11.484016203703703,28.520625,0,77.5
f92658c234d93f1b5e25da234dd2968c,a8bcd37f8dd5ad261b9580c6fa2cff74,delivered,2018-03-04 11:30:27,2018-03-06 03:48:58,2018-03-07 00:21:44,2018-03-23 18:14:37,2018-03-29,74.99,16.77,1,1,91.76,1,1,5.0,1.0,e058b9434f1c28acd8cf61b1a525985c,91900,porto alegre,RS,19.280671296296298,24.520520833333332,0,91.75999999999999
668e74f421624e48476682f5cbb48b3d,01cd1ba7ed9bb74360ae8d7b03575b2d,delivered,2018-03-04 11:34:08,2018-03-04 12:30:56,2018-03-06 23:42:20,2018-03-16 21:04:18,2018-04-06,109.95,36.09,1,1,146.04,2,1,5.0,1.0,3ae3020ba7a772196e5f1368d175a65d,66610,belem,PA,12.395949074074075,32.51796296296296,0,146.04000000000002
9739c55348e0dff4c220e6c29285dca7,ff806b9005b5c5ceade753b2536f3833,delivered,2018-03-04 11:48:10,2018-03-04 12:41:24,2018-03-05 23:56:54,2018-03-12 18:42:43,2018-03-15,74.99,11.73,1,1,86.72,1,1,3.0,1.0,c3885d57fd6fa795e0f625291af7754b,4773,sao paulo,SP,8.287881944444445,10.508217592592592,0,86.72
4083ae51fa136337c09bce24beff2fe4,3373cbe13f1a402261f2ab6fbd296c9e,delivered,2018-03-04 11:58:28,2018-03-04 12:41:34,2018-03-05 19:55:00,2018-03-20 16:08:39,2018-03-28,134.0,18.19,1,1,152.19,1,1,1.0,1.0,7f65f16a2290235fa5e4206ce6e59c34,89820,xanxere,SC,16.173738425925926,23.501064814814814,0,152.19
7e72165c5aea9996c625cfe62c8e1500,06db786002c0a85b36bdaca70b9fb4fe,delivered,2018-03-04 12:00:53,2018-03-05 12:09:07,2018-03-08 18:33:15,2018-03-23 16:55:20,2018-04-02,99.0,17.94,1,1,116.94,4,1,5.0,1.0,04c504443b45059127d2246e15d8da61,88901,ararangua,SC,19.204479166666665,28.499386574074073,0,116.94
e1e0cfc8398a7bcd9699fe42c1651566,2e28b1a46d27d698ecb5253364df051b,delivered,2018-03-04 12:01:25,2018-03-04 12:41:35,2018-03-08 18:07:28,2018-03-09 18:46:25,2018-03-15,29.99,7.78,1,1,37.77,1,1,5.0,1.0,ff57f8187098025972fce7e36704ab98,4564,sao paulo,SP,5.28125,10.499016203703704,0,37.769999999999996
fa4c62edb1f2755aa57bf4c59a46f8b8,1cd0357869324c7e19803a7bafe707a0,delivered,2018-03-04 12:02:05,2018-03-04 12:41:34,2018-03-05 19:04:47,2018-03-12 23:14:49,2018-03-26,149.9,23.37,1,1,173.27,2,1,5.0,1.0,982c96a47b0a4f79d61a4a9fa5295766,4317,sao paulo,SP,8.467175925925925,21.49855324074074,0,173.27
833124c58a852f0accaa7c09219e2967,7d7c7132b37ed525b93bf574f9948d69,delivered,2018-03-04 12:04:09,2018-03-04 13:21:40,2018-03-05 19:53:14,2018-03-16 15:42:06,2018-03-29,19.9,15.1,1,1,35.0,1,1,5.0,1.0,a725b80fa6c51469bd7e8cd3f923ea1e,98025,cruz alta,RS,12.151354166666666,24.497118055555557,0,35.0
913908597fea142985168af1fc46a6e5,94e9ce89950560f017f6f411e9819093,delivered,2018-03-04 12:13:37,2018-03-04 13:21:13,2018-03-06 16:30:04,2018-04-03 16:14:36,2018-03-26,148.0,17.29,1,1,165.29,1,2,2.0,1.0,bccba73d6d84666631a4ad5960f9fe9e,4657,sao paulo,SP,30.167349537037037,21.49054398148148,1,165.29
fc18f2b39a405a27ba3597b24a5828b0,bf1e5a528dee21a009ea9b2e7562c1b6,delivered,2018-03-04 12:14:15,2018-03-04 13:21:28,2018-03-06 02:21:57,2018-03-06 20:04:42,2018-03-15,18.9,8.27,1,1,27.17,1,1,5.0,1.0,cb8c60bea46ab764494f484a7b275811,14161,sertaozinho,SP,2.326701388888889,10.490104166666667,0,27.169999999999998
480ee2078a3e46f9d5e2fc737ca22b10,e9844a0a9ec2213423553af11768c3c3,delivered,2018-03-04 12:24:20,2018-03-04 13:21:50,2018-03-06 16:17:45,2018-03-14 02:08:26,2018-03-21,249.99,13.25,1,1,263.24,2,1,5.0,1.0,a516939bb16628e9d76e3d1334ad07ea,13310,itu,SP,9.572291666666667,16.483101851851853,0,263.24
887c6b210d8a2d3a1158dfaaec74e786,bb68c919b4fbf06dd84198eace96183f,delivered,2018-03-04 12:26:01,2018-03-04 13:21:27,2018-03-06 18:56:31,2018-03-16 15:55:40,2018-03-27,68.0,12.61,1,1,80.61,2,1,1.0,1.0,4d39299268f3e150d37520451ee5b07b,2436,sao paulo,SP,12.145590277777778,22.481932870370372,0,80.61
dec16faa1b0d9cf85ae3630def401cfb,43e4b82bff1bbd31273b414af1183c9d,delivered,2018-03-04 12:26:31,2018-03-06 03:49:40,2018-03-06 19:04:20,2018-04-02 18:31:44,2018-03-21,129.0,17.15,1,1,146.15,1,1,1.0,1.0,b714d0735d6c9bb2f91070e1e124706e,31260,belo horizonte,MG,29.253622685185185,16.481585648148148,1,146.15
7e460703dd3adb450213b20170a237f6,b79d85bfccc2df403dc6610e85d2ab71,delivered,2018-03-04 12:49:38,2018-03-04 13:29:23,2018-03-05 20:44:30,2018-03-08 17:19:08,2018-03-21,34.9,12.35,1,1,47.25,1,1,5.0,1.0,947b3a5eba30546ed3c37e0c7f1bafc6,28540,cordeiro,RJ,4.1871527777777775,16.46553240740741,0,47.25
7741a0c0ccbb42c74fb27c570c7e5354,07cbe547b6dec2535abda65b57733754,delivered,2018-03-04 13:00:43,2018-03-04 13:40:28,2018-03-14 19:21:21,2018-03-16 20:16:47,2018-04-02,89.98,18.34,1,1,108.32,2,1,5.0,1.0,53ce59821e6c5041654f61c58e99bcc2,8080,sao paulo,SP,12.302824074074074,28.457835648148148,0,108.32000000000001
f15c4b4b43ba09c074b6eddcf72a902e,d727542c0e0a218efe5ac4b614f08833,delivered,2018-03-04 13:00:52,2018-03-04 13:15:34,2018-03-07 02:09:08,2018-03-14 22:24:49,2018-03-22,108.0,15.52,1,1,123.52,5,1,5.0,1.0,3a537ad954f862d23c4f6a90066ae37e,32611,betim,MG,10.391631944444445,17.45773148148148,0,123.52
15e12d9cfb0958b1edd456f8ff11fcc8,45e541f36bb1209909900413545c9a82,delivered,2018-03-04 13:10:50,2018-03-06 03:51:11,2018-03-07 19:43:11,2018-04-13 22:36:36,2018-04-03,69.9,23.36,1,1,93.26,1,1,3.0,1.0,f2c92c3c24df8774d4db1daa845cd9d7,78280,mirassol d'oeste,MT,40.39289351851852,29.450810185185187,1,93.26
27a8d640e6a7be5a3b77ee064c07feea,0e477ff075da653798461adff6337e5b,delivered,2018-03-04 13:13:17,2018-03-06 03:50:49,2018-03-06 18:58:44,2018-03-20 15:57:39,2018-04-05,39.0,14.1,1,1,53.1,1,1,5.0,1.0,46717e39938403ae43984287d25b3557,20080,rio de janeiro,RJ,16.114143518518517,31.449108796296297,0,53.1
79340f2ac5af10a369d02c1acc89eb1a,4f3bfa2a13f306977a996e625a72c698,delivered,2018-03-04 13:14:01,2018-03-04 14:08:37,2018-03-06 19:03:52,2018-03-19 21:51:41,2018-04-02,535.9,18.5,1,1,554.4,6,1,5.0,1.0,32d3160dbca190de70058531e3ccb11a,3254,sao paulo,SP,15.35949074074074,28.448599537037037,0,554.4
e862ab2c5b9da53dea30d39617038ffd,1e79508ae1db3fd8cc165bf3ca7a0916,delivered,2018-03-04 13:17:05,2018-03-05 13:15:55,2018-03-06 19:33:04,2018-03-18 15:29:37,2018-03-27,18.0,15.79,1,1,33.79,3,1,4.0,1.0,d73f93902231dfd67c3d5f22803ec0d3,42703,lauro de freitas,BA,14.092037037037038,22.44646990740741,0,33.79
03dbf3a42789c67ed5e2198f08d997dc,f63aa9fceef15019d51c24510d8d6c30,delivered,2018-03-04 13:20:26,2018-03-04 13:35:38,2018-03-06 02:57:00,2018-03-28 19:03:04,2018-03-21,226.0,27.62,2,1,253.62,3,1,4.0,1.0,e3d328a7aca90ac234635088875d1646,9991,diadema,SP,24.237939814814816,16.44414351851852,1,253.62
3737d5e98a43749e8713ea1e2c9b5355,c512f620f76cc7b83e3eceeb72bfc6de,delivered,2018-03-04 13:25:01,2018-03-04 14:08:39,2018-03-06 17:38:36,2018-03-22 16:20:57,2018-03-22,119.9,16.6,1,1,136.5,1,1,5.0,1.0,993a8ca534103166dd711e48970086f8,9851,sao bernardo do campo,SP,18.122175925925927,17.44096064814815,1,136.5
6029993caca02acb59d23ffc0f88604c,a96f1353d402e430810a0e6242a36083,delivered,2018-03-04 13:25:55,2018-03-05 10:09:42,2018-03-06 22:19:09,2018-04-04 01:15:50,2018-03-27,89.9,17.88,1,1,107.78,3,1,2.0,1.0,379634bbb8d01b2b2c91db9cfc4655e0,84025,ponta grossa,PR,30.492997685185184,22.44033564814815,1,107.78
7cc699da1cc98ea6349ae005feae3906,d5bf661a3e396b8c710e6878a34eface,delivered,2018-03-04 13:33:14,2018-03-04 13:49:14,2018-03-05 17:32:31,2018-03-17 22:22:46,2018-04-02,535.9,18.5,1,1,554.4,10,1,5.0,1.0,1df0e82c8163bcef08a322f56ab1e21d,5184,sao paulo,SP,13.367731481481481,28.43525462962963,0,554.4
1566cecea18d487c7958eb073713e8a7,299a4bad02ffd18f1bdf59f32617d8a9,delivered,2018-03-04 13:40:57,2018-03-04 14:20:22,2018-03-08 22:31:28,2018-03-15 23:03:05,2018-03-21,53.9,13.4,1,1,67.3,1,1,5.0,1.0,5d29867262a9a3e7a02cac5ad5f77f0d,2036,sao paulo,SP,11.39037037037037,16.429895833333333,0,67.3
ddcb87eddf4da29aafd1be7658fcef4f,c0b4da14acd1222aab98b2b9c0859fed,delivered,2018-03-04 13:42:10,2018-03-06 03:48:51,2018-03-09 22:48:29,2018-03-13 20:58:25,2018-03-22,22.99,11.73,1,1,34.72,1,1,4.0,1.0,02e9827c15167f699df7bf90d326ffdb,9895,sao bernardo do campo,SP,9.30295138888889,17.429050925925925,0,34.72
e4fa46e65ad5c0c84cffc9dcd3176c66,2a29bb358054a0f3c574bd59d4c7f131,delivered,2018-03-04 13:42:37,2018-03-04 13:55:35,2018-03-07 23:08:46,2018-03-15 16:36:37,2018-04-02,109.9,21.26,1,1,131.16,3,1,3.0,1.0,67eac55ee0b132da77f6b46e9f58c32d,83860,pien,PR,11.120833333333334,28.428738425925925,0,131.16
87da0bebd85724d8dc20289da550ce1b,7ee037c29b42afccdc066ebeff67d5f2,delivered,2018-03-04 13:44:58,2018-03-04 14:08:43,2018-03-07 21:05:10,2018-03-14 21:16:37,2018-03-21,39.9,15.11,1,1,55.01,1,1,3.0,1.0,5342c7bd3198e07d663abd595061b6e1,30140,belo horizonte,MG,10.313645833333334,16.42710648148148,0,55.01
747af114bbea56ac1e6841d66553b0bc,3f9f956720566758b250a7701b100564,delivered,2018-03-04 13:46:06,2018-03-04 13:55:33,2018-03-06 00:23:06,2018-03-09 23:09:38,2018-03-23,27.9,15.1,1,1,43.0,2,1,3.0,1.0,ccabf7db5c463f40016a78c560a38fd9,33030,santa luzia,MG,5.391342592592593,18.426319444444445,0,43.0
773d4900b39c0f2c4987028481b98b34,988f1b1b4d7922adb1b70297950c5da3,delivered,2018-03-04 13:46:32,2018-03-06 03:35:31,2018-03-09 15:22:20,2018-03-12 20:57:25,2018-03-19,180.0,8.68,1,1,188.68,1,1,3.0,1.0,9b52ac9b6af1646f9370e15052f6c639,24913,marica,RJ,8.299224537037038,14.426018518518518,0,188.68
c008cb0b0b7d411443c78fcd22282930,eac0451aadf8de2d28430f4184f01ec3,delivered,2018-03-04 13:48:11,2018-03-04 14:08:45,2018-03-07 14:33:24,2018-03-08 16:07:41,2018-03-15,67.9,13.92,1,1,81.82,3,1,5.0,1.0,3f04877b0a3842c23e36f422abe4393b,4302,sao paulo,SP,4.096875,10.424872685185186,0,81.82000000000001
61fca91868781e2844bebf0ba3129950,0299a3ec7aac3a18ea88cfa6cf8a74f5,delivered,2018-03-04 13:53:47,2018-03-04 14:08:46,2018-03-05 20:05:39,2018-03-12 14:05:35,2018-04-09,14.0,15.1,1,1,29.1,2,1,5.0,1.0,abe351201e61437f658332cdce4c3c52,12260,paraibuna,SP,8.008194444444445,35.4209837962963,0,29.1
cb16d44b781c5ad67de1aa0454fade88,be07e18b74c064de0313f6377d064e02,delivered,2018-03-04 14:01:08,2018-03-05 13:55:50,2018-03-06 22:19:58,2018-03-08 17:28:40,2018-03-15,489.99,11.62,1,1,501.61,8,1,5.0,1.0,aa36550268e01de2536999cd0add273c,7151,guarulhos,SP,4.14412037037037,10.415879629629629,0,501.61
b6446a611bb9c288f42fc87611d4d2b9,c029dfbb73a59f46affafca213c29747,delivered,2018-03-04 14:04:42,2018-03-04 14:28:43,2018-03-07 22:05:15,2018-03-22 17:27:30,2018-03-26,95.8,32.22,2,1,128.02,2,1,4.0,1.0,718f23593f78864a66285a48bd8318ec,89700,concordia,SC,18.140833333333333,21.413402777777776,0,128.01999999999998
39b88d0d1831375dbc1c63696d345210,0e35e77f6f56b24cdf97fb6ff9005ac4,delivered,2018-03-04 14:09:13,2018-03-04 14:28:36,2018-03-05 19:39:09,2018-03-06 21:09:50,2018-03-15,35.0,8.27,1,1,43.27,1,1,5.0,1.0,22bf3d5c09574b91c57f4bba714b406f,3314,sao paulo,SP,2.2920949074074075,10.410266203703705,0,43.269999999999996
dbffa5e34cf40fb7dc1292bd10d22971,e7823ca26db4ecf5dc0e4cb58435b0e6,delivered,2018-03-04 14:18:56,2018-03-04 14:30:31,2018-03-05 17:13:01,2018-03-13 13:48:23,2018-03-26,197.4,30.88,2,1,228.28,10,1,5.0,1.0,bd2914d2e0b52a1b1bce55b39c1b1edf,39830,itambacuri,MG,8.978784722222223,21.403518518518517,0,228.28
2235b8528768ef6863fd3f90a50521a9,de3bc13bc0be066d857739429bd91c6b,delivered,2018-03-04 14:22:25,2018-03-04 15:00:22,2018-03-06 03:34:46,2018-03-15 00:10:57,2018-03-21,107.0,12.25,1,1,119.25,3,1,3.0,1.0,d59bcb9ecb849c3883ad37212faf6a85,13254,itatiba,SP,10.408703703703704,16.401099537037037,0,119.25
e4d8efa70d39268e478a400cd60f6e05,198346aca2ea3817a0ab900610c9ca5f,delivered,2018-03-04 14:24:21,2018-03-04 14:35:23,2018-03-05 16:48:34,2018-03-08 22:09:30,2018-03-28,75.4,13.55,1,1,88.95,3,1,5.0,1.0,ef369fb8cd1029e81293db4aed96cc1a,5528,sao paulo,SP,4.3230208333333335,23.399756944444444,0,88.95
a51c103cee3ac676ea1c9bd8faf4d0be,a3bf8dad369e2dd3104ae77e1fb68ade,delivered,2018-03-04 14:25:20,2018-03-05 14:15:36,2018-03-06 23:18:44,2018-03-08 01:09:47,2018-04-02,49.0,17.0,1,1,66.0,1,1,5.0,1.0,8163ea4d870aa941a0b5163d8d3a953a,13506,rio claro,SP,3.447534722222222,28.399074074074075,0,66.0
9c8168f2783f0165c272ee971a47e916,aa7a0ff82aeeeeec79a4e7431f28d6ca,delivered,2018-03-04 14:28:17,2018-03-06 03:51:31,2018-03-06 23:41:58,2018-03-29 22:04:23,2018-04-06,174.56,18.47,1,1,193.03,1,1,5.0,1.0,133f82573448e50b2298b4c6de9e76d1,22783,rio de janeiro,RJ,25.316736111111112,32.397025462962965,0,193.03
80a2b0dcabefef6a83477204433b2482,4fa80c5dc3ee4b69457bf4ec5c091d2f,delivered,2018-03-04 14:28:44,2018-03-04 14:48:48,2018-03-05 18:28:48,2018-03-10 15:58:55,2018-03-21,439.9,52.03,1,1,491.93,5,1,1.0,1.0,2b9d75b098e314b98c6d5690982f723d,11680,ubatuba,SP,6.062627314814815,16.39671296296296,0,491.92999999999995
f50e6fe960b68d2b8510cc0cef8ed8dc,e34ce820dbfce68d02a20686e4c9949b,delivered,2018-03-04 14:29:41,2018-03-04 15:08:48,2018-03-06 18:38:29,2018-04-07 13:58:23,2018-03-27,169.0,23.5,1,1,192.5,8,1,1.0,1.0,c34527be29fe453a826f4a03e9b2978b,26562,mesquita,RJ,33.97826388888889,22.39605324074074,1,192.5
8465a1ae25d801a0c2d8dbfeb425a6f6,1dc79b18a1a94a88df9b995e724a514f,delivered,2018-03-04 14:40:34,2018-03-04 14:50:31,2018-03-06 17:46:31,2018-03-31 14:58:33,2018-03-21,699.99,38.17,1,1,738.16,10,1,2.0,1.0,82e8a807d0dbd790eb24dd815a2c0998,1322,sao paulo,SP,27.012488425925927,16.38849537037037,1,738.16
005f25968fc854ea16fb16f5bdbc87c7,837cf66598995d5f51efd00d99ced139,delivered,2018-03-04 14:40:35,2018-03-04 15:20:26,2018-03-08 17:27:24,2018-03-20 18:13:37,2018-03-23,69.9,16.25,1,1,86.15,3,1,5.0,1.0,d28e54a9487cb4d360a09e7a96681e20,6331,carapicuiba,SP,16.147939814814816,18.388483796296295,0,86.15
e8d814b4bf8b7a90595e115ae8fc83bc,f987f6a75a1c705d58e10897c479e3e1,delivered,2018-03-04 14:42:07,2018-03-04 14:55:36,2018-03-06 19:15:21,2018-03-15 22:28:44,2018-03-21,69.9,12.83,1,1,82.73,3,1,5.0,1.0,26012880d7eaaf8148874c16411c7aa4,13308,itu,SP,11.324039351851852,16.38741898148148,0,82.73
e1c8b1502b402a1284350d261a89cb9a,bd28eeea121c6d18863a60d05107fcbd,delivered,2018-03-04 14:46:38,2018-03-04 15:08:52,2018-03-09 23:14:39,2018-04-03 01:40:52,2018-03-23,24.0,16.11,1,1,40.11,1,1,2.0,1.0,f772434a342a01aa28231574ca6da383,37704,pocos de caldas,MG,29.454328703703705,18.384282407407408,1,40.11
e1f7fd4580eedbf377860d89efe997d5,bba4cecac73ec3d2e47ad263c28fb1dd,delivered,2018-03-04 14:53:20,2018-03-04 15:09:02,2018-03-05 19:12:27,2018-03-06 21:43:00,2018-03-15,239.0,10.49,1,1,249.49,1,1,2.0,1.0,8f5cf6661f076604f5b7359e32df73f1,6386,carapicuiba,SP,2.2844907407407407,10.37962962962963,0,249.49
d4cc34ee536a5c492013d384f6348ec4,855f98ff1ae09e6e906dc66e2d8eff6b,delivered,2018-03-04 14:58:57,2018-03-04 15:10:49,2018-03-05 19:04:14,2018-04-28 12:56:35,2018-04-02,149.99,23.37,1,1,173.36,2,1,1.0,1.0,418afd9fc76f223ffa4571eecbeab92a,59140,parnamirim,RN,54.91502314814815,28.375729166666666,1,173.36
82261ff3dcd4a370acb65149a5507506,199e7ab738d50c057c66a47000fb3fed,delivered,2018-03-04 15:00:51,2018-03-04 15:10:35,2018-03-07 17:07:14,2018-04-13 20:08:53,2018-04-03,49.95,15.1,1,1,65.05,6,1,1.0,1.0,2598d17683e704949978dbba6d688d24,75280,orizona,GO,40.21391203703703,29.37440972222222,1,65.05
7e725a02a94edf1bb07180293cbb29d9,9d1e06b0ab7ef29fa0e9cea88bdc7eeb,delivered,2018-03-04 15:01:18,2018-03-04 15:10:30,2018-03-08 09:32:08,2018-03-16 11:18:49,2018-03-21,29.9,11.85,1,1,41.75,1,1,5.0,1.0,cbe71e4cb0b82b97bbec5cd51e0fa3ea,14407,franca,SP,11.845497685185185,16.374097222222222,0,41.75
c00772d47f0092f6245f81d4fd328657,8b887c8011957810df7aac10a8019e02,delivered,2018-03-04 15:02:20,2018-03-04 15:30:45,2018-03-06 15:44:59,2018-03-15 20:38:32,2018-03-28,126.12,14.63,1,1,140.75,2,1,5.0,1.0,0c23da40b4773ccbc9ed97a9d74ddd0f,9070,santo andre,SP,11.233472222222222,23.37337962962963,0,140.75
be291a47551443642d4de4c9c165886e,62700f8d4a9563f7bf60faf623e866b8,delivered,2018-03-04 15:02:39,2018-03-04 15:30:46,2018-03-09 20:13:23,2018-03-17 19:57:19,2018-04-12,579.8,26.13,1,1,605.93,4,1,5.0,1.0,0fa960f8f6215551889f2124f2e3bd70,4602,sao paulo,SP,13.204629629629629,38.37315972222222,0,605.93
50ed8128c8b7ee1458b9961d8b100a23,6d94d4ff9668ca2d38340ff936d09370,delivered,2018-03-04 15:03:28,2018-03-04 15:10:34,2018-03-05 19:13:51,2018-03-27 00:59:36,2018-03-28,35.9,15.1,1,1,51.0,5,1,4.0,1.0,adca104c5a4f32b6d3575e5e40617eaa,87045,maringa,PR,22.413981481481482,23.372592592592593,0,51.0
b41697d4dc1b083c1d853b7677453fc5,749038adc58441ea072a53451b9dd1f6,delivered,2018-03-04 15:13:34,2018-03-04 15:28:36,2018-03-05 19:54:58,2018-03-16 01:42:46,2018-04-02,39.9,12.48,1,1,52.38,1,1,5.0,1.0,975bd8adbd7c3176ce497f528a5117ce,9090,santo andre,SP,11.436944444444444,28.365578703703704,0,52.379999999999995
5545be5d02a0d70d1e9b038bf1a5acd7,45de6c6bb7d2638f72528d49c014795d,delivered,2018-03-04 15:21:00,2018-03-04 15:30:27,2018-03-20 19:58:56,2018-03-29 23:51:11,2018-03-29,109.9,17.02,1,1,126.92,2,1,5.0,1.0,d62d57be6e6ded27e50103ced224aaa1,81750,curitiba,PR,25.354293981481483,24.360416666666666,1,126.92
9aef5cb54685c53c5dd0b28727ff1203,9307cfa073da17b120a650f7b2361afb,delivered,2018-03-04 15:21:49,2018-03-04 15:35:29,2018-03-06 16:30:05,2018-03-13 10:32:21,2018-04-02,99.0,17.94,1,1,116.94,3,1,5.0,2.0,7ae296f2184f5c597a08c3a962b23eae,17150,paulistania,SP,8.798981481481482,28.359849537037036,0,116.94
d7c877c5db825f754e75a32ac35e13b0,75cc2d098cc1aa9cb7ea863100b5c200,delivered,2018-03-04 15:23:16,2018-03-04 15:35:29,2018-03-06 00:37:36,2018-03-15 22:28:26,2018-03-28,240.0,36.18,2,1,276.18,1,1,5.0,1.0,ad025c560160b103fa526e237381ece7,88340,camboriu,SC,11.29525462962963,23.35884259259259,0,276.18
f98546c39fc099e563d0b69b74b5151c,6ed21f859629b6586b9b7e8fe98653e6,delivered,2018-03-04 15:24:35,2018-03-04 15:35:28,2018-03-06 19:09:38,2018-03-18 14:27:39,2018-03-29,339.9,23.22,1,1,363.12,1,1,4.0,1.0,57799a14cfd9854e5019133bc8747e68,5018,sao paulo,SP,13.960462962962962,24.35792824074074,0,363.12
f11d659584813daadb19252b9659a670,9974e59c3f6c8186342935125184d014,delivered,2018-03-04 15:26:54,2018-03-04 15:35:32,2018-03-05 19:23:07,2018-03-21 18:48:50,2018-03-26,41.9,15.1,1,1,57.0,1,1,5.0,1.0,90f0b71981e1b1804ce0a4e267381ca3,37655,itapeva,MG,17.140231481481482,21.356319444444445,0,57.0
7e7ce1bc81b9dfd761f11ce02aa3b5c6,73f2037bc13d4d82c9251f6425244adc,delivered,2018-03-04 15:28:54,2018-03-04 15:48:20,2018-03-05 23:28:48,2018-04-17 20:19:27,2018-04-06,228.0,26.88,1,1,254.88,10,1,1.0,1.0,9d75e3b65b801c580e8c015e175384b9,66035,belem,PA,44.201770833333335,32.354930555555555,1,254.88
79bddd312603ec0241e3d42556c6bba4,dc5cacb3e5b312dbde82dae449a8eb6e,delivered,2018-03-04 15:30:14,2018-03-04 15:48:18,2018-03-06 00:19:09,2018-03-19 22:32:08,2018-04-02,174.56,38.77,1,1,213.33,7,1,5.0,1.0,5c41a21d4f964c189c2ad704dd18d11f,59619,mossoro,RN,15.29298611111111,28.354004629629628,0,213.33
e4b5604780e8b0ba35b9335194254b33,b8ae52eba45117ca56310b303a029ffb,delivered,2018-03-04 15:34:39,2018-03-04 15:48:21,2018-03-06 22:51:43,2018-04-07 00:08:31,2018-04-03,148.99,17.48,1,1,166.47,3,1,1.0,1.0,6b5e33e3b3037f2aad8f33a7739c62be,41500,salvador,BA,33.35685185185185,29.3509375,1,166.47
b1d03262cf81d5151e15a73bbde8e22e,66d087bc8114c87ef0f800c00ff2b64d,delivered,2018-03-04 15:38:01,2018-03-04 15:50:33,2018-03-06 22:51:43,2018-03-27 02:18:43,2018-03-28,149.9,15.8,1,1,165.7,1,1,2.0,1.0,960bc759291e2b4711d8c6f613349cd6,38412,uberlandia,MG,22.444930555555555,23.348599537037035,0,165.70000000000002
723a7113ee372c5f0ce268c48dfc2c21,4c76d92d6fde25bf9415c77794dc07c5,delivered,2018-03-04 15:45:34,2018-03-06 03:51:25,2018-03-08 03:08:54,2018-03-22 00:19:26,2018-04-03,164.25,51.7,2,2,215.95,1,1,1.0,1.0,aab579a39b1b5c223c2e1a4bbf8ff977,78700,rondonopolis,MT,17.35685185185185,29.343356481481482,0,215.95
60e3a3852eb45dfe8e9cce6c97c1a1b1,61248acbe7cdec04b7ae3a3beb69a171,delivered,2018-03-04 15:57:57,2018-03-04 16:10:34,2018-03-07 23:32:50,2018-03-27 19:36:44,2018-03-21,199.99,17.03,1,1,217.02,2,1,1.0,1.0,3031a1ee0ebe70445c566be3166b386c,11680,ubatuba,SP,23.15193287037037,16.334756944444443,1,217.02
ac7a92560a9e99f0a0ab4988102f491b,6abf781c5304890987047e9aa239caa8,delivered,2018-03-04 15:58:09,2018-03-04 16:10:35,2018-03-06 17:14:59,2018-03-22 23:44:33,2018-03-23,89.99,17.88,1,1,107.87,6,1,1.0,2.0,a176838867d89ed62981cdf02b7ca3e1,86040,londrina,PR,18.323888888888888,18.334618055555556,0,107.86999999999999
0d6cc2219ef268358eac3c49b47abca9,6a6bbd47bd6f4cec05265bc3f602e324,delivered,2018-03-04 15:58:10,2018-03-04 16:10:35,2018-03-08 20:17:21,2018-04-26 16:35:57,2018-03-23,286.4,66.81,1,1,353.21,6,1,1.0,2.0,a176838867d89ed62981cdf02b7ca3e1,86040,londrina,PR,53.026238425925925,18.334606481481483,1,353.21
88d482d263a239a1fa53ec9975895f8c,12f4edd6eb013fa0324c75df31cf42f5,delivered,2018-03-04 16:01:15,2018-03-04 16:15:26,2018-03-05 18:19:06,2018-03-18 14:52:51,2018-03-28,36.9,16.11,1,1,53.01,1,1,4.0,1.0,fbe8c53553220646741e6d717a55e114,3944,sao paulo,SP,13.9525,23.33246527777778,0,53.01
3da480f0b570c286f15f34efa2cbb2d5,8652ac0dcc743b8038987ef63a522ce4,delivered,2018-03-04 16:17:16,2018-03-04 17:20:26,2018-03-16 00:52:43,2018-03-20 15:34:39,2018-04-02,69.9,17.74,1,1,87.64,8,1,3.0,1.0,c49c236a96f8e5b983ce6467af4317b9,27570,porto real,RJ,15.970405092592593,28.321342592592593,0,87.64
94f522c26f2681ad053b999e34e7b317,fd92e79c1dfcd1ddae4d4630fef5bb7e,delivered,2018-03-04 16:17:17,2018-03-04 16:30:33,2018-03-07 21:27:57,2018-04-05 22:16:26,2018-03-26,193.9,16.11,1,1,210.01,8,1,2.5,2.0,c49c236a96f8e5b983ce6467af4317b9,27570,porto real,RJ,32.249409722222225,21.321331018518517,1,210.01
a7739653ad34042369dbc11a3bf21121,4165e16cb64c08c55baeffd9a3b6a08f,delivered,2018-03-04 16:17:57,2018-03-04 17:20:25,2018-03-05 19:56:15,2018-03-27 19:33:28,2018-03-29,59.65,16.86,1,1,76.51,1,1,5.0,1.0,07ea2b25a3b8b16ff98e60782182eecd,76380,goianesia,GO,23.135775462962965,24.320868055555554,0,76.50999999999999
a36841db38700006f3effd1b7e638688,85def2485de9aaad307b6b980002087e,delivered,2018-03-04 16:18:42,2018-03-04 16:30:31,2018-03-05 23:10:09,2018-03-23 00:22:08,2018-04-02,59.99,25.7,1,1,85.69,2,1,5.0,1.0,a04585063d3c6f8bd8d4c902b7e6fc85,58428,campina grande,PB,18.33571759259259,28.32034722222222,0,85.69
4294e241abc5a583ac06ee97d557745f,87a887e1089dce0c7fed596e76039b27,delivered,2018-03-04 16:29:24,2018-03-04 16:48:33,2018-03-08 21:09:35,2018-03-20 21:58:29,2018-04-02,53.9,28.78,1,1,82.68,3,1,5.0,1.0,4c361654a23779dba6d245db2f2bc69b,55020,caruaru,PE,16.228530092592592,28.312916666666666,0,82.68
d6b11927bdeea5f5786a486aa301d183,dc1797695511e21ed538efc9570e9751,delivered,2018-03-04 16:30:29,2018-03-04 16:48:37,2018-03-10 04:24:48,2018-04-02 23:28:57,2018-03-29,72.0,16.94,1,1,88.94,1,1,1.0,1.0,f5d7c4a3ec9eeef28fcca25ca72d8b38,30310,belo horizonte,MG,29.290601851851854,24.31216435185185,1,88.94
1d1a241bc979244649c42261b4edf004,c4afc968646c76f10008f7c941f81f09,delivered,2018-03-04 16:33:52,2018-03-04 16:48:40,2018-03-05 22:53:05,2018-03-14 19:48:35,2018-04-10,34.9,16.11,1,1,51.01,2,1,5.0,1.0,69e1e5cf676b8e2c20d311beb5739106,20230,rio de janeiro,RJ,10.135219907407407,36.309814814814814,0,51.01
6a7f146c996d90e099636967012fdc8d,0e7393ef1ebb20126cf9f31cf7259302,delivered,2018-03-04 16:36:42,2018-03-04 17:28:28,2018-03-07 00:37:46,2018-03-19 19:03:38,2018-04-06,44.9,15.1,1,1,60.0,1,1,3.0,1.0,f5d002793fffcc5a526c05efb039e806,22221,rio de janeiro,RJ,15.102037037037038,32.30784722222222,0,60.0
281c04e182df0c2f9f25bebea4b31af1,9425002b07757e5dfbf840f8c1310954,delivered,2018-03-04 16:38:43,2018-03-04 18:35:52,2018-03-07 23:48:42,2018-03-15 01:03:22,2018-03-21,79.0,13.57,1,1,92.57,1,1,5.0,1.0,28ef6eefdba83f8dd2b23de506759c46,6404,barueri,SP,10.350451388888889,16.30644675925926,0,92.57
3018245b4917c2d6e6ad5deb7a5cc600,4671612422311f6cb6500de36abbce07,delivered,2018-03-04 16:45:30,2018-03-04 16:55:55,2018-03-06 00:41:29,2018-03-16 23:04:58,2018-03-27,12.95,16.79,1,1,29.74,2,1,5.0,1.0,c644c379a96ef9468f073699ae37a84b,45027,vitoria da conquista,BA,12.263518518518518,22.30173611111111,0,29.74
787668255fbf3cfd994f9498dc30f5fd,f8abf7cc4f761c104613673e652975fb,delivered,2018-03-04 16:46:17,2018-03-05 16:50:30,2018-03-10 02:51:40,2018-04-13 19:58:26,2018-03-27,29.98,17.63,1,1,47.61,4,1,1.0,1.0,dca1664cb947eff518f8c377d6e6e642,60731,fortaleza,CE,40.1334375,22.30119212962963,1,47.61
40eb01ae347825d54e22426e22c5cd32,34a9142cd8fb2a2990cdabf6a94f50fc,delivered,2018-03-04 16:56:04,2018-03-04 17:10:25,2018-03-07 20:08:04,2018-03-16 15:03:24,2018-03-22,88.9,15.37,1,1,104.27,1,1,5.0,1.0,cf21b63bb98d1e934343542fcda2b128,14015,ribeirao preto,SP,11.92175925925926,17.294398148148147,0,104.27000000000001
029de66f2ffa0e793ca2aad5e304a748,af36102025fd8041e660558de504dade,delivered,2018-03-04 17:04:40,2018-03-06 03:35:31,2018-03-08 21:16:26,2018-03-20 11:56:53,2018-03-27,176.99,21.73,1,1,198.72,1,1,4.0,1.0,68140a5408cb8525a45eb47f4c2b3fdd,39960,jequitinhonha,MG,15.786261574074073,22.288425925925925,0,198.72
99c17c28779e5f367888a507c1ceaf96,3e7b2e247e06d43230046f448bd1a6ac,delivered,2018-03-04 17:16:20,2018-03-06 03:51:43,2018-03-07 00:21:44,2018-03-07 18:33:51,2018-03-15,74.99,11.73,1,1,86.72,1,1,5.0,1.0,f7542427705ce55ee46a88cf280b4f51,4657,sao paulo,SP,3.0538310185185185,10.280324074074073,0,86.72
43fb59e264c079e9579f33f7d0f240a8,9b870504e5aab43ab753e7d0e8991449,delivered,2018-03-04 17:16:35,2018-03-04 17:30:24,2018-03-07 03:06:57,2018-03-08 22:58:22,2018-03-20,23.99,7.78,1,1,31.77,1,1,5.0,1.0,d67c6b925d232b66b0a3321fab58dbc6,5724,sao paulo,SP,4.237349537037037,15.280150462962963,0,31.77
27e4b7566f5f9244634481ca9b048a2f,85178563d2e34e21e5daca9362c41d85,delivered,2018-03-04 17:23:24,2018-03-04 17:35:31,2018-03-08 21:06:32,2018-03-26 20:41:42,2018-03-28,52.9,28.77,1,1,81.67,1,1,4.0,1.0,88e0d24c0b4b092683069c8d9f89ab70,60140,fortaleza,CE,22.137708333333332,23.27541666666667,0,81.67
b52314e04baaecb498e1446be2dcabee,cb7e2ee52c84733eedbaac0f2527fe3a,delivered,2018-03-04 17:25:30,2018-03-04 17:35:29,2018-03-07 00:12:51,2018-04-14 10:21:59,2018-03-29,199.7,38.95,1,1,238.65,5,1,1.0,1.0,99aa0e2750ea6566256aab1394d1620e,64804,floriano,PI,40.7058912037037,24.273958333333333,1,238.64999999999998
35bc36d5460374d96175822d91d79cd1,7a66a682bc19eccafe78e901ad01cff9,delivered,2018-03-04 17:32:23,2018-03-04 17:49:03,2018-03-07 19:09:29,2018-04-17 20:11:54,2018-03-26,229.04,39.44,1,1,268.48,6,1,2.0,1.0,9c90aa9cb66638cee087f0d739075931,35400,ouro preto,MG,44.11077546296296,21.26917824074074,1,268.48
4ff3fc0a3d6e628acc27a25e1b6ed687,2d85651fc351f4e5043b7e28123f2f52,delivered,2018-03-04 17:32:32,2018-03-06 04:20:23,2018-03-06 19:27:37,2018-04-06 22:28:29,2018-04-02,42.9,16.79,1,1,59.69,1,1,3.0,1.0,d22f8ea94f955131a2603d247274a8eb,46580,tanque novo,BA,33.20552083333333,28.269074074074073,1,59.69
938d0d5452caf9c7ded66459c9440bcf,3dc736f9d972f528c1e5ac71b95ea81f,delivered,2018-03-04 17:35:02,2018-03-04 17:50:25,2018-03-07 20:08:02,2018-03-16 22:42:08,2018-03-22,189.9,16.09,1,1,205.99,1,1,4.0,1.0,be9e6e6f1721ce6deb64f726ca1b215b,7080,guarulhos,SP,12.21326388888889,17.267337962962962,0,205.99
2471792dd93b34ffd37de5cdd632bf6e,d4e5076a5e782394e114161f444de088,delivered,2018-03-04 17:37:01,2018-03-04 17:50:25,2018-03-05 19:12:27,2018-04-03 21:58:27,2018-03-26,109.9,57.44,1,1,167.34,1,1,1.0,1.0,da6fd349676938d2e4c02e1598c60a2f,88110,sao jose,SC,30.181550925925926,21.26596064814815,1,167.34
271a60ca2e506446f84f15a5246bced3,a49ae7843fa7b392f6e13a14e5e18c16,delivered,2018-03-04 17:40:28,2018-03-06 03:48:51,2018-03-07 01:58:30,2018-03-16 15:03:56,2018-03-22,108.0,15.52,1,1,123.52,1,1,5.0,1.0,136807606cbecd946fbe8cb0d8e66537,34003,nova lima,MG,11.891296296296296,17.263564814814814,0,123.52
f60e24afa1a33daf8c332325bafb1687,bf6313d9148432b6ac91c824e263e86a,delivered,2018-03-04 17:48:42,2018-03-05 18:31:21,2018-03-10 02:41:32,2018-03-21 21:04:01,2018-03-22,29.98,15.1,1,1,45.08,1,1,5.0,1.0,38a90d5218eb2a167f266465cd550168,37410,tres coracoes,MG,17.135636574074073,17.25784722222222,0,45.08
959736e06ddf68235a3bd98b1bf8edba,20b9fa6e5c3b0221bc22277024f4a1fe,delivered,2018-03-04 17:48:58,2018-03-04 18:28:04,2018-03-06 00:14:16,2018-03-17 13:58:47,2018-04-05,81.5,13.59,1,1,95.09,5,1,5.0,1.0,a86044788fad77c81f1ca6f22933f749,3883,sao paulo,SP,12.840150462962963,31.257662037037036,0,95.09
c6a9052634caae576f272ecf2e3a9b1e,dc76f8ffc77e7e4923f58d9b49d7fb4f,delivered,2018-03-04 17:51:58,2018-03-04 18:08:40,2018-03-07 22:08:06,2018-04-08 19:19:12,2018-03-26,44.9,15.79,1,1,60.69,1,1,1.0,1.0,98353c61f5e4456ffbc69a29ffaff78a,42806,camacari,BA,35.060578703703705,21.255578703703705,1,60.69
4c1c077d67d0bdf88d4523a14781be05,eef45f8941e908eed712af490be3ac7a,delivered,2018-03-04 17:57:09,2018-03-05 18:31:48,2018-03-08 22:10:49,2018-03-13 20:42:41,2018-03-26,176.99,27.56,1,1,204.55,8,1,5.0,1.0,8b3b90cc5262cfd93b2018c105ede68f,36606,guarara,MG,9.114953703703703,21.25197916666667,0,204.55
caa15e1aa25a513739966e10636def94,c93f48778b314ed87df5cc23762eea20,delivered,2018-03-04 18:00:31,2018-03-04 18:10:32,2018-03-09 02:26:22,2018-04-10 18:22:24,2018-03-26,27.99,15.1,1,1,43.09,1,1,1.0,1.0,bca5edfdca79667ba7e2db50063c764e,29197,aracruz,ES,37.01519675925926,21.249641203703703,1,43.089999999999996
9b9bad2c285cab8257e0dbadf191d8d9,9e6a4c410d7d354782949d88b712e12e,delivered,2018-03-04 18:03:29,2018-03-04 18:48:30,2018-03-06 00:23:07,2018-03-07 20:12:33,2018-03-15,27.9,8.27,1,1,36.17,1,1,4.0,1.0,75bfbc48d9317a171e31db58dd70d5c6,3910,sao paulo,SP,3.0896296296296297,10.247581018518519,0,36.17
5abb95f2a998dee581e1c63cb7ea7512,7d5b9f4eb02f2bd41768398e711f9393,delivered,2018-03-04 18:04:23,2018-03-04 18:40:25,2018-03-05 14:59:11,2018-03-16 04:08:52,2018-03-28,63.72,17.7,1,1,81.42,5,1,4.0,1.0,16e05172f53f41a0608dd9032b8340ec,17023,bauru,SP,11.419780092592593,23.246956018518517,0,81.42
dd00c3116ba05a43a16e3b84a9b1942a,e9b3c56a4e1098945e14219f16a1d314,delivered,2018-03-04 18:15:24,2018-03-04 18:28:22,2018-03-05 17:19:07,2018-03-20 23:30:52,2018-04-12,34.9,16.79,1,1,51.69,1,1,5.0,1.0,fd1b8e430580d6e54c9da5f8e5dfea74,22743,rio de janeiro,RJ,16.219074074074076,38.23930555555555,0,51.69
08beae16754b76c55e9f49c7d4d138dd,a62ed90dfc56c8eb3e021e9151fbf469,delivered,2018-03-04 18:26:22,2018-03-04 18:48:26,2018-03-05 18:03:49,2018-03-09 23:44:43,2018-03-21,89.9,12.13,1,1,102.03,5,1,5.0,1.0,28de7333fe1c9bf7af6152972c01ccc6,12070,taubate,SP,5.221076388888889,16.231689814814814,0,102.03
bb2fd6ac6dfaccc3a730d4ad235b855a,aa936cbb9d0a6909b7cd7a1a6e64c70d,delivered,2018-03-04 18:28:23,2018-03-04 18:50:29,2018-03-05 19:09:59,2018-03-16 16:52:41,2018-03-21,29.9,15.11,1,1,45.01,1,1,5.0,1.0,c8000c41acab54963e51e3ff44fef021,29065,vitoria,ES,11.933541666666667,16.23028935185185,0,45.01
94a224f03c816cd9a1d94b886e26da80,ee356dc1282ff78b19141fc057037a08,delivered,2018-03-04 18:31:38,2018-03-04 18:48:48,2018-03-06 22:52:24,2018-04-13 19:14:49,2018-04-02,149.9,15.8,1,1,165.7,10,1,1.0,1.0,6271a931d9d3071a8777ca5be52771a4,28500,cantagalo,RJ,40.02998842592593,28.228032407407408,1,165.70000000000002
8e81e473c93d414e73105233e248347b,174cf4e5e95b5a49bac9cee9ef6cef70,delivered,2018-03-04 18:38:05,2018-03-04 18:50:27,2018-03-07 21:27:57,2018-05-10 13:40:48,2018-03-27,135.0,21.44,1,1,156.44,5,1,4.0,1.0,69c8631b02984c5ba040a0e2be0fc92a,26130,belford roxo,RJ,66.79355324074074,22.223553240740742,1,156.44
ad71054dc5d178fd3d92e89a84f5edcc,13e310ef69a168c6d8876c9f932b6681,delivered,2018-03-04 18:39:32,2018-03-05 13:29:21,2018-03-06 19:38:36,2018-03-18 14:04:52,2018-03-22,325.0,16.02,1,1,341.02,1,1,5.0,1.0,1919fb82dae2c979073d9340a3ed9c84,70754,brasilia,DF,13.809259259259258,17.222546296296297,0,341.02
88898c8b7a5b7d3e2291e990f93d274a,767f554678ccdff4206b3fb34329219b,delivered,2018-03-04 18:43:35,2018-03-04 18:55:33,2018-03-12 17:12:10,2018-03-15 20:12:00,2018-04-02,192.99,35.52,1,1,228.51,8,1,2.0,1.0,310fe886bbd2131a2f0976ed616e60a8,3566,sao paulo,SP,11.061400462962963,28.219733796296296,0,228.51000000000002
8132a60205ed37c702e8017466cbd218,2908f1bb8393b2ef0a9e98d86511fc9c,delivered,2018-03-04 18:49:19,2018-03-04 19:09:10,2018-03-06 21:39:56,2018-03-20 19:03:38,2018-03-29,76.8,17.79,1,1,94.59,1,1,4.0,1.0,b9aa4c0927aac2f4ed4304ed9f85d8c7,96810,santa cruz do sul,RS,16.00994212962963,24.215752314814814,0,94.59
eb16480bd94a5fbe4e96614791306ec6,337cd2f8a2f933b6707f90c561990099,delivered,2018-03-04 18:51:09,2018-03-04 19:09:06,2018-03-07 00:48:57,2018-03-08 20:28:36,2018-03-15,29.9,8.11,1,1,38.01,1,1,5.0,1.0,b26ce1d62372d6db9c27a86188e0529f,7190,guarulhos,SP,4.067673611111111,10.214479166666667,0,38.01
59bccab4e9193a9229f7d1b73fcb47c3,fac3296ec4f116faccfa6a6d7e18b42f,delivered,2018-03-04 18:51:32,2018-03-04 19:09:07,2018-03-14 17:22:06,2018-04-04 16:04:23,2018-04-06,196.93,39.24,2,1,236.17,4,1,1.0,1.0,4ed128a71a16c4cebc15ed8537d37ed4,15150,monte aprazivel,SP,30.88392361111111,32.21421296296296,0,236.17000000000002
e2f80e58aa7bb597859b1b01b6bc366d,0ba9e1497ca235e5ebf6719be14a8c66,delivered,2018-03-04 18:57:54,2018-03-04 19:15:40,2018-03-06 00:06:54,2018-03-15 22:43:30,2018-04-03,12.9,34.15,1,1,47.05,1,1,5.0,1.0,06e6db55429bb82d5aabc4b2eeaad5f2,58200,guarabira,PB,11.156666666666666,29.209791666666668,0,47.05
057e8245e6408a7f5db33b517c481617,a4712004cd61cd9a1645946cadccfbb1,delivered,2018-03-04 18:57:57,2018-03-04 19:15:33,2018-03-06 00:06:29,2018-03-12 17:58:48,2018-03-21,29.99,11.85,1,1,41.84,1,1,4.0,1.0,bf836cb985b4804d4d2b30a5fdc01611,11730,mongagua,SP,7.9589236111111115,16.209756944444443,0,41.839999999999996
9758212b340212a84d22f713ce2e0fa8,d1d9b4bb3c7bef2d99d2aebd30d434e9,delivered,2018-03-04 18:58:06,2018-03-04 19:15:27,2018-03-06 21:16:59,2018-03-28 01:56:44,2018-03-21,115.0,14.56,1,1,129.56,2,1,1.0,1.0,2ce6de7debec9c44e5a96f4844765d04,30870,belo horizonte,MG,23.290717592592593,16.209652777777777,1,129.56
3edc5a29ae818b61db4be022019ffdb5,81ecd7b8e6f4573f09fa46dab2354060,delivered,2018-03-04 19:02:50,2018-03-04 19:15:42,2018-03-05 11:11:47,2018-03-12 15:06:44,2018-04-02,110.0,15.52,1,1,125.52,1,1,5.0,1.0,0fafb6a182c8ff8bd3d55bee7da84c3a,18050,sorocaba,SP,7.836041666666667,28.20636574074074,0,125.52
7699236048cea720bc29c41e6ed8343f,93991c5c4c23e2c29c343579b2d821f3,delivered,2018-03-04 19:07:47,2018-03-04 19:28:27,2018-03-15 17:11:11,2018-03-23 22:42:34,2018-04-09,192.99,59.9,1,1,252.89,10,1,5.0,1.0,9e6f401fb647a9805100e0f3053bc295,30492,belo horizonte,MG,19.149155092592594,35.20292824074074,0,252.89000000000001
951f737376475cd4b02bca8286f30a29,9275f5b33d5af663f27c080ad4113931,delivered,2018-03-04 19:11:08,2018-03-04 19:28:29,2018-03-06 23:35:19,2018-03-27 18:45:44,2018-03-21,27.9,11.85,1,1,39.75,1,1,5.0,1.0,356b484f2e7259f529ead5a4dcb84fbd,5501,sao paulo,SP,22.98236111111111,16.20060185185185,1,39.75
34933c9ece23c40d4591be765e2b7f27,43e812d46063b9ec7d048031c9722c78,delivered,2018-03-04 19:19:26,2018-03-04 20:00:26,2018-03-09 21:04:28,2018-04-09 19:48:46,2018-04-02,146.9,33.9,2,1,180.8,1,1,1.0,1.0,fd46f99e9913ddee8a6ce5f91d65cf09,37540,santa rita do sapucai,MG,36.02037037037037,28.194837962962964,1,180.8
643b76bc5e6a2667aeff11bef3ce52a7,40e24733ea67cc1706a44e0818135cf0,delivered,2018-03-04 19:32:02,2018-03-04 19:48:46,2018-03-07 23:19:00,2018-03-09 00:49:27,2018-03-15,37.9,8.72,1,1,46.62,1,1,4.0,1.0,4061733648992ce400e802aee518bdfe,4005,sao paulo,SP,4.22042824074074,10.186087962962963,0,46.62
bb0523c46f053398dad1bd83fcc8ddf3,e933ace272dc60617553808f591ddd19,delivered,2018-03-04 19:32:27,2018-03-04 19:48:51,2018-03-05 19:28:53,2018-03-17 15:58:55,2018-03-22,49.99,17.6,1,1,67.59,3,1,4.0,1.0,27726eb47170a981b59b9842f2bc533c,4296,sao paulo,SP,12.851712962962964,17.18579861111111,0,67.59
8c23f60e51f9e3aec7d9e0c07fa3d8f1,1560fed88d27791ad7424cd066b3decc,delivered,2018-03-04 19:34:22,2018-03-04 19:48:46,2018-03-08 17:26:19,2018-03-27 20:50:29,2018-03-22,39.9,16.6,1,1,56.5,1,1,1.0,1.0,f488aa77627003212cc798906646da9b,31814,belo horizonte,MG,23.052858796296295,17.184467592592593,1,56.5
d81f58104990dbe67a63f3001b38b218,7b2081c8a1726c88f22ee93b17d29156,delivered,2018-03-04 19:39:01,2018-03-04 19:50:28,2018-03-06 20:49:00,2018-03-19 23:52:18,2018-04-03,215.0,23.38,1,1,238.38,10,1,4.0,1.0,6d188e1f3134d02c58c021730e044c7e,41770,salvador,BA,15.175891203703705,29.181238425925926,0,238.38
58c72979aacbc053822e7cc69c316ca4,96e6c1b892d8423c7a4aa04cab44cb05,delivered,2018-03-04 19:51:59,2018-03-04 20:09:37,2018-03-06 00:05:32,2018-03-19 21:26:55,2018-03-21,210.0,17.1,1,1,227.1,6,1,2.0,1.0,af787c67af631b58a4016ce93ebf1de4,7180,guarulhos,SP,15.065925925925926,16.172233796296297,0,227.1
fb34957b24cfaa3c67835b67097b45e6,062d526eabc36e995e3a9ce353894fcb,delivered,2018-03-04 19:52:36,2018-03-04 20:09:29,2018-03-07 21:24:57,2018-04-18 19:35:46,2018-04-05,69.9,32.94,1,1,102.84,2,1,1.0,1.0,039024d7c7249fe937d2e306af33e446,67013,ananindeua,PA,44.988310185185185,31.171805555555554,1,102.84
7b5781a478434239a4f7a1d32292b159,56e40c6941d4143c3e969ac344ea0b8f,delivered,2018-03-04 19:53:56,2018-03-04 20:09:33,2018-03-06 01:19:30,2018-03-21 00:26:36,2018-04-03,110.0,18.02,1,1,128.02,4,1,4.0,1.0,1ba3b514be1d70d320100d30b28034a0,75855,doverlandia,GO,16.189351851851853,29.17087962962963,0,128.02
1bfb270ca4a727aa929151dd9c9bd955,b2f8ddb4fb8d488931324ce3f04683f0,delivered,2018-03-04 19:54:26,2018-03-04 20:09:36,2018-03-10 17:21:55,2018-03-27 18:51:27,2018-03-26,269.0,17.64,1,1,286.64,3,1,4.0,1.0,0508a2b4b0794a7421263addfc5a8a7d,35400,ouro preto,MG,22.956261574074073,21.170532407407407,1,286.64
993bf2a40855c39703b0ac1339be7fbf,3e89ec8c985e880a86ec677401c68e51,delivered,2018-03-04 19:58:18,2018-03-06 03:51:19,2018-03-10 00:02:24,2018-04-24 11:41:20,2018-04-02,79.9,26.88,1,1,106.78,1,1,1.0,1.0,b12c9ce10b3038f52af3abb5b81ef46e,23860,mangaratiba,RJ,50.65488425925926,28.16784722222222,1,106.78
1aaa23146b41cdd25da482e0b2dd0534,e6022a26468e5fde67d534ec06417962,delivered,2018-03-04 20:02:27,2018-03-04 20:29:07,2018-03-06 03:03:44,2018-03-15 00:52:17,2018-03-22,25.26,14.1,1,1,39.36,1,1,5.0,1.0,7a3c32228a5f4e30c013b5a32a403e8c,31140,belo horizonte,MG,10.201273148148148,17.164965277777778,0,39.36
69ff50d0173aad05585a5b5673d494c1,c84b575120e09c1ced166b272c960760,delivered,2018-03-04 20:09:47,2018-03-05 12:09:11,2018-03-07 21:17:07,2018-03-13 12:28:43,2018-03-29,60.0,26.96,1,1,86.96,1,1,5.0,1.0,1c19157f59fe14e064140a0e04a7f1ce,96085,pelotas,RS,8.679814814814815,24.159872685185185,0,86.96000000000001
3e3378aad68b2f3e53dba3a4da142bf3,69726d016eac68d3d68da23184e50c81,delivered,2018-03-04 20:11:11,2018-03-06 03:49:25,2018-03-06 17:23:39,2018-03-29 16:12:29,2018-03-29,19.9,16.79,1,1,36.69,1,1,4.0,1.0,00c26c3dd77bb25a0423a2280886b86a,23946,angra dos reis,RJ,24.83423611111111,24.15890046296296,1,36.69
a0241e2ae203d766eea6aeed90b91cf3,d6d9d6597150c9bfe2d6c2e8df580169,delivered,2018-03-04 20:20:27,2018-03-04 20:30:50,2018-03-09 23:03:42,2018-03-28 18:46:06,2018-04-09,200.99,20.9,1,1,221.89,5,1,3.0,1.0,3f51ff993f1cf25a9101463bf5ebe6b1,71925,brasilia,DF,23.934479166666666,35.15246527777778,0,221.89000000000001
bc0e143be142c22547b69235dd63a5ad,28f8e2e0788530456f50b2ca615b409d,delivered,2018-03-04 20:22:48,2018-03-04 21:00:33,2018-03-05 19:53:14,2018-03-07 14:19:55,2018-03-15,54.9,7.78,1,1,62.68,1,1,5.0,1.0,6bb3958ca870c584b84bba1673bdec0e,11080,santos,SP,2.7479976851851853,10.150833333333333,0,62.68
77e0e2f3250d4f0ce9ec0e9b5c151355,16d73e261aea495e0711671d3d20c1d9,delivered,2018-03-04 20:30:49,2018-03-04 20:48:46,2018-03-05 18:39:08,2018-03-16 17:56:44,2018-04-04,99.9,17.95,1,1,117.85,4,1,5.0,1.0,75d7b3d3c1f82d817e112d37932e6ced,98700,ijui,RS,11.892997685185184,30.145266203703702,0,117.85000000000001
9d0e0cc4232165056ade2cc2d2bae530,886069eaa0c282b93526bdf694eab36a,delivered,2018-03-04 20:34:07,2018-03-04 20:48:47,2018-03-05 18:06:15,2018-03-06 20:09:23,2018-03-22,56.5,9.54,1,1,66.04,2,1,3.0,1.0,fb374f34f7d4e3c48faeedce48df63ff,23825,itaguai,RJ,1.9828240740740741,17.142974537037038,0,66.03999999999999
03c810bce9d261d4d0447b895189dc16,526caafeb47b743834c8e21b5faed622,delivered,2018-03-04 20:36:53,2018-03-05 20:30:52,2018-03-08 16:02:58,2018-03-19 23:56:35,2018-03-28,47.5,20.84,1,1,68.34,1,1,5.0,1.0,d88e864efae1c993d594967aac79ce2a,13590,dourado,SP,15.138680555555556,23.141053240740742,0,68.34
d1571653dd436c147f6898e8cf2ea516,a0f20dc8a88e8cf077ec762de647c197,delivered,2018-03-04 20:39:40,2018-03-04 20:50:36,2018-03-06 00:06:54,2018-03-14 21:31:56,2018-03-21,21.9,11.85,1,1,33.75,1,1,5.0,1.0,615032ce6c0d824348782cebd15bafbd,15385,ilha solteira,SP,10.036296296296296,16.13912037037037,0,33.75
f976bd9178b8f3927dbf9f4b5f9e7f16,df75707f355311a21d7797b936fe342f,delivered,2018-03-04 20:44:25,2018-03-04 20:56:14,2018-03-08 18:38:39,2018-05-18 18:48:43,2018-03-26,29.9,15.1,1,1,45.0,3,1,1.0,1.0,f6f3cf189bd5bd9ce000bbf54eadd161,28610,nova friburgo,RJ,74.91965277777778,21.135821759259258,1,45.0
1073c39f7b5d5091bb6dfd342d1f4be0,0fe5a97d856c6e12e88270cd49d08b2a,delivered,2018-03-04 20:58:36,2018-03-04 21:11:00,2018-03-07 22:17:43,2018-03-22 19:52:40,2018-04-10,119.9,24.22,1,1,144.12,6,1,5.0,1.0,565bb6799d52aa72690c24fe85231598,23550,rio de janeiro,RJ,17.954212962962963,36.125972222222224,0,144.12
6a88a7601b1d743db69eb0a4cfcfcdb9,9fc7da8f77c67c57ff89b8a10596474b,delivered,2018-03-04 21:00:45,2018-03-04 21:10:58,2018-03-06 02:58:53,2018-03-18 16:41:06,2018-03-22,66.0,12.8,1,1,78.8,3,1,5.0,1.0,b6460f65a0de186658464f8da4511e32,5860,sao paulo,SP,13.8196875,17.124479166666667,0,78.8
e59e6aedb9b4f115de215d276a5166cf,0555bacaf4d4560a75e796a6e2c1e00d,delivered,2018-03-04 21:03:07,2018-03-04 21:40:27,2018-03-06 03:22:41,2018-03-16 01:41:53,2018-03-26,124.9,17.12,1,1,142.02,1,1,3.0,1.0,a5b1b65c37d5cb25f12ae5302f8f1adc,1424,sao paulo,SP,11.193587962962964,21.122835648148147,0,142.02
98f0e2b0d85754ca3b4e06d70f0f63a2,af046fdbbda4a307d96801ebe61482c4,delivered,2018-03-04 21:04:35,2018-03-04 21:28:29,2018-03-06 00:53:16,2018-03-12 18:56:30,2018-03-22,97.77,14.43,1,1,112.2,2,1,5.0,1.0,0fdc0d21e1983e8af4d399e17671f76d,32315,contagem,MG,7.911053240740741,17.12181712962963,0,112.19999999999999
88b67ddbb7527017f796c80b3bb38051,c9aaa3f209648a958d0235415a9045f0,delivered,2018-03-04 21:08:19,2018-03-04 21:28:34,2018-03-05 16:17:41,2018-04-09 18:28:50,2018-03-22,1999.9,28.75,1,1,2028.65,8,1,1.0,1.0,10080cf8d46d43de1133521a8567b153,5402,sao paulo,SP,35.88924768518518,17.119224537037038,1,2028.65
437da4479f6a9e80c0f69e98a85f48a0,1b2ae93ce93f0b820358bd22b27a9837,delivered,2018-03-04 21:08:28,2018-03-04 21:48:28,2018-03-06 19:14:53,2018-03-09 15:12:35,2018-03-15,148.9,8.3,1,1,157.2,3,1,4.0,1.0,2e1dd8895e177480b4470afbee6cd136,3808,sao paulo,SP,4.752858796296296,10.11912037037037,0,157.20000000000002
2c3f9230b4b5e62b5b75e294ecbb81b1,676b89eb40103ec0c9860a7c4cbb7bb5,delivered,2018-03-04 21:13:20,2018-03-04 21:30:31,2018-03-05 23:45:55,2018-04-03 19:21:15,2018-04-06,104.0,29.13,1,1,133.13,6,1,3.0,1.0,e4698e8b4fc6cc1c0d8afd9b14f07f41,66620,belem,PA,29.92216435185185,32.11574074074074,0,133.13
efeaeef213e3c173e91d9ffe670ba677,d0128f8d239e6045e358579e174accc8,delivered,2018-03-04 21:25:15,2018-03-04 21:48:59,2018-03-09 23:58:44,2018-04-17 23:31:54,2018-04-02,39.8,33.58,2,1,73.38,1,1,1.0,1.0,fcb4c1f6d6dcbe782aee65386d379aee,25940,guapimirim,RJ,44.08795138888889,28.107465277777777,1,73.38
a167a25e5e6faf3098a732b7a75a41d5,ee1efc7f165c3d3c8dc2325d82e79b2d,delivered,2018-03-04 21:25:17,2018-03-06 03:55:59,2018-03-06 18:16:56,2018-03-15 20:50:42,2018-04-03,89.9,17.88,1,1,107.78,1,1,5.0,1.0,791fe8994300d9034bf3bb34f2376e56,99670,ronda alta,RS,10.975983796296296,29.10744212962963,0,107.78
fb0e638d6e547a08f79bdadcddfb7dc5,db1b820efe7cdf1e07ed1660703d7ee9,delivered,2018-03-04 21:29:01,2018-03-04 21:48:51,2018-03-05 22:10:49,2018-03-23 00:08:33,2018-03-28,64.0,16.21,1,1,80.21,4,1,5.0,1.0,f9f30104015caba81f10d9430954b49a,38190,sacramento,MG,18.11078703703704,23.104849537037037,0,80.21000000000001
0e87d2e51cc9889baf44d689d0f5827e,fe3afca6cb1f6f7dfe5168f15b9b5ec5,delivered,2018-03-04 21:29:33,2018-03-04 21:48:51,2018-03-07 22:09:34,2018-03-20 23:41:35,2018-03-27,47.9,16.11,1,1,64.01,3,1,5.0,1.0,f54c43303de983818f0161df36a6efd2,75893,itaguacu,GO,16.091689814814814,22.104479166666668,0,64.00999999999999
2356da144f2eb45c2d226126cd72245f,ae114989db6894fdea28ea1cfad80125,delivered,2018-03-04 21:32:19,2018-03-04 21:48:55,2018-03-13 00:28:25,2018-03-20 19:42:59,2018-03-21,76.25,12.66,1,1,88.91,1,1,5.0,1.0,a5c9bd081c418ca86d0a718444499e63,85570,sao joao,PR,15.924074074074074,16.10255787037037,0,88.91
f2a2bd7aa9e2c2b51ff415ce646587ae,9722587eb1c172a4072889c0c06654f6,delivered,2018-03-04 21:32:52,2018-03-04 21:48:57,2018-03-05 18:35:52,2018-03-20 23:21:28,2018-03-28,129.0,40.23,1,1,169.23,2,1,5.0,1.0,b2b85bd62ac05066fd3529c22b6672f8,19180,alfredo marcondes,SP,16.075416666666666,23.102175925925927,0,169.23
bb1613d6648026373f69004c2b365306,46951b0491e0af4f6b2ae12f25dc77ba,delivered,2018-03-04 21:33:35,2018-03-04 22:28:37,2018-03-07 17:37:37,2018-03-13 00:48:33,2018-03-26,119.9,15.59,1,1,135.49,8,1,4.0,1.0,d3d5e3ed3d46517e5292ab50f3cf452a,38400,uberlandia,MG,8.13539351851852,21.10167824074074,0,135.49
b674e463ea07d8a8fac9951be50283f1,cdd95abd40476a4f5f391bbf0edb3735,delivered,2018-03-04 21:37:02,2018-03-04 21:50:28,2018-03-05 17:41:31,2018-04-02 17:37:50,2018-03-23,229.9,16.36,1,1,246.26,8,1,1.0,1.0,fd095bb7ea8bf82fde1a1c1006d4774c,27331,barra mansa,RJ,28.83388888888889,18.099282407407408,1,246.26
db52d0bad6e4192503aaeea87004ed6a,f0331bc1c4f9bb06fcbb14170f225284,delivered,2018-03-04 21:38:45,2018-03-04 21:50:29,2018-03-10 15:03:17,2018-04-03 20:52:47,2018-04-02,916.0,23.98,1,1,939.98,10,1,4.0,1.0,ed8c8bc9940261780b4fc1fb2129e55f,33840,ribeirao das neves,MG,29.968078703703704,28.09809027777778,1,939.98
2942de5b4c34fa90c38954a9e86f7fcd,7e0be6f31e2e49712e01d3ce5a29385c,delivered,2018-03-04 21:47:10,2018-03-04 22:28:39,2018-03-06 18:33:07,2018-03-09 22:28:44,2018-03-16,69.9,13.08,1,1,82.98,1,1,4.0,1.0,75015153c3f4b976fa82a0888a5d736c,6311,carapicuiba,SP,5.02886574074074,11.092245370370371,0,82.98
132ca56f1aac17fe178eacedb5a81e6e,2f8028dbc5cdde692d56fc83b800ae3e,delivered,2018-03-04 21:47:15,2018-03-06 03:55:29,2018-03-06 19:38:52,2018-03-29 01:12:05,2018-03-28,69.99,15.24,1,1,85.23,1,1,3.0,1.0,8812fa8fe3ef369201c21eadae5569bd,88360,guabiruba,SC,24.14224537037037,23.0921875,1,85.22999999999999
ccaf4b9e27a868b1b69c079c19bafb89,b7e037f53626373faca0516277bff49e,delivered,2018-03-04 21:48:14,2018-03-04 22:28:39,2018-03-05 18:03:48,2018-03-07 22:13:10,2018-03-15,99.9,9.51,1,1,109.41,9,1,5.0,1.0,4b0a54ebe2cbaf1c5b1c0183c42f9540,13601,araras,SP,3.017314814814815,10.091504629629629,0,109.41000000000001
25f18499b3e850741c120ec6c11fb49a,2c4635620ba30da704d3bdc7be49ec5b,delivered,2018-03-04 21:50:56,2018-03-04 22:28:34,2018-03-06 18:16:56,2018-03-23 11:02:20,2018-03-21,179.9,15.01,1,1,194.91,10,1,3.0,1.0,8efe1728bf8a8777f9356cc5b14258b3,30664,belo horizonte,MG,18.549583333333334,16.08962962962963,1,194.91
0b8bb51ed8b0431e4783fde5550895c2,a92a310a3d6670dd78d7cb9eafa760be,delivered,2018-03-04 21:52:32,2018-03-06 03:49:42,2018-03-06 19:55:06,2018-03-13 22:51:30,2018-03-29,99.9,21.19,1,1,121.09,1,1,5.0,1.0,ebea263887e000fb7aff38099de3d6c0,6950,juquitiba,SP,9.040949074074074,24.08851851851852,0,121.09
5732c4d32ae81ea346107cb61aa2061b,a4a98a1e1a73eb104733646f6a473d8a,delivered,2018-03-04 21:52:46,2018-03-04 22:08:40,2018-03-05 20:25:28,2018-04-16 19:38:53,2018-03-22,54.49,15.13,1,1,69.62,5,1,1.0,1.0,2ea70c72b230071a2e130c4ec05051b2,27213,volta redonda,RJ,42.90702546296296,17.088356481481483,1,69.62
603a0efaa57d08690507c9492973822a,f1a1772548b4c5024ef6bfad4a24d351,delivered,2018-03-04 21:56:16,2018-03-04 22:10:31,2018-03-06 00:22:45,2018-03-28 23:51:40,2018-04-06,398.0,19.23,1,1,417.23,4,1,1.0,1.0,ec104c0a37a54132599d191354a9ea93,35400,ouro preto,MG,24.08013888888889,32.08592592592593,0,417.23
9f9451274bc21055d9306c98eb7eb8f8,65b9c8af625c3c4a37af569d46f77136,delivered,2018-03-04 21:57:25,2018-03-04 22:10:30,2018-03-06 22:48:57,2018-04-17 00:37:33,2018-04-06,87.9,17.87,1,1,105.77,10,1,1.0,1.0,7d968cb7862adb320960788e55ddda05,22441,rio de janeiro,RJ,43.1112037037037,32.08512731481481,1,105.77000000000001
a6a1840fec3ecb04c489ffa4b2354631,c15b8062b4d0c30fbce33bce7715eae4,delivered,2018-03-04 21:58:12,2018-03-05 21:55:25,2018-03-06 20:27:45,2018-03-28 19:14:53,2018-03-21,11.55,14.1,1,1,25.65,1,1,1.0,1.0,f41158f81744cfd80d1f65c0f2915d35,30411,belo horizonte,MG,23.88658564814815,16.084583333333335,1,25.65
6407b85bd242ce58598e1ddeaad6fd37,b3f8ef83c79e155520e952c088ba761a,delivered,2018-03-04 22:01:48,2018-03-04 22:15:38,2018-03-06 20:49:02,2018-03-16 17:38:52,2018-03-22,45.0,17.6,1,1,62.6,2,1,5.0,1.0,855637878734123bdeadd16d32811ddc,32676,betim,MG,11.817407407407407,17.082083333333333,0,62.6
9bcd65834ef8fc54f03ef36f27bc5645,ec25fe55c673e43d4b3a9bf813cc189c,delivered,2018-03-04 22:02:07,2018-03-04 22:15:34,2018-03-06 19:08:15,2018-03-29 02:16:35,2018-03-28,39.9,14.1,1,1,54.0,2,1,5.0,1.0,2f42854be89a364edb459d2eacd2defc,29163,serra,ES,24.176712962962963,23.081863425925928,1,54.0
673d4bba118413f2327211eb384501a5,1d613c182f9ed2a229eb3a353a983cfc,delivered,2018-03-04 22:12:59,2018-03-05 15:29:19,2018-03-06 23:21:32,2018-03-19 19:06:48,2018-03-22,49.0,14.1,1,1,63.1,1,1,1.0,1.0,f8922caabbfa44d8390f53927da1be30,82820,curitiba,PR,14.870706018518518,17.07431712962963,0,63.1
0ae42629f60238674d1b98c5651c8d68,52bb5fa693affe0c16d28988440ce8e1,delivered,2018-03-04 22:13:31,2018-03-04 22:49:10,2018-03-05 18:05:08,2018-03-22 17:06:36,2018-03-29,58.0,27.79,1,1,85.78999999999999,1,2,4.0,1.0,08120867e4e7505f99b694ff4e64411b,36400,conselheiro lafaiete,MG,17.786863425925926,24.073946759259258,0,85.78999999999999
d0988bd14ea2e2c69217c3f0fe979c4e,44045468280808494791ffdb0df2d431,delivered,2018-03-04 22:17:47,2018-03-04 22:30:41,2018-03-05 23:35:35,2018-03-14 21:41:42,2018-03-21,104.0,19.61,1,1,123.61,1,1,4.0,1.0,096e392ea0faa5e1208eac3bfc4fd2f8,13041,campinas,SP,9.97494212962963,16.070983796296296,0,123.61
eedcf6db339a0b2ce303e615dceaee65,85df45704acdf1ff318576830a282d19,delivered,2018-03-04 22:23:33,2018-03-04 22:35:23,2018-03-07 21:24:59,2018-03-15 23:29:50,2018-03-23,177.7,56.230000000000004,3,2,233.94,5,1,3.0,1.0,e378ece7324086aedbcb98b5f5eed332,29900,linhares,ES,11.046030092592593,18.066979166666666,0,233.93
cc8389c87998ef48d592285b08d5106d,d23a0559b17d49af3cfb63c141bfd08d,delivered,2018-03-04 22:24:47,2018-03-04 22:49:27,2018-03-08 18:22:05,2018-04-02 13:38:35,2018-03-27,24.99,14.1,1,1,39.09,3,1,1.0,1.0,26f73dc50abd880d521de9e5bf07ae49,26554,mesquita,RJ,28.63458333333333,22.066122685185185,1,39.089999999999996
f52e6ac942099c40e096c0f9d3633e1d,80393a47e7d11011de38b783b99f09ed,delivered,2018-03-04 22:29:23,2018-03-06 08:56:10,2018-03-14 20:25:52,2018-03-19 20:18:23,2018-04-04,42.5,14.1,1,1,56.6,5,1,5.0,1.0,9ef442023559dc8cdd0c092595352659,13345,indaiatuba,SP,14.909027777777778,30.062928240740742,0,56.6
41e47610109145bc25aeee4c9fa9f9ac,e92b9d4a6308ebcd6cd5054b7772eae1,delivered,2018-03-04 22:30:57,2018-03-06 08:50:26,2018-03-23 19:27:31,2018-03-26 19:58:52,2018-03-29,31.9,12.48,1,1,44.38,4,1,5.0,1.0,765c789b0011dd6fd9e0eacdaa213dca,35302,caratinga,MG,21.894386574074073,24.061840277777776,0,44.379999999999995
5efcef7a8dde2aa81e8f9943ab60c81f,bc30959eeaf47769b0846717fb9689a2,delivered,2018-03-04 22:32:35,2018-03-06 03:55:45,2018-03-15 20:03:59,2018-03-21 19:58:58,2018-04-09,139.99,28.34,1,1,168.33,1,1,5.0,1.0,a71481954d26a90af2eafb1de08f098b,31130,belo horizonte,MG,16.89332175925926,35.060706018518516,0,168.33
5f8d8b23c2789fe592f5de2571f486b7,da2630d35e990c5b5b15ce6fb192b5be,delivered,2018-03-04 22:36:40,2018-03-04 22:55:28,2018-03-08 22:07:23,2018-03-23 18:45:49,2018-03-28,41.3,15.1,1,1,56.4,1,1,4.0,1.0,95e2810e2c2e9577f54b835e43f54dba,88750,braco do norte,SC,18.8396875,23.05787037037037,0,56.4
33e55758032096d2080af654fa76e144,492d7832f942e0e4b353854ad83c295a,delivered,2018-03-04 22:38:11,2018-03-06 03:35:45,2018-03-07 00:58:33,2018-03-27 15:03:47,2018-03-27,34.9,16.79,1,1,51.69,1,1,5.0,1.0,879bf01ab7a57fffccdfa6cab0dfd9df,89282,sao bento do sul,SC,22.684444444444445,22.05681712962963,1,51.69
70809734fe201ea6db6d4577b84a3022,288544a7acdc67a0118c3bce401c1494,delivered,2018-03-04 22:39:40,2018-03-04 22:55:35,2018-03-23 20:48:29,2018-04-02 17:44:22,2018-03-29,149.9,13.18,1,1,163.08,1,1,3.0,1.0,378e91b66e2b6772c44b18b507013bda,14784,barretos,SP,28.794930555555556,24.05578703703704,1,163.08
8791e495e7f1b8d77696f42ff295d945,d98d984f06ada593e263ff7cb810d798,delivered,2018-03-04 22:43:52,2018-03-04 22:55:39,2018-03-10 00:08:45,2018-03-28 14:56:38,2018-03-27,20.3,15.1,1,1,35.4,2,1,4.0,1.0,793000c4be1a654272437ec6676b78ff,75400,inhumas,GO,23.675532407407406,22.05287037037037,1,35.4
c73711f15f170e7cd7717f6cca7c32c2,9f7aac16e3d6bd8a5a55f9b9f2aea51f,delivered,2018-03-04 22:47:43,2018-03-04 23:09:16,2018-03-07 21:24:58,2018-03-15 22:46:42,2018-03-21,119.8,18.73,1,1,138.53,4,1,3.0,1.0,7c353714ed8789f928faaa4191e85197,3605,sao paulo,SP,10.99929398148148,16.050196759259258,0,138.53
e46bdf3f103d892b73cd32d13062efc5,f4f17362ea84cef21eaa45c104e816e5,delivered,2018-03-04 22:47:43,2018-03-04 23:09:16,2018-03-06 22:13:10,2018-03-13 00:51:51,2018-03-21,198.0,12.89,1,1,210.89,4,1,3.0,1.0,7c353714ed8789f928faaa4191e85197,3605,sao paulo,SP,8.086203703703704,16.050196759259258,0,210.89
c81f74e50f0496fa39716cc77cacd460,7b270ebc87c25c8404348c10ff80a80e,delivered,2018-03-04 22:48:38,2018-03-04 23:09:22,2018-03-05 16:15:04,2018-03-13 18:54:32,2018-03-26,55.0,15.83,1,1,70.83,2,1,5.0,1.0,324a22205906aa2612a33e63c00ca8bb,31130,belo horizonte,MG,8.837430555555555,21.049560185185186,0,70.83
4c294948777312118d8f0364dacb18da,478e045863cd16bbbdb26ae98edd63ea,delivered,2018-03-04 22:49:33,2018-03-06 03:35:40,2018-03-06 18:09:37,2018-03-26 21:52:53,2018-03-21,104.99,13.75,1,1,118.74,1,1,5.0,1.0,ed59c386327af9e35f7d037c1da9bd63,14840,guariba,SP,21.96064814814815,16.04892361111111,1,118.74
3494866382f1fe5a926b1875d0c32bb7,333182ac41b476973fc3da5758115a2e,delivered,2018-03-04 22:55:52,2018-03-04 23:09:27,2018-03-05 18:41:51,2018-03-26 15:31:21,2018-03-27,34.9,16.79,1,1,51.69,2,1,5.0,1.0,8e5c884d5991c1b46ec3e857c49184da,19023,presidente prudente,SP,21.69130787037037,22.04453703703704,0,51.69
7b58fca3faf09217a36d5febee5739a5,0966fbba1c0e8c5e26e31166c2fd3ce8,delivered,2018-03-04 22:59:50,2018-03-04 23:15:32,2018-03-06 16:49:08,2018-04-12 21:04:01,2018-03-28,59.9,16.86,1,1,76.76,3,1,3.0,1.0,80c005e764b7eb039df094f0c3e22c70,74643,goiania,GO,38.919571759259256,23.041782407407407,1,76.75999999999999
00e0bac9f6306d8269770acf4ee4b027,2fddb001e84993ba7e785f11415bc5cb,delivered,2018-03-04 23:02:58,2018-03-06 03:49:43,2018-03-07 23:04:25,2018-03-27 01:58:53,2018-03-29,79.0,15.3,1,1,94.3,1,1,3.0,1.0,3a969494dcd8d32f5f04ea21c3b7e471,97105,santa maria,RS,22.12216435185185,24.03960648148148,0,94.3
867df4f53d01780cfb562ce2a7275bd2,030d0a2ec388dbfbc0ee3f52a0eba34c,delivered,2018-03-04 23:06:37,2018-03-04 23:48:58,2018-03-06 02:18:54,2018-03-19 14:52:33,2018-03-23,44.0,15.1,1,1,59.1,5,1,5.0,1.0,a53b6dacbc44ee11f32e78638f2eedda,28922,cabo frio,RJ,14.656898148148148,18.03707175925926,0,59.1
008c3a655c66f4d92370d0d422732f69,f9f9943ef9d29a86f10de3b43cd84356,delivered,2018-03-04 23:15:49,2018-03-06 04:08:25,2018-03-07 00:32:29,2018-03-09 20:27:41,2018-03-15,90.0,9.44,1,1,99.44,1,1,4.0,1.0,2b40d79d838a6fa4022ee7f7070bcd6d,18080,sorocaba,SP,4.8832407407407405,10.03068287037037,0,99.44
e7a494d97325d27783d2cb0baa6aef1c,666a3a364a32f94a166c761b82a58981,delivered,2018-03-04 23:23:20,2018-03-04 23:35:32,2018-03-05 19:56:40,2018-03-06 21:58:25,2018-03-15,39.9,7.78,1,1,47.68,1,1,5.0,1.0,b6d1fc947fbeea2a767e2544ba8b5ad2,13024,campinas,SP,1.9410300925925925,10.025462962962964,0,47.68
7d556b158b276636f710b97e13e2a2c3,a74236a4dbbe4c74be4081b8ebc2daa8,delivered,2018-03-04 23:24:49,2018-03-04 23:35:29,2018-03-05 17:28:45,2018-03-12 21:09:41,2018-03-27,19.9,15.1,1,1,35.0,1,1,5.0,1.0,fe950c855187ad86e88c96bfd312c295,89162,rio do sul,SC,7.906157407407408,22.02443287037037,0,35.0
430b5c4d7f6d1aefd4e271571122d635,0e6043c6383abe8e3ee07a62b4a723d4,delivered,2018-03-04 23:25:54,2018-03-04 23:35:35,2018-03-05 18:39:08,2018-03-17 16:53:21,2018-03-22,19.9,14.1,1,1,34.0,1,1,5.0,1.0,4ba792f3a1d79824e6955f538ed1837e,24210,niteroi,RJ,12.727395833333333,17.023680555555554,0,34.0
c3d439f902dde69ae8f1c314189adcc3,9ece33b07f80053801f77aaf3ea3c87b,delivered,2018-03-04 23:35:47,2018-03-05 23:30:35,2018-03-07 13:41:25,2018-03-19 21:50:50,2018-03-21,144.77,14.03,1,1,158.8,2,1,5.0,1.0,0c1f32fd8d0c02898f99e6983689fe44,5543,sao paulo,SP,14.927118055555555,16.01681712962963,0,158.8
feec317d7127a4dc69cfb507f08c8759,8a0108267d9258a0ec9f74381bc9b0de,delivered,2018-03-04 23:38:00,2018-03-06 03:50:28,2018-03-07 19:18:33,2018-04-02 22:41:33,2018-04-11,69.9,35.85,1,1,105.75,1,1,3.0,1.0,7a2dc4682890550ebe3b8befcea3d55c,69900,rio branco,AC,28.960798611111112,37.015277777777776,0,105.75
b0a2ec49c45ae3f6241044d9434ce3b2,03f2dda26a1b89b7cf91dcd8a41feb96,delivered,2018-03-04 23:41:08,2018-03-04 23:55:31,2018-03-05 18:39:07,2018-03-10 00:13:26,2018-04-06,110.30000000000001,46.31,3,1,156.61,4,1,5.0,1.0,c50d86a5e5f72589a945939e5eb10e11,89669,ipira,SC,5.022430555555555,32.01310185185185,0,156.61
0ea6fb65c44f0a557e7ee0dc86d66c04,bbf19f753671013db6812d683007ab28,delivered,2018-03-04 23:50:40,2018-03-05 00:08:56,2018-03-06 17:03:45,2018-04-04 19:17:30,2018-03-26,119.9,15.59,1,1,135.49,3,1,3.0,1.0,5194eaa04f2286e9661511c7464a6d77,39402,montes claros,MG,30.810300925925926,21.006481481481483,1,135.49
da36f0ed6b7669628846afd6d75a9a7c,8372eb499d7f5baf1f41b42cd6597074,delivered,2018-03-04 23:57:11,2018-03-05 00:15:34,2018-03-07 21:17:28,2018-03-18 13:28:39,2018-03-21,1099.0,74.56,1,1,1173.56,3,1,1.0,1.0,aada65f37d70fd659662a2fdc9b5ce45,4089,sao paulo,SP,13.563518518518519,16.00195601851852,0,1173.56
429db7656bb9bd2a1fc038fcbc4fa159,0c72632077a893989155f0507aed5927,delivered,2018-03-04 23:59:33,2018-03-06 03:55:51,2018-03-07 20:07:50,2018-03-20 22:32:57,2018-03-29,177.8,34.12,2,1,211.92,1,1,4.0,1.0,3f674fe4ac8e1484400c756eabdff69a,84920,japira,PR,15.939861111111112,24.0003125,0,211.92000000000002
d4646c4ab91c910a48e894192d0c5a97,8c9b6ba8f384bdf1a92424bc1b9401e9,delivered,2018-03-05 00:23:16,2018-03-06 15:00:59,2018-03-05 18:39:11,2018-03-07 12:57:26,2018-04-06,10.0,14.1,1,1,24.1,2,1,4.0,1.0,89a9e1d252f77131ddb5e205482e1990,21021,rio de janeiro,RJ,2.5237268518518516,31.98384259259259,0,24.1
3ae5cb75e3aaf3d9e99637e6c07032e0,f343704e8d64e463a7147138a8d21b6b,delivered,2018-03-05 03:45:49,2018-03-05 04:15:34,2018-03-06 12:22:52,2018-03-20 16:39:02,2018-04-09,69.9,17.0,1,1,86.9,6,1,5.0,1.0,16a909e83380bb2ae4676ca69ac30886,96418,bage,RS,15.536956018518518,34.84318287037037,0,86.9
a63792bf510613cc7d8182ece331499e,c6e3e7289d31172d406b128104f435d8,delivered,2018-03-05 03:46:03,2018-03-05 04:15:36,2018-03-06 00:47:24,2018-04-10 21:54:24,2018-03-27,119.9,65.65,1,1,185.55,3,1,1.0,1.0,973e10453baeec3a259e5b3f5a935251,91787,porto alegre,RS,36.75579861111111,21.843020833333334,1,185.55
c2ebe69807422446d5e8edb2060da5e9,63f9f01b26b742afbd95beb988883c52,delivered,2018-03-05 03:46:04,2018-03-06 03:50:56,2018-03-08 22:18:31,2018-04-04 19:47:59,2018-04-17,139.9,60.15,1,1,200.05,1,1,2.0,1.0,980fb8fce0743aca3ddaaa6a1015638b,68909,macapa,AP,30.667997685185185,42.84300925925926,0,200.05
6db6009ebbcd3dd392a0b9fdc4cec226,3136355c994d4e466d7b7fc497727e1a,delivered,2018-03-05 03:46:57,2018-03-05 04:40:18,2018-03-08 16:26:40,2018-03-14 16:41:18,2018-03-21,125.0,12.37,1,1,137.37,1,1,5.0,1.0,3801738a5f759776df5e1ff226de8113,3721,sao paulo,SP,9.537743055555556,15.842395833333333,0,137.37
a2a9057bf8c5b06ab94f44b3e8005d23,96930e618b5fd77de5a5351ebf4849eb,delivered,2018-03-05 03:48:19,2018-03-05 04:09:12,2018-03-05 23:22:17,2018-03-27 21:58:37,2018-04-11,39.99,15.1,1,1,55.09,5,1,3.0,1.0,9179832aca79ed90c8cf9bcca3e6a219,20760,rio de janeiro,RJ,22.757152777777776,36.841446759259256,0,55.09
e82d894886abcae9bc58caf489ef9cdc,2780a5c4a40f30e3fb695bc67c9c782d,delivered,2018-03-05 04:54:52,2018-03-05 05:08:27,2018-03-06 18:38:27,2018-03-07 20:51:55,2018-03-15,45.0,9.34,1,1,54.34,1,1,5.0,1.0,f5bf52d9842a1d668a9efcedad3dd099,3132,sao paulo,SP,2.6646180555555556,9.795231481481482,0,54.34
5d84402a7baf6ad1743c1b3ad713a615,d2f345c9594e3687c8cec67d457d1536,delivered,2018-03-05 05:44:19,2018-03-05 22:28:56,2018-03-07 00:00:08,2018-03-07 18:10:24,2018-03-20,45.0,9.27,1,1,54.27,4,1,3.0,1.0,8d3a1f6570aeb7e9fd05ffccbb7b678c,9892,sao bernardo do campo,SP,2.518113425925926,14.760891203703704,0,54.269999999999996
4c7e0a5ac91085b463608e9c32589610,533697c445aa1e22114261e14760499c,delivered,2018-03-05 06:17:17,2018-03-06 03:49:07,2018-03-08 16:26:41,2018-03-14 16:03:38,2018-03-22,125.0,12.37,1,1,137.37,1,1,5.0,1.0,453ce07f76948be7ebd8097781d4285b,18240,angatuba,SP,9.4071875,16.737997685185185,0,137.37
28ff0422d12a02fb62ae4c9f9e9317f3,39107f08b7d90d53c4b81a91befb0619,delivered,2018-03-05 06:24:49,2018-03-05 06:35:33,2018-03-05 23:48:42,2018-04-12 16:26:37,2018-03-23,53.0,16.13,1,1,69.13,5,1,2.0,1.0,19cb65cc7310ae4eef4f15bb70539d01,24240,niteroi,RJ,38.41791666666666,17.732766203703704,1,69.13
dfc1b4e359ebb9f33946b6301b1d8ba1,54ece387a84149502ff004cc7ea25f60,delivered,2018-03-05 06:37:22,2018-03-07 02:49:04,2018-03-07 23:28:31,2018-03-18 16:26:18,2018-03-26,64.9,15.21,1,1,80.11,1,1,4.0,1.0,5b4b5220f4e3dc7de8aa8bc3559268ca,1423,sao paulo,SP,13.408981481481481,20.724050925925926,0,80.11000000000001
5dfbd16c2935172c2f8eed9135087454,e99735b6b3039368cb6af2e0df9c2e08,delivered,2018-03-05 07:03:12,2018-03-05 07:48:26,2018-03-05 20:33:13,2018-03-17 11:51:58,2018-04-06,69.9,17.74,1,1,87.64,1,1,3.0,1.0,d1ea1ece03b179cc65966677fe6b4eea,20050,rio de janeiro,RJ,12.200532407407408,31.70611111111111,0,87.64
276084656b724c65551708d92d73222a,b7d9c5d7fe96cf3ef5172689d74482f9,delivered,2018-03-05 07:16:50,2018-03-05 07:48:27,2018-03-06 10:04:08,2018-03-19 12:16:46,2018-03-21,118.88,13.17,1,1,132.05,2,1,5.0,1.0,301a5e936b4f2c8e840804849e2fed35,17209,jau,SP,14.208287037037037,15.696643518518519,0,132.04999999999998
05ed121680df9ec2f89d4dc29310333a,05c21a5b935941bf33883571a74defa9,delivered,2018-03-05 07:27:39,2018-03-06 04:08:25,2018-03-07 18:33:58,2018-03-29 23:28:42,2018-03-26,33.0,15.1,1,1,48.1,1,1,1.0,1.0,9e42e11d74df0c7c820af9de1c45febd,28570,itaocara,RJ,24.667395833333334,20.689131944444444,1,48.1
533332b5a2d62c83b06014f8639e680e,251b5b179395208f3fe1c8f5cb34a5d9,delivered,2018-03-05 07:28:42,2018-03-05 07:48:29,2018-03-05 20:54:32,2018-03-07 15:57:43,2018-03-15,19.9,8.27,1,1,28.17,1,1,5.0,1.0,5005b84532904c817088de00a92116f8,87020,maringa,PR,2.3534837962962962,9.688402777777778,0,28.169999999999998
08fd8d3e4e30f796d703584db2e27e1a,e867a0d69912db241c0cc2adc85d82e8,delivered,2018-03-05 07:59:17,2018-03-05 08:10:37,2018-03-08 04:26:36,2018-03-26 20:32:47,2018-04-04,70.0,16.93,1,1,86.93,1,1,4.0,1.0,e6dc181051e2446e7ae94acd95676489,24360,niteroi,RJ,21.523263888888888,29.667164351851852,0,86.93
2e496accb804bb4a59fcd3df574b450c,db859dc699009191be7005581c73865d,delivered,2018-03-05 08:15:47,2018-03-05 08:30:29,2018-03-08 19:14:32,2018-03-12 16:58:32,2018-03-15,45.9,7.78,1,1,53.68,2,1,,,403da270f61ac988b1ab9c5daaa4612c,5330,sao paulo,SP,7.363020833333334,9.655706018518519,0,53.68
31641d348e3b49cd143c3bd490c100b9,29667dd522207b9db84b2ae8bccc0069,delivered,2018-03-05 08:28:16,2018-03-06 03:49:02,2018-03-06 18:51:59,2018-03-22 02:07:11,2018-04-02,98.99,32.09,2,2,131.08,1,1,1.0,1.0,7b80d4f273b022b3fbb3e7c0ce75c763,36031,juiz de fora,MG,16.735358796296296,27.647037037037038,0,131.07999999999998
c5243a7341996ef3721590b02577a8b6,e03121c8731bd9b1e9ffba60f6ec86b0,delivered,2018-03-05 08:38:26,2018-03-05 09:28:15,2018-03-05 19:34:21,2018-03-06 20:59:00,2018-03-15,185.49,9.04,1,1,194.53,3,1,5.0,1.0,60d99d3e9da829a56d6dd54735778d42,2075,sao paulo,SP,1.5142824074074075,9.639976851851852,0,194.53
73716792079a3819a7022fdf6500f9fb,972adb33d045b9de171cc36a33ff6111,delivered,2018-03-05 08:44:04,2018-03-05 08:55:50,2018-03-08 22:29:35,2018-03-15 23:08:29,2018-03-15,299.0,15.21,1,1,314.21,10,1,5.0,1.0,f7d58c2990cc096fcc86ed849b245158,8161,sao paulo,SP,10.600289351851853,9.636064814814814,1,314.21
8f0937285bd1bba4cfc8332ee467b490,7df3b87f2d42e48d389aee0e1922111b,delivered,2018-03-05 08:49:17,2018-03-06 03:55:48,2018-03-06 20:27:43,2018-04-06 22:05:26,2018-04-02,1635.0,45.25,1,1,1680.25,1,1,2.0,1.0,079ad4f138ec38e726e7d9ac51ae1410,65800,balsas,MA,32.552881944444444,27.63244212962963,1,1680.25
1d01166814be7e95f72a3c85357fca45,ffbd25299d045182eee34c9493b5adec,delivered,2018-03-05 08:53:57,2018-03-05 09:47:57,2018-03-05 18:17:30,2018-03-07 22:17:41,2018-03-21,238.0,24.66,2,1,262.66,1,1,5.0,1.0,e46fd5e02159c4cb32d9e8ee9bd5bdc4,6790,taboao da serra,SP,2.558148148148148,15.62920138888889,0,262.66
8020de83277d40d6ed1bc2f2e0ae8a1e,0c219b8cac1d2f177414f38c3167c4f5,delivered,2018-03-05 08:54:39,2018-03-07 02:35:44,2018-03-12 22:22:40,2018-03-23 21:13:08,2018-03-27,53.9,17.63,1,1,71.53,1,1,5.0,1.0,3a2ee2dd9846be1336b673162b178b6b,87310,campo mourao,PR,18.512835648148148,21.62871527777778,0,71.53
1bbf8613dbcd3a94228f1a5aa30cdfe6,67b3adaaaf04d61ffd3fbfafc0d6ea74,delivered,2018-03-05 08:54:59,2018-03-06 04:20:32,2018-03-07 15:05:22,2018-03-16 01:06:46,2018-04-04,149.9,27.9,1,1,177.8,1,1,5.0,1.0,3091200f8c2e1070cdce20e0446f152a,79004,campo grande,MS,10.674849537037037,29.628483796296297,0,177.8
0e7ad202878ea453373e3ef15835ea33,8422c35d03577f94c15a4eed5504e09b,delivered,2018-03-05 08:58:05,2018-03-05 09:10:26,2018-03-06 20:14:01,2018-03-16 16:18:43,2018-03-28,39.9,15.79,1,1,55.69,1,1,5.0,1.0,284f0533e6c79c3e3397c2b185573a78,25515,sao joao de meriti,RJ,11.30599537037037,22.626331018518517,0,55.69
b0f19e077703b3f0cc8de0ab4911c445,665c06c713395a778be10e3672163e2c,delivered,2018-03-05 09:02:42,2018-03-07 16:10:54,2018-03-08 16:11:46,2018-03-20 01:37:37,2018-03-28,85.12,17.85,1,1,102.97,5,1,1.0,1.0,2289931e0313cf972b6710b22bb15655,2433,sao paulo,SP,14.690914351851852,22.623125,0,102.97
e5ed4b3425c83c1de25b1072b775a59b,dfbf74617198d566a4a12a39ffbad5bb,delivered,2018-03-05 09:11:32,2018-03-05 10:40:40,2018-03-07 20:42:05,2018-03-23 18:12:53,2018-03-28,38.0,35.2,2,1,73.2,1,1,1.0,1.0,231df0e1c76273482dae9ce4f88ca08b,9580,sao caetano do sul,SP,18.3759375,22.61699074074074,0,73.2
708c129b280e719faa3988c41374d4fd,9e766dbda271a8011362c57f316bbf67,delivered,2018-03-05 09:14:28,2018-03-05 10:00:28,2018-03-06 02:37:24,2018-03-14 14:18:37,2018-03-21,119.99,16.47,1,1,136.46,2,1,4.0,1.0,f6da5ed92e9091f6dc98d4f3aeac6a60,13224,varzea paulista,SP,9.211215277777777,15.614953703703703,0,136.45999999999998
70dd5f686e8253ebd42e92a545757a86,6c5c5d2e12d767275b124baf4a619093,delivered,2018-03-05 09:16:43,2018-03-06 07:08:29,2018-03-06 19:13:44,2018-03-13 21:38:49,2018-03-27,139.0,18.77,1,1,157.77,5,1,5.0,1.0,20051fc1229f95f99e0a0b17ce4063a0,93700,campo bom,RS,8.515347222222223,21.613391203703703,0,157.77
e39bbac2f576136835e2f21b52aeb8eb,43981e5a9d93f53478bc206f92df4b71,delivered,2018-03-05 09:21:49,2018-03-05 09:35:32,2018-03-07 21:10:43,2018-04-11 22:18:22,2018-03-22,159.77,16.88,1,1,176.65,4,1,1.0,1.0,058d6b83ce3623b02a4eb4e30e7dff81,29308,cachoeiro de itapemirim,ES,37.53927083333333,16.609849537037036,1,176.65
b69b3998539f1f68e146ab4db97cd0a5,8a69afb6812887ee507ff9ab87fb36bf,delivered,2018-03-05 09:29:59,2018-03-05 09:48:15,2018-03-05 19:28:53,2018-03-06 12:16:34,2018-03-15,59.65,8.27,1,1,67.92,2,1,5.0,1.0,eef634984422c1a1edd23e47e03a94ac,25963,teresopolis,RJ,1.1156828703703703,9.60417824074074,0,67.92
3ec8d477ad3b18290ba325fecaf053f3,722a4e948bc8a8a02e9f1ea192e2052c,delivered,2018-03-05 09:37:06,2018-03-05 09:48:27,2018-03-06 20:49:01,2018-03-08 14:58:37,2018-03-21,45.0,13.37,1,1,58.37,1,1,4.0,1.0,c6a8e859f1fed8dbaceed3503a55d48c,6036,osasco,SP,3.2232754629629627,15.59923611111111,0,58.37
56ee0507f806ad1a079e2905d5beff09,9919279bb9d90740dc78c930d5a2596e,delivered,2018-03-05 09:38:00,2018-03-06 04:30:50,2018-03-07 00:10:09,2018-03-17 12:33:32,2018-04-06,79.0,15.31,1,1,94.31,1,1,5.0,1.0,894382535eef1ce243ec19088626be0e,20560,rio de janeiro,RJ,12.121898148148148,31.59861111111111,0,94.31
94df1f9b9ae08c944036a4ef894be868,6b98e2694f54c88081d697a859f2eb1a,delivered,2018-03-05 09:45:00,2018-03-05 10:40:36,2018-03-09 01:07:25,2018-04-14 00:25:36,2018-04-03,43.9,15.1,1,1,59.0,2,1,5.0,1.0,e2a9bcb9f96037b1536e7feab4ffc879,98240,santa barbara do sul,RS,39.61152777777778,28.59375,1,59.0
469404dde93e111d4a7349b2608381d2,c7ee731467a6da2fa41787bcb6ce05f6,delivered,2018-03-05 09:45:16,2018-03-05 10:28:58,2018-03-05 20:20:14,2018-03-15 18:45:29,2018-03-21,120.0,14.59,1,1,134.59,1,1,5.0,1.0,fe222e7dcf318adbf741789c7dca025a,30320,belo horizonte,MG,10.375150462962964,15.593564814814815,0,134.59
d18941a914e7a203e714a20432c05a35,dbc9d5f0f7b887d9ff2a335aa790e5c0,delivered,2018-03-05 09:46:44,2018-03-05 10:09:29,2018-03-06 00:23:08,2018-03-07 09:32:33,2018-03-15,27.9,8.27,1,1,36.17,1,1,5.0,1.0,ae34c047daead32e39200cad49c76ac6,13255,itatiba,SP,1.990150462962963,9.592546296296296,0,36.17
0c75100c462f99b5311006de43c26b3a,0cf9084f55a458155d34c0d55bd21b31,delivered,2018-03-05 09:47:22,2018-03-06 03:49:00,2018-03-07 19:27:04,2018-03-08 20:38:28,2018-03-15,59.9,9.34,1,1,69.24,1,1,5.0,1.0,0dbd9554170d0b68344a9d1df4015141,1224,sao paulo,SP,3.4521527777777776,9.592106481481482,0,69.24
591bbdc0cd7aae35890765d570a3f0b1,35edc87c2142977597491383fc6ad092,delivered,2018-03-05 09:47:52,2018-03-05 10:09:30,2018-03-09 03:10:55,2018-04-02 20:34:33,2018-04-03,30.21,25.63,1,1,55.84,5,1,4.0,1.0,f158ffc1a88f91b5206241e14ff1091f,62800,aracati,CE,28.44908564814815,28.59175925925926,0,55.84
527c4983b5fdd0cd478a80679c210a7b,e63dfa0de407a934f97118509d0a3924,delivered,2018-03-05 09:51:46,2018-03-05 10:28:57,2018-03-05 21:23:36,2018-03-27 02:54:29,2018-03-29,34.9,16.79,1,1,51.69,2,1,5.0,1.0,61386166bd766432d31e37d97201eba4,17700,osvaldo cruz,SP,21.710219907407406,23.589050925925925,0,51.69
d5242ba9470b26e23e540d936c9c59b0,bc41e7e83e0cfe073564836a0d3a7645,delivered,2018-03-05 09:53:46,2018-03-05 10:09:35,2018-03-13 22:38:37,2018-03-22 17:22:42,2018-04-06,274.9,14.94,1,1,289.84,3,1,5.0,1.0,768184a3377aceea5ec8b81cdf64c188,3817,sao paulo,SP,17.311759259259258,31.58766203703704,0,289.84
4979d2c68b2d76472dc5534434ee05f5,90b0204545329550aa9f0fdbb1993f8b,delivered,2018-03-05 10:05:21,2018-03-05 10:15:40,2018-03-08 00:51:58,2018-03-14 17:39:44,2018-03-28,24.99,14.1,1,1,39.09,1,1,5.0,1.0,13e3e42d8179f09cea1825bb9f10d6f2,5577,sao paulo,SP,9.31554398148148,22.579618055555557,0,39.089999999999996
178358411049ad27f877b8964564528a,71b3c28ced6fa14321a92998ecd717e2,delivered,2018-03-05 10:10:02,2018-03-05 11:00:25,2018-03-06 17:57:42,2018-03-14 21:16:53,2018-03-22,59.9,14.15,1,1,74.05,1,2,5.0,1.0,ec59dafb5820ce13fcc2fd6402be9b54,86801,apucarana,PR,9.463090277777777,16.57636574074074,0,74.05
d1ee4bc3ffe8a30f23ecc003e76f958f,1d6de342db49ad620ae9d93fd3010cfa,delivered,2018-03-05 10:16:46,2018-03-05 11:00:28,2018-03-06 23:38:49,2018-03-13 18:21:40,2018-03-28,359.0,29.36,1,1,388.36,6,1,5.0,1.0,4816a7cab23108db0c8d2ae366035a0a,54330,jaboatao dos guararapes,PE,8.336736111111112,22.571689814814814,0,388.36
0207f5a2635f4e2d29acd00fc01a36ba,c29253b809677d6b9de4371383f4da19,delivered,2018-03-05 10:25:28,2018-03-05 10:35:48,2018-03-13 23:08:41,2018-03-19 22:46:38,2018-03-21,59.9,11.92,1,1,71.82,1,1,5.0,1.0,4b5c728e4fd50ebdfb7799ff5754eee0,4662,sao paulo,SP,14.514699074074073,15.565648148148147,0,71.82
55369224caa140402df3d45387f08c41,a1117ae24c0d94be1e8346ec32cc0bc4,delivered,2018-03-05 10:30:39,2018-03-06 10:29:55,2018-03-07 21:21:45,2018-03-15 22:47:39,2018-03-26,119.8,27.16,1,1,146.96,1,1,5.0,1.0,03995411f78a2383cdc47c966be72c4c,80240,curitiba,PR,10.511805555555556,20.562048611111113,0,146.96
6be7ed9af3a3acaea3b1385c7bb83221,3ad7abb82356a20d7f2c26c3517291d9,delivered,2018-03-05 10:31:01,2018-03-07 14:49:40,2018-03-13 18:26:31,2018-04-13 19:12:32,2018-04-02,139.9,45.66,1,1,185.56,10,1,1.0,1.0,8412ebf12b54c1bdebd66602fc31aa5e,58076,joao pessoa,PB,39.36216435185185,27.561793981481483,1,185.56
7a36f62bdb082d4acdfb07a8e0c7f0ee,5fceab89c281b25423f0d31ed83d8a3d,delivered,2018-03-05 10:42:18,2018-03-06 03:55:50,2018-03-13 20:46:27,2018-03-19 21:07:12,2018-03-21,11.97,11.85,1,1,23.82,1,1,4.0,1.0,a0d437205924fa1c0211acddd717b5ce,11250,bertioga,SP,14.433958333333333,15.553958333333334,0,23.82
92db190a97a2ab00dc878d38080537bf,493995f180abe3880781d71ee5788885,delivered,2018-03-05 10:43:16,2018-03-05 10:55:35,2018-03-07 20:52:04,2018-03-19 13:32:37,2018-03-21,159.77,13.46,1,1,173.23,10,1,5.0,1.0,377d0d53b837b9afc1f047f3437a212c,18606,botucatu,SP,14.117604166666666,15.553287037037038,0,173.23000000000002
ad5e4b37aefeac1f582990bd5f5097e8,fb40b407e90dc1ba2d6fbe757fd3e9b1,delivered,2018-03-05 10:43:53,2018-03-05 10:55:35,2018-03-08 00:19:04,2018-03-28 12:03:56,2018-03-29,17.87,16.79,1,1,34.66,2,1,5.0,1.0,388661387449408a9ab88ea55c9f1a0f,39480,januaria,MG,23.055590277777778,23.552858796296295,0,34.66
5a88485f2ce99d0ad48fd3c2375409fb,e65a468c0c9e6dbc83ac1e30626f15b6,delivered,2018-03-05 10:47:05,2018-03-05 11:09:39,2018-03-06 18:37:06,2018-03-15 22:32:49,2018-03-23,122.99,14.61,1,1,137.6,6,1,4.0,1.0,2522f450ec08e276923f59fcec98614c,88040,florianopolis,SC,10.490092592592593,17.550636574074073,0,137.6
074eec999695249a1f80e3c7ea1aab01,5d5b87f8daede7b7ade03d9d96a54c77,delivered,2018-03-05 10:51:11,2018-03-05 11:09:41,2018-03-05 19:52:12,2018-03-29 21:14:41,2018-03-22,167.68,14.92,1,1,182.6,1,1,1.0,1.0,88f83892541b895d8658b38689854ee9,4213,sao paulo,SP,24.432986111111113,16.54778935185185,1,182.6
2793a15df4b2130bcdbe0f125eee15ea,620b70aca29bc1d6c4189c3f33a8667e,delivered,2018-03-05 10:51:31,2018-03-05 11:15:39,2018-03-06 20:57:38,2018-03-10 00:52:20,2018-03-23,297.0,76.14,6,1,373.14,5,1,4.0,1.0,f95f0625e25c82748c9bdfe101aef940,3693,sao paulo,SP,4.583900462962963,17.54755787037037,0,373.14
d5dda9f79ce3124e533720681c1f2284,49303575e3cd5eb125afb49fb9e8da47,delivered,2018-03-05 10:52:50,2018-03-05 11:40:25,2018-03-09 00:30:56,2018-03-09 16:58:32,2018-03-15,647.0,17.92,1,1,664.92,10,1,4.0,1.0,69f4089980dd7b42129b9e458627ec30,3423,sao paulo,SP,4.253958333333333,9.546643518518518,0,664.92
314b1e0bb8736164596117c457a74db8,306cec97b910365317da80598f923435,delivered,2018-03-05 10:52:53,2018-03-05 11:40:28,2018-03-08 23:51:21,2018-03-10 00:18:34,2018-03-22,41.9,11.85,1,1,53.75,1,1,5.0,1.0,34d074216ec67227eed68ca0f8eeef62,18406,itapeva,SP,4.559502314814814,16.546608796296297,0,53.75
4391a26ed0c1a51aab108f63313c0b28,0779a3ea937f2e3faf95a21494a9a917,delivered,2018-03-05 10:57:07,2018-03-05 11:15:45,2018-03-07 21:54:34,2018-03-21 16:53:06,2018-03-26,86.9,21.1,1,1,108.0,2,1,3.0,1.0,5313df9ed1227de4e30151bb156e2610,88090,florianopolis,SC,16.247210648148148,20.54366898148148,0,108.0
49c9dc330935365ca454ba89a8a20efb,ce03e1248f6753a907cf1e5fc9013939,delivered,2018-03-05 11:05:50,2018-03-06 11:15:44,2018-03-20 17:52:50,2018-04-19 00:39:52,2018-03-26,63.9,17.7,1,1,81.6,2,1,1.0,1.0,fb6f9af66cfaf3d4bde172deb0e927eb,35900,itabira,MG,44.565300925925925,20.53761574074074,1,81.6
4992400f9fded5aade587f7043a954a0,9cab57b39cbf555d0af5d7ab09adcb2d,delivered,2018-03-05 11:06:05,2018-03-06 04:20:28,2018-03-08 19:58:29,2018-03-16 20:07:16,2018-03-21,56.0,11.89,1,1,67.89,1,1,5.0,1.0,d9227a296d4744630d525474d7a69a11,11900,registro,SP,11.37582175925926,15.53744212962963,0,67.89
f16541fd87ae67e35a8e464c49379348,9a51942bc62ef2eb2ca56a830515154a,delivered,2018-03-05 11:07:23,2018-03-05 11:29:39,2018-03-06 17:54:02,2018-03-13 12:07:32,2018-03-26,69.9,15.24,1,1,85.14,2,1,4.0,1.0,aa68438532ec59ddec97fa34b08d8e5e,85814,cascavel,PR,8.041770833333333,20.53653935185185,0,85.14
7b6900f9a0d0ecc69d4ac5bdc8b3ffd3,4282ae54c83a5c20bc9b0c199964be41,delivered,2018-03-05 11:08:22,2018-03-06 11:15:35,2018-03-06 22:59:03,2018-03-17 17:28:39,2018-03-28,521.9,26.52,1,1,548.42,10,1,3.0,1.0,60a0f9402ae738b57554538616ee338b,44007,feira de santana,BA,12.264085648148148,22.53585648148148,0,548.42
4bd59c9149ad4be79cbc3dc2c2ef76af,90aa25ba657c2ef8528494e4f5e99abc,delivered,2018-03-05 11:09:37,2018-03-06 03:48:51,2018-03-07 20:08:02,2018-03-12 20:24:48,2018-03-21,88.9,12.75,1,1,101.65,1,1,5.0,1.0,27131fc328d0fd8baf2b0717eff49a54,38440,araguari,MG,7.385543981481481,15.534988425925926,0,101.65
a222e8f1ab02211d0f1b3e374c5e689e,7348a806fb57deff7842f83e1a890931,delivered,2018-03-05 11:09:55,2018-03-05 11:29:40,2018-03-06 00:22:30,2018-03-12 18:56:23,2018-03-28,82.9,19.82,1,1,102.72,5,1,4.0,1.0,cfbde95e3c8da168d469f2a8fd9eb329,86990,marialva,PR,7.323935185185185,22.53478009259259,0,102.72
1fbb9a66c87d535ea69ac81a00f9867c,49ec2c948fe1c1c0c8fd496ead6c115e,delivered,2018-03-05 11:13:55,2018-03-05 11:29:46,2018-03-07 20:19:18,2018-03-26 19:50:57,2018-04-16,370.0,19.95,1,1,389.95,7,1,3.0,1.0,2bf30b0ed7dd5cdcb855210dc4d95e82,29375,venda nova do imigrante,ES,21.359050925925924,41.53200231481482,0,389.95
547de36b535e31868ac015ace42f14e3,a63d4f5f54b2c1b2bb6c123a13a0cb03,delivered,2018-03-05 11:16:49,2018-03-05 12:00:26,2018-03-07 21:54:34,2018-03-22 01:13:00,2018-03-26,86.9,21.1,1,1,108.0,1,1,4.0,1.0,fa2e18397bdf107e0de094c23b96c3b6,88305,itajai,SC,16.58068287037037,20.529988425925925,0,108.0
d43c0241a5f6a832183448eb8dbe18e6,ae9fe453e6f022b89b6b4c2427a0250c,delivered,2018-03-05 11:18:50,2018-03-06 04:20:25,2018-03-08 02:05:37,2018-03-19 18:02:47,2018-03-28,84.99,16.35,1,1,101.34,1,1,4.0,1.0,923dce48a931f52428d17c59d247d27d,76230,piranhas,GO,14.280520833333334,22.528587962962963,0,101.34
9df818a3b1089e9e3af14f2ac8ad6f1d,5e56ace5aadb8b0f475e5ffe48d228ee,delivered,2018-03-05 11:19:23,2018-03-05 11:35:32,2018-03-07 21:53:09,2018-03-08 14:05:53,2018-03-15,538.0,16.32,1,1,554.32,1,1,4.0,1.0,64929594bd76164a7565e3db2d9a53e5,4026,sao paulo,SP,3.115625,9.52820601851852,0,554.32
9e6356cd884202aa5e0d16e033c8c08a,046ba797126ef91632351367c0845f9a,delivered,2018-03-05 11:23:01,2018-03-06 03:49:05,2018-03-08 21:50:45,2018-03-27 13:16:38,2018-04-02,30.21,16.79,1,1,47.0,1,1,5.0,1.0,afb52dda5fa21ced63c86f5f05ffb3f5,48430,paripiranga,BA,22.078900462962963,27.52568287037037,0,47.0
e01d0329ac61c8582a1c115d9af33530,711db73575cd5b4fe3b548c21fe53d46,delivered,2018-03-05 11:23:21,2018-03-05 12:00:34,2018-03-06 15:06:44,2018-03-14 18:51:39,2018-03-26,89.7,16.39,1,1,106.09,2,1,3.0,1.0,2927ce060949fd0254743a59f113578f,12240,sao jose dos campos,SP,9.311319444444445,20.52545138888889,0,106.09
690e357ce3c40a04f820fe9d3142b3e5,775cc8f164ef568ba42e0d46ff269908,delivered,2018-03-05 11:46:57,2018-03-06 03:49:18,2018-03-07 19:03:39,2018-03-15 21:04:27,2018-03-23,69.9,19.98,1,1,89.88,1,1,3.0,1.0,88eb1fc98520112f13cfca9158c210cd,80020,curitiba,PR,10.387152777777779,17.5090625,0,89.88000000000001
cb7adcbe8f1cc9dfa83f5bd41d81ec8c,34765ff1d45ff574aba9091a0c4ed223,delivered,2018-03-05 11:51:27,2018-03-06 11:55:33,2018-03-09 23:05:04,2018-03-23 20:06:26,2018-03-26,53.9,17.63,1,1,71.53,1,1,2.0,1.0,f4002efe3f2ff5f9f323e888b8a6d6eb,37540,santa rita do sapucai,MG,18.343738425925928,20.5059375,0,71.53
d3e8a13414ab6f219caf1745f1384b48,8f1ebbe7ddaf3f8846224831161d4141,delivered,2018-03-05 11:54:30,2018-03-05 12:10:24,2018-03-06 19:08:12,2018-03-07 21:22:17,2018-03-15,122.99,9.06,1,1,132.05,3,1,5.0,1.0,15fdfe149314b18356501f1c07614bf3,2552,sao paulo,SP,2.3942939814814816,9.503819444444444,0,132.04999999999998
50d36900e2abb216027b96c46c79015b,60090c6dbcb67b1b20e123502c7ff9d8,delivered,2018-03-05 11:58:25,2018-03-05 13:55:48,2018-03-09 21:28:56,2018-03-15 21:16:47,2018-03-29,68.0,12.61,1,1,80.61,1,1,4.0,1.0,91c0e2a02bebf65a2275b2e1bd91b408,13416,piracicaba,SP,10.38775462962963,23.50109953703704,0,80.61
f48360c3ded0f45d12be854d83cf01bd,f712a2059a8977b33828d774e1849acb,delivered,2018-03-05 12:02:25,2018-03-05 13:55:51,2018-03-06 23:24:53,2018-03-19 18:48:49,2018-03-23,18.0,15.1,1,1,33.1,1,1,5.0,1.0,b94401ce46e996c300dbe80fc51298a0,76330,jaragua,GO,14.282222222222222,17.49832175925926,0,33.1
02b02f566c72d81744ae60c7b6afa22d,6de0a666300c444a5e012a952ed9469e,delivered,2018-03-05 12:03:36,2018-03-06 11:55:47,2018-03-08 19:56:28,2018-03-09 20:48:40,2018-03-15,139.9,8.23,1,1,148.13,4,1,4.0,1.0,58a0881ac45d6c7a8bc79fa8fe2305cb,9842,sao bernardo do campo,SP,4.364629629629629,9.4975,0,148.13
050c32bac1e923fa3406fdedf75feb89,6dedb64b7cc4bfe0caf12f060f14990b,delivered,2018-03-05 12:04:09,2018-03-05 13:15:44,2018-03-15 18:32:36,2018-04-04 16:46:42,2018-04-18,169.99,45.65,1,1,215.64,10,1,4.0,1.0,3370e12bbaf444a362bb56f59a28d376,96300,jaguarao,RS,30.196215277777778,43.49711805555555,0,215.64000000000001
2f1e07db1b452ef80b6dcae150afcb61,693e186e779407b67eb35d6ca287b576,delivered,2018-03-05 12:14:57,2018-03-05 12:48:59,2018-03-06 23:37:02,2018-03-09 11:42:19,2018-03-21,64.99,12.58,1,1,77.57,7,1,4.0,1.0,d9ff07280a8e2aeda6c913397e7aa099,36051,juiz de fora,MG,3.977337962962963,15.489618055555555,0,77.57
20e9f3d5d268869b86ccb6c13fec2dd0,22900d022224c05dd51f2442b834da07,delivered,2018-03-05 12:16:37,2018-03-05 12:30:29,2018-03-08 23:36:25,2018-03-29 17:54:28,2018-04-20,185.0,45.75,1,1,230.75,2,1,5.0,1.0,8f78bd5916f952539da6bb8bf1b8fcd3,22260,rio de janeiro,RJ,24.234618055555554,45.48846064814815,0,230.75
02b09d03f22e1da491e4d578a0bc3f90,9ad2ff61802821ec369d655bc8482e00,delivered,2018-03-05 12:17:21,2018-03-05 12:30:33,2018-03-06 23:22:17,2018-03-14 01:50:48,2018-03-22,29.0,14.1,1,1,43.1,3,1,5.0,1.0,b7b68a8bb6ca48aefdd5790e04cda817,71691,brasilia,DF,8.564895833333333,16.487951388888888,0,43.1
03484f6953887cd37a7974b52f3107f4,9ade6d9e0052f02a42f0f4b68b9ae537,delivered,2018-03-05 12:23:49,2018-03-06 04:08:33,2018-03-07 20:37:26,2018-03-09 14:01:33,2018-03-15,35.0,8.27,1,1,43.27,1,1,4.0,1.0,06e8cfa2a8fa7e52a62f8970657cd12b,9572,sao caetano do sul,SP,4.06787037037037,9.483460648148148,0,43.269999999999996
084aeb6e79318fd38a5129da7db217d2,a9d615d6c2f115660b61898530fe393e,delivered,2018-03-05 12:28:59,2018-03-05 13:31:10,2018-03-07 22:31:58,2018-03-23 03:22:30,2018-04-02,129.0,44.98,1,1,173.98,2,1,4.0,1.0,1bdd27e01451d50d9d804040fe941000,29194,aracruz,ES,17.620497685185185,27.479872685185185,0,173.98
21d5a8c3c47b36c7e6a5d06cd1a89087,e147664edb88621979c53f930f56ebd8,delivered,2018-03-05 12:29:08,2018-03-05 13:31:06,2018-03-08 17:21:40,2018-04-04 17:29:42,2018-03-26,391.87,98.15,1,1,490.02,10,1,1.0,1.0,4f9abb81a81465dfa9d717f658404d91,49025,aracaju,SE,30.208726851851853,20.47976851851852,1,490.02
b82c29ee4251028bd0891ef9e3fe53b9,b1b5faab08ffa791cf9c437650e44232,delivered,2018-03-05 12:29:59,2018-03-05 13:20:29,2018-03-07 19:18:55,2018-03-08 20:28:32,2018-03-15,49.8,15.56,2,1,65.36,1,1,5.0,1.0,dbe1af764dcabd00ec0e60e989c1a46e,5624,sao paulo,SP,3.3323263888888888,9.47917824074074,0,65.36
266f9c3f364a7ef351edb998487ae783,ceb5e349cb72fe8e5baf15d9929e7e27,delivered,2018-03-05 12:30:40,2018-03-05 12:49:07,2018-03-06 16:57:50,2018-04-04 19:03:02,2018-03-28,63.599999999999994,100.74,6,1,164.34,10,1,1.0,1.0,c711281b84a34c675e87a38a6ec7b578,78065,cuiaba,MT,30.272476851851852,22.478703703703705,1,164.33999999999997
5ca67c75fe0b43ebc7ff9e3711b44162,a262c4837d797bd91c98d5249f31baac,delivered,2018-03-05 12:31:53,2018-03-05 12:50:30,2018-03-08 21:50:55,2018-03-29 16:34:48,2018-03-23,30.21,15.1,1,1,45.31,1,1,1.0,1.0,f7f91253ff1d1ea52d1176d691e2580a,26020,nova iguacu,RJ,24.16869212962963,17.477858796296296,1,45.31
812efffc01e68075f474355460720eec,d737e63d3a5d786844e474d5cc21d6c0,delivered,2018-03-05 12:34:20,2018-03-05 12:50:42,2018-03-12 15:42:03,2018-04-10 15:36:30,2018-04-20,179.96,79.12,2,1,259.08,2,1,1.0,1.0,e496fe85d1cb9186a547c68d1359c802,21740,rio de janeiro,RJ,36.12650462962963,45.476157407407406,0,259.08000000000004
52af753a3f7bef8c2802da99f6a57751,3a581f67db730aa4b679954a56cc5840,delivered,2018-03-05 12:37:23,2018-03-06 12:35:45,2018-03-08 16:16:35,2018-03-26 23:44:43,2018-04-02,219.0,16.28,1,1,235.28,2,1,5.0,1.0,8d4c7f9a1523ad5f2db9e08cb4f43bd3,80230,curitiba,PR,21.463425925925925,27.47403935185185,0,235.28
d9b4ededbb6c5f5e5afa0e7cc2a5dabf,e417c8315d721358f514b9cbce0b665b,delivered,2018-03-05 12:45:19,2018-03-05 12:56:13,2018-03-08 23:51:22,2018-03-16 18:06:01,2018-03-21,699.0,33.68,1,1,732.68,2,1,3.0,1.0,59e13abedcf24076cb1ea9ceffc0235d,6544,santana de parnaiba,SP,11.222708333333333,15.468530092592593,0,732.68
33d425553bc88c255ddeb68ab933167e,3c46a6771b9833c7571cd2498f548f95,delivered,2018-03-05 12:47:02,2018-03-06 03:55:39,2018-03-07 18:04:26,2018-03-28 13:57:02,2018-03-26,105.9,17.99,1,1,123.89,1,1,4.0,1.0,2a19a29632faf108fd680a976034fa3d,35620,abaete,MG,23.04861111111111,20.46733796296296,1,123.89
ae785dd71169275eba0d44a30412aa17,1a0f3e7e61d2a1b7896ea1daff9d0a87,delivered,2018-03-05 12:49:00,2018-03-06 14:35:48,2018-03-08 21:39:53,2018-04-06 20:18:26,2018-03-27,129.99,21.31,1,1,151.3,8,1,1.0,1.0,071aa5566cf1f8175d6631107c6f8d61,61905,maracanau,CE,32.31210648148148,21.465972222222224,1,151.3
cbbadd3919b803b6cdeaa2e7811bc47b,3ce94b5a344798830d5641dda2b05195,delivered,2018-03-05 12:51:15,2018-03-05 13:09:43,2018-03-06 21:49:01,2018-03-20 09:54:44,2018-03-28,199.9,48.32,1,1,248.22,7,1,5.0,1.0,9c5dbda7943788b2ccc4b0a422e4c9f8,73005,brasilia,DF,14.877418981481481,22.46440972222222,0,248.22
6718a9b577ce4d3dfbdbdc7d3ec97cb6,fc994762aef90ce03ebbd762f8097fa4,delivered,2018-03-05 12:55:58,2018-03-05 14:20:24,2018-03-07 21:38:42,2018-03-26 23:33:19,2018-04-06,79.9,29.6,1,1,109.5,1,1,5.0,1.0,03e990124fb8dfe30716b4237eceaa9b,78280,mirassol d'oeste,MT,21.442604166666666,31.46113425925926,0,109.5
8f6f263a5e96515d5534199b74cb7748,2a1f6d64684615ad73ce7d05586115ed,delivered,2018-03-05 12:56:33,2018-03-06 14:50:59,2018-03-16 12:12:44,2018-03-22 22:56:29,2018-03-21,1319.4,283.68,6,1,1603.08,6,1,5.0,1.0,f0d3389b217aa61b5a66744ddd694cc3,5786,sao paulo,SP,17.41662037037037,15.460729166666667,1,1603.0800000000002
2bcb4add2a785006005bcea7b61559aa,20c1fa8405b1796b15ae7852d73875e3,delivered,2018-03-05 13:06:29,2018-03-05 13:16:02,2018-03-07 17:24:50,2018-03-08 18:28:44,2018-03-29,40.9,9.27,1,1,50.17,1,1,5.0,1.0,7527b90f956cbb472f08763de043e694,22071,rio de janeiro,RJ,3.2237847222222222,23.453831018518517,0,50.17
ebe13d8c2f9983578a9aa31fd76148de,8f2e3727f77beeeae4a86a3d14b550a5,delivered,2018-03-05 13:07:38,2018-03-06 03:51:01,2018-03-21 20:04:20,2018-03-27 20:26:49,2018-04-11,139.94,22.61,1,1,162.55,1,1,1.0,1.0,ab90b47bf66e24a5be053fa75bd8ca5e,37500,itajuba,MG,22.304988425925927,36.453032407407406,0,162.55
a4e56a5d579e9d4268c4cacb5a6e5747,cd866103686af47c76617a55875dbebe,delivered,2018-03-05 13:09:28,2018-03-05 18:31:18,2018-03-06 19:55:07,2018-03-30 02:58:32,2018-03-27,149.9,18.33,1,1,168.23,1,1,1.0,1.0,a6d5615d7c30f9394e0107050830bd24,60331,fortaleza,CE,24.57574074074074,21.45175925925926,1,168.23000000000002
4ea7463c339b2551706077cbc666c60a,090c6762c69c517e7a4ee09f30c52269,delivered,2018-03-05 13:11:16,2018-03-07 02:10:41,2018-03-07 21:53:17,2018-04-02 19:17:37,2018-03-28,86.99,17.86,1,1,104.85,1,1,3.0,1.0,94922f2db9c42dcb20a1b57302ffa0d2,89249,itapoa,SC,28.25440972222222,22.45050925925926,1,104.85
86aac0e27cf2e46d9c9bc5cd1c5e9348,62cb1e5de9e5558b5426d059f570ca8f,delivered,2018-03-05 13:15:26,2018-03-06 13:10:36,2018-03-06 22:35:14,2018-03-23 23:28:31,2018-03-28,124.99,19.41,1,1,144.4,2,1,3.0,1.0,4d2e06feac9e7556570da81b6b1a1423,60534,fortaleza,CE,18.425752314814815,22.44761574074074,0,144.4
675a27f901e5f0350eed10f052e09b60,296f5301f45389edbfbaf19581acae8d,delivered,2018-03-05 13:22:10,2018-03-06 13:15:28,2018-03-08 19:58:21,2018-03-15 20:26:44,2018-04-05,81.5,13.59,1,1,95.09,5,1,5.0,1.0,2a277b0006a0dcbe443f6d5f307bde92,4531,sao paulo,SP,10.294837962962964,30.442939814814814,0,95.09
c038a5b29abf034f262370c75f739875,206314a71bd9f1bc91cfb6491e17e98a,delivered,2018-03-05 13:26:10,2018-03-05 14:41:01,2018-03-07 15:05:20,2018-03-16 01:05:51,2018-03-26,149.9,23.37,1,1,173.27,3,1,2.0,1.0,c6c966a2924ee8d557d167a7d24347c6,5030,sao paulo,SP,10.485891203703703,20.440162037037037,0,173.27
33601176ba1e6413735c8bfbb6212d58,7fc4245909ec68ef92a4292736e40a4d,delivered,2018-03-05 13:26:14,2018-03-05 13:35:44,2018-03-07 19:53:30,2018-03-14 21:03:59,2018-04-10,19.95,15.1,1,1,35.05,3,1,5.0,1.0,7e1cad5a1f99978e2430d6e442156468,95680,canela,RS,9.317881944444444,35.440115740740744,0,35.05
906a4ea26826c20b9b184b9e7c92c7b2,7466e5f152d3e7c316e2866f8c42e433,delivered,2018-03-05 13:27:02,2018-03-05 14:00:24,2018-03-07 20:04:54,2018-03-23 02:22:28,2018-03-28,228.0,18.04,1,1,246.04,3,1,5.0,1.0,9bc9d7e2e25a18907437e42b9c52ad64,25730,petropolis,RJ,17.53849537037037,22.439560185185186,0,246.04
487102a0e698d9e4d4c20a484739489b,b5c786bdc9e15e28d33f2db4ea2f9875,delivered,2018-03-05 13:28:54,2018-03-05 15:55:37,2018-03-14 19:03:26,2018-04-02 13:41:33,2018-04-03,154.9,18.33,1,1,173.23,1,1,5.0,1.0,f6038891be91afcae859d5cb60d7bd4f,11960,eldorado,SP,28.008784722222224,28.43826388888889,0,173.23000000000002
b8ee772df07134efe7ac03586de22add,5fc9a903467ab21191eab7accee61ed6,delivered,2018-03-05 13:32:23,2018-03-06 03:49:02,2018-03-14 18:48:31,2018-04-07 00:58:31,2018-04-20,129.94,59.46,1,1,189.4,1,1,5.0,1.0,96d80d2736e09d1a51bb4051b4c2698b,22230,rio de janeiro,RJ,32.47648148148148,45.43584490740741,0,189.4
ccdf8513301e655dfe3d56c014952cd4,dd5c9c979013243db3251c51eb0bd536,delivered,2018-03-05 13:38:19,2018-03-06 13:35:35,2018-03-07 01:13:30,2018-03-22 23:56:53,2018-03-26,63.9,16.21,1,1,80.11,8,1,5.0,1.0,8901ae52a3c32c5eaa0ec73b462c1386,13857,estiva gerbi,SP,17.429560185185185,20.431724537037038,0,80.11
31ead8e6ffdcc849b1a720ff40d5b724,4aa4dee5b3e8b72b7ae62e0df97f3695,delivered,2018-03-05 13:42:50,2018-03-05 14:20:25,2018-03-07 02:33:42,2018-04-19 19:46:53,2018-04-03,107.0,17.19,1,1,124.19,4,1,1.0,1.0,cd32135e09d9db077a510a0eb33d59ef,48020,alagoinhas,BA,45.2528125,28.42858796296296,1,124.19
e7720e61a7b5077592d07d61c313e559,113ee076db82f8389e03ab6a7ae4d447,delivered,2018-03-05 13:48:37,2018-03-05 14:09:38,2018-03-05 23:47:51,2018-03-20 19:46:38,2018-03-26,47.9,16.11,1,1,64.01,3,1,5.0,1.0,f2548963f1d6c589235a070fc86318c9,80250,curitiba,PR,15.248622685185186,20.42457175925926,0,64.00999999999999
694197f98148ec200eaeea667995bb35,b7d8c5723ff2af6c90cb7ff564e8d0cc,delivered,2018-03-05 13:51:35,2018-03-07 02:35:41,2018-03-14 21:48:52,2018-04-02 18:28:42,2018-03-27,239.0,14.69,1,1,253.69,1,1,1.0,1.0,879ee1f90476a2fad74aec4f9c9961b3,13025,campinas,SP,28.19244212962963,21.422511574074075,1,253.69
fd2aee7994becefcf7b6dc6b6b9e7621,843d0c1ec89e577993907ee5d3c37969,delivered,2018-03-05 13:57:25,2018-03-05 14:10:24,2018-03-09 22:42:26,2018-03-23 21:05:56,2018-03-26,53.9,17.63,1,1,71.53,4,1,4.0,1.0,dfeeae009f230d66e18e029ca44e7181,37170,boa esperanca,MG,18.297581018518517,20.418460648148148,0,71.53
0f9e79a42b9e6e14a8d7f913b4da0239,5e50e403092cc3519f7f59eb409084d2,delivered,2018-03-05 14:00:30,2018-03-05 14:15:25,2018-03-07 02:09:47,2018-04-06 20:02:40,2018-03-26,31.8,48.88,1,1,80.68,3,1,1.0,1.0,ca6a08cf73e5804caebd8c0544941afb,83215,paranagua,PR,32.25150462962963,20.416319444444444,1,80.68
2c60bc71e6da917194c35fa7c8477e7f,c14ee009789095771e86aece808515aa,delivered,2018-03-05 14:02:30,2018-03-06 03:49:18,2018-03-10 02:18:20,2018-04-16 21:26:58,2018-03-26,27.99,15.1,1,1,43.09,1,1,1.0,1.0,11e51fdd16f6c9efd1a09cf188c25a29,28880,barra de sao joao,RJ,42.30865740740741,20.414930555555557,1,43.089999999999996
5672fc8f50b8761ce7d2a3ec4ffc2b52,a1931e533b6f995e49dba248308bf26f,delivered,2018-03-05 14:02:45,2018-03-06 03:35:34,2018-03-09 02:47:24,2018-03-19 18:33:21,2018-03-28,176.0,34.12,2,1,210.12,1,1,2.0,1.0,e0c42e9b0757216867fcad61d4d5bbfc,24220,niteroi,RJ,14.187916666666666,22.414756944444445,0,210.12
2deab87eacecced409eb4e2f9b2a4372,4633bda7d6d511e0846d74188f9f2af4,delivered,2018-03-05 14:03:00,2018-03-05 14:15:27,2018-03-06 18:46:47,2018-03-07 21:33:01,2018-03-19,168.48,9.55,1,1,178.03,2,1,5.0,1.0,4c93bb366037da40abc2a89301442560,25901,mage,RJ,2.3125115740740743,13.414583333333333,0,178.03
9ca1180e941195f37062a7d063cf2767,92ae6bb4c23948ab0f4aec41737c166d,delivered,2018-03-05 14:04:48,2018-03-05 14:15:38,2018-03-06 20:34:59,2018-03-15 16:43:48,2018-03-21,31.9,12.69,1,1,44.59,3,1,5.0,1.0,105f8a4a0419fbee2eef2a0d25e6eeac,9250,santo andre,SP,10.110416666666667,15.413333333333334,0,44.589999999999996
f11cc2cb015566e4f853920015ae8cf0,4aefa299f825a44b8ab914fd2f13d244,delivered,2018-03-05 14:05:08,2018-03-05 14:28:52,2018-03-07 20:39:10,2018-03-16 13:52:36,2018-03-21,134.0,28.44,2,1,162.44,2,1,4.0,1.0,0847a0328c498e8a666a28bd6e328425,6453,barueri,SP,10.991296296296296,15.413101851851852,0,162.44
a8761faebe02e29fb1af2239116807ae,146136e6e527bf71e6341397154c0777,delivered,2018-03-05 14:09:01,2018-03-06 03:55:58,2018-03-06 21:04:42,2018-03-23 13:16:49,2018-03-26,465.0,24.09,1,1,489.09,1,1,5.0,1.0,12e8e6fd5b6cfeea8e72ff735c2a1e29,3080,sao paulo,SP,17.96375,20.410405092592594,0,489.09
61d0f8073b3d86c34c69845c9e0dfd54,014734aef2673760779034c8f95ca598,delivered,2018-03-05 14:10:26,2018-03-05 14:49:21,2018-03-09 23:29:29,2018-03-15 23:08:55,2018-04-05,89.0,14.37,1,1,103.37,2,1,5.0,1.0,41a8eb13e0e31ada950291a25019d3a7,13087,campinas,SP,10.37394675925926,30.409421296296298,0,103.37
543e16341e28ed8a88ab9c1f77e48b07,daf74012e80df98bd7589a26389a44e7,delivered,2018-03-05 14:27:58,2018-03-05 15:00:21,2018-03-05 23:53:23,2018-03-16 22:03:42,2018-03-21,79.0,12.05,1,1,91.05,1,1,5.0,1.0,30dae833a0d048ad406899256225a4d2,2478,sao paulo,SP,11.316481481481482,15.39724537037037,0,91.05
96441f25ae3571bffdceb39da1ae7f00,e9c1dbf5c8116fe3de3dbec8fddbdc1b,delivered,2018-03-05 14:28:12,2018-03-06 10:40:25,2018-03-08 01:52:02,2018-03-23 01:08:37,2018-03-28,329.9,41.64,1,1,371.54,3,1,4.0,1.0,42a50908174bc720973c447ceee27d42,28940,sao pedro da aldeia,RJ,17.444733796296298,22.397083333333335,0,371.53999999999996
4ea8cf27d2783396b72f4f5f7b07250e,b0583de550099139bf3a61339dfe7e3c,delivered,2018-03-05 14:29:51,2018-03-05 14:49:30,2018-03-07 20:13:03,2018-03-16 14:25:27,2018-03-26,129.0,45.36,1,1,174.36,3,1,5.0,1.0,953186d2de7ac224e520254fee9dd3a1,2995,sao paulo,SP,10.996944444444445,20.3959375,0,174.36
80176445f6976a30f014195eb46053c1,fa5f6226717c8c528fa82574b1ce9836,delivered,2018-03-05 14:31:20,2018-03-05 14:55:45,2018-03-09 00:45:09,2018-03-16 16:28:54,2018-03-28,600.0,241.4,5,1,841.4,10,1,4.0,1.0,dd3c1473dd2061e08c79e5b469454b05,64150,matias olimpio,PI,11.081643518518518,22.39490740740741,0,841.4
cfbff5e327712bcb7b76b34bd4655a95,52bfcbea8ba14168d4f6bdf089a9b591,delivered,2018-03-05 14:34:39,2018-03-05 14:55:43,2018-03-14 17:21:07,2018-03-29 21:48:32,2018-04-10,129.94,73.86,1,1,203.8,4,1,1.0,1.0,278fe707d0e9a60b36b5de18762499f4,36091,juiz de fora,MG,24.30130787037037,35.392604166666665,0,203.8
e5b692a00119342b4412cf70919378bd,a524eab70342a06e4b101d33124fee29,delivered,2018-03-05 14:35:12,2018-03-06 03:48:58,2018-03-06 18:11:47,2018-03-26 19:33:04,2018-04-02,58.8,32.22,2,1,91.02,1,1,2.0,1.0,a6b40a99291a67fecea4485e66957acb,98700,ijui,RS,21.20685185185185,27.392222222222223,0,91.02
ce4d8859d85000477949b11c78144074,ac583d1c408be7cac515ad79d5e4c97a,delivered,2018-03-05 14:35:43,2018-03-07 02:10:26,2018-03-09 08:50:35,2018-03-20 23:12:24,2018-04-03,39.5,17.92,1,1,57.42,1,1,4.0,1.0,c661cbb0bcb6167c706cf76253911680,48020,alagoinhas,BA,15.35880787037037,28.391863425925926,0,57.42
8a73953585d1e53096b1003a5e2dfa4b,f22b65b568ee679fc4f343391919c54d,delivered,2018-03-05 14:46:20,2018-03-05 15:49:42,2018-03-06 20:17:58,2018-03-12 21:40:37,2018-04-02,79.0,16.99,1,1,95.99,4,1,4.0,1.0,2fb26b647f18a969975dc6a002874457,30830,belo horizonte,MG,7.287696759259259,27.38449074074074,0,95.99
6c2df403c867a6aa913b387d92999d43,cd07153a3e03b42c948bafeec3ff9b76,delivered,2018-03-05 14:47:54,2018-03-05 15:29:17,2018-03-23 20:38:47,2018-03-28 17:34:23,2018-03-27,149.9,13.18,1,1,163.08,2,1,3.0,1.0,f911728544b289f40fd54eb9ea883c17,7054,guarulhos,SP,23.115613425925925,21.38340277777778,1,163.08
4f4203f1d877a50d4bd8f02bcb346f63,67ebbf856ce5aa3393b48c2f4562513f,delivered,2018-03-05 14:53:36,2018-03-06 04:20:28,2018-03-07 01:52:35,2018-03-18 13:46:29,2018-03-28,109.9,26.91,1,1,136.81,1,1,5.0,1.0,74898b783aeb9dc4f3654bed9c1c2683,52031,recife,PE,12.953391203703704,22.379444444444445,0,136.81
4d6f99dd1c15b51cdaf72f7b14223d26,0012a5c13793cf51e253f096a7e740dd,delivered,2018-03-05 14:54:23,2018-03-05 15:10:29,2018-03-12 11:33:01,2018-04-09 17:41:50,2018-04-17,349.9,20.02,1,1,369.92,2,1,5.0,1.0,48efc7def11f9a644e1993a3d97361d2,20011,rio de janeiro,RJ,35.116284722222225,42.37890046296296,0,369.91999999999996
9142a3c29501af1e90aa7eea2a6949b3,a8876ecd91fd22bc8b420c9a4be69955,delivered,2018-03-05 14:54:33,2018-03-05 15:10:31,2018-03-13 18:58:28,2018-04-03 19:41:49,2018-04-04,115.52,18.38,1,1,133.9,1,1,5.0,1.0,09d74edf20acb4f9523fb1cf19a18456,34012,nova lima,MG,29.199490740740742,29.37878472222222,0,133.9
61f38a1759e511f01330f4e69cfbad42,bf8afe52e827df13a70b6f532d1c9ca4,delivered,2018-03-05 14:57:51,2018-03-05 15:10:30,2018-03-10 01:21:57,2018-03-28 01:27:45,2018-03-22,35.9,16.11,1,1,52.01,1,1,1.0,1.0,edb69d7e7f28b38c52228b3dcb4b454e,29301,cachoeiro de itapemirim,ES,22.437430555555554,16.376493055555557,1,52.01
5ee4ad936c8a4d0211809cf29b3fafc8,38b7eca3d9bc7ba86bf6e9765db0783c,delivered,2018-03-05 15:05:51,2018-03-05 16:15:40,2018-03-06 23:29:46,2018-03-09 19:38:41,2018-03-15,13.65,7.78,1,1,21.43,1,1,5.0,1.0,96a35e9dd5d9496820a8498a4bba0b99,18103,sorocaba,SP,4.189467592592592,9.3709375,0,21.43
cc0fd6c51b7543009e47b01e9d14b686,e5894d67ab3b433aa6219918e970baa0,delivered,2018-03-05 15:06:28,2018-03-07 02:35:36,2018-03-08 19:54:29,2018-03-14 20:18:52,2018-03-21,178.5,17.96,1,1,196.46,1,1,1.0,1.0,d47dc11826004cf90f12cd7e7bc1d6ba,14090,ribeirao preto,SP,9.216944444444444,15.37050925925926,0,196.46
7428195653ad7e05d37c801977ea152b,250a79044424d2bec1392a050b14c109,delivered,2018-03-05 15:07:36,2018-03-05 16:15:48,2018-03-07 19:43:11,2018-03-27 22:03:56,2018-03-22,139.8,39.96,2,1,179.76,3,1,1.0,1.0,835019738f3ba3c7c85fb00d0a9638d2,30380,belo horizonte,MG,22.28912037037037,16.369722222222222,1,179.76000000000002
e56bf94fb5b2e858e8b8896c565a96a0,c6792caf2401f9e579fd1191e263f819,delivered,2018-03-05 15:13:44,2018-03-05 15:29:28,2018-03-09 19:03:53,2018-04-16 14:18:32,2018-04-09,24.99,25.63,1,1,50.62,1,1,1.0,1.0,d4eb72a9526f9da09ecf2029e5aaf3b2,68450,moju,PA,41.961666666666666,34.365462962962965,1,50.62
a25a1aa8a0c5423cc8e581b616050539,a7bff776f2bba5d3d056db8e90775dae,delivered,2018-03-05 15:16:28,2018-03-07 02:49:10,2018-03-13 18:08:26,2018-04-11 20:38:35,2018-04-05,82.94,20.07,1,1,103.01,1,1,3.0,1.0,11e77fd0f5c56b4620a19f7ecbec0373,88240,sao joao batista,SC,37.22369212962963,30.363564814814815,1,103.00999999999999
6fc43344397e467b002e0255391ffc12,bd394e7a5c0a3aa178be002bec55877c,delivered,2018-03-05 15:22:00,2018-03-05 15:35:36,2018-03-08 01:38:35,2018-04-03 19:30:50,2018-03-23,119.0,30.32,2,1,149.32,3,1,,,21b318668bb97ce15c5bb21e0275060f,27213,volta redonda,RJ,29.172800925925927,17.35972222222222,1,149.32
47d99e35914d6194a685f9903e8ae293,e332edaaf7db8c383454db3af6b373d2,delivered,2018-03-05 15:23:25,2018-03-05 15:35:42,2018-03-09 19:36:53,2018-03-20 18:34:21,2018-04-16,65.9,18.03,1,1,83.93,1,2,4.0,1.0,0af6f99ca609ca8bcea3854fa188db1a,38800,sao gotardo,MG,15.132592592592593,41.35873842592593,0,83.93
93aa3771306828f17309cce989a90e5f,d73a7b09f610f81f5c49adb582aeccf6,delivered,2018-03-05 15:32:14,2018-03-05 15:49:36,2018-03-10 00:18:43,2018-05-02 21:42:47,2018-03-26,55.3,15.14,1,1,70.44,7,1,1.0,1.0,2947c03745112e23dced5a2ab3f8c568,28893,rio das ostras,RJ,58.25732638888889,20.35261574074074,1,70.44
bcaa9390e85fe694eefdf1e33f77b3b5,164ade8f6fd9fd670414d9288127b6ae,delivered,2018-03-05 15:32:16,2018-03-05 15:49:41,2018-03-10 00:08:46,2018-05-02 22:12:46,2018-03-26,48.3,15.1,1,1,63.4,6,1,1.0,1.0,2947c03745112e23dced5a2ab3f8c568,28893,rio das ostras,RJ,58.278125,20.352592592592593,1,63.4
e16e5b4572640ddc3de053a9b0f6432b,5fe9534ea2fcc99fcd42e7d1d8ab9910,delivered,2018-03-05 15:34:40,2018-03-05 16:40:25,2018-03-09 15:38:36,2018-03-17 00:05:56,2018-04-02,192.99,37.45,1,1,230.44,6,1,4.0,1.0,7350eb1027dc074d9aa8c12d581de324,4704,sao paulo,SP,11.355046296296296,27.350925925925925,0,230.44
464324a0ca5b6a5b1448b02f24e588ce,587548be8f9917924b6422e287eb4094,delivered,2018-03-05 15:39:06,2018-03-05 16:40:27,2018-03-06 19:54:58,2018-03-12 22:28:19,2018-03-26,208.9,35.699999999999996,2,2,244.6,10,1,2.0,1.0,3a0baddeed2fe921706889c52ac676e8,6710,cotia,SP,7.284178240740741,20.34784722222222,0,244.6
bf95b3f726bbc62043afc14fbfdbcdec,57d501c72879ffdf6edd0e31c2e25eef,delivered,2018-03-05 15:39:48,2018-03-05 16:09:27,2018-03-08 20:04:47,2018-03-18 11:52:09,2018-03-22,99.9,21.19,1,1,121.09,1,1,5.0,1.0,0da4c7d00921347054ca0be6b390dec7,36032,juiz de fora,MG,12.841909722222223,16.347361111111113,0,121.09
56b6c0c35525102d39f7314a90f95977,bc5070ca41ac816753a5644f5940c923,delivered,2018-03-05 15:44:41,2018-03-05 15:55:41,2018-03-07 21:22:13,2018-03-12 21:42:41,2018-03-21,54.4,12.72,1,1,67.12,4,1,5.0,1.0,fba9dad1013693b7d732f8f8c838d763,15600,fernandopolis,SP,7.248611111111111,15.343969907407407,0,67.12
32f7089f715424548bd5307fded896d3,68afce1222a45541ff5fa4cfabb6cbc7,delivered,2018-03-05 15:49:01,2018-03-05 16:09:33,2018-03-07 19:38:37,2018-04-10 20:08:28,2018-03-27,199.9,15.15,1,1,215.05,1,1,1.0,1.0,a190ba94d3b565f0a23a1769a948c65d,24900,marica,RJ,36.18017361111111,21.340960648148148,1,215.05
339e87a91e00231ddda7d5b3d7941ab2,a67d36d9048a871826a5aef5aeb7678a,delivered,2018-03-05 15:50:11,2018-03-06 03:49:11,2018-03-08 20:06:39,2018-03-17 13:24:45,2018-04-05,13.9,11.85,1,1,25.75,1,1,3.0,1.0,295a4623e709e63b30995101718ee775,1455,sao paulo,SP,11.89900462962963,30.340150462962963,0,25.75
989172e27a340ec9718134cc629aa270,a8211e31a7f2b3f3615d0a84266be63b,delivered,2018-03-05 15:51:30,2018-03-05 16:29:16,2018-03-06 22:16:59,2018-03-15 00:33:08,2018-03-28,179.97,18.51,1,1,198.48,10,1,5.0,1.0,f52251e256e7aa464ff600c42699d37d,13490,cordeiropolis,SP,9.36224537037037,22.339236111111113,0,198.48
c617d0b68da07a11637ca641f467fb9e,2cc1a78f75112803b9530faa8b01a81e,delivered,2018-03-05 15:55:21,2018-03-05 16:15:49,2018-03-06 20:05:42,2018-03-10 15:43:44,2018-03-21,169.0,26.8,1,1,195.8,1,1,5.0,1.0,d13b88a28ea8065fe26fc7548f9f34d2,30493,belo horizonte,MG,4.991932870370371,15.3365625,0,195.8
85dbef7e8d4c780110b5900a73b43556,4067ca2fbdff1cd37626acf984f56f4b,delivered,2018-03-05 15:56:18,2018-03-05 16:15:39,2018-03-06 19:15:22,2018-04-07 19:41:35,2018-03-21,78.0,12.05,1,1,90.05,4,1,1.0,1.0,9960dc77a3a6dae290b423bc3c897aae,5437,sao paulo,SP,33.15644675925926,15.335902777777777,1,90.05
7d3cd94ead444e7d5a948a9e0021c426,9a4bab346d564c0b0afe5f7f5b9854f6,delivered,2018-03-05 15:56:52,2018-03-05 16:15:49,2018-03-08 23:12:31,2018-03-27 15:06:11,2018-03-27,88.35,50.37,3,1,138.72,2,1,5.0,1.0,ff3f73a459eaabfa22e12955b7415112,89052,blumenau,SC,21.96480324074074,21.335509259259258,1,138.72
1d26b193d715a5362a2ce64676a9e0a0,4af1cf58702f9a59d4e3c02301ae461d,delivered,2018-03-05 16:02:07,2018-03-05 16:15:48,2018-03-06 20:14:49,2018-03-13 14:51:16,2018-03-29,80.0,68.3,2,1,148.3,1,1,5.0,1.0,7573d2af236da2486db1d4aab64d95ed,11420,guaruja,SP,7.950798611111111,23.331863425925928,0,148.3
ff9fa3c222a580f6b52c81a08bd4f7dd,28292de0b6d5b83bd51f29fd3456cf45,delivered,2018-03-05 16:03:31,2018-03-05 16:40:26,2018-03-06 21:58:56,2018-03-16 18:08:44,2018-03-27,49.99,17.92,1,1,67.91,1,1,5.0,1.0,25c436221b7a9ab7efaefd486dbc1386,30380,belo horizonte,MG,11.086956018518519,21.330891203703704,0,67.91
029f7a5aabaadfcdfe8c0eddb59a1069,745fc498c9bb2df2194e737485a1afa9,delivered,2018-03-05 16:08:35,2018-03-05 16:29:19,2018-03-07 20:33:05,2018-03-08 12:32:08,2018-03-15,59.8,16.54,2,1,76.34,1,1,5.0,1.0,c79a463e85fd8b530feba7db28c26de6,13420,piracicaba,SP,2.8496875,9.327372685185185,0,76.34
9fb0f5aec85853d38f0255b295cb4cb1,71f815d8142eb59cebe2d023f1a18bb4,delivered,2018-03-05 16:13:08,2018-03-06 16:10:45,2018-03-07 20:58:51,2018-04-03 17:52:20,2018-04-03,389.9,119.5,1,1,509.4,10,1,5.0,1.0,bad8ab2f494e16eec3d42467f2a62a60,59300,caico,RN,29.06888888888889,28.324212962962964,1,509.4
97d5aa85110fb7e998b5754af19b95c4,f154c3425ff09d9bd9cf677f7f658bd8,delivered,2018-03-05 16:15:17,2018-03-05 16:29:36,2018-03-06 19:09:09,2018-03-20 16:14:22,2018-04-03,589.0,37.48,1,1,626.48,5,1,4.0,1.0,fc4fcc305b7eb5bf85e06e1945587639,8695,suzano,SP,14.999363425925926,28.322719907407407,0,626.48
8b57c0e23a2516e0b9a5259c83fc0883,49673e7454cc72d72b42277eb3c2e871,delivered,2018-03-05 16:20:45,2018-03-05 16:35:43,2018-03-06 20:35:40,2018-03-16 00:46:30,2018-03-27,139.99,16.74,1,1,156.73,8,1,5.0,1.0,79b9670556441d20b91695d9fb3b285e,4180,sao paulo,SP,10.351215277777778,21.31892361111111,0,156.73000000000002
4426515e1fede07af676dc0c1caaa2d3,840521ecbbfe51b514c46b33081bdd97,delivered,2018-03-05 16:24:44,2018-03-06 03:50:49,2018-03-06 16:09:50,2018-03-10 20:15:31,2018-03-15,34.99,9.34,1,1,44.33,1,1,5.0,1.0,851d081d4a28556488b1f8d14204e157,13304,itu,SP,5.160266203703704,9.316157407407408,0,44.33
77647c811d173d4d74674fd37c098c17,29f139d6b158f7be88e7098b843f0a88,delivered,2018-03-05 16:28:53,2018-03-06 16:31:25,2018-03-08 02:39:01,2018-04-05 19:05:34,2018-03-28,119.9,38.26,1,1,158.16,10,1,4.0,1.0,d39a9b2c46a066dcf2c02e369012d002,12943,atibaia,SP,31.10880787037037,22.313275462962963,1,158.16
89dcf119ac3433da8745b713ac6e1e4d,3b8655cca1d71775f761b6fa2b2bf468,delivered,2018-03-05 16:43:45,2018-03-05 18:31:18,2018-03-09 22:42:24,2018-03-16 23:42:06,2018-04-18,53.9,20.99,1,1,74.89,1,1,5.0,1.0,eb04c883601bb02d2f85f2f9328af2e6,90251,porto alegre,RS,11.290520833333334,43.302951388888886,0,74.89
f9b79ac2c05f12bab607bfe35b4a2ad2,3c932993d41c2ba7c0d1027658a2fc6b,delivered,2018-03-05 16:48:49,2018-03-05 18:31:25,2018-03-09 23:06:33,2018-03-20 22:32:30,2018-04-18,100.0,19.95,1,1,119.95,10,1,1.0,1.0,b27bf89f74c911c805548615889c28f3,98125,fortaleza dos valos,RS,15.238668981481482,43.29943287037037,0,119.95
1ab8b3bd6a4d22497ce5164c01bc0e2c,48e845c7d4f24b06238cfa353f4d22d4,delivered,2018-03-05 16:53:36,2018-03-07 02:15:33,2018-03-21 18:40:42,2018-03-26 15:14:39,2018-04-05,44.0,19.96,2,1,63.95,1,1,3.0,1.0,dd0c06504f137b0f411c0a6d61efd876,8738,mogi das cruzes,SP,20.931284722222223,30.29611111111111,0,63.96
252d3b25e5ac9ad8f2b5f7624ed39f41,6d682f511e7be36a300a8ab20d1053c3,delivered,2018-03-05 16:58:13,2018-03-06 08:30:41,2018-03-06 19:59:07,2018-03-16 00:26:28,2018-04-16,157.77,19.95,1,1,177.72,5,1,5.0,1.0,7edd5a6626e4ef03e8549ddf93398b15,74140,goiania,GO,10.311284722222222,41.29290509259259,0,177.72
1fc81b1074b61a259529663946b10a32,bb923a84f897c7ffc3d03eb905f7eddf,delivered,2018-03-05 17:08:53,2018-03-06 18:30:38,2018-03-08 12:28:59,2018-03-28 16:39:11,2018-03-26,49.95,11.85,1,1,61.8,6,1,4.0,1.0,0010fb34b966d44409382af9e8fd5b77,4321,sao paulo,SP,22.979375,20.285497685185184,1,61.800000000000004
3fbb598da3d544e640039c789df239b7,d7df11c500868a6c4ca48e8252347de3,delivered,2018-03-05 17:08:53,2018-03-05 18:31:18,2018-03-09 02:28:24,2018-04-06 18:52:35,2018-03-28,159.8,38.2,2,1,198.0,4,1,1.0,1.0,0526ed43dbc2198ab355d10ebc4b6a35,60130,fortaleza,CE,32.07201388888889,22.285497685185184,1,198.0
7d021c7feafd7a1903f66a05481eafa8,bd19c3833cb6433abb56de807eb0c9db,delivered,2018-03-05 17:09:46,2018-03-05 17:48:37,2018-03-06 19:53:11,2018-03-15 15:04:29,2018-03-21,122.99,12.36,1,1,135.35,6,1,3.0,1.0,105761d95a7439fca09ab5f4c5f535b8,13960,socorro,SP,9.912997685185186,15.28488425925926,0,135.35
c2b32a9eef15f09698bb2ec1a17a6a70,ebfe1d2a6e0bc6f787ba81a4efcdbd74,delivered,2018-03-05 18:10:50,2018-03-05 18:31:18,2018-03-09 00:21:47,2018-03-27 14:49:03,2018-03-23,135.0,17.39,1,1,152.39,2,1,2.0,1.0,cbf264f2bf7bf8a8651669ad2191bc4d,36083,juiz de fora,MG,21.859872685185184,17.24247685185185,1,152.39
1b50601ff6fbdeff70999a4a988c1eca,9837d06922d62b0361bcd2773ad8dd62,delivered,2018-03-05 18:11:35,2018-03-06 09:55:35,2018-03-08 16:26:42,2018-03-23 12:45:54,2018-04-03,487.9,21.3,1,1,509.2,2,1,5.0,1.0,f5733b4f604cb18cbd2d22b3f6d62db2,76410,campinorte,GO,17.773831018518518,28.24195601851852,0,509.2
55552985d5c5d0856ddc230a47932a72,52d38a48fdc7bb2e1fc458489a96dc2a,delivered,2018-03-05 18:11:39,2018-03-06 05:28:42,2018-03-06 21:10:10,2018-04-20 15:38:53,2018-04-06,18.9,18.23,1,1,37.13,1,1,1.0,1.0,fbbe781ae38067614c92519fe47c10c3,21220,rio de janeiro,RJ,45.89391203703704,31.24190972222222,1,37.129999999999995
0fd408210166f23fe823070a2f690048,7c06711473bf4fef27ea11d9f5719158,delivered,2018-03-05 18:11:53,2018-03-05 18:31:13,2018-03-08 23:32:27,2018-03-14 15:28:30,2018-03-21,89.97,45.69,3,1,135.66,1,1,1.0,1.0,fb6fb9d0e2c0e57e35db552606a2e7e8,13251,itatiba,SP,8.886539351851852,15.241747685185185,0,135.66
07ff1545b26c5800dc2d25ab88055082,7ca700079250fbfa899bb7d098b8b108,delivered,2018-03-05 18:12:13,2018-03-06 03:49:43,2018-03-09 22:42:08,2018-03-20 14:38:43,2018-03-21,70.0,20.6,1,1,90.6,1,1,,,f5c2abaea3685b82e83fe7f039ca5b99,88020,florianopolis,SC,14.85173611111111,15.241516203703704,0,90.6
55b5a2fb966c36bed46f082ad6062914,e1aa4b904d0a6d58cf50e0c2fb0425dc,delivered,2018-03-05 18:12:14,2018-03-05 18:31:25,2018-03-07 23:18:54,2018-04-03 20:54:53,2018-03-21,4.99,11.85,1,1,16.84,1,1,1.0,1.0,a74e3f2f887f14862e34c61ed0e4c5d0,14820,americo brasiliense,SP,29.112951388888888,15.24150462962963,1,16.84
6c44f75ed9c6c59ab4d2e30076330768,684cbb6356e27fe0120dc00c7a04a210,delivered,2018-03-05 18:12:15,2018-03-05 18:31:22,2018-03-08 01:48:27,2018-03-09 19:35:41,2018-03-19,79.99,10.12,1,1,90.11,9,1,5.0,1.0,5e93dc06f6ee570c4bd75357a601f18a,13472,americana,SP,4.057939814814815,13.241493055555555,0,90.11
f916cacb752116d552d42759c8da0cca,8d4093a730c51098399f993544697e73,delivered,2018-03-05 18:12:15,2018-03-05 18:30:41,2018-03-08 00:58:00,2018-05-04 20:28:41,2018-03-28,29.99,16.79,1,1,46.78,1,1,3.0,1.0,e9dd12dca17352644a959d9dea133935,42800,camacari,BA,60.09474537037037,22.241493055555555,1,46.78
9f106eaab8eb09ea2d05a1c71f8be831,95e0a0f1f6d04910bb926a0b8550ff92,delivered,2018-03-05 18:12:19,2018-03-05 18:30:59,2018-03-07 00:09:36,2018-03-20 01:58:41,2018-03-22,23.7,15.23,1,1,38.93,1,1,5.0,1.0,f4a0717ef62b420c88035069a1e8c212,24230,niteroi,RJ,14.323865740740741,16.241446759259258,0,38.93
182249661a8adda147e800e137d02999,a0f09497e2119a5fa038fd6e03d78381,delivered,2018-03-05 18:12:28,2018-03-06 03:49:36,2018-03-07 17:52:00,2018-03-14 20:38:26,2018-03-22,19.5,15.23,1,1,34.73,1,1,5.0,1.0,f046f84a8c287e6a00eefdc1982ee360,74921,aparecida de goiania,GO,9.101365740740741,16.24134259259259,0,34.730000000000004
08d61eb463e165c095e7de595a773d90,ddb1b2c2aa460a5532a28067b1adc06d,delivered,2018-03-05 18:12:32,2018-03-05 19:20:30,2018-03-23 20:38:36,2018-04-03 20:26:26,2018-03-29,149.9,14.17,1,1,164.07,2,1,2.0,1.0,b45f59c5275e5e9b1711a12e068725ba,13416,piracicaba,SP,29.09298611111111,23.241296296296298,1,164.07
07df21cf38c17b4fef05f15d23e3cce7,a6569ad9b99c7bb667f0ec4224ad7ee7,delivered,2018-03-05 18:12:48,2018-03-05 18:31:18,2018-03-06 21:14:33,2018-03-07 23:47:35,2018-03-15,169.0,8.92,1,1,177.92,1,1,5.0,1.0,ca035a21e1cdb618a7d9c98005618881,4444,sao paulo,SP,2.232488425925926,9.241111111111111,0,177.92
02d8088eb13e63f678999f21c72b0047,c0c57d5e694be4512af66525fad54068,delivered,2018-03-05 18:12:50,2018-03-05 18:31:25,2018-03-07 23:18:49,2018-03-15 01:32:15,2018-03-27,39.9,14.08,1,1,53.98,1,1,5.0,1.0,d9937d0176b93951c382907aa50a86cd,4559,sao paulo,SP,9.305150462962963,21.24108796296296,0,53.98
d5902cac4c3d618b3565811476e06ea4,d722da5879a40dcc6a68bdeb5de48f99,delivered,2018-03-05 18:13:14,2018-03-05 18:31:22,2018-03-07 19:23:29,2018-03-13 19:11:56,2018-03-21,93.5,12.15,1,1,105.65,1,2,5.0,1.0,6f8ecf0559ad3d0af81a036a45f9915d,6233,osasco,SP,8.04076388888889,15.240810185185186,0,105.65
96cc19379b58b51d6cae968d286bba81,d85e9495a5564a5ff27d3de828e383cd,delivered,2018-03-05 18:13:30,2018-03-05 19:00:27,2018-03-09 19:28:30,2018-03-16 20:14:29,2018-03-29,160.0,27.36,2,1,187.36,1,1,4.0,1.0,b2bd387fdc3cf05931f0f897d607dc88,14027,ribeirao preto,SP,11.084016203703703,23.240625,0,187.36
379aabb5b4c4b1693fd094f3b328f991,ecf43435b6c5746cb38e49229ea85559,delivered,2018-03-05 18:14:41,2018-03-05 18:30:38,2018-03-07 20:19:17,2018-04-18 13:57:45,2018-03-27,370.0,45.0,1,1,415.0,4,1,1.0,1.0,b473afdb6e7c6895dad684e85768f63a,49500,itabaiana,SE,43.82157407407407,21.23980324074074,1,415.0
0097f0545a302aafa32782f1734ff71c,a60b063f8b715db294b889eae5acb4b6,delivered,2018-03-05 18:15:11,2018-03-05 18:30:41,2018-03-06 22:04:03,2018-03-21 18:16:52,2018-03-21,466.0,41.84,2,1,507.84,6,1,1.0,1.0,dd12487859031219d411baa6f6ac20f5,3908,sao paulo,SP,16.00116898148148,15.239456018518519,1,507.84000000000003
caef38892cf9eefb7fa25d54e803ba20,e7fdf001dc15351131c29af7d65ba701,delivered,2018-03-05 18:15:17,2018-03-05 18:30:48,2018-03-07 18:32:59,2018-03-29 16:12:29,2018-03-23,99.9,26.78,1,1,126.68,1,1,1.0,1.0,69f2934ad8b50cc05587a94cc7d68fc9,85601,francisco beltrao,PR,23.914722222222224,17.239386574074075,1,126.68
6dedf40fe422e8f0ae38641d2ed11f22,3df8e3229e923e35a2216ec28ced8def,delivered,2018-03-05 18:15:23,2018-03-05 18:30:59,2018-03-12 23:02:45,2018-04-20 14:34:48,2018-03-23,599.0,17.94,1,1,616.94,8,2,1.0,1.0,bcda0bcfa22066b5ff6a6b334e9e5cb3,24240,niteroi,RJ,45.84681712962963,17.23931712962963,1,616.94
e7b75dcb0795b77469ac7446ec900380,63e97b4408b3a2933269241b6d714a90,delivered,2018-03-05 18:16:02,2018-03-05 18:30:36,2018-03-09 19:03:50,2018-03-23 17:38:22,2018-03-23,39.9,22.85,1,1,62.75,4,1,4.0,1.0,a810f4446d5f854ce640f416ed22d932,64046,teresina,PI,17.973842592592593,17.238865740740742,1,62.75
c3a026aa647c5f58bfd25a10d326ec42,70dd390d4cce478ae3b76a877a1f8cd1,delivered,2018-03-05 18:17:01,2018-03-05 18:31:22,2018-03-12 18:16:38,2018-03-20 20:28:34,2018-03-27,76.25,12.66,1,1,88.91,5,2,5.0,1.0,a22dc07295cb047e6807c7a5db326219,3663,sao paulo,SP,15.091354166666667,21.23818287037037,0,88.91
ee88bb223301673ac86437df9974b25d,aeea97d6cf1ffcf9352160c54c003b38,delivered,2018-03-05 18:17:25,2018-03-05 18:31:25,2018-03-06 22:42:19,2018-04-09 16:56:50,2018-03-21,54.9,13.74,1,1,68.64,2,1,1.0,1.0,7f4b748b4fddd852eaa8cb2e1596d7cb,5379,sao paulo,SP,34.94403935185185,15.237905092592593,1,68.64
9f94d18d96cdee37300256e7284d7de9,f7781053e9747cf9af8e900812a21e53,delivered,2018-03-05 18:17:36,2018-03-07 02:48:56,2018-03-07 23:07:17,2018-03-19 23:52:24,2018-03-27,69.9,20.98,1,1,90.88,1,1,5.0,1.0,9a5bfa96e1365714c07caff44afa6daf,84016,ponta grossa,PR,14.2325,21.23777777777778,0,90.88000000000001
fd651b5d45523bedc2076c015e66b6ee,6433ce3c89daca2222c79192295f8ec4,delivered,2018-03-05 18:17:44,2018-03-07 02:48:56,2018-03-09 23:18:25,2018-03-26 20:47:33,2018-03-27,19.9,37.04,1,1,56.94,1,1,2.0,1.0,dfe23c62b20fc4def3a9664aaa31bb9f,77807,araguaina,TO,21.104039351851853,21.237685185185185,0,56.94
676997dac4c289c241276214efc7839e,25b649c6c09ea11139ef9c010e95082b,delivered,2018-03-05 18:20:44,2018-03-05 18:31:27,2018-03-07 17:26:47,2018-03-14 00:28:45,2018-04-19,308.9,51.989999999999995,2,1,360.89,10,1,5.0,1.0,43bbe1b52258f430e2b8f4a31f4cbf25,88101,sao jose,SC,8.255567129629629,44.235601851851854,0,360.89
c95614cc539582d4d37f7effd5aa7375,636ef8f8228cea2700e6fea673379421,delivered,2018-03-05 18:22:49,2018-03-07 03:20:36,2018-03-08 18:09:29,2018-03-29 13:07:50,2018-04-04,219.0,19.41,1,1,238.41,1,1,3.0,1.0,7be1172558c44530d93512b000bb9524,86760,munhoz de melo,PR,23.781261574074072,29.23415509259259,0,238.41
02cb37269f256232b81be588ef056c92,a25fb003bca8f89f1f293dff6a4bb460,delivered,2018-03-05 18:26:35,2018-03-05 18:35:34,2018-03-06 20:24:29,2018-04-07 11:38:49,2018-03-22,135.0,15.83,1,1,150.83,2,1,1.0,1.0,174d65e2296f8832d5b4b9f12dbd078e,8230,sao paulo,SP,32.716828703703705,16.23153935185185,1,150.83
eaecb482f1e5f5058d49cf2984fc774c,9832e2c595ca4b625d442384566f45fb,delivered,2018-03-05 18:32:23,2018-03-06 18:10:28,2018-03-07 22:08:11,2018-03-10 00:08:19,2018-04-06,1054.0,39.93,1,1,1093.93,10,1,5.0,1.0,792cd65e93c8777a8e8a871e348b3b2d,22470,rio de janeiro,RJ,4.233287037037037,31.227511574074075,0,1093.93
c96c22ca4f7729454ad5ccd827b3c40e,dcd8cf51c37cad018c9281d823889da8,delivered,2018-03-05 18:47:32,2018-03-05 19:28:16,2018-03-10 03:22:39,2018-03-15 19:21:51,2018-03-28,72.0,13.62,1,1,85.62,1,1,5.0,1.0,81196f05712a31e3b612dc0056adfc9b,13273,valinhos,SP,10.023831018518518,22.21699074074074,0,85.62
1baafdbda29613148a2517059b996b95,496b6a69dc3a20cc0ea64bea9e1328c9,delivered,2018-03-05 18:58:11,2018-03-07 02:15:56,2018-03-14 16:52:40,2018-03-28 19:42:28,2018-04-11,479.93999999999994,401.58000000000004,6,1,881.52,1,1,1.0,1.0,09ed9b91e77dcb56c1c1e7fdf7fc100c,28930,arraial do cabo,RJ,23.030752314814816,36.20959490740741,0,881.52
8394de68d323384a331279fd8a60462e,5522756dc22c40edde151bdcb02e64be,delivered,2018-03-05 19:09:25,2018-03-05 19:28:35,2018-03-07 17:56:46,2018-03-17 13:12:02,2018-03-15,35.0,14.13,1,1,49.13,4,1,1.0,1.0,2078ab49ca3a7a93558aeb49700a1a1e,8411,sao paulo,SP,11.751817129629629,9.201793981481481,1,49.13
7de9003e4d20b7332efe832b5ca8c15c,07d3587462cbe5dd7c951b59f783121e,delivered,2018-03-05 19:12:05,2018-03-06 12:56:01,2018-03-09 13:37:25,2018-04-02 23:41:40,2018-04-09,105.0,26.81,1,1,131.81,1,1,3.0,1.0,d970a2354b55cfb67fa5840b9b4936ed,85802,cascavel,PR,28.18721064814815,34.199942129629626,0,131.81
ec34ce0f06a9a35ebf0f0496d595bc84,d3cafb429363e1c6b3a3af369e31728a,delivered,2018-03-05 19:13:59,2018-03-05 19:28:32,2018-03-07 19:15:05,2018-04-09 18:47:34,2018-03-29,99.9,26.78,1,1,126.68,1,1,1.0,1.0,7f7126b230207b8c24086dfb5f408ec3,99062,passo fundo,RS,34.98165509259259,23.198622685185185,1,126.68
21b040554a153e4deafd3f3faf6e9b60,b14eceec27bb314c39a1acf0b6440433,delivered,2018-03-05 19:16:15,2018-03-05 19:28:32,2018-03-06 21:32:37,2018-04-05 17:56:29,2018-03-26,119.0,102.47,1,1,221.47,2,1,1.0,1.0,10810e1502919643ac84fcc65284fb43,65055,sao luis,MA,30.944606481481483,20.19704861111111,1,221.47
9fe292254834c701a4b05deafecba7b8,1c6f44e4eb63d6a08b1a44ab8aa0d932,delivered,2018-03-05 19:17:51,2018-03-07 02:10:24,2018-03-08 22:11:26,2018-03-22 14:36:58,2018-04-19,13.7,19.95,1,1,33.65,1,1,4.0,1.0,f2c6cf75c7a7e66f8c32d8a2aaa1885b,47806,barreiras,BA,16.80494212962963,44.1959375,0,33.65
a3cf24eff0b2bd4737149569c12c4ef0,92b0f411a55161c19c8001f8ec75dffb,delivered,2018-03-05 19:28:16,2018-03-05 19:35:28,2018-03-09 16:01:46,2018-04-03 22:26:43,2018-04-20,116.6,33.08,1,1,149.68,1,1,3.0,1.0,8f6b853d7bd8510f486b322143086678,20530,rio de janeiro,RJ,29.12392361111111,45.1887037037037,0,149.68
771b546bcdc6a4a0e6e4702ea7e0dd5a,729c8b439dc4d69353f36eb3c4099c14,delivered,2018-03-05 19:29:12,2018-03-05 19:48:38,2018-03-06 18:11:58,2018-03-24 18:58:53,2018-03-22,116.92,30.58,2,1,147.5,3,1,1.0,1.0,2f5676f35d4985a044bace2598eb7152,26086,nova iguacu,RJ,18.97894675925926,16.188055555555554,1,147.5
cfa740305abcdd1e81de66935e86df2d,b8865036ecec86d428dd84f85041adb2,delivered,2018-03-05 19:36:50,2018-03-05 20:40:36,2018-03-07 19:23:07,2018-03-20 21:08:36,2018-03-29,279.0,15.07,1,1,294.07,1,1,5.0,1.0,24e66432d3c2677b68a14617ec79a4ea,13820,jaguariuna,SP,15.063726851851852,23.18275462962963,0,294.07
fc2b5bbce8051cf99e0c56ec17d8d9bb,a38957c087426f51440188328532902e,delivered,2018-03-05 19:40:34,2018-03-05 19:50:28,2018-03-06 21:48:35,2018-03-15 17:25:03,2018-03-23,23.0,12.79,1,1,35.79,1,1,1.0,1.0,ab11b5d596ebdebaaf525b451d159297,13720,sao jose do rio pardo,SP,9.905891203703703,17.180162037037036,0,35.79
d6352e09945d985e2d2ef82baed4cec0,9bebf94c7ebe565cb03adb61f93a8212,delivered,2018-03-05 19:49:55,2018-03-05 20:09:13,2018-03-12 17:58:48,2018-04-04 01:48:52,2018-04-02,76.25,22.24,1,1,98.49,3,1,1.0,1.0,1a742f74e78035e7c08daa5e8f527460,38779,brasilandia de minas,MG,29.249270833333334,27.17366898148148,1,98.49
35b6b206735a826adef009d685f69b16,e73f4aab3c918bbce64b1090c5802120,delivered,2018-03-05 19:53:08,2018-03-05 20:40:23,2018-03-09 00:35:23,2018-03-09 17:16:24,2018-03-15,14.9,8.4,1,1,23.3,1,1,5.0,1.0,394ac4de8f3acb14253c177f0e15bc58,1239,sao paulo,SP,3.8911574074074076,9.171435185185185,0,23.3
ac7838d68577acf6e79c465b25ce9268,679d4ea2fbd7a090a67bde09ad348e8e,delivered,2018-03-05 19:58:57,2018-03-05 20:10:52,2018-03-07 20:33:04,2018-03-16 23:04:24,2018-03-27,76.8,38.64,2,1,115.44,5,1,,,9c0e3b85d08c322f8cd16873942b0dea,35182,timoteo,MG,11.128784722222223,21.167395833333334,0,115.44
0e2ea0c260680ee673cef326f5fdd088,39c2caab4766cb59747988222842b0b3,delivered,2018-03-05 19:59:11,2018-03-05 20:15:32,2018-03-06 20:18:46,2018-03-21 00:45:02,2018-03-26,134.0,23.52,1,1,157.52,10,1,5.0,1.0,5f71a528cd499352104e0b705a8889e3,75130,anapolis,GO,15.198506944444444,20.167233796296298,0,157.52
5f0b8b7a4106112072d89904b2d237e1,f65cc2c11569e99a7e7b9abe01831594,delivered,2018-03-05 20:01:17,2018-03-07 02:49:04,2018-03-08 19:56:22,2018-04-04 19:34:30,2018-03-23,220.0,35.08,1,1,255.08,1,1,1.0,1.0,e16cf9d9a6e91c62d8d1d8116c7c000d,35900,itabira,MG,29.981400462962963,17.165775462962962,1,255.07999999999998
d908de4c1a0a5ef56f75e404abb7ee10,40344fc90bd43d22bf7cb4ef3be9e4ef,delivered,2018-03-05 20:04:42,2018-03-05 20:15:32,2018-03-08 14:06:31,2018-03-28 18:14:53,2018-03-21,135.0,17.86,1,1,152.86,5,1,1.0,1.0,61787ecc9f5a3626e861f343fdcbaf9b,6765,taboao da serra,SP,22.923738425925926,15.163402777777778,1,152.86
b9783c502a1ffa923bc2185103701687,e129635880e7b8bd47eaab1535f8dbfb,delivered,2018-03-05 20:05:41,2018-03-05 20:28:28,2018-03-07 19:58:39,2018-03-09 21:38:38,2018-03-15,29.9,8.76,1,1,38.66,3,1,5.0,1.0,274dacbebbeee8eb9ec2747a79017899,7190,guarulhos,SP,4.064548611111111,9.162719907407407,0,38.66
7ceb3c8bbf48eaa776064d56012afbc1,d1716127507963cc4ee83fea7669bb82,delivered,2018-03-05 20:13:00,2018-03-05 20:28:52,2018-03-08 00:06:55,2018-03-13 00:24:29,2018-03-21,49.0,12.79,1,1,61.79,2,1,5.0,2.0,5b40b6d003822b8ff229a910784fe4e5,17210,jau,SP,7.174641203703704,15.157638888888888,0,61.79
8c389c12aa23b689926d20a01729206d,c8fd59bd341fb70b98b85a0a01e4def0,delivered,2018-03-05 20:13:00,2018-03-05 20:28:46,2018-03-07 23:29:02,2018-03-12 22:37:25,2018-03-26,79.0,14.64,1,1,93.64,2,1,5.0,1.0,5b40b6d003822b8ff229a910784fe4e5,17210,jau,SP,7.100289351851852,20.15763888888889,0,93.64
7954e34924fab98d2e26924451086ad6,0125fdf9e257f064725f85d1d63085b4,delivered,2018-03-05 20:18:05,2018-03-05 20:30:47,2018-03-10 02:18:23,2018-03-26 15:16:43,2018-03-23,29.99,18.23,1,1,48.22,1,1,1.0,1.0,b8af560ea969399b77e9b0e6644558fe,86050,londrina,PR,20.790717592592593,17.154108796296295,1,48.22
d61e965b73507ff3aae57337ec2f20ca,420487362832ffe2ae7a8d7757fc104d,delivered,2018-03-05 20:21:02,2018-03-05 20:30:47,2018-03-07 19:18:51,2018-03-28 21:32:56,2018-03-26,69.9,21.57,1,1,91.47,5,1,4.0,1.0,6a2ae83cded378a462e86a2e4885e750,88034,florianopolis,SC,23.049930555555555,20.152060185185185,1,91.47
c3432f724305c363034ae8ee0ca2ad4e,7183a6c2d4ebefc9fe96586b37e23888,delivered,2018-03-05 20:21:03,2018-03-05 20:30:54,2018-03-14 17:36:40,2018-04-09 21:58:33,2018-04-10,129.94,70.96,1,1,200.9,5,1,3.0,1.0,6a2ae83cded378a462e86a2e4885e750,88034,florianopolis,SC,35.067708333333336,35.15204861111111,0,200.89999999999998
d436f5387d49c35277311bac09fd7d03,10de1d2f812b134f7659b081e1f72c52,delivered,2018-03-05 20:21:33,2018-03-07 02:15:36,2018-03-07 18:11:59,2018-03-09 03:28:21,2018-03-15,149.9,14.0,1,1,163.9,1,1,4.0,1.0,14f0772a08bd37d2037b42a9ff4bdba3,13343,indaiatuba,SP,3.296388888888889,9.151701388888888,0,163.9
c05b4afd0213a3d8f5c4c503b36dfb87,e872a76b23640a1e44ac6501b7eb0381,delivered,2018-03-05 20:21:47,2018-03-05 21:20:29,2018-03-07 20:43:30,2018-03-23 13:05:43,2018-04-03,39.9,18.23,1,1,58.13,1,1,5.0,1.0,73dcf6f664c30530dd274cc2ccb8dfd1,13253,itatiba,SP,17.697175925925926,28.151539351851852,0,58.129999999999995
d48a999f0dd3cb2fdaf985d4f116e1ec,ea7784656202befff58dfcf1171447b1,delivered,2018-03-05 20:32:50,2018-03-05 20:49:04,2018-03-08 22:43:32,2018-04-23 21:41:40,2018-04-05,58.9,50.91,1,1,109.81,5,1,1.0,1.0,8f39a09c74c92ec505762e1e652a9a1f,68010,santarem,PA,49.04780092592593,30.14386574074074,1,109.81
d1bf35d75370a60c682bef1964a52443,e15cae173b9e5f2349ca93c8c2b10c3a,delivered,2018-03-05 20:33:31,2018-03-05 21:08:49,2018-03-27 21:12:38,2018-04-04 19:03:30,2018-04-02,109.9,18.35,1,1,128.25,2,1,1.0,1.0,a26e95ca6239e2ef7f12a51b68ce5f70,33930,ribeirao das neves,MG,29.937488425925928,27.143391203703704,1,128.25
b422d4bf31b728380653b1ce72e011b3,a212a6ed52c9cc7ec1c4aad6bc66f546,delivered,2018-03-05 20:34:23,2018-03-07 02:49:01,2018-03-15 19:06:31,2018-03-22 20:27:41,2018-04-02,116.6,19.99,1,1,136.59,1,1,1.0,1.0,f22cfa37e9ae6eee7788930c7b257df9,13050,campinas,SP,16.99534722222222,27.142789351851853,0,136.59
152b1f7f86e7b21dcfec1a2e094a7070,470833ddce599dfe8c3ba00afdf5c81c,delivered,2018-03-05 20:35:02,2018-03-05 20:49:07,2018-03-07 22:18:49,2018-04-02 17:48:34,2018-04-06,43.9,19.32,1,1,63.22,1,1,3.0,1.0,71c95e0a8530420efe5fa41c9a05b568,22290,rio de janeiro,RJ,27.884398148148147,31.142337962962962,0,63.22
8a4611e08772a0a101cbeee84f121200,f62992f4db18d0fb581bfb925e104fdc,delivered,2018-03-05 20:40:38,2018-03-05 20:50:30,2018-03-13 19:29:33,2018-04-02 22:08:55,2018-04-06,153.8,44.5,2,1,198.3,10,1,4.0,1.0,831225a0814354a7f1a49fe42e02e44e,28893,rio das ostras,RJ,28.06130787037037,31.138449074074074,0,198.3
e247c295703844ab1b844311e25046a5,86212139fb99b709e78667fb42c939fd,delivered,2018-03-05 20:42:54,2018-03-05 20:56:10,2018-03-07 17:55:06,2018-04-17 16:58:30,2018-03-29,69.9,57.04,1,1,126.94,6,1,1.0,1.0,f27d584311a18ce82b2ead2bd8a63366,56000,salgueiro,PE,42.844166666666666,23.136875,1,126.94
1b54abf9a3a5c9a800878f91a25a6299,ff5357994d94da35b69ee05d44805916,delivered,2018-03-05 20:50:18,2018-03-06 03:51:25,2018-03-07 21:08:45,2018-03-16 15:08:52,2018-03-21,82.95,13.02,1,1,95.97,1,1,3.0,1.0,6d1c40bf80d9f5957e11d9877df90e50,12061,taubate,SP,10.762893518518519,15.131736111111111,0,95.97
deb5a6674aeb101ea49db315cead70d8,0116b6f7b023ad7b078ead9dc8f68897,delivered,2018-03-05 21:01:24,2018-03-05 21:15:26,2018-03-07 22:06:57,2018-03-12 21:32:14,2018-03-21,129.0,25.55,1,1,154.55,2,1,5.0,1.0,c0bd980ed45dcbc2aa102ce56a1bddf0,35054,governador valadares,MG,7.021412037037037,15.124027777777778,0,154.55
e1c8db2b171d2ae308661565de58f1ca,a36a9e92d1a188e899ac2c70f7b60b54,delivered,2018-03-05 21:05:36,2018-03-05 21:28:52,2018-03-09 23:25:27,2018-03-20 23:42:29,2018-04-09,89.0,18.5,1,1,107.5,2,1,5.0,1.0,720ace72da4dcef85f711cb34f7826c8,97560,quarai,RS,15.10894675925926,34.12111111111111,0,107.5
5f4de9e1f0e55dc0fd443e5f4b2b362a,437412031d5669a073d875b0aa5f4152,delivered,2018-03-05 21:09:09,2018-03-08 10:08:59,2018-03-08 21:55:25,2018-03-23 02:58:38,2018-03-26,53.99,15.26,1,1,69.25,1,1,1.0,1.0,cfaec087ed620ecebc6e6f82fe276fe2,74477,goiania,GO,17.24269675925926,20.118645833333332,0,69.25
087cd9d85fb88c6b0a229b508311377e,bad1653658d184e1c4dabad107ab9cad,delivered,2018-03-05 21:10:00,2018-03-06 21:15:31,2018-03-09 17:51:58,2018-04-18 15:02:59,2018-04-03,378.9,39.34,1,1,418.24,6,1,5.0,1.0,10cd81466a4f2cbe0f59514b1a8d9221,55270,venturosa,PE,43.745127314814816,28.118055555555557,1,418.24
a2c93edc2fa319d3e6aa9e18dc4b3b19,ecd3026f2f4b19561b6c62b22fb0ef1f,delivered,2018-03-05 21:11:57,2018-03-06 03:55:57,2018-03-07 23:04:28,2018-04-04 15:55:50,2018-03-27,85.0,15.47,1,1,100.47,1,1,4.0,1.0,0f64aefb32ed287234718a05705872b3,24858,itaborai,RJ,29.780474537037037,21.116701388888888,1,100.47
c05a45e107ce04b5439d590f79acf195,d9827127aa081ca5fbef7e37408d1be4,delivered,2018-03-05 21:13:28,2018-03-05 21:28:58,2018-03-07 02:42:04,2018-03-29 17:58:34,2018-03-28,108.99,18.34,1,1,127.33,2,1,5.0,1.0,7b813fa990d19e7e04b3299be1d78800,95780,montenegro,RS,23.864652777777778,22.115648148148146,1,127.33
991219777efaa02d272fbd6d04632835,d2f46f32ddcde42c9e0f81ea3a23a9f3,delivered,2018-03-05 21:14:43,2018-03-05 21:28:59,2018-03-07 20:13:50,2018-03-13 19:28:33,2018-03-22,88.9,15.5,1,1,104.4,4,1,5.0,1.0,7bbdfd62d43359529987ccbb3c7e272f,13170,sumare,SP,7.926273148148148,16.114780092592593,0,104.4
8be6c4274ca6e725ec732002b95ccab5,2a488b993ba9794cb757436f398489d8,delivered,2018-03-05 21:23:10,2018-03-05 21:30:36,2018-03-06 20:13:33,2018-03-09 23:58:53,2018-03-29,130.0,9.32,1,1,139.32,1,1,1.0,1.0,07597096095d50d3235d4145c7f98cc4,5207,sao paulo,SP,4.1081365740740745,23.108912037037037,0,139.32
fc72efeda6e41513a1c7956b6a0ccfc3,a5f29d37853cfd28ef2075755ed0cc9e,delivered,2018-03-05 21:23:50,2018-03-05 22:21:02,2018-03-06 21:43:10,2018-03-26 16:28:58,2018-03-21,254.99,19.66,1,1,274.65,1,1,,,f101e68be4f75243e13526bbe704a07c,11065,santos,SP,20.79523148148148,15.108449074074073,1,274.65000000000003
a16e5d09309dd6b3e40a0c71da4861ae,a5c1b36e482bfd8a6653d0c63ed4a514,delivered,2018-03-05 21:26:27,2018-03-05 21:48:36,2018-03-06 18:37:50,2018-04-18 12:42:43,2018-04-05,229.99,22.69,1,1,252.68,5,1,1.0,1.0,e068acf8f9183375b8dbcba1c7ccc143,21616,rio de janeiro,RJ,43.636296296296294,30.106631944444445,1,252.68
ba45e84c712135fbb4ebfc999ff5fa42,63fb7a6bde3a209ef4d4f91a4be96798,delivered,2018-03-05 21:27:34,2018-03-05 21:48:39,2018-03-10 02:14:29,2018-04-04 17:48:44,2018-03-26,44.99,17.06,1,1,62.05,1,1,3.0,1.0,7558acce60a14d951ae5e12d0a6a7e02,42802,camacari,BA,29.84803240740741,20.10585648148148,1,62.05
446fdc806b0c1bade7477c8adb83b9e7,f1afd1b05c94e42923ad3cfa6d34c344,delivered,2018-03-05 21:42:32,2018-03-05 21:55:24,2018-03-06 18:16:56,2018-03-08 21:48:26,2018-03-15,89.9,12.77,1,1,102.67,10,1,5.0,1.0,41d57ab847e5ccbe403f46b07ee577d6,6716,cotia,SP,3.004097222222222,9.095462962962962,0,102.67
a2a0c616802ddf184bbf68107f4a9827,e48eeae6ebf2b3fc656815c6cfbcc6fa,delivered,2018-03-05 21:45:05,2018-03-06 03:49:11,2018-03-06 19:08:14,2018-03-13 12:59:57,2018-03-29,99.9,18.58,1,1,118.48,1,1,3.0,1.0,995facb032e4446a511762f5f842eb11,35650,pitangui,MG,7.635324074074074,23.09369212962963,0,118.48
1dc0b2e5397cff8b103ba38a2a147869,eef33d691ec940e4c72ff018c1ecfe99,delivered,2018-03-05 21:47:33,2018-03-05 22:08:46,2018-03-07 17:46:58,2018-03-20 19:46:35,2018-03-21,119.9,14.93,1,1,134.83,3,1,5.0,1.0,07abcea6f64399366559afee336a7fd2,19350,emilianopolis,SP,14.91599537037037,15.091979166666667,0,134.83
0ef8970186aa8eab14d04be4eda9407a,abef5bab88d8303f981860d036d2ebcc,delivered,2018-03-05 21:47:34,2018-03-05 22:08:47,2018-03-07 13:41:25,2018-03-19 15:18:58,2018-03-26,49.95,13.71,1,1,63.66,3,1,5.0,1.0,07abcea6f64399366559afee336a7fd2,19350,emilianopolis,SP,13.730138888888888,20.091967592592592,0,63.660000000000004
