order_id,customer_id,order_status,order_purchase_timestamp,order_approved_at,order_delivered_carrier_date,order_delivered_customer_date,order_estimated_delivery_date,gross_merchandise_value,freight_value,item_count,seller_count,payment_value,payment_installments,payment_types,review_score,review_count,customer_unique_id,customer_zip_code_prefix,customer_city,customer_state,actual_delivery_days,promised_delivery_days,is_late,net_revenue
7d0a7957897551b77224fc297e8f6046,b8936eebb611c6af9b609ed39594c33a,delivered,2017-03-01 00:01:30,2017-03-01 00:50:26,2017-03-01 13:10:42,2017-04-17 09:25:16,2017-04-03,29.9,22.28,1,1,52.18,1,1,1.0,1.0,426f0839fbb0679c6f1ef8f80cc30c66,78048,cuiaba,MT,47.39150462962963,32.998958333333334,1,52.18
31a606477f15f8ff5f8417bb46f83a5e,94889e991b908bed85be6550b6f60e11,delivered,2017-03-01 00:12:13,2017-03-02 03:42:00,2017-03-03 09:13:48,2017-03-07 10:51:01,2017-03-20,39.0,10.96,1,1,49.96,1,1,4.0,1.0,d5536cc12141c60bcf4e85b3aaef9cf6,7190,guarulhos,SP,6.443611111111111,18.991516203703704,0,49.96
b80d00e60a179d02f242e3f420023c78,283081efda8421b64dceba3e98ed43ab,delivered,2017-03-01 00:44:11,2017-03-02 03:50:28,2017-03-08 15:43:14,2017-03-18 10:24:45,2017-03-28,99.9,18.13,1,1,118.03,1,1,5.0,1.0,82de75a058df73a76fe7f2c2021f79fe,45650,ilheus,BA,17.403171296296296,26.96931712962963,0,118.03
7aa50aad959e4345b45b9732bc346a6e,f0426deff141dffab4da4832186f4a36,delivered,2017-03-01 02:16:01,2017-03-02 04:03:43,2017-03-03 14:01:24,2017-03-06 15:34:28,2017-03-28,27.0,16.05,1,1,43.05,1,1,5.0,1.0,12072fd221c97ff598515f5a8b94d08e,4278,sao paulo,SP,5.554479166666667,26.905543981481483,0,43.05
5317d6f0c0b5822201596d8f4aabdc6e,061ef7eda5cb54d9ccde7f54ea98f7fc,delivered,2017-03-01 06:24:20,2017-03-03 06:45:15,2017-03-03 12:18:00,2017-03-14 15:52:24,2017-03-24,158.9,29.28,1,1,188.18,1,1,4.0,1.0,336a58bfc72c8a05d6f17fe74a7ecda4,30830,belo horizonte,MG,13.394490740740741,22.733101851851853,0,188.18
450c49623c365a4edcf0c5a2c93aa7c9,5a1739996fb7a15067fa38c3a0a1097e,delivered,2017-03-01 08:08:10,2017-03-02 15:32:28,2017-03-03 13:42:55,2017-03-08 10:26:04,2017-03-29,35.0,14.52,1,1,49.52,1,1,3.0,2.0,e23daf58ce481f3d38066e654ef610cb,36800,carangola,MG,7.0957638888888885,27.66099537037037,0,49.519999999999996
04d93c61c57f9d6d4886adce5a64a9b0,606b9b7f9b4d451c3824adc8386d0557,delivered,2017-03-01 08:28:57,2017-03-01 16:35:18,2017-03-02 13:01:40,2017-03-07 07:53:41,2017-03-20,128.8,18.259999999999998,2,1,147.06,1,1,4.0,1.0,06b609212808563b18a3f818b86dd01d,5858,sao paulo,SP,5.975509259259259,18.6465625,0,147.06
b9b6258fd7df83978bd49c201c288953,44396769f53f5560ba348bce5147c79a,delivered,2017-03-01 08:32:00,2017-03-03 02:30:32,2017-03-03 13:41:57,2017-03-15 16:27:56,2017-03-24,49.9,17.09,1,1,66.99,1,1,4.0,1.0,00a218ea82c458456098caa1c4a7e796,36640,mar de espanha,MG,14.330509259259259,22.644444444444446,0,66.99
e9e2effacedebc11741ec26027686fe9,eeb35afbdf6ec4f7409b604d5ef4dfd4,delivered,2017-03-01 08:47:36,2017-03-01 09:02:21,2017-03-02 08:28:50,2017-03-14 11:17:28,2017-03-20,29.99,10.96,1,1,40.95,4,1,3.0,1.0,1192a91a937b41d58f344c8f1a656ba5,18380,ribeira,SP,13.104074074074074,18.63361111111111,0,40.95
af32211fd3ca6faa65dcf8f3bd3f53bb,258d6e98cdbae7ca4da08233d45cd8b6,delivered,2017-03-01 09:02:58,2017-03-03 02:35:33,2017-03-03 10:47:13,2017-03-07 13:38:05,2017-03-30,20.0,10.96,1,1,30.96,1,1,5.0,1.0,0994ff158bd7077768218cb0cc7aa315,13880,vargem grande do sul,SP,6.19105324074074,28.622939814814814,0,30.96
bf5a44a0843a026ecf32a63d882550f5,9c296bfe22d67feac315424199ca7b3d,delivered,2017-03-01 09:13:57,2017-03-01 09:25:10,2017-03-03 14:18:38,2017-03-08 10:26:02,2017-03-27,157.0,21.18,1,1,178.18,2,1,4.0,1.0,736f7df93859546941f8c66c4443162a,37190,tres pontas,MG,7.05005787037037,25.6153125,0,178.18
26de0ad903879b7f28b74d5f60426198,b51839b045d441da8da60ea3eee3a3e1,delivered,2017-03-01 09:25:31,2017-03-01 09:35:20,2017-03-03 08:23:57,2017-03-12 08:16:02,2017-03-30,29.0,20.8,1,1,49.8,1,1,5.0,1.0,17f976b8ef22a1bdd5a00baf0e91500e,41310,salvador,BA,10.951747685185186,28.607280092592593,0,49.8
21b97cd3f3ef1ede9e0f4e56103a476c,be2d7e9ecae8f1917dca505e18bd27df,delivered,2017-03-01 09:26:18,2017-03-02 04:03:05,2017-03-02 11:35:07,2017-03-11 08:35:51,2017-03-20,98.99,15.8,1,1,114.79,1,1,5.0,1.0,1710b2b0f76dd6326b680487e4d4841c,13214,jundiai,SP,9.964965277777777,18.60673611111111,0,114.78999999999999
e582dcf977363d169153a6bd4a7957cf,00eeecca2b37c96ce302d0428ee46ccf,delivered,2017-03-01 09:49:51,2017-03-01 10:02:23,2017-03-01 11:16:02,2017-03-03 12:14:12,2017-03-22,104.9,11.34,1,1,116.24,1,1,5.0,1.0,71f24e11231b2fe3eb018fbfdaf381df,4534,sao paulo,SP,2.1002430555555556,20.590381944444445,0,116.24000000000001
cb459c6af32347f6dd511553117bd080,7b0b3ff8c45390829d0e80dcc2a0079b,delivered,2017-03-01 09:56:20,2017-03-01 10:05:20,2017-03-01 10:17:03,2017-03-08 14:54:01,2017-03-24,78.75,17.39,1,1,96.14,7,1,5.0,1.0,bf6656ef50e6fd00e7517b01d615b4f3,29104,vila velha,ES,7.206724537037037,22.58587962962963,0,96.14
8cca0783e72515e0e98435af620e38cb,99d720f5d4a0b956177a91e4651f1c7a,delivered,2017-03-01 10:03:51,2017-03-01 10:15:21,2017-03-03 14:34:44,2017-03-09 10:52:02,2017-03-20,169.0,18.47,1,1,187.47,3,1,5.0,1.0,20cf6cb9152c080cf98970a3019e19d0,7866,franco da rocha,SP,8.033460648148148,18.580659722222222,0,187.47
96e46ea85cec2195f5ba671b9b319c81,7eaaeccd5ca09382ddbd7364793f5d55,delivered,2017-03-01 10:08:34,2017-03-01 10:15:23,2017-03-01 15:08:00,2017-03-06 09:17:59,2017-03-22,110.0,14.53,1,1,124.53,1,1,4.0,1.0,bd0f8d6b6bc185debdf79f91ba30fdc6,5020,sao paulo,SP,4.964872685185185,20.577384259259258,0,124.53
24abd231b3f48073eb9bc660b3eea5fd,b435433040b710baaafb84a8fe432fa5,delivered,2017-03-01 10:28:55,2017-03-01 10:42:55,2017-03-01 11:35:39,2017-03-07 14:29:24,2017-03-22,22.5,15.56,1,1,38.06,2,1,5.0,1.0,9b657714f1df8f8f86cdcdab9925b349,35680,itauna,MG,6.167002314814815,20.563252314814815,0,38.06
0c91c4102d1858f4ced29970f55e54a0,ae8ed9c83d32613ae9f7e6c72443cdbb,delivered,2017-03-01 10:46:15,2017-03-01 11:01:46,2017-03-03 13:51:39,2017-03-07 07:57:54,2017-03-28,45.9,10.96,1,1,56.86,2,1,3.0,1.0,0f04a72a4b5d5889a83916f2342c9123,9415,ribeirao pires,SP,5.883090277777778,26.55121527777778,0,56.86
613642e8ff12626da63befddef26efa4,e45f291e6c2b5aeff4858a3bd9a59fe7,delivered,2017-03-01 10:50:52,2017-03-03 02:15:47,2017-03-03 12:30:26,2017-03-08 16:35:16,2017-03-20,29.99,8.72,1,1,38.71,1,1,4.0,1.0,4462b054b8d56ce4cc289435843d38cc,4671,sao paulo,SP,7.239166666666667,18.54800925925926,0,38.71
a52aee7a6ea186be5b8217b9f7f93536,1c1df7dcccdd2656e83e5860953929ec,delivered,2017-03-01 10:56:53,2017-03-01 11:05:25,2017-03-01 12:13:06,2017-03-16 08:14:23,2017-03-28,9.0,18.59,1,1,27.59,2,1,5.0,1.0,1f968948ffbb74354eac12058c6fa4c2,70762,brasilia,DF,14.887152777777779,26.543831018518517,0,27.59
4d86c229336b1039a22133f90763cea2,ae69427d92173aa9cc0b0a8b720685fa,delivered,2017-03-01 10:57:05,2017-03-02 03:50:37,2017-03-03 14:00:09,2017-03-10 16:54:45,2017-03-20,59.9,27.61,1,1,87.51,1,1,5.0,1.0,be0b65649fd2f8f9111e41a56a8c7d71,1416,sao paulo,SP,9.24837962962963,18.54369212962963,0,87.50999999999999
b2556987198a8d2bf699d306c19a9962,93ae0ce7610324c8f758f054178cddfc,delivered,2017-03-01 11:03:28,2017-03-02 09:50:16,2017-03-03 11:43:53,2017-03-13 11:08:42,2017-03-22,50.0,14.52,1,1,64.52,1,1,5.0,1.0,03ae6082ed4070c3088f3e8123f94edc,35420,mariana,MG,12.00363425925926,20.53925925925926,0,64.52
8429c84330a72186ef73cee90cd9a9c1,1161db8e37138cee6325f9614e837474,delivered,2017-03-01 11:11:44,2017-03-01 11:25:10,2017-03-01 11:42:21,2017-03-05 08:32:09,2017-03-20,109.9,12.16,1,1,122.06,1,1,3.0,1.0,16e4a862bd9d85aedfecc7fc2bb06f0e,13473,americana,SP,3.889178240740741,18.53351851851852,0,122.06
278373e52db807377698eb36337a8246,98f4cdeb38b296a61d71d630dff7d01e,delivered,2017-03-01 11:17:55,2017-03-03 02:05:32,2017-03-03 13:51:26,2017-03-21 11:17:52,2017-04-05,72.9,19.21,1,1,92.11,1,1,3.0,1.0,1611eb9a6692827e9f3f799c429717b0,75600,goiatuba,GO,19.99996527777778,34.52922453703704,0,92.11000000000001
bdc979bc2bbd601781c4d37fc8a8eeb6,dbc1a1b144802a54bc5b1addffcb8067,delivered,2017-03-01 11:21:58,2017-03-01 11:35:12,2017-03-02 11:35:10,2017-03-06 13:24:48,2017-03-21,145.99,17.17,1,1,163.16,4,1,5.0,1.0,269238842d68fc9e05ce2261942cfc28,6728,cotia,SP,5.085300925925926,19.526412037037037,0,163.16000000000003
3e87ada006372f78ebf4bfee1cb020a5,60c3b5a878db7aac85cb26abee3dc7be,delivered,2017-03-01 11:24:17,2017-03-01 11:35:15,2017-03-02 06:57:28,2017-03-16 10:15:59,2017-03-31,64.99,17.88,1,1,82.87,7,1,3.0,1.0,1cdad576cbb42a05d19a13f85918b85f,75709,catalao,GO,14.952569444444444,29.52480324074074,0,82.86999999999999
8c22d7e0d7c5b5642258a6da3a5458c5,a351443c0558c6661ad5bf0ced4e848d,delivered,2017-03-01 11:31:23,2017-03-01 11:42:26,2017-03-06 17:11:39,2017-03-09 13:05:57,2017-03-22,32.0,14.11,1,1,46.11,1,1,4.0,1.0,5b0be88ba5c3b82ce49eee8705c2b188,2245,sao paulo,SP,8.065671296296296,20.519872685185184,0,46.11
c40c8f44fadbd73ec33576de59af7037,fb9c9c6bcebbbe6024d75155b10ead23,delivered,2017-03-01 11:36:45,2017-03-02 03:45:21,2017-03-03 09:24:32,2017-03-24 13:35:55,2017-03-22,94.9,15.87,1,1,110.77,1,1,1.0,1.0,8b7db08e111fdae5f59402dbba003d34,88085,florianopolis,SC,23.08275462962963,20.516145833333333,1,110.77000000000001
c7b0be5584c50efa8a9d95d3eecbece3,d7c6f5abd3a5d2d8104fcfcd7d532537,delivered,2017-03-01 11:44:37,2017-03-03 02:35:40,2017-03-15 15:59:26,2017-03-20 06:15:33,2017-03-29,1800.0,26.07,1,1,1826.07,1,1,5.0,1.0,0326524848da9311350236471586bd61,17014,bauru,SP,18.77148148148148,27.51068287037037,0,1826.07
f53eae1ce47dc68e8da117dd0d7feef1,a4fe94a051d268fbbe8e4ca932ebc460,delivered,2017-03-01 11:51:01,2017-03-03 02:10:22,2017-03-06 09:17:53,2017-03-15 09:42:37,2017-03-22,69.9,15.7,1,1,85.6,1,1,4.0,1.0,b4b88e47a9a425f0652ec4d2b6502fee,9980,diadema,SP,13.910833333333333,20.506238425925925,0,85.60000000000001
7246a71d326111872bfdfd34f495dc4f,dd0363c540365a85947c570c8780864d,delivered,2017-03-01 11:52:50,2017-03-01 12:10:25,2017-03-03 07:32:23,2017-03-13 17:03:41,2017-03-24,99.99,17.54,1,1,117.53,5,1,5.0,1.0,012510db7f0db8481f8a3708400c8db9,98200,ibiruba,RS,12.215868055555555,22.50497685185185,0,117.53
f6ed483455295c6e7544f141244cd981,2e4f4acf17b7ecd810c26c7fa2ea34c9,delivered,2017-03-01 12:25:22,2017-03-01 12:35:47,2017-03-02 10:26:32,2017-03-06 11:42:09,2017-03-22,129.0,22.51,1,1,151.51,2,1,5.0,1.0,4dd2c55d661c0e60da820acc5429fa99,1452,sao paulo,SP,4.9699884259259255,20.48238425925926,0,151.51
c881f8c42d20430b008bf5ea6abe4405,64c8b77d23ed628b5ba151fbd000eed9,delivered,2017-03-01 12:40:04,2017-03-01 12:55:23,2017-03-01 17:43:58,2017-03-06 09:55:57,2017-03-22,349.0,16.2,1,1,365.2,1,1,5.0,1.0,3b37e59afc56b56443ee62dca627a0b7,20260,rio de janeiro,RJ,4.886030092592593,20.472175925925924,0,365.2
09ba762d7b29d3771a788d7d039159fa,124b8498222b87507f630671dcf95385,delivered,2017-03-01 12:54:25,2017-03-01 13:05:14,2017-03-08 15:43:17,2017-03-17 15:25:18,2017-03-24,289.9,17.73,1,1,307.63,1,1,5.0,1.0,318b8659483e12e9cbe1e6550d97f9d9,89052,blumenau,SC,16.10478009259259,22.462210648148147,0,307.63
2717f4c53530f00ede208ee51da3c3ee,1a73ff2c67c54afa2e31d620071f1156,delivered,2017-03-01 13:21:14,2017-03-01 13:30:20,2017-03-03 11:41:57,2017-03-07 05:17:30,2017-03-20,25.99,8.72,1,1,34.71,1,1,4.0,1.0,30126f998d4b00729e418b3e8cc5ffff,4707,sao paulo,SP,5.664074074074074,18.44358796296296,0,34.71
ef8e8348ba291917542268f900fac505,89baab6924c357bb87101f06523bf1a1,delivered,2017-03-01 13:25:04,2017-03-01 13:35:13,2017-03-01 16:12:05,2017-03-07 10:37:44,2017-03-21,89.9,11.24,1,1,101.13999999999999,1,2,5.0,1.0,91fcf0b76faf0a675625fd6fd6f72361,9780,sao bernardo do campo,SP,5.883796296296296,19.440925925925924,0,101.14
8e36e939fc7a7d7c54d2dfec4e37190c,6b4f1c5c5062bd50fac7197ae3a2a0dd,delivered,2017-03-01 13:36:02,2017-03-02 03:55:23,2017-03-03 11:54:02,2017-03-13 12:09:12,2017-03-24,219.99,27.03,1,1,247.02,1,1,4.0,1.0,d99b24057162a3c262227bdb34493f93,93800,sapiranga,RS,11.939699074074074,22.433310185185185,0,247.02
518d8ea442ea12acede1c064a54cae32,9242bfaac795e3df1a0ed8105dd3fd86,delivered,2017-03-01 14:04:00,2017-03-01 14:15:17,2017-03-10 08:58:39,2017-03-27 09:12:50,2017-03-30,199.8,26.56,2,1,226.36,5,1,3.0,1.0,95f6791a1ec23d95cd3a3103aa63b2f0,2992,sao paulo,SP,25.797800925925927,28.413888888888888,0,226.36
44a69f8dbbaad732136d9575edb10295,43af39a59de7efb1a6eaea5cfa1b099e,delivered,2017-03-01 14:10:25,2017-03-01 14:25:09,2017-03-03 14:24:04,2017-03-10 06:09:04,2017-03-20,213.9,14.08,1,1,227.98,5,1,4.0,1.0,83ffe73bfd89dfa206b40ff22b620ef6,35970,barao de cocais,MG,8.665729166666667,18.40943287037037,0,227.98000000000002
9fa20203d1957233d3ed303707a1b597,2e2f126cf82a864a13a0893bc6f0595e,delivered,2017-03-01 14:31:03,2017-03-02 04:03:39,2017-03-02 09:24:40,2017-03-10 10:16:02,2017-04-05,119.0,20.91,1,1,139.91,1,1,5.0,1.0,142c6e341e91f0761d8a7e924f80e9cc,18143,sao roque,SP,8.822905092592592,34.39510416666667,0,139.91
9d1b185de3dfcc3ef01836acfbd1f7bf,59bf8a048cb15c62f37b7f28d1a251b4,delivered,2017-03-01 14:36:58,2017-03-01 15:02:03,2017-03-03 08:39:15,2017-03-27 17:07:53,2017-04-07,221.70000000000002,76.85,3,1,298.55,10,1,5.0,1.0,210fc539d8ffc9dc2c366249e9e5193e,58037,joao pessoa,PB,26.10480324074074,36.39099537037037,0,298.55
ce3756a051e619f9a749a8795aee498f,e4e0289744e52cb66d68ae3ad7b49bd9,delivered,2017-03-01 14:50:29,2017-03-02 06:45:14,2017-03-03 13:05:49,2017-03-14 14:03:13,2017-03-22,77.94,93.36,6,1,171.3,1,1,5.0,1.0,88526f282f270093a20893ec91b3373f,37200,lavras,MG,12.967175925925925,20.381608796296295,0,171.3
933a4d6f0739efd8aa68decea5b411c6,1b12b08776e3b17ca4a596ef872cce0e,delivered,2017-03-01 14:55:51,2017-03-03 02:22:34,2017-03-03 10:08:11,2017-03-10 11:36:39,2017-03-28,129.8,38.3,2,1,168.1,1,1,5.0,1.0,562c19b096d4d6f3a5bee07d8d8ea10d,29167,serra,ES,8.861666666666666,26.377881944444443,0,168.10000000000002
273177c9b2d2eb2a68a77ee39e726b52,8fe693b836b15ebda5ba1b71fe254a75,delivered,2017-03-01 15:02:59,2017-03-01 15:10:24,2017-03-02 14:23:45,2017-03-10 06:09:10,2017-03-31,89.9,24.83,1,1,114.73,4,1,5.0,2.0,befed7f0bf7fc3d0262b0f95989a36ae,58058,joao pessoa,PB,8.629293981481482,29.37292824074074,0,114.73
5df0b9dca1031d0b4abdf7b6f1f6e118,d7c92025f19ea01749d4977570bce493,delivered,2017-03-01 15:03:00,2017-03-01 15:10:22,2017-03-03 14:24:53,2017-03-13 13:18:09,2017-03-30,109.9,27.24,1,1,137.14,4,1,5.0,1.0,befed7f0bf7fc3d0262b0f95989a36ae,58058,joao pessoa,PB,11.9271875,28.372916666666665,0,137.14000000000001
bb25059436e00953081ab3e7429fc03a,51d425ccfcd044e9cfeb91adfeeaa7c6,delivered,2017-03-01 15:08:28,2017-03-01 15:15:23,2017-03-03 03:49:03,2017-03-10 03:47:44,2017-03-21,15.75,10.96,1,1,26.71,1,1,1.0,1.0,506c5701ab4b3dd6deb38db10f66f03d,4547,sao paulo,SP,8.527268518518518,19.36912037037037,0,26.71
785d9cc9690385fee964390cf2038b17,9032c3b04eb2b425e8fd7ca5fa908de7,delivered,2017-03-01 15:17:51,2017-03-01 15:30:21,2017-03-03 09:27:35,2017-03-13 08:51:53,2017-03-22,757.5999999999999,37.75,2,1,795.35,5,2,3.0,1.0,cc5274ab82a2fc25b7a1542f6ebb1ebc,83280,guaratuba,PR,11.731967592592593,20.362604166666667,0,795.3499999999999
9b4b9dac4727545d6a2a43633e62faf9,60ed2813fa78b43f432e38f812188271,delivered,2017-03-01 15:19:18,2017-03-02 03:41:48,2017-03-08 15:43:10,2017-03-13 10:15:43,2017-03-24,99.9,16.4,1,1,116.3,1,1,5.0,1.0,19e3f9065f659259a0c469800075612a,85064,guarapuava,PR,11.78917824074074,22.361597222222223,0,116.30000000000001
e56df93227f8b483792fc4571550b4a8,ebd361665302261db67718c2a32bcff2,delivered,2017-03-01 15:27:52,2017-03-01 15:42:05,2017-03-02 12:58:14,2017-03-08 00:53:55,2017-03-24,119.69999999999999,48.150000000000006,3,1,167.85,2,1,4.0,1.0,62a788e26bfcc4da4b52c73a1a2440d4,13412,piracicaba,SP,6.393090277777778,22.35564814814815,0,167.85
7d3d0586319a920f50ceec0a5a9eaf55,e46ace8865b4cacb79e81b14663ebeb3,delivered,2017-03-01 16:04:38,2017-03-01 16:15:23,2017-03-02 14:18:45,2017-03-14 09:53:43,2017-03-24,194.5,17.06,1,1,211.56,2,1,4.0,1.0,cc6c2a4b4e826c577b8a60073bd56a7b,38700,patos de minas,MG,12.742418981481482,22.33011574074074,0,211.56
4a110536f892fd4dd11c3c74dada0d1a,3b4045e6537d8e41d9c827d51a5f28e9,delivered,2017-03-01 16:21:50,2017-03-01 16:35:22,2017-03-02 09:41:26,2017-03-09 15:45:19,2017-03-24,240.35,18.52,1,1,258.87,5,1,4.0,1.0,85559e6e6b4a10fd8171a9ad0de5be67,81830,curitiba,PR,7.974641203703704,22.318171296296295,0,258.87
05709f85ee94e226753ae0ed0886b69b,cfd03e2bdbef45d8d27ada56c4ae0348,delivered,2017-03-01 16:38:52,2017-03-03 02:35:37,2017-03-06 07:31:55,2017-03-16 17:17:50,2017-03-28,159.9,27.55,1,1,187.45,1,1,4.0,1.0,36f804a69fdb2b0759b7ae968c11c363,74210,goiania,GO,15.027060185185185,26.306342592592593,0,187.45000000000002
281962853c1f4b3b4ea3bed6e4647759,091d88b3729e671ad17a6c41aaf7c44d,delivered,2017-03-01 16:40:27,2017-03-03 02:10:38,2017-03-03 15:21:11,2017-03-17 10:17:36,2017-03-31,124.9,21.32,1,1,146.22,1,1,3.0,1.0,f20558add423d3a6a6cec67d4741d26a,49200,estancia,SE,15.734131944444444,29.305243055555554,0,146.22
4c0516313f88337aef0820e61740d726,4ed1342e230ebe5cb1924ec8e5b68d0f,delivered,2017-03-01 16:41:19,2017-03-01 16:55:10,2017-03-03 12:21:49,2017-03-04 10:52:29,2017-03-27,169.9,17.62,1,1,187.52,10,1,5.0,1.0,84821d3b23078095ceaa4bd87a95caa5,5717,sao paulo,SP,2.7577546296296296,25.304641203703703,0,187.52
523edc667ecf141c2018ec8c1e6c0211,fed4f253cf34addfd6bbc74950f85f9b,delivered,2017-03-01 16:43:12,2017-03-01 16:55:12,2017-03-03 09:47:53,2017-03-08 13:32:43,2017-03-22,198.0,34.86,2,1,232.86,3,1,5.0,1.0,b53b27d7c61cc80d2b2eaf6f1ff8a861,13080,campinas,SP,6.867719907407407,20.303333333333335,0,232.86
97c9845a8e4bfe01540ef64fe2bd53d5,f1d97b3601697e41a9d27c8571cd73d9,delivered,2017-03-01 16:57:25,2017-03-02 06:50:06,2017-03-02 14:18:46,2017-03-19 05:18:51,2017-04-03,194.5,25.85,1,1,220.35,1,1,5.0,1.0,ca7ee1bc75a9ed79f6cc73a0b45385ed,57060,maceio,AL,17.514884259259258,32.29346064814815,0,220.35
bdd9b76103b5ce16eb842f7ef68cdc4e,81b50a6cf4950dce19790e9da3d687c8,delivered,2017-03-01 17:02:09,2017-03-01 17:10:18,2017-03-03 14:35:39,2017-03-09 11:27:49,2017-03-22,89.9,17.37,1,1,107.27,1,1,5.0,1.0,0f694fd4f48c446b2c7d433a2fb9aaf3,13405,piracicaba,SP,7.767824074074074,20.29017361111111,0,107.27000000000001
7764b1137f1449a900532727d4a58763,fcd9a514a1dc122d997d6a3f84339463,delivered,2017-03-01 17:03:07,2017-03-01 17:10:16,2017-03-03 11:41:57,2017-03-07 12:49:09,2017-03-20,25.99,10.96,1,1,36.95,3,1,2.0,1.0,084a1adef368b0d738db72ea6cf5d196,9660,sao bernardo do campo,SP,5.82363425925926,18.289502314814815,0,36.95
ed4d57b2d881e813cf0b801ab17987a0,f427d28a18c6f9b3de330badbb801c32,delivered,2017-03-01 17:03:24,2017-03-03 02:15:46,2017-03-06 11:42:03,2017-03-10 10:23:36,2017-03-20,129.99,11.52,1,1,141.51,1,1,5.0,1.0,5dcf470ed431d559dcb412853ccea471,12225,sao jose dos campos,SP,8.72236111111111,18.289305555555554,0,141.51000000000002
dc423fd5dad84d30d887debb5323e413,ed0830b3e26799e8fd0b0c3e32e34ef8,delivered,2017-03-01 17:11:17,2017-03-02 04:10:29,2017-03-06 08:11:48,2017-03-15 18:34:05,2017-04-10,194.9,30.29,1,1,225.19,1,1,3.0,1.0,6bf29f2216d49bef85259f3944f69738,76901,ji-parana,RO,14.0575,39.28383101851852,0,225.19
9de93c000ca70a1ffac63cefe715bdf2,5d26e3331c75b8be22b3c9e169ff0ebf,delivered,2017-03-01 17:15:10,2017-03-01 17:25:18,2017-03-03 13:05:51,2017-03-14 08:42:19,2017-03-28,34.99,17.78,1,1,52.77,1,1,5.0,1.0,b68693bf3295ad9e895d2adce45deb7c,76630,itaberai,GO,12.643854166666667,26.28113425925926,0,52.77
c39c97c1d22e4a4486ce849afb668211,baad4f33b8b48413580c54156a4172b8,delivered,2017-03-01 17:24:54,2017-03-03 02:25:34,2017-03-06 13:42:36,2017-04-03 14:13:01,2017-03-22,127.99,20.98,1,1,148.97,1,1,1.0,1.0,0b191e9e440cdcf2eba532c22aaac441,88330,balneario camboriu,SC,32.86674768518518,20.274375,1,148.97
8785e55bb98c01696f3773d9ed2fb851,06879ab94dea9160383cbca5dde64794,delivered,2017-03-01 17:47:29,2017-03-03 02:15:31,2017-03-03 11:15:37,2017-03-17 07:47:58,2017-03-22,99.99,15.91,1,1,115.9,1,1,5.0,1.0,f2956826bf59bc83f0fbdb566bcb8610,25086,duque de caxias,RJ,15.583668981481482,20.25869212962963,0,115.89999999999999
65e58aacdb27163c49aeb7382b07efb3,dc2195dabc9eae520ef884be35677475,delivered,2017-03-01 17:55:35,2017-03-02 03:41:45,2017-03-03 14:34:54,2017-03-07 18:44:01,2017-03-23,29.9,11.74,1,1,41.64,1,1,5.0,1.0,343dfe524acd884c4bd554eb6ec51d33,4193,sao paulo,SP,6.03363425925926,21.25306712962963,0,41.64
625f2a06b46e5cbf695ba96293f76721,0de81b04e35176808cda689cb88bd263,delivered,2017-03-01 17:58:28,2017-03-01 18:10:20,2017-03-02 15:40:15,2017-03-07 09:35:41,2017-03-21,175.99,16.23,1,1,192.22,3,1,5.0,1.0,cecc19ff12c206e6368dd1e9c22a848d,18300,capao bonito,SP,5.650844907407407,19.251064814814814,0,192.22
2f80f814bc64931dfec546e11216cbef,ae38ef6cb160d7a30f766262bb1f87de,delivered,2017-03-01 18:05:25,2017-03-03 02:15:46,2017-04-13 12:47:51,2017-04-13 16:54:01,2017-03-22,99.9,20.78,1,1,120.68,1,1,5.0,1.0,bff1bb8008c9efe91e06e8a8c3845379,86709,arapongas,PR,42.95041666666667,20.246238425925927,1,120.68
103355b1bc5b63508c20e2b7eeb58961,f3d40ccfde2d918c886b7f2633a33d74,delivered,2017-03-01 18:29:06,2017-03-01 18:41:59,2017-03-02 12:58:42,2017-03-09 09:26:09,2017-04-03,110.0,29.81,1,1,139.81,3,1,5.0,1.0,9e7a39dbb0cf16617bd4bf207c32989f,32223,contagem,MG,7.622951388888889,32.229791666666664,0,139.81
83d5a4507ca3b740b2e4642220ebd8d2,d29fcbfaa31416c295e90f4734baf5e9,delivered,2017-03-01 19:01:12,2017-03-02 03:41:43,2017-03-03 13:51:30,2017-03-20 08:42:03,2017-03-28,29.9,16.05,1,1,45.95,1,1,5.0,1.0,6c093de8084a2a18102ff996fe31bd93,96065,pelotas,RS,18.57003472222222,26.2075,0,45.95
045e9ebd4d41affc66333d58c3d107c1,359657fc25081d620ff7caa59068e261,delivered,2017-03-01 19:28:08,2017-03-01 19:42:17,2017-03-07 14:33:43,2017-03-13 13:05:17,2017-03-27,176.96,33.52,1,1,210.48,2,1,1.0,1.0,e86b23ba03d921e76f2c39380b448a2b,21021,rio de janeiro,RJ,11.734131944444444,25.188796296296296,0,210.48000000000002
f9a8f148429cc3e0ebfc426bf5f7299e,f6a4f5fd1f3e76fb341c7558b76938fd,delivered,2017-03-01 19:32:22,2017-03-02 04:02:31,2017-03-02 16:10:25,2017-03-06 08:58:40,2017-03-23,104.98,20.81,1,1,125.79,1,1,5.0,1.0,f3c1362badd3a3912699f9b8461e20cd,2721,sao paulo,SP,4.559930555555556,21.18585648148148,0,125.79
7524b4a4e4f4bc62cbc028b40f1e7445,a4b74254711f52eb7a9ee2c34b1ae99e,delivered,2017-03-01 19:49:15,2017-03-01 20:01:57,2017-03-06 08:56:53,2017-03-14 10:32:46,2017-04-05,25.9,14.52,1,1,40.42,4,1,4.0,1.0,7bdcd4b07455186eb8719a23703e9d72,25211,duque de caxias,RJ,12.61355324074074,34.17413194444445,0,40.42
52cfb42088bb202a56a77b48a3051baa,0031c1062edf836ef7a7a7ea758b137b,delivered,2017-03-01 20:00:23,2017-03-02 20:05:14,2017-03-09 09:24:05,2017-03-13 12:08:59,2017-03-20,69.9,11.1,1,1,81.0,2,1,5.0,1.0,c087e490266509059177cb1ec7d802ba,24808,itaborai,RJ,11.672638888888889,18.16640046296296,0,81.0
9d6119da4c658e82b5320a9b05dc7004,0d926ad8cf82ecb9c3dc17bfedb9ae92,delivered,2017-03-01 20:11:11,2017-03-01 20:25:12,2017-03-02 11:09:53,2017-03-06 04:57:52,2017-03-20,179.99,42.1,1,1,222.09,1,1,5.0,1.0,dcbc3a09d6686ab3ffd9c9a6a5e9dd49,85906,toledo,PR,4.365752314814815,18.15890046296296,0,222.09
2e93767495538de2e1c896a700ec7a6d,6f19b1185007bfefc030148d22316bd2,delivered,2017-03-01 20:15:16,2017-03-03 02:22:39,2017-03-03 10:22:28,2017-03-08 14:05:50,2017-03-20,286.3,35.44,2,1,321.74,1,1,5.0,1.0,70a53a86220b0f7a5e59484ccfc7722a,15500,votuporanga,SP,6.743449074074074,18.156064814814815,0,321.74
a7384426d477fd16a093284ebc51ba0b,2b26cb2b1582d5b1be9e122a56be6f43,delivered,2017-03-01 20:18:32,2017-03-01 20:30:16,2017-03-02 10:48:35,2017-03-13 10:24:37,2017-03-22,59.9,20.5,1,1,80.4,1,1,3.0,1.0,8d51216cfeb9efed71d0570e6a3c327a,27535,resende,RJ,11.58755787037037,20.153796296296296,0,80.4
c448299f4076c96eb0849f981cf29a2f,16bdd3f68c02639c6ff5549d835dbbb3,delivered,2017-03-01 20:28:48,2017-03-01 20:42:26,2017-03-02 07:14:25,2017-03-08 11:47:21,2017-03-21,35.0,8.72,1,1,43.72,1,1,3.0,1.0,088b29f0f57e02f6ce3e5feaeeddae38,3651,sao paulo,SP,6.637881944444445,19.14666666666667,0,43.72
0e2fe4a9435f66fade2904a904a0adaa,51fc4f4614c406974c4bfd7a5a5ff8c2,delivered,2017-03-01 20:47:26,2017-03-01 21:02:17,2017-03-02 08:48:41,2017-03-10 09:27:35,2017-03-22,42.9,15.56,1,1,58.46,2,1,4.0,1.0,8df1329b564044430fe684b6632f0c8a,96208,rio grande,RS,8.527881944444445,20.13372685185185,0,58.46
6732c97d4cbdac9ed23b4c7148f61590,bb806eb42447acd43835418cb81290c7,delivered,2017-03-01 20:50:51,2017-03-03 02:30:24,2017-03-03 10:08:10,2017-03-09 06:54:00,2017-03-24,64.9,17.29,1,1,82.19,1,1,2.0,1.0,326a9c3ca94e3d9ae9328537fac9ae00,20960,rio de janeiro,RJ,7.418854166666667,22.131354166666668,0,82.19
679d507dacd35ecf587d994177d06871,e0e2f8203a600f8cfe34a5e04dc36e9f,delivered,2017-03-01 20:57:25,2017-03-01 21:05:22,2017-03-03 11:35:54,2017-03-07 14:52:47,2017-03-20,28.99,8.72,1,1,37.71,3,1,5.0,1.0,2dc7f51f05ba1b1a92608e45e55d1fe1,4728,sao paulo,SP,5.746782407407407,18.12679398148148,0,37.71
623782c0605b507c31691b1fff4dc299,7e358e84314f95f1ba53d7782a34037a,delivered,2017-03-01 21:44:05,2017-03-03 02:10:42,2017-03-03 11:01:34,2017-03-08 14:48:01,2017-03-23,13.9,18.63,1,1,32.53,1,1,5.0,1.0,ae484a0d7d686f25d7f81a2b442e059c,7032,guarulhos,SP,6.711064814814815,21.094386574074075,0,32.53
db64746e7060aada6cbe3d0ff34f0cdc,53849dfbee2387632eef6ed7f4deb3dc,delivered,2017-03-01 21:44:15,2017-03-01 21:55:16,2017-03-02 07:59:44,2017-03-20 09:58:02,2017-03-24,81.0,20.89,1,1,101.89,1,1,4.0,1.0,273a1f5b9953aac34f2c846403614771,92420,canoas,RS,18.50957175925926,22.094270833333333,0,101.89
81cb17fa8652482186e8184e2a418057,540cd4c00e0b5bf5252538c02e379d24,delivered,2017-03-01 21:45:32,2017-03-01 21:55:18,2017-03-02 08:05:26,2017-03-13 08:38:01,2017-03-30,236.0,42.56,2,1,278.56,3,1,4.0,1.0,fc98416ebb838666036dfbc9dbde3ed0,1450,sao paulo,SP,11.453113425925926,28.09337962962963,0,278.56
b9c9ae9ec1ae133cb9d76c6a4d38c316,8b955f3eb1641b0b7b3d2a454da001b9,delivered,2017-03-01 21:58:17,2017-03-01 22:10:13,2017-03-03 09:13:47,2017-03-08 13:30:13,2017-03-20,35.0,10.96,1,1,45.96,1,2,5.0,1.0,503c83f200605144798c5ed5395f18d9,6753,taboao da serra,SP,6.647175925925926,18.08452546296296,0,45.96
9ae55f703836fe363393a3873c1b42b4,735df4af3d58741f56fe349cb94aa54e,delivered,2017-03-01 22:03:30,2017-03-03 02:15:13,2017-03-03 11:35:11,2017-03-13 11:52:43,2017-04-05,69.98,41.6,2,1,111.58,1,1,1.0,1.0,c9ea03d6d70c919ca3e379cbac8299a6,49500,itabaiana,SE,11.575844907407408,34.08090277777778,0,111.58000000000001
73435a60acd2fe1260eb7bb6587465ed,d5eb02a8c975623581be64cdfc05d1ce,delivered,2017-03-01 22:05:27,2017-03-01 22:22:03,2017-03-02 10:25:10,2017-03-08 15:31:45,2017-03-27,89.0,22.96,1,1,111.96,2,1,4.0,1.0,effbebdf9854a4a1fa1783211054115e,79900,ponta pora,MS,6.726597222222222,25.07954861111111,0,111.96000000000001
b0ba32a79f83ef1ae43216095e1c9ab8,b8302eadfd19b0b4f468211664bf18f1,delivered,2017-03-01 22:10:25,2017-03-01 22:25:08,2017-03-03 14:27:57,2017-03-07 17:03:41,2017-03-27,26.0,14.52,1,1,40.52,4,1,5.0,1.0,4046dcaec262a138a8d2e0ea01960ee4,22631,rio de janeiro,RJ,5.786990740740741,25.076099537037038,0,40.519999999999996
f216085102c6b913fcbf7f5bcadcb454,7a4012f9a7ae8ce611dcc1d6c21f3973,delivered,2017-03-01 22:43:47,2017-03-02 04:15:14,2017-03-02 07:52:53,2017-03-08 04:56:01,2017-03-20,19.99,10.96,1,1,30.95,1,1,4.0,1.0,fc13e33242b4f5a32f001a9d5873b880,16050,aracatuba,SP,6.258495370370371,18.05292824074074,0,30.95
5dc8e20ffe7089524efc98d33aa37b1c,6711f6053bcf874f5113990cfba8b061,delivered,2017-03-01 22:45:18,2017-03-01 22:55:09,2017-03-07 11:07:50,2017-03-13 07:55:32,2017-03-20,257.98,23.02,2,1,281.0,10,1,3.0,1.0,4016ff368c1014abe23940f9f847674b,14098,ribeirao preto,SP,11.38210648148148,18.051875,0,281.0
e9ccb8277ecd5374b5a0532b5ee47f7c,8b9c46cb78faa340ba59effb94b5c672,delivered,2017-03-01 23:09:01,2017-03-01 23:22:39,2017-03-02 16:23:00,2017-03-04 08:21:51,2017-03-20,149.9,10.04,1,1,159.94,9,1,4.0,1.0,c77a1dadd2c14e5708a1b00707c8a636,4634,sao paulo,SP,2.383912037037037,18.035405092592594,0,159.94
dfb95a7031f9abf6495bc955837c3125,759402811612c3837b9e688e4ddc26bf,delivered,2017-03-01 23:12:39,2017-03-01 23:25:14,2017-03-02 07:36:45,2017-03-09 14:27:45,2017-03-31,66.99,17.21,1,1,84.2,1,1,5.0,1.0,b8f20ea4c97c0b9d62a5c41ff89eb36b,70361,brasilia,DF,7.635486111111111,29.032881944444444,0,84.19999999999999
a8b4dfc1843395b826a9d9a5cf0a5bc8,2f80bd4fe578e6516584e82a6e475107,delivered,2017-03-01 23:23:50,2017-03-03 02:15:37,2017-03-07 08:48:01,2017-03-22 12:13:10,2017-03-30,249.9,54.16,1,1,304.06,1,1,5.0,1.0,dd8cdea52211bcbb80c74476057d84e7,96425,bage,RS,20.534259259259258,28.02511574074074,0,304.06
fd1dfd657df57a8183a8bd5ad5725538,37eeab71386686bbc66ecf73feb97e88,delivered,2017-03-01 23:34:48,2017-03-01 23:50:10,2017-03-06 11:46:03,2017-03-08 06:52:23,2017-03-20,68.0,11.09,1,1,79.09,1,1,4.0,1.0,01ec66cacd4c45d04f9ee2a1c25bb20b,3335,sao paulo,SP,6.303877314814815,18.0175,0,79.09
22479f588dbf140ab4e8f3a6688c31b1,efe0b326802e3b2636f4b6b2a7466f15,delivered,2017-03-02 00:16:18,2017-03-02 01:02:17,2017-03-03 11:13:54,2017-03-07 04:47:49,2017-03-21,89.9,9.62,1,1,99.52,1,1,5.0,1.0,55106ada3521d98df887932e42fb829d,4038,sao paulo,SP,5.188553240740741,18.988680555555554,0,99.52000000000001
141ce9b3c6022301d7fbb3d545e2d2fe,3e8048a809ef1932d05ff8a2a0eb8045,delivered,2017-03-02 00:29:04,2017-03-03 01:05:18,2017-03-08 08:14:02,2017-03-15 14:37:59,2017-03-24,19.99,10.96,1,1,30.95,1,1,5.0,1.0,92236d2168d9f0968798cad253cc5818,18125,aluminio,SP,13.589525462962962,21.979814814814816,0,30.95
2147876cd801aed5f273ba360d0960ac,d19ba09dec1d11149f807993731a324d,delivered,2017-03-02 01:18:35,2017-03-03 02:10:41,2017-03-03 12:30:25,2017-03-10 14:12:43,2017-03-23,18.99,14.52,1,1,33.51,1,1,4.0,1.0,07224bcb76e1fe56487694f4b4f2b9da,35790,curvelo,MG,8.537592592592592,20.94542824074074,0,33.51
ec0a836329e091712f3a4979b6dcfb41,f2d2a15afadd3bfc3c421fa219387bed,delivered,2017-03-02 01:21:42,2017-03-02 01:30:18,2017-03-03 08:07:46,2017-03-09 05:29:10,2017-03-21,49.8,21.92,2,1,71.72,3,1,5.0,1.0,64506e4eff925200d674430e79ffdc22,13426,piracicaba,SP,7.1718518518518515,18.94326388888889,0,71.72
b2345f8f3b34a4c0c28296057f032fb9,64049775f28b87ca247912183223bdd2,delivered,2017-03-02 01:37:02,2017-03-02 01:50:16,2017-03-03 09:49:03,2017-03-20 09:37:27,2017-04-07,56.99,24.89,1,1,81.88,1,1,4.0,1.0,a491257f319cd02d337c77bafc75c7e3,69918,rio branco,AC,18.333622685185187,35.932615740740744,0,81.88
4c66c3496efdc2ec571277fff303a631,cf07daf0688a1761ec0bff495ca12dc2,delivered,2017-03-02 01:37:13,2017-03-02 11:02:35,2017-03-08 08:55:37,2017-03-13 11:52:39,2017-03-27,174.9,17.65,1,1,192.55,2,1,5.0,1.0,ecb7651c7bd428e7405f3e23c46b4550,8260,sao paulo,SP,11.42738425925926,24.932488425925925,0,192.55
1a3875a70aed30f04c73624a486bceb7,d85dbabd3c7d2b014fdbd0ac1854e29c,delivered,2017-03-02 02:12:32,2017-03-02 02:25:09,2017-03-06 09:34:48,2017-03-10 08:14:58,2017-03-23,109.9,19.05,1,1,128.95,6,1,5.0,1.0,53ae6e9262660028ed78e066ed2ee2ff,4108,sao paulo,SP,8.251689814814815,20.907962962962962,0,128.95000000000002
9797a3f116ca3ac106a9ecbc8807d2fa,903dd6707176c6bc79c11b89f8501ffe,delivered,2017-03-02 05:10:03,2017-03-02 05:21:35,2017-03-07 15:39:43,2017-03-20 08:17:57,2017-03-21,155.0,12.48,1,1,167.48,2,1,,,57b833048b82a802b3580c1911594983,6865,itapecerica da serra,SP,18.13048611111111,18.7846875,0,167.48
6f8de3779a7d0b86f8fc43a262e81b65,378ffabfeb53352f6624c6911cecf3f2,delivered,2017-03-02 06:57:21,2017-03-03 02:30:15,2017-03-07 10:58:01,2017-03-16 04:32:27,2017-03-24,238.9,15.84,1,1,254.74,1,1,5.0,1.0,9b18c3eb3b506f6fbb54251af06e9588,38840,carmo do paranaiba,MG,13.899375,21.71017361111111,0,254.74
56430e0b9968b381942760e433583b27,25fc5fcd13751095236ea257c9cfb62a,delivered,2017-03-02 07:28:36,2017-03-02 07:35:17,2017-03-03 13:25:40,2017-03-08 17:53:42,2017-03-23,18.99,14.11,1,1,33.1,1,1,5.0,1.0,ff4050535c1351cd0b834ccf1c9d07f1,23066,rio de janeiro,RJ,6.434097222222222,20.688472222222224,0,33.099999999999994
996936689b68af80b51ef3c429a4f386,bf9a4770691ff9b2ddb07f4beb77d4ad,delivered,2017-03-02 08:17:50,2017-03-03 02:15:17,2017-03-03 11:49:20,2017-03-13 11:47:56,2017-03-28,20.9,16.05,1,1,36.95,1,1,3.0,1.0,95a3dcd03d8086e8510d9fe16f875ec7,76105,firminopolis,GO,11.145902777777778,25.654282407407408,0,36.95
fad263c690ebcbd7b6655a2d7e0d0df6,4cde67f0416f4b7161f9b5e28e739937,delivered,2017-03-02 08:28:52,2017-03-02 08:42:07,2017-03-03 13:25:41,2017-03-07 15:23:07,2017-03-21,32.99,10.96,1,1,43.95,1,1,5.0,1.0,7ae4bf16624c8869fb893bfc67035ac6,18890,taguai,SP,5.287673611111111,18.64662037037037,0,43.95
e95221b086979e4c09eff4fef472ef04,5487e6c4f3ddd99d5e210f183505d974,delivered,2017-03-02 08:32:21,2017-03-02 08:42:08,2017-03-02 09:22:40,2017-03-07 11:43:50,2017-03-31,19.9,14.52,1,1,34.42,1,1,5.0,1.0,121b5a0ae9d09a2ca5e8090fd2a00a58,27130,barra do pirai,RJ,5.132974537037037,28.644201388888888,0,34.42
92cac3c69ca34e5fa1b54e0fd64de09e,cfd0cf1de6eb6298cd8d89a662a96f76,delivered,2017-03-02 09:15:28,2017-03-02 09:25:16,2017-03-08 10:43:10,2017-03-15 08:07:49,2017-03-27,179.9,18.1,1,1,198.0,4,1,5.0,1.0,b2ad92bb9f34fa35457f37f444c4d7d2,96690,pantano grande,RS,12.953020833333333,24.61425925925926,0,198.0
1be578faaacbe5ff9885364c415d4763,f822b1c76826e07be34e43ef896901ee,delivered,2017-03-02 09:21:01,2017-03-02 09:30:09,2017-03-08 13:39:20,2017-03-14 12:04:00,2017-03-28,99.0,14.45,1,1,113.45,3,1,4.0,1.0,60024e39a5bab05c12a51d675c0854d8,3892,sao paulo,SP,12.11318287037037,25.610405092592593,0,113.45
0dc2734aeb43fcd6b5c4a6d6296f50c5,aacd2c89b47bcc2aa875ea9b1f64955d,delivered,2017-03-02 09:21:19,2017-03-04 02:25:17,2017-03-08 07:09:45,2017-03-29 10:58:07,2017-03-29,149.9,27.48,1,1,177.38,1,1,5.0,1.0,a33bb670bdfc972c485c44923aece1df,42843,jaua,BA,27.067222222222224,26.61019675925926,1,177.38
a1237d295641cb8fec0be746ab923b79,02bfa7864b9a06a122b976e47a743353,delivered,2017-03-02 09:23:19,2017-03-02 09:35:18,2017-03-06 16:42:46,2017-03-14 16:45:08,2017-03-29,89.0,23.87,1,1,112.87,5,1,5.0,1.0,ca1e8f7cd3d61fe4da5887c3253095ac,87360,goioere,PR,12.30681712962963,26.60880787037037,0,112.87
175dce49b5ee048156291ea4dadd9f57,9f4a2688ad743c4ea190c4c4dba104e8,delivered,2017-03-02 09:43:10,2017-03-03 02:15:49,2017-03-03 09:37:53,2017-03-08 14:36:43,2017-03-22,15.9,11.74,1,1,27.64,1,1,5.0,1.0,da346e7987f72bca8ff60b6d9cdfdbac,13700,casa branca,SP,6.203854166666667,19.595023148148147,0,27.64
4b4a6837149161d336cba6c3816f376e,67e458f934b8c189096941e98a64615d,delivered,2017-03-02 10:19:51,2017-03-02 10:30:12,2017-03-03 13:51:35,2017-03-23 05:37:51,2017-03-23,109.9,13.35,1,1,123.25,10,1,3.0,1.0,f455356800cdc93de657d027fd9e1875,1138,sao paulo,SP,20.804166666666667,20.56954861111111,1,123.25
64d493ad39cf733d3cc70821e69208a2,6661e2a6cecf3a60ff9b6e614ebf9926,delivered,2017-03-02 10:32:50,2017-03-02 10:45:09,2017-03-03 09:32:35,2017-03-17 15:38:29,2017-04-04,169.9,24.91,1,1,194.81,2,1,5.0,1.0,575f0e44fa21ab93f4cf238c3eccc1bb,41820,salvador,BA,15.212256944444444,32.56053240740741,0,194.81
3ffe9f020ed3983733cae2d4b581c27d,f09e467898a1ce7d11004949dd8cea8d,delivered,2017-03-02 10:40:35,2017-03-02 10:50:08,2017-03-02 22:07:57,2017-03-13 15:42:04,2017-03-23,67.9,14.65,1,1,82.55,1,1,5.0,1.0,2619126b7e6621e9681aa9095ee97ef8,89870,pinhalzinho,SC,11.209363425925925,20.555150462962963,0,82.55000000000001
f1ec76883496424477c5c8162558a911,10f60e8d488a61d0bb9c2aed77db5957,delivered,2017-03-02 11:11:45,2017-03-03 02:10:12,2017-03-08 09:50:35,2017-03-15 15:19:48,2017-03-27,49.99,18.63,1,1,68.62,1,1,5.0,1.0,0663999f33587a57ed5b648b7c569f77,37970,pratapolis,MG,13.172256944444445,24.533506944444444,0,68.62
3dbf60040199f502ec5dd67f86b804ab,62cf43d7c0b82fa2b6910138d7f4f14e,delivered,2017-03-02 11:20:23,2017-03-02 11:30:20,2017-03-31 15:12:14,2017-04-13 11:39:04,2017-03-27,326.66,17.05,1,1,343.71,8,1,1.0,1.0,48e765b31aa7359bdc26fb32b1b6825f,21330,rio de janeiro,RJ,42.01297453703704,24.527511574074072,1,343.71000000000004
108ba0b0521d3a6629dc825044217a57,9ee6de6c09270cb89824aef9d55e644c,delivered,2017-03-02 11:24:17,2017-03-02 11:35:14,2017-03-03 09:25:25,2017-03-11 05:22:51,2017-03-24,84.9,14.76,1,1,99.66,9,1,5.0,1.0,7bfa88fb180730840b4976efcf0cfa4a,39400,montes claros,MG,8.74900462962963,21.52480324074074,0,99.66000000000001
c6d1de0a9015ea666f5291f62ffb15db,5c6a67fc3400c83c6a6e92fdba6600f6,delivered,2017-03-02 11:30:42,2017-03-02 11:42:32,2017-03-08 16:20:45,2017-03-23 17:08:14,2017-03-23,48.9,15.56,1,1,64.46,2,1,4.0,1.0,adbeeb0257c8460ca7f66b04857121fd,37800,guaxupe,MG,21.23439814814815,20.520347222222224,1,64.46
e06ff711ddcab05c3651a9b1bb003950,bc4e6f215af91483d54431baacb9506f,delivered,2017-03-02 11:53:33,2017-03-02 12:05:49,2017-03-03 14:09:15,2017-03-14 15:47:49,2017-03-23,133.05,51.269999999999996,3,1,184.32,12,2,4.0,1.0,934bc5960242b4b13910b02da54a6499,33080,santa luzia,MG,12.162685185185186,20.504479166666666,0,184.32
2973501c740d29c4ad13c14b660e2472,7e055e855f6b9d914050567f4d287248,delivered,2017-03-02 12:02:08,2017-03-02 12:15:21,2017-03-07 09:44:44,2017-03-13 16:43:55,2017-03-23,38.9,14.52,1,1,53.42,1,1,4.0,1.0,e29b7a72de7ad63e0ef0efa838abc5f0,6413,barueri,SP,11.195682870370371,20.49851851851852,0,53.42
c7ab73e7c26ff800c76b703fae63c467,e5918d9d55314b728a1c5b2511c6ad61,delivered,2017-03-02 12:07:25,2017-03-03 02:22:23,2017-03-03 17:13:12,2017-03-10 08:21:44,2017-03-27,95.0,16.37,1,1,111.37,1,1,4.0,1.0,6b9eae0258f2421d3877128750188562,29167,serra,ES,7.843275462962963,24.494849537037037,0,111.37
d475063859317702a25c3f60c5cfd824,191f2f8821e17ef3a5b2980e301f6890,delivered,2017-03-02 12:09:45,2017-03-02 12:47:52,2017-03-02 14:11:16,2017-03-08 11:14:37,2017-03-31,120.0,22.77,1,1,142.77,1,1,5.0,1.0,426fb970823989d24c32758dcfc93b12,75906,rio verde,GO,5.961712962962963,28.493229166666666,0,142.77
fb441bffe443e71cb16477c4743591e8,0c5292f5e3690805390efddf53935915,delivered,2017-03-02 12:13:18,2017-03-02 13:05:58,2017-03-15 15:59:24,2017-03-21 18:35:51,2017-03-30,2600.0,26.07,1,1,2626.07,10,1,5.0,1.0,59d66d72939bc9497e19d89c61a96d5f,2435,sao paulo,SP,19.26565972222222,27.49076388888889,0,2626.07
126b56e36148dafa96b5705c766ab2c0,33add7528833f57795e0549ea17dd0b3,delivered,2017-03-02 12:17:57,2017-03-02 13:06:05,2017-03-08 14:49:41,2017-03-15 13:10:12,2017-03-27,1250.0,34.25,1,1,1284.25,10,1,,,198dc221b76657718f8c38d49daa83c9,14040,ribeirao preto,SP,13.036284722222222,24.48753472222222,0,1284.25
6d5e1e480d92f1bde5e9eb187fa388d5,4f3d7e6bbe7f1c9de320437cf6bf04d8,delivered,2017-03-02 12:33:10,2017-03-03 09:01:53,2017-03-03 15:21:10,2017-03-14 09:47:51,2017-03-28,119.9,16.54,1,1,136.44,2,2,5.0,1.0,150e414ff9f93eae86f42f44c8c863c8,71884,brasilia,DF,11.885196759259259,25.476967592592594,0,136.44
f964ec281f9f4098870fff22b6b74fec,ab4b0bfd313365452ffda5e09d7d9419,delivered,2017-03-02 12:35:51,2017-03-02 14:30:29,2017-03-03 12:30:28,2017-03-09 09:41:51,2017-03-23,32.99,14.52,1,1,47.51,4,1,5.0,1.0,7107b93604e79765cd9b802ce6315479,36820,divino,MG,6.879166666666666,20.475104166666668,0,47.510000000000005
c2d3596a04c210110354bc6e84240658,7e7f2883e880909409b7ce80db935258,delivered,2017-03-02 12:52:43,2017-03-04 02:15:30,2017-03-10 16:48:10,2017-03-16 18:20:07,2017-03-23,69.9,14.66,1,1,84.56,1,1,1.0,1.0,0a3cffa08d09f9de9a7cec6c142cf378,29102,vila velha,ES,14.227361111111112,20.463391203703704,0,84.56
e2dc8a03b3380b3a3fa8c7e175e97688,40147b71f43d0868b05eb02cb76a3c62,delivered,2017-03-02 12:56:12,2017-03-02 13:10:31,2017-03-02 15:09:14,2017-03-07 09:54:00,2017-03-21,69.9,11.88,1,1,81.78,1,1,5.0,1.0,cfdaaa0caea59b06efb4b0fb8c700684,19260,mirante do paranapanema,SP,4.873472222222222,18.46097222222222,0,81.78
ef5cbfafea632f181983df020dee5199,1d73632b0662cf95bebb7d4d9c6896c6,delivered,2017-03-02 13:37:37,2017-03-02 13:50:17,2017-03-09 09:06:19,2017-03-13 11:08:38,2017-03-23,99.9,14.87,1,1,114.77,10,1,2.0,1.0,503865b84e97a7e894c93587b3b05bdb,11420,guaruja,SP,10.896539351851851,20.43221064814815,0,114.77000000000001
c350d0389112a86be9f3802b560764fc,f821d6853e015783af0ce10338a3692e,delivered,2017-03-02 13:42:02,2017-03-02 13:55:22,2017-03-08 15:07:26,2017-03-15 13:18:52,2017-03-23,29.9,14.52,1,1,44.42,1,1,5.0,1.0,c353539f727204d0159a5328d5505fdc,25680,petropolis,RJ,12.983912037037037,20.42914351851852,0,44.42
bb85e4e4097ee2b3d34c22fbed913c42,ffbab84622e367ac800d8e9874fc48ad,delivered,2017-03-02 13:52:03,2017-03-02 20:05:15,2017-03-06 11:44:03,2017-03-07 12:36:17,2017-03-28,794.98,13.93,1,1,808.91,4,1,5.0,1.0,32d2549cbf29b9b7d5f8d7d293d121a3,20530,rio de janeiro,RJ,4.947384259259259,25.4221875,0,808.91
5000591796ae43a6d7638ee69e51ac6e,d08e3e3cbb6022d92125e7fee21d8d26,delivered,2017-03-02 14:06:01,2017-03-08 09:15:19,2017-03-10 09:15:17,2017-03-14 11:22:07,2017-03-21,31.0,8.72,1,1,39.72,1,1,5.0,1.0,cb85a84df480b9f35d7ddb20a393110a,72320,brasilia,DF,11.886180555555555,18.412488425925925,0,39.72
42179e8f527c0f76eec0b2a37a284f4d,58d891eda9a7fef354dcfb65285b4587,delivered,2017-03-02 14:10:27,2017-03-04 02:23:33,2017-03-07 15:39:42,2017-03-16 15:42:10,2017-03-21,89.9,12.02,1,1,101.92,1,1,3.0,1.0,1034cbfdf32b07dbd3ab977811bca086,16403,lins,SP,14.06369212962963,18.40940972222222,0,101.92
8b50f9105fdc81f8430bdd9da8c3d6e0,f8eebb1348f680433fe47d8ed5c595b3,delivered,2017-03-02 14:39:09,2017-03-02 14:50:10,2017-03-07 12:19:59,2017-03-22 15:54:07,2017-04-04,219.98,59.4,2,1,279.38,2,1,5.0,1.0,7f6b0883d50738296c75dba682da3a3c,64053,teresina,PI,20.052060185185184,32.38947916666667,0,279.38
b11277967c91e971b81a787a51849320,6552cd640a76d503cd18ed9b10adc740,delivered,2017-03-02 15:22:55,2017-03-04 02:23:28,2017-03-08 15:30:31,2017-03-14 13:12:23,2017-03-31,196.6,83.84,2,1,280.44,1,1,5.0,1.0,336421b86cc4259a58106da261e0e000,22221,rio de janeiro,RJ,11.909351851851852,28.35908564814815,0,280.44
4998304ddcd450f9750a4de8f7933296,ef245d79ef444d84c7c739cf89f3a6e3,delivered,2017-03-02 15:29:21,2017-03-02 15:45:17,2017-03-03 09:07:14,2017-03-15 10:15:32,2017-03-27,59.9,22.71,1,1,82.61,1,1,5.0,1.0,46ae70c6315916db0d814fc994c943e3,95670,gramado,RS,12.78207175925926,24.354618055555555,0,82.61
b07725548a706259d0cbc2aeaa780e18,72cb865e318f4077360bcfb50098f7eb,delivered,2017-03-02 16:03:14,2017-03-02 16:15:15,2017-03-03 14:44:44,2017-03-21 03:58:29,2017-03-29,39.9,17.78,1,1,57.68,5,1,1.0,1.0,753abd34141f607cbb6f20682f7da577,48480,crisopolis,BA,18.496701388888887,26.331087962962965,0,57.68
ae97799b02696e7937ea854ed542d015,48d9269e44b63f369a6eeb4024456cfd,delivered,2017-03-02 16:12:33,2017-03-02 16:25:10,2017-03-03 09:20:47,2017-03-14 11:08:56,2017-04-03,199.8,42.3,2,1,242.1,4,1,3.0,1.0,b4c50a347f504c086ba2bf11bf8af5c8,77023,palmas,TO,11.789155092592592,31.324618055555554,0,242.10000000000002
8be7e186574461ab90c1674973c58b12,0e5743518f681d5c6341221552bfd07f,delivered,2017-03-02 17:35:21,2017-03-02 17:45:17,2017-03-03 08:50:27,2017-03-08 14:14:29,2017-03-21,11.9,8.72,1,1,20.62,1,1,5.0,1.0,d3e9dd73153b4e3f9ff3b65502f1f962,5886,sao paulo,SP,5.860509259259259,18.267118055555557,0,20.62
e26feee700e28b2867a3e8d6f2b644b3,cdeae9bb83dc9049458f53e9d69251ec,delivered,2017-03-02 18:00:16,2017-03-03 17:55:22,2017-03-09 15:23:31,2017-03-21 05:28:41,2017-03-31,589.0,81.85,1,1,670.85,1,1,5.0,1.0,c198e769b7fac14f57905d5384eb9392,95500,santo antonio da patrulha,RS,18.47806712962963,28.249814814814815,0,670.85
fb81538ad88f59a4eb26ec0627825830,091ff88b45f8e6b1c909a9ca8b0618f7,delivered,2017-03-02 18:16:14,2017-03-03 18:22:40,2017-03-06 10:38:22,2017-03-20 12:18:11,2017-03-31,42.0,20.8,1,1,62.8,6,1,5.0,1.0,182d47b668f339c6047445253ffdf0fa,60420,fortaleza,CE,17.751354166666665,28.23872685185185,0,62.8
5db54d41d5ebd6d76cb69223355601f5,fe66ded86a1678a8ad544e4c78447348,delivered,2017-03-02 18:53:45,2017-03-03 18:55:23,2017-03-06 11:20:14,2017-03-16 11:09:46,2017-03-31,115.0,21.26,1,1,136.26,2,1,5.0,1.0,431fcac0f53bfdf9ae5788bc3c552363,40411,salvador,BA,13.677789351851851,28.21267361111111,0,136.26
6a4b27f33e33875ed99945d3e271698e,10dcfefeeb0f0dfe99880248167259f0,delivered,2017-03-02 18:58:10,2017-03-02 19:05:10,2017-03-08 12:16:39,2017-03-14 10:32:49,2017-03-27,350.0,22.27,1,1,372.27,7,1,4.0,1.0,4c1e42858be8d86c2c2b40715f28f343,29090,vitoria,ES,11.6490625,24.209606481481483,0,372.27
72da473ce9c065b6b7120da52ad4ac02,927ed0be87912a8b3a9a1cf70e159219,delivered,2017-03-02 19:08:58,2017-03-02 19:22:06,2017-03-03 13:51:28,2017-03-07 16:00:43,2017-04-06,123.80000000000001,23.65,2,1,147.45,3,1,5.0,1.0,4b137731b76d7bc1cb5c79d9c8cf2377,3687,sao paulo,SP,4.869270833333333,34.20210648148148,0,147.45000000000002
ed03eb86a3fefd1113fbaece583c1e76,10d57f225d46ff1948448ef40c9035a1,delivered,2017-03-02 20:08:01,2017-03-02 20:22:17,2017-03-06 07:04:35,2017-03-09 10:37:56,2017-03-24,15.75,14.52,1,1,30.27,1,1,3.0,1.0,7e0b1026da415fe973d35bc368e00109,22430,rio de janeiro,RJ,6.6041087962962965,21.161099537037035,0,30.27
7fc9c416ca9144971f5486875181bdcb,b3388d15f35b31ea10a16f59a651c9dd,delivered,2017-03-02 20:27:22,2017-03-02 20:35:19,2017-03-03 14:57:05,2017-03-13 15:34:54,2017-03-23,7.87,14.52,1,1,22.39,2,1,5.0,1.0,f2e48e534a839b28b599e1e54ee29747,14900,itapolis,SP,10.796898148148149,20.147662037037037,0,22.39
ce322da078046d3b1e267b888d563fbe,a3f3f06060fe4f8e89d4f2b8be6a8b2a,delivered,2017-03-02 20:37:08,2017-03-02 20:50:17,2017-03-03 08:06:00,2017-03-16 12:46:05,2017-03-23,129.0,49.42,1,1,178.42,8,1,5.0,1.0,118d6ab7f31bda9a1963b2f355d53312,88240,sao joao batista,SC,13.672881944444445,20.14087962962963,0,178.42000000000002
52586b1b9916f51d8bf0d76295da9f6a,5976aae2978512e829135e2df9024756,delivered,2017-03-02 20:42:10,2017-03-02 20:55:13,2017-03-03 13:51:31,2017-03-08 10:03:34,2017-03-31,45.9,15.56,1,1,61.46,1,1,5.0,1.0,35461ead8c98a12af227e4ce9efcfb0d,24830,itaborai,RJ,5.556527777777778,28.13738425925926,0,61.46
2c3a7da8d1c6190209fd4c1a9e3d79c7,320eefc764d8d3c3b9c88173c7e46943,delivered,2017-03-02 21:31:29,2017-03-04 02:15:23,2017-03-07 09:04:30,2017-03-16 18:48:06,2017-03-23,143.8,24.0,1,1,167.8,1,1,5.0,1.0,9563467c58d0288dddd8ed8ba3a7e785,31615,belo horizonte,MG,13.886539351851852,20.103136574074075,0,167.8
5444e454a2f7460db710141b6ee93990,c69199acb539193102bc2bdf55622402,delivered,2017-03-02 21:48:23,2017-03-02 22:02:29,2017-03-03 09:24:27,2017-03-08 15:14:18,2017-03-23,45.9,15.56,1,1,61.46,1,1,5.0,1.0,e3fd75d1bd4dd29ac63c05b3a8e9906c,81750,curitiba,PR,5.726331018518518,20.091400462962962,0,61.46
d3f9ddd38c360abccd5a079173772acc,770bbafb8ab5ce77d87e89ee460f1b1d,delivered,2017-03-02 21:57:49,2017-03-02 22:05:20,2017-03-03 11:35:52,2017-03-10 12:38:00,2017-03-23,21.99,14.11,1,1,36.1,1,1,5.0,1.0,8664bccb45764bda2a258145c946ae0c,20080,rio de janeiro,RJ,7.611238425925926,20.084849537037037,0,36.099999999999994
e77d85bec584c36b9558adc732947c76,117b1c66b1089ece5c2254144f37cfe6,delivered,2017-03-02 21:58:35,2017-03-04 02:25:22,2017-03-07 10:09:07,2017-03-29 15:22:38,2017-03-29,104.9,19.32,1,1,124.22,1,1,1.0,1.0,52f8d257481183eb874e5ab0558227f8,95110,caxias do sul,RS,26.725034722222222,26.08431712962963,1,124.22
bdbb8c171bf0fe78ba7607be04099506,2054ad4414cf4a7a70e5e33150efaa38,delivered,2017-03-02 22:09:37,2017-03-02 22:22:14,2017-03-03 14:05:34,2017-03-15 15:48:07,2017-03-24,89.9,14.8,1,1,104.7,4,1,4.0,1.0,b71c5db5eb2532fbc1c88f8991dcf45d,38408,uberlandia,MG,12.735069444444445,21.076655092592592,0,104.7
3981758e39dcdca8ccad652405af0974,b0daafe7a7f8cd393321fdb6f391e41f,delivered,2017-03-02 22:09:49,2017-03-02 22:22:15,2017-03-06 15:32:26,2017-03-08 10:27:41,2017-03-21,79.5,15.67,1,1,95.17,1,1,4.0,1.0,4c7131b6f8081f1fabb06d2f532d2743,5037,sao paulo,SP,5.512407407407407,18.076516203703704,0,95.17
389b5ea850fb0283bb94a04dca7750ec,ae5a05ffc3c75c6ce5c4ea82a4bc659f,delivered,2017-03-02 22:16:14,2017-03-03 22:23:34,2017-03-06 12:56:56,2017-03-22 08:42:12,2017-03-23,59.9,15.63,1,1,75.53,1,1,4.0,1.0,1a8603eb410c62875d522795e3414225,39314,chapada gaucha,MG,19.434699074074075,20.072060185185187,0,75.53
af8eabc10c9907fe66df1310db525200,914ef20b010c05ea572b275471f43f29,delivered,2017-03-02 22:24:48,2017-03-02 22:35:17,2017-03-03 14:39:08,2017-03-23 13:35:12,2017-03-29,139.99,25.72,1,1,165.71,3,1,1.0,1.0,1d84bfae762509e011e7a5c173275c17,88108,sao jose,SC,20.63222222222222,26.066111111111113,0,165.71
85543b91926dbde9debccfbeb3136483,16650a3625b6ad5f916ad982e76c30a3,delivered,2017-03-02 23:04:14,2017-03-02 23:15:08,2017-03-03 11:39:45,2017-03-15 15:09:29,2017-04-04,59.0,24.9,1,1,83.9,1,1,5.0,1.0,1e0a970f17486ad66f2560c6688d93ad,58309,bayeux,PB,12.6703125,32.038726851851855,0,83.9
134dd47f025f4b13cd82ce9e771800bb,ddfecd4bb5e482fca16929e5ece6574a,delivered,2017-03-02 23:17:18,2017-03-02 23:25:15,2017-03-06 07:31:55,2017-03-13 14:31:05,2017-03-27,109.9,23.13,1,1,133.03,3,1,5.0,1.0,7ec67b7548469c09a2afb714b096be0a,95980,anta gorda,RS,10.63457175925926,24.029652777777777,0,133.03
334366f2e22dfcecc6821c15209f0175,73b76f59bd2fc55339da0a2aa50de623,delivered,2017-03-02 23:17:38,2017-03-02 23:30:19,2017-03-03 15:21:09,2017-03-13 17:58:12,2017-03-23,189.0,15.49,1,1,204.49,8,1,4.0,1.0,0f8b5b6f77112e65e90b4ae743ecd469,38041,uberaba,MG,10.778171296296296,20.029421296296295,0,204.49
5039c86e0392fa512d40a377555e64c3,48b660b079942ad4f15f884ef1a16871,delivered,2017-03-03 00:14:01,2017-03-07 04:15:31,2017-03-07 09:51:26,2017-03-20 09:48:49,2017-03-22,38.9,10.96,1,1,49.86,1,1,5.0,1.0,68086630405120fd049f0d41aaee9a68,13054,campinas,SP,17.399166666666666,18.990266203703705,0,49.86
c91097c936cb64d71ceee3f0d99927ea,b70d76ac08b3fa25a7af749b320e1a83,delivered,2017-03-03 01:13:11,2017-03-07 04:15:17,2017-03-07 09:53:39,2017-03-10 08:07:36,2017-03-28,239.0,42.32,2,1,281.32,1,1,5.0,1.0,b153a9c1067a6994ca8b04623a5af0aa,89252,jaragua do sul,SC,7.287789351851852,24.94917824074074,0,281.32
f1b0d64e31c26320c0447cd14d66f4bf,ffbcf1eb664ce45bed8883fbcbdc2b06,delivered,2017-03-03 01:23:13,2017-03-03 01:30:14,2017-03-03 14:05:12,2017-03-20 07:06:11,2017-04-05,92.89,49.68,2,1,142.57,2,1,5.0,1.0,06c0ea6ee892364d1608ee47aa9f56a0,65725,pedreiras,MA,17.238171296296297,32.94221064814815,0,142.57
efd5f6d335841ef212ce657580faf95d,51e1fc8a17cbfb73d2374b9606c77c3f,delivered,2017-03-03 08:05:16,2017-03-03 08:15:06,2017-03-06 14:15:01,2017-03-20 07:26:03,2017-04-05,580.27,30.32,1,1,610.59,1,1,4.0,1.0,65432db1dd83d868469ce900ecbb883b,67113,ananindeua,PA,16.972766203703703,32.66300925925926,0,610.59
443aabd96751d0f91e92d34dae9f473a,9a8bbd66115e373f060351c2383b5fa0,delivered,2017-03-03 08:07:21,2017-03-03 08:21:57,2017-03-06 14:29:10,2017-03-13 11:08:51,2017-03-27,15.75,14.52,1,1,30.27,1,1,5.0,1.0,f883c98cb767e658c5b0e92b3ad65285,36307,sao joao del rei,MG,10.126041666666667,23.6615625,0,30.27
14bc69ea319de2d00a2d781ecf29df42,a92bd6e7f927b779c75918e540747576,delivered,2017-03-03 08:22:03,2017-03-03 08:30:18,2017-03-03 10:46:58,2017-03-13 09:37:55,2017-04-05,25.0,14.52,1,1,39.52,1,1,5.0,1.0,801f934599ea892467bf98b9ecf78a84,89620,campos novos,SC,10.052685185185185,32.651354166666664,0,39.519999999999996
671c1562854f03c1d68f6d48e1fa4c7d,bb5f8977c8712dcd0a599b06ca05b923,delivered,2017-03-03 08:32:31,2017-03-03 08:45:14,2017-03-06 08:47:00,2017-03-09 12:54:28,2017-03-24,59.5,17.16,1,1,76.66,2,1,3.0,1.0,91b4cc37bd28118ddabe8e7692c78f2e,7748,caieiras,SP,6.181909722222223,20.64408564814815,0,76.66
aa9f47b4e7c06b6c495bf26fff85bb17,8939f73aea3e791fb6bdc8ee40f6d018,delivered,2017-03-03 08:32:31,2017-03-03 08:45:13,2017-03-03 13:51:24,2017-03-07 18:14:00,2017-03-30,59.9,13.0,1,1,72.9,2,1,3.0,1.0,91b4cc37bd28118ddabe8e7692c78f2e,7748,caieiras,SP,4.40380787037037,26.64408564814815,0,72.9
11920e11fe97283e241e22b84dc6a89d,ca178666fc3dd7acfbb9837d9ab3388d,delivered,2017-03-03 08:34:09,2017-03-03 08:45:16,2017-03-03 09:03:05,2017-03-28 01:44:02,2017-04-03,29.9,22.28,1,1,52.18,1,1,4.0,1.0,2143f35e9d8dffecd49d0bb2d860b6ac,59143,parnamirim,RN,24.71519675925926,30.64295138888889,0,52.18
17ade9a25d129b033c406e6d31b31a85,dd7148aec251124d2e36e35ec175b66d,delivered,2017-03-03 08:55:57,2017-03-04 02:24:05,2017-03-14 10:25:43,2017-03-22 04:27:45,2017-03-24,40.0,14.52,1,1,54.52,1,1,4.0,1.0,6cdd0df4d0215b2ff3385e7c0a1abd2a,18133,sao roque,SP,18.81375,20.6278125,0,54.519999999999996
39278e2718c6f2a7b23e42f955318fcc,cac49c568ffa3efb4ad9a9aea6f76fc6,delivered,2017-03-03 08:59:20,2017-03-03 09:10:11,2017-03-09 06:04:39,2017-03-16 11:54:58,2017-03-24,29.9,15.56,1,1,45.46,1,1,5.0,1.0,525c4fbef03d74841bfece327d65c2b0,13846,mogi-guacu,SP,13.121967592592593,20.625462962962963,0,45.46
42e8893e9d0399ef8df568bc6bc24f21,00c7c6f2aaf86b1a5a386b103b67b218,delivered,2017-03-03 09:05:17,2017-03-03 09:15:16,2017-03-06 12:55:17,2017-03-13 12:09:39,2017-03-27,99.0,11.3,1,1,110.3,3,1,3.0,1.0,3edc2805e049db7e556130362bb517fc,13141,paulinia,SP,10.128032407407407,23.621331018518518,0,110.3
5d008946b4867d5a4cbfb2b94d9e1496,ac4d8a51c24011ff9d9647013254d513,delivered,2017-03-03 09:10:02,2017-03-03 09:22:00,2017-03-09 06:04:39,2017-03-10 09:45:32,2017-03-22,29.9,11.74,1,1,41.64,1,1,4.0,1.0,9b8c8faaf334cf326177267323455cab,36010,juiz de fora,MG,7.024652777777778,18.61803240740741,0,41.64
fa11f70667bca67510305f9ce43e7b25,7562a7e41076f314587489fc5b6ce3b3,delivered,2017-03-03 09:41:05,2017-03-03 09:50:12,2017-03-08 11:27:57,2017-03-13 16:12:15,2017-03-22,649.9,17.13,1,1,667.03,8,1,5.0,1.0,2f47288813d2ba527391c25ee2529db9,11441,guaruja,SP,10.271643518518518,18.596469907407407,0,667.03
19b458c5801e5fc6d67e6cf0d61b98c4,b7528f0ddb41ac295dc0cb58459adc46,delivered,2017-03-03 09:47:48,2017-03-07 04:15:17,2017-03-14 04:32:51,2017-03-17 14:45:34,2017-03-22,80.0,21.92,2,1,101.92,1,1,3.0,1.0,3644b5b6a1f536e4f864bec4106502d8,32670,betim,MG,14.206782407407408,18.591805555555556,0,101.92
ff9150d22b184f4491b6732e1ca8d81e,6f54dde5119c6224620ffb20a6ceaa82,delivered,2017-03-03 10:11:03,2017-03-03 10:21:54,2017-03-13 08:08:34,2017-04-07 10:47:18,2017-04-03,39.9,15.56,1,1,55.46,3,1,2.0,1.0,c6d9f3a4efb8527f38533dd75805d9b0,88065,florianopolis,SC,35.025173611111114,30.575659722222223,1,55.46
197e823afa23ea796ca722cc9465c923,b940eb430a669d018ef1d9e457bda1b2,delivered,2017-03-03 10:17:51,2017-03-03 10:25:14,2017-03-08 10:18:30,2017-03-13 13:44:21,2017-03-24,120.0,16.05,1,1,136.05,10,1,5.0,1.0,9a239f4ba116ec0dc07f3000fceef752,11065,santos,SP,10.143402777777778,20.5709375,0,136.05
6120dca54b9adfd072f8fd9574161063,5744920f3a64d20c68264c46e5222276,delivered,2017-03-03 10:45:26,2017-03-07 04:10:25,2017-03-08 09:43:53,2017-03-13 13:34:37,2017-03-24,119.99,17.58,1,1,137.57,1,1,5.0,1.0,e69e2b2ce493d7d2307b2588fd1614bd,28990,saquarema,RJ,10.117488425925925,20.55178240740741,0,137.57
ab114f47094abcacaf5888844db683ff,dc350d5cef089a6c9a444b4dd67811c7,delivered,2017-03-03 10:48:12,2017-03-03 10:55:16,2017-03-08 11:27:57,2017-03-14 09:26:35,2017-03-24,19.9,14.11,1,1,34.01,1,1,5.0,1.0,03e2fdfa85910de2abe170f7943eb621,20541,rio de janeiro,RJ,10.943321759259259,20.54986111111111,0,34.01
b8f907da9cac0beecc557cc50b6b02ef,4bc8074eead7a2f7b36765ef9014148a,delivered,2017-03-03 11:02:44,2017-03-03 11:15:14,2017-03-06 07:05:29,2017-03-20 15:47:28,2017-03-31,79.9,15.77,1,1,95.67,1,1,5.0,1.0,31e676ac8908725340b0a64325dbc613,13610,leme,SP,17.197731481481483,27.539768518518517,0,95.67
b374364a416f6bd7a376e466e60415a5,3de618a738030339345d8dfbf28560ad,delivered,2017-03-03 11:09:23,2017-03-03 11:22:27,2017-03-03 14:01:56,2017-03-13 14:14:40,2017-03-28,115.0,16.51,1,1,131.51,2,1,5.0,1.0,d1e8e8b6b4fe73615245aafece2c391d,21941,rio de janeiro,RJ,10.128668981481482,24.535150462962964,0,131.51
c7a41978e3a504f1f6281e82e05c07f7,34eaceb9c054e70d3902b70fa7052c77,delivered,2017-03-03 11:18:53,2017-03-03 11:30:18,2017-03-03 12:45:30,2017-03-16 15:52:19,2017-03-28,75.99,19.12,1,1,95.11,1,1,5.0,1.0,ccb07bccc29a9ab276f256444045bc47,79400,coxim,MS,13.189884259259259,24.52855324074074,0,95.11
9dc7211819545928779f926c67f9031f,83fb768fc57eab1f5d0751588b29e76e,delivered,2017-03-03 11:54:06,2017-03-03 12:02:36,2017-03-06 17:54:42,2017-03-07 09:14:18,2017-03-29,199.99,12.01,1,1,212.0,3,1,5.0,1.0,89bf67e3315301f332f5fbc7ea4ed749,3343,sao paulo,SP,3.8890277777777778,25.50409722222222,0,212.0
059a13b49c0fb6d21e423fad48ad1c44,0d50229d0a7136cf545013bb7ec32f1c,delivered,2017-03-03 11:55:51,2017-03-03 12:10:44,2017-03-06 08:57:04,2017-03-16 10:37:34,2017-03-28,139.99,26.47,1,1,166.46,6,1,5.0,1.0,5d180ffdc0b416638fc305af59e5fce1,22631,rio de janeiro,RJ,12.945636574074074,24.502881944444443,0,166.46
6b38e49992a77d12586e9cc2cc5b94a2,ad1262041fde68e95b732a9e23cc9465,delivered,2017-03-03 12:25:49,2017-03-03 13:05:35,2017-03-28 13:16:09,2017-04-01 11:59:56,2017-04-05,79.9,11.28,1,1,91.18,3,2,2.0,1.0,7c8daf13e532cbcae8439c4dd01b21ee,1322,sao paulo,SP,28.982025462962962,32.482071759259256,0,91.18
a8403ba76270af7f5fa223be10aa3a93,de95d6b39714561bc722c07bf0f3cbb1,delivered,2017-03-03 12:50:59,2017-03-03 13:10:28,2017-03-06 05:41:57,2017-03-09 09:52:31,2017-03-24,109.9,15.98,1,1,125.88,2,1,5.0,1.0,909cb8ab8a1a34fc03326a0038c2c8f8,38200,frutal,MG,5.876064814814815,20.464594907407406,0,125.88000000000001
6fe2b9f9ac8f2962d9278c7ab24d08c9,91f579c3e52918f49ae6b6dc561b3c5a,delivered,2017-03-03 13:14:46,2017-03-03 13:25:15,2017-03-06 06:47:12,2017-03-16 08:06:28,2017-04-10,137.8,42.22,2,1,180.02,8,1,5.0,1.0,f9dcc6e19ae7edae7a61dd0e3075ddcd,49025,aracaju,SE,12.785902777777778,37.4480787037037,0,180.02
6bce4e879e07d52ce8463ff404506751,a810d2a85a09ed40bbdf9e9ee4096d16,delivered,2017-03-03 13:19:35,2017-03-03 13:30:21,2017-03-09 08:50:55,2017-03-15 06:42:02,2017-03-22,47.0,11.74,1,1,58.74,1,1,5.0,1.0,60142732035263098a4907810e3d9aea,11015,santos,SP,11.723923611111111,18.444733796296298,0,58.74
7c2442a9fcc83aece6cfdc4665bba387,d109b1553c5fe3f171e2f453ea2064ef,delivered,2017-03-03 13:21:26,2017-03-03 13:30:24,2017-03-06 08:49:55,2017-03-17 12:34:29,2017-03-24,391.8,36.22,2,1,428.02,1,1,1.0,1.0,8358622f4398a86f1f4531f95d1696f4,3445,sao paulo,SP,13.967395833333333,20.443449074074074,0,428.02
18d4a70e332d1cba03d4bc1530aa3df3,8616224a68e368b807b4b4256568a570,delivered,2017-03-03 13:31:50,2017-03-04 02:25:21,2017-03-10 11:16:15,2017-03-15 14:03:28,2017-03-22,109.99,13.35,1,1,123.34,1,1,5.0,1.0,ddb034b4dc38c230137ad61b4a119045,15700,jales,SP,12.021967592592592,18.436226851851853,0,123.33999999999999
c03e2d7edc52d3ef8683b7f2e34a55cf,729b15bf469f3b62d400f30ad18e7395,delivered,2017-03-03 14:12:45,2017-03-04 06:45:15,2017-03-06 15:04:14,2017-03-20 08:54:41,2017-04-05,1450.0,84.58,1,1,1534.58,1,1,5.0,1.0,6b2af0e98d36916cbc15761bf6048220,44960,ibitita,BA,16.77912037037037,32.4078125,0,1534.58
056349f85a73d794119c4286c95a52de,03bbe0ce5c28e05f22917607db798818,delivered,2017-03-03 14:21:58,2017-03-03 14:35:09,2017-03-03 16:08:50,2017-03-17 12:52:17,2017-03-28,10.99,16.05,1,1,27.04,2,1,5.0,1.0,8f3dca4306d5a89e4ae2c65c110603a2,72465,brasilia,DF,13.937719907407407,24.401412037037037,0,27.04
0493cfcda1fbe4c59f584aeffa96c098,dca277531e8f668e6053e87b931f3b93,delivered,2017-03-03 14:22:17,2017-03-03 14:35:08,2017-03-06 11:08:16,2017-03-08 13:41:52,2017-03-27,89.0,17.36,1,1,106.36,1,1,5.0,1.0,e69e2b2ce493d7d2307b2588fd1614bd,28990,saquarema,RJ,4.97193287037037,23.401192129629628,0,106.36
ca8eaa7367f04ef547edaa942ad53386,c3b95aff4e8ce920cf04ddae0ad7b7af,delivered,2017-03-03 14:24:08,2017-03-03 14:35:08,2017-03-06 07:37:54,2017-03-13 14:38:04,2017-03-27,79.0,14.72,1,1,93.72,1,1,5.0,1.0,8ad7b8a0718ec3b848f73a9406b8cc7f,26221,nova iguacu,RJ,10.009675925925926,23.399907407407408,0,93.72
0679f01b97036fd74d1ee72a23c45426,cbdff4a20dc832dde15dd8b704801e8a,delivered,2017-03-03 15:19:52,2017-03-03 15:30:22,2017-03-06 09:39:22,2017-03-14 11:11:56,2017-03-24,99.99,28.89,1,1,128.88,2,1,4.0,1.0,aa4418ff6da1335a7d1391f8b81e100d,24913,marica,RJ,10.827824074074075,20.361203703703705,0,128.88
897eeb6af4bb0e9611c898a81a87ed34,1d405f8af09a60e4b409fa2ff9bdac35,delivered,2017-03-03 15:25:02,2017-03-03 15:42:08,2017-03-06 14:41:09,2017-03-09 09:37:37,2017-03-23,143.0,11.61,1,1,154.61,8,1,5.0,1.0,94600bfc9b8ac043b9c7670369e670a0,5185,sao paulo,SP,5.758738425925926,19.35761574074074,0,154.61
5384eba8f22866695801e33c6dc25745,afb5732a3293a4a7b3083314a9d1ac5b,delivered,2017-03-03 15:38:39,2017-03-03 15:50:22,2017-03-14 10:27:53,2017-03-28 17:24:41,2017-04-03,40.0,20.8,1,1,60.8,1,1,4.0,1.0,24a67fa6d05d41fd74f03de873fc3ce1,54430,jaboatao dos guararapes,PE,25.073634259259258,30.34815972222222,0,60.8
8a6927284335d25c41814675321cf9f4,d7e34873f26bcf3c083e4fa35d5a0c81,delivered,2017-03-03 15:44:38,2017-03-03 15:55:11,2017-03-08 09:57:20,2017-03-13 12:42:27,2017-03-27,99.9,14.87,1,1,114.77,2,1,5.0,1.0,9d010dc43261a4928c3d7061409d4021,24936,marica,RJ,9.873483796296297,23.34400462962963,0,114.77000000000001
1801c6babedcb89ced12ae5f6352f787,9afb7d75b5d928401c32b979254afc13,delivered,2017-03-03 15:48:57,2017-03-04 06:45:13,2017-03-06 14:03:45,2017-03-16 15:12:32,2017-04-07,328.0,36.75,1,1,364.75,1,1,5.0,1.0,0055b522bc89cbfbf376d8b59a628470,60851,fortaleza,CE,12.974710648148148,34.341006944444445,0,364.75
d5a2a83ddd838aa8ea9297e7d3c773fb,056e2088f4f2b7a3b6d08cceb4ab73ab,delivered,2017-03-03 15:55:48,2017-03-03 16:10:16,2017-03-06 03:48:57,2017-03-08 06:21:55,2017-03-24,21.88,9.34,1,1,31.22,1,1,5.0,1.0,337171f37d6abe2a1ff41485e1576733,4932,sao paulo,SP,4.601469907407408,20.33625,0,31.22
7198e283e4a0c1146dcc3f5bedd276c2,601d0b60b2b201e4863fc5c248c47655,delivered,2017-03-03 16:08:51,2017-03-03 16:22:19,2017-03-06 09:51:00,2017-03-10 08:58:47,2017-03-22,24.49,10.96,1,1,35.45,1,1,5.0,1.0,1bdd93c284bbff5e0c049488eb604031,13500,rio claro,SP,6.701342592592592,18.3271875,0,35.45
f2d872bfea08d627b7910014e94c7e3c,a765a1a1e99445be6ccc6cca32e491b8,delivered,2017-03-03 16:09:17,2017-03-03 16:22:21,2017-03-06 09:07:59,2017-03-20 09:43:48,2017-04-03,34.9,14.52,1,1,49.42,4,1,4.0,1.0,07df139093b720d6512c49da2980e3ee,85420,corbelia,PR,16.73230324074074,30.326886574074074,0,49.42
603ed359003f9966416e844105537b03,fd36672298845c0b3f7cd97dd2a202c5,delivered,2017-03-03 16:13:44,2017-03-03 16:25:14,2017-03-08 08:19:03,2017-03-13 10:52:33,2017-03-22,269.96999999999997,47.22,3,1,317.19,10,1,1.0,1.0,62106c91034ab800d4e0ab8ff9e678ec,11325,sao vicente,SP,9.776956018518518,18.323796296296297,0,317.18999999999994
a958c924f6b23ca49ded10f6f5aa862a,6677de4eafbe968dcf5088ccc239aa33,delivered,2017-03-03 16:33:56,2017-03-03 16:45:10,2017-03-07 11:41:07,2017-03-09 16:12:40,2017-03-22,649.0,15.15,1,1,664.15,8,1,5.0,1.0,088bf76cf4381f8f43e7be30e6635cb0,6950,juquitiba,SP,5.985231481481481,18.309768518518517,0,664.15
c1bffb64e9e46207fa132a9a4f4e1307,71ca5688e1e8f466f488a7d948b29511,delivered,2017-03-03 16:39:10,2017-03-03 16:50:17,2017-03-07 08:44:14,2017-03-22 10:19:15,2017-04-03,69.9,22.42,1,1,92.32,4,1,5.0,1.0,da811d2ee12af03f478dbdb51c24b94d,53260,olinda,PE,18.73616898148148,30.30613425925926,0,92.32000000000001
758f87ed332796046d9312299cdf1e5d,a567aa193920afd2dfc4ca7d94e9c832,delivered,2017-03-03 16:44:03,2017-03-03 16:55:20,2017-03-09 10:16:11,2017-03-15 15:54:57,2017-03-24,24.9,10.96,1,1,35.86,2,1,5.0,1.0,182a53832b938df728fab38fee56ad31,14870,jaboticabal,SP,11.965902777777778,20.302743055555556,0,35.86
f38176af08190044aef2fe48eb38365b,36563caf711bd050e626f4d58e144159,delivered,2017-03-03 16:49:00,2017-03-03 17:02:25,2017-03-07 11:18:17,2017-03-16 11:47:50,2017-03-24,299.0,16.26,1,1,315.26,3,1,5.0,1.0,068d4c8ab0671a7cfe81a0ea95e5e895,37901,passos,MG,12.790856481481482,20.299305555555556,0,315.26
139f77f83936e3fed4788e6675c1a64a,3123f2ece46a6a1aefbb82dbea259cd2,delivered,2017-03-03 17:42:10,2017-03-03 17:50:24,2017-03-07 10:15:12,2017-03-17 11:55:05,2017-04-07,650.0,21.39,1,1,671.39,12,1,5.0,1.0,7c5a7e345e74fc2a92fdf3a186bb142d,87503,umuarama,PR,13.758969907407407,34.26238425925926,0,671.39
091bd68043b7a721b0d82b5ff36304fa,64951dc059928ade3849eec4adbb689b,delivered,2017-03-03 18:02:51,2017-03-03 18:15:13,2017-03-06 18:53:43,2017-03-13 17:13:58,2017-03-24,89.9,14.8,1,1,104.7,9,1,5.0,1.0,9261f1b6e91d365ecd776fbe29d03cd6,30411,belo horizonte,MG,9.966053240740742,20.24802083333333,0,104.7
9bc7a53b5ab2e7a8e227e321292e5b61,28e8368c2fc3fe3745b999054ec07212,delivered,2017-03-03 18:23:39,2017-03-04 02:24:10,2017-03-06 08:43:42,2017-03-14 10:19:18,2017-03-24,343.4,16.57,1,1,359.97,1,1,4.0,1.0,069d3082416b15225a220a70bbeeae99,88760,rio fortuna,SC,10.663645833333334,20.23357638888889,0,359.96999999999997
6b21d4143acd1caff8e127e69aba3881,b80e22125311f4027c9e8d27f0ff9c26,delivered,2017-03-03 18:29:14,2017-03-07 04:10:34,2017-03-07 12:38:14,2017-03-17 14:45:49,2017-03-23,29.0,10.96,1,1,39.96,1,1,5.0,1.0,270998894092f5d408b78a4a8b9835c8,13044,campinas,SP,13.844849537037037,19.229699074074073,0,39.96
bc8446f693e6c406e28d5cee739dc4cd,739a32b2dfcac52c4726c626a7383e1d,delivered,2017-03-03 18:40:14,2017-03-04 02:10:29,2017-03-06 13:00:26,2017-03-13 11:30:49,2017-03-22,34.199999999999996,17.44,2,1,51.64,1,1,4.0,2.0,9895459a777c96d1f180c344fc5fdefe,8032,sao paulo,SP,9.701793981481481,18.222060185185185,0,51.64
c0800c1006480bed22d5ec0b593c2cd0,d1cfc648f3122f8f8810ab7e99a533f4,delivered,2017-03-03 18:40:16,2017-03-04 02:10:30,2017-03-08 13:24:15,2017-03-15 11:25:26,2017-03-28,19.9,8.72,1,1,28.62,1,1,4.0,1.0,9895459a777c96d1f180c344fc5fdefe,8032,sao paulo,SP,11.698032407407407,24.222037037037037,0,28.619999999999997
bc41a96f4cf87290c5447020f6ac56ba,ec0984f9b037098d69b0c09fd64d0b02,delivered,2017-03-03 18:53:17,2017-03-03 19:05:14,2017-03-10 15:21:50,2017-03-14 17:07:00,2017-03-28,1041.0,114.56,1,1,1155.56,10,1,5.0,1.0,23eeaf77f8c29ea22ced2a3fa0bc360b,79010,campo grande,MS,10.92619212962963,24.212997685185186,0,1155.56
068b0c2c80a022b71db91e7f44f5917a,18c93cf94b9ce20197cd914715d8258a,delivered,2017-03-03 19:15:35,2017-03-04 19:23:11,2017-03-14 16:45:40,2017-03-20 07:03:30,2017-03-24,159.99,67.82,1,1,227.81,1,1,5.0,1.0,ec0779db0eb278ebead59ea3fd0acfb1,22451,rio de janeiro,RJ,16.491608796296298,20.197511574074074,0,227.81
ed0bd11dccfe74e31019ba133badf088,45537bfbebb450f1f4b50fee812ecec4,delivered,2017-03-03 19:26:52,2017-03-03 19:43:09,2017-03-07 13:44:43,2017-03-22 17:22:38,2017-03-24,399.0,13.4,1,1,412.4,8,1,3.0,1.0,f6b6565ba9f6387fb0a46b9d30740488,11680,ubatuba,SP,18.91372685185185,20.189675925925926,0,412.4
f3cd6fd2bd9ec528bdd3a45d423636b9,ef81ebfc786a732f1f6df171799c30a5,delivered,2017-03-03 19:34:38,2017-03-03 19:45:16,2017-03-06 10:08:40,2017-03-15 11:41:52,2017-03-28,59.9,19.01,1,1,78.91,7,1,5.0,1.0,c59724996ebd7942901f11a2ec90defe,85460,quedas do iguacu,PR,11.671689814814815,24.18428240740741,0,78.91
fc3e5cddf41dc7757252c2fc0a6c947b,5dab1c2427a8dbb2554e753cb415e222,delivered,2017-03-03 19:35:00,2017-03-03 19:45:17,2017-03-16 08:33:07,2017-03-23 12:35:00,2017-03-30,99.9,15.81,1,1,115.71,2,1,5.0,1.0,cfdaaa0caea59b06efb4b0fb8c700684,19260,mirante do paranapanema,SP,19.708333333333332,26.18402777777778,0,115.71000000000001
7e2a281f24e01c2b6eb30c545bebb7ac,032151e5a9ba616acdac504023067484,delivered,2017-03-03 19:39:24,2017-03-03 19:50:18,2017-03-10 13:02:14,2017-03-17 15:44:21,2017-03-27,19.0,14.52,1,1,33.52,3,1,1.0,1.0,fa626aab80218f17c7c89234114ed10c,85501,pato branco,PR,13.836770833333333,23.180972222222223,0,33.519999999999996
1095806f851129963474b5f20d6520fd,a192468dc4a03af2d3c89093c26283f1,delivered,2017-03-03 19:46:10,2017-03-03 19:55:14,2017-03-14 08:15:28,2017-04-15 11:17:34,2017-03-22,84.0,13.17,1,1,97.17,5,1,1.0,1.0,70ce919779a8b3c666bb950a2affafe9,5766,sao paulo,SP,42.64680555555555,18.176273148148148,1,97.17
af3ac636ad9bd84b524effaba1214126,90a4bdf0959e73f0c09e657d9bb90d0f,delivered,2017-03-03 19:47:15,2017-03-04 19:50:20,2017-03-10 13:02:11,2017-03-22 09:23:58,2017-03-27,19.99,14.52,1,1,34.51,1,1,3.0,1.0,108c10f28afef3e87de5cc5ee055cc8e,89665,capinzal,SC,18.56716435185185,23.175520833333334,0,34.51
08b47d41b0e91577b2d62e070628b2dc,c0a3ef518d3de3d78a7a80ed0861c529,delivered,2017-03-03 20:01:50,2017-03-03 20:15:08,2017-03-14 10:25:43,2017-03-21 11:52:06,2017-03-24,40.0,14.52,1,1,54.52,1,1,3.0,1.0,c437f78e91112d9dc120311a783aff58,13481,limeira,SP,17.659907407407406,20.165393518518517,0,54.519999999999996
03a479456d2571485ebce285eef65f61,8f37df550dae5039e7ec425e50d733c7,delivered,2017-03-03 20:07:07,2017-03-07 04:23:24,2017-03-08 11:24:32,2017-03-14 09:42:07,2017-03-31,114.9,14.97,1,1,129.87,1,1,5.0,1.0,a1204ca2879c58faccd465921870dfc2,24742,sao goncalo,RJ,10.565972222222221,27.16172453703704,0,129.87
6889c740bbcca162beee27a55cbc56f4,c9c6721f8c8bbfa4b2b96de27d9fb3c0,delivered,2017-03-03 20:25:48,2017-03-03 20:43:28,2017-03-08 16:46:10,2017-03-13 11:30:55,2017-03-22,179.9,18.55,1,1,198.45,8,1,4.0,1.0,65daa3f22be546c608b380ddb808f71d,11025,santos,SP,9.628553240740741,18.14875,0,198.45000000000002
09a02e80ddcc4cb25f8ca5e46c1020ce,ef0097d76f780cd9e2e00fcc456fb344,delivered,2017-03-03 20:39:32,2017-03-03 20:50:15,2017-03-07 07:22:09,2017-03-13 13:14:59,2017-03-27,25.0,14.52,1,1,39.52,3,1,5.0,1.0,4d4a47dd2222949b57335fbe74d9448e,37270,campo belo,MG,9.691284722222223,23.13921296296296,0,39.519999999999996
179643231d5131dc81e54ce16437972f,5afb5f268ff16842dc87548c7bcb4690,delivered,2017-03-03 20:55:16,2017-03-03 21:10:16,2017-04-07 14:20:14,2017-04-12 09:58:12,2017-04-07,147.9,16.25,1,1,164.15,2,1,1.0,1.0,188ef8f9db0d9602fac4cb40302c31d2,36720,volta grande,MG,39.543703703703706,34.12828703703704,1,164.15
5037eb441ab49c481fe12cdc8e600dde,3c73e7fae1eb6c9dfb52767bf61393de,delivered,2017-03-03 21:17:03,2017-03-05 06:45:23,2017-03-14 10:25:48,2017-03-30 19:35:41,2017-03-30,29.9,19.05,1,1,48.95,1,1,5.0,1.0,1176405908f3d9251a3246e31b4ca72f,40365,salvador,BA,26.929606481481482,26.11315972222222,1,48.95
b7e1da759d7b362340fef94519f33500,f7efbfdd624903afdc318beca96f519f,delivered,2017-03-03 21:43:21,2017-03-04 21:45:13,2017-03-07 11:15:25,2017-03-13 08:52:00,2017-03-22,798.0,18.17,1,1,816.17,4,1,5.0,1.0,dde181b2643870a2c667c9c9bcd99aa6,13010,campinas,SP,9.464340277777778,18.094895833333332,0,816.17
5f4fb6276021ebd35972ce9dcccfed59,9f8a47b08f282a1515f10efd38736d8c,delivered,2017-03-03 22:03:08,2017-03-03 22:15:16,2017-03-08 09:52:30,2017-03-15 15:42:21,2017-03-24,49.99,20.5,1,1,70.49,1,1,4.0,1.0,1165862b962fad14ffe5abba1649a38a,30555,belo horizonte,MG,11.73556712962963,20.081157407407407,0,70.49000000000001
797537628c3c851dcbc329039f6a37f3,be85413da1f0a4162e820af847044451,delivered,2017-03-03 22:06:49,2017-03-03 22:15:16,2017-03-08 13:39:20,2017-03-14 12:04:00,2017-03-28,169.0,16.48,1,1,185.48,1,1,4.0,1.0,7466f7cdd2b578fcb1165a85e892ad9a,20540,rio de janeiro,RJ,10.581377314814814,24.078599537037036,0,185.48
9ecc63b839c404ca47e48f1af1f54702,269fe9714fd6a436d8394d573318d2d2,delivered,2017-03-03 23:17:53,2017-03-07 16:55:13,2017-03-08 08:35:29,2017-03-11 08:53:37,2017-03-24,99.99,28.89,1,1,128.88,1,1,5.0,1.0,131f17478755c64367696d3e75b24562,21250,rio de janeiro,RJ,7.399814814814815,20.029247685185187,0,128.88
2b233b3b91f2164ae046d169a3d975ee,de321c0e4deafe175d021b9d9b257c40,delivered,2017-03-03 23:50:26,2017-03-04 01:32:48,2017-03-07 08:44:15,2017-03-21 02:35:56,2017-04-05,69.9,26.75,1,1,96.65,2,1,3.0,1.0,fb1b0ec9f6c522636a5f619eca94d8da,68820,sao sebastiao da boa vista,PA,17.114930555555556,32.006643518518516,0,96.65
1c3ad9cd29b642c9eca00186785aa309,57a6216eb0afc73e36832f630331ffc0,delivered,2017-03-04 00:38:50,2017-03-04 01:32:28,2017-03-08 08:14:04,2017-03-16 06:34:33,2017-03-30,19.99,14.52,1,1,34.51,1,1,4.0,1.0,f8843ee8151578cf0f7f2679ea859023,85700,barracao,PR,12.247025462962963,25.97303240740741,0,34.51
aff878fbdcc993da8042d0c8edb781f6,120dfec0086ce8999e870485b9fb0f38,delivered,2017-03-04 08:04:47,2017-03-04 08:15:14,2017-03-07 10:07:04,2017-03-15 09:48:38,2017-03-23,89.1,23.48,2,1,112.58,8,1,5.0,1.0,1098d1250d5bdf8bfc6a83f26494067c,11250,bertioga,SP,11.072118055555556,18.663344907407406,0,112.58
d0735172d1bc5aae5bd8abb3675e6556,07ce73dda1f76ae4d7828e4b8a352431,delivered,2017-03-04 08:14:46,2017-03-04 09:23:01,2017-03-11 02:19:09,2017-03-28 14:03:54,2017-03-31,59.9,22.97,1,1,82.87,1,1,3.0,1.0,e6b16f1c51ac79a25ffeb0efe69a6d9a,41338,salvador,BA,24.242453703703703,26.656412037037036,0,82.87
4a884f5dad6f1f7948b09930904b6f19,86dd58b3189747a15712e95a52fb7946,delivered,2017-03-04 08:25:56,2017-03-05 08:30:08,2017-03-07 08:44:15,2017-03-10 16:23:51,2017-03-27,69.9,15.7,1,1,85.6,4,1,5.0,1.0,0e922f6fc526a5e89ae5b96df681a792,6730,vargem grande paulista,SP,6.331886574074074,22.64865740740741,0,85.60000000000001
a61122f2a4bb6c7479310694e0657167,73075f8aed30be94df728a128ae7a23a,delivered,2017-03-04 09:55:07,2017-03-07 04:05:15,2017-03-09 02:34:15,2017-03-16 09:05:54,2017-03-27,12.99,8.72,1,1,21.71,1,1,3.0,1.0,4fe67915d44791a5deab2957c2641048,2562,sao paulo,SP,11.96582175925926,22.586724537037036,0,21.71
4b81496f1e0fd587a7394ba1e1b8aebb,ea0b7ca96e72354232c17d72b8bdf66d,delivered,2017-03-04 09:55:08,2017-03-07 04:05:14,2017-03-08 17:24:42,2017-03-14 07:24:12,2017-03-23,7.8,10.96,1,1,18.76,1,1,4.0,1.0,4fe67915d44791a5deab2957c2641048,2562,sao paulo,SP,9.895185185185186,18.586712962962963,0,18.76
22c930d93c85657de22b7cf482ed42bc,14afdd8037ac12c2e1a06c68fd718e88,delivered,2017-03-04 10:02:28,2017-03-04 10:15:11,2017-03-08 11:28:22,2017-03-21 12:07:14,2017-04-06,69.0,24.48,1,1,93.48,1,1,5.0,1.0,da978feb07321ff992c49d7cd62abbe9,50721,recife,PE,17.086643518518517,32.58162037037037,0,93.48
99ed5bfea4c7e7191a2412698fc7abbb,f8ead8fa77e496442ea34c58340a7f5a,delivered,2017-03-04 10:22:53,2017-03-07 04:23:25,2017-03-08 09:42:43,2017-03-22 10:16:01,2017-04-12,13.9,16.05,1,1,29.95,1,1,5.0,1.0,c6df3869c263531ebd51f0454a353605,96020,pelotas,RS,17.995231481481483,38.56744212962963,0,29.950000000000003
8185a97f66edcfa0f558a3c6623fd8a0,67bf978c2017afdd83d5787655b02d94,delivered,2017-03-04 10:34:34,2017-03-04 10:45:14,2017-03-06 08:43:41,2017-03-16 10:31:20,2017-04-06,343.4,26.89,1,1,370.29,4,1,4.0,1.0,bce6d76e9cc90c466ba8a3d94cc42e4f,60763,fortaleza,CE,11.997754629629629,32.559328703703706,0,370.28999999999996
7a0eb0a897a19d67575a24798ba26fc5,7e4afd20ae143f73bec2e0ce84be702f,delivered,2017-03-04 10:37:13,2017-03-04 10:45:14,2017-03-08 17:26:08,2017-03-14 15:51:50,2017-03-23,72.9,11.12,1,1,84.02,1,1,4.0,1.0,9625dbb5638f8509d01ce8a4e5708395,38302,ituiutaba,MG,10.218483796296296,18.557488425925925,0,84.02000000000001
186e07e37d4253c4aaab5f2aa0cf4136,5f6a05a83bef098f3968150ebff9c19c,delivered,2017-03-04 10:39:31,2017-03-04 10:50:24,2017-03-08 12:41:36,2017-03-16 19:48:55,2017-03-27,64.9,14.21,1,1,79.11,5,2,5.0,1.0,0d7589e67977e1594c04c3bb5d4646b0,81030,curitiba,PR,12.381527777777778,22.555891203703705,0,79.11000000000001
e943e3e10c10f28b98d9f5737793c267,e0fba8b6fe7a1d8932984439d9a58ad0,delivered,2017-03-04 10:57:10,2017-03-04 11:10:15,2017-03-08 12:05:22,2017-03-22 13:58:36,2017-03-27,39.99,14.52,1,1,54.51,5,1,5.0,1.0,970144268fef8e5a97213cb79f370884,88215,bombinhas,SC,18.12599537037037,22.54363425925926,0,54.510000000000005
8ca67a00cb1a96ff0c0fee5dae267e99,2a98e9f57e5c66f9c4f12eb25f6ca6f2,delivered,2017-03-04 11:39:18,2017-03-07 03:45:25,2017-03-14 07:54:02,2017-03-20 15:08:14,2017-03-27,40.0,14.52,1,1,54.52,1,1,4.0,1.0,40827da7ee4d0f486cf722781a36eab0,21311,rio de janeiro,RJ,16.145092592592594,22.514375,0,54.519999999999996
b2a9f52374e167c4c512d27dcefe1d72,697d39c7890dec663bb0604cdc315dd4,delivered,2017-03-04 11:44:25,2017-03-04 12:03:18,2017-03-06 11:50:00,2017-03-13 09:48:54,2017-04-06,48.0,41.6,2,1,89.6,8,1,5.0,1.0,4fd6a064482fb4ef7435b59626cd7e1e,45435,itubera,BA,8.919780092592593,32.51082175925926,0,89.6
0cfb04a3e59f3ce319891d208135885b,b4c2400d9d123e1e2a5db502dac3c328,delivered,2017-03-04 12:01:29,2017-03-04 12:10:25,2017-03-06 08:49:59,2017-03-14 10:55:37,2017-03-29,195.9,19.96,1,1,215.86,2,1,5.0,1.0,db763c0a0bf80e06d26e0a5896621052,22793,rio de janeiro,RJ,9.95425925925926,24.498969907407407,0,215.86
bb12d601d6de7f1b41c4d45dfea601f2,c859d02d6f88a8939a52180de122c420,delivered,2017-03-04 12:06:29,2017-03-04 12:15:25,2017-03-08 12:41:36,2017-03-10 09:03:05,2017-03-23,49.9,8.72,1,1,58.62,1,1,5.0,1.0,a9f45a59ebb97f2e0f07a66a14cf9f56,3179,sao paulo,SP,5.872638888888889,18.495497685185185,0,58.62
21ed2fe3b38bb559c88f45cf6179f2cd,bfcf7dd426c5f7aac0d04a7aa7303c3a,delivered,2017-03-04 12:28:32,2017-03-05 06:45:13,2017-03-06 12:14:58,2017-04-04 10:35:05,2017-04-06,46.0,24.84,1,1,70.84,1,1,5.0,1.0,ae99f4ea382ddb241ec576e0d61cc20b,63908,quixada,CE,30.921215277777776,32.480185185185185,0,70.84
d9fee6ee13066c1eaaa95f24bcc8a4d8,6e2c7ae79ed263e82a5d4cacdff17326,delivered,2017-03-04 12:39:50,2017-03-04 13:05:31,2017-03-18 07:24:00,2017-03-22 13:38:37,2017-03-27,178.36,30.76,2,1,209.12,1,1,4.0,1.0,72d27a31eca277b1cb06534d631e3392,22611,rio de janeiro,RJ,18.04082175925926,22.472337962962964,0,209.12
70a2df2328c71d41c84c2ff23597df7b,e2fbfd87f1077e0bdd44a5adca62c65f,delivered,2017-03-04 12:47:10,2017-03-05 13:10:12,2017-03-06 11:39:16,2017-03-27 15:42:45,2017-04-11,1375.0,34.12,1,1,1409.12,8,1,4.0,1.0,77dc1d016a6ff92c1eb364ecb3cc6aae,62840,beberibe,CE,23.12193287037037,37.46724537037037,0,1409.12
a1226839947001dfb15c46e812c68325,f5fc15a27cadab1bcb0c0bd001499d8a,delivered,2017-03-04 13:26:19,2017-03-05 13:35:08,2017-03-06 12:09:50,2017-03-09 17:27:37,2017-04-03,59.99,18.7,1,1,78.69,7,1,4.0,1.0,60761aa1102a97708ff4d2dfc865d67c,26453,japeri,RJ,5.167569444444444,29.44005787037037,0,78.69
ea2d31e30ceb1d603ab8db32ab4404dc,3d8e9316108187a2260a005f1f99cd13,delivered,2017-03-04 13:47:57,2017-03-04 14:03:39,2017-03-06 12:48:03,2017-03-08 15:19:08,2017-03-24,89.0,8.99,1,1,97.99,5,1,5.0,1.0,cf35f043d3883b6e556804361d1c654c,3952,sao paulo,SP,4.063321759259259,19.42503472222222,0,97.99
567320164aa96555310f5c8ed6e8c5d7,1ba3670c68bda95d41ac806d86976ab0,delivered,2017-03-04 14:03:59,2017-03-04 14:15:13,2017-03-08 07:16:50,2017-03-14 13:00:30,2017-03-29,39.9,14.11,1,1,54.01,5,1,5.0,1.0,20262965ae07d2db3b197caaa56a623e,21815,rio de janeiro,RJ,9.955914351851852,24.413900462962964,0,54.01
ff7f5fd520c590ecb28347614bf26ae2,c97dea389274283c7b7407ae8cf809f8,delivered,2017-03-04 14:23:12,2017-03-04 14:35:16,2017-03-07 18:37:44,2017-03-17 11:24:06,2017-04-04,148.0,25.24,1,1,173.24,3,1,5.0,1.0,659b895fc430805f484d0beef89bf146,45570,ipiau,BA,12.875625,30.400555555555556,0,173.24
09722e140e3e1e92b67fd75e2b14b6fb,4f4f005f13bc7a3845163497199c2b00,delivered,2017-03-04 14:28:13,2017-03-04 14:42:57,2017-03-09 16:06:03,2017-03-14 11:22:10,2017-04-06,396.0,105.72,4,1,501.72,3,1,1.0,1.0,0b5da348e71b60d46741d90a45a8bc10,66087,belem,PA,9.87079861111111,32.39707175925926,0,501.72
f68d2c7cf192e85e39bd08dc995dca5c,82a5aaed30c2e07b5b0e4cb5dfcc332d,delivered,2017-03-04 14:55:42,2017-03-04 15:05:14,2017-03-06 13:37:17,2017-03-16 07:07:56,2017-03-29,199.0,23.68,1,1,222.68,7,1,1.0,1.0,0d77d20b2c7c92602b0c4ec4fe5997af,95595,cidreira,RS,11.675162037037037,24.37798611111111,0,222.68
a0de51cbad4f3e14a380e07a0b88ee7a,1d105baee439636393150693975dc2cc,delivered,2017-03-04 14:55:51,2017-03-07 04:03:13,2017-03-08 12:41:35,2017-03-17 12:25:05,2017-04-06,34.9,24.35,1,1,59.25,1,1,5.0,1.0,56ca66bcf6d0b1a37817d2ad039eafdc,76811,porto velho,RO,12.895300925925927,32.37788194444445,0,59.25
fedff8c18cd833ff96c2fb39874fb591,784858ab2fe13a7dbbb230885e0a6ad4,delivered,2017-03-04 15:03:13,2017-03-04 15:15:12,2017-03-07 07:41:50,2017-03-15 08:53:55,2017-03-27,490.0,23.51,1,1,513.51,4,1,5.0,1.0,e89f5599cf582f7dd5005596451462a5,28053,campos dos goytacazes,RJ,10.743541666666667,22.372766203703705,0,513.51
3129f1c46cd423a817ca16f066a80fb1,14448872be54e4669cc888babfdf4bc5,delivered,2017-03-04 15:23:15,2017-03-04 15:35:12,2017-03-06 16:18:54,2017-03-22 11:04:31,2017-03-31,157.9,19.7,1,1,177.6,7,1,5.0,1.0,827f51bdaa8e37bf31ff413e0a7699a4,95200,vacaria,RS,17.820324074074072,26.358854166666667,0,177.6
1cbd71feda5da8baea7160be1168fbc5,71549f745b1fd8c7d538c09e284094ab,delivered,2017-03-04 15:23:16,2017-03-04 15:35:12,2017-03-07 10:09:10,2017-03-23 14:48:13,2017-03-29,59.9,15.63,1,1,75.53,2,1,3.0,1.0,90ec0a8d2609ed45405891f011004a8f,88345,camboriu,SC,18.975659722222222,24.35884259259259,0,75.53
f9a14504eda279e33148ab16f0b231e8,2aade108824a2318fec68a76c899cea2,delivered,2017-03-04 15:23:16,2017-03-04 15:35:13,2017-03-06 12:16:26,2017-03-14 14:34:11,2017-04-04,29.9,20.8,1,1,50.7,5,1,3.0,1.0,827f51bdaa8e37bf31ff413e0a7699a4,95200,vacaria,RS,9.965914351851852,30.35884259259259,0,50.7
b2577a85da095de811cdab2a22a983ad,780f26029159cde86df8874981417738,delivered,2017-03-04 15:27:36,2017-03-04 15:43:24,2017-03-06 12:24:48,2017-03-09 18:15:08,2017-03-24,29.0,10.96,1,1,39.96,3,1,5.0,1.0,0b8a180cade91a3c75bf9f3a286edb16,6703,cotia,SP,5.116342592592592,19.355833333333333,0,39.96
5667af66694cc07bce46f7af2ed32ed6,63313fa30c9be66c8164655204ff68d4,delivered,2017-03-04 15:28:40,2017-03-04 15:43:25,2017-03-24 17:08:09,2017-04-05 12:34:35,2017-03-29,55.0,14.75,1,1,69.75,1,1,1.0,1.0,c54c21c317f9d2fe7d606bb22820d021,36400,conselheiro lafaiete,MG,31.879108796296297,24.35509259259259,1,69.75
a95612c7311ad95c69b272aaa4daa6e5,0718afa877e51051f32f3572cb7a314b,delivered,2017-03-04 15:43:23,2017-03-07 04:10:20,2017-03-13 08:07:20,2017-03-23 07:04:43,2017-04-06,50.9,17.2,1,1,68.1,1,1,4.0,1.0,bbe520bf5d2823fe8a51c526c83bc8bd,79400,coxim,MS,18.639814814814816,32.34487268518519,0,68.1
f25cd2e8e004f00c140fe6a5da9e336a,ad246c27f1d7a8e342b64ced001e13c7,delivered,2017-03-04 15:45:01,2017-03-04 16:03:20,2017-03-06 11:10:28,2017-03-17 14:22:36,2017-03-27,122.0,16.06,1,1,138.06,4,1,4.0,1.0,a4917fd5fc415e1578d73f2e71309f55,38800,sao gotardo,MG,12.942766203703703,22.343738425925928,0,138.06
9a33a8e80401e0190e9299a6547b5723,0e72c974940e1711c77d62de89ab0083,delivered,2017-03-04 15:54:18,2017-03-04 16:05:15,2017-03-07 06:57:58,2017-03-13 11:54:09,2017-03-23,249.99,44.55,1,1,294.54,1,1,4.0,1.0,93096ff32791874cc10203c670b6c065,11662,caraguatatuba,SP,8.833229166666667,18.337291666666665,0,294.54
e90f4f7e0953d4031b08ade067de9e67,bd3a507ff02b1cb5e3b209c7d745e93f,delivered,2017-03-04 16:02:45,2017-03-05 16:10:10,2017-03-06 11:08:11,2017-03-14 12:48:43,2017-03-23,129.0,13.48,1,1,142.48,1,1,4.0,1.0,b599641f400f126013e160894bd409e2,6397,carapicuiba,SP,9.86525462962963,18.331423611111113,0,142.48
3241db830366645e6a88f6384ee36cc7,439272beaa5c881ca48058d7c72109b8,delivered,2017-03-04 16:07:37,2017-03-04 16:15:23,2017-03-08 15:33:09,2017-03-14 13:34:39,2017-04-06,98.3,50.17,1,1,148.47,3,1,4.0,1.0,5af103d3f12fd83434cb97578a1e8d49,29902,linhares,ES,9.893773148148147,32.32804398148148,0,148.47
f56ef9a15044d3fcd12867e68415ee5c,0898d2aa1ac4cac189ca12c0104cbec3,delivered,2017-03-04 16:07:38,2017-03-04 16:15:24,2017-03-06 09:09:38,2017-03-14 10:32:48,2017-03-31,104.99,25.47,1,1,130.46,3,1,4.0,1.0,5af103d3f12fd83434cb97578a1e8d49,29902,linhares,ES,9.767476851851852,26.328032407407406,0,130.45999999999998
78b17b8479b96dcbe179a2c64bce00c2,41c6610c26481b3c6a075f4b09d0bae5,delivered,2017-03-04 16:08:18,2017-03-07 03:55:22,2017-03-08 13:53:54,2017-03-14 12:48:42,2017-03-23,24.9,11.74,1,1,36.64,1,1,5.0,1.0,2df13a29cbc4da6a6ec8b0d0a63d8104,8022,sao paulo,SP,9.86138888888889,18.327569444444446,0,36.64
a7172161f4280142285eebbe70b8c8fa,9dfdab8e5b4586c673627fd1bdab3d36,delivered,2017-03-04 16:14:20,2017-03-07 03:55:30,2017-03-10 16:23:43,2017-03-24 12:05:10,2017-03-29,49.9,16.05,1,1,65.95,1,1,5.0,1.0,c8bbcc4eb4aa28cec27838eb3a195303,99040,passo fundo,RS,19.82696759259259,24.32337962962963,0,65.95
a0b5b18e1a88382e88da5352bb3dcc3d,c17bd91b1e06ffc95d4b255931dfae97,delivered,2017-03-04 16:27:08,2017-03-04 16:43:13,2017-03-06 14:22:16,2017-03-15 08:03:50,2017-03-31,119.0,17.83,1,1,136.83,8,1,3.0,1.0,19dca9c19a60bebe4c0063134ee086f7,71805,brasilia,DF,10.65048611111111,26.31449074074074,0,136.82999999999998
1f21b692c9d8f0368278413ecd0878f3,f6d01e6dfb9a211be352a82eda1afca2,delivered,2017-03-04 16:52:43,2017-03-04 17:05:13,2017-03-14 10:25:45,2017-03-19 06:42:01,2017-03-27,40.0,14.52,1,1,54.52,3,1,4.0,1.0,cf512cfdf59fee3876844764595d3fff,13080,campinas,SP,14.575902777777777,22.296724537037036,0,54.519999999999996
26f48bf7cbe8a240db0273cdcfaba9b2,9bf6e9e2b2991e939e0309fa5b8016fd,delivered,2017-03-04 17:07:13,2017-03-04 17:15:11,2017-03-06 14:20:58,2017-03-10 14:22:57,2017-03-23,79.5,11.17,1,1,90.67,9,1,5.0,1.0,3d6629d2cb2da72cc86c811071f50ddd,36660,alem paraiba,MG,5.885925925925926,18.286655092592593,0,90.67
3a0b9e5f9d86c3edbceb2a6a8f637dc0,2649cfcf1f9fa77ec46cd1b4fc594a5e,delivered,2017-03-04 17:19:00,2017-03-04 17:30:15,2017-03-06 11:33:04,2017-03-11 05:29:20,2017-03-27,209.0,24.45,1,1,233.45,3,1,4.0,1.0,baaecc1725b4f63b7a7f49064288b921,3685,sao paulo,SP,6.507175925925926,22.278472222222224,0,233.45
9762ce369c139815a59772bd1efe4496,6d5097d527f1fff08f0eb49eae46dea2,delivered,2017-03-04 17:36:19,2017-03-07 04:23:22,2017-03-08 13:22:56,2017-03-13 08:07:50,2017-03-24,39.9,10.96,1,1,50.86,1,1,5.0,1.0,4d8de73bea31008a463a284851bffbd8,17032,bauru,SP,8.605219907407408,19.26644675925926,0,50.86
6dc5773abc829c019c8912d3993bc2c9,de94f0c27ccec790de091fb1c61a374d,delivered,2017-03-04 17:54:28,2017-03-04 18:05:10,2017-03-06 13:28:27,2017-03-21 02:13:51,2017-03-31,139.99,25.72,1,1,165.71,10,1,5.0,1.0,cbb2892690ef7af0ef41ecce0c28cd73,89765,paial,SC,16.346793981481483,26.253842592592594,0,165.71
dde5f036dff77c8687173aee04967268,6fbe0377694f4ac9fd265961072bf0c7,delivered,2017-03-04 18:03:03,2017-03-04 18:15:16,2017-03-07 08:37:56,2017-03-10 06:56:32,2017-03-28,20.9,14.52,1,1,35.42,1,1,5.0,1.0,0d5131c36597e631d28fa249f29cf447,9560,sao caetano do sul,SP,5.537141203703704,23.247881944444444,0,35.42
af79884abd4a25e4ed96f94bc7db48b3,b24c41e081cb6023a4248685dde92ed0,delivered,2017-03-04 18:13:30,2017-03-04 18:23:57,2017-03-06 08:59:16,2017-03-14 10:17:39,2017-04-12,119.0,23.12,1,1,142.12,4,1,3.0,1.0,6946ffdf1dc85027f50f5120ac063138,20560,rio de janeiro,RJ,9.66954861111111,38.240625,0,142.12
768828d19a7b67c4c5aa1e38def296dc,0bd1e9072528aad3d346e72102bee4f5,delivered,2017-03-04 18:33:44,2017-03-04 18:45:16,2017-03-07 07:37:39,2017-03-10 15:12:53,2017-03-30,52.9,18.12,1,1,71.02,1,1,5.0,1.0,b5177190a5290ab9335fd4f2537aaa4a,21231,rio de janeiro,RJ,5.860520833333333,25.226574074074072,0,71.02
4eaf389d62c4c959f4657e40550fb531,a21172cfe057efde8adc6efc12a66ae3,delivered,2017-03-04 19:10:53,2017-03-04 19:23:09,2017-03-06 08:41:49,2017-03-09 12:49:09,2017-03-24,79.99,14.33,1,1,94.32,2,1,5.0,1.0,176b7a029663eb80240d5d63684cf51a,6694,itapevi,SP,4.734907407407407,19.200775462962962,0,94.32
1bcc9dd1dbb385cedfcf4d96da5af4ff,6b2a1131b5665f2625535c426047add0,delivered,2017-03-04 19:17:51,2017-03-05 19:10:11,2017-03-06 14:03:40,2017-03-18 10:37:28,2017-04-10,449.0,37.59,1,1,486.59,1,1,5.0,1.0,b9e566aaeb745bb8ab0b9c1a6ef68235,64077,teresina,PI,13.638622685185185,36.1959375,0,486.59000000000003
07e59229a9b5b12c82297cc571bd8281,c1e6592cb8927ab713c7d0ddf1980c75,delivered,2017-03-04 19:28:46,2017-03-04 19:43:10,2017-03-06 10:49:49,2017-03-10 10:22:51,2017-03-31,25.0,17.78,1,1,42.78,1,1,5.0,1.0,f719e4e2ca5a005f2f8e10c540c8ebf8,26281,nova iguacu,RJ,5.620891203703704,26.18835648148148,0,42.78
69ab22fd4d1d7d39481c76b4da5b9621,0a20f53373edf1ca3cb2cafa85203d33,delivered,2017-03-04 19:30:19,2017-03-04 19:43:10,2017-03-06 09:34:50,2017-03-11 11:57:36,2017-03-23,159.9,13.7,1,1,173.6,2,1,5.0,1.0,66ca2ca7492e19de95ed449f66a8e664,8440,sao paulo,SP,6.685613425925926,18.18728009259259,0,173.6
93abdbce647cddc77973a6d8c25643b8,2f766899da1a4ed5aeac6aad33b901b2,delivered,2017-03-04 19:32:47,2017-03-04 19:45:19,2017-03-10 09:36:01,2017-03-27 13:56:17,2017-03-27,71.8,31.12,2,1,102.92,1,1,4.0,1.0,6c1dd46ea7d3dd06eccc8adc584795ec,37410,tres coracoes,MG,22.766319444444445,22.18556712962963,1,102.92
b208ce08b2c5eea655bee887eace0cfe,9380187b6f9feb21e3f3852996416927,delivered,2017-03-04 19:34:15,2017-03-04 19:45:25,2017-03-07 13:03:07,2017-03-14 13:37:51,2017-03-29,85.0,15.89,1,1,100.89,1,1,5.0,1.0,6657a018173bc1a9071b1c693af95579,8150,sao paulo,SP,9.7525,24.18454861111111,0,100.89
674e1f5ca0441058cc7fa110cb4f49eb,2eed99ae1020bfd0ff6ee54d3d547ced,delivered,2017-03-04 19:42:06,2017-03-07 04:23:16,2017-03-30 16:39:47,2017-04-01 10:07:57,2017-03-23,54.99,10.99,1,1,65.98,1,1,1.0,1.0,cc79f90b8dfa32efcbe8ea65c6a73dea,4374,sao paulo,SP,27.60128472222222,18.17909722222222,1,65.98
644da50308e4b34f47ea4a9c82557863,f55f28031bc974b2749c7cda16af0492,delivered,2017-03-04 19:44:37,2017-03-04 23:25:11,2017-03-07 09:04:32,2017-03-14 18:05:09,2017-03-23,117.3,16.97,1,1,134.27,2,1,5.0,1.0,40d63a555cb669bad5844254cca64b9b,12603,lorena,SP,9.930925925925926,18.17734953703704,0,134.26999999999998
3e160e93900d5da52f6a8e6fc88d737c,ca9d6522ba10b57d739f4ab202535b3b,delivered,2017-03-04 19:54:16,2017-03-04 20:05:11,2017-04-03 11:22:55,2017-04-03 15:18:04,2017-03-30,314.99,12.81,1,1,327.8,8,1,5.0,1.0,ae20bce4e01b94c297b87bc056200028,13920,pedreira,SP,29.808194444444446,25.17064814814815,1,327.8
9a769002f689e9dd972f6008d7312ead,aa9615c04bed4291268d1704096f9087,delivered,2017-03-04 20:09:02,2017-03-04 20:23:16,2017-03-08 13:42:06,2017-03-16 12:04:55,2017-03-29,37.9,16.05,1,1,53.95,4,1,1.0,1.0,99fb3e8774dea711bbd6f4938c0499e7,29178,serra,ES,11.66380787037037,24.160393518518518,0,53.95
53f5a7f622d498ff3eeb334b8efa7ae7,8130aff1c0475cddc4945c24074dff66,delivered,2017-03-04 20:25:11,2017-03-04 20:32:22,2017-03-06 06:47:13,2017-03-15 15:57:55,2017-03-27,43.9,17.09,1,1,60.99,1,1,5.0,1.0,fa897856f19a95faf61b1fe22bfd0ace,21331,rio de janeiro,RJ,10.814398148148149,22.149178240740742,0,60.989999999999995
42a06602c542e66dd5a4377a0270320a,8f94ce3dcd293ee4ec6135cd00220016,delivered,2017-03-04 21:08:40,2017-03-04 21:23:13,2017-03-14 16:02:25,2017-03-22 10:14:19,2017-03-31,79.9,17.3,1,1,97.2,3,1,5.0,1.0,9e7c5116bcbdb93fb0e64d300251ff1b,87010,maringa,PR,17.545590277777777,26.11898148148148,0,97.2
b1754d9afe2ab71961cf95f27257ab55,ed39eb2a370095119f9e4bfa282c7f57,delivered,2017-03-04 21:16:41,2017-03-04 21:30:11,2017-03-08 16:15:24,2017-03-13 11:34:28,2017-03-29,98.72,16.94,1,1,115.66,10,1,4.0,1.0,5a9966d51e8f4ee8e409ed208a3dfe0b,22010,rio de janeiro,RJ,8.59568287037037,24.11341435185185,0,115.66
c1631d116303f21075fc2d55b4c6e7b0,7aa06e9581e2ab90cb53dc6fcb5a7bc6,delivered,2017-03-04 21:29:01,2017-03-04 21:43:09,2017-03-09 03:32:05,2017-03-16 08:43:45,2017-03-27,40.0,14.52,1,1,54.52,1,1,5.0,1.0,e319b67896e7f6324c688fd2f33a127f,11420,guaruja,SP,11.468564814814815,22.104849537037037,0,54.519999999999996
22543ab72b10fb061808feb20d9e7531,af3c71cdd7b17c594709c89593110601,delivered,2017-03-04 22:19:42,2017-03-04 22:30:19,2017-03-06 09:35:30,2017-03-10 08:17:56,2017-03-27,89.99,15.39,1,1,105.38,1,1,5.0,1.0,c8bd8f1a05f1ad90e30aefbe2f5dc8ff,1503,sao paulo,SP,5.415439814814815,22.069652777777776,0,105.38
137e9582e80ce34b3205c7cc8466ec29,1599a28dfa97a32b693d2d3ce29bc2b2,delivered,2017-03-04 22:33:20,2017-03-07 04:23:12,2017-03-08 13:06:54,2017-03-17 12:22:06,2017-03-29,29.99,16.05,1,1,46.04,1,1,5.0,1.0,207b4e1e12eeba1c698fcd4a9d010c36,98130,julio de castilhos,RS,12.575532407407408,24.060185185185187,0,46.04
3b35dfd8bf0ca772d83708ba283e1143,14fbd36fbe6c925943633de58361ca00,delivered,2017-03-04 22:40:12,2017-03-04 22:50:19,2017-03-06 14:41:10,2017-03-10 14:58:28,2017-03-24,89.9,11.24,1,1,101.14,8,1,5.0,1.0,dc5a505acfdefc4a9e60ed4dc754a72d,15870,catigua,SP,5.679351851851852,19.055416666666666,0,101.14
30125d2cf4cec0bf9e4840def6c4e7b1,17b9497c2728831c952b554483afd9a5,delivered,2017-03-04 23:21:48,2017-03-04 23:32:55,2017-03-06 14:52:22,2017-03-13 14:09:30,2017-03-29,327.98,45.24,2,1,373.22,8,1,5.0,1.0,00eca7e1c994897d0a31bf75478f4b55,36202,barbacena,MG,8.616458333333334,24.026527777777776,0,373.22
c0221d9a3d1707e52d0a75170f33e622,1a3d17d034d62ce590495e6b1d3efc6b,delivered,2017-03-04 23:21:49,2017-03-04 23:32:16,2017-03-07 17:11:37,2017-03-13 13:14:55,2017-03-27,27.9,14.52,1,1,42.42,1,1,5.0,1.0,4d3909e77fbaf0ad2468bf01f8d4e58e,13506,rio claro,SP,8.578541666666666,22.026516203703704,0,42.42
ae76bef74b97bcb0b3e355e60d9a6f9c,3b37fb626fdf46cd99d37ec62afa88ff,delivered,2017-03-04 23:32:12,2017-03-04 23:43:26,2017-03-06 05:14:07,2017-03-09 08:33:08,2017-04-06,135.0,15.12,1,1,150.12,3,1,4.0,1.0,0005e1862207bf6ccc02e4228effd9a0,25966,teresopolis,RJ,4.375648148148148,32.019305555555555,0,150.12
3e555879d29880ec5bc189b44a6d77fa,26d94b1d9a07de33fdb22b7f172d2269,delivered,2017-03-05 04:18:49,2017-03-06 04:25:10,2017-03-06 14:23:14,2017-03-13 13:27:51,2017-03-23,40.0,10.96,1,1,50.96,1,1,5.0,1.0,3c606e4a4ce3d37a4d32ff871449f561,17280,pederneiras,SP,8.381273148148148,17.820266203703703,0,50.96
440dd5b80f076b3133c25e668e4df168,715dd4e1d91653e1bb321fddac59b55d,delivered,2017-03-05 07:26:20,2017-03-05 07:35:15,2017-03-06 10:10:53,2017-03-24 15:52:43,2017-04-13,270.0,36.76,2,1,306.76,6,2,5.0,1.0,bd5af67af7b8eccd6c6227070b9123ac,41770,salvador,BA,19.351655092592594,38.690046296296295,0,306.76
b3fecd6def645344f844fc19117ffcd8,4f848cc5e340405d56e2e6b7723bf8c1,delivered,2017-03-05 08:38:26,2017-03-06 08:42:47,2017-03-18 07:23:59,2017-03-21 12:42:12,2017-03-23,89.18,9.61,1,1,98.79,2,1,2.0,1.0,8a5fd9203379165785b1d05b786a0c44,4087,sao paulo,SP,16.169282407407408,17.639976851851852,0,98.79
00fb278a99144cc1004b3ed1452ff5e1,7a186a2e9b7fb35a7d158a5a43447b3d,delivered,2017-03-05 09:31:07,2017-03-06 09:35:22,2017-03-06 11:41:52,2017-03-10 11:38:00,2017-03-23,19.99,10.96,1,1,30.95,3,1,3.0,1.0,0a4a2b4c194b982d2ded16856464ead0,11680,ubatuba,SP,5.0881134259259255,17.603391203703705,0,30.95
de86df6ab3b291975266e6ebf8da2bf3,dc4f5706be870acda3bb46094e505062,delivered,2017-03-05 09:56:06,2017-03-05 10:05:19,2017-03-06 10:08:39,2017-03-13 08:29:53,2017-03-29,59.9,19.01,1,1,78.91,1,1,5.0,1.0,394f75d5757df3b195e34a78d73f2642,82200,curitiba,PR,7.940127314814815,23.586041666666667,0,78.91
9ad384830a3bad800634d385f5f4d435,447981b391b3ed33e5ae3e143ec1642f,delivered,2017-03-05 10:21:58,2017-03-06 10:30:18,2017-03-07 11:32:37,2017-03-09 16:08:11,2017-04-05,75.0,18.81,1,1,93.81,1,1,4.0,1.0,2cf3db4ef71026a46dcf594e2d21586a,35570,formiga,MG,4.240428240740741,30.568078703703705,0,93.81
8b5a08df8e19cb41fe82bc319d30e0c6,9a655dd46cf75a4faf768fb889bd1b12,delivered,2017-03-05 11:42:44,2017-03-05 11:55:19,2017-03-06 10:34:36,2017-03-21 15:44:16,2017-04-06,269.9,30.35,1,1,300.25,3,1,5.0,1.0,29281d12929cf6cbd6ee1dc79ee9f142,40415,salvador,BA,16.167731481481482,31.511990740740742,0,300.25
d526a4d7c1f50bfd80246d7524f8553e,18e2a2c493be2d04def97dfc2e041b4f,delivered,2017-03-05 12:05:39,2017-03-05 13:05:29,2017-03-06 15:55:18,2017-03-14 17:24:37,2017-03-27,79.9,14.73,1,1,94.63,2,1,5.0,1.0,7ea730e296b45e10f8e5de869fd87bb9,13253,itatiba,SP,9.22150462962963,21.496076388888888,0,94.63000000000001
bfb04781e6dc96f737795a633dfd1b80,da4c3e669ffed2d54146919af6a78d27,delivered,2017-03-05 12:06:25,2017-03-05 13:05:27,2017-03-06 11:20:14,2017-03-14 11:35:29,2017-03-28,65.0,14.62,1,1,79.62,1,1,5.0,1.0,53dbdd35b14654695a34ee367688cb8a,85807,cascavel,PR,8.978518518518518,22.495543981481482,0,79.62
a4aab7a5eefb01fefbe85126bf8acb94,c0d7ee1f8d98b1524b9f5ce264a5d3c1,delivered,2017-03-05 12:17:03,2017-03-05 13:05:41,2017-03-07 10:50:09,2017-03-20 09:25:41,2017-03-27,98.7,20.77,1,1,119.47,2,1,5.0,1.0,bc5d6757015e0aaeac9449fee548e2d5,38412,uberlandia,MG,14.880995370370371,21.48815972222222,0,119.47
4f55eae15690f1956ad981d54a08a22c,2442520164337b8eed2f2a9d1fee6021,delivered,2017-03-05 12:29:19,2017-03-06 02:05:14,2017-03-07 10:54:55,2017-03-14 12:27:53,2017-04-03,69.0,14.65,1,1,83.65,3,1,5.0,1.0,3cc308c68d26ccb8ee8c4e67e49aac3a,25223,duque de caxias,RJ,8.99900462962963,28.479641203703704,0,83.65
ad63b1036f777673118b46ace8ac9a27,47905cedf9b5eff2ff7136a4db4ea33a,delivered,2017-03-05 12:34:06,2017-03-05 13:05:56,2017-03-06 08:20:42,2017-03-13 14:19:01,2017-04-04,419.0,24.86,1,1,443.86,2,1,5.0,1.0,51378a8908cdc12c6545fdf842383c97,2046,sao paulo,SP,8.072858796296297,29.476319444444446,0,443.86
c1dc2aa07165a0844cc6a68cebfeae67,f7302cd809752f03603a30e3ee06696a,delivered,2017-03-05 12:57:38,2017-03-07 04:25:17,2017-03-07 12:58:14,2017-03-09 07:52:41,2017-03-23,76.0,14.3,1,1,90.3,1,1,4.0,1.0,c7879cce05a7329b9ca86568186406b6,13990,espirito santo do pinhal,SP,3.7882291666666665,17.459976851851852,0,90.3
f4ebe4ce4e9765df6954a4fbc44ed37f,6205eba809f9e95f3fa8118401f27b50,delivered,2017-03-05 13:14:01,2017-03-05 13:25:10,2017-03-09 10:51:15,2017-03-20 15:42:42,2017-04-06,72.0,26.74,1,1,98.74,1,1,4.0,1.0,a010d260a46ddce81c08ebc2bdb1f0d7,68400,cameta,PA,15.103252314814815,31.448599537037037,0,98.74
0cabda713646db439e030172e3feea6d,d42b187f05a3ad462f61b718ba871f05,delivered,2017-03-05 13:17:31,2017-03-05 13:30:20,2017-03-07 09:17:36,2017-03-21 11:47:32,2017-04-04,289.0,60.1,2,1,349.1,10,1,5.0,1.0,cbebce165db72a2bfba9e81a3411bdf7,51150,recife,PE,15.937511574074074,29.44616898148148,0,349.1
16bd7305ef0477841c92abb93ddf72c4,05cca96fef99684c5a5cb586bd025104,delivered,2017-03-05 13:24:53,2017-03-05 13:35:10,2017-03-06 08:43:48,2017-03-28 13:47:53,2017-04-04,89.9,22.59,1,1,112.49,3,1,4.0,1.0,cc7c565c841326ad6382a3ee96fd19bf,78890,sorriso,MT,23.01597222222222,29.44105324074074,0,112.49000000000001
77f769edc06f5c320e6ee92b14400f30,309b553ce7f369bdd3c8ef6032ac9b45,delivered,2017-03-05 13:29:20,2017-03-05 13:42:56,2017-03-09 12:41:49,2017-03-21 10:52:07,2017-03-27,89.9,17.37,1,1,107.27,3,1,4.0,1.0,407666270779394ff161e5723c1144ca,11628,sao sebastiao,SP,15.890821759259259,21.437962962962963,0,107.27000000000001
2ca70b2f655793dd6a6d502a0cd0dd9a,226c3dcc38c3e3e3e76c3717f4e2375b,delivered,2017-03-05 13:29:41,2017-03-05 13:42:54,2017-03-06 12:22:09,2017-03-17 15:37:53,2017-03-27,199.0,15.56,1,1,214.56,4,1,5.0,1.0,84703dcda053e1638663b0b65366af72,36033,juiz de fora,MG,12.089027777777778,21.43771990740741,0,214.56
e80e2664d9e641d53ecead2bda1c5879,c00d2790175a7606d80d2a6b105390ca,delivered,2017-03-05 13:54:39,2017-03-06 13:10:59,2017-03-08 13:22:31,2017-03-14 11:42:47,2017-03-28,19.9,14.11,1,1,34.01,3,1,3.0,1.0,58aa21fb124635b10d46f253b0f65348,22441,rio de janeiro,RJ,8.908425925925926,22.420381944444443,0,34.01
e14f99f488bd5610101ea33be3ce33d1,fcf7a60d70eb39ab02f9e40186a5fa9a,delivered,2017-03-05 14:10:40,2017-03-07 03:45:19,2017-03-07 09:57:27,2017-03-16 19:17:56,2017-04-03,64.9,14.62,1,1,79.52,1,1,5.0,1.0,b0316a50c00dfbd2a92a3d4dfee4b0a2,13450,santa barbara d'oeste,SP,11.21337962962963,28.409259259259258,0,79.52000000000001
c3adfb7dccc4a164923c5813219dc39f,9a8ad886dfa1417b5e3a1907fa292e68,delivered,2017-03-05 14:27:03,2017-03-05 14:35:11,2017-03-06 11:20:15,2017-03-13 09:07:39,2017-03-30,65.0,16.15,1,1,81.15,1,1,5.0,1.0,58a111e6a937858071e5544ac6238bb3,20231,rio de janeiro,RJ,7.778194444444445,24.397881944444446,0,81.15
9bad44921c98e1f220a667504bcffb9e,c5de7db594b246f428940ced283125bd,delivered,2017-03-05 14:28:33,2017-03-06 14:35:20,2017-03-10 06:11:38,2017-03-27 14:28:53,2017-04-06,399.0,49.3,1,1,448.3,10,1,5.0,1.0,8c792a4fb7f5d708257abf55fa899ce8,69918,rio branco,AC,22.00023148148148,31.396840277777777,0,448.3
e9a1f1bac2a48afae0dbe612a3aa684b,312d2499b6da3d5ec2c8b3dc6cddc6a4,delivered,2017-03-05 15:02:00,2017-03-05 15:10:18,2017-03-13 08:07:50,2017-03-22 15:22:12,2017-04-06,50.9,17.2,1,1,68.1,6,1,5.0,1.0,1c5315214406c92210fc7b7586907074,94940,cachoeirinha,RS,17.014027777777777,31.37361111111111,0,68.1
ba22840a24058d908b366cc202de7b7e,837cdc06f07712aecc5ef8932f4af38d,delivered,2017-03-05 15:20:06,2017-03-05 15:30:14,2017-03-06 10:34:34,2017-03-10 09:11:55,2017-03-29,160.0,17.37,1,1,177.37,2,1,4.0,1.0,20d93ccef8bcc44227243e23ee009b42,5782,sao paulo,SP,4.744317129629629,23.361041666666665,0,177.37
b0874cef1bc851d609f25d264fce7b4b,eddf431fc12240a0975043db10c54b74,delivered,2017-03-05 15:26:55,2017-03-05 15:42:48,2017-03-06 11:41:57,2017-03-10 11:08:03,2017-03-23,19.9,8.72,1,1,28.62,1,1,5.0,1.0,018ad5828f8f66b69604caabd0aa78ca,2545,sao paulo,SP,4.820231481481481,17.35630787037037,0,28.619999999999997
91415c7eb3a9313812484623efc7ee27,ad7d1dec89146bb2a687f98dd2f9d227,delivered,2017-03-05 15:27:03,2017-03-05 15:35:18,2017-03-06 11:41:54,2017-04-11 14:03:40,2017-03-27,19.99,14.11,1,1,34.1,3,1,1.0,1.0,60766ca7cf3e2ac5cc1c481f4f393e06,21735,rio de janeiro,RJ,36.94209490740741,21.35621527777778,1,34.099999999999994
b59cf01a46ed2ffd1319e181d3ac2217,3b90bb11f66915b3f23a14637ba4f96a,delivered,2017-03-05 15:35:01,2017-03-05 15:45:15,2017-03-06 11:20:11,2017-03-15 11:35:45,2017-04-03,65.0,17.88,1,1,82.88,1,1,5.0,1.0,7e796a8eb4eda5643bdd008b8681c78c,70385,brasilia,DF,9.833842592592593,28.35068287037037,0,82.88
967ed7a1aa1d6b190c903a3daa815f02,058abae409b8feebc30f284da465a1ff,delivered,2017-03-05 15:51:55,2017-03-05 16:05:12,2017-03-06 14:41:12,2017-03-27 14:12:33,2017-03-30,179.8,32.66,2,1,212.46,6,1,2.0,1.0,61d6e3e6f112347f587c586ae6819af0,98802,santo angelo,RS,21.930995370370372,24.338946759259258,0,212.46
ac09156639c3a0b85f197bda6a3f42d2,8a97f6fb59a5e99ae5d9e14c7d8040d5,delivered,2017-03-05 16:04:02,2017-03-05 16:15:21,2017-03-10 10:21:01,2017-03-30 15:47:55,2017-03-27,179.9,15.43,1,1,195.33,1,1,4.0,1.0,7f691d94a2f8318d4b02a1bb4e1a73bd,11700,praia grande,SP,24.98880787037037,21.330532407407407,1,195.33
e5733d3b62d5801dc002212d48f5cd89,ecdc08c51f6d63e91243f052db3a5bae,delivered,2017-03-05 16:07:37,2017-03-05 16:15:22,2017-03-06 09:09:42,2017-03-16 09:21:37,2017-04-06,104.99,35.35,1,1,140.34,1,1,4.0,1.0,5dad5f94b67d63bfbb4c0286aacccab3,55004,caruaru,PE,10.718055555555555,31.328043981481482,0,140.34
de969b697705a8e3239d2f760c644c8a,b9d6a058e30a927c653a4d74412921ab,delivered,2017-03-05 16:10:01,2017-03-05 16:25:11,2017-03-06 13:37:12,2017-04-18 15:28:21,2017-04-06,44.9,20.8,1,1,65.7,1,1,5.0,1.0,7c095d9664619908c53b522e147f8ff7,48355,apora,BA,43.97106481481482,31.326377314814813,1,65.7
6eab6f37ff2d390d23be84642739b500,27768518f44c74470bd1f7dc0533c001,delivered,2017-03-05 16:14:41,2017-03-05 16:25:13,2017-03-06 10:15:59,2017-03-15 05:14:07,2017-03-30,259.0,20.4,1,1,279.4,5,1,5.0,1.0,6dc8abae1493d294e5b863a73ad7c975,23970,parati,RJ,9.541273148148148,24.323136574074073,0,279.4
e928cc82f61f2dcab3ad58d6e7200224,5a2f4859466ef95b97e4029363d43433,delivered,2017-03-05 16:15:22,2017-03-05 16:25:15,2017-03-07 11:24:53,2017-03-10 10:23:38,2017-04-04,60.0,124.80000000000001,6,1,184.8,10,1,5.0,1.0,fdf65667a9e7cf2d1632e973bc66a544,30150,belo horizonte,MG,4.755740740740741,29.322662037037038,0,184.8
8774d6fb5a8c64bbb720a8271eb207c0,3064a79760daecc32557164058582b7a,delivered,2017-03-05 16:21:27,2017-03-05 16:30:20,2017-03-06 14:01:10,2017-03-13 11:36:43,2017-03-29,99.9,17.13,1,1,117.03,10,1,5.0,1.0,cf3a12e8b394f94f9244d320080df100,30881,belo horizonte,MG,7.8022685185185185,23.3184375,0,117.03
6014de3ed0a310e59ac664e276af54eb,71d824a92863847504035325c4865f7e,delivered,2017-03-05 16:46:02,2017-03-07 03:43:17,2017-03-07 10:50:08,2017-03-13 18:52:03,2017-03-27,29.99,14.11,1,1,44.1,1,1,5.0,1.0,4786095d5d01fa91f67a87184280f6ff,30840,belo horizonte,MG,8.087511574074075,21.301365740740742,0,44.099999999999994
81ee72663ec8c48b97ba61fa03f3f7a0,4088ae1433b8ecc31a778ee95b85298e,delivered,2017-03-05 17:00:22,2017-03-07 03:50:28,2017-03-08 16:04:00,2017-03-13 11:12:41,2017-03-27,18.99,14.52,1,1,33.51,1,1,5.0,1.0,637f0ad21129367d3b8636753ed1058b,36420,ouro branco,MG,7.758553240740741,21.291412037037038,0,33.51
f811812f4598bc238e5006ba2acf8b4b,8003beed69b7930e175731e7d69f6563,delivered,2017-03-05 17:06:14,2017-03-05 17:15:15,2017-03-06 09:54:54,2017-03-09 14:19:06,2017-03-27,44.5,14.11,1,1,58.61,1,1,5.0,1.0,e24971b909303cb4778b916e9f030e90,31160,belo horizonte,MG,3.883935185185185,21.28733796296296,0,58.61
80bb8e6802ed134ab01c6c5ac52f0647,540253928d482f56114c57accd3d9465,delivered,2017-03-05 17:09:21,2017-03-05 17:15:15,2017-03-08 09:22:44,2017-03-23 12:51:44,2017-04-04,129.9,29.95,1,1,159.85,1,1,5.0,1.0,a26923842544a74bcbcb25dca76e47e3,58233,araruna,PB,17.821099537037036,29.285173611111112,0,159.85
6fcbf1246440ef1de682fcab6ad5757d,d2b401a6c35de1f9edb7eafa56e43e76,delivered,2017-03-05 17:09:24,2017-03-05 17:15:12,2017-03-06 08:43:50,2017-03-14 10:46:03,2017-03-31,94.9,19.36,1,1,114.26,2,1,5.0,1.0,335fd9357dc8243c70bab62afefecfd0,29010,vitoria,ES,8.733784722222222,25.285138888888888,0,114.26
78b0df67ddee0b34012114100c7a549d,9f83cd10077cb0b96225321ab81fdbee,delivered,2017-03-05 17:16:27,2017-03-05 17:30:07,2017-03-07 18:07:48,2017-03-10 06:05:12,2017-04-03,20.9,10.96,1,1,31.86,1,1,1.0,1.0,ca673da04bafc17b02ebbfdca14e0200,1455,sao paulo,SP,4.533854166666667,28.280243055555555,0,31.86
78441b03179176f2ef199bdbb9287f51,fd4e9ef0a0c57a091635bfd5e7a89f88,delivered,2017-03-05 17:27:31,2017-03-05 17:35:19,2017-03-07 08:44:54,2017-03-13 14:38:00,2017-04-03,20.9,17.78,1,1,38.68,3,1,5.0,1.0,fc06116082a6e23a21072673c4eb12f3,45700,itapetinga,BA,7.882280092592593,28.27255787037037,0,38.68
baa236e595125eae9865b38b2f1b7240,b660db37d14a783ec1dd53491cdcfca3,delivered,2017-03-05 17:56:53,2017-03-05 18:05:15,2017-03-07 08:44:53,2017-03-10 06:47:42,2017-03-28,19.9,14.52,1,1,34.42,1,1,5.0,1.0,798521769d378407b587dcee426d9f56,7032,guarulhos,SP,4.535289351851852,22.252164351851853,0,34.42
dac9fc94a81081df3d4748c438111b9d,5f70962012a0b62ea16b374c894e6438,delivered,2017-03-05 18:26:04,2017-03-05 18:35:16,2017-03-06 12:09:55,2017-03-08 14:38:10,2017-03-23,59.99,11.81,1,1,71.8,1,1,5.0,1.0,37873a7d4b0e611c384a388b729a176b,7251,guarulhos,SP,2.841736111111111,17.231898148148147,0,71.8
4c01326cb869a9ad39093aced5dc4e3b,4877407d4e9ba29ba5d577213f20e1bc,delivered,2017-03-05 18:35:16,2017-03-05 18:50:05,2017-03-09 11:19:08,2017-03-13 14:03:42,2017-03-23,21.98,21.06,2,1,43.04,2,1,4.0,1.0,886d5f561ce675d06c8d7e05cb04f4de,5520,sao paulo,SP,7.811412037037037,17.22550925925926,0,43.04
97e24377140a4eccdc29f62c6a965df7,a25b57cb6a2581ee8be1e52e0b903620,delivered,2017-03-05 19:01:30,2017-03-05 19:10:13,2017-03-06 12:08:37,2017-03-10 11:36:07,2017-03-29,65.97,16.89,1,1,82.86,1,1,5.0,1.0,e56b88632cfe45c9c25b345e055683db,70673,brasilia,DF,4.690706018518519,23.207291666666666,0,82.86
dbb0da1abcce904dc52dd60ae31d5c12,e8b585de845954e2d1e4cad1aaf32167,delivered,2017-03-05 19:19:22,2017-03-05 19:30:17,2017-03-08 13:39:02,2017-04-05 12:58:29,2017-04-06,25.0,14.52,1,1,39.519999999999996,1,2,5.0,1.0,142f18a4a7cd370e40b64f34baf14a6a,83055,sao jose dos pinhais,PR,30.735497685185184,31.194884259259258,0,39.519999999999996
01c139e11e826da7bf9782cf1ee904bf,d4e19535b2f75f549d799b3841795ce6,delivered,2017-03-05 19:25:45,2017-03-05 19:35:12,2017-03-08 11:39:37,2017-03-14 09:54:24,2017-03-27,339.99,12.99,1,1,352.98,10,1,4.0,1.0,c4750b080e135d87328222826982fe39,14460,cristais paulista,SP,8.603229166666667,21.19045138888889,0,352.98
205214f7f27b2cea7e82fb18e87a9369,1278e26f72676a29d4f3e6ab0520fee8,delivered,2017-03-05 19:41:00,2017-03-05 19:55:13,2017-03-08 11:24:33,2017-03-10 17:38:00,2017-03-23,19.9,8.72,1,1,28.62,2,1,5.0,1.0,bb24756b504d3629fd789f20abc721d9,4195,sao paulo,SP,4.914583333333334,17.179861111111112,0,28.619999999999997
c216922ad3d667fb17d7c7b6843efaab,55720455a62e996f16d67a65128746bb,delivered,2017-03-05 19:51:44,2017-03-05 20:03:00,2017-03-09 11:42:04,2017-03-13 14:53:37,2017-03-27,48.0,15.11,1,1,63.11,1,1,5.0,1.0,9e0de2663748a644d79b37d5d9bdec1f,21020,rio de janeiro,RJ,7.792974537037037,21.17240740740741,0,63.11
547c0db33c070cc0ddc35ad17750c6f3,d051e78ab899b602d57f5edaca78bfbe,delivered,2017-03-05 20:17:09,2017-03-05 20:30:20,2017-03-06 09:38:33,2017-03-10 09:09:26,2017-04-03,25.9,14.52,1,1,40.42,1,1,5.0,1.0,b68a98377d20140feaa17eeb61687459,36570,vicosa,MG,4.53630787037037,28.154756944444443,0,40.42
953e5c1feb295e2fc31bcc8ee7a9f58e,95bed2046015bdb70ca082d4457cde38,delivered,2017-03-05 20:18:30,2017-03-06 20:25:20,2017-03-07 11:02:07,2017-03-09 16:34:41,2017-03-27,49.99,17.09,1,1,67.08,2,1,5.0,1.0,c5028993f05dea753d3f863168ffe23d,6386,carapicuiba,SP,3.844571759259259,21.153819444444444,0,67.08
862d51a2b8b8a73b22b22b1502c6335b,b454e4fe9898493eea94ae9c2b708ba5,delivered,2017-03-05 20:27:18,2017-03-05 20:43:09,2017-03-07 11:47:59,2017-04-03 09:37:55,2017-03-27,69.0,20.56,1,1,89.56,1,1,5.0,1.0,511ab1889f435deeb6c95df80fc09809,88034,florianopolis,SC,28.549039351851853,21.147708333333334,1,89.56
d7fff2e689eef0b359f58c2dbc4084e6,f9fec28e6ee86a722d3d5ff5e56d117f,delivered,2017-03-05 20:31:56,2017-03-05 20:43:11,2017-03-07 16:54:07,2017-03-09 20:57:19,2017-04-17,165.05,21.79,1,1,186.84,3,1,5.0,1.0,3b950ab19a8ea0fe5940db82bcc46579,70772,brasilia,DF,4.017627314814815,42.14449074074074,0,186.84
550e1d4daa21983f7bac6b2f83c40365,a2525dd8bdfff742ec033935e24d66ec,delivered,2017-03-05 20:49:55,2017-03-05 21:02:47,2017-03-14 11:21:55,2017-03-21 12:27:54,2017-03-27,29.9,15.56,1,1,45.46,4,1,5.0,1.0,afd7854781ccdc3222b69421f9c7c6ee,70293,brasilia,DF,15.651377314814814,21.132002314814816,0,45.46
d04aa7a56c20579debaf2cd69ce4dd73,d5f0e4db4039669c25d1d1fe428c8bcb,delivered,2017-03-05 20:49:57,2017-03-05 21:02:48,2017-03-08 10:40:40,2017-03-21 10:27:45,2017-03-31,219.8,38.72,2,1,258.52,4,1,5.0,2.0,afd7854781ccdc3222b69421f9c7c6ee,70293,brasilia,DF,15.567916666666667,25.131979166666667,0,258.52
54e18621b0dcda1233f2d5bda4effa58,34276b3f27fe1d0bf5e96b9b42c1cc1f,delivered,2017-03-05 21:13:47,2017-03-07 04:30:19,2017-03-07 09:23:37,2017-03-21 12:05:40,2017-04-10,84.8,35.04,1,1,119.84,1,1,1.0,1.0,9ce4bf9244562cfafdf6bc5197322ab4,60425,fortaleza,CE,15.619363425925926,35.11542824074074,0,119.84
c224a880841d56f37bdae6fe71fb8540,97a2b94eabebd1d79f9ba6ace3ae5757,delivered,2017-03-05 21:23:38,2017-03-05 21:35:10,2017-03-06 13:42:33,2017-03-18 10:57:44,2017-03-27,89.99,20.71,1,1,110.7,2,1,4.0,1.0,ffe2dd1f3b0cbf0b5f35e818ec03c49b,22770,rio de janeiro,RJ,12.565347222222222,21.108587962962964,0,110.69999999999999
fd766da8b074a9d9399eee9b28525f83,3b31d1a929da02500930b2d475bcac0c,delivered,2017-03-05 21:24:53,2017-03-05 21:35:10,2017-03-06 08:41:50,2017-03-14 18:12:01,2017-03-28,79.99,18.84,1,1,98.83,1,1,4.0,1.0,dc72d84effd751fe08996e409a9063a0,25575,sao joao de meriti,RJ,8.866064814814814,22.107719907407407,0,98.83
1e8ff8bb172260d3d1b60936246867e0,a95312ffd04423192ae11e4b7ab7ee64,delivered,2017-03-05 21:27:29,2017-03-05 21:35:15,2017-03-09 08:43:41,2017-03-10 13:44:50,2017-03-27,14.0,14.11,1,1,28.11,1,1,4.0,1.0,44491fdcc43feb4c05efc30bff6a07d4,31270,belo horizonte,MG,4.678715277777778,21.10591435185185,0,28.11
7280e73216120ebb4358a41b3d947e5e,56b4e0d69de2103592f10d1e63fec834,delivered,2017-03-05 22:02:38,2017-03-05 22:10:19,2017-03-14 09:17:51,2017-03-22 12:35:12,2017-03-31,72.99,23.06,1,1,96.05,6,1,5.0,1.0,3d5ee12ffbcb44147038950c94c9e78d,75390,trindade,GO,16.605949074074076,25.08150462962963,0,96.05
e1d102f12364768054a07dfa10fc43cc,f58c14ad1417ae5e8f9c6d0f9f6aec24,delivered,2017-03-05 22:11:02,2017-03-05 22:25:16,2017-03-06 09:38:29,2017-03-23 15:06:37,2017-03-27,15.12,15.56,1,1,30.68,1,1,5.0,1.0,04a5a9b154c83e4b19258dcd0e4476ed,85118,palmeirinha,PR,17.705266203703705,21.075671296296296,0,30.68
b096dc568c99f644a9b4450068053521,13bed793d521d388809a0381e2935d27,delivered,2017-03-05 22:19:19,2017-03-05 22:30:16,2017-03-16 12:12:52,2017-03-24 15:12:21,2017-03-23,112.0,11.44,1,1,123.44,12,1,2.0,1.0,c8d11d072b5bb5a782e1db5a00df96ba,8020,sao paulo,SP,18.70349537037037,17.069918981481482,1,123.44
8d785027a8353d2f17d76f05b73f86ef,ee90f96e60f6d84ca036056c4f1f638d,delivered,2017-03-05 22:38:18,2017-03-05 22:50:17,2017-03-17 07:33:58,2017-03-21 17:43:41,2017-04-24,89.54,17.47,1,1,107.01,3,1,5.0,1.0,fd4f1bb778159835b762d9e0a19de23f,86300,cornelio procopio,PR,15.795405092592592,49.056736111111114,0,107.01
c788aeedf593229d4ee84e790c2e5483,838aa327b0491d3cb3e9c1c6d9bb382c,delivered,2017-03-05 22:44:58,2017-03-05 22:55:40,2017-03-06 08:48:21,2017-03-20 07:23:36,2017-04-04,89.9,27.1,1,1,117.0,2,1,5.0,1.0,116490c868c239247db4417b68c9b435,48750,retirolandia,BA,14.360162037037037,29.05210648148148,0,117.0
4eb3a441cbc81bd1c7d4449e569ae605,79a8a1cf74f02d3c312f7543733b8c85,delivered,2017-03-05 23:01:56,2017-03-05 23:10:20,2017-03-07 06:57:52,2017-03-15 15:11:54,2017-03-23,109.9,24.05,1,1,133.95,1,1,5.0,1.0,82e408d35b53ac7fd55751ae4986079e,14801,araraquara,SP,9.673587962962962,17.040324074074075,0,133.95000000000002
b65d2760746d1872f57f872c7c881c4c,594d026e19325c3e1a570e17b0cc0543,delivered,2017-03-05 23:21:34,2017-03-05 23:30:17,2017-03-07 08:44:14,2017-03-20 07:06:08,2017-04-04,69.9,22.42,1,1,92.32,1,1,4.0,1.0,aa35650a86af4216f8a8a5c90339bdd7,98870,girua,RS,14.32261574074074,29.026689814814816,0,92.32000000000001
9a5463c5be32caedf26ee1c5af6b5459,f5383e357cfe5999fbb5d86f07765cc0,delivered,2017-03-05 23:22:58,2017-03-05 23:35:18,2017-03-07 15:36:07,2017-03-13 11:05:41,2017-03-23,149.9,16.16,1,1,166.06,1,2,5.0,1.0,aad964146b7448ec82b49fdbef60160b,14401,franca,SP,7.487997685185185,17.025717592592592,0,166.06
265f4e28ef8cf69f8445e2951bbe7343,c572fd6cdd98e87ea2bc433b6da21078,delivered,2017-03-06 00:14:28,2017-03-06 00:33:11,2017-03-06 09:54:32,2017-03-20 09:28:56,2017-04-11,39.9,24.84,1,1,64.74,1,1,4.0,1.0,3e45b1d69bfaf0b7963cbb9dd00196f7,76877,ariquemes,RO,14.385046296296297,35.989953703703705,0,64.74
5921c611401f52ff910cf826ea169367,543498dc5e59976cbd3821712ab1a847,delivered,2017-03-06 00:43:52,2017-03-06 01:05:46,2017-03-06 09:09:39,2017-03-21 12:27:54,2017-04-06,104.99,35.35,1,1,140.34,3,1,5.0,1.0,6939717d743238011a47e518991b60d6,76829,porto velho,RO,15.488912037037037,30.969537037037036,0,140.34
0cb617c8bf1a34cf77947ac7d8b393f0,6344d00636d39fababe43b09e0159ca2,delivered,2017-03-06 00:52:32,2017-03-06 01:05:48,2017-03-07 13:34:57,2017-03-13 21:15:00,2017-03-23,49.9,10.96,1,1,60.86,6,1,1.0,1.0,f2259b88912a5efe2ed988413d1f923a,13419,piracicaba,SP,7.848935185185185,16.96351851851852,0,60.86
a4d541965fdf41f59fcbdd53630627b9,3e4cc55b37b733a77f767349b2d350db,delivered,2017-03-06 00:54:20,2017-03-07 04:10:16,2017-03-08 10:42:02,2017-03-13 14:23:53,2017-03-24,59.0,12.01,1,1,71.01,1,1,5.0,1.0,26c0bfbdd892ad1e329c86c7cb975b70,19880,candido mota,SP,7.5621875,17.962268518518517,0,71.01
57036fa92425953d26c370e6fd4b3943,d824ec16e5d17a3e12b51b5b6fdeb2e5,delivered,2017-03-06 01:03:37,2017-03-06 01:10:15,2017-03-09 09:21:57,2017-03-13 12:15:11,2017-03-27,139.99,21.06,1,1,161.05,1,1,4.0,1.0,34fd99b7879fcbf0cdb65186a2c0560a,7953,francisco morato,SP,7.46636574074074,20.95582175925926,0,161.05
8b8c17015e5e5bea026c24e0f03c9dcf,1d53f05ca91642eb19cd75a96296c152,delivered,2017-03-06 02:21:22,2017-03-06 02:30:17,2017-03-14 11:21:55,2017-03-30 08:00:03,2017-04-04,59.8,44.56,2,1,104.36,10,1,5.0,1.0,ccffe6a3f1dd5ebcbccf5de6c1b9e5c5,97650,itaqui,RS,24.23519675925926,28.901828703703703,0,104.36
84f72613dabd8b11141ae6e2710c413c,c5ad72b2f05ae78bf8e25ff9865d6e2f,delivered,2017-03-06 07:36:04,2017-03-06 07:50:10,2017-03-08 14:23:58,2017-03-10 10:23:37,2017-03-23,32.99,8.72,1,1,41.71,1,1,5.0,1.0,d10f3e7c372e6f22315cabf55de3bef3,4403,sao paulo,SP,4.1163541666666665,16.683287037037037,0,41.71
65f72c812ba4ca1ebb3c3558c69d5693,b9e05b51f388a0fbeee7caa11813f044,delivered,2017-03-06 08:02:11,2017-03-06 08:10:16,2017-03-07 07:37:39,2017-03-09 10:12:26,2017-03-28,52.9,11.75,1,1,64.65,1,2,5.0,1.0,333f6b9777069c0e20d81f6cea06c631,5844,sao paulo,SP,3.090451388888889,21.665150462962963,0,64.65
744ce2fe884a45093b4a3df391cb16c5,19f76fe12db5d155a6ac210dedaba149,delivered,2017-03-06 08:44:37,2017-03-06 08:55:14,2017-03-14 11:21:54,2017-03-30 14:14:15,2017-03-31,40.0,17.78,1,1,57.78,1,1,5.0,1.0,66c5c92ccc2532647e4db3f2aed18860,49020,aracaju,SE,24.228912037037038,24.63568287037037,0,57.78
e934b2954c4889c8f00365ddf0ca9256,f7e1e56f489ab7f79c3038d4ccc571b2,delivered,2017-03-06 09:00:37,2017-03-06 09:10:14,2017-03-06 10:47:49,2017-03-14 04:58:59,2017-03-27,38.5,15.56,1,1,54.06,1,1,3.0,1.0,574f5d9a334a2c41da10e7c1eb917526,13054,campinas,SP,7.832199074074074,20.624571759259258,0,54.06
d4de6d0debe2df72c4ccf399d9a7acaf,a1e5248dbcbe64e29f9c09f723033a36,delivered,2017-03-06 09:08:46,2017-03-07 03:35:12,2017-03-07 08:46:01,2017-03-16 18:45:46,2017-03-31,104.99,25.47,1,1,130.46,1,1,4.0,1.0,2f6798325e3b704a39dc30b96f91d162,29046,vitoria,ES,10.400694444444444,24.61891203703704,0,130.45999999999998
015183dcb37f19e0456905fa5aac0b69,8148b073080f653d3a86ef8fc3dd6b43,delivered,2017-03-06 09:23:13,2017-03-06 09:35:21,2017-03-07 09:04:23,2017-03-09 13:14:45,2017-03-23,316.9,36.8,2,1,353.7,6,1,5.0,1.0,2ecb8546a5c0ea3c74dfa8b77a321370,4763,sao paulo,SP,3.160787037037037,16.608877314814816,0,353.7
f6bc8c7b31f02638a377f399f2bd201f,5434dbc80a2451a651a3fba4997a9b87,delivered,2017-03-06 09:27:36,2017-03-06 09:35:21,2017-03-06 13:59:55,2017-03-09 09:18:41,2017-03-27,109.99,20.85,1,1,130.84,10,1,5.0,1.0,a0d0da81ef6e1dfb63b334b5222459dd,17526,marilia,SP,2.9938078703703703,20.605833333333333,0,130.84
d8a7de021e5dfac3c36636fc6ef861c9,fbf80d284c6f23caaf933fd4298ebb5d,delivered,2017-03-06 09:44:32,2017-03-06 09:55:10,2017-03-07 15:39:41,2017-03-13 11:38:46,2017-03-24,89.9,11.24,1,1,101.14,3,1,4.0,1.0,389a0588bc54a48e50f6f5825c5da8b0,18060,sorocaba,SP,7.079328703703704,17.594074074074076,0,101.14
a5da284831a584245b8ab3cbce6eea11,2101819c6afb989af1f32457282298aa,delivered,2017-03-06 09:46:46,2017-03-06 10:02:51,2017-03-06 13:47:37,2017-03-25 09:55:41,2017-03-27,99.99,28.89,1,1,128.88,2,1,2.0,1.0,8864da1baee87cf25d7947d16634aee6,24722,sao goncalo,RJ,19.00619212962963,20.59252314814815,0,128.88
3d76cc1cc5ebdd45a03c0b51f79d43b1,6b00fd163c9fdafc7b423a98d9b2f690,delivered,2017-03-06 10:10:19,2017-03-07 04:03:29,2017-03-07 12:58:24,2017-03-10 12:04:47,2017-03-29,110.0,29.14,2,1,139.14,1,1,1.0,1.0,8870c2abd48d72e99d1664229a1f5e41,28970,araruama,RJ,4.079490740740741,22.57616898148148,0,139.14
dd100f66e45f6ae03f5c78d8edc86f28,f83a65f6e2859f70db7fde4c13ecccf0,delivered,2017-03-06 10:48:09,2017-03-06 11:03:10,2017-03-07 12:37:13,2017-03-13 09:00:08,2017-03-23,54.87,11.77,1,1,66.64,3,1,3.0,1.0,ca008329f4962cf9ccfb413e3bd0d9e4,18035,sorocaba,SP,6.924988425925926,16.549895833333334,0,66.64
cbd73a65c5edc13fbcde523d1ed2090f,be64c6271cfd483f027afda5aae04cd8,delivered,2017-03-06 10:48:20,2017-03-06 11:03:08,2017-03-10 13:09:23,2017-03-15 14:16:16,2017-03-27,54.87,15.59,1,1,70.46,1,1,5.0,1.0,fe0487828b7b11e29b3e05c1b85eb8b8,25880,sapucaia,RJ,9.144398148148149,20.54976851851852,0,70.46
d712c9d57be3d48a79c033437994908b,60166efb07b460c5feb03639c9ffc462,delivered,2017-03-06 10:50:50,2017-03-08 02:45:19,2017-03-08 17:22:57,2017-03-15 16:04:58,2017-03-29,188.0,16.62,1,1,204.62,1,1,5.0,1.0,ab26c904ad9aad0ff3591a99eb7ae62b,20240,rio de janeiro,RJ,9.218148148148147,22.54803240740741,0,204.62
f3a11dab21352ec16a6d038ce9958381,fdfc6249ca397559e4e9530c0fef9cd3,delivered,2017-03-06 10:52:31,2017-03-06 11:03:09,2017-03-13 10:19:07,2017-03-23 08:58:51,2017-04-06,79.8,34.38,2,1,114.18,9,1,5.0,1.0,6c972fa0695bef346e2d556e89efce27,96810,santa cruz do sul,RS,16.921064814814816,30.546863425925928,0,114.18
74fd22110fce99b893b31cada7e2c3e8,b79aa7aa4566ad1e71c4bb179a980b2f,delivered,2017-03-06 11:02:33,2017-03-06 11:23:20,2017-03-08 13:22:42,2017-03-17 15:08:01,2017-04-05,26.9,20.4,1,1,47.3,1,1,3.0,1.0,be11412d4de5e182a01a2b7648909755,65072,sao luis,MA,11.170462962962963,29.539895833333333,0,47.3
a367cb36e03523fd763a8782ad9ba177,4cf3e3c5c19ffcd9d7d4e1d78f966aca,delivered,2017-03-06 11:04:32,2017-03-06 11:23:08,2017-03-07 15:39:41,2017-03-13 11:59:02,2017-03-24,89.9,11.24,1,1,101.14,2,1,4.0,1.0,572a488c4c5af8a6bea8bee5477b021e,9220,santo andre,SP,7.037847222222222,17.53851851851852,0,101.14
6c592894a10d4bab518bf4aad80515d8,f4177b5dbc42c66fb42aeed49eda02e6,delivered,2017-03-06 11:04:33,2017-03-07 03:50:15,2017-03-08 09:54:32,2017-03-13 13:28:06,2017-03-27,8.9,14.52,1,1,23.42,1,1,5.0,1.0,9479e9ef94dff59abd7b0e27e7130c67,32010,contagem,MG,7.0996875,20.538506944444446,0,23.42
f84ed066131e26a100371eb314bfa094,8766b43c0e2fa872702fa9bde4dc8bf6,delivered,2017-03-06 11:06:27,2017-03-07 03:43:01,2017-03-07 13:28:43,2017-03-13 10:07:49,2017-03-27,34.9,14.52,1,1,49.42,1,1,5.0,1.0,03182d685cfcca0c3eff28a79d40f037,21230,rio de janeiro,RJ,6.959282407407407,20.5371875,0,49.42
5b771e035096a0cb850e90ee9f28f8b5,f84ec7dcc51c5d8a48e3acb3423005c4,delivered,2017-03-06 11:17:20,2017-03-08 03:35:12,2017-03-08 14:32:06,2017-03-15 13:21:40,2017-03-29,61.9,17.27,1,1,79.17,1,1,5.0,1.0,ece615479d7e846c0623b008aa38df66,79013,campo grande,MS,9.086342592592592,22.52962962962963,0,79.17
71269bfaff77cbd93b48e1dc0f548f69,ff6f39a2a4be2c5fe2e1f334a984361c,delivered,2017-03-06 11:23:04,2017-03-06 11:35:20,2017-03-06 13:00:21,2017-03-08 16:23:05,2017-03-27,24.0,14.11,1,1,38.11,1,1,5.0,1.0,0c7b7ce4f8dc862f259a4eb3298d46d0,21910,rio de janeiro,RJ,2.2083449074074073,20.525648148148147,0,38.11
ef118656ef537afb61840ff77a86a067,1958f99bfcd054e50319b5a07a44df24,delivered,2017-03-06 11:34:20,2017-03-06 11:43:04,2017-03-09 06:34:30,2017-03-13 08:14:48,2017-03-30,129.99,46.76,1,1,176.75,1,1,5.0,1.0,b0b057559c54c99e41a21c40c08f7780,4012,sao paulo,SP,6.861435185185186,23.517824074074074,0,176.75
ead0bec6842006b655fed967de837883,fc20bf52378cf158c091ebd048188b5f,delivered,2017-03-06 11:47:24,2017-03-07 04:10:34,2017-03-07 11:16:19,2017-03-10 09:37:51,2017-03-27,12.97,14.52,1,1,27.49,1,1,1.0,1.0,a2e76df67a32232dafc4c31b1f91f049,26560,mesquita,RJ,3.910034722222222,20.50875,0,27.490000000000002
32e4850514b64259da5068c747ace2c2,04c58599a7ad237021e07dcbb41da8c8,delivered,2017-03-06 11:48:20,2017-03-07 11:55:15,2017-03-14 05:28:01,2017-03-20 12:04:28,2017-03-31,27.9,14.52,1,1,42.42,1,1,4.0,1.0,5f37d46a8916fbfb4194f9c00e4761d5,4002,sao paulo,SP,14.011203703703703,24.50810185185185,0,42.42
17fd242bc5402e221bb59a6efec0f397,cee637a42af216cb5475df2f812c583f,delivered,2017-03-06 12:04:15,2017-03-06 13:05:24,2017-03-09 09:28:56,2017-03-14 15:50:45,2017-03-23,69.9,11.88,1,1,81.78,1,1,2.0,1.0,b1e27e4eb8b0c4a0c37bad75545b4164,38706,patos de minas,MG,8.157291666666667,16.49704861111111,0,81.78
982922a8af746de85725f937892b8a89,47381fda88f3e74127cd0c1f528704a9,delivered,2017-03-06 12:36:12,2017-03-06 13:10:38,2017-03-09 08:47:45,2017-03-14 14:45:53,2017-03-27,389.9,16.97,1,1,406.87,1,1,5.0,1.0,99d7b45385e8305c51ddf1c27d2ea861,5360,sao paulo,SP,8.090057870370371,20.47486111111111,0,406.87
fba464e2b8022e40e3a5e5fdb8e7f2b1,c91935a29bca80d4d90ccb1fd85b497e,delivered,2017-03-06 12:38:42,2017-03-06 13:10:37,2017-03-08 16:03:58,2017-03-14 15:24:04,2017-04-06,14.9,14.11,1,1,29.01,1,1,5.0,1.0,0e46794bf99ba5d4a3ccc8ab5ae45a60,23060,rio de janeiro,RJ,8.114837962962962,30.473125,0,29.009999999999998
40bf8d4d61d22711253ecc21d0a2e442,a45aea2d812b88b18d3b5a84fae5a3a9,delivered,2017-03-06 12:47:59,2017-03-06 13:15:14,2017-03-07 11:36:13,2017-03-13 08:32:20,2017-03-29,99.8,34.18,2,1,133.98,10,1,5.0,1.0,ea03f5626610d4ed738177313fe74b56,21060,rio de janeiro,RJ,6.822465277777778,22.46667824074074,0,133.98
dbc9ee70287772e4f094f39843a6b99e,9320ce0f49b79e3b2cedc6da99d49498,delivered,2017-03-06 12:50:12,2017-03-06 13:10:52,2017-03-07 08:43:56,2017-03-13 06:15:04,2017-03-29,99.99,17.54,1,1,117.53,2,1,5.0,1.0,3a3b3079c481f75342ad194a36272e89,29705,colatina,ES,6.725601851851851,22.465138888888887,0,117.53
6768c474e9019cdd1b5f11bb7a126f8f,ea14f618eddbb42cc4651a98fb22f2e5,delivered,2017-03-06 12:52:25,2017-03-06 13:10:52,2017-03-08 08:08:43,2017-03-16 15:27:58,2017-03-28,64.99,11.06,1,1,76.05,2,1,1.0,1.0,ea5b980b96e20d42f37522932b0f40fc,13506,rio claro,SP,10.108020833333333,21.463599537037037,0,76.05
c29f77479a4983291796c220560a9646,9231bdffb372a445bf9d58a34556be01,delivered,2017-03-06 12:54:55,2017-03-06 13:11:08,2017-03-06 14:54:29,2017-03-16 08:16:00,2017-03-23,115.0,11.42,1,1,126.42,2,1,5.0,1.0,d73f08bb135f1156f3d3774631cb5b3d,88270,nova trento,SC,9.80630787037037,16.461863425925927,0,126.42
d630523e4ead4d29e7dd497f1a47b90e,563decc20c79fc58f6adaacdfb49ba66,delivered,2017-03-06 13:02:08,2017-03-06 13:15:25,2017-03-07 18:07:48,2017-03-15 16:41:43,2017-04-11,20.9,17.78,1,1,38.68,2,1,3.0,1.0,8ea83bae2f79bdd6075c254f29e29682,75650,morrinhos,GO,9.152488425925926,35.45685185185185,0,38.68
a72128c306bd3fde78eb4f32b6360d86,0455d45b64061c4e759e04cd9101f5fa,delivered,2017-03-06 13:08:25,2017-03-06 13:25:14,2017-03-06 15:12:22,2017-03-08 09:52:54,2017-03-23,89.0,8.99,1,1,97.99,1,2,5.0,1.0,ff9bc66daa6702543b16f3c4897e300b,4674,sao paulo,SP,1.864224537037037,16.452488425925925,0,97.99
840a77e5812e6cb838f4957339f5aa2c,d671f3c7672d55bf5cf119326e5c86e9,delivered,2017-03-06 13:13:02,2017-03-06 13:25:12,2017-03-07 09:51:28,2017-03-16 11:44:43,2017-04-04,60.9,20.88,1,1,81.78,1,1,5.0,1.0,cc95b67ba4cfe7e143bc5217fbfeeb19,45607,itabuna,BA,9.93866898148148,28.449282407407406,0,81.78
42bcfd11cc83efc775637358296f6b48,ec9eec3f6ecad08f1a41bb32a5dbb1ea,delivered,2017-03-06 13:56:19,2017-03-07 04:03:33,2017-03-08 16:03:59,2017-03-17 16:23:39,2017-03-31,26.99,17.35,1,1,44.34,1,1,5.0,1.0,638c740ca54108e59dfd571ab7c0b764,77001,palmas,TO,11.102314814814815,24.41922453703704,0,44.34
04a964d023c9a995e1dea573959fad67,8c2c80b3c71d4aab125e0b8b1f8c36a4,delivered,2017-03-06 13:59:02,2017-03-06 14:05:18,2017-03-13 08:45:55,2017-03-16 12:44:40,2017-03-27,85.0,58.2,1,1,143.2,1,1,4.0,1.0,7285ee0c8f26d553acfb684caed71f5f,30130,belo horizonte,MG,9.94835648148148,20.417337962962964,0,143.2
9a0a3c8bb7bb3ddebdf16f8df87d7e18,9503b854a580d4abd3fc1945c8018de7,delivered,2017-03-06 14:05:57,2017-03-06 14:23:05,2017-03-08 08:43:24,2017-03-21 08:13:46,2017-03-27,65.99,20.62,1,1,86.61,3,1,5.0,1.0,3d943295584f2ecfa1134a619a3f03ef,85160,cantagalo,PR,14.755428240740741,20.412534722222222,0,86.61
d8f560d2563965001d1f853e74c82b0c,43bc321fea1ef708749dd8349c5c081e,delivered,2017-03-06 14:14:46,2017-03-08 03:35:12,2017-03-10 08:07:58,2017-03-14 10:35:33,2017-03-23,79.9,11.17,1,1,91.07,1,1,5.0,1.0,bd3d107d1b795e0d6e354420e8fc1cec,13405,piracicaba,SP,7.847766203703704,16.406412037037036,0,91.07000000000001
06215d34c1ec4e1106eb12ae5fd0370f,92eca7f9b394bf80e4151f66a4bb0130,delivered,2017-03-06 14:16:20,2017-03-06 14:25:16,2017-03-10 13:28:53,2017-03-30 13:24:47,2017-03-27,59.98,28.22,2,1,88.2,1,1,1.0,1.0,e6851148d62886a219bc408b9cdc3fb9,88030,florianopolis,SC,23.96420138888889,20.405324074074073,1,88.19999999999999
fe9178012c726b1780a3553d7972a9b8,ef9fbca59376f45868cfd03ca0d711c1,delivered,2017-03-06 14:21:54,2017-03-06 14:30:21,2017-03-08 08:24:38,2017-03-13 12:12:59,2017-03-23,129.7,37.92,1,1,167.62,8,1,5.0,1.0,5bd74f5ce9d18e2178a355014b6fac25,4119,sao paulo,SP,6.910474537037037,16.401458333333334,0,167.62
bc4a35f20466a9b911b3b0847021e30f,31aea396cd3697686bfc89253ce1962a,delivered,2017-03-06 14:29:15,2017-03-06 14:45:10,2017-03-08 11:07:48,2017-03-15 17:57:52,2017-03-27,73.9,17.26,1,1,91.16,2,1,5.0,1.0,07a05e32fa86df604836b995f9335b59,37006,varginha,MG,9.144872685185184,20.396354166666665,0,91.16000000000001
f6dbdcbe96b4cd2904cf75bbda5c6ac1,f78272dd982a15b63bd8b8862942552d,delivered,2017-03-06 14:30:50,2017-03-07 14:43:03,2017-03-09 10:19:17,2017-03-13 12:42:25,2017-03-23,79.0,8.92,1,1,87.92,6,1,5.0,1.0,fd9dc734a31eab860421b97a31189d47,5857,sao paulo,SP,6.924710648148148,16.39525462962963,0,87.92
c812c0f1cdbb156865e2d5e0ee09ee5f,3c5de2876ef848c693b452c96cab5d13,delivered,2017-03-06 14:33:25,2017-03-07 03:55:27,2017-03-08 13:21:02,2017-03-13 08:03:33,2017-03-30,44.9,16.05,1,1,60.95,1,1,5.0,1.0,e8ff60ffee5f05d8c6fa450165504054,85810,cascavel,PR,6.729259259259259,23.39346064814815,0,60.95
91866c79939321e63218d7b71b2b26f8,36ec1e0f44dd8a859548c2210b381e3a,delivered,2017-03-06 14:48:06,2017-03-06 15:02:57,2017-03-07 08:09:01,2017-03-08 18:09:17,2017-03-27,114.5,70.55,5,1,185.05,1,1,5.0,1.0,1122c447b237df5c7ac5287b74f1e2b4,30320,belo horizonte,MG,2.139710648148148,20.383263888888887,0,185.05
eb72f50f943d8b05355b3e50cda1892c,7556d0bfbb7faa8478c1dad423343647,delivered,2017-03-06 14:50:09,2017-03-06 15:02:58,2017-03-07 14:18:34,2017-03-13 11:23:13,2017-03-29,169.0,25.0,1,1,194.0,1,1,5.0,1.0,9c3beb01117930a065614b88c1743192,22450,rio de janeiro,RJ,6.856296296296296,22.381840277777776,0,194.0
31bfcb30bb17876d402e178810ac042f,754cdf5cddcedbe257b8fbea2cc1ae03,delivered,2017-03-06 14:52:58,2017-03-06 15:43:00,2017-03-07 10:41:44,2017-03-09 05:32:34,2017-03-23,86.25,8.97,1,1,95.22,1,1,5.0,1.0,2d36e9b1be383c10ed0eeaaf60f5fe46,5347,sao paulo,SP,2.6108333333333333,16.37988425925926,0,95.22
e7da0ff2cbf2eeb09296e1df48925afe,2450dbfb75233ae7634514332f558c18,delivered,2017-03-06 15:00:49,2017-03-08 03:05:11,2017-03-13 09:31:24,2017-03-17 13:59:46,2017-03-30,119.6,11.45,1,1,131.05,1,1,5.0,1.0,ebf088cc2ce28c6055f2cd5e2b9bb9ea,13920,pedreira,SP,10.957604166666666,23.37443287037037,0,131.04999999999998
e588678a890ca4670d41a53647394505,b33277887e30554f24705f41eb15f8a2,delivered,2017-03-06 15:18:38,2017-03-07 04:30:09,2017-03-07 10:12:08,2017-03-20 07:54:46,2017-03-23,59.8,21.92,2,1,81.72,1,1,1.0,1.0,26a9401fa4e6ec700b7a7fce51d984ec,4960,sao paulo,SP,13.691759259259259,16.362060185185186,0,81.72
187530cc7669030a3535f758f769165d,44cee6676b4cf6680ff8b82493a57cf4,delivered,2017-03-06 15:32:18,2017-03-06 15:45:13,2017-03-07 11:16:22,2017-03-10 10:33:16,2017-03-23,29.9,10.96,1,1,40.86,3,1,5.0,1.0,38dda53943eea67bbe666d76f0a3db70,12620,piquete,SP,3.792337962962963,16.352569444444445,0,40.86
9fc1a6e2f46820824fa91641b996bba0,f1a7b446c9611e287e29fe3923f02078,delivered,2017-03-06 15:44:08,2017-03-06 15:55:21,2017-03-07 09:33:26,2017-03-17 09:59:09,2017-03-27,74.5,15.73,1,1,90.23,2,1,4.0,1.0,d1d18b9e37fd795708af7bc0de00ecb0,24412,sao goncalo,RJ,10.76042824074074,20.34435185185185,0,90.23
0d12f20556892f2a5aca4f39fb613a07,60bb8e0e1f7e340af936ec2882d8ae8d,delivered,2017-03-06 15:45:35,2017-03-07 04:15:30,2017-03-08 16:03:58,2017-03-14 15:12:40,2017-03-27,27.99,14.52,1,1,42.51,1,1,5.0,1.0,c1a56ed1e45dde68378dcbb50655ea47,27913,macae,RJ,7.977141203703703,20.343344907407406,0,42.51
98d62868252c18a0fde796ab89c6e08d,29a8e7dc609b301eeb68e597e333f912,delivered,2017-03-06 15:52:24,2017-03-07 15:55:32,2017-03-14 07:54:00,2017-03-17 18:28:55,2017-03-23,69.9,22.7,2,1,92.6,1,1,4.0,1.0,2678e1c5ff986a33a21eb9014275eca5,30855,belo horizonte,MG,11.10869212962963,16.33861111111111,0,92.60000000000001
da28ac567f1bbe704eb39c1d21c53a0d,f1dbd5b4e2100112b354805ad704e604,delivered,2017-03-06 15:55:08,2017-03-07 03:50:29,2017-03-08 11:14:37,2017-03-14 09:38:56,2017-03-27,149.9,26.55,1,1,176.45,1,1,4.0,1.0,f8f1963398b95ea31797dcb821ba8541,36460,rio espera,MG,7.73875,20.336712962962963,0,176.45000000000002
b0818558532a035f032bf55d07371d16,7274039551abb48cd9780520a09e6254,delivered,2017-03-06 15:58:51,2017-03-06 16:05:38,2017-03-07 11:52:13,2017-03-10 10:47:48,2017-03-23,129.99,13.49,1,1,143.48,1,1,5.0,1.0,80b758aa7d0e471b4d98c1e107951dac,9851,sao bernardo do campo,SP,3.7839930555555554,16.334131944444444,0,143.48000000000002
37a8e5d9b2e5863960037179b26da448,a53d0a93c43728928e650fa9594d5f61,delivered,2017-03-06 16:08:25,2017-03-06 16:22:52,2017-03-08 13:03:26,2017-03-15 10:53:51,2017-03-30,399.99,63.16,1,1,463.15,5,1,5.0,1.0,137bbbdc413c31c44d77c2804c1c90af,31730,belo horizonte,MG,8.781550925925925,23.327488425925925,0,463.15
1b760c8f4093bfc9fe9df789a58c5554,06ec6c3121f033000bbb535a2e10b8c0,delivered,2017-03-06 16:23:20,2017-03-06 16:35:16,2017-03-07 07:42:06,2017-03-17 08:11:48,2017-04-06,45.99,26.61,1,1,72.6,3,1,5.0,1.0,edc92f6395a526f395f9d242aedd2bdb,59122,natal,RN,10.658657407407407,30.31712962962963,0,72.6
030e234a82944425a6f46d5b2552b848,025ede66ec5d6ac9bbb393875dd71fa5,delivered,2017-03-06 16:37:16,2017-03-08 02:43:13,2017-03-10 15:16:22,2017-03-30 14:48:05,2017-04-06,44.9,20.8,1,1,65.7,1,1,4.0,1.0,17999c371b226d98242c95e006c22e3d,47520,ibotirama,BA,23.92417824074074,30.307453703703704,0,65.7
85aa425106ebd563ef29f08d6cb0f4d0,4e9dcaf7221d67f9d31968732447c62d,delivered,2017-03-06 16:42:52,2017-03-06 16:55:13,2017-03-10 15:14:25,2017-05-23 16:52:25,2017-04-11,69.9,32.09,1,1,101.99,2,1,1.0,1.0,ae44e3fd0442d02e4622641099364b99,62030,sobral,CE,78.00663194444445,35.30356481481481,1,101.99000000000001
326a77a98aee180ac470bed8a09b406e,ee7260542fb88da65ec17ed913f499f6,delivered,2017-03-06 16:43:15,2017-03-06 16:55:14,2017-03-07 14:08:01,2017-03-17 06:14:01,2017-03-23,49.8,8.72,1,1,58.52,2,1,4.0,1.0,c0e3fb019e82c119e210fede624d5aa6,31035,belo horizonte,MG,10.563032407407407,16.30329861111111,0,58.519999999999996
31628e1ec1ce71d13a6d7b2b0c5db88a,56cd7ff652ff3f4ee1f3753f572c45ba,delivered,2017-03-06 16:54:25,2017-03-06 17:05:20,2017-03-07 14:56:31,2017-03-13 11:48:00,2017-03-27,34.9,14.52,1,1,49.42,4,1,5.0,1.0,52a2816c07a51690d6d6ef1e00690075,81330,curitiba,PR,6.7872106481481485,20.295543981481483,0,49.42
ffba9bdc3f52eb0c4e3bac55391f706d,b0ef4139112416ffbeaf57bcff1f1309,delivered,2017-03-06 17:50:27,2017-03-06 18:02:51,2017-03-07 09:53:42,2017-03-10 18:43:05,2017-03-29,144.5,19.6,1,1,164.1,2,1,5.0,1.0,be937c1a6ba769394b350e2e3885d1f2,81305,curitiba,PR,4.036550925925926,22.256631944444443,0,164.1
a376f17ec68dd516869482e28ba976b4,6fb54da47c0032684f348042cf61fd1d,delivered,2017-03-06 18:25:02,2017-03-08 06:35:36,2017-03-09 05:36:06,2017-03-17 13:48:04,2017-03-30,65.0,15.75,1,1,80.75,1,1,5.0,1.0,4ebbf4f17d293f4f0195b3f6e76bb766,71593,brasilia,DF,10.807662037037037,23.23261574074074,0,80.75
69c7a1e070c1759e15f7a5fd24c36e5b,6cbc69ef01df8d34bd134c6d828c1e53,delivered,2017-03-06 18:34:35,2017-03-06 18:45:08,2017-03-07 08:46:09,2017-05-29 09:42:44,2017-04-04,104.99,29.77,1,1,134.76,5,1,4.0,1.0,026d6aade0923331c6065e5daa7aafda,44320,conceicao da feira,BA,83.63065972222222,28.225983796296298,1,134.76
543a7736e8c75c0b22aac2fa7b157e1c,663dd25d076d55ac939bff94220366d9,delivered,2017-03-06 18:50:07,2017-03-07 04:03:29,2017-03-14 07:54:02,2017-03-27 18:03:52,2017-04-04,29.9,22.28,1,1,52.18,1,1,1.0,1.0,21cc3cf81bc92d7a18c74e4358ef879c,54460,jaboatao dos guararapes,PE,20.967881944444443,28.21519675925926,0,52.18
636d45d43d34423e6089d87a1869a4c3,6f1209bb65641b3cf8c669934485a467,delivered,2017-03-06 18:57:55,2017-03-06 19:05:15,2017-03-07 10:55:19,2017-03-15 11:17:57,2017-03-27,89.9,18.91,1,1,108.81,1,1,5.0,1.0,eccee5a887d9787115685d26ab569797,87360,goioere,PR,8.680578703703704,20.20978009259259,0,108.81
3e6c7e23b1813f6c33ef1a6c0f943eb2,48b1d0a03265df16113c62f570b22300,delivered,2017-03-06 19:16:05,2017-03-06 19:25:19,2017-03-09 08:50:55,2017-03-17 16:52:00,2017-03-31,138.0,46.06,2,1,184.06,3,1,4.0,1.0,e28f25b5a3dcc16f1c7c575f09d01196,74932,aparecida de goiania,GO,10.899942129629629,24.197164351851853,0,184.06
59e50342da3b55417e121c01aa5aa6ea,9785bdb5fcba28eacc5e1dec628fe07a,delivered,2017-03-06 19:21:45,2017-03-06 19:30:20,2017-03-07 12:06:49,2017-03-15 12:12:08,2017-03-27,131.8,29.26,2,1,161.06,1,1,5.0,1.0,41b7a537bbd71b3dfee9e342253ac117,13088,campinas,SP,8.701655092592592,20.193229166666665,0,161.06
094fe1a1311bdcff558e373c756412d7,e89806410bcb033c5cb314490d6c5b99,delivered,2017-03-06 19:35:21,2017-03-07 19:43:21,2017-03-10 08:07:58,2017-03-16 19:17:58,2017-03-23,649.9,14.73,1,1,664.63,8,1,5.0,1.0,efab514af1ccc028dcbabd1f8d8cdf90,4476,sao paulo,SP,9.987928240740741,16.18378472222222,0,664.63
cfa77ac0694c1a3fca0789c087b84411,83bca7f247f86f58f2361abf24b61726,delivered,2017-03-06 19:35:44,2017-03-06 19:50:20,2017-03-07 13:57:57,2017-03-13 11:18:09,2017-03-28,49.0,14.52,1,1,63.52,1,1,5.0,1.0,b7eab7a6fd456a4a5971575074a89b50,24358,niteroi,RJ,6.654456018518519,21.183518518518518,0,63.519999999999996
27e2a7e5ef6ee74e734f296c3a0e33f8,e78e95c694dc4c2aae6e6975bb58bd48,delivered,2017-03-06 19:45:34,2017-03-06 19:55:13,2017-03-07 10:11:49,2017-03-13 16:58:04,2017-03-30,13.99,10.96,1,1,24.95,2,1,4.0,1.0,b7cc980888147c189d96a40756971585,6900,embu-guacu,SP,6.883680555555555,23.176689814814814,0,24.950000000000003
f6f837b4bdc91f8c4306f0819916a11c,5679b266a296360d8e87c0c4abbe98f6,delivered,2017-03-06 19:56:42,2017-03-06 20:05:21,2017-03-07 12:07:55,2017-03-15 12:32:30,2017-03-31,89.9,19.33,1,1,109.23,10,1,4.0,1.0,b5cc879f8bbf1de1a7ca34e4f3052c2d,32310,contagem,MG,8.691527777777777,24.168958333333332,0,109.23
a7369745f22345ef2b1cbfc57e4e0a73,e3e00b7ea484ae1ef4b76737e3ec56fa,delivered,2017-03-06 20:08:47,2017-03-06 20:23:02,2017-03-09 08:42:49,2017-03-13 11:04:53,2017-03-27,109.9,19.05,1,1,128.95,8,1,5.0,1.0,00446a03d7a34d191507c9e42870d0a5,2235,sao paulo,SP,6.6222916666666665,20.16056712962963,0,128.95000000000002
dee008fbad3f3868874dd10ab5977b88,ba0ee5f2b5e3be1a41659bf07742c415,delivered,2017-03-06 20:16:46,2017-03-06 20:25:20,2017-03-09 08:44:28,2017-03-20 04:57:53,2017-03-30,19.99,14.52,1,1,34.51,3,1,5.0,1.0,0a5fab743da859b3f10a409bbb132a5a,27330,barra mansa,RJ,13.361886574074074,23.15502314814815,0,34.51
b6d9ea292226815b57dc2034dcc70a91,cf6f93633e3f4c56949d0ea7ea1b14cc,delivered,2017-03-06 20:29:58,2017-03-06 20:45:14,2017-03-08 12:43:49,2017-03-13 16:36:10,2017-03-23,99.0,11.3,1,1,110.3,1,2,4.0,1.0,f0cea0d2e3d88dcb25c9a8498aca8da0,9616,sao bernardo do campo,SP,6.837638888888889,16.14585648148148,0,110.3
baa5545eb30192ce3b92bcf1b8e19437,ff5a01862583adcd0f1715bb88931be2,delivered,2017-03-06 20:43:07,2017-03-08 03:15:10,2017-03-08 08:03:52,2017-03-14 14:34:14,2017-03-27,49.99,14.52,1,1,64.51,1,1,3.0,1.0,dd7c74023d4db68b3289a486601d0984,27281,volta redonda,RJ,7.743831018518518,20.136724537037036,0,64.51
ad0cbc6e9cc5bce4165e35ad4a42d8a5,dba975f79975d56cf9183c88d5efe0ae,delivered,2017-03-06 20:45:27,2017-03-06 20:55:13,2017-03-08 13:22:23,2017-03-10 09:17:36,2017-03-24,20.9,8.72,1,1,29.62,2,1,,,3cb7cb6096fea95c2bd5fadb04a6084f,30110,belo horizonte,MG,3.5223263888888887,17.135104166666668,0,29.619999999999997
f86b24a45dc34d1b7fcdeb817bf503da,f6cc975f9ed5f7d6d78d5f8ac711a7ac,delivered,2017-03-06 21:15:37,2017-03-06 21:25:18,2017-03-16 12:42:03,2017-03-28 13:20:16,2017-03-30,173.92,52.22,2,1,226.14,10,1,5.0,1.0,8cfecfbbdad82f1281686a54caf46dbb,37170,boa esperanca,MG,21.66989583333333,23.114155092592593,0,226.14
a76643614c2542c0a773b03b5b61b2c0,d557ba0b467c10c23bc9542050ba64a2,delivered,2017-03-06 21:26:23,2017-03-06 21:35:17,2017-03-09 06:34:30,2017-03-20 11:11:05,2017-04-03,129.99,71.74,1,1,201.73,1,1,1.0,1.0,5300073c39537a9c24c3a2b62655ac2b,25635,petropolis,RJ,13.572708333333333,27.10667824074074,0,201.73000000000002
4e15214b61d5e952ea58075636fc6e99,84f73ca99a149e5a5d3f5eb3b83e2e8b,delivered,2017-03-06 21:39:34,2017-03-08 02:43:15,2017-03-08 14:01:49,2017-03-23 06:45:01,2017-04-03,65.0,20.77,1,1,85.77,1,1,4.0,1.0,7eabee8b879288dd8c4da1840d3ea248,95778,vale real,RS,16.37878472222222,27.09752314814815,0,85.77
b85b06d0ae4436e17303286ce75dd4b4,1352219837587aada7056f4710a10b85,delivered,2017-03-06 22:21:02,2017-03-06 22:30:17,2017-03-14 04:32:51,2017-03-21 13:37:56,2017-03-27,40.0,14.52,1,1,54.52,1,1,5.0,1.0,78f91204f4238cc83e6c8c676ac0fe27,12031,taubate,SP,14.63673611111111,20.068726851851853,0,54.519999999999996
666a7787fe64880d1ad7dad0e4988ab3,8ec6e1c246b0c22bdf1527235f6e137c,delivered,2017-03-06 22:48:54,2017-03-08 03:45:18,2017-03-13 11:14:13,2017-03-17 16:32:44,2017-03-23,69.0,11.09,1,1,80.09,1,1,1.0,1.0,17b86c649411a2b70a5c42ba3b78e534,32072,contagem,MG,10.738773148148148,16.049375,0,80.09
64fee01b4774a493de37aafa79a3d434,6f3a868402ca6c2fdf89a003fa9c49b2,delivered,2017-03-06 22:54:45,2017-03-06 23:05:20,2017-03-08 10:42:01,2017-05-16 13:47:52,2017-03-31,7.9,17.35,1,1,25.25,1,1,1.0,1.0,06c41bfdcfbb58cc7dfab0a107cd6436,41211,salvador,BA,70.6202199074074,24.0453125,1,25.25
b9f2b2423c61aa201a499e191534af79,89030dfae02f74f589085b54f056b49b,delivered,2017-03-06 22:56:51,2017-03-06 23:05:19,2017-03-10 11:17:26,2017-03-17 14:58:02,2017-03-27,109.9,13.35,1,1,123.25,4,1,5.0,1.0,fb17629bb725ea02d4aaaf72f709557d,5881,sao paulo,SP,10.667488425925926,20.043854166666666,0,123.25
c3f522e0d16a23140f0fd5a49f89a4cc,52f0d7071e465ec002cb3321545c3e7c,delivered,2017-03-06 22:58:22,2017-03-08 03:23:03,2017-03-08 12:41:29,2017-03-20 10:43:59,2017-03-23,34.9,10.96,1,1,45.86,1,1,4.0,1.0,5cbf577aa643b800590b5b2db36aa400,13073,campinas,SP,13.490011574074074,16.042800925925928,0,45.86
769246167cd690b84b951cbef38d3d7c,e6813a060241b53a0f13bcc2c0545685,delivered,2017-03-06 23:12:35,2017-03-06 23:25:17,2017-03-17 11:55:16,2017-03-24 19:07:58,2017-04-13,188.99,15.09,1,1,204.08,5,1,5.0,1.0,20f74230324152a778c8ee13154a0a48,1214,sao paulo,SP,17.830127314814813,37.03292824074074,0,204.08
299ce7925408d58052afc1317198584a,f28be13519da4a15edf8c2ed80c6449a,delivered,2017-03-06 23:24:11,2017-03-06 23:35:14,2017-03-07 14:55:55,2017-03-16 15:22:18,2017-03-27,59.9,14.59,1,1,74.49,2,1,5.0,1.0,14c174a1407a2cda51e8760f548535d8,13504,rio claro,SP,9.665358796296296,20.024872685185183,0,74.49
8f3530f8fd2a677f9f081442a10d1ca9,e61468172636d28de88782eb856c7719,delivered,2017-03-06 23:24:46,2017-03-06 23:35:17,2017-03-07 07:32:26,2017-03-14 15:18:04,2017-03-29,269.9,20.17,1,1,290.07,10,2,4.0,1.0,5b59181def4480a0b80a426ca8c2dc3c,18650,sao manuel,SP,7.662013888888889,22.024467592592593,0,290.07
8cee8f805208584195daeb66539c0cb8,1f8162f40448030afe31553cf0b8e1e5,delivered,2017-03-06 23:35:03,2017-03-06 23:50:19,2017-03-08 12:41:31,2017-03-13 17:54:40,2017-03-23,42.99,10.96,1,1,53.95,1,1,5.0,1.0,1abe45c34cdc629326c8093dd4f77e96,12312,jacarei,SP,6.763622685185185,16.01732638888889,0,53.95
c19b500110bd90179ac1676ebc7c3ed0,569411b5613e1d725f474e671d1d19b7,delivered,2017-03-06 23:42:24,2017-03-07 01:03:45,2017-03-09 08:23:47,2017-03-14 13:44:15,2017-03-27,26.9,15.56,1,1,42.46,3,1,4.0,1.0,6d0f018551148c638fa1e62225dda629,36400,conselheiro lafaiete,MG,7.584618055555556,20.01222222222222,0,42.46
3ee62ebf18aabbf553dfaa8dc35264f0,977f68b5639d23dfb7faf9aa823566b6,delivered,2017-03-07 00:01:04,2017-03-07 00:32:46,2017-03-07 08:16:53,2017-03-20 17:28:05,2017-04-05,109.9,21.22,1,1,131.12,2,1,5.0,1.0,66a77ba2e8fb1b11cfa1a94a82f551e9,41680,salvador,BA,13.727094907407407,28.999259259259258,0,131.12
8a4398f9b38e8023cd570362226cabb9,fd064e0e937391f82a81598d9de12c85,delivered,2017-03-07 05:48:44,2017-03-07 06:02:57,2017-03-09 08:58:52,2017-03-22 09:58:41,2017-04-12,39.9,24.84,1,1,64.74,1,1,5.0,1.0,5138b1127c1a441503581ba9887ea716,64018,teresina,PI,15.17357638888889,35.75782407407407,0,64.74
ee43d4bf4491386fa4837c502b9c3f4e,0324667bb97f2048e83f77d282a75fb4,delivered,2017-03-07 06:35:43,2017-03-07 06:45:09,2017-03-10 13:52:01,2017-03-20 15:04:03,2017-04-07,109.99,29.7,1,1,139.69,4,1,5.0,1.0,3e2157f91502458bc58455fd798ed58a,55602,vitoria de santo antao,PE,13.35300925925926,30.72519675925926,0,139.69
56c898abec8a6fd5e84ffc42904c4f65,16be0d120d1de7a01d72adc686caf229,delivered,2017-03-07 08:55:43,2017-03-07 09:10:17,2017-03-09 04:41:45,2017-03-20 07:41:31,2017-04-04,459.9,18.43,1,1,478.33,10,1,4.0,1.0,d8d9d8a3736c8bf5ff777f32b13042b9,89172,pouso redondo,SC,12.948472222222222,27.627974537037037,0,478.33
f736c451b8bfbfbbf8164a476b28bf98,e01ddbe8a8780adb92d8e4ca044fac5d,delivered,2017-03-07 09:01:27,2017-03-07 09:15:12,2017-03-09 11:08:59,2017-03-21 09:55:36,2017-03-24,131.0,9.91,1,1,140.91,10,1,3.0,1.0,79d72d40151577560c20f734e1de9e65,4191,sao paulo,SP,14.037604166666666,16.623993055555555,0,140.91
900275f91d7995048467ce817caf670e,6a0025b170c9bf01481303d361200524,delivered,2017-03-07 09:17:10,2017-03-08 03:10:10,2017-03-08 16:15:31,2017-03-13 10:51:35,2017-03-30,99.0,17.12,1,1,116.12,1,1,5.0,1.0,9e79ac2f6445a7a706b522f2d7dedd2b,90035,porto alegre,RS,6.065567129629629,22.613078703703703,0,116.12
1863ea0df317ace17a6b6021020c2fd8,29554c8dabea94740eeb53e3d5e09478,delivered,2017-03-07 09:32:21,2017-03-07 09:45:16,2017-03-09 08:58:52,2017-03-13 11:24:06,2017-03-29,39.9,10.96,1,1,50.86,2,1,5.0,1.0,c1d5c14ee6fd3b88eb58fe30031b653c,1224,sao paulo,SP,6.077604166666666,21.602534722222224,0,50.86
40bb654f08a089c46353cea13d590ac9,73681df190083ea166315c4a23598f83,delivered,2017-03-07 09:35:48,2017-03-07 09:45:17,2017-03-08 09:42:43,2017-03-20 15:32:54,2017-04-11,24.9,14.52,1,1,39.42,1,1,4.0,1.0,82ec763d83cad4dec1939f5168f10b77,30220,belo horizonte,MG,13.24798611111111,34.600138888888885,0,39.42
40c8d67fd240c45c8d7b082a8ab8d9bf,af4e75a432ace603f8b572cce5f8cb83,delivered,2017-03-07 10:25:57,2017-03-07 10:42:44,2017-03-08 16:20:40,2017-03-13 11:24:56,2017-03-27,236.0,12.26,1,1,248.26,5,1,3.0,1.0,ee5c5d0ff3ff8e904b5c2b66dd471b01,6434,barueri,SP,6.040960648148148,19.5653125,0,248.26
e0c51c7d23c16c36c365b7ae8bbe6782,0ca908d0f8c65e51340cf28d99485d2d,delivered,2017-03-07 10:25:58,2017-03-07 10:42:45,2017-03-17 14:05:09,2017-03-29 15:22:58,2017-03-29,189.9,16.44,1,1,206.34,5,1,3.0,1.0,ee5c5d0ff3ff8e904b5c2b66dd471b01,6434,barueri,SP,22.20625,21.565300925925925,1,206.34
3bdb9c65ca79d76edc98ae76864b3d00,2d548a05639982756145f816a600751d,delivered,2017-03-07 10:46:11,2017-03-07 10:55:20,2017-03-07 15:35:00,2017-03-11 09:03:29,2017-03-24,139.99,16.09,1,1,156.08,10,1,5.0,1.0,6ccc25d07aa5146919e2adea10a40647,38480,tupaciguara,MG,3.9286805555555557,16.551261574074076,0,156.08
78072efdb0265b1a3f43b4881fe9bfc2,78b6384ae33ffa33ec94944d1722dac1,delivered,2017-03-07 10:49:39,2017-03-07 11:03:27,2017-03-09 08:47:44,2017-03-29 10:38:52,2017-04-07,389.9,27.29,1,1,417.19,5,1,3.0,1.0,59a380a65d002fb22c90d90099090a8c,61637,caucaia,CE,21.992511574074076,30.54885416666667,0,417.19
2f2f32084f6b6ffff53044b351790b7f,5121084fdade95f1a14190925415cfe7,delivered,2017-03-07 10:50:10,2017-03-07 11:03:28,2017-03-08 11:39:39,2017-03-16 10:52:02,2017-03-30,339.99,17.59,1,1,357.58,8,1,5.0,1.0,6499157a4bb5840e37bf1ff3b978d295,36950,ipanema,MG,9.001296296296296,22.54849537037037,0,357.58
67c98ded9839fea6b6482d1341517e40,f1158dfc03fcc951fea8e36d36836075,delivered,2017-03-07 11:22:42,2017-03-08 03:15:17,2017-03-10 09:41:02,2017-03-16 12:13:24,2017-03-28,62.9,14.61,1,1,77.51,1,1,5.0,1.0,72450dc4ac669cfa92d31b4ea583b492,22290,rio de janeiro,RJ,9.035208333333333,20.525902777777777,0,77.50999999999999
bdb029fd9aad9c2b487eff2b448346c5,94a5ea61a424dc143b493f6009ee9211,delivered,2017-03-07 11:41:43,2017-03-07 11:50:20,2017-03-07 13:34:57,2017-03-14 14:05:26,2017-04-04,39.9,14.52,1,1,54.42,3,1,3.0,1.0,bdc7c24b99d51e73d9c80f2995424119,82020,curitiba,PR,7.099803240740741,27.51269675925926,0,54.42
f343624eab419250ad81f1ce6be22c93,3fc0d940852ab274e532e80b1c1d5c2f,delivered,2017-03-07 11:47:20,2017-03-07 11:55:18,2017-03-09 15:38:15,2017-03-17 12:42:09,2017-03-28,69.9,15.7,1,1,85.6,1,1,5.0,1.0,a48dc9ff5e16f55336756967c43d7431,37004,varginha,MG,10.03806712962963,20.508796296296296,0,85.60000000000001
a304822264c42e355a3235fa2395b018,17113c767908a333aa231284d0a0941c,delivered,2017-03-07 12:16:36,2017-03-07 12:32:23,2017-03-09 13:19:32,2017-03-13 06:03:17,2017-03-24,119.8,31.06,2,1,150.86,2,2,4.0,1.0,5467eed8a42140fc446e13f0c1317ed8,1234,sao paulo,SP,5.740752314814815,16.48847222222222,0,150.85999999999999
4495f509457db82fbd44608ebbcddca8,73914591b886a40daeaff8ff1bed45f6,delivered,2017-03-07 12:33:29,2017-03-08 03:02:59,2017-03-09 16:53:56,2017-03-14 12:22:25,2017-03-24,46.99,11.74,1,1,58.73,1,1,3.0,1.0,57953ff2a999a79ace45303decbc6245,9240,santo andre,SP,6.992314814814815,16.476747685185185,0,58.730000000000004
496c7edde87a9059e9887b3f1fc62523,0ec94dc37e4e44d1b7a9eddf4a8a3da9,delivered,2017-03-07 12:38:40,2017-03-07 13:04:09,2017-03-08 12:10:03,2017-03-09 13:48:02,2017-04-04,794.98,19.32,1,1,814.3,10,1,5.0,1.0,e515dfc7b46b0281f0462ef9be3823f8,1222,sao paulo,SP,2.0481712962962964,27.473148148148148,0,814.3000000000001
6b3b2c21c6f15b7203c8bb1283c74569,aac634b21f104cc454d3e9c728c92727,delivered,2017-03-07 13:28:55,2017-03-07 13:43:18,2017-03-14 07:54:02,2017-03-21 01:54:44,2017-03-28,80.0,29.04,2,1,109.04,1,1,2.0,1.0,0049db44bfd6cee26ac9c649329ff6ea,13420,piracicaba,SP,13.51792824074074,20.438252314814815,0,109.03999999999999
45ece9d703e8c043b9e825c88a00c561,5684d5bc5f337269ce0f7b6c40ef2ad6,delivered,2017-03-07 13:38:52,2017-03-09 02:35:33,2017-03-15 16:44:38,2017-03-17 09:11:59,2017-03-24,91.08,63.17999999999999,6,1,154.26,1,1,5.0,1.0,e32483365c524c4beb41dfc34b8c4d3e,22451,rio de janeiro,RJ,9.814664351851851,16.431342592592593,0,154.26
837cfe6109d725950d55450c2121f7ee,d40de5aeac0e2f41891b0d062fc4b918,delivered,2017-03-07 13:42:13,2017-03-07 13:50:26,2017-03-08 15:17:19,2017-03-17 05:59:04,2017-03-30,27.0,14.52,1,1,41.52,1,1,5.0,1.0,b8b48f488d93f7a62b982c9f7ccc322a,86450,quatigua,PR,9.678368055555556,22.429016203703704,0,41.519999999999996
72bee274b97b852ee7741bfa0b924105,5fcc9e5618e149a1a40c31da01602529,delivered,2017-03-07 13:58:07,2017-03-07 14:10:09,2017-03-07 14:32:43,2017-03-21 08:15:34,2017-04-05,109.9,22.7,1,1,132.6,2,1,5.0,1.0,97b2d82807f75f96ebb7010085725349,47800,barreiras,BA,13.762118055555556,28.417974537037036,0,132.6
dab37f5992b4ece308cb13f6141743b4,045042d40940bdd1ded5fcc2207ee31a,delivered,2017-03-07 14:02:34,2017-03-07 14:15:16,2017-03-10 09:40:23,2017-03-22 14:53:05,2017-03-28,169.0,15.35,1,1,184.35,1,1,5.0,1.0,c17b7dd097e7db7803880e2464265de7,88302,itajai,SC,15.035081018518518,20.41488425925926,0,184.35
08e4b9181951f803229ff26c157f5045,73b2b2fcb77f2cb1eef9f1f9789da60f,delivered,2017-03-07 14:10:57,2017-03-07 14:22:52,2017-03-08 09:40:29,2017-03-14 14:39:10,2017-04-10,68.9,20.8,1,1,89.7,2,1,3.0,1.0,18c5c4fe1e1ec0844d6dc8bad7ace3e3,6390,carapicuiba,SP,7.0195949074074075,33.4090625,0,89.7
1ec2e1de3e116559a59ec5166697d334,15de606e20783da1172ce080e95389fd,delivered,2017-03-07 14:13:42,2017-03-07 14:25:12,2017-03-08 09:42:05,2017-03-16 15:03:43,2017-03-24,166.0,11.77,1,1,177.77,3,1,5.0,1.0,430cc1365df7acdf3e62dab6febce102,13306,itu,SP,9.034733796296296,16.407152777777778,0,177.77
b8834035b657b559585c6c1243e82f9b,cd8979d14712c57fc193aecac517da3a,delivered,2017-03-07 14:13:56,2017-03-07 14:25:10,2017-03-10 13:23:16,2017-03-20 05:06:55,2017-03-24,24.75,11.74,1,1,36.49,1,1,5.0,1.0,2a3544b5d01a4f1107ae0fb7f10f2489,1238,sao paulo,SP,12.620127314814814,16.406990740740742,0,36.49
c2b3d03191d2e4327d41e4bb365a4328,83063b4aa0416271043f1ccda0801382,delivered,2017-03-07 14:16:37,2017-03-07 14:25:10,2017-03-15 11:13:28,2017-03-21 12:47:58,2017-03-28,239.0,16.88,1,1,255.88,2,1,4.0,1.0,3ab51a84510acf6fe2afccb2aacd76b7,23970,parati,RJ,13.9384375,20.405127314814816,0,255.88
8cca30720d5165714d3c1d64cf85e34b,3a5dbd95b86626c3f0c042ace081118b,delivered,2017-03-07 14:25:03,2017-03-09 02:51:05,2017-03-10 10:47:19,2017-03-17 13:39:02,2017-03-28,84.99,14.76,1,1,99.75,1,1,2.0,1.0,fc1eac58b91f0b363b4841ded521729a,11035,santos,SP,9.96804398148148,20.399270833333333,0,99.75
78445aad6ec7d2d58ab2c71c98f99957,fac679dba19bccd29e81192e5427a861,delivered,2017-03-07 14:50:59,2017-03-08 15:03:16,2017-03-10 13:02:11,2017-03-15 14:35:07,2017-03-28,37.99,14.52,1,1,52.51,5,1,5.0,1.0,2432c58848b4d5e5129a2708db9ee06f,23898,seropedica,RJ,7.988981481481481,20.381261574074074,0,52.510000000000005
cdc82761e2ff29724926335586ac1f8c,13b5774a39e594e308044385c5240dd8,delivered,2017-03-07 14:53:22,2017-03-07 15:03:08,2017-03-07 15:39:54,2017-03-10 14:58:22,2017-03-24,69.9,11.88,1,1,81.78,5,1,4.0,1.0,2e48e38a3a232d76390d0a019d2bef94,6028,osasco,SP,3.0034722222222223,16.37960648148148,0,81.78
0dbd118355590880ca13ec4ce58e64b0,f19c33b8cef8914fd3e1facb34fe4b2c,delivered,2017-03-07 15:04:38,2017-03-07 15:15:18,2017-03-08 16:20:40,2017-03-20 15:12:42,2017-03-28,69.9,15.7,1,1,85.6,1,1,5.0,1.0,6c902b7d5ede3beebeaf224dc79de64f,33200,vespasiano,MG,13.005601851851852,20.37178240740741,0,85.60000000000001
4897e89eeabd9f378a6c3fb314f441f2,1181666aa724f10233a91c2d04a13ece,delivered,2017-03-07 15:13:01,2017-03-07 15:25:15,2017-03-07 17:01:53,2017-03-10 04:57:48,2017-03-24,103.99,24.12,1,1,128.11,10,1,5.0,1.0,6770e2d6c610fd5a6567c313790b34df,4088,sao paulo,SP,2.572766203703704,16.36596064814815,0,128.10999999999999
29b56ecd8b55b6089065dad2fe85a0b8,3db805014861b40ee4e4e82e8d7ae5f5,delivered,2017-03-07 15:26:42,2017-03-07 15:42:59,2017-03-09 08:44:32,2017-03-13 11:06:19,2017-03-31,64.99,14.62,1,1,79.61,7,1,5.0,1.0,e45f7706f5e37da923c14f3a4bff40c6,25882,anta,RJ,5.819178240740741,23.356458333333332,0,79.61
7f5dfed48e701a5377de885c64a99aff,14eba40b8ec6185b47c93ddfecc1faac,delivered,2017-03-07 16:02:19,2017-03-09 02:51:04,2017-03-14 14:14:05,2017-03-20 14:49:31,2017-03-28,6.0,14.52,1,1,20.52,1,1,5.0,1.0,4d160824ea5977aa52fef32596211a93,27600,valenca,RJ,12.949444444444444,20.331724537037037,0,20.52
cf8a303d6edcce23699d7797c71ca28d,5d0e7f0e38c367edd51a6bf3cc06bb03,delivered,2017-03-07 16:02:54,2017-03-07 16:15:11,2017-03-15 10:38:00,2017-03-29 15:14:13,2017-04-07,231.27,27.88,1,1,259.15,2,1,5.0,1.0,9f9420e913cd391cd59f3de99bf9c3d4,59086,natal,RN,21.96619212962963,30.331319444444443,0,259.15000000000003
fe61e92ff4a1b045c69b89b72e42643c,75436e195e2764c4d0d6e18b26b9be96,delivered,2017-03-07 16:03:28,2017-03-07 16:15:15,2017-03-10 08:07:57,2017-03-18 06:37:35,2017-04-06,189.9,18.17,1,1,208.07,10,1,5.0,1.0,fa265d7e95f1e0cc4bdbdeb65f801e97,92025,canoas,RS,10.607025462962962,29.330925925925925,0,208.07
3273805a17a78c15811a6feb489662fd,5902a1f2ea205de385670535ffd5e0a6,delivered,2017-03-07 16:07:57,2017-03-08 16:15:20,2017-03-10 16:21:44,2017-03-16 17:34:47,2017-04-04,689.7,47.339999999999996,3,1,737.04,3,1,4.0,1.0,90d0fa4eb67598633d167ebbdecae37d,3514,sao paulo,SP,9.060300925925926,27.3278125,0,737.0400000000001
39f9559c0533f3ea56143c01bfdd7d9c,1d61114ff988a568ad5b62da890926ed,delivered,2017-03-07 16:20:35,2017-03-09 02:55:26,2017-03-10 14:12:58,2017-03-24 11:33:13,2017-04-07,240.60000000000002,209.82,6,1,450.42,1,1,5.0,1.0,05deca1c689c7d6d251146fbe36d37ae,46500,macaubas,BA,16.800439814814816,30.319039351851853,0,450.42
7529a27c3db5807043903076a53133dd,91633ac94a5ddebb20906d16ba6a53d7,delivered,2017-03-07 16:31:53,2017-03-09 02:51:12,2017-03-09 10:01:57,2017-03-15 07:42:05,2017-03-30,65.99,19.05,1,1,85.04,1,1,5.0,1.0,af86cd765238ea71b81a12b2631080f0,98930,tucunduva,RS,7.632083333333333,22.311192129629628,0,85.03999999999999
b0f445cca9b6a54ff47e8834c16ba6c1,2e45c5724dae130c031ff723c1ffb5e4,delivered,2017-03-07 16:37:01,2017-03-07 16:50:18,2017-03-10 09:52:15,2017-03-14 12:07:17,2017-03-24,62.8,17.439999999999998,2,1,80.24,1,1,5.0,1.0,f69dd277696f9a8fbe3745934891c18a,80060,curitiba,PR,6.8126851851851855,16.307627314814816,0,80.24
f323bb8ea0778da8d42a6de6499edb87,10040f52d3ff7967bd8f5e08b3a38e22,delivered,2017-03-07 16:37:23,2017-03-09 02:46:07,2017-03-10 12:18:07,2017-03-30 11:05:59,2017-03-30,117.3,24.64,1,1,141.94,1,1,3.0,1.0,e54b1417cf0c79b3b222a16931b0343c,98130,julio de castilhos,RS,22.769861111111112,22.307372685185186,1,141.94
580a7a884de79afc29f68de2c148240a,bbbef3f2ab06a8af0384658f6480271f,delivered,2017-03-07 16:46:41,2017-03-09 02:50:31,2017-03-10 13:28:54,2017-03-16 14:40:29,2017-04-03,99.9,17.54,1,1,117.44,1,1,5.0,1.0,25e2132af09d44dd0525f1e819b65c8d,84925,pinhalao,PR,8.91236111111111,26.30091435185185,0,117.44
8238b78624cf7cdf4fdb1a5e9906aada,9f8c81385c543f01610b9a061dcb900e,delivered,2017-03-07 16:51:21,2017-03-07 17:03:28,2017-03-08 10:53:50,2017-03-16 17:48:42,2017-03-28,699.99,21.64,1,1,721.63,10,1,4.0,1.0,f94e2292a0cd59da10f5641a88946f25,12501,guaratingueta,SP,9.039826388888889,20.29767361111111,0,721.63
b8fc541ddf448e0a01b133c5f34947dd,8c17ad58391be1710f7f14d41e68d882,delivered,2017-03-07 16:58:41,2017-03-09 02:45:36,2017-03-09 13:25:18,2017-03-13 16:03:42,2017-03-31,39.9,10.96,1,1,50.86,1,1,3.0,1.0,47705e07ec01d2c829e700f36476985c,3347,sao paulo,SP,5.96181712962963,23.29258101851852,0,50.86
94824ef603c1020f90aeabafd81bd704,e0f08c39c7055541a02687bc565b3f94,delivered,2017-03-07 17:12:18,2017-03-07 17:23:09,2017-03-09 15:38:06,2017-03-13 17:52:10,2017-03-27,220.0,12.15,1,1,232.15,7,1,4.0,1.0,9386c5230e8c655e2fe9ab0844775fc1,8050,sao paulo,SP,6.027685185185185,19.283125,0,232.15
7f7459900662af489ef7c24c730e4dde,68410f868b56146af2fe202cb48d29a6,delivered,2017-03-07 17:14:39,2017-03-07 17:25:19,2017-03-14 07:53:59,2017-03-29 09:32:29,2017-03-28,40.0,14.52,1,1,54.52,1,1,5.0,1.0,6f0951d261fc405f12caba921e175169,20710,rio de janeiro,RJ,21.679050925925925,20.281493055555554,1,54.519999999999996
78902e5dd1f843cd182f10992137777b,ffcff7222f737ae6b440d4d0da1496d3,delivered,2017-03-07 17:35:28,2017-03-09 02:45:59,2017-03-10 08:17:27,2017-03-15 10:14:11,2017-03-28,30.9,10.53,1,1,41.43,1,1,4.0,1.0,446eb5e08e24f3e8c6159661154893e4,4883,sao paulo,SP,7.693553240740741,20.26703703703704,0,41.43
b9e44ee22f3a341743c10307b601b363,29439576f6804f546a9d1b4f749ded69,delivered,2017-03-07 17:44:19,2017-03-07 17:55:18,2017-03-08 14:59:57,2017-03-14 13:09:49,2017-03-28,98.99,20.77,1,1,119.76,5,1,5.0,1.0,0b0dfd34c502d62ab405edfc40bccf85,25780,sao jose do vale do rio preto,RJ,6.809375,20.260891203703704,0,119.75999999999999
6be0accbc7586ba7eb6b9d35bb2023f4,ec98c7a2e610280ce0d0c0c699f3ffe5,delivered,2017-03-07 17:48:51,2017-03-07 18:03:25,2017-03-09 14:39:15,2017-03-15 10:51:59,2017-03-24,39.99,10.96,1,1,50.95,1,1,5.0,1.0,8d7a36878f064a2a94c8a311a97ad92f,86073,londrina,PR,7.7105092592592595,16.257743055555554,0,50.95
6002f1429927599498f346578f57af4b,961ccc7ebd066291ebbe0aea52b5efad,delivered,2017-03-07 17:49:33,2017-03-07 18:05:17,2017-03-13 08:07:20,2017-03-23 06:54:44,2017-04-05,50.9,15.57,1,1,66.47,1,1,1.0,1.0,b1667d1833c649999401e36e75781208,21840,rio de janeiro,RJ,15.545266203703704,28.257256944444446,0,66.47
0a84fbd88ba3278bbb66308e79b2f416,bd82e5acdc4197ed672255f002b9cc45,delivered,2017-03-07 17:50:02,2017-03-07 18:03:26,2017-03-08 11:00:49,2017-03-13 15:22:53,2017-03-24,399.99,14.19,1,1,414.18,4,1,4.0,1.0,2062829df366557aaf33d5f28c84318a,25933,mage,RJ,5.8978125,16.256921296296298,0,414.18
912fac153319e5a8524a1a9646dcc707,c34488bc19ab8916b2764d3cca0fec2d,delivered,2017-03-07 18:09:43,2017-03-09 02:55:13,2017-03-16 09:58:29,2017-03-22 12:31:52,2017-03-28,231.27,16.83,1,1,248.1,1,1,5.0,1.0,7f63005298099caa7352d41b3f78388d,38402,uberlandia,MG,14.765381944444444,20.243252314814814,0,248.10000000000002
86788916a1e9d8582d4ebd46320c7fb5,d1d85b5b8fdcbb6f1bec2fe66df90f67,delivered,2017-03-07 18:12:40,2017-03-07 18:23:29,2017-03-08 14:23:04,2017-03-14 12:34:50,2017-03-24,7.87,10.96,1,1,18.83,1,1,5.0,1.0,011c3e6b4b11fa8a326a39e78deb6e66,38408,uberlandia,MG,6.765393518518518,16.241203703703704,0,18.830000000000002
1a6a61fc8a3caaa9599b17984f3f35bc,72108dc3b6db1e78f3d9dd7b7b95266d,delivered,2017-03-07 18:28:16,2017-03-07 18:42:35,2017-03-24 08:37:39,2017-03-30 14:58:04,2017-04-19,119.9,20.92,1,1,140.82,1,1,4.0,1.0,f7ba21d6b0af7a0cb8f9291a1d8e81a3,28660,bom jardim,RJ,22.854027777777777,42.23037037037037,0,140.82
d4c46523b1239f182b74fb0ea1c27f32,4f55f44c9af248a6ca6eaf50db58f480,delivered,2017-03-07 18:37:35,2017-03-07 18:50:21,2017-03-08 13:05:03,2017-03-14 11:17:30,2017-03-31,310.0,86.97,1,1,396.97,1,1,5.0,1.0,7b5744db6099b40b195be40e7f4690b8,28695,papucaia,RJ,6.694386574074074,23.223900462962963,0,396.97
57a959471d822333138826c2694ea6b6,771e9ae78c4416f6de0bf7821e34140e,delivered,2017-03-07 19:04:12,2017-03-07 19:15:17,2017-03-08 09:43:43,2017-03-14 17:23:41,2017-03-28,169.9,22.66,1,1,192.56,10,1,4.0,1.0,8b2a763a17a3a6288f740b7280763603,80320,curitiba,PR,6.9301967592592595,20.205416666666668,0,192.56
f9c6801b9c045eee2a9c41dbf6fcb67d,08f33b15b6d92a5209ca1622585bcfb9,delivered,2017-03-07 19:10:21,2017-03-08 19:15:13,2017-03-09 13:36:50,2017-03-13 16:36:42,2017-03-24,79.9,13.14,1,1,93.04,1,1,5.0,1.0,53128909669e34ecf8e52bae4ecc4fd3,14400,franca,SP,5.893298611111111,16.20114583333333,0,93.04
27dd7a0387216be808ff97f5d2cf5862,4ad7136fffe9282d54b70dddaadb8181,delivered,2017-03-07 19:14:14,2017-03-07 19:25:22,2017-03-08 14:57:48,2017-03-14 05:27:52,2017-03-27,45.0,10.96,1,1,55.96,1,1,5.0,1.0,ec368b528a185643063dcb2d44e89155,15600,fernandopolis,SP,6.42613425925926,19.198449074074073,0,55.96
5bb65b26f2c6eb5d049658b9aa4b72d3,5ec665633ee56fe461ced28458080399,delivered,2017-03-07 19:19:19,2017-03-08 03:05:17,2017-03-09 12:27:52,2017-03-21 10:41:53,2017-04-03,59.9,21.05,1,1,80.95,1,1,3.0,1.0,3ba58ab03c8cb227aec453c2f59cb8ef,31030,belo horizonte,MG,13.640671296296297,26.194918981481482,0,80.95
70238f8ef874a547e18e58572c2c9a72,e051a01b04a8d5e78616a168648ed62e,delivered,2017-03-07 20:16:14,2017-03-07 20:25:21,2017-03-08 14:49:07,2017-03-13 10:12:47,2017-03-28,54.9,14.55,1,1,69.45,1,1,5.0,1.0,53924d76fdee811f00d845d85ff5f4cf,28605,nova friburgo,RJ,5.5809375,20.15539351851852,0,69.45
bd9e8d4cec0e721d5ffebe153035eeea,5ac11154d99a05392efa674705073e34,delivered,2017-03-07 20:32:03,2017-03-07 20:45:14,2017-03-08 09:43:11,2017-03-15 15:07:49,2017-04-11,119.98,37.400000000000006,2,1,157.38,1,1,3.0,1.0,20d42a0ad782572461d689604db4aa6f,36280,carandai,MG,7.774837962962963,34.14440972222222,0,157.38
9d5d3058706c16d0557d9b43c95ed70e,38aea1c83b6435516e18a04ce59806b8,delivered,2017-03-07 21:15:07,2017-03-08 22:03:39,2017-03-09 15:38:07,2017-04-19 16:24:06,2017-04-10,220.0,26.03,1,1,246.03,5,1,1.0,1.0,81f94b1e1e86a6ab7040ec51e7503189,67200,marituba,PA,42.79790509259259,33.114502314814814,1,246.03
d43470a53ea038b249664f2b6b7e48d1,1da26cb23f428136c4e46eba7ed28dff,delivered,2017-03-07 21:16:46,2017-03-07 21:25:16,2017-03-08 15:03:20,2017-03-18 09:13:46,2017-03-30,149.0,16.74,1,1,165.74,3,1,5.0,1.0,c29eb9b178f585c8ee87c59f1614411c,92030,canoas,RS,10.497916666666667,22.113356481481482,0,165.74
19421ea168a928851f0b465bfbcea60d,d55f7f8407616bc05b915b7a6561177f,delivered,2017-03-07 21:47:13,2017-03-07 21:55:27,2017-03-13 09:31:25,2017-03-17 13:59:48,2017-04-04,179.98,57.64,2,1,237.62,4,1,1.0,1.0,20e109b1ff67c418692b5b3f9f36cb82,30260,belo horizonte,MG,9.675405092592593,27.092210648148146,0,237.62
0094dc9ea7e3cd54d95aea42685673ff,5c98ab90d6e953f282ff28ebc43a090e,delivered,2017-03-07 21:48:19,2017-03-07 21:55:31,2017-03-09 10:02:59,2017-03-14 15:34:31,2017-03-30,89.99,14.8,1,1,104.79,1,1,4.0,1.0,a6b24ceddbf05b497a2dcdc301984aaf,20775,rio de janeiro,RJ,6.7404166666666665,22.09144675925926,0,104.78999999999999
3c860daefaca397a28e5f1909a3d6813,3537e21321dd0d2017d3a536dd8fe74d,delivered,2017-03-07 21:54:39,2017-03-07 22:05:10,2017-03-10 11:37:05,2017-03-21 14:37:40,2017-04-10,45.0,25.53,1,1,70.53,1,1,5.0,1.0,1c610f35fb7cf6deb76d162945e53f25,51280,recife,PE,13.696539351851852,33.08704861111111,0,70.53
d2176b03a3d39c462bb88f935ea12fb5,bb4c160ddf26300d42ed1c0a27ba83ed,delivered,2017-03-07 22:01:46,2017-03-07 22:15:12,2017-03-08 10:25:19,2017-03-14 09:17:49,2017-03-28,27.12,15.56,1,1,42.68,4,1,4.0,1.0,adfdb66b94b9b516eb6c94e98c723149,22753,rio de janeiro,RJ,6.469479166666667,20.082106481481482,0,42.68
b75531d67f9616e9012cea103a187c8c,b671be06b16d469205a87c380a30a09c,delivered,2017-03-07 22:10:46,2017-03-07 22:23:29,2017-03-13 09:32:58,2017-03-23 08:35:59,2017-04-12,238.0,28.14,1,1,266.14,5,1,4.0,1.0,6e9535f7b8f9d861b5cb705c525663ff,38680,arinos,MG,15.43417824074074,35.07585648148148,0,266.14
b29403efd8bacde6cfde49d511ada5fc,afa8c5e2e861d880271bf62d022b0525,delivered,2017-03-07 22:15:34,2017-03-07 22:25:18,2017-03-08 12:12:24,2017-03-15 10:24:50,2017-03-30,18.99,16.05,1,1,35.04,2,1,5.0,1.0,aac78602744cb3d7827611de8c3b04c5,85603,francisco beltrao,PR,7.506435185185185,22.072523148148147,0,35.04
4b42f2dc682eee98b86ceee2fd9876d9,48ed72c06c7dc2e62bb78ce1442f2f1d,delivered,2017-03-07 22:16:57,2017-03-09 02:51:12,2017-03-09 13:22:02,2017-03-21 11:48:36,2017-04-10,18.99,24.84,1,1,43.83,1,1,5.0,2.0,7bfbf2e340385f141cf804b9eb2df142,54520,cabo de santo agostinho,PE,13.563645833333334,33.0715625,0,43.83
e912fe377f77944ec68b3650ead100bf,159f7183e121d412169e30a10a7a4c63,delivered,2017-03-07 22:46:32,2017-03-09 02:55:17,2017-03-13 09:31:18,2017-03-17 14:14:10,2017-04-04,239.99,38.08,1,1,278.07,1,1,3.0,1.0,130c85da601c2f7af7a562f716967b46,20230,rio de janeiro,RJ,9.644189814814816,27.051018518518518,0,278.07
405377f3183b98eb11163cfb9d9f619e,f284a7d8ad19cc16eadd4fa63d72b4a9,delivered,2017-03-07 22:47:06,2017-03-07 22:55:13,2017-03-08 14:32:10,2017-03-13 18:52:21,2017-03-28,129.9,19.19,1,1,149.09,3,1,5.0,1.0,bfc9f8ea614f25e5d1b7ab5fc728a4c0,30130,belo horizonte,MG,5.836979166666667,20.050625,0,149.09
65efd756608003e865eb8d80f66a3ebb,b91d240f382eadc3b867e8a28a56f7ba,delivered,2017-03-07 23:19:46,2017-03-07 23:34:02,2017-03-10 10:06:50,2017-03-16 12:22:14,2017-03-30,169.0,16.48,1,1,185.48,1,1,5.0,1.0,6c0240b5b68fc5fa50b6a990e6352c4a,23075,rio de janeiro,RJ,8.54337962962963,22.027939814814815,0,185.48
799be3792f7db4e84ead1a2eefccd1b2,74d841cb5ec776ad34ebc824ad9906ce,delivered,2017-03-07 23:21:25,2017-03-07 23:33:21,2017-03-08 12:05:19,2017-03-10 18:10:13,2017-03-24,39.99,8.72,1,1,48.71,1,1,5.0,1.0,de0fcbf13e92c68080d909e87da3b510,4517,sao paulo,SP,2.783888888888889,16.026793981481482,0,48.71
a389f1f731daee05d63fe992c0f689eb,50f35f64380f777201a47222ea2ec6e1,delivered,2017-03-07 23:27:11,2017-03-07 23:43:19,2017-03-08 17:46:10,2017-03-10 04:48:45,2017-04-03,38.0,23.63,1,1,61.63,4,1,5.0,1.0,b946fd65c8a5e2893f48051a46f8692d,7500,santa isabel,SP,2.223310185185185,26.022789351851852,0,61.629999999999995
59a547acd221c8cbc2db1baf4d53ebac,dcf2ccf356bf4d48003190405025cabe,delivered,2017-03-07 23:32:59,2017-03-07 23:45:10,2017-03-09 15:17:05,2017-03-14 10:37:51,2017-03-24,249.9,16.86,1,1,266.76,8,1,5.0,1.0,0588cca7a35c8d68b0503d9ae53dee38,1238,sao paulo,SP,6.461712962962963,16.018761574074073,0,266.76
440d0d17af552815d15a9e41abe49359,7815125148cfa1e8c7fee1ff7974f16c,delivered,2017-03-07 23:59:51,2017-03-09 01:11:33,2017-03-15 13:00:08,2017-09-19 15:12:50,2017-04-07,159.9,25.12,1,1,185.02,2,1,1.0,1.0,f0785d41d416fa827f24c4b95d066b69,66813,belem,PA,195.6340162037037,30.000104166666667,1,185.02
d57eab70175d8611d6a811d6c2af63ae,887ca7d0cff5d23c72093beb83c55da8,delivered,2017-03-08 00:29:33,2017-03-08 01:30:25,2017-03-09 15:35:16,2017-03-15 04:11:55,2017-03-29,69.9,29.04,2,1,98.94,1,1,1.0,1.0,3236bf3dfd86ab2c0bcb89adf7d7c3a5,84200,jaguariaiva,PR,7.154421296296296,20.979479166666668,0,98.94
1c6455382944f30b6a7128f9747cef97,c9e0fd4d2fb25183668c8a8d86d04340,delivered,2017-03-08 00:44:02,2017-03-08 01:30:35,2017-03-08 09:48:33,2017-03-14 08:24:07,2017-04-05,59.9,17.26,1,1,77.16,1,1,5.0,1.0,0b8751ce40001ab30575c73018b81f39,29142,cariacica,ES,6.319502314814815,27.969421296296296,0,77.16
cc80504e2db2b7b744e2bfe2450c95d3,5a04d48281375e12441c83a2de43fb0a,delivered,2017-03-08 01:51:47,2017-03-08 02:05:08,2017-03-08 16:29:53,2017-03-14 15:07:56,2017-03-29,44.99,14.52,1,1,59.51,5,1,5.0,1.0,0d814dea3a60fe7911c544658e3f1282,84600,uniao da vitoria,PR,6.552881944444445,20.922372685185184,0,59.510000000000005
cd49c5c6f772ac87200f116a7a5499e5,c68f1a0b156eeb49b2b3168e4ab55681,delivered,2017-03-08 01:59:31,2017-03-09 02:51:06,2017-03-09 13:31:27,2017-03-14 10:34:44,2017-03-29,99.0,17.43,1,1,116.43,1,1,5.0,1.0,2aeb1b7d567e9e232a56cd0b80ec94fa,95200,vacaria,RS,6.357789351851852,20.917002314814816,0,116.43
3d09c01f56c367a5c7e576aa1fe45b0a,139583bbf99e641e0e7053266a739056,delivered,2017-03-08 07:18:34,2017-03-08 07:25:07,2017-03-08 11:46:54,2017-03-13 16:30:43,2017-03-29,59.9,20.5,1,1,80.4,3,1,4.0,1.0,43d602666d4786ef6d53e8c2ff8a862e,31155,belo horizonte,MG,5.3834375,20.695439814814815,0,80.4
d496c7682d606e5b5e371b47849d8ad6,0e780f8a6ffb6bb7e2ea528945da7222,delivered,2017-03-08 08:27:54,2017-03-10 02:43:35,2017-03-10 12:29:52,2017-03-20 12:43:51,2017-03-27,116.0,11.42,1,1,127.42,1,1,5.0,1.0,a6eedcaf502ec42921a5cc6bc354dcb5,13061,campinas,SP,12.177743055555556,18.647291666666668,0,127.42
f692b6bd0ae87642d9c7656e6199ed03,810ca9554e64b702fcd371852a304794,delivered,2017-03-08 08:35:41,2017-03-10 02:43:26,2017-03-10 16:14:56,2017-03-17 09:54:49,2017-03-28,89.9,11.24,1,1,101.14,1,1,5.0,1.0,4c64f14f4ec0fd39ad45d4390eb08d5a,8850,mogi das cruzes,SP,9.054953703703704,19.641886574074075,0,101.14
46e8348ff73e64f24843a7d2fad9fcfd,2a6f4afc6cfdd2096f8b3002dfb30db1,delivered,2017-03-08 08:58:11,2017-03-08 09:10:18,2017-03-10 13:18:00,2017-03-13 10:51:50,2017-04-07,809.1,31.16,1,1,840.26,10,1,4.0,1.0,5ad9aa3b3a3f21a4c5ab9e3a8b09642f,4304,sao paulo,SP,5.078923611111111,29.626261574074075,0,840.26
f3b7a74389c875b24dbbdbf6aefaca3d,85646399bf7dc160e458a28fc6ec2b0f,delivered,2017-03-08 09:04:11,2017-03-10 02:45:50,2017-03-10 15:12:39,2017-03-16 16:14:47,2017-03-29,117.3,22.29,1,1,139.59,1,1,5.0,1.0,1bcb8ba2ff5705145422fe5008e97c8c,21042,rio de janeiro,RJ,8.299027777777777,20.62209490740741,0,139.59
aaae80f5b6239bd9e1b22e9aa542c3e8,c8e14cdb8278f31a2b204cbc401a4fc9,delivered,2017-03-08 09:38:25,2017-03-08 09:50:19,2017-03-09 10:16:05,2017-03-31 11:37:54,2017-04-05,59.9,17.26,1,1,77.16,1,1,1.0,1.0,548a593de4bdb5951b3b06c8dbe2e106,91230,porto alegre,RS,23.082974537037035,27.59832175925926,0,77.16
682c57bc2cd98a0a198ef4e82e7c806d,1b4855e0e8c7bcbe7235c4486514ea80,delivered,2017-03-08 09:41:50,2017-03-08 09:50:19,2017-03-10 07:43:56,2017-03-20 09:47:40,2017-03-27,89.99,15.74,1,1,105.73,5,1,5.0,1.0,7644e4a1248469c10e71a684d79c1742,7715,caieiras,SP,12.004050925925926,18.595949074074074,0,105.72999999999999
19e985f2f060675c813b7c9d094cbe07,899adc6970ba5932f40b7e42b465d933,delivered,2017-03-08 09:48:14,2017-03-09 09:44:10,2017-03-17 14:58:02,2017-04-05 16:10:06,2017-04-13,284.99,22.44,1,1,307.43,6,1,4.0,1.0,447f7f85bb41620cc5e833f7d027e43d,45820,eunapolis,BA,28.265185185185185,35.59150462962963,0,307.43
2d3246c68cbe85d64b652f4ff3848de2,f3de897db02b60ae259ac54f92c43d17,delivered,2017-03-08 10:07:04,2017-03-08 10:15:20,2017-03-09 10:01:42,2017-03-15 15:47:44,2017-03-31,198.95,30.27,1,1,229.22,2,1,5.0,1.0,2026fd98a236e9f50742ccfbc21112f0,23098,rio de janeiro,RJ,7.236574074074074,22.578425925925927,0,229.22
860c765342eaa4f946dfc210c1898072,8ba72df9f8da30c34c3f31f5cc762e8e,delivered,2017-03-08 10:33:45,2017-03-08 10:45:18,2017-03-16 07:42:23,2017-03-28 13:32:59,2017-04-04,21.32,17.78,1,1,39.1,3,1,5.0,1.0,233fd54efdf9c6a5af51fe9cfe88fd4b,38405,uberlandia,MG,20.12446759259259,26.559895833333332,0,39.1
7983542b1539fd0eb5c18d062ee04e34,708944782215b950642ef74c5843bb98,delivered,2017-03-08 10:56:06,2017-03-08 11:10:16,2017-03-10 12:04:54,2017-03-20 12:42:42,2017-04-04,101.0,21.34,1,1,122.34,10,1,5.0,1.0,4943a66958fb2f2d22f9173a3844f21b,75830,mineiros,GO,12.074027777777777,26.544375,0,122.34
4ad2ebd3c62db5a8509e3f25fb8b81ca,dd59f6062e68d2f8fb6bce284218f9fd,delivered,2017-03-08 11:03:12,2017-03-08 11:15:16,2017-03-13 09:31:20,2017-03-16 12:33:59,2017-04-05,99.99,28.89,1,1,128.88,3,1,4.0,1.0,4415028333a4be92b6f62cdfd79eac6b,38810,rio paranaiba,MG,8.063043981481481,27.539444444444445,0,128.88
7508033c7fba2328d96c7760f62318f9,34d0cc6bbf8e377d86e6aaf103d4404d,delivered,2017-03-08 11:08:35,2017-03-09 06:35:20,2017-03-09 11:16:30,2017-03-16 17:44:04,2017-04-05,149.0,17.78,1,1,166.78,1,1,5.0,1.0,167cece265777de38b4735c44b7f497c,36071,juiz de fora,MG,8.274641203703704,27.535706018518518,0,166.78
cd05a1fc2781f43f5e459c285751e26a,dc9ccc5a17a293fa6ba72ff608436367,delivered,2017-03-08 11:17:14,2017-03-08 11:30:08,2017-03-08 12:03:44,2017-03-14 10:08:01,2017-03-30,65.0,14.62,1,1,79.62,2,2,5.0,1.0,4706af85da078301c35ace57729cbc6b,86025,londrina,PR,5.951932870370371,21.529699074074074,0,79.62
52d39ff4d1bec82c2e57105ce078804d,bf404bca8019b05975e935847f83af10,delivered,2017-03-08 11:54:55,2017-03-08 12:32:49,2017-03-09 15:37:58,2017-03-14 11:31:52,2017-03-28,265.0,12.46,1,1,277.46,5,1,4.0,1.0,ab1bdba8df24adf29999304a1aa0b200,2516,sao paulo,SP,5.983993055555556,19.50353009259259,0,277.46
c5739db7f3e9978c46904140ccbb6fb5,10552ac8780d0632ca68c10fafbf3041,delivered,2017-03-08 12:12:40,2017-03-08 12:33:46,2017-03-10 12:24:18,2017-03-21 14:52:09,2017-03-28,59.0,11.23,1,1,70.23,5,1,4.0,1.0,07e20633299758a38808a8584c21fa12,7176,guarulhos,SP,13.110752314814814,19.491203703703704,0,70.23
4cc275a83d9eace28626f30559570ba0,3bd9ef86e2ffaedbd8bb7c3fe0438c2d,delivered,2017-03-08 12:44:23,2017-03-08 13:10:47,2017-03-18 07:24:00,2017-04-03 08:36:03,2017-04-10,89.18,9.61,1,1,98.78999999999999,1,2,2.0,1.0,60f594984043fd2f99b024e41f029145,8345,sao paulo,SP,25.827546296296298,32.46917824074074,0,98.79
3fe0539e577c4fbfd80fe4cefb8abc0d,6f295881d020172597b6924cfd3ee303,delivered,2017-03-08 13:00:22,2017-03-09 13:10:48,2017-03-15 11:04:52,2017-03-21 12:47:55,2017-04-13,299.0,28.56,1,1,327.56,1,1,5.0,1.0,20bac1d3ca8452f298ae302897174443,38302,ituiutaba,MG,12.991354166666667,35.458078703703706,0,327.56
b12beb9e03bfacd9b42cf189c5decc85,12146654a986f7db61818e306b1e227a,delivered,2017-03-08 13:13:49,2017-03-08 13:30:09,2017-03-09 10:01:54,2017-03-14 08:24:35,2017-03-31,119.99,17.68,1,1,137.67,3,1,5.0,1.0,c93f62481f5ec94519caf019bb6f7c4e,29600,afonso claudio,ES,5.799143518518519,22.448738425925924,0,137.67
8b2f6212e3a5681805601bad0a43905c,8f939afa25f8867ec54f75175da0af11,delivered,2017-03-08 13:19:21,2017-03-08 13:30:09,2017-03-09 09:40:27,2017-03-13 12:21:55,2017-03-30,20.9,14.11,1,1,35.01,2,1,5.0,1.0,6994bd18f921604a7f0df000dc82392e,2530,sao paulo,SP,4.960115740740741,21.444895833333334,0,35.01
4bfa32127f9cbdeb864796d1132b1c0c,b1b64e79e26d783a49e45ad0b4136613,delivered,2017-03-08 13:30:01,2017-03-09 02:51:04,2017-03-09 10:22:51,2017-03-20 07:52:10,2017-04-07,64.9,16.15,1,1,81.05,1,1,5.0,1.0,2c6f18d5357a85878fcde7536c76f1ce,36212,barroso,MG,11.765381944444444,29.437488425925928,0,81.05000000000001
8ac2728285fd4228f35d907768b5288a,6b5e281c1563241783deb3a2636daa28,delivered,2017-03-08 14:09:17,2017-03-08 14:09:17,2017-03-09 15:15:33,2017-03-13 07:32:42,2017-03-29,589.96,62.38,4,1,652.3399999999999,6,1,5.0,1.0,88ef3169f5d6ac822eeb2cda922c7ff8,3590,sao paulo,SP,4.724594907407408,20.410219907407406,0,652.34
82fa967d1d3bc56f31565b771fe79181,4d36af0b2f66083f21a8f7d549647d6a,delivered,2017-03-08 15:00:44,2017-03-08 15:00:44,2017-03-13 05:32:24,2017-03-16 17:48:01,2017-04-03,179.99,9.63,1,1,189.62,10,1,5.0,1.0,e2fa02776abcbf7246ffd18f58e120ea,58010,joao pessoa,PB,8.116168981481481,25.37449074074074,0,189.62
d2feffdc8a5c6772992aafeff8b9bdef,ed6d639168d3420f50058536d6bc0118,delivered,2017-03-08 15:02:43,2017-03-08 15:02:43,2017-03-09 11:00:15,2017-03-16 08:37:58,2017-03-31,84.9,16.29,1,1,101.19,2,1,5.0,1.0,13db1b0290d3d487664620f36c3e0df5,82620,curitiba,PR,7.7328125,22.373113425925926,0,101.19
4b8f98e50ffa9c1b021c197d39c58bb2,672b3a9f04869358311e98e5190693df,delivered,2017-03-08 15:05:05,2017-03-08 15:05:05,2017-03-09 15:52:52,2017-03-31 15:03:19,2017-04-04,185.81,20.0,1,1,205.81,3,1,3.0,1.0,51df14acd74dffa88ff840ac21d1f187,41740,salvador,BA,22.99877314814815,26.37146990740741,0,205.81
96a3e667da37fbf1a734e7ac4cfb566b,bd138ea8b82f8ed2d553b071d18533c0,delivered,2017-03-08 15:05:18,2017-03-08 15:05:18,2017-03-10 08:36:52,2017-03-21 11:34:14,2017-03-31,29.99,15.65,1,1,45.64,1,1,5.0,1.0,8df10be00a35becbb4993496f949d948,91787,porto alegre,RS,12.853425925925926,22.371319444444445,0,45.64
e734700453d78cc2958b64b3b5613bcd,44a36762b3b2f6bc16c48380685d3d6e,delivered,2017-03-08 15:10:18,2017-03-08 15:10:18,2017-03-21 09:52:21,2017-03-28 15:12:15,2017-04-19,75.51,15.64,1,1,91.15,3,1,3.0,1.0,5e98cd0ad93480e1d7f67062e4eee1b2,33015,santa luzia,MG,20.001354166666665,41.367847222222224,0,91.15
fc0e7c52306f65220d5eca076e70c610,80cd284463cd296129eab19cac5f012f,delivered,2017-03-08 15:12:54,2017-03-08 15:12:54,2017-03-28 13:36:28,2017-04-06 15:08:03,2017-04-28,42.7,35.56,2,1,78.26,1,1,4.0,1.0,4820959c2ff0fca35566ad31c3a864f3,89560,videira,SC,28.996631944444445,50.36604166666667,0,78.26
ff8ac98b246381dba3eb9d51e77faf6c,2f5f1572415e02d8955c27c1f5b462b5,delivered,2017-03-08 15:15:06,2017-03-08 15:15:06,2017-03-09 09:18:24,2017-03-14 15:21:59,2017-03-30,39.9,10.96,1,1,50.86,3,1,3.0,1.0,d4bd5654b8fe422766fe81834793a59a,13211,jundiai,SP,6.0047800925925925,21.36451388888889,0,50.86
e3f9bc8fd9bd8878c7c112e6dfa97db8,ec2fa0b878457b9ed3d19c5118f1c2d8,delivered,2017-03-08 15:17:51,2017-03-08 15:17:51,2017-03-09 08:23:03,2017-03-20 13:22:03,2017-03-29,25.98,30.22,2,1,56.2,1,1,4.0,1.0,77673ce425cdde0ac9dc37362ab84246,30180,belo horizonte,MG,11.919583333333334,20.362604166666667,0,56.2
83f6cb8aeb5110d722e025c724011f06,992a21aa47aee416164fb221a5880370,delivered,2017-03-08 15:34:05,2017-03-08 15:34:05,2017-03-14 15:09:29,2017-03-22 08:38:41,2017-03-27,449.99,11.52,1,1,461.51,1,1,4.0,1.0,f74a6b1fdb1ac55d4dff82139cc6c55f,4142,sao paulo,SP,13.711527777777778,18.35133101851852,0,461.51
77f8ac5734b5b2f8c1572102f854d329,a2e8d1cddde94bd28498e3fe782f3fea,delivered,2017-03-08 15:37:38,2017-03-08 15:37:38,2017-03-10 12:17:34,2017-03-15 12:32:29,2017-03-27,117.3,16.97,1,1,134.27,2,1,5.0,1.0,afa97c1719177a2dfa4c8baa78471cfa,15046,sao jose do rio preto,SP,6.871423611111111,18.34886574074074,0,134.26999999999998
506537a590a8f111389ca1f2a4963847,57e761e5abb85226f648d44620795d9c,delivered,2017-03-08 15:42:23,2017-03-08 15:42:23,2017-03-09 15:29:47,2017-03-13 07:57:35,2017-04-03,188.99,11.93,1,1,200.92,6,1,5.0,1.0,2267afdad1a2e7358badcecca16edfbb,17340,barra bonita,SP,4.677222222222222,25.34556712962963,0,200.92000000000002
2545a371c2d78cb0967db6cea045029f,fd02e2278bbad54bce38c92d69935f41,delivered,2017-03-08 15:46:42,2017-03-08 15:46:42,2017-03-10 11:11:22,2017-03-17 15:34:19,2017-03-29,63.9,14.62,1,1,78.52,1,1,5.0,1.0,623e2f117542d1e15c07d861cdd4727f,6515,santana de parnaiba,SP,8.991400462962963,20.342569444444443,0,78.52
e4e9fa1ceb459e9dfebba5e0b09849f3,6987c5a00c0bfdbb2a78d36822f82ebb,delivered,2017-03-08 15:55:56,2017-03-08 15:55:56,2017-03-10 16:25:19,2017-03-16 08:50:41,2017-03-27,69.9,8.86,1,1,82.39,3,1,4.0,1.0,d4f6e329d878d36cb58f84de44cb03e9,5853,sao paulo,SP,7.7046875,18.33615740740741,0,78.76
c40ef1f09f4ba772a63865df0274f6b8,910061024aad54e0227ec718b29297e6,delivered,2017-03-08 16:06:00,2017-03-08 16:06:00,2017-03-10 04:43:45,2017-04-07 12:23:52,2017-04-10,299.8,76.02,2,1,375.82,1,1,5.0,1.0,125740359669fa63858476105a5d523d,78850,primavera do leste,MT,29.84574074074074,32.329166666666666,0,375.82
9630f4af52c269bea30409c275052f6e,23b628ded33cb58a4dd4f8e6104517a5,delivered,2017-03-08 16:13:41,2017-03-08 16:13:41,2017-03-09 15:22:51,2017-03-17 12:27:07,2017-03-30,47.99,14.52,1,1,62.51,1,1,5.0,1.0,31934416054332748fd3fa41e7e3ac12,31748,belo horizonte,MG,8.842662037037037,21.32383101851852,0,62.510000000000005
68d1c970d581919895404c1e68e0bf3b,316ac291a95ed6a5f1b367a578bf6ae6,delivered,2017-03-08 16:34:25,2017-03-08 16:34:25,2017-03-09 10:08:03,2017-03-14 15:18:58,2017-04-03,48.0,18.94,1,1,66.94,1,1,5.0,1.0,85cf9c3f1dccec7a7a075797df5ed170,29100,vila velha,ES,5.947604166666666,25.30943287037037,0,66.94
05c1808ab7242e387b4947245e0c0649,069c942e82eba9152f2797da49e1e764,delivered,2017-03-08 16:49:01,2017-03-08 16:49:01,2017-03-09 05:44:59,2017-03-20 12:23:48,2017-03-30,49.0,14.52,1,1,63.52,6,1,5.0,1.0,3991c41c2de37fb418cbfd8938aead3d,27940,macae,RJ,11.81582175925926,21.299293981481483,0,63.519999999999996
7eebf0a4be5859d04ca7da2ce039c044,0fd46c0cebabebbd5aeac39506cfe54c,delivered,2017-03-08 16:52:50,2017-03-08 16:52:50,2017-03-09 09:12:09,2017-03-21 18:39:02,2017-04-04,99.99,36.53,1,1,136.52,1,1,4.0,1.0,2bc0f9b563cf9b6f7b8e01c45e6ff530,45600,itabuna,BA,13.07375,26.29664351851852,0,136.51999999999998
11d2a4111b0de56991e1ccbeaf4eb0e8,07436d5d1e7122889991218e3e297c27,delivered,2017-03-08 17:14:18,2017-03-08 17:14:18,2017-03-09 10:21:30,2017-03-21 10:32:46,2017-03-31,195.9,19.96,1,1,215.86,1,1,5.0,1.0,7e6d80de9f643556c0ef48a8bba5e830,36080,juiz de fora,MG,12.721157407407407,22.281736111111112,0,215.86
dc1d41f0e6212d99f654cf8177510110,5026e71982586c2780328aff17994405,delivered,2017-03-08 17:49:50,2017-03-08 17:49:50,2017-03-10 09:55:05,2017-03-15 12:19:13,2017-04-12,20.0,16.05,1,1,36.05,1,1,4.0,1.0,8227f1b46b447d644e40143c1dc5d500,95670,gramado,RS,6.7704050925925925,34.25706018518518,0,36.05
2fb597c2f772eca01b1f5c561bf6cc7b,217906bc11a32c1e470eb7e08584894b,delivered,2017-03-08 18:09:02,2017-03-08 18:09:02,2017-03-13 08:54:02,2017-09-19 14:33:17,2017-04-17,239.96,105.19,1,1,345.15,4,1,4.0,1.0,c6c0b794d3e4eb69cd85d1438a0db26e,64023,teresina,PI,194.8501736111111,39.243726851851854,1,345.15
f09f067e8ad2f131f31e6394a71b48c3,3423417279be81af6676d055effc33d1,delivered,2017-03-08 18:40:08,2017-03-08 18:40:08,2017-03-14 08:40:22,2017-03-18 04:38:23,2017-04-03,119.9,17.58,1,1,137.48,8,1,4.0,1.0,13dbd4fc6e425eb9d9d34101a317ab3b,22611,rio de janeiro,RJ,9.415451388888888,25.22212962962963,0,137.48000000000002
b0b0d3285e59abf2f6c9d7e1bf761323,3a4e4932f3e6976dd966f1d3c044d49e,delivered,2017-03-08 18:51:06,2017-03-08 18:51:06,2017-03-13 12:02:03,2017-03-24 17:08:46,2017-03-31,2999.89,44.23,1,1,3044.12,10,1,5.0,1.0,0f75637a7e2f7b6ae43665d1f7d0ca5d,79074,campo grande,MS,15.928935185185185,22.214513888888888,0,3044.12
426ad73f31e7c52e6eb4b173459340c2,a978f04f78a5f1835cf5e5df77e213f7,delivered,2017-03-08 18:56:22,2017-03-08 18:56:22,2017-03-14 08:01:54,2017-03-16 08:34:13,2017-03-27,629.0,23.7,1,1,652.7,1,1,5.0,1.0,ed4018911d6ae83a992a90a0f1ce22c6,90480,porto alegre,RS,7.567951388888889,18.210856481481482,0,652.7
9074c0d9543d2c8d13c3c99b15ddfd55,ce581900fcd586972330fa45459265f5,delivered,2017-03-08 19:13:39,2017-03-08 19:13:39,2017-03-10 15:26:52,2017-03-16 17:31:46,2017-03-27,129.0,11.51,1,1,140.51,1,1,5.0,1.0,8fe6d948b398d2a48d4a915300e9e811,13145,paulinia,SP,7.929247685185185,18.198854166666667,0,140.51
1a076ebf5225e2c21de6fad7c324ddec,8b9da83aab7e0dd9a053a6c11aead43a,delivered,2017-03-08 19:20:28,2017-03-08 19:20:28,2017-03-14 09:04:13,2017-03-23 18:06:19,2017-04-10,178.0,49.24,2,1,227.24,1,1,5.0,1.0,e98d0dfdf6fbd7719f1f6e7439316ece,51020,recife,PE,14.948506944444444,32.19412037037037,0,227.24
cb2fbc8c6e48dc4954fc8cb1034900f0,e010713b72d4abff34f5607c632db1c2,delivered,2017-03-08 19:27:48,2017-03-08 19:27:48,2017-03-13 13:11:52,2017-03-22 10:41:54,2017-03-29,49.9,12.93,1,1,62.83,1,1,1.0,1.0,bd8dba3e2542d2e521809f9941a902da,18530,tiete,SP,13.634791666666667,20.189027777777778,0,62.83
a17c7cad1ce274604db62cc3d2def2c9,b43fb5e872cc859f6cfef355bb3c6a14,delivered,2017-03-08 19:29:04,2017-03-08 19:29:04,2017-03-13 08:38:59,2017-04-06 14:03:53,2017-03-29,139.99,21.06,1,1,161.05,1,1,1.0,1.0,04d6a473cfb43848488bee72c9eb28b5,23059,rio de janeiro,RJ,28.774178240740742,20.188148148148148,1,161.05
5ee987cdf0ab5a1b320bbfae52b39661,f241eda6e0ef48fb716e435126893b88,delivered,2017-03-08 19:29:16,2017-03-08 19:29:16,2017-03-13 12:38:14,2017-03-16 07:14:07,2017-03-29,53.9,18.66,1,1,72.56,1,1,5.0,1.0,f0a0b65515c41c696eac8064eac4c2d5,21931,rio de janeiro,RJ,7.4894791666666665,20.18800925925926,0,72.56
744dddb0362cbcb141adaed27f19cb3a,08c07e9a2ca88f8c94694bd4972a4eed,delivered,2017-03-08 19:30:26,2017-03-08 19:30:26,2017-03-10 10:48:01,2017-03-18 09:21:56,2017-04-18,69.9,26.3,1,1,96.2,2,1,5.0,1.0,2454d481eb521ebf016dd2ef39314a73,76804,porto velho,RO,9.577430555555555,40.18719907407407,0,96.2
d0d85933667e8a90939ca37947942b62,e74208f5cce1258bbbb9a55463f0d37a,delivered,2017-03-08 19:55:23,2017-03-08 19:55:23,2017-03-13 09:42:13,2017-03-16 13:35:37,2017-03-27,37.99,10.96,1,1,48.95,1,1,4.0,1.0,20afb5e47a145730fe9e8c081318e71c,13486,limeira,SP,7.736273148148148,18.169872685185187,0,48.95
710b77f06bbd6da0be12265c7d1d5911,754df56aa692b73055a6969c9f72796e,delivered,2017-03-08 19:56:12,2017-03-08 19:56:12,2017-03-09 10:01:55,2017-03-17 09:57:06,2017-03-29,65.99,16.71,1,1,82.7,1,1,5.0,1.0,6b81b630bd8dc5b7fb7adbf2ed1ee57e,21920,rio de janeiro,RJ,8.583958333333333,20.169305555555557,0,82.69999999999999
2abaeadd36049815bac47f33e2ad3789,2a7dd1fbbb9bd76389b3882337e071f5,delivered,2017-03-08 20:17:07,2017-03-08 20:17:07,2017-03-09 16:06:10,2017-03-17 12:08:18,2017-03-31,34.9,14.52,1,1,49.42,4,1,3.0,1.0,5e41c6bbd9735ec7b620f742ad668f29,4822,sao paulo,SP,8.660543981481482,22.154780092592592,0,49.42
50afe29220be2f02604b5cbb9e641f86,abb188913700dc174010c777b06159bf,delivered,2017-03-08 20:41:04,2017-03-08 20:41:04,2017-03-09 06:32:37,2017-03-23 07:12:13,2017-04-03,39.0,16.05,1,1,55.05,1,1,5.0,1.0,1b8258689b0a6aa90736f890f3685614,97110,santa maria,RS,14.438298611111112,25.138148148148147,0,55.05
4068a5daf06244e4aa1a85a67983cc62,a955b91ca219905e5cbca783a0801f21,delivered,2017-03-08 21:05:01,2017-03-08 21:05:01,2017-03-09 09:18:54,2017-03-16 06:47:58,2017-03-27,79.99,14.33,1,1,94.32,4,1,3.0,1.0,76a2ffcbe2ec9c33c50ce6024ea56afa,7174,guarulhos,SP,7.404826388888889,18.121516203703703,0,94.32
1a9b9f5f7c4ed24f0e1e7c19cc9510a5,b2c85d49babd60f744c7f30e9d23fafa,delivered,2017-03-08 21:11:42,2017-03-08 21:11:42,2017-03-13 08:07:23,2017-03-31 12:24:37,2017-04-12,209.9,33.07,1,1,242.97,4,1,5.0,1.0,a854d45312665931c0af7b892f6d0e88,64800,floriano,PI,22.63396990740741,34.116875,0,242.97
ee6398e4b964637992cf88b70044438a,a5f320745991c8686d6eeb21dd444839,delivered,2017-03-08 21:13:31,2017-03-08 21:13:31,2017-03-09 06:51:06,2017-03-13 20:16:12,2017-03-28,60.0,8.79,1,1,68.79,1,1,5.0,1.0,cb982f38644b1ec5ae885183c358233b,2617,sao paulo,SP,4.960196759259259,19.115613425925925,0,68.78999999999999
28781e0706467b15858facab8a22ba5b,ccd29dc7fdb34938b17b1edb309f4144,delivered,2017-03-08 21:48:05,2017-03-08 21:48:05,2017-03-13 07:17:34,2017-03-17 12:08:19,2017-04-07,66.99,17.21,1,1,84.2,1,1,4.0,1.0,399733f05d064f607644340371825948,6396,carapicuiba,SP,8.59738425925926,29.091608796296295,0,84.19999999999999
81220f667163d5eebb4357899f42a737,5f8701c124f5456334c36d83fa44a2a8,delivered,2017-03-08 21:51:49,2017-03-08 21:51:49,2017-03-10 09:25:50,2017-03-14 10:52:03,2017-03-28,45.0,10.96,1,1,55.96,1,1,5.0,1.0,9b1bbe55617d7e8753cb49776d952a5b,36070,juiz de fora,MG,5.541828703703704,19.089016203703704,0,55.96
491b3517aceaf23456a3a9cb1d95feab,d37b5fb9d0d04e5c6cac19f72b4ee5cf,delivered,2017-03-08 21:55:07,2017-03-08 21:55:07,2017-03-10 09:32:35,2017-03-20 10:04:47,2017-03-29,132.7,26.43,1,1,159.13,1,1,2.0,1.0,a544c1c8ec38eac6ab18455e99b685f1,89700,concordia,SC,11.506712962962963,20.086724537037036,0,159.13
854d9f86041d38857c38795f8c133494,803f32fb17f4584b3e67dc7cda49ddec,delivered,2017-03-08 21:57:09,2017-03-08 21:57:09,2017-03-13 13:44:01,2017-04-24 15:52:25,2017-04-10,689.89,31.09,1,1,720.98,9,1,1.0,1.0,c1c1e07ab2c080ce6f5c3e8b621eff38,62790,redencao,CE,46.74671296296296,32.0853125,1,720.98
285ab9426d6982034523a855f55a885e,9cf2c3fa2632cee748e1a59ca9d09b21,delivered,2017-03-08 22:47:40,2017-03-08 22:47:40,2017-03-09 08:53:20,2017-09-19 14:00:04,2017-04-06,429.9,27.75,1,1,457.65,10,1,1.0,1.0,3c2564d42f7ddd8b7576f0dd9cb1b4c5,49400,lagarto,SE,194.63361111111112,28.050231481481482,1,457.65
5718fc130d653929872f0481438d3f66,9003cc059c037e958017724f7aeb09c8,delivered,2017-03-08 22:49:56,2017-03-08 22:49:56,2017-03-10 07:28:29,2017-03-15 10:44:55,2017-03-29,24.9,14.52,1,1,39.42,1,1,5.0,1.0,fb1287fe3dfd670c2ad053d4219e43e3,36415,congonhas,MG,6.496516203703703,20.048657407407408,0,39.42
3700f4a21c1a400182d57c40e110ab2a,725f1aaa7840c81a09b590b25cc7fa24,delivered,2017-03-08 22:51:01,2017-03-08 22:51:01,2017-03-09 11:16:47,2017-03-14 17:39:17,2017-03-27,34.9,10.96,1,1,45.86,4,1,5.0,1.0,1299898d725caf5eca3fef77c06ff1bf,16075,aracatuba,SP,5.783518518518519,18.047905092592593,0,45.86
b2c1c7db95834595977330e8c8dd7766,e25a3aee6d27f36054035c028d016e91,delivered,2017-03-08 23:08:21,2017-03-08 23:08:21,2017-03-09 13:50:18,2017-03-15 18:42:27,2017-03-29,97.9,20.77,1,1,118.67,1,1,5.0,1.0,624b8c00e1002924c3ab9d2ce6e62d90,31950,belo horizonte,MG,6.815347222222222,20.035868055555557,0,118.67
616766a13421c758b45c1912e9e4fedf,0a4e3807c23f486dea9adbdf8c73a70a,delivered,2017-03-08 23:21:32,2017-03-08 23:21:32,2017-03-10 13:04:47,2017-03-28 16:14:54,2017-04-06,109.99,24.97,1,1,134.96,1,1,1.0,1.0,fc4249eb9b18bed24ff89e4a34eafa69,49032,aracaju,SE,19.70372685185185,28.026712962962964,0,134.95999999999998
12246bc7c8c246d8294f4f6a04efc60e,1e730a96d690e79c6c7f148ed0510bdd,delivered,2017-03-08 23:55:39,2017-03-08 23:55:39,2017-03-10 12:46:09,2017-03-16 13:39:19,2017-03-29,49.99,18.63,1,1,68.62,1,1,5.0,1.0,78326d14127295580b604e29643d9421,95700,bento goncalves,RS,7.57199074074074,20.003020833333334,0,68.62
994d36ec7dcfa4437a4560fd76447263,93f7848659010f6e9d53da39631aa55e,delivered,2017-03-09 00:40:53,2017-03-09 00:40:53,2017-03-14 09:27:51,2017-03-24 14:14:24,2017-03-30,74.9,18.8,1,1,93.7,1,1,5.0,1.0,eb4e124484f43bb2a832d404df90e70c,19020,presidente prudente,SP,15.56494212962963,20.971608796296298,0,93.7
9874f00b86dad32c32a0017e80cfcdb4,8ee173c92d41d059bae3732ee2d4a422,delivered,2017-03-09 01:36:39,2017-03-09 01:36:39,2017-03-10 10:48:01,2017-03-14 13:05:37,2017-04-06,69.9,15.7,1,1,85.6,1,1,4.0,1.0,13c09676b93efa34eb8b13f737c987a4,14120,dumont,SP,5.478449074074074,27.932881944444443,0,85.60000000000001
74d17f79f897a6ed435142094b225a89,85245501c69284379cc78c76a42b722f,delivered,2017-03-09 08:42:31,2017-03-09 08:42:31,2017-03-17 08:27:45,2017-03-21 09:50:00,2017-03-28,39.9,9.34,1,1,49.24,2,1,5.0,1.0,7fe5992a795aa710faec1970a2949af8,3357,sao paulo,SP,12.046863425925926,18.637141203703703,0,49.239999999999995
7dd1b130c9150c4343cfead610733da0,9c0f857d40fe25c04dcb0e2b138f6634,delivered,2017-03-09 08:47:24,2017-03-09 08:47:24,2017-03-09 14:01:47,2017-03-17 04:14:13,2017-03-31,199.9,18.14,1,1,218.04,8,1,5.0,1.0,a15f54a1cb407ea62afe39162ffbceec,37750,machado,MG,7.810289351851852,21.63375,0,218.04000000000002
3e36c841d95ee611719b42ff49a54792,3846f38f6b9a88b5c622361282deeefa,delivered,2017-03-09 08:56:30,2017-03-09 08:56:30,2017-03-14 07:45:37,2017-03-24 11:43:15,2017-03-30,39.9,15.56,1,1,55.46,2,1,1.0,1.0,1461a8fe4c3788017fa838501deeab15,3907,sao paulo,SP,15.115798611111112,20.627430555555556,0,55.46
abc2ac9a5bf7f1a1c88d6f243d7ec3fa,e759493f1f8212d2d08f7697d16310f3,delivered,2017-03-09 09:50:27,2017-03-09 09:50:27,2017-03-10 14:15:09,2017-03-29 11:33:27,2017-04-17,190.0,27.59,1,1,217.59,4,1,5.0,1.0,1b8d13d34b0828979e173977f31a16e9,64016,teresina,PI,20.071527777777778,38.58996527777778,0,217.59
9c5dedf39a927c1b2549525ed64a053c,39bd1228ee8140590ac3aca26f2dfe00,delivered,2017-03-09 09:54:05,2017-03-09 09:54:05,2017-03-10 11:18:03,2017-03-17 15:08:01,2017-03-28,72.0,13.08,1,1,85.08,3,1,5.0,1.0,6359f309b166b0196dbf7ad2ac62bb5a,12209,sao jose dos campos,SP,8.21800925925926,18.58744212962963,0,85.08
b93e5b2672754c089dae937a51136864,e849fcfd6396b2cf32fc9c7f38d1eed8,delivered,2017-03-09 09:56:36,2017-03-09 09:56:36,2017-03-16 15:13:36,2017-03-21 08:17:55,2017-04-06,370.0,19.43,1,1,389.43,1,1,5.0,1.0,1583e504b30eef48ff0504ffa02f0d32,36880,muriae,MG,11.931469907407408,27.585694444444446,0,389.43
7553daebc4e13baf328211dddc66a648,64d99599cc1d1f57464005743528b8d6,delivered,2017-03-09 10:13:49,2017-03-09 10:13:49,2017-03-15 05:27:47,2017-04-05 07:34:07,2017-04-17,56.99,24.89,1,1,81.88,1,1,5.0,1.0,b5fd73f0c5886ac8980f9411fb094115,65665,sao joao dos patos,MA,26.889097222222222,38.573738425925924,0,81.88
4f465645306f7ff736f2b87d32ed65a3,8c20e2e6a5c8c7a3b3dd91f0a5c4ea18,delivered,2017-03-09 10:15:25,2017-03-09 10:15:25,2017-03-10 09:27:24,2017-03-15 11:11:45,2017-03-31,34.9,10.96,1,1,45.86,1,1,5.0,1.0,0b6b85b54b1064c24e359d388f726ab1,12942,atibaia,SP,6.03912037037037,21.572627314814813,0,45.86
2f0bf599e06ae4fcb639c0acaac2f0ee,0a088a15031cf50f98f92d3e525ec7a3,delivered,2017-03-09 10:24:00,2017-03-09 10:24:00,2017-03-09 10:50:32,2017-03-14 08:17:56,2017-04-04,23.8,14.52,1,1,38.32,3,1,5.0,1.0,7c8f8d3ff715607148146c64ecb64b11,36152,goiana,MG,4.9124537037037035,25.566666666666666,0,38.32
f22aed5c774f9d70037e26c5a4b691bd,c1aaf0e0e10e85bae38f799abe25e88b,delivered,2017-03-09 10:24:00,2017-03-09 10:24:00,2017-03-10 09:13:51,2017-03-15 11:37:53,2017-03-30,19.9,14.52,1,1,34.42,3,1,5.0,1.0,7c8f8d3ff715607148146c64ecb64b11,36152,goiana,MG,6.05130787037037,20.566666666666666,0,34.42
49cafbbff42233d698ba0e203810e394,d5212be925407010fcefbbe4b7087929,delivered,2017-03-09 10:32:31,2017-03-09 10:32:31,2017-03-09 13:22:02,2017-03-14 10:23:57,2017-03-30,45.98,28.22,2,1,74.2,7,1,1.0,1.0,a08abf6ef3509b1e3b0e96bea4dbe96c,21330,rio de janeiro,RJ,4.994050925925926,20.560752314814813,0,74.19999999999999
f21c3e20a2847217ba55f353fd228a37,8f7a1f014561a04a4d65e06805d68d82,delivered,2017-03-09 10:35:23,2017-03-09 10:35:23,2017-03-14 09:52:03,2017-03-27 14:43:55,2017-04-03,49.0,15.65,1,1,64.65,1,1,5.0,1.0,7e3ea45fbba1442482d638779a17d99f,23071,rio de janeiro,RJ,18.172592592592594,24.558761574074072,0,64.65
0803296b40e2392a6d35771832ca1d7a,8305f05c711e3b117730f542d8d6deb5,delivered,2017-03-09 10:36:58,2017-03-09 10:36:58,2017-03-10 10:09:39,2017-03-24 17:26:58,2017-03-31,42.0,14.52,1,1,56.52,1,1,5.0,1.0,42c48734de8c368e46b2c1f21101148e,39801,teofilo otoni,MG,15.284722222222221,21.557662037037037,0,56.519999999999996
267db43542633efa0839c965b2ad2f31,ca52f95cae581bc621ea0c722ef958fb,delivered,2017-03-09 10:38:32,2017-03-09 10:38:32,2017-03-20 03:43:37,2017-03-25 12:40:02,2017-03-28,52.0,21.919999999999998,2,1,73.92,7,1,5.0,1.0,4e3b6c25502ef69e5c5e54616bf67ed7,1229,sao paulo,SP,16.084375,18.556574074074074,0,73.92
e18d0e097ef9cdd7894ed1b82a2b7479,9250ce7449ec490db1bd943f89228c94,delivered,2017-03-09 10:38:32,2017-03-09 10:38:32,2017-03-20 03:43:33,2017-03-25 11:12:35,2017-03-31,26.0,10.96,1,1,36.96,3,1,5.0,1.0,4e3b6c25502ef69e5c5e54616bf67ed7,1229,sao paulo,SP,16.023645833333333,21.556574074074074,0,36.96
67384b4952e4e9da609ba03e96b87394,b99610bbe48a03cb9cb9af9898a4cf56,delivered,2017-03-09 10:42:24,2017-03-09 10:42:24,2017-03-10 15:21:20,2017-03-14 08:45:59,2017-03-28,74.9,14.29,1,1,89.19,1,1,5.0,1.0,2c54867b1802c706bd80dc8bd3717ed6,39840,frei gaspar,MG,4.919155092592592,18.55388888888889,0,89.19
8a26e866542681e7f7b1aaa7a396e8d0,0ed445d941e08fcbf3e42eacdc82dc79,delivered,2017-03-09 10:43:05,2017-03-09 10:43:05,2017-03-10 10:38:24,2017-03-16 11:25:49,2017-03-30,14.9,11.74,1,1,26.64,2,1,5.0,1.0,81b4b9d6b11eee739f92d1dd365786ca,18076,sorocaba,SP,7.029675925925926,20.553414351851853,0,26.64
26bb01f8da89d1db61bdb339788731b8,91bb51bb101920d40690c2275e630cf1,delivered,2017-03-09 10:49:48,2017-03-09 10:49:48,2017-03-09 14:38:57,2017-03-14 11:01:05,2017-04-03,113.0,33.09,1,1,146.09,1,1,5.0,1.0,15e7e4d87c7e7efd6a32b9dc8704d675,79041,campo grande,MS,5.0078356481481485,24.54875,0,146.09
e1041ca455e08b097d279568b13b22a1,f1ebe3628f15f8a83b0b380accafb017,delivered,2017-03-09 11:09:46,2017-03-09 11:09:46,2017-03-10 14:32:58,2017-03-20 16:42:28,2017-03-30,12.99,14.52,1,1,27.51,1,1,4.0,1.0,38e0065e651f28acfafc97253458e410,23095,rio de janeiro,RJ,11.231041666666666,20.534884259259258,0,27.509999999999998
88b3b4d2f2d10a6dafd468832fc6962f,07fdeb5b5682468f0f01328957c62ade,delivered,2017-03-09 11:43:07,2017-03-09 11:43:07,2017-03-16 10:14:39,2017-03-22 12:48:30,2017-03-30,32.9,14.52,1,1,47.42,4,1,2.0,1.0,21d5a2d233a48109aa6fcb821066ba84,12090,taubate,SP,13.045405092592592,20.511724537037036,0,47.42
2f7b0d36ffcaf0277583329ded34c97d,891c884c518780ccdbf2d18cb8adb362,delivered,2017-03-09 11:44:39,2017-03-09 11:44:39,2017-03-10 10:05:56,2017-03-13 08:43:40,2017-04-27,39.7,32.879999999999995,3,1,72.58,1,1,5.0,1.0,4222f488432f87a3cf7a836582378acc,4357,sao paulo,SP,3.8743171296296297,48.51065972222222,0,72.58
988a21449c85e5aab93c446596246149,98cea627e0afae6f6e71fa86174b819c,delivered,2017-03-09 12:52:31,2017-03-09 12:52:31,2017-03-13 13:11:44,2017-04-20 09:44:13,2017-04-12,140.0,124.2,5,1,264.2,1,1,2.0,1.0,21fc565df52265871447582e3947852e,76872,ariquemes,RO,41.869236111111114,33.46353009259259,1,264.2
0c3f17e10268e00c6716de19889e2cf0,bf5b40a6507179f537bbe16dae02d080,delivered,2017-03-09 12:54:41,2017-03-09 12:54:41,2017-03-13 09:34:56,2017-03-16 12:44:04,2017-04-06,20.9,17.78,1,1,38.68,1,1,4.0,1.0,691e7d204a68d16f2353fc8db449f02f,88745,capivari de baixo,SC,6.992627314814815,27.462025462962963,0,38.68
2490acacc509d48df78fe4d3a44f45df,e5a94a4be7e4cee1fef1e15778bfa2ab,delivered,2017-03-09 12:57:30,2017-03-09 12:57:30,2017-03-09 15:20:07,2017-03-22 05:29:41,2017-03-28,46.99,11.74,1,1,58.73,1,1,5.0,1.0,69636569d82a52eca51eed643c054edd,13950,lindoia,SP,12.689016203703703,18.460069444444443,0,58.730000000000004
c92a9fd680f588dcff7ff22fce0abbcc,3eebfdbd017a00f31af7809ddfc52cbc,delivered,2017-03-09 13:23:19,2017-03-09 13:23:19,2017-03-13 09:43:50,2017-03-17 14:42:03,2017-03-28,139.9,12.37,1,1,152.27,4,1,5.0,1.0,403d192b27efcef2c942515c32b09d57,13098,campinas,SP,8.054675925925926,18.442141203703702,0,152.27
0f4519c5f1c541ddec9f21b3bddd533a,1a8a4a30dc296976717f44e7801fdeef,delivered,2017-03-09 13:26:57,2017-03-09 13:26:57,2017-03-22 05:28:14,2017-09-19 14:38:21,2017-04-11,231.27,27.88,1,1,259.15,4,1,4.0,1.0,4df2d7257a7463e2d7a98a5b08cb92fc,64013,teresina,PI,194.04958333333335,32.439618055555556,1,259.15000000000003
d4ce059dcf44b359b2c44a8fcc8d678c,0c5febd94332b38c1211a219137f2827,delivered,2017-03-09 13:32:01,2017-03-09 13:32:01,2017-03-09 14:00:32,2017-03-17 11:07:54,2017-04-03,99.9,15.91,1,1,115.81,1,1,5.0,1.0,465a9ad50ff153a3de590fa8c6dbf65a,9111,santo andre,SP,7.899918981481481,24.436099537037038,0,115.81
de1368ef7490f21023cbcdfa8eb6728a,aaeb5402d84bfe206aad4d8d606ea81a,delivered,2017-03-09 14:00:57,2017-03-09 14:00:57,2017-03-15 12:17:57,2017-04-04 06:57:54,2017-04-17,199.0,27.86,1,1,226.86,4,1,5.0,1.0,b62c3cdf86ff4fe2c9ae47efa875f838,75940,edeia,GO,25.706215277777776,38.41600694444445,0,226.86
875465832a4acaeac638683b74ba9886,9fdfda7267b95b767604b9c8c8431623,delivered,2017-03-09 14:21:58,2017-03-09 14:21:58,2017-03-15 11:29:55,2017-03-22 22:07:29,2017-03-30,64.9,14.62,1,1,79.52,1,1,3.0,1.0,bc2387c48428a2e128eaa3d5b18b3591,25750,petropolis,RJ,13.323275462962963,20.401412037037037,0,79.52000000000001
497bb8ade48b55b142982e508307a14d,ada7aa64fd4dd0de6d39f26908808090,delivered,2017-03-09 14:24:57,2017-03-09 14:24:57,2017-03-10 12:59:17,2017-03-14 14:22:56,2017-03-28,89.99,13.21,1,1,103.2,2,1,4.0,1.0,427716d021e6a411a5d0e80843a01fdf,14530,miguelopolis,SP,4.998599537037037,18.399340277777778,0,103.19999999999999
9461cf76c19c4a544a3e384ba1e4fef4,23a1cd84da198975ae1eac2ce6e03b9a,delivered,2017-03-09 14:27:38,2017-03-09 14:27:38,2017-03-10 12:19:57,2017-03-14 13:54:06,2017-03-28,79.99,8.93,1,1,88.92,1,1,4.0,1.0,502120816b4348a2c08e2618a41c93e2,3930,sao paulo,SP,4.976712962962963,18.397476851851852,0,88.91999999999999
8b0f121dbcd7a605911362fdc4df8e76,2c2e166b40d0abeea975d9813bba3ffc,delivered,2017-03-09 14:39:28,2017-03-09 14:39:28,2017-03-13 10:41:21,2017-04-07 16:44:55,2017-04-07,98.9,21.14,1,1,120.04,1,1,5.0,1.0,3eb22737c9117e09ef22519ad20f4e1c,78795,pedra preta,MT,29.087118055555557,28.38925925925926,1,120.04
12b9b63b911cf0a24b137a184c48e4ee,9696abc6e0fbd7f6fd884de28a428bca,delivered,2017-03-09 14:44:36,2017-03-09 14:44:36,2017-03-15 10:32:07,2017-03-23 18:40:11,2017-03-30,239.75,40.04,2,1,279.79,1,1,5.0,1.0,aeb03c7a39f64d39155d2195c291efc5,83407,colombo,PR,14.163599537037037,20.385694444444443,0,279.79
8a5a0a35111f447f72a0854ef30c576c,b8d2748eda17e24af2cdbf5896f40f88,delivered,2017-03-09 14:58:08,2017-03-09 14:58:08,2017-03-10 16:15:09,2017-03-25 10:39:31,2017-04-03,48.9,17.19,1,1,66.09,6,1,1.0,1.0,dd00b03dbf4de55fe71e509aa83ef3c9,92330,canoas,RS,15.820405092592592,24.376296296296296,0,66.09
4d6e0de22cf1c48f915941d25e043a1a,0dcf39df481099c0fb958ac23ea36283,delivered,2017-03-09 15:32:21,2017-03-09 15:32:21,2017-03-10 09:11:56,2017-03-17 12:35:11,2017-04-04,127.8,22.12,2,1,149.92,1,1,1.0,1.0,2c259232794385ce4186382c25aafa92,84130,palmeira,PR,7.876967592592592,25.352534722222224,0,149.92
afc1b46f2cb4b3f0d3432cae0af0ea75,e8a9561ee949a7a4b2f58351ed6f9d85,delivered,2017-03-09 15:35:03,2017-03-09 15:35:03,2017-03-10 15:44:41,2017-03-16 17:51:46,2017-04-04,65.0,16.15,1,1,81.15,7,1,5.0,1.0,364cb3e7f85cd86c84192f01f1ff996e,27920,macae,RJ,7.094942129629629,25.350659722222222,0,81.15
228f12f010b1363cba76e442bd378e53,c105db9a70cec07612fdea08fc14513d,delivered,2017-03-09 15:37:50,2017-03-09 15:37:50,2017-03-13 14:12:40,2017-03-16 08:39:02,2017-03-31,20.9,14.52,1,1,35.42,1,1,3.0,1.0,36557175b8a2edd0e6c267c5a0eda7d9,14240,cajuru,SP,6.7091666666666665,21.34872685185185,0,35.42
ea9330e05ddad6813a35320d4d659368,35d033f9f67cb0d4e28e2bb6e971ce85,delivered,2017-03-09 15:40:06,2017-03-09 15:40:06,2017-03-10 15:31:38,2017-03-20 17:14:11,2017-03-30,12.99,14.52,1,1,27.51,1,1,5.0,1.0,79096a17020f8eb6b0e72b4aa232cde9,24800,itaborai,RJ,11.065335648148148,20.34715277777778,0,27.509999999999998
a07b30a459f83015fb2927d732e20943,11774e935f45f1583ef4422b01e8d1f0,delivered,2017-03-09 15:51:21,2017-03-09 15:51:21,2017-03-16 12:43:58,2017-03-20 10:18:50,2017-03-30,89.8,28.22,2,1,118.02,1,1,5.0,1.0,42a77730018e7728b57b2b1f7369998d,22081,rio de janeiro,RJ,10.769085648148149,20.33934027777778,0,118.02
51f1a03bb8aae115ea6387a8e7edc7e7,d568e7d521edb18c32a390f5862b9783,delivered,2017-03-09 15:53:07,2017-03-09 15:53:07,2017-03-10 16:40:38,2017-03-20 06:37:51,2017-03-31,52.9,11.75,1,1,64.65,1,1,5.0,1.0,8e52eb09fa2a5cb317ee70dd01372b80,4193,sao paulo,SP,10.614398148148148,21.338113425925926,0,64.65
1221c36a98cc5135bd2a4933f8512c47,b67ea8e4735c05c260e626faa70ad340,delivered,2017-03-09 16:02:27,2017-03-09 16:02:27,2017-03-13 09:55:16,2017-03-22 15:36:19,2017-03-30,54.9,18.66,1,1,73.56,1,1,5.0,1.0,23bbb44e4c2419e01487ce84589e5fbf,91530,porto alegre,RS,12.981851851851852,20.331631944444446,0,73.56
a9b151f0c0471d9b2534fa73c9c0e123,2238c417bc745d8fa7d7389d8b22154b,delivered,2017-03-09 16:18:47,2017-03-09 16:18:47,2017-03-10 10:35:25,2017-03-16 12:45:39,2017-04-06,159.9,46.61,1,1,206.51,3,1,,,2990f218665832600f7180650703052d,21011,rio de janeiro,RJ,6.8519907407407405,27.32028935185185,0,206.51
4af33d0a8ce1bbababe13c9480c10ea5,40e7f3dd68599eba447d4f95e9cedd1f,delivered,2017-03-09 16:30:19,2017-03-09 16:30:19,2017-03-10 09:15:01,2017-03-14 11:22:06,2017-03-30,96.0,15.43,1,1,111.43,10,1,5.0,1.0,bb266b215a960fd467f227445deb1c52,30170,belo horizonte,MG,4.785960648148148,20.31228009259259,0,111.43
3decae904e0d1597367e65995c3f20b2,7ee354fee27d327cd88d09ebfd48c1c5,delivered,2017-03-09 16:43:17,2017-03-09 16:43:17,2017-03-10 10:38:06,2017-03-14 12:12:26,2017-03-29,39.0,8.72,1,1,47.72,1,1,5.0,1.0,b1c7eba683a980e054bbd1e870414446,8290,sao paulo,SP,4.8119097222222225,19.30327546296296,0,47.72
08bdbdeaf1626720051193300f93806e,7a3bd3b37285f0ab25983420cbd01f4e,delivered,2017-03-09 16:43:40,2017-03-09 16:43:40,2017-03-10 13:06:01,2017-03-17 07:07:44,2017-04-03,396.0,77.12,4,1,473.12,3,2,5.0,1.0,563bf685b8426233585285851fa03881,79540,cassilandia,MS,7.600046296296297,24.30300925925926,0,473.12
618638a7bdca22bf57e7404dacd947e0,f92ec85d59e831845be77e6cb91af597,delivered,2017-03-09 17:08:32,2017-03-09 17:08:32,2017-03-14 12:39:18,2017-03-21 14:27:57,2017-04-06,99.0,21.32,1,1,120.32,1,1,5.0,1.0,d05fdf65460ea1bf8735cd5843c3d97d,27511,resende,RJ,11.888483796296295,27.285740740740742,0,120.32
e1d052f0519179744d19f35c1d848ff5,72595e3c621f07680012749b4c1b5904,delivered,2017-03-09 17:26:26,2017-03-09 17:26:26,2017-03-10 09:04:53,2017-03-17 12:55:48,2017-03-28,52.0,13.1,1,1,65.1,1,1,5.0,1.0,fef01b6698bae7394677113b5e647eda,15600,fernandopolis,SP,7.812060185185185,18.273310185185185,0,65.1
c9fec30469cd7bb3784574c3200b828f,4fa7e70250c6a3a651de8b0151353b5a,delivered,2017-03-09 17:28:19,2017-03-09 17:28:19,2017-03-15 08:32:19,2017-03-22 12:25:13,2017-04-03,1029.0,39.5,1,1,1068.5,10,1,5.0,1.0,605741a874b6b50b5c346846107ca075,70077,brasilia,DF,12.789513888888889,24.272002314814817,0,1068.5
d0ad497b0a295331204a39fc13a6f70d,a83ad9b007b12d9e8a6f3f5d033dde19,delivered,2017-03-09 17:30:36,2017-03-09 17:30:36,2017-03-10 09:11:52,2017-03-17 12:35:11,2017-04-10,63.9,16.15,1,1,80.05,1,1,5.0,1.0,1f4cffb6645eae7e8f7be7047470efb4,22250,rio de janeiro,RJ,7.794849537037037,31.270416666666666,0,80.05
48bc52c2b508d82a24686b9dceddf414,2aa37ca4ed109704638f8e79917460c1,delivered,2017-03-09 17:30:52,2017-03-09 17:30:52,2017-03-10 10:25:01,2017-03-14 12:32:50,2017-03-28,65.99,10.64,1,1,76.63,1,1,5.0,1.0,8239ca2046201271c02b956da21fd067,4703,sao paulo,SP,4.7930324074074075,18.27023148148148,0,76.63
7743f1958c77de9ebc175860fd1773a6,3e31d1fcad9240d892e34d9a50157d1c,delivered,2017-03-09 17:35:46,2017-03-09 17:35:46,2017-03-14 00:08:27,2017-03-20 15:18:12,2017-04-03,129.9,13.49,1,1,143.39,1,1,5.0,1.0,5c1754ab1c8a81f6ef31fd8233a1749c,12053,taubate,SP,10.904467592592592,24.266828703703705,0,143.39000000000001
5ea864dc83713a8c9909dcd573d411fc,3460ed6c280483b7ef76a8aecc1d2cab,delivered,2017-03-09 17:45:48,2017-03-09 17:45:48,2017-03-14 00:32:49,2017-03-21 10:53:40,2017-04-03,79.9,15.67,1,1,95.57,1,1,5.0,1.0,97a773482fc1cd48747f69b59aa8e507,4858,sao paulo,SP,11.713796296296296,24.25986111111111,0,95.57000000000001
c07546f624fbc5344647263c545f8af8,d44ad6fc7955a99e2d1078cc5d994010,delivered,2017-03-09 17:57:56,2017-03-09 17:57:56,2017-03-15 09:49:46,2017-03-20 12:57:57,2017-03-28,128.70000000000002,34.57,3,2,163.27,1,1,5.0,1.0,474295909df1264244566c956385a2e7,13082,campinas,SP,10.79167824074074,18.251435185185183,0,163.27
5a0e15ad1f0c5749b22a528d77d1c993,887f3d88fcd62b78f2636b8eec812f64,delivered,2017-03-09 18:02:21,2017-03-09 18:02:21,2017-03-10 16:15:11,2017-03-22 11:27:47,2017-03-30,69.9,15.7,1,1,85.6,1,1,4.0,1.0,50b3e4affed7bf744d49b2d5946f4f24,38035,uberaba,MG,12.72599537037037,20.248368055555556,0,85.60000000000001
62b86d4e40eb55d675e2ff8be00dd5e9,ec03908b046dc095ebb255624980a662,delivered,2017-03-09 18:15:38,2017-03-09 18:15:38,2017-03-16 11:27:58,2017-03-23 15:03:59,2017-04-04,834.56,78.6,1,1,913.16,1,1,5.0,1.0,cef29e793e232d30250331804cdb7000,30620,belo horizonte,MG,13.866909722222223,25.239143518518517,0,913.16
b191545cfb775e72c067683831bf4b0f,491e7668ebd0e174f6a28bd563818d4f,delivered,2017-03-09 18:30:20,2017-03-09 18:30:20,2017-03-10 10:47:14,2017-03-17 13:17:57,2017-03-30,129.9,16.12,1,1,146.02,1,2,5.0,1.0,947e93a9bb28256adebe49f78cff07ad,86036,londrina,PR,7.78306712962963,20.228935185185186,0,146.02
e7a55313688a902f5ae012231d686f37,4eb541cb7268c35912f494bb7d88b7df,delivered,2017-03-09 18:56:53,2017-03-09 18:56:53,2017-03-13 12:36:20,2017-03-15 15:37:33,2017-03-28,59.9,15.53,1,1,75.43,2,1,3.0,1.0,569a1dbb765b9aa10d25d81970b3388a,13225,varzea paulista,SP,5.861574074074074,18.210497685185185,0,75.42999999999999
519e5b17180d3ebefad6f7b8c1a6c7c6,ceb7e01a91f28cc8b5e10d35c7a7f376,delivered,2017-03-09 18:59:23,2017-03-09 18:59:23,2017-03-14 13:07:42,2017-03-20 12:08:35,2017-04-10,113.98,35.66,2,1,149.64,1,1,1.0,1.0,f3bf0f4119f0541b3bc66ab4dff2a177,72930,alexania,GO,10.714722222222223,31.208761574074074,0,149.64
3f63ce07f0fd566885c47bda7ad3c3a6,eceebf26966a4aed2f20b6937520fc0f,delivered,2017-03-09 19:05:16,2017-03-09 19:05:16,2017-03-10 10:35:25,2017-03-15 12:28:35,2017-04-04,69.0,13.06,1,1,82.06,1,1,4.0,1.0,36af8cdcecb90c7f1e1c9965180ffd37,19274,primavera,SP,5.724525462962963,25.204675925925926,0,82.06
52fe284b8a7ca9585835524dbd80515b,9595c23999d8f7f082a1fc80e59b72f0,delivered,2017-03-09 19:10:31,2017-03-09 19:10:31,2017-03-10 11:08:12,2017-03-23 16:30:18,2017-04-03,18.99,15.65,1,1,34.64,3,1,5.0,1.0,0a0dafd6c8aa41c5a50873dcc91a0c62,79004,campo grande,MS,13.888738425925926,24.201030092592593,0,34.64
b65a9099b9f6617410e0f5fb0b9e1fdc,d962481ccf3e97521018974422943966,delivered,2017-03-09 19:12:19,2017-03-09 19:12:19,2017-03-10 09:27:21,2017-03-14 11:48:06,2017-03-31,34.9,10.96,1,1,45.86,1,1,2.0,1.0,164440f70c5ac5ad2f0029b7b44405ca,2440,sao paulo,SP,4.691516203703704,21.199780092592594,0,45.86
89ee991b2ae330d7b2d7b4d81006765e,db5dc8cf7cfb2c69fcd619e1b291af2c,delivered,2017-03-09 19:15:34,2017-03-09 19:15:34,2017-03-14 06:08:12,2017-03-21 14:48:10,2017-04-04,34.9,14.52,1,1,49.42,1,1,5.0,1.0,89ca562ffeb1acd7d1d682d53132b129,34580,sabara,MG,11.814305555555556,25.197523148148147,0,49.42
3522a71840bea6bd1cd78ae529622ff4,62accea67b06839b7e2f1cb694952ed6,delivered,2017-03-09 19:34:45,2017-03-09 19:34:45,2017-03-15 10:33:44,2017-03-21 12:33:03,2017-04-04,129.9,20.99,1,1,150.89,10,1,5.0,1.0,3d69c76d4691b0003a23c63b24843d97,32672,betim,MG,11.707152777777777,25.184201388888887,0,150.89000000000001
4692a9af537563c6a43b14abe7bd951d,e9804bd21b1d9db0bf2bf5857bec27c0,delivered,2017-03-09 19:38:22,2017-03-09 19:38:22,2017-03-15 10:31:30,2017-03-20 09:28:59,2017-03-28,69.9,11.88,1,1,81.78,1,1,1.0,1.0,5076366c05f3f8a857f811397338c6ac,14750,pitangueiras,SP,10.57681712962963,18.181689814814813,0,81.78
14e80781ddd70466c4f4250a2e905a6c,f9a015c143bca538ed45d0d9d5301ac3,delivered,2017-03-09 20:06:37,2017-03-09 20:06:37,2017-03-10 10:08:19,2017-03-20 10:03:42,2017-04-07,59.9,22.35,1,1,82.25,1,1,5.0,1.0,3a4fa8b418f3f8a73007fc9190ed9a0a,42804,camacari,BA,10.58130787037037,28.16207175925926,0,82.25
0b843b79b45dddbd796c0a7e51b2c6ca,fbb815b1596389418e2666320654b129,delivered,2017-03-09 20:08:39,2017-03-09 20:08:39,2017-03-10 08:54:55,2017-03-22 13:27:59,2017-04-11,449.0,32.07,1,1,481.07,1,1,5.0,1.0,0b8cc9d17d481e03c058582a15b00a41,45200,jequie,BA,12.72175925925926,32.16065972222222,0,481.07
4ef8fef15b3a1986d266d349b21ab021,8ad2cd280907b0111796b6218d3fe67c,delivered,2017-03-09 20:16:03,2017-03-09 20:16:03,2017-03-13 10:32:33,2017-04-17 15:23:36,2017-04-03,67.91,19.07,1,1,86.98,1,1,1.0,1.0,f7b4ed4662743e6d6f05652b7479c8d3,24340,niteroi,RJ,38.796909722222225,24.155520833333334,1,86.97999999999999
1907abda7b8d9460f40f04928a4f1721,8c02349217989ee7257c050cd31c5933,delivered,2017-03-09 20:18:24,2017-03-09 20:18:24,2017-03-10 15:12:35,2017-03-17 10:26:36,2017-03-30,92.1,22.11,1,1,114.21,2,1,5.0,1.0,ee358f7b59eae6fe49bf4848b2928000,30280,belo horizonte,MG,7.589027777777778,20.15388888888889,0,114.21
93c4655e5be1df1a5fad75de93847cd4,d08075d02a6c66fbf4b1117c31862443,delivered,2017-03-09 20:19:12,2017-03-09 20:19:12,2017-03-10 08:59:21,2017-03-21 13:39:07,2017-04-03,129.5,16.21,1,1,145.71,3,1,3.0,1.0,fa90078d56f7b9878deb29d9ed8c8b27,74460,goiania,GO,11.722164351851852,24.153333333333332,0,145.71
caa0b1f68d02953d97d190e4e4e7191e,0c8759a1a356f990be39ac310965786c,delivered,2017-03-09 20:28:23,2017-03-09 20:28:23,2017-03-15 12:03:53,2017-03-24 15:08:41,2017-03-30,129.9,23.9,1,1,153.8,3,1,5.0,1.0,ce20a70e4aa32839e16f339c67eede65,71699,brasilia,DF,14.777986111111112,20.14695601851852,0,153.8
0b8dbb26699a171be239666299d2174f,c5761e080ba22e9bb19972bd1d3901a3,delivered,2017-03-09 20:48:23,2017-03-09 20:48:23,2017-03-13 14:16:18,2017-03-28 14:20:11,2017-04-07,47.9,20.8,1,1,68.7,5,1,4.0,1.0,d5fb0f227f7202204c85fef4ade73a62,48990,andorinha,BA,18.730416666666667,28.13306712962963,0,68.7
c4e9cf40a9cece6172750e47ddc74b20,b2fa715c098e050b476d9f1744c777b9,delivered,2017-03-09 21:01:06,2017-03-09 21:01:06,2017-03-13 10:44:22,2017-03-24 11:05:12,2017-03-30,30.0,14.52,1,1,44.52,1,1,4.0,1.0,1f7f84f5a5c00fa9a6ddfaa02a3803bc,88845,cocal do sul,SC,14.586180555555556,20.12423611111111,0,44.519999999999996
a0c3da7d3585f46a33508178a1c205c8,b269c8577df73e1a6385198208cb5ad7,delivered,2017-03-09 21:05:58,2017-03-09 21:05:58,2017-03-10 10:22:07,2017-03-17 14:07:50,2017-04-03,198.95,30.27,1,1,229.22,8,1,4.0,1.0,5fe4b4192db709c4b2be053fdc204a6b,22450,rio de janeiro,RJ,7.70962962962963,24.120856481481482,0,229.22
0231382a78f19752dabca6a86b618152,02cb822eec8b6309e7ce715ccea3390d,delivered,2017-03-09 21:17:43,2017-03-09 21:17:43,2017-03-16 09:30:51,2017-03-23 12:42:21,2017-03-28,76.49,9.53,1,1,86.02,3,1,5.0,1.0,88e435343ab7c7ef2f1d4a751a6c8a2b,4421,sao paulo,SP,13.642106481481482,18.112696759259258,0,86.02
cf2ae7f823490d9b4ec3d33f889609e4,549b554209824d8a5d48256ca44cbbe3,delivered,2017-03-09 21:18:57,2017-03-09 21:18:57,2017-03-10 10:28:05,2017-03-27 16:18:05,2017-03-28,109.9,11.38,1,1,121.28,6,1,5.0,1.0,1f12669320234d7995d1651289fa2b26,85760,capanema,PR,17.791064814814813,18.111840277777777,0,121.28
70be4f36c3ba5f5c95734da20d4c34a7,665afc1d1409b2ef4bf07c1bcd130719,delivered,2017-03-09 21:27:28,2017-03-09 21:27:28,2017-03-10 16:15:01,2017-04-25 09:44:01,2017-04-13,179.8,50.24,2,1,230.04,2,1,1.0,1.0,48c1b34a2d23e13b8967caa478d9c428,62460,uruoca,CE,46.511493055555555,34.10592592592592,1,230.04000000000002
189a789106a7456d348ba7ebf920586c,eeaffcc65dc75d4107aa7c7ec105ea08,delivered,2017-03-09 21:31:32,2017-03-09 21:31:32,2017-03-10 11:09:05,2017-03-15 13:17:42,2017-03-30,189.99,15.5,1,1,205.49,4,1,5.0,1.0,e2353482c23ee6c3ca881ac47143a2c0,36272,alfredo vasconcelos,MG,5.657060185185185,20.103101851851854,0,205.49
661d0bde7291e9a8761e0769cf4d954c,318c507609f1e34e3fbaa0d012e0a3e8,delivered,2017-03-09 22:11:37,2017-03-09 22:11:37,2017-03-14 13:56:05,2017-03-24 16:57:48,2017-04-11,126.99,37.85,1,1,164.84,1,1,5.0,1.0,1c92261df2b30006b6d6dea39975093e,68503,maraba,PA,14.78207175925926,32.075266203703706,0,164.84
a840a7a89e3d9137358eb7b9408681fe,5e320e6a4f03e2e74bc22e1158237fbe,delivered,2017-03-09 22:17:49,2017-03-09 22:17:49,2017-03-10 16:23:51,2017-03-16 08:24:47,2017-03-28,289.9,15.8,1,1,305.7,5,1,5.0,1.0,8a2530b1bf32235ed2636468ea0b1582,95012,caxias do sul,RS,6.42150462962963,18.070960648148148,0,305.7
7a44fb632a6b31230876daf264061442,6984d553bdba003e79e931721532a9af,delivered,2017-03-09 22:42:12,2017-03-09 22:42:12,2017-03-14 09:27:50,2017-03-16 10:05:47,2017-03-30,127.8,31.32,2,1,159.12,1,1,5.0,1.0,3930e53785d327ae6056c72f3cfdea4f,3140,sao paulo,SP,6.4747106481481485,20.054027777777776,0,159.12
40235388677ff26c877371597c5fd116,945bd919b9bc82a663526563e9dd3228,delivered,2017-03-09 23:18:02,2017-03-09 23:18:02,2017-03-10 14:49:09,2017-03-14 07:47:33,2017-03-28,8.9,10.96,1,1,19.86,1,1,1.0,1.0,9b6f9ad3c080ba8a1b78434783b92ea3,28380,natividade,RJ,4.353831018518519,18.02914351851852,0,19.86
c6492b842ac190db807c15aff21a7dd6,6ee2f17e3b6c33d6a9557f280edd2925,delivered,2017-03-09 23:39:26,2017-03-09 23:39:26,2017-03-15 11:16:33,2017-03-21 13:32:45,2017-03-30,379.8,45.6,2,1,425.4,3,2,4.0,1.0,f9ae226291893fda10af7965268fb7f6,7131,guarulhos,SP,11.57869212962963,20.014282407407407,0,425.40000000000003
1ca238d5d47be7f4da4d8d22f33ed7ca,bf57e3659efaa70a4a20f40a78618259,delivered,2017-03-09 23:42:58,2017-03-09 23:42:58,2017-03-13 09:31:17,2017-03-16 11:39:04,2017-04-04,599.97,103.32,3,1,703.29,8,1,,,b2b9d8df6bf7845fd234b7ebabdff6c3,15063,sao jose do rio preto,SP,6.4972916666666665,25.011828703703703,0,703.29
3e01278f6cf7cd9f094f320a1d2a8e5f,e1498108bfb9fdf2777cab12a50ad36e,delivered,2017-03-09 23:52:59,2017-03-09 23:52:59,2017-03-13 15:44:31,2017-03-21 21:34:18,2017-03-28,46.99,11.74,1,1,58.73,5,1,1.0,1.0,ce841bd1df47fac45d0a2dc2e38abc28,3683,sao paulo,SP,11.90369212962963,18.004872685185184,0,58.730000000000004
c02bcd4d35c9e36597256b02d86d33cd,6b506512ab0a47b1b878bdc698865247,delivered,2017-03-09 23:55:22,2017-03-09 23:55:22,2017-03-14 13:07:43,2017-03-20 11:45:00,2017-04-04,89.99,14.8,1,1,104.79,1,1,4.0,1.0,f5cc3842baed00ef58bdb8a50f42ead9,26440,japeri,RJ,10.492800925925925,25.00321759259259,0,104.78999999999999
85031edc7b58dbec75ff2e24d7365e13,91524308b1a531051d75c3eae41d7594,delivered,2017-03-09 23:56:22,2017-03-09 23:56:22,2017-03-10 10:23:56,2017-03-14 12:53:56,2017-03-29,19.9,10.96,1,1,30.86,1,1,5.0,1.0,0ac04692cb471b1db3d5a60959aacd50,90010,porto alegre,RS,4.5399768518518515,19.00252314814815,0,30.86
2105771f19af1ff52afe2a18c984c412,84f563605ea3fca13e318007b5ecc61b,delivered,2017-03-10 02:59:42,2017-03-10 02:59:42,2017-03-10 12:29:50,2017-03-30 17:12:37,2017-04-10,190.0,42.24,2,1,232.24,3,1,1.0,1.0,455c17b35969ca198c17f2fc9e8eba1b,41610,salvador,BA,20.59230324074074,30.875208333333333,0,232.24
c6eff5304f4a38da67159a731ae50674,ac1d9e675b29ba7cc97203d1a8830e4a,delivered,2017-03-10 04:23:41,2017-03-10 04:23:41,2017-03-10 14:23:40,2017-03-16 15:41:38,2017-03-31,59.0,14.58,1,1,73.58,7,1,5.0,1.0,e065bb65efb2bd95ee5441010098987d,12523,guaratingueta,SP,6.470798611111111,20.816886574074076,0,73.58
f17af50f27c9a60c151065658aa58edc,7db99f68639988a848b7a85e2845ce21,delivered,2017-03-10 06:18:21,2017-03-10 06:18:21,2017-03-13 09:04:45,2017-03-17 13:58:04,2017-03-31,47.9,21.82,1,1,69.72,6,1,5.0,1.0,4cc98b2105a1f61c8d65b0e1a65ead78,1423,sao paulo,SP,7.319247685185185,20.737256944444443,0,69.72
e39190d1881f0e85df9c678ad44e2512,f9fea0f544124ebc49eb7bc969e0a492,delivered,2017-03-10 07:47:11,2017-03-10 07:47:11,2017-03-10 09:29:33,2017-03-14 10:44:59,2017-03-29,34.99,8.72,1,1,43.71,2,1,5.0,1.0,de045b87192063d6b7f9a963915e5167,2440,sao paulo,SP,4.123472222222222,18.67556712962963,0,43.71
8b0bf3b8f82ddc03f25fced51cf9398f,8e7a72c32756a94370654bc332fc1dc5,delivered,2017-03-10 07:53:57,2017-03-10 07:53:57,2017-03-13 09:35:08,2017-03-16 13:05:18,2017-04-03,23.9,14.11,1,1,38.01,1,1,5.0,1.0,69fd765256fb74514096772de85773a3,22281,rio de janeiro,RJ,6.216215277777778,23.670868055555555,0,38.01
6182f426bfaf3fcacda874e7da0a7561,e31b2f518f94b17e3b43a035427f7d0e,delivered,2017-03-10 07:58:13,2017-03-10 07:58:13,2017-03-10 10:47:10,2017-03-23 15:47:51,2017-04-06,59.9,17.85,1,1,77.75,1,1,5.0,1.0,c52ab8bfe2d6487d52c72337ad9d2654,38742,patrocinio,MG,13.326134259259259,26.667905092592594,0,77.75
58f06cdcc39850d51ec8677cdff108be,ff2f94c1b20c97ebd9171db22c8e6295,delivered,2017-03-10 08:10:58,2017-03-10 08:10:58,2017-03-10 10:25:00,2017-03-20 10:33:02,2017-04-12,219.99,30.47,1,1,250.46,10,1,5.0,1.0,d8a89dc47bde7dc0b83a3434cc017ee1,59215,nova cruz,RN,10.098657407407407,32.659050925925925,0,250.46
1310586c8caa5a7d84ef95db79b1e054,98fa62e348f4aa8f69b6965d1808fb38,delivered,2017-03-10 08:13:06,2017-03-10 08:13:06,2017-03-13 12:16:08,2017-03-21 08:44:57,2017-04-03,163.99,22.62,1,1,186.61,1,1,5.0,1.0,0b52ff15d625f247ff8622d2fb778319,24220,niteroi,RJ,11.022118055555556,23.657569444444444,0,186.61
ffca67b9419980488c476f7f7f7bc070,d7d8a9d593596826008262fc4cbc3b14,delivered,2017-03-10 08:29:36,2017-03-10 08:29:36,2017-03-13 09:33:50,2017-03-16 04:54:45,2017-03-31,75.5,14.7,1,1,90.2,1,1,2.0,1.0,94c8edbcec870fc9bcd10b69a1a0eec7,9890,sao bernardo do campo,SP,5.850798611111111,20.64611111111111,0,90.2
1ff554f292eca293a405beea2511f6de,75b9ed89cf797cb01942d3d6dac94a48,delivered,2017-03-10 08:35:10,2017-03-10 08:35:10,2017-03-13 07:17:33,2017-03-20 09:04:50,2017-04-11,66.99,17.21,1,1,84.2,1,1,5.0,1.0,96203e330958f1908308a1463243fddd,27213,volta redonda,RJ,10.020601851851852,31.64224537037037,0,84.19999999999999
f92d165e697238dfb823e7ad27b9ba52,432a6ff8a318c04e5844d0f1e37248da,delivered,2017-03-10 08:41:19,2017-03-10 08:41:19,2017-03-15 10:33:49,2017-03-20 08:58:42,2017-03-31,49.9,11.74,1,1,61.64,2,1,4.0,1.0,eb5d7d093a080f6b02d4b1ed626db0ff,7832,franco da rocha,SP,10.012071759259259,20.63797453703704,0,61.64
598e0b2b828aee119bc59b9fdb2fc1c0,a8a87a1caf071104b54b5b4007cebf95,delivered,2017-03-10 08:41:20,2017-03-10 08:41:20,2017-03-15 09:49:42,2017-03-20 08:38:23,2017-03-29,68.9,11.09,1,1,79.99,2,1,5.0,1.0,eb5d7d093a080f6b02d4b1ed626db0ff,7832,franco da rocha,SP,9.99795138888889,18.637962962962963,0,79.99000000000001
b094b88a36a6a907eb40730b9382cbb8,9337a18877ba0cf7c209c6081ff451ef,delivered,2017-03-10 08:49:56,2017-03-10 08:49:56,2017-03-10 10:22:06,2017-03-22 07:51:27,2017-03-31,213.26,29.68,1,1,242.94,1,2,5.0,1.0,666460795fb697dfbf23ad82315b2148,13600,araras,SP,11.959386574074074,20.63199074074074,0,242.94
91bcd07862432971bbbe7b27698fe59d,c5372d4fdcf5397b397afc9ab236163f,delivered,2017-03-10 09:06:09,2017-03-10 09:06:09,2017-03-14 17:19:07,2017-04-04 14:53:14,2017-04-12,109.99,29.7,1,1,139.69,1,1,5.0,1.0,c9469f088b6714474a6ff5b68d71a7b6,65070,sao luis,MA,25.24103009259259,32.62072916666666,0,139.69
d2f67144a4e6d027140260ae9ed6b648,3114d3d76bf813b06638b17da57a21cd,delivered,2017-03-10 09:07:24,2017-03-10 09:07:24,2017-03-10 11:28:12,2017-03-27 13:48:09,2017-04-12,533.7,90.53999999999999,3,1,624.24,9,1,5.0,1.0,deb341a4b63b6c908a512849319cf207,66087,belem,PA,17.19496527777778,32.61986111111111,0,624.24
cdaededb679c58a0e7de44a196b55750,d5879700cc4d4fe1bb76db1b7a2b2c7d,delivered,2017-03-10 09:39:00,2017-03-10 09:39:00,2017-03-14 13:07:41,2017-03-20 10:57:53,2017-04-10,84.97999999999999,29.14,2,1,114.12,8,1,5.0,1.0,b65b4e0ccf23f096b3eb8bce350a400a,26950,paty do alferes,RJ,10.054780092592592,30.597916666666666,0,114.11999999999999
e6a1e246119f970eea939974b1ea7651,f30966ab3f2e6572e194eac4b06d1506,delivered,2017-03-10 09:42:57,2017-03-10 09:42:57,2017-03-14 13:14:01,2017-03-20 12:05:55,2017-03-31,29.9,14.52,1,1,44.42,1,1,5.0,1.0,82fef3a0d35fbc616d77f7e7fc4795c8,22723,rio de janeiro,RJ,10.099282407407408,20.59517361111111,0,44.42
94bc8ddcff97b273c27ce96992e0425d,dd606722b1d47306f006d765d17501ae,delivered,2017-03-10 09:50:27,2017-03-10 09:50:27,2017-03-17 14:16:09,2017-03-31 14:05:31,2017-03-31,339.99,12.99,1,1,352.98,1,1,3.0,1.0,c2d962612d1e1a8525ddba295c74237e,13515,charqueada,SP,21.17712962962963,20.58996527777778,1,352.98
a853b6bff6aa5aa6ab496c76492858b8,9c79620850f924db64e54c2b12e415eb,delivered,2017-03-10 09:52:21,2017-03-10 09:52:21,2017-03-13 08:07:16,2017-03-17 12:43:48,2017-04-10,14.9,14.52,1,1,29.42,1,1,5.0,1.0,43530b76a9af5622fdbfd36db13b3556,80050,curitiba,PR,7.1190625,30.588645833333334,0,29.42
1996c282f4c9a331bf94a8fb2e080120,92c6e38e7cee0e9c7f386bff3d752256,delivered,2017-03-10 09:56:17,2017-03-10 09:56:17,2017-03-18 03:45:49,2017-03-21 09:06:25,2017-03-31,64.9,18.73,1,1,83.63,4,1,5.0,1.0,29640705938498cd503c1ebb4f435b2d,5659,sao paulo,SP,10.96537037037037,20.58591435185185,0,83.63000000000001
554ecc3c2cd2aa5e836523bcf915260a,74ae1af0e124761bfd3049f666889ca3,delivered,2017-03-10 10:01:13,2017-03-10 10:01:13,2017-03-14 03:52:21,2017-03-22 14:44:32,2017-03-31,22.37,14.52,1,1,36.89,3,1,5.0,1.0,784934fd0ef7f0acb22a535b08ccecac,11680,ubatuba,SP,12.196747685185185,20.582488425925927,0,36.89
7b6b4f3f9ceec2248dad997d2f53650e,a457aae7193e4218a13c99e0130bbcc6,delivered,2017-03-10 10:04:34,2017-03-10 10:04:34,2017-03-17 14:57:56,2017-03-23 16:13:21,2017-04-05,346.99,13.04,1,1,360.03,4,1,5.0,1.0,d46450eeeea08ca8dcd8125246058683,16052,aracatuba,SP,13.256099537037038,25.580162037037038,0,360.03000000000003
cebe1a22714a4536f852866377c9bcbd,9b7fd789af1301927ba3380e1efd0225,delivered,2017-03-10 10:05:43,2017-03-10 10:05:43,2017-03-13 09:05:36,2017-03-22 14:47:49,2017-04-03,158.0,29.44,2,1,187.44,1,1,4.0,1.0,aa8c932576d8ba562f48505a9f25a2be,32230,contagem,MG,12.195902777777778,23.579363425925926,0,187.44
3104bcaa250792a77ce1651711291eaf,e10b0e36d0e9cf9d7cc0f5bd4e1a74c9,delivered,2017-03-10 10:22:09,2017-03-10 10:22:09,2017-03-15 07:32:10,2017-03-23 10:51:18,2017-04-05,69.8,29.04,2,1,98.84,1,1,5.0,1.0,f9554a1488503337327a447698972e9b,85790,capitao leonidas marques,PR,13.020243055555556,25.56795138888889,0,98.84
3f79906e1eae95209df3fb74edbdce8c,8f147bfb2e3088ac8959f073cf47eba2,delivered,2017-03-10 10:24:46,2017-03-10 10:24:46,2017-03-10 14:58:25,2017-03-16 17:17:50,2017-03-31,129.99,26.41,1,1,156.4,3,1,5.0,1.0,15e3e8fc446ae37f6ac3f89c3f44059f,6523,santana de parnaiba,SP,6.286851851851852,20.566134259259258,0,156.4
85314e23a8d6ca48d54dd3a235b2a25d,f2d450514f374ebd89036fe92df557bd,delivered,2017-03-10 10:29:46,2017-03-10 10:29:46,2017-03-24 14:43:19,2017-03-29 14:48:50,2017-03-31,255.61,17.0,1,1,272.61,4,1,5.0,1.0,2ef5e7aa9a2fc5b9b15a296e1de5f729,22460,rio de janeiro,RJ,19.17990740740741,20.562662037037036,0,272.61
345d632f9fe362bd4f152e75f5b95128,8f734ced85f99f67c4c276ed81876645,delivered,2017-03-10 10:34:16,2017-03-10 10:34:16,2017-03-16 12:42:45,2017-03-24 16:40:14,2017-04-20,99.9,26.44,1,1,126.34,6,1,4.0,1.0,3befdc29b48b5c9416c10e0fd9ff9d79,65060,sao luis,MA,14.254143518518518,40.55953703703704,0,126.34
7cc694b62dcc67d5cf680cb035f217c9,b9340d29c2e363171c17c2b7704a09d6,delivered,2017-03-10 10:36:26,2017-03-10 10:36:26,2017-03-14 12:52:18,2017-03-23 16:08:03,2017-04-04,99.9,19.29,1,1,119.19,10,1,5.0,1.0,f385b8b1e122cd51db5e358b1c161d6e,83221,paranagua,PR,13.230289351851852,24.558032407407406,0,119.19
3faee37f445b155df1e106ec29732510,c68d5432c44301ef4ee85b0ae58f9ad3,delivered,2017-03-10 11:06:40,2017-03-10 11:06:40,2017-03-14 10:21:40,2017-03-16 10:44:14,2017-04-03,20.9,14.11,1,1,35.01,1,1,4.0,1.0,526635899d54704dc2b75d0ddb42c526,1214,sao paulo,SP,5.984421296296296,23.537037037037038,0,35.01
d2dd28b2a74faaeb77da8d3e53a9bd75,5fb09de922cb071effc0c1c12ab94f78,delivered,2017-03-10 11:26:08,2017-03-10 11:26:08,2017-03-13 14:57:12,2017-03-16 09:25:53,2017-03-31,69.99,14.66,1,1,84.65,1,1,5.0,1.0,59a304dbba6ed821b878d6af23b71ba7,13216,jundiai,SP,5.916493055555556,20.523518518518518,0,84.64999999999999
f8fa646064b580d92a30a5db627a817a,6396a21463860af048e158dd5aefef7a,delivered,2017-03-10 11:30:03,2017-03-10 11:30:03,2017-03-17 14:27:20,2017-03-23 15:42:11,2017-04-18,294.9,24.61,1,1,319.51,6,1,4.0,1.0,5f9f9946905e18fc9ab9b9105a9d460b,75800,jatai,GO,13.175092592592593,38.52079861111111,0,319.51
c9b1334232f321d2f0a4525120eae634,76877995749c9a8b8b821c1863a68040,delivered,2017-03-10 11:38:13,2017-03-10 11:38:13,2017-03-14 09:49:09,2017-03-18 06:05:18,2017-03-29,32.9,8.72,1,1,41.62,1,1,5.0,1.0,94e13aa16d04f67481633a5005d240db,80060,curitiba,PR,7.76880787037037,18.515127314814816,0,41.62
315ab79b5d15b5e9304d729579d36a42,04c70b7e1a619d16dbd79757e543cc59,delivered,2017-03-10 11:45:28,2017-03-10 11:45:28,2017-03-10 13:44:54,2017-03-15 16:15:42,2017-03-29,23.9,10.96,1,1,34.86,3,1,5.0,1.0,c0c0c50de0f9c7089f7de06b69577afc,12070,taubate,SP,5.187662037037037,18.510092592592592,0,34.86
821e765f0bcdbdc5e6769985ddc5875b,05b7d2db0e6f42afea1969d78034d011,delivered,2017-03-10 11:52:07,2017-03-10 11:52:07,2017-03-10 13:44:50,2017-03-17 08:24:56,2017-03-31,26.9,14.52,1,1,41.42,4,1,4.0,1.0,6ccb9923d5e1fa1cc38ad45ee816e48a,85884,medianeira,PR,6.856122685185185,20.50547453703704,0,41.42
a29bd6557706ccbbd2ef759fd491a67e,fc1cc105b757652a5aae908c9609297d,delivered,2017-03-10 11:55:08,2017-03-10 11:55:08,2017-03-13 12:28:08,2017-03-16 15:49:20,2017-03-31,129.9,23.9,1,1,153.8,1,1,5.0,1.0,eddc1407b097ef7952deb24806c9059b,25510,sao joao de meriti,RJ,6.162638888888889,20.50337962962963,0,153.8
c07db2ecf8530bd60659764d866467cf,bb0687468b15b7fd6385704a051bb6aa,delivered,2017-03-10 12:10:11,2017-03-10 12:10:11,2017-03-13 09:59:52,2017-03-21 15:37:28,2017-03-31,17.9,20.43,1,1,38.33,1,1,5.0,1.0,af9b68704fe49cb7b9b5687732ac8488,38475,monte alegre de minas,MG,11.14394675925926,20.492928240740742,0,38.33
396513d397289140cf00910157e8a715,3c1f10511adf3a72a288c95ee29dcbc6,delivered,2017-03-10 12:12:11,2017-03-10 12:12:11,2017-03-16 05:34:11,2017-03-28 14:10:17,2017-03-29,159.99,14.89,1,1,174.88,12,1,4.0,1.0,70bdc4186a7403cfe41778a5969f0524,89221,joinville,SC,18.082013888888888,18.491539351851852,0,174.88
e271e657e4d6b7cd8627e5ba90ad3929,01a353696002ba824955de7bfac767b3,delivered,2017-03-10 12:46:23,2017-03-10 12:46:23,2017-03-17 13:23:37,2017-03-22 15:25:22,2017-04-04,207.06,15.62,1,1,222.68,3,1,5.0,1.0,35203809e988e444407e13fcc4789970,14820,americo brasiliense,SP,12.110405092592593,24.467789351851852,0,222.68
5c9657078bbc1c0b67c071d651331b9d,40c55da090bab9a49ec1e80f4aba5232,delivered,2017-03-10 12:50:20,2017-03-10 12:50:20,2017-03-14 12:34:16,2017-03-17 05:27:55,2017-03-29,199.98,19.38,2,1,219.36,8,1,1.0,1.0,b84366f5760f930dd0570d820fed2ac7,3336,sao paulo,SP,6.6927662037037035,18.465046296296297,0,219.35999999999999
fce0844e8548aed6d329fd798f4937a9,1a2c73ee774d8e6701caa7e397236023,delivered,2017-03-10 13:15:23,2017-03-10 13:15:23,2017-03-15 12:27:59,2017-03-21 14:37:45,2017-04-06,30.0,17.78,1,1,47.78,1,1,5.0,1.0,35951de17bd7b3325df5c476840fae0f,25809,tres rios,RJ,11.057199074074074,26.44765046296296,0,47.78
d0714b92348bdff5af0cabf84ae6c2c0,27c6db37b1f4e91aa4a4c1644b904799,delivered,2017-03-10 13:16:12,2017-03-10 13:16:12,2017-03-14 05:13:58,2017-03-22 08:33:05,2017-03-29,169.9,17.34,1,1,187.24,4,1,5.0,1.0,ae7b79796d47ab59f417a154efcdbb77,86380,andira,PR,11.803391203703704,18.44708333333333,0,187.24
f4f92c0415cf3360dbf1209032bba08d,b6e702e4d94020dffb7772f5511c3265,delivered,2017-03-10 13:18:07,2017-03-10 13:18:07,2017-03-13 14:12:52,2017-03-16 08:47:44,2017-04-03,19.9,14.52,1,1,34.42,3,1,4.0,1.0,a761397d21b4272c0e036afbdd40fb2b,29160,serra,ES,5.812233796296296,23.445752314814815,0,34.42
b6af840e6199db586de5da4e646cce76,e10cc38ada4c34acd6ad1bb67df93953,delivered,2017-03-10 13:20:31,2017-03-10 13:20:31,2017-03-16 09:58:29,2017-03-27 11:51:55,2017-04-06,492.02,22.14,1,1,514.16,8,1,5.0,1.0,c3763b3615d9ba4d12f8c534c7e6c77e,75143,anapolis,GO,16.938472222222224,26.44408564814815,0,514.16
c9f32c5ccea32c0fa95474e83d8f321e,1549c31516b7eb9e9e6f4dae21ae3f6c,delivered,2017-03-10 13:33:44,2017-03-10 13:33:44,2017-03-13 12:38:14,2017-03-22 09:12:26,2017-03-31,139.0,15.14,1,1,154.14,1,1,5.0,1.0,3a3db2abdf63385806afc0172cf7e6d0,5832,sao paulo,SP,11.818541666666667,20.434907407407408,0,154.14
7dadec0b94237bf94991c9e9af701f5e,7478c22961661e8adccc13e1763ea59f,delivered,2017-03-10 13:45:44,2017-03-10 13:45:44,2017-03-14 13:45:21,2017-03-27 09:44:53,2017-03-31,103.97,37.13,1,1,141.1,3,1,5.0,1.0,1154b3eb892ddbaa5d244c0c32cac57c,37757,poco fundo,MG,16.832743055555557,20.426574074074075,0,141.1
1e2e0bd44283a412e965e041198550c2,87990b89093037efada2de89091ecbfe,delivered,2017-03-10 14:02:50,2017-03-10 14:02:50,2017-03-14 13:39:58,2017-04-18 17:11:08,2017-04-12,139.0,40.48,1,1,179.48,3,1,1.0,1.0,ec236f04ae7148239d78efdf98cfbc03,59139,natal,RN,39.130763888888886,32.41469907407407,1,179.48
9e0129e16582f12822d2b9bd92c8d6d9,9f2bf587d80e976bb4e0f6a81511a0ff,delivered,2017-03-10 14:26:01,2017-03-10 14:26:01,2017-03-14 13:07:40,2017-03-21 14:33:16,2017-04-03,19.99,10.96,1,1,30.95,1,1,5.0,1.0,9cff2f5681aa3fc9c27b7bd091a69430,15991,matao,SP,11.005034722222222,23.398599537037036,0,30.95
bd9e9bfde9faa1df98f0d708c83a076f,340699d32cd8347c289975f8fcadce0b,delivered,2017-03-10 14:43:51,2017-03-10 14:43:51,2017-03-14 12:39:21,2017-03-20 12:32:25,2017-04-10,125.0,22.37,1,1,147.37,1,1,5.0,1.0,2dd0f0f812e746c1bc7c09ac0932756a,30492,belo horizonte,MG,9.908726851851851,30.38621527777778,0,147.37
71c71007c0e6e119fd24da2a057a4cdc,9790a478a1806bc28829cc6767407bc9,delivered,2017-03-10 14:45:51,2017-03-10 14:45:51,2017-03-14 14:03:19,2017-03-21 08:17:43,2017-04-04,1099.9,92.58,1,1,1192.48,10,1,5.0,1.0,ae27f6bf595c66ba93b3aa1aabd83597,4279,sao paulo,SP,10.730462962962964,24.38482638888889,0,1192.48
578c61a097978687b2c5109f39efe918,55e2dbd75d718a43e8c8282be9c4828f,delivered,2017-03-10 14:56:00,2017-03-10 14:56:00,2017-03-14 13:07:41,2017-03-17 14:48:16,2017-04-05,64.99,14.62,1,1,79.61,2,1,5.0,1.0,5eafe3b2149915ca7376a3e1a637f5eb,38500,monte carmelo,MG,6.99462962962963,25.377777777777776,0,79.61
b7bea96258b9caf5e97816fe944b2971,af1e1f0117711e14bddc1714670dfa27,delivered,2017-03-10 14:56:15,2017-03-10 14:56:15,2017-03-16 14:36:42,2017-03-30 14:23:46,2017-04-28,139.96,54.51,1,1,194.47,1,1,1.0,1.0,994b8e9d3f2b93b7e5e6217f7424e0c8,62010,sobral,CE,19.97744212962963,48.377604166666664,0,194.47
542e088b96769f96492ae0f46597d3d3,cf71831f2854c16d25280fff5ecebdf6,delivered,2017-03-10 15:17:33,2017-03-10 15:17:33,2017-03-13 15:20:42,2017-03-20 07:25:57,2017-03-29,43.9,11.74,1,1,55.64,5,1,5.0,1.0,0a66e3216edd982b9575ad8f201f6542,11086,santos,SP,9.6725,18.3628125,0,55.64
14cd301a36b07ef8fef16986bc807aac,7f212557389817f6351b85700f903507,delivered,2017-03-10 15:48:11,2017-03-10 15:48:11,2017-03-13 10:41:20,2017-03-17 07:19:30,2017-03-29,26.9,10.96,1,1,37.86,3,1,4.0,1.0,3ac66f699d7543fead838e24535f9896,14600,sao joaquim da barra,SP,6.646747685185185,18.341539351851853,0,37.86
afc0f1669d9ecf0661e3f32efbd2aa5e,e90c7c2a0170c97fee91e5e52c53631e,delivered,2017-03-10 16:13:30,2017-03-10 16:13:30,2017-03-16 14:47:19,2017-03-23 10:27:44,2017-04-04,1250.0,34.25,1,1,1284.25,1,1,5.0,1.0,416c7355fe18f17d41770301769f3fe9,14350,altinopolis,SP,12.759884259259259,24.323958333333334,0,1284.25
1f308a202c015c950d2a8562bcad7903,2cb4d66bf2f62a5cd981b4960c1afbea,delivered,2017-03-10 16:51:40,2017-03-10 16:51:40,2017-03-16 06:14:54,2017-03-22 17:38:53,2017-04-06,79.9,17.3,1,1,97.2,6,1,4.0,1.0,3ea87a15f27801f0b807d5f254aa68b8,30870,belo horizonte,MG,12.032789351851852,26.297453703703702,0,97.2
57683137f254d82a617e934ec6cd5472,816db053da03f4a8dea7f4e44aeb8d15,delivered,2017-03-10 16:59:14,2017-03-10 16:59:14,2017-03-17 15:13:07,2017-03-27 12:46:59,2017-04-11,176.99,96.63,1,1,273.62,1,1,5.0,1.0,04be33d0296a7f24f81925ea4ea346ae,96010,pelotas,RS,16.824826388888887,31.292199074074073,0,273.62
e302325f2e375cbc308a2e09a091879a,eb69c7715d71346c7542c52b8ecb3923,delivered,2017-03-10 17:25:34,2017-03-10 17:25:34,2017-03-15 14:44:42,2017-03-20 16:12:04,2017-03-31,98.99,20.77,1,1,119.76,1,1,5.0,1.0,5bf4ac10c802f0504b88d9113b975604,25065,duque de caxias,RJ,9.948958333333334,20.273912037037036,0,119.75999999999999
de5552f927693bffe3b9ffc69e75000b,2be7ec9032226da54ff6d1970703dc56,delivered,2017-03-10 17:26:10,2017-03-10 17:26:10,2017-03-11 10:54:57,2017-03-18 06:11:18,2017-04-04,69.9,14.25,1,1,84.15,3,1,3.0,1.0,5503a48ab1b708edbe32d930e31a58a4,8246,sao paulo,SP,7.531342592592592,24.27349537037037,0,84.15
7e9af7be40e0983f0c497782cb6435bd,2c24375ffa9f92076ed3bec1a35e13b0,delivered,2017-03-10 17:31:42,2017-03-10 17:31:42,2017-03-15 05:15:29,2017-03-18 09:53:45,2017-04-03,379.9,16.83,1,1,396.73,6,1,5.0,1.0,3740b90925617bd17a12df71dc6f91b3,1305,sao paulo,SP,7.681979166666666,23.26965277777778,0,396.72999999999996
b835a702f116e758be4f80ae292bca2e,dc27f0ba438996b55e0c008515a38147,delivered,2017-03-10 17:33:50,2017-03-10 17:33:50,2017-03-14 15:27:16,2017-03-24 11:12:26,2017-04-05,52.9,18.65,1,1,71.55,1,1,5.0,1.0,6e1190edde834ca84ba216d13627e85c,35588,arcos,MG,13.735138888888889,25.268171296296295,0,71.55
0691840826e5dce3ddfb305ab26bcfab,c4df73f215e54692735130c2e738c177,delivered,2017-03-10 17:55:31,2017-03-10 17:55:31,2017-03-18 07:23:58,2017-03-21 12:47:55,2017-04-12,89.18,12.01,1,1,101.19,4,1,5.0,1.0,bd8bee2d841f2573c7c4f2d49dfdcaf0,6440,barueri,SP,10.786388888888888,32.253113425925925,0,101.19000000000001
964937fd838e5fb7488cf417d7b60747,1ea95ad24c86534af3ded05ee2d7aefe,delivered,2017-03-10 17:55:34,2017-03-10 17:55:34,2017-03-13 10:19:05,2017-03-21 15:03:32,2017-04-06,59.9,13.0,1,1,72.9,4,1,5.0,2.0,bd8bee2d841f2573c7c4f2d49dfdcaf0,6440,barueri,SP,10.880532407407408,26.253078703703704,0,72.9
68993f27a34bd02e3b2c2ebb5c41b9ec,e69c1b17ce033060c97375f5f1d06885,delivered,2017-03-10 18:17:36,2017-03-10 18:17:36,2017-03-14 12:39:19,2017-03-21 07:55:03,2017-04-05,99.0,18.82,1,1,117.82,4,1,2.0,1.0,3a359d463b5a79614f9206ec5e38b434,1042,sao paulo,SP,10.567673611111111,25.23777777777778,0,117.82
a11cd01ac67beef7e8bf09740d8a35c1,51438ab3adcedb8f8c5b9e860f6d57f6,delivered,2017-03-10 18:29:46,2017-03-10 18:29:46,2017-03-20 14:22:06,2017-03-22 09:06:14,2017-03-29,79.8,23.48,2,1,103.28,2,1,3.0,1.0,bd4174fe2e76f6818b913f6dac96b49a,4235,sao paulo,SP,11.608657407407408,18.229328703703704,0,103.28
a811f33c743a891f34de752bba733292,2ca947be2dbb0219314e655f888bd799,delivered,2017-03-10 18:34:44,2017-03-10 18:34:44,2017-03-13 09:56:01,2017-03-20 12:40:47,2017-03-31,159.99,33.4,1,1,193.39,4,1,5.0,1.0,a2de395141e65ad3d059a19c67c497bd,21042,rio de janeiro,RJ,9.75420138888889,20.22587962962963,0,193.39000000000001
284b3707cd4351c728d8d59db0ce2c45,77536d8531c68bbe0e3c699c084c09fe,delivered,2017-03-10 19:32:26,2017-03-10 19:32:26,2017-03-16 11:48:56,2017-03-27 18:38:20,2017-04-05,69.9,18.24,1,1,88.14,2,1,5.0,1.0,5e85d75d3e3df197f08b89a2cbaad54b,31615,belo horizonte,MG,16.962430555555557,25.185810185185186,0,88.14
18323bf515bec81ec824b51f618d2429,2dd5c9999a479a9e240d42bd38b4266a,delivered,2017-03-10 19:32:27,2017-03-10 19:32:27,2017-03-13 04:13:42,2017-03-21 17:45:36,2017-04-06,89.9,23.18,1,1,113.08,2,1,5.0,1.0,5e85d75d3e3df197f08b89a2cbaad54b,31615,belo horizonte,MG,10.92579861111111,26.18579861111111,0,113.08000000000001
cb2ad554e5c2af7151fa9b324750df29,2b2ca3bbc17d390a83940038b7bb3e74,delivered,2017-03-10 19:44:33,2017-03-10 19:44:33,2017-03-13 10:44:30,2017-03-21 15:06:07,2017-03-31,19.9,14.52,1,1,34.42,3,1,1.0,1.0,7d27b3444e65bbe0e2ffd27908b9d257,34710,sabara,MG,10.806643518518518,20.177395833333332,0,34.42
7a72862f08ad9a6b9debda8e2a65d762,49269e49bdad7f64f75afaf5939326c2,delivered,2017-03-10 19:47:34,2017-03-10 19:47:34,2017-03-15 07:32:12,2017-03-29 12:57:35,2017-04-18,34.9,24.84,1,1,59.74,1,1,5.0,1.0,2a868fee78151c23540d4ecec8560e98,55900,goiana,PE,18.71528935185185,38.175300925925924,0,59.739999999999995
f51e3c7f79d1e2c076acbb6af1588b95,3469ebe2f9aa5e08f1a85ecf20b549e0,delivered,2017-03-10 20:04:32,2017-03-10 20:04:32,2017-03-15 13:27:52,2017-03-17 15:28:13,2017-03-29,118.0,12.22,1,1,130.22,1,1,5.0,1.0,755bdc2822a8f01cfcec19ae4dcaae66,5590,sao paulo,SP,6.808113425925926,18.16351851851852,0,130.22
a3c03356178c199a84eae0d6356d815c,65efecad50836c407e7129e0656ddad7,delivered,2017-03-10 20:24:32,2017-03-10 20:24:32,2017-03-13 10:41:19,2017-03-28 14:27:11,2017-04-12,69.9,24.98,1,1,94.88,4,1,5.0,1.0,dabc7d3bed4d9f97f9ac78df36e7a27e,52011,recife,PE,17.751840277777777,32.14962962962963,0,94.88000000000001
75a75d6f39a5e6639e107bdf8760ac50,f48dc2e02e8b3576ae81898b1dfa1717,delivered,2017-03-10 21:04:58,2017-03-10 21:04:58,2017-03-15 11:29:37,2017-03-17 04:55:53,2017-03-29,10.99,8.72,1,1,19.71,1,1,4.0,1.0,2974c99a793b46ea25efd72321e76966,5830,sao paulo,SP,6.327025462962963,18.121550925925927,0,19.71
b33ec3b699337181488304f362a6b734,9b3932a6253894a02c1df9d19004239f,delivered,2017-03-10 21:05:03,2017-03-10 21:05:03,2017-03-13 12:58:30,2017-04-05 14:38:47,2017-04-07,69.0,17.22,1,1,86.22,8,1,3.0,1.0,0000f46a3911fa3c0805444483337064,88115,sao jose,SC,25.73175925925926,27.121493055555554,0,86.22
758667794d07a65477e26043b6b75986,26e631854e3a5230d9311f6f17a5a0da,delivered,2017-03-10 21:19:05,2017-03-10 21:19:05,2017-03-14 17:11:47,2017-03-21 10:22:18,2017-03-31,12.99,14.52,1,1,27.51,1,1,4.0,1.0,43d24df8fd7f818116fbf626afa5adee,2368,sao paulo,SP,10.543900462962963,20.111747685185186,0,27.509999999999998
1e9bf802b8192eb97af61fd92b586471,9b393f101c2a58389bc8c804e560b284,delivered,2017-03-10 21:44:39,2017-03-10 21:44:39,2017-03-14 10:33:09,2017-03-23 13:27:54,2017-04-07,20.9,17.78,1,1,38.68,1,1,5.0,1.0,8b658cda92ee9a3972c756bd9069ef24,49480,simao dias,SE,12.655034722222222,27.093993055555554,0,38.68
7580acfb8ff8ddb8e8db732d87a5e5cb,4c9df146bdc5664d39360405fb74806e,delivered,2017-03-10 21:46:27,2017-03-10 21:46:27,2017-03-13 10:35:08,2017-03-21 16:43:47,2017-04-04,49.9,14.52,1,1,64.42,3,1,5.0,1.0,59caf41d8fafee2be6f278b0f2488065,31155,belo horizonte,MG,10.789814814814815,24.092743055555555,0,64.42
a85429530fd3281381e34d128b357d91,71e5bce2e825f8bc773f6c355b6ef33a,delivered,2017-03-10 21:50:49,2017-03-10 21:50:49,2017-03-13 03:15:52,2017-04-05 02:23:43,2017-04-12,171.79000000000002,51.07,2,1,222.86,3,1,5.0,1.0,20ea80f41970eeef262ab9d652ed5255,69085,manaus,AM,25.18951388888889,32.08971064814815,0,222.86
53fbedbd16ccffa3a54c400edbb3fecb,fd4abff6bfb418f4130e7d483f4ee097,delivered,2017-03-10 22:01:34,2017-03-10 22:01:34,2017-03-15 16:11:42,2017-03-21 10:07:46,2017-03-31,37.99,14.11,1,1,52.1,1,1,4.0,1.0,7d46e00d5460d09dba085073c0873c35,23595,rio de janeiro,RJ,10.504305555555556,20.08224537037037,0,52.1
39045a22da5b2bdb795d2c53325bcd48,eb2cb9509bff6804f265905b5e9462c2,delivered,2017-03-10 22:43:47,2017-03-10 22:43:47,2017-03-13 12:13:30,2017-03-21 08:45:03,2017-04-07,14.9,14.52,1,1,29.42,1,1,5.0,1.0,2fe8b7ce9d111a6f3c7b75a9c0f6eabe,87701,paranavai,PR,10.417546296296296,27.05292824074074,0,29.42
5de9e77c89bb6f31552993baf408f3a3,8f1bc05d9235c2cd8901f74410a5f43a,delivered,2017-03-10 23:04:59,2017-03-10 23:04:59,2017-03-13 16:16:43,2017-03-20 08:43:41,2017-03-31,138.0,29.3,2,1,167.3,10,1,1.0,1.0,6af09b1eba6049338a21966d7b8a13ee,28680,cachoeiras de macacu,RJ,9.401875,20.03820601851852,0,167.3
6fb1d503fbeaca8539b2682dfe04d56b,c06ff073c8e5f6d97a3291553e8b9938,delivered,2017-03-10 23:18:42,2017-03-10 23:18:42,2017-03-13 09:56:05,2017-03-21 07:37:58,2017-03-31,129.9,17.65,1,1,147.55,1,1,5.0,1.0,596d1e5c87501f97242b054c729fd993,39970,pedra azul,MG,10.346712962962963,20.028680555555557,0,147.55
d7defcb8f59419ce565959f595bbb988,fb53b449e82b537c318a3a742ef82dad,delivered,2017-03-10 23:35:49,2017-03-10 23:35:49,2017-03-14 14:07:18,2017-03-17 16:17:56,2017-03-31,79.9,15.77,1,1,95.67,3,1,5.0,1.0,b0e6a81c94855e7f45b1033dac12995e,2615,sao paulo,SP,6.695914351851852,20.01679398148148,0,95.67
f8dc2e2efd79f135f2ae7b04e0d95985,b5497c073e0cc7f337a46cc0c423a0c0,delivered,2017-03-10 23:37:11,2017-03-10 23:37:11,2017-03-22 10:42:17,2017-03-30 13:59:39,2017-04-04,16.98,37.26,2,1,54.24,1,1,5.0,1.0,c23ff02ce0c6b05a0fcfd7fdd9af6b4b,72501,brasilia,DF,19.598935185185184,24.01584490740741,0,54.239999999999995
8cd6746056efc30726855e09ce26a776,e10682de4ad385d0a8419b29f2c6d486,delivered,2017-03-10 23:40:38,2017-03-10 23:40:38,2017-03-22 08:17:45,2017-03-29 12:01:15,2017-04-25,730.0,193.63,1,1,923.63,8,1,5.0,1.0,4f1956032b4391eb604d8272cb6cba6d,55350,saloa,PE,18.514317129629628,45.013449074074074,0,923.63
a34ee4377977a9fb56e0f98a503f0dda,d8f4f31d3c53ea3bcbaad5249591871b,delivered,2017-03-11 00:05:55,2017-03-11 00:05:55,2017-03-15 14:05:16,2017-03-27 14:19:14,2017-04-07,123.9,25.61,1,1,149.51,3,1,5.0,1.0,5bd6c03585f70d7c822c736ccaa053ad,75133,anapolis,GO,16.59258101851852,26.995891203703703,0,149.51
f30fa14e2b0495b15843f4fa7e1287b1,039afda3072825c183a2ec67468cf1b7,delivered,2017-03-11 00:27:23,2017-03-11 00:27:23,2017-03-14 11:42:48,2017-03-17 13:22:18,2017-04-10,41.8,21.92,2,1,63.72,1,1,1.0,1.0,b30dc2706c2d00ef71ed80a75eb242f7,1241,sao paulo,SP,6.538136574074074,29.980983796296297,0,63.72
fbe14dbea1cdcc16f5709ee80b0fab7a,758599b2798e7015e13f582498131b91,delivered,2017-03-11 00:50:38,2017-03-11 00:50:38,2017-03-15 16:11:46,2017-03-23 11:06:09,2017-04-03,37.99,14.11,1,1,52.1,1,1,5.0,1.0,735d40216b665dcc9cbe088420b1b80e,22730,rio de janeiro,RJ,12.427442129629629,22.964837962962964,0,52.1
0ee0bf166bf18f991a111ecfe817c951,0c74ae4dc7cfc64d2850f5c612bf9411,delivered,2017-03-11 07:26:17,2017-03-11 07:26:17,2017-03-13 09:35:05,2017-03-20 10:58:28,2017-04-03,739.9,21.92,1,1,761.82,6,1,5.0,1.0,a0aca7b3db05546e683192165316eff7,13098,campinas,SP,9.147349537037037,22.69008101851852,0,761.8199999999999
82ff294d1970490323910cdd6c463977,2923538b48ba4910e980aa90a89c3a2e,delivered,2017-03-11 08:18:51,2017-03-11 08:18:51,2017-03-14 10:44:52,2017-03-22 12:53:46,2017-04-06,89.9,16.33,1,1,106.23,2,1,5.0,1.0,ff51a896842f2bdced342631e2699d49,29210,guarapari,ES,11.190914351851852,25.65357638888889,0,106.23
99e34b586d1fa26ea713021ff647d18d,010ac941a52f7717d87471a7da831cd0,delivered,2017-03-11 08:20:56,2017-03-11 08:20:56,2017-03-13 09:26:57,2017-03-22 15:08:25,2017-04-03,24.9,14.52,1,1,39.42,1,1,5.0,1.0,ed1e4450166afd6ca7af55f4c5019412,32670,betim,MG,11.282974537037036,22.65212962962963,0,39.42
636fac4217a01ca1f468baf22a52e945,45d196ca62eb0b8f5f2f3037e417425d,delivered,2017-03-11 09:26:18,2017-03-11 09:26:18,2017-03-17 18:08:42,2017-03-22 17:47:41,2017-04-06,239.2,22.9,2,1,262.09999999999997,1,2,3.0,1.0,ea5a9bb2e0b17b2f0c9b826ae0db1c22,7859,franco da rocha,SP,11.34818287037037,25.60673611111111,0,262.09999999999997
26b4d5acef7d1ea2ca51d3836df08d78,16e83b87239bff66ebddbaa1028feb83,delivered,2017-03-11 09:35:17,2017-03-11 09:35:17,2017-03-14 12:39:25,2017-03-28 15:53:52,2017-04-11,79.0,24.75,1,1,103.75,1,1,4.0,1.0,b4b93208f74738929b257289b4fffb16,78850,primavera do leste,MT,17.262905092592593,30.600497685185186,0,103.75
5e1efbce448f504da54b954d24342d74,4ecafbcee7a90b1cd465a44496eb6789,delivered,2017-03-11 09:56:32,2017-03-11 09:56:32,2017-03-13 10:35:06,2017-03-22 17:38:02,2017-04-05,49.9,14.52,1,1,64.42,5,1,5.0,1.0,9601cd789a0c7e8fc3892166496c781b,39270,pirapora,MG,11.32048611111111,24.58574074074074,0,64.42
d776bd888cec910433d34b5501ebf2d6,a716b64fe8dde0cfc6a3204fcb473237,delivered,2017-03-11 10:19:05,2017-03-11 10:19:05,2017-03-17 16:23:33,2017-03-31 12:43:18,2017-04-27,179.96,53.67,1,1,233.63,1,1,3.0,1.0,2329b7c91ba3245168286403db9876d3,49032,aracaju,SE,20.10015046296296,46.57008101851852,0,233.63
9c0bb2c7680b4f084fc874b19722fc88,7808689ebbb205dfe2aab1d6b8dcf0d4,delivered,2017-03-11 11:27:21,2017-03-11 11:27:21,2017-03-14 06:08:10,2017-03-16 14:13:45,2017-04-04,34.9,10.96,1,1,45.86,2,1,5.0,1.0,0fe889940c2e62512282de063f79b521,1510,sao paulo,SP,5.115555555555556,23.52267361111111,0,45.86
18cdeae7a1be6702546e3d83e5186748,96cf3e61d7cef93a23c282b589acc1f3,delivered,2017-03-11 11:33:13,2017-03-11 11:33:13,2017-03-14 12:34:17,2017-03-28 13:52:36,2017-04-05,99.99,17.54,1,1,117.53,3,1,5.0,1.0,b0356d9d7c8536b68565c9390bfa5457,95097,caxias do sul,RS,17.096793981481483,24.518599537037037,0,117.53
3a1c434d917a8b25f7862cfa17972aae,f07ea18c059c8cd1584a035a3ed36e63,delivered,2017-03-11 11:41:42,2017-03-11 11:41:42,2017-03-13 10:48:12,2017-03-20 13:06:17,2017-03-30,34.99,10.96,1,1,45.95,3,2,5.0,1.0,9bb5ee90bbf9e5dec4a866a9d1117328,6543,santana de parnaiba,SP,9.058738425925926,18.512708333333332,0,45.95
06caf4b0e55d9bc015a91fa77432a1cb,e42b1319fefce9bf37acf91a0ac8c1a9,delivered,2017-03-11 11:42:16,2017-03-11 11:42:16,2017-03-13 14:54:54,2017-03-21 10:58:09,2017-04-06,25.0,15.65,1,1,40.65,1,1,5.0,1.0,11be14f7e9b9fa3e079997407a648847,73330,brasilia,DF,9.969363425925925,25.512314814814815,0,40.65
aafb39df40ca7d13b0bfce23d7b83032,744b745c7c394ba4497c665277bc866b,delivered,2017-03-11 11:44:45,2017-03-11 11:44:45,2017-03-14 06:08:07,2017-03-16 15:17:46,2017-04-04,34.9,10.96,1,1,45.86,4,1,5.0,1.0,2153521e4b91c5a56bf893d946831ff9,12260,paraibuna,SP,5.1479282407407405,23.510590277777776,0,45.86
026d2c7c84b97eb8854ca3fbdc6ab840,68fda186cf0d78b846df318aeb4e85a0,delivered,2017-03-11 11:54:28,2017-03-11 11:54:28,2017-03-17 07:19:32,2017-03-21 09:08:48,2017-04-05,184.9,16.4,1,1,201.3,8,1,4.0,1.0,65b78b47b97a28bbbc084c0167718a3a,13142,paulinia,SP,9.884953703703705,24.503842592592594,0,201.3
c356aac7fabcd3bab9aaf9ce1f36b945,e2b55ff6dc402ddbeeb756f42f9bb725,delivered,2017-03-11 12:24:28,2017-03-11 12:24:28,2017-03-16 09:58:33,2017-03-21 11:35:45,2017-04-03,492.04,18.65,1,1,510.69,8,1,4.0,1.0,432176c8ad774ad74f992357b9be4a39,27542,resende,RJ,9.96616898148148,22.48300925925926,0,510.69
82fbc12799bc20f75c107e8e3fd55f38,7161f151fe8646a5fdaac9198eac0d87,delivered,2017-03-11 12:35:02,2017-03-11 12:35:02,2017-03-13 08:41:35,2017-03-27 15:57:40,2017-04-12,650.0,128.47,1,1,778.47,2,1,2.0,1.0,c29cf2e62be3359b74f7990382a24777,45810,porto seguro,BA,16.140717592592594,31.475671296296298,0,778.47
39fdb37dae517d0d4185d590337aff82,09e2f116cdbdd143542837276b1e91ea,delivered,2017-03-11 12:39:28,2017-03-11 12:39:28,2017-03-13 11:23:01,2017-03-20 04:38:44,2017-03-30,159.9,11.73,1,1,171.63,7,1,4.0,1.0,3a690d57ffe6162386eade1f0ee685d9,3925,sao paulo,SP,8.666157407407407,18.472592592592594,0,171.63
bb27db571451a22cce47832d688ae49b,63b3eb851faae3c3c19d106082e2810e,delivered,2017-03-11 12:45:00,2017-03-11 12:45:00,2017-03-13 08:41:13,2017-03-27 12:56:06,2017-04-12,650.0,148.27,1,1,798.27,10,1,4.0,1.0,4ecf25c37c4543d4f54524b0e0c8dd04,40255,salvador,BA,16.007708333333333,31.46875,0,798.27
a216d63457e3501eeab4375752f0fbbe,c562ddeb1f9475e767b7e6310c2f1e80,delivered,2017-03-11 12:48:03,2017-03-11 12:48:03,2017-03-21 14:20:07,2017-03-23 15:40:09,2017-04-06,124.8,13.45,1,1,138.25,5,1,4.0,1.0,ae0e4a6b52bcaa15eb032578f6936c23,5546,sao paulo,SP,12.11951388888889,25.466631944444444,0,138.25
e605cb87d9eccec27579c6d269f47ad1,12c611a156bcf3d8af5a1bf02aa21175,delivered,2017-03-11 13:35:38,2017-03-11 13:35:38,2017-03-13 13:11:29,2017-03-24 12:34:17,2017-04-03,18.99,14.52,1,1,33.51,3,1,5.0,1.0,1ae0620e7665c833940ffb4b9904a174,89113,gaspar,SC,12.957395833333333,22.433587962962964,0,33.51
9062b998bfc2521b3978b34034ba6e1e,46784ad12d8b0efd22e033200a7c815b,delivered,2017-03-11 13:46:22,2017-03-11 13:46:22,2017-03-13 16:22:13,2017-03-20 09:05:42,2017-03-30,114.0,11.41,1,1,125.41,1,1,5.0,1.0,53c6cede72aaf60467c1c7dcd40ebb6b,18290,buri,SP,8.805092592592592,18.42613425925926,0,125.41
f309544e0fa881330c466bff31564da2,e3955fa3e47f671daee67a0d145e119e,delivered,2017-03-11 13:53:27,2017-03-11 13:53:27,2017-03-13 14:52:07,2017-03-17 11:06:56,2017-04-05,339.99,17.59,1,1,357.58,7,1,5.0,1.0,56b8bce3a1cdfd951580e8e6b2e6500e,27700,vassouras,RJ,5.884363425925926,24.421215277777776,0,357.58
d4e42f9170131eed76bf87f17541bc48,eccc13ce9951db3da439027211bdb3dc,delivered,2017-03-11 14:21:09,2017-03-11 14:21:09,2017-03-13 10:41:20,2017-03-21 16:18:00,2017-03-30,23.9,10.96,1,1,34.86,1,2,5.0,1.0,fc617e1d85eb5f935300c7943f732217,12237,sao jose dos campos,SP,10.081145833333334,18.401979166666667,0,34.86
0bea7c54ed17281e684c8bc1191e0272,a587568552acc7996edef3369f972bde,delivered,2017-03-11 15:04:29,2017-03-11 15:04:29,2017-03-13 09:27:59,2017-03-17 14:19:19,2017-04-03,89.99,15.84,1,1,105.83,2,1,4.0,1.0,04fb0069cb810108ed61f955f88da9df,28470,santo antonio de padua,RJ,5.968634259259259,22.371886574074075,0,105.83
768351bcdb7630b77da379eb5a54e9b3,22e7d05a63bb1bfe0b2eede7b74723c8,delivered,2017-03-11 15:19:53,2017-03-11 15:19:53,2017-03-15 10:00:34,2017-04-07 14:42:17,2017-04-11,11.99,20.8,1,1,32.79,1,1,4.0,1.0,24b75b0b4b339925164dd10697cd6e09,78795,pedra preta,MT,26.97388888888889,30.36119212962963,0,32.79
4ea0ef9a772da79c6afd8ebc69ee008c,c9f577d8ec59067f0f32cb099f14ae63,delivered,2017-03-11 15:24:51,2017-03-11 15:24:51,2017-03-15 07:27:34,2017-03-25 10:48:02,2017-04-10,69.0,15.69,1,1,84.69,4,1,5.0,1.0,f190311220113505ce944e317bbf4dc3,88704,tubarao,SC,13.807766203703704,29.357743055555556,0,84.69
c28ccf873b952bc98490e627a34c60f0,0b6a6db7c5e91f4bfd593b6e78206e6f,delivered,2017-03-11 15:29:09,2017-03-11 15:29:09,2017-03-13 09:55:51,2017-04-01 11:49:45,2017-04-07,99.99,36.53,1,1,136.52,8,1,5.0,1.0,f9d518ce8def4aefba686655c57ac3e0,88106,sao jose,SC,20.847638888888888,26.354756944444443,0,136.51999999999998
4324f32177ce15c52c8e1c570c259dc0,a8e15f3b8994154da337b60eeda28eba,delivered,2017-03-11 15:37:58,2017-03-11 15:37:58,2017-03-15 07:05:57,2017-03-20 16:05:31,2017-04-03,98.99,20.77,1,1,138.31,12,1,5.0,1.0,3ad2fd7836153d47210f9a09c5a606ad,20720,rio de janeiro,RJ,9.019131944444444,22.34863425925926,0,119.75999999999999
84115cf79df5dc6736a1c4ce08daf081,5e08b0deb0e41e0e43823ddd9d33ef10,delivered,2017-03-11 15:57:43,2017-03-11 15:57:43,2017-03-13 13:11:24,2017-03-16 17:17:38,2017-04-03,23.9,14.52,1,1,38.42,1,1,5.0,1.0,28931bf387333c768da12908d7427426,25035,duque de caxias,RJ,5.055497685185185,22.334918981481483,0,38.42
fe2893f4e6b71e79a7aec9c777744a16,17bf46f1da4feb965bb6ece7dd8bd95c,delivered,2017-03-11 16:05:44,2017-03-11 16:05:44,2017-03-22 05:47:50,2017-03-22 15:26:27,2017-05-02,28.8,21.92,2,1,50.72,1,1,5.0,1.0,6777d4af8d5920d859e894ea694b04cb,4523,sao paulo,SP,10.972719907407408,51.329351851851854,0,50.72
f992a59bd269c4eb0ae5ca2d403474b6,a0f1252b8378182f65bc311788d25d0c,delivered,2017-03-11 16:22:20,2017-03-11 16:22:20,2017-03-13 14:12:51,2017-03-20 07:32:58,2017-04-04,19.9,14.52,1,1,34.42,1,1,5.0,1.0,65cdf5ca38fd0667a658101672cb46d1,13506,rio claro,SP,8.63238425925926,23.317824074074075,0,34.42
a427db09dd194740f13a3a2c7bcf38bc,35db0c2edcd70d3ebd5cdc04b009ae38,delivered,2017-03-11 16:33:35,2017-03-11 16:33:35,2017-03-13 16:22:09,2017-03-24 13:17:46,2017-04-03,124.0,15.04,1,1,139.04000000000002,1,1,4.0,1.0,985f1ef1d051a018cc11bf7ba9fd34ac,37900,passos,MG,12.864016203703704,22.310011574074075,0,139.04
3e6ebaae08b8e1811e855277cdd27f23,700abdbf00ddc509476b56de64d025d9,delivered,2017-03-11 16:45:11,2017-03-11 16:45:11,2017-03-13 12:13:25,2017-03-17 07:57:48,2017-04-17,14.9,15.65,1,1,30.55,1,1,5.0,1.0,637a39768880ddca5882b455322ff41f,72140,brasilia,DF,5.633761574074074,36.30195601851852,0,30.55
380bf78bcf690a6955b8f1de575e26ba,0a8189ab957e37ec9490424e8ecf9050,delivered,2017-03-11 16:49:30,2017-03-11 16:49:30,2017-03-14 15:09:35,2017-03-22 09:12:24,2017-04-03,239.0,15.84,1,1,254.84,1,1,5.0,1.0,1bb560cf89ba509f0a4feea96c49c9b3,28500,cantagalo,RJ,10.682569444444445,22.298958333333335,0,254.84
f885037230ad5460192a6a2c609af8d9,10db7a938590915abf795e3756ec4d0f,delivered,2017-03-11 16:55:15,2017-03-11 16:55:15,2017-03-20 10:54:03,2017-03-28 15:18:05,2017-04-18,45.9,14.52,1,1,60.42,3,1,2.0,1.0,2115ec5b03f66c4083b9f02046ddb855,33860,ribeirao das neves,MG,16.93252314814815,37.29496527777778,0,60.42
81a7125e95ebd20c40de58599400fa57,e72d423805669242172f8aa4355838ed,delivered,2017-03-11 17:00:35,2017-03-11 17:00:35,2017-03-15 11:29:52,2017-03-21 05:13:51,2017-03-30,42.99,8.72,1,1,51.71,1,1,4.0,1.0,dd94062410a20a56b8361c5215135509,4558,sao paulo,SP,9.509212962962962,18.291261574074074,0,51.71
9bed4ab223c0c29b12941aa6a1e524af,c6e9208594de0ddb9c87118e75b7363c,delivered,2017-03-11 17:05:35,2017-03-11 17:05:35,2017-03-16 09:02:31,2017-03-28 15:58:38,2017-04-17,99.0,29.62,1,1,128.62,1,1,5.0,1.0,37df6cf2f4402dbea288315fb12a84aa,45652,ilheus,BA,16.953506944444445,36.28778935185185,0,128.62
ffb9a9cd00c74c11c24aa30b3d78e03b,81a0150b8f472d0e5e82a7da198b93bc,delivered,2017-03-11 17:20:21,2017-03-11 17:20:21,2017-03-22 08:48:30,2017-03-28 15:26:02,2017-04-13,529.6,77.35,4,1,606.95,6,1,1.0,1.0,d10fb5de0a3fed8a598aa7fd3aa1be14,36415,congonhas,MG,16.920613425925925,32.27753472222222,0,606.95
278ce3d59dd06d461a1a4d6703790ae9,25f558b2b9455e35297fc86ded1e0586,delivered,2017-03-11 17:38:51,2017-03-11 17:38:51,2017-03-20 14:42:50,2017-03-27 11:35:57,2017-04-04,160.44,29.46,2,1,189.9,10,1,5.0,1.0,1a328a664417dc7cbff0ed7df49f5a3d,13564,sao carlos,SP,15.74798611111111,23.2646875,0,189.9
7581c7decedb7d7f4310ef8313f935a7,c9714864eb54838221b5ae330c338590,delivered,2017-03-11 17:50:16,2017-03-11 17:50:16,2017-03-13 13:23:22,2017-03-20 05:52:09,2017-04-03,34.9,14.52,1,1,49.42,2,1,5.0,1.0,6df5bd0023cfd06d7b55bcece550e1f2,18685,lencois paulista,SP,8.50130787037037,22.25675925925926,0,49.42
333c80174d4ab24df54210511f4ecbd0,782a99fb3433351a685f44522050331d,delivered,2017-03-11 17:51:25,2017-03-11 17:51:25,2017-03-15 17:41:59,2017-03-23 13:52:55,2017-04-06,314.99,12.81,1,1,327.8,8,1,5.0,1.0,c1b7893ed0fb6777c4c10e5a20f11df3,15092,sao jose do rio preto,SP,11.834375,25.255960648148147,0,327.8
9316147043211eeedaabc94074a8d9ca,99e291d0698cbe6d49cf14061c4c7eba,delivered,2017-03-11 17:52:04,2017-03-11 17:52:04,2017-03-13 14:44:10,2017-03-20 08:38:08,2017-03-31,79.99,13.14,1,1,93.13,1,1,5.0,1.0,c08d2d6237e1d95d5189b9060e2e12c9,3216,sao paulo,SP,8.615324074074074,19.25550925925926,0,93.13
a709ecb248c71e8b541f253c40ee8be3,ac82545ea76f80c8047af33f84a32aff,delivered,2017-03-11 18:02:41,2017-03-11 18:02:41,2017-03-13 13:11:24,2017-03-17 09:05:51,2017-04-03,26.99,14.52,1,1,41.51,4,1,5.0,1.0,99a3c7158e3bdbc63d45cb63642e66a0,86802,apucarana,PR,5.627199074074074,22.248136574074074,0,41.51
370e2e6c1a9fd451eb7f0852daa3b006,55f7adf99fd2a2c01af34e2dfa272c9f,delivered,2017-03-11 18:34:44,2017-03-11 18:34:44,2017-03-15 07:34:16,2017-03-30 15:47:50,2017-04-10,79.9,15.77,1,1,95.67,1,2,3.0,1.0,f9ae226291893fda10af7965268fb7f6,7131,guarulhos,SP,18.884097222222223,29.22587962962963,0,95.67
97a046d5a9aba90849e4279fdd014fb9,7aa45f0da7dbc08f11d376d597b2403f,delivered,2017-03-11 18:39:33,2017-03-11 18:39:33,2017-03-15 11:58:26,2017-03-27 12:23:06,2017-04-04,45.95,10.96,1,1,56.91,1,1,3.0,1.0,1291474366a550ebc251d9187e763d62,12213,sao jose dos campos,SP,15.73857638888889,23.22253472222222,0,56.910000000000004
d7b749382b06fe2551235b118a962dfa,2853fd4b314b078f6a16bf500bcb1a0c,delivered,2017-03-11 18:46:30,2017-03-11 18:46:30,2017-03-17 06:57:41,2017-03-23 10:34:33,2017-04-13,89.9,17.37,1,1,107.27,1,1,5.0,1.0,a8bdfcb47e03f463a821f841e2143550,84935,tomazina,PR,11.658368055555556,32.217708333333334,0,107.27000000000001
a471d7920ba6d0cf639d0d0cf7fff25f,405e4bf2d57bb2ce60e05d522d0b0631,delivered,2017-03-11 19:00:13,2017-03-11 19:00:13,2017-03-13 12:58:30,2017-03-24 12:00:02,2017-04-10,69.0,17.22,1,1,86.22,4,1,5.0,1.0,196276c2651ca4783688aa741b72d540,35935,sao goncalo do rio abaixo,MG,12.708206018518519,29.208182870370372,0,86.22
d9a03aaa586760cdcfb4aaddbcfd0767,6c25309593351b489bdf6acb8e186375,delivered,2017-03-11 19:06:15,2017-03-11 19:06:15,2017-03-16 06:14:54,2017-03-20 13:39:23,2017-04-05,79.9,13.14,1,1,93.04,4,1,3.0,1.0,5baacd4f58c5836e6a49b8d29dbef403,7052,guarulhos,SP,8.77300925925926,24.203993055555557,0,93.04
3629454fe243df9fe9b49babc52d98e6,d90359b63914d35b6058e423f964db77,delivered,2017-03-11 19:12:49,2017-03-11 19:12:49,2017-03-15 14:14:08,2017-03-21 08:58:35,2017-03-30,650.0,64.91,1,1,714.91,1,1,2.0,1.0,1447b1e0484692a68d0c42a25d9ada01,18077,sorocaba,SP,9.573449074074073,18.19943287037037,0,714.91
de09bc4ff6a9de96b6895cd565f80e69,864ac617f28e226558e823780f171c9f,delivered,2017-03-11 19:23:25,2017-03-11 19:23:25,2017-03-20 08:03:53,2017-04-17 14:17:52,2017-04-11,689.89,26.76,1,1,716.65,1,1,,,a1aad80f12918aa399ec076ed078e5d9,48410,cicero dantas,BA,36.7878125,30.19207175925926,1,716.65
35096a0e4744902c11de408b85c43fa4,1e91f4e8d3d47b74276ac6c6ca566c8d,delivered,2017-03-11 19:59:25,2017-03-11 19:59:25,2017-03-16 07:18:41,2017-03-21 08:37:29,2017-04-05,174.9,16.92,1,1,191.82,3,1,5.0,1.0,ac0931d24718f56537af55f3e2d3ab8c,78070,cuiaba,MT,9.526435185185186,24.167071759259258,0,191.82
a53ebffcfdb8c4e47308374591571f96,33380c31f765f9aa184c40351e9f3b6a,delivered,2017-03-11 20:05:50,2017-03-11 20:05:50,2017-03-13 13:43:59,2017-04-27 05:08:59,2017-04-18,29.9,24.84,1,1,54.74,1,1,1.0,1.0,c113c632c226f699c39a1640a5b14fa0,62580,acarau,CE,46.3771875,37.16261574074074,1,54.739999999999995
f2ef8ad9ee61aaa6334cf0967193a602,d9753ea64ed62e8042ae6d5ee5a43d7f,delivered,2017-03-11 20:08:52,2017-03-11 20:08:52,2017-03-14 09:58:34,2017-03-17 10:37:43,2017-04-03,24.9,10.96,1,1,35.86,3,1,4.0,1.0,c82d387fee1e389d246bb3eaaa6ae024,17014,bauru,SP,5.603368055555555,22.16050925925926,0,35.86
249e512a5776328abbff6e280d2f3199,4375ae03874261b77ea1954250188e77,delivered,2017-03-11 20:44:31,2017-03-11 20:44:31,2017-03-15 11:58:36,2017-03-23 15:05:56,2017-04-03,73.35,15.72,1,1,89.07,8,1,5.0,1.0,1cd9b05338fb523563ff376c601f5f4e,35440,dom silverio,MG,11.764872685185185,22.135752314814816,0,89.07
c1884aecda51600a6dcb16b487464fdd,d447c53562902a00d2ece8c6a1a13102,delivered,2017-03-11 21:01:24,2017-03-11 21:01:24,2017-03-15 15:32:52,2017-03-25 10:18:42,2017-04-17,4.9,16.05,1,1,20.95,1,1,1.0,1.0,3fc82d674da816bcfb001f19e4732557,70640,brasilia,DF,13.553680555555555,36.124027777777776,0,20.950000000000003
1182df110fbf0a14dfb08dd06c560836,18c577b56738bbba9d9f464eca7dd287,delivered,2017-03-11 21:26:56,2017-03-11 21:26:56,2017-03-13 14:54:54,2017-03-27 13:33:14,2017-04-17,25.0,24.84,1,1,49.84,1,1,4.0,1.0,93ea15b9ed1828b3ef8f6c917f143709,61650,caucaia,CE,15.671041666666667,36.10629629629629,0,49.84
f09b179b5803265142d7de8614234125,fbac6b4022506e370844af799dd93111,delivered,2017-03-11 21:54:43,2017-03-11 21:54:43,2017-03-13 09:13:05,2017-03-18 08:27:46,2017-03-30,19.99,10.96,1,1,30.95,3,1,3.0,1.0,17d1eac1c77bdc3c586bb9931cfc6da1,7142,guarulhos,SP,6.439618055555556,18.087002314814814,0,30.95
a52afc640f675ddcbf056eb1e7967bc0,9fdb460823d003d8c9cee8a9fa8a6caa,delivered,2017-03-11 21:55:28,2017-03-11 21:55:28,2017-03-16 12:18:29,2017-03-24 14:33:17,2017-04-13,150.0,29.51,1,1,179.51,8,1,5.0,1.0,2878289928927b75d078057c8d91405f,71920,brasilia,DF,12.692928240740741,32.086481481481485,0,179.51
a0b6cb4f5458fd8d26744db7530b6de1,e662478d75f42e6e2d0c280a52e49e6a,delivered,2017-03-11 22:10:14,2017-03-11 22:10:14,2017-03-13 09:37:51,2017-03-16 13:35:34,2017-04-03,79.98,29.04,2,1,109.02,1,1,4.0,1.0,f5623b27a673d5e6e2c592ff21f2ddf2,88102,sao jose,SC,4.642592592592592,22.076226851851853,0,109.02000000000001
4651d5acd5a3f7afd4619aef8d845d32,28bbfb348f7f0f1df39e79a95a6e1ee6,delivered,2017-03-11 22:18:24,2017-03-11 22:18:24,2017-03-13 13:10:25,2017-03-20 15:48:32,2017-04-07,99.0,21.32,1,1,120.32,1,1,4.0,1.0,bd3e19ee7cc9530f1f06fd2faa5609fa,29164,serra,ES,8.729259259259258,26.070555555555554,0,120.32
920681fdec081e8ec3281225dd17487c,428e53086b257c10986247109dbcdad9,delivered,2017-03-11 22:54:26,2017-03-11 22:54:26,2017-03-14 13:40:00,2017-03-22 16:35:32,2017-03-30,117.3,16.97,1,1,134.27,6,1,4.0,1.0,5669148723002fdd7645383a967f622b,14600,sao joaquim da barra,SP,10.736875,18.045532407407407,0,134.26999999999998
d252e32f481bed5bbbbc4c0c76261939,539fde993d645fdcb0a1998f7d14f7e2,delivered,2017-03-11 22:57:05,2017-03-11 22:57:05,2017-03-13 13:11:27,2017-03-14 16:21:44,2017-04-10,869.95,19.85,1,1,889.8,1,1,5.0,1.0,9e1e5eaa4ab398409e8ff5724401c996,31160,belo horizonte,MG,2.7254513888888887,29.04369212962963,0,889.8000000000001
ace7896e72991cf2be628e8e4c451b17,c735608b79e9fc74cc0522343b8a57c3,delivered,2017-03-11 23:10:42,2017-03-11 23:10:42,2017-03-16 10:11:51,2017-03-23 23:04:26,2017-04-03,119.99,15.6,1,1,135.59,6,1,5.0,1.0,84a47f8d8c6644a10014aa971d7383d5,23016,rio de janeiro,RJ,11.995648148148149,22.03423611111111,0,135.59
79ff3f0a53335a2e8424d3f3c4afccea,81de1552fff952c8262932446c387a7f,delivered,2017-03-11 23:31:18,2017-03-11 23:31:18,2017-03-15 07:57:53,2017-03-22 10:16:05,2017-03-30,199.8,22.62,2,1,222.42,1,1,5.0,1.0,394d221f2bc5ba8e3ce837f94bbf7e7e,6182,osasco,SP,10.447766203703704,18.019930555555554,0,222.42000000000002
0acff4874d0f6558ab78a80bb4c8a3ff,e7bc43bd991299745f29c9f38d0eb322,delivered,2017-03-11 23:32:41,2017-03-11 23:32:41,2017-03-13 13:11:52,2017-03-24 13:08:40,2017-03-31,19.9,10.96,1,1,30.86,1,1,4.0,1.0,c3f47f4afe87d7a1f8ce9a6c0d7b3a3a,6544,santana de parnaiba,SP,12.566655092592592,19.018969907407406,0,30.86
a87561bddec57c56c96d99cf74797013,335b264076eaf5b69ca4f1aa31548ef8,delivered,2017-03-11 23:36:28,2017-03-11 23:36:28,2017-03-13 08:55:55,2017-03-16 12:24:17,2017-04-03,50.0,14.52,1,1,64.52,1,1,1.0,1.0,e6e71562f6068cffa61a1c1b16be8e27,9051,santo andre,SP,4.533206018518518,22.016342592592594,0,64.52
a2a7169e4204a769d0c0f85581e7f139,809826f29570a931ea16432d3d55b167,delivered,2017-03-12 00:06:45,2017-03-12 00:06:45,2017-03-13 15:20:47,2017-03-17 09:53:34,2017-04-03,105.9,15.95,1,1,121.85,3,1,5.0,1.0,0821beeb20948f233864186b1d3c06b2,22290,rio de janeiro,RJ,5.407511574074074,21.9953125,0,121.85000000000001
e55e4860fd8e46e38f351f994f9e06cb,676ee955ce60a3b6eaa8c816cfb7fb04,delivered,2017-03-12 01:19:21,2017-03-12 01:19:21,2017-03-13 11:13:31,2017-03-20 12:34:31,2017-03-30,129.99,9.28,1,1,139.27,2,1,5.0,1.0,b21b70ecf581fa5addd602adc787d832,8111,sao paulo,SP,8.46886574074074,17.944895833333334,0,139.27
e80309cd64fb6ece56e9b31e8af773db,6955112320a9d13ab8bc7dc9fc7c6b9c,delivered,2017-03-12 01:31:17,2017-03-12 01:31:17,2017-03-13 09:36:58,2017-03-20 10:47:39,2017-04-03,74.69999999999999,43.56,3,1,118.26,10,1,5.0,1.0,d2d9b07f558db65696517838605cffd3,31110,belo horizonte,MG,8.386365740740741,21.936608796296298,0,118.25999999999999
817bf80f198fe79311b13572332cc969,a8af0900a6bccfc9b49d5747b4e0c094,delivered,2017-03-12 02:43:00,2017-03-12 02:43:00,2017-03-13 11:35:57,2017-03-22 17:17:43,2017-03-30,162.0,11.74,1,1,173.74,1,1,4.0,1.0,6b4f10067c4e9f8a42d9023a611917d0,13090,campinas,SP,10.60744212962963,17.886805555555554,0,173.74
7250e10eca3d7f71a091ac5752d3228f,4b8ddc64bbb358f9251fa9e8ec035899,delivered,2017-03-12 08:14:00,2017-03-12 08:14:00,2017-03-13 13:33:29,2017-03-27 13:58:34,2017-04-11,179.8,42.16,2,1,221.96,1,1,5.0,1.0,c444c7c4b0de93c29af05dea038a08cb,49020,aracaju,SE,15.239282407407407,29.656944444444445,0,221.96
f3d59321333272553ea18350bf41946e,05e93cca1c74e73874334c765fddaacb,delivered,2017-03-12 08:42:37,2017-03-12 08:42:37,2017-03-14 09:52:02,2017-03-21 12:00:40,2017-04-03,98.0,28.22,2,1,126.22,3,1,5.0,1.0,86ab35210723614410d53dc142a4378f,5813,sao paulo,SP,9.137534722222222,21.63707175925926,0,126.22
3ffd3e41fbb901f25a82fa96e9460a0f,e8846ec30b3b4c839ae3edd0693d8473,delivered,2017-03-12 09:00:27,2017-03-12 09:00:27,2017-03-13 14:42:56,2017-03-21 10:34:25,2017-04-03,29.9,14.52,1,1,44.42,1,1,5.0,1.0,da0c0b5929c2aa21e4ce805270b0f73b,28030,campos dos goytacazes,RJ,9.06525462962963,21.6246875,0,44.42
d1142640ffde00a5ea942d37238ec5f8,7c8d8a6fe7781ea5ca552abc44920897,delivered,2017-03-12 09:25:41,2017-03-12 09:25:41,2017-03-15 08:44:54,2017-03-23 12:23:59,2017-04-11,74.6,20.97,1,1,95.57,2,1,4.0,1.0,a628c11115b54f148bd0b0f02bde1415,64073,teresina,PI,11.123819444444445,29.607164351851853,0,95.57
ed7cabc96de8c36774b894e98aa73dc2,08d6e9303045f757cdedb89fd0002e4e,delivered,2017-03-12 09:38:04,2017-03-12 09:38:04,2017-03-20 09:27:48,2017-03-24 14:12:59,2017-04-03,8.9,14.52,1,1,23.42,1,1,5.0,1.0,0abee71cd257861a0944e2a81cea4a50,28030,campos dos goytacazes,RJ,12.190914351851852,21.598564814814814,0,23.42
75f041ff00fa67ba7b8b9521ea8d3a2f,39f1cf2887c445a68f47797f05872f38,delivered,2017-03-12 10:02:30,2017-03-12 10:02:30,2017-03-22 06:06:04,2017-03-24 15:45:36,2017-04-20,13.9,16.05,1,1,29.95,1,1,5.0,1.0,b65363c9ba68dfa650c0a5816e155715,91790,porto alegre,RS,12.23826388888889,38.58159722222222,0,29.950000000000003
c131acb8c30ee5b5d6063dac2470d95d,40b9c9e927f334145400f110362f260f,delivered,2017-03-12 10:11:52,2017-03-12 10:11:52,2017-03-13 11:04:47,2017-03-16 14:47:37,2017-03-30,12.97,8.72,1,1,21.69,1,2,4.0,1.0,5b542513d6870ee33b3c018a5fe9bd43,4686,sao paulo,SP,4.191493055555555,17.575092592592593,0,21.69
d72e8cc4d5efd1b5149f68dffc423772,68745ec5a6e2a85bc4acad76a8641c2c,delivered,2017-03-12 10:24:33,2017-03-12 10:24:33,2017-03-13 15:59:37,2017-04-03 14:40:06,2017-04-07,13.99,17.78,1,1,31.77,1,1,5.0,1.0,cf26c0ed98d29abab5c9fe2643f88d19,77950,araguatins,TO,22.177465277777777,25.56628472222222,0,31.770000000000003
959815491185d6d44b4adfb9caaf3b9f,c81491642e6cb5de152793df9069b300,delivered,2017-03-12 11:12:01,2017-03-12 11:12:01,2017-03-14 10:58:26,2017-03-27 12:56:07,2017-04-18,149.99,21.5,1,1,171.49,1,1,4.0,1.0,a8e372a8df64d1e9250c093bd71f4cf0,74975,aparecida de goiania,GO,15.072291666666667,36.53332175925926,0,171.49
cc295a32e72e4ebe54030c6ae3f75066,ea498e17d3dcba2ac3cba543698b901b,delivered,2017-03-12 11:15:29,2017-03-12 11:15:29,2017-03-13 12:36:16,2017-03-16 16:12:15,2017-04-03,119.8,41.0,2,1,160.8,2,1,4.0,1.0,ea226acd5f8d27c57fadeb7068a95fee,22765,rio de janeiro,RJ,4.206087962962963,21.53091435185185,0,160.8
ac322840b831b1a94396f7adc2a56d4d,486470ca91a0fed0f8867e79721e60e8,delivered,2017-03-12 11:23:09,2017-03-12 11:23:09,2017-03-13 15:36:12,2017-03-22 12:21:50,2017-04-03,48.0,15.56,1,1,63.56,6,1,1.0,1.0,0ef4d7b991cc74c7c13b540f7d3129a3,36930,simonesia,MG,10.040752314814815,21.525590277777777,0,63.56
7a44c4fe71c5ad785748804827f628b8,0090571a7077aaa71825c98f660695df,delivered,2017-03-12 11:27:09,2017-03-12 11:27:09,2017-03-17 13:23:56,2017-03-28 13:05:16,2017-04-05,174.42,15.39,1,1,189.81,1,1,5.0,1.0,72ce629a45d8ae96d22c2946aaf876f2,71050,brasilia,DF,16.068136574074074,23.5228125,0,189.81
70b8fcabbd42bd4e6bb39052dac647d6,451bd3e4f4efa5b33e04885f2680bb28,delivered,2017-03-12 11:31:36,2017-03-12 11:31:36,2017-03-14 10:14:01,2017-03-22 13:24:11,2017-04-03,63.49,11.83,1,1,75.32,7,1,5.0,1.0,446c3e114eb1bc4d7fc28fbe41a1620c,11089,santos,SP,10.07818287037037,21.51972222222222,0,75.32000000000001
7f095ef5086869ac49b20d6cc5484418,936d1149d8f55900f5f1858a6ccd5f07,delivered,2017-03-12 11:37:57,2017-03-12 11:37:57,2017-03-15 11:29:53,2017-04-03 14:12:14,2017-04-13,42.99,24.84,1,1,67.83,1,1,5.0,1.0,90b6271f1e6be2de606940dba3f4f4b8,59631,mossoro,RN,22.107141203703705,31.5153125,0,67.83
9d8f8e29ae80be83c9a161e3d08bb9a4,80828141e564cd43c7278737dbb337f4,delivered,2017-03-12 12:10:44,2017-03-12 12:10:44,2017-03-13 11:36:06,2017-03-17 06:54:57,2017-04-06,79.0,16.25,1,1,95.25,1,1,5.0,1.0,742496f1962d7565d3adc374d5d49cf9,29900,linhares,ES,4.780706018518519,24.492546296296297,0,95.25
503a416fb4261893e74138567c7138a5,51f1a09c5cf431a3ffb2ac3d0ac7a73e,delivered,2017-03-12 12:24:51,2017-03-12 12:24:51,2017-03-13 09:24:52,2017-04-05 17:27:51,2017-04-13,149.9,27.31,1,1,177.21,4,1,5.0,1.0,d28db1f886c6732f41a8f0e0f80b6e1e,69095,manaus,AM,24.210416666666667,31.482743055555556,0,177.21
f1693d9efbf6b7da21de720cbc7d6d54,199e8647aea028002d817f8aee8b0570,delivered,2017-03-12 12:50:52,2017-03-12 12:50:52,2017-03-15 11:29:55,2017-03-17 12:38:02,2017-04-03,42.99,14.52,1,1,57.51,1,1,5.0,1.0,c8a52462a137f4e87bf55f002bcde6de,38402,uberlandia,MG,4.991087962962963,21.464675925925928,0,57.510000000000005
9903b060ffcaca9244088e1f834fde2e,f5f98b8b49e81546b497efacf2b9a261,delivered,2017-03-12 13:45:19,2017-03-12 13:45:19,2017-03-16 08:37:39,2017-04-03 14:09:40,2017-04-07,29.8,35.56,2,1,65.36,1,1,5.0,1.0,e6b42f1327efa99bad737d11b2d9e216,14025,ribeirao preto,SP,22.016909722222223,25.426863425925927,0,65.36
418aaa61ff9515614340e03422fed9c9,bc94fe20172cefc3e041019d0192caff,delivered,2017-03-12 14:02:57,2017-03-12 14:02:57,2017-03-14 10:44:58,2017-03-17 12:06:13,2017-04-03,69.9,15.7,1,1,85.6,1,1,1.0,1.0,609adc68db390a15fd21648c496f50b7,21020,rio de janeiro,RJ,4.918935185185185,21.414618055555554,0,85.60000000000001
45029aac398517a7869c2f22ba01affd,a9fda05a43c3b49daa87bbc1058f1e0f,delivered,2017-03-12 14:02:57,2017-03-12 14:02:57,2017-03-20 08:35:50,2017-03-24 13:21:26,2017-04-05,109.9,17.51,1,1,127.41,1,1,1.0,1.0,609adc68db390a15fd21648c496f50b7,21020,rio de janeiro,RJ,11.971168981481481,23.414618055555554,0,127.41000000000001
1c2dcebc8729b58ef305048ff12b1540,f25f80e2caa76bc88369d6deb846f7e9,delivered,2017-03-12 14:05:07,2017-03-12 14:05:07,2017-03-15 12:37:51,2017-03-20 11:57:56,2017-04-03,52.0,14.12,1,1,66.12,2,1,4.0,1.0,34466539a4aa603004fead7a3f7f7bc2,23020,rio de janeiro,RJ,7.91167824074074,21.413113425925925,0,66.12
b4a4c9808ae2aa7c8811e9666d5f9058,a4eac3f283d1dd74c10fa10152119c89,delivered,2017-03-12 14:18:03,2017-03-12 14:18:03,2017-03-14 13:07:46,2017-03-20 12:07:06,2017-04-03,53.9,15.14,1,1,69.04,1,1,5.0,1.0,416a54944eae382bc0bdf539fcca1fe7,5160,sao paulo,SP,7.9090625,21.404131944444444,0,69.03999999999999
31c421113f181dadede6afbef5d48075,06f0e084bc0ee932148f0094af2da58b,delivered,2017-03-12 14:32:22,2017-03-12 14:32:22,2017-03-18 03:45:48,2017-03-28 14:15:41,2017-04-13,62.3,26.91,1,1,89.21,1,1,5.0,1.0,c58eef7aed6aed9326faf3b9ea41e874,94950,cachoeirinha,RS,15.988414351851851,31.394189814814816,0,89.21
33b0ee1d4d2eb8a3d134a25b7d73bc9d,1759c1aa84b35213f9dfbf0b1c54a51a,delivered,2017-03-12 14:56:09,2017-03-12 14:56:09,2017-03-13 10:45:37,2017-03-20 13:34:37,2017-04-03,99.99,15.91,1,1,115.9,4,1,5.0,1.0,6c2c328519bae722195d90a1479b5e73,13486,limeira,SP,7.9433796296296295,21.37767361111111,0,115.89999999999999
1a48457d74e555ecee7280368ee20123,879ba647fb33e5abbc085e25df942716,delivered,2017-03-12 15:19:12,2017-03-12 15:19:12,2017-03-13 15:01:51,2017-03-16 09:21:48,2017-04-05,155.0,12.48,1,1,167.48,6,1,1.0,1.0,1bef0b73e706c035cfb4755cdc594afc,6713,cotia,SP,3.7518055555555554,23.361666666666668,0,167.48
d5e91ef44fecb8ae4e1ce8e51cb17818,0a6632dda0d9f62cf1373d1572587f82,delivered,2017-03-12 15:20:16,2017-03-12 15:20:16,2017-03-15 10:33:44,2017-03-22 13:52:08,2017-04-05,84.9,15.8,1,1,100.7,1,1,5.0,1.0,3876d1b53794c166d98dfca509982c61,22770,rio de janeiro,RJ,9.938796296296296,23.360925925925926,0,100.7
38b80ac02e3ce34b306483fc57a33bc5,ceaeed79bef0496075037b3cc8eab28b,delivered,2017-03-12 15:34:47,2017-03-12 15:34:47,2017-03-20 12:44:54,2017-03-28 08:50:52,2017-04-13,24.9,10.96,1,1,35.86,1,1,1.0,2.0,7e2b5ad4ce455201b8264ff03f72ab6b,12216,sao jose dos campos,SP,15.719502314814815,31.350844907407406,0,35.86
debb380bff081efeb2ff173f8920ed04,51953245eee90cb1910cb06ad0e158c2,delivered,2017-03-12 16:00:03,2017-03-12 16:00:03,2017-03-13 15:20:46,2017-03-17 09:46:24,2017-03-30,39.9,11.74,1,1,51.64,5,1,5.0,1.0,903e7afea639d007017fdb04b169401d,5303,sao paulo,SP,4.740520833333333,17.33329861111111,0,51.64
554bfd99dcbd9ac3d81b0c7e135f58b2,74c3c10ff5dce9ca7640e43b92210bcd,delivered,2017-03-12 16:26:06,2017-03-12 16:26:06,2017-03-15 17:41:59,2017-03-28 14:38:50,2017-04-06,188.99,11.93,1,1,200.92,2,1,5.0,1.0,8d2098d2b6e1ef4789d244fa66c89862,2472,sao paulo,SP,15.92550925925926,24.315208333333334,0,200.92000000000002
a7014e8529a3c8fb841862e33476d9fe,8a720123cd5c180513f6340bc717824e,delivered,2017-03-12 16:26:20,2017-03-12 16:26:20,2017-03-13 15:54:19,2017-03-20 19:25:38,2017-04-03,109.99,17.51,1,1,127.5,3,1,5.0,1.0,75fe145e64986de933b893642277d8a9,30380,belo horizonte,MG,8.124513888888888,21.315046296296295,0,127.5
c518f5624cc7261df143c155e642a8cd,6cccffbb4e7e80391ae447913bd541e4,delivered,2017-03-12 16:26:20,2017-03-12 16:26:20,2017-03-13 13:10:21,2017-03-21 18:28:07,2017-04-10,65.9,16.89,1,1,82.79,3,1,4.0,1.0,75fe145e64986de933b893642277d8a9,30380,belo horizonte,MG,9.084571759259259,28.315046296296295,0,82.79
ca1533a4041a98501d0c3250c7dff345,9c0d40a2af948e31d03e583dddb57fd3,delivered,2017-03-12 16:38:43,2017-03-12 16:38:43,2017-03-14 10:33:22,2017-03-28 15:08:54,2017-04-13,65.2,49.68,2,1,114.88,1,1,,,d2f446ea35ec6fe09959e8f858962b37,42700,lauro de freitas,BA,15.937627314814815,31.30644675925926,0,114.88
b89abfd3664f6d278d90b13536d52364,0ff949bd20e11b2beacce8d14c1339b8,delivered,2017-03-12 17:35:58,2017-03-12 17:35:58,2017-03-15 16:07:43,2017-03-21 09:08:40,2017-04-10,430.0,17.18,1,1,447.18,8,1,4.0,1.0,202fcf1da8f89ce2bef103e5fdfc5ab7,23898,seropedica,RJ,8.647708333333334,28.266689814814814,0,447.18
f0fc39347a86802c8df13bde9111b01a,ced8cf14f3a428194fe15bb151edec3d,delivered,2017-03-12 17:42:52,2017-03-12 17:42:52,2017-03-13 11:13:36,2017-03-16 14:34:11,2017-03-30,69.99,13.07,1,1,83.06,6,2,1.0,1.0,934eaf954e2bb5c0787334b63576854f,12903,braganca paulista,SP,3.8689699074074073,17.26189814814815,0,83.06
3366be2b7b4862b8defdcd2409db58ff,dcdeb065392b1d67adb1f83e671881f0,delivered,2017-03-12 17:42:59,2017-03-12 17:42:59,2017-03-17 08:55:05,2017-03-21 10:28:04,2017-03-30,83.9,8.96,1,1,92.86,2,1,3.0,1.0,166676be8e3b99818a08e4a0ce86273d,1226,sao paulo,SP,8.697974537037037,17.26181712962963,0,92.86000000000001
7bd694d5531f148d22a89b11343e1d0d,d8b77ca4c8e3ba4eef5867c8fb489968,delivered,2017-03-12 17:43:05,2017-03-12 17:43:05,2017-03-13 12:19:09,2017-03-27 14:23:32,2017-04-05,51.4,16.06,1,1,67.46,1,1,5.0,1.0,5af33d67c05c4de892a55dcd6ccdd406,79700,fatima do sul,MS,14.86142361111111,23.261747685185185,0,67.46
707109d106f57a298c6d726ff59fa324,a2b856c4ff916756f0d23bf50e68ccd2,delivered,2017-03-12 17:50:23,2017-03-12 17:50:23,2017-03-14 15:09:29,2017-03-17 07:37:36,2017-03-30,449.99,13.76,1,1,463.75,10,1,4.0,1.0,58e797902618c7cf245d9fd9ed978b9c,6322,carapicuiba,SP,4.574456018518519,17.25667824074074,0,463.75
b3f3422c26d12dcb097fb8e9ed35118b,50dd9f5abacb4ff88d1caacafba4ab22,delivered,2017-03-12 18:39:34,2017-03-12 18:39:34,2017-03-13 11:13:30,2017-03-20 15:34:40,2017-04-03,129.99,17.65,1,1,147.64,1,1,4.0,1.0,680970eb6dc63a42a927a69d9226b080,26277,nova iguacu,RJ,7.871597222222222,21.22252314814815,0,147.64000000000001
ccb47af9fe6426dd806a65340e7c6661,1889ac8eb65a179df94e56fd8c1ca933,delivered,2017-03-12 18:46:06,2017-03-12 18:46:06,2017-03-13 10:48:25,2017-03-23 16:44:37,2017-04-03,148.97,15.21,1,1,164.18,8,1,5.0,1.0,5b89d722f7f9e8a96939fb9324f39ce3,36025,juiz de fora,MG,10.915636574074075,21.21798611111111,0,164.18
3f66951bb45f5371d8127bb5147f6aba,43b55482f2fcf1aa507f493fa60ad3d2,delivered,2017-03-12 18:57:31,2017-03-12 18:57:31,2017-03-17 15:04:16,2017-03-21 15:14:28,2017-04-06,43.99,16.5,1,1,60.49,6,1,5.0,1.0,9cf5e99801fa1841630de46050cb0444,3288,sao paulo,SP,8.845104166666667,24.21005787037037,0,60.49
304d007435759582067e51e9f3c44cc1,345ccfecbdd9036787e7e52aaf2eeed3,delivered,2017-03-12 18:58:04,2017-03-12 18:58:04,2017-03-16 11:32:25,2017-03-21 05:52:22,2017-04-06,199.0,15.16,1,1,214.16,1,1,4.0,1.0,98d29bee1ed43cd76462128119e38a1c,99370,fontoura xavier,RS,8.454375,24.209675925925925,0,214.16
14293b00f541856ef515e415e6a5a2f4,b6daa921d099d867a0158161a910f20c,delivered,2017-03-12 18:59:25,2017-03-12 18:59:25,2017-03-14 13:39:57,2017-03-21 15:27:41,2017-03-30,169.0,18.47,1,1,187.47,4,1,4.0,1.0,7599f9837a54b1c8d855a79f334295d7,9330,maua,SP,8.852962962962962,17.208738425925926,0,187.47
1cbcc355e275e5143ab1dbf260ca14f1,1110eb4465d18a9b7c632cfc80fb53ab,delivered,2017-03-12 19:04:41,2017-03-12 19:04:41,2017-03-14 14:14:03,2017-03-22 09:08:52,2017-03-30,6.0,8.72,1,1,14.72,1,1,3.0,1.0,bf004b2b614c68e6d2401afc33741b33,4937,sao paulo,SP,9.586238425925925,17.20508101851852,0,14.72
8782135cf0f7ffe6fb80bf501a37ecd2,42be87b086b08d5fffa3c5eaa479c660,delivered,2017-03-12 19:22:42,2017-03-12 19:22:42,2017-03-15 14:37:51,2017-03-17 06:58:52,2017-04-04,19.9,14.52,1,1,34.42,1,1,4.0,1.0,ebb7eb966817370dfbd36b7e88b0445f,6210,osasco,SP,4.483449074074074,22.192569444444445,0,34.42
514290e30cb76393d6623ca6d7d79ee0,a26ebecf1eada5cc98c25bfd8b36d71a,delivered,2017-03-12 19:33:03,2017-03-12 19:33:03,2017-03-15 10:01:35,2017-03-21 12:08:37,2017-04-03,99.99,15.91,1,1,115.9,1,1,5.0,1.0,99bfd9e7019de57a9f0d1a33dc1d402f,38410,uberlandia,MG,8.691365740740741,21.185381944444444,0,115.89999999999999
7bb14a2a67cb178e16ef288143ea56b1,b522b6012e8d874cdf42d6db41585ed6,delivered,2017-03-12 19:54:15,2017-03-12 19:54:15,2017-03-13 12:36:09,2017-03-16 16:22:44,2017-04-03,249.99,68.45,1,1,318.44,1,1,5.0,1.0,e8a76fd9643bc0cd7e801230e90c0941,38350,ipiacu,MG,3.853113425925926,21.170659722222222,0,318.44
71ec05487f7ec2171471b9dd16a1e013,b39f07f1c63b700fa1e070448e17108c,delivered,2017-03-12 20:01:10,2017-03-12 20:01:10,2017-03-15 09:47:45,2017-03-21 11:54:01,2017-04-04,56.99,14.57,1,1,71.56,1,1,5.0,1.0,b73d9357b3b019a3446e1b4f9b547f56,38010,uberaba,MG,8.661701388888888,22.16585648148148,0,71.56
686c0ba20be3837a5041edbc39d3f9ae,9d313f559eb6ce11ff81d6402f472763,delivered,2017-03-12 20:54:08,2017-03-12 20:54:08,2017-03-17 14:10:50,2017-04-11 09:27:57,2017-04-11,114.0,21.25,1,1,135.25,1,1,5.0,1.0,bb2f08afc6554dac6cad068e40145cbc,65200,pinheiro,MA,29.523483796296297,29.129074074074072,1,135.25
83f31b617b8a38b6bad530eb8ea3591a,c6d97bfecdcdabaf2c3cee43fd148373,delivered,2017-03-12 21:17:14,2017-03-12 21:17:14,2017-03-13 15:59:37,2017-03-30 15:48:00,2017-04-05,13.99,16.05,1,1,30.04,1,1,5.0,1.0,738c80de5b70ba1cdd2d2df446d06f25,84600,uniao da vitoria,PR,17.77136574074074,23.113032407407406,0,30.04
2518a3eb047912b58514fc2f405ea73a,980eeb25c7a6c02bd16f50f698223c33,delivered,2017-03-12 21:17:57,2017-03-12 21:17:57,2017-03-14 13:40:08,2017-03-20 12:02:26,2017-04-03,69.99,14.66,1,1,84.65,1,1,5.0,1.0,f1d291e8e626199bbda0b9ce8414cbdc,13255,itatiba,SP,7.614224537037037,21.11253472222222,0,84.64999999999999
5d62a96c11871f278906a1123555fb9a,5cb839cc9f60f1a15c2cd80336f953fa,delivered,2017-03-12 21:20:57,2017-03-12 21:20:57,2017-03-13 12:16:03,2017-03-21 08:57:51,2017-04-03,98.99,20.77,1,1,119.76,5,1,5.0,1.0,a28596568a62c4d435f1d1ba30a20439,36855,eugenopolis,MG,8.483958333333334,21.11045138888889,0,119.75999999999999
ecc890b8d57a4f9904953c000fd7ebe5,210ae71748d4491e49ae5fb975f9245d,delivered,2017-03-12 22:12:18,2017-03-12 22:12:18,2017-03-15 08:53:59,2017-03-21 09:55:37,2017-04-03,109.9,17.51,1,1,127.41,1,1,5.0,1.0,b6f6cb3fa1902add352d0035789bab5e,21360,rio de janeiro,RJ,8.488414351851851,21.074791666666666,0,127.41000000000001
bd2b7745e4aba6100b89a52d7e6dc9e5,88f96ddc00a7cfd77acef6618ade7522,delivered,2017-03-12 22:14:20,2017-03-12 22:14:20,2017-03-14 14:21:59,2017-04-11 16:07:36,2017-04-11,149.9,29.51,1,1,179.41,1,1,2.0,1.0,13eefccf85e6d4dee6408305673e9e0d,78048,cuiaba,MT,29.745324074074073,29.07337962962963,1,179.41
b80658b0fe989d9699344386255ed40b,11ba41051197470cd97e61e09a9dd92f,delivered,2017-03-12 22:23:52,2017-03-12 22:23:52,2017-03-15 07:27:33,2017-03-24 12:08:14,2017-04-24,69.9,24.98,1,1,94.88,1,1,5.0,1.0,b41c195ce0ad1bd16163dba3b83637de,66050,belem,PA,11.572476851851851,42.06675925925926,0,94.88000000000001
e6fd05b126cb5c89f360d14068a14e78,f2ed9261ec0fab7ba0245fadee48d2d0,delivered,2017-03-12 22:32:20,2017-03-12 22:32:20,2017-03-15 16:01:03,2017-03-20 16:12:15,2017-04-04,219.9,16.3,1,1,236.2,1,1,5.0,1.0,90e4e338fa77318ca2c8de514ca4ae5e,31615,belo horizonte,MG,7.73605324074074,22.06087962962963,0,236.20000000000002
d8d8abd9a4aa1b36575678bdf5e9d23e,aadf2752fbf607535468b271f7f7d094,delivered,2017-03-12 22:47:16,2017-03-12 22:47:16,2017-03-16 05:37:56,2017-03-31 09:46:05,2017-04-06,313.9,17.9,1,1,331.8,10,1,5.0,1.0,6e24457b3e5fbcb86beab8de6c1e9c21,39100,diamantina,MG,18.457511574074076,24.050509259259258,0,331.79999999999995
adb9f95e79004a7d308e825ec6bbd7a2,de7e03a771b55aac3a9a2467e2e93be3,delivered,2017-03-12 23:24:55,2017-03-12 23:24:55,2017-03-13 07:12:20,2017-03-16 10:34:54,2017-04-06,29.0,15.65,1,1,44.65,4,1,3.0,1.0,6d13e3870871cfae5654041aa2dc928a,91910,porto alegre,RS,3.465266203703704,24.024363425925927,0,44.65
7a8fd05a340c38948f7581e765cecb09,266aee2dcb42e400fcbd70f11d6d224d,delivered,2017-03-12 23:31:55,2017-03-12 23:31:55,2017-03-13 12:38:11,2017-03-20 06:04:30,2017-04-03,69.9,15.7,1,1,85.6,3,1,4.0,1.0,016e32e564ee03416c6f73e44a4e802a,11065,santos,SP,7.272627314814815,21.019502314814815,0,85.60000000000001
bc491210c65d22f6572a4370f8e60248,1e0f12bffae1cb0f423103ebdb329283,delivered,2017-03-12 23:59:42,2017-03-12 23:59:42,2017-03-13 10:41:13,2017-03-16 14:15:59,2017-03-30,39.9,11.74,1,1,51.64,1,1,1.0,1.0,9dad7ff946b6dbe698c097103546b07f,6542,santana de parnaiba,SP,3.594641203703704,17.000208333333333,0,51.64
b4fc77bdadd28d0ee631208831bc0d49,55b963cc1b4611c655ed0dab98bc4959,delivered,2017-03-13 00:26:12,2017-03-13 00:26:12,2017-03-13 10:20:59,2017-03-20 13:44:58,2017-04-07,44.9,17.78,1,1,62.68,1,2,4.0,1.0,412f80b814dba8dd3aa39c6be5bb29c8,22280,rio de janeiro,RJ,7.554699074074074,24.981805555555557,0,62.68
4849762eab16354ac93fa3f76324ae57,1dd28f92d803938f46bada3f189cd5e9,delivered,2017-03-13 00:40:20,2017-03-13 00:40:20,2017-03-13 11:23:01,2017-04-04 22:10:06,2017-04-13,159.9,25.61,1,1,185.51,4,1,5.0,1.0,8f89a4a0a1d7b8a91a9691fb2d3dfed6,69068,manaus,AM,22.895671296296296,30.97199074074074,0,185.51
674e6f9346c417bc4de022b215ba282b,284e4fc3613d923fe4308e5aa54ce884,delivered,2017-03-13 02:05:23,2017-03-13 02:05:23,2017-03-14 14:03:12,2017-03-15 14:27:39,2017-03-31,54.0,11.77,1,1,65.77,1,1,4.0,1.0,5ab40d666d46ca852ca0aae93fbddb92,13025,campinas,SP,2.515462962962963,17.91292824074074,0,65.77
9c990d5aff064d220ea8962a5d97f4a9,42a2af95bbf8a66f1eef9611be7231b2,delivered,2017-03-13 02:22:34,2017-03-13 02:22:34,2017-03-13 11:15:34,2017-04-01 14:45:57,2017-04-04,48.0,14.52,1,1,62.52,1,1,5.0,1.0,92e0da7e678f9544ce9a1f6119c0fc20,88390,barra velha,SC,19.516238425925927,21.90099537037037,0,62.519999999999996
5401b21170f8bcf7136ecd5cda29009c,e282755182438a82582d2bceb0e358a1,delivered,2017-03-13 07:26:25,2017-03-13 07:26:25,2017-03-14 10:58:03,2017-03-20 09:43:51,2017-03-31,89.9,11.24,1,1,101.14,1,1,5.0,1.0,8a47d01387dc3f09ea5e467fa852b9da,17519,marilia,SP,7.095439814814815,17.689988425925925,0,101.14
4702ae46293731bcf1d0be7233d6e56f,0f332d471f9682d2acc2b2566a324780,delivered,2017-03-13 07:28:40,2017-03-13 07:28:40,2017-03-14 15:37:40,2017-03-23 11:48:35,2017-03-30,180.48,18.55,1,1,199.03,10,1,5.0,1.0,e6c5e0c9e48b1098f14559e1dcec9bab,13846,mogi-guacu,SP,10.180497685185186,16.688425925925927,0,199.03
24ae0d766df69840feedaece7acfc653,c5caf3ba9c0bec1cb22624b0759839fb,delivered,2017-03-13 07:54:19,2017-03-13 07:54:19,2017-03-21 09:08:17,2017-04-13 16:42:26,2017-05-08,1309.99,45.74,1,1,1355.73,8,1,5.0,1.0,0424c5ebdb5ce70bcd7b596efb17b561,71725,brasilia,DF,31.366747685185185,55.67061342592593,0,1355.73
4ed8ff23c5c750ac1bd49b98d15f7bb8,990670426160550fd10e610fc2b6f713,delivered,2017-03-13 08:11:00,2017-03-13 08:11:00,2017-03-15 07:51:33,2017-03-28 13:52:40,2017-04-11,147.9,21.49,1,1,169.39,10,1,5.0,1.0,a7f37264cfcaa68e4e8d181d09e952a0,59800,martins,RN,15.237268518518519,28.659027777777776,0,169.39000000000001
2e454cf4f81bec04aa0e7192f8252790,56773a777067538c970700067f44a2a4,delivered,2017-03-13 08:27:01,2017-03-13 08:27:01,2017-03-15 07:32:09,2017-03-24 16:25:49,2017-04-10,34.9,16.05,1,1,50.95,4,1,3.0,1.0,50f886efef31ad83098dc623ea59fc21,95095,caxias do sul,RS,11.3325,27.64790509259259,0,50.95
ee1099f5139597ef759566fd91767968,459d1f01d74c4244a02f2cd0c4ca2489,delivered,2017-03-13 08:38:47,2017-03-13 08:38:47,2017-03-14 13:07:43,2017-03-24 10:53:48,2017-04-03,179.99,22.73,1,1,202.72,10,1,4.0,1.0,f9e4d91d3351fc9c75a1a17ff502442d,26020,nova iguacu,RJ,11.093761574074074,20.639733796296298,0,202.72
33cb48a8f9d0e5bf683cda9881aae15e,4a3efc742773d796e3e990b5de3e0616,delivered,2017-03-13 08:43:09,2017-03-13 08:43:09,2017-03-14 13:21:49,2017-04-05 12:11:00,2017-04-12,43.8,41.6,2,1,85.39999999999999,2,2,4.0,1.0,7263bdaf8bd8ca9e023f521f8ae50970,49035,aracaju,SE,23.14434027777778,29.636701388888888,0,85.4
df56e27fb87ba6d4beb70719ffdd707b,cac8086da9e69106699a14f7f9ae977a,delivered,2017-03-13 08:43:10,2017-03-13 08:43:10,2017-03-14 13:21:52,2017-04-05 14:23:59,2017-04-11,74.0,20.97,1,1,94.97,2,2,4.0,1.0,7263bdaf8bd8ca9e023f521f8ae50970,49035,aracaju,SE,23.23667824074074,28.636689814814815,0,94.97
424e1ceb3de9ad0df2ae67ce62d75bce,ac5d9952787cc10cb1cee5d1f68c0b4d,delivered,2017-03-13 09:40:32,2017-03-13 09:40:32,2017-03-16 11:26:44,2017-03-22 14:14:42,2017-04-03,189.5,19.61,1,1,209.11,1,1,5.0,1.0,fef8b9e7aa9a91bd365f533daf35b33e,31842,belo horizonte,MG,9.190393518518519,20.596851851851852,0,209.11
a0e645abd6eb15b02cdf8a5af28ba8f0,913ba50f9cfc946e0c92a9515cc1bceb,delivered,2017-03-13 09:54:44,2017-03-13 09:54:44,2017-03-15 14:47:50,2017-03-20 15:14:03,2017-04-04,26.9,14.52,1,1,41.42,1,1,5.0,1.0,c6ea1747a479bd1b6fca22207dccf5ab,11800,juquia,SP,7.221747685185186,21.58699074074074,0,41.42
8f1891d25496da49ea3156de28e8b417,7e6b89d215c902827d35ce84c655d6f0,delivered,2017-03-13 09:59:59,2017-03-13 09:59:59,2017-03-17 11:08:53,2017-03-23 14:38:15,2017-05-02,89.9,16.88,1,1,106.78,1,1,5.0,1.0,0db8c151599e36f44d0b01991d8a8602,22631,rio de janeiro,RJ,10.193240740740741,49.58334490740741,0,106.78
474565221e00d78e3862cac801247772,da5966b6db30f0c9b604687e7882c13a,delivered,2017-03-13 10:00:51,2017-03-13 10:00:51,2017-03-16 11:14:13,2017-03-24 12:03:41,2017-04-03,169.9,18.48,1,1,188.38,8,1,5.0,1.0,ab02f0c74cc456efdfffc308caee4e6b,13212,jundiai,SP,11.085300925925926,20.582743055555557,0,188.38
c86abff82c66f9db0bbd012aba219921,28aa85d26d033ed4ae3e8c1f18c0acf3,delivered,2017-03-13 10:14:48,2017-03-13 10:14:48,2017-03-16 08:33:01,2017-03-24 12:36:19,2017-04-11,50.9,15.57,1,1,66.47,6,1,5.0,1.0,1d6c3bbcd0acc59e8965459b0b351a53,87053,maringa,PR,11.098275462962963,28.573055555555555,0,66.47
30336ab6f4ebb61a88d9e3188b36739c,06d478ba352a27a5167f3de441af9f59,delivered,2017-03-13 10:18:25,2017-03-13 10:18:25,2017-03-16 09:58:24,2017-03-22 12:16:11,2017-04-03,1275.0,23.1,1,1,1298.1,3,1,5.0,1.0,fc0aab61ef4538d51cefcfb054fe809c,24220,niteroi,RJ,9.081782407407408,20.57054398148148,0,1298.1
3975795375144bc36a85de24cd441b21,dfb3fdcc688ded87fb75d226bc3d3eb9,delivered,2017-03-13 10:26:02,2017-03-13 10:26:02,2017-04-03 16:20:52,2017-04-12 17:09:09,2017-04-05,165.4,19.44,1,1,184.84,1,1,,,76b68868977a23d21cb2ac2c668898ca,13214,jundiai,SP,30.279942129629628,22.565254629629628,1,184.84
f6015e259b552af1df4a7d889a5da8c4,a7a800f153cae124c756195b4e4b1739,delivered,2017-03-13 10:27:41,2017-03-13 10:27:41,2017-03-16 11:39:03,2017-03-21 13:44:48,2017-04-03,59.9,15.63,1,1,75.53,1,1,4.0,1.0,cbafc7b764ffa0db5a66e76ad760c7c7,6230,osasco,SP,8.136886574074074,20.564108796296296,0,75.53
a12361dc52836f98226e3a57cf3569bf,e51a849b13ea096a88ed9cea9e9d8f4e,delivered,2017-03-13 10:30:25,2017-03-13 10:30:25,2017-03-16 08:32:58,2017-03-27 13:23:17,2017-04-07,50.9,11.75,1,1,62.65,2,1,1.0,1.0,6ceef58f8d65b1f682be0a97d3a5f980,8580,itaquaquecetuba,SP,14.120046296296296,24.56221064814815,0,62.65
1d48ff4287c2ff4e757091486fa7c6d6,477d719a72a56246c2832dcdd7070a42,delivered,2017-03-13 10:40:07,2017-03-13 10:40:07,2017-03-14 08:11:51,2017-03-22 09:48:55,2017-04-05,128.9,23.19,1,1,152.09,1,1,5.0,1.0,a7d017700ec815ffc92b9b6be6856721,28800,rio bonito,RJ,8.964444444444444,22.555474537037036,0,152.09
5d17efea0be94cdb2964031a1eab75dc,7e531f641ecdf9f963183853812cfb59,delivered,2017-03-13 10:57:14,2017-03-13 10:57:14,2017-03-20 02:47:41,2017-04-05 12:03:38,2017-04-07,129.9,20.99,1,1,150.89,4,1,4.0,1.0,16cff086e2d423012029e5202360d7d2,22783,rio de janeiro,RJ,23.04611111111111,24.543587962962963,0,150.89000000000001
d5bcb8f80071a67b57f191f45f7faf88,bfcc9aef1f24975cce422915f48b0b56,delivered,2017-03-13 11:03:49,2017-03-13 11:03:49,2017-03-14 09:41:09,2017-04-05 13:21:48,2017-04-03,36.9,14.52,1,1,51.42,1,1,1.0,1.0,4a482891f5b5c20a7895f61d563d2816,88215,bombinhas,SC,23.09582175925926,20.539016203703703,1,51.42
e9be21541bd47fe15f1bdfd5f952471f,fec5987c34861cb7929523fb3c6759ab,delivered,2017-03-13 11:04:22,2017-03-13 11:04:22,2017-03-17 08:12:53,2017-03-23 17:30:18,2017-04-10,189.98,57.7,2,1,247.68,5,1,3.0,1.0,11114b87fb301354342d19efc60cfead,35500,divinopolis,MG,10.268009259259259,27.538634259259258,0,247.68
31b639279dcb50e0d972f6543481e2e0,e192614bed5eb7c4855b7e6ac3bbbd24,delivered,2017-03-13 11:06:50,2017-03-13 11:06:50,2017-03-14 10:06:05,2017-04-05 12:48:39,2017-04-07,125.9,19.58,1,1,145.48,3,1,3.0,1.0,dd993363928d10ad8aa88d528ba46d79,72880,cidade ocidental,GO,23.070706018518518,24.536921296296295,0,145.48000000000002
d83706c29baf36eedf5e8adfb0da304e,26545a1a15e77138e98380c49a76053a,delivered,2017-03-13 11:36:11,2017-03-13 11:36:11,2017-03-17 15:12:16,2017-03-27 14:12:27,2017-04-12,27.9,16.05,1,1,43.95,1,1,5.0,1.0,eb9414e9c56dacd436c2b7a274b34983,29730,baixo guandu,ES,14.108518518518519,29.51653935185185,0,43.95
19b6a2b67dc4c2f7cd5bad41395c42cb,2fe8e52fd791b40d67606f946c3a88ae,delivered,2017-03-13 11:42:53,2017-03-13 11:42:53,2017-03-17 14:28:02,2017-03-27 17:18:32,2017-04-07,109.95,18.2,1,1,128.15,1,1,4.0,1.0,496dbf79054fe5df6cc601ae1196ae95,41260,salvador,BA,14.233090277777778,24.511886574074072,0,128.15
0a1a904fb2f51218c9c7ce314190de36,30252efebc24559e1a26dbede516424c,delivered,2017-03-13 12:03:04,2017-03-13 12:03:04,2017-03-13 14:49:22,2017-03-16 09:22:08,2017-04-03,99.99,15.91,1,1,115.9,2,1,5.0,1.0,7a9f032449dce94cfadee4cdd3edb7ff,36307,sao joao del rei,MG,2.888240740740741,20.49787037037037,0,115.89999999999999
c76b8b4f31097feb8351e62691177012,7e9d9f81d2b989a3a734f4a6fd63cbf0,delivered,2017-03-13 12:23:20,2017-03-13 12:23:20,2017-03-14 10:59:16,2017-03-19 08:37:47,2017-03-30,129.99,13.49,1,1,143.48,1,1,4.0,1.0,8f030ee45c3eb5719fa76a2dad346ca4,7142,guarulhos,SP,5.843368055555556,16.483796296296298,0,143.48000000000002
c5419fa3198a4e2caeb715ce9fe9a6e2,d730db8b32b8f68be3ee938849d332dc,delivered,2017-03-13 12:58:57,2017-03-13 12:58:57,2017-03-14 10:59:09,2017-03-21 13:14:16,2017-04-03,99.99,15.46,1,1,115.45,1,1,5.0,1.0,a75a727ecfe8c0296c2c816633e64fc2,80530,curitiba,PR,8.010636574074073,20.4590625,0,115.44999999999999
adf99ffa5e0b3a09795387b766316853,ff03224d29a8394ce66dcd434f7bf8d3,delivered,2017-03-13 13:03:57,2017-03-13 13:03:57,2017-03-15 15:20:04,2017-03-21 08:35:10,2017-03-30,24.9,10.96,1,1,35.86,1,1,5.0,1.0,5388ef232327d3382fa0e9e3f1e5ea87,36210,desterro do melo,MG,7.813344907407408,16.455590277777777,0,35.86
ad9c97f9a8dbad1ffcc7f261da6574a0,700502d0cf7cb4c12a62b243f5a3dd95,delivered,2017-03-13 13:12:44,2017-03-13 13:12:44,2017-03-16 15:44:21,2017-04-26 09:09:58,2017-04-13,75.9,26.79,1,1,102.69,3,1,5.0,1.0,ea37c458daab25f97fd4a47a2e1b43d4,58167,cubati,PB,43.83141203703704,30.449490740740742,1,102.69
966dc9fffe616512b8c5ec00294c21a7,0a067beb29d6e296865cd7810d98835f,delivered,2017-03-13 13:15:10,2017-03-13 13:15:10,2017-03-14 08:11:52,2017-03-20 17:28:01,2017-04-03,104.99,20.81,1,1,125.8,2,1,3.0,1.0,6102bae6e1be877b91808059dad2dc39,3733,sao paulo,SP,7.175590277777777,20.447800925925925,0,125.8
908e9be16fe93027637f6ffadae3bd15,fcf34db4bf62be566ac41f0e19c1ae48,delivered,2017-03-13 13:33:07,2017-03-13 13:33:07,2017-03-16 15:17:36,2017-03-22 09:14:59,2017-03-30,138.0,28.5,2,1,166.5,1,1,,,6b752c08681548197c1639cbf872d65b,12960,nazare paulista,SP,8.82074074074074,16.435335648148147,0,166.5
e3adb1c6d76fb05369fbbc2b8b9f6c3f,3a5f9131215d3657087b12cffe31903a,delivered,2017-03-13 13:50:42,2017-03-13 13:50:42,2017-03-15 14:37:50,2017-03-22 08:42:10,2017-04-04,19.9,14.11,1,1,34.01,1,1,5.0,1.0,8bc858ba94ec0bc49baf3ae32bf06721,5847,sao paulo,SP,8.78574074074074,21.423125,0,34.01
9c4dfa7a4f01d5042e9363edd0c7c7b9,176e4214bb992cb6ecb6d426f39db3b1,delivered,2017-03-13 14:00:28,2017-03-13 14:00:28,2017-03-20 11:42:32,2017-03-29 16:35:47,2017-04-10,99.99,28.89,1,1,128.88,2,1,5.0,1.0,6fc0d32375bbbe60599f0817445e4f62,36010,juiz de fora,MG,16.107858796296295,27.416342592592592,0,128.88
3cccbe8b35dc583d2b80fc60c72f2b0f,07708f394b91fad55c81c6b38fe71ce1,delivered,2017-03-13 14:00:38,2017-03-13 14:00:38,2017-03-16 14:32:39,2017-03-27 17:57:55,2017-04-10,130.0,16.21,1,1,146.21,1,1,5.0,1.0,99fb985ed05af5ba50caa5d24ed023b7,30830,belo horizonte,MG,14.164780092592592,27.416226851851853,0,146.21
b390b5413f28fdc1c5cd1164ee0a7cad,913f7366a195d993874a912b9aa78eae,delivered,2017-03-13 14:09:11,2017-03-13 14:09:11,2017-03-13 15:56:08,2017-03-21 11:54:06,2017-04-05,97.9,16.39,1,1,114.29,3,1,5.0,1.0,be3c969d918dd99b6c0804fd163844c7,85618,flor da serra do sul,PR,7.90619212962963,22.41028935185185,0,114.29
dfa1e5a290276c05629e2d4180ce6aff,1cb19e72dbe69d9091b464032caebb40,delivered,2017-03-13 14:17:40,2017-03-13 14:17:40,2017-03-14 15:05:58,2017-03-17 17:51:45,2017-04-06,56.99,14.57,1,1,71.56,1,1,5.0,1.0,20998bddec67bba3cc5765fc21ed6f89,28908,cabo frio,RJ,4.148668981481482,23.404398148148147,0,71.56
08b04eb82fbd41d6a4a779d822d57a08,cf708bad4ed7ea3afd2d58d189fe2c6b,delivered,2017-03-13 14:20:10,2017-03-13 14:20:10,2017-03-13 15:12:10,2017-03-23 12:52:57,2017-04-03,99.9,20.78,1,1,120.68,1,1,5.0,1.0,0214a2864bcff8020dbe8c40a2e9d26a,39280,buritizeiro,MG,9.93943287037037,20.402662037037036,0,120.68
ecc5a7a6cd9df305db7d2781708d6599,d7f854e5ec6cd17195dbd7b3ae40cca2,delivered,2017-03-13 14:28:41,2017-03-13 14:28:41,2017-03-15 14:10:35,2017-03-21 08:35:44,2017-04-06,189.0,23.61,1,1,212.61,10,1,5.0,1.0,f6bf12d328a894ce8effd62a8a3dc05b,21061,rio de janeiro,RJ,7.754895833333333,23.396747685185186,0,212.61
5bf4b0c6624c03f4a531a60082fab3b5,b73365f2845e82a0339730921895e5da,delivered,2017-03-13 14:31:07,2017-03-13 14:31:07,2017-03-15 09:12:22,2017-04-03 15:05:19,2017-04-05,115.0,16.51,1,1,131.51,1,1,4.0,1.0,895426eb9b03b8f386d336cfefea0311,79004,campo grande,MS,21.02375,22.39505787037037,0,131.51
44701fee78d50ad4307eff3c630a4f24,94736ebf57b9caceb018f767340a8f59,delivered,2017-03-13 14:31:08,2017-03-13 14:31:08,2017-03-14 10:45:06,2017-03-19 07:41:53,2017-04-03,349.99,17.66,1,1,367.65,8,1,5.0,1.0,1c9beaea36b8b6f2e959b7b46094747c,9660,sao bernardo do campo,SP,5.715798611111111,20.395046296296297,0,367.65000000000003
cf3c9d37ec74339e66e6fe4daa089fe4,0079368290cd7f161d62e7df9377d8ce,delivered,2017-03-13 14:39:34,2017-03-13 14:39:34,2017-03-15 14:55:14,2017-03-20 14:51:28,2017-04-03,42.9,14.52,1,1,57.42,1,1,5.0,1.0,a6da63180c0d5fdbf5834fb3d3a8dc72,21230,rio de janeiro,RJ,7.008263888888889,20.389189814814817,0,57.42
56c26c7e1d2d600fc5e6a4a6b0be3aa8,fe4904204ebdf584760213b82bd6307d,delivered,2017-03-13 14:49:49,2017-03-13 14:49:49,2017-03-14 11:10:57,2017-03-20 08:58:49,2017-03-30,64.8,11.06,1,1,75.86,4,1,3.0,1.0,1b7485f213b9168a29f3ef0c05a799a7,18890,taguai,SP,6.75625,16.382071759259258,0,75.86
fcadcc442807c2370f7d45ae2bcce264,c9f4a3e9c7d357935a0e2e930d24ae71,delivered,2017-03-13 14:54:17,2017-03-13 14:54:17,2017-03-14 10:49:58,2017-03-17 10:48:41,2017-04-05,119.99,17.27,1,1,137.26,1,1,5.0,1.0,003e28cb6fab8a0901bff9229612375f,82560,curitiba,PR,3.8294444444444444,22.378969907407406,0,137.26
55ed1e9c3febd5e186d5124a92690ae0,00fb49c2869c0797c3bf65f269f1510b,delivered,2017-03-13 15:21:21,2017-03-13 15:21:21,2017-03-14 13:21:52,2017-03-27 15:22:34,2017-04-13,307.3,48.65,1,1,355.95,2,1,4.0,1.0,96963c600a1dca3a9df3a9cfa26301d0,55400,catende,PE,14.000844907407407,30.36017361111111,0,355.95
58e801ec0ca7a3f8f17a61342bf09e88,10ff941e2e8aa6856dd1a89a45395fd6,delivered,2017-03-13 15:34:51,2017-03-13 15:34:51,2017-03-15 10:55:26,2017-03-21 12:55:03,2017-04-03,69.5,14.66,1,1,84.16,1,1,5.0,1.0,ffa17ff63f95ea3c838670e61d2666e0,13212,jundiai,SP,7.889027777777778,20.35079861111111,0,84.16
d42c3af33e0f04b3d5f012b6559e70c9,25c2777ca6e69ffaf3ff45bc8db161e7,delivered,2017-03-13 15:43:08,2017-03-13 15:43:08,2017-03-15 09:49:34,2017-03-22 13:08:38,2017-04-04,89.9,14.8,1,1,104.7,4,1,4.0,1.0,9ed6c82884b48a736e708cafc29e99d0,30130,belo horizonte,MG,8.892708333333333,21.345046296296296,0,104.7
6a346767428dbe844fc5dc660510bc45,3eb766c4e42f04deff042edb442998cb,delivered,2017-03-13 15:43:36,2017-03-13 15:43:36,2017-03-15 09:48:42,2017-03-20 07:53:45,2017-04-07,89.9,17.06,1,1,106.96,3,1,4.0,1.0,b3806e7118d02476c96b3dd8578dd07f,30270,belo horizonte,MG,6.673715277777778,24.344722222222224,0,106.96000000000001
acd76a8508680cbb5d4c04707be03f87,7a2ffc93e2f9aac4cd2c0e4564446777,delivered,2017-03-13 15:48:42,2017-03-13 15:48:42,2017-03-20 02:15:36,2017-03-27 12:54:35,2017-04-11,129.0,16.01,1,1,145.01,1,1,5.0,2.0,e0c2cbde9fde866b41bebc21b2b2c9af,13212,jundiai,SP,13.879085648148148,28.341180555555557,0,145.01
9372445ddc10678e804717702a911665,1dcbfa08476cebf4fee1bc3d400389a9,delivered,2017-03-13 15:49:14,2017-03-13 15:49:14,2017-03-14 14:56:41,2017-03-21 08:53:37,2017-03-31,31.5,21.92,2,1,53.42,2,1,2.0,1.0,2b1f21575765fceae832e26bdba2bc16,14024,ribeirao preto,SP,7.711377314814815,17.340810185185184,0,53.42
2bafcaecb60350e62797b7bfd0fa1e54,0a62a6da974f642ec39e568234acb107,delivered,2017-03-13 16:10:49,2017-03-13 16:10:49,2017-03-15 17:41:59,2017-04-03 12:08:14,2017-04-10,127.99,15.07,1,1,143.06,1,1,3.0,1.0,884c08cef28bc304817827ed3caf1e82,86470,jundiai do sul,PR,20.831539351851852,27.32582175925926,0,143.06
5a528ee290cb0fa6e22acf467ea33c09,f09d58eff599c9908ddf3a4ea15e6348,delivered,2017-03-13 16:15:38,2017-03-13 16:15:38,2017-03-14 06:21:52,2017-03-21 16:15:16,2017-04-04,49.0,14.52,1,1,63.52,6,1,,,b4c043504d96f3ec89b0d7b8f4b94945,37490,sao goncalo do sapucai,MG,7.999745370370371,21.322476851851853,0,63.519999999999996
063a0b076f63cb908176d8c1cc6ec049,04f201d7f9350c38e57f2d9eb9ef7c3c,delivered,2017-03-13 16:29:58,2017-03-13 16:29:58,2017-03-14 09:26:09,2017-03-20 08:04:19,2017-04-03,99.99,28.89,1,1,128.88,1,1,2.0,1.0,def6d043aa4d90414c22a80e3fde04ff,27660,rio das flores,RJ,6.648854166666666,20.31252314814815,0,128.88
b64b31be08d0151c4115537cbef3dc06,e6aec7b202899b3148da9039164fe850,delivered,2017-03-13 16:31:00,2017-03-13 16:31:00,2017-03-15 11:34:29,2017-03-22 15:44:53,2017-04-03,59.8,14.59,1,1,74.39,1,1,5.0,1.0,fa8928a7d6deb44eeefc718f4f68ed13,23097,rio de janeiro,RJ,8.967974537037037,20.311805555555555,0,74.39
8ac915a1f508baa87e8fc8d596aa6fc1,018bda31a2c6bf06aaa67fc91f63942d,delivered,2017-03-13 16:32:40,2017-03-13 16:32:40,2017-03-15 14:37:51,2017-03-20 13:23:54,2017-04-04,26.9,14.11,1,1,41.01,1,1,5.0,1.0,2b5ffb4c42d26e466ad575ecce365aa2,22790,rio de janeiro,RJ,6.868912037037037,21.310648148148147,0,41.01
79c4bd6c466a226de3a2b9ee556a0116,05010516b844e532c5dde4da1f0269cc,delivered,2017-03-13 16:38:40,2017-03-13 16:38:40,2017-03-14 18:19:06,2017-03-29 17:25:01,2017-04-10,439.0,31.42,2,1,470.42,6,1,4.0,1.0,91ac74239a32254fc4a9779cf38b2226,6707,cotia,SP,16.0321875,27.30648148148148,0,470.42
d710a78f61cc62d2aeb7ebde38ee7738,83f518916b0d90fef92d2f4de727b5c9,delivered,2017-03-13 16:40:57,2017-03-13 16:40:57,2017-03-14 09:35:26,2017-03-21 11:28:46,2017-04-07,199.9,56.26,1,1,256.16,4,1,4.0,1.0,d0e492ab502904f025b40de7e32f5374,96745,charqueadas,RS,7.783206018518518,24.304895833333333,0,256.16
3eae45e1345a16673017c7c36f18ee34,6c4b7dd5c99515fe3de7a8a79f0c5dac,delivered,2017-03-13 16:49:06,2017-03-13 16:49:06,2017-03-14 14:18:12,2017-03-29 12:32:54,2017-04-24,149.0,29.97,1,1,178.97,1,1,5.0,1.0,687974d957a0b4ffd69c57b449238b3f,76801,porto velho,RO,15.822083333333333,41.299236111111114,0,178.97
9771eaad8e60f7b28d57d554cc2bc62c,84872d1894135d15c4e51ba68ba3e8fb,delivered,2017-03-13 16:55:24,2017-03-13 16:55:24,2017-03-14 09:58:28,2017-03-20 08:57:52,2017-04-03,24.9,10.96,1,1,35.86,1,1,5.0,1.0,3e8f3e58aafa9bb38d7b2ace611ff6af,2376,sao paulo,SP,6.66837962962963,20.29486111111111,0,35.86
eca3ad869826b027ef93cf88ec6c0e44,20f99ce26ab1dcd6954644b2d76102de,delivered,2017-03-13 17:02:01,2017-03-13 17:02:01,2017-03-15 05:04:05,2017-03-20 11:51:26,2017-03-30,309.0,13.55,1,1,322.55,5,1,4.0,1.0,76015850dcf96d3206b6924e93547e7b,4616,sao paulo,SP,6.784317129629629,16.290266203703705,0,322.55
b0d58ac3e50ea081a58d56cc538f15cd,a52803a830c1641ba40537bc4e901532,delivered,2017-03-13 17:03:55,2017-03-13 17:03:55,2017-03-20 14:28:54,2017-03-22 09:14:45,2017-03-30,89.9,16.78,1,1,106.68,1,1,4.0,1.0,ec21f8dc022a15d6b6a1a8e7395b92f0,4117,sao paulo,SP,8.674189814814815,16.28894675925926,0,106.68
371c8cf0e8b96be301f7c2648b9846e3,89ff417fc7831dcf69332bb5945e5a83,delivered,2017-03-13 17:11:30,2017-03-13 17:11:30,2017-03-14 10:51:07,2017-03-20 08:53:50,2017-04-03,98.99,20.77,1,1,119.76,8,1,1.0,1.0,ccaa4459105c07d60df11ebba645f166,31255,belo horizonte,MG,6.6543981481481485,20.283680555555556,0,119.75999999999999
8ed4296590754b5d2eea172a5fdb7046,fd33e927e94c67ee7db2aaf788eb4a6d,delivered,2017-03-13 17:37:05,2017-03-13 17:37:05,2017-03-20 11:58:43,2017-04-07 09:25:08,2017-04-10,99.99,28.89,1,1,128.88,1,1,3.0,1.0,b57d6f719e74fcb448709359e24f9d2f,88060,florianopolis,SC,24.658368055555556,27.26591435185185,0,128.88
5503b14ddf7853393e5acf02e0128442,0219c0ad1f15c9d6d7fac84ccd3ec235,delivered,2017-03-13 17:39:56,2017-03-13 17:39:56,2017-03-17 09:43:19,2017-04-20 17:05:29,2017-04-13,25.99,24.84,1,1,50.83,5,1,1.0,1.0,3778fa7624b704c8630498a2787cfbc5,65903,imperatriz,MA,37.97607638888889,30.263935185185186,1,50.83
3bc59ba58cb8e8524859be6a6f4159ad,d29e34e0b9e141455f908dc011d564af,delivered,2017-03-13 17:47:09,2017-03-13 17:47:09,2017-03-15 15:08:15,2017-03-21 08:22:07,2017-04-05,45.0,15.65,1,1,60.65,1,1,5.0,1.0,2ed568220c373f8941bdfac8f464e66e,70660,brasilia,DF,7.607615740740741,22.25892361111111,0,60.65
c050bbcc027f638bdea34842450ed4eb,e6c868341f8287419a56490ac96e81fd,delivered,2017-03-13 17:48:32,2017-03-13 17:48:32,2017-03-15 09:48:42,2017-03-28 15:17:30,2017-04-18,49.99,31.32,1,1,81.31,6,1,4.0,1.0,7c7b2d0a713f1a40594f82b1f295a96a,60060,fortaleza,CE,14.89511574074074,35.257962962962964,0,81.31
1535ffdb181e70ff560cfced342c4f40,7460b4fda02ae69978ff6b5d7d5afd6d,delivered,2017-03-13 17:50:37,2017-03-13 17:50:37,2017-03-14 06:27:50,2017-03-20 14:22:08,2017-04-04,49.0,14.52,1,1,63.52,1,1,5.0,1.0,6ceec19dbdd6f7f1a2ad55bb4317392f,28470,santo antonio de padua,RJ,6.855219907407408,21.256516203703704,0,63.519999999999996
1617449e333a6b58fd912b6a4f25330c,e383b75eb8a0fc78d4303be8123c7074,delivered,2017-03-13 18:13:52,2017-03-13 18:13:52,2017-03-14 14:24:23,2017-03-16 06:12:06,2017-04-03,53.9,14.55,1,1,68.45,2,1,5.0,1.0,09f0c50257a15db3422b5a85191865f1,9550,sao caetano do sul,SP,2.4987731481481483,20.24037037037037,0,68.45
3e84398caa2b0be876731343bab75b06,92710a995cc113c830f287b62883189c,delivered,2017-03-13 18:14:02,2017-03-13 18:14:02,2017-03-14 06:33:13,2017-03-20 12:51:33,2017-03-31,29.0,10.96,1,1,39.96,1,1,5.0,1.0,939fb305824c6e11ffad60eb8182c3dd,17270,boraceia,SP,6.77605324074074,17.24025462962963,0,39.96
a685d016c8a26f71a0bb67821070e398,911e4c37f5cafe1604fe6767034bf1ae,delivered,2017-03-13 18:14:36,2017-03-13 18:14:36,2017-03-22 14:03:09,2017-04-06 13:37:16,2017-03-30,84.9,14.36,1,1,99.26,1,1,1.0,1.0,51838d41add414a0b1b989b7d251d9ee,13068,campinas,SP,23.807407407407407,16.23986111111111,1,99.26
7f13a20e25350f4a55fb2a7c9a2e8d88,5b8fd2d89503a79c1090906a4e559c5d,delivered,2017-03-13 18:14:37,2017-03-13 18:14:37,2017-03-14 09:58:29,2017-03-28 13:56:55,2017-04-04,149.8,13.63,1,1,163.43,1,1,3.0,2.0,51838d41add414a0b1b989b7d251d9ee,13068,campinas,SP,14.821041666666666,21.23984953703704,0,163.43
4babf11400453218f9ec503eb43d60cb,648bd227d87fc8dd1af8c45230a340c3,delivered,2017-03-13 18:49:14,2017-03-13 18:49:14,2017-03-14 09:58:27,2017-03-21 11:52:02,2017-04-04,147.7,14.8,1,1,162.5,2,1,5.0,1.0,a4938741a949495027da0fbd29db89bc,8150,sao paulo,SP,7.710277777777778,21.215810185185184,0,162.5
1112bad3c4cd355a36c9d51e7e8e57d1,5629e64f4d9749f0cd9f31b3f7a8ab1b,delivered,2017-03-13 19:07:07,2017-03-13 19:07:07,2017-03-14 14:18:10,2017-03-22 08:48:07,2017-04-10,69.9,17.23,1,1,87.13,3,1,5.0,1.0,a89fda3959d8c06361efbfe9d530377c,22020,rio de janeiro,RJ,8.57013888888889,27.203391203703703,0,87.13000000000001
36d72a17237aaecbc83158d0270b622c,77da1fb2f68e50fabf4322cf29885578,delivered,2017-03-13 19:10:13,2017-03-13 19:10:13,2017-03-22 08:34:34,2017-04-05 12:18:00,2017-04-13,89.9,17.37,1,1,107.27,1,1,5.0,1.0,1244ae3cc3aad7447c1fc36cea194020,37545,cachoeira de minas,MG,22.713738425925925,30.201238425925926,0,107.27000000000001
4de6fae240d7acb7e1a830665d941ae2,f9abf42c35fd606941b375dd45637434,delivered,2017-03-13 19:11:34,2017-03-13 19:11:34,2017-03-15 07:32:09,2017-03-23 11:27:42,2017-04-06,34.9,14.52,1,1,49.42,1,1,5.0,1.0,33dbce715ee4edbd29fa2f26007e02da,84061,ponta grossa,PR,9.677870370370371,23.200300925925927,0,49.42
adff485b76b194780db2e4ad4c5eb9b2,9dcad673a1806e27ee372631f697b1c6,delivered,2017-03-13 19:41:54,2017-03-13 19:41:54,2017-03-14 13:45:14,2017-03-17 06:47:14,2017-04-12,49.9,16.05,1,1,65.95,1,1,5.0,1.0,a8740d7426332c519fac38aaab37dd26,6436,barueri,SP,3.462037037037037,29.179236111111113,0,65.95
dbd3b0f899c87897a6a56a86423fbcbd,0a28d1fd8e38cf81c39dd60eb59ab219,delivered,2017-03-13 19:44:15,2017-03-13 19:44:15,2017-03-14 10:59:10,2017-03-27 14:36:47,2017-04-05,129.99,19.5,1,1,149.49,2,1,5.0,1.0,0823b56b19dfa15f74849b66908837df,96065,pelotas,RS,13.78648148148148,22.177604166666665,0,149.49
2fe324febf907e3ea3f2aa9650869fa5,65b14237885b3972ebec28c0f7dd2220,delivered,2017-03-13 20:17:10,2017-03-13 20:17:10,2017-03-17 07:23:53,2017-09-19 17:00:07,2017-04-05,39.9,16.05,1,1,55.95,1,1,1.0,1.0,78d26ae26b5bb9cb398edc7384d3c15f,13142,paulinia,SP,189.86315972222224,22.15474537037037,1,55.95
376354084f6f8ee744a474abfb826ea2,882d90855d6d59cb6ccc2e18431b25ee,delivered,2017-03-13 20:27:59,2017-03-13 20:27:59,2017-03-14 11:01:57,2017-03-20 09:14:09,2017-03-30,56.0,11.0,1,1,67.0,1,1,4.0,1.0,688d5274462f91fa0332582b748ce41d,11900,registro,SP,6.532060185185185,16.147233796296295,0,67.0
7dbe7b520d00d04a3f695cd91e904980,1989d5e844f74c7e85601fcef1045cb4,delivered,2017-03-13 20:31:32,2017-03-13 20:31:32,2017-03-17 09:43:09,2017-04-10 08:51:44,2017-04-03,48.99,14.52,1,1,63.51,1,1,3.0,1.0,3550a2cc16b097ea0b1a13d45fb93272,88330,balneario camboriu,SC,27.514027777777777,20.144768518518518,1,63.510000000000005
dbf9ee18eee818b5030fddb6302c4f37,a8b20d79ce2761a5a6dcc7055ba79d87,delivered,2017-03-13 20:48:35,2017-03-13 20:48:35,2017-03-14 08:06:48,2017-03-26 10:45:04,2017-04-03,32.5,15.56,1,1,48.06,1,1,5.0,1.0,221f02996290e9cb2ff459a925c09ab7,2965,sao paulo,SP,12.580891203703704,20.13292824074074,0,48.06
5ea0678e7b34c19e5ecbcdf8a3eacea2,b19259d1e65e64d1ca6f6c16001634a7,delivered,2017-03-13 21:13:46,2017-03-13 21:13:46,2017-03-15 09:49:47,2017-03-20 09:03:35,2017-03-30,12.9,10.96,1,1,23.86,1,2,4.0,1.0,c6bae494a07dea6997f53f4dbd06039c,4134,sao paulo,SP,6.492928240740741,16.115439814814813,0,23.86
d3d1c3c4a40be344bd7092fa770cddb9,e80a1e1d476a1ebad5b9705581ac1923,delivered,2017-03-13 21:17:16,2017-03-13 21:17:16,2017-03-15 09:47:51,2017-03-20 08:35:47,2017-04-05,89.99,14.8,1,1,104.79,6,1,5.0,1.0,d2658839df6cf850f1c6f79cec532775,20030,rio de janeiro,RJ,6.47119212962963,22.113009259259258,0,104.78999999999999
541e38b8cb17dc622161e1e475b308bd,973b7fb9752333c4abd3975a397cda2e,delivered,2017-03-13 21:19:38,2017-03-13 21:19:38,2017-03-15 12:11:21,2017-03-24 15:07:18,2017-04-05,104.0,14.9,1,1,118.9,3,1,5.0,1.0,ddecc2a6b8a440a500eb8fbcf933e0e7,28613,nova friburgo,RJ,10.741435185185185,22.11136574074074,0,118.9
4fe6e6eee2e643359d66860e9954cb84,448fa305155e5a7e114440aa71143832,delivered,2017-03-13 21:30:52,2017-03-13 21:30:52,2017-03-16 14:47:25,2017-03-28 12:36:09,2017-04-03,2130.0,60.4,1,1,2190.4,10,1,4.0,1.0,25d6024f1eadd97cf86cfcfb7e9617dd,89896,itapiranga,SC,14.628668981481482,20.103564814814813,0,2190.4
a7013426d43f0cb36c5dbe09b84c9f96,5c1394c134bf11d4139e06134c0515ef,delivered,2017-03-13 21:45:11,2017-03-13 21:45:11,2017-03-16 14:36:40,2017-03-21 17:04:20,2017-04-13,139.96,20.28,1,1,160.24,1,1,2.0,1.0,f43467d06bb2bef656f877feb1ea2245,11025,santos,SP,7.804965277777778,30.093622685185185,0,160.24
ca91c1dd2e25ae6e5f339efbfcd507ef,b1c82978d989848468a21a324831a282,delivered,2017-03-13 21:53:51,2017-03-13 21:53:51,2017-03-15 10:37:56,2017-03-22 04:51:23,2017-03-30,69.9,11.88,1,1,81.78,1,1,5.0,1.0,284a33cd4d04f42e16b079c5b3c1364d,8451,sao paulo,SP,8.289953703703704,16.087604166666665,0,81.78
2ea2e9d43eeeec020af7c136c91858cc,46763c2a0cd789f76306c49835ed260d,delivered,2017-03-13 21:59:50,2017-03-13 21:59:50,2017-03-15 15:10:42,2017-03-21 08:43:42,2017-03-30,119.9,14.61,1,1,134.51,1,1,4.0,1.0,26fb34f6190c94992b30768102bef5b1,35938,bela vista de minas,MG,7.44712962962963,16.083449074074075,0,134.51
b7664cfd894b776f4c7743e5e2fb917b,aced25f43b03cc78fa8bcb93c7113d25,delivered,2017-03-13 22:07:04,2017-03-13 22:07:04,2017-03-14 15:09:35,2017-04-04 14:27:55,2017-04-05,179.0,16.95,1,1,195.95,3,1,4.0,1.0,46fb91dbc46fb25d7761f9dd6f308d21,29230,anchieta,ES,21.681145833333332,22.078425925925927,0,195.95
1479096c26c6fa5150e7b39fde03d5d4,52d954a9a78371248c768d562824c212,delivered,2017-03-13 22:11:59,2017-03-13 22:11:59,2017-03-20 12:05:42,2017-03-23 16:08:29,2017-03-30,39.9,10.96,1,1,50.86,1,1,5.0,1.0,8e42446fd2d6165f5e5c11992761960e,13416,piracicaba,SP,9.747569444444444,16.075011574074075,0,50.86
899dd9d7844ca79134ec8e611f7b4ed1,0d9c0797cad5c54ccfeab072bcaaa3b3,delivered,2017-03-13 22:17:31,2017-03-13 22:17:31,2017-03-15 09:12:21,2017-03-27 14:43:19,2017-04-05,115.0,16.51,1,1,131.51,1,1,5.0,1.0,5219c1e71778c7c921304a6d6b0fea7c,28540,cordeiro,RJ,13.684583333333334,22.07116898148148,0,131.51
b1069dbe8202837514af3badecb431ab,562d3c3ceba1345be4057a414b9b1de8,delivered,2017-03-13 22:19:52,2017-03-13 22:19:52,2017-03-14 11:47:16,2017-03-17 12:58:12,2017-03-30,23.9,10.96,1,1,34.86,2,1,4.0,1.0,10cd1082f9f9c210733111429f3d0a85,5784,sao paulo,SP,3.6099537037037037,16.069537037037037,0,34.86
f891a5652a32da88979c1328c7cb73db,52bac838b259b33abe6275393223a628,delivered,2017-03-13 22:32:23,2017-03-13 22:32:23,2017-03-17 09:42:09,2017-04-22 20:40:08,2017-04-13,680.0,193.28,1,1,873.28,8,1,1.0,1.0,7538ab19c6d24c3b66a0986332fadfe4,62053,sobral,CE,39.92204861111111,30.060844907407407,1,873.28
82afe7cfa91318f49e01765796e93377,f1b54a68a52f687ca19a54e63eb62b7f,delivered,2017-03-13 22:45:00,2017-03-13 22:45:00,2017-03-15 17:07:58,2017-03-21 11:06:23,2017-03-30,51.0,8.73,1,1,59.73,1,1,3.0,1.0,c40a0a2cfc45bb907031a54374a06cbe,4059,sao paulo,SP,7.514849537037037,16.052083333333332,0,59.730000000000004
0cd93455c51655ebb590c07a06d584a1,72db172e77409b4cc768552a16548206,delivered,2017-03-13 22:55:26,2017-03-13 22:55:26,2017-03-16 15:13:13,2017-04-03 17:20:12,2017-04-19,349.9,28.71,1,1,378.61,10,2,5.0,1.0,5d5adbd08f3898549b7a636ba275e717,59614,mossoro,RN,20.767199074074075,36.044837962962966,0,378.60999999999996
36e6b99ba54c4963136edbf31f33d781,579c2317c2896485cea43c7164f4bd14,delivered,2017-03-13 23:02:30,2017-03-13 23:02:30,2017-03-17 13:55:02,2017-04-04 14:53:10,2017-04-03,39.99,17.09,1,1,57.08,3,1,5.0,1.0,2839fc99ac0504ca0559a1dea804854a,88374,navegantes,SC,21.660185185185185,20.039930555555557,1,57.08
d2c2a40d9d3d9479b0784a08930ebc75,13be93651c09a42decee6be064c4ee6f,delivered,2017-03-13 23:05:19,2017-03-13 23:05:19,2017-03-14 09:26:09,2017-03-22 11:19:11,2017-04-07,99.99,36.53,1,1,136.52,2,1,5.0,1.0,02b7e451968fd1f2793047ff025d18dc,89400,porto uniao,SC,8.509629629629629,24.037974537037037,0,136.51999999999998
ed399d00352208424bcb1d007f75038e,cd33017db30cfb1c69a3789662b5ceba,delivered,2017-03-13 23:13:57,2017-03-13 23:13:57,2017-03-14 14:54:03,2017-03-20 15:08:06,2017-04-13,399.0,18.0,1,1,417.0,8,1,5.0,1.0,ea354e8bfd0528f5bcfb2b5c305b6496,13960,socorro,SP,6.662604166666667,30.031979166666666,0,417.0
0132158c30672a8c52997a2492613ec2,5a3f73cc3e52ab64478beb5ce8756f4b,delivered,2017-03-13 23:23:23,2017-03-13 23:23:23,2017-03-14 09:35:36,2017-03-15 09:27:54,2017-03-30,399.9,13.41,1,1,413.31,8,1,5.0,1.0,520a88dae0fd97b3230c7d36aea4196b,21073,rio de janeiro,RJ,1.4198032407407408,16.02542824074074,0,413.31
4fe85ba34d52bb088ed6dc9a821d84fb,b25aa764e6323ef0d2ec25994df073bf,delivered,2017-03-13 23:37:05,2017-03-13 23:37:05,2017-03-21 09:55:13,2017-03-28 14:27:27,2017-04-04,313.9,16.37,1,1,330.27,8,1,5.0,1.0,d7768ff050b061e504e26cf4ed8a006d,88780,imbituba,SC,14.618310185185186,21.01591435185185,0,330.27
45b8bb0bfeacbf5aebe4c3f5cbcd2b06,0734e8ed607954bb0d89e1d9435cec68,delivered,2017-03-13 23:46:04,2017-03-13 23:46:04,2017-03-14 10:22:22,2017-03-16 10:34:23,2017-04-03,59.0,14.58,1,1,73.58,1,1,5.0,1.0,d1f6133b9a20c8f5d401f476b7706c61,31140,belo horizonte,MG,2.4502199074074076,20.009675925925926,0,73.58
a1dadce0e5cbb1b1205017166f6ce7ce,6090711df10612ec9df45dc0c7090f7d,delivered,2017-03-14 00:01:26,2017-03-14 00:01:26,2017-03-15 10:34:20,2017-03-21 12:35:57,2017-04-04,29.99,14.11,1,1,44.1,2,1,5.0,1.0,27ac1e144d1c5d8820ebae78802d90ab,22290,rio de janeiro,RJ,7.523969907407407,20.99900462962963,0,44.099999999999994
e869ee66bd99ad6dd1798055c4fe4830,7778ca9beea5b963e1b74322be4c7b5b,delivered,2017-03-14 00:25:55,2017-03-14 00:25:55,2017-03-15 16:16:38,2017-03-31 09:27:32,2017-04-18,39.9,24.84,1,1,64.74,6,1,5.0,1.0,61a605bcf756bd1fb5eb85b5263f1b0f,65415,coroata,MA,17.376122685185184,34.982002314814814,0,64.74
5268c3dc8d619070c0a2e5d9403a9945,12fa69008936520da2920cb3a44a3d17,delivered,2017-03-14 00:26:29,2017-03-14 00:26:29,2017-03-21 09:51:39,2017-04-04 17:18:03,2017-04-07,129.9,19.19,1,1,149.09,3,1,4.0,1.0,919decef1f13a9b93ed6cca4af6a8c2f,24751,sao goncalo,RJ,21.702476851851852,23.981608796296296,0,149.09
dced1a592703185c71beaca0730a3fd5,7fc2cb6aad928fdb6297a0c77ed77b3a,delivered,2017-03-14 00:31:44,2017-03-14 00:31:44,2017-03-22 05:29:35,2017-03-22 13:28:43,2017-04-17,22.9,10.96,1,1,33.86,1,1,5.0,1.0,2faa3a90a7bbf11779efde2df5b5503a,4324,sao paulo,SP,8.539571759259259,33.97796296296296,0,33.86
3d6831b9ec6285ad1cd3b7a8f1cdf23e,6a3b51e0438c010467b78845a6ba7612,delivered,2017-03-14 00:57:37,2017-03-14 00:57:37,2017-03-15 08:58:18,2017-03-27 16:06:06,2017-04-17,98.9,25.18,1,1,124.08,1,1,3.0,1.0,fd3d041ed441fbaf97473da156d50b42,55195,santa cruz do capibaribe,PE,13.630891203703703,33.95998842592593,0,124.08000000000001
f63534bddbd95cda0a1f281a1994a1ef,57abf224cb31e916d2e8f86fca92e631,delivered,2017-03-14 02:01:32,2017-03-14 02:01:32,2017-03-15 14:26:18,2017-03-20 14:22:00,2017-04-17,24.9,14.52,1,1,39.42,1,1,5.0,1.0,23dc3a062c6c097bcb3940a909e7730f,9842,sao bernardo do campo,SP,6.514212962962963,33.915601851851854,0,39.42
0f63ff1c10a2177f98f649312e587b9a,ca741dc70e1b166cd577ba7050158cfa,delivered,2017-03-14 06:11:59,2017-03-14 06:11:59,2017-03-14 10:33:48,2017-03-22 13:53:32,2017-03-31,79.99,14.33,1,1,94.32,4,1,3.0,1.0,6141c5831d0c19f3553c955454967393,9185,santo andre,SP,8.320520833333333,16.74167824074074,0,94.32
623d69e2357f35887d522d68a5775d69,a55ff18e4390604bedf99daa85a288cc,delivered,2017-03-14 07:28:21,2017-03-14 07:28:21,2017-03-15 13:42:22,2017-03-19 11:37:50,2017-03-31,114.0,18.34,2,1,132.34,5,1,4.0,1.0,5bb6a9aec28722e554d2d205d5f825d0,5688,sao paulo,SP,5.173252314814815,16.688645833333332,0,132.34
84bcfcb83c1d9ce6012fd51befddab4a,2eb418e05773dedd932d4e0af23bae76,delivered,2017-03-14 08:21:33,2017-03-14 08:21:33,2017-03-15 09:47:44,2017-03-20 08:27:59,2017-04-04,89.99,11.24,1,1,101.23,8,1,5.0,1.0,26e240cff6db69179349bde0266c93a2,18700,avare,SP,6.004467592592593,20.65170138888889,0,101.22999999999999
0b838846dd20161681d3072fbc6765ff,fa9aeaaa3b42642c3b1d4e53f0ef1d2b,delivered,2017-03-14 08:28:35,2017-03-14 08:28:35,2017-03-16 03:37:40,2017-03-27 13:35:58,2017-04-10,38.99,17.35,1,1,56.34,1,1,5.0,1.0,0d66c742b4e9676af77e40afc4522b89,74643,goiania,GO,13.213460648148148,26.64681712962963,0,56.34
438dce50633e79eeeb14507e05d4a4d9,aa593292dfbb072469d56ee43ef2b160,delivered,2017-03-14 08:47:46,2017-03-14 08:47:46,2017-03-22 09:45:52,2017-03-27 17:50:14,2017-04-06,107.69999999999999,32.88,3,1,140.58,1,1,5.0,1.0,e22cfd36b240f1ff24b951116bb1ba4f,83321,pinhais,PR,13.376712962962962,22.63349537037037,0,140.57999999999998
dc2c8a5df17efe1186987eb0433abfdc,15729f5e079831849be8cfaa304eb899,delivered,2017-03-14 09:15:31,2017-03-14 09:15:31,2017-03-14 12:45:54,2017-03-16 13:05:19,2017-03-31,598.0,12.56,1,1,610.56,1,1,4.0,1.0,b272a9d24a746262810c46f4b6b5fb5d,4024,sao paulo,SP,2.1595833333333334,16.614224537037035,0,610.56
8024bee268e76b6cff9da86da00f1490,6c06d044bd00f13419b2e34b2aaeba94,delivered,2017-03-14 09:22:56,2017-03-14 09:22:56,2017-03-16 10:53:46,2017-03-22 13:34:35,2017-03-31,139.9,14.75,1,1,154.65,1,2,4.0,1.0,04eb4e845e65d2c3ae9f85f2a0be5518,13142,paulinia,SP,8.174756944444445,16.609074074074073,0,154.65
2622673a1a0575cbc8ad8900214a7c4c,1d2f4e03c1c7aefc2435451a4dbed450,delivered,2017-03-14 09:35:56,2017-03-14 09:35:56,2017-03-14 10:42:46,2017-03-23 05:41:17,2017-04-04,230.0,29.96,2,1,259.96,5,1,5.0,1.0,e2248a877fcc536b706ddae3a5057112,13034,campinas,SP,8.837048611111111,20.600046296296295,0,259.96
0d9132dcd087abbb6771db9371e1f951,badc0ba5662331cf95342caac91ae654,delivered,2017-03-14 09:45:14,2017-03-14 09:45:14,2017-03-16 11:09:29,2017-03-27 15:57:47,2017-04-04,149.99,16.26,1,1,166.25,1,1,5.0,1.0,7171228bae697a4d7e445f6d497002e0,37018,varginha,MG,13.258715277777778,20.593587962962964,0,166.25
2cfe487abef71e655486b036f6c89636,87ee8a4955118ec3f3077ac7bb6faaea,delivered,2017-03-14 09:46:48,2017-03-14 09:46:48,2017-03-16 07:12:23,2017-03-21 07:55:32,2017-04-04,29.99,14.11,1,1,44.1,1,1,5.0,1.0,afd63872a9881751b87b82d45e4a468c,31510,belo horizonte,MG,6.922731481481481,20.5925,0,44.099999999999994
2f58cd82a10607b002725193afe913f5,fc618ecfa7879ba8f15a0b1975f15670,delivered,2017-03-14 09:53:26,2017-03-14 09:53:26,2017-03-15 09:47:51,2017-03-20 08:35:19,2017-04-06,89.99,14.8,1,1,104.79,3,1,5.0,1.0,d1b7bc4f0e2414db25f35ac000960107,21032,rio de janeiro,RJ,5.945752314814815,22.58789351851852,0,104.78999999999999
9740d42a9b2382330f2b00d90f34def0,4095e905c0684c956424a8b941a2868c,delivered,2017-03-14 10:20:54,2017-03-14 10:20:54,2017-03-17 10:41:52,2017-03-21 11:12:10,2017-04-04,235.0,12.26,1,1,247.26,3,1,5.0,1.0,d68ff6fee273df548be04727052e2d16,5030,sao paulo,SP,7.035601851851852,20.568819444444443,0,247.26
4d9f516707478b41c5932a3a3fcfb733,a9d950ed5c897a58ed2214e0d90b0356,delivered,2017-03-14 11:05:20,2017-03-14 11:05:20,2017-03-16 06:43:33,2017-03-23 09:52:35,2017-04-11,64.99,16.15,1,1,81.14,1,1,4.0,1.0,79014470a88bb56dd27da6241eca0f04,79560,chapadao do sul,MS,8.949479166666666,27.53796296296296,0,81.13999999999999
dc939566a9c408333e76222972bcc0a3,8a309deb4ab26233b41e32cf441781a8,delivered,2017-03-14 11:14:06,2017-03-14 11:14:06,2017-03-15 10:03:31,2017-03-21 11:58:39,2017-03-31,98.99,15.8,1,1,114.79,1,1,5.0,1.0,b76a67964ceb12ab166c7c36a0103636,5778,sao paulo,SP,7.0309375,16.531875,0,114.78999999999999
35f4c21fc613b36a1a2e893f424280bc,0743ea62d3ce82636779604483a23f9c,delivered,2017-03-14 11:20:16,2017-03-14 11:20:16,2017-03-24 10:04:57,2017-03-28 11:58:11,2017-04-04,60.0,46.68,2,1,106.68,1,1,5.0,1.0,22617b8dd0df998212a6638a97a476a9,4014,sao paulo,SP,14.026331018518519,20.527592592592594,0,106.68
eb829be78140383da9cba1b8fc2c6c6f,c1589a207c65a8b3f79b7aaf2103f715,delivered,2017-03-14 11:24:10,2017-03-14 11:24:10,2017-03-14 17:11:46,2017-03-22 11:53:00,2017-03-31,14.99,10.96,1,1,25.95,1,1,5.0,1.0,a61bdd3195ef6c83350ef0e8e16f67de,37002,varginha,MG,8.020023148148148,16.52488425925926,0,25.950000000000003
7bcde8d5d9a48f795c1219a5eded63a5,a7f23c04bf2d534b95817ddbd39d60cf,delivered,2017-03-14 11:26:21,2017-03-14 11:26:21,2017-03-15 09:48:45,2017-03-30 13:42:48,2017-04-17,59.99,26.16,1,1,86.15,3,1,5.0,1.0,8600544d569af998116a82e19c3767e1,60762,fortaleza,CE,16.094756944444445,33.52336805555556,0,86.15
61b4fb3e9dff469a5a1d25847d6b9385,aa8444aa7b1175a798e1b0452d98983e,delivered,2017-03-14 11:30:01,2017-03-14 11:30:01,2017-03-15 10:01:38,2017-03-22 13:22:40,2017-04-04,99.99,15.46,1,1,115.45,2,1,5.0,1.0,a6768d90ece6ec0afb77fe711f6bd589,21620,rio de janeiro,RJ,8.078229166666667,20.52082175925926,0,115.44999999999999
99beb0ca1e257ea579db2f8e68d0165c,b9d25a78c4295ec207824ac5dc4d327b,delivered,2017-03-14 11:32:40,2017-03-14 11:32:40,2017-03-14 15:31:03,2017-03-23 10:52:06,2017-04-06,49.0,20.67,1,1,69.67,2,1,5.0,1.0,1cddf0b0b512899f95d246458d21ee3e,29300,cachoeiro de itapemirim,ES,8.971828703703704,22.518981481481482,0,69.67
20ffa1dd114d05854717ad7de094930c,fb177b79812dbaf1aa53dd3e51054cfd,delivered,2017-03-14 11:33:55,2017-03-14 11:33:55,2017-03-16 15:41:39,2017-03-31 13:13:36,2017-04-06,138.9,16.67,1,1,155.57,5,1,3.0,1.0,88e20be8c5d9b89c98ac48989949983f,26013,nova iguacu,RJ,17.069224537037037,22.518113425925925,0,155.57
bc52c0e67c00cdbba3a7b62d70979075,993f2de0c7a27d4b99698707cae71d7f,delivered,2017-03-14 12:18:22,2017-03-14 12:18:22,2017-03-16 14:04:42,2017-03-24 15:33:22,2017-04-04,59.99,15.63,1,1,75.62,1,1,5.0,1.0,29cb098c6e774a2b42c7301e598649ef,38600,paracatu,MG,10.135416666666666,20.48724537037037,0,75.62
e7c528a2df211045020684c3db8bddc4,d5d2ae6113c8685d150d34863a5df141,delivered,2017-03-14 12:18:58,2017-03-14 12:18:58,2017-03-16 05:07:41,2017-04-13 11:42:08,2017-04-06,32.9,16.05,1,1,48.95,1,1,3.0,1.0,2b4472f385224981da5b23596f42892d,88056,florianopolis,SC,29.974421296296295,22.486828703703704,1,48.95
abddcf171f361ed313e1f191d71d046a,48db5996674ec9678ed781d29f8489fa,delivered,2017-03-14 12:19:57,2017-03-14 12:19:57,2017-03-21 09:57:05,2017-04-08 03:04:31,2017-04-12,458.85,24.71,1,1,483.56,8,1,4.0,1.0,db805b3c93209de1af0f032450f33cd3,40150,salvador,BA,24.61428240740741,28.48614583333333,0,483.56
cdfc8d98469b5469527223fa4d487882,117c74aa6cd3541068f9c0915dd95fc0,delivered,2017-03-14 12:25:25,2017-03-14 12:25:25,2017-03-15 15:11:46,2017-03-22 09:55:39,2017-04-04,22.9,14.52,1,1,37.42,1,2,3.0,1.0,d2e9386bb0a89d5e832f4fbbe677514d,20780,rio de janeiro,RJ,7.89599537037037,20.482349537037038,0,37.42
d35551f33906e01d035a5f40e1bd1732,bef299a2a64318827d1d0fc04512b405,delivered,2017-03-14 12:30:17,2017-03-14 12:30:17,2017-03-15 10:33:02,2017-03-23 14:38:50,2017-04-04,499.6,76.6,4,1,576.2,1,1,4.0,1.0,45e5ee02a44f5afede108564a3ebbf5f,29175,serra,ES,9.089270833333334,20.478969907407407,0,576.2
c1084cac215df4bae739b489d0b95a3e,89a5f956c0b86c7be397c83a58c67f20,delivered,2017-03-14 12:30:59,2017-03-14 12:30:59,2017-03-16 08:33:07,2017-03-24 12:53:45,2017-04-06,219.8,26.7,2,1,246.5,5,1,1.0,1.0,44eadd61f5969a169e595dc9b9dd4d3b,5322,sao paulo,SP,10.015810185185185,22.478483796296295,0,246.5
25fbf27ebf14d822b62827aeb77d9d10,8dcf681336e6c839f3d6c2399dee467d,delivered,2017-03-14 12:50:27,2017-03-14 12:50:27,2017-03-16 08:17:46,2017-04-09 09:07:03,2017-04-26,69.0,20.53,1,1,89.53,1,1,4.0,1.0,382ccd3bc70cdb52f5a4515ffcdff615,50770,recife,PE,25.84486111111111,42.46496527777778,0,89.53
7b76996a441de2788a09b987c34e477e,209b9fd06716ec99fdebc11662f4c6af,delivered,2017-03-14 12:56:50,2017-03-14 12:56:50,2017-03-22 09:25:32,2017-03-27 12:56:00,2017-03-31,19.9,10.96,1,1,30.86,1,1,3.0,1.0,e4ab450a838f528ed7abff0521bb7a49,18020,sorocaba,SP,12.999421296296296,16.460532407407406,0,30.86
4165597d98e009aafd51a406a9c38562,71c4cb2c996f7c8a8583f350547290f1,delivered,2017-03-14 12:57:50,2017-03-14 12:57:50,2017-03-15 09:47:50,2017-03-17 10:47:55,2017-04-04,89.99,11.24,1,1,101.23,5,1,4.0,1.0,3ec9da608c4f401bb678f212a984393b,2466,sao paulo,SP,2.9097800925925927,20.45983796296296,0,101.22999999999999
8b2fb881ec8d04ffa5bc7a27833ad984,a5d4658c9339e6f25f8f2e7d9b5cbc24,delivered,2017-03-14 12:58:42,2017-03-14 12:58:42,2017-03-16 16:21:39,2017-03-21 09:25:00,2017-04-07,350.0,19.74,1,1,369.74,7,1,4.0,1.0,b1c1982ae7d25948e2c9fbec7c71a17b,15400,olimpia,SP,6.851597222222222,23.45923611111111,0,369.74
6f4a1ccdb6d8b5f5249737581a50b1ea,4db197e249f43396789685f78b90a530,delivered,2017-03-14 13:06:10,2017-03-14 13:06:10,2017-03-22 13:46:07,2017-04-04 12:20:07,2017-04-28,164.9,25.64,1,1,190.54,8,1,3.0,1.0,884deb2952acda1860b0a9f46b6379c1,68600,braganca,PA,20.968020833333334,44.45405092592593,0,190.54000000000002
5d6a1a156fc92ced06a12c6d92e2c213,52408f5b63dfdc6b77f1c8414662e4a3,delivered,2017-03-14 13:12:20,2017-03-14 13:12:20,2017-03-15 15:05:54,2017-03-22 18:11:47,2017-04-06,59.9,15.63,1,1,75.53,1,1,5.0,1.0,bc2c9d4cffdfa4609cb2f961250ba4d7,21660,rio de janeiro,RJ,8.207951388888889,22.449768518518518,0,75.53
dbe68b74bd4b3b7e0b5151c19263237d,ca24f52b0ee858d2afc596af46643d68,delivered,2017-03-14 13:35:25,2017-03-14 13:35:25,2017-03-16 11:33:53,2017-03-27 15:28:18,2017-03-31,147.9,18.33,1,1,166.23,1,1,5.0,1.0,de2d5a813142010dde009d3746584d0f,13940,aguas de lindoia,SP,13.078391203703704,16.433738425925927,0,166.23000000000002
bb5849f8ba21da43ffa31ea52ba81b37,bd1a163012abbb431a551fa95aab940f,delivered,2017-03-14 13:40:28,2017-03-14 13:40:28,2017-03-15 08:07:35,2017-03-23 17:17:00,2017-04-04,84.99,14.76,1,1,99.75,1,1,1.0,1.0,68ec0f3e251cbb167c4d8263f44b8696,5387,sao paulo,SP,9.15037037037037,20.43023148148148,0,99.75
e33408facb2edeacee1b12d13b100fcc,0c65144301b9eb1274a016aedd1248cb,delivered,2017-03-14 13:41:31,2017-03-14 13:41:31,2017-03-15 10:34:10,2017-03-21 11:51:30,2017-04-04,99.9,14.87,1,1,114.77,8,1,5.0,1.0,0894227c11f8b1ac819ff943c6c0a612,1046,sao paulo,SP,6.923599537037037,20.429502314814815,0,114.77000000000001
9a7a3e7bd7a7715213f58e05dd999824,1a700c8b0ea5c7700237221567261552,delivered,2017-03-14 13:48:36,2017-03-14 13:48:36,2017-03-15 11:41:36,2017-03-17 13:18:37,2017-03-31,26.9,10.96,1,1,37.86,1,1,5.0,1.0,b451c6a6c5b26e754acb926b131c1ece,14406,franca,SP,2.979178240740741,16.424583333333334,0,37.86
b8ed3984a255598afb99a0ee70c3d45d,f09059dcc33155a08832382b5668cbe7,delivered,2017-03-14 13:51:39,2017-03-14 13:51:39,2017-03-15 10:35:55,2017-03-22 13:34:34,2017-03-31,67.12,11.08,1,1,78.2,1,1,5.0,1.0,9c257d8c901fd614636e447d0f331950,12601,lorena,SP,7.988136574074074,16.42246527777778,0,78.2
801ce4e79b26aa1738dc18b0d1edef5d,ac73414c944aacef8ccaafda15771220,delivered,2017-03-14 14:08:29,2017-03-14 14:08:29,2017-03-17 06:45:37,2017-03-21 15:58:30,2017-04-05,274.9,62.28,1,1,337.18,10,1,5.0,1.0,d54620c45f2b71e7e467ca2b39c12923,3422,sao paulo,SP,7.076400462962963,21.410775462962963,0,337.17999999999995
328978d6ed70a17301a26ffa09b7f1a8,51a8e8a5de7357311fc3c03dcb8de5df,delivered,2017-03-14 14:29:00,2017-03-14 14:29:00,2017-03-16 11:00:17,2017-03-21 12:18:40,2017-04-11,14.9,10.96,1,1,25.86,1,1,5.0,1.0,331c762c0963410d350e0a771fdfdcca,8735,mogi das cruzes,SP,6.909490740740741,27.396527777777777,0,25.86
ed9b8c42cfb80e03b2218426b8ba0cab,377f47f7fe916f817019431d3a46f70c,delivered,2017-03-14 14:29:00,2017-03-14 14:29:00,2017-03-16 16:57:41,2017-03-24 08:37:43,2017-04-06,89.0,19.21,1,1,108.21,3,1,5.0,1.0,041132794a19cd483918f5e665d6445a,29720,governador lindenberg,ES,9.75605324074074,22.396527777777777,0,108.21000000000001
8d6793a90c7ed801dbea86d6271e3bfe,2285ef36bf9197241db9f8d3611aed8f,delivered,2017-03-14 14:41:27,2017-03-14 14:41:27,2017-03-17 09:14:04,2017-03-28 16:17:12,2017-04-07,195.9,17.07,1,1,212.97,1,1,5.0,1.0,8fdd8173d1d780e4336e7f372d00a7cf,31275,belo horizonte,MG,14.066493055555556,23.387881944444445,0,212.97
8810a5e7c83bd0f3fd59dec5491fbb2f,a5014831ae993d45eeb54b1397bc3e32,delivered,2017-03-14 14:42:18,2017-03-14 14:42:18,2017-03-16 14:36:32,2017-03-21 16:48:29,2017-04-19,139.97,29.17,1,1,169.14,3,1,5.0,1.0,35de10c3f06643935167dacc101cf859,22765,rio de janeiro,RJ,7.087627314814815,35.38729166666667,0,169.14
dffe3c3fdb38dd7ca56eb98408730378,edd8c2ac3721ba85f5d39c010c316114,delivered,2017-03-14 14:48:57,2017-03-14 14:48:57,2017-03-15 09:58:15,2017-03-29 15:46:59,2017-04-04,299.0,30.43,2,1,329.43,1,1,4.0,1.0,9f48470c2d3437ff6894dac1603b3e44,88495,garopaba,SC,15.040300925925926,20.382673611111112,0,329.43
4cc5e60f36ca3bdbb07ab8a3c490e15d,500c2c3876ee69c5d1eb3084c545c467,delivered,2017-03-14 14:56:03,2017-03-14 14:56:03,2017-03-16 09:49:45,2017-03-21 21:23:45,2017-03-31,59.9,9.41,1,1,69.31,1,1,5.0,1.0,1590457b4be348b165ff7030a6f94dce,3542,sao paulo,SP,7.269236111111111,16.377743055555555,0,69.31
b5451d0eb008a4475aeab937ab5f4e0a,c3052c989cc4d3d2d750a8beacf3f4fc,delivered,2017-03-14 15:05:20,2017-03-14 15:05:20,2017-03-15 13:27:03,2017-04-03 10:33:57,2017-04-17,45.0,29.28,1,1,74.28,1,1,5.0,1.0,0ed2b5143a4e6b6f135c5d36db0247f4,63800,quixeramobim,CE,19.811539351851852,33.37129629629629,0,74.28
dfaba9e54da21d5c9ca002e103b5496a,e7371fbd9ae2588b4557034d8511bea3,delivered,2017-03-14 15:11:14,2017-03-14 15:11:14,2017-03-15 13:31:10,2017-03-24 15:06:05,2017-04-04,159.0,26.61,1,1,185.61,2,1,5.0,1.0,12b6dee4d13e0256abeb023ac296787b,5344,sao paulo,SP,9.996423611111112,20.367199074074072,0,185.61
9df4de8d3f1b15175f64dcfce276ee9b,ca9478e9327dff66bcc1d47da7d287ed,delivered,2017-03-14 15:16:42,2017-03-14 15:16:42,2017-03-16 05:17:52,2017-03-21 14:54:03,2017-04-12,565.0,12.94,1,1,577.94,10,1,5.0,1.0,d11e322b186d0d495232edf451e8ba19,22730,rio de janeiro,RJ,6.984270833333333,28.36340277777778,0,577.94
5fa537c43d686925db746d574cbc2e0e,4377320bd47b03d9a6fdc797da4a6cae,delivered,2017-03-14 15:19:58,2017-03-14 15:19:58,2017-03-17 14:57:58,2017-03-22 08:07:52,2017-04-07,361.99,13.14,1,1,375.13,1,1,4.0,1.0,65ba801e074d72ee10fde557fb90a11e,8750,mogi das cruzes,SP,7.6999305555555555,23.36113425925926,0,375.13
bd210405118a95688f5e0314f24255f5,6ec2c6dfcbb89e788ce8aecaee505725,delivered,2017-03-14 15:25:39,2017-03-14 15:25:39,2017-03-15 09:23:26,2017-03-27 15:02:59,2017-04-06,169.9,25.01,1,1,194.91,5,1,5.0,1.0,44b7a50e2adef4d4c4d768174002463f,26510,nilopolis,RJ,12.98425925925926,22.3571875,0,194.91
f0cefee84b19e4a0f9a56b147e89eb2c,7ac14fa8a3597d612e0c45f195d05988,delivered,2017-03-14 15:27:18,2017-03-14 15:27:18,2017-03-15 09:23:26,2017-03-24 17:47:01,2017-04-06,169.9,25.01,1,1,194.91,1,1,5.0,1.0,648f7830944945728e327cb73333fdfe,25266,duque de caxias,RJ,10.097025462962963,22.356041666666666,0,194.91
2e8f1950a235848ca7b570eab9e7f34f,9c464748a0490b27157df14d1c633f75,delivered,2017-03-14 15:30:13,2017-03-14 15:30:13,2017-03-17 16:23:33,2017-04-06 13:14:16,2017-05-02,179.96,65.49,1,1,245.45,5,1,5.0,1.0,37a508ae754c6ea85c703ae5f1ab1c44,60410,fortaleza,CE,22.905590277777776,48.3540162037037,0,245.45
0f5feae20ee62fe5f7320dea993a841c,16a01ae0a5b5a610f535c03cd71c91a6,delivered,2017-03-14 16:01:10,2017-03-14 16:01:10,2017-03-16 11:00:17,2017-03-24 14:47:48,2017-04-11,20.9,10.96,1,1,31.86,1,1,1.0,1.0,945c403839ee7aa8492255fb1e2fb6be,17400,garca,SP,9.949050925925926,27.332523148148148,0,31.86
381821a2142de8e51f3d104559f1bfea,383525bd813c9db953a7991b7bd96f03,delivered,2017-03-14 16:03:19,2017-03-14 16:03:19,2017-03-15 10:01:33,2017-03-29 15:34:09,2017-04-06,99.99,17.13,1,1,117.12,1,1,4.0,1.0,635dc29c3cd9991dd1ac3c7f3a8ade04,91520,porto alegre,RS,14.97974537037037,22.33103009259259,0,117.11999999999999
0d43ce52df043a3cdf371f10d03764d6,66e7fa9567ac4e4f4a28f1a487e05c0e,delivered,2017-03-14 16:05:36,2017-03-14 16:05:36,2017-03-23 06:15:31,2017-03-29 14:33:51,2017-04-10,89.9,17.37,1,1,107.27,8,1,3.0,1.0,7fce08db36a5ee4cd00136de42b77f20,24342,niteroi,RJ,14.936284722222222,26.329444444444444,0,107.27000000000001
190e8611451cfad038f032f548f44c12,c66b54f9bc3001f6550cec597c77f8fe,delivered,2017-03-14 16:12:29,2017-03-14 16:12:29,2017-03-15 09:38:46,2017-03-27 13:33:01,2017-04-12,84.9,24.79,1,1,109.69,1,1,4.0,1.0,fe4d4f723597e832e9bbc67080a34c27,40370,salvador,BA,12.889259259259259,28.32466435185185,0,109.69
9611397da79fc7abde6547d329ba3f33,908a17859ff430ff83afea6380f4b635,delivered,2017-03-14 16:21:55,2017-03-14 16:21:55,2017-03-15 10:33:19,2017-04-04 15:37:46,2017-04-18,29.0,24.84,1,1,53.84,1,1,3.0,1.0,7acfb833cd8ba1d316b560898fe0616d,63034,juazeiro do norte,CE,20.96934027777778,34.31811342592592,0,53.84
75351e48296ef42211a0b80c427aae57,cf9e2b07f78cce347089900f49fb4746,delivered,2017-03-14 16:25:43,2017-03-14 16:25:43,2017-03-30 13:22:17,2017-04-03 13:37:42,2017-04-10,87.37,10.79,1,1,98.16,1,1,4.0,1.0,cab5ecc01e69aac95f48b619eb40a882,4508,sao paulo,SP,19.88332175925926,26.315474537037037,0,98.16
95d825d3c9ac0db6ca8f1e567cec7586,335acb5307e077b6832f5e77c451a93b,delivered,2017-03-14 16:47:29,2017-03-14 16:47:29,2017-03-16 15:01:47,2017-03-22 08:49:24,2017-04-04,119.9,19.12,1,1,139.02,1,1,5.0,1.0,1554075502074ad04303237019d98182,18020,sorocaba,SP,7.667997685185185,20.300358796296297,0,139.02
2d5058747a7287ed0678a7d65af01329,656a9a2137ff69e7b9f566af06069db7,delivered,2017-03-14 17:16:20,2017-03-14 17:16:20,2017-03-16 14:44:47,2017-03-28 14:35:12,2017-04-04,249.99,68.45,1,1,318.44,7,1,5.0,1.0,fa8d70c99f02e48610559ec7b8ccc8ad,89110,gaspar,SC,13.888101851851852,20.280324074074073,0,318.44
b0edc0b20a380c879d0775721c5b5b20,209e672c1927a0fb4362d09d0f3971af,delivered,2017-03-14 17:21:08,2017-03-14 17:21:08,2017-03-22 10:55:51,2017-03-28 13:21:53,2017-04-07,37.99,14.11,1,1,52.1,1,1,1.0,1.0,5472581443d2221c04182a33205feeee,23575,rio de janeiro,RJ,13.833854166666667,23.27699074074074,0,52.1
0630ba8015b69f03e65dbe4be3aceb4f,117f0e86c5ec654ec54339df2be13588,delivered,2017-03-14 17:21:42,2017-03-14 17:21:42,2017-03-16 11:33:53,2017-03-28 16:04:29,2017-04-04,117.3,22.29,1,1,139.59,2,1,4.0,1.0,fce53860777a2d42c654374c6da1ed91,36815,fervedouro,MG,13.946377314814814,20.27659722222222,0,139.59
d24b287420a2c9f6fcbe91cc11d788c3,cbd695d33e330f53d0d480b280111aeb,delivered,2017-03-14 17:33:28,2017-03-14 17:33:28,2017-03-15 14:23:11,2017-03-22 09:55:38,2017-04-04,679.6,90.64,4,1,770.24,8,1,1.0,1.0,0096c18412349537abc45e350581cbbc,93310,novo hamburgo,RS,7.682060185185185,20.268425925925925,0,770.24
1c7cb97df72bc6c604e6019104e2b2b0,71d1b32e176a27a0cef466de5e303c50,delivered,2017-03-14 17:35:44,2017-03-14 17:35:44,2017-03-15 14:00:12,2017-03-21 08:42:12,2017-03-31,69.0,9.47,1,1,78.47,6,1,4.0,1.0,f460746eb855b2169ba51098bc4b067f,3116,sao paulo,SP,6.62949074074074,16.26685185185185,0,78.47
4d176bbefbf167c712ff9ea39cd6f233,58e014fb44456ac35903d4996263087a,delivered,2017-03-14 18:00:11,2017-03-14 18:00:11,2017-03-16 06:43:33,2017-03-24 17:07:59,2017-04-05,56.99,14.57,1,1,71.56,3,1,5.0,1.0,cd49de24ca82018aad95e024d5ca5b56,26183,belford roxo,RJ,9.96375,21.249872685185185,0,71.56
1daadb218e1c16168ce3c3888ade376c,e82808bc00d7a537dd141d2979b9398f,delivered,2017-03-14 18:21:21,2017-03-14 18:21:21,2017-03-15 07:20:17,2017-03-23 17:18:15,2017-04-12,79.9,21.01,1,1,100.91,1,1,5.0,1.0,08dcc0dcfbaf8a8e6f610fe220427048,25250,duque de caxias,RJ,8.956180555555555,28.23517361111111,0,100.91000000000001
3f3f818c758f0f9ed76a1d49d8d7e6f3,4ce1caf08109718c2e558abd8801aa8c,delivered,2017-03-14 18:29:23,2017-03-14 18:29:23,2017-03-15 10:35:49,2017-04-30 09:16:01,2017-04-12,17.99,20.8,1,1,38.79,3,1,1.0,1.0,3cd1ebd71e3753cd8f8ec421ae02502e,44090,feira de santana,BA,46.615717592592596,28.229594907407407,1,38.79
10889542f25363f8b12b679fb7bba35c,98b806dec7744f1d6ab3c2f5def9d1de,delivered,2017-03-14 19:19:23,2017-03-14 19:19:23,2017-03-22 09:37:36,2017-03-27 14:27:46,2017-04-04,649.9,20.8,1,1,670.7,8,1,,,3d7374e69df52d243adcddbbd1fc6cf3,21021,rio de janeiro,RJ,12.797488425925925,20.194872685185185,0,670.6999999999999
4fbc2bd17fd14bf9e9b4f28f96351edf,948f067df4cf5b2c51054d8a7603aaca,delivered,2017-03-14 19:26:29,2017-03-14 19:26:29,2017-03-15 09:47:51,2017-03-23 05:52:21,2017-03-31,16.9,10.96,1,1,27.86,1,1,5.0,1.0,74b8735c819aa3ddb7d86d0ea39efe51,87020,maringa,PR,8.43462962962963,16.189942129629628,0,27.86
83be28237d62524f82d47b7e4e8759ec,9a69b5f5047c5964e99ba4941b1e62bd,delivered,2017-03-14 19:26:41,2017-03-14 19:26:41,2017-03-15 13:27:03,2017-03-21 15:44:09,2017-04-04,89.0,40.05,1,1,129.05,2,1,5.0,1.0,fed2921f7829c3df662625b8ca5f16c1,80060,curitiba,PR,6.845462962962963,20.18980324074074,0,129.05
d97cacbc87a70c0a938044518f7c31c2,687dba758662ac064303b3087930c12d,delivered,2017-03-14 19:30:51,2017-03-14 19:30:51,2017-03-28 18:42:58,2017-04-05 15:42:33,2017-04-13,136.97,36.51,1,1,173.48,1,1,5.0,1.0,8f9be157066c7df744a08964198d16a4,29560,guacui,ES,21.841458333333332,29.18690972222222,0,173.48
527b28dd1cc06cd5f5d361c544909a40,51157afd140d7bfe150232e37a295eb5,delivered,2017-03-14 20:26:14,2017-03-14 20:26:14,2017-03-16 08:40:00,2017-03-31 14:54:19,2017-04-12,149.0,21.49,1,1,170.49,1,1,5.0,1.0,6faa792efdf7c9c6eb7cfdf68aa5e581,57442,olho d'agua das flores,AL,16.769502314814815,28.148449074074072,0,170.49
332a6f392ac92a529c0b2a059b959913,649c5da2e4bbb5d9778cef1e5175decf,delivered,2017-03-14 20:28:58,2017-03-14 20:28:58,2017-03-16 10:47:48,2017-03-28 16:33:08,2017-04-10,169.9,27.62,1,1,197.52,1,1,5.0,1.0,a4551f073164a521b14c1e0e2eba2af1,39300,sao francisco,MG,13.836226851851851,26.146550925925926,0,197.52
e96f4349b4def654f003437cb0666374,dfc2362ea6ca4f00859a423f238e632a,delivered,2017-03-14 20:48:58,2017-03-14 20:48:58,2017-03-15 09:38:58,2017-03-23 18:27:18,2017-04-06,49.9,14.52,1,1,64.42,1,1,5.0,1.0,cc0b9f5821492c4c7ab54aad8894b350,32639,betim,MG,8.90162037037037,22.132662037037036,0,64.42
427be8c69327b86f12e65fb5fedfde5c,b871e614fb8b5de170c88efe4b3aa3b3,delivered,2017-03-14 21:20:04,2017-03-14 21:20:04,2017-03-27 08:57:37,2017-04-09 16:45:39,2017-04-07,85.8,29.04,2,1,114.84,1,1,1.0,1.0,8aca3d81c4ae8e100beceff7c7863683,30140,belo horizonte,MG,25.80943287037037,23.111064814814814,1,114.84
9e988375e80989b9914b695cd57654cb,82aa082265445ca12f36a984d1e854e2,delivered,2017-03-14 21:38:45,2017-03-14 21:38:45,2017-03-16 09:39:41,2017-03-21 11:24:08,2017-04-17,34.99,24.84,1,1,59.83,3,1,5.0,1.0,b074c5fd5227ea0b4413740c1ade2324,57312,arapiraca,AL,6.5731828703703705,33.09809027777778,0,59.83
58300b00ad189113ddb608765a954301,97855ab644c7bf9afcabb920bb5a6a57,delivered,2017-03-14 21:56:07,2017-03-14 21:56:07,2017-03-21 14:25:28,2017-03-28 13:36:01,2017-04-11,119.99,15.01,1,1,135.0,2,1,5.0,1.0,b9578a253618763fa2c477b6e626829a,25250,duque de caxias,RJ,13.652708333333333,27.086030092592594,0,135.0
5cd8566a3991a377011c78d27191853c,e4bd0a15d4045d3e16d59187ad7a88c7,delivered,2017-03-14 21:59:42,2017-03-14 21:59:42,2017-03-16 13:49:27,2017-03-22 07:57:53,2017-04-10,60.0,14.59,1,1,74.59,1,1,5.0,1.0,4391053762a45289a6cd670c3f1e88f9,27113,barra do pirai,RJ,7.415405092592593,26.083541666666665,0,74.59
9580960c270d4525b7224af7ef41235a,74abf9eeaf6b3001f885f433582783a2,delivered,2017-03-14 22:04:24,2017-03-14 22:04:24,2017-03-15 08:58:15,2017-03-25 11:52:19,2017-04-04,32.9,14.52,1,1,47.42,2,1,5.0,1.0,80306ad48106ea04b344807c50fec01d,35702,sete lagoas,MG,10.57494212962963,20.080277777777777,0,47.42
098dd2a0dabd8878380b344370974efa,971c2e479ef8a3a4a70418a4e6100228,delivered,2017-03-14 22:06:27,2017-03-14 22:06:27,2017-03-16 11:39:33,2017-03-22 06:34:07,2017-04-17,46.4,29.04,2,1,75.44,1,1,4.0,1.0,c135309fbd128284cca4af3a41518195,7051,guarulhos,SP,7.352546296296296,33.078854166666666,0,75.44
0a0185b8b72cbf2290c3e4218300a61c,b9ad88365f35c931dbbbeab892857006,delivered,2017-03-14 22:08:50,2017-03-14 22:08:50,2017-03-22 08:17:40,2017-03-24 16:07:44,2017-04-12,44.99,21.85,1,1,66.84,1,1,5.0,1.0,d6daa8df6192fb031e54d36f3a7d246a,41640,salvador,BA,9.749236111111111,28.077199074074073,0,66.84
153e41d2dbed0732e8c41f472d912453,aae8ca7a4c507ca018e1f1188d0ed25b,delivered,2017-03-14 22:22:06,2017-03-14 22:22:06,2017-03-16 14:44:47,2017-03-31 17:06:48,2017-04-06,69.9,22.78,1,1,92.68,1,1,3.0,1.0,c2f459f4e247b4d70c822322cfbb7f03,91787,porto alegre,RS,16.781041666666667,22.06798611111111,0,92.68
e39540a5cc5d31832456faa0dab449c1,bab7a84c462498deb31eef36223fd56a,delivered,2017-03-14 22:26:56,2017-03-14 22:26:56,2017-03-16 10:23:42,2017-03-17 10:53:33,2017-04-03,20.9,8.72,1,1,29.62,2,1,5.0,1.0,9e3e66c81aeb17f3722efca5053de8f4,31330,belo horizonte,MG,2.5184837962962963,19.06462962962963,0,29.619999999999997
d54005052afdbf06d7a1d39cc9e45f92,9ac5cdcba84c5425f84b159685728624,delivered,2017-03-14 22:44:28,2017-03-14 22:44:28,2017-03-20 14:03:37,2017-04-08 01:38:49,2017-04-17,1589.0,59.64,1,1,1648.64,8,1,5.0,1.0,d1aef037cd06ae9e8018d05efd0ed17a,89190,taio,SC,24.121076388888888,33.052453703703705,0,1648.64
9ee894e843daa29faa726a8b6a85df35,a8b45d3d35d2d62a50ca248376db52b7,delivered,2017-03-14 22:44:44,2017-03-14 22:44:44,2017-03-24 16:54:33,2017-03-31 15:57:57,2017-04-13,176.99,96.63,1,1,273.62,1,1,3.0,1.0,da437a5316e35511dcc01d2835d01983,96290,tavares,RS,16.717511574074074,29.052268518518517,0,273.62
cf2025217f63100bdc2328402c3e2b1c,73bbcfcb50f0200bc6a83f902495c0c3,delivered,2017-03-14 23:01:01,2017-03-14 23:01:01,2017-03-20 05:31:50,2017-03-24 17:38:05,2017-04-04,69.0,18.76,1,1,87.75999999999999,1,1,5.0,1.0,305fc5e8eb0268e3935d867f000ab9b4,20756,rio de janeiro,RJ,9.77574074074074,20.040960648148147,0,87.76
6bfc71c2f11f45fc225b1e1476d0b6cd,b42cd76ddf2e92d35d9814fa55cc8dee,delivered,2017-03-14 23:07:45,2017-03-14 23:07:45,2017-03-20 08:48:52,2017-03-27 15:26:47,2017-04-04,129.9,20.99,1,1,150.89,1,1,1.0,1.0,1c9a0c8553006dec9af55f89b9ebd936,24120,niteroi,RJ,12.679884259259259,20.036284722222224,0,150.89000000000001
ab532e8d49a6cd8848ec641843b39b93,1c6a3710fa07390762846e86a7dbb490,delivered,2017-03-14 23:25:10,2017-03-14 23:25:10,2017-03-16 11:53:35,2017-03-24 14:59:49,2017-04-03,33.9,11.74,1,1,45.64,1,1,5.0,1.0,190687a3b8c31c71cd5df9bcf6602775,18170,piedade,SP,9.6490625,19.024189814814815,0,45.64
aa171699ddfdc0a2db68be25bd08ea2d,6edf692fc07691c010452f3de9b6df56,delivered,2017-03-14 23:39:12,2017-03-14 23:39:12,2017-03-16 09:55:00,2017-03-22 12:42:47,2017-04-05,62.9,25.94,1,1,88.84,1,1,5.0,1.0,4cad0bc3c6183fd6e851006e4f21c96b,35460,brumadinho,MG,7.544155092592592,21.014444444444443,0,88.84
40d702a17a6d8b52548cb922505283a9,f03aaf0ded9a8ad957afbd1efef59e80,delivered,2017-03-14 23:41:19,2017-03-14 23:41:19,2017-03-24 17:08:45,2017-04-10 11:57:10,2017-04-07,219.98,53.09,1,1,273.07,3,1,1.0,1.0,b3d8e92bc26ae3ce1c7f05120ce0f243,20510,rio de janeiro,RJ,26.511006944444443,23.01297453703704,1,273.07
b5b362ec945720b946181f08eb7bdd04,d60157b6edc4c62efe9bda6b47cadf5d,delivered,2017-03-15 00:17:58,2017-03-15 00:17:58,2017-03-15 15:57:12,2017-03-20 06:03:50,2017-04-03,45.9,10.96,1,1,56.86,4,1,5.0,1.0,c2f1bd7529dcb6abfa92705130fe3299,5567,sao paulo,SP,5.240185185185185,18.98752314814815,0,56.86
d079556268ebfb6ee516faac531c2f78,d00190f9daefc365f13c8f87b1f3a17b,delivered,2017-03-15 01:20:06,2017-03-15 01:20:06,2017-03-17 10:02:17,2017-04-08 03:20:05,2017-04-03,129.99,9.28,1,1,139.27,1,1,1.0,1.0,e5bf3e1fbbb0876f6ef29e7132850991,2323,sao paulo,SP,24.08332175925926,18.944375,1,139.27
1782944168d9dc2fcfd025bc44d898c8,9a033d3ece10a355d14111f8dabc115a,delivered,2017-03-15 01:34:41,2017-03-15 01:34:41,2017-03-15 14:03:15,2017-03-20 14:41:56,2017-04-03,29.9,10.96,1,1,40.86,1,1,5.0,1.0,b67b789e0fba679332dea99a8d881001,3312,sao paulo,SP,5.546701388888889,18.934247685185184,0,40.86
b62be88e52e1a504211a9b93f83cfa78,8d49f48fdd5db39e5be43546d69a848d,delivered,2017-03-15 04:25:48,2017-03-15 04:25:48,2017-03-16 10:52:13,2017-04-05 15:20:23,2017-04-05,649.75,18.72,1,1,668.47,8,1,5.0,1.0,a679859aff4d4e1615e18ea972b9aad2,88060,florianopolis,SC,21.45457175925926,20.815416666666668,1,668.47
f1d9bf2ed3273bf0d6bc69ed89d67701,a1d7fe4c8b7dd4e9d59e59fd51bd5909,delivered,2017-03-15 05:11:38,2017-03-15 05:11:38,2017-03-21 13:21:26,2017-03-23 06:43:54,2017-04-03,69.98,47.26,2,1,117.24,10,1,5.0,1.0,5463780fee38d54a482c2ebcc24b5ab1,9895,sao bernardo do campo,SP,8.064074074074075,18.78358796296296,0,117.24000000000001
058350ebe1e9c9b426d1331b4b6063d1,91ad3f8e690ac01a441bee801929b0fd,delivered,2017-03-15 05:44:17,2017-03-15 05:44:17,2017-03-15 11:29:50,2017-03-30 12:54:09,2017-04-07,42.99,15.65,1,1,58.64,4,1,4.0,1.0,e5c778e6b81792517b5c3c1a56037841,91250,porto alegre,RS,15.298518518518518,22.760914351851852,0,58.64
513d0aea6e84d49ab30dda9ab70053b1,09703c9d52696df6b0c0f4dd1c8729f8,delivered,2017-03-15 08:08:39,2017-03-15 08:08:39,2017-03-21 03:08:12,2017-03-23 12:58:35,2017-04-05,59.9,18.7,1,1,78.6,1,2,3.0,1.0,44dea3dd3d776aad6275f1417e04f4c8,71937,taguatinga,DF,8.201342592592592,20.66065972222222,0,78.6
db0d6bd65ccfca6371985ebcc2227efe,f40ed29ddf8d56ce6055e1a37094ab0e,delivered,2017-03-15 08:17:32,2017-03-15 08:17:32,2017-03-15 10:34:06,2017-03-17 11:52:03,2017-04-03,99.9,11.31,1,1,111.21,2,1,3.0,1.0,86c1cf9b50b98e75441353563862cd14,27916,macae,RJ,2.1489699074074076,18.65449074074074,0,111.21000000000001
543a9bf05657bd3c5099de23d13139a1,d9721a87b4755c5e9a9f9a67ef484575,delivered,2017-03-15 08:19:58,2017-03-15 08:19:58,2017-03-21 09:07:39,2017-03-28 13:04:07,2017-04-13,259.8,61.89,2,1,321.69,6,1,5.0,1.0,57b0b8c2c522feda58822ffc4f680375,46100,brumado,BA,13.19732638888889,28.652800925925927,0,321.69
e414d2bbb8c0c4fe5e9d51888c14c192,0c25c869d50456099b3026f0427afa64,delivered,2017-03-15 09:03:38,2017-03-15 09:03:38,2017-03-16 10:04:25,2017-03-27 11:23:54,2017-04-11,27.5,19.05,1,1,46.55,1,1,5.0,1.0,1e6710617d45cc88fe235ce34480d5e3,45900,caravelas,BA,12.097407407407408,26.62247685185185,0,46.55
cd3f1eb3138c86331f1d27332acdae59,11c66314e234e52a7dc67e9510ede3ae,delivered,2017-03-15 09:19:06,2017-03-15 09:19:06,2017-03-20 16:38:03,2017-03-27 13:52:50,2017-04-07,64.9,16.15,1,1,81.05,1,1,3.0,1.0,bea9f04455856515b699767458ea88fc,85811,cascavel,PR,12.190092592592592,22.61173611111111,0,81.05000000000001
20c75d31d2151bf4e0b8b398e64fb163,655939edc67abc8156b1cb681af427b0,delivered,2017-03-15 09:26:54,2017-03-15 09:26:54,2017-03-23 10:24:25,2017-03-27 12:41:25,2017-04-03,37.0,11.74,1,1,48.74,4,1,4.0,1.0,61df60ca9c9f49010c88273398af9eeb,11442,guaruja,SP,12.135081018518518,18.606319444444445,0,48.74
236d21060f892e44cfdfb2846ea93133,e39db554cd5f02b4f95308fcbb7c2028,delivered,2017-03-15 09:33:40,2017-03-15 09:33:40,2017-03-17 13:49:44,2017-03-20 11:17:02,2017-04-03,259.0,12.42,1,1,271.42,1,1,5.0,1.0,90b9f69b2d368d2b0cb867d9816d48ae,13479,americana,SP,5.071782407407407,18.60162037037037,0,271.42
949280c70c6d62ec9c06fffc5ecf1fe4,12a371f2183b5d71d81830f3dd3b32c8,delivered,2017-03-15 09:41:22,2017-03-15 09:41:22,2017-03-16 08:57:18,2017-04-10 12:12:48,2017-04-10,34.9,14.52,1,1,49.42,4,1,4.0,1.0,a6cba42f65ca310f74bcee5d8708819d,88045,florianopolis,SC,26.105162037037037,25.59627314814815,1,49.42
3c440cd6b051f95b4189123e5266ca02,60cf4d609aec86d69f3dcb588650f703,delivered,2017-03-15 10:37:21,2017-03-15 10:37:21,2017-03-17 11:46:45,2017-03-21 21:37:35,2017-04-03,236.0,35.12,4,1,271.12,1,1,4.0,1.0,5608e32938ecf1231462bf6d77f3a80f,3303,sao paulo,SP,6.45849537037037,18.557395833333334,0,271.12
92caa5283abcb12faf71683ba259debd,9185771cb5633deb3788397062512ee0,delivered,2017-03-15 10:43:37,2017-03-15 10:43:37,2017-03-16 14:47:19,2017-03-27 15:07:48,2017-04-06,59.9,14.59,1,1,74.49,1,1,,,75b1b1b5afa391cd48c2612a2cef5500,3026,sao paulo,SP,12.183460648148149,21.55304398148148,0,74.49
9934e7ff8eaacba82131dd85b7a0e156,c9f36cd5a864394f34c09abd36cb8939,delivered,2017-03-15 10:48:52,2017-03-15 10:48:52,2017-03-20 08:03:52,2017-04-04 13:17:43,2017-04-18,689.89,31.09,1,1,720.98,4,1,5.0,1.0,2f36b9e4684b5a910573dbee723bcb69,50660,recife,PE,20.103368055555556,33.54939814814815,0,720.98
4f7e7115e9774e0a45e016fa2cbe4b75,81f0639fc90123a98822afe9608e16fa,delivered,2017-03-15 10:51:33,2017-03-15 10:51:33,2017-03-16 10:52:05,2017-03-23 15:14:47,2017-04-10,285.6,16.17,1,1,301.77,8,1,5.0,1.0,45820daecf4c044ae684f67495fc281d,36092,juiz de fora,MG,8.182800925925926,25.547534722222224,0,301.77000000000004
910801da909d448f4d5751766b14ceda,6f329bf7590de3b4dcd5717e936ada67,delivered,2017-03-15 10:52:36,2017-03-15 10:52:36,2017-03-20 12:05:45,2017-03-23 16:54:09,2017-04-05,59.99,15.63,1,1,75.62,1,1,5.0,1.0,e39899fb1163344cac7ef285256bca51,89300,mafra,SC,8.251076388888889,20.546805555555554,0,75.62
fe586a853555fc16df58af7c72fc30dc,b5d969127bdba5ee81d09c86e6363176,delivered,2017-03-15 11:07:01,2017-03-15 11:07:01,2017-03-22 06:58:37,2017-03-31 16:47:01,2017-04-12,34.9,16.05,1,1,50.95,1,1,4.0,1.0,ad9a41097bbd4fb4fd0e84f7b409cffd,95320,nova prata,RS,16.23611111111111,27.53679398148148,0,50.95
4224d3207aa1acffc28e6b36c7c2c8af,26e6e761dffdfc0ba3d0ec3b4cc646f7,delivered,2017-03-15 11:20:40,2017-03-15 11:20:40,2017-03-16 13:09:07,2017-03-21 06:44:46,2017-04-03,37.5,12.93,1,1,50.43,1,1,5.0,1.0,34b32ded69852cae0a53ceeb42a0f19f,4563,sao paulo,SP,5.808402777777777,18.527314814814815,0,50.43
4fb76fa13b108a0d0478483421b0992c,5152585f73b24d675bd2e8316b4fa99d,delivered,2017-03-15 11:23:38,2017-03-15 11:23:38,2017-03-17 13:31:53,2017-03-21 13:31:59,2017-04-05,89.9,17.37,1,1,107.27000000000001,1,1,4.0,1.0,7293e0b38ab0dab128e6bfb7239c37ad,3260,sao paulo,SP,6.0891319444444445,20.52525462962963,0,107.27000000000001
2d7561026d542c8dbd8f0daeadf67a43,8199345f57c6d1cbe9701f92481beb8d,delivered,2017-03-15 11:24:27,2017-03-15 11:24:27,2017-03-16 09:29:16,2017-09-19 14:38:18,2017-04-13,32.9,20.8,1,1,53.7,1,1,3.0,1.0,186a453a38d349c487ccbf472b31fb39,49037,aracaju,SE,188.13461805555556,28.5246875,1,53.7
fbff77db5421bb7e1da292db45d07e75,7795e3faa6e16fc40aafee568b25a85d,delivered,2017-03-15 11:41:46,2017-03-15 11:41:46,2017-03-16 04:19:03,2017-03-20 10:34:54,2017-04-03,45.0,10.96,1,1,55.96,1,2,5.0,1.0,6ee4fdb7edab032aaa8392bab5446546,9060,santo andre,SP,4.953564814814815,18.512662037037035,0,55.96
9cd76a738c425b55aa860a6c5e469857,379e05bf7d5ea104170f08b3ba7b0e95,delivered,2017-03-15 12:02:38,2017-03-15 12:02:38,2017-03-17 13:31:46,2017-03-23 23:06:05,2017-04-05,119.8,31.26,2,1,151.06,3,1,5.0,1.0,f5b080930d88f9d787e499810b108229,94450,viamao,RS,8.460729166666667,20.498171296296295,0,151.06
08a8e10798c6955302701d17eb84fdc0,0cbab479f583876bf94810bb85aca618,delivered,2017-03-15 12:19:23,2017-03-15 12:19:23,2017-03-17 07:07:39,2017-03-23 09:12:05,2017-04-03,152.0,12.45,1,1,164.45,1,1,5.0,1.0,8626bd1c1bfc3055e51695cf4879917d,13760,tapiratiba,SP,7.869930555555555,18.486539351851853,0,164.45
644d53f0bf14fc2b7b89008c00ef5f45,b61cd933d2e2773e0a843e3ec1deeda0,delivered,2017-03-15 12:21:55,2017-03-15 12:21:55,2017-03-20 10:44:55,2017-03-24 13:38:01,2017-04-18,13.9,10.96,1,1,24.86,2,1,4.0,1.0,e5508ff3b3aff36d837ea8f4ade0daff,15718,pontalinda,SP,9.052847222222223,33.484780092592594,0,24.86
5f0fe7d686b2878d9aa1a72dbd9b72ce,858fc2fddb068b36f31568f7c9f2422a,delivered,2017-03-15 12:25:24,2017-03-15 12:25:24,2017-03-20 06:08:03,2017-03-27 12:16:34,2017-04-03,299.0,37.08,1,1,336.08,5,1,5.0,1.0,f8c6675e01e997c8e709c97633faf87b,16370,promissao,SP,11.993865740740741,18.48236111111111,0,336.08
6dd32235fbbc3ec781f875dcfd801a1a,af37cc29fd6e4080c427108093205a1e,delivered,2017-03-15 12:34:11,2017-03-15 12:34:11,2017-03-16 15:05:17,2017-04-07 20:57:52,2017-04-25,29.9,17.78,1,1,47.68,3,1,5.0,1.0,3908b14bef983f379b9bce767ef6f1d0,40301,salvador,BA,23.349780092592592,40.47626157407407,0,47.68
9a69279cb759e9f04faa0813fdc145ba,802ef306f64b03626d4f32b411ff57cd,delivered,2017-03-15 12:56:04,2017-03-15 12:56:04,2017-03-16 09:30:52,2017-03-20 17:48:35,2017-04-12,174.9,41.39,2,1,216.29,10,1,5.0,1.0,87c53832fd2b0b1942b0662f6c5666d6,21350,rio de janeiro,RJ,5.203136574074074,27.461064814814815,0,216.29000000000002
8c10a70852b8d854532e8f283062d56b,2fb51b813d18f5458abbf4bf3c642ce9,delivered,2017-03-15 13:15:43,2017-03-15 13:15:43,2017-03-21 09:12:27,2017-03-24 12:08:01,2017-04-03,42.99,10.96,1,1,53.95,1,1,5.0,1.0,5ef105f2fb593b7ffb43308c95d30e36,14412,franca,SP,8.95298611111111,18.44741898148148,0,53.95
987d15d9243956e5c58e1f2bfeeea98c,73d765b0b1b2c7649280b69676c337a8,delivered,2017-03-15 13:31:01,2017-03-15 13:31:01,2017-03-16 09:44:59,2017-03-24 10:23:53,2017-04-11,169.9,19.78,1,1,189.68,5,1,5.0,1.0,857104e1bfb81cb14e88ff07d1b22c70,26012,nova iguacu,RJ,8.870046296296296,26.436793981481483,0,189.68
47b0e0983b9239a0ac87843ffc19d0a5,7020e142bd2d3cbdaa532b65ac8fc35f,delivered,2017-03-15 13:31:52,2017-03-15 13:31:52,2017-03-17 07:51:52,2017-03-21 17:08:31,2017-04-03,112.99,9.78,1,1,122.77,1,1,5.0,1.0,4bd8b0af827fefd2472914252646428a,2316,sao paulo,SP,6.1504513888888885,18.436203703703704,0,122.77
896ebe72d716ef0ff2bf8f7a74c94870,a971ad3dd2bb014f351fdc75305597b9,delivered,2017-03-15 13:57:41,2017-03-15 13:57:41,2017-03-21 15:33:08,2017-03-29 11:42:51,2017-04-10,117.8,17.56,1,1,135.36,3,1,4.0,1.0,d763e1a90d84323be3e28d0cc0c20d02,25240,duque de caxias,RJ,13.90636574074074,25.418275462962963,0,135.35999999999999
507f91afedbd57681c60c5d8c447716f,c958c1fbd0747ce852aea9017838ee5c,delivered,2017-03-15 14:12:00,2017-03-15 14:12:00,2017-03-16 09:22:31,2017-03-20 07:08:48,2017-04-03,42.0,11.73,1,1,53.73,5,1,4.0,1.0,42ccb64a8249790bfbf885c6efc1cb40,4604,sao paulo,SP,4.706111111111111,18.408333333333335,0,53.730000000000004
ec5c62e3694f59fb2e2694eeea5efd99,0d782cacd6172d4c1ccaa85cf43dcbd4,delivered,2017-03-15 14:17:51,2017-03-15 14:17:51,2017-03-16 11:23:38,2017-03-23 15:27:14,2017-04-06,124.9,16.08,1,1,140.98,4,1,5.0,1.0,184932ddf3c1f0342017fe32660485f1,30840,belo horizonte,MG,8.04818287037037,21.40427083333333,0,140.98000000000002
ac1436b9efc2d8508c1abf9e4dca5709,9cae1ebde4a8d7f03a92da657abdb51c,delivered,2017-03-15 14:28:24,2017-03-15 14:28:24,2017-03-17 14:10:48,2017-04-07 15:23:01,2017-04-18,114.0,25.29,1,1,139.29,1,1,1.0,1.0,4d210caec5d9a335920c4a33e8afe467,33010,santa luzia,MG,23.03792824074074,33.39694444444444,0,139.29
61a029ab4f9a513d4ed1c5b3a5d4f125,dfcac2db95fccbb746eb05650547ed2b,delivered,2017-03-15 14:36:25,2017-03-15 14:36:25,2017-03-16 11:43:10,2017-03-27 15:18:21,2017-04-18,26.99,24.84,1,1,51.83,1,1,4.0,1.0,79835898766e90076f8b8d49f9b725b3,66811,belem,PA,12.02912037037037,33.39137731481482,0,51.83
08158c9f50214fc5872aba47814160e7,d34e0dba89b89a8aa2e00cb8b289f565,delivered,2017-03-15 14:37:37,2017-03-15 14:37:37,2017-03-22 10:51:59,2017-03-27 11:38:04,2017-04-07,219.9,89.87,1,1,309.77,6,1,1.0,1.0,7630fbd37e0acf91129ec3f07deb81ea,95705,bento goncalves,RS,11.8753125,22.390543981481482,0,309.77
6d7a867946b6ea936e0f9bff037d10a2,fe5e93461bf25c68ba32e98e196d77a3,delivered,2017-03-15 14:38:38,2017-03-15 14:38:38,2017-03-17 09:35:17,2017-03-21 10:27:38,2017-04-03,238.9,20.97,1,1,259.87,5,1,4.0,1.0,fac422b6713e8f7b01df7ab1b489bdff,15091,sao jose do rio preto,SP,5.825694444444444,18.389837962962964,0,259.87
9d1f30c30b178f88dc63a40f36298ee3,746c709f5dcc9721282005918209635d,delivered,2017-03-15 14:43:22,2017-03-15 14:43:22,2017-03-29 07:28:29,2017-04-07 15:03:07,2017-04-07,174.9,16.33,1,1,191.23,1,1,5.0,1.0,755315819bd72bda3b1ebfbcc754bb72,13504,rio claro,SP,23.013715277777777,22.386550925925928,1,191.23000000000002
26433be071eb28b998536367c0b2a6a8,e795c86066375fa459ee9af20e75d2d7,delivered,2017-03-15 14:52:55,2017-03-15 14:52:55,2017-03-17 08:46:22,2017-03-28 14:23:43,2017-04-11,99.99,36.53,1,1,136.52,1,1,5.0,1.0,8a427c1bb682f37d161d345818b82264,89870,pinhalzinho,SC,12.979722222222222,26.37991898148148,0,136.51999999999998
90a98aa71f20333f9e9f1f20474fdb5c,8c16df4246ae4e0a77a5060e8a48d019,delivered,2017-03-15 15:05:09,2017-03-15 15:05:09,2017-03-16 11:25:36,2017-03-22 13:25:37,2017-04-05,29.9,10.96,1,1,40.86,3,1,5.0,1.0,7fd3d22b5ae0f62d7af0657204afed2d,6505,santana de parnaiba,SP,6.930879629629629,20.371423611111112,0,40.86
1c17925c49f9d7785ecc1febf7f30363,d5121168d43b0c28479b59a2d52655fe,delivered,2017-03-15 15:06:40,2017-03-15 15:06:40,2017-03-21 03:08:12,2017-03-30 13:39:44,2017-04-05,59.9,18.7,1,1,78.6,1,1,5.0,1.0,13a79a5c9389b44570b22291a262a3d9,21371,rio de janeiro,RJ,14.93962962962963,20.37037037037037,0,78.6
acc9d9fa3a265bbc6b3411d5e8c5083d,307ca6d3d62b7f56d4c4a76dbcfe83f4,delivered,2017-03-15 15:17:54,2017-03-15 15:17:54,2017-03-16 09:15:51,2017-03-24 12:14:28,2017-04-07,49.7,14.11,1,1,63.81,1,1,5.0,1.0,3af0afdfa15d1a9ada578e483110bd22,22230,rio de janeiro,RJ,8.872615740740741,22.362569444444443,0,63.81
65e64bd96d206ac3c402d7af655ada63,463f511566778c137e18a75c7882c055,delivered,2017-03-15 15:41:19,2017-03-15 15:41:19,2017-03-16 12:43:52,2017-03-22 15:54:00,2017-04-03,44.9,10.96,1,1,55.86,1,1,5.0,1.0,301bcaac6077aa5e56aa5b6559846534,18520,cerquilho,SP,7.0088078703703705,18.34630787037037,0,55.86
35b63215663d34dc972adc12d2cfe9bf,c266da042d905d3d3ca0276604c78e52,delivered,2017-03-15 15:52:54,2017-03-15 15:52:54,2017-03-16 08:57:20,2017-03-22 12:18:10,2017-04-10,34.9,14.52,1,1,49.42,2,1,5.0,1.0,75a0ea5187aba83e66c77b483d13be61,85067,guarapuava,PR,6.850879629629629,25.33826388888889,0,49.42
96f182413ae321e91ee91f3e422c6416,fe4a4b61b1485be6c8e635377ea8f0ec,delivered,2017-03-15 15:54:53,2017-03-15 15:54:53,2017-03-21 15:17:00,2017-03-28 13:48:15,2017-04-05,76.49,15.3,1,1,91.79,1,1,4.0,1.0,7b7617a110435f0f5212a57af745bee0,22230,rio de janeiro,RJ,12.912060185185185,20.336886574074075,0,91.78999999999999
f2187ad0889a7f43d3b4b341f0124d84,453d8b7c9bcc632c55fb9864364036c7,delivered,2017-03-15 15:58:14,2017-03-15 15:58:14,2017-03-16 14:42:27,2017-03-30 12:37:54,2017-04-18,99.9,26.96,1,1,126.86,2,1,5.0,1.0,847d1f7186feffb0bfe55c1d1961dc38,55790,taquaritinga do norte,PE,14.860879629629629,33.33456018518518,0,126.86000000000001
1613193aa6cbc8820d6b5c12536722a0,61cc0e28471e6851f580dbdcb60854e3,delivered,2017-03-15 16:00:40,2017-03-15 16:00:40,2017-03-21 11:38:10,2017-04-18 12:12:02,2017-04-26,199.0,32.99,1,1,231.99,4,1,5.0,1.0,d35fad2ad0793f125d47ef65036d3de0,48330,rio real,BA,33.84122685185185,41.33287037037037,0,231.99
961e74f5989501c3f4e58b175753ff4b,7418c20b5b849992784b51ce99b43b1b,delivered,2017-03-15 16:25:29,2017-03-15 16:25:29,2017-03-16 06:52:19,2017-03-23 11:12:45,2017-04-04,129.0,11.51,1,1,140.51,5,1,5.0,1.0,3462632a621a8362bf4d3149b2432842,16920,castilho,SP,7.782824074074074,19.315636574074073,0,140.51
da48dc4b67c6a225cba172618417ac34,7126ec8fd6c81f9f0b3a50f337bcde4e,delivered,2017-03-15 16:34:04,2017-03-15 16:34:04,2017-03-16 10:04:20,2017-03-28 16:15:43,2017-04-05,15.32,14.52,1,1,29.84,1,1,5.0,1.0,8904db4793f88ea3508c678371f2dc70,54767,camaragibe,PE,12.987256944444445,20.309675925925927,0,29.84
26ba6dc5d33b55a3107a56f4e8d77395,c94b0a7723688efbdd4f0ffda201182a,delivered,2017-03-15 16:38:56,2017-03-15 16:38:56,2017-03-22 10:34:31,2017-03-24 00:20:11,2017-04-10,129.9,16.61,1,1,146.51,8,1,4.0,2.0,5ed4db82a99daa916b5a11e6c48df670,71060,brasilia,DF,8.3203125,25.306296296296296,0,146.51
38636a6a86131fe2c507943a16833350,f7fb63d6601b56b83781981988450f66,delivered,2017-03-15 16:38:57,2017-03-15 16:38:57,2017-03-16 10:06:55,2017-03-29 12:47:49,2017-04-07,127.99,23.19,1,1,151.18,8,1,4.0,1.0,5ed4db82a99daa916b5a11e6c48df670,71060,brasilia,DF,13.839490740740741,22.306284722222223,0,151.18
4b9a2fcf7058ab9f5609fc6556941297,5cbe5f384e68197de1f06c4bf7359e71,delivered,2017-03-15 16:43:06,2017-03-15 16:43:06,2017-03-20 15:47:11,2017-03-31 12:38:00,2017-04-07,89.0,15.38,1,1,104.38,1,1,5.0,1.0,68bbe97935e12499b4495158e86f46c0,22735,rio de janeiro,RJ,15.829791666666667,22.303402777777777,0,104.38
c92758b82c8796f0f576a9653e981689,162b9956835f34924ca94c209bec0d5a,delivered,2017-03-15 16:47:53,2017-03-15 16:47:53,2017-03-17 15:12:38,2017-04-04 17:24:08,2017-04-11,299.9,43.69,1,1,343.59,7,1,5.0,1.0,207f0b00f8451bd80cc5926fefec2d0f,88330,balneario camboriu,SC,20.02517361111111,26.30008101851852,0,343.59
98c012340047030b894d118bb56be94f,0390e8a506d1b5c6b545913a8900231f,delivered,2017-03-15 17:08:18,2017-03-15 17:08:18,2017-03-16 16:45:50,2017-03-20 06:12:51,2017-04-05,14.99,14.52,1,1,29.51,1,1,4.0,1.0,092f9a44ba4f3f80e3a0179845997bed,3603,sao paulo,SP,4.544826388888889,20.28590277777778,0,29.509999999999998
896701a2a04dda03c6d3d7b31f0a827c,471cb3740da797097bd218ed177df734,delivered,2017-03-15 17:10:49,2017-03-15 17:10:49,2017-03-16 08:56:02,2017-03-30 14:43:11,2017-04-05,33.8,29.04,2,1,62.84,1,1,5.0,1.0,d91d9ea7958ab17a6b03e40dc7124e3b,89140,ibirama,SC,14.897476851851852,20.28415509259259,0,62.839999999999996
85f56614259f06af1f2d8233109511b4,ca1cdd20afd582a805c787951ba0a30a,delivered,2017-03-15 17:15:12,2017-03-15 17:15:12,2017-03-16 06:37:39,2017-03-23 17:04:28,2017-04-06,79.0,14.31,1,1,93.31,1,1,5.0,1.0,fa7742512a1082c1223e467a3f038b41,30770,belo horizonte,MG,7.992546296296296,21.281111111111112,0,93.31
ffea406a848c8afe4dec22bf6290ba00,e85ff8cc3cc2c09bdb9204dd7930c0fb,delivered,2017-03-15 17:16:36,2017-03-15 17:16:36,2017-03-16 12:54:46,2017-04-05 18:48:06,2017-04-05,146.9,15.2,1,1,162.1,1,1,1.0,1.0,ffe3e199b9d0b7fb7d2d29a5b9498447,38411,uberlandia,MG,21.063541666666666,20.28013888888889,1,162.1
1e0efbb6f899f5f08e26951b1e170387,17d55ba276d78309f1993e6d205c7c74,delivered,2017-03-15 17:30:14,2017-03-15 17:30:14,2017-03-17 09:00:52,2017-04-11 16:26:32,2017-04-13,339.96,108.24,4,1,448.2,1,1,3.0,1.0,bc78f39e91bb48ceb856abbc417f952b,78580,alta floresta,MT,26.95576388888889,28.270671296296296,0,448.2
bf3dfe9c6770896602562c35b08e3419,0e96143af9d9961fa2324db67d98bb29,delivered,2017-03-15 17:57:01,2017-03-15 17:57:01,2017-03-17 06:34:16,2017-03-21 15:14:13,2017-04-03,29.99,8.72,1,1,38.71,1,1,5.0,1.0,6dc1802b678d30cc0cb0a9da873fc583,3084,sao paulo,SP,5.8869444444444445,18.25207175925926,0,38.71
63c9a278e2db31d8f1c92babe1b0ae5d,92c7ec0f765c23a7e86b6b96a6b707ac,delivered,2017-03-15 18:08:19,2017-03-15 18:08:19,2017-03-17 11:52:24,2017-03-27 14:34:04,2017-04-05,14.99,14.52,1,1,29.51,2,1,5.0,1.0,b824817bedb40fd8ffce42af94d0d159,7173,guarulhos,SP,11.851215277777778,20.244224537037038,0,29.509999999999998
e32f30334d29fb3811f44538904a8517,87601c2e5f41dbe016d4693dc1ba415a,delivered,2017-03-15 18:31:57,2017-03-15 18:31:57,2017-03-20 09:24:02,2017-03-24 14:14:14,2017-04-10,169.9,13.77,1,1,183.67,10,1,5.0,1.0,34350f8d9be701a6645ca0bf954161fe,8780,mogi das cruzes,SP,8.821030092592592,25.2278125,0,183.67000000000002
fde5931c072d09a2a89da86b20ab0451,029a95a46e81be7eb7b4f875e160528d,delivered,2017-03-15 18:53:36,2017-03-15 18:53:36,2017-03-16 10:34:29,2017-03-24 19:04:03,2017-04-04,29.6,10.96,1,1,40.56,4,1,5.0,1.0,2dfa6bc8c7ffb458e399e69233352dbc,11705,praia grande,SP,9.007256944444444,19.212777777777777,0,40.56
4fa0555af785b01d6fd80634b8c3a87a,d9fbc5310983b8d38e97846ce8dc46a5,delivered,2017-03-15 19:08:27,2017-03-15 19:08:27,2017-03-16 11:40:44,2017-03-23 07:29:23,2017-04-05,582.5,18.25,1,1,600.75,3,1,5.0,1.0,3e2c9af03b09916e5237cbccf60babc4,18670,areiopolis,SP,7.514537037037037,20.202465277777776,0,600.75
1c8757886a51b1d2a57ef26e7004ee37,386e4ddbf54f557c9d251e49d32ca7c2,delivered,2017-03-15 19:26:44,2017-03-15 19:26:44,2017-03-17 10:41:46,2017-03-28 18:24:57,2017-04-07,235.0,15.82,1,1,250.82,2,1,4.0,1.0,272c0b6034c4d5b0b42252d40a9b53b4,35052,governador valadares,MG,12.957094907407408,22.18976851851852,0,250.82
1affc4ad6b0957720114bf91c2f39879,022f4d871399246624c353f06712cb75,delivered,2017-03-15 19:34:30,2017-03-15 19:34:30,2017-03-17 12:42:40,2017-03-23 15:42:06,2017-04-03,16.79,10.96,1,1,27.75,1,1,5.0,1.0,5666d6c780d86bdc41dbbd57783d0f49,18134,sao roque,SP,7.838611111111111,18.184375,0,27.75
1bb808438d953f0b816a43fca01390af,d89f7143ab114605b91349810656abb4,delivered,2017-03-15 19:35:17,2017-03-15 19:35:17,2017-03-20 15:21:05,2017-03-28 17:54:55,2017-04-07,385.6,24.99,1,1,410.59,10,1,5.0,1.0,0d3ea90688e4b68c0921d78a170e7507,96083,pelotas,RS,12.930300925925925,22.183831018518518,0,410.59000000000003
e36c97cb9a540d3d118ab4bf988868c6,c80af1412ad477cbbd8527725403e3a9,delivered,2017-03-15 19:36:12,2017-03-15 19:36:12,2017-03-17 13:33:24,2017-03-21 05:35:11,2017-04-06,20.9,14.11,1,1,35.01,1,1,3.0,1.0,8e65de42bac81c6aa9a9dd5a953afb9b,1503,sao paulo,SP,5.415960648148148,21.183194444444446,0,35.01
82f1ef1e66fd6c8297a78ba0ed3a570a,6c57ef77cab6ab22eccd69f110983ecc,delivered,2017-03-15 19:41:03,2017-03-15 19:41:03,2017-03-20 10:47:29,2017-03-23 15:37:12,2017-04-03,69.9,11.88,1,1,81.78,3,1,5.0,1.0,65932ef783cb237677e354d01292c9eb,5145,sao paulo,SP,7.830659722222222,18.179826388888888,0,81.78
2894a7132c45ea461bc47c5a3bb1c6e0,55eefcb372927b18fcc3673b54de5311,delivered,2017-03-15 19:42:03,2017-03-15 19:42:03,2017-03-17 11:32:44,2017-03-31 08:53:37,2017-04-05,132.7,26.43,1,1,159.13,3,1,5.0,1.0,075fc46f02fef5d79276ae2dc06afa61,84015,ponta grossa,PR,15.549699074074073,20.179131944444446,0,159.13
ab99e730d7d27b4d197f5cae9303170f,87514386742f25a6bc39e30c562a1bb5,delivered,2017-03-15 19:48:58,2017-03-15 19:48:58,2017-03-17 13:13:03,2017-03-23 14:53:45,2017-04-10,35.99,10.96,1,1,46.95,4,1,5.0,1.0,672057ab52ecdb1cf905095ea17ccd85,13419,piracicaba,SP,7.794988425925926,25.174328703703704,0,46.95
16b1ede10202dd1e72ae0f96b35d08fb,2da1a598d5edcf718a3c75908f7c4a4a,delivered,2017-03-15 19:57:50,2017-03-15 19:57:50,2017-03-20 08:48:51,2017-03-27 14:44:01,2017-04-05,129.9,20.99,1,1,150.89,1,1,3.0,1.0,e6bb34e217f1ab2471b82ed37dd35a7b,18015,sorocaba,SP,11.78207175925926,20.168171296296297,0,150.89000000000001
275a683f9d935da3b306ef3b0260f965,2b181c4b0b19ba2fb48a8414417addb1,delivered,2017-03-15 20:09:19,2017-03-15 20:09:19,2017-03-20 13:14:26,2017-03-24 16:37:41,2017-04-03,12.0,21.92,2,1,33.92,1,1,3.0,1.0,9ee6e1d946a329826a4b856b60b8f017,13090,campinas,SP,8.853032407407408,18.16019675925926,0,33.92
a76ada6fa5bcfc4b6225ec88c219ab99,23227f94be082fdbf86795983cd4ff4f,delivered,2017-03-15 20:14:39,2017-03-15 20:14:39,2017-03-21 15:07:13,2017-03-27 20:03:48,2017-04-03,6.5,8.72,1,1,15.22,1,1,5.0,1.0,a739e18da2ae060751cb8cff6313d729,2615,sao paulo,SP,11.992465277777777,18.156493055555554,0,15.22
05608987284e4c496bec56c52fdb0a6c,8f5af572009e7490315259d1da83eb09,delivered,2017-03-15 20:21:03,2017-03-15 20:21:03,2017-03-16 15:32:58,2017-03-30 17:33:24,2017-04-12,209.5,15.64,1,1,225.14,1,1,5.0,1.0,4a06f217ed0b9f9376564219499d69b2,89216,joinville,SC,14.883576388888889,27.152048611111113,0,225.14
9da7320835e438e015d139c344164285,7d76b9e2c05681d60df438f449e8e584,delivered,2017-03-15 20:21:39,2017-03-15 20:21:39,2017-03-22 17:59:06,2017-03-27 15:57:47,2017-04-10,320.99,12.86,1,1,333.85,1,1,5.0,1.0,29331c909f5eee04e309a3d5ba52fce0,3720,sao paulo,SP,11.816759259259259,25.151631944444443,0,333.85
28b33b3ff1e1ef5e83ff16ade701d262,152f7f1e31c841edcb2e9d218b90e2af,delivered,2017-03-15 20:31:34,2017-03-15 20:31:34,2017-03-16 06:39:06,2017-03-23 16:52:23,2017-04-04,95.0,11.28,1,1,106.28,4,1,4.0,1.0,7e8044cc943709716d3b41bd9be977ae,15600,fernandopolis,SP,7.847789351851852,19.14474537037037,0,106.28
ec3a75fb0ac595e461765d2d854b1d08,14308d2303a3e2bdf4939b86c46d2679,delivered,2017-03-15 21:04:08,2017-03-15 21:04:08,2017-03-20 08:34:12,2017-04-05 11:07:12,2017-04-26,59.9,24.42,1,1,84.32,1,1,3.0,1.0,e7f8760e2bbd2f1986bebd99596c088e,66033,belem,PA,20.585462962962964,41.12212962962963,0,84.32
39cb3c161fca712dbe881de9eccfe19a,2d91a3bbd8ccc17c9b5ef5758f2b5fe2,delivered,2017-03-15 21:19:51,2017-03-15 21:19:51,2017-03-21 17:38:42,2017-04-11 12:20:08,2017-04-12,43.99,21.82,1,1,65.81,6,1,4.0,1.0,2c88ae9990320d917845ad5ac1b38b41,87209,cianorte,PR,26.62519675925926,27.111215277777777,0,65.81
a19f578b12bca98c69170dff3d7b9599,2f2dbae2eeb2f76a1f1201875073624e,delivered,2017-03-15 21:23:47,2017-03-15 21:23:47,2017-03-21 09:11:46,2017-03-24 17:28:05,2017-04-06,169.9,16.3,1,1,186.2,3,1,3.0,1.0,9c83d49fec239226cfb7eb08c85af10d,13390,rio das pedras,SP,8.836319444444445,21.108483796296298,0,186.20000000000002
025c72e88fbf2358be05c594d4ad5091,4e766deafc3ec54aa57cb6d4d705e506,delivered,2017-03-15 21:24:27,2017-03-15 21:24:27,2017-03-16 13:54:27,2017-03-28 16:08:03,2017-04-13,39.8,41.6,2,1,81.4,2,1,3.0,1.0,3283673183a99cff1de963f7d44063e5,75110,anapolis,GO,12.780277777777778,28.108020833333335,0,81.4
2573400a7beba401684ca3eca5e38936,45cb012906505930fa83d7f85939a7e0,delivered,2017-03-15 21:25:00,2017-03-15 21:25:00,2017-03-16 14:23:44,2017-04-06 10:25:53,2017-04-05,139.0,15.14,1,1,154.14,5,1,4.0,1.0,75ecb9c8cdcf92cb5d6eced1ed5dc44f,85913,toledo,PR,21.54228009259259,20.10763888888889,1,154.14
a7a059568a1148582144bcc98773cb10,6f02f922fac04edffca4b545e5bfefe8,delivered,2017-03-15 21:38:46,2017-03-15 21:38:46,2017-03-16 14:40:47,2017-03-30 16:57:41,2017-04-20,300.0,17.8,1,1,317.8,1,1,5.0,1.0,731549cda3b40efa2afd1d88ced3fc86,89239,joinville,SC,14.80480324074074,35.098078703703706,0,317.8
129538e4bc7308e9ab041540283813f2,482da0f3d74585e56f424bacb4d3741c,delivered,2017-03-15 21:50:14,2017-03-15 21:50:14,2017-03-17 06:34:15,2017-03-23 16:08:02,2017-04-03,18.99,10.96,1,1,29.95,1,1,5.0,1.0,041caba6a63ace5818387698ea85cdb2,7050,guarulhos,SP,7.762361111111111,18.090115740740742,0,29.95
7d0a7957897551b77224fc297e8f6046,b8936eebb611c6af9b609ed39594c33a,delivered,2017-03-01 00:01:30,2017-03-01 00:50:26,2017-03-01 13:10:42,2017-04-17 09:25:16,2017-04-03,29.9,22.28,1,1,52.18,1,1,1.0,1.0,426f0839fbb0679c6f1ef8f80cc30c66,78048,cuiaba,MT,47.39150462962963,32.998958333333334,1,52.18
31a606477f15f8ff5f8417bb46f83a5e,94889e991b908bed85be6550b6f60e11,delivered,2017-03-01 00:12:13,2017-03-02 03:42:00,2017-03-03 09:13:48,2017-03-07 10:51:01,2017-03-20,39.0,10.96,1,1,49.96,1,1,4.0,1.0,d5536cc12141c60bcf4e85b3aaef9cf6,7190,guarulhos,SP,6.443611111111111,18.991516203703704,0,49.96
b80d00e60a179d02f242e3f420023c78,283081efda8421b64dceba3e98ed43ab,delivered,2017-03-01 00:44:11,2017-03-02 03:50:28,2017-03-08 15:43:14,2017-03-18 10:24:45,2017-03-28,99.9,18.13,1,1,118.03,1,1,5.0,1.0,82de75a058df73a76fe7f2c2021f79fe,45650,ilheus,BA,17.403171296296296,26.96931712962963,0,118.03
7aa50aad959e4345b45b9732bc346a6e,f0426deff141dffab4da4832186f4a36,delivered,2017-03-01 02:16:01,2017-03-02 04:03:43,2017-03-03 14:01:24,2017-03-06 15:34:28,2017-03-28,27.0,16.05,1,1,43.05,1,1,5.0,1.0,12072fd221c97ff598515f5a8b94d08e,4278,sao paulo,SP,5.554479166666667,26.905543981481483,0,43.05
5317d6f0c0b5822201596d8f4aabdc6e,061ef7eda5cb54d9ccde7f54ea98f7fc,delivered,2017-03-01 06:24:20,2017-03-03 06:45:15,2017-03-03 12:18:00,2017-03-14 15:52:24,2017-03-24,158.9,29.28,1,1,188.18,1,1,4.0,1.0,336a58bfc72c8a05d6f17fe74a7ecda4,30830,belo horizonte,MG,13.394490740740741,22.733101851851853,0,188.18
450c49623c365a4edcf0c5a2c93aa7c9,5a1739996fb7a15067fa38c3a0a1097e,delivered,2017-03-01 08:08:10,2017-03-02 15:32:28,2017-03-03 13:42:55,2017-03-08 10:26:04,2017-03-29,35.0,14.52,1,1,49.52,1,1,3.0,2.0,e23daf58ce481f3d38066e654ef610cb,36800,carangola,MG,7.0957638888888885,27.66099537037037,0,49.519999999999996
04d93c61c57f9d6d4886adce5a64a9b0,606b9b7f9b4d451c3824adc8386d0557,delivered,2017-03-01 08:28:57,2017-03-01 16:35:18,2017-03-02 13:01:40,2017-03-07 07:53:41,2017-03-20,128.8,18.259999999999998,2,1,147.06,1,1,4.0,1.0,06b609212808563b18a3f818b86dd01d,5858,sao paulo,SP,5.975509259259259,18.6465625,0,147.06
b9b6258fd7df83978bd49c201c288953,44396769f53f5560ba348bce5147c79a,delivered,2017-03-01 08:32:00,2017-03-03 02:30:32,2017-03-03 13:41:57,2017-03-15 16:27:56,2017-03-24,49.9,17.09,1,1,66.99,1,1,4.0,1.0,00a218ea82c458456098caa1c4a7e796,36640,mar de espanha,MG,14.330509259259259,22.644444444444446,0,66.99
