order_id,customer_id,order_status,order_purchase_timestamp,order_approved_at,order_delivered_carrier_date,order_delivered_customer_date,order_estimated_delivery_date,gross_merchandise_value,freight_value,item_count,seller_count,payment_value,payment_installments,payment_types,review_score,review_count,customer_unique_id,customer_zip_code_prefix,customer_city,customer_state,actual_delivery_days,promised_delivery_days,is_late,net_revenue
9d343b43e2a3552fdfaff5ad21a9af61,a0c5cbf7dae5ccd736f5c2576bccf564,delivered,2017-04-01 00:54:10,2017-04-01 01:05:30,2017-04-05 06:50:07,2017-04-17 17:36:58,2017-04-26,69.9,14.25,1,1,84.15,4,1,5.0,1.0,c6c431ac2e6fb4433711fa86143dc446,30431,belo horizonte,MG,16.69638888888889,24.96238425925926,0,84.15
e49d81cefb427df79734efdb90023352,9133fb73714e995e2a4426ea1753c3fd,delivered,2017-04-01 00:55:07,2017-04-01 01:05:24,2017-04-05 12:50:19,2017-04-10 06:30:04,2017-05-09,25.9,10.96,1,1,36.86,1,1,5.0,1.0,df2c418b45e7990646635bb042cb1dba,4505,sao paulo,SP,9.232604166666667,37.961724537037036,0,36.86
fed4ca34aeb50d89ab8f08db03c8c800,2c51d0c600a3cf399f2afad8a74ae1b1,delivered,2017-04-01 02:05:23,2017-04-01 02:22:30,2017-04-07 13:34:52,2017-04-11 09:55:01,2017-05-16,188.99,15.09,1,1,204.08,4,1,5.0,1.0,b99d74a79c10e715adaf03cd5779b787,17012,bauru,SP,10.326134259259259,44.91292824074074,0,204.08
c661253cb9754d5c570886f866e9e4c9,87fc1f623028e4400913dd7a684c8d3f,delivered,2017-04-01 06:25:30,2017-04-04 06:02:39,2017-04-20 11:34:27,2017-05-07 14:37:56,2017-04-26,139.99,21.06,1,1,161.05,1,1,1.0,1.0,5117941e9f5501b14001d32926016cd7,5344,sao paulo,SP,36.341967592592596,24.732291666666665,1,161.05
119be2d35bae88654dc45922a1ea3830,a376b08483daafb5a7c16988d7123cc0,delivered,2017-04-01 09:04:09,2017-04-01 09:15:10,2017-04-04 10:45:49,2017-04-07 17:37:06,2017-04-28,89.9,13.21,1,1,103.11,3,1,4.0,1.0,86f4a61f8fac09b4a7f94ab3c5b6ae47,9720,sao bernardo do campo,SP,6.356215277777777,26.622118055555557,0,103.11000000000001
1ad1ca4550bd6dbd299d8538a86e5400,30f9adf897b5a65c80f9a9fb5bd03234,delivered,2017-04-01 09:50:09,2017-04-01 10:05:10,2017-04-03 12:57:58,2017-04-06 13:28:47,2017-05-03,27.0,16.05,1,1,43.05,1,1,5.0,1.0,5dbcb21f1c87086be75be5245226e4ab,5410,sao paulo,SP,5.151828703703703,31.590173611111112,0,43.05
5475648b2026b3c1c9644656fa648bb8,3233824abac66b13902632706385b633,delivered,2017-04-01 09:51:18,2017-04-01 10:05:09,2017-04-04 13:48:43,2017-04-07 12:03:02,2017-04-24,98.99,15.8,1,1,114.79,2,1,5.0,1.0,7515714a3bce03814839d501eca6d7f1,13830,santo antonio de posse,SP,6.091481481481481,22.589375,0,114.78999999999999
afccf88c36161bee5115afcc8fe3cdad,05fdaa94a8d41275bce5b1b1ab5a6733,delivered,2017-04-01 10:03:35,2017-04-04 06:02:33,2017-04-04 15:55:44,2017-04-13 12:26:19,2017-04-26,98.9,14.86,1,1,113.76,1,1,5.0,1.0,b23fca872b3e0e088f5db7374b0c11c5,86026,londrina,PR,12.09912037037037,24.580844907407407,0,113.76
ac1dce035adc8c31bd95b3042286e137,e8b60775fce3a9380e7621fa3d89124c,delivered,2017-04-01 10:21:49,2017-04-01 10:35:19,2017-04-03 15:27:55,2017-04-06 16:38:20,2017-04-26,69.0,14.65,1,1,83.65,2,1,3.0,1.0,aedcbd139350338facf98d925e36b9b0,38480,tupaciguara,MG,5.261469907407408,24.56818287037037,0,83.65
ba51874504000c8e2b9d439d66b6b099,1e9d08279906bfa93811f5d8b8c92523,delivered,2017-04-01 10:30:09,2017-04-01 10:42:21,2017-04-05 12:42:57,2017-04-11 12:22:35,2017-05-11,24.9,14.52,1,1,39.42,1,1,4.0,1.0,7976816fe0dc32e630bd83d0e7295a33,36700,leopoldina,MG,10.078078703703703,39.56239583333333,0,39.42
9a153d3651e569cbab9fa589c6554972,daa1cd9ce91af39a90ddd87d37f99f7a,delivered,2017-04-01 10:43:50,2017-04-04 05:55:18,2017-04-05 13:53:09,2017-04-08 23:53:14,2017-05-03,34.99,16.05,1,1,51.04,1,1,4.0,1.0,82a154038ccb893b4e3b795495e93dc7,72225,brasilia,DF,7.548194444444444,31.55289351851852,0,51.040000000000006
6baba4edd521964e1f16b03eff660868,b45ea9acbd0aea9a6cf36bfefb9675b6,delivered,2017-04-01 10:44:01,2017-04-04 05:55:16,2017-04-04 14:34:53,2017-04-06 07:39:49,2017-04-18,1654.44,18.23,1,1,1672.67,1,1,5.0,1.0,ff0e4a6f3114ad1d211b885159bf1eb2,1025,sao paulo,SP,4.872083333333333,16.552766203703705,0,1672.67
78af2a39c54cf8bac845324f86cf81f0,b2a6a6ad7cd201aee13e057cc1145abf,delivered,2017-04-01 10:44:29,2017-04-01 11:02:22,2017-04-03 16:37:28,2017-04-17 07:08:57,2017-04-26,19.99,14.52,1,1,34.51,3,1,5.0,1.0,0a6b7f0adaf1e1752925599e902a0713,88475,anitapolis,SC,15.850324074074074,24.55244212962963,0,34.51
82f4132e89e21a9294ff6bee8e6a9a3a,3dbac935fb077003b3cd7b6e9ae9ecb7,delivered,2017-04-01 11:23:53,2017-04-04 05:45:13,2017-04-04 13:14:38,2017-05-07 10:27:33,2017-05-12,15.0,20.8,1,1,35.8,1,1,5.0,1.0,45861d13dc73fcddf277794733a88510,57305,arapiraca,AL,35.96087962962963,40.52508101851852,0,35.8
09e74688e8059c85519cce1489af2e5c,212c138741751c407754e4ad14763dd4,delivered,2017-04-01 12:02:13,2017-04-01 12:15:26,2017-04-05 09:48:07,2017-04-07 07:22:24,2017-05-02,184.9,13.87,1,1,198.77,10,1,4.0,1.0,cd37af667f322ebc0f8d084f0ad72c5c,7074,guarulhos,SP,5.8056828703703705,30.498460648148146,0,198.77
af695d977f49fc0b29d716dce0c755fc,09bdb008aba35184628f9ae291c7a8ca,delivered,2017-04-01 12:25:33,2017-04-04 05:50:20,2017-04-05 07:16:05,2017-04-18 17:16:02,2017-05-05,89.9,19.22,1,1,109.12,1,1,5.0,1.0,2a09318a005145ef2b1999bdab762d2c,91770,porto alegre,RS,17.201724537037038,33.482256944444444,0,109.12
a8026b902d1c542d5a42d1010f8f752d,785517b799a2fdddbe9ddd5805f0aafd,delivered,2017-04-01 12:29:50,2017-04-01 13:06:25,2017-04-03 09:36:49,2017-04-10 15:46:36,2017-04-26,329.9,16.48,1,1,346.38,10,2,5.0,1.0,5ab184ff353d5cdb3f1e58c8b0486468,35590,lagoa da prata,MG,9.136643518518518,24.479282407407407,0,346.38
793df0d4fd68cb0530ca5b533e3f1b84,508d6ba2adb4145700984a9c3f946cb7,delivered,2017-04-01 12:35:40,2017-04-01 13:06:43,2017-04-03 09:38:05,2017-04-10 16:21:41,2017-04-26,292.9,16.22,1,1,309.12,8,1,5.0,1.0,cbdc6920ffe137ac734bb5ae05842165,39827,pote,MG,9.15695601851852,24.475231481481483,0,309.12
f240664fa94d4650c67cbdc818bc8135,08795c52e7b0525cd0b5bf92a66da58d,delivered,2017-04-01 12:40:40,2017-04-02 13:42:26,2017-04-03 09:38:03,2017-04-04 15:40:01,2017-04-24,585.8,25.32,2,1,611.12,5,1,5.0,1.0,e770900b7b855ab3499928cce863eb34,21930,rio de janeiro,RJ,3.124548611111111,22.471759259259258,0,611.12
6bf6ed15e270872bcf65052a0307d6fa,47f773dfff4d38e72ce3d45027b55ca4,delivered,2017-04-01 12:45:07,2017-04-01 13:07:20,2017-04-03 15:59:59,2017-04-18 12:26:25,2017-05-05,89.99,21.08,1,1,111.07,10,1,5.0,1.0,13983d40cac41bbdb300a67e8e8c7a26,77900,tocantinopolis,TO,16.98701388888889,33.46866898148148,0,111.07
e82987745d31588f2815293de731fa0c,cb773f58c707ce38c878d31cc28a213b,delivered,2017-04-01 13:09:23,2017-04-01 13:23:20,2017-04-03 12:51:33,2017-04-05 17:04:11,2017-04-24,22.0,8.72,1,1,30.72,3,1,5.0,1.0,969acb1e7147b79c775fa0d8e9ecd8dc,5754,sao paulo,SP,4.163055555555555,22.451817129629628,0,30.72
381e1d8755e821c57966725a4c690059,34a277f1b600dd8f5e95468cb8a10ce9,delivered,2017-04-01 13:38:23,2017-04-04 05:50:37,2017-04-05 14:34:29,2017-04-20 16:40:18,2017-05-03,54.9,17.81,1,1,72.71,1,1,4.0,1.0,ff7014eeb94589da99e822e2618090fa,74370,goiania,GO,19.126331018518517,31.43167824074074,0,72.71
9da02db988be4c6560597e90391a4cdc,b51ef2f9b84214cc18a0c1b6e2860a7d,delivered,2017-04-01 13:40:12,2017-04-01 13:50:17,2017-04-05 08:58:00,2017-04-10 17:55:15,2017-04-24,103.97,24.01,1,1,127.98,2,1,5.0,1.0,00522457bba00bba576a34fd9b4808fd,2402,sao paulo,SP,9.177118055555555,22.430416666666666,0,127.98
de4b205a30d85c902a79bf99f8c77c21,bc514ba92bc9b2d6c439bd09cc68e18b,delivered,2017-04-01 13:45:09,2017-04-01 14:02:43,2017-04-10 18:04:45,2017-04-18 13:22:08,2017-05-12,129.6,21.36,1,1,150.96,1,1,4.0,1.0,628d378a089ec7bda0bb7132d982d206,41927,salvador,BA,16.984016203703703,40.42697916666667,0,150.95999999999998
1c1edc51639298654e55f2408a244f29,4019c8a62bc1d577f20482e60b3f8250,delivered,2017-04-01 14:19:45,2017-04-01 14:30:16,2017-04-05 08:22:36,2017-04-12 12:11:52,2017-04-27,154.9,13.66,1,1,168.56,7,1,5.0,1.0,c339119ffacb794045508dd579fe8a8e,13733,mococa,SP,10.91119212962963,25.402951388888887,0,168.56
6f497c40431d5fb0cfbd6c943dd29215,5beb36d1757aa17a044222a7d79b9820,delivered,2017-04-01 14:26:15,2017-04-04 05:55:32,2017-04-04 16:19:49,2017-04-06 14:53:18,2017-04-27,29.0,10.96,1,1,39.96,1,1,5.0,1.0,20b4eaef2100b061787764c2cba43541,12703,cruzeiro,SP,5.018784722222223,25.3984375,0,39.96
62f8b4d7c208d43df56f66ad44f2a4e4,637f21cf43b788aa092fed350538f00b,delivered,2017-04-01 14:39:21,2017-04-01 14:50:18,2017-04-03 14:43:50,2017-04-06 20:42:51,2017-04-25,79.99,11.95,1,1,91.94,9,1,5.0,1.0,fcdeb874d4198f4906cbdc97ed06b741,9051,santo andre,SP,5.252430555555556,23.389340277777777,0,91.94
0d702aba7840fe6e6942e419648d9e0e,28d50d01106af1d9993aeafccfc3a8e3,delivered,2017-04-01 14:44:04,2017-04-01 14:50:20,2017-04-03 15:20:07,2017-04-19 11:58:13,2017-04-28,69.0,16.91,1,1,85.91,1,1,4.0,1.0,6eead3dc7009e19950bb69d311809a32,71020,brasilia,DF,17.88482638888889,26.386064814814816,0,85.91
681c2cfadee8433325e2fbab33593cd3,b2bccc82326a6f4bc22b66371c027d60,delivered,2017-04-01 15:08:20,2017-04-01 15:22:24,2017-04-05 09:48:15,2017-04-20 10:08:12,2017-04-24,299.9,10.47,1,1,310.37,1,2,5.0,1.0,a298cb329fd2b41fbb02a0e66a7c27ef,3658,sao paulo,SP,18.791574074074074,22.369212962962962,0,310.37
a78827f77fce6acac3db78145b4c7f4a,9f74f66b1e347f122d8aec82f8dc4633,delivered,2017-04-01 15:13:25,2017-04-04 06:05:34,2017-04-06 05:28:09,2017-04-10 13:28:18,2017-04-28,59.9,17.26,1,1,77.16,1,1,5.0,1.0,9d9c3d5d3f32faa84b583fccffe294e7,36420,ouro branco,MG,8.927002314814814,26.36568287037037,0,77.16
7d41a21f009105cf89773058d28abfab,5ecd1e8699c5bb1ae31dabaf719a0ef1,delivered,2017-04-01 15:30:14,2017-04-03 20:10:15,2017-04-06 10:38:34,2017-04-11 15:54:36,2017-04-28,26.9,14.52,1,1,41.42,2,1,5.0,1.0,e0da90d219a4a3f91e1a57dec6e3b8b2,35500,divinopolis,MG,10.016921296296296,26.354004629629628,0,41.42
ac086c46cd97732d9bbef84d3e0d3c43,4181c1efd9dac6b7c835fddf36b25185,delivered,2017-04-01 15:42:51,2017-04-04 05:55:29,2017-04-04 15:20:21,2017-04-25 12:25:19,2017-05-08,89.9,21.08,1,1,110.98,1,1,5.0,1.0,7c927c2454a57a0e02fcaceb99750523,78630,campinapolis,MT,23.862824074074073,36.34524305555556,0,110.98
e327b1f61853b5d93ba0c53bf998b557,dd742ad37209136e32c9530457372fe9,delivered,2017-04-01 15:42:51,2017-04-04 05:55:25,2017-04-05 07:23:05,2017-04-25 15:16:33,2017-05-09,65.06,22.39,1,1,87.45,1,1,5.0,1.0,7c927c2454a57a0e02fcaceb99750523,78630,campinapolis,MT,23.98173611111111,37.34524305555556,0,87.45
886b114d034f4ac1d39d964c1b2a8182,cfc025a164a95cd7206415925d71021b,delivered,2017-04-01 15:44:55,2017-04-02 15:55:26,2017-04-06 14:27:53,2017-04-14 00:36:05,2017-04-26,1999.0,28.16,1,1,2027.16,10,1,5.0,1.0,ee10b948f421cd32fab5283f814d0b78,7064,guarulhos,SP,12.368865740740741,24.34380787037037,0,2027.16
a96610ab360d42a2e5335a3998b4718a,df55c14d1476a9a3467f131269c2477f,delivered,2017-04-01 15:58:40,2017-04-03 13:25:18,2017-04-11 15:10:34,2017-04-17 11:04:45,2017-05-02,4799.0,151.34,1,1,4950.34,10,1,5.0,1.0,da122df9eeddfedc1dc1f5349a1a690c,28970,araruama,RJ,15.795891203703704,30.33425925925926,0,4950.34
8ea7aebc18842332aad5f41ca74b334c,349509b216bd5ec11c5fae929fd13595,delivered,2017-04-01 15:58:41,2017-04-03 13:25:19,2017-04-11 14:42:25,2017-04-17 14:36:23,2017-05-09,2589.0,32.29,1,1,2621.29,10,1,5.0,1.0,da122df9eeddfedc1dc1f5349a1a690c,28970,araruama,RJ,15.942847222222222,37.33424768518518,0,2621.29
3d5e2d8281ca0a708b96f43898c1314e,792c801a302e9ca858e41a0f73c797e2,delivered,2017-04-01 16:18:40,2017-04-01 16:30:11,2017-04-03 15:46:11,2017-04-06 13:22:49,2017-05-04,52.0,10.97,1,1,62.97,5,1,4.0,1.0,fddd48faa4d862dfe2f1c89fb921b0f1,17511,marilia,SP,4.877881944444445,32.32037037037037,0,62.97
ef50a4a45882a25ea74b3cd37833a58b,04cf6b7a84aeea29e7146b2f5ca5ebf9,delivered,2017-04-01 16:19:15,2017-04-01 16:30:11,2017-04-03 12:38:06,2017-04-15 11:46:53,2017-04-26,109.9,15.98,1,1,125.88,4,1,4.0,1.0,9f349d98819a8c6ee82841abed5044db,13275,valinhos,SP,13.810856481481482,24.31996527777778,0,125.88000000000001
3b7e01e07d261a60f7d985ce537c8f4a,515c155f5703d4d4197c73bd27e986b1,delivered,2017-04-01 16:35:02,2017-04-01 16:45:22,2017-04-05 13:24:33,2017-05-09 16:05:10,2017-05-09,339.99,22.43,1,1,362.42,8,1,5.0,1.0,df9f0597885f6b03f08f63aaf6045d06,41750,salvador,BA,37.97925925925926,37.30900462962963,1,362.42
b321496a8a79d3afa95938149a1fcaa5,a3d018dbe7100eced7eae9ca087430f9,delivered,2017-04-01 16:42:15,2017-04-05 02:42:37,2017-04-05 16:06:53,2017-04-17 09:43:43,2017-05-02,89.9,16.33,1,1,106.23,1,1,5.0,1.0,06e68689519c16fe618873e8e182d298,79995,coronel sapucaia,MS,15.709351851851851,30.303993055555555,0,106.23
16244699615d84f02399e1b0e88468b2,da94b6d4f10776be847cd1869a2c677d,delivered,2017-04-01 17:11:03,2017-04-01 17:22:42,2017-04-07 13:22:59,2017-04-19 14:45:08,2017-04-26,175.3,19.51,1,1,194.81,3,1,4.0,1.0,5a4d11d56c3c62e630300b2e98a4c195,11750,peruibe,SP,17.89866898148148,24.283993055555555,0,194.81
fdd2049f954806e2fe0d0bb830563035,d601c3396c4ce0fb5d5fa73400ab8c0b,delivered,2017-04-01 17:24:25,2017-04-01 17:35:13,2017-04-06 12:28:14,2017-04-11 15:32:55,2017-04-24,17.9,10.96,1,1,28.86,2,1,5.0,1.0,960118b2d734220509690e16787f955e,12212,sao jose dos campos,SP,9.922569444444445,22.274710648148147,0,28.86
9e677b4bbd5d55506d4d8f1e5182dcb9,e5e2913c105c1f443f9f999e975900bd,delivered,2017-04-01 17:24:26,2017-04-01 17:35:11,2017-05-12 08:29:32,2017-05-13 09:44:45,2017-05-30,22.2,10.96,1,1,33.16,3,1,5.0,1.0,960118b2d734220509690e16787f955e,12212,sao jose dos campos,SP,41.68077546296296,58.27469907407407,0,33.16
ad9bcd26dc9183d66b36db87ffc26904,23451e6d4d21c9cdcfa7677e95ac53d8,delivered,2017-04-01 17:31:42,2017-04-01 17:42:43,2017-04-11 07:43:52,2017-04-20 08:43:19,2017-04-27,79.9,18.31,1,1,98.21,1,1,3.0,1.0,95b4b60a728bff942c8bd59a43effa33,22753,rio de janeiro,RJ,18.63306712962963,25.26965277777778,0,98.21000000000001
b29d61bcf113aa0a5b802984d6e5f45a,9c346cd8dc9e8c07e09c848b1f3a185f,delivered,2017-04-01 18:01:02,2017-04-01 18:10:19,2017-04-03 13:55:17,2017-04-05 12:03:36,2017-04-25,124.9,12.26,1,1,137.16,1,1,5.0,1.0,89d61298b9f16695057d7cd0a4c05ef6,5844,sao paulo,SP,3.7517824074074073,23.249282407407406,0,137.16
f8ff2ca85b5c244343205cf7d85904bc,bee022d12e945e369ab2e171181b6c2f,delivered,2017-04-01 18:24:37,2017-04-01 18:35:24,2017-04-06 15:14:03,2017-04-19 11:23:41,2017-05-08,74.9,17.26,1,1,92.16,3,1,5.0,1.0,059253065c26a364810154b4792fd748,87045,maringa,PR,17.707685185185184,36.232905092592596,0,92.16000000000001
a9013af14c8d031fab5eb2a183333068,22cd28336bed7b9612a0f9e2d03815f6,delivered,2017-04-01 18:32:34,2017-04-01 18:45:12,2017-04-04 13:57:02,2017-04-29 11:05:39,2017-05-05,125.0,27.34,1,1,152.34,1,1,3.0,1.0,15ee57671bf8a6f8b10bc7e0de8c8f8a,78135,varzea grande,MT,27.689641203703705,33.22738425925926,0,152.34
2d16bf1b00214008228bd3b4cf16d256,fc215214c5e93ea60189282e63286806,delivered,2017-04-01 18:33:06,2017-04-01 18:45:18,2017-04-03 15:07:44,2017-04-13 17:37:15,2017-05-11,69.9,31.81,1,1,101.71,1,1,4.0,1.0,f38bfb728e93a12d3c9f95b5e60f9122,69060,manaus,AM,11.961215277777777,39.22701388888889,0,101.71000000000001
2e93a6eb72860427a8dd780b12618992,86e1617f8872fd4657b53cd6cc0525c9,delivered,2017-04-01 18:39:34,2017-04-03 06:35:14,2017-04-04 08:48:32,2017-04-26 21:06:11,2017-05-09,107.94,25.25,1,1,133.19,1,1,4.0,1.0,14a43f45c3987928d91bc11f6e468fb0,65901,imperatriz,MA,25.10181712962963,37.22252314814815,0,133.19
bc8d5236efa331461a16b701994814ff,8641ae0b6a5ff6984fb796d677e96e82,delivered,2017-04-01 18:39:34,2017-04-01 18:50:27,2017-04-06 12:59:49,2017-04-19 15:47:51,2017-05-09,59.9,28.77,1,1,88.67,3,1,5.0,1.0,6f35643dc84afd55e840106b591fa8eb,52060,recife,PE,17.880752314814814,37.22252314814815,0,88.67
77a87497893cb9fa026c8fb13c35a357,e56deedc7951fdaf2ceeb5607dda0fe6,delivered,2017-04-01 18:44:20,2017-04-01 18:50:28,2017-04-03 16:29:53,2017-04-05 10:54:41,2017-04-25,17.99,8.72,1,1,26.71,1,1,5.0,1.0,743d5d17e9363818c0376f844446da90,5412,sao paulo,SP,3.6738541666666666,23.219212962962963,0,26.71
57ccf855a2dcef1cf0583b5c649a5c75,e8ea47ee27f388f989f2dcb0957d97cc,delivered,2017-04-01 18:47:27,2017-04-01 19:02:35,2017-04-04 15:10:41,2017-04-11 12:18:26,2017-04-25,146.5,12.42,1,1,158.92,7,1,5.0,1.0,1c4c126638c96ae183ea9c6249fda9b7,8255,sao paulo,SP,9.729849537037037,23.21704861111111,0,158.92
85ff3bf317fb5e2bf00cd9e4ec456b8b,028f2ba19d9bc8715701a3b939a501d3,delivered,2017-04-01 19:11:15,2017-04-01 19:22:43,2017-04-03 12:26:03,2017-04-06 13:24:16,2017-04-24,137.0,11.57,1,1,148.57,2,1,5.0,1.0,68489d556c2be403e9a2d36f50d99bdb,7162,guarulhos,SP,4.759039351851852,22.200520833333332,0,148.57
aab70889fd90187d6709afee3f19853f,b1cfafd0f8c0c6486af5389b055751d8,delivered,2017-04-01 19:22:17,2017-04-04 06:02:40,2017-04-05 09:05:57,2017-04-10 10:55:39,2017-05-03,50.9,11.75,1,1,62.65,1,1,4.0,1.0,30cd6476e13cfc8d556c96b2e40ca711,18076,sorocaba,SP,8.648171296296296,31.192858796296296,0,62.65
82d395c41e63ecd1c43692400e172f93,af5e52338019c5319e864fbf211c6554,delivered,2017-04-01 19:53:54,2017-04-02 20:03:14,2017-04-05 12:56:38,2017-04-17 07:04:00,2017-05-09,22.9,10.96,1,1,33.86,1,1,1.0,1.0,37a4f2cd594d4599b9b82ea0d36fadc0,6401,barueri,SP,15.465347222222222,37.170902777777776,0,33.86
871602fdb0b91bf6bd79db21dbe419fe,3931a3c681fbb40ece9c1a9811c3a32c,delivered,2017-04-01 20:41:17,2017-04-04 06:05:36,2017-04-05 13:53:08,2017-04-07 11:42:36,2017-04-26,6.0,10.96,1,1,16.96,1,1,5.0,1.0,138a438f32cfcf511ec5d75b693d6a22,13050,campinas,SP,5.6259143518518515,24.137997685185184,0,16.96
c2d771090d760b5ca0ba96a3c071c7db,20ef37d0d06b9aadbbb7b9598a22ff00,delivered,2017-04-01 20:41:22,2017-04-04 06:02:40,2017-04-04 11:05:03,2017-04-13 13:13:49,2017-04-27,275.0,74.69,1,1,349.69,1,1,5.0,1.0,8ec88157b776fb0db03a8e3d80098cf5,18195,capela do alto,SP,11.68920138888889,25.137939814814814,0,349.69
c57edd0a24c02e38a5f007804662589b,d4f32ed4a4528ef7aa29aec2fc65eae1,delivered,2017-04-01 20:56:17,2017-04-01 21:05:22,2017-04-05 12:42:52,2017-04-11 14:55:38,2017-05-11,27.8,29.04,2,1,56.84,1,1,1.0,1.0,905b4b5e62e7a1d4675891494f6ea508,21550,rio de janeiro,RJ,9.749548611111111,39.12758101851852,0,56.84
1a12ff18e927a4575421cefc8e9c907c,faa92cb95ec90a143173a7c7a93186bf,delivered,2017-04-01 21:09:25,2017-04-01 21:22:57,2017-04-05 07:10:08,2017-04-11 11:12:45,2017-04-28,69.9,14.66,1,1,84.56,2,1,5.0,1.0,fa235e0953458d2e5f42cb0b46f6c9b7,22631,rio de janeiro,RJ,9.585648148148149,26.118460648148147,0,84.56
655b20c809450d9f4e2d3b62d5b7f416,5fdc897ca5f1dfbeecfb4f55ceccd011,delivered,2017-04-01 21:10:08,2017-04-01 21:22:57,2017-04-05 17:29:49,2017-04-19 08:48:08,2017-05-08,99.0,18.12,1,1,117.12,2,1,2.0,1.0,fa2b68fd80b323901db1473bb98ad68f,73808,formosa,GO,17.48472222222222,36.11796296296296,0,117.12
b18574ff0d88a32cf00f56fdf8423a73,1d37f7f2a4d76f4f6d3f6cd54d21f27c,delivered,2017-04-01 21:26:26,2017-04-01 21:35:27,2017-04-05 08:51:23,2017-04-28 18:23:41,2017-04-26,59.9,15.63,1,1,75.53,6,1,,,e52279bbd9247afb8025aed07c6d57b8,31580,belo horizonte,MG,26.873090277777777,24.106643518518517,1,75.53
a1e393fb70c2916de4f93974682521a0,7c70a35d01718282e98dbe56e2765377,delivered,2017-04-01 21:35:01,2017-04-01 21:45:15,2017-04-03 14:43:31,2017-04-06 11:13:42,2017-04-26,57.9,14.17,1,1,72.07,7,1,5.0,1.0,e3ae16d19be5cf256fb51663e6bdb073,4243,sao paulo,SP,4.568530092592592,24.10068287037037,0,72.07
7729dd457f2649c804b02f610b54acc7,cb7abe29d70c37edc3703a61ccc849e7,delivered,2017-04-01 21:41:53,2017-04-04 05:55:31,2017-04-06 13:46:49,2017-04-20 17:26:34,2017-05-05,44.9,22.28,1,1,67.18,1,1,5.0,1.0,ed5c208da2c63791645edb93cd01713f,96400,bage,RS,18.82269675925926,33.09591435185185,0,67.18
021645306ea1563079aaec6e96f20d38,765f69252734ee67b9b129b30f8220a3,delivered,2017-04-01 21:57:17,2017-04-01 22:10:16,2017-04-10 15:57:03,2017-04-13 14:26:47,2017-05-10,129.96,29.1,1,1,159.06,1,1,5.0,1.0,ec83d060d9a0abba4b409c544c744c2f,20270,rio de janeiro,RJ,11.687152777777778,38.08521990740741,0,159.06
6f64e74ecd4ed3196bd31cf14d1967bd,3c336086cc950f61a01bfb180833186b,delivered,2017-04-01 22:10:50,2017-04-01 22:23:00,2017-04-04 11:51:08,2017-04-14 11:43:02,2017-04-26,129.99,17.65,1,1,147.64,10,1,5.0,1.0,388d85114f07785bebee4120646662c5,83209,paranagua,PR,12.564027777777778,24.075810185185187,0,147.64000000000001
161dba2d39ca4ba1fd1a5f8024de7da4,a45fdf15523abcc42ac5a7793b940938,delivered,2017-04-01 23:33:23,2017-04-01 23:45:07,2017-04-06 12:58:09,2017-04-12 16:24:53,2017-04-26,89.9,18.91,1,1,108.81,3,1,5.0,1.0,cd16ab483fa61f147797225a474d5c5e,9280,santo andre,SP,10.702430555555555,24.018483796296298,0,108.81
1d40fe7772d2fff849bc7a3a75c638c3,cef3af3b48fbdf4bfdf4f431fa1cb890,delivered,2017-04-02 00:07:02,2017-04-02 01:04:35,2017-04-03 12:04:43,2017-04-06 08:14:12,2017-04-24,104.9,11.3,1,1,116.2,10,1,5.0,1.0,e0681ab3c1e38fecbae27e1d51021336,9692,sao bernardo do campo,SP,4.338310185185185,21.99511574074074,0,116.2
14bceeaef362188c60dedfe65e428001,2c65d7682d1e3cb4e816cd0dd57cc42c,delivered,2017-04-02 00:14:56,2017-04-02 01:04:59,2017-04-06 16:33:52,2017-04-11 09:04:05,2017-04-26,19.99,14.52,1,1,37.33,3,1,5.0,1.0,20a0b800fe6f4e9dcc23807aa8949134,7600,mairipora,SP,9.367465277777777,23.98962962962963,0,34.51
897d215bbe78c235bc0008784a15ac78,0fca9e1dfa39a880a6f0ec6ecbc774ad,delivered,2017-04-02 00:18:00,2017-04-02 01:04:53,2017-04-04 14:13:29,2017-04-12 13:44:50,2017-04-26,1596.0,123.92,4,1,1719.92,10,1,1.0,1.0,1d10557878391272c010c263dba24b66,39280,buritizeiro,MG,10.560300925925926,23.9875,0,1719.92
4a660f659cd47b892fc643f1fa11d707,2e5e8aa95bd699a5e7adf23762e87fc7,delivered,2017-04-02 07:26:56,2017-04-04 05:55:33,2017-04-05 08:58:32,2017-04-19 13:53:17,2017-05-09,89.9,26.89,1,1,116.79,1,1,5.0,1.0,702c374930111c593cdd438702c16076,49048,aracaju,SE,17.26829861111111,36.68962962962963,0,116.79
2b4dd5231bfa1c6ad0442c5f1964044c,0984d27d6583310ddaad418a2854ebb7,delivered,2017-04-02 08:45:42,2017-04-02 09:22:38,2017-04-03 14:41:12,2017-04-07 19:41:41,2017-04-24,49.9,10.96,1,1,60.86,6,1,4.0,1.0,ce0314fcb20275203d37f911693fb898,12230,sao jose dos campos,SP,5.4555439814814815,21.634930555555556,0,60.86
a5193a3fb5d87ef36d9c60ae7085dbb9,79735f2e8136ba8c16524a5bf978baf3,delivered,2017-04-02 09:24:49,2017-04-02 09:35:08,2017-04-03 16:37:28,2017-04-12 16:23:32,2017-04-26,19.99,14.52,1,1,34.51,3,1,2.0,1.0,ab277572eca2c0ad1ce0fd8dc368bbe6,37550,pouso alegre,MG,10.290775462962962,23.607766203703704,0,34.51
1521c6bb7b1028154c8c67cf80fa809f,ca29b2bf57243228e98eab2dab805ae9,delivered,2017-04-02 10:00:43,2017-04-02 10:10:16,2017-04-04 16:19:55,2017-04-18 13:53:58,2017-05-04,29.0,16.05,1,1,45.05,4,1,5.0,1.0,eabb0c62caa8436a85aa820d2ac1323b,73105,brasilia,DF,16.161979166666665,31.582835648148148,0,45.05
3745b3f4f984381ce40a6804a2be23ea,a052d27ac6973583d6acbdc8049b6257,delivered,2017-04-02 10:01:36,2017-04-02 10:10:13,2017-04-03 14:20:09,2017-04-17 07:31:38,2017-04-28,183.0,16.98,1,1,199.98,1,1,5.0,1.0,ba0d6c598452b5d0c342543e341c1b3b,13470,americana,SP,14.89585648148148,25.58222222222222,0,199.98
4e26917edee71b496c27c12c72640436,e10692d4cefa5a2a842a8d45c2c12247,delivered,2017-04-02 10:08:32,2017-04-02 10:15:14,2017-04-03 12:38:07,2017-04-13 17:33:36,2017-04-28,84.99,16.29,1,1,101.28,2,1,2.0,1.0,c6421780fa90e9ac294ca550ce8047cc,22451,rio de janeiro,RJ,11.309074074074074,25.577407407407406,0,101.28
d9a0a18b1a66ffd834bda6afe641531a,973feb54c0fc3beb4a38000d212e69da,delivered,2017-04-02 10:11:35,2017-04-02 10:25:08,2017-04-11 06:14:19,2017-04-17 09:58:04,2017-05-03,248.8,21.82,1,1,270.62,3,1,4.0,1.0,93713297a822d16c40484eaa0d35c300,34012,nova lima,MG,14.990613425925925,30.57528935185185,0,270.62
415cfaaaa8cea49f934470548797fed1,a8dff6357fea30071032ff2091d16430,delivered,2017-04-02 10:25:38,2017-04-02 10:35:19,2017-04-13 04:37:45,2017-04-29 10:14:19,2017-05-02,58.0,29.04,2,1,87.04,1,1,5.0,1.0,cd63fb1b20b66ae7f91f848942895493,86709,arapongas,PR,26.992141203703703,29.565532407407407,0,87.03999999999999
feba3a25c875f5f95f3d57f54aaefa10,2682c514169a4920143bf0ddc6cb67b3,delivered,2017-04-02 10:28:58,2017-04-02 10:42:50,2017-04-03 17:27:56,2017-04-06 14:03:56,2017-04-26,159.0,22.58,1,1,181.58,3,1,5.0,1.0,5081a85d300ef9753d10f6d48f41c626,5628,sao paulo,SP,4.149282407407408,23.563217592592594,0,181.57999999999998
a436479c10d07646de88aac101c689df,bad02fa91ee4c30b713b2be4d4a15650,delivered,2017-04-02 10:30:10,2017-04-02 10:42:48,2017-04-05 08:51:52,2017-04-13 14:08:02,2017-04-26,288.0,75.63999999999999,4,1,363.64,7,1,5.0,1.0,b40dbfe9e5c408e8e4d943656ad1ece6,37044,varginha,MG,11.151296296296296,23.56238425925926,0,363.64
19c32126a85a7e87c6bcf2aa99e6ae9e,08f94d51129e9289745af658b2c5e578,delivered,2017-04-02 10:37:38,2017-04-02 10:45:20,2017-05-16 08:17:45,2017-05-23 16:35:33,2017-05-31,49.9,10.96,1,1,60.86,2,1,5.0,1.0,cf2e05ce00780dd66ddf509bb04cc95e,2241,sao paulo,SP,51.24855324074074,58.55719907407408,0,60.86
9f827631dbbe551d3b830ab61fa3919b,08ea352a9be2e6189b99ed79cdd73c81,delivered,2017-04-02 11:48:57,2017-04-02 12:58:59,2017-04-05 15:03:36,2017-04-11 09:56:36,2017-05-08,66.89,17.31,1,1,84.2,1,1,5.0,1.0,2deb710213ca0c110cbfa0fdc047658b,20541,rio de janeiro,RJ,8.921979166666667,35.50767361111111,0,84.2
160d74cf0db2353522f973654509d5a7,e906aee1bf8dd79223b37962aeb472f0,delivered,2017-04-02 11:52:40,2017-04-02 13:05:15,2017-04-05 14:20:15,2017-04-07 12:09:34,2017-04-26,118.0,23.6,2,1,141.6,2,1,5.0,1.0,1b765716e166ca699d20c4adc8bb0f7c,4543,sao paulo,SP,5.011736111111111,23.505092592592593,0,141.6
852278c3a52996ebc578a49c8249d350,cd88ed0737a4336680a8bca9efe10d9a,delivered,2017-04-02 11:59:46,2017-04-02 13:05:28,2017-04-07 13:09:50,2017-04-11 18:45:08,2017-04-26,129.99,15.67,1,1,145.66,1,1,5.0,1.0,86203c9a693c6372142af3aa3752c8eb,22290,rio de janeiro,RJ,9.28150462962963,23.500162037037036,0,145.66
e56982c3ae61332bbf34639cf5362804,e00aa01b6ac59993f55498f7742a6902,delivered,2017-04-02 12:02:52,2017-04-02 13:05:30,2017-04-03 13:46:09,2017-04-07 15:28:45,2017-04-24,60.0,11.03,1,1,71.03,1,1,5.0,1.0,ecdbc4bf2201c807294c7d8c4b777032,13348,indaiatuba,SP,5.142974537037037,21.49800925925926,0,71.03
7e92dca255c67a8c5a8516d401938727,dd46ad4fa9185c967cd7b2a1223ab180,delivered,2017-04-02 12:15:34,2017-04-04 05:45:13,2017-04-04 13:16:50,2017-04-10 14:19:20,2017-04-24,49.0,10.96,1,1,59.96,1,1,4.0,1.0,791f21713ed3038a4d418efc8e38b024,13495,iracemapolis,SP,8.085949074074074,21.489189814814814,0,59.96
9376d48a8f0dfe09122a2e197aee2436,b24e76ff960c3a5cf88ce8852d6e9fe8,delivered,2017-04-02 12:37:46,2017-04-02 13:05:51,2017-04-03 15:27:41,2017-04-05 19:03:53,2017-04-24,49.0,8.72,1,1,57.72,5,1,4.0,1.0,875e9bc9dba22c41f1931a2d55201ec1,2420,sao paulo,SP,3.268136574074074,21.473773148148148,0,57.72
0e5d0ad4560f5151e3a5f605f5799138,6586420cfcd5cde6e764b531b51063f2,delivered,2017-04-02 13:35:00,2017-04-02 13:45:15,2017-04-05 14:20:09,2017-04-10 13:04:49,2017-04-26,78.0,29.04,2,1,107.04,2,1,5.0,1.0,a3bf83b50f90eb382d63942a93addf69,36800,carangola,MG,7.979039351851852,23.43402777777778,0,107.03999999999999
fd6f101a1afb677198cf40cb3feb147d,ddf0bb11382100ff332835fbb45e8117,delivered,2017-04-02 14:07:23,2017-04-02 14:15:13,2017-04-05 16:09:58,2017-04-10 13:48:01,2017-04-24,22.5,9.34,1,1,31.84,3,1,5.0,1.0,966b5b87d2d0342c86217c18ad54573f,3180,sao paulo,SP,7.9865509259259255,21.41153935185185,0,31.84
a8d2e3eaad4ea714202c0dd853cca757,65e486b530298fa033cc7dc5cf3e6fb1,delivered,2017-04-02 14:30:11,2017-04-02 14:42:26,2017-04-05 08:51:20,2017-04-10 13:39:54,2017-05-02,274.9,95.9,1,1,370.8,1,1,5.0,1.0,b162b6f50e3bf0e06cf147e30b2209ce,34800,caete,MG,7.965081018518519,29.395706018518517,0,370.79999999999995
c4421eb740558d775cda9f659561f4c0,1cf1191d426dec164802a915eb01cbb6,delivered,2017-04-02 14:39:00,2017-04-02 14:45:14,2017-04-11 17:19:18,2017-04-17 15:05:44,2017-05-08,99.96,21.01,1,1,120.97,9,1,5.0,1.0,21167c6daede804f2d1f42aea0818ce6,13569,sao carlos,SP,15.018564814814814,35.389583333333334,0,120.97
7a541b113a2aad3f0854eed998dc7ee8,99e9bd1f018cead3871691bdc5a3f465,delivered,2017-04-02 15:08:45,2017-04-02 15:15:17,2017-04-04 14:56:39,2017-04-11 12:15:57,2017-04-28,41.9,16.05,1,1,57.95,5,1,5.0,1.0,5125621ddbfc60226af1eca497b8fe4f,13240,jarinu,SP,8.88,25.36892361111111,0,57.95
98073f968a57983414bdfe914432f100,1e8ee2859c7abf1bd5109dc08f49ea0d,delivered,2017-04-02 15:16:32,2017-04-04 06:02:46,2017-04-11 06:24:42,2017-04-13 14:03:59,2017-05-05,89.9,13.21,1,1,103.11,1,1,3.0,1.0,53ad9939355ab2c24394d19cbf8e7453,4055,sao paulo,SP,10.949618055555556,32.36351851851852,0,103.11000000000001
36e138bc060bf5e8b34ff5a25cdef48c,4d31a630dc3cd14ed82fe2930834841b,delivered,2017-04-02 15:25:31,2017-04-04 05:55:27,2017-04-04 17:32:29,2017-04-12 18:09:07,2017-05-12,152.99,25.07,1,1,178.06,1,1,4.0,1.0,8834fc0d71c8c6052a49cb5c4ebb9fb1,66085,belem,PA,10.113611111111112,39.357280092592596,0,178.06
21508e950b0edd39774e72dadfd809b1,182d9222fb34c94a733d670e57ca38c9,delivered,2017-04-02 15:39:22,2017-04-04 06:02:22,2017-04-13 18:47:36,2017-04-20 07:24:58,2017-05-10,179.96,34.63,1,1,214.59,1,1,5.0,1.0,f1d1dcc05e0cb05f9e3ec18db7382e03,83750,lapa,PR,17.656666666666666,37.34766203703704,0,214.59
229177e71a4625bfd5c2d62ff385253b,a28fc82d5947b4c781e56085385d7600,delivered,2017-04-02 15:41:12,2017-04-02 15:55:19,2017-04-06 16:18:32,2017-04-10 09:13:59,2017-04-26,41.980000000000004,23.240000000000002,2,2,65.22,6,1,5.0,1.0,7ca5260cc576f40a29e0a40dd4d3fa0a,1302,sao paulo,SP,7.7310995370370375,23.34638888888889,0,65.22
2cee7217cf66ac4e8027f60d3b105524,f1ae790334c90d9bbec5fa1861e1f9d5,delivered,2017-04-02 16:09:55,2017-04-03 20:10:16,2017-04-05 13:47:48,2017-04-20 17:34:11,2017-05-09,39.9,24.84,1,1,64.74,2,1,4.0,1.0,bb8e3ce30f15dd4cc886c0a1952090ff,66017,belem,PA,18.058518518518518,36.32644675925926,0,64.74
77f120015ca363b1f0bd4c879f902eab,112187d9befa05e2fef9384a900e404c,delivered,2017-04-02 16:31:42,2017-04-02 16:42:26,2017-04-03 15:40:28,2017-04-06 14:24:02,2017-05-04,189.8,29.67,2,2,219.47,1,1,5.0,1.0,b25f3cc021d7fd0d1340785cc8bd5001,22210,rio de janeiro,RJ,3.9113425925925926,31.311319444444443,0,219.47000000000003
39a0e2f723def2e12a51e963006c9242,4b231c90751c27521f7ee27ed2dc3b8f,delivered,2017-04-02 16:33:30,2017-04-02 16:42:23,2017-04-06 10:38:35,2017-04-19 16:13:08,2017-04-28,37.18,14.52,1,1,51.7,2,1,1.0,1.0,ffe254cc039740e17dd15a5305035928,37640,extrema,MG,16.98585648148148,25.310069444444444,0,51.7
ebe76afae9242fc70b0b807b78f17adb,0088395699ea0fcd459bfbef084997db,delivered,2017-04-02 16:33:30,2017-04-02 16:42:25,2017-04-10 10:14:32,2017-04-20 09:33:20,2017-05-11,13.9,14.52,1,1,28.42,2,1,5.0,1.0,ffe254cc039740e17dd15a5305035928,37640,extrema,MG,17.708217592592593,38.310069444444444,0,28.42
626c5c9bfe704ebabd98974ff8307803,9835403a86d824be9a0b0cb332f3f7f8,delivered,2017-04-02 16:42:37,2017-04-02 16:55:13,2017-04-07 14:13:36,2017-04-18 14:48:25,2017-04-27,34.9,10.96,1,1,45.86,1,1,5.0,1.0,aaaa929bac9fc3808e989875aac47ba9,13330,indaiatuba,SP,15.920694444444445,24.303738425925925,0,45.86
91ba86ad6462c11c5540359db369b048,3855c545aaa52b808d3db6af259b86ac,delivered,2017-04-02 16:50:12,2017-04-02 17:02:31,2017-04-03 17:58:30,2017-04-07 12:22:23,2017-04-27,99.9,18.98,1,1,118.88,3,1,5.0,1.0,6f639fbe76692e4328c8befbc0dab933,13870,sao joao da boa vista,SP,4.814016203703703,24.298472222222223,0,118.88000000000001
019b02e139cfcd97f93366f7a38f5695,82a6cf90eef165080973fec6d6dc8910,delivered,2017-04-02 16:50:31,2017-04-02 17:02:31,2017-04-04 15:03:58,2017-04-07 22:46:32,2017-04-24,109.9,24.05,1,1,133.95,3,1,5.0,1.0,0280239e6c4add91b8a415d9b2566649,13733,mococa,SP,5.247233796296296,21.298252314814814,0,133.95000000000002
4b61e59f2e1c4db048b4e39cd0dbf2e3,5853ca5df334f659f8219d69549c2b03,delivered,2017-04-02 16:55:52,2017-04-03 16:50:12,2017-04-12 10:43:11,2017-04-20 11:33:03,2017-04-28,109.9,17.51,1,1,127.41,7,1,5.0,1.0,47fc4c9e492b9f16113a0c22023ca552,23893,seropedica,RJ,17.77582175925926,25.29453703703704,0,127.41000000000001
772db764b3c3c25f4bbd8ff9d4f5847a,ad700f0b10f75db2096a35b1043a1d8c,delivered,2017-04-02 17:00:43,2017-04-03 09:10:15,2017-04-04 13:52:55,2017-04-18 14:52:30,2017-04-26,12.97,14.52,1,1,27.49,2,1,5.0,1.0,15d945f4ab4625c8d79ea7a3fd16ddc4,88350,brusque,SC,15.910960648148148,23.29116898148148,0,27.490000000000002
638a96eb38b5a57ca8cd099c1964842d,fbd19defce4fbdfea33cc71a9a1b8a38,delivered,2017-04-02 17:06:51,2017-04-04 05:50:25,2017-04-06 11:22:47,2017-04-18 12:44:38,2017-04-28,364.70000000000005,48.45,3,1,413.15,1,1,3.0,1.0,25edb84d9a9d4d35a86c381770c4c75f,71680,brasilia,DF,15.817905092592593,25.286909722222223,0,413.15000000000003
eccfa9494767cbb5849832af90431606,8f8bb707c5803bbdf5c57fb926b79156,delivered,2017-04-02 17:24:38,2017-04-04 06:05:36,2017-04-07 16:18:09,2017-04-23 14:05:14,2017-05-05,99.9,22.2,1,1,122.1,1,1,5.0,1.0,69e153a22aec26236b01d02d97406801,41217,salvador,BA,20.861527777777777,32.27456018518519,0,122.10000000000001
8ba925e1c95580430ab746dd2550b24f,dbe6e9f91c4ec107c77a83b41bfbd671,delivered,2017-04-02 18:05:19,2017-04-02 18:15:22,2017-04-03 11:58:09,2017-04-06 13:44:39,2017-04-26,322.75,27.76,1,1,350.51,10,1,5.0,1.0,0ec72f0ec04f3c84cf93aab16c1da044,21810,rio de janeiro,RJ,3.8189814814814813,23.24630787037037,0,350.51
c6e48a9495130736a879f90ea27890c1,503f7a3063cd11d999b3213df2a2ce5c,delivered,2017-04-02 18:11:57,2017-04-02 18:25:13,2017-04-03 13:47:40,2017-04-13 12:52:42,2017-05-05,99.9,19.4,1,1,119.3,1,1,5.0,1.0,a88eae130fb19297269c32864daf78af,49045,aracaju,SE,10.778298611111111,32.24170138888889,0,119.30000000000001
87c8ac1de72a771acb26702730aba866,5910297023a3745d6c6f4e455e4ceed3,delivered,2017-04-02 18:18:34,2017-04-02 18:30:14,2017-04-04 15:09:43,2017-04-12 13:41:44,2017-04-27,23.9,14.52,1,1,38.42,1,1,5.0,1.0,bc12004c243db01e675e30cb2ba5d81a,13318,jacare,SP,9.80775462962963,24.237106481481483,0,38.42
2359b971147acb269d1cdd25c07c704d,0b698fd84ad40923ed1c5ca93965ab4b,delivered,2017-04-02 18:22:23,2017-04-02 18:35:18,2017-04-11 14:12:31,2017-05-15 13:48:18,2017-05-12,139.99,21.43,1,1,161.42,3,1,5.0,1.0,93b298f93c123a14108dd43838ccbc8c,42841,catu de abrantes,BA,42.80966435185185,39.23445601851852,1,161.42000000000002
9f33a39fe21aa7e49c58d5c16da393a0,6bbda3b9328f07ebded997016a198c4c,delivered,2017-04-02 18:36:20,2017-04-02 18:45:21,2017-04-03 13:47:32,2017-04-07 14:33:06,2017-04-27,39.9,14.52,1,1,54.42,5,1,5.0,1.0,a22320fc36bfc878c1d808103a481dda,30280,belo horizonte,MG,4.831087962962963,24.22476851851852,0,54.42
a96197cd3594ecdabaeda0841d5a63fd,688dc55db881d83c92c6dca6ac9e6682,delivered,2017-04-02 18:43:05,2017-04-02 18:55:07,2017-04-28 05:37:51,2017-05-04 12:26:49,2017-05-31,199.9,12.01,1,1,211.91,2,1,5.0,1.0,bca5579e88566e6bcadda262387e4373,1240,sao paulo,SP,31.738703703703703,58.22008101851852,0,211.91
3317db84e285d6115f358daa9351a4ba,5f0662b2fbb42916fefe7f829ccfbd99,delivered,2017-04-02 18:52:07,2017-04-02 19:05:11,2017-04-06 05:14:07,2017-04-11 12:58:56,2017-04-26,69.9,31.23,1,1,101.13,2,1,5.0,1.0,bff81abd61e34bf741b0f590f2cd72a2,38055,uberaba,MG,8.754733796296296,23.21380787037037,0,101.13000000000001
e611480872fef0bc9c499596a050c114,4c4ac90f260a26bc63b012f73b711d00,delivered,2017-04-02 19:19:11,2017-04-02 19:30:19,2017-04-04 15:20:16,2017-04-18 13:18:59,2017-04-24,43.99,11.74,1,1,55.73,5,1,5.0,1.0,8ec7ef0021e319bf0a72e48a7cb42833,86380,andira,PR,15.74986111111111,21.195011574074073,0,55.730000000000004
1cb838bbf91e8e446a3fc49d56973c9a,6510bf0824930d09246d3b8cefe42363,delivered,2017-04-02 19:25:43,2017-04-02 19:35:21,2017-04-10 07:48:01,2017-04-17 08:48:52,2017-04-28,89.9,13.21,1,1,103.11,3,1,5.0,1.0,d0df58b7314f370d634a7726fc1908bb,4755,sao paulo,SP,14.557743055555555,25.190474537037037,0,103.11000000000001
82383d6d5aa835a4c02cf0c9d56895ce,ac96fff137547e21caa549300bfae114,delivered,2017-04-02 19:28:19,2017-04-03 17:15:08,2017-04-05 12:22:01,2017-04-10 11:19:57,2017-04-24,295.9,12.68,1,1,308.58,1,1,5.0,1.0,e81ef5982b279bccee91dd084b3652ca,2874,sao paulo,SP,7.660856481481481,21.18866898148148,0,308.58
282161fa6e9f9cbcbaf8ea340d4ee7f9,a8b040edb552166aa34f9c9ae2629073,delivered,2017-04-02 19:33:32,2017-04-04 06:02:22,2017-04-05 14:15:32,2017-04-18 14:53:09,2017-05-05,339.99,19.81,1,1,359.8,1,1,5.0,1.0,d5cdb071af447725c8cafe4ec4186ea1,77783,bandeirantes do tocantins,TO,15.805289351851853,32.1850462962963,0,359.8
3e10fb31e08ba1bc6103b56c474610a6,541e9e847262fc7a495e3e595195d693,delivered,2017-04-02 20:13:33,2017-04-02 20:25:11,2017-04-03 09:41:33,2017-04-06 15:03:33,2017-04-26,329.9,16.48,1,1,346.38,6,1,5.0,1.0,1d72aaec15863f7532b2dbf4a5c4247d,13565,sao carlos,SP,3.7847222222222223,23.157256944444445,0,346.38
0b2a43ec15f983f589ecd097455b283d,9a73612485c1eaf2ea1e2b46d3890cb8,delivered,2017-04-02 20:14:13,2017-04-04 05:50:45,2017-04-04 15:28:46,2017-04-13 16:14:09,2017-05-04,224.99,15.74,1,1,240.73,1,1,3.0,1.0,c82564ca0ebfac848d21f6a34b2d1e44,18600,botucatu,SP,10.833287037037037,31.15679398148148,0,240.73000000000002
f2d16f462937b4496beecdb680e7e199,e6dc2d10891fc75c1336840c699d1d88,delivered,2017-04-02 20:17:31,2017-04-02 20:30:09,2017-04-04 15:03:57,2017-04-10 15:44:10,2017-04-26,109.9,37.17,1,1,147.07,2,1,5.0,1.0,0e189e816b30a1f9bf0a3175785a2030,37600,cambui,MG,7.810173611111111,23.154502314814813,0,147.07
f0480d88b450df6f626639e82382b722,0fbb00ce9569487ef8b95b9ec0b8e118,delivered,2017-04-02 21:26:18,2017-04-02 21:42:18,2017-04-03 15:15:42,2017-04-10 15:05:06,2017-04-26,78.0,14.72,1,1,92.72,4,2,4.0,1.0,5d392954355765f0c576fed227c09f59,85020,guarapuava,PR,7.735277777777778,23.10673611111111,0,92.72
a3aa365f962ab8ec586f7d496209c336,1571b4b28094d5153322ad82db57fda4,delivered,2017-04-02 22:03:18,2017-04-02 22:10:25,2017-04-04 13:06:04,2017-04-17 10:13:27,2017-04-26,129.9,23.9,1,1,153.8,3,1,3.0,1.0,548d13363937e92aac1089e9ed0b96a1,25630,petropolis,RJ,14.507048611111111,23.081041666666668,0,153.8
b8f1089ec747d0bc2fada1ac19b66260,8562f88633b4e552155fc2476c0247af,delivered,2017-04-02 22:05:09,2017-04-02 22:22:37,2017-04-10 18:04:44,2017-05-03 10:44:47,2017-05-16,129.6,25.4,1,1,155.0,3,1,5.0,1.0,89e60600ab541346299a981d5897fe7e,63170,araripe,CE,30.52752314814815,43.07975694444445,0,155.0
c76034c1fb7727deed7b96df139a99a9,b878696ace463ab208c251feb755b66d,delivered,2017-04-02 22:05:26,2017-04-02 22:22:34,2017-04-03 14:40:30,2017-04-06 10:57:18,2017-04-24,189.0,13.9,1,1,202.9,8,1,5.0,1.0,4fd60f2fd6de1ff8e7c0c17ee146b3f7,8152,sao paulo,SP,3.5360185185185187,21.079560185185183,0,202.9
20ed4cb22ba9f7978081410cd6400ba7,4fa12f3ae394aa81c4ac1faaa5a52276,delivered,2017-04-02 22:06:05,2017-04-02 23:10:13,2017-04-04 13:35:39,2017-04-10 09:44:06,2017-04-24,98.99,15.8,1,1,114.79,8,1,5.0,1.0,c10e222e853f7723debcf19f1c8b00ab,8473,sao paulo,SP,7.484733796296296,21.079108796296296,0,114.78999999999999
8f9cd54929c1607124f4742a7425dfc6,7e59a54426372c0e0c445ad13c033826,delivered,2017-04-02 22:07:03,2017-04-02 22:22:34,2017-04-03 13:47:04,2017-04-10 15:06:25,2017-04-28,59.9,17.26,1,1,77.16,1,1,5.0,1.0,436164d6caa038066fed7df68baa0317,36420,ouro branco,MG,7.707893518518518,25.0784375,0,77.16
b63fff1ef8b6201df68bb611ee41129e,8276de07ef25225d412b8462d73f8664,delivered,2017-04-02 22:15:27,2017-04-04 05:55:19,2017-04-13 16:28:06,2017-05-02 13:53:25,2017-05-08,129.6,16.61,1,1,146.21,1,1,4.0,1.0,332cf4e83e16004ba7dca932ce82475b,90010,porto alegre,RS,29.65136574074074,35.072604166666665,0,146.20999999999998
87a9c87504af54b4d4a686bad72a8e27,889987ae94247fa153d244032f57ee5c,delivered,2017-04-02 22:29:32,2017-04-02 22:42:47,2017-04-04 10:10:30,2017-04-10 12:35:12,2017-04-24,99.9,16.85,1,1,116.75,1,2,5.0,1.0,1872948ba3a165e45e4f6f0907875f27,4417,sao paulo,SP,7.587268518518519,21.062824074074076,0,116.75
7d70c05208373b2a03f2a871704855d9,765ad23d182d4724f6cda1d008f79df0,delivered,2017-04-02 22:51:30,2017-04-02 23:02:40,2017-04-03 14:42:31,2017-04-06 11:04:09,2017-05-04,85.0,17.33,1,1,102.33,3,1,5.0,1.0,376a8ed3a5863ace7c741d5e43e07ec5,23040,rio de janeiro,RJ,3.5087847222222224,31.047569444444445,0,102.33
b7a777ac7cdff9cbd2da4b89b39d1758,032d6bd82e311f4161259e489edbc6c4,delivered,2017-04-02 23:30:49,2017-04-02 23:42:57,2017-04-04 13:25:08,2017-04-18 12:03:24,2017-04-27,119.9,13.57,1,1,133.47,3,1,5.0,1.0,f5dd4480c44d03775bc73f63771d987d,8344,sao paulo,SP,15.522627314814814,24.020266203703702,0,133.47
63a301cc49568c5b437aa940f1fbb388,e132dfb01ae495fcba5615e9945e233c,delivered,2017-04-03 00:14:44,2017-04-04 05:50:41,2017-04-06 15:27:55,2017-04-11 15:51:55,2017-04-26,18.99,14.11,1,1,33.1,1,1,5.0,1.0,db539c729198334582efc7b53c803c79,21020,rio de janeiro,RJ,8.650821759259259,22.989768518518517,0,33.099999999999994
5408eceab061ca3e67853759c88a5fb8,9d298d12056b9264fbf5f9adcf8cd4d7,delivered,2017-04-03 02:14:58,2017-04-03 02:25:08,2017-04-10 14:34:44,2017-04-18 17:28:14,2017-04-27,119.9,13.57,1,1,133.47,4,1,3.0,1.0,0372bebe6d71cf4dc807d24a53403d2e,5871,sao paulo,SP,15.634212962962962,23.90627314814815,0,133.47
4a78a79abcb01edd282c54c5c9cdaac2,91671096ac3d7845abb30877f9d18259,delivered,2017-04-03 03:20:30,2017-04-04 03:25:13,2017-04-06 14:10:44,2017-04-12 16:28:59,2017-04-24,59.0,19.71,1,1,78.71,7,1,5.0,1.0,b623f986adb376aa2770d126c1b598c8,88806,criciuma,SC,9.54755787037037,20.86076388888889,0,78.71000000000001
1aea1c4f6ec41ce89bb80dd63aaccb0b,6e63f3bdb71f1192e632bfa0f1979fde,delivered,2017-04-03 06:09:10,2017-04-03 06:22:27,2017-04-03 09:37:57,2017-04-10 16:16:52,2017-04-26,292.9,16.22,1,1,309.12,4,1,5.0,1.0,751a39e0d0189dd67535db9dbf0ca193,14065,ribeirao preto,SP,7.4220138888888885,22.74363425925926,0,309.12
69a8b09c27431364c37629468a6e156a,516d80acf7e949f9cbd5839faf326a19,delivered,2017-04-03 07:35:40,2017-04-04 06:02:37,2017-04-05 08:26:55,2017-04-10 14:05:23,2017-04-26,69.9,14.66,1,1,84.56,1,1,3.0,1.0,2dbcd4c0ba2dd95f30e19cc91bd07a02,39330,brasilia de minas,MG,7.270636574074074,22.683564814814815,0,84.56
b1057b71c52a710fc9f588bb5eb702d9,7e53efd6bbabc2530e543a555d20c8a1,delivered,2017-04-03 07:47:38,2017-04-04 05:50:38,2017-04-06 07:24:43,2017-04-17 16:24:42,2017-05-04,98.8,21.01,1,1,119.81,1,1,5.0,1.0,66bd9505c7bee395349bc1a345233f87,90010,porto alegre,RS,14.359074074074075,30.67525462962963,0,119.81
101157d4fae1c9fb74a00a5dee265c25,f72b2f8d9295ef93fd40a4c49f67a42b,delivered,2017-04-03 07:54:34,2017-04-04 08:02:26,2017-04-12 08:58:13,2017-04-13 21:08:08,2017-05-02,29.0,14.52,1,1,43.52,1,1,5.0,1.0,a330c3cd4e607dd2f8dca4e303325e6f,22631,rio de janeiro,RJ,10.551087962962963,28.670439814814817,0,43.519999999999996
bb580a11981d17436d65e4c945b39124,e89981ed8d5648b550181609ea2d512c,delivered,2017-04-03 07:55:19,2017-04-05 06:35:12,2017-04-07 14:29:22,2017-04-12 10:38:04,2017-04-26,13.9,9.34,1,1,23.24,1,1,5.0,1.0,35b8febc8fd46c7c7e07c29352efbfd5,22060,rio de janeiro,RJ,9.113020833333334,22.66991898148148,0,23.240000000000002
435f60d4f7e71b80e2fc988cb76eb68b,d259c07a3daff5f3b6d7e7842871fde4,delivered,2017-04-03 09:02:59,2017-04-04 05:45:33,2017-04-05 16:22:30,2017-04-13 13:10:28,2017-04-26,44.9,15.56,1,1,60.46,1,1,3.0,1.0,f2b0e487c75dec05c5b2a759baf1d9e9,13481,limeira,SP,10.171863425925926,22.62292824074074,0,60.46
96d117bf2f49d7bb4c4895f0db29a86b,563c3f12975d266179524b153665fd74,delivered,2017-04-03 09:14:02,2017-04-03 09:42:27,2017-04-06 14:00:15,2017-04-13 13:09:50,2017-05-05,34.9,17.19,1,1,52.09,2,1,5.0,1.0,a80795eb4fc6d8676ca18511d58ffec2,91050,porto alegre,RS,10.16375,31.61525462962963,0,52.09
295458b743d8f806fbd5fb290d0b1b8d,4c5c67635f3cc2b433d6212e6f5c0ec8,delivered,2017-04-03 09:50:46,2017-04-04 05:55:29,2017-04-05 15:51:03,2017-04-13 17:08:58,2017-04-28,29.9,16.05,1,1,45.95,1,1,,,45044049e27a8660cef7b3914c0c5675,24804,itaborai,RJ,10.304305555555555,24.58974537037037,0,45.95
d15975c69a074c65aecad997cbc6b748,72822883dc4f12b4c4c118e01f1376a1,delivered,2017-04-03 10:11:36,2017-04-04 05:55:35,2017-04-06 15:35:33,2017-04-12 08:49:53,2017-04-24,169.8,25.16,2,2,194.96,1,1,5.0,1.0,34c0fc031160b0ccaa79df4fff464db5,5848,sao paulo,SP,8.943252314814815,20.575277777777778,0,194.96
4a514eb755fe5187e79bb4765ba82d51,885ba72f5da34cb4737e67487ade6e6c,delivered,2017-04-03 10:26:43,2017-04-03 10:35:21,2017-04-11 06:10:11,2017-04-13 21:22:58,2017-05-05,239.70000000000002,39.42,3,1,279.12,2,1,5.0,1.0,113b3f090cc1df6f405ec326a1765522,7031,guarulhos,SP,10.455729166666666,31.564780092592592,0,279.12
6595ac809d7aefcb6c774733b6fd6055,c5f540feddbbe5117756831cc109b1de,delivered,2017-04-03 10:37:48,2017-04-04 06:35:11,2017-04-05 12:50:21,2017-04-13 17:26:00,2017-05-09,570.0,19.2,1,1,589.2,1,1,5.0,1.0,3bdc76a9b822c247122bf22bc27b321d,37706,pocos de caldas,MG,10.283472222222223,35.55708333333333,0,589.2
780d06f3d4a6cf29181986194b9c23bd,b6a1f0f770066f23f23023262bd47f63,delivered,2017-04-03 10:49:06,2017-04-03 11:02:43,2017-04-07 15:46:23,2017-04-17 12:37:02,2017-04-26,76.9,14.71,1,1,91.61,3,1,3.0,1.0,5e55d39d7c2e9f0d5ef702ce71de4546,24140,niteroi,RJ,14.074953703703704,22.54923611111111,0,91.61000000000001
1a7af25ac2d2bf35b05f8f87c050a6d5,feac68487f7ac58b65ecc8e6b4a12e85,delivered,2017-04-03 11:09:58,2017-04-03 11:22:26,2017-04-05 15:33:12,2017-04-07 12:32:59,2017-05-02,125.9,13.46,1,1,139.36,2,1,5.0,1.0,7ef15bb849ef9cfccd237c3ae87eb011,9892,sao bernardo do campo,SP,4.057650462962963,28.53474537037037,0,139.36
8b077b8596bc4dddd67331311917d107,6104de8d891cf5373cfd7365b71a2b3f,delivered,2017-04-03 11:47:47,2017-04-05 02:42:40,2017-04-11 11:33:04,2017-04-17 09:36:04,2017-04-24,34.99,10.96,1,1,45.95,1,1,5.0,1.0,520f032ab7d5fdde131bbc6d7e3520b6,13710,tambau,SP,13.908530092592592,20.508483796296296,0,45.95
e13ef2072b1d65c486d7b9fbf5dc6f01,2df9cae8b89e49873d8113b80efcc2fe,delivered,2017-04-03 12:13:04,2017-04-04 05:45:36,2017-04-05 13:28:30,2017-04-13 13:05:48,2017-04-24,10.91,10.96,1,1,21.87,1,1,4.0,1.0,536a45120c7e443ad9d244872e8e06a4,13280,vinhedo,SP,10.03662037037037,20.490925925925925,0,21.87
a5fec99e63565d20d4b127479d9947d4,f0a83115db332c34b1c6de134a47e025,delivered,2017-04-03 12:24:17,2017-04-03 12:35:36,2017-04-10 11:38:54,2017-04-17 11:48:16,2017-05-03,89.9,17.37,1,1,107.27,1,1,5.0,1.0,ddf4401b7ef356067f85442943a7a476,25515,sao joao de meriti,RJ,13.974988425925925,29.483136574074074,0,107.27000000000001
68656d23f76667ee6ebe117db63ea015,06838eb84d243726bcd772cec9b68813,delivered,2017-04-03 12:43:06,2017-04-03 13:05:39,2017-04-06 06:58:00,2017-04-17 08:08:03,2017-04-26,38.5,15.56,1,1,54.06,5,1,4.0,1.0,28ad66c8baf13c85d2a936d0b06e73f6,13140,paulinia,SP,13.808993055555556,22.470069444444444,0,54.06
316c1fa727d9048a98c36aefbfd84e19,19cc846bb81d9669e98a8f410820fe0e,delivered,2017-04-03 13:52:26,2017-04-03 14:02:36,2017-04-05 15:05:21,2017-04-28 14:52:42,2017-05-09,17.99,24.35,1,1,42.34,3,1,5.0,1.0,169d2624b05eddb1fe594c7e3f135c00,69078,manaus,AM,25.041851851851852,35.4219212962963,0,42.34
a8cf68ff08fc00910fdb589e444e23b4,ca76dd7efffe773e1e1a0c0c36d16e33,delivered,2017-04-03 13:57:14,2017-04-04 13:50:21,2017-04-05 13:53:09,2017-04-19 15:53:12,2017-05-04,64.99,16.15,1,1,81.14,8,1,5.0,1.0,0981a271500799427cdf345e9121e20b,97300,sao gabriel,RS,16.080532407407407,30.418587962962963,0,81.13999999999999
8ae8b33f63d9924a2db9ec6c1e98fd35,185830935eb09d19b034abbab645177c,delivered,2017-04-03 14:04:19,2017-04-05 02:35:32,2017-04-25 16:36:26,2017-05-05 06:06:12,2017-05-05,1964.0,147.57,1,1,2111.57,1,1,5.0,1.0,2621b577faf30c524ef1f0fff766a575,48890,valente,BA,31.667974537037036,31.413668981481482,1,2111.57
a89c99af44728fa4a6353bc609820a3d,495cbebb7b69df24dfd02552fb6e7cf8,delivered,2017-04-03 14:31:39,2017-04-03 14:45:07,2017-04-18 13:13:59,2017-04-28 13:52:13,2017-05-12,129.9,32.23,1,1,162.13,12,1,3.0,1.0,fe82528d6510186bf8d749b86125ddf9,68448,murucupi,PA,24.97261574074074,38.3946875,0,162.13
09478c1d9dbc168c8438aa90f1be13a9,a332da65750aa1c1ed6697071c478ed2,delivered,2017-04-03 15:06:02,2017-04-05 02:45:30,2017-04-05 11:03:45,2017-04-25 15:38:49,2017-05-03,169.9,27.62,1,1,197.52,1,1,5.0,1.0,e7cb888e6948cb2c3f9347e048979fbe,71680,brasilia,DF,22.022766203703704,29.370810185185185,0,197.52
6299a3c11640c557bd4b4bd34226b407,e90dfa11acd0c4d2c06797cc178c27e1,delivered,2017-04-03 15:07:33,2017-04-03 15:22:39,2017-04-05 15:18:49,2017-04-17 12:11:02,2017-04-28,59.9,17.26,1,1,77.16,1,1,4.0,1.0,db6a3415113111c49e13e8ca75037728,38740,patrocinio,MG,13.877418981481481,24.369756944444443,0,77.16
3426a8ff7d6108c541c7edd4ede5cf18,7d05062f79bacb93b8f83d6da8d1a373,delivered,2017-04-03 15:37:39,2017-04-03 15:50:15,2017-04-05 11:28:39,2017-04-12 17:17:59,2017-04-28,202.0,38.6,2,1,240.6,1,1,1.0,1.0,3dc70ff7a5b9e83700bcd962bc53513f,98590,santo augusto,RS,9.069675925925926,24.348854166666666,0,240.6
0ff41d0741d36126966da6f95318918f,cf32c953e3f9c1fe1e99fca3d3dd56d1,delivered,2017-04-03 15:54:23,2017-04-04 05:45:27,2017-04-04 13:37:38,2017-04-17 10:14:46,2017-05-03,72.9,19.21,1,1,92.11,1,1,4.0,1.0,42daed543c3d0dc96eb236e24c20394d,73252,brasilia,DF,13.764155092592592,29.337233796296296,0,92.11000000000001
81939d40c8467167b0946455d61ca8a7,282e51b682bb8fb8064457522df17882,delivered,2017-04-03 15:58:35,2017-04-03 16:05:25,2017-04-06 10:47:48,2017-04-20 13:27:01,2017-04-27,54.9,11.77,1,1,66.67,6,1,4.0,1.0,4fa852678965c43d7736979cd1b04d2f,4961,sao paulo,SP,16.89474537037037,23.33431712962963,0,66.67
f6e89f57355aba0267e4063a2d762c90,5a9c24ae3a1031f1439b260a24d14f36,delivered,2017-04-03 16:00:59,2017-04-03 16:35:07,2017-04-04 15:30:03,2017-04-06 12:57:00,2017-04-24,49.0,14.12,1,1,63.12,1,1,5.0,1.0,a6abe15d926391d0b739f4f60ae20b43,17700,osvaldo cruz,SP,2.8722337962962965,20.332650462962963,0,63.12
20ef4f721610e50167d484f950d19b77,45e50a6d3f743d175e0d778bb74e0c85,delivered,2017-04-03 16:13:01,2017-04-03 16:25:11,2017-04-04 10:43:17,2017-04-10 16:05:57,2017-04-24,84.99,14.36,1,1,99.35,3,1,5.0,1.0,69e1952fdbf5f5a17d0e3d2141c275ab,7724,caieiras,SP,6.995092592592592,20.324293981481482,0,99.35
5948fbee097af38b1319f4cd4040c2cd,e8bf1043062527c3fcb79a2523b1686c,delivered,2017-04-03 16:24:47,2017-04-03 16:35:14,2017-04-04 08:42:06,2017-04-13 08:03:34,2017-04-26,49.5,17.09,1,1,66.59,5,1,5.0,1.0,842ef7b625835338761215389595d4f2,32013,contagem,MG,9.65193287037037,22.316122685185185,0,66.59
404056a6129e2c8e668b8ea4d5a98297,2875e22397256efcea0111baf6ee3d19,delivered,2017-04-03 16:28:28,2017-04-03 22:50:19,2017-04-05 13:48:09,2017-04-18 13:55:12,2017-05-09,292.9,26.54,1,1,319.44,10,1,5.0,1.0,70d4bb2e0fc1ef726ca7e321c8cfd330,59062,natal,RN,14.893564814814814,35.31356481481482,0,319.44
c8cb7b0f298cd146d61e1ce533494bca,9cc17bb45c605dc49e16aeb5ae3be739,delivered,2017-04-03 16:37:07,2017-04-03 16:50:17,2017-04-04 10:27:52,2017-05-02 15:04:27,2017-04-28,110.0,20.26,1,1,130.26,1,1,1.0,1.0,ac0dbe4690cc1531621c13593ca9e4fd,5782,sao paulo,SP,28.935648148148147,24.30755787037037,1,130.26
bbec5ebc694ba25d867c7d3493a18e2e,5834f051f3aed6dbad4d1d1fb604768a,delivered,2017-04-03 17:14:19,2017-04-03 17:25:14,2017-04-06 06:27:53,2017-04-11 08:15:07,2017-04-26,38.5,15.56,1,1,54.06,1,1,5.0,1.0,b9dbc8b2b8eb1d4d0bc684b729a10cbf,4038,sao paulo,SP,7.625555555555556,22.281724537037036,0,54.06
832d3418e6261c3434ee55bbf32b7c40,7d607364c22c9118984a8ad7aca71f1f,delivered,2017-04-03 17:22:08,2017-04-05 02:42:55,2017-04-05 16:16:49,2017-04-18 12:39:57,2017-05-03,29.9,17.19,1,1,47.09,1,1,5.0,1.0,2f5c9fc06867ca73847b7affeb2b3566,75560,cachoeira dourada,GO,14.804039351851852,29.276296296296298,0,47.09
57659922ff6231d2d291063a626d9063,3ada412b472dd7ea7f5d6895a6fd3370,delivered,2017-04-03 17:25:59,2017-04-04 06:02:31,2017-04-07 14:20:17,2017-04-13 13:15:39,2017-04-26,19.44,10.96,1,1,30.4,1,1,5.0,1.0,e33df3ad85a5ef73e5c52ab705c587f7,6172,osasco,SP,9.826157407407408,22.273622685185185,0,30.400000000000002
a3a7ac8f07fa7b6b6d24e489a43b479d,5ce9ae3923690dd36249c49da1d264a6,delivered,2017-04-03 17:36:49,2017-04-03 17:50:18,2017-04-05 09:43:01,2017-05-10 12:57:47,2017-05-05,99.0,21.14,1,1,120.14,1,1,1.0,1.0,a783997c6d6e57782d4d2dcbc5c9edaf,45810,porto seguro,BA,36.806226851851854,31.266099537037036,1,120.14
4f12293458fe42108080bd8c3da6a500,ebeaca016b045dff2d2282d10e2bfa52,delivered,2017-04-03 17:46:05,2017-04-03 17:55:11,2017-04-06 11:22:51,2017-04-12 11:43:04,2017-04-24,42.99,10.96,1,1,53.95,1,1,4.0,1.0,78d3e255b3ad3aac95d3a8abc75539d1,7152,guarulhos,SP,8.747905092592593,20.259664351851853,0,53.95
56203d7ad8ce86a53281778d2dd2c9b7,3c12346ea1f05ce151ba3029c1cbf60d,delivered,2017-04-03 17:52:36,2017-04-03 18:02:58,2017-04-04 14:34:53,2017-04-19 14:46:09,2017-05-09,255.61,28.05,1,1,283.66,8,1,3.0,1.0,9bf9e8c962ab8bce4daf3ec7d0a59e13,68440,abaetetuba,PA,15.870520833333334,35.25513888888889,0,283.66
bc34d5b185152cb88b9f5db391dcd1cb,9a3aaf9447f2fbd34372e69398b2ede3,delivered,2017-04-03 17:54:02,2017-04-03 18:05:17,2017-04-05 09:53:19,2017-04-10 16:37:06,2017-05-03,27.0,16.05,1,1,43.05,1,1,4.0,1.0,9107bdcabca6373f0a08e83943f19df3,1404,sao paulo,SP,6.946574074074074,29.254143518518518,0,43.05
aac80fcf000ee1aeefa498cde2bd029a,06268eaf159395454efd7efe6b18095c,delivered,2017-04-03 18:04:29,2017-04-03 18:15:14,2017-04-05 09:47:49,2017-04-10 15:35:22,2017-05-15,24.07,16.05,1,1,40.12,1,1,5.0,1.0,93289d579072811f3202860b159a3c7f,21940,rio de janeiro,RJ,6.896446759259259,41.246886574074075,0,40.120000000000005
40df926a6d695cec9507ed972fa8b2f6,61911032487aa85b980785414f67e8b7,delivered,2017-04-03 18:20:46,2017-04-04 06:02:21,2017-04-13 17:49:07,2017-04-19 08:56:56,2017-05-02,129.6,11.52,1,1,141.12,1,1,4.0,1.0,c8c40a3a22947159eab9af128b2e51dd,7152,guarulhos,SP,15.608449074074073,28.235578703703705,0,141.12
8dedd7e73279ba745515b492ca31eb5a,152e25474f9ab4d853684feef7736ec3,delivered,2017-04-03 18:36:36,2017-04-03 18:50:14,2017-04-06 10:26:38,2017-04-10 12:25:38,2017-05-03,45.9,11.74,1,1,57.64,1,1,5.0,1.0,160d4adccc67a1eea13bb5ad108f1273,9450,rio grande da serra,SP,6.742384259259259,29.22458333333333,0,57.64
d3c03dbaa329d4cc4c2c13d982a94438,efc4607fbb8ac874c7f80b692b9fcf0c,delivered,2017-04-03 18:56:53,2017-04-03 19:05:12,2017-04-13 18:28:16,2017-04-18 13:37:43,2017-05-10,92.96,28.84,1,1,121.8,10,1,5.0,1.0,02cb7a57062bb762678e321e15ffb11d,22260,rio de janeiro,RJ,14.778356481481481,36.21049768518518,0,121.8
e6a66a8350bb88497954d37688ab123e,8db09297f613aa7c953b997e92b750db,delivered,2017-04-03 18:59:59,2017-04-03 19:15:11,2017-04-05 17:09:22,2017-04-10 11:12:46,2017-04-25,79.9,11.95,1,1,91.85,1,1,5.0,1.0,ab719d1153364ba40df26f5e44c6192a,17380,brotas,SP,6.675543981481481,21.208344907407408,0,91.85000000000001
c761a8b74f1e876bc5efc4186f720e27,a8ed087e25b26fb64cbb99033eb243a7,delivered,2017-04-03 19:07:32,2017-04-03 19:22:45,2017-04-05 12:42:51,2017-04-11 14:25:21,2017-05-15,69.8,32.1,2,1,101.9,10,1,2.5,2.0,3702265e16e5246cff7462ea675f6d90,29313,cachoeiro de itapemirim,ES,7.804039351851852,41.203101851851855,0,101.9
20b93906f0b1d44ad5e6c166ab370ba7,003eab528664e1bd677218ef4be086ac,delivered,2017-04-03 19:20:39,2017-04-03 19:30:20,2017-04-05 15:07:25,2017-04-13 18:42:25,2017-05-04,62.9,14.2,1,1,77.1,7,1,5.0,1.0,6f8b40e5fdbd4a4b4dbaadc56f4bf681,21041,rio de janeiro,RJ,9.973449074074074,30.193993055555556,0,77.1
38ea876db54669e7e86dc8c79049b795,0e7fec9f549c214a9303b5d4b2067ede,delivered,2017-04-03 20:05:04,2017-04-03 20:15:10,2017-04-05 14:57:37,2017-04-12 08:18:02,2017-05-08,27.9,20.4,1,1,48.3,1,1,5.0,1.0,3007d31c1b146229015df7b0acb29499,90040,porto alegre,RS,8.50900462962963,34.163148148148146,0,48.3
7be14973fae210892bdead0de13695e6,c850dfc9a3bc506054fd70113a026166,delivered,2017-04-03 20:31:00,2017-04-03 20:45:13,2017-04-06 15:24:46,2017-04-18 13:33:59,2017-05-09,26.99,24.84,1,1,51.83,2,1,5.0,1.0,d9a3c8bd456d6be25a2c74fff9d05055,55155,belo jardim,PE,14.710405092592593,35.14513888888889,0,51.83
0c922ae7c3b6cb7d848150c80121bc1b,6842b18ad3f173ee6b709748377bbd2f,delivered,2017-04-03 20:45:51,2017-04-05 02:42:39,2017-04-05 19:15:06,2017-04-07 17:05:40,2017-05-02,34.9,16.05,1,1,50.95,1,1,3.0,1.0,f9ce0171b9df8812316e610bc563b0ad,29176,serra,ES,3.8470949074074072,28.13482638888889,0,50.95
4f26458e3155ac93aa479a6d3ab6f909,d4fd1b1267b39e94b38a282c2d80e7ae,delivered,2017-04-03 20:47:44,2017-04-04 05:45:26,2017-04-05 14:57:37,2017-04-10 15:05:05,2017-04-27,27.9,14.52,1,1,42.42,1,1,4.0,1.0,de0344bb141d818d7ff8c0b73eb04d7e,8820,mogi das cruzes,SP,6.762048611111111,23.133518518518517,0,42.42
5652c98b769d7fdf952be85f0f4caa1f,4fd594b33e2da5053468c2d40423a142,delivered,2017-04-03 21:14:36,2017-04-03 21:25:09,2017-04-07 16:08:55,2017-04-18 16:56:00,2017-04-28,219.4,32.94,2,1,252.34,5,1,5.0,1.0,f153879fc6570bfe766b0d7552d963a0,35051,governador valadares,MG,14.820416666666667,24.11486111111111,0,252.34
8173609cc6bf4ac5c1e577223ae83522,796daa2e6458ce635771ba9ac6e40edd,delivered,2017-04-03 21:21:12,2017-04-03 21:30:20,2017-04-04 13:41:27,2017-04-07 12:38:10,2017-04-26,29.0,10.96,1,1,39.96,1,1,4.0,1.0,59acc80225b09b1ae5e1d2a55e9d30f7,4080,sao paulo,SP,3.6367824074074075,22.110277777777778,0,39.96
1ed074db777e37c2621de389c076fc8a,3171bb44b50cefec7f8643a28e1a0343,delivered,2017-04-03 21:22:16,2017-04-03 21:30:21,2017-04-10 11:01:55,2017-04-18 12:53:59,2017-04-28,110.0,17.51,1,1,127.51,1,1,4.0,1.0,bc78398ffb6426deee3da12bcccff478,4134,sao paulo,SP,14.647025462962963,24.109537037037036,0,127.51
69673f2942f230a76d45815ea310fcc1,430faa4c9224e8d08dd34e09c3daa1b8,delivered,2017-04-03 21:27:12,2017-04-03 21:35:19,2017-04-05 11:14:13,2017-04-11 16:16:32,2017-04-26,169.9,22.66,1,1,192.56,8,1,5.0,1.0,6292603dec902259a5c333f58109da24,17021,bauru,SP,7.784259259259259,22.10611111111111,0,192.56
cf13217e932cace18f417b9d0a7564f8,c57e02ddca9c4621fedcf5727ac8743f,delivered,2017-04-03 21:40:05,2017-04-03 21:50:10,2017-04-12 11:55:57,2017-04-20 09:39:41,2017-04-28,119.9,9.83,1,1,129.73,3,1,3.0,1.0,ca9dde733a9274ed9bea93b8418eaac3,4851,sao paulo,SP,16.49972222222222,24.097164351851852,0,129.73000000000002
40397c42ea8f390af9afe9cc02cb2fdd,3ac8d3d63db74e05b7d046b8bd284487,delivered,2017-04-03 21:49:28,2017-04-03 22:02:53,2017-04-04 15:20:18,2017-04-28 13:05:30,2017-05-10,109.9,25.26,1,1,135.16,10,2,2.0,1.0,3a39a225ba6f55523074cc509fd3d4b6,69060,manaus,AM,24.636134259259258,36.09064814814815,0,135.16
fb01e8d8215d266abffb5ca379063244,0d7b6a46b67046fa56193773a361e7ac,delivered,2017-04-03 22:00:05,2017-04-03 22:15:14,2017-04-13 19:07:15,2017-04-19 09:53:18,2017-05-02,631.98,70.5,2,1,702.48,8,1,3.0,1.0,08e3a5cc324f563d7914b2e2ac3685d6,17280,pederneiras,SP,15.495289351851852,28.083275462962963,0,702.48
5d6b252b7498a940c9faa592213429e6,2a88f869ff60c357f6e00e6dded4442f,delivered,2017-04-03 22:00:31,2017-04-03 22:15:14,2017-04-08 11:14:37,2017-04-19 14:24:05,2017-05-04,239.6,68.64,4,1,308.24,8,1,5.0,1.0,43d8583b06491695df9872fa1ef418af,38182,araxa,MG,15.683032407407408,30.082974537037035,0,308.24
bcdbca456c84595f3dadfbef9eeeaf51,59cf1a479d104e38587b9fe9d60febe3,delivered,2017-04-03 22:19:08,2017-04-03 22:30:18,2017-04-07 14:42:20,2017-04-19 13:53:15,2017-05-04,34.9,16.05,1,1,50.95,1,1,5.0,1.0,02278b7fe04a285092542fa4313cdc31,96065,pelotas,RS,15.64869212962963,30.070046296296297,0,50.95
f1a96431843abf74cfdda6b6307971fa,6a670a778bea4407bae72f8e5c4e7ffd,delivered,2017-04-03 22:37:55,2017-04-03 22:50:17,2017-04-04 13:52:56,2017-04-06 15:33:07,2017-04-24,10.99,10.96,1,1,21.95,2,1,5.0,1.0,c5e25440a147367c5b2ee3d48f6ac7a5,11020,santos,SP,2.705,20.057002314814813,0,21.950000000000003
230c4b870a8eec405f6b5db505974701,0146c236b4c942e0ed107444e8a90463,delivered,2017-04-03 22:43:45,2017-04-03 22:55:19,2017-04-06 10:30:12,2017-05-15 11:17:34,2017-04-27,313.9,16.37,1,1,330.27,8,1,1.0,1.0,564feb90710b4f84399f931fa97ea704,88130,palhoca,SC,41.5234837962963,23.05295138888889,1,330.27
31339e08b23bc094968740000fba12f0,e3cce53d395f9c39230a95b77cee5595,delivered,2017-04-03 22:57:24,2017-04-03 23:05:09,2017-04-05 13:53:09,2017-04-11 04:48:03,2017-05-02,56.99,14.57,1,1,71.56,3,1,5.0,1.0,9d7afc91cde0d8fcc392a26d8a343aad,30666,belo horizonte,MG,7.243506944444444,28.04347222222222,0,71.56
3a2ccd64420d46c86f575892f6d83753,25cc0b71a9122c62a2880aa1ce12eedc,delivered,2017-04-03 23:05:43,2017-04-03 23:22:44,2017-04-04 16:14:35,2017-04-12 09:41:03,2017-04-26,49.0,14.52,1,1,63.52,1,1,5.0,1.0,6856178ce177496369e3a83fd143e621,24030,niteroi,RJ,8.441203703703703,22.03769675925926,0,63.519999999999996
550a019d25590b5b3b6d31c0fd3edbbb,1f7945736d0f303827055ca99168ad20,delivered,2017-04-03 23:09:50,2017-04-03 23:22:45,2017-04-04 14:37:51,2017-04-11 16:18:08,2017-05-05,30.9,10.96,1,1,41.86,1,1,5.0,1.0,6935b767c9c3c6d8c27c9a840bc5c238,36520,visconde do rio branco,MG,7.714097222222223,31.034837962962964,0,41.86
fdd1fb95516e360a47c2a3babcd4edd0,5da45c1f98656331089701cb8f850153,delivered,2017-04-03 23:19:02,2017-04-05 02:45:18,2017-04-07 14:42:19,2017-04-27 09:17:26,2017-05-02,34.9,14.52,1,1,49.42,1,1,4.0,1.0,e528ecbe1477d5b1772eee90ff2e9420,87355,juranda,PR,23.415555555555557,28.028449074074075,0,49.42
592d19865b28930fef28521989153b19,cf50471aa438813de301793fc3d81be4,delivered,2017-04-03 23:19:35,2017-04-03 23:30:09,2017-04-04 15:22:56,2017-04-12 14:48:08,2017-04-24,54.99,12.96,1,1,67.95,1,1,5.0,1.0,87b2e4a2df8e1635a1f89705abb6e94b,13026,campinas,SP,8.64482638888889,20.02806712962963,0,67.95
a91a58a44e67c3abb999f2ce1eb30b9a,d769538f29c012075ba25f00b68a3ca6,delivered,2017-04-04 00:28:35,2017-04-04 01:05:17,2017-04-04 15:28:39,2017-04-10 17:30:08,2017-04-25,54.9,11.77,1,1,66.67,1,1,4.0,1.0,abc5d89f00acd3f067ea79119ddbf445,17514,marilia,SP,6.709409722222222,20.980150462962964,0,66.67
12f5172274e18c74bed871bb07effe27,8b0f765ca8052238d9a3ac3949b4f52b,delivered,2017-04-04 00:30:54,2017-04-04 01:05:23,2017-04-06 13:52:42,2017-04-12 10:42:22,2017-04-27,49.9,17.09,1,1,66.99,2,1,5.0,1.0,db539c729198334582efc7b53c803c79,21020,rio de janeiro,RJ,8.42462962962963,22.97854166666667,0,66.99
97f3a84e96f9e837dae9f7e2f4570afe,74081feb88afbf611f4bb95713970ca2,delivered,2017-04-04 00:49:06,2017-04-04 01:05:25,2017-04-06 14:24:08,2017-04-17 15:05:44,2017-05-10,80.0,17.3,1,1,97.3,1,1,5.0,1.0,91649e225c832551bd36ef7f13c46f3e,86870,ivaipora,PR,13.59488425925926,35.96590277777778,0,97.3
55463000ff2ec17f2fc06a0b6a1c846c,4b0f5f7c3efeb7a2436e3b8b693f66c3,delivered,2017-04-04 00:55:54,2017-04-04 01:05:29,2017-04-05 15:51:04,2017-04-17 08:12:36,2017-04-27,35.9,14.11,1,1,50.01,1,1,5.0,1.0,5f37e3a4e259226acfcff519bb54fbc5,91350,porto alegre,RS,13.303263888888889,22.961180555555554,0,50.01
20fd43d1a1e8d1257044b8a17f3c7c5e,14723de10c5caea4f02a154f09f375ee,delivered,2017-04-04 01:35:58,2017-04-04 01:50:16,2017-04-05 06:39:57,2017-04-12 08:03:44,2017-04-25,104.69999999999999,28.02,3,1,132.72,1,1,5.0,1.0,93301b3d36827181311c650f0ceead5e,20780,rio de janeiro,RJ,8.269282407407408,20.933356481481482,0,132.72
abdc23d84a4a4a01070f271f0c2917c0,356c9b7649ebd5cabf095172e8801a57,delivered,2017-04-04 05:57:10,2017-04-04 06:15:34,2017-04-04 15:59:46,2017-04-13 12:08:45,2017-04-25,9.5,11.74,1,1,21.24,2,1,5.0,1.0,493faeaff7409eead1e70f8f9ae06289,6835,embu das artes,SP,9.258043981481482,20.751967592592592,0,21.240000000000002
3d7843619ba9dab89ba9aa58cfa11e31,7cf4a335251640a443891c9e2b332ff4,delivered,2017-04-04 06:25:31,2017-04-06 02:45:27,2017-04-06 13:48:58,2017-05-16 09:32:33,2017-05-10,79.0,24.55,1,1,103.55,1,1,2.0,1.0,f8fa0bef87496b42a2f082d4be137ed8,58043,joao pessoa,PB,42.129884259259256,35.732280092592596,1,103.55
9e813e49b77c015771ec80e16207d7b5,df4884b24ec1115c29871b4fd641105c,delivered,2017-04-04 07:07:26,2017-04-04 07:22:19,2017-04-04 15:22:56,2017-04-08 03:33:12,2017-04-27,189.0,18.06,1,1,207.06,9,1,5.0,1.0,2a2a35883d0f04349002038689e65cbd,24365,niteroi,RJ,3.8512268518518518,22.703171296296297,0,207.06
eb4e4098b7ba7c44df0ef857c570922f,1f3450ae3a184dfad52bbf5bd6b9d468,delivered,2017-04-04 07:12:19,2017-04-04 07:25:14,2017-04-05 13:08:33,2017-04-18 15:43:18,2017-05-10,34.9,10.96,1,1,45.86,4,1,5.0,1.0,2ee8cccf165911123a27fe2976739ef7,13846,mogi-guacu,SP,14.354849537037037,35.69978009259259,0,45.86
95e0a5152da13c4a3e8a6cbe3a0bada3,6490dd4caf44e930d8192751c2625634,delivered,2017-04-04 08:33:00,2017-04-04 08:45:14,2017-04-06 11:43:31,2017-04-12 17:37:50,2017-04-25,384.9,40.3,2,1,425.2,8,1,5.0,1.0,66a0e4ae01e565ad721e85f287a2315e,19813,assis,SP,8.37835648148148,20.64375,0,425.2
60d33f204669abf0795294143b54d6b4,0c759d0ffa38b978922b8a00506f6159,delivered,2017-04-04 09:19:31,2017-04-04 09:30:19,2017-04-12 11:57:08,2017-04-17 11:23:45,2017-04-25,99.9,16.85,1,1,116.75,3,1,5.0,1.0,7c67f115342d01560cd438fad6346a3c,19700,paraguacu paulista,SP,13.086273148148148,20.61144675925926,0,116.75
23f55194f215ebf6254bc34d267f7d9e,5c64fe29430b2b017083fe22fc224ba3,delivered,2017-04-04 09:36:12,2017-04-04 09:50:21,2017-04-06 14:42:29,2017-04-12 13:07:51,2017-05-02,27.9,16.05,1,1,43.95,1,2,4.0,1.0,6572b8069e6c5d1a2d5e8996c7e76c4c,8265,sao paulo,SP,8.146979166666666,27.59986111111111,0,43.95
7b419fad2990895cf43c738f8e7d2d55,9ce014a42bfa0fe0ff389adde017bb24,delivered,2017-04-04 09:36:28,2017-04-05 02:45:11,2017-04-06 11:28:05,2017-04-12 10:34:50,2017-05-08,222.8,37.71,2,2,260.51,1,1,1.0,1.0,1383a85c693c3af1f959f635a1cf9c4f,98600,tres passos,RS,8.040532407407408,33.59967592592593,0,260.51
9d7bda1d8caaa92f82edb8e4559852a8,95d17bc328718beea3fff69d2812d169,delivered,2017-04-04 09:56:53,2017-04-06 02:50:31,2017-04-11 06:32:48,2017-05-05 12:36:47,2017-04-25,349.0,13.05,1,1,362.05,1,1,1.0,1.0,2a05fe612c018e47cd05684d06f7311a,13221,varzea paulista,SP,31.111041666666665,20.585497685185185,1,362.05
9ba4f1229c25da86b79e5f8af0e56461,fea04944f4e1fe567fc5151c02529203,delivered,2017-04-04 10:10:15,2017-04-04 10:22:48,2017-04-10 12:27:45,2017-04-17 10:28:12,2017-05-02,599.98,25.42,2,1,625.4,6,1,5.0,1.0,d4e190a11aad26d64b625617455dcc4f,45880,camacan,BA,13.012465277777778,27.576215277777777,0,625.4
92460f9c0d34e466aef5b66f5c2ab91a,44f7cdbdaa2f209f0bbedbc33f49d1d3,delivered,2017-04-04 10:30:20,2017-04-06 02:42:56,2017-04-07 15:46:25,2017-04-17 13:30:09,2017-04-25,27.99,10.96,1,1,38.95,1,1,5.0,1.0,0437cfec74524dfc1fc5a78c8d085a9d,7193,guarulhos,SP,13.124872685185185,20.56226851851852,0,38.95
8e62788b1e26aaa3f5786c80788880e7,f653c60411d7c29ee2524922d2f5e39d,delivered,2017-04-04 10:34:49,2017-04-04 10:45:12,2017-04-12 07:58:37,2017-04-19 13:37:24,2017-05-08,179.8,38.44,2,1,218.24,10,1,3.0,1.0,96e7781aa131bc5f59f6d00840e73b20,29160,serra,ES,15.126793981481482,33.55915509259259,0,218.24
cb9900a635406b269d600f509cff8009,83e3f7358d95de5a715f87a7a59477b9,delivered,2017-04-04 10:38:26,2017-04-05 02:43:02,2017-04-07 14:58:21,2017-04-17 15:04:52,2017-04-28,27.9,14.52,1,1,42.42,1,1,3.0,1.0,ebffb851df64bae3b62d0cbf81498696,18290,buri,SP,13.185023148148149,23.55664351851852,0,42.42
60ddc3cf31819e316702f9ede42e26c7,d101df6a75bb39768e2dab7ce5dc125f,delivered,2017-04-04 10:41:08,2017-04-04 10:50:22,2017-04-04 10:58:13,2017-04-19 06:38:10,2017-04-25,169.98,28.72,2,1,198.7,1,2,5.0,1.0,a10fe3c477989c968aa284bd448b1d5b,18520,cerquilho,SP,14.831273148148147,20.554768518518518,0,198.7
df6d8b7768a047c2981bae0a24afbb01,2da8c3c9c24c362231c8724105c23404,delivered,2017-04-04 10:46:22,2017-04-04 10:55:24,2017-04-05 15:24:20,2017-09-19 15:08:19,2017-05-10,210.9,33.08,1,1,243.98,2,1,1.0,1.0,83a187df538ac982896968512093a175,60125,fortaleza,CE,168.18190972222223,35.55113425925926,1,243.98000000000002
215081bdcfcac0c856994ef5ad2fba20,b6e8ea3ec16b6ac5bc9207ad90b855cb,delivered,2017-04-04 10:53:00,2017-04-05 06:35:15,2017-04-05 16:07:37,2017-04-15 13:37:42,2017-04-25,139.9,26.21,1,1,166.11,1,1,5.0,1.0,5494c6357233e45ac00bc125c7510ec7,4890,sao paulo,SP,11.114375,20.54652777777778,0,166.11
f0a01b4f222cc1649a2e296b9efa16f1,04f60c113a9d149d793399b11f462448,delivered,2017-04-04 11:10:21,2017-04-04 11:23:15,2017-04-06 12:54:43,2017-04-18 11:12:59,2017-04-27,49.8,14.52,1,1,64.32,2,1,4.0,1.0,54aa4f57f592909db6f8e28caef75638,9811,sao bernardo do campo,SP,14.001828703703703,22.534479166666667,0,64.32
019e03014ec20cc2e3b180cdcf90b4e8,81375382bb64d7f7ba43b0bad8c033bd,delivered,2017-04-04 11:26:31,2017-04-05 11:22:51,2017-04-06 13:21:41,2017-05-18 12:55:37,2017-05-08,738.9,25.62,1,1,764.52,10,1,1.0,1.0,fd9d39fa11a8725fabb15d0ff706251c,62600,itapaje,CE,44.061875,33.52325231481481,1,764.52
6fc3f47545243b7a6829e48871d2f8f9,da64cce133f777c710f8c902f1b452d3,delivered,2017-04-04 11:33:28,2017-04-04 11:45:11,2017-04-04 16:57:49,2017-04-11 16:08:31,2017-05-04,85.0,17.59,1,1,102.59,1,1,5.0,1.0,61346bfa343a1a5814db5b16cd4d655a,20740,rio de janeiro,RJ,7.191006944444444,29.518425925925925,0,102.59
f691bccd49f326797b1c69eb55d2a354,7bc187ccb73d502b2088482e4fb0a16c,delivered,2017-04-04 11:45:56,2017-04-06 02:50:21,2017-04-07 10:09:03,2017-04-11 09:41:40,2017-05-05,69.9,15.25,1,1,85.15,1,1,5.0,1.0,39e943abc3dcbe0ff54fd2764cc47436,22281,rio de janeiro,RJ,6.913703703703704,30.50976851851852,0,85.15
c7004c253f4946f4e76829e46b303eab,ff337d1abc22aaa5f1712f7d208bbcff,delivered,2017-04-04 11:46:33,2017-04-05 11:50:16,2017-04-06 15:41:22,2017-04-11 08:52:28,2017-04-27,69.9,15.7,1,1,85.6,6,1,5.0,1.0,11c788dd7103c8da659ef65e3643c7ce,23585,rio de janeiro,RJ,6.879108796296296,22.509340277777778,0,85.60000000000001
e67aba456e4119812662af5c37e7b945,0fbe8d6603447c975e197c946e84aaa0,delivered,2017-04-04 12:06:24,2017-04-04 13:06:31,2017-04-05 12:29:03,2017-04-07 14:48:40,2017-04-25,157.8,14.87,1,1,172.67,1,1,5.0,1.0,517c865d450011c44e5ee00824de556a,4647,sao paulo,SP,3.1126851851851853,20.495555555555555,0,172.67000000000002
61ec926d48941b3edbd4b5d4aaed5356,0a378886758498633ec55eaa83c8ed35,delivered,2017-04-04 12:20:47,2017-04-05 13:06:57,2017-04-06 11:58:57,2017-04-12 10:43:21,2017-04-27,18.99,14.52,1,1,33.51,3,1,5.0,1.0,937c0e5ed5ad1aff057e91d1803bb9d0,86812,apucarana,PR,7.932337962962963,22.48556712962963,0,33.51
5a6a63148f6ab52879bb7c2d7117e366,65c9fdf79fdf0d4b98902fbf9617c171,delivered,2017-04-04 12:48:23,2017-04-05 02:35:36,2017-04-05 11:50:56,2017-04-11 13:23:04,2017-05-02,129.0,16.6,1,1,145.6,1,1,5.0,1.0,28da048f094c0c9cbbc5412bcf41b6b0,29395,ibatiba,ES,7.024085648148148,27.466400462962962,0,145.6
641e972f60486aa3ed5bc9d4f2fa1476,794b23cc669e1a76c2e5c363430bda00,delivered,2017-04-04 12:48:52,2017-04-04 13:10:56,2017-04-05 13:32:42,2017-04-10 07:45:48,2017-05-11,110.0,16.07,1,1,126.07,5,1,5.0,1.0,9a0e6d66161c523da1c2aedf95885bac,4516,sao paulo,SP,5.789537037037037,36.466064814814814,0,126.07
2e8a8d29b0f567fe40d69ed8342959e9,01ca0c5af5349f53a4087605008e9134,delivered,2017-04-04 12:52:36,2017-04-04 13:10:49,2017-04-06 16:01:53,2017-04-12 13:34:42,2017-04-26,179.8,22.48,2,1,202.28,5,1,5.0,1.0,a6613158ea14aa56bfa17e0d5181a735,13206,jundiai,SP,8.02923611111111,21.463472222222222,0,202.28
8a1173c84bbf754f61daf556a62fe1ed,94592fdb883217ce1d1c1436fb77890e,delivered,2017-04-04 13:01:04,2017-04-04 13:15:17,2017-04-05 11:03:39,2017-04-10 09:44:00,2017-04-27,169.9,22.66,1,1,192.56,5,1,5.0,1.0,ea413c4de30a628ab6c8f0f2cb35197a,6182,osasco,SP,5.863148148148148,22.457592592592594,0,192.56
d16d35b47ec2d842e3846a4c7f4586d0,7b05d440176a2b2e195cc8957cbdfc8c,delivered,2017-04-04 13:15:05,2017-04-04 13:25:20,2017-04-05 10:00:47,2017-04-10 20:48:13,2017-05-04,59.9,17.85,1,1,77.75,3,1,5.0,1.0,f6d9da147a1feafa65e8d57c51cea44a,21321,rio de janeiro,RJ,6.3146759259259255,29.447858796296295,0,77.75
8931c9e36c3b25b6ba7bfd32a38c1677,83e44a5511874831c347939adc6da046,delivered,2017-04-04 13:27:53,2017-04-06 02:46:15,2017-04-10 11:56:44,2017-04-19 11:38:41,2017-05-12,119.99,21.29,1,1,141.28,1,1,4.0,1.0,3ca5a15e04ae31d6e672d677f3fbea9a,83260,matinhos,PR,14.924166666666666,37.438969907407404,0,141.28
0fe1829613c45b423f51aa8949dd8d57,91a40cc40254f748df9028c2cfce3e69,delivered,2017-04-04 13:34:33,2017-04-04 13:45:14,2017-04-06 16:57:54,2017-04-11 15:23:12,2017-04-27,149.99,16.26,1,1,166.25,1,2,4.0,1.0,7ac1053db56152bf433d6249602a69de,38400,uberlandia,MG,7.075451388888889,22.43434027777778,0,166.25
81e035b07fa347e5b333f9a2b4616e2e,ee70ec5cb7972645152f727f099be202,delivered,2017-04-04 13:46:04,2017-04-05 06:35:18,2017-04-05 14:30:12,2017-04-20 13:14:40,2017-05-09,28.45,17.19,1,1,45.64,1,1,5.0,1.0,b049293d1dbfd9c038175bea4b9b0b72,95555,capao da canoa,RS,15.978194444444444,34.42634259259259,0,45.64
c61f24b4d04a247a7b8f182d3bdb7e18,6876c072b2c44bdeff9b5cc3eed9d108,delivered,2017-04-04 13:47:15,2017-04-04 14:02:57,2017-04-04 15:05:33,2017-04-12 15:24:23,2017-04-27,210.0,38.02,2,1,248.02,1,1,5.0,1.0,3ea0dc7679b16aaac1968748e60ea49e,35860,conceicao do mato dentro,MG,8.067453703703704,22.425520833333334,0,248.02
c38b7df1e86d6696584a1fd0134d90a3,b40d079359c3227ce06419dd806135ca,delivered,2017-04-04 13:57:32,2017-04-05 09:42:40,2017-04-05 19:15:06,2017-05-05 11:57:52,2017-05-11,59.9,24.91,1,1,84.81,2,1,5.0,1.0,4a9941e208fb44d44ca3a9aaf4020914,52171,recife,PE,30.91689814814815,36.41837962962963,0,84.81
df4b824bd4343d1cb124a2a17a87be00,78f47f58b2b6a086cf8c8fa4656bb3d9,delivered,2017-04-04 14:13:05,2017-04-04 14:25:18,2017-04-05 08:43:08,2017-04-11 13:45:46,2017-05-05,175.0,22.7,1,1,197.7,4,1,5.0,1.0,63ee31884a3ab3a49becde3f72b937e4,89245,araquari,SC,6.981030092592593,30.407581018518517,0,197.7
46db25fef4b8fb1f438f15f38808bde5,6ad1149ee2519543872d4e67f07c2e11,delivered,2017-04-04 14:37:27,2017-04-04 14:50:30,2017-04-05 13:53:06,2017-04-10 14:46:13,2017-04-27,279.9,16.13,1,1,296.03,2,1,5.0,1.0,1560ae4e352d6a5cf189003b34b2a889,3645,sao paulo,SP,6.006087962962963,22.39065972222222,0,296.03
e73c844f36e48f6d0cc8ae6b97a6176a,eb306b242f7bf44f262523b29c0f5883,delivered,2017-04-04 14:49:25,2017-04-04 15:05:15,2017-04-05 14:13:08,2017-04-17 13:58:03,2017-05-02,39.99,17.19,1,1,57.18,5,1,5.0,1.0,ae9d97a1ea6b874f00e59685354e587c,96170,sao lourenco do sul,RS,12.964328703703703,27.382349537037037,0,57.18000000000001
fd35f639e285f0bbaf74bda9f4e55b60,975205a0f979b7f66e9c34762117b38b,delivered,2017-04-04 14:54:18,2017-04-04 15:05:20,2017-04-05 16:35:50,2017-04-10 09:47:50,2017-04-27,285.9,17.21,1,1,303.11,1,1,5.0,1.0,7d34f4a28b0abbc5a8ae3e6fc49de2c5,4076,sao paulo,SP,5.787175925925926,22.378958333333333,0,303.10999999999996
6c3753f7fbeb117d143039b581ad02e8,52c3448009af9ce4e24f1ed762fcc419,delivered,2017-04-04 15:05:08,2017-04-04 15:15:30,2017-04-05 16:35:50,2017-04-11 18:08:27,2017-05-02,285.9,18.84,1,1,304.74,2,1,4.0,1.0,0bc5a6f1cf5d5831a16ee42effe67e15,22783,rio de janeiro,RJ,7.127303240740741,27.371435185185184,0,304.73999999999995
e4b7be2ee017ee255fb5c03eab0cc09b,5cabdd55383ef66f362b0c0f20aef2af,delivered,2017-04-04 15:17:28,2017-04-04 16:22:52,2017-04-06 06:36:58,2017-04-12 13:04:09,2017-05-16,18.9,16.05,1,1,34.95,2,1,5.0,1.0,ecdf3fcea5ba8b7a68af786d7c089518,90640,porto alegre,RS,7.907418981481482,41.36287037037037,0,34.95
63868c7ca7305355d478950dfe35cdcc,324edf2203293c57f30f5ce794687ab6,delivered,2017-04-04 15:33:10,2017-04-04 15:45:17,2017-04-05 13:52:37,2017-04-17 09:11:46,2017-04-25,39.9,11.74,1,1,51.64,1,1,4.0,1.0,b4a14bd29c6da3d4b9a28abac2047194,4929,sao paulo,SP,12.735138888888889,20.351967592592594,0,51.64
d85efeeca6be7949e59458c5d26169db,21caa667b0f79c15b879b304f8f25e9c,delivered,2017-04-04 15:50:23,2017-04-04 16:05:07,2017-04-06 11:38:41,2017-04-10 07:13:03,2017-04-25,72.62,9.5,1,1,82.12,1,1,4.0,1.0,4c98f17933ed33ed598bd7b3b904e8f0,4547,sao paulo,SP,5.640740740740741,20.340011574074072,0,82.12
77ea41cd71582db7c8dc337bbe28b561,7b680958f51abe7d42751d02c4e7fc63,delivered,2017-04-04 15:55:58,2017-04-06 02:43:19,2017-04-06 14:43:43,2017-04-12 17:35:46,2017-04-25,98.99,15.8,1,1,114.79,1,1,5.0,1.0,c75509c723877bfaa691bba889dcf227,14179,sertaozinho,SP,8.069305555555555,20.33613425925926,0,114.78999999999999
22b9b43e76d76d237c9e5646e47fc6e3,1a00ab086e473de2fb5ec217d4c6ca0e,delivered,2017-04-04 15:57:37,2017-04-06 02:45:26,2017-04-10 11:56:43,2017-04-19 15:34:26,2017-05-10,119.99,18.27,1,1,138.26,1,1,2.0,1.0,d7ef684a4356c48be1e9b1561092bef6,37130,alfenas,MG,14.983900462962962,35.33498842592593,0,138.26
525e11b26fdb7f41471d289897d0f6da,8f36bba3eb0b719188eec69560d5d815,delivered,2017-04-04 16:19:10,2017-04-04 16:30:20,2017-04-05 14:44:29,2017-09-19 14:58:10,2017-05-08,74.9,24.72,1,1,99.62,3,1,4.0,1.0,452ab8cfe9ab69e589da08845df9cebf,41925,salvador,BA,167.94375,33.320023148148145,1,99.62
11d6810af0b0d8982e3d67b4dae4374a,cb51b2fbaabd9799feab4820422b270a,delivered,2017-04-04 16:33:35,2017-04-04 16:45:21,2017-04-05 10:41:27,2017-04-10 10:43:43,2017-05-05,34.6,14.52,1,1,49.12,1,1,5.0,1.0,17bd7fdb73ba6e0c5b23ae0cea63ad51,20540,rio de janeiro,RJ,5.757037037037037,30.310011574074075,0,49.120000000000005
52f8ac328cbc9bdeac9bc1b3dc3932ed,8f5960ce9ff2bc0e6f234d3cb35edd30,delivered,2017-04-04 16:36:42,2017-04-04 16:50:12,2017-04-13 17:29:57,2017-04-19 13:24:56,2017-05-03,146.99,30.17,1,1,177.16,3,1,3.0,1.0,93ca12e4de81b372d261af20ef832fa4,5417,sao paulo,SP,14.866828703703703,28.30784722222222,0,177.16000000000003
72a903683024f7612875c6e8500a9980,05142fcea1f1b7eb475754abf33ece6e,delivered,2017-04-04 16:45:03,2017-04-04 16:55:27,2017-04-05 13:57:13,2017-04-12 13:05:50,2017-05-02,75.0,16.23,1,1,91.23,1,1,5.0,1.0,1d92720f87b068d217398e293f183567,37200,lavras,MG,7.847766203703704,27.30204861111111,0,91.23
1727e1c8b1ccb4c78510a8524bf1be08,7daeebe540c6e8bd905db7ddf5cdea6b,delivered,2017-04-04 16:58:10,2017-04-05 02:45:14,2017-04-05 10:00:43,2017-04-10 15:55:50,2017-05-02,59.9,16.12,1,1,76.02,1,1,4.0,1.0,3776c229a04a5072c6f36de7487ea5b6,13484,limeira,SP,5.956712962962963,27.292939814814815,0,76.02
375c717fbe948f24044e81178cc38b0e,f2be8c3486681610dd9649534c41f7ae,delivered,2017-04-04 16:59:43,2017-04-04 17:10:18,2017-04-06 16:01:52,2017-04-20 10:31:03,2017-05-05,159.0,18.54,1,1,177.54,10,1,3.0,1.0,c1d43ef6f70aff50201a1b882176a346,74936,aparecida de goiania,GO,15.730092592592593,30.291863425925925,0,177.54
5aa4778f637df7a41e0df0f10ee0f1c1,574733d6b5888f34d3918ffe1d629bb3,delivered,2017-04-04 17:16:38,2017-04-04 17:25:12,2017-04-06 15:41:22,2017-04-11 16:46:53,2017-04-25,65.9,11.85,1,1,77.75,3,1,5.0,1.0,2c58adb81726bab4f6d8836e8d6a217f,14040,ribeirao preto,SP,6.979340277777778,20.28011574074074,0,77.75
295223d3665d750dffdd3da21dee2d15,b7514d57081dbde6d17c152fc35f3531,delivered,2017-04-04 17:17:29,2017-04-04 17:25:14,2017-04-06 14:07:56,2017-04-12 13:12:09,2017-04-25,95.0,11.28,1,1,106.28,5,1,1.0,1.0,b0ba2e0d0afecff3b850f4c9675b6f1c,15390,itapura,SP,7.82962962962963,20.27952546296296,0,106.28
26d795767ec2fca00042e8f7cdbe3fdf,28a6edb0d0efcf78339aea74946c31b5,delivered,2017-04-04 17:25:21,2017-04-04 17:42:59,2017-04-06 11:22:48,2017-04-12 14:17:56,2017-04-27,49.9,14.52,1,1,64.42,6,1,5.0,1.0,bb3ff8a30400655ff012c28bdca794e0,86181,cambe,PR,7.869849537037037,22.2740625,0,64.42
29013d072b3d67be91de464005587c4f,a3d80241f52e562a8b409c773122717e,delivered,2017-04-04 17:31:12,2017-04-04 18:35:19,2017-04-10 15:57:50,2017-04-13 13:05:04,2017-04-25,18.95,10.96,1,1,29.91,2,1,5.0,1.0,11a87ba9e2accdff4efdca9cf3e839e0,14500,ituverava,SP,8.815185185185186,20.27,0,29.91
7a11da7177850c642520f68efae51bf1,bf05c96123ac83f4511b372d5be1de25,delivered,2017-04-04 17:37:53,2017-04-05 02:45:16,2017-04-11 11:17:47,2017-04-19 09:53:10,2017-05-05,328.0,20.89,1,1,348.89,1,1,5.0,1.0,d3dd95e28fea1330ca84644f12339780,17700,osvaldo cruz,SP,14.677280092592593,30.265358796296297,0,348.89
04e16f3c151ad9fb3100eda6ac3a61b7,112f9ea59ac9a9565c76c2152490fe30,delivered,2017-04-04 18:01:45,2017-04-04 18:15:25,2017-04-05 14:39:48,2017-04-12 16:22:10,2017-04-27,269.0,17.09,1,1,286.09,6,1,5.0,1.0,d4c01fb33a50efe02b5f7ed95f566389,37800,guaxupe,MG,7.930844907407407,22.248784722222222,0,286.09
92d277181976dd1ae82d2d739755ec17,aef25365c2c16bfaabe4dd0fe95cd9a2,delivered,2017-04-04 18:02:11,2017-04-06 02:43:18,2017-04-06 13:48:34,2017-04-10 16:54:45,2017-05-03,6.33,10.96,1,1,17.29,1,1,,,6b999f361fb30b6274f1f63aa445b6bc,5056,sao paulo,SP,5.953171296296296,28.248483796296295,0,17.29
53655ba462a8da271979e297337716d0,022ce4a398ead1391e33c9899e3e3d44,delivered,2017-04-04 18:09:37,2017-04-04 18:23:16,2017-04-05 09:35:53,2017-04-11 10:32:07,2017-05-02,86.99,19.2,1,1,106.19,5,1,1.0,1.0,dc2e4c590a48a3c318d9b126f43b4076,29216,guarapari,ES,6.682291666666667,27.24332175925926,0,106.19
5e421beb5e031bdd0634b7aa80ec82f0,bfb9e0b57932df93aa902959ce601a1e,delivered,2017-04-04 18:40:10,2017-04-05 02:35:20,2017-04-05 14:48:02,2017-04-17 15:08:01,2017-05-12,119.99,21.29,1,1,141.28,1,1,5.0,1.0,2f9856bf9beb35be3338bf86b46fa8e4,11446,guaruja,SP,12.852673611111111,37.22210648148148,0,141.28
bff9098ed91532e554b0c12a4712546c,185cd4528ed02f7755e844caff8d7e5f,delivered,2017-04-04 18:43:32,2017-04-04 18:55:15,2017-04-06 09:17:56,2017-04-10 16:58:14,2017-04-27,27.0,8.72,1,1,35.72,1,1,5.0,1.0,a656a885f44c74706aa992d47b46b820,3805,sao paulo,SP,5.926875,22.219768518518517,0,35.72
dcd37d4b107e3f9e086e4b0ff4d087e3,20c1c62e6d76d1efd0a6b78b5477191f,delivered,2017-04-04 19:01:02,2017-04-04 19:15:13,2017-04-07 13:14:20,2017-04-20 12:25:50,2017-04-25,49.7,12.93,1,1,62.63,1,1,4.0,1.0,86de506b9b12ab7fe977b53def0736ef,13068,campinas,SP,15.725555555555555,20.207615740740742,0,62.63
683b82f268a3ba04ef24ce3490a12d44,a5f835421f74efb2806c5b07f51ceffe,delivered,2017-04-04 19:04:10,2017-04-04 19:15:13,2017-04-12 13:53:43,2017-05-09 09:58:07,2017-05-17,199.0,32.99,1,1,231.99,4,1,4.0,1.0,79538aee569d709ed810606a5eab6f72,49035,aracaju,SE,34.62079861111111,42.20543981481482,0,231.99
c5175c4c2568fd199b71d9c2fbcafbf0,f2cb2c39dd256d43335ad9c4e0a088fe,delivered,2017-04-04 19:05:23,2017-04-05 02:35:14,2017-04-05 16:20:04,2017-04-12 11:08:20,2017-04-27,15.99,14.52,1,1,30.51,1,1,4.0,1.0,959957b04abdb0acd726e8f0e700a899,13181,sumare,SP,7.668715277777777,22.204594907407408,0,30.509999999999998
cddedff311702945e9c62236026dc3dc,4dc4eaabbe6f83dcfce7ee1b31af8c43,delivered,2017-04-04 19:19:11,2017-04-04 19:30:17,2017-04-05 13:34:52,2017-04-07 11:19:42,2017-04-26,158.0,13.69,1,1,171.69,1,1,5.0,1.0,4e1b18809b98d358415a6aa0e4a8b84b,6465,barueri,SP,2.667025462962963,21.195011574074073,0,171.69
44d316d2e1eb305ec56acf91ab65b82a,e4466ff52d6fe124514d6e0365d40924,delivered,2017-04-04 19:28:08,2017-04-06 02:45:36,2017-04-06 13:09:36,2017-04-11 16:56:11,2017-04-25,59.99,11.81,1,1,71.8,1,1,5.0,1.0,62317cbed11d75c2098e370870706c85,13033,campinas,SP,6.894479166666667,20.188796296296296,0,71.8
b7c3462b308e3d9d375ba7d120ee0893,c445359b5a2478c8b99696562ad4a2fd,delivered,2017-04-04 19:41:58,2017-04-04 19:50:22,2017-04-06 12:48:17,2017-04-20 08:48:03,2017-05-15,66.89,22.4,1,1,89.29,4,1,4.0,1.0,61e32ff7e0509ddd8884143f08643318,41830,salvador,BA,15.545891203703704,40.17918981481481,0,89.28999999999999
f1631176a5776079ef8293f9c66f1a90,3b5a559898d679155d44fdc46c572d85,delivered,2017-04-04 19:53:50,2017-04-04 20:05:08,2017-04-05 08:22:36,2017-04-07 11:46:53,2017-04-25,59.9,11.81,1,1,71.71,2,2,5.0,1.0,a8400719a4cd8010278435720be729ed,8508,ferraz de vasconcelos,SP,2.661840277777778,20.170949074074073,0,71.71
cb161f108a2062a82651fe528b39ffa7,568347f815812a019ece260d70e94d5c,delivered,2017-04-04 20:29:00,2017-04-06 02:45:22,2017-04-07 12:52:02,2017-04-17 15:30:12,2017-04-27,199.9,18.14,1,1,218.04,1,1,5.0,1.0,9acebcf17af624dee704b51e8c17930d,28625,nova friburgo,RJ,12.7925,22.146527777777777,0,218.04000000000002
af3437e1167dda813ebc758497db4c50,48c205f7c9e884863ef8e2799d387a52,delivered,2017-04-04 20:43:12,2017-04-06 02:42:58,2017-04-06 13:24:18,2017-04-20 09:15:24,2017-05-11,49.0,24.84,1,1,73.84,1,1,5.0,1.0,6fcf468df3f44e24a0cb39e77b287f12,55578,tamandare,PE,15.522361111111111,36.13666666666666,0,73.84
5364251a5919bf6a0aede30159704e83,cfb79c33a1566fcdd237c45cf383d5b8,delivered,2017-04-04 20:43:40,2017-04-04 20:55:19,2017-04-05 13:25:18,2017-04-17 10:47:57,2017-04-28,29.9,15.56,1,1,45.46,4,1,4.0,1.0,839e87c05aa9413d96be04b198565a4c,87209,cianorte,PR,12.586307870370371,23.13634259259259,0,45.46
e19633c5f388df807021cded7372d3bc,9491289f2b9087e69c474fb8d4436e10,delivered,2017-04-04 20:56:04,2017-04-06 02:45:37,2017-04-06 13:11:08,2017-04-13 16:34:23,2017-04-27,39.8,29.04,2,1,68.84,1,1,1.0,1.0,c51a1ea9fa9851c70f89d1178c861150,22795,rio de janeiro,RJ,8.818275462962964,22.127731481481483,0,68.84
a9e698f2944fc17e406c624bf2ce9067,a26ee55d980bbbb84838b5ed8347f253,delivered,2017-04-04 21:00:40,2017-04-04 21:10:17,2017-04-05 13:34:53,2017-04-11 17:10:33,2017-05-03,107.0,16.45,1,1,123.45,1,1,5.0,1.0,f5f1eca285d9b24b23ab0e538ea9d6b9,29060,vitoria,ES,6.84019675925926,28.124537037037037,0,123.45
6eeedb3e16d8072305be02562c253602,c08bcbf28cd7a7c95c95151a3ff141a4,delivered,2017-04-04 21:06:14,2017-04-04 21:15:09,2017-04-05 10:16:31,2017-04-08 22:53:55,2017-04-25,98.99,15.8,1,1,114.79,2,1,5.0,1.0,9fcc4bd5e142f49a33eaec45b270a053,9351,maua,SP,4.074780092592593,20.120671296296297,0,114.78999999999999
8375e62ff082f229096ecda5cbc957ea,328f33266451e729a2d27dc43051d0c8,delivered,2017-04-04 21:07:53,2017-04-04 21:22:30,2017-04-06 15:15:06,2017-04-19 16:24:46,2017-05-11,409.38,17.04,1,1,426.42,1,2,4.0,1.0,118c825b7ac197bc393cb4c8c3310f65,16020,aracatuba,SP,14.803391203703704,36.11952546296296,0,426.42
82f9d29b3ba3f050c96ecc1fc879d58c,b0a59e1efebe412e0c594fdea8966fa2,delivered,2017-04-04 21:35:50,2017-04-04 21:45:15,2017-04-13 16:53:15,2017-05-02 15:49:20,2017-05-05,186.99,37.71,1,1,224.7,10,1,4.0,1.0,d4a51c85abe4e64a4215d46b4177a44d,38181,araxa,MG,27.759375,30.10011574074074,0,224.70000000000002
716ae039823c5b809fbf98d24626922a,bc781ab7ea64681deb7a011ec776bb0e,delivered,2017-04-04 21:53:37,2017-04-05 22:02:38,2017-04-06 07:46:16,2017-04-18 13:37:46,2017-05-09,66.99,17.21,1,1,84.2,3,1,5.0,1.0,0b8b2910c3f96a74c660a10433187042,28605,nova friburgo,RJ,13.655659722222222,34.0877662037037,0,84.19999999999999
2c23086c23ba12b76e8312efa418c62d,e0e226f1c923bbf1ddfff85365e8933e,delivered,2017-04-04 22:12:24,2017-04-04 22:22:44,2017-04-05 16:07:38,2017-04-17 08:05:11,2017-04-25,279.8,52.42,2,1,332.22,6,1,4.0,1.0,408a225630a7b19b4cdaefb4a03f84d9,11723,praia grande,SP,12.411655092592593,20.07472222222222,0,332.22
dda0214706ebf9c46aa0a45821bb589c,3f36fa8566b86af7d9abd7f931f2ef73,delivered,2017-04-04 22:19:37,2017-04-04 22:30:19,2017-04-06 10:26:39,2017-04-10 14:04:08,2017-05-03,149.8,17.79,1,1,167.59,3,1,2.0,1.0,71205b9daf992360e033d1d37517d02d,80060,curitiba,PR,5.655914351851852,28.06971064814815,0,167.59
6a3d65da103828be4fcd1d381ff863e4,8805608b298001962c13dfa81a96229f,delivered,2017-04-04 22:28:42,2017-04-04 22:42:27,2017-04-10 13:35:46,2017-04-17 14:55:14,2017-05-03,269.0,18.03,1,1,287.03,5,1,1.0,1.0,4700fb5c5be4d27d6bed7cb5185e6c48,2762,sao paulo,SP,12.685092592592593,28.063402777777778,0,287.03
851a1bb94704004cc93ad2edd7f6454c,717ed3929ad72154e69181f419c24cfe,delivered,2017-04-04 22:29:47,2017-04-05 07:50:12,2017-04-05 14:27:35,2017-04-18 12:24:12,2017-05-09,59.9,16.12,1,1,76.02,1,1,5.0,1.0,8d60a4803f5cf4a4275d5b69009e0e4b,74210,goiania,GO,13.579456018518519,34.062650462962964,0,76.02
9def7a5fa150d19b1aaa252828db8df9,9302b40e3cbf7c43daae0cf4bf7e8895,delivered,2017-04-04 22:33:07,2017-04-04 22:45:14,2017-04-05 14:27:55,2017-04-12 17:38:07,2017-05-08,52.0,29.04,2,1,81.04,5,1,5.0,1.0,3cbe4dacbf014deb61bf6a4b2b7e24ab,33600,pedro leopoldo,MG,7.795138888888889,33.06033564814815,0,81.03999999999999
1c0ed0f1981e710449d7d5483d4ce8fe,68245dfbd8366b057c7abbd2cd1cecdd,delivered,2017-04-04 22:37:27,2017-04-06 02:50:24,2017-04-06 15:20:04,2017-04-13 14:32:34,2017-05-02,34.0,16.05,1,1,50.05,1,1,5.0,1.0,09810f7d65ef7c45126515bfd64b3a5b,92320,canoas,RS,8.663275462962963,27.05732638888889,0,50.05
d73b26310b53b3e3958a2aac75ad8e6c,07c05ef458086d53186e393b919ddd0f,delivered,2017-04-04 22:38:39,2017-04-04 22:50:18,2017-04-06 13:52:16,2017-04-17 10:24:10,2017-04-27,44.9,15.56,1,1,60.46,6,1,5.0,1.0,0d91963dc2db3d3272bf944d7c5c6625,14161,sertaozinho,SP,12.489942129629629,22.056493055555556,0,60.46
64aba6980bbf5ba26727da7f8e5049ff,5bdca9b7358a3437a36317aa40783eb0,delivered,2017-04-04 22:55:36,2017-04-04 23:10:10,2017-04-06 13:43:19,2017-04-11 13:06:29,2017-04-25,127.8,23.68,2,1,151.48,6,1,4.0,1.0,e9b0b94dbd472812c6d5cfe014ab7a96,36900,manhuacu,MG,6.590891203703704,20.044722222222223,0,151.48
f3ec304ba495d76a8dac93719dab77bb,9e4b7f5c3438f529cd165ff6dc63eb47,delivered,2017-04-04 23:09:02,2017-04-04 23:22:44,2017-04-05 14:28:50,2017-04-12 18:50:13,2017-04-26,89.99,16.78,1,1,106.77,6,1,5.0,1.0,c0382f84272f917845aa74394d91ccbd,13301,itu,SP,7.820266203703704,21.035393518518518,0,106.77
f1a1f8c4672ddef8f8562981ca2d0596,ca4f062ec452965235c58a11ea8e3803,delivered,2017-04-04 23:09:14,2017-04-04 23:22:44,2017-04-05 13:53:11,2017-04-17 13:18:03,2017-04-27,329.9,16.48,1,1,346.38,2,1,3.0,1.0,9d8a5cdca7bacfcff45ae4e120923b20,13171,sumare,SP,12.589456018518518,22.03525462962963,0,346.38
9813a3dc93e8c648e03270feca0e918b,b227d66d4c411666070d0bdafd1061f8,delivered,2017-04-04 23:14:23,2017-04-04 23:25:16,2017-04-05 14:39:10,2017-04-10 13:47:46,2017-04-27,19.99,10.96,1,1,30.95,1,1,4.0,1.0,2e05adf5092e25e5f1af3f7997d3095b,15813,catanduva,SP,5.606516203703704,22.031678240740742,0,30.95
a452fba32eab28a4a62af18eed010c0b,5b316feca7e939c2199a4ee7223e2f51,delivered,2017-04-04 23:21:02,2017-04-04 23:30:19,2017-04-05 18:40:12,2017-09-19 13:47:09,2017-05-04,64.9,19.15,1,1,84.05,5,1,4.0,1.0,8797ab21284e4c29f9b4661f05b52da2,45400,valenca,BA,167.60146990740742,29.027060185185185,1,84.05000000000001
02c279c60b8aafcb89cb42f9bc4b754e,68d7fce44a1b7df663bc8086b9aa5d22,delivered,2017-04-04 23:39:14,2017-04-04 23:50:26,2017-04-05 13:48:07,2017-04-10 14:04:06,2017-04-27,292.9,16.22,1,1,309.12,3,1,5.0,1.0,67747e4941cdc8a082fd061b45e20155,3475,sao paulo,SP,5.600601851851851,22.014421296296295,0,309.12
b955e1ecda001d15a6f9a0279d06ae5d,9f40492a2b160998fd79c9c4fa964c5f,delivered,2017-04-04 23:45:11,2017-04-05 01:30:08,2017-04-10 18:45:12,2017-04-12 12:33:48,2017-04-25,119.99,20.14,1,1,140.13,2,1,4.0,1.0,ed199c42c6110b74d598f648fd37510f,1525,sao paulo,SP,7.533761574074074,20.010289351851853,0,140.13
09aea357bd7fde763e2358cc9e413513,f1821c00b393147f35773641d2b53cd3,delivered,2017-04-04 23:45:19,2017-04-05 01:01:20,2017-04-05 13:47:54,2017-04-07 11:32:48,2017-04-25,29.9,9.34,1,1,39.24,1,1,5.0,1.0,66832c8a08118ce07d6091866582b30f,3577,sao paulo,SP,2.4913078703703704,20.01019675925926,0,39.239999999999995
a7de1e9511d55d23769ec956fbfe66a9,8d6d565a25780b89431c626e4623259b,delivered,2017-04-04 23:52:03,2017-04-06 02:46:08,2017-04-12 14:18:03,2017-05-15 08:59:48,2017-05-10,18.95,24.84,1,1,43.79,1,1,5.0,1.0,3ff672e35097cfd7e1cc43ef64cf4906,62300,vicosa do ceara,CE,40.380381944444444,35.005520833333335,1,43.79
6e463148b6be7828c383cfb68124dc0e,bc258d3e706ad4072547d5a81d00e6de,delivered,2017-04-05 00:01:51,2017-04-05 00:23:24,2017-04-05 12:22:18,2017-04-08 00:28:43,2017-04-26,99.99,9.69,1,1,109.68,2,1,5.0,1.0,b1eebbf219187a4d9f15d147e5b74757,2470,sao paulo,SP,3.0186574074074075,20.998715277777777,0,109.67999999999999
93dc7c78fb2b4efe25f1ed813f84992a,9cca406efea111557fa977471c4985a0,delivered,2017-04-05 00:11:11,2017-04-06 18:02:51,2017-04-10 11:58:57,2017-05-02 17:26:32,2017-05-12,249.99,30.1,1,1,280.09,7,1,2.0,1.0,d5a9eccfa0ca0ec79d59b81e98d83911,69919,rio branco,AC,27.718993055555554,36.9922337962963,0,280.09000000000003
11a4c9d2fc6b4d2019d5844288bd23c6,797e79e27bb840bb51f00f7c7913f752,delivered,2017-04-05 00:20:50,2017-04-05 00:30:27,2017-04-06 10:53:58,2017-04-17 11:14:12,2017-04-28,84.99,18.87,1,1,103.86,1,1,5.0,1.0,1e7fc41a3c8e759331fbd680f1447531,89500,cacador,SC,12.453726851851853,22.98553240740741,0,103.86
2a5dd7112c6bf89f4b71733a54e81aa6,4c1e1174487600804cccce389ec85d59,delivered,2017-04-05 01:06:45,2017-04-05 01:15:14,2017-04-05 18:40:12,2017-04-25 13:02:03,2017-04-28,64.9,15.66,1,1,80.56,8,1,5.0,1.0,92c086226aca51aacc7e48bffa05ecba,8380,sao paulo,SP,20.49673611111111,22.953645833333333,0,80.56
a0bba9f8b36a29b7ee6af6df702b309d,4426e551bb8f71cd39ea13d731b82f0e,delivered,2017-04-05 01:11:04,2017-04-05 01:22:47,2017-04-07 11:14:20,2017-05-31 04:33:46,2017-05-04,370.0,17.8,1,1,387.8,2,1,1.0,1.0,f62da42a910ca0b93978f002ee5d0aef,13058,campinas,SP,56.14076388888889,28.950648148148147,1,387.8
3e1ebea7add1c3a997a1a635b4978886,3298ab6fddfdd074bfc8d7e1f7f3da95,delivered,2017-04-05 01:12:35,2017-04-05 01:22:46,2017-04-05 13:34:53,2017-04-11 16:56:01,2017-05-03,127.48,16.59,1,1,144.07,2,1,5.0,1.0,ad66a32797bd6ae83f92661e78b2f279,29102,vila velha,ES,6.655162037037037,27.94959490740741,0,144.07
940d83f3286808e4f8b1a7ac975b2aa9,ee0b011c3b84ee53366508378a68934d,delivered,2017-04-05 01:33:05,2017-04-07 06:42:30,2017-04-11 08:23:56,2017-04-17 16:57:05,2017-05-03,59.9,16.12,1,1,76.02,1,1,5.0,1.0,69a24ae7e59c01dc31712ec38efe396d,6540,santana de parnaiba,SP,12.641666666666667,27.935358796296295,0,76.02
a9102cabf06d6a3bb3db039b6477102f,ccf59ecf751698a240a60b115d0de917,delivered,2017-04-05 01:37:38,2017-04-07 11:10:17,2017-04-10 16:17:49,2017-04-12 09:40:59,2017-04-26,332.24,12.94,1,1,345.18,6,1,5.0,1.0,057581e17e81bd35d08e3cdc8f79e60a,4135,sao paulo,SP,7.335659722222222,20.932199074074074,0,345.18
cc9d74eca99800ac6ddfffb42f0d3cc6,96b0e44d0c68df07e9cf26b156c38cdd,delivered,2017-04-05 01:50:10,2017-04-06 02:50:44,2017-04-06 13:51:08,2017-04-12 12:00:08,2017-04-27,49.0,8.72,1,1,57.72,1,1,5.0,1.0,3b48a45e4c6ad953c48bbff0633a5ebc,8247,sao paulo,SP,7.423587962962963,21.92349537037037,0,57.72
9bc24f40807084ff83a515d4f70a8eeb,ac44122c951dc8da17f9187cade77b5f,delivered,2017-04-05 07:55:45,2017-04-07 03:22:54,2017-04-10 14:36:15,2017-04-17 09:52:21,2017-05-08,53.38,29.04,2,1,82.42,1,1,5.0,1.0,61c6f307f0076a158b51e1f2bac49e9f,5423,sao paulo,SP,12.080972222222222,32.66961805555555,0,82.42
668806d98daef95d0b00c461c8c4afc3,45d711af86c5e3676f29317484cf200f,delivered,2017-04-05 08:04:44,2017-04-05 08:15:14,2017-04-11 13:53:39,2017-04-19 11:59:57,2017-04-26,89.9,12.02,1,1,101.92,1,2,1.0,1.0,a29a1fd1c852c4dce3dabbe1f7820d14,14406,franca,SP,14.163344907407408,20.66337962962963,0,101.92
1a445e2bf6e78d243bfe5d232187635c,7848f5405001b3503e14d0ba653e8dad,delivered,2017-04-05 08:16:07,2017-04-05 19:10:18,2017-04-06 08:44:07,2017-04-08 04:13:05,2017-04-28,349.9,16.62,1,1,366.52,10,1,5.0,1.0,2c47d01ad82ea44e06f7560798db5fb0,5055,sao paulo,SP,2.8312268518518517,22.655474537037037,0,366.52
dd9ee64158bd32d93a496fb0af82f160,2e558dc2f2797f4ebf11a261be0abd1d,delivered,2017-04-05 08:23:43,2017-04-05 09:25:11,2017-04-07 12:34:18,2017-04-13 15:38:13,2017-05-02,41.8,14.52,1,1,56.32,1,1,5.0,1.0,020a1ffcfaf43c6003111eaa33faa6c9,33035,santa luzia,MG,8.301736111111111,26.65019675925926,0,56.31999999999999
08202fbf5047a2f85a0983ac291a69fb,de9ebceca7f056c08928dfa4bb245205,delivered,2017-04-05 08:38:19,2017-04-05 08:50:09,2017-04-05 14:48:01,2017-04-11 10:03:50,2017-05-15,119.99,21.29,1,1,141.28,1,1,5.0,1.0,bba3f4be9f3287f353960e7730bd12cb,7183,guarulhos,SP,6.059386574074074,39.64005787037037,0,141.28
fc8cfc59e513f5aafda0556119d11adb,2807681b890e0f8dc56034e98de8531c,delivered,2017-04-05 08:39:45,2017-04-05 08:50:11,2017-04-07 15:46:22,2017-04-10 11:10:18,2017-04-26,37.9,10.96,1,1,48.86,2,1,5.0,1.0,a5b85c99418f14615ceb9117781fc5da,13820,jaguariuna,SP,5.104548611111111,20.6390625,0,48.86
d03a0b22ce2d8c97001fb537aa6340b4,18a43505c6a3ac1bab80c3ec5ff3dfba,delivered,2017-04-05 08:53:24,2017-04-07 03:10:40,2017-04-11 11:56:45,2017-04-18 13:27:58,2017-04-28,389.99,22.22,1,1,412.21,1,1,5.0,1.0,6a0d737e3c5866199a1a6262521e5a61,23066,rio de janeiro,RJ,13.190671296296296,22.629583333333333,0,412.21000000000004
b7085490200f5a1f838eb937d05b4b4a,87ff88be4fd718b5655bd668568b866e,delivered,2017-04-05 09:03:14,2017-04-05 09:15:16,2017-04-10 10:14:32,2017-04-17 05:07:46,2017-05-25,41.7,32.879999999999995,3,1,74.58,2,1,5.0,1.0,9bc618f4342f7a10359d134f63241aa9,6329,carapicuiba,SP,11.836481481481481,49.62275462962963,0,74.58
88f79e3079458600cacd188c2550d463,f67b277edbb085ff4a97216ad088b804,delivered,2017-04-05 09:11:21,2017-04-05 09:22:50,2017-04-11 10:06:03,2017-04-18 11:08:44,2017-04-26,129.9,12.3,1,1,142.2,1,1,3.0,1.0,a8bdae2504a475cda8ef805c65f48e3b,7151,guarulhos,SP,13.081516203703703,20.617118055555554,0,142.20000000000002
c11b16eb4eea5f484d9c91a0e19b7777,826a55ea1cbe8699ea5f908bc4670da1,delivered,2017-04-05 09:13:54,2017-04-07 03:15:24,2017-04-10 10:14:41,2017-04-19 14:39:07,2017-05-11,209.9,23.76,1,1,233.66,1,1,5.0,1.0,94455e746448ebe1bd292caa179c16ef,96150,morro redondo,RS,14.225844907407408,35.61534722222222,0,233.66
2ac42594eaf273ef34edd063db0ebdac,277fa8f202308757afb3cb05f8dcefe2,delivered,2017-04-05 09:32:45,2017-04-05 09:45:14,2017-04-05 14:14:20,2017-04-12 07:17:39,2017-04-28,55.9,14.56,1,1,70.46,3,1,5.0,1.0,4c3d7c795e54bfc51490659b9eb8113b,8640,suzano,SP,6.906180555555555,22.602256944444445,0,70.46
adb0286228ad54df30059afbf42243ac,feae9a3b1042a253d6ead22e76bac298,delivered,2017-04-05 09:33:07,2017-04-07 03:15:58,2017-04-07 16:58:04,2017-04-11 15:56:42,2017-04-27,85.0,11.2,1,1,96.2,1,1,4.0,1.0,12a56c6899177584ece45aa47e350cdf,8597,itaquaquecetuba,SP,6.2663773148148145,21.602002314814815,0,96.2
ae5176160fcc23563149dd28b4137b6d,c3e330dca0531fa7992cd8aa1628f979,delivered,2017-04-05 09:55:00,2017-04-05 19:10:18,2017-04-07 10:15:25,2017-04-12 07:18:48,2017-04-24,1420.0,15.58,1,1,1435.58,1,1,5.0,1.0,79fe0e57517b5148b07e5d8645eb5095,3929,sao paulo,SP,6.891527777777778,18.586805555555557,0,1435.58
c36b4feac86d66f1ad82c82c388f187e,cbe9f8fd52e2a3803cc739bb06a17e18,delivered,2017-04-05 10:13:32,2017-04-05 10:23:21,2017-04-06 08:44:22,2017-04-12 14:05:48,2017-04-28,279.9,16.13,1,1,296.03,8,1,3.0,1.0,60b3d2418fcad738b94496174bbd6880,31730,belo horizonte,MG,7.161296296296296,22.573935185185185,0,296.03
8e6a116ba7e4f5f50b595471926576d6,732482a7ffd8fc596c749a7d3190fc41,delivered,2017-04-05 10:16:53,2017-04-05 10:25:11,2017-04-05 16:37:57,2017-04-13 19:08:50,2017-04-28,19.9,14.52,1,1,34.42,2,1,5.0,1.0,d173d7ef39a936d38967c3a41d9d9cbd,89249,itapoa,SC,8.369409722222223,22.571608796296296,0,34.42
d8f9cc275e4ac13af22f90e26f535e87,fc072622c305c65b289f7160d3f6129e,delivered,2017-04-05 10:24:50,2017-04-05 10:35:16,2017-04-07 12:58:07,2017-04-11 10:47:54,2017-04-28,59.0,11.8,1,1,70.8,1,1,5.0,1.0,690081daddd817b7525ee7bf828319d3,7142,guarulhos,SP,6.016018518518519,22.566087962962964,0,70.8
f30c0d72637900696232641e612e3220,f7676a8b1b9377d36b7e7699afcb8bc0,delivered,2017-04-05 10:27:07,2017-04-06 10:42:25,2017-04-11 13:41:35,2017-04-17 10:42:26,2017-04-26,49.9,12.93,1,1,62.83,1,1,5.0,1.0,2f6917bcb5f9a60c2f7aa22740393cf9,37278,santana do jacare,MG,12.010636574074073,20.564502314814813,0,62.83
c0f6d1b5bd7c7e2e418e077200b336d4,4a421d8ffe9d45d86fb36abe25c57013,delivered,2017-04-05 10:35:51,2017-04-05 10:45:19,2017-04-06 10:05:37,2017-04-12 16:23:53,2017-05-09,94.9,18.9,1,1,113.8,10,1,4.0,1.0,604007d5f81b82743c4b931c9f57d1d6,29047,vitoria,ES,7.241689814814815,33.5584375,0,113.80000000000001
2e72051a5ea424279a106185004222bc,98d3f1497f563a04b97f938cf60a95eb,delivered,2017-04-05 10:55:28,2017-04-05 11:05:14,2017-04-05 11:31:48,2017-04-07 09:49:51,2017-04-26,34.0,10.96,1,1,44.96,1,1,5.0,1.0,094cdf731c72158b5eca9b17903065c1,4538,sao paulo,SP,1.9544328703703704,20.544814814814814,0,44.96
e8805f1923e711c407c454831b49643f,9b5d68f669f7ed215f789471556529fe,delivered,2017-04-05 11:04:33,2017-04-06 02:42:41,2017-04-13 15:42:12,2017-04-19 15:58:17,2017-05-02,99.9,14.87,1,1,114.77,1,1,5.0,1.0,3562599b97f4ddc436ecccddfdd95d54,22431,rio de janeiro,RJ,14.203981481481481,26.538506944444446,0,114.77000000000001
b8795e01eda8fcba56bfad837fa68d92,4fcc62d157765c0af28cae95c4ec6b30,delivered,2017-04-05 11:10:40,2017-04-07 03:23:04,2017-04-11 16:14:59,2017-04-17 13:40:04,2017-04-26,69.0,11.87,1,1,80.87,1,1,5.0,1.0,5e7380d021c7a83647f67b39964712fa,14350,altinopolis,SP,12.10375,20.534259259259258,0,80.87
ba811df8f38f8b18170fa9d29732ed0f,5f82ddc00ed8b6e8cd8792788c2f5b7a,delivered,2017-04-05 11:18:17,2017-04-07 03:15:29,2017-04-07 14:42:18,2017-04-17 09:54:11,2017-05-04,34.9,14.52,1,1,49.42,1,1,5.0,1.0,af4f362d3cae91d1a5471d4fd50dd966,28895,rio das ostras,RJ,11.941597222222223,28.528969907407408,0,49.42
adb7bfeddabb6a9ac2f5f4c407c65e24,38d293d1db6b6b4532d3ce706ae89c12,delivered,2017-04-05 11:53:20,2017-04-06 02:43:20,2017-04-07 09:59:07,2017-04-12 16:34:23,2017-04-28,99.99,15.46,1,1,115.45,1,1,4.0,1.0,255fb4c626918665e839a111bb7f9446,21745,rio de janeiro,RJ,7.1951736111111115,22.50462962962963,0,115.44999999999999
47960ca020072a5fa5a8371f0efead69,5bfd150544af5c2e3c71497022bd60ce,delivered,2017-04-05 12:04:57,2017-04-05 14:10:11,2017-04-06 14:43:43,2017-04-10 12:00:01,2017-04-26,98.99,15.8,1,1,114.79,3,1,1.0,1.0,0449f7e02f26796da5f6c9d6abb177bc,3388,sao paulo,SP,4.996574074074074,20.4965625,0,114.78999999999999
39f7f311dd99e8f71f8d16bda3c615ad,9f645fa658613288487fd65c3dc104ca,delivered,2017-04-05 12:52:30,2017-04-05 14:02:26,2017-04-06 13:01:06,2017-04-12 15:08:43,2017-04-28,269.0,17.09,1,1,286.09,4,1,3.0,1.0,4ef969bb2229773bec2139a27f2187f0,38600,paracatu,MG,7.094594907407408,22.463541666666668,0,286.09
3bdb4a8f9e391c81696a80c1bf7c67ff,ae1df93af04a6e463230fc1966638537,delivered,2017-04-05 13:04:39,2017-04-05 14:10:13,2017-04-06 16:37:36,2017-04-10 14:35:03,2017-04-28,45.9,15.56,1,1,61.46,1,1,5.0,1.0,ab78e3dc0a9ba374d7cd4aaf92254371,7787,cajamar,SP,5.062777777777778,22.45510416666667,0,61.46
73734b833ddc5cd47edc08ac8c157f3e,174961a996b85068663a956eab55c2dd,delivered,2017-04-05 13:15:12,2017-04-05 13:25:18,2017-04-07 05:42:47,2017-04-12 16:49:34,2017-04-28,143.0,17.74,1,1,160.74,4,1,5.0,1.0,26c57f8ce914e45c8fde0c7d415719d7,30666,belo horizonte,MG,7.1488657407407405,22.447777777777777,0,160.74
e48bb443eafd409648c33de1ad435eb8,58f68b7358a520e8012e5848f22f99f9,delivered,2017-04-05 13:40:28,2017-04-06 02:45:19,2017-04-06 13:42:47,2017-04-12 16:15:12,2017-04-28,123.78,16.08,1,1,139.86,1,1,5.0,1.0,3a32c0e1784abf31ae69b4cc3d17a7a5,13825,holambra,SP,7.107453703703704,22.43023148148148,0,139.86
74e85c9073bd0cf474433bd75c31aac2,30f64100324740467832c33c5c95a79a,delivered,2017-04-05 13:47:30,2017-04-05 13:55:12,2017-04-06 19:22:48,2017-04-10 15:57:47,2017-04-28,42.0,15.56,1,1,57.56,5,1,2.0,1.0,8324412cd61eb48648b6594720d6d5d7,85801,cascavel,PR,5.0904745370370375,22.42534722222222,0,57.56
bafd325431534dcd8f9bbd75c67db66f,78a6f7a1d011eca1b849325f3a4c220a,delivered,2017-04-05 13:51:15,2017-04-05 14:10:13,2017-04-06 14:08:04,2017-04-19 14:48:46,2017-04-28,869.9,60.67,1,1,930.57,3,2,5.0,1.0,765737cd840f37587af53f66184d4d08,89600,joacaba,SC,14.03994212962963,22.422743055555557,0,930.5699999999999
a71cbf13e7dfa5a074740c8a1efc5a9a,dfb27a0b09b7c683f49366048c42f62e,delivered,2017-04-05 14:29:43,2017-04-06 02:43:01,2017-04-06 15:07:18,2017-04-08 01:18:26,2017-04-26,29.0,8.72,1,1,37.72,1,1,5.0,1.0,cc2a97be990325d3bdab29a3b4352958,4407,sao paulo,SP,2.4504976851851854,20.396030092592593,0,37.72
02bbf7328b514a90bedde6541c213811,0922b25ec5945d89980e65bde3d38f51,delivered,2017-04-05 14:33:07,2017-04-05 14:45:16,2017-04-06 15:43:05,2017-04-10 14:12:40,2017-04-26,30.9,8.72,1,1,39.62,3,1,4.0,1.0,ed7ecb1bd52fef9f35d06b0f09c79539,30662,belo horizonte,MG,4.985798611111111,20.393668981481483,0,39.62
87cbf7ffbc8a1c96b554c759e6a6f5b0,f995b47806abc810ec42ba29991175a9,delivered,2017-04-05 14:51:15,2017-04-05 15:05:11,2017-04-06 09:18:14,2017-04-17 13:16:31,2017-04-28,319.9,87.12,1,1,407.02,8,1,5.0,1.0,6c601c35dcc4db99daca2fa5f88710ba,13280,vinhedo,SP,11.934212962962963,22.38107638888889,0,407.02
8908c3c6b8591a4d779bc5a4abf4f951,00e13fc0014cb95fde8d8eb1d3d84195,delivered,2017-04-05 14:54:55,2017-04-06 15:03:08,2017-04-07 14:22:36,2017-04-11 14:25:22,2017-04-28,118.9,14.59,1,1,133.49,1,1,5.0,1.0,6e8180fd61b4280c3d74dc2056256940,2130,sao paulo,SP,5.979479166666667,22.37853009259259,0,133.49
ad6b07be756ec7284a64503ac34f6975,e34f1deeea3369207caab9fd7a49cee8,delivered,2017-04-05 15:04:14,2017-04-07 03:11:01,2017-04-10 15:50:46,2017-04-19 16:49:07,2017-05-09,699.99,23.49,1,1,723.48,1,1,5.0,1.0,8e0eae873c0019e01182099a1c497b79,96810,santa cruz do sul,RS,14.072835648148148,33.372060185185184,0,723.48
7f47078a05106160c009fc89a215b154,2c7c6aac6ed9a1022e01f7c6e3f52831,delivered,2017-04-05 15:10:54,2017-04-05 15:23:00,2017-04-06 13:27:29,2017-04-12 09:57:07,2017-04-28,111.6,31.2,2,1,142.8,2,1,5.0,1.0,8cbe4d4ad382698beac3daa67a825379,21370,rio de janeiro,RJ,6.782094907407408,22.367430555555554,0,142.79999999999998
d527c6337841d7474102cbb7396891de,49a68cbaafb9101d1b168de68aaeeeeb,delivered,2017-04-05 15:15:05,2017-04-05 15:30:16,2017-04-06 09:18:01,2017-04-13 17:38:01,2017-04-28,158.4,37.51,1,1,195.91,8,1,5.0,1.0,b9236594bd1e7a7203767b53209b38b8,86010,londrina,PR,8.09925925925926,22.364525462962963,0,195.91
38224f332ffd3bc5b46d6a5139b76c2d,7dd1463208b208ccf68a5bcb0d515da4,delivered,2017-04-05 15:25:37,2017-04-05 15:35:09,2017-04-06 10:05:37,2017-04-12 10:04:50,2017-05-03,110.0,20.85,1,1,130.85,10,1,5.0,1.0,08e196b17b4c622560db468411547e92,98770,catuipe,RS,6.777233796296296,27.357210648148147,0,130.85
7d1368ef7cac9199c5f7372a8e356651,789eeb5078bd3aab288abc06b986fb11,delivered,2017-04-05 15:34:11,2017-04-05 15:45:18,2017-04-07 14:06:11,2017-05-22 15:37:56,2017-04-28,32.9,14.52,1,1,47.42,1,1,1.0,1.0,a8fb983cadca8862b78741d5165bf8cc,88132,palhoca,SC,47.002604166666664,22.351261574074073,1,47.42
f076e6d4f9afe2b9f866bc0dc20abc6f,392e56f99219f4f378b8ef5ac613621f,delivered,2017-04-05 15:41:09,2017-04-05 15:50:24,2017-04-06 13:03:21,2017-04-11 15:37:43,2017-04-26,48.99,10.96,1,1,59.95,1,1,4.0,1.0,6ff9eaf7adb74a73dbbf04020ff5f372,11680,ubatuba,SP,5.99761574074074,20.34642361111111,0,59.95
db2dee8ce25524ad8374fa6d1b11849b,585c5fd91de9a68ca00f9d7cb63dd254,delivered,2017-04-05 15:45:38,2017-04-06 15:55:18,2017-04-10 08:39:46,2017-05-13 11:41:19,2017-05-03,49.9,16.05,1,1,65.95,1,1,1.0,1.0,122d9b80a52aade54c40c8b04071d44a,91160,porto alegre,RS,37.83033564814815,27.343310185185185,1,65.95
a159f0d3b012cdad58464eff20f5a4ca,bc9b377eea5541f00aebe8002dfdff15,delivered,2017-04-05 15:48:25,2017-04-07 03:10:28,2017-04-07 09:04:36,2017-04-19 14:49:48,2017-05-03,84.99,16.29,1,1,101.28,1,1,5.0,1.0,6989aae6cb5ec4038ef2c59871cde5de,20540,rio de janeiro,RJ,13.959293981481482,27.341377314814814,0,101.28
faaf6a860e3ad876765787c9e1a93464,31e5072f5abd6e9d71b202e9904d1355,delivered,2017-04-05 15:52:21,2017-04-05 16:10:10,2017-04-06 09:28:31,2017-04-10 17:52:15,2017-04-26,156.0,11.7,1,1,167.7,1,1,5.0,1.0,f1d2b8e3cceefb1296e0f1a473a671f9,6653,itapevi,SP,5.083263888888889,20.338645833333334,0,167.7
f0da489592c62097d0034f139386cb32,9d4ba8752b5b737f45da0544b669552a,delivered,2017-04-05 16:12:50,2017-04-06 16:30:21,2017-04-13 14:36:20,2017-05-02 18:49:43,2017-05-11,2951.0,58.53,1,1,3009.53,10,1,4.0,1.0,ae04948ad7210ea76801b331080e0b3a,41820,salvador,BA,27.108946759259258,35.32442129629629,0,3009.53
68c5cb2a721e1c90873c96888b8317da,acdbb4999d5d103ee914b62dd18922a2,delivered,2017-04-05 16:25:35,2017-04-05 16:35:28,2017-04-06 14:42:58,2017-04-11 12:43:47,2017-04-26,1199.9,25.69,1,1,1225.59,10,1,5.0,1.0,06b6656e6aba924b64a5d671d1b1ec2e,30710,belo horizonte,MG,5.845972222222223,20.31556712962963,0,1225.5900000000001
cc2f0434752c03815831750224a555af,108abb05c0d5975098a2997c70b2ef24,delivered,2017-04-05 16:39:11,2017-04-05 16:50:17,2017-04-06 11:43:36,2017-04-13 14:57:33,2017-04-26,21.9,10.96,1,1,32.86,3,1,5.0,1.0,bed4f1793f6b268f650a0c2e900c9d37,13329,salto,SP,7.929421296296296,20.306122685185183,0,32.86
5d0c8f7d2215114ca6c95a8af1ad7a00,a8f0f80528ee6b2fa841d315ecb84cb0,delivered,2017-04-05 16:46:42,2017-04-05 17:02:23,2017-04-06 15:27:57,2017-04-11 15:54:32,2017-05-08,69.9,17.23,1,1,87.13,1,1,5.0,1.0,445e459fbbf14560d31135e71580f615,24230,niteroi,RJ,5.963773148148148,32.30090277777778,0,87.13000000000001
2e861c28dbcf6a24d299aee0966d317b,6b823e3f6bbe648e82c15939d5659652,delivered,2017-04-05 17:01:38,2017-04-05 18:02:43,2017-04-06 14:49:38,2017-04-15 09:13:34,2017-05-05,89.9,23.18,1,1,113.08,2,1,5.0,1.0,06b37045ba2773b8ce1b3d27c94d3e3a,39400,montes claros,MG,9.674953703703704,29.290532407407408,0,113.08000000000001
7db9af6a773040b8776d2c4ab7f7b7ef,0e7752ccbc011470fba6ea7c84499e32,delivered,2017-04-05 17:28:55,2017-04-05 17:43:07,2017-04-06 14:54:40,2017-04-11 13:47:39,2017-04-28,15.99,14.52,1,1,30.51,3,1,2.0,1.0,3bc5ba33ab9b05bf23a44d88debecc74,22740,rio de janeiro,RJ,5.846342592592593,22.271585648148147,0,30.509999999999998
22fe036a63b56dfae665a7e584138f37,e5a2ecbf3dac004b710555e6d99ceb50,delivered,2017-04-05 17:54:31,2017-04-05 18:05:18,2017-04-06 08:44:21,2017-05-12 09:53:35,2017-04-26,279.9,12.57,1,1,292.47,10,1,5.0,1.0,6f1b9f60ea8ee748140353648c2d8d8f,25995,teresopolis,RJ,36.66601851851852,20.25380787037037,1,292.46999999999997
98567268fada7e240bf12be972e03a19,d3461ae5a1fa3912e80af3b7a64aaa4f,delivered,2017-04-05 17:58:27,2017-04-05 18:10:18,2017-04-07 08:52:00,2017-04-10 11:08:38,2017-04-26,11.99,10.96,1,1,22.95,2,1,5.0,1.0,d7624d219b6ffad980e91412174db310,15807,catanduva,SP,4.715405092592593,20.25107638888889,0,22.950000000000003
748f5318aa38169f5901337bfec3afea,e3b550ba5bef54e0042782503452770d,delivered,2017-04-05 17:58:30,2017-04-05 18:10:19,2017-04-06 13:55:23,2017-04-11 11:52:19,2017-04-28,12.5,10.96,1,1,23.46,2,1,5.0,1.0,d7624d219b6ffad980e91412174db310,15807,catanduva,SP,5.7457060185185185,22.251041666666666,0,23.46
071ff3583bbaab9f38f020af7006a3d4,9dedefb2102df32419fadb1acee34af3,delivered,2017-04-05 17:58:31,2017-04-05 18:10:20,2017-04-11 14:03:44,2017-04-17 10:47:50,2017-05-02,29.6,11.74,1,1,41.34,3,1,5.0,1.0,d7624d219b6ffad980e91412174db310,15807,catanduva,SP,11.700914351851852,26.251030092592593,0,41.34
6c8739485ef95ce14f635264d378b198,82dacfe25491c326298b6386b4a97a01,delivered,2017-04-05 18:35:57,2017-04-05 18:45:13,2017-04-07 12:32:58,2017-04-19 15:58:18,2017-04-28,49.7,17.09,1,1,66.79,1,1,5.0,1.0,ebcfa7e13342d60a34309e1a56895874,31910,belo horizonte,MG,13.890520833333333,22.225034722222222,0,66.79
24be19f8aec68db8bea77c3cb54d6a56,3e5628dded3c93882cfea6197ea01306,delivered,2017-04-05 19:11:59,2017-04-05 19:22:26,2017-04-06 13:42:47,2017-04-19 13:26:11,2017-05-15,489.0,21.7,1,1,510.7,10,1,5.0,1.0,fbc54c797947d3df54284e90b4f9d0d6,19800,assis,SP,13.75986111111111,39.200011574074075,0,510.7
bc26562fb9717b24a6b7b1b4b7ee642f,866a3fa26c4f0eec9a6ced94ed7b968a,delivered,2017-04-05 19:20:38,2017-04-07 03:15:46,2017-04-25 12:12:55,2017-05-04 15:14:34,2017-04-28,73.0,31.12,2,1,104.12,1,1,5.0,1.0,55eba592aeb0505e92a1db72d8d2a038,24210,niteroi,RJ,28.82912037037037,22.194004629629628,1,104.12
41368be455ef238cbcee276dc859c1bb,fd2b46c709e963e3111374306ec28392,delivered,2017-04-05 19:29:13,2017-04-05 19:42:47,2017-04-07 12:43:54,2017-04-12 15:44:07,2017-05-12,59.9,17.85,1,1,77.75,1,1,3.0,1.0,25e3290450952d901e27965364bf25d1,6846,embu,SP,6.843680555555555,36.188043981481485,0,77.75
8b74f8eb433512f288e513c2e2f391a8,1782f1f5319a952a9024d5a94908f03d,delivered,2017-04-05 19:53:56,2017-04-05 20:05:14,2017-04-06 08:44:31,2017-04-10 11:14:53,2017-04-28,329.9,16.48,1,1,346.38,5,1,5.0,1.0,d240271b66ca92bd471b18803885d248,4122,sao paulo,SP,4.6395486111111115,22.17087962962963,0,346.38
34632259a2507c931af71e41faaf35a5,dcc80d06b3488b79f9e4ad23364b16bc,delivered,2017-04-05 19:59:24,2017-04-05 20:10:17,2017-04-06 14:38:36,2017-04-18 14:15:03,2017-05-08,85.9,14.77,1,1,100.67,2,1,4.0,1.0,e3fafe5c61833136c200fe441180c538,88820,icara,SC,12.760868055555555,32.16708333333333,0,100.67
aee8cb55ea10efc990216987d7222994,1d74be377581c2d09cd7b2eb587fa62b,delivered,2017-04-05 20:02:45,2017-04-05 20:15:18,2017-04-06 13:03:16,2017-04-10 14:16:21,2017-04-26,49.99,8.72,1,1,58.71,1,1,5.0,1.0,bef7ca2afe6faeb67d5995d8ac534ca7,3321,sao paulo,SP,4.759444444444444,20.164756944444445,0,58.71
034fcc4584bd6b6ca0c0718acf969c79,a41415234479f516143bb51a90adf145,delivered,2017-04-05 20:10:40,2017-04-05 20:22:32,2017-04-06 15:24:47,2017-04-10 13:07:10,2017-04-27,52.99,11.76,1,1,64.75,1,1,2.0,1.0,c726f72b9f8eee62eda7a2092c1f9a47,6280,osasco,SP,4.705902777777778,21.159259259259258,0,64.75
3429eb57b35d94a5a9cddd40f94692a2,7811c6e410793a76c61b846888298138,delivered,2017-04-05 20:21:32,2017-04-05 20:35:17,2017-04-06 15:33:09,2017-04-12 15:07:41,2017-05-03,59.9,17.26,1,1,77.16,5,1,5.0,1.0,322d466e7234d7a786a595df66877156,29102,vila velha,ES,6.782048611111111,27.151712962962964,0,77.16
d7b5d2ab1f5ac54aebca769d1d8f8a44,fb5c5195d3890f19b9b31002364311ae,delivered,2017-04-05 20:49:03,2017-04-05 21:02:43,2017-04-06 11:22:45,2017-05-18 11:16:52,2017-05-11,34.9,24.35,1,1,59.25,1,1,5.0,1.0,ce44e2bcca4bb93fb8b8d8ad07a75e65,58052,joao pessoa,PB,42.60265046296296,35.13260416666667,1,59.25
fb87b2f1cfc7b5cbab3f7bd911bab6ca,418a80c6d9f0765b153c7c1d42d0fbfb,delivered,2017-04-05 20:53:42,2017-04-05 21:05:13,2017-04-07 11:48:30,2017-04-11 08:26:41,2017-04-27,271.99,18.05,1,1,290.04,4,1,5.0,1.0,901a3eeb0f9e5fb7ee01b7d2bde44cf0,14091,ribeirao preto,SP,5.481238425925926,21.129375,0,290.04
5a670c4229b1cbe58d67f3afde248f75,d5f904394797111628341b09859b9033,delivered,2017-04-05 21:01:30,2017-04-05 21:10:19,2017-04-11 14:53:11,2017-04-18 15:37:28,2017-05-09,1399.0,25.0,1,1,1424.0,1,1,4.0,1.0,b1791d73a5c0e297a0e8f21699078c5c,25213,duque de caxias,RJ,12.774976851851852,33.123958333333334,0,1424.0
d75c95be9d5a66d6b84a09c37c0e7f13,b01e00c070e25269419c4028bb648b88,delivered,2017-04-05 21:05:12,2017-04-05 21:15:09,2017-04-07 08:14:07,2017-04-17 13:54:00,2017-04-28,132.7,26.43,1,1,159.13,1,1,5.0,1.0,4de04a0be44e82dcac6608d53770665a,27943,macae,RJ,11.700555555555555,22.121388888888887,0,159.13
e4edd7f42d1e4c150c41533aee5e7a36,308d4cf02943e88824df8b602f610931,delivered,2017-04-05 21:17:47,2017-04-05 21:30:15,2017-04-10 16:22:28,2017-04-17 11:06:16,2017-04-26,69.9,11.88,1,1,81.78,1,1,5.0,1.0,d142e340bf31aecb083980a55851ba61,12233,sao jose dos campos,SP,11.575335648148148,20.112650462962964,0,81.78
280e71c88a9ee2c1cb66b2b25dd92171,98a76ec62893cf274af98c74b705dde1,delivered,2017-04-05 21:21:24,2017-04-07 03:10:36,2017-04-07 08:30:03,2017-04-13 16:06:09,2017-04-28,65.49,14.63,1,1,80.12,1,1,3.0,1.0,040fc99e1848165b5b3dc5881a144090,12061,taubate,SP,7.781076388888889,22.11013888888889,0,80.11999999999999
58886807e36e0914413be7ba2102692b,91e016899c1d91431bd46cc138f80d44,delivered,2017-04-05 21:25:08,2017-04-05 21:35:09,2017-04-07 16:27:53,2017-04-13 14:18:13,2017-04-28,29.99,14.52,1,1,44.51,1,1,5.0,1.0,60181ff1f0ba310ade3b69b14510acc4,35410,cachoeira do campo,MG,7.703530092592593,22.107546296296295,0,44.51
2388959a19bd21ca9ce8639defeb9789,b24522673df202c02062231154a3675f,delivered,2017-04-05 21:26:56,2017-04-07 03:23:01,2017-04-13 10:35:42,2017-05-06 07:39:41,2017-05-15,35.0,29.55,1,1,64.55,1,1,5.0,1.0,00842c7d0cedb9e1edad8e9b7d148f09,88200,tijucas,SC,30.425520833333334,39.10629629629629,0,64.55
d2dd52f27ff69c333cfe7c6dbd4a6a08,8cdc6f215b1ba8111cbf3daf42092a35,delivered,2017-04-05 21:27:25,2017-04-05 21:43:02,2017-04-06 10:12:04,2017-04-11 13:32:04,2017-04-28,209.0,34.83,1,1,243.83,3,1,5.0,1.0,e219a439f6ca99e32824bcc7153969c9,23918,angra dos reis,RJ,5.669895833333333,22.105960648148148,0,243.82999999999998
9cf2f823cb22dff0461c3e5419f0a016,1f04cfdc8c5570488a603c3834ba9c5c,delivered,2017-04-05 21:37:11,2017-04-05 21:45:18,2017-04-10 10:37:28,2017-04-11 13:29:50,2017-04-26,89.9,11.24,1,1,101.14,10,1,5.0,1.0,54b716ecf36f372ca6a585a68025e8a1,13565,sao carlos,SP,5.6615625,20.09917824074074,0,101.14
49fd347705840c689965d81ae7f2b415,bf9d1a59dba19dec327d6bb5a2e81088,delivered,2017-04-05 21:37:12,2017-04-05 21:45:19,2017-04-10 06:27:53,2017-04-13 13:49:08,2017-05-11,145.8,22.24,2,1,168.04,12,1,5.0,2.0,54b716ecf36f372ca6a585a68025e8a1,13565,sao carlos,SP,7.674953703703704,35.09916666666667,0,168.04000000000002
f9542e833e765ebde05fa8449989fc83,26f548cf7e36c8ff56020cc845f5df8c,delivered,2017-04-05 21:40:45,2017-04-05 21:50:12,2017-04-06 14:09:50,2017-04-11 10:40:00,2017-04-28,29.0,14.52,1,1,43.52,2,1,5.0,1.0,3f5d70f6f23ba08e7b3c82f2d8d9228e,26033,nova iguacu,RJ,5.541145833333333,22.09670138888889,0,43.519999999999996
a5538348a48a05d585b5f6e40ba5205b,bbe8bc10a5dd9c9e796bd7de5effd09e,delivered,2017-04-05 21:48:29,2017-04-05 22:02:39,2017-04-10 14:34:44,2017-04-19 18:50:10,2017-05-02,119.9,15.95,1,1,135.85,4,2,5.0,1.0,f997654af571be8bc34bb1926e96e350,12120,tremembe,SP,13.87616898148148,26.091331018518517,0,135.85
7ee12a5da83559e76f5f2575a2ec1696,7bd70a2066dc5fd0b303f8ce0598a863,delivered,2017-04-05 22:05:39,2017-04-05 22:15:16,2017-04-10 16:19:44,2017-04-17 10:53:45,2017-05-05,60.0,16.12,1,1,76.12,7,1,2.0,1.0,fea8627390feb1f0f86cab956e438bdf,97300,sao gabriel,RS,11.533402777777777,29.079409722222223,0,76.12
b4ace41bce272979d55939a8ecd05dc2,df0e2cf8e8bea7f90addc0c23a52e7d3,delivered,2017-04-05 22:14:15,2017-04-05 22:30:16,2017-04-06 14:54:40,2017-05-16 18:23:55,2017-05-09,15.99,20.8,1,1,36.79,3,1,3.0,1.0,501fc307c6793e9e68bd0546f41bb1d5,60351,fortaleza,CE,40.84004629629629,33.0734375,1,36.79
fa67f37b0eb6114117c4c0412aeaaf2d,93bbd148ee409937dec05943e6c27573,delivered,2017-04-05 22:18:04,2017-04-05 22:30:17,2017-04-06 08:48:05,2017-04-17 17:42:46,2017-05-05,84.99,18.02,1,1,103.01,2,1,5.0,1.0,f158b6b76209320a440a4ecaf8f47aef,31010,belo horizonte,MG,11.808819444444444,29.070787037037036,0,103.00999999999999
c2346355ba8062d8c308b0a82854206e,e9c6e44edf5a10160912f631fa4dda9b,delivered,2017-04-05 22:28:14,2017-04-05 22:42:43,2017-04-10 18:19:00,2017-04-13 17:42:30,2017-04-28,35.9,14.11,1,1,50.01,5,1,3.0,1.0,2232877b4c63cbedde399dca329bc93b,22261,rio de janeiro,RJ,7.801574074074074,22.06372685185185,0,50.01
9c8ffc9afe14108def96d0b1a3678eec,7f59e76c0aa7ffa96374216e3fa5a4d5,delivered,2017-04-05 22:29:43,2017-04-05 22:42:43,2017-04-10 10:03:28,2017-04-21 10:22:41,2017-05-03,154.19,15.25,1,1,169.44,1,1,5.0,1.0,0c71fffae3b89f1f4c7afd556f5d29b1,93220,sapucaia do sul,RS,15.49511574074074,27.06269675925926,0,169.44
816ee6170d6a4d6542bf94ee9df5dcfd,e0ffea788064ae59ed7b2e072a791e45,delivered,2017-04-05 22:46:27,2017-04-07 03:23:02,2017-04-11 06:08:01,2017-04-13 12:12:41,2017-04-28,26.9,10.96,1,1,37.86,1,1,5.0,1.0,c23fffae692167e9e9c6991ae60d4607,14024,ribeirao preto,SP,7.55988425925926,22.051076388888887,0,37.86
9d3988465ae7ab02782cfc42f83ff58e,891df15998426e9d609b7f363a555ce4,delivered,2017-04-05 22:47:02,2017-04-05 23:02:30,2017-04-10 10:17:43,2017-04-13 07:45:18,2017-04-28,99.0,15.9,1,1,114.9,10,1,5.0,1.0,4dbc9e60ee79f8547f8a3fe7f3d02fd1,29820,agua doce do norte,ES,7.373796296296296,22.050671296296297,0,114.9
6798f9878ff9d53eb20c517a8a13ed44,f95a88c152cc3320d2e6ab9efb9cc90c,delivered,2017-04-05 23:29:55,2017-04-05 23:42:47,2017-04-06 11:38:37,2017-04-11 14:42:17,2017-04-28,399.76,24.27,1,1,424.03,6,1,5.0,1.0,a2ac5295548a4893bc35b60152102cdc,38402,uberlandia,MG,5.633587962962963,22.020891203703705,0,424.03
934803b43ca04b1cd088ae5e65a5ae76,74b48a0bdefc8bedbfb04470914c9dce,delivered,2017-04-05 23:43:38,2017-04-06 01:10:13,2017-04-07 14:06:12,2017-04-18 16:38:07,2017-04-28,36.9,14.52,1,1,51.42,1,1,5.0,1.0,2fdd6e2012a924fc42ee1070baef8514,31130,belo horizonte,MG,12.704502314814814,22.01136574074074,0,51.42
a68bc190188549b7f338cbff5d091091,073da58beece042f898c92ff46d41dfb,delivered,2017-04-06 00:13:48,2017-04-06 01:06:37,2017-04-07 09:55:57,2017-04-11 10:20:28,2017-05-04,34.99,14.52,1,1,49.51,2,1,5.0,1.0,4cf2d7ff911f717d1465a515144086f6,21746,rio de janeiro,RJ,5.421296296296297,27.99041666666667,0,49.510000000000005
22d764197653b8e72e86fa89109d3a07,27ad3ccd3f49b1ca2149940f0b840dfd,delivered,2017-04-06 01:08:20,2017-04-06 01:15:12,2017-04-06 12:53:14,2017-04-11 11:57:57,2017-04-28,23.0,12.93,1,1,35.93,1,1,2.0,1.0,32bbf66d4ee8bac93ae1e501cfb12c6e,17012,bauru,SP,5.451122685185185,21.952546296296298,0,35.93
39e391683a61f377780a8505120a0718,8f1b4f8718cef8f0bd5b47824495a53d,delivered,2017-04-06 06:45:56,2017-04-07 03:15:32,2017-04-11 11:26:38,2017-05-03 14:47:33,2017-05-09,48.9,17.78,1,1,66.68,1,1,5.0,1.0,c263033b0042821b6e3f1684d27ec734,44600,ipira,BA,27.33445601851852,32.71810185185185,0,66.68
1e6eb05de9f71dd42f9ef81813dce355,2254b43cd84d5a90ed4da40ec794f853,delivered,2017-04-06 08:19:38,2017-04-06 10:02:35,2017-04-07 10:09:05,2017-04-18 13:04:35,2017-05-08,292.9,19.48,1,1,312.38,5,1,5.0,1.0,58ff548408065c3f0a37e7aaa22d8b3d,95060,caxias do sul,RS,12.197881944444445,31.65303240740741,0,312.38
ea921667f0ab37edbe094d0e67c9d454,327d7f521d79dedd1ec483d0ba129414,delivered,2017-04-06 08:52:35,2017-04-06 10:02:22,2017-04-07 10:25:15,2017-04-17 15:04:49,2017-05-02,369.9,16.76,1,1,386.66,4,1,5.0,1.0,06cda0f6b654274ef36983dc027aecaa,30580,belo horizonte,MG,11.25849537037037,25.630150462962963,0,386.65999999999997
cf9df38ea8a894e959f635c3fce5b739,6a24075730b9c1400e48548a5cbd2738,delivered,2017-04-06 09:05:53,2017-04-06 10:02:24,2017-04-07 15:04:02,2017-04-19 10:53:47,2017-05-02,195.99,18.66,1,1,214.65,8,1,5.0,1.0,e8a398ff29ecd32cd95796a2fe0de274,9857,sao bernardo do campo,SP,13.074930555555556,25.62091435185185,0,214.65
1a3960b27016b5cb04fb3ad29076edd3,99b09a07b7eeef0b5d554984486a6bbe,delivered,2017-04-06 09:53:43,2017-04-07 03:15:37,2017-04-07 14:42:22,2017-04-12 11:38:12,2017-05-02,59.9,14.59,1,1,74.49,1,1,5.0,1.0,5898ecec497087790a19575f1dcbe0c9,38411,uberlandia,MG,6.07255787037037,25.58769675925926,0,74.49
cdda221e8ff79e7dc0c3158e14e40d46,a06d256918aced7588c2acf33a4238da,delivered,2017-04-06 10:10:32,2017-04-06 10:25:11,2017-04-06 10:55:45,2017-04-12 13:22:40,2017-05-02,44.9,14.52,1,1,59.42,5,1,5.0,1.0,2b7b58bdb468abea0076f15e37e3d470,36880,muriae,MG,6.133425925925926,25.57601851851852,0,59.42
00f2c876aa08fbba04199823952e96c1,eb4fea182012be623175b35ee37dfe50,delivered,2017-04-06 10:21:23,2017-04-07 03:15:32,2017-04-10 12:04:47,2017-04-18 14:10:11,2017-05-09,69.0,17.22,1,1,86.22,1,1,3.0,1.0,9ad4f9335cac4ef80ebf85ce93dee011,21370,rio de janeiro,RJ,12.158888888888889,32.5684837962963,0,86.22
34fefcb94e75fb1b7a0cd863796ce6e5,04d00072237ea49b7decdfe6d22f98af,delivered,2017-04-06 10:25:15,2017-04-06 10:35:39,2017-04-07 16:15:53,2017-04-15 09:22:32,2017-05-02,44.9,15.56,1,1,60.46,2,1,5.0,1.0,106e0497270dd197f3911ddfd9251552,20530,rio de janeiro,RJ,8.95644675925926,25.565798611111113,0,60.46
10487ca7dcab9ddc13cd4ee2fe1ef2f7,6375f291ca662cda38bba47ce8d767f1,delivered,2017-04-06 10:31:58,2017-04-06 10:42:23,2017-04-07 10:07:10,2017-04-17 15:44:43,2017-05-02,169.9,22.66,1,1,192.56,1,1,4.0,1.0,63a2711d2cd5648bb00af3a74a40e640,19970,palmital,SP,11.2171875,25.56113425925926,0,192.56
a1a835a7e59148cc5f62243387eb6c14,eec24ad7a230beb6df8ef063d1df3a1c,delivered,2017-04-06 10:44:40,2017-04-06 10:55:09,2017-04-06 15:00:49,2017-04-13 17:46:57,2017-05-02,31.98,29.04,2,1,61.02,2,1,1.0,1.0,19442a34d63030d2739ed3022b4fec60,12210,sao jose dos campos,SP,7.293252314814815,25.552314814814814,0,61.019999999999996
3bc9ec33a0837981e7f5e35876723afb,d575e11a6155f00e7dac21ee59463aa4,delivered,2017-04-06 10:48:38,2017-04-06 11:02:56,2017-04-07 12:49:56,2017-04-17 13:08:14,2017-05-08,139.8,35.84,2,1,175.64,3,1,5.0,1.0,c7bfe64ba6a8b62b1ec8212438caaddf,91520,porto alegre,RS,11.096944444444444,31.549560185185186,0,175.64000000000001
e8204ce4727e0579d7cebd304236bcc3,7673829d261bae4cab2db2e831d038af,delivered,2017-04-06 10:50:06,2017-04-06 11:02:57,2017-04-07 16:28:03,2017-04-12 12:55:07,2017-05-02,18.99,14.52,1,1,33.51,3,1,5.0,1.0,67938ae5a1a2d7e95af72ab27487fb09,26525,nilopolis,RJ,6.08681712962963,25.548541666666665,0,33.51
a5b93054fbbf75a89a10d7fddb18afe7,02b5dad4111669d799b6697ddbbfcf3b,delivered,2017-04-06 10:52:51,2017-04-06 11:05:16,2017-04-07 14:58:17,2017-05-08 12:02:00,2017-05-10,59.9,24.62,1,1,84.52,8,1,4.0,1.0,a61c0dd1c6585331dddfa81976d59cb7,63620,solonopole,CE,32.04802083333333,33.54663194444444,0,84.52
5df11955c9e776e57bf66071651f6db7,28f6ea6858cfdf1b45f4a3623a6955e6,delivered,2017-04-06 10:54:02,2017-04-06 11:05:18,2017-04-06 15:43:05,2017-04-07 16:43:28,2017-04-27,93.9,11.27,1,1,105.17,6,1,5.0,1.0,1b95e3fe033836c787689ae4b9516aa3,30882,belo horizonte,MG,1.242662037037037,20.545810185185186,0,105.17
d61e9236bd0abb5bf81b5c7f984c9d74,7a2e59b53759c754c5ca4611bb91f7a2,delivered,2017-04-06 11:19:58,2017-04-06 11:30:17,2017-04-06 14:20:06,2017-04-12 17:41:55,2017-05-02,24.99,14.52,1,1,39.51,3,1,5.0,1.0,653a7619cc4095be9549ffbe73508abd,29055,vitoria,ES,6.265243055555556,25.527800925925927,0,39.51
b822f4f445ecd8a555f37cd6aef591ac,c5f01802e14689fa043dd02e57ee0477,delivered,2017-04-06 11:32:08,2017-04-08 02:45:31,2017-04-13 14:14:41,2017-04-24 12:31:03,2017-05-16,18.95,28.97,1,1,47.92,1,1,4.0,1.0,093afe7cac6e0472bc762f850cfac378,69317,boa vista,RR,18.040914351851853,39.51935185185185,0,47.92
75bf0422b7fb2244c7ddb0ee73e8e8a8,c1cd6c7fef540804e13d14089d18c0a2,delivered,2017-04-06 11:40:49,2017-04-07 03:22:42,2017-04-07 12:31:21,2017-04-12 16:29:06,2017-05-02,98.0,17.43,1,1,115.43,1,1,5.0,1.0,2b991d566a6300b5f1f914111405b62e,30180,belo horizonte,MG,6.200196759259259,25.51332175925926,0,115.43
bd751ddcab3b8972d79a87e9cb5df8f4,2af532c873aa98204e14929109f0c7fd,delivered,2017-04-06 11:53:43,2017-04-06 13:05:26,2017-04-07 10:53:58,2017-05-02 11:47:48,2017-05-10,809.9,26.12,1,1,836.02,10,1,5.0,1.0,14b752df6dd62c4afcafedeee4b8cffb,78850,primavera do leste,MT,25.995891203703703,33.50436342592592,0,836.02
89004e15d2c77c8dd899015d2662b32d,fdfd1f88a6314339d664256e9a6cd9df,delivered,2017-04-06 12:03:37,2017-04-06 13:05:42,2017-04-10 16:16:54,2017-04-17 15:37:20,2017-05-09,69.9,15.7,1,1,85.6,1,1,5.0,1.0,37f9c2ef5c2b14f8215f23ea27005865,28625,nova friburgo,RJ,11.148414351851851,32.49748842592592,0,85.60000000000001
8f3f26027859349e29776a53fcf17963,77678cf0733734587184d89b548c3517,delivered,2017-04-06 12:12:21,2017-04-06 13:05:36,2017-04-07 15:39:46,2017-04-13 07:39:05,2017-04-27,18.99,10.96,1,1,29.95,1,1,3.0,1.0,4c0a0414fa9d6d8b696368dacdb50a5b,11432,guaruja,SP,6.810231481481481,20.49142361111111,0,29.95
cbb4b95668ae591cf274d3370d94bec7,44ea5d2114b209b971e82bf7386587ba,delivered,2017-04-06 12:14:15,2017-04-06 13:05:37,2017-04-06 15:16:19,2017-04-10 12:20:11,2017-05-05,69.9,11.1,1,1,81.0,2,1,5.0,1.0,8e7899490f505dd05c326d2d85f8a7e7,4551,sao paulo,SP,4.00412037037037,28.490104166666665,0,81.0
7ff3ee6ebd4a25304259d862bad701ea,0a78f8e47a705e10082383eba3165dc4,delivered,2017-04-06 12:22:49,2017-04-07 03:11:00,2017-04-07 12:57:50,2017-04-21 10:53:54,2017-05-02,79.0,16.8,1,1,95.8,1,1,5.0,1.0,ba4c1ae8c5e5f7f9de59ecf9723bbd97,88036,florianopolis,SC,14.938252314814815,25.48415509259259,0,95.8
aa8c2e4009c82d6fb84d9ecc0ce798f8,8865587ec1e1d38bf28416be175f300c,delivered,2017-04-06 12:35:55,2017-04-06 13:10:15,2017-04-06 14:08:58,2017-04-11 13:04:20,2017-05-02,29.9,14.52,1,1,44.42,4,1,5.0,1.0,7a5930a54a9c0b2cfef26af870428133,8673,suzano,SP,5.019733796296296,25.47505787037037,0,44.42
292b5c75de3cb3dc17a422c7985b3e5a,a0984b33073988cd7715c8546237843a,delivered,2017-04-06 12:38:22,2017-04-06 13:10:15,2017-04-07 10:09:05,2017-04-12 10:44:37,2017-05-02,292.9,16.22,1,1,309.12,10,1,5.0,1.0,c25dfca84a0b6409b49e17a517e34bb9,18271,tatui,SP,5.921006944444445,25.47335648148148,0,309.12
031e7d4e559a1bf08e71a419aa998d0a,aedfc62ab52a3e4ea642220ccdec91ff,delivered,2017-04-06 12:59:46,2017-04-06 13:10:41,2017-04-07 12:43:24,2017-09-19 16:23:52,2017-05-19,73.99,24.52,1,1,98.51,1,1,1.0,1.0,1c7d1da02dbcd65a57d3056deb615751,52090,recife,PE,166.1417361111111,42.45849537037037,1,98.50999999999999
035da499656c96f8f1cf920dd57ddc49,6dab4e63a2a40fef7c3cb46ab8083922,delivered,2017-04-06 13:02:52,2017-04-06 13:10:45,2017-04-07 12:04:32,2017-04-18 15:56:50,2017-05-02,37.98,29.04,2,1,67.02,1,1,3.0,1.0,1270b69469b516c18f61138f16cda7aa,28895,rio das ostras,RJ,12.120810185185185,25.45634259259259,0,67.02
a532c4a850449b1f08cbc448e2a2568f,5d32870687f3bce3d866addfb37d6910,delivered,2017-04-06 13:10:31,2017-04-07 03:15:35,2017-04-10 06:32:58,2017-04-18 17:58:40,2017-05-12,38.9,10.96,1,1,49.86,1,1,4.0,1.0,41b47de54a99f37ac2bbcb5758762fe2,8220,sao paulo,SP,12.200104166666666,35.451030092592596,0,49.86
e55b46bf1f7b0739a890db6c07478c9e,44d195c70ddbb47f1a0a3efa789b76d4,delivered,2017-04-06 13:13:35,2017-04-06 13:25:08,2017-04-11 12:27:58,2017-04-13 17:04:53,2017-05-08,18.25,10.53,1,1,28.78,1,1,5.0,1.0,d7b91fb85c24f413d7c4715d9464f3f2,5024,sao paulo,SP,7.160625,31.448900462962964,0,28.78
da8be3bb62e9bf01e2e1a3bfd74ebd1a,3f083b9f62e687be8d84684c7d54c8db,delivered,2017-04-06 13:44:08,2017-04-06 13:55:17,2017-04-08 01:37:04,2017-05-08 10:52:06,2017-05-04,2690.0,61.24,1,1,2751.24,10,1,1.0,1.0,1e7097be947ad5d0f7819bdc9d8d7d0e,24716,sao goncalo,RJ,31.880532407407408,27.427685185185187,1,2751.24
54c48a1401020a79d5d52ff20cb07aa7,64a321dafa36e657f430cd3c2d0c64a0,delivered,2017-04-06 13:45:15,2017-04-06 14:03:14,2017-04-06 14:43:20,2017-04-17 15:47:02,2017-05-10,99.9,11.31,1,1,111.21,4,1,5.0,1.0,c9c6d353f4101827b3dbc83b093b2fe6,37031,varginha,MG,11.084571759259259,33.42690972222222,0,111.21000000000001
30da2d10bb9d14beedcc9996252deef8,59ee24b5b511f511967f7ba312f72555,delivered,2017-04-06 13:45:55,2017-04-06 14:02:59,2017-04-07 13:15:18,2017-04-18 16:48:21,2017-05-02,35.0,14.52,1,1,49.52,4,1,5.0,1.0,0151b5ff5b5d642815f094f303e7052a,31515,belo horizonte,MG,12.126689814814815,25.42644675925926,0,49.519999999999996
8a56e815ea075300734800bf2c0b52cb,dc4ccb16a7eaa7202d6c84c8aa49615c,delivered,2017-04-06 13:56:03,2017-04-06 14:05:15,2017-04-11 08:05:30,2017-04-17 13:56:51,2017-05-04,105.4,32.18,2,2,137.58,8,1,1.0,1.0,bce591b049590a7724295e78c9dd7cc5,95860,taquari,RS,11.000555555555556,27.419409722222223,0,137.58
583e624231af818d0ab64b7f4b6a5cdd,ab23483a16bddfba9362d08402bc07b2,delivered,2017-04-06 14:25:09,2017-04-07 03:10:47,2017-04-20 08:25:03,2017-05-02 14:49:55,2017-04-27,75.0,11.92,1,1,86.92,1,1,4.0,1.0,76401c7bc739d12e695e0ef00cc49b11,13058,campinas,SP,26.017199074074075,20.39920138888889,1,86.92
f0755fcb1af1b9abe9557b550c00f691,e8284a6a98e1003120d46a98b1a32824,delivered,2017-04-06 14:36:39,2017-04-08 02:45:16,2017-04-10 14:39:59,2017-04-18 07:29:34,2017-05-02,219.0,29.88,2,1,248.88,1,1,4.0,1.0,f5362a4fa86db140574a237120e21a90,89893,mondai,SC,11.703414351851851,25.39121527777778,0,248.88
147e2f8c0ffbecad4e4f91268c28e1ce,d3694e655c88a73ce66c2d05d65de12b,delivered,2017-04-06 14:47:48,2017-04-06 15:03:06,2017-04-07 14:35:39,2017-05-09 10:20:18,2017-05-12,55.9,29.32,1,1,85.22,4,1,5.0,1.0,1ef2f8b84b3cba05855545590e365e65,63150,campos sales,CE,32.814236111111114,35.383472222222224,0,85.22
45999efb9bc85af2a2a2716e46c92e49,986b5b432a29b3edf0f60465e6496f8b,delivered,2017-04-06 14:59:17,2017-04-07 03:22:57,2017-04-12 06:50:01,2017-05-03 12:27:53,2017-05-04,93.9,16.36,1,1,110.26,1,1,5.0,1.0,0ae84ad270ea8462d8cf60a2caadf7ce,96412,bage,RS,26.894861111111112,27.375497685185184,0,110.26
2e157239001a3bc129887997254f9af8,5d731fa195fc3a5789ef804d0654faae,delivered,2017-04-06 15:04:18,2017-04-06 15:15:23,2017-04-11 17:04:56,2017-04-18 14:48:05,2017-05-03,21.9,14.52,1,1,36.42,1,1,5.0,1.0,66a0ab491eb567d8e64b9434b6922590,13904,amparo,SP,11.988738425925925,26.37201388888889,0,36.42
50eff1a80cf88f66d317710f1b036b36,db2cf4866a8f96d08f711c99f9d5cbc3,delivered,2017-04-06 15:04:25,2017-04-06 15:15:22,2017-04-11 11:27:19,2017-04-13 12:24:40,2017-04-28,23.9,10.96,1,1,34.86,3,1,5.0,1.0,bbed9cd869f4fad214a79776336b932f,38810,rio paranaiba,MG,6.8890625,21.37193287037037,0,34.86
4dd1f29debee7ab872c8919f35a80070,51cfe38e55dc309dc27164c60fe75107,delivered,2017-04-06 15:06:48,2017-04-07 03:15:57,2017-04-13 17:38:15,2017-04-20 08:51:44,2017-05-04,119.99,33.14,1,1,153.13,1,1,5.0,1.0,6d133afc66c51d5af4326fe767296f61,90010,porto alegre,RS,13.739537037037037,27.370277777777776,0,153.13
275aba34a453b017029d48d8ffb43dd2,55bc475023176cd0a21a0be147b1ddc6,delivered,2017-04-06 15:10:29,2017-04-07 03:15:20,2017-04-07 16:12:41,2017-04-18 16:07:06,2017-05-02,146.9,19.31,1,1,166.21,1,1,5.0,1.0,b0b5fce969eb68ee07a9f5670e7835ea,28140,santo amaro de campos,RJ,12.03931712962963,25.36771990740741,0,166.21
c65c67add2c5125ad17f0a85f2c87264,2add78abf11b73bb35d230bb94bc3fce,delivered,2017-04-06 15:12:02,2017-04-06 15:25:11,2017-04-10 12:02:50,2017-04-17 08:09:52,2017-05-05,19.99,11.74,1,1,31.73,3,1,5.0,1.0,87d46e0e9e6444041b57153b1d988689,19230,estrela do norte,SP,10.706828703703703,28.36664351851852,0,31.729999999999997
86624050a21141bc5122640df317183e,2c5703a91f076abcea810fde233734b0,delivered,2017-04-06 15:17:23,2017-04-06 15:30:20,2017-04-11 10:06:03,2017-04-18 13:22:03,2017-05-04,129.9,17.34,1,1,147.24,1,1,5.0,1.0,3dbb8543466ee4161d36ded911ca58e7,90230,porto alegre,RS,11.919907407407408,27.36292824074074,0,147.24
c0fda72234f6725e93abc192eb92c85b,f129877aa8c01c82350976affcf8d18c,delivered,2017-04-06 15:20:14,2017-04-06 22:55:12,2017-04-07 14:13:46,2017-04-28 13:45:57,2017-05-12,27.99,24.35,1,1,52.34,5,1,5.0,1.0,4ef8c9abed919aea3b09218acbf5684d,50790,recife,PE,21.934525462962963,35.36094907407407,0,52.34
7797659fa7b8f16a68562da5976d179e,07268a96fa4f3812925fa07de7cc3c73,delivered,2017-04-06 15:26:20,2017-04-06 15:35:15,2017-04-07 10:00:22,2017-04-27 09:56:53,2017-05-12,79.9,25.05,1,1,104.95,2,1,5.0,1.0,e43b0c7c3c094e8f7b8c49562a9a9f0a,61934,maracanau,CE,20.771215277777777,35.356712962962966,0,104.95
6c578cefe8f43f6e1394ded9f6f537c5,dd747ee25e233b5cd6285d65972b7b7b,delivered,2017-04-06 15:35:33,2017-04-06 15:50:10,2017-04-10 06:00:16,2017-04-13 09:26:30,2017-05-04,229.9,48.31,1,1,278.21000000000004,1,2,1.0,1.0,cf3c7aa47c65edfe418cc5371049a610,2210,sao paulo,SP,6.743715277777778,27.3503125,0,278.21000000000004
c42ccab83afd0e50ca0d6089596b1b8b,4fc9e35cc1c1237488346652e2487231,delivered,2017-04-06 15:45:10,2017-04-06 16:45:30,2017-04-07 15:29:30,2017-04-13 18:10:19,2017-05-02,1549.0,26.05,1,1,1575.05,1,1,4.0,1.0,5eb539db8bad2407b71782f1d55a4826,31573,belo horizonte,MG,7.100798611111111,25.34363425925926,0,1575.05
6ae75885c8ee760ef5d4a9bcf797c788,1692226c41a2099015b515e8906a6741,delivered,2017-04-06 15:51:57,2017-04-06 16:05:22,2017-04-13 08:34:23,2017-05-02 15:48:55,2017-05-19,19.9,26.61,1,1,46.51,2,1,5.0,1.0,45ea5d11dbab64432746c40c42b10fb3,11250,bertioga,SP,25.99789351851852,42.33892361111111,0,46.51
cdc8fc8cc642886abe16af26b0781daf,76e8d47b66ffe39b5573e790dc4b2afc,delivered,2017-04-06 15:57:13,2017-04-06 16:05:26,2017-04-07 09:32:40,2017-04-18 12:46:43,2017-05-04,89.9,20.71,1,1,110.61,10,1,5.0,1.0,552ac179c91c1dc7dd6f8328e4999a1e,96015,pelotas,RS,11.867708333333333,27.335266203703704,0,110.61000000000001
19e31a421ef559a7772d01fc5074ee14,6ce5536f3e76b410c27535f9278914f0,delivered,2017-04-06 15:58:17,2017-04-08 02:45:27,2017-04-12 11:52:36,2017-04-19 10:29:07,2017-05-05,29.99,14.52,1,1,44.51,1,1,4.0,1.0,61d840adb1892fd2ca3ee8b594327ddd,88117,sao jose,SC,12.771412037037036,28.33452546296296,0,44.51
2442686c8ec7cde165c4b56581ccbae0,fe675b33a964a34734880d553ec3107e,delivered,2017-04-06 16:03:32,2017-04-06 16:25:27,2017-04-07 15:19:11,2017-04-12 09:38:45,2017-04-28,89.9,11.24,1,1,101.14,5,1,1.0,1.0,57c27c0f19165cea8452537e5873bdcf,6020,osasco,SP,5.732789351851852,21.330879629629628,0,101.14
fbca4283c50aa9846b2fb711093da41f,b905cd2d6fb12189d83870be0d608c9c,delivered,2017-04-06 16:11:42,2017-04-06 16:30:25,2017-04-07 15:09:57,2017-04-12 10:34:50,2017-04-27,34.9,8.72,1,1,43.62,1,1,5.0,1.0,68b75d0ffa11262395e86f499004703f,1424,sao paulo,SP,5.766064814814815,20.325208333333332,0,43.62
66582c0b6f09819676df894a431275fb,16547cc187e249ef13e8fea3ee0b2c08,delivered,2017-04-06 16:20:30,2017-04-06 16:35:18,2017-04-07 14:42:21,2017-04-19 13:53:19,2017-05-02,79.9,14.73,1,1,94.63,1,1,4.0,1.0,d4dccf9ceeb1a8e1cbe051fdd0d10a50,37550,pouso alegre,MG,12.897789351851852,25.319097222222222,0,94.63000000000001
ae42d30816d69c777f832bcbf37fbd46,0ae25c813041ba75ff447da9a7b449ff,delivered,2017-04-06 16:31:49,2017-04-07 16:42:39,2017-04-10 16:53:49,2017-04-13 12:52:06,2017-05-04,99.0,20.51,1,1,119.51,3,2,5.0,1.0,af68495db2d2d3fc740b5f9799e9ca0f,4764,sao paulo,SP,6.847418981481481,27.311238425925925,0,119.51
6d20d4bb2f512f9cc072f9b1ca5c614b,3612d49439bc99659b9e3aba3e715c79,delivered,2017-04-06 16:50:03,2017-04-07 06:42:32,2017-04-07 15:12:17,2017-04-11 11:12:49,2017-04-27,899.0,16.9,1,1,915.9,1,1,5.0,1.0,93dc2a2ebc72f2b7205be0c130cf1fa3,9780,sao bernardo do campo,SP,4.7658101851851855,20.29857638888889,0,915.9
fa5140866cde7c9764922065831a5510,675dd64ce8547c54a6cd06e46d312c2c,delivered,2017-04-06 16:57:07,2017-04-06 17:15:19,2017-04-18 10:38:09,2017-05-02 09:57:27,2017-05-08,79.9,17.3,1,1,97.2,3,1,3.0,1.0,51b52b687b786d0a22c5b1fbdacdc90b,28660,bom jardim,RJ,25.708564814814814,31.29366898148148,0,97.2
094af1d0ffa8afa4ddce0e4892491313,c743dace5b15ed39b17b44dc5ad44023,delivered,2017-04-06 17:01:33,2017-04-06 17:15:25,2017-04-07 09:59:07,2017-04-11 14:42:29,2017-05-08,99.99,19.4,1,1,119.39,10,1,4.0,1.0,9ca02217ef5f69e71ae75b08ea605666,74916,aparecida de goiania,GO,4.903425925925926,31.290590277777778,0,119.38999999999999
016b1af508245e59ef75d83e3fe20a92,aa57e2dd7b09a0f2cecef92f4d99395a,delivered,2017-04-06 17:19:53,2017-04-08 02:43:18,2017-04-10 16:33:47,2017-04-19 13:26:19,2017-05-02,129.99,17.65,1,1,147.64,1,1,5.0,1.0,2b883561eef84b78755217c2d06ef360,87320,roncador,PR,12.837800925925926,25.277858796296297,0,147.64000000000001
be63f8e1110d08f5003ca1a255ff4fb1,8c5f7a81527f366bc6a0d6fa4834ba19,delivered,2017-04-06 17:28:22,2017-04-06 17:42:47,2017-04-07 12:05:49,2017-04-13 15:14:30,2017-05-05,60.0,11.03,1,1,71.03,4,1,5.0,1.0,c35ffdd9679e194c3673533720b5e00c,13670,santa rita do passa quatro,SP,6.907037037037037,28.271967592592592,0,71.03
abecbd6356fb44255baff524fd60438e,d3470f77b269e104971e5838d57261bf,delivered,2017-04-06 18:34:13,2017-04-06 18:45:16,2017-04-07 11:18:21,2017-04-13 17:43:52,2017-05-04,999.9,22.7,1,1,1022.6,10,1,5.0,1.0,8e6e09a9d21276f98d691a2c181ec00d,85812,cascavel,PR,6.965034722222223,27.226238425925924,0,1022.6
f28d2797b047549663f2e82b4afbdc1e,fa60dc846cc1ab755dd1768fc500b400,delivered,2017-04-06 18:47:46,2017-04-06 18:55:12,2017-04-10 14:24:52,2017-04-12 08:22:43,2017-05-19,188.99,15.09,1,1,204.08,3,1,4.0,1.0,f8abc116dfd2fedc52825bae1ab37a67,1027,sao paulo,SP,5.5659375,42.216828703703705,0,204.08
26c883d125f63d8f73de0fac7be06290,2be026e09fcd2b3b24f4ff18636229ca,delivered,2017-04-06 19:02:37,2017-04-06 19:15:19,2017-04-07 15:45:17,2017-04-13 13:50:08,2017-04-27,69.9,11.88,1,1,81.78,3,1,4.0,1.0,c37449d8b51eefa148cd87b2c605a1c1,13495,iracemapolis,SP,6.782997685185185,20.206516203703703,0,81.78
7c8cabe92b0d78f64750cd7091610d13,7d5c71c6e3bba01e44045b65721ebc8a,delivered,2017-04-06 19:10:24,2017-04-07 03:22:51,2017-04-10 06:16:46,2017-04-17 11:39:41,2017-05-26,37.8,21.92,2,1,59.72,1,1,2.0,1.0,f5bf332dc1bd1d1225a24bc6754a31ef,8696,suzano,SP,10.687002314814816,49.20111111111111,0,59.72
e996a03662988d5ddce1d6bc5cfcde64,2866d33ae18bc1d0b32f3736dcf7ea3d,delivered,2017-04-06 19:24:58,2017-04-06 21:02:48,2017-04-07 11:07:32,2017-04-10 12:44:00,2017-05-03,89.0,12.01,1,1,101.01,1,1,1.0,1.0,bb36de8de6fa742532f659a9a84b8779,13843,mogi-guacu,SP,3.721550925925926,26.19099537037037,0,101.01
4ab7b9945880c46a7fe643c2dacf9ce5,4e9b99cb1af6cfcdb7f1b1eebf15000c,delivered,2017-04-06 19:31:24,2017-04-06 19:45:14,2017-04-07 13:43:00,2017-04-12 13:57:47,2017-05-02,15.99,14.52,1,1,30.51,1,1,4.0,1.0,9f8a7e986ffdeaca19ea1fc0189a4083,13085,campinas,SP,5.768321759259259,25.186527777777776,0,30.509999999999998
8a6b8c7658bafc61e02ea8982ffa1d4e,971fc118b16e18e76c8ed6d0b1d8a67c,delivered,2017-04-06 19:32:34,2017-04-06 19:45:15,2017-04-13 10:24:42,2017-04-18 15:59:39,2017-05-02,469.9,51.81,1,1,521.71,5,1,5.0,1.0,cecc19ff12c206e6368dd1e9c22a848d,18300,capao bonito,SP,11.852141203703704,25.185717592592592,0,521.71
e0e2edac81c419b8973a6a1ffd13e648,1ad8beeb3762c22ddacee549be4fe834,delivered,2017-04-06 19:37:23,2017-04-06 19:50:22,2017-04-11 09:08:43,2017-04-20 07:30:03,2017-05-04,119.9,26.07,1,1,145.97,4,1,5.0,1.0,a42042c93abec98fbad5eed31c8a1b9c,7272,guarulhos,SP,13.494907407407407,27.182372685185186,0,145.97
117555989192fd7b3694c3acaa2bf0b4,7e91cf1ec108d97aa0f276f4c9df8c58,delivered,2017-04-06 19:40:40,2017-04-08 02:50:35,2017-04-12 16:07:33,2017-04-19 13:38:41,2017-05-09,119.9,16.05,1,1,135.95,1,1,5.0,1.0,56182a3fa247eeb071d511e046fa5309,24904,marica,RJ,12.748622685185186,32.180092592592594,0,135.95000000000002
511a2c82e1860031d509e3d925c4b873,014e22ebe12fcc0f03d5f3ed1d15f86f,delivered,2017-04-06 19:52:25,2017-04-17 08:50:17,2017-04-20 12:20:43,2017-05-10 14:46:53,2017-05-12,159.99,25.61,1,1,185.6,1,1,3.0,1.0,cd315f6bf86d704bf9f8d60147c8c8aa,58036,joao pessoa,PB,33.787824074074074,35.17193287037037,0,185.60000000000002
1f56d6730df1a47e92e167f773c5f37c,bf1a6f9f94f61589f9349a76dd16e657,delivered,2017-04-06 19:57:38,2017-04-06 20:10:11,2017-04-07 15:26:12,2017-04-15 09:28:00,2017-05-02,27.0,14.52,1,1,41.52,4,1,5.0,1.0,2dda014d2afe7ff1c7d7d3c5b28284ed,39801,teofilo otoni,MG,8.56275462962963,25.168310185185184,0,41.519999999999996
112ba690c4750a816a8862fefc3855b5,7ed8cd86353bf8c4e78091c8f84fdcd0,delivered,2017-04-06 20:24:10,2017-04-06 20:35:13,2017-04-10 06:53:43,2017-04-17 08:32:40,2017-05-02,165.86,14.93,1,1,180.79,8,1,4.0,1.0,2f41863e0922b8d1fbb756691b5c315b,8320,sao paulo,SP,10.505902777777777,25.14988425925926,0,180.79000000000002
52e12db27448fca8dcb88bf7bc7ae037,2b4d7fd64cc2e0e288f40151855a1dd9,delivered,2017-04-06 20:24:10,2017-04-06 20:35:12,2017-04-07 15:54:36,2017-04-12 12:18:27,2017-04-27,79.9,11.95,1,1,91.85,8,1,4.0,1.0,2f41863e0922b8d1fbb756691b5c315b,8320,sao paulo,SP,5.662696759259259,20.14988425925926,0,91.85000000000001
efa1a52a1724dde7ef9954873517bf2d,d1862ef0ab18eb880e34966266bd781e,delivered,2017-04-06 20:28:42,2017-04-06 20:42:49,2017-04-07 09:04:36,2017-04-15 08:30:07,2017-05-04,159.9,17.96,1,1,177.86,3,1,5.0,1.0,75cdd3d2066f7e0517bdd66c0e8f9dbd,24358,niteroi,RJ,8.500983796296296,27.14673611111111,0,177.86
759fc8b3cef1012f6d8c6fc9db642fbe,2a786d13278ec66a602d028cbccde4b6,delivered,2017-04-06 20:39:53,2017-04-06 20:50:20,2017-04-07 11:07:32,2017-05-08 14:12:26,2017-05-10,69.0,22.41,1,1,91.41,6,1,5.0,1.0,709d2a72ef3652f89310ced4d363c4d0,45651,ilheus,BA,31.7309375,33.13896990740741,0,91.41
7a2305c60573b7af60dd941db4629ec7,1fab691c0fb4a038875b2876180007bf,delivered,2017-04-06 21:02:05,2017-04-06 21:15:10,2017-04-13 17:17:43,2017-04-19 13:13:45,2017-05-02,169.99,31.93,1,1,201.92,3,1,4.0,1.0,8663d059e175bdf137aafb13fc1e6a7e,21320,rio de janeiro,RJ,12.674768518518519,25.12355324074074,0,201.92000000000002
78ce53a063eb2907f9727aac2c678339,e9859fbdff7d26c36c228cf60796e844,delivered,2017-04-06 21:07:35,2017-04-06 21:22:51,2017-04-11 14:22:53,2017-04-13 14:38:33,2017-05-05,2589.0,17.01,1,1,2606.01,8,1,4.0,1.0,7814db11654d2bf3b43bae828b6eee05,3946,sao paulo,SP,6.7298379629629625,28.119733796296295,0,2606.01
da9f0f35a47f2c08810250876af67d90,deca74811eafebd0f6bf28394e96b935,delivered,2017-04-06 21:40:58,2017-04-06 21:50:22,2017-04-10 16:32:03,2017-04-18 12:21:27,2017-05-03,95.0,14.84,1,1,109.84,2,1,4.0,1.0,b97e5325a1d545f51e4c76832e020a88,38702,patos de minas,MG,11.611446759259259,26.096550925925925,0,109.84
7c2c4fbf7cfe18df6ed7751cb3bbcfd8,2a4c34907e5d9cac0fe074bfb086bc4d,delivered,2017-04-06 21:46:04,2017-04-07 21:50:20,2017-04-10 13:48:28,2017-04-12 11:57:59,2017-04-27,86.69999999999999,35.22,3,1,121.92,1,1,5.0,1.0,d3f15df5924e63131bcdac6364b6a6fd,9930,diadema,SP,5.591608796296296,20.093009259259258,0,121.91999999999999
a4b2b181af8352ac206d289b2c856cd6,8c11dda15b999a9f9ac9dd43d91e26e5,delivered,2017-04-06 21:49:12,2017-04-06 22:05:13,2017-04-07 13:48:51,2017-05-11 15:34:50,2017-05-12,292.9,26.54,1,1,319.44,3,1,3.0,1.0,59756c62ec090e8323aa2a526916a246,60442,fortaleza,CE,34.74002314814815,35.090833333333336,0,319.44
015f079801c424fda3edc48be99267de,e9887a9874d592a5904dc3b85187ec42,delivered,2017-04-06 21:55:36,2017-04-06 22:10:11,2017-04-07 13:47:55,2017-04-20 13:59:47,2017-05-12,292.9,26.54,1,1,319.44,6,1,1.0,1.0,33c1c5ea039f51616c3d36434b8da36b,62270,hidrolandia,CE,13.66957175925926,35.08638888888889,0,319.44
aa20064eef8808d62ed9ac5286ec0796,20c0da17ef6a3f47bdd0fe12cca32300,delivered,2017-04-06 22:09:46,2017-04-06 22:22:34,2017-04-07 13:22:42,2017-04-13 04:46:32,2017-05-12,45.0,24.84,1,1,69.84,5,1,5.0,2.0,1421b80840e3f8f5082046e8bdc1e9ff,65510,mata roma,MA,6.2755324074074075,35.07655092592593,0,69.84
0017afd5076e074a48f1f1a4c7bac9c5,8085a9af46f619bc25966f151a362b0d,delivered,2017-04-06 22:16:10,2017-04-06 22:25:19,2017-04-17 13:54:37,2017-05-23 08:32:07,2017-05-19,809.1,44.29,1,1,853.39,10,1,1.0,1.0,98758d88bf4b8eef1372ddee45d63178,57250,campo alegre,AL,46.42774305555555,42.072106481481484,1,853.39
aa0833b579391f3c5bf0495431f819a0,922ff2cdb2a5caeb6a8298dc683d65f8,delivered,2017-04-06 22:22:00,2017-04-06 22:35:11,2017-04-07 17:07:21,2017-04-13 16:42:16,2017-05-02,285.9,17.21,1,1,303.11,3,1,5.0,1.0,401e5d473cc485c39f2be9c02120c1e7,98910,tres de maio,RS,6.764074074074074,25.068055555555556,0,303.10999999999996
faa048d9626a532632b1eaa258eda69f,2c560360a2c0dd8310ab2803712e7f1c,delivered,2017-04-06 22:28:06,2017-04-06 22:42:31,2017-04-10 10:06:54,2017-04-12 09:29:52,2017-04-28,89.9,11.24,1,1,101.14,2,1,1.0,1.0,b809eb0b4e9337cc3e17055d71d32eef,4144,sao paulo,SP,5.459560185185185,21.063819444444444,0,101.14
b3843e9e6a4772e07d679b80b9c32b40,7becb98dbba2f0316bad7e27e690eacf,delivered,2017-04-06 22:30:39,2017-04-06 22:42:36,2017-04-10 18:25:13,2017-04-13 13:34:38,2017-04-27,18.99,10.96,1,1,29.95,1,1,5.0,1.0,742c3057d091c94adf50aff54abc692e,11990,cananeia,SP,6.627766203703704,20.062048611111113,0,29.95
3bc77ce8be27211bac313c2daa402d1a,bf141bf67fbe428d558bcf0e018eab60,delivered,2017-04-06 22:39:29,2017-04-06 22:50:24,2017-04-07 14:54:18,2017-04-11 12:31:36,2017-04-27,58.2,8.78,1,1,66.98,1,1,5.0,1.0,c756e1910755edd88c00ac3f46baba4b,31255,belo horizonte,MG,4.577858796296296,20.05591435185185,0,66.98
a5b77614683d41f8c213c366e5c3b3cd,75dde0ac9c549d835c347f7b636695d3,delivered,2017-04-06 23:06:30,2017-04-06 23:15:09,2017-04-07 08:50:18,2017-04-15 11:54:42,2017-04-27,69.0,11.09,1,1,80.09,3,1,1.0,1.0,484589e917b1ce94f703a34a9a855202,13277,valinhos,SP,8.533472222222223,20.037152777777777,0,80.09
3330237b82c090facd2fb2ee38256be5,9bf04c159f122d323d21ddd3189962e6,delivered,2017-04-06 23:14:32,2017-04-06 23:25:13,2017-04-07 14:33:32,2017-04-10 17:14:05,2017-05-10,189.9,23.26,1,1,213.16,4,1,5.0,1.0,bdf2cce7745cd9e6c79c4c5771863ae1,40717,salvador,BA,3.7496875,33.03157407407407,0,213.16
d6fac5cc8d7f57c8716d70da38b27d3f,f78ba3d51a74f062acca983c2face18c,delivered,2017-04-06 23:17:59,2017-04-07 23:22:37,2017-04-08 08:44:35,2017-04-13 12:22:41,2017-05-02,59.99,15.63,1,1,75.62,1,1,1.0,1.0,7be2664f71e8cfd2cab6c6cd4245f10d,20271,rio de janeiro,RJ,6.544930555555555,25.02917824074074,0,75.62
adf4112330df6649bdfd1fb027d98e09,f262d6f9c2776b354037bd7fcce1a70b,delivered,2017-04-06 23:18:50,2017-04-07 02:15:07,2017-04-07 13:45:17,2017-04-13 15:29:46,2017-05-02,369.9,16.76,1,1,386.66,8,1,5.0,1.0,17ad9c69606c8330172cf399e993af43,29300,cachoeiro de itapemirim,ES,6.67425925925926,25.028587962962963,0,386.65999999999997
d11f4ebdaac0950df9e15dd286ddbe81,e8ac46ea1c09bca1c8e41fbf6662a7f8,delivered,2017-04-06 23:35:54,2017-04-08 02:45:54,2017-04-13 13:23:13,2017-04-20 14:41:30,2017-05-04,18.95,16.05,1,1,35.0,1,1,5.0,1.0,922220401165798971be874d851071bb,29102,vila velha,ES,13.62888888888889,27.01673611111111,0,35.0
26bf23645f5371147a72f0bfa5d9eb6a,e35fd9b6c85b42d4c8461db5f1b4afc6,delivered,2017-04-07 00:03:29,2017-04-11 03:50:08,2017-04-12 11:51:06,2017-04-19 10:43:13,2017-05-11,19.9,10.96,1,1,30.86,1,1,4.0,1.0,a8dfa2f7cc4201b705d78520400bf47a,30775,belo horizonte,MG,12.44425925925926,33.99758101851852,0,30.86
0e8a50eedd19fc32a3537ab8ea559f33,3ef7cff4efadc6c1d152008c75e7c93a,delivered,2017-04-07 00:52:06,2017-04-08 02:43:41,2017-04-10 14:29:11,2017-04-17 18:39:49,2017-05-03,169.9,22.66,1,1,192.56,1,1,1.0,1.0,42ff92d7d6605bf30aefbd6a17ff7c9d,30810,belo horizonte,MG,10.741469907407408,25.963819444444443,0,192.56
56e6693f77e4c20487af7d879e980613,d488a306f1a55b796ae873c49b701c46,delivered,2017-04-07 00:58:19,2017-04-07 01:10:16,2017-04-07 14:26:37,2017-04-11 12:31:37,2017-05-03,159.0,26.61,1,1,185.61,5,1,4.0,1.0,a49dd8503d568692a2845ed27a713d92,14077,ribeirao preto,SP,4.481458333333333,25.959502314814817,0,185.61
2d13948675eb090c15d5f89f0a98145e,d040d9ddc1c5ab07441634fd6ebe0aa6,delivered,2017-04-07 01:04:34,2017-04-07 01:15:07,2017-04-07 15:03:42,2017-04-18 06:58:07,2017-05-02,99.98,23.48,2,1,123.46,2,1,1.0,1.0,490deddb79286c4373aaafa95b213568,39830,itambacuri,MG,11.245520833333334,24.955162037037038,0,123.46000000000001
7881c057cc4903a556196d4ce3a0a9c4,60fbd8eb60f7c1cc71664ba7e7ea25e1,delivered,2017-04-07 01:04:37,2017-04-10 03:05:10,2017-04-10 12:01:24,2017-04-17 11:54:05,2017-05-03,18.9,14.52,1,1,33.42,1,1,5.0,1.0,e79ff6174ad4af336720f503293abe3b,28460,miracema,RJ,10.451018518518518,25.955127314814813,0,33.42
620f88e1cad4c60e7f3cc29d682e7eb9,e89e8c6a46f7f4a750d221ba1ccc012d,delivered,2017-04-07 04:31:15,2017-04-07 04:42:55,2017-04-07 13:19:25,2017-04-17 15:10:12,2017-05-03,94.5,14.83,1,1,109.33,1,1,5.0,1.0,de86048ae4dbc33a13f5f3898ab56fe0,22795,rio de janeiro,RJ,10.443715277777779,25.811631944444443,0,109.33
0fd20e900b40f5cb8e6fd31df27aabbd,ac3fbcb5772c50de636f614e8c6459a6,delivered,2017-04-07 07:26:40,2017-04-08 14:35:19,2017-04-25 11:46:34,2017-05-12 16:13:11,2017-05-11,292.9,22.5,1,1,315.4,2,2,5.0,1.0,2a2713562477f28c875ad40f4f69d2a0,57052,maceio,AL,35.365636574074074,33.68981481481482,1,315.4
8d9aeca18991202d1a10f82ce4802dc0,fde364048c977271b875791b44442197,delivered,2017-04-07 08:49:11,2017-04-08 02:42:59,2017-04-25 13:53:28,2017-05-05 16:08:07,2017-05-09,39.3,11.74,1,1,51.04,1,1,5.0,1.0,4fe7f83190e3618139dfbf5658172bf3,9791,sao bernardo do campo,SP,28.304814814814815,31.632511574074073,0,51.04
28b3a0c20aef4102b44f6928bdcffc7d,97531ebafad8d20f98c8d2a6c6ce5369,delivered,2017-04-07 08:56:41,2017-04-07 09:10:15,2017-04-07 16:50:26,2017-04-10 14:57:59,2017-05-11,129.8,22.12,2,1,151.92,4,1,1.0,1.0,2e45ea9a067bfd664d3759aa47073e68,13225,varzea paulista,SP,3.2509027777777777,33.627303240740744,0,151.92000000000002
4f8d2bf1636e6c775fbfb0d824880893,d57b9dfc139d48fc3482411baea546ff,delivered,2017-04-07 09:45:54,2017-04-07 10:03:11,2017-04-10 09:46:29,2017-04-13 15:26:27,2017-05-02,89.9,11.24,1,1,101.14,10,1,4.0,1.0,3f6ac9a49767899814866524054ba779,19275,euclides da cunha paulista,SP,6.236493055555556,24.593125,0,101.14
14f926e78fd90329d77b9d42fbc1339b,b05d4270c1c9faa55359c25e604a669d,delivered,2017-04-07 09:45:56,2017-04-07 10:03:12,2017-04-12 12:18:14,2017-04-20 12:24:15,2017-04-28,73.35,11.9,1,1,85.25,8,1,4.0,1.0,3f6ac9a49767899814866524054ba779,19275,euclides da cunha paulista,SP,13.10994212962963,20.593101851851852,0,85.25
8eb1c5be7906144e5984dfbf45c2ca26,368a12a44679f602d2dfaec782f49a03,delivered,2017-04-07 09:50:35,2017-04-07 10:05:15,2017-04-10 15:34:07,2017-04-13 13:06:58,2017-05-05,24.6,15.65,1,1,40.25,1,1,5.0,1.0,d852c59bce05b5f117f053f53fbfd9d6,21221,rio de janeiro,RJ,6.136377314814815,27.589872685185185,0,40.25
dfa7d326a489fe0c01a652351a552b43,c5fb3c3494f2aa02774d5930a1f981e6,delivered,2017-04-07 10:07:39,2017-04-07 10:15:26,2017-04-25 11:44:57,2017-05-10 09:25:44,2017-05-03,292.9,16.22,1,1,309.12,2,1,1.0,1.0,77c47b5fef16741999450430f66d39fd,12940,atibaia,SP,32.9708912037037,25.578020833333333,1,309.12
f59ede2da7d659b1ead8da6a44181e25,f9865112b59ae9e3c6c5a6a55f6c313a,delivered,2017-04-07 10:11:16,2017-04-07 10:24:09,2017-04-13 13:23:13,2017-04-19 14:27:45,2017-05-03,18.95,14.52,1,1,33.47,1,1,5.0,1.0,3a65f474095c204f29f063b60d5b1ced,38750,presidente olegario,MG,12.178113425925925,25.57550925925926,0,33.47
f93d4438f5a4fcb8c83d71dc594437f9,e9285513ca554becdce6eb1b34963643,delivered,2017-04-07 10:12:48,2017-04-07 10:24:09,2017-04-10 14:08:09,2017-04-19 15:17:12,2017-05-16,29.98,32.1,2,1,62.08,6,1,5.0,1.0,a00a13ac36037d575bb016caf8f50d53,29072,vitoria,ES,12.211388888888889,38.574444444444445,0,62.08
afe460f14b2dae859aa56fdaf0753797,e827f64380c24c83011b755d47c5ca99,delivered,2017-04-07 10:14:01,2017-04-07 10:25:21,2017-04-10 16:30:13,2017-04-13 17:20:06,2017-05-03,62.0,14.6,1,1,76.6,1,1,5.0,1.0,d216b3b35166965b3e124680fa9c1321,38200,frutal,MG,6.295891203703704,25.573599537037037,0,76.6
34d3746ff00ec19dffcf5a7f6761a1eb,0e481f23c930890042610bab117fe8af,delivered,2017-04-07 11:05:48,2017-04-07 11:15:17,2017-04-07 15:45:15,2017-04-24 07:22:38,2017-04-28,12.9,10.96,1,1,23.86,2,1,5.0,1.0,494797a23d7e8768675ab24234fd3095,5686,sao paulo,SP,16.845023148148147,20.53763888888889,0,23.86
50430e1769dcc2c6d4a7db028ed50a81,e54a73f1dbf67381532d18a017272110,delivered,2017-04-07 11:23:42,2017-04-07 11:35:20,2017-04-11 12:15:42,2017-04-20 14:48:56,2017-05-22,14.9,20.8,1,1,35.7,1,2,3.0,1.0,8d077ba3ae7f203c536f3b3c76e98bd6,78740,rondonopolis,MT,13.142523148148149,44.52520833333333,0,35.7
901726cc51af45cdf902b4791c57d310,5d39a27662556eb01f5601ea0c7398af,delivered,2017-04-07 11:32:15,2017-04-07 11:50:14,2017-04-12 13:32:57,2017-04-19 15:53:46,2017-05-05,34.99,14.52,1,1,49.51,4,1,5.0,1.0,8be313230de40c7e4c9af757061c8719,38412,uberlandia,MG,12.181608796296297,27.519270833333334,0,49.510000000000005
d041111c5d8c66db0816ad51870d58c4,2a5450bb1196a27cbe8b9a94adcd82e1,delivered,2017-04-07 11:50:59,2017-04-07 13:05:26,2017-04-10 10:30:28,2017-04-18 15:59:03,2017-05-03,21.9,14.52,1,1,36.42,1,1,5.0,1.0,0c4849ec22b169a6ed1b74d50dabbe0a,39205,tres marias,MG,11.172268518518518,25.506261574074074,0,36.42
bbcee2bda0886af84f8dd8f19870063e,8e92ae50666d4e5e87ca29cf4c6d54e4,delivered,2017-04-07 11:53:04,2017-04-07 13:05:23,2017-04-07 13:33:01,2017-04-17 13:34:10,2017-05-03,359.98,67.08,2,1,427.06,1,1,5.0,1.0,f14f1332082d63a6e81a5ee05ef47273,73252,brasilia,DF,10.070208333333333,25.504814814814814,0,427.06
0d0aa4989e49d1acbc9d973bf923b77c,960b33a48965dbe311329af76f4aa70f,delivered,2017-04-07 11:55:40,2017-04-07 13:05:25,2017-04-07 13:59:13,2017-04-19 12:47:10,2017-05-05,59.99,16.12,1,1,76.11,1,1,5.0,1.0,ecc930730890330ced95c4fc78d4a91c,74533,goiania,GO,12.035763888888889,27.503009259259258,0,76.11
c14c27dae959a79ff573cbdbc7af1b09,057002cb334d6b23e9826abaee81f691,delivered,2017-04-07 11:56:57,2017-04-07 13:05:40,2017-04-07 15:09:56,2017-04-11 16:12:24,2017-04-28,49.9,10.96,1,1,60.86,1,1,5.0,1.0,74072b8c3b18efb7d7ad672f4691a24b,6765,taboao da serra,SP,4.177395833333334,20.502118055555556,0,60.86
5260625f881ed6e315cd3eb3f4bc2d42,7296759d3f62aaa038c223494740137c,delivered,2017-04-07 12:03:36,2017-04-07 13:06:05,2017-04-13 12:33:05,2017-04-19 06:34:27,2017-05-19,149.8,26.2,2,1,176.0,10,1,5.0,1.0,194be31520cde5c527bad17720119e85,18150,ibiuna,SP,11.77142361111111,41.4975,0,176.0
f33c74a1f0e8455e000cb264ce877e84,757e51fbcd39ef2a9315f39f4459e30b,delivered,2017-04-07 12:07:32,2017-04-08 02:43:45,2017-04-11 07:41:32,2017-04-17 13:05:09,2017-05-09,8.99,17.78,1,1,26.77,1,1,5.0,1.0,c05bb351f2f72176d79b8d6285994900,45822,eunapolis,BA,10.040011574074073,31.49476851851852,0,26.770000000000003
33450649f41ed254714b462ecdb050cd,068152a5d93881c84dc1edad287461de,delivered,2017-04-07 12:19:51,2017-04-07 13:06:32,2017-04-07 13:11:12,2017-04-11 05:42:39,2017-05-03,419.9,23.02,1,1,442.92,1,1,5.0,1.0,4c77f5ce7d9d561acbb5f33127cbd599,15950,santa adelia,SP,3.7241666666666666,25.486215277777777,0,442.91999999999996
71cc2cdf7b8296fbb5cd904caf83b4ec,3087f54a53a66482c2114409ef2eab01,delivered,2017-04-07 12:45:28,2017-04-08 02:10:19,2017-04-10 09:12:11,2017-04-17 16:56:07,2017-04-28,37.0,10.96,1,1,47.96,2,1,2.0,1.0,a0e39e460fe1aa52eb9affe3b7b4ff9f,13187,hortolandia,SP,10.1740625,20.468425925925924,0,47.96
861e8aba5f5eb922e650b5b186beb7a4,c1a9560dea03ac1635ca71908c7da659,delivered,2017-04-07 13:01:34,2017-04-07 13:11:11,2017-04-25 07:57:58,2017-05-02 13:45:21,2017-04-28,849.99,54.6,1,1,904.59,12,1,3.0,1.0,96fa3370602b1999508a71f7aa230747,11750,peruibe,SP,25.03040509259259,20.45724537037037,1,904.59
16c9dc0ba34547f2eb228bcb2971815f,b73be6f00df5391f3b315935ec0341ef,delivered,2017-04-07 13:22:40,2017-04-07 13:35:11,2017-04-10 09:10:38,2017-04-18 14:54:36,2017-05-03,279.9,16.13,1,1,296.03000000000003,1,1,5.0,1.0,c4b36529306c541de778d6b5a3a7b298,12294,cacapava,SP,11.063842592592593,25.442592592592593,0,296.03
3053d9278ac444ba8fa2ab0d7a4f6547,7b237a8cd6277accaae6679f485ff3db,delivered,2017-04-07 13:27:27,2017-04-07 14:02:51,2017-04-13 16:25:23,2017-04-27 14:19:08,2017-05-12,59.9,19.01,1,1,78.91,1,1,4.0,1.0,a2b7cc06bc8ec4c9fda046dc4e344201,91520,porto alegre,RS,20.035891203703702,34.43927083333333,0,78.91
94853d2e9f30e859446eaadc4d6bcbe2,df2d5ce0cccedc3f1794852cc8d2b452,delivered,2017-04-07 13:33:24,2017-04-11 03:41:59,2017-04-17 13:54:36,2017-04-26 14:57:12,2017-05-12,830.51,27.28,1,1,857.79,1,1,4.0,1.0,acd09dc03842cb2b363263b562bad5fb,1418,sao paulo,SP,19.058194444444446,34.435138888888886,0,857.79
5762165bd52d70f5a54d4cfe067fe5fd,48c53e32f6c0534b869152393f374a2b,delivered,2017-04-07 13:34:22,2017-04-08 02:43:34,2017-04-13 14:14:41,2017-04-27 15:43:33,2017-06-07,37.9,50.0,2,1,87.9,1,1,5.0,1.0,9af588da106c929a4c0aa0578ec90d80,13971,itapira,SP,20.08971064814815,60.43446759259259,0,87.9
6dc6e99a01bde217886fd6fba71f91c8,569de3aecdacc79742e292a16a8aeeab,delivered,2017-04-07 13:39:55,2017-04-08 06:35:16,2017-04-10 14:43:17,2017-05-02 16:10:13,2017-05-11,180.0,42.16,2,1,222.16,1,1,5.0,1.0,fbeec9ef2077a5ecf8dd67b81e6d042f,45607,itabuna,BA,25.104375,33.43061342592593,0,222.16
3f61fdc385ace6c39912703194992ad7,9760003b855b1ab798274c3575f5995e,delivered,2017-04-07 13:46:41,2017-04-08 02:45:32,2017-04-10 13:45:52,2017-04-12 13:25:53,2017-04-28,159.99,9.49,1,1,169.48,1,1,5.0,1.0,cff1a4206afe88fe18266e2a02973289,5547,sao paulo,SP,4.985555555555556,20.42591435185185,0,169.48000000000002
59de7be8730dc1a20caadff4c7686027,dee56a25bd696b423bc0fa9bc1d1a8f8,delivered,2017-04-07 13:50:54,2017-04-07 14:05:16,2017-04-07 14:54:22,2017-04-18 11:38:06,2017-05-10,65.0,17.88,1,1,82.88,1,1,5.0,1.0,4e6796ce9e6321fce87648e8bbdd520b,29950,jaguare,ES,10.907777777777778,32.42298611111111,0,82.88
2711c0821d7f2330805ca09cad0952e3,558499c2027ec01d530fb975ce2e5b2f,delivered,2017-04-07 14:21:11,2017-04-07 14:35:15,2017-04-07 15:27:50,2017-04-12 14:42:10,2017-05-08,17.9,10.96,1,1,28.86,2,1,5.0,1.0,f9450933d6ac3c10355fced7d686b473,13214,jundiai,SP,5.014571759259259,30.40195601851852,0,28.86
72c09995a21bfea86a328603ed823682,646be67994fdcc76cfd011527915591f,delivered,2017-04-07 14:44:28,2017-04-07 15:02:35,2017-04-11 07:52:17,2017-04-18 16:53:55,2017-05-04,254.8,16.89,1,1,271.69,3,1,5.0,1.0,0b372af6df91b03396b6c12f18a87b07,14820,americo brasiliense,SP,11.089895833333333,26.385787037037037,0,271.69
c1424efcde3c9e9febd9e1761667789e,8a80133b8ace6b21415367a131a75a26,delivered,2017-04-07 14:51:01,2017-04-08 02:45:36,2017-04-11 13:15:21,2017-04-17 19:06:00,2017-05-08,29.0,14.52,1,1,43.52,1,1,5.0,1.0,cf5e6a37d7ffef60af859e8025b3112d,35430,ponte nova,MG,10.17707175925926,30.381238425925925,0,43.519999999999996
8b425b3c35924fe439efd18791c0596f,d1e1bf25434c9bbc86c1f84f4b40ebb8,delivered,2017-04-07 15:02:50,2017-04-07 15:15:21,2017-04-10 10:25:03,2017-04-12 17:44:21,2017-04-28,65.9,11.85,1,1,77.75,7,1,5.0,1.0,df6746fd3264e62757e10939c41803b1,13213,jundiai,SP,5.112164351851852,20.373032407407408,0,77.75
99f0135f704042736be706684c4aaac3,452cb05b9c1a46b6cc490b03122044af,delivered,2017-04-07 15:09:26,2017-04-08 02:45:42,2017-04-11 10:07:09,2017-04-12 15:43:57,2017-04-28,220.0,22.76,2,1,242.76,1,1,5.0,1.0,05f20ede6bed5ad392953e8b43583336,6386,carapicuiba,SP,5.023969907407407,20.368449074074075,0,242.76
de440e762de44c5b427633b249d7ea9f,9ce0d1bd0ed2d1cdf43e8bdcbb8de7d1,delivered,2017-04-07 15:12:04,2017-04-07 15:23:07,2017-04-10 11:15:05,2017-04-20 13:13:13,2017-05-03,115.0,14.98,1,1,129.98,2,1,5.0,1.0,77d9d122be8a6bba3c65ed3efac50b6e,14403,franca,SP,12.917465277777778,25.36662037037037,0,129.98
a0fdcd775c7cf9f4bfa70207f7d6e239,67e270a20e32380799290f749b950b00,delivered,2017-04-07 15:18:30,2017-04-07 15:30:19,2017-04-13 12:26:54,2017-05-19 16:13:47,2017-05-17,45.0,26.61,1,1,71.61,1,1,,,e2a591bbf69802b67f67052b93a0f8b1,65071,sao luis,MA,42.0383912037037,39.36215277777778,1,71.61
dc7566bfe3895fb2cdd629c28afede86,51eb7663bd61a5973720f98b62097595,delivered,2017-04-07 15:21:10,2017-04-08 02:43:31,2017-04-11 11:35:14,2017-04-17 18:18:14,2017-05-08,99.0,14.86,1,1,113.86,1,1,5.0,1.0,b8801b6ed138b39783c0648df02fb94d,81220,curitiba,PR,10.122962962962964,30.360300925925927,0,113.86
2217b5983c4fe87f26639368401a2f6c,1d00d4257cd4d0b396bcc38d629a45c3,delivered,2017-04-07 15:22:10,2017-04-08 16:35:26,2017-04-10 14:43:18,2017-04-20 16:21:15,2017-05-03,89.0,17.36,1,1,106.36,1,1,5.0,1.0,2fb55b25bc8be70f9c628fb6fa5155d6,15500,votuporanga,SP,13.041030092592592,25.35960648148148,0,106.36
09b010b4dba0b79a21a0505f234e44fb,18b8a289b963f319f9c59bb42cc44193,delivered,2017-04-07 15:47:19,2017-04-11 03:55:32,2017-04-11 09:21:25,2017-04-17 11:28:07,2017-05-17,219.0,16.74,1,1,235.74,1,1,5.0,1.0,c004624e104826546052d55f9357b0d1,2422,sao paulo,SP,9.82,39.342141203703704,0,235.74
674156fdc5d457a8a102110b27e89e07,1be6ae39f964ccce9e37a8c7f01dad8c,delivered,2017-04-07 15:49:49,2017-04-07 16:02:52,2017-04-10 09:01:23,2017-04-18 08:35:30,2017-05-02,23.9,10.96,1,1,34.86,3,1,5.0,1.0,1ded33854a42ea16167f3adfbb7ed068,13184,hortolandia,SP,10.698391203703704,24.340405092592594,0,34.86
8f93ae788ef7f38de13973c559e55ffc,0a24a365e81dddf7b29f787249fa31dd,delivered,2017-04-07 16:43:31,2017-04-08 02:43:15,2017-04-10 10:17:40,2017-04-11 11:42:49,2017-04-28,99.0,12.08,1,1,111.08,1,1,4.0,1.0,9fd8f5f94f581b8cec25040424b15b30,36880,muriae,MG,3.7911805555555556,20.303113425925925,0,111.08
547bbd260d2956c4b7eac06beac85ba4,a049689e9d5cc5519e3bb91f63ea9750,delivered,2017-04-07 16:44:11,2017-04-07 16:55:12,2017-04-11 09:37:49,2017-04-18 15:49:19,2017-05-02,18.9,10.96,1,1,29.86,1,1,4.0,1.0,39d16e1ef9c58bb82e54cf87906c185d,15130,mirassol,SP,10.961898148148148,24.302650462962962,0,29.86
0fd8a0c97993a139d5277f2023f93649,f61e7939179462586e5e913a45dadaf5,delivered,2017-04-07 16:50:16,2017-04-07 17:03:18,2017-04-10 10:22:40,2017-04-28 06:17:52,2017-05-03,99.9,14.87,1,1,114.77,2,1,5.0,1.0,393220706dc46336f9d2e1ee5f6ca626,88210,porto belo,SC,20.560833333333335,25.298425925925926,0,114.77000000000001
73d609151d68d82b9e930d9e14458b61,d5842d939b29486593a603af0718d347,delivered,2017-04-07 16:55:46,2017-04-07 17:05:20,2017-04-10 16:34:59,2017-04-19 16:45:54,2017-05-15,199.99,30.33,1,1,230.32,6,1,5.0,1.0,2099df74d91e10c00c34ad14edda6bd0,67105,ananindeua,PA,11.993148148148148,37.29460648148148,0,230.32
78886227da2df65c57f57d2fec577bce,2aec4fc22605a14aa0d8faf81aa795c8,delivered,2017-04-07 17:05:52,2017-04-07 17:15:13,2017-04-10 10:22:41,2017-04-12 09:27:32,2017-04-28,99.9,11.31,1,1,111.21,2,1,5.0,1.0,46d6bf6ba908681765fa4714590017c8,4116,sao paulo,SP,4.681712962962963,20.287592592592592,0,111.21000000000001
98482a10ce38755ad5283e8d99ebfefa,26dc82762cb8a69033c25900cdb37295,delivered,2017-04-07 17:24:30,2017-04-07 17:35:14,2017-04-11 12:06:43,2017-05-02 16:30:43,2017-05-11,129.9,22.84,1,1,152.74,2,1,5.0,1.0,f836eb0cd308c629611bc83ba1b5b48e,78260,araputanga,MT,24.962650462962962,33.274652777777774,0,152.74
3f6628878fb03f1d5fef1958971d1680,77768b56d04254a39d08736b43642c93,delivered,2017-04-07 17:32:24,2017-04-07 17:45:21,2017-04-11 10:15:16,2017-05-10 12:20:08,2017-05-15,43.0,26.61,1,1,69.61,1,1,5.0,1.0,bc9ca6cf4a0aedc4eade3ae32f498e52,65091,sao luis,MA,32.78314814814815,37.26916666666666,0,69.61
90dd995b31d5fdf734e55fab036c4690,832d1e7af4f01f2f3d9573ca629db080,delivered,2017-04-07 17:45:54,2017-04-07 18:02:28,2017-04-12 11:55:55,2017-04-27 12:49:09,2017-05-09,119.9,16.05,1,1,135.95,3,1,4.0,1.0,1f4928c782d36f9d8a1be46989b2014c,35701,sete lagoas,MG,19.79392361111111,31.25979166666667,0,135.95000000000002
c14317bde925bb399cb2a3cf8b07854b,82ed6b4e284f86a7dd79ac7fdc786fb6,delivered,2017-04-07 18:02:10,2017-04-07 18:10:22,2017-04-13 12:16:42,2017-04-18 13:28:35,2017-05-08,53.9,11.77,1,1,65.67,1,1,5.0,1.0,cadd879f0bbeaca56a101b459a8b92a3,88215,bombinhas,SC,10.810011574074075,30.24849537037037,0,65.67
0b1652557b7b9bf7c885236e4798dd91,d12b97844cdb418736b09a98bd775fc3,delivered,2017-04-07 18:08:31,2017-04-07 18:22:52,2017-04-11 06:08:13,2017-04-19 14:21:48,2017-06-07,119.8,34.32,2,1,154.12,7,1,4.0,1.0,ce3074d73cb3828e407c462309b0ff7f,13203,jundiai,SP,11.84255787037037,60.24408564814815,0,154.12
eccef5ddc0904de000c633f3d1e36217,c72b7cde8f07ab4cfa525cc02e55f73f,delivered,2017-04-07 18:12:59,2017-04-07 18:22:51,2017-04-25 16:54:17,2017-05-11 16:17:40,2017-05-09,89.0,18.05,1,1,107.05,1,1,5.0,1.0,67462d12bd0e88bf680a22d94f7edaeb,74280,goiania,GO,33.91991898148148,31.240983796296295,1,107.05
80c4a8fcf4e47aff10048cb8bdd0bee5,9fc1053dea33f83500092870a9db0900,delivered,2017-04-07 18:23:21,2017-04-07 18:35:15,2017-04-19 14:54:11,2017-05-11 15:00:22,2017-05-08,279.9,17.66,1,1,297.56,3,1,1.0,1.0,0cebf50fb2514aee074ba5b33840dbed,28915,cabo frio,RJ,33.859039351851855,30.23378472222222,1,297.56
3817a2f8b9b02eda56309cd9960453c2,37c94bc93406e224d829c62d66d25398,delivered,2017-04-07 18:39:24,2017-04-07 18:50:17,2017-04-10 10:46:59,2017-04-13 23:39:01,2017-05-03,84.5,15.8,1,1,100.3,2,1,5.0,1.0,0489eb155166019d60e13ca2b0f76895,23092,rio de janeiro,RJ,6.2080671296296295,25.222638888888888,0,100.3
a7144d3b7979d21c288cab0a459f7bf0,6250c0be552393dae4324dff902a56a0,delivered,2017-04-07 18:41:20,2017-04-07 18:50:17,2017-04-12 08:05:25,2017-04-19 12:53:40,2017-05-08,399.9,17.91,1,1,417.81,5,1,5.0,1.0,442218fb56227a4e1dd5e844ce9ff728,15040,sao jose do rio preto,SP,11.758564814814815,30.221296296296295,0,417.81
7af96e4998e17a87ca43a79b93e112c9,1c00c415c262d2dc99886b3b272bbd4f,delivered,2017-04-07 19:18:25,2017-04-07 19:30:14,2017-04-10 11:19:32,2017-04-20 12:45:43,2017-05-15,62.8,24.93,1,1,87.73,1,2,5.0,1.0,66b6a4cf3097402c20573dd906846461,66040,belem,PA,12.727291666666666,37.19554398148148,0,87.72999999999999
664ccdc7ecf83eace639850f9f6d6d6a,d65ebc2c999988c9cc3064c01b4fb4de,delivered,2017-04-07 19:21:43,2017-04-07 19:35:10,2017-04-10 12:42:00,2017-04-12 16:47:42,2017-04-28,799.0,16.2,1,1,815.2,10,2,5.0,1.0,bb936db39a692500aaff421305d41593,3502,sao paulo,SP,4.8930439814814815,20.193252314814814,0,815.2
f556aa150eb96f399701cc908b91bb7f,b0b4ce3ece3e118c4125c0f8ddf82b85,delivered,2017-04-07 19:24:58,2017-04-07 19:35:11,2017-04-11 08:57:53,2017-04-28 13:37:52,2017-05-15,179.99,38.22,1,1,218.21,3,1,4.0,1.0,db21f19e7157432871c52a49084bc3e8,68746,castanhal,PA,20.758958333333332,37.19099537037037,0,218.21
4b186efcda6f283e9c4a71332f6d3ad0,cb58cd7d199d31c8320261119c8eca20,delivered,2017-04-07 19:27:31,2017-04-07 19:43:04,2017-04-08 08:44:39,2017-04-18 13:46:56,2017-05-03,42.99,14.52,1,1,57.51,1,1,3.0,1.0,8247de12f35a00cf569c5b6a00a746ec,80020,curitiba,PR,10.763483796296295,25.18922453703704,0,57.510000000000005
36f03c686bcee7c593f6227fb80b7109,f6e8c30f4b6a4708456c8a47279a22cd,delivered,2017-04-07 19:33:15,2017-04-07 19:45:11,2017-04-25 16:35:08,2017-05-12 12:13:00,2017-05-09,89.0,18.05,1,1,107.05,3,1,1.0,1.0,0545ab6349de18e6a015b68c6eb2a377,46190,paramirim,BA,34.694270833333334,31.185243055555556,1,107.05
191c451ac0475419ae3c6e7dd134545d,595db1a58f8b33d7c1358fc3d894c1a4,delivered,2017-04-07 19:48:37,2017-04-07 20:03:09,2017-04-12 06:52:48,2017-04-19 15:58:05,2017-05-03,99.9,15.91,1,1,115.81,1,1,4.0,1.0,c75c9d7b64971896c6c147a4829bc31c,24936,marica,RJ,11.839907407407408,25.17457175925926,0,115.81
88a63f5cd80c851070a20452bd83d4d7,511bbe422e11b19a7ff49a1790705935,delivered,2017-04-07 20:13:18,2017-04-07 20:23:19,2017-04-12 06:52:18,2017-04-28 16:23:53,2017-05-05,65.9,17.3,1,1,83.2,5,1,5.0,1.0,39b9b744242384edd2e84005788222c1,72650,brasilia,DF,20.84068287037037,27.157430555555557,0,83.2
41ce37ddfe9f8781e7ac936e4e7c6100,1f612df0d03085cac4b2ce8121d8dfd3,delivered,2017-04-07 20:18:18,2017-04-11 03:42:18,2017-04-12 15:45:29,2017-04-20 10:48:43,2017-05-17,83.8,32.1,2,1,115.9,1,1,1.0,1.0,c63c0b1ccd9e3a6c8ddd1a52c4ede43d,12995,pinhalzinho,SP,12.604456018518519,39.153958333333335,0,115.9
b3224f0819fcb5e1c0f91961c4100aa7,b2822eda717522788ab9dde55140fd8b,delivered,2017-04-07 20:21:25,2017-04-08 02:10:20,2017-04-10 12:24:03,2017-04-13 15:08:03,2017-05-08,69.36,13.07,1,1,82.43,5,1,4.0,1.0,5341fda1b36716b4461eda71b6c32483,18185,pilar do sul,SP,5.782384259259259,30.151793981481482,0,82.43
de6849867dd230818cd854b69f5b21f7,4016bcd0cf90a7a3344a571cd6a4dccf,delivered,2017-04-07 20:27:57,2017-04-07 20:42:34,2017-04-08 08:44:34,2017-05-09 14:56:59,2017-05-15,179.99,30.19,1,1,210.18,4,1,4.0,1.0,4725b6ad059bb1a8bffc3de7dba595eb,62375,carnaubal,CE,31.770162037037036,37.14725694444444,0,210.18
d03a6c1b511d2fe0d229509bbfd51e6f,aa3e2a644a8a636be70d257d3d219555,delivered,2017-04-07 20:32:43,2017-04-07 20:45:12,2017-04-10 13:51:21,2017-04-17 08:13:07,2017-05-03,99.9,15.91,1,1,115.81,2,1,4.0,1.0,477865d456d01a59ba73500ef1e82e4a,4152,sao paulo,SP,9.48638888888889,25.143946759259258,0,115.81
f0be1993631581ceeabd41065a115dda,b6478ed646420d2549f0abea9deefebc,delivered,2017-04-07 21:03:27,2017-04-07 21:15:13,2017-04-11 10:51:53,2017-04-19 15:28:10,2017-05-15,99.99,21.15,1,1,121.14,1,1,5.0,1.0,b7d32c0a46719b625557792204467231,42700,lauro de freitas,BA,11.767164351851852,37.12260416666667,0,121.13999999999999
5f90a6d7c0262682ff8a77f40e668e1a,4869c2c49b393e96bac32c0f844d9cd5,delivered,2017-04-07 21:10:19,2017-04-07 21:25:07,2017-04-13 11:44:14,2017-04-22 14:42:46,2017-05-03,18.99,14.52,1,1,33.51,1,1,5.0,1.0,b3f022d93fd7d29a984acb2470b83791,32340,contagem,MG,14.730868055555556,25.117835648148148,0,33.51
cde556d2719b7e857f50e3f235f0460a,0eed3ff172c60ed10c2c4eb3a08e29c4,delivered,2017-04-07 21:11:02,2017-04-07 21:25:13,2017-04-10 15:56:25,2017-04-27 06:06:42,2017-05-16,89.9,25.12,1,1,115.02,3,1,5.0,1.0,d18e5db8ac1d75ef705db46fac25e546,76897,jaru,RO,19.371990740740742,38.117337962962964,0,115.02000000000001
c2792ecd230f2d8f50741f6b37649fb1,6882c809bf72dedcfb767969eaf59ba6,delivered,2017-04-07 21:39:30,2017-04-11 04:02:06,2017-04-12 10:57:35,2017-04-18 13:04:51,2017-05-02,89.0,8.99,1,1,97.99,1,1,4.0,1.0,131b8a51429529f4e57e8faa1b87ff4f,3659,sao paulo,SP,10.642604166666667,24.097569444444446,0,97.99
f0fa751754bd0d673e3eb5563ccc9d41,3cbaff1f3ace2b01fcd056100953ff6f,delivered,2017-04-07 21:39:30,2017-04-11 04:02:07,2017-04-12 10:33:25,2017-04-18 13:14:04,2017-04-28,35.0,8.72,1,1,43.72,1,1,4.0,1.0,131b8a51429529f4e57e8faa1b87ff4f,3659,sao paulo,SP,10.64900462962963,20.097569444444446,0,43.72
57e4fc8f20507381b3f7abbe4e2ccda3,ec61f0440cb312cd2c721ed69615f73e,delivered,2017-04-07 21:41:38,2017-04-07 21:50:20,2017-04-10 19:36:01,2017-04-18 17:20:19,2017-05-10,199.99,15.57,1,1,215.56,2,1,5.0,1.0,baa7ef22b7e752ead13c75802568a44d,35680,itauna,MG,10.818530092592592,32.09608796296296,0,215.56
19a63dfb4e82d6891be7e35541f92a2b,d4fcb254f2c6ebf50c17180b99d046af,delivered,2017-04-07 22:07:35,2017-04-11 03:42:19,2017-04-11 15:48:20,2017-05-08 12:08:14,2017-05-11,525.0,58.3,1,1,583.3,1,1,5.0,1.0,a12b84183bdfdda2ebc41ba135c99caf,57265,teotonio vilela,AL,30.583784722222223,33.07806712962963,0,583.3
5cf5cdef34e1a2488666267e4eda1792,1d0696acbcc828834294b845e3f397b3,delivered,2017-04-07 22:14:58,2017-04-07 22:30:15,2017-04-10 13:29:31,2017-04-18 13:39:56,2017-05-03,142.9,17.74,1,1,160.64,10,1,5.0,1.0,7d2c83859f25ef23950e05c5985ef5f4,33925,ribeirao das neves,MG,10.642337962962962,25.072939814814816,0,160.64000000000001
69b1741699a9270162ff84bea75ceb04,983ae657212d91e757e6413c83d2c3ae,delivered,2017-04-07 23:16:09,2017-04-07 23:30:16,2017-04-10 10:47:18,2017-04-17 11:29:59,2017-05-03,1609.9,47.67,1,1,1657.57,10,1,5.0,1.0,9fca9eeea062d51882419081f80ba5e2,8543,ferraz de vasconcelos,SP,9.509606481481482,25.03045138888889,0,1657.5700000000002
99a2615edee73927284d4b8b81f7f14a,5fc94afe3011b978b89cc74c0a3fd96c,delivered,2017-04-07 23:21:05,2017-04-07 23:35:10,2017-04-10 09:47:38,2017-04-12 09:56:11,2017-05-03,49.0,14.11,1,1,63.11,1,1,5.0,1.0,2ba1a2112bd77282cdabc322c353ff1d,80240,curitiba,PR,4.441041666666667,25.027025462962964,0,63.11
33027744c5ca91afba6fe8b75bbfb6a1,3dff2d23e8303f61319ac5c3f7727567,delivered,2017-04-07 23:34:24,2017-04-07 23:45:10,2017-04-12 11:52:36,2017-04-19 13:18:49,2017-04-28,34.9,10.96,1,1,45.86,3,1,3.0,1.0,4757b4d81eaab4d270e585126410dc5c,35588,arcos,MG,11.572511574074074,20.017777777777777,0,45.86
20082947b2fb23b28d05f616b985cdab,b6586e469c2acf2e6efe1083142c6282,delivered,2017-04-08 00:04:45,2017-04-08 01:01:21,2017-04-11 16:07:17,2017-04-18 13:54:52,2017-05-02,220.0,31.76,2,1,251.76,1,1,5.0,1.0,02552fea6f4fa9a5c61bf9d22408ae73,38400,uberlandia,MG,10.576469907407407,23.996701388888887,0,251.76
4d615e558a28fc608949a029ab18cc87,4096a1334bdc2b6d0f2c22228c1b47ed,delivered,2017-04-08 01:04:51,2017-04-08 01:15:12,2017-04-11 14:06:43,2017-04-19 19:28:22,2017-05-11,119.9,20.92,1,1,140.82,4,1,5.0,1.0,b39dde6dd619943190a8cc9aa6db38a4,9751,sao bernardo do campo,SP,11.76633101851852,32.95496527777778,0,140.82
5e9d20f05b27d15f099382c8d812e136,f51a083e0f7c856683e0b684ebf92ed7,delivered,2017-04-08 01:33:53,2017-04-11 03:55:35,2017-04-12 15:45:30,2017-04-18 16:55:11,2017-05-12,41.9,10.96,1,1,52.86,1,1,4.0,1.0,97d8a673c45444ba819d844ed563d537,97501,uruguaiana,RS,10.639791666666667,33.93480324074074,0,52.86
1a0977847a5ddeebdf419ddd4a94402c,ae630adbbd01f043a5460ef9910931e7,delivered,2017-04-08 05:48:47,2017-04-09 06:05:05,2017-04-11 06:28:00,2017-04-20 14:55:57,2017-05-22,17.9,16.05,1,1,33.95,1,1,4.0,1.0,25a560b9a6006157838aab1bdbd68624,91510,porto alegre,RS,12.379976851851852,43.757789351851855,0,33.95
6d80b0865b3140d16b2ddca281931566,1bcb8bb3f3503ef8b155d64e2e9ded0c,delivered,2017-04-08 05:57:27,2017-04-09 06:02:14,2017-04-11 06:28:00,2017-04-20 13:27:23,2017-05-22,17.9,16.05,1,1,33.95,1,1,4.0,1.0,25a560b9a6006157838aab1bdbd68624,91510,porto alegre,RS,12.312453703703703,43.75177083333333,0,33.95
bd1e185a530c014794c02ee3d2d61a68,f0d56cf2f87cd186e3c1931a6b4189c4,delivered,2017-04-08 08:46:10,2017-04-08 09:02:20,2017-04-12 16:24:59,2017-04-18 08:47:38,2017-05-02,59.99,11.03,1,1,71.02,1,1,5.0,1.0,483b26e1bf0f4797e5512d8849d90835,8579,itaquaquecetuba,SP,10.001018518518519,23.63460648148148,0,71.02
cc5f59166954a429c36ff20587189709,fb74b7ef4e399a62e618da53d1bdc6a1,delivered,2017-04-08 09:16:02,2017-04-08 09:30:15,2017-04-10 15:19:58,2017-05-02 16:01:11,2017-05-16,431.1,82.04,2,1,513.14,8,1,5.0,1.0,2ecf41dba06a6e4d0130d73392ac19e9,46100,brumado,BA,24.281354166666667,37.61386574074074,0,513.14
1006246e3feed80b0a2f83d8364240f7,27ef94da5dd900952d450780482a9df5,delivered,2017-04-08 11:46:53,2017-04-08 12:32:54,2017-04-11 16:33:20,2017-04-18 08:22:52,2017-05-17,120.0,17.27,1,1,137.27,6,1,3.0,1.0,77ca60b87d7acef4fdf123858668dfed,8440,sao paulo,SP,9.85832175925926,38.509108796296296,0,137.27
16f391bc8fc37407de41720cd92f6266,ac5baec50a0a561a000ed259814803cb,delivered,2017-04-08 11:57:18,2017-04-08 13:05:15,2017-04-25 11:47:32,2017-05-03 12:11:15,2017-05-04,292.9,16.22,1,1,309.12,1,2,5.0,1.0,08166f338dfe33955d8de821ad099e5a,14200,sao simao,SP,25.0096875,25.501875,0,309.12
db398b78388fa1c67b3a505ea123c001,841f5c3ca18bbcb7e757633e3d6fcbcd,delivered,2017-04-08 12:15:31,2017-04-08 13:05:38,2017-04-10 12:41:56,2017-04-13 13:34:41,2017-05-02,194.9,11.97,1,1,206.87,2,2,5.0,1.0,6b0a53ef940f5507063ab1a95ccf3bda,18271,tatui,SP,5.054976851851852,23.489224537037035,0,206.87
58aebe1d668d109ff150b32efbffa817,be0ac06e46d02ddfeff63176906c0496,delivered,2017-04-08 12:28:09,2017-04-08 13:05:55,2017-04-13 08:19:40,2017-04-20 09:14:53,2017-05-16,12.9,10.96,1,1,23.86,2,1,1.0,1.0,8bba1b09932dbba6f05e405be34ec7f1,5616,sao paulo,SP,11.865787037037038,37.48045138888889,0,23.86
87545237ca3b1b733979d51fe73f8705,2c0509f68bb1ee9b27cb1786a9512d85,delivered,2017-04-08 12:38:02,2017-04-11 04:05:27,2017-04-11 12:25:13,2017-04-18 14:28:14,2017-05-04,79.9,20.64,1,1,100.54,1,1,5.0,1.0,b2a078cc9dd250ebef40f4e3d4e1d19e,24342,niteroi,RJ,10.076527777777779,25.473587962962963,0,100.54
f9701d96c7a213fc325f378bf83d3afb,2de94399dc30a8820e583410b32a9552,delivered,2017-04-08 12:53:00,2017-04-08 13:10:25,2017-04-11 14:28:42,2017-04-17 09:10:11,2017-05-04,18.0,14.52,1,1,32.52,3,1,5.0,1.0,d13888c9f9abaf080922c873924b46b4,99010,passo fundo,RS,8.845266203703703,25.463194444444444,0,32.519999999999996
d45eb8b423190d51b78089dfaccc95a2,c43869269cc00035fa78becf648d99a3,delivered,2017-04-08 12:54:43,2017-04-09 13:03:52,2017-04-20 12:00:30,2017-05-15 11:38:11,2017-05-23,60.9,24.92,1,1,85.82,1,1,1.0,1.0,cf25418b609f848c101e0af85219a3eb,58900,cajazeiras,PB,36.946851851851854,44.46200231481482,0,85.82
4f8f1c7b53665748fb1e21364214cfd0,353f92c7a1c0fe33284da7e67ea62e04,delivered,2017-04-08 12:56:59,2017-04-08 13:10:39,2017-04-10 12:28:19,2017-04-19 23:24:21,2017-05-17,52.0,16.06,1,1,68.06,1,2,3.0,1.0,48fa6947050cc823ed1112a81acf8c69,92310,canoas,RS,11.435671296296297,38.46042824074074,0,68.06
34c194055d9ef88a32906284191174df,af86c43027ee9c1f73233d9d55783c00,delivered,2017-04-08 13:01:30,2017-04-08 14:05:10,2017-04-10 10:41:28,2017-04-12 10:26:31,2017-05-04,39.9,20.43,1,1,60.33,1,1,5.0,1.0,674b8bca7cdaac71777cd026ebb31c43,1311,sao paulo,SP,3.892372685185185,25.457291666666666,0,60.33
de3d710187e3883ad9eb7da0d8e4fd92,64b45f4e2004164987b97bb493b1ba37,delivered,2017-04-08 13:06:54,2017-04-08 13:22:22,2017-04-10 08:39:45,2017-04-13 16:53:51,2017-05-02,35.9,10.96,1,1,46.86,1,1,5.0,1.0,499133a2350e0dd751dd5e527bc77530,19912,ourinhos,SP,5.157604166666666,23.453541666666666,0,46.86
6e9b4255caf63ea821955da352e67498,c3a6f3ec348ee1b3107cdc316a3edf57,delivered,2017-04-08 14:07:26,2017-04-08 14:15:19,2017-04-11 09:06:11,2017-05-02 13:50:52,2017-05-16,26.9,24.84,1,1,51.74,1,2,3.0,1.0,d43e271af32e8f34d664909246ac4cc8,62200,nova russas,CE,23.98849537037037,37.41150462962963,0,51.739999999999995
e4bdc363e2eda01d30176e4467b12cb3,d1f34b0c6f453e386234387a1396ffc9,delivered,2017-04-08 14:18:12,2017-04-08 14:30:10,2017-04-11 09:13:38,2017-04-17 16:52:21,2017-05-15,144.0,52.88,2,1,196.88,10,1,2.0,1.0,809d6dfb4365b8dd803181325337e741,57025,maceio,AL,9.10704861111111,36.40402777777778,0,196.88
089b005e56c360e749ff7185aa4814af,8ed6117c357c24a9dec01793baf6a633,delivered,2017-04-08 14:43:24,2017-04-08 14:55:18,2017-04-11 07:09:22,2017-04-20 16:55:57,2017-05-04,105.0,19.01,1,1,124.01,4,1,5.0,1.0,f16a1c72ac2205b12c667fec104005d0,88390,barra velha,SC,12.09204861111111,25.38652777777778,0,124.01
a3cc993782ea3572fbd27048f12712ca,16abe2afce5b3fe3a0bbe99df52d214a,delivered,2017-04-08 14:55:07,2017-04-08 15:05:17,2017-04-10 15:52:43,2017-04-17 11:37:50,2017-05-15,194.8,32.760000000000005,2,1,227.56,10,1,4.0,1.0,f64cdb4a47bfde7bf1beb8a32e445f63,90010,porto alegre,RS,8.862997685185185,36.37839120370371,0,227.56
bd971317e81cfe24ddbdd9226751da33,66c8a452c03e793ab9eb44b12bdcb533,delivered,2017-04-08 15:27:25,2017-04-08 15:35:20,2017-04-10 14:44:22,2017-04-15 08:48:12,2017-05-05,463.0,13.85,1,1,476.85,9,1,5.0,1.0,b3ccffc2716943cbfae0557e97aa5c61,17512,marilia,SP,6.722766203703704,26.355960648148148,0,476.85
aab0a15c4d4fd11c8b5c5827d567f202,d2cc2064cc10dfe0fb9d2fc6ad12884d,delivered,2017-04-08 15:30:54,2017-04-08 15:42:18,2017-04-27 09:35:36,2017-05-13 09:37:37,2017-05-16,178.9,16.46,1,1,195.36,4,1,1.0,1.0,500026b4ec80a224a43a055fc1616406,87020,maringa,PR,34.75466435185185,37.353541666666665,0,195.36
6a8aa717f634f40359895df0cea70403,6c9f182259d8e2895974bbcf9c0e44dd,delivered,2017-04-08 16:08:56,2017-04-08 16:22:21,2017-04-10 13:43:41,2017-04-19 16:38:26,2017-05-12,20.0,20.4,1,1,40.4,4,1,4.0,1.0,e5a496ca44e566e4ca1208c6692d0d20,41740,salvador,BA,11.020486111111111,33.32712962962963,0,40.4
3a391869ded1afe6a2b03e4205aa9a2c,2b9ce46a222ca88284736ce346d405e7,delivered,2017-04-08 16:15:42,2017-04-08 16:30:11,2017-04-11 10:51:53,2017-04-17 09:40:12,2017-05-04,109.99,11.38,1,1,121.37,5,1,4.0,1.0,bc250888db9315de2e4d496c9021bd79,7181,guarulhos,SP,8.725347222222222,25.322430555555556,0,121.36999999999999
fdb6e644d463ad142d9ed03c9f6222a6,9ccf002a05faa1131c4ffb8b3cfc0b46,delivered,2017-04-08 16:23:45,2017-04-08 16:35:23,2017-04-11 15:44:15,2017-04-19 13:15:03,2017-05-02,59.9,11.81,1,1,71.71,3,1,5.0,1.0,cab46195bdcc56a6b42eef09eb1b64be,9750,sao bernardo do campo,SP,10.868958333333333,23.31684027777778,0,71.71
f3d1583d73bad757e13d4e25b24efb32,c4a111edfb69bcf3c00710ccfd23575c,delivered,2017-04-08 17:02:22,2017-04-08 17:10:18,2017-04-12 17:04:18,2017-05-16 12:33:46,2017-05-12,975.0,28.76,1,1,1003.76,8,1,1.0,1.0,c9c0c82af514e815fa47534f71113ebe,57311,arapiraca,AL,37.813472222222224,33.29002314814815,1,1003.76
7a11a4388ec8fa8d1f52220d47de5a58,40b998e8c24e6641b7476c461741ceca,delivered,2017-04-08 17:17:30,2017-04-08 17:30:18,2017-04-10 13:17:43,2017-04-12 07:27:36,2017-05-02,18.9,8.72,1,1,27.62,1,1,4.0,1.0,f62f0994e80e904a9f70e1a7fe8c0b60,1202,sao paulo,SP,3.5903472222222224,23.27951388888889,0,27.619999999999997
b410cd41ac56f6a246e23dc5158f12d9,419dcee16dfb4b82102d0f441fa3397c,delivered,2017-04-08 17:19:02,2017-04-08 17:30:21,2017-04-11 07:48:05,2017-04-18 13:43:54,2017-05-08,74.0,16.22,1,1,90.22,2,1,4.0,1.0,0a519a9a9077d42f8ac242825fc99a48,29047,vitoria,ES,9.850601851851852,29.278449074074075,0,90.22
7634d13a219590375d843d1680c21e70,dec5253a92372b0843e9c47d24766ea7,delivered,2017-04-08 17:24:31,2017-04-08 17:35:15,2017-04-12 16:25:00,2017-05-10 09:48:33,2017-05-12,59.99,20.87,1,1,80.86,1,1,4.0,1.0,51c8f7c28521a11bcba80729a0a3f570,44300,cachoeira,BA,31.683356481481482,33.2746412037037,0,80.86
f909a30204df41fa3c27e9490f536aa8,ab374b1de7b43e4c22708b9a10eeff06,delivered,2017-04-08 17:30:18,2017-04-08 17:42:14,2017-04-13 04:57:49,2017-04-18 11:19:58,2017-05-02,91.99,11.25,1,1,103.24,2,1,5.0,1.0,d2787659f877383116444577ad10a5d9,13495,iracemapolis,SP,9.742824074074074,23.270625,0,103.24
39fe0331a8d6ca0adba8a1436dc1e8e3,56d1b6246b3fafa142b06a6c8eee3f82,delivered,2017-04-08 17:31:09,2017-04-09 02:05:17,2017-04-10 14:18:54,2017-04-17 09:43:27,2017-05-04,379.99,20.94,1,1,400.93,8,1,4.0,1.0,bf1ec69e60782c906b030afeb823dbe4,27185,arrozal,RJ,8.675208333333334,25.27003472222222,0,400.93
ec23899768b60b6b3cfc6335359fb9e2,6d24b8dee87403f9d865de405bb49d0b,delivered,2017-04-08 17:32:38,2017-04-08 17:42:14,2017-04-12 16:08:12,2017-04-20 09:48:01,2017-05-04,9.9,14.52,1,1,24.42,2,1,1.0,1.0,0a3a3c41821ef382c6c7ed91efc91562,88960,sombrio,SC,11.677349537037037,25.26900462962963,0,24.42
55314fbf301db20ce06d233511d4fdbd,bdd1272c1c37b3cce03f2c69d68448b0,delivered,2017-04-08 18:01:28,2017-04-08 18:10:18,2017-04-10 11:18:16,2017-04-22 09:47:12,2017-05-02,279.77,13.35,1,1,293.12,1,1,3.0,1.0,7590ece88ff4a66a8f5d78d9b6f3847c,12230,sao jose dos campos,SP,13.656759259259259,23.248981481481483,0,293.12
f4eef947e4385f95c5a7184a689fe241,f59463f6531124e7598a3ae111a753db,delivered,2017-04-08 18:03:40,2017-04-08 18:22:28,2017-04-28 13:39:08,2017-05-15 16:27:44,2017-05-11,21.99,15.56,1,1,37.55,1,2,1.0,1.0,6c8667b7d77b711966f283f8bb5ed08c,22793,rio de janeiro,RJ,36.93337962962963,32.247453703703705,1,37.55
55a49914f37572b70e7d0e1fb09f0b1e,503d3a02e4c3308479e46426931c73dc,delivered,2017-04-08 18:32:07,2017-04-11 03:55:22,2017-04-12 15:09:25,2017-04-20 17:53:09,2017-05-04,112.0,14.95,1,1,126.95,1,1,5.0,1.0,70617f8d54d3ef89ba713db74b6dd5ac,22291,rio de janeiro,RJ,11.972939814814815,25.22769675925926,0,126.95
01c26a0b2736899633cfd6a3c1749428,47bbec3546f4004399e1e60aac67315a,delivered,2017-04-08 18:39:14,2017-04-08 18:45:12,2017-04-11 15:23:15,2017-05-19 17:53:48,2017-05-02,59.99,11.81,1,1,71.8,3,1,1.0,1.0,c7ba5ecdf4f95144e084d86235fccae7,11020,santos,SP,40.96844907407407,23.22275462962963,1,71.8
f94a0d648c163f130c9d36d4ba790dfe,7d8720ec0025097d77c1df010b3415f8,delivered,2017-04-08 18:40:05,2017-04-08 18:55:16,2017-04-17 17:28:15,2017-05-09 20:41:55,2017-05-29,248.25,23.67,1,1,271.91999999999996,10,2,5.0,1.0,19554efc0e1db11be074dff16548d6ab,60531,fortaleza,CE,31.084606481481483,50.22216435185185,0,271.92
7313f0f1840908195fcec79cd76b81d0,b56b195b117a62d8ef46813504dd810f,delivered,2017-04-08 19:02:42,2017-04-08 19:10:20,2017-04-10 14:16:56,2017-04-20 12:06:20,2017-05-04,109.99,20.85,1,1,130.84,4,1,5.0,1.0,a2f0e00d17b19c90db20a2012835a3f7,23935,angra dos reis,RJ,11.710856481481482,25.206458333333334,0,130.84
c805a38699c19dd700dc3215d25ed7f5,5af2a18351fbd81159881d394366f8f7,delivered,2017-04-08 19:06:55,2017-04-08 19:22:25,2017-04-11 11:03:40,2017-04-18 15:45:52,2017-05-09,138.9,17.12,1,1,156.02,1,1,5.0,1.0,b0584553631afe370d0ee9383c4906ee,15190,nhandeara,SP,9.860381944444445,30.203530092592594,0,156.02
3bf5c888a106e0e27fd82eb268baa621,1c696296295bcaedd258474aad4284cf,delivered,2017-04-08 19:07:40,2017-04-08 19:22:25,2017-04-10 12:24:06,2017-04-12 13:53:05,2017-05-09,69.36,13.07,1,1,82.43,8,1,4.0,1.0,8afafc036cb872b8535f393fc23ba2f7,18044,sorocaba,SP,3.7815393518518516,30.20300925925926,0,82.43
33ae336da56e5f632a69e131c877815f,af6f22c83206abe82bea28ddb4769513,delivered,2017-04-08 19:19:32,2017-04-11 03:45:21,2017-04-11 12:18:25,2017-04-20 12:28:58,2017-05-04,219.99,19.82,1,1,239.81,1,1,5.0,1.0,c08a021fcc80119586d4349986adc75e,88735,gravatal,SC,11.714884259259259,25.19476851851852,0,239.81
da247734fd12086e1e8d57ec49718066,0875689047010271a4f10a03196e565a,delivered,2017-04-08 19:22:41,2017-04-08 19:35:09,2017-04-10 16:01:14,2017-04-18 15:46:57,2017-05-11,169.99,21.27,1,1,191.26,10,1,5.0,1.0,b5fc21ee05bf5da15eb9466bfcddb22a,37550,pouso alegre,MG,9.850185185185186,32.19258101851852,0,191.26000000000002
0858c9b11272c041d6de2fdcdbc392f1,ef183189c0523a0c16c6d32c5e73ef62,delivered,2017-04-08 19:28:28,2017-04-08 19:42:23,2017-04-11 09:02:19,2017-04-17 14:51:41,2017-05-02,169.0,18.47,1,1,187.47,3,1,5.0,1.0,cdd91fddaea23f00cfc1dc0ffa69fac4,11900,registro,SP,8.807789351851852,23.188564814814814,0,187.47
17da1f6aa478edbbb6039871c31b40b8,888b16e7a19a04a88229722ce21673eb,delivered,2017-04-08 19:30:11,2017-04-11 03:45:24,2017-04-11 19:57:42,2017-04-18 16:53:54,2017-05-16,145.0,17.85,1,1,162.85,1,1,4.0,1.0,f113e425aa56c6c4f83e5cc45f85e5aa,97300,sao gabriel,RS,9.891469907407407,37.18737268518519,0,162.85
459aa8ae0e09ae140ba9f75c1f429524,da7d957a36ea44a3b6dc9531d2e83148,delivered,2017-04-08 19:33:26,2017-04-11 04:02:03,2017-04-11 14:28:46,2017-04-19 11:18:33,2017-05-08,44.0,16.05,1,1,60.05,1,1,5.0,1.0,6967046ccb04a0d6b57f4760f6048d18,24220,niteroi,RJ,10.656331018518518,29.18511574074074,0,60.05
eaccdfa7ebc7197350752707a3103de3,2f92f6d54038bae835df9738d5d11102,delivered,2017-04-08 19:37:13,2017-04-10 06:45:09,2017-04-11 09:37:49,2017-04-19 12:17:23,2017-05-04,7.9,14.52,1,1,22.42,2,1,5.0,1.0,d5a53c4fdcf8dab6373d996b9dc62f1c,88830,morro da fumaca,SC,10.694560185185185,25.182488425925925,0,22.42
ac5de1927e41e3b34bc42017cd09a639,a5f0b30823ffc4dc423a99e3c1117093,delivered,2017-04-08 19:56:54,2017-04-08 20:05:19,2017-04-12 16:07:33,2017-04-19 12:56:15,2017-05-02,129.9,12.3,1,1,142.2,2,1,3.0,1.0,a610baccecf274a5709d822f0d3c1902,13255,itatiba,SP,10.707881944444445,23.168819444444445,0,142.20000000000002
c0c4abe362862141005289577fa44d0a,46f1b8b713f75af4f82c28b077402226,delivered,2017-04-08 20:38:00,2017-04-08 20:50:08,2017-04-11 07:09:21,2017-04-19 15:47:59,2017-05-10,29.9,16.5,1,1,46.4,1,1,5.0,1.0,d3308406af68568ab30d11a500bc959a,37910,delfinopolis,MG,10.798599537037036,31.14027777777778,0,46.4
15226cfb3e9f4ad163d09f493688204b,ae78ac4ebb89e08c5e0423bcfa0b9cc2,delivered,2017-04-08 20:40:11,2017-04-10 19:22:18,2017-04-11 10:53:51,2017-04-13 10:36:49,2017-05-02,69.5,13.07,1,1,82.57,1,1,5.0,1.0,fd5a35e4c44d8ea5646ada47ab50a2d1,13224,varzea paulista,SP,4.5809953703703705,23.138761574074074,0,82.57
63001e1c2d2bbc51ed386b4830c757c8,72faf3075f590421c984b38197bbf833,delivered,2017-04-08 20:41:54,2017-04-08 20:55:16,2017-04-10 19:22:20,2017-04-12 13:58:03,2017-05-03,179.98,28.82,2,1,208.79999999999998,1,2,3.0,1.0,3b9c93b136fe968c604abd43b37295c6,2634,sao paulo,SP,3.719548611111111,24.137569444444445,0,208.79999999999998
3b0e2a09a2ba5ae468fee216d5cd1a22,afac7ff50ffd18212de3818f997d9f63,delivered,2017-04-08 20:44:36,2017-04-11 04:02:01,2017-04-18 17:00:03,2017-05-06 06:49:57,2017-05-15,59.9,19.01,1,1,78.91,1,1,5.0,1.0,db095fb465d1953805f0a25b1618de77,98700,ijui,RS,27.420381944444443,36.13569444444445,0,78.91
9d8b9a9cc92d7f5e907cf13a99a705e9,3a27d6401473a9ff4ab309448702d4f3,delivered,2017-04-08 21:07:21,2017-04-11 03:55:31,2017-04-12 17:04:17,2017-04-18 14:35:37,2017-05-04,277.85,17.15,1,1,295.0,1,1,5.0,1.0,ff8d27e48d6492ebb97e3052142c47bf,35940,rio piracicaba,MG,9.727962962962962,25.119895833333334,0,295.0
47ef317b6ad85b53ec37aa600167f80a,ec61fb091dc97882f465311090f44974,delivered,2017-04-08 21:10:05,2017-04-08 21:25:15,2017-04-10 10:54:03,2017-04-18 16:55:19,2017-05-02,59.9,11.81,1,1,71.71,1,1,4.0,1.0,c31e90e1170e7ed700d11456029a162b,86020,londrina,PR,9.823078703703704,23.117997685185184,0,71.71
276e9ec344d3bf029ff83a161c6b3ce9,d33e520a99eb4cfc0d3ef2b6ff816174,delivered,2017-04-08 21:20:24,2017-04-08 21:30:16,2017-04-25 10:53:00,2017-05-22 14:11:31,2017-05-18,249.0,30.94,1,1,279.94,10,1,1.0,1.0,7e42c7f898b0040e9736fc210f3cc30a,63870,boa viagem,CE,43.70216435185185,39.11083333333333,1,279.94
ade94781f2b769ed36a08beb7085c82e,b7c96a69834d24b05005de5827a81246,delivered,2017-04-08 21:27:58,2017-04-08 21:42:24,2017-04-10 14:59:45,2017-04-20 11:11:13,2017-05-15,58.0,16.11,1,1,74.11,1,1,4.0,1.0,f3d002fe898397efb10f18f278c2a962,96415,bage,RS,11.571701388888888,36.105578703703706,0,74.11
8a0feccfa6830618c4b985d3c49840eb,2ebfac074eb5450f338e852cb02d7635,delivered,2017-04-08 21:37:14,2017-04-08 21:50:13,2017-04-10 13:05:44,2017-04-13 14:13:13,2017-05-04,49.0,14.11,1,1,63.11,2,1,5.0,1.0,df82b17cbf3fe7a9e6113c6c4b69967e,22753,rio de janeiro,RJ,4.691655092592592,25.099143518518517,0,63.11
57e33a9ea02141930bcf5e4e0fdb7b4c,7203f09913f70084f17236774370f071,delivered,2017-04-08 21:50:00,2017-04-08 22:02:27,2017-04-10 12:42:02,2017-04-12 16:47:43,2017-05-02,249.0,12.35,1,1,261.35,8,1,4.0,1.0,2cb24ebe00a4b989ceadfbccaf00632e,13212,jundiai,SP,3.7900810185185185,23.09027777777778,0,261.35
440b07cde0dc78d377c42d29845bcafd,2aec0cd4d65938cb0c1693ef25843340,delivered,2017-04-08 21:50:16,2017-04-08 22:05:15,2017-04-11 14:52:28,2017-04-17 09:05:55,2017-05-02,26.0,11.74,1,1,37.74,1,1,5.0,1.0,336edbfdd04ef597db813abf11f0714a,14010,ribeirao preto,SP,8.469201388888889,23.090092592592594,0,37.74
f7d960d092a081a1124e6f27cdeb2130,41f91ce48b296660bfe6c74c0eb433bd,delivered,2017-04-08 22:07:33,2017-04-11 03:45:19,2017-04-11 09:26:29,2017-04-18 15:46:50,2017-05-12,42.99,22.28,1,1,65.27,1,1,5.0,1.0,be78fe18d6d83eb21da1ebcfec038062,78360,campo novo do parecis,MT,9.735613425925926,33.078090277777775,0,65.27000000000001
4bc6bfbf65a140de5b9803eefad6ef41,915859a34b24020b5b9fd32c8ac40f0d,delivered,2017-04-08 22:27:52,2017-04-08 22:35:09,2017-04-13 16:16:16,2017-05-02 15:07:49,2017-05-16,27.99,24.35,1,1,52.34,1,1,2.0,1.0,2852756794b74680d1de8e8e8b8421ff,66045,belem,PA,23.694409722222222,37.063981481481484,0,52.34
891a2a73007fba5bc9bfb7ea1f486171,ad0d3c49b144627644b8e067ddeaffb4,delivered,2017-04-08 22:29:08,2017-04-08 22:42:19,2017-04-12 13:40:29,2017-05-09 09:21:42,2017-05-19,99.0,29.62,1,1,128.62,7,2,5.0,1.0,1447cdf970b1a1697ec349576d85e2bf,58600,santa luzia,PB,30.453171296296297,40.063101851851854,0,128.62
6bc3888289830fea0d2ed7c54501fbea,d7cca737c794c3efad350217fce55d6c,delivered,2017-04-08 23:05:55,2017-04-11 04:02:17,2017-04-19 14:53:49,2017-05-11 09:41:29,2017-05-05,289.9,17.24,1,1,307.14,1,1,1.0,1.0,0ad45166f7c608cea70cffc074e78e4b,12940,atibaia,SP,32.44136574074074,26.03755787037037,1,307.14
477140a02351a2a01918ec67d2d68ac2,822b607b23f20ca968363147e061d6c6,delivered,2017-04-08 23:32:32,2017-04-08 23:42:20,2017-04-11 11:26:59,2017-04-21 08:20:06,2017-05-11,34.9,17.78,1,1,52.68,1,1,5.0,1.0,ad7c3fd04042133846eff8c3df22f3a7,89232,joinville,SC,12.36636574074074,32.01907407407408,0,52.68
d2b78e9e69a191c9f98ea4fec8e920ef,29d0453f032097b298a6563dfdc8ad01,delivered,2017-04-09 00:07:46,2017-04-09 01:10:20,2017-04-10 09:01:20,2017-04-18 13:41:49,2017-05-05,34.9,10.96,1,1,45.86,4,1,4.0,1.0,5dbd6d83a1f1d7bce6163fe4a1717d28,13309,itu,SP,9.5653125,25.994606481481483,0,45.86
d0c657a6c80777d2c1c616e0cf917e32,e8d87a4b1c62c22f08a17ffa6570c9cb,delivered,2017-04-09 00:16:39,2017-04-09 01:10:24,2017-04-10 15:52:40,2017-04-12 08:51:30,2017-05-02,11.99,10.96,1,1,22.95,1,1,5.0,1.0,635efb83a8893712f25acc9bb44abc48,6182,osasco,SP,3.3575347222222223,22.9884375,0,22.950000000000003
cd747ef99d8317de4ea4eda3de915865,2c9e52bb3f721f18122e80a7157915c0,delivered,2017-04-09 03:39:55,2017-04-09 03:50:13,2017-04-11 09:02:14,2017-04-18 11:56:34,2017-05-02,147.9,18.33,1,1,166.23,10,1,5.0,1.0,8b3ce01bee97c8e4104d8e355da4f395,19912,ourinhos,SP,9.344895833333334,22.84728009259259,0,166.23000000000002
fe0b24305fde3889fdd0d23abaa7e52a,540fd94d138edcc2e81b4822c8d8f068,delivered,2017-04-09 05:33:03,2017-04-09 05:41:55,2017-04-13 10:03:59,2017-04-27 14:51:44,2017-05-22,13.9,16.05,1,1,29.95,1,1,4.0,1.0,25a560b9a6006157838aab1bdbd68624,91510,porto alegre,RS,18.38797453703704,42.76871527777778,0,29.950000000000003
59ac31de88c9c4b239aeee82c6a0596e,93db14e9f3ba76bd4f9583340b206ddc,delivered,2017-04-09 06:03:31,2017-04-09 06:10:07,2017-04-11 06:28:00,2017-04-20 17:46:41,2017-05-22,17.9,16.05,1,1,33.95,1,1,4.0,1.0,25a560b9a6006157838aab1bdbd68624,91510,porto alegre,RS,11.488310185185185,42.74755787037037,0,33.95
65f4f976c2281eb3c5f69547ca21893d,775e5b39bea2cf3e7080071ddbf9d708,delivered,2017-04-09 09:52:05,2017-04-09 11:05:17,2017-04-10 15:56:25,2017-04-18 10:50:10,2017-05-03,38.5,10.96,1,1,49.46,1,1,5.0,1.0,bf79e2be560481b2e6014798b4331a18,13290,louveira,SP,9.040335648148147,23.58883101851852,0,49.46
745eef172f0256cfaf464e7723693fe0,b1fdee92f68361d797b80f10f3f3a1c4,delivered,2017-04-09 09:52:05,2017-04-09 11:05:17,2017-04-19 07:37:57,2017-04-27 14:45:43,2017-05-16,38.9,10.96,1,1,49.86,1,1,5.0,1.0,bf79e2be560481b2e6014798b4331a18,13290,louveira,SP,18.203912037037036,36.58883101851852,0,49.86
db78320762e6c2bbac3fb120405b9202,467100d009756d63195a0390c0dfb146,delivered,2017-04-09 10:46:11,2017-04-09 10:55:10,2017-04-11 07:39:02,2017-04-17 10:59:39,2017-05-04,12.99,15.56,1,1,28.55,1,1,3.0,1.0,9062bb19aefe92c7f3ac649238a13190,35670,mateus leme,MG,8.009351851851852,24.551261574074076,0,28.55
1b0a4a31fc0d7e48066ec01d14ed1b5a,831549b2d6aa4f9793c3308a8054b933,delivered,2017-04-09 11:18:56,2017-04-09 11:30:12,2017-04-13 14:27:13,2017-05-09 05:07:43,2017-05-12,18.95,20.8,1,1,39.75,3,1,5.0,1.0,a3ae845f3a1f1742c6f94c7c33b55eab,46140,livramento de nossa senhora,BA,29.74221064814815,32.52851851851852,0,39.75
961b05ccde2a3c54534ec4a8cdca598f,947f6c194bfea2456cd57d447a64f2d0,delivered,2017-04-09 11:20:27,2017-04-10 11:25:14,2017-04-12 14:06:37,2017-05-04 14:48:17,2017-05-04,44.55,15.56,1,1,60.11,6,1,5.0,1.0,0a7fc8f27d78b5c59cab0068250717cc,89900,sao miguel do oeste,SC,25.144328703703703,24.52746527777778,1,60.11
fca7b989b55ec495fc04ef8344bdb7d9,a3d11dbcd9f16d462fc5835c36880940,delivered,2017-04-09 11:23:37,2017-04-11 03:55:34,2017-04-11 13:13:23,2017-04-20 12:08:24,2017-05-17,179.9,18.69,1,1,198.59,1,1,5.0,1.0,d4fd3f83ce187e9184d32bdf2c3769c6,45400,valenca,BA,11.031099537037036,37.5252662037037,0,198.59
2f4b5984b0c48fc5bf385ed7f51051ca,98663ec2b8d1b5027c15e1f1a63fb984,delivered,2017-04-09 11:28:36,2017-04-09 11:42:19,2017-04-18 10:38:09,2017-04-26 09:43:43,2017-05-08,79.9,13.14,1,1,93.04,2,1,5.0,1.0,8bcbc121b2a37e21c52f9717e1b672a0,11601,sao sebastiao,SP,16.92716435185185,28.521805555555556,0,93.04
b33dfa9cb1bd5eb21f0a09da605e1af4,158a5c9744f7e8bd8d51ea561cce652e,delivered,2017-04-09 11:52:00,2017-04-09 12:02:43,2017-04-10 15:35:13,2017-04-17 22:56:55,2017-05-08,339.99,17.14,1,1,357.13,8,1,5.0,1.0,1e060fb5efaa80937d7b9377f9dd0da8,23081,rio de janeiro,RJ,8.461747685185186,28.505555555555556,0,357.13
10301e5344cb0afaf8df8ab85051ce2e,5ccf71718d9dfedb398e1e8dc89840c3,delivered,2017-04-09 12:12:04,2017-04-09 12:25:53,2017-04-10 16:17:49,2017-04-13 16:53:19,2017-05-08,255.61,18.63,1,1,274.24,5,1,2.0,1.0,71cfe83fce2ee15a5b19f5357afdd0ac,29090,vitoria,ES,4.1953125,28.49162037037037,0,274.24
bf7c86cebc16ca0d9ab2d92aed45a246,63eb9f915c5b93b3b133e075be8cc12d,delivered,2017-04-09 12:12:18,2017-04-09 12:25:54,2017-04-10 12:33:14,2017-04-20 09:43:11,2017-05-16,29.0,24.35,1,1,53.35,2,1,5.0,1.0,ecc97f913c42ef6a7bbd726dfe46f69c,52011,recife,PE,10.896446759259259,36.491458333333334,0,53.35
275ae89ba1c842d7ce099ed4c633f686,ca39acfa3cd47ed2dc3cd99f34f400ea,delivered,2017-04-09 12:12:51,2017-04-09 12:25:54,2017-04-25 11:45:54,2017-05-11 08:33:55,2017-05-08,292.9,17.75,1,1,310.65,8,1,3.0,1.0,051728482e7cf26b974f874001d4cc65,83314,piraquara,PR,31.847962962962963,28.49107638888889,1,310.65
b3600c50e09ca24f2f0d91b8e09aa056,ac037fe63acefadb797790ae6d6a217e,delivered,2017-04-09 13:11:19,2017-04-09 13:25:06,2017-04-10 16:17:49,2017-04-18 12:51:42,2017-05-04,255.61,17.0,1,1,272.61,5,1,3.0,1.0,413fb06a4ed4b4ae5523b39263ec3063,31810,belo horizonte,MG,8.986377314814815,24.45047453703704,0,272.61
91eefa3cd52e8361bd4f6106356c6d0c,b3cf661a70e3c94f3cc83a11bdc90613,delivered,2017-04-09 13:15:47,2017-04-09 13:25:07,2017-04-11 12:55:25,2017-04-17 11:48:18,2017-05-05,18.99,14.11,1,1,33.1,1,1,4.0,1.0,ac852d256a91a9ea4e9b791f43c10305,20511,rio de janeiro,RJ,7.939247685185185,25.447372685185186,0,33.099999999999994
9fbb5a7911ef83cac2881f1bbdaf7812,d880d473fdc38c2ffc94c2f3ae89184a,delivered,2017-04-09 13:33:34,2017-04-09 13:45:16,2017-04-11 11:08:26,2017-04-18 16:48:26,2017-05-10,219.0,17.23,1,1,236.23,2,1,5.0,1.0,6e871c3bbb75ace129f8c75e006cdd86,23585,rio de janeiro,RJ,9.135324074074074,30.435023148148147,0,236.23
005b49de51a4e006055e8487a50ad8e4,366c88e3ee5ed365c8529a9639c8b91c,delivered,2017-04-09 13:35:38,2017-04-09 13:50:09,2017-04-10 11:18:09,2017-04-27 16:47:35,2017-05-04,46.86,14.52,1,1,61.38,4,1,5.0,1.0,8797820f6554668a5b835ff74cd077df,96400,bage,RS,18.133298611111112,24.433587962962964,0,61.379999999999995
97c9dbbc595d9e8c581b6caf87eb91df,fe649b61b14cb640b2a17c9df5cf8766,delivered,2017-04-09 13:40:20,2017-04-09 13:50:10,2017-04-24 10:12:45,2017-05-03 14:29:48,2017-05-05,75.0,14.7,1,1,89.7,1,1,1.0,1.0,8994e3a1ecea421d24c34c00d081f3e5,36309,sao joao del rei,MG,24.034351851851852,25.430324074074075,0,89.7
e5da6b075bf12389011f8a4ce3c1d1de,df377e290cefceec223b0aae5213425e,delivered,2017-04-09 13:43:53,2017-04-09 13:55:13,2017-04-10 15:57:54,2017-04-18 12:57:32,2017-05-11,48.9,15.56,1,1,64.46,1,1,5.0,1.0,2bf954679d98f1c38e01d8afd15e5012,4433,sao paulo,SP,8.9678125,31.427858796296295,0,64.46
9126e0aefae0b65e52c837440e8010a5,a8e5ab9fae7e21ef7e843734f55602ca,delivered,2017-04-09 13:44:57,2017-04-10 17:30:14,2017-04-11 09:53:00,2017-04-17 11:13:06,2017-05-04,48.99,14.11,1,1,63.1,1,1,4.0,1.0,cbd0350d4ccba9772e8e768d4a4a5cbf,22785,rio de janeiro,RJ,7.894548611111111,24.427118055555557,0,63.1
59969aa08998ef1dda379be25f84a6bf,666b6fa78c58b89047e516058ffaab77,delivered,2017-04-09 13:47:43,2017-04-09 14:04:57,2017-04-10 13:29:28,2017-04-17 19:03:15,2017-05-02,55.8,11.78,1,1,67.58,6,1,,,40610ee696b6cef76765f5dba81cca16,6526,santana de parnaiba,SP,8.219120370370371,22.425196759259258,0,67.58
d77c5cb217e302146127b857e56ee27e,4de333800b45cf46559cc1966187a9d8,delivered,2017-04-09 13:59:57,2017-04-11 03:45:27,2017-04-12 10:26:04,2017-05-04 13:28:09,2017-05-23,75.0,25.02,1,1,100.02,1,1,5.0,1.0,977a4ca2757670e68620023f36453157,59618,mossoro,RN,24.977916666666665,43.41670138888889,0,100.02
c42fdc1266a0ebdb032e6afaf8320b6a,4b3be93841ef35f823beb3265b173159,delivered,2017-04-09 14:39:51,2017-04-09 14:50:18,2017-04-10 14:41:50,2017-04-13 16:07:11,2017-05-02,156.0,11.7,1,1,167.7,4,1,3.0,1.0,bcdd2d3eff487f4bfab51115c60778e6,5128,sao paulo,SP,4.0606481481481485,22.388993055555556,0,167.7
de4127c6a206a16556d30c1fdeb8a9e7,06021ac4f1fd77a98585c3b7eefbb379,delivered,2017-04-09 15:03:02,2017-04-09 15:15:05,2017-04-11 14:06:47,2017-04-20 07:09:51,2017-05-11,66.89,15.68,1,1,82.57,3,1,4.0,1.0,9ff582cf8695a03e26caf77bb3cee96a,18150,ibiuna,SP,10.671400462962962,31.37289351851852,0,82.57
3aa41f0c241b0ef62147d849b02313be,72fc7936236a84457d916b713e95c000,delivered,2017-04-09 15:26:33,2017-04-11 03:42:16,2017-04-11 12:15:45,2017-04-28 10:54:45,2017-05-25,4.9,24.84,1,1,29.74,1,1,1.0,1.0,6c570a976bf4683e59359a2b73df94cf,58038,joao pessoa,PB,18.81125,45.3565625,0,29.740000000000002
eb3f49181d8f9fb967004f264af0b329,6582b96a9add89bd4a5a7a6b5b9391b6,delivered,2017-04-09 15:32:33,2017-04-09 15:45:16,2017-04-12 10:27:55,2017-04-17 09:59:04,2017-05-02,88.0,13.2,1,1,101.2,3,1,4.0,1.0,02b741ab4dd2d378208995cbd59d4926,1417,sao paulo,SP,7.768414351851852,22.352395833333333,0,101.2
20c93204065c1cc43ac91fe4358f8983,d53782279acdd8fad99e3908be8bbcf1,delivered,2017-04-09 15:38:44,2017-04-09 15:50:12,2017-04-13 13:57:36,2017-04-20 11:25:58,2017-05-08,125.0,17.71,1,1,142.71,10,1,4.0,1.0,a50f021eb5aff9d4b0538153eeda36cd,18081,sorocaba,SP,10.824467592592592,28.34810185185185,0,142.71
7093b7177380b099eb92c2ab46c6f10e,f0c20eb716fdd6eee9527ec291b182e6,delivered,2017-04-09 15:49:31,2017-04-09 16:01:57,2017-04-10 13:48:25,2017-04-26 12:53:28,2017-05-12,129.9,27.38,1,1,157.28,3,1,5.0,1.0,911d70d16b6a072a40b2786f1b9e7b29,48602,paulo afonso,BA,16.877743055555555,32.34061342592592,0,157.28
e97d413be381af1c85a368973f38ad0a,ec3fef6f122ec7da38cc0f0ad81013ee,delivered,2017-04-09 15:50:04,2017-04-09 16:01:57,2017-04-10 11:40:03,2017-04-17 11:52:53,2017-05-15,59.9,16.12,1,1,76.02,4,1,5.0,1.0,98104cabacc1799825ebdd3932df84d3,30260,belo horizonte,MG,7.835289351851852,35.34023148148148,0,76.02
31a4ffe90b3bbda342ae160ef52affd1,7e58db99674b0e849eca7cb8cb32cfb1,delivered,2017-04-09 16:26:13,2017-04-09 16:35:10,2017-04-10 12:15:47,2017-04-18 15:53:47,2017-05-16,119.8,49.82,2,1,169.62,12,1,5.0,1.0,093723a103e8b73b2675d7082b8436d0,67110,ananindeua,PA,8.977476851851852,36.315127314814816,0,169.62
6b42e6c81cb8d3e2d3dce134a78a3ed6,6daf71f05c643906def34f056eab995e,delivered,2017-04-09 16:40:58,2017-04-09 17:20:12,2017-04-11 12:15:40,2017-04-18 13:41:30,2017-05-02,44.9,10.96,1,1,55.86,1,1,5.0,1.0,2aa6f9e812644e18656b410477062f77,15470,palestina,SP,8.875370370370371,22.30488425925926,0,55.86
cca8f1b678e3b808b83f6466b048dc85,d156a8f86ce1451c235a39502b289767,delivered,2017-04-09 16:41:27,2017-04-11 03:42:06,2017-04-11 14:48:51,2017-04-27 12:09:09,2017-05-12,31.08,20.8,1,1,51.88,1,1,4.0,1.0,3bfe058dc7556b750553ed6f6f3f80cf,65075,sao luis,MA,17.810902777777777,32.30454861111111,0,51.879999999999995
7074777048d6873978e44c5b4b7bc3b2,eb51998e3c8848abaeef8f557a8e2db1,delivered,2017-04-09 16:48:34,2017-04-09 17:02:05,2017-04-10 13:48:25,2017-05-11 22:11:19,2017-05-16,109.9,32.37,1,1,142.27,10,1,5.0,1.0,08d1825b8f6d330d3ef8073ec9b3978f,69063,manaus,AM,32.224131944444444,36.29960648148148,0,142.27
29e438b97b6d677fa72eeb836259ac4d,2e6bfc32b964709f5b065f57c809db2b,delivered,2017-04-09 16:59:13,2017-04-10 17:02:17,2017-04-12 12:35:43,2017-04-18 14:51:38,2017-05-02,159.98,22.34,2,1,182.32,6,1,3.0,1.0,d3201e9d7d3f88bbd8f6b69b49484cda,32185,contagem,MG,8.911400462962963,22.29221064814815,0,182.32
2228184e3773ea7d28d150ed03ef65dc,3a30f46ca4c7d968237e18784dd3495a,delivered,2017-04-09 17:21:29,2017-04-09 17:30:11,2017-04-11 15:19:41,2017-04-28 16:34:20,2017-05-04,49.9,15.56,1,1,65.46,2,1,2.0,1.0,9539eb678f193ad7e1af89a7cad10f6c,32013,contagem,MG,18.967256944444443,24.276747685185185,0,65.46
ecc6c5d76a4d38a9b95c0fe288b3f220,cfad1ce34667d10a9c81fc26061f0d6d,delivered,2017-04-09 17:24:08,2017-04-09 17:35:17,2017-04-13 08:19:41,2017-04-19 14:25:09,2017-05-16,13.9,10.96,1,1,24.86,2,1,4.0,1.0,49a7d7f106f6adbd40721e2685278da1,1526,sao paulo,SP,9.87570601851852,36.274907407407404,0,24.86
fa4f63175b284248b89a46c3b7e7bc12,7c2abab8ee489e71b5c91a03f49baab3,delivered,2017-04-09 17:31:56,2017-04-09 17:45:15,2017-04-10 15:35:11,2017-04-12 15:30:00,2017-05-04,339.99,11.37,1,1,351.36,2,1,3.0,1.0,0ce698163308182b6b1e9c03af6839ff,2179,sao paulo,SP,2.915324074074074,24.26949074074074,0,351.36
658677c97b385a9be170737859d3511b,de6dff97e5f1ba84a3cd9a3bc97df5f6,delivered,2017-04-09 17:41:13,2017-04-09 17:55:19,2017-04-10 14:24:47,2017-04-20 09:08:35,2017-05-10,179.99,42.85,1,1,222.84,1,1,5.0,1.0,c8cf6cb6b838dc7a33ed199b825e8616,88735,gravatal,SC,10.64400462962963,30.26304398148148,0,222.84
d6b1ddf39835687468c4477c1aa9cba0,e9b52538b701f2947aa6fc2f788ab9bc,delivered,2017-04-09 17:50:35,2017-04-11 03:50:21,2017-04-13 16:16:16,2017-04-18 15:28:27,2017-05-02,27.99,10.96,1,1,38.95,1,1,2.0,1.0,4edecdc20ba574d202b84ae59e078423,14408,franca,SP,8.901296296296296,22.256539351851853,0,38.95
b8dabd1b3ebaab3808cbf73107a61a6b,9f07c4abba1bdf08f06ce4710331d778,delivered,2017-04-09 17:50:43,2017-04-09 18:01:57,2017-04-12 13:05:51,2017-04-20 13:24:23,2017-05-08,21.99,16.05,1,1,38.04,1,1,5.0,1.0,9aa827c8f91b60445792293946670ef4,97065,santa maria,RS,10.815046296296297,28.25644675925926,0,38.04
4b7836c7fde2f69b09ca54addb676d28,5009c471461106bdc79fe8333e03a7a5,delivered,2017-04-09 17:54:27,2017-04-09 18:05:15,2017-04-11 10:35:23,2017-04-18 12:51:41,2017-05-15,54.98,14.55,1,1,69.53,1,1,3.0,1.0,97d5a3c222d46b035442bcbcd810d54d,80330,curitiba,PR,8.78974537037037,35.25385416666666,0,69.53
7a32a414f59caff4a7f5e9710a9c32e7,a0cbe684b1e0e7ec34c7a1ee02eaee40,delivered,2017-04-09 17:56:12,2017-04-10 18:02:26,2017-04-11 10:44:33,2017-05-13 12:22:01,2017-05-12,27.0,20.8,1,1,47.8,1,1,5.0,1.0,639081429b6b1419426831acd448ac38,78010,cuiaba,MT,33.767928240740744,32.25263888888889,1,47.8
43a220d7f0c5992e41c8402d1bb96caa,7e742e6922acab64d2fd8c4fb29f134a,delivered,2017-04-09 18:33:19,2017-04-09 18:45:10,2017-04-11 13:27:51,2017-04-17 07:23:10,2017-05-04,125.0,16.08,1,1,141.08,1,1,5.0,1.0,d9bd97460610038da2e90afac15c43e7,4003,sao paulo,SP,7.534618055555556,24.226863425925927,0,141.07999999999998
e5660f4c411090251a0a154f085bbfe8,2a2ed8a860ff9b8c1da194b013ded085,delivered,2017-04-09 18:50:11,2017-04-09 19:02:06,2017-04-11 07:43:49,2017-05-01 11:43:39,2017-05-04,99.99,15.91,1,1,115.9,1,1,3.0,1.0,0fa5c2e0bbef2c74251ed448e9ca5b82,27274,volta redonda,RJ,21.703796296296296,24.215150462962963,0,115.89999999999999
5244b9f2f8bc60aa503830f2847082f1,d80e1c90ce4d9aa890d53859559e9cae,delivered,2017-04-09 19:10:22,2017-04-09 19:22:22,2017-04-12 13:25:47,2017-05-07 08:45:55,2017-05-18,74.9,26.78,1,1,101.68,3,1,5.0,1.0,d3efd0ae3bee9c35f302e336aef87b99,66040,belem,PA,27.566354166666667,38.20113425925926,0,101.68
e504f586e9ffc862cad95482af740af4,4d547b17f5dc533970786de8f7233eab,delivered,2017-04-09 19:10:24,2017-04-09 19:22:24,2017-04-10 08:40:05,2017-04-20 09:15:28,2017-05-24,59.9,29.35,1,1,89.25,3,1,5.0,1.0,d3efd0ae3bee9c35f302e336aef87b99,66040,belem,PA,10.586851851851852,44.20111111111111,0,89.25
573a63f55da869597574d6ce4e1719a3,3b84c81b13c1c7278b099793e720998f,delivered,2017-04-09 19:12:02,2017-04-10 19:10:13,2017-04-12 11:49:47,2017-05-18 14:29:40,2017-05-23,243.5,35.63,1,1,279.13,1,1,1.0,1.0,8d6512fa0e1c5cdbd789b956de79fe2f,69915,rio branco,AC,38.80391203703704,43.19997685185185,0,279.13
e4dffee41f8592aed45c0e12c872a731,de0fa5b9e4ce52eaad23baf90de3a6d8,delivered,2017-04-09 19:14:16,2017-04-09 19:25:12,2017-04-13 09:15:07,2017-04-26 10:00:00,2017-05-12,174.9,21.67,1,1,196.57,1,1,1.0,1.0,8821e81459adb5afd9dc690db11bd2a4,44700,jacobina,BA,16.615092592592593,32.198425925925925,0,196.57
09c74db044dfe6e7f2a6b6a6750f36cd,1fc9edfa5157a14833804b4ffeba2c2f,delivered,2017-04-09 19:53:32,2017-04-09 20:05:44,2017-04-10 08:52:00,2017-04-13 12:18:07,2017-05-02,127.48,11.5,1,1,138.98,9,1,5.0,1.0,9f1fc6a06662230a1fc39572248a64c7,13456,santa barbara d'oeste,SP,3.683738425925926,22.171157407407406,0,138.98000000000002
ef45f5b9b9146357bf702bb363b16899,5d1ac35d928dd8d9f9d1418aba5f4579,delivered,2017-04-09 19:56:36,2017-04-09 20:05:42,2017-04-10 07:49:12,2017-04-17 15:46:12,2017-05-04,39.99,14.52,1,1,54.51,5,1,5.0,1.0,4b96021dd080de09f50154101eba1987,83370,antonina,PR,7.8261111111111115,24.169027777777778,0,54.510000000000005
9ddc868ed710a9e94bcbf5972309f450,54171e00b716beeb65658203ce2bac47,delivered,2017-04-09 19:57:23,2017-04-10 20:02:29,2017-04-11 15:48:21,2017-05-02 08:18:03,2017-05-12,525.0,58.3,1,1,583.3,10,1,5.0,1.0,e98f95c4252e381b3521293d19146e22,48490,inhambupe,BA,22.514351851851853,32.16848379629629,0,583.3
28915ae2a90c218f0c2b7f8e0fb280e0,98a1b4f80dd0ccb7d1ae5a75ba5c904e,delivered,2017-04-09 20:04:37,2017-04-11 03:45:26,2017-04-12 07:03:58,2017-04-18 09:53:40,2017-05-04,36.99,26.259999999999998,2,2,63.25,1,1,1.0,1.0,bf5ed75fca98e8f79c49e9a5bf7690e1,13480,limeira,SP,8.575729166666667,24.16346064814815,0,63.25
03c765107c8fc34c68a82bbd6c686856,f28dead4549d1753510b2f16df5724c8,delivered,2017-04-09 20:15:45,2017-04-09 20:25:10,2017-04-10 12:26:52,2017-04-17 12:04:56,2017-05-04,112.0,14.95,1,1,126.95,6,1,5.0,1.0,1443b4d9d053e73721c7ae1f5afe5f69,25850,paraiba do sul,RJ,7.659155092592592,24.155729166666667,0,126.95
014f1e63f9bd4f5578edcf4e5c305a0a,956b98e4d6642bc3c6ceccea5aa488a9,delivered,2017-04-09 20:17:53,2017-04-09 20:30:20,2017-04-10 10:37:41,2017-04-17 09:59:47,2017-05-10,129.9,18.34,1,1,148.24,2,1,5.0,1.0,95abd88649da5a5d03837dc62e6b2091,33400,lagoa santa,MG,7.570763888888889,30.154247685185187,0,148.24
994401fd01721847793a72da7050c935,80c1314f5c6dc8009710aaaaa644475f,delivered,2017-04-09 20:45:27,2017-04-09 20:55:09,2017-04-13 15:58:07,2017-04-28 15:47:50,2017-05-16,37.9,24.84,1,1,62.74,6,1,5.0,1.0,1fb7b0753c39a28935ec5db93fffdd42,56700,sao jose do egito,PE,18.79332175925926,36.135104166666665,0,62.739999999999995
c84590a1df6ea0f368982305cc668c46,6c1595b2f1b1609773c6f8b81031c1e8,delivered,2017-04-09 20:51:23,2017-04-09 21:02:19,2017-04-10 08:51:56,2017-04-19 14:59:28,2017-05-08,719.0,43.230000000000004,2,1,762.23,4,1,3.0,1.0,2174119e9583d406cfc2757aeafbd141,84178,castro,PR,9.755613425925926,28.130983796296295,0,762.23
e054faeb6af72de4dc4a76cb6e0cfebd,3c9a5d288ed7a341eea51d6aa657c612,delivered,2017-04-09 21:00:12,2017-04-09 21:15:08,2017-04-11 09:02:15,2017-04-18 13:25:38,2017-05-04,160.0,22.59,1,1,182.59,9,1,4.0,1.0,759fcec0ff2fdfdb36b3bdb91d2513b5,89202,joinville,SC,8.684328703703704,24.124861111111112,0,182.59
a2c943e39eba3f96ca656df556454b97,8352b9acd7620d5a82aa132d4772a9ef,delivered,2017-04-09 21:04:04,2017-04-09 21:15:11,2017-04-10 09:10:44,2017-04-12 15:32:37,2017-05-04,79.9,14.73,1,1,94.63,3,1,5.0,1.0,f122700f4988b15159336b7a1d29cb41,5128,sao paulo,SP,2.7698263888888888,24.122175925925927,0,94.63000000000001
a0b8f13c91b9146c82011103d204d04f,5a68b16871dde7543d30d9f37e61a5fc,delivered,2017-04-09 21:07:55,2017-04-11 17:02:42,2017-04-12 12:39:59,2017-04-27 13:22:53,2017-05-04,109.9,37.17,1,1,147.07,1,1,5.0,1.0,fedb65c8708f8aecde6150459592e8f6,20755,rio de janeiro,RJ,17.677060185185184,24.119502314814813,0,147.07
c5080a16e1592695ec1c6cf3bad4e7f8,9de61a1bfe6d0c33ca06b1c0ad76c0d0,delivered,2017-04-09 21:12:29,2017-04-09 21:25:11,2017-04-10 16:44:25,2017-04-13 12:42:52,2017-05-04,108.9,20.84,1,1,129.74,2,1,4.0,1.0,fe14ebb85129d6e5c831170da6bbe792,22763,rio de janeiro,RJ,3.646099537037037,24.11633101851852,0,129.74
e9a96b5609c733e7d97b5a3d57c222e2,6b3b453b6808a078161c3c7fe3d65d77,delivered,2017-04-09 22:05:18,2017-04-11 03:55:12,2017-04-13 12:48:00,2017-04-27 13:48:06,2017-05-04,119.8,31.26,2,1,151.06,1,1,5.0,1.0,9978a4af6e9bccf456493343ebfa3681,13604,araras,SP,17.654722222222222,24.079652777777778,0,151.06
6b62e435ad4cc81a538f9a279049f490,9126e0666011360bc99770026bb867f1,delivered,2017-04-09 22:47:00,2017-04-09 22:55:14,2017-04-10 14:48:24,2017-04-24 09:47:52,2017-05-30,219.0,27.79,1,1,246.79,5,1,4.0,1.0,70a8bb8dd8372c409219e4c5e66a960d,55400,catende,PE,14.458935185185185,50.050694444444446,0,246.79
d7dde398a6dd964e449d06ce77cbefac,7d5d6cb399a372b0d4cba689204ffa73,delivered,2017-04-09 22:51:08,2017-04-11 03:42:24,2017-04-19 07:49:03,2017-04-28 10:53:46,2017-05-04,24.99,14.52,1,1,39.51,1,1,4.0,1.0,13297523037b589caaec95130f4bc37c,86708,arapongas,PR,18.501828703703705,24.047824074074075,0,39.51
e8250a89f967d49af320330c8660a9a2,d48576ca60e60c16d78400f3ac8ad9ed,delivered,2017-04-09 23:26:56,2017-04-11 04:02:13,2017-04-18 15:56:18,2017-05-02 09:59:51,2017-05-09,130.0,15.08,1,1,145.08,1,1,5.0,1.0,28f80b66e9e383851a63274ed51b72de,89828,lajeado grande,SC,22.439525462962962,29.022962962962964,0,145.08
07068f92ceede34d93d6dd0b5117feef,fa2a6143fcd4d39afb184064b19d13bd,delivered,2017-04-09 23:37:46,2017-04-09 23:50:15,2017-04-12 11:54:50,2017-04-19 15:46:47,2017-05-04,42.99,14.52,1,1,57.51,3,1,4.0,1.0,a309cc24139cbdc0bfad6f5d2d26f7dd,23935,angra dos reis,RJ,9.67292824074074,24.015439814814815,0,57.510000000000005
65f3d65b89d1fdde15dc314858c9c161,a1b5ca506b592bb72d4caadcbfe71385,delivered,2017-04-10 00:08:56,2017-04-10 01:02:42,2017-04-10 12:33:22,2017-04-15 08:13:25,2017-05-02,47.99,10.96,1,1,58.95,1,1,4.0,1.0,c811311629fd3d76f5ca5eeb2abfa7e8,17511,marilia,SP,5.3364467592592595,21.993796296296296,0,58.95
e59d996230b76b38e2cef5e0ab85d6c8,c95f441349c34de1fa4f9b0b7a25d9e0,delivered,2017-04-10 00:28:41,2017-04-10 01:02:52,2017-04-11 13:15:43,2017-04-18 16:47:41,2017-05-10,90.0,16.33,1,1,106.33,10,1,5.0,1.0,8df6068022670c985907a54753c367f9,94820,alvorada,RS,8.67986111111111,29.98008101851852,0,106.33
3ed2296452fe2eb69e2cc8cc8ec2c3b4,32c245ec693348fa05469797e4fc6346,delivered,2017-04-10 00:33:33,2017-04-12 02:50:23,2017-04-17 12:12:47,2017-05-16 10:09:59,2017-05-02,119.9,37.78,1,1,157.68,1,1,5.0,1.0,a5fa0c73afb9bf7aafd38409a68817e6,13348,indaiatuba,SP,36.400300925925926,21.976701388888888,1,157.68
dfd5653b035d78ae9984f014e5903709,7a016e0365d83ace51004c940f13aff3,delivered,2017-04-10 01:23:48,2017-04-10 01:35:19,2017-04-10 10:20:05,2017-04-13 12:54:11,2017-05-12,331.8,50.58,2,1,382.38,5,1,1.0,1.0,b8d87455f7eca8954cb5963ed9f9f9a5,71931,brasilia,DF,3.4794328703703705,31.941805555555554,0,382.38
ace40bfbb1899962a31befa39dd5045c,d07d439fba7d3954108504740475a081,delivered,2017-04-10 07:58:40,2017-04-11 04:02:42,2017-04-13 13:05:51,2017-04-20 12:41:31,2017-05-04,55.9,18.67,1,1,74.57,1,1,5.0,1.0,383e1b1f3984384d9caa050379d4d0fa,25811,tres rios,RJ,10.196423611111111,23.66759259259259,0,74.57
7fc65542211bac2f7c30c30f3e6916ae,0474930b6f1687f99415cee7aee3d55b,delivered,2017-04-10 09:14:35,2017-04-10 09:25:15,2017-04-13 11:42:48,2017-04-18 10:54:48,2017-05-10,45.9,11.74,1,1,57.64,1,1,5.0,1.0,459534589ae424a4955f7fb79760a3a7,1410,sao paulo,SP,8.069594907407408,29.614872685185187,0,57.64
42fdc0817cb49d77bca55ffa9892c2fe,642d384dec6ec1959159dd012f83a7ce,delivered,2017-04-10 09:59:58,2017-04-10 10:15:15,2017-04-17 10:43:48,2017-04-19 14:03:26,2017-05-02,79.9,11.17,1,1,91.07,9,1,5.0,1.0,1da6142cc08a390d56aca00ca0bf334e,4269,sao paulo,SP,9.169074074074073,21.58335648148148,0,91.07000000000001
55c863e656258bebf75d429db9055bec,84277fad7c65394532e950000400cb73,delivered,2017-04-10 10:00:25,2017-04-10 10:15:15,2017-04-10 12:36:59,2017-04-18 12:35:28,2017-05-02,259.9,44.62,1,1,304.52,4,1,5.0,1.0,2cf5f400e1fe53d4ca5684d666491fe0,13180,sumare,SP,8.10767361111111,21.58304398148148,0,304.52
f9a61f17bff852cd69b6fee5812cb593,4dbc842125d6adba822dc8cbd448bce2,delivered,2017-04-10 10:28:48,2017-04-10 10:42:15,2017-04-11 13:44:08,2017-04-13 13:34:36,2017-05-05,55.0,15.6,1,1,70.6,1,1,5.0,1.0,453a39f9a4e8799575c08849a2fda33a,22783,rio de janeiro,RJ,3.129027777777778,24.563333333333333,0,70.6
c229b75b5de5a2b3a83417c4d5b4343a,c2a245ef579dd7e4212f9bbf9a4d8cdf,delivered,2017-04-10 10:41:42,2017-04-11 02:15:07,2017-04-12 14:42:38,2017-04-18 16:26:15,2017-05-10,89.0,40.06,1,1,129.06,2,1,4.0,1.0,5b9102c033e98918ec6bbffa97684fa0,82600,curitiba,PR,8.239270833333334,29.554375,0,129.06
75a639df77fe1f5f3550222a60a47fdb,bd58be68ec31c0d2be16026dd9ab47d8,delivered,2017-04-10 10:46:18,2017-04-10 10:55:16,2017-04-10 13:48:20,2017-04-17 15:28:11,2017-05-04,129.9,19.19,1,1,149.09,3,1,5.0,1.0,32743e35115f201aecebe46b867450f6,36500,uba,MG,7.195752314814815,23.551180555555554,0,149.09
29664dfe32fa36fe220eb8ba86d93445,deabe38b10927cb85e6701d3f055c690,delivered,2017-04-10 10:53:20,2017-04-11 03:50:38,2017-04-11 07:07:54,2017-04-18 13:55:10,2017-05-08,11.99,15.65,1,1,27.64,1,1,5.0,1.0,fa8c2cfec9eecf82e7f3c3d2dfb0405b,72145,brasilia,DF,8.126273148148147,27.546296296296298,0,27.64
f5086e98ae53a54d0c55845e227d7db6,12124d576ae42436cb8c39b2623d6e5d,delivered,2017-04-10 10:56:03,2017-04-10 11:10:12,2017-04-20 09:07:39,2017-05-02 14:19:34,2017-05-10,17.46,38.1,2,1,55.56,5,1,2.0,1.0,6c4fea95f5baaadf8233adb0fdbc6079,89518,macieira,SC,22.141331018518517,29.544409722222223,0,55.56
c65a9006ea98064829711ea412e5d9a1,f16d750c9405cda886db8c3c60dc00e0,delivered,2017-04-10 11:02:37,2017-04-11 03:45:14,2017-04-11 12:09:40,2017-04-18 14:10:46,2017-05-02,116.0,11.42,1,1,127.42,1,1,5.0,1.0,5c8b41ba21631ca0432de4a10a56fcf1,15910,monte alto,SP,8.130659722222223,21.539849537037036,0,127.42
c6debc710c2b29405098532721c1a42b,15e8b23dbf6e9303bd7e59332049dd53,delivered,2017-04-10 11:18:24,2017-04-10 11:30:18,2017-04-10 13:17:48,2017-04-19 15:14:30,2017-05-05,600.0,76.96,1,1,676.96,6,1,5.0,1.0,c4e292752e8cf777263063aabc49b847,97418,toropi,RS,9.163958333333333,24.52888888888889,0,676.96
21e66217f32d0775592d587a9cee5860,ce40bdf89725ab732c923660e1e3c932,delivered,2017-04-10 11:36:05,2017-04-11 03:55:24,2017-04-11 08:55:55,2017-04-13 15:26:45,2017-05-02,99.99,15.81,1,1,115.8,1,1,3.0,1.0,e6705943467b395bfe2005f4b7128a51,14406,franca,SP,3.160185185185185,21.516608796296296,0,115.8
29ce31378acbd5bc48a0518e3770eb8c,5894393ffe7a7ef175d8da5852e807a4,delivered,2017-04-10 11:42:14,2017-04-10 11:55:15,2017-04-11 08:36:07,2017-05-19 13:44:11,2017-05-16,355.9,26.98,1,1,382.88,10,1,3.0,1.0,b507e4aca8c030b247cebc90574ea6b2,76808,porto velho,RO,39.0846875,35.51233796296296,1,382.88
8f41f6ee6b11dbc12bd14d1d0ce1641e,c45842da0f866f6c40b7ba3f7c1aac20,delivered,2017-04-10 11:53:07,2017-04-10 12:05:32,2017-04-11 14:54:36,2017-04-17 09:52:48,2017-05-04,44.9,14.52,1,1,59.42,1,1,3.0,1.0,caaddc11f386496d63c1c175522f0be2,21235,rio de janeiro,RJ,6.91644675925926,23.504780092592593,0,59.42
29382aea641df80ffc138e1d4dd50ffd,3bc9f7d14d203861ea755eea92e8515c,delivered,2017-04-10 11:57:04,2017-04-10 12:10:45,2017-04-12 09:44:44,2017-04-18 12:33:52,2017-05-02,5.9,10.96,1,1,16.86,1,1,4.0,1.0,c1d4861a3e5f99db35cc7e35764d265e,6730,vargem grande paulista,SP,8.025555555555556,21.502037037037038,0,16.86
36ddc5f19d31a8d744d01bbbd1d11321,0c899011c2b518fac4cf807a57f4fd7f,delivered,2017-04-10 11:58:16,2017-04-11 03:55:16,2017-04-12 16:17:39,2017-04-20 09:33:14,2017-05-11,209.5,15.64,1,1,225.14,1,1,5.0,1.0,2fd67196b262395b933da4c1346fd26c,1323,sao paulo,SP,9.899282407407407,30.501203703703705,0,225.14
5ae83f493320d31409a108dfd7aa5c20,6cad022a750365e31c429d9f6eae160f,delivered,2017-04-10 12:35:53,2017-04-11 12:25:53,2017-04-12 13:05:53,2017-05-15 17:52:51,2017-05-04,19.99,14.52,1,1,34.51,1,1,5.0,1.0,23981df02aab2a148db4f90e357fe8e0,37570,ouro fino,MG,35.22011574074074,23.47508101851852,1,34.51
023ae47e11483bdb8aa35fa4662aee1c,a4856ab766d5bbc379fd5c770def82e5,delivered,2017-04-10 12:41:33,2017-04-12 02:43:05,2017-04-12 16:32:29,2017-04-18 16:50:30,2017-05-05,89.99,22.1,1,1,112.09,1,1,2.0,1.0,53b6b5d65fbd2f3375bd4ae0b72f4023,24230,niteroi,RJ,8.172881944444445,24.471145833333335,0,112.09
7ad41ea08a2c58430824670667219a6e,a424e1e6a6c44dd152dcb1c7c6f6e178,delivered,2017-04-10 12:47:28,2017-04-10 13:00:45,2017-04-11 12:09:41,2017-05-16 15:32:18,2017-05-16,99.99,25.19,1,1,125.18,1,1,5.0,1.0,3eff2684f5dd08b7e1b65b828d930cbe,60125,fortaleza,CE,36.11446759259259,35.46703703703704,1,125.17999999999999
e156efe18c91ba079f1b2d16ee45b4a0,e40062f086a32b25380806237e2d433f,delivered,2017-04-10 12:48:15,2017-04-11 13:05:56,2017-04-12 17:05:42,2017-05-06 11:42:10,2017-05-17,89.99,36.86,1,1,126.85,5,1,3.0,1.0,73747ef975df23e052c80bca0d3848b7,60710,fortaleza,CE,25.954108796296296,36.46649305555555,0,126.85
cb92b276a7de36c49df850016137384e,0dc7871245a2049358cfa65402287376,delivered,2017-04-10 12:56:29,2017-04-10 13:10:12,2017-04-13 15:19:46,2017-04-26 13:24:19,2017-05-16,339.0,28.63,1,1,367.63,5,1,5.0,1.0,0f01c2a7c7f6e8f75e0e3c9cc8bb7474,67133,ananindeua,PA,16.019328703703703,35.460775462962964,0,367.63
c0101e90b905c8518103661781b2c6f2,74de83afe08d2529497f0852773a0403,delivered,2017-04-10 13:04:04,2017-04-10 13:15:11,2017-04-11 12:18:25,2017-04-13 13:34:36,2017-05-02,129.99,9.28,1,1,139.27,2,1,5.0,1.0,41780f8e2225e1b3f229b072a45a214d,3525,sao paulo,SP,3.0212037037037036,21.45550925925926,0,139.27
7efe7d821a28e5891395832097475428,13eecc109755d75fffcf60091efa0661,delivered,2017-04-10 13:30:36,2017-04-10 13:45:18,2017-04-11 12:09:41,2017-04-18 12:30:07,2017-05-04,232.0,29.96,2,1,261.96,1,1,1.0,1.0,2e240821e6a4ec76c51e350c00aa3d1a,35162,ipatinga,MG,7.957997685185185,23.437083333333334,0,261.96
0f88fcbdd500681c7245bab9a68eea90,3414eaa6e8afbdc7e2be673c8a71e22f,delivered,2017-04-10 13:32:46,2017-04-11 03:55:14,2017-04-12 18:27:40,2017-04-28 09:29:33,2017-05-12,99.99,24.9,1,1,124.89,1,1,5.0,1.0,e4df6d42ae7dde449e1fc9ec0eb82a5e,47220,campo alegre de lourdes,BA,17.831099537037037,31.435578703703705,0,124.88999999999999
69c57a5417fc7d21a4eefc51ccb864c0,dc755b08c86f5315f97a52458fbd59b0,delivered,2017-04-10 13:43:23,2017-04-10 13:55:19,2017-04-10 15:30:21,2017-04-17 09:54:11,2017-05-04,89.18,15.83,1,1,105.01,2,1,1.0,1.0,d0e2d3a16b7a5b1cb689123a88937410,28896,rio das ostras,RJ,6.840833333333333,23.42820601851852,0,105.01
8a5f32ecf64f7184eaf136788c11f13a,04b7d26bde4f2d2fee0043ef81e664b1,delivered,2017-04-10 13:53:43,2017-04-10 14:05:14,2017-04-11 08:36:07,2017-04-17 15:38:13,2017-05-04,355.9,16.66,1,1,372.56,1,1,5.0,1.0,9ef6d1d9fdc6511e44eb6b7c68a765e9,38067,uberaba,MG,7.0725694444444445,23.42103009259259,0,372.56
990dd7fbb9ecbada4647e9e05a4739d2,6929301c2dd23e9c034837037a2ad189,delivered,2017-04-10 13:54:32,2017-04-10 14:10:28,2017-04-13 16:33:47,2017-05-22 15:46:12,2017-05-12,81.56,22.07,1,1,103.63,1,1,2.0,1.0,584f32308dadfc727c78c03c16697b5d,57046,maceio,AL,42.0775462962963,31.42046296296296,1,103.63
fb3c1f08a4346c10895de685d7debb5d,cdd1b87eb389c9080a3095c78129c04b,delivered,2017-04-10 13:58:59,2017-04-10 14:10:13,2017-04-10 14:59:43,2017-04-20 17:11:20,2017-05-15,69.9,19.08,1,1,88.98,1,1,1.0,1.0,98ffe43d4c4bdd99338e11b877032ffb,91750,porto alegre,RS,10.133576388888889,34.417372685185185,0,88.98
7a10ea23f189a9e4a2c03c5a54511b10,206e181adedd880f4c924c3bb366cd9a,delivered,2017-04-10 14:23:43,2017-04-11 06:35:21,2017-04-11 12:18:23,2017-04-17 09:20:10,2017-05-02,129.99,11.52,1,1,141.51,1,1,3.0,1.0,2c05a841a597accea422384774e2e1dc,11444,guaruja,SP,6.7892013888888885,21.40019675925926,0,141.51000000000002
54ac5ed66a8b2c74a3878d90d805f367,e6ed40b69433d15314244f3ef50bcd29,delivered,2017-04-10 14:29:16,2017-04-10 14:42:13,2017-04-12 11:53:38,2017-04-19 11:37:46,2017-05-04,39.9,14.52,1,1,54.42,1,1,5.0,1.0,23dc3a062c6c097bcb3940a909e7730f,9842,sao bernardo do campo,SP,8.880902777777777,23.396342592592593,0,54.42
e413fcce1c572bf00dbaa61203d45afe,3e2bc5a52f6f117478085f667ec285e3,delivered,2017-04-10 14:44:46,2017-04-10 14:55:16,2017-04-12 10:22:29,2017-04-18 19:55:03,2017-05-02,38.5,11.74,1,1,50.24,4,1,4.0,1.0,d4d86ac8af2a2611d9b360d28d4321dd,37900,passos,MG,8.215474537037037,21.385578703703704,0,50.24
e22da8f5aa7c1414020c647664a8483b,060d1aa4818f0382d6a4cd5549e63dc4,delivered,2017-04-10 14:54:45,2017-04-10 15:10:10,2017-04-13 09:22:48,2017-04-27 13:48:03,2017-05-18,59.9,24.91,1,1,84.81,1,1,5.0,1.0,ed266cb9c07a4546fb371302a8299920,50640,recife,PE,16.953680555555554,37.37864583333333,0,84.81
5c1bb17af6206762f786319af540cd0a,bc45a57dc2dd1214356af83eb57a46f3,delivered,2017-04-10 15:14:47,2017-04-10 15:25:16,2017-04-12 14:27:11,2017-04-19 13:53:22,2017-05-04,299.99,17.31,1,1,317.3,10,1,5.0,1.0,a2592ff872c8acbdfa3f2c6275375338,13276,valinhos,SP,8.943460648148148,23.364733796296296,0,317.3
aa03de19670a15a6b34b00bf2ee4b2b1,4a1add67cdb4e087d6fed466bbdb032c,delivered,2017-04-10 15:15:17,2017-04-12 02:50:42,2017-04-18 12:32:56,2017-05-10 17:58:09,2017-05-17,99.0,29.62,1,1,128.62,1,1,5.0,1.0,cd2e9ce0427b3f259d7735b6f2a016e6,46430,guanambi,BA,30.11310185185185,36.364386574074075,0,128.62
362d05992700eba655eb66eae33e4d65,59f7075aab4387806b4268980afe1891,delivered,2017-04-10 15:23:41,2017-04-10 15:35:07,2017-04-11 07:08:00,2017-04-27 17:38:32,2017-05-16,109.0,24.96,1,1,133.96,2,1,5.0,1.0,980c131b2615eecf930d0f49b0eae720,78505,terra nova do norte,MT,17.093645833333333,35.35855324074074,0,133.96
d67173b46251d818f2e39cbe8efd0f9b,5aa36088d0f8d608ad9978a66622a6eb,delivered,2017-04-10 16:04:57,2017-04-10 16:15:23,2017-04-12 13:32:55,2017-04-18 14:22:21,2017-05-08,34.99,14.52,1,1,49.51,3,1,3.0,1.0,f5999439738ac316c9da17fdd8ec80d2,83411,colombo,PR,7.92875,27.32989583333333,0,49.510000000000005
16fd9bbafac5533abf2bd1b5bec61ec4,5d1299e7ec3d027f7e9bec34600a1b37,delivered,2017-04-10 16:11:37,2017-04-12 02:43:01,2017-04-18 16:09:53,2017-05-05 13:22:33,2017-05-04,29.9,14.52,1,1,44.42,1,1,4.0,1.0,6ece5e46e6207fac4000c8ec1925e53b,35114,pescador,MG,24.88259259259259,23.325266203703702,1,44.42
0db1503ec6e7230c55407767f4e2cc5d,b79c9fed616f2dcebd9a50302c52411b,delivered,2017-04-10 16:15:58,2017-04-10 16:25:20,2017-04-12 12:34:17,2017-05-03 07:44:28,2017-05-18,109.9,29.7,1,1,139.6,7,1,1.0,1.0,e0c47551ce8bc3c752bc9ce104de212b,68665,garrafao do norte,PA,22.644791666666666,37.32224537037037,0,139.6
ab3564822a24b5d7496a7ca54b0a2f62,10ee255a9c015e0148f2bc3bbb595e6b,delivered,2017-04-10 16:21:37,2017-04-11 03:45:36,2017-04-12 11:55:37,2017-05-03 13:49:57,2017-05-12,34.9,20.8,1,1,55.7,1,1,5.0,1.0,17296af3674fcd870475621b96ad7413,62375,carnaubal,CE,22.894675925925927,31.31832175925926,0,55.7
0d9df4f2f2ff31254428de406416328c,7780df2165ac312b97f275f0f5efddf1,delivered,2017-04-10 16:22:35,2017-04-10 16:35:09,2017-04-13 13:23:12,2017-04-20 15:00:06,2017-05-02,18.95,10.96,1,1,29.91,1,1,5.0,1.0,46df1204cb9fe74558853191f8804909,13835,conchal,SP,9.942719907407408,21.317650462962963,0,29.91
a3e07c6b717e74f8c384d148d7903e66,0c8f204b82c7f4baf4e6f909251663b3,delivered,2017-04-10 16:26:41,2017-04-10 16:42:23,2017-04-12 06:33:03,2017-04-19 17:08:13,2017-05-02,69.9,11.88,1,1,81.78,1,1,4.0,1.0,6fb1f95db49889a35b454b93cfa9e259,13212,jundiai,SP,9.028842592592593,21.31480324074074,0,81.78
aa9b1d8c2b53c8780216ea7c3b88452f,37dab02dba724717bf07e823bcc44742,delivered,2017-04-10 16:44:31,2017-04-10 16:55:19,2017-04-12 16:08:12,2017-05-05 06:27:42,2017-05-08,9.9,16.05,1,1,25.95,1,1,4.0,1.0,6874d746fe41f4483251e73539dda86c,71680,brasilia,DF,24.571655092592593,27.30241898148148,0,25.950000000000003
a1e6c98ad1716db91efc64d1bd0271bf,bc40b6c7a39b5a6a0f551902fd9fba71,delivered,2017-04-10 16:52:46,2017-04-10 17:05:09,2017-04-11 12:03:17,2017-04-19 14:54:10,2017-05-04,81.9,14.74,1,1,96.64,3,1,5.0,1.0,57017bffe1b59c7da66267b6d3fcd44d,39440,janauba,MG,8.917638888888888,23.296689814814815,0,96.64
63427723caf2bf22cb154f3d26951677,d247ffe58f195ed4a80b16c53d4692ce,delivered,2017-04-10 17:05:26,2017-04-12 16:10:14,2017-04-18 12:32:55,2017-05-02 10:38:09,2017-05-09,99.0,19.28,1,1,118.28,10,1,5.0,1.0,058b4f94b9f3d56dfed6db3bc7e68590,13278,valinhos,SP,21.731053240740742,28.28789351851852,0,118.28
c3fbba8f64cc6b2e99abc0e00d5ade2b,214c9a1e18b8592e8a56bfcf31514b9b,delivered,2017-04-10 17:10:58,2017-04-10 17:22:26,2017-04-12 11:57:12,2017-04-20 12:31:32,2017-05-11,1375.0,25.33,1,1,1400.33,1,1,3.0,1.0,540bd689a2065b9177dedb9758cbc992,97043,santa maria,RS,9.805949074074075,30.284050925925925,0,1400.33
8891d9a0e471cfce188b5ba26ab4deb3,f28c324210f50213fb650245fd97917f,delivered,2017-04-10 17:12:52,2017-04-10 17:25:27,2017-04-11 12:20:49,2017-04-19 12:36:34,2017-05-02,84.9,11.2,1,1,96.1,1,1,5.0,1.0,864e517a3d25387ba522277812310dff,8021,sao paulo,SP,8.808125,21.28273148148148,0,96.10000000000001
122113ebabe53addad2976ed1ba7cfe3,468c50060017c568e068d4608b5bfa16,delivered,2017-04-10 17:23:43,2017-04-10 17:35:17,2017-04-11 15:00:08,2017-04-20 13:52:59,2017-05-15,69.9,16.19,1,1,86.09,1,1,5.0,1.0,eb255e9f7f5fbc8315061b20ae8f3ad7,94020,gravatai,RS,9.853657407407407,34.27519675925926,0,86.09
5e11fe9f9a64d664e12cf549745060e0,44a838eb7c573fe810820c3f440bf4f0,delivered,2017-04-10 17:39:35,2017-04-10 17:50:17,2017-04-12 11:54:52,2017-04-18 18:37:05,2017-05-04,42.99,14.11,1,1,57.1,1,1,5.0,1.0,61c67ca191fb209bf1313682f850123f,20040,rio de janeiro,RJ,8.039930555555555,23.26417824074074,0,57.1
c5bc852c581a2a4b56aacec903138baa,5261db1ae37e32512f4e406d0db1a3ea,delivered,2017-04-10 17:49:28,2017-04-10 18:05:09,2017-04-11 17:43:59,2017-04-20 14:34:06,2017-05-09,299.0,17.79,1,1,316.79,3,1,1.0,1.0,e73001f4895ca0918ef165040cebd971,20961,rio de janeiro,RJ,9.864328703703704,28.257314814814816,0,316.79
25897fea02375384a97507a86d846923,c5b0e8747809dbd77c33e961212674f4,delivered,2017-04-10 17:55:57,2017-04-10 18:10:10,2017-04-11 14:53:06,2017-04-20 13:46:55,2017-05-04,179.8,28.78,2,1,208.58,1,1,2.0,1.0,ed023e1c2345f2703c7c14bca947e840,22010,rio de janeiro,RJ,9.827060185185186,23.2528125,0,208.58
1dc00931526c6633db6df2a5f862830f,6e20bece97c49a1acb50dd8a05c0220a,delivered,2017-04-10 18:11:16,2017-04-10 18:22:38,2017-04-11 11:34:22,2017-04-19 14:05:47,2017-05-02,94.5,13.24,1,1,107.74,4,1,5.0,1.0,66c9d27d8fe7e2ffc74e1179ff66b3af,39200,corinto,MG,8.829525462962962,21.242175925925928,0,107.74
ffe3153dcf1c03911848f64ed557764b,9e73c9ebfd2c3c58898f89e7d0409ea4,delivered,2017-04-10 18:36:47,2017-04-11 03:55:09,2017-04-13 07:56:06,2017-04-20 06:42:41,2017-05-08,259.9,27.31,1,1,287.21,1,1,5.0,1.0,21b5bd1b2c31a2baf0f6f49f3d35ae5c,22030,rio de janeiro,RJ,9.504097222222223,27.22445601851852,0,287.21
977f8eef6a47769a1ed52e1dc7111340,54716fd2984a45618846789f0720d58f,delivered,2017-04-10 18:43:32,2017-04-10 18:55:10,2017-04-11 12:18:29,2017-04-18 15:17:14,2017-05-04,129.99,17.16,1,1,147.15,3,1,2.0,1.0,5efdddb403c8b874cb9a6c4955422f0d,31255,belo horizonte,MG,7.856736111111111,23.219768518518517,0,147.15
cc0a0d27ed6897ad08f28a1f2472a49d,9849dbeaa220f8e584cb0a572d708160,delivered,2017-04-10 19:31:22,2017-04-10 19:45:15,2017-04-11 10:48:33,2017-04-15 11:24:37,2017-05-09,89.9,11.24,1,1,101.14,2,1,3.0,1.0,1d53bb3c7571500cd781b6d37ac93b0d,1424,sao paulo,SP,4.661979166666667,28.186550925925925,0,101.14
7d00513b69718715b52d242ae838730e,baf139d17c0df8f5a049b57af7642f3a,delivered,2017-04-10 19:52:53,2017-04-10 20:05:12,2017-04-13 15:14:10,2017-04-20 11:34:45,2017-05-04,89.9,20.12,1,1,110.02,6,1,5.0,1.0,d35fb9dd41eb6917edd89ad0eb9661d1,20540,rio de janeiro,RJ,9.654074074074074,23.171608796296297,0,110.02000000000001
cc6995f103edcfb65e48d731aec60c1d,6cc1ba86426fb7736e66306b0de7e304,delivered,2017-04-10 20:11:58,2017-04-10 20:22:45,2017-04-11 14:34:39,2017-04-13 13:45:07,2017-05-02,89.18,12.01,1,1,101.19,1,1,5.0,1.0,53beace9d0aa08b64d759d5f5a66550c,9020,santo andre,SP,2.7313541666666667,21.15835648148148,0,101.19000000000001
22ae8ab3dfa3ebdf917e692ac6c0348a,ae6858271a7210775085e4309eff5bd7,delivered,2017-04-10 20:17:01,2017-04-11 03:55:39,2017-04-12 09:52:38,2017-04-19 14:58:32,2017-05-16,29.99,15.56,1,1,45.55,1,1,5.0,1.0,b7830a1028c010a90406c14ccece7e6b,7743,caieiras,SP,8.778831018518519,35.15484953703704,0,45.55
48aa82e857be5deaea8efb00a7847b43,8b0b7e9b7100d32941b3cfb34a613b46,delivered,2017-04-10 20:27:44,2017-04-10 20:42:03,2017-05-19 12:27:25,2017-05-23 15:28:00,2017-06-07,164.9,11.76,1,1,176.66,5,1,5.0,1.0,4bcd55806a03d0854780cd203355b2b2,11431,guaruja,SP,42.79185185185185,57.14740740740741,0,176.66
bc3f00ad0efe370a931d034fedaecf61,c72d1cfbb75bd73135c4e6a08a87ff53,delivered,2017-04-10 20:28:34,2017-04-10 20:42:03,2017-04-12 11:54:49,2017-04-17 13:38:08,2017-05-04,42.99,14.11,1,1,57.1,1,1,5.0,1.0,99b13c4df0d99ac3b63affa29d498de4,22250,rio de janeiro,RJ,6.714976851851852,23.146828703703704,0,57.1
6ffa72f134f31770b0670971b48479a8,0fab394e37bc2ebe2a39114e86cac205,delivered,2017-04-10 20:29:29,2017-04-10 20:42:07,2017-04-12 07:58:38,2017-04-17 09:57:15,2017-05-03,24.9,10.96,1,1,35.86,1,1,3.0,1.0,65908c12daed8110dfe2545a543e36d8,2178,sao paulo,SP,6.560949074074074,22.14619212962963,0,35.86
cd4e24fcdcb30525260f987517272999,ddcf7eb0bd65aa35b2f55d322a9863d7,delivered,2017-04-10 20:33:44,2017-04-11 06:35:29,2017-04-11 12:18:23,2017-04-13 11:42:43,2017-05-02,99.99,12.09,1,1,112.08,1,1,5.0,1.0,8f01f92134cafd494c6ac7ace2951f4f,6757,taboao da serra,SP,2.631238425925926,21.14324074074074,0,112.08
2d7bb18faafb815ac7c8deaea1c08381,bdec33889d5e740b542fff862327dac7,delivered,2017-04-10 20:42:58,2017-04-10 20:55:11,2017-04-12 11:54:52,2017-04-20 16:03:02,2017-05-08,49.9,16.05,1,1,65.95,1,1,5.0,1.0,0347fa27107156cbe6f9673afa7da45b,94950,cachoeirinha,RS,9.805601851851852,27.136828703703703,0,65.95
826e8ed6853186bc70550a793129c288,a836f6725983cd79994904405fc070aa,delivered,2017-04-10 20:57:54,2017-04-10 21:10:14,2017-04-11 14:02:00,2017-04-13 13:35:25,2017-05-03,31.5,21.92,2,1,53.42,3,1,5.0,1.0,8091492c09780918d5403f76f6132671,2802,sao paulo,SP,2.6927199074074073,22.126458333333332,0,53.42
707f34ee0f8e9986054ee1c01868dc9e,71df09adbf0c0596daad8db41fc45bb7,delivered,2017-04-10 21:00:21,2017-04-10 21:10:15,2017-04-11 15:50:09,2017-04-20 17:24:34,2017-05-11,119.99,17.58,1,1,137.57,1,1,1.0,1.0,34384f751847d472786c7e4a13f2e6d9,71680,brasilia,DF,9.850150462962963,30.124756944444446,0,137.57
307691e9d5567f71a6ad5945a34170f7,89ad688a79c14c817a28dbddeee449db,delivered,2017-04-10 21:06:06,2017-04-12 02:45:56,2017-04-17 12:12:48,2017-04-19 09:47:01,2017-05-02,37.8,21.92,2,1,59.72,1,1,5.0,1.0,acf7725997583e25aa37d8dd1977ea12,4177,sao paulo,SP,8.528414351851852,21.120763888888888,0,59.72
225d7c8785527da15a95cb218ebb07d5,94fa18bf8b6c02db83202ec61b48778d,delivered,2017-04-10 21:13:20,2017-04-10 21:25:14,2017-04-11 16:26:26,2017-04-17 11:05:12,2017-05-02,45.0,10.96,1,1,55.96,1,1,5.0,1.0,cac0a24ea227fa495eacc91d9f849161,9195,santo andre,SP,6.577685185185185,21.11574074074074,0,55.96
5b19e6d8d588e5f729477c3df4552051,5252326c6b990fdcde424e82efe2a7ca,delivered,2017-04-10 21:26:22,2017-04-11 03:55:29,2017-04-11 15:00:07,2017-04-20 12:36:55,2017-05-11,159.9,17.86,1,1,177.76,1,1,5.0,1.0,571aff22226aab813ea6b7e9904673c3,28908,cabo frio,RJ,9.632326388888888,30.106689814814814,0,177.76
777ee9fd50fbe50e788ef536b1656b08,81d15034733f633b91858fc912702c79,delivered,2017-04-10 21:29:16,2017-04-10 21:42:07,2017-04-13 09:35:42,2017-04-19 17:04:27,2017-05-02,99.99,11.31,1,1,111.3,3,1,5.0,1.0,8329519e31cb1b89bd44c3c6ae417ad6,12460,campos do jordao,SP,8.816099537037037,21.104675925925925,0,111.3
689df1c76ade5917237f5de78be9bb3b,aed09f283cb8d2677280b213d6555751,delivered,2017-04-10 21:54:43,2017-04-10 22:10:18,2017-04-11 14:34:43,2017-04-18 14:53:47,2017-05-08,61.8,17.27,1,1,79.07,1,1,5.0,1.0,8c35fc9933a6304fca24b789825903b5,99490,tapera,RS,7.707685185185185,27.087002314814814,0,79.07
dfc7641abef4e3145eb2f9817c95dd46,0042d04ee8231b36dcb29aac213f5db4,delivered,2017-04-10 21:59:56,2017-04-10 22:10:19,2017-04-17 12:04:56,2017-04-20 12:30:20,2017-05-04,18.95,14.52,1,1,33.47,3,1,3.0,1.0,9e5f9798a71d8f5ec3020a5500d70430,84130,palmeira,PR,9.604444444444445,23.08337962962963,0,33.47
90f9f38799be0f03a4053f82965a3a2e,e2d9a3bda5053fa5ea773af0ef49f00e,delivered,2017-04-10 22:28:25,2017-04-11 02:10:10,2017-04-12 18:31:44,2017-04-18 16:33:01,2017-05-02,47.9,12.93,1,1,60.83,1,1,4.0,1.0,0f9def879749d52671aa5e1c9cdd991d,2401,sao paulo,SP,7.7531944444444445,21.06359953703704,0,60.83
a84c6f3ee879e72955a3fcaa2dc55771,836d36fe0e20e7fe17d828cb4af09008,delivered,2017-04-10 22:31:06,2017-04-12 02:42:29,2017-04-17 14:54:11,2017-04-27 12:19:26,2017-05-10,168.66,37.32,2,1,205.98,1,1,1.0,1.0,d0b4d070b79dfda98aed0d61463d99ec,17340,barra bonita,SP,16.57523148148148,29.06173611111111,0,205.98
21c1e4b87c9c6695a749181ed6286926,ed6e8b106e557c95ea0bf5d3a51552b8,delivered,2017-04-10 22:33:21,2017-04-10 22:45:16,2017-04-12 18:27:40,2017-04-20 12:25:49,2017-05-04,99.99,17.44,1,1,117.43,2,1,3.0,1.0,54e83ac205ac19187f842119a4e78297,28020,campos dos goytacazes,RJ,9.578101851851851,23.06017361111111,0,117.42999999999999
5b0abacd375bd7093422a42eaf889d7d,51154f38c84e78ea286ae12b3815b74e,delivered,2017-04-10 22:39:25,2017-04-10 22:50:17,2017-04-11 13:29:45,2017-04-18 13:05:54,2017-05-02,49.0,10.96,1,1,59.96,1,1,5.0,1.0,23f96accb30941942f28b43abe179046,13569,sao carlos,SP,7.601724537037037,21.055960648148147,0,59.96
333b4a6a55acc57f2c11948085cd8c03,46bd443127658318bcdea0b367530e75,delivered,2017-04-10 22:47:35,2017-04-10 22:55:22,2017-04-12 17:18:18,2017-04-20 11:39:37,2017-05-02,179.8,22.48,2,1,202.28,2,1,5.0,1.0,3b6ea5cda9c225bdaddaa78580521095,13331,indaiatuba,SP,9.53613425925926,21.050289351851852,0,202.28
f395e98fb5c1c6ce1306e80de2fe125b,17b84775b092425883616b88bc1bbba2,delivered,2017-04-10 23:12:09,2017-04-10 23:22:28,2017-04-12 14:40:23,2017-04-19 17:57:55,2017-05-11,566.88,18.14,1,1,585.02,10,1,4.0,1.0,35f1161ab7820558312737df4d402295,38190,sacramento,MG,8.781782407407407,30.03322916666667,0,585.02
ba4630480d9cb693430e8ee1e82b9c7a,d7a4e554d11cb0d1f2695ec77f8fefb8,delivered,2017-04-10 23:29:46,2017-04-10 23:42:09,2017-04-11 17:16:37,2017-04-20 12:03:14,2017-05-15,599.0,24.01,1,1,623.01,9,1,5.0,1.0,a9e6363f36f640221fb0bea8973f64ea,90520,porto alegre,RS,9.523240740740741,34.02099537037037,0,623.01
58c10b9936eee35a71e3c48a423f2ec2,eab1c61ab54fb656da04dfdeed580682,delivered,2017-04-10 23:32:40,2017-04-11 14:10:12,2017-04-12 16:34:23,2017-04-18 13:08:08,2017-05-16,49.9,14.52,1,1,64.42,6,1,5.0,1.0,9128b404325e64a95b31473e17cccfde,33600,pedro leopoldo,MG,7.566296296296296,35.01898148148148,0,64.42
d6f108355f5a66dc53b93f8d8929eb66,4a8a4a96c8038befbaf046a84b9851f1,delivered,2017-04-10 23:39:55,2017-04-12 09:45:09,2017-04-13 09:01:01,2017-04-18 14:39:08,2017-05-08,34.99,14.52,1,1,49.51,4,1,5.0,1.0,4027d57ca215adf6c9231b6aa55d24a1,32285,contagem,MG,7.624456018518519,27.01394675925926,0,49.510000000000005
4b36c120a0c6045f851737d51653a036,19a4b3431071ef0088f9891c3fb8278a,delivered,2017-04-10 23:40:48,2017-04-10 23:50:15,2017-04-13 13:05:50,2017-04-18 12:18:24,2017-05-04,59.9,15.63,1,1,75.53,3,1,5.0,1.0,cc82b8a8f2d47545f918781240432edb,2245,sao paulo,SP,7.526111111111111,23.013333333333332,0,75.53
352f09822e9d9bd34662893b7266177a,38a49ec1f03ef9b4db7e8ef5fbb660ea,delivered,2017-04-11 01:53:32,2017-04-11 13:30:23,2017-04-11 14:34:00,2017-04-13 13:16:21,2017-05-03,35.0,8.72,1,1,43.72,1,1,5.0,1.0,bf3a222ebcf78d175ba8d463c1c299d4,4837,sao paulo,SP,2.474178240740741,21.921157407407406,0,43.72
6cdb9b31878fbe99cbad7cde30306101,a7994f163edf8455763d1630fd0fba3f,delivered,2017-04-11 06:33:17,2017-04-11 06:45:13,2017-04-12 16:54:31,2017-04-18 13:53:46,2017-05-09,199.0,15.56,1,1,214.56,10,1,5.0,1.0,d08289eba2f745ea78c7abd5b788f0fe,20260,rio de janeiro,RJ,7.305891203703704,27.726886574074076,0,214.56
78c4c41e23fce373ccb74d07aac38c44,abb5f1e317829843b87cefa88f6bfa08,delivered,2017-04-11 06:38:01,2017-04-12 02:45:41,2017-04-12 11:53:09,2017-04-17 10:55:29,2017-05-03,49.9,12.93,1,1,62.83,1,1,5.0,1.0,574bbaf52ff075f495bf66c24bbdcb92,7012,guarulhos,SP,6.178796296296296,21.723599537037035,0,62.83
0401f33945d6292657d6a4d951191570,62c2b34ef77182d555a097e092cec25e,delivered,2017-04-11 07:49:41,2017-04-11 08:05:12,2017-04-12 17:47:53,2017-04-19 11:18:33,2017-05-03,44.55,11.74,1,1,56.29,4,1,4.0,1.0,60ae910f58006f096b4d848e5df0b6f1,14804,araraquara,SP,8.145046296296297,21.67383101851852,0,56.29
6166489270fe109062267b9e022c0292,8123b58f6a6cc879ccf2c561f553c29b,delivered,2017-04-11 08:26:45,2017-04-11 08:42:05,2017-04-11 09:26:26,2017-04-17 08:00:00,2017-05-03,29.99,10.96,1,1,40.95,1,1,5.0,1.0,71f5d6c0cf885d0b2b52836a4c469bc3,9721,sao bernardo do campo,SP,5.981423611111111,21.64809027777778,0,40.95
0bbb3f7791a87d0307555e57da3a1ff1,126e796f3f459d75233ffae11eda5001,delivered,2017-04-11 09:24:49,2017-04-11 09:35:16,2017-04-13 09:17:02,2017-04-20 09:19:39,2017-05-11,119.9,17.58,1,1,137.48,7,2,5.0,1.0,43128f4462af59091a28f9141a3ee7ba,24800,itaborai,RJ,8.996412037037038,29.607766203703704,0,137.48000000000002
80897d5d4e8f07edd515daa585302e6b,1df202848b9d575c667c29519f38249e,delivered,2017-04-11 10:31:19,2017-04-11 10:42:30,2017-04-17 08:57:48,2017-05-10 06:42:16,2017-05-03,59.0,11.02,1,1,70.02,1,1,2.0,1.0,dd9e701f807522b3c310158b8847d5f5,4252,sao paulo,SP,28.8409375,21.56158564814815,1,70.02
26ee9b0996cc3a28168e26900655f284,656477848dc4b3edc9e37da3b21b7c91,delivered,2017-04-11 10:49:06,2017-04-12 10:55:11,2017-04-15 06:13:55,2017-04-18 12:23:30,2017-05-08,59.49,9.41,1,1,68.9,1,1,5.0,1.0,5af136e0f8150962dfabd8dd1d998b12,3357,sao paulo,SP,7.065555555555555,26.54923611111111,0,68.9
b38a6a796d97abf00c33609a618732b2,24d300099173d05c70c2d046c9686a54,delivered,2017-04-11 10:49:20,2017-04-11 11:02:10,2017-04-11 14:33:34,2017-05-02 17:05:54,2017-05-15,59.9,24.62,1,1,84.52,1,1,5.0,1.0,bb2752b7d01f3ca96013294e39f3e20f,96201,rio grande,RS,21.26150462962963,33.54907407407408,0,84.52
7aa62957446715905f98f714be58f580,7caf9525fd9a661ecce17edbaad4caee,delivered,2017-04-11 10:52:50,2017-04-11 11:05:09,2017-04-12 11:54:01,2017-05-03 13:36:47,2017-05-15,418.0,43.02,2,1,461.02,10,1,1.0,1.0,0aadc1d26d1c8b88a52c39a533ccea93,40055,salvador,BA,22.113854166666666,33.54664351851852,0,461.02
a620134309363f6c21a14ebb3924590c,aa99ed6019be0975bae06ada5791c011,delivered,2017-04-11 11:31:51,2017-04-11 11:45:20,2017-04-18 15:12:25,2017-05-04 15:34:10,2017-05-24,199.0,32.99,1,1,231.99,2,1,4.0,1.0,9ebebaeb7533b8b926ae54b1fa0e33e8,57045,maceio,AL,23.168275462962963,42.51954861111111,0,231.99
2e0ff81253a7fa54020cedbb9835d1c7,cd8b10b923d9c792b2549784392f15ab,delivered,2017-04-11 12:05:15,2017-04-12 02:42:26,2017-05-23 09:19:55,2017-05-25 09:49:39,2017-05-09,299.9,23.84,1,1,323.74,1,1,2.0,1.0,1f4296f408415fc3c9e701577c7350f0,1423,sao paulo,SP,43.905833333333334,27.496354166666666,1,323.73999999999995
443cb0e10e1568b0aedc7e11ab91dd2f,ecaeabaa3109d6a613f300679354d494,delivered,2017-04-11 12:35:07,2017-04-11 13:05:24,2017-04-13 14:28:25,2017-05-02 14:27:51,2017-05-18,99.0,21.14,1,1,120.14,1,1,4.0,1.0,d6ed39408130bdfbe6ae8a178bb40d61,44540,conceicao do almeida,BA,21.078287037037036,36.47561342592593,0,120.14
ddcf6c758c04fe3f2e0d1ae301ec5f40,52128c30f27e3166029ab4ad0b502c94,delivered,2017-04-11 12:45:06,2017-04-12 09:02:14,2017-04-13 10:50:43,2017-05-09 17:57:59,2017-05-18,39.9,17.78,1,1,66.62,6,1,4.0,1.0,ff580ab4901e3619925a27db44eec095,48905,juazeiro,BA,28.217280092592592,36.46868055555556,0,57.68
74dc1c443804373ca86896a9b26a02c2,aabb0076dc8016bbc33dd9890b1cdafb,delivered,2017-04-11 12:45:57,2017-04-12 13:07:09,2017-04-18 16:48:25,2017-05-12 13:21:50,2017-05-05,18.95,14.52,1,1,33.47,3,1,1.0,1.0,9cc1821c467e83ddaa26f7ada89e39e0,35519,nova serrana,MG,31.02491898148148,23.468090277777776,1,33.47
1c26ca7959ab2a38626a3be3004baed9,944c6ee35914cce1ad278c06a649b312,delivered,2017-04-11 12:46:10,2017-04-11 13:05:38,2017-04-12 11:55:03,2017-04-18 12:51:36,2017-05-05,34.9,14.52,1,1,49.42,1,1,5.0,1.0,684e3d88c0afa75bc723a30921f07fbe,21380,rio de janeiro,RJ,7.003773148148148,23.467939814814816,0,49.42
c915c070ee2f91af30208cd30cd0dee0,2ff074b1dbce2bc816bf81c3c820ba5c,delivered,2017-04-11 12:59:03,2017-04-11 13:10:19,2017-04-11 17:19:00,2017-04-19 13:22:46,2017-05-03,139.9,12.37,1,1,162.88,5,1,5.0,1.0,bc794c0cc9ad7ef403d8281021e00992,18230,sao miguel arcanjo,SP,8.016469907407407,21.458993055555556,0,152.27
9de76ec033b835610e97e8b8b78011d1,15a15490641145429be8cdd6ce872d68,delivered,2017-04-11 13:00:12,2017-04-11 13:10:17,2017-04-17 17:20:24,2017-04-28 11:42:45,2017-05-08,52.0,18.64,1,1,70.64,5,1,1.0,1.0,928616c185852cc998407c716a6f69bc,25020,duque de caxias,RJ,16.946215277777778,26.458194444444445,0,70.64
2d021148258852ee21ec94ddeb0dbe3a,8ee87572536d519bc74c166ace05e501,delivered,2017-04-11 13:00:31,2017-04-11 13:10:16,2017-04-12 11:55:53,2017-04-22 09:04:00,2017-05-03,64.99,11.84,1,1,76.83,4,1,5.0,1.0,91fd864bbfadfa78a284620fa33c7826,13216,jundiai,SP,10.835752314814815,21.457974537037035,0,76.83
5d78d11ebe819b207a2c7530ca368d0e,5f5338d15473dca8643f97ed503ffe96,delivered,2017-04-11 13:23:05,2017-04-11 13:35:09,2017-04-12 09:18:55,2017-04-19 11:18:00,2017-05-09,55.8,17.23,1,1,73.03,5,1,5.0,1.0,34e9218036622d21dadebbfade12537f,29705,colatina,ES,7.913136574074074,27.442303240740742,0,73.03
4519d054994236d26b04aba27498afb9,fb713deec65d4832addaff1950dee895,delivered,2017-04-11 13:37:00,2017-04-12 02:45:21,2017-04-18 09:28:04,2017-04-27 13:20:06,2017-05-05,18.16,14.52,1,1,32.68,1,1,5.0,1.0,60b1b4c715a06c7120279bc8da388fd2,37250,nepomuceno,MG,15.98826388888889,23.43263888888889,0,32.68
1a0b31f08d0d7e87935b819ede91a321,7e769bb9acb55403ebd7ea57a7a4421c,delivered,2017-04-11 13:50:49,2017-04-11 14:05:17,2017-04-13 17:35:03,2017-04-18 08:18:11,2017-05-18,35.7,15.65,1,1,51.35,1,1,5.0,1.0,f2633c20568b076dbf77e08da0419274,5133,sao paulo,SP,6.76900462962963,36.423043981481484,0,51.35
1a647a88b6fa7b167cb5414a372edeb1,a6e927129ccc2bfc77279fb42c178858,delivered,2017-04-11 14:10:19,2017-04-11 14:22:44,2017-04-12 16:07:34,2017-04-24 10:37:35,2017-05-18,132.53,16.63,1,1,149.16,1,1,5.0,1.0,68549c5460dc3dac8e4f0e6f84f7b722,15105,potirendaba,SP,12.85226851851852,36.409502314814816,0,149.16
2804b32d150c753fbd49da4d9c0c3158,5d86d96c2e0dcf2821a9f5b082e8bcc9,delivered,2017-04-11 14:17:17,2017-04-11 14:30:07,2017-04-13 09:35:44,2017-04-20 14:45:04,2017-05-09,316.9,53.2,2,1,370.1,1,1,4.0,1.0,2bfb41d07316202af02dd28b825028d0,98200,ibiruba,RS,9.019293981481482,27.404664351851853,0,370.09999999999997
14f39bb597d6744309d74e7b9daf849f,7fc4a63752bfc3f56f4b3c89afcf083a,delivered,2017-04-11 14:26:33,2017-04-12 14:30:18,2017-04-17 08:32:58,2017-04-20 14:44:19,2017-05-09,110.0,17.51,1,1,127.51,1,1,3.0,1.0,a257d59af2ac0e177a804a68e0afcd73,1422,sao paulo,SP,9.012337962962963,27.398229166666667,0,127.51
ba09602fc04f661e829787eb7ac331e7,ca78e91b282bb706105233eb5762441d,delivered,2017-04-11 14:27:51,2017-04-11 14:42:32,2017-04-13 11:22:33,2017-04-19 11:10:39,2017-05-05,69.9,11.1,1,1,81.0,1,1,5.0,1.0,e65862da4f9f183565831cf7e1cbb7a5,6150,osasco,SP,7.8630555555555555,23.39732638888889,0,81.0
cd95fe8a82e95e3886c96b347c69fccd,2752f0dce1154d9ec3290f9bea9636c9,delivered,2017-04-11 14:30:03,2017-04-12 14:42:37,2017-04-13 10:56:10,2017-04-20 12:24:13,2017-05-15,12.9,14.52,1,1,27.42,1,1,5.0,1.0,8b6f91195941ea75f619a48220bd7c24,37950,sao sebastiao do paraiso,MG,8.91261574074074,33.39579861111111,0,27.42
d2e870fac3d41a82545e1cf3ebaf5a4e,727d45008fe83848235f2e29d60e29f1,delivered,2017-04-11 14:43:04,2017-04-12 06:45:20,2017-04-18 08:57:38,2017-04-27 17:05:47,2017-05-03,259.9,10.81,1,1,270.71,1,1,5.0,1.0,2e9d1a5c6b7469b66b230a6b341229fe,23085,rio de janeiro,RJ,16.099108796296296,21.38675925925926,0,270.71
f03d4c42614d34cdb6c5717fc24032aa,d03e9645f1b0c62634f4027fa3ca4999,delivered,2017-04-11 14:47:37,2017-04-11 15:02:09,2017-04-12 16:08:28,2017-04-18 14:54:49,2017-05-03,129.9,14.68,1,1,144.58,1,1,5.0,1.0,ec39b22389dcd5f81de148034175ee2e,18031,sorocaba,SP,7.005,21.383599537037036,0,144.58
f1f0d3a078ebf9382047caf44dbc4c46,aa6d4b904d1e9b9970f456a37f304ee2,delivered,2017-04-11 15:00:26,2017-04-13 02:50:24,2017-04-13 11:43:13,2017-05-10 13:05:27,2017-05-17,109.99,21.22,1,1,131.21,1,1,5.0,1.0,0f9e7383f6b801ea203d16604c8df58a,47690,coribe,BA,28.92015046296296,35.37469907407407,0,131.20999999999998
aaed8fcb92e763144b26eb6ac5ec48c5,7400c7e143639e56fc8ffa59d1c03649,delivered,2017-04-11 15:02:30,2017-04-12 14:55:16,2017-04-13 15:48:06,2017-04-30 10:46:06,2017-05-10,129.9,16.61,1,1,146.51,1,1,4.0,1.0,a5c537029c8afeb057810d65cd682c7c,72231,brasilia,DF,18.821944444444444,28.37326388888889,0,146.51
efacca5eaae8bd32666ea169089f3e59,35cc12371670f472b711f691ed7f6edf,delivered,2017-04-11 15:06:33,2017-04-13 20:05:16,2017-04-20 09:07:39,2017-05-09 15:17:30,2017-05-18,166.0,21.48,1,1,187.48,5,1,5.0,1.0,920743c929ee0fc2856d4c97be8f6152,13105,campinas,SP,28.007604166666667,36.37045138888889,0,187.48
b9375e83d0e27c4aae45c4c1c7c121fd,eb6fe4f7dfa98e8ff658e2655a0e4815,delivered,2017-04-11 15:15:43,2017-04-11 15:30:09,2017-04-12 18:48:34,2017-04-18 12:09:23,2017-05-09,99.99,17.54,1,1,117.53,2,1,5.0,1.0,240f601d04eca6821d5b4d9f9a7dc477,99070,passo fundo,RS,6.870601851851852,27.364085648148148,0,117.53
2c476f0148a99ce31bffe7659e5aaf4d,aff0c0e7798a7fef6652d453c0121eb0,delivered,2017-04-11 15:22:25,2017-04-13 02:42:35,2017-04-13 10:36:15,2017-05-11 09:24:00,2017-05-15,16.99,20.8,1,1,37.79,1,1,4.0,1.0,509de51c702ef70edc8d69cad60ecf11,99700,erechim,RS,29.75109953703704,33.35943287037037,0,37.79
0b16fcb0e3133c83e8c82ed7bd6ccb1b,89f7508dce8638dd195717c747ab4f5c,delivered,2017-04-11 15:27:37,2017-04-11 15:42:32,2017-04-12 16:34:22,2017-04-17 09:18:00,2017-05-15,49.9,8.72,1,1,58.62,1,1,5.0,1.0,c918631679a3a32965e24ad890388aa5,3809,sao paulo,SP,5.743321759259259,33.35582175925926,0,58.62
6b8dd07cb17dc25d9b06936cea822e90,d8c7a6e8f9e10ebb4c1fd2d31ffd485b,delivered,2017-04-11 15:59:58,2017-04-13 02:42:40,2017-04-13 13:42:49,2017-04-27 09:34:59,2017-05-05,179.98,57.64,2,1,237.62,1,1,4.0,1.0,8fd232dc0c1648e549e2811728f6076d,13160,artur nogueira,SP,15.732650462962964,23.33335648148148,0,237.62
df3960b25c473ba593162240539f09cf,2f2e1f67c6b000fb99d28c5cfb79958f,delivered,2017-04-11 16:05:15,2017-04-11 16:15:12,2017-04-12 12:37:00,2017-04-18 13:20:33,2017-05-04,29.9,10.96,1,1,40.86,1,1,5.0,1.0,ddc7abbb4ccb5fc7a039ab81ce0945be,12230,sao jose dos campos,SP,6.885625,22.3296875,0,40.86
c09bf2814fb67faaa01616fa08f0d482,26be51031ee800dd720d1e5f80e10433,delivered,2017-04-11 16:18:04,2017-04-11 16:32:02,2017-04-12 10:21:09,2017-04-19 14:44:37,2017-05-03,79.9,11.17,1,1,91.07000000000001,1,2,5.0,1.0,97f3be23cc6b23bb0909bfa26f6ccf20,27165,sao jose do turvo,RJ,7.935104166666667,21.320787037037036,0,91.07000000000001
38a5a268ed9f84995c960ba876ab6952,81aa7cc874954b14415ae4f6da25ede9,delivered,2017-04-11 16:21:07,2017-04-12 16:25:23,2017-04-13 10:41:50,2017-05-06 10:37:14,2017-05-11,169.9,27.62,1,1,197.52,8,1,3.0,1.0,295fc02c10baab90b016dc301730af2f,29171,serra,ES,24.76119212962963,29.31866898148148,0,197.52
0385c406dcd7068b21e209740a4ef876,2deb180df56cd700c4c92628718d3d8a,delivered,2017-04-11 16:38:42,2017-04-11 16:50:23,2017-04-17 11:18:24,2017-04-20 18:34:56,2017-05-17,18.95,24.35,1,1,43.3,4,1,4.0,1.0,cf4e26095eea9699bdad6b03aba5d64a,65064,sao luis,MA,9.080717592592592,35.30645833333333,0,43.3
5eb1569b3a9e174aebf991bfa0fef897,33a0ede763ee223996e200f111e33592,delivered,2017-04-11 16:47:52,2017-04-12 16:55:19,2017-04-13 09:56:23,2017-04-19 15:43:54,2017-05-09,224.0,32.96,2,1,256.96,5,1,5.0,1.0,dfaeedb50d4f20b01551db05f8c0691d,14403,franca,SP,7.955578703703703,27.30009259259259,0,256.96
ae0a032bd44efed5c2be566ef162d694,b7819f78202d389b5e04aeafa2c4eab7,delivered,2017-04-11 16:57:57,2017-04-13 02:42:37,2017-04-13 09:38:09,2017-04-22 08:14:55,2017-05-03,75.99,11.14,1,1,87.13,1,1,5.0,1.0,cbc21cd4f213f0e1a28997dd3a274f91,87030,maringa,PR,10.636782407407408,21.29309027777778,0,87.13
ef39ac02e696ce34d885bf4479217715,da6aae9fbd2ff1eed73d3980331b4032,delivered,2017-04-11 17:18:27,2017-04-11 17:45:17,2017-04-12 11:52:35,2017-04-18 13:44:03,2017-05-10,29.99,14.52,1,1,44.51,1,1,4.0,1.0,f405591bf61a0b40c4001c1909bf2495,25965,teresopolis,RJ,6.851111111111111,28.278854166666665,0,44.51
ebf89b8a3abd6ac66f597f269e84c3dd,e5a5989a40570799ba8e0f8329e5666b,delivered,2017-04-11 17:24:00,2017-04-11 17:45:17,2017-04-18 08:07:10,2017-04-27 12:09:21,2017-05-05,22.5,15.11,1,1,37.61,3,1,3.0,1.0,7a75a25ecd1ced4625d10258fed930ac,30710,belo horizonte,MG,15.781493055555556,23.275,0,37.61
6fad49da8f66678c9590e7c44a4944f9,0d266b837839ed7dab5ac9252f974995,delivered,2017-04-11 17:39:16,2017-04-11 18:02:32,2017-04-12 12:43:40,2017-04-17 08:58:36,2017-05-12,39.9,14.52,1,1,54.42,1,1,5.0,1.0,22970a5a17bba78ac85eeb8aeac73615,9040,santo andre,SP,5.638425925925926,30.26439814814815,0,54.42
7581e8b8156b3dee7b8898cd0120ad19,75ab1671ae03662536b06efb3762bde3,delivered,2017-04-11 17:56:38,2017-04-11 18:10:25,2017-04-12 18:48:34,2017-04-17 19:04:51,2017-05-03,199.99,11.58,1,1,211.57,4,1,4.0,1.0,4face3fe4f09cc69b002e9ae32dfcc2e,1549,sao paulo,SP,6.047372685185185,21.25233796296296,0,211.57000000000002
e87aa2b0086ab1f74f1faa822186807c,422fe1142d7c4fcb0cfe90720b24163f,delivered,2017-04-11 18:09:20,2017-04-11 18:22:48,2017-04-18 15:28:21,2017-04-26 14:33:23,2017-05-22,199.0,28.14,1,1,227.14,4,1,4.0,1.0,a4fad7b339a9b79d0a56c424aaa22c07,39248,morro da garca,MG,14.850034722222222,40.24351851851852,0,227.14
fa9f5a4655d840e1de98632fa80c98f4,0010068a73b7c56da5758c3f9e5c7375,delivered,2017-04-11 18:19:55,2017-04-12 02:42:19,2017-04-13 09:06:54,2017-05-05 14:28:06,2017-05-17,29.99,24.84,1,1,54.83,1,1,5.0,1.0,03dabd77cb0ed7a26fafe19e36b67742,63680,parambu,CE,23.839016203703704,35.236168981481484,0,54.83
ca0aec022ade40e435aa800a29981eb7,9710dff12838bcb8c0c63ce65752c864,delivered,2017-04-11 18:29:35,2017-04-11 18:42:04,2017-04-12 08:27:54,2017-05-10 12:53:10,2017-05-15,139.98,41.88,2,1,181.86,3,1,5.0,1.0,8364e3d88524b949c7e2b5192c7bf368,77300,dianopolis,TO,28.766377314814815,33.22945601851852,0,181.85999999999999
21b1c98d8e52fa31d859540e69e84c29,a4e8a2dd3c6c4a7724cdfb31be321f63,delivered,2017-04-11 19:27:44,2017-04-11 19:35:12,2017-04-15 07:23:55,2017-05-02 13:41:23,2017-05-18,27.9,24.84,1,1,52.74,5,1,5.0,1.0,5ba08aba75969990241141244db54efc,68445,barcarena,PA,20.759479166666665,36.18907407407407,0,52.739999999999995
fed6eb3bc0bf436d4f59e87714170a38,227d084a3c26346a30c2d1007073b49a,delivered,2017-04-11 19:48:11,2017-04-11 20:02:28,2017-04-12 10:21:09,2017-04-28 10:35:32,2017-05-05,59.9,14.59,1,1,74.49,3,1,5.0,1.0,61c89c63cafc790e23b1924e816df9b9,37540,santa rita do sapucai,MG,16.616215277777776,23.174872685185186,0,74.49
54e1a3c2b97fb0809da548a59f64c813,a0bc11375dd3d8bdd0e0bfcbcdae64e1,delivered,2017-04-11 19:49:45,2017-04-11 20:02:27,2017-04-12 14:47:39,2017-05-22 16:18:42,2017-05-18,52.9,19.07,1,1,71.97,1,1,1.0,1.0,ae9fd757bd2bc35c083a68cea4de561c,88161,biguacu,SC,40.8534375,36.17378472222222,1,71.97
c05fc3fc944af4da60133785126e8458,47f91be2b090f7e46def1c6d9f9f4ca2,delivered,2017-04-11 19:51:41,2017-04-11 20:02:29,2017-04-17 09:53:18,2017-04-19 11:28:14,2017-05-09,27.0,14.11,1,1,41.11,4,1,5.0,1.0,d23493a7ea828144b0c90ae079cc02e6,20541,rio de janeiro,RJ,7.650381944444445,27.17244212962963,0,41.11
139602ce40c8f337484eec9b157ca80c,11473b059ae77d5a128eb0ec59b9b2d5,delivered,2017-04-11 20:04:13,2017-04-11 20:15:09,2017-04-13 08:22:00,2017-04-18 13:44:50,2017-05-03,54.9,10.99,1,1,65.89,1,1,4.0,1.0,6a49b3fc10735a82efd288521110a016,36570,vicosa,MG,6.736539351851852,21.163738425925924,0,65.89
c869fcc34b45cb0760e16d153f9023f3,084f54304c4a42cb5df4fd9eb5ac2853,delivered,2017-04-11 20:05:18,2017-04-11 20:22:38,2017-04-12 12:57:29,2017-04-18 00:08:23,2017-05-03,99.9,11.31,1,1,111.21,1,1,5.0,1.0,387937e8013de5e3f422741b4e3b4e01,3142,sao paulo,SP,6.168807870370371,21.16298611111111,0,111.21000000000001
45f0db29787836d9c41e760c90588af1,f59a170a57d7888bb0757b74e7dc53d3,delivered,2017-04-11 20:18:31,2017-04-11 20:30:21,2017-04-12 09:49:58,2017-04-18 13:37:45,2017-05-19,28.99,14.52,1,1,43.51,2,1,4.0,1.0,df1c003ed16d85d02c98e36c7c575246,92027,canoas,RS,6.721689814814815,37.15380787037037,0,43.51
798c01f3a7c277a170c5a669935fb85b,378bdab88fcf7182b0d5c82dd755c3d4,delivered,2017-04-11 20:22:44,2017-04-12 02:45:51,2017-04-12 11:51:39,2017-04-20 09:06:25,2017-05-05,16.99,14.52,1,1,31.51,1,1,2.0,1.0,4a4a8bf9c5ce8d2a9a76e23804a5c533,12031,taubate,SP,8.530335648148148,23.150879629629628,0,31.509999999999998
e258350306205f6294e6209d92b3470d,50217e5b14b101d3be258ea16edb2ec2,delivered,2017-04-11 20:27:48,2017-04-11 20:35:13,2017-04-12 13:26:42,2017-04-17 17:54:39,2017-05-03,39.0,11.74,1,1,50.74,5,1,5.0,1.0,0af136df8177209a0a52debd7b55d982,12236,sao jose dos campos,SP,5.893645833333333,21.14736111111111,0,50.74
7d3b6596123fe1a1b6b736200bcb50b1,f866d7ca1261363dcceb85191ed85ae5,delivered,2017-04-11 20:45:06,2017-04-13 02:42:00,2017-04-20 10:39:15,2017-04-26 13:27:51,2017-05-05,49.0,18.63,1,1,67.63,1,1,4.0,1.0,809813761ed3f1f82a8ab5e4e216fa41,89440,irineopolis,SC,14.696354166666667,23.135347222222222,0,67.63
18af086e1527bd81145db05cf74a0188,d0dca9fa8ba474fb83bff280931f0bd1,delivered,2017-04-11 21:07:00,2017-04-11 21:22:24,2017-04-17 16:08:10,2017-04-20 14:27:26,2017-05-03,29.9,10.96,1,1,40.86,4,1,4.0,1.0,e7cf222a194b3cd7ac2c6afb7fa8d6f5,85813,cascavel,PR,8.722523148148149,21.12013888888889,0,40.86
9c85518f7f627b297892da0556f299bc,a5198834e9ce4bff80198fe5d5c4f25f,delivered,2017-04-11 21:07:06,2017-04-11 21:22:20,2017-04-12 14:48:17,2017-04-25 15:38:21,2017-05-08,89.9,14.8,1,1,104.7,5,1,5.0,1.0,8a8fc46830cff51b8f5374e74dd21e7b,20720,rio de janeiro,RJ,13.77170138888889,26.120069444444443,0,104.7
702c89659fd2b244cf06f052e886bdf6,d334f19a29211c5abb837511f5179ae5,delivered,2017-04-11 21:19:07,2017-04-11 21:30:24,2017-04-18 12:35:26,2017-04-27 11:22:20,2017-05-08,58.9,11.8,1,1,70.7,1,1,2.0,1.0,e1ebc5849ac165f9e4a7876412482afe,13280,vinhedo,SP,15.585567129629629,26.111724537037038,0,70.7
0eee1a4b63289dc4fd740238702f8fe8,73b6a50630029d9ec4d6c63ea31d17a7,delivered,2017-04-11 21:22:09,2017-04-11 21:30:19,2017-04-12 18:39:53,2017-04-18 10:18:19,2017-05-05,129.99,14.67,1,1,144.66,2,1,5.0,1.0,b0f2771cc4bc777b3e9d20764007cd6e,20251,rio de janeiro,RJ,6.53900462962963,23.109618055555554,0,144.66
781ae9634d053a3d44f2d1bd5b54f6e3,89d012aa51bd338a11a0d209f954a746,delivered,2017-04-11 21:38:04,2017-04-13 02:42:32,2017-04-18 16:48:24,2017-05-04 14:25:46,2017-05-15,18.95,20.8,1,1,39.75,1,1,4.0,1.0,fcac370f8a89c8e5a3e38066d624f9d1,47800,barreiras,BA,22.699791666666666,33.098564814814814,0,39.75
da225376046ab771e41a24f84f53f536,6e487c18c49fbce6f7cabc4b4565e156,delivered,2017-04-11 21:58:16,2017-04-11 22:05:24,2017-04-12 12:39:58,2017-04-19 14:44:35,2017-05-05,259.9,68.52,1,1,328.42,8,1,5.0,1.0,ed1b93b5f34254686f7765a2af95a6f8,28905,cabo frio,RJ,7.6988310185185185,23.084537037037038,0,328.41999999999996
709503c0d4ce76c2fdb6627c0ca8738a,57b74a2a339ded39c128788bec370de7,delivered,2017-04-11 22:01:04,2017-04-11 22:15:15,2017-04-12 11:51:10,2017-04-25 11:28:06,2017-05-09,113.0,33.09,1,1,146.09,2,1,1.0,1.0,9a8e113829c4fd2e606481a1e7c133b7,38408,uberlandia,MG,13.560439814814815,27.082592592592594,0,146.09
0d3346ede30fffc33c30740f06709025,b9502e844e5328a48bfb1f3f03bfd6f3,delivered,2017-04-11 22:01:40,2017-04-11 22:15:16,2017-04-12 09:53:09,2017-04-20 18:28:40,2017-05-09,112.0,16.48,1,1,128.48,2,1,5.0,1.0,06f32fb3e14b969d0e991af7d08818db,18071,sorocaba,SP,8.852083333333333,27.082175925925927,0,128.48
457ad46174cf848b645e2ebe12038917,53aeda88537c0ec7534ebf145d399cc0,delivered,2017-04-11 22:04:05,2017-04-11 22:15:18,2017-04-12 12:44:10,2017-04-19 11:46:21,2017-05-03,96.0,11.28,1,1,107.28,1,1,5.0,1.0,de33bec53d9ef966e610993d9981e01e,16200,birigui,SP,7.571018518518518,21.080497685185186,0,107.28
d75d54558f0639e487afa816d8c23927,b97e0c31fc40604d54a7bb2248d9e1b6,delivered,2017-04-11 22:04:15,2017-04-11 22:15:09,2017-04-12 14:13:23,2017-04-19 12:49:08,2017-05-15,158.0,41.2,2,1,199.2,6,1,5.0,1.0,17aa75fb1cf7aae916c7fab96ffc35bf,40140,salvador,BA,7.614502314814815,33.08038194444445,0,199.2
e9f8c67129c6f0bf411b428141ddfbf5,b364fc9218a7e1ddd9eb23124ebb7d86,delivered,2017-04-11 22:09:31,2017-04-12 13:10:17,2017-04-17 10:26:59,2017-04-30 06:57:43,2017-05-12,38.9,31.12,2,1,70.02,7,1,5.0,1.0,11d76022677f3753f19633e2fd0470c3,35995,sao domingos do prata,MG,18.366805555555555,30.076724537037038,0,70.02
42576ea27f4b718451f1466e7e66f923,3d74f485dc8132ea8f838e7663e3b3b9,delivered,2017-04-11 22:38:59,2017-04-11 22:50:18,2017-04-24 11:01:45,2017-05-17 06:41:58,2017-05-11,66.99,19.17,1,1,86.16,3,1,1.0,1.0,52c43613a330cce5f0b01d28b9df8f58,29285,piuma,ES,35.335405092592595,29.056261574074075,1,86.16
f36e6ba50146eb8900cad146dd95e9e8,866d24c7e22324caf53cc6b90d5789ef,delivered,2017-04-11 23:44:10,2017-04-12 01:25:28,2017-04-17 10:33:27,2017-04-20 12:50:05,2017-05-03,101.0,13.29,1,1,114.29,10,1,1.0,1.0,74b0fa7a092279312fa71b1d587e48d6,18300,capao bonito,SP,8.545775462962963,21.01099537037037,0,114.28999999999999
312e1512a754a9cb5cf0c02208e818e3,3c22246ee0164d6c28f5320a69dd4059,delivered,2017-04-11 23:53:51,2017-04-12 01:25:33,2017-04-12 10:29:16,2017-04-25 12:20:46,2017-05-08,65.0,14.62,1,1,79.62,1,1,5.0,1.0,59893c51b7011c0934e6f309f0e47578,13485,limeira,SP,13.51869212962963,26.004270833333333,0,79.62
c5ad60266a394a7f574c140c0248ec43,773ff6d5e61e8c77b8d23f0fcc3eefae,delivered,2017-04-12 00:35:08,2017-04-12 01:25:30,2017-04-13 08:17:41,2017-04-19 15:41:48,2017-05-04,64.99,11.06,1,1,76.05,6,1,1.0,1.0,3b6fa0b51bed3d94982f9b41f8e280ce,18230,sao miguel arcanjo,SP,7.62962962962963,21.975601851851852,0,76.05
84398110dbaecfbc9ef3dc592c6b189b,add72faa5e3cf873054bb6ecd9472e4e,delivered,2017-04-12 02:16:32,2017-04-12 02:25:12,2017-04-12 14:01:12,2017-04-15 06:52:47,2017-05-04,49.9,8.72,1,1,58.62,1,1,4.0,1.0,bc59f1e430734e331b87a168b63450a0,4046,sao paulo,SP,3.1918402777777777,21.905185185185186,0,58.62
3f234a80dabc182e34e4c50189cbf28f,a441b388ef3fc7724f045a30d4bee99a,delivered,2017-04-12 02:26:52,2017-04-12 02:35:14,2017-04-19 07:55:41,2017-05-04 15:42:18,2017-05-18,24.9,10.96,1,1,35.86,2,1,2.0,1.0,89a84b94c1be25037c872789b4a49f29,13186,hortolandia,SP,22.55238425925926,35.89800925925926,0,35.86
b3eb711b3ee8bcf03282d08691df711c,6995f12b21fdf8e6a245b17888e38a46,delivered,2017-04-12 02:35:02,2017-04-12 02:50:59,2017-04-25 11:59:57,2017-05-15 11:47:58,2017-05-15,60.9,14.6,1,1,75.5,1,2,4.0,1.0,a8f4d39552927a425201f147d0c7653f,81230,curitiba,PR,33.383981481481484,32.89233796296296,1,75.5
03cdb68275d2470616d79840dd83e1a2,819dfc3d34559a6b343fccb30b39a3f9,delivered,2017-04-12 07:22:33,2017-04-13 02:42:33,2017-04-13 15:48:01,2017-04-28 11:28:57,2017-05-18,219.99,33.14,1,1,253.13,1,1,5.0,1.0,ea2da7e0fb364b67989d4b8b214821dc,59290,sao goncalo do amarante,RN,16.17111111111111,35.69267361111111,0,253.13
ccb8ce3ffe5d4fcd8e6ce36276f9512a,d0c548cc5664b5ad134df221fcd036cb,delivered,2017-04-12 08:31:16,2017-04-13 08:41:58,2017-04-17 12:35:21,2017-04-19 16:18:53,2017-05-08,339.99,13.77,1,1,353.76,10,1,3.0,1.0,1ece9a0e183836edb1cfe0f361c81984,8673,suzano,SP,7.324733796296297,25.644953703703703,0,353.76
bef5d5c7e0fa907f3aefa9d3873c4f90,d9d4ab9f19fddeb11b274cac8154f450,delivered,2017-04-12 08:32:44,2017-04-14 02:50:13,2017-04-17 10:44:10,2017-05-16 09:57:39,2017-05-08,215.9,19.79,1,1,235.69,1,1,3.0,1.0,1be58526b903eb397ce5609d27155112,88103,sao jose,SC,34.05896990740741,25.643935185185185,1,235.69
cd3558a10d854487b4f907e9b326a4fc,0004164d20a9e969af783496f3408652,delivered,2017-04-12 08:35:12,2017-04-12 08:50:12,2017-04-12 17:05:42,2017-04-20 16:12:26,2017-05-04,59.99,11.81,1,1,71.8,1,1,1.0,1.0,104bdb7e6a6cdceaa88c3ea5fa6b2b93,13272,valinhos,SP,8.317523148148148,21.642222222222223,0,71.8
302587fd403c7a79ec30441e21c320ed,fa2f2f4d0b78b78474e84de70992ee47,delivered,2017-04-12 10:07:33,2017-04-12 10:22:15,2017-04-12 13:43:57,2017-04-17 14:17:20,2017-05-04,14.46,10.96,1,1,25.42,1,1,5.0,1.0,8da5610ca5111b78211a8f1adc58fb5d,3877,sao paulo,SP,5.173460648148148,21.57809027777778,0,25.42
b2426a12223a693246063d6236b3010e,cd47325ca955deebec5548b6247d6b3f,delivered,2017-04-12 10:18:30,2017-04-12 10:42:24,2017-04-12 15:21:03,2017-04-17 08:27:48,2017-05-11,69.9,13.07,1,1,82.97,1,1,3.0,1.0,51fda17273c5152496a5d48c27c6a711,4653,sao paulo,SP,4.923125,28.570486111111112,0,82.97
eba5ed5e25b2381933d6f2a0227fd21d,f7a143ca85eaadf2b2f56394e2d1f699,delivered,2017-04-12 10:39:39,2017-04-12 10:50:19,2017-04-12 15:21:05,2017-04-28 11:53:47,2017-05-19,58.0,17.84,1,1,75.84,7,1,4.0,1.0,b5804d90954a35172176fc8d95c97116,75200,pires do rio,GO,16.05148148148148,36.55579861111111,0,75.84
8a3c41e07ed9a435a6fe2749311f2b04,d722ad7d2867ec257ed3d62603da4744,delivered,2017-04-12 10:53:49,2017-04-12 11:10:09,2017-04-17 11:59:43,2017-04-28 05:14:40,2017-05-08,103.97,37.13,1,1,141.1,2,1,3.0,1.0,4e548cf7c1fbe24f6fe70c90942a3202,20766,rio de janeiro,RJ,15.764479166666666,25.54596064814815,0,141.1
07b56b1c06dbdc14a4031c21261a7fec,956a8bb215a81b14bf7cf65d68d3c45a,delivered,2017-04-12 10:59:59,2017-04-12 11:15:15,2017-04-12 11:55:24,2017-04-28 08:13:35,2017-05-11,279.0,18.79,1,1,297.79,2,1,5.0,1.0,bcde9c93596b9295f3bd26ec5a6cacbd,21350,rio de janeiro,RJ,15.884444444444444,28.54167824074074,0,297.79
6dab6db52d5bc33fff997ca478ef2f5c,b83ce55fac1144714d63a72e62ed51e7,delivered,2017-04-12 11:02:29,2017-04-13 02:45:33,2017-04-13 16:49:05,2017-05-09 06:35:53,2017-05-16,59.9,26.89,1,1,86.79,1,1,5.0,1.0,044f89a64b7bd1c9ceecd8f9a83971a8,77995,buriti do tocantins,TO,26.81486111111111,33.53994212962963,0,86.78999999999999
2244971aed08bfbb95048f08fbb5076a,0b1cfa043d7b3c657583172cfdcfee59,delivered,2017-04-12 11:35:01,2017-04-12 11:45:09,2017-04-20 15:12:38,2017-04-27 08:27:58,2017-05-08,295.8,59.68,1,1,355.48,6,1,5.0,1.0,ac41608fab2f3cb75e39404ebbde704a,11075,santos,SP,14.870104166666666,25.51734953703704,0,355.48
d3e3254f96576169e99f06290b8b9a07,e2ed41ef244cd9a72a748a9ddf6ff21c,delivered,2017-04-12 12:13:43,2017-04-13 13:05:08,2017-04-13 13:20:55,2017-04-19 10:46:37,2017-05-08,18.99,14.52,1,1,33.51,1,1,4.0,1.0,9ec52a1bfb7c485acde06f4c5e235500,9692,sao bernardo do campo,SP,6.9395138888888885,25.490474537037038,0,33.51
fd04fa4105ee8045f6a0139ca5b49f27,8fe0db7abbccaf2d788689e918e3135b,delivered,2017-04-12 12:17:08,2017-04-13 12:22:08,2017-04-19 14:19:04,2017-05-19 13:44:52,2017-05-18,89.0,35.24,1,1,124.24,5,1,4.0,1.0,349996f092e332ccff93cdb57ab264a9,50761,recife,PE,37.06092592592593,35.48810185185185,1,124.24000000000001
c69a4e800792132c8c39b559c8cda572,f0b68e35ddd2c5191d55d6191faa4397,delivered,2017-04-12 12:34:03,2017-04-13 02:42:44,2017-04-13 14:25:09,2017-04-18 16:24:19,2017-05-04,26.99,8.72,1,1,35.71,1,1,5.0,1.0,8a89338f1c84dcf01a8a914fbbb29f28,4105,sao paulo,SP,6.159907407407408,21.476354166666667,0,35.71
3f3e73711d749f4c39da2d5e55927d84,80fe00c958babb51185da03abe8adc1e,delivered,2017-04-12 12:37:01,2017-04-13 06:35:13,2017-04-18 17:00:03,2017-06-27 14:43:31,2017-05-23,59.9,24.62,1,1,84.52,1,1,1.0,1.0,52c68003c255391fe1409b1fb084fe54,49160,nossa senhora do socorro,SE,76.08784722222222,40.47429398148148,1,84.52
f5b364f870f2417bb837200eac7677d6,76190209cd924a1054418c59c03c16c8,delivered,2017-04-12 12:53:23,2017-04-13 02:42:25,2017-04-13 15:48:01,2017-04-19 11:14:07,2017-05-04,219.99,15.31,1,1,235.3,1,1,5.0,1.0,2ab5229d22ea8cbabcbf53b0e36611e1,18900,santa cruz do rio pardo,SP,6.931064814814815,21.46292824074074,0,235.3
29403a103be3d8cb0c34a1cd6a90aaaa,cc6c1cd59d584e5e12cc5c377f42c8b2,delivered,2017-04-12 13:01:41,2017-04-12 13:15:12,2017-04-13 12:16:44,2017-04-20 09:54:20,2017-05-11,49.9,14.52,1,1,64.42,1,1,2.0,1.0,00a7d14cb10e11b7f7d65120a7e3942f,2555,sao paulo,SP,7.8698958333333335,28.45716435185185,0,64.42
0700ebb6d2f93a025b6ba09074cb57c2,b28df93f277b995d67fd7b31e40a932e,delivered,2017-04-12 13:07:44,2017-04-12 13:22:38,2017-04-18 14:45:52,2017-04-27 06:51:34,2017-05-08,329.9,33.05,1,1,362.95,5,1,5.0,1.0,8d19a071f7a43b7c1bb71f878864d6e2,20745,rio de janeiro,RJ,14.738773148148148,25.452962962962964,0,362.95
8e65dc9111065511a3429687624b4fd2,3511ee1e32ffd8cef320d91f1904a7db,delivered,2017-04-12 13:45:31,2017-04-12 13:55:18,2017-04-13 13:54:44,2017-04-24 12:34:30,2017-05-08,620.1,21.08,1,1,641.18,4,1,1.0,1.0,2c5bafa2e3d48ca7b446921b05d7f5f4,89160,rio do sul,SC,11.95068287037037,25.426724537037035,0,641.1800000000001
dd5ebf00c3d8b88a41ec9c8450ec59db,d5d929d5e3d3f1388463578a8516104f,delivered,2017-04-12 14:47:15,2017-04-12 14:55:20,2017-04-13 11:54:30,2017-04-18 12:27:13,2017-05-04,31.0,8.72,1,1,39.72,1,1,5.0,1.0,ec5ab7b5e9e6202c5aef7fe99b94ccee,70236,brasilia,DF,5.90275462962963,21.383854166666666,0,39.72
d6d22504739cdf3c8ebce460d0a08199,c16e0e88c09984e5956c444275f35f67,delivered,2017-04-12 14:59:43,2017-04-14 02:45:56,2017-04-17 14:36:33,2017-04-19 15:30:16,2017-05-08,159.0,16.32,1,1,175.32,1,1,5.0,1.0,ee478ab17bcc9cf2909f690b72e1bc62,80220,curitiba,PR,7.021215277777777,25.37519675925926,0,175.32
7a36cd04e45972a421517cb7c8a813f3,c77434d6053c5868ed0b00c388bcacf2,delivered,2017-04-12 15:08:28,2017-04-14 02:46:03,2017-04-17 10:51:09,2017-04-20 09:40:16,2017-05-11,115.92,14.58,1,1,130.5,1,1,5.0,1.0,c40928532e1615f1e2be7fc5a537a400,18290,buri,SP,7.772083333333334,28.36912037037037,0,130.5
55e1aea2308e1c019ef7ea60766c5f7c,ee38123eeeb0786f8e6b186158a7b080,delivered,2017-04-12 15:36:54,2017-04-12 15:50:16,2017-04-13 11:51:29,2017-04-20 16:26:57,2017-05-04,17.0,10.96,1,1,27.96,1,1,2.0,1.0,4598f6eed56df9be65707cb8af41bef0,13473,americana,SP,8.034756944444444,21.349375,0,27.96
f65c770d505adf4e530feafa23e16f4f,1d3ad60d94e29ef73d7d2fd4ce8a8fac,delivered,2017-04-12 15:59:48,2017-04-14 02:45:45,2017-04-17 12:01:18,2017-04-20 11:05:44,2017-05-08,69.99,17.23,1,1,87.22,1,1,5.0,1.0,21747a07d23ec1345b45e27298d556aa,37150,carmo do rio claro,MG,7.795787037037037,25.333472222222223,0,87.22
d63eeedfef9b1272e7e202eb17623912,1e425acf0b88c6efc1c7c9885015122c,delivered,2017-04-12 16:15:27,2017-04-12 16:25:23,2017-04-13 08:37:54,2017-04-20 11:18:44,2017-05-08,69.9,15.7,1,1,85.6,3,1,5.0,1.0,35de44379ecaf98f3108cdd5fd07b949,86800,apucarana,PR,7.793946759259259,25.322604166666668,0,85.60000000000001
f4454801db3daa7590e69cb94356174b,9ac98c144bf795926337a72f09227eca,delivered,2017-04-12 16:18:54,2017-04-12 16:30:15,2017-04-13 14:16:14,2017-05-02 15:11:24,2017-05-10,96.0,19.26,1,1,115.26,1,1,5.0,1.0,f4cd14c56f2d37697ebc45d7507f0c49,20511,rio de janeiro,RJ,19.953125,27.320208333333333,0,115.26
6077f256190b5f314ddd4051f25d2c02,5d3eebe078426a04dfb7091de73314f4,delivered,2017-04-12 16:23:23,2017-04-14 02:46:00,2017-04-17 15:06:43,2017-04-20 14:50:23,2017-05-04,72.62,11.9,1,1,84.52,1,1,5.0,1.0,0d3fed999b1784f0b72d86d4c35533ce,14805,araraquara,SP,7.935416666666667,21.31709490740741,0,84.52000000000001
60d576675057bc52504462b5bf4f5085,1bb9fea5f63e1de6453a843c7d19998b,delivered,2017-04-12 16:29:23,2017-04-13 22:15:19,2017-04-20 08:41:43,2017-05-05 15:08:06,2017-06-01,499.0,32.42,1,1,531.42,8,1,2.0,1.0,b7ac159644aa42f7186f5593beeed1d3,65030,sao luis,MA,22.94355324074074,49.31292824074074,0,531.42
fffb0b1a50e65c449020434fa835e078,46b385c6d972b73cbcf797a8b16c072d,delivered,2017-04-12 16:35:43,2017-04-12 16:45:12,2017-04-27 09:26:54,2017-05-17 11:38:22,2017-05-15,4.9,10.96,1,1,15.86,1,1,1.0,1.0,b2d2b4204f7fc4b4aeca38e3cd680a7e,13083,campinas,SP,34.793506944444445,32.30853009259259,1,15.860000000000001
e27f8086e3d62693b719af33a78cffdc,95129f5993ceb68c165a5d9be08c1926,delivered,2017-04-12 16:39:44,2017-04-12 16:50:20,2017-04-13 13:09:14,2017-04-20 12:24:13,2017-05-04,69.9,11.1,1,1,81.0,5,1,5.0,1.0,e40e7d0ef640e2610a16944557d8b32a,12215,sao jose dos campos,SP,7.82255787037037,21.30574074074074,0,81.0
30e306d7092ec3bf44efabf012cdd06e,5348aedd847fe3951a231608c55fc089,delivered,2017-04-12 16:45:59,2017-04-12 16:55:20,2017-04-13 14:14:23,2017-04-24 10:51:47,2017-05-11,189.8,22.54,2,1,212.34,1,1,5.0,1.0,a9ad87d8be80f58819a2f5872e17d6be,14025,ribeirao preto,SP,11.754027777777777,28.301400462962963,0,212.34
e9a21226714589b1cb43d10c0a8cfb15,c74f90c33e410e49b09295977ad0e632,delivered,2017-04-12 16:58:36,2017-04-12 17:10:16,2017-04-13 13:43:18,2017-04-17 18:30:11,2017-05-11,34.66,21.92,2,1,56.58,5,1,5.0,1.0,0f9349a9da479b7e02c4cb4a0c73fb47,2443,sao paulo,SP,5.063599537037037,28.292638888888888,0,56.58
9c20d32da9901199ffd5a24288b6c259,9072c5068c1ae0867aa8ada4172cc59a,delivered,2017-04-12 17:19:48,2017-04-13 02:45:29,2017-04-13 18:35:44,2017-04-19 08:25:10,2017-05-15,207.3,15.62,1,1,222.92,1,1,4.0,1.0,554b6028a7eb7766b87a690bb1b91e69,4324,sao paulo,SP,6.628726851851852,32.27791666666667,0,222.92000000000002
7944a40f993592120589ebe482ba7b1d,60c394acebd6100502ef3258182dc805,delivered,2017-04-12 17:43:27,2017-04-12 17:55:13,2017-04-13 09:00:55,2017-04-19 13:38:53,2017-05-09,64.99,11.06,1,1,76.05,7,1,5.0,1.0,af3de24774685d8efb4d30f2879074b2,13715,itobi,SP,6.830162037037037,26.261493055555555,0,76.05
892aed123dc5e539f403a022677fabc9,b6bbd7351823eef45c03a68842ad258b,delivered,2017-04-12 17:51:31,2017-04-12 18:05:09,2017-04-18 07:27:44,2017-04-20 10:33:29,2017-05-08,42.9,14.52,1,1,57.42,1,1,5.0,1.0,cf45e052298178e59e2990d664aa95c9,5138,sao paulo,SP,7.695810185185185,25.255891203703705,0,57.42
72ef7195413663ba7dbe40abbdf02617,c2fde72b6ea882174c3b30c61bd65ebd,delivered,2017-04-12 18:02:52,2017-04-12 18:15:09,2017-04-17 14:47:12,2017-04-20 12:36:55,2017-05-04,57.9,11.8,1,1,69.7,2,1,4.0,1.0,d19dc878423f423680ad50ae40a68a64,19880,candido mota,SP,7.773645833333333,21.24800925925926,0,69.7
3656fe1c2f4a269235d18fc325aecb13,0a2a3b9d1077f4b509232f38c3f2c199,delivered,2017-04-12 18:34:13,2017-04-12 18:45:11,2017-04-13 13:43:17,2017-04-17 13:16:08,2017-05-04,85.0,11.2,1,1,96.2,1,1,5.0,1.0,9a0eefac2d296d66e1ab1330e9632f14,95150,nova petropolis,RS,4.779108796296296,21.226238425925924,0,96.2
86f3eab0f6458fbf53389a14fc8ce71a,994c8f911235968e88a5249a81909121,delivered,2017-04-12 18:49:13,2017-04-12 19:02:25,2017-04-13 15:46:31,2017-04-19 13:24:54,2017-05-08,499.99,18.26,1,1,518.25,2,1,5.0,1.0,ce13d650b5a9d9e05799293014ae51eb,4044,sao paulo,SP,6.774780092592593,25.21582175925926,0,518.25
e29f025b0eed4d3bdcbe5acc0f18954e,e63af99cef4e0622dbc0aed92c867c94,delivered,2017-04-12 18:49:59,2017-04-12 19:02:23,2017-04-13 14:25:09,2017-04-18 09:03:57,2017-05-04,18.99,8.72,1,1,27.71,2,1,4.0,1.0,145cdf712afc32bd83bdb8d733f11bde,3930,sao paulo,SP,5.593032407407407,21.21528935185185,0,27.71
d3d01ef12056c188efd982d9ef923a8e,f146f93b48285479951451471d9edceb,delivered,2017-04-12 19:16:13,2017-04-13 02:15:09,2017-04-13 15:48:01,2017-04-20 17:10:32,2017-05-04,129.99,13.49,1,1,143.48,2,1,4.0,1.0,41ba62269e96e7f7ad4253c6f0edf1aa,14020,ribeirao preto,SP,7.912719907407407,21.19707175925926,0,143.48000000000002
f098ba607d20654e7e6edc6be7c742d5,31038e2eab5d5bf9c42e0f56d7251b81,delivered,2017-04-12 19:29:56,2017-04-14 02:45:29,2017-04-17 07:48:18,2017-05-09 11:43:00,2017-05-11,49.0,16.05,1,1,65.05,1,1,5.0,1.0,04b9a14c0f0e107453338b7d85ea15e0,96040,pelotas,RS,26.67574074074074,28.187546296296297,0,65.05
adc1786f217f05f2ce9f08234ad1acbe,111eff7a75b8309e3cfb2ec731e13466,delivered,2017-04-12 20:12:42,2017-04-13 20:22:02,2017-04-19 11:47:38,2017-04-27 16:22:22,2017-05-04,13.9,10.96,1,1,24.86,1,1,3.0,1.0,47c34cd02023a99f933160d1bf4ea244,13190,monte mor,SP,14.840046296296297,21.157847222222223,0,24.86
4c52d492645b303b645e4d59b2f2af95,d1c2ecfce662c720c6fdd9d1ba419deb,delivered,2017-04-12 20:14:58,2017-04-12 20:25:14,2017-04-13 15:48:02,2017-04-18 15:17:41,2017-05-04,99.99,12.09,1,1,112.08,2,1,5.0,1.0,12e2cfc1a8dc424fb87cc5a7ce029007,9370,maua,SP,5.79355324074074,21.15627314814815,0,112.08
2f6bbf69e7e15f419cef8a59761df265,e63ec20c198016eed02495c34bb68c08,delivered,2017-04-12 20:32:23,2017-04-14 02:45:40,2017-04-17 13:32:10,2017-05-05 14:08:10,2017-05-16,20.0,20.8,1,1,40.8,1,1,1.0,1.0,d296c3efd7780ca963e6bf6c5fb6e150,78643,querencia,MT,22.73318287037037,33.14417824074074,0,40.8
6f55fe858c5557f14d4b6ee5255d793b,55a736fdef3f978c92f0477297b92973,delivered,2017-04-12 20:56:03,2017-04-12 21:10:12,2017-04-24 10:35:41,2017-04-28 14:33:31,2017-05-08,69.9,14.66,1,1,84.56,1,1,5.0,1.0,7ddb0d297fb4a3562e2206d219be4445,90620,porto alegre,RS,15.734351851851851,25.127743055555555,0,84.56
b53db5bfc01973bfc623da8c9a5b1094,95d92c3b47e281a45ac183a97e55e054,delivered,2017-04-12 21:21:54,2017-04-13 21:25:13,2017-05-22 13:20:28,2017-05-29 11:04:47,2017-05-22,49.9,14.52,1,1,64.42,2,1,1.0,1.0,a18fa8c6c5254fead9839b4abd839880,1309,sao paulo,SP,46.57144675925926,39.109791666666666,1,64.42
336e61d8549194b7cb044eb279d12d3d,b6dc319d1713cd14e14d37d6625179a7,delivered,2017-04-12 21:33:04,2017-04-12 21:45:11,2017-04-18 11:40:06,2017-05-02 08:53:00,2017-05-08,259.9,24.81,1,1,284.71,4,1,4.0,1.0,c97bade1ad470e9e72345f2ee1cecb0b,13847,mogi-guacu,SP,19.472175925925924,25.102037037037036,0,284.71
8eeb383cc53ee78dfc385629602dfff7,73f98782f67f44297697ea25d96bd871,delivered,2017-04-12 21:33:29,2017-04-13 02:45:37,2017-04-13 15:47:59,2017-04-28 15:35:36,2017-05-15,89.9,18.06,1,1,107.96,1,1,4.0,1.0,2a11aff1149cd4eb6f3999a463681338,74620,goiania,GO,15.751469907407408,32.10174768518519,0,107.96000000000001
9e784561e351e3749a4dc15902d0e7ad,ce7d16764477add502f5571e29f6dce3,delivered,2017-04-12 21:35:27,2017-04-14 02:45:37,2017-04-19 11:44:03,2017-04-27 12:12:11,2017-05-23,29.99,24.84,1,1,54.83,1,1,4.0,1.0,5109f7fd585cefada4f7c30a10abaace,67200,marituba,PA,14.608842592592593,40.10038194444444,0,54.83
7a80708ef3077d6b8334d40b000926a4,298902c3e679ccfb8ce1d910816ba0dc,delivered,2017-04-12 21:55:54,2017-04-12 22:10:07,2017-04-13 13:47:56,2017-04-18 10:57:38,2017-05-04,19.0,10.96,1,1,29.96,1,1,4.0,1.0,c32f75de72465893b7577458ad5442f6,9341,maua,SP,5.542870370370371,21.086180555555554,0,29.96
03ea231452f07988edc699573fb971d7,34a2a828531db1ef9254ee073b8aa9d3,delivered,2017-04-12 22:03:12,2017-04-12 22:15:20,2017-04-17 09:45:23,2017-06-01 10:47:43,2017-05-04,207.94,48.02,2,1,255.96,1,1,1.0,1.0,6f40da67e9ca1ffe08bbbc2fb761e75a,13145,paulinia,SP,49.530914351851855,21.08111111111111,1,255.96
a8b39d7588ebc10f8adb725a1be312be,c3e51c0587103df1c0141794d3e07493,delivered,2017-04-12 22:06:23,2017-04-12 22:22:17,2017-04-13 12:22:04,2017-04-18 15:13:08,2017-05-08,19.99,14.52,1,1,34.51,1,1,5.0,1.0,fb3c613bce3dd56a126ccae1764704e0,23092,rio de janeiro,RJ,5.713020833333333,25.078900462962963,0,34.51
f75eddeb8fc33239a2211c1a34f6911c,23cf16e10ad548a78ffd4dba478365da,delivered,2017-04-12 22:14:49,2017-04-12 22:25:12,2017-04-13 11:16:19,2017-04-18 15:48:20,2017-05-04,239.0,10.04,1,1,249.04,10,1,5.0,1.0,f0da25f39f83930897383b641a5187de,5625,sao paulo,SP,5.731608796296296,21.073043981481483,0,249.04
e6485b91715e7f2423b449f14fa702e8,9322a7c6208a448238aa9f62f79086d1,delivered,2017-04-12 22:17:49,2017-04-14 02:42:25,2017-04-17 10:38:23,2017-04-19 12:28:08,2017-05-11,129.9,13.49,1,1,143.39,1,1,5.0,1.0,2b9dc9309e4822e3b034c6af36101b1e,4358,sao paulo,SP,6.590497685185185,28.070960648148148,0,143.39000000000001
441c50254b975f2cf7ccd3583a01ed5e,fdda9677d1f7de367fc655dbed4658e5,delivered,2017-04-12 22:51:46,2017-04-12 23:02:15,2017-04-17 12:35:25,2017-04-27 09:14:46,2017-05-10,339.99,17.59,1,1,357.58,8,1,4.0,1.0,73119fda49f87621569e52d135b5a6b9,24315,niteroi,RJ,14.432638888888889,27.04738425925926,0,357.58
bd9b227e61a0dc0debd7399e3b5c0c82,75e08f705115501406bca3bd781a8cc7,delivered,2017-04-12 23:50:54,2017-04-13 01:05:23,2017-04-13 15:07:59,2017-04-23 10:22:53,2017-05-23,189.9,22.83,1,1,212.73,1,1,5.0,1.0,3c124b000536c40b9a1049688a465269,52121,recife,PE,10.438877314814814,40.00631944444444,0,212.73000000000002
c7e64bed5496438226ce2932abd058e9,c2a4ba1f57f47ca977e26c78a486e671,delivered,2017-04-12 23:58:28,2017-04-13 23:50:14,2017-04-24 15:53:16,2017-05-12 05:52:41,2017-05-19,92.9,47.15,1,1,140.05,6,1,4.0,1.0,035b4831da64a20908a7ddbc95ede0cd,56280,araripina,PE,29.245983796296297,36.00106481481482,0,140.05
4630a9abdc1d1ea8fc579b269820c3ea,bcd732582c33a29babe2d05cd5af4d92,delivered,2017-04-13 00:00:47,2017-04-13 00:15:21,2017-04-19 11:16:38,2017-05-26 14:37:03,2017-05-26,74.9,24.72,1,1,99.62,8,1,3.0,1.0,fe7780b2659c715218834f592a838f6a,57860,sao jose da laje,AL,43.608518518518515,42.999456018518515,1,99.62
e80d6fe5c5cfe16add52544fe3b4e8f1,fd044d16c89faf34c00d0bf6a386e8bb,delivered,2017-04-13 00:13:36,2017-04-13 00:25:22,2017-04-13 13:06:15,2017-05-12 12:12:24,2017-05-24,102.9,22.65,1,1,125.55,6,1,3.0,1.0,34e9517ab8c248797eb267b6fa65833b,62800,aracati,CE,29.499166666666667,40.99055555555555,0,125.55000000000001
a3a81e0b3771258744b5002e1ab03ee6,67755478d1f76b7e573bf3e70aaad22b,delivered,2017-04-13 00:27:41,2017-04-13 01:03:11,2017-04-13 14:56:40,2017-04-19 12:40:12,2017-05-09,12.9,14.52,1,1,27.42,2,1,5.0,1.0,7f2da8c2fd9a07e4742b1e281dfb8afd,94820,alvorada,RS,6.50869212962963,25.980775462962963,0,27.42
6bc89d34dacd57b50c7d5c2e0ba6a41f,143f5cdd375fa964c0659303ee354e69,delivered,2017-04-13 00:43:08,2017-04-14 00:50:24,2017-04-25 15:00:46,2017-05-04 15:43:49,2017-05-16,349.9,19.29,1,1,369.19,8,1,5.0,1.0,915f178b164c3b938690ecfaff3896d9,36048,juiz de fora,MG,21.625474537037036,32.970046296296296,0,369.19
15ef84e2fdba1fb2783ed97832b66820,60246f1a5bacddc1d0e0b946995b6b74,delivered,2017-04-13 00:49:53,2017-04-13 01:05:28,2017-04-15 07:26:52,2017-04-18 12:58:46,2017-05-10,64.58,17.44,2,1,82.02,8,1,4.0,1.0,0a06563eb688877be75296fab423c41d,5047,sao paulo,SP,5.506168981481482,26.965358796296297,0,82.02
016a6dbc80aea6e2d217d2bedbc7b59e,72d62fcd5850d8daa156a6a514da4ea9,delivered,2017-04-13 01:39:11,2017-04-13 01:50:09,2017-04-13 15:48:02,2017-04-19 14:05:47,2017-05-05,99.99,12.09,1,1,112.08,6,1,3.0,1.0,9c0d3116a3594b1d4d2b28b871ac22fd,11432,guaruja,SP,6.518472222222222,21.931122685185183,0,112.08
4d23597bf5b51ea1013b02b6f435115b,6aca43b6fe52b0e9ed48efcaef471851,delivered,2017-04-13 01:42:36,2017-04-13 01:55:18,2017-04-17 12:24:01,2017-04-20 13:27:36,2017-05-05,793.42,16.16,1,1,809.58,8,1,5.0,1.0,d4930873c7f53172c1af8ebfcd9aca8d,13024,campinas,SP,7.489583333333333,21.92875,0,809.5799999999999
00e7aeced1d61792368ec7bf8b967a90,a59a22655d75791a336909c4bd133fbe,delivered,2017-04-13 02:11:17,2017-04-14 02:50:12,2017-04-19 16:34:52,2017-05-04 18:12:45,2017-05-17,36.85,21.85,1,1,58.7,1,1,4.0,1.0,c76c0ebec1c44b44dca88e42b23149f1,41815,salvador,BA,21.667685185185185,33.90883101851852,0,58.7
262a22b18b8c7773c9ce2e3665db8c44,fa89c63e13c0be467dd82ddedc566260,delivered,2017-04-13 06:49:20,2017-04-13 07:02:07,2017-04-13 12:29:46,2017-04-18 18:55:25,2017-05-08,29.9,10.96,1,1,40.86,1,1,4.0,1.0,01d46b5cad3cda9c22f52df41197a671,8257,sao paulo,SP,5.504224537037037,24.715740740740742,0,40.86
1656551f139b288763e626d0191fb3e4,a2060693f26d98db4b514d12339daad0,delivered,2017-04-13 07:53:05,2017-04-13 08:02:15,2017-04-13 08:37:44,2017-04-19 13:14:25,2017-05-05,69.9,11.1,1,1,81.0,1,1,5.0,1.0,69f1b162e4c3fd2196a47e4f4ddf5729,88240,sao joao batista,SC,6.223148148148148,21.671469907407406,0,81.0
9794be04f5fee945ef8dd4dbca5c66e7,77a882e71e78be084cfa7fe46811dd33,delivered,2017-04-13 08:21:08,2017-04-13 08:30:11,2017-04-13 11:27:16,2017-04-20 12:00:01,2017-05-09,119.0,19.11,1,1,138.11,2,1,5.0,1.0,82372eba649ca805728ea7a31bd0b41e,84262,telemaco borba,PR,7.152002314814815,25.65199074074074,0,138.11
5f783382a74cf95c03c789405c2fb161,1e5b699b9ff60486d8d641a538974d75,delivered,2017-04-13 08:45:32,2017-04-13 08:55:12,2017-04-13 12:22:06,2017-04-20 10:44:51,2017-05-09,99.9,14.87,1,1,114.77,2,1,4.0,1.0,9b76c588a7a8d495bce4f71d2559d3ee,20560,rio de janeiro,RJ,7.082858796296296,25.635046296296295,0,114.77000000000001
e3b0455644fb8ac73c848e9f744c5e06,381327694b7186ec655d22d025641385,delivered,2017-04-13 08:45:33,2017-04-13 08:55:14,2017-04-24 15:26:43,2017-05-03 11:11:55,2017-05-26,119.2,16.04,1,1,135.24,2,1,4.0,1.0,9b76c588a7a8d495bce4f71d2559d3ee,20560,rio de janeiro,RJ,20.101643518518518,42.63503472222222,0,135.24
d0d81e67c6d3eaf8e25100c3d1499bc7,c3cf3a68467bb02ca0baa072998134e9,delivered,2017-04-13 09:46:34,2017-04-13 09:55:18,2017-04-13 17:00:11,2017-04-20 09:23:25,2017-05-05,259.9,44.62,1,1,304.52,8,1,5.0,1.0,663d7e7cd9a3d10ef7f4817a0e3f6f94,12333,jacarei,SP,6.983923611111111,21.592662037037037,0,304.52
122e87ea620589cbdfb91829a251ab1c,8d3011e28795e321c50f5ccff1e49272,delivered,2017-04-13 10:10:58,2017-04-13 10:22:41,2017-04-17 15:43:00,2017-04-20 14:25:27,2017-05-10,265.0,16.02,1,1,281.02,5,1,5.0,1.0,ede68ac8d1d0611a7565d26a678124fd,36780,astolfo dutra,MG,7.176724537037037,26.575717592592593,0,281.02
fa8ab18ea94ab4c733ceefb609fab318,0db36b3f2051fa4dd7db065bbadfd7b4,delivered,2017-04-13 10:14:47,2017-04-13 10:25:15,2017-04-13 11:51:48,2017-04-18 11:44:12,2017-05-12,49.9,10.96,1,1,60.86,1,1,5.0,1.0,6db067a3f4b85eb84066bfd8010ef99a,3165,sao paulo,SP,5.062094907407407,28.573067129629628,0,60.86
9ee10ef09a0e3471a1b8ccfc901f843d,7d99c524066bfef7bc42e78e16df00cc,delivered,2017-04-13 10:32:13,2017-04-14 02:45:35,2017-04-17 10:44:11,2017-05-08 14:07:11,2017-05-09,98.9,14.86,1,1,113.76,1,1,4.0,1.0,2f7870be17b6ccd5bd9691b9f944e075,88354,brusque,SC,25.14928240740741,25.560960648148146,0,113.76
d4779354e609274fba14da72d3456c44,120e2f1bb009d3d5ca03393b862f5751,delivered,2017-04-13 11:00:40,2017-04-13 11:10:12,2017-04-17 10:07:42,2017-04-19 13:57:54,2017-05-10,26.0,10.96,1,1,36.96,3,1,4.0,1.0,89b91c59f129ddfe18180d9f6ac2ee88,13360,capivari,SP,6.123078703703704,26.541203703703705,0,36.96
6c42e7be04d9ebf21c409e265ef01c5d,677f16cb92bfcbced2d36c587f719b78,delivered,2017-04-13 11:29:10,2017-04-17 19:10:06,2017-04-18 11:03:19,2017-05-02 12:21:21,2017-05-15,99.99,19.4,1,1,119.39,2,1,1.0,1.0,0130be8e6677174b8184114f98c16b3c,96077,pelotas,RS,19.036238425925927,31.521412037037038,0,119.38999999999999
11d583b90a9032858521c21a83ae2128,8fa588537d3c2dc83712c26fbb9c58be,delivered,2017-04-13 12:05:15,2017-04-14 13:01:54,2017-04-18 12:23:27,2017-05-09 09:17:59,2017-05-19,18.95,24.84,1,1,43.79,1,1,5.0,1.0,d532bfb55840f19fc6ee2d089254c037,62255,pires ferreira,CE,25.883842592592593,35.49635416666667,0,43.79
dbb96df7d9b75d3dfde8d10da0d65cde,72780e9a805ea5c484a91e4a440201a6,delivered,2017-04-13 12:05:51,2017-04-13 12:25:04,2017-04-17 12:01:22,2017-04-26 12:12:28,2017-05-09,129.99,17.65,1,1,147.64,3,1,5.0,1.0,12d932c6fba8d8afac3c06e8e6d494c9,37520,pedralva,MG,13.004594907407407,25.4959375,0,147.64000000000001
b8b24beb902191824754ff9bf973d9ee,30d2b11fe9e20d2851440b6224da55c8,delivered,2017-04-13 12:11:39,2017-04-13 13:05:10,2017-04-17 10:43:47,2017-04-19 12:58:58,2017-05-10,34.9,10.96,1,1,45.86,2,1,5.0,1.0,e975aba16b187d0a9932dba9bbd285f9,6233,osasco,SP,6.0328587962962965,26.49190972222222,0,45.86
bbfd7ab56f4f985f9224215c00808d04,6c43722b6d2eb07bc665b32dd753567c,delivered,2017-04-13 12:42:25,2017-04-13 13:05:41,2017-04-13 16:35:33,2017-04-20 14:45:06,2017-05-09,285.0,16.16,1,1,301.16,10,1,5.0,1.0,ab7965e349ab9e88b977c06ac791a4d3,26255,nova iguacu,RJ,7.085196759259259,25.47054398148148,0,301.16
a04fe1cdb84761d8bed127686c65e405,c477a25b31dbb1ba3286fa3a3db6aa79,delivered,2017-04-13 12:44:32,2017-04-13 13:05:46,2017-04-19 15:58:18,2017-04-27 17:14:35,2017-05-11,29.9,16.05,1,1,45.95,1,1,4.0,1.0,4177861e3cce05f7e4dcd1e0cb73b0dd,36415,congonhas,MG,14.187534722222223,27.469074074074076,0,45.95
4573e97fe027ed2a79400a704d2172bc,d4783e1e177f32e022479af8c8000ac4,delivered,2017-04-13 13:13:48,2017-04-13 13:25:17,2017-04-13 13:51:01,2017-05-05 13:12:15,2017-05-24,99.0,21.14,1,1,120.14,2,1,4.0,1.0,92a902ca2557fe1e222b0f7997c3701d,48950,uaua,BA,21.99892361111111,40.44875,0,120.14
2081951727bfe945199ff7bea30cbd1a,eed088d4b99839a66f46721d55b7f388,delivered,2017-04-13 13:15:22,2017-04-13 13:25:16,2017-04-17 13:49:47,2017-04-27 14:11:45,2017-05-15,174.9,18.65,1,1,193.55,8,1,5.0,1.0,71cf185501f00b71b8484855434b852e,14171,sertaozinho,SP,14.039155092592592,31.447662037037038,0,193.55
113cda086060a05db0ef4fef6c8fe1d8,de3d9d27d3fe1ca96f132c282183fc08,delivered,2017-04-13 13:42:13,2017-04-13 14:02:29,2017-04-18 11:40:05,2017-05-05 17:06:39,2017-05-19,119.99,32.44,1,1,152.43,2,1,5.0,1.0,2a37508d1962be64407eafcbdd0e51ff,65901,imperatriz,MA,22.141967592592593,35.4290162037037,0,152.43
c203a56a635b990cad279bae08bb2988,4a28af4dc07ca764e043a6e74dc4e997,delivered,2017-04-13 14:08:37,2017-04-13 14:22:40,2017-04-13 15:26:35,2017-04-28 14:56:09,2017-05-23,729.0,19.27,1,1,748.27,1,1,5.0,1.0,2cad5286a182e606250cabecbd864674,13876,sao joao da boa vista,SP,15.03300925925926,39.41068287037037,0,748.27
4526b32a6f35ff4b865facdf3ec8e567,34f4621d799ac14523b39ac5ae2eaadf,delivered,2017-04-13 14:21:04,2017-04-13 14:35:14,2017-04-17 10:44:16,2017-04-19 07:48:01,2017-05-05,20.9,10.96,1,1,31.86,1,1,4.0,1.0,8efd78aad97cba7bda11608694d3199b,11075,santos,SP,5.727048611111111,21.402037037037037,0,31.86
21b1633fe86b264bfedf62b262d950e2,c281fc914f6d4964ab7a633c1027d67d,delivered,2017-04-13 14:25:56,2017-04-13 14:42:19,2017-04-20 08:16:42,2017-05-02 14:07:23,2017-05-29,50.9,26.62,1,1,77.52,4,1,5.0,1.0,e02b3b1e959f17e11016e27dd450ee1b,65930,acailandia,MA,18.987118055555555,45.398657407407406,0,77.52
f0ab33ceba10623b929d52fe23fff27b,88ee40a99bacbe60eb2db44b445a83d9,delivered,2017-04-13 14:44:33,2017-04-13 14:55:14,2017-04-17 11:28:00,2017-05-11 11:21:25,2017-05-19,169.9,38.15,1,1,208.05,8,1,5.0,1.0,fe671564adbd29c727722191af62afae,57900,porto calvo,AL,27.858935185185185,35.385729166666664,0,208.05
ae9ea529ce46a68f8c58803436fb48a3,b5fba334815d79889c50d4a72a63bbc8,delivered,2017-04-13 15:03:34,2017-04-13 15:15:20,2017-04-18 14:47:44,2017-04-26 12:25:00,2017-05-12,799.98,126.32,2,1,926.3,10,1,5.0,1.0,cfee891ea509a405a65e730f2580e51d,39230,buenopolis,MG,12.88988425925926,28.372523148148147,0,926.3
ab5ff0fcd7789a6b96e8f90c47e0ccc9,fc00541611ecadf4e775f14ea8a2a24c,delivered,2017-04-13 15:13:51,2017-04-13 15:25:17,2017-04-13 16:54:03,2017-04-19 12:21:40,2017-05-16,51.8,29.04,2,1,80.84,3,1,4.0,1.0,41b20261d87e1d3b947967a2cfc0850a,89027,blumenau,SC,5.88042824074074,32.365381944444444,0,80.84
33a031da3772bfeda93d918e5048a0a5,b7b76a819a2d80afb942bf27080841bf,delivered,2017-04-13 15:22:33,2017-04-13 15:35:12,2017-04-17 12:16:51,2017-04-20 18:44:43,2017-05-05,139.9,26.21,1,1,166.11,5,1,5.0,1.0,355ae139c8a163fb77c065a2d1403ed9,13420,piracicaba,SP,7.140393518518518,21.35934027777778,0,166.11
163f8eb1b8e1a57c3ff383c09e13d42c,6964708c7ac9eb36c31193d480ec96f3,delivered,2017-04-13 16:00:12,2017-04-13 16:10:10,2017-04-19 09:43:15,2017-05-05 12:26:47,2017-05-09,430.0,45.47,1,1,475.47,4,1,4.0,1.0,0104d8ef04b9df2891e69bc0e2e6dca4,86186,cambe,PR,21.85179398148148,25.333194444444445,0,475.47
8c0921d37402722b282083329db79f9b,f9e23c14e5ab7352006f43521f84b3d5,delivered,2017-04-13 16:09:20,2017-04-13 16:22:23,2017-04-19 16:24:57,2017-05-09 07:40:12,2017-05-17,129.89,41.8,2,1,171.69,2,1,2.0,1.0,b6ccdcce8f60189ba221b69e1ee12401,45570,ipiau,BA,25.646435185185187,33.32685185185185,0,171.69
3c168c149c30652ebe339c9e5ab96f71,a44d428faa18d7c93ae50784a0c092ea,delivered,2017-04-13 16:14:59,2017-04-13 16:25:16,2017-04-17 10:43:50,2017-05-19 08:14:44,2017-05-12,34.9,14.52,1,1,49.42,1,1,1.0,1.0,e6da0e9bb3545f5468975a2cf67ce246,24711,sao goncalo,RJ,35.666493055555556,28.32292824074074,1,49.42
80b3144642f81210b2759d2ae93566e5,5b1c50ae703e657c8f0b3e0a60325e39,delivered,2017-04-13 16:53:02,2017-04-13 17:05:09,2017-04-17 11:42:18,2017-04-20 12:31:01,2017-05-12,210.0,12.08,1,1,222.08,4,1,5.0,1.0,5a1c55663b390b6333e26568460420b8,13219,jundiai,SP,6.818043981481481,28.29650462962963,0,222.08
59d51b78853d8f69413cee505d705ba1,e0fe9d1e023f3f10c25f47222273ccdb,delivered,2017-04-13 17:03:06,2017-04-13 17:15:18,2017-04-18 13:33:30,2017-04-19 13:47:05,2017-05-05,45.0,10.96,1,1,55.96,5,1,4.0,1.0,4824a03c22b7a98b8be744ef7640c7b9,12092,taubate,SP,5.863877314814815,21.289513888888887,0,55.96
12619b9be5cc3665b3f36f1e4b4d0ffa,b7e5d35a0f8b9c0e53532e8a4088225a,delivered,2017-04-13 17:14:04,2017-04-13 17:25:22,2017-04-20 09:14:57,2017-05-03 14:00:10,2017-05-15,19.99,17.78,1,1,39.95,3,1,5.0,1.0,86c374f7d4e3e26bbca7c4de6d6acf7c,32280,contagem,MG,19.865347222222223,31.281898148148148,0,37.769999999999996
539eb2245126ac0f67cb986d8e671e99,b166475f9637aaedf463f9f3a2884644,delivered,2017-04-13 17:14:08,2017-04-18 04:32:54,2017-04-18 09:48:16,2017-05-13 12:26:34,2017-05-17,215.9,27.98,1,1,243.88,1,1,5.0,1.0,5016b4d2cc147820fe0c3696a8d02f61,40325,salvador,BA,29.800300925925924,33.281851851851854,0,243.88
2e9cc17227ce6e445941902dcbea67d6,e4baaeeac874d1625171dfe5e7b3b295,delivered,2017-04-13 17:20:42,2017-04-13 17:35:16,2017-04-17 17:28:10,2017-04-19 11:50:24,2017-05-05,289.9,12.64,1,1,302.54,5,1,5.0,1.0,01a013f2d3d7b0fa074a09d3e6e7b611,27920,macae,RJ,5.770625,21.277291666666667,0,302.53999999999996
813f8916cd12b887b0fa271f3263a4d3,bf22881f1f23a79916784ac5b4319c56,delivered,2017-04-13 17:26:06,2017-04-13 17:42:10,2017-04-18 14:51:38,2017-05-09 12:49:59,2017-05-10,27.9,14.52,1,1,42.42,1,1,3.0,1.0,c6d04cc582cb4e8488bc99994c62e6ed,6080,osasco,SP,25.808252314814816,26.273541666666667,0,42.42
cf6d45bae6017043952a20f3457379fd,7590c5e72f02a94f0092598c1211e1e0,delivered,2017-04-13 17:54:50,2017-04-13 18:05:16,2017-04-18 13:04:13,2017-05-06 12:44:49,2017-05-11,28.99,16.05,1,1,45.04,1,2,2.0,1.0,dba40b853fb8450879147f77b57efcc2,29102,vila velha,ES,22.78471064814815,27.253587962962964,0,45.04
6288a28742bf3c6ec3bd2cb7012176bb,de9e3c9d829ef18a5808b0077ed751ff,delivered,2017-04-13 18:36:47,2017-04-14 18:42:06,2017-04-17 17:28:11,2017-04-18 16:22:50,2017-05-05,369.9,13.2,1,1,383.1,2,1,5.0,1.0,4288386cc177e8d8514a2fc1ccfbf2a5,24355,niteroi,RJ,4.906979166666667,21.22445601851852,0,383.09999999999997
feef9f21cf88daf192de972212d1c5d5,31a965e3f0fe26e844fe5dbcfac619e3,delivered,2017-04-13 18:47:07,2017-04-18 04:03:07,2017-04-20 15:47:25,2017-05-11 11:39:00,2017-05-22,220.0,26.03,1,1,246.03,1,1,,,f0c28b2f7f6d5edd4ee5537aacbac351,58037,joao pessoa,PB,27.702696759259258,38.217280092592596,0,246.03
9af65fab1b939ffd7b90131a6e77777f,a3cafc130415c67d4e17c9809e55c12f,delivered,2017-04-13 19:35:02,2017-04-18 06:35:29,2017-04-19 12:43:54,2017-05-02 16:50:30,2017-05-23,499.0,113.01,1,1,612.01,1,1,5.0,1.0,49f412f60497ae29f6d8cb94195df5c9,28910,cabo frio,RJ,18.88574074074074,39.18400462962963,0,612.01
42e69ecd0778c6ef53d99623cb1f3b9c,9ea52a177d36577d2396cad28e68a4e0,delivered,2017-04-13 19:41:54,2017-04-13 19:50:14,2017-04-17 15:08:38,2017-04-28 17:35:12,2017-05-09,18.9,14.52,1,1,33.42,1,1,3.0,1.0,db5076501cb0022f454d85f4096c6584,88352,brusque,SC,14.91201388888889,25.179236111111113,0,33.42
312d2ff4bca431eb80694c43eac7e5fd,4e3d95e9be78dabd4ac64c8a0c944fd8,delivered,2017-04-13 20:03:03,2017-04-13 20:15:14,2017-04-18 07:22:34,2017-04-26 12:35:34,2017-05-09,26.9,14.52,1,1,41.42,1,1,5.0,1.0,5ebefa61ebd3eef8c122129c52c19baa,34600,sabara,MG,12.689247685185185,25.164548611111112,0,41.42
e1215367814d0d82c496bf4c6b2ba6f7,fc39afc06082ea33d82e5c4b4c6e94d5,delivered,2017-04-13 20:08:10,2017-04-13 20:22:03,2017-04-17 10:50:46,2017-04-20 15:54:00,2017-05-09,118.9,15.0,1,1,133.9,5,1,4.0,1.0,a5c806ebe5b25d0ab1e7f0da0e17d6bc,9667,sao bernardo do campo,SP,6.82349537037037,25.16099537037037,0,133.9
5849d6026e6ef0340a5e699086dbfbc7,5fb671249003c434b2f6221315c7bbef,delivered,2017-04-13 20:32:27,2017-04-13 20:45:10,2017-04-27 05:22:03,2017-06-02 07:42:04,2017-05-26,680.0,158.38,1,1,838.38,10,1,5.0,1.0,23a92795bca68209a5d5680fc17fb221,49930,cedro de sao joao,SE,49.465011574074076,42.144131944444446,1,838.38
a45c1f10d2a3a9e829ea9125e9e17aab,f393da6b32b8d8ab1d9b5914ffe322b9,delivered,2017-04-13 20:46:58,2017-04-13 21:02:16,2017-04-18 14:46:17,2017-05-22 16:16:43,2017-05-17,31.0,20.4,1,1,51.4,1,1,1.0,1.0,2d5ebaca8779bfc70d5fea05fd1bdfd7,58038,joao pessoa,PB,38.81232638888889,33.134050925925926,1,51.4
468aecdb830aefb386337516a5edaa71,70d5de1ef2fba225d499156e5b8c0e4b,delivered,2017-04-13 20:53:11,2017-04-15 20:25:08,2017-04-17 11:06:42,2017-05-11 07:51:25,2017-05-10,99.0,13.27,1,1,112.27,2,1,2.0,1.0,7c7a1ebc5ebb56165d42fe5b9cad86a2,8160,sao paulo,SP,27.457106481481482,26.129733796296296,1,112.27
e8bcc9b5ec88c2aec681b7d52e5abccd,97f8823fa26f551689520aaa18f7391a,delivered,2017-04-13 21:06:23,2017-04-13 21:15:12,2017-04-17 10:07:43,2017-05-03 11:04:42,2017-05-16,49.9,17.19,1,1,67.09,2,1,1.0,1.0,34c7808de01a015e9c5165f6b44d7985,93135,sao leopoldo,RS,19.58216435185185,32.12056712962963,0,67.09
11e1ed3bdff66e40249e686b93e657ba,7934be0941e6d506eb37c1daa97c56d7,delivered,2017-04-13 21:06:38,2017-04-13 21:15:15,2017-04-17 08:33:29,2017-05-08 16:51:52,2017-05-11,159.9,17.96,1,1,177.86,8,1,5.0,1.0,071502ba82719316e5f346f8f2da02c4,24451,sao goncalo,RJ,24.823078703703704,27.12039351851852,0,177.86
f119156ea99ccffd1743bd0963675094,f08abaf79960bfcc9848896ed0258079,delivered,2017-04-13 21:07:30,2017-04-14 21:15:11,2017-04-17 12:57:44,2017-05-02 13:34:26,2017-05-16,48.9,15.56,1,1,64.46,1,1,5.0,1.0,481a7a279c7b9c80e39ffbf38b57c67a,22753,rio de janeiro,RJ,18.68537037037037,32.119791666666664,0,64.46
3d422fc6d6750bc646e96641823be1e8,2061a03f190f40e42813e1c258ffc3eb,delivered,2017-04-13 21:11:04,2017-04-13 21:22:28,2017-04-17 08:47:06,2017-05-02 13:45:11,2017-05-17,99.33,24.9,1,1,124.23,2,1,5.0,1.0,f18e64a11af23c4ffa9e537e9ad39b94,56163,parnamirim,PE,18.690358796296298,33.11731481481481,0,124.22999999999999
6334d07e554699500b61eb1cefb2d4ae,cae0b63186de49bdd6994020dfc98ec9,delivered,2017-04-13 22:31:22,2017-04-13 22:42:16,2017-04-18 14:55:38,2017-05-06 12:19:57,2017-05-19,109.99,34.7,1,1,144.69,2,1,5.0,1.0,d91f92777fc8e939f395a1f6e5f33ebb,76820,porto velho,RO,22.575405092592593,35.06155092592593,0,144.69
0bd66289bf194ff3edb0841291f58da1,35a5f209fb977870cf57ca5564033679,delivered,2017-04-13 22:40:08,2017-04-13 22:50:21,2017-04-20 10:47:48,2017-04-28 09:16:15,2017-05-16,69.9,15.7,1,1,85.6,6,1,5.0,1.0,065dcef61d5f66b30d2ee51b5343d023,3254,sao paulo,SP,14.441747685185184,32.05546296296296,0,85.60000000000001
fa4e39af0cabdc0f91adcba174a63b69,5fa845339b9bf6edcdf1e4bf4140cb8e,delivered,2017-04-13 23:47:01,2017-04-14 00:44:01,2017-04-18 14:48:53,2017-05-11 14:03:48,2017-05-17,29.4,22.28,1,1,51.68,4,1,5.0,1.0,0690c2d69698335f19976f6325e9425a,78552,sinop,MT,27.594988425925926,33.0090162037037,0,51.68
965f41a5261d9e54ef1e3c7944ed618d,b1ddbe8d116b700e6af3e23fdb0778cb,delivered,2017-04-14 01:25:25,2017-04-14 01:35:05,2017-04-17 10:44:15,2017-05-03 12:47:54,2017-05-16,32.9,17.78,1,1,50.68,1,1,4.0,1.0,597d546d06b45654ab5bbd28b807bf71,76355,morro agudo de goias,GO,19.47394675925926,31.94068287037037,0,50.68
620ea07d40c8834b597d0eba70441dc5,9bda75a1455bb02fcd35736974cd9b5b,delivered,2017-04-14 09:40:26,2017-04-14 09:50:12,2017-04-20 16:24:25,2017-04-29 08:47:52,2017-05-17,309.0,19.0,1,1,328.0,10,1,4.0,1.0,a2c29b59dba7de05c2d0f221b984f7ab,27510,resende,RJ,14.96349537037037,32.596921296296294,0,328.0
4c2b78efad2dfa6a3bb1cac6560cd2b7,b3d3bd9297ddef4e81dc0f8661d605d4,delivered,2017-04-14 10:06:15,2017-04-14 10:15:16,2017-04-17 17:28:09,2017-04-26 12:23:16,2017-05-10,289.9,16.2,1,1,306.1,6,1,5.0,1.0,722f06d0d1882a157cc59c93da7e3a61,30380,belo horizonte,MG,12.095150462962962,25.578993055555557,0,306.09999999999997
af82c79786a3ba816b246820444fdb8e,d09b6905433a2fd16d0355163fca1159,delivered,2017-04-14 11:01:05,2017-04-18 04:32:39,2017-04-18 13:00:36,2017-05-03 13:53:44,2017-05-16,119.8,32.24,2,1,152.04,1,1,5.0,1.0,a06d716c15cbac833955aebc7e1dbdd8,35557,carmo do cajuru,MG,19.119895833333334,31.540914351851853,0,152.04
4c76e48050ae7f0f69ea45b2350a12c4,e7b19354d2180c9a75a2ec0911db3a48,delivered,2017-04-14 11:03:05,2017-04-14 11:15:11,2017-05-04 11:38:50,2017-05-08 10:43:14,2017-05-08,27.9,10.96,1,1,38.86,3,1,4.0,1.0,e1b3bf2f6bf4b145baf50144f7d4e1aa,93054,sao leopoldo,RS,23.986215277777777,23.539525462962963,1,38.86
eac4ffbe456464bdc3ce5f001b6439c5,237098a64674ae89babdc426746260fc,delivered,2017-04-14 11:24:56,2017-04-14 11:35:23,2017-04-17 10:43:50,2017-04-20 17:04:51,2017-05-10,79.9,14.73,1,1,94.63,1,1,5.0,1.0,4390ddbb6276a66ff1736a6710205dca,82820,curitiba,PR,6.23605324074074,25.52435185185185,0,94.63000000000001
ebb1c6b241437a3a506a9a9ca419cbb3,5d4363d5a615f41111dd0cd8f0969780,delivered,2017-04-14 11:42:19,2017-04-14 11:50:20,2017-04-18 14:51:36,2017-04-27 16:31:27,2017-05-12,99.99,17.54,1,1,117.53,1,1,4.0,1.0,96e7c164f57fe5210f73c9ab17da3080,95910,lajeado,RS,13.200787037037037,27.512280092592594,0,117.53
5302018f3ca79e79316ca710edfe29a6,e49116a8cbc85883007a293eb252a799,delivered,2017-04-14 12:03:47,2017-04-14 13:02:16,2017-04-17 11:03:43,2017-04-20 10:48:42,2017-05-08,139.9,26.21,1,1,166.11,2,1,4.0,1.0,659140cc3652500a815b4e14b50d3335,13340,indaiatuba,SP,5.9478587962962965,23.497372685185184,0,166.11
68eb0f50dff9280862d4363208528f7e,e36b0ffc6738bb2d03e599cedee65adb,delivered,2017-04-14 12:09:49,2017-04-14 13:05:16,2017-04-17 10:04:31,2017-05-02 12:04:15,2017-05-17,38.66,29.04,2,1,67.7,2,1,5.0,1.0,cdba0e4a9b2fc4ec988a556d3061e1c4,28990,saquarema,RJ,17.99613425925926,32.49318287037037,0,67.69999999999999
b58cbfb87064005d62cb9fccbc720966,454cb2e166521abd12850178f0fbc238,delivered,2017-04-14 12:14:23,2017-04-14 13:05:18,2017-04-17 09:59:35,2017-05-07 13:46:51,2017-05-10,79.5,20.64,1,1,100.14,8,1,2.0,1.0,d56e3978365296a8ccce72ba1abb59d9,24742,sao goncalo,RJ,23.064212962962962,25.490011574074074,0,100.14
397a32bc626d3c1e951590a39c6f7929,61dba1fa1816dba818bf2e583ef11c34,delivered,2017-04-14 12:57:10,2017-04-14 14:21:54,2017-04-18 14:52:52,2017-04-20 14:38:26,2017-05-10,42.9,14.52,1,1,57.42,1,1,5.0,1.0,cac60261ee6b78d4c926d9e3b525c710,23090,rio de janeiro,RJ,6.070324074074074,25.460300925925925,0,57.42
e7462b52f18d6033a0b5714f2dae7e79,f04466963e7ba849a84bca97c5d90aca,delivered,2017-04-14 13:36:31,2017-04-14 13:45:22,2017-04-17 12:23:57,2017-05-02 14:08:59,2017-05-10,211.91,16.69,1,1,228.6,6,1,5.0,1.0,4897a3c64a635a703a71dd2d9189bffa,88354,brusque,SC,18.022546296296298,25.432974537037037,0,228.6
121752685a1a4cf853bb87fb3b98f3af,b1d9e0fe53450b1be6afe138fce9dede,delivered,2017-04-14 14:16:59,2017-04-14 14:30:08,2017-04-19 16:55:03,2017-04-27 11:46:31,2017-05-11,299.0,16.26,1,1,315.26,4,1,5.0,1.0,59b265b9cfda8d25bbc84f722b90b139,12232,sao jose dos campos,SP,12.89550925925926,26.404872685185186,0,315.26
8baa038ccba688e5d3c2d087d7ac5ca2,be55be4c49ea283f0f51ba4b332568bb,delivered,2017-04-14 14:28:24,2017-04-14 14:41:50,2017-04-20 12:57:26,2017-05-09 12:22:31,2017-05-18,35.0,17.78,1,1,52.78,5,1,5.0,1.0,5a5060dc2474b95aa67bfb465a3ab10b,77425,gurupi,TO,24.91258101851852,33.39694444444444,0,52.78
e5b2ffcb8f2da06d6e3c42b180a41a5e,222686e9bc3bee00511c05f3c4c9e64f,delivered,2017-04-14 14:31:25,2017-04-14 14:41:50,2017-04-18 11:24:48,2017-04-29 10:04:31,2017-05-10,64.9,14.62,1,1,79.52,3,1,5.0,1.0,529b9d0e1740c33be85357f29ce0c42d,85802,cascavel,PR,14.814652777777777,25.394849537037036,0,79.52000000000001
cf1763a6cef94ae43c5fc1d02976d5a3,58c26d9f4361488a9a1de023ad4e744d,delivered,2017-04-14 14:33:32,2017-04-14 14:45:17,2017-04-17 14:00:14,2017-05-02 13:01:36,2017-05-26,29.9,41.94,1,1,71.84,7,1,4.0,1.0,5f536571164423b89ce1af9616d011bd,89015,blumenau,SC,17.936157407407407,41.39337962962963,0,71.84
91004f0959e3066dc81fbb1c82ef2de7,9c7dfbe1e9bd22a4b59181aad23ee8c4,delivered,2017-04-14 15:10:29,2017-04-14 15:22:09,2017-04-19 17:08:12,2017-05-03 17:14:54,2017-05-10,29.74,14.52,1,1,44.26,2,1,4.0,1.0,dcfcea1fed8afaf9165b1037af4082be,37564,borda da mata,MG,19.086400462962963,25.36771990740741,0,44.26
84ad418dcacad799e4a81ac24328d6fd,a938af9f18a3121d6729480532cb755e,delivered,2017-04-14 15:38:54,2017-04-18 03:55:27,2017-04-24 07:19:51,2017-05-09 11:36:11,2017-05-31,48.9,37.92,1,1,86.82,1,1,5.0,1.0,70efc62d78bc99c55122135b875a386f,96201,rio grande,RS,24.831446759259258,46.34798611111111,0,86.82
3e92efabf5eaa46e4ab7f20a10864785,4562a2d3bf681fef8f12d7c1c77a416d,delivered,2017-04-14 15:39:25,2017-04-14 15:50:14,2017-04-17 12:23:58,2017-04-21 11:19:10,2017-05-08,177.76,11.85,1,1,189.61,10,1,5.0,1.0,a27fb7c59a5e6ecab45a6fbabafc5077,13419,piracicaba,SP,6.819270833333333,23.347627314814815,0,189.60999999999999
84f45a8c260ce6606a2e9d70cccd5959,212654a74f50461c222367b79cea5e3c,delivered,2017-04-14 15:57:14,2017-04-14 16:10:29,2017-04-17 10:55:15,2017-04-27 10:09:34,2017-05-12,849.0,126.44,1,1,975.44,10,1,4.0,1.0,052ecc20fc75531a24365017cccf4b44,36051,juiz de fora,MG,12.758564814814815,27.33525462962963,0,975.44
ac278dbea8fabef3f3c3c51e5a201197,1fed2f9c2a5c7130513baa83c88614f9,delivered,2017-04-14 16:25:23,2017-04-14 16:35:20,2017-04-18 12:23:27,2017-05-10 15:04:45,2017-05-22,18.95,24.35,1,1,43.3,1,1,4.0,1.0,b0d7633100676a5e8755549bda0e3719,50875,recife,PE,25.944004629629628,37.31570601851852,0,43.3
ed9122a05b31e08dfee728dbdc8a2e42,5dff24d9f9695d450bedd739eae31bb4,delivered,2017-04-14 16:44:22,2017-04-14 17:02:16,2017-04-17 15:44:03,2017-04-20 14:51:56,2017-05-08,199.9,12.01,1,1,211.91,8,1,5.0,1.0,cc68db9bd735565d39c8ffd3941ed347,7240,guarulhos,SP,5.921921296296296,23.302523148148147,0,211.91
0bfdd5142412ff5070415391f78d3cf9,22daf6df7eb403c07f9185ca3851a9b7,delivered,2017-04-14 17:03:06,2017-04-14 17:15:15,2017-04-17 14:28:13,2017-05-04 16:25:44,2017-05-10,299.99,22.18,1,1,322.17,10,1,5.0,1.0,3bd390081db06240cf1c4197f53dbc04,16403,lins,SP,19.974050925925926,25.289513888888887,0,322.17
b313c4c6f6035467d515a2e7e6031950,9adf38dde72b3e6f74335f97b2680f11,delivered,2017-04-14 17:43:56,2017-04-14 17:50:18,2017-04-19 16:06:26,2017-04-28 12:08:11,2017-05-29,52.5,24.86,1,1,77.36,7,1,4.0,1.0,6971ee5006902524460371fdbd952cbf,64049,teresina,PI,13.766840277777778,44.26115740740741,0,77.36
ff9c2c99255c1843bf2fa114e7e35569,074f61713ca4ac97f029964c818f26af,delivered,2017-04-14 18:01:11,2017-04-14 18:10:19,2017-04-18 15:13:12,2017-05-10 05:10:11,2017-05-10,109.99,17.02,1,1,127.01,2,1,2.0,1.0,56cafaaa60a40fda15fc923612be828f,22451,rio de janeiro,RJ,25.464583333333334,25.24917824074074,1,127.00999999999999
f01954cab76ef5d938d291d2f1d201e5,e0c162c722b9ee73b89b93199e774b43,delivered,2017-04-14 18:08:15,2017-04-14 18:15:15,2017-04-20 10:44:35,2017-05-27 08:28:54,2017-05-16,399.9,77.23,1,1,477.13,4,1,1.0,1.0,d4f535499419d0b8bbdcd7d9a81e5578,78099,cuiaba,MT,42.59767361111111,31.244270833333335,1,477.13
02c9b2b746777e4dadcf72941e5a010d,b9c7a79a20537b1e943044225f0b0113,delivered,2017-04-14 18:09:37,2017-04-14 18:22:15,2017-04-17 14:41:43,2017-05-02 17:42:12,2017-05-25,194.99,23.29,1,1,218.28,6,1,5.0,1.0,0451ef5a31cea3e14ce02d768d7c9943,41800,salvador,BA,17.980960648148148,40.24332175925926,0,218.28
ef05a858213da36683cc0f24157732cd,e344b637bf62ce9eec36f4b532fd9fef,delivered,2017-04-14 18:10:08,2017-04-14 18:22:14,2017-04-19 07:15:22,2017-05-02 14:25:31,2017-06-07,47.8,29.04,2,1,76.84,3,1,5.0,1.0,ccd1f4baf9b611c967b847895e801c63,89675,vargem bonita,SC,17.844016203703703,53.24296296296296,0,76.84
e17520d47c20264779c7c12601388aba,9a356286cc68f7fbe87599a35240bf51,delivered,2017-04-14 18:37:14,2017-04-14 18:45:09,2017-04-17 15:10:49,2017-05-02 16:08:57,2017-05-25,39.0,20.8,1,1,59.8,3,1,5.0,1.0,78f77a64681cabfc64e02f7fa841de37,47115,muquem do sao francisco,BA,17.89702546296296,40.22414351851852,0,59.8
1689f77aba54add10c301840bd5462de,5be3842ff7dab1649892549d7d6e9283,delivered,2017-04-14 18:56:58,2017-04-18 04:33:02,2017-04-18 09:06:48,2017-05-03 13:16:47,2017-05-23,79.8,38.1,2,1,117.9,1,1,5.0,1.0,99ab358c4094d5837f2575583acd7ffe,65765,dom pedro,MA,18.763761574074074,38.21043981481481,0,117.9
793a1da0431a53a517bf77cc596a9d7b,494581655b5393bdb9195817e1314b43,delivered,2017-04-14 19:31:57,2017-04-14 19:50:14,2017-04-17 18:25:59,2017-04-19 12:03:24,2017-05-09,179.98,33.56,2,1,213.54,8,1,3.0,1.0,26b10452a17da7c4a3f0c0ee7e975601,6890,sao lourenco da serra,SP,4.688506944444445,24.186145833333335,0,213.54
66bc92ed85c6ab828e10ff0cd1c5d026,3f6c3d9854506e3351e40a91f8b85b7d,delivered,2017-04-14 19:35:35,2017-04-14 19:45:13,2017-04-17 11:21:18,2017-05-02 16:39:13,2017-05-19,85.99,16.3,1,1,102.29,4,1,3.0,1.0,ba77e9b6506636dcbd03e463d4786f24,95059,caxias do sul,RS,17.87752314814815,34.183622685185185,0,102.28999999999999
31ffe8189e41e4bbad1c872b804c6bfd,722014e4b4beb1e103b28f711a906d36,delivered,2017-04-14 19:52:22,2017-04-14 20:05:09,2017-04-17 08:38:59,2017-04-20 20:49:13,2017-05-08,12.97,10.96,1,1,23.93,1,1,5.0,1.0,34170ebf706ad24701b17511f61db9c3,7985,francisco morato,SP,6.039479166666666,23.171967592592594,0,23.93
3f9e8fecf02f21c1a57dc20c0e7f95ab,a7e08eccf0ec5860c322f88d41f09cf9,delivered,2017-04-14 19:52:48,2017-04-14 20:05:09,2017-04-17 13:30:08,2017-04-25 12:41:03,2017-05-08,59.9,13.0,1,1,72.9,4,1,3.0,1.0,f557593232da2815cb2bd6a5481b1f27,30510,belo horizonte,MG,10.700173611111111,23.171666666666667,0,72.9
7ba1fd18a995ff2c401b69344ed3ac21,bc1de87b881c8cb6d4a1e8119b0e27b5,delivered,2017-04-14 20:05:51,2017-04-14 20:15:19,2017-04-17 14:12:14,2017-04-22 08:57:35,2017-05-08,66.82,21.92,2,1,88.74,8,1,1.0,1.0,4311c3444d110af4d6e59fa7e02c6876,11462,guaruja,SP,7.535925925925926,23.162604166666668,0,88.74
eebb8622e78c78a62c7a2b941d76680f,2e5e192daace5791ff9fdb7cc0cc6d1c,delivered,2017-04-14 20:11:58,2017-04-18 04:32:32,2017-04-18 13:17:36,2017-05-08 09:57:38,2017-05-22,12.97,24.35,1,1,37.32,1,1,5.0,1.0,0246128cbe42bad650aca67dea148ecb,52070,recife,PE,23.57337962962963,37.15835648148148,0,37.32
1ad9cd62e34f5b8ebdeb700282f0168c,337777c42930fdd4a72cad8616a3e36d,delivered,2017-04-14 20:31:38,2017-04-14 20:42:09,2017-04-18 16:34:51,2017-05-08 11:42:55,2017-05-10,349.0,16.61,1,1,365.61,7,1,3.0,1.0,88c72c073b5b6ed940c4decb1b94fea4,9990,diadema,SP,23.63283564814815,25.144699074074072,0,365.61
f2f6707b2576619925ea0e63103975c0,84f02549f018546d35266595560f789c,delivered,2017-04-14 21:01:15,2017-04-15 21:05:11,2017-04-17 13:41:54,2017-05-02 16:05:52,2017-05-11,275.0,74.69,1,1,349.69,4,1,3.0,1.0,10954d17b6a7747b1075f867ea7788fa,13186,hortolandia,SP,17.794872685185187,26.124131944444443,0,349.69
c158e9806f85a33877bdfd4f607b72e7,25456ee3b0cf84658015e46686025224,delivered,2017-04-14 22:06:32,2017-04-14 22:15:13,2017-04-17 14:52:32,2017-05-08 11:10:26,2017-05-18,79.9,21.01,1,1,100.91,3,1,4.0,1.0,a577a79cf9dde79841a2b42bc7d0e6c3,74475,goiania,GO,23.544375,33.0787962962963,0,100.91000000000001
755081a4b07434c22e87b3bbb0b5f3aa,858b19e77f1119a522e8cae0f62b4a52,delivered,2017-04-14 22:06:34,2017-04-18 03:55:47,2017-04-18 09:48:17,2017-05-09 08:29:10,2017-05-18,98.9,21.14,1,1,120.04,1,1,3.0,1.0,335dca3381c46af9cefb53cf603dde07,78810,juscimeira,MT,24.43236111111111,33.07877314814815,0,120.04
3b97562c3aee8bdedcb5c2e45a50d5e1,065d53860347d845788e041c0dae53e7,delivered,2017-04-14 22:21:54,2017-04-15 22:30:19,2017-04-17 09:08:52,2017-05-17 10:52:15,2017-05-18,179.98,89.46,2,1,269.44,5,1,3.0,1.0,2010e127a34623e7e0b0728f43264e89,78043,cuiaba,MT,32.521076388888886,33.068125,0,269.44
4932f0177140a9a8b32264ac6f41ac5f,da60a83676f4f423d010e046d2e19638,delivered,2017-04-14 22:28:12,2017-04-14 22:42:13,2017-04-17 09:42:59,2017-04-30 08:15:54,2017-05-10,59.9,14.59,1,1,74.49,5,1,5.0,1.0,8d3b3afd63d7065ef1457c94351963b1,3206,sao paulo,SP,15.408125,25.06375,0,74.49
c09e8c8ef923378f60d8ab37827eb58d,951afde3032b870b7ab26328322c2175,delivered,2017-04-14 22:35:53,2017-04-14 22:45:18,2017-04-17 11:28:00,2017-05-10 21:06:12,2017-05-10,169.9,22.66,1,1,192.56,8,1,3.0,1.0,1993b9a34b2c0e737861f77b5e8159dd,13454,santa barbara d'oeste,SP,25.93771990740741,25.05841435185185,1,192.56
beaa9a04baa88f8e5bbf8dc2f28a1c54,51dc1b98963d078a8af6b7543716815f,delivered,2017-04-14 22:47:09,2017-04-14 23:01:55,2017-04-17 15:32:08,2017-04-20 13:24:19,2017-05-12,199.0,17.82,1,1,216.82,4,1,4.0,1.0,8b65dbaaed3c1f185c0d003f3d94a675,79005,campo grande,MS,5.609143518518518,27.05059027777778,0,216.82
c7484ff7d357d78f749b7ffdf44d5315,a7a833009ee67f3712bf47e987580d15,delivered,2017-04-14 23:13:39,2017-04-14 23:22:00,2017-04-17 09:12:29,2017-04-20 16:43:53,2017-05-08,246.0,12.33,1,1,258.33,5,1,4.0,1.0,c23ce6b0b559fa63a837272f86bbc0a6,13026,campinas,SP,5.729328703703704,23.0321875,0,258.33
44551b161630b0e90e73ed35fafb4268,615222e0c8a4e524ce32eacd567c1bb9,delivered,2017-04-14 23:45:31,2017-04-15 01:05:23,2017-04-19 16:06:27,2017-05-17 09:42:30,2017-05-17,52.5,14.54,1,1,67.04,2,1,1.0,1.0,7a773eaab5f2b50df2816eb00848283a,13070,campinas,SP,32.41457175925926,32.01005787037037,1,67.03999999999999
fa609e805ef70799ce6c12d7d0763545,be94819d23e284279425496d0e695777,delivered,2017-04-14 23:56:08,2017-04-18 04:03:13,2017-04-18 15:22:19,2017-04-23 08:17:58,2017-05-08,126.2,15.99,1,1,142.19,1,1,4.0,1.0,c2249f3f1885c3f647feb992bcb68d13,12233,sao jose dos campos,SP,8.34849537037037,23.002685185185186,0,142.19
fa28bd97430eae2d2b4f9441a25749c1,0134ab2fb213ed322c3ae3b0e051582f,delivered,2017-04-15 03:21:22,2017-04-18 04:32:18,2017-04-18 15:56:06,2017-04-20 08:14:22,2017-05-17,180.0,12.65,1,1,192.65,1,1,4.0,1.0,910edb03fe69cbf4c909fb359d9e9564,4360,sao paulo,SP,5.2034722222222225,31.860162037037036,0,192.65
4ff360dbfc89fdc00cd35d99cb3efef6,395c44bf285c05b0139dc04884c393e9,delivered,2017-04-15 08:14:40,2017-04-18 04:11:10,2017-04-18 10:06:56,2017-05-11 15:54:01,2017-05-12,29.9,16.05,1,1,45.95,1,1,5.0,1.0,8e360eee126b3355dbe942a211621f63,25675,petropolis,RJ,26.318993055555556,26.65648148148148,0,45.95
866968d6a38b907a312ffddbe6287d8e,963aad8750ffca2b194092e8d0dc5aaf,delivered,2017-04-15 09:41:35,2017-04-15 09:55:09,2017-04-18 15:09:26,2017-04-20 14:33:48,2017-05-08,26.0,11.74,1,1,37.74,1,1,5.0,1.0,ebd1a84b11e06afb29859d8787d8514e,5831,sao paulo,SP,5.202928240740741,22.596122685185186,0,37.74
63305270eb3457a63856e2d1dae91550,5bcc4255cbb4d6777a392fb88d24294b,delivered,2017-04-15 09:42:38,2017-04-15 09:55:11,2017-04-18 12:30:03,2017-04-28 14:52:43,2017-05-26,998.9,41.0,1,1,1039.9,6,1,5.0,1.0,489a0be221675d041528911d170fec8c,64004,teresina,PI,13.215335648148148,40.59539351851852,0,1039.9
7aee6dc90a20749566f77e5c34a9c8e9,cafc7ca677c700a6cd857bfc9a1d68ed,delivered,2017-04-15 10:20:13,2017-04-15 10:30:50,2017-04-18 14:54:34,2017-05-03 14:54:50,2017-05-12,117.3,24.64,1,1,141.94,4,1,5.0,1.0,2338fb7e169aef6dbe9eb9d9c9d410c8,72410,brasilia,DF,18.19070601851852,26.569293981481483,0,141.94
664544bb88aaff855be52c01210033a5,67a187c3731c057a5671428353e653d1,delivered,2017-04-15 10:32:56,2017-04-15 10:42:01,2017-04-17 16:37:58,2017-04-19 16:35:15,2017-05-15,799.95,16.21,1,1,816.16,10,1,5.0,1.0,fbc6c89a052e6169d0a05874de95044a,27253,volta redonda,RJ,4.2516087962962965,29.560462962962962,0,816.1600000000001
a0d3437fc70b342203c6679bab7a301f,c4ee3143c92ea5a170b8737883e80275,delivered,2017-04-15 10:34:47,2017-04-15 10:45:12,2017-04-18 10:23:36,2017-04-27 15:14:41,2017-05-08,32.99,11.74,1,1,44.73,2,1,5.0,1.0,a33c91d81773c8eacc67a296edcec68f,32285,contagem,MG,12.194375,22.559178240740742,0,44.730000000000004
b21fc2238d717cbd15c833da30d48c26,40e1fd06f8240034b332958a45840b60,delivered,2017-04-15 10:55:28,2017-04-15 11:05:20,2017-04-19 14:00:01,2017-05-02 15:42:15,2017-05-22,23.9,26.61,1,1,50.51,1,1,5.0,1.0,038788260f49eafe86a7e02b7704e0be,65950,barra do corda,MA,17.199155092592594,36.54481481481481,0,50.51
f54985d5e0aa25e89765a7f3c1d7c445,17d871c2a8aaebdb6d8b7dc48398afae,delivered,2017-04-15 11:10:07,2017-04-15 11:25:14,2017-04-20 13:46:00,2017-05-05 13:49:59,2017-05-12,199.7,19.68,1,1,219.38,12,1,5.0,1.0,e85cead1b63c9aafe00a0b0d4238d26e,38701,patos de minas,MG,20.11101851851852,26.534641203703703,0,219.38
d339c3ad62c16e15e4c2f3e39abd1abb,fdc884bc653acba888ada07cca18a635,delivered,2017-04-15 11:44:00,2017-04-15 11:55:08,2017-04-18 11:25:02,2017-04-27 08:04:13,2017-05-15,56.99,16.1,1,1,73.09,1,1,4.0,1.0,30e203c08f7725a9f7a4deb875e76b6b,93130,sao leopoldo,RS,11.847372685185185,29.511111111111113,0,73.09
6d4616de4341417e17978fe57aec1c46,adc1b0d30fe2b52bde12fe806630d54f,delivered,2017-04-15 11:46:19,2017-04-15 12:02:55,2017-04-19 08:18:54,2017-05-05 15:56:20,2017-05-24,31.9,15.56,1,1,47.46,2,1,3.0,1.0,93d8aba57ba1b1a343333f89358fa60f,38288,uniao de minas,MG,20.173622685185187,38.50950231481482,0,47.46
e7d87f6dcb51883dd0df89721a08492d,e7087b7c0e1d48db38ceee27de0776ed,delivered,2017-04-15 11:46:28,2017-04-15 12:02:56,2017-04-18 11:40:04,2017-05-05 15:53:07,2017-05-16,229.9,29.89,1,1,259.79,1,1,4.0,1.0,17bda99b9213ce97c87ba6ced32e791d,29360,castelo,ES,20.17128472222222,30.509398148148147,0,259.79
219011b6543055a960c7dd94cc5e0770,9b9fc5bf9794aa5a631da2499da279eb,delivered,2017-04-15 11:47:49,2017-04-15 12:02:54,2017-04-17 10:43:48,2017-04-22 05:27:56,2017-05-09,69.8,21.92,2,1,91.72,3,1,4.0,1.0,17232dfe6b4883dfd9f9728982a468f4,8470,sao paulo,SP,6.73619212962963,23.508460648148148,0,91.72
91003e3a687f6d045844de7b5f772608,627df80b3c1f086dbc7acca08e714530,delivered,2017-04-15 11:56:08,2017-04-15 12:05:31,2017-04-17 16:18:46,2017-04-20 09:49:49,2017-05-10,79.0,14.31,1,1,93.31,1,1,1.0,1.0,3f9df44e4442173d83d9126b0f70e2c2,5416,sao paulo,SP,4.912280092592592,24.502685185185186,0,93.31
ed9bc2af2e1ae9d510b862314efd8e72,c7b91f61168f8405335fbc6371c11962,delivered,2017-04-15 12:11:01,2017-04-16 06:35:18,2017-04-25 06:53:46,2017-05-02 21:07:41,2017-05-12,843.0,21.6,1,1,864.6,1,1,5.0,1.0,ee5ca29b04a242ed865183467ba72b24,6365,carapicuiba,SP,17.372685185185187,26.492349537037036,0,864.6
dd65c324819cce121f105ad9d9afa866,b829fddbce42cead675773ee8daaa179,delivered,2017-04-15 12:12:15,2017-04-18 03:50:58,2017-04-19 14:51:55,2017-04-27 16:30:30,2017-05-19,59.9,17.26,1,1,77.16,1,1,4.0,1.0,d27826efcf22fc60cbd98d7558e0c723,85605,francisco beltrao,PR,12.179340277777778,33.49149305555556,0,77.16
2d85bf60e590af3f33286c0cf7375f1a,0aa65c8a7017c2e258a2f342fc9de96c,delivered,2017-04-15 12:27:08,2017-04-15 12:35:22,2017-04-17 09:43:05,2017-04-18 16:40:28,2017-05-08,59.9,11.03,1,1,70.93,7,1,5.0,1.0,73aa4aebe5b6c731a6d23825b699528a,21210,rio de janeiro,RJ,3.175925925925926,22.48115740740741,0,70.92999999999999
528d1ebb9f5a8601f7c1d21e05412b2f,c3fbf67004ec7cb05dbd7300afdbd4d8,delivered,2017-04-15 12:30:59,2017-04-15 12:43:01,2017-04-19 06:12:29,2017-05-12 13:09:36,2017-06-01,24.9,20.8,1,1,45.7,4,1,4.0,1.0,d613df489b036c42a56e87f26ea6e7cd,45020,vitoria da conquista,BA,27.02681712962963,46.478483796296295,0,45.7
e8c68bc8849a22ef58e4ee2a76e04dea,d65a1613b6b9aa8043a1ddbc69e337b3,delivered,2017-04-15 12:42:22,2017-04-15 12:55:32,2017-04-17 11:35:07,2017-05-15 08:27:54,2017-05-10,399.0,39.19,1,1,438.19,5,1,1.0,1.0,bd275613059e73a343d66b16cea41903,25680,petropolis,RJ,29.823287037037037,24.470578703703705,1,438.19
3bee0a6bb3f8fa5eb8dae9b65fc7944d,65f4398233c24732b9d2effa4d7e83dc,delivered,2017-04-15 12:49:29,2017-04-15 13:01:48,2017-04-18 15:13:13,2017-04-20 16:40:20,2017-05-08,99.99,9.07,1,1,109.06,2,1,5.0,1.0,ca41fee3b0b6191f4fe0cdf13a15b1d3,5399,sao paulo,SP,5.1603125,22.465636574074075,0,109.06
77474f59024d12a846fb80577dd24ee4,fe16ef90ab6e14515a95ba2255d7e918,delivered,2017-04-15 14:40:01,2017-04-15 14:55:09,2017-04-17 14:28:12,2017-04-26 14:34:15,2017-05-10,959.99,51.32,1,1,1011.31,3,1,5.0,1.0,2fe074ea3cc24b8fd57d29effc995f8b,1409,sao paulo,SP,10.99599537037037,24.388877314814813,0,1011.3100000000001
854ebcd4c13f49162d6b07c1813f71d2,0f4f8f1c93fa4e87b000dde5ce03ffdd,delivered,2017-04-15 14:45:34,2017-04-15 15:01:56,2017-04-20 10:33:27,2017-04-25 11:20:08,2017-05-19,38.5,32.1,2,2,70.6,7,1,5.0,1.0,aa45ad6fcba95488ece6beda576c7106,90480,porto alegre,RS,9.857337962962964,33.38502314814815,0,70.6
1619ac7c95b1d3968cc98be483959b2c,f3e70dbef3c069f99b47ef74148d6d58,delivered,2017-04-15 15:14:09,2017-04-15 15:25:08,2017-04-20 07:39:25,2017-05-02 12:11:03,2017-05-15,449.9,19.99,1,1,469.89,10,1,1.0,1.0,edaf10f5aa825cb0f5fb2c0e56c45891,22221,rio de janeiro,RJ,16.872847222222223,29.36517361111111,0,469.89
1b56eac6a1af4ad14e269f7639592b6d,87391f6f287f51cc9d2c7830bbed80cf,delivered,2017-04-15 15:28:36,2017-04-15 15:42:12,2017-04-18 15:38:01,2017-05-11 18:09:13,2017-05-23,56.99,24.89,1,1,81.88,5,1,5.0,1.0,c6ec01cfe3d613c9b55c8e63eec06168,65063,sao luis,MA,26.111539351851853,37.35513888888889,0,81.88
635c894d068ac37e6e03dc54eccb6189,7a34a8e890765ad6f90db76d003acb27,delivered,2017-04-15 15:37:38,2017-04-15 15:45:14,2017-04-27 16:06:59,2017-05-16 14:49:55,2017-05-18,119.9,19.43,1,1,139.33,8,1,3.0,1.0,f0fcf63966a1ebcd5551af630f5d1d74,90870,porto alegre,RS,30.966863425925926,32.34886574074074,0,139.33
10c8dc196ef9940faeef9fb9e6790abd,4ef3af4d34d588d21fa7570c6a08feea,delivered,2017-04-15 15:52:08,2017-04-15 16:05:19,2017-04-18 15:44:23,2017-04-26 10:38:32,2017-05-11,89.9,14.8,1,1,104.7,5,1,2.0,1.0,c0e7d5404f7077a130873f2246251a4b,38770,joao pinheiro,MG,10.782222222222222,25.338796296296298,0,104.7
b36eaea41e5f572de53b1c5095920461,41aaa75fc64433be3fef12bacbc653dd,delivered,2017-04-15 16:06:20,2017-04-16 16:15:06,2017-04-18 15:22:21,2017-05-10 11:37:36,2017-05-24,339.89,85.77000000000001,2,2,425.66,2,1,5.0,1.0,9458812dde49284a31993430471bad36,68464,hidreletrica tucurui,PA,24.81337962962963,38.32893518518519,0,425.65999999999997
cfb25af2ff2642d7d6fad1a71d577e0f,579e53897a434649c5a4f6c82adb68ef,delivered,2017-04-15 16:22:04,2017-04-15 16:35:09,2017-04-17 09:33:46,2017-04-22 12:25:02,2017-05-08,278.77,13.34,1,1,292.11,1,1,5.0,1.0,175100a7355d422f365db87dcf194ce7,5835,sao paulo,SP,6.835393518518519,22.31800925925926,0,292.10999999999996
1a1ee1d6d418b44f10671d87bd127b80,63e8467a28522521ec927000de724c82,delivered,2017-04-15 16:23:24,2017-04-15 16:35:09,2017-04-17 12:42:47,2017-05-05 12:30:05,2017-05-22,39.99,24.84,1,1,64.83,6,1,5.0,1.0,a240b0df08b04a5041944e28246d2ab9,55410,sao benedito do sul,PE,19.837974537037038,36.317083333333336,0,64.83
005cad6157eadc7f1f09917607f1704a,3c3472f5efc17888458e428b0b9eeef3,delivered,2017-04-15 16:35:52,2017-04-16 16:45:13,2017-04-17 09:05:53,2017-05-03 14:56:08,2017-05-10,96.0,14.84,1,1,110.84,2,1,5.0,1.0,3ecdba3759728beba1f9ed3643e133d3,9784,sao bernardo do campo,SP,17.93074074074074,24.308425925925928,0,110.84
0f081161ec11a7986d836cf8e012cd21,70e6d8407a54a97e0985316f11f46ee6,delivered,2017-04-15 17:06:36,2017-04-15 17:22:26,2017-04-17 10:38:20,2017-04-20 09:35:29,2017-05-15,134.9,16.05,1,1,150.95,2,1,5.0,1.0,49b87b6248b8e97cf8e0be1d073e6ea1,6114,osasco,SP,4.686724537037037,29.28708333333333,0,150.95000000000002
e9d5fd7f8cef3acbe54ba2b771856038,018184ac5f52a821bb00f3ef21d75799,delivered,2017-04-15 17:31:55,2017-04-15 17:45:10,2017-04-17 15:08:38,2017-05-10 09:56:32,2017-05-22,29.9,24.84,1,1,54.74,1,2,4.0,1.0,54fc4ff419d5e05db5fe42906bc3da98,63430,ico,CE,24.683761574074072,36.269502314814815,0,54.739999999999995
5729676c9570f1edb39c7a1f01e4e0e6,2d42097081e700cc51db9476e4f077b8,delivered,2017-04-15 17:37:04,2017-04-15 17:55:18,2017-04-19 14:10:01,2017-04-26 12:58:15,2017-05-08,18.99,10.96,1,1,29.95,2,1,5.0,1.0,e53fd5575f1418397aae732c5755b6fc,13467,americana,SP,10.806377314814815,22.265925925925927,0,29.95
416699ef2e608b6f2496788d1eab0329,49298c0bdc76589ada551d83ee04ab4d,delivered,2017-04-15 17:43:35,2017-04-15 17:55:19,2017-04-17 10:24:43,2017-04-22 05:57:36,2017-05-10,129.9,16.12,1,1,146.02,4,1,4.0,1.0,a0bb6f781f6c96b3f72cd9ac38acffcd,6060,osasco,SP,6.509733796296296,24.261400462962964,0,146.02
1501eaa2540a52164308d1dc061f89e0,77f94a8479757404d1c14a4ff16a23a7,delivered,2017-04-15 18:18:06,2017-04-18 06:55:15,2017-04-18 15:44:20,2017-04-28 06:13:56,2017-05-11,89.9,14.8,1,1,104.7,8,1,5.0,1.0,982b0a3006185dcf754de593350cc8b4,36820,divino,MG,12.497106481481481,25.237430555555555,0,104.7
f7a395a125a7e8815b2b8c19bcfd6967,0ed7a6b94c234ca60cb9c4812c1fd044,delivered,2017-04-15 18:35:59,2017-04-15 18:45:15,2017-04-19 07:37:56,2017-05-03 14:09:45,2017-05-24,38.9,14.52,1,1,53.42,5,1,1.0,1.0,6d97028799b1d0a91160e11d45cfeb7b,39730,virginopolis,MG,17.81511574074074,38.225011574074074,0,53.42
f822dff2daea3e02fd418699a1068326,3f4ea183de6009df33cf21c4363cb2f2,delivered,2017-04-15 19:03:36,2017-04-15 19:10:21,2017-04-17 10:35:04,2017-04-19 07:55:38,2017-05-10,16.99,14.52,1,1,31.51,3,1,5.0,1.0,8a4945ba37651a97cafc08c45e63986a,2362,sao paulo,SP,3.536134259259259,24.205833333333334,0,31.509999999999998
e3c654307c9b3b9988c35371c5bbf738,6b53484ec2e43f653edc5f35d09d5cf9,delivered,2017-04-15 19:08:40,2017-04-18 03:55:32,2017-05-05 13:06:58,2017-05-19 13:09:41,2017-05-08,209.99,42.31,1,1,252.3,1,1,1.0,1.0,82900a065350eddef000292556aa0802,13418,piracicaba,SP,33.75070601851852,22.202314814814816,1,252.3
66057d37308e787052a32828cd007e58,dca924c5e55e17bdba2ad42aedaeaaeb,delivered,2017-04-15 19:22:06,2017-04-15 19:35:13,2017-04-19 13:25:07,2017-05-24 08:11:57,2017-05-18,11.99,20.4,1,1,32.39,1,1,2.0,1.0,ecd359ab5d9414b7b46fc1fee20d87a6,57025,maceio,AL,38.534618055555555,32.19298611111111,1,32.39
784d7e60c3fb0cdd1b539166302ecd5b,b02d54a7514873cc4378045dcd7af30a,delivered,2017-04-15 20:28:44,2017-04-15 20:42:09,2017-04-17 10:44:07,2017-05-12 14:26:06,2017-05-22,98.9,25.18,1,1,124.08,10,1,4.0,1.0,4485e3c592a1dd9bbd61770f3d91dddb,62750,aracoiaba,CE,26.748171296296295,36.146712962962965,0,124.08000000000001
7c5ad6209d169012159b05d9eda4a289,5c7692342f6274ea532c8ac076e8388d,delivered,2017-04-15 20:59:16,2017-04-15 21:10:15,2017-04-17 10:18:31,2017-04-25 13:30:32,2017-05-10,119.5,17.58,1,1,137.08,2,1,5.0,1.0,62912fcd945d7056e8a36e704701fb30,30390,belo horizonte,MG,9.68837962962963,24.12550925925926,0,137.07999999999998
6ff0290182691e0d6fdbc0bd7e0b0290,dccc7079684e573075849fbb65efc278,delivered,2017-04-15 21:33:36,2017-04-15 21:42:09,2017-04-17 12:57:40,2017-04-20 12:36:13,2017-05-15,69.0,11.87,1,1,80.87,1,1,5.0,1.0,0b8ba265f59abc94bde31842daf3bda2,15600,fernandopolis,SP,4.62681712962963,29.101666666666667,0,80.87
58b198357d2b68044f885a370a585ff3,8d7cf6fc4668c48859673a8e0fc8fa6a,delivered,2017-04-15 22:00:21,2017-04-15 22:15:10,2017-04-18 14:51:36,2017-05-10 12:48:08,2017-05-08,99.99,12.09,1,1,112.08,2,1,1.0,1.0,007953b3182d5ccc9189a694f5c68163,7084,guarulhos,SP,24.616516203703704,22.083090277777778,1,112.08
6441b06c0a7e90adb6eb5f8c6d41834f,8832ae080f1e1dc87ec053ebbd6c3675,delivered,2017-04-15 22:12:37,2017-04-15 22:25:13,2017-04-17 11:51:05,2017-04-19 09:46:08,2017-05-08,79.9,9.55,1,1,89.45,1,1,5.0,1.0,69c6f8c4cae5a4010b5d32b726ef8766,5014,sao paulo,SP,3.4816087962962965,22.07457175925926,0,89.45
5a6da3ba0d659abdabc4359be7697099,1307edca800db1ac287111e35ee9a588,delivered,2017-04-15 22:26:39,2017-04-15 22:35:11,2017-04-17 11:53:03,2017-04-20 10:56:42,2017-05-08,17.9,10.96,1,1,28.86,1,1,5.0,1.0,ea73e6215c806926eefe1f2778327913,3449,sao paulo,SP,4.520868055555556,22.06482638888889,0,28.86
2053554187588f29cdeb57a88d331e83,64f9de1f6705de234abc7f84976a1a35,delivered,2017-04-15 23:00:32,2017-04-15 23:10:14,2017-04-18 11:24:49,2017-04-20 15:06:36,2017-05-08,42.99,8.72,1,1,51.71,1,1,5.0,1.0,08af270792ec7cdbc72fe11c1c353695,3122,sao paulo,SP,4.6708796296296295,22.041296296296295,0,51.71
e927a351e66b4b3a4fd7cd93f6d1b4a0,f4f5618d81049a33d2c1bf38d24ea5ea,delivered,2017-04-15 23:46:11,2017-04-16 01:10:19,2017-04-17 15:08:47,2017-05-10 11:04:23,2017-05-10,97.0,14.85,1,1,111.85,2,1,5.0,1.0,64870b178a9fb3eb16dd905d8668274c,88501,lages,SC,24.470972222222223,24.009594907407408,1,111.85
9a886ac42ca6eb5571fbdd1bdd8be02e,c7f920a7b4aed73af416b5fa6f5c5584,delivered,2017-04-15 23:53:50,2017-04-16 01:05:16,2017-04-18 07:27:45,2017-04-20 17:38:07,2017-05-08,26.9,10.96,1,1,37.86,1,1,5.0,1.0,9eb98592b8f2aad88bc937c857ea9a35,13033,campinas,SP,4.739085648148148,22.00428240740741,0,37.86
06339e75ee1b614953aef978ef01d766,b36cee83a40635fe990ad29c7171f33f,delivered,2017-04-15 23:55:38,2017-04-18 03:55:42,2017-04-19 10:21:33,2017-05-26 09:12:42,2017-05-16,43.9,20.98,1,1,64.88,1,1,1.0,1.0,b6c5dc6ddcb93efe16687dc272f74aa3,47850,luis eduardo magalhaes,BA,40.38685185185185,30.003032407407407,1,64.88
1ff23d1405f944c169b55b9fd3cffe88,3ea71bf2ace357cfefab13d2bc4f659d,delivered,2017-04-16 00:26:06,2017-04-16 01:10:20,2017-04-24 07:06:40,2017-04-26 14:08:11,2017-05-12,245.9,42.56,1,1,288.46,8,1,3.0,1.0,04716d605653245719dddc7e2cb3cf64,4775,sao paulo,SP,10.570891203703704,25.981875,0,288.46000000000004
3e6d9386646cff76c2febcc71e5e5f51,5238533ad7a3d52a91a573d3cf9db1d7,delivered,2017-04-16 08:48:06,2017-04-16 09:02:04,2017-04-24 15:26:47,2017-04-27 14:24:58,2017-05-23,248.25,13.13,1,1,261.38,10,1,5.0,1.0,a24bfc186eae6d3a760ff2d5f38cdaca,35701,sete lagoas,MG,11.233935185185185,36.63326388888889,0,261.38
d8423fd123c19bd1a0c2a7151c73852f,53596e5715cf300ebbdcdc744b2fdb2e,delivered,2017-04-16 08:52:59,2017-04-16 09:05:12,2017-04-18 15:59:01,2017-04-28 14:37:45,2017-05-17,56.99,17.83,1,1,74.82,3,1,4.0,1.0,66e37a3a7182e9499d5c45b99763ae76,73900,posse,GO,12.239421296296296,30.629872685185184,0,74.82
9dc19c953a97c92383ff95f54cabe58a,ded50eb532c0c1903c0835e0d7749b97,delivered,2017-04-16 09:19:55,2017-04-16 09:30:15,2017-04-17 13:07:20,2017-05-02 16:18:24,2017-05-17,27.9,17.78,1,1,45.68,3,1,5.0,1.0,9dd61cb921a00bb69326c00204f7c37e,49490,poco verde,SE,16.290613425925926,30.61116898148148,0,45.68
d121cbcb7091fbd55ad0344e0f045982,4068269eb194e5957c5b2abce6939ee4,delivered,2017-04-16 09:41:25,2017-04-16 09:55:09,2017-04-18 15:44:55,2017-05-03 15:42:52,2017-05-18,28.9,20.8,1,1,49.7,3,1,5.0,1.0,5a45f9d1a2c0e7a3a1b7bf2181cd4322,45201,jequie,BA,17.251006944444445,31.596238425925925,0,49.7
79c243f8bca755a9f830a8ad0dc780ad,bddd41005dd16b3607ae7fae6c654ac3,delivered,2017-04-16 10:13:10,2017-04-16 10:25:09,2017-04-19 11:45:32,2017-05-19 17:19:28,2017-05-19,299.0,22.54,1,1,321.54,2,1,1.0,1.0,5c554a4d746d2411043e677088886517,41720,salvador,BA,33.29604166666667,32.574189814814815,1,321.54
a1b0796198555011b19eb375a001b2c4,650fc77c61193bcb71fa5d86793522f3,delivered,2017-04-16 10:47:39,2017-04-18 04:02:59,2017-04-24 07:04:20,2017-05-03 17:15:34,2017-05-18,59.9,14.59,1,1,74.49,1,1,5.0,1.0,f651164a5ce5c8590371a1bbcab5627d,59300,caico,RN,17.269386574074073,31.550243055555555,0,74.49
b79fb6b886fae55768f7f0973571329a,1fe981dfb593441cf63dc16d1138f026,delivered,2017-04-16 11:04:54,2017-04-16 11:22:22,2017-04-18 08:07:09,2017-05-03 15:42:42,2017-05-12,22.5,17.19,1,1,39.69,3,1,5.0,1.0,048926190c0fda585ea55293b1408eb3,94475,viamao,RS,17.192916666666665,25.53826388888889,0,39.69
f5dd84cbffe918310aecf4e40fcfa506,0cfc1b56e94c89b54751e54d295e2088,delivered,2017-04-16 12:16:18,2017-04-16 13:05:14,2017-04-17 08:49:38,2017-05-15 11:33:51,2017-05-25,59.9,22.35,1,1,82.25,1,1,3.0,1.0,95a5e51e60e6e7968dbfa0a829149b13,61652,caucaia,CE,28.97052083333333,38.488680555555554,0,82.25
a87ff224eacb96fb31136e921f9c322d,224a3ccbc09897b81698cdd41095e94d,delivered,2017-04-16 12:18:38,2017-04-16 13:05:17,2017-04-24 11:57:32,2017-05-07 06:41:58,2017-05-10,99.89,14.87,1,1,114.76,2,1,3.0,1.0,5001acc859cefd081b938e9ad399f8b6,9090,santo andre,SP,20.766203703703702,23.487060185185186,0,114.76
0a31fa5371c2046d273b9fb84e3b2988,8713663b0e741841fa3110a6eea7335b,delivered,2017-04-16 12:20:54,2017-04-16 13:05:17,2017-04-18 13:42:27,2017-05-22 16:53:11,2017-05-10,67.9,30.080000000000002,2,1,97.98,9,1,1.0,1.0,a64c408286a26048709e2fee35e9b2b6,88115,sao jose,SC,36.18908564814815,23.48548611111111,1,97.98
ecf7b1bde783b7b3efeba24af4156fc9,7141a1789cfd3c693be52ad893f9d91c,delivered,2017-04-16 12:35:30,2017-04-16 13:05:23,2017-04-17 14:28:13,2017-04-27 09:18:06,2017-05-10,43.99,15.56,1,1,59.55,5,1,5.0,1.0,981d4f1ecbafaa0f28d47f584af7befb,14460,cristais paulista,SP,10.862916666666667,23.475347222222222,0,59.550000000000004
70dc122cb381c36bb405197904788449,58d5ef4db3cdde11b1c71f8910cb824d,delivered,2017-04-16 13:19:19,2017-04-16 13:30:12,2017-04-17 11:28:21,2017-05-26 14:03:02,2017-05-10,89.0,31.36,1,1,120.36,4,1,3.0,1.0,1d455fefc460c26a5526dd5a7bb5551a,24745,sao goncalo,RJ,40.0303587962963,23.444918981481482,1,120.36
e6fdd5628869deef14230ee582a7a4c0,cc30c4d31f388b357fe459a4f8c58139,delivered,2017-04-16 13:51:42,2017-04-16 14:01:40,2017-04-17 15:44:01,2017-05-02 15:34:55,2017-05-22,279.9,26.45,1,1,306.35,8,1,5.0,1.0,fa0839a038c42ecbda3b89e150743a76,64055,teresina,PI,16.07167824074074,35.42243055555556,0,306.34999999999997
52ef81c49a349b1162a7bd4a8c2034e4,3caa046edff3326e7b06ce037829952c,delivered,2017-04-16 14:25:05,2017-04-16 14:35:19,2017-04-18 17:18:11,2017-05-02 16:55:10,2017-05-08,49.0,10.96,1,1,59.96,1,1,4.0,1.0,0f7af00e3ead3844a9b0f81369340ebb,5265,sao paulo,SP,16.104224537037037,21.399247685185184,0,59.96
b90c1e9ed0e0b7a17f371bc44ae1f0a3,a184af958c6e57315ba863df407a9dca,delivered,2017-04-16 14:42:59,2017-04-16 14:55:17,2017-04-18 14:14:47,2017-05-10 14:34:56,2017-05-24,72.9,31.83,1,1,104.73,1,1,4.0,1.0,a1ec4ef2b728011f5a164ea7a8807a37,60120,fortaleza,CE,23.994409722222223,37.38681712962963,0,104.73
a8097c0d6367263ed08ac7fa6b864235,63818bdafc7f8f42cbe050738e7910d5,delivered,2017-04-16 14:43:09,2017-04-18 03:45:48,2017-04-24 09:05:56,2017-05-16 16:15:52,2017-05-25,48.9,26.82,1,1,75.72,1,1,4.0,1.0,e7f27438064df83b2bb025f27416aa20,26041,nova iguacu,RJ,30.064386574074074,38.38670138888889,0,75.72
68f47f50f04c4cb6774570cfde3a9aa7,0378e1381c730d4504ebc07d23b5bda1,delivered,2017-04-16 14:56:13,2017-04-16 15:05:14,2017-04-17 10:44:19,2017-05-16 09:07:47,2017-05-18,49.9,20.8,1,1,70.7,1,1,3.0,1.0,39fd40b7766d6d39bdcc6276541a26a2,49095,aracaju,SE,29.75803240740741,31.377627314814816,0,70.7
a9f99ebcef2a23dd06a0bd5ed649080e,5f427723d7897601d55d042eef16c3b3,delivered,2017-04-16 15:07:19,2017-04-16 15:21:58,2017-04-17 11:05:25,2017-04-20 12:41:36,2017-05-08,22.9,10.96,1,1,33.86,1,1,5.0,1.0,1a12ff4a5fddef949bb09b3a6b8e5146,4182,sao paulo,SP,3.8988078703703706,21.369918981481483,0,33.86
53e57107ef6a155ab06400be24aa7922,8bf326e22c694e7dd390b005a6560b88,delivered,2017-04-16 15:18:14,2017-04-17 15:25:31,2017-04-19 11:25:12,2017-04-27 08:58:12,2017-05-11,99.0,13.27,1,1,129.68,12,1,5.0,1.0,de7b67c645784b969b5e1d1a5885dede,8142,sao paulo,SP,10.736087962962962,24.362337962962965,0,112.27
f0c5bf0424d3e7459403f791bf76f03d,01a14c29b06fa1ecdcfdc1b0afae799c,delivered,2017-04-16 15:43:02,2017-04-16 15:55:19,2017-04-17 09:50:40,2017-04-26 14:24:44,2017-05-18,165.9,25.29,1,1,191.19,7,1,5.0,1.0,ecc6e5e96fe666e11c6a983d667121b3,29090,vitoria,ES,9.945625,31.34511574074074,0,191.19
c7037ea6603ae90fc227e950bfc047ef,b7b9d825193190cb535f44b403f4c9da,delivered,2017-04-16 16:34:53,2017-04-16 16:50:17,2017-04-18 14:48:15,2017-04-27 07:44:24,2017-05-10,256.3,46.25,2,1,302.55,2,1,5.0,1.0,651ed17eda0600815cf614b33c535d6b,87730,santo antonio do caiua,PR,10.631608796296296,23.309108796296297,0,302.55
507bbf4a13d67d349b2d59fa652271bb,0489234793dcb6cb0dee7336d7d263d5,delivered,2017-04-16 16:59:40,2017-04-16 17:15:08,2017-04-20 08:42:22,2017-05-02 13:39:49,2017-05-08,25.0,10.96,1,1,35.96,1,1,3.0,1.0,5f5a3ecf1347403f7b59961ce8520d77,13920,pedreira,SP,15.861215277777777,21.29189814814815,0,35.96
ed415dd934c5bb15a4a2fd223bb0a43e,ee9b73e88afb4904ee2322cfc89cf638,delivered,2017-04-16 17:17:57,2017-04-16 17:30:15,2017-04-18 15:59:01,2017-04-20 08:22:49,2017-05-09,79.99,11.17,1,1,91.16,4,1,4.0,1.0,095e7c124c5c1ccb1eb9f731152eae6a,1004,sao paulo,SP,3.6283796296296296,22.27920138888889,0,91.16
73463e8be682583840e9245a6ff6e689,0fb4060ba65609d90215e18d888a1427,delivered,2017-04-16 18:15:04,2017-04-18 04:05:26,2017-04-25 17:19:04,2017-05-05 11:05:05,2017-05-12,220.0,35.02,2,1,255.02,1,1,3.0,1.0,f410feca2b9cf0e1f69824069af4720e,89203,joinville,SC,18.70140046296296,25.23953703703704,0,255.02
7a3b1ac379d3a8db0d2a257e0148d133,49ecdcbf6991febdfabd4d0e59964d09,delivered,2017-04-16 18:34:40,2017-04-18 04:32:18,2017-04-19 13:50:06,2017-04-27 14:38:58,2017-05-22,19.99,24.84,1,1,44.83,1,1,3.0,1.0,1164858a7a3944bcaf5d110a214081ea,76850,guajara-mirim,RO,10.836319444444445,35.22592592592593,0,44.83
9f94f384a3324ab1c20916878324c3e6,f5a4449e21c1a59072c9258639e55776,delivered,2017-04-16 18:50:44,2017-04-16 19:02:00,2017-04-27 15:05:26,2017-05-09 14:07:50,2017-05-24,95.92,24.87,1,1,120.79,1,1,4.0,1.0,d3650e80a21e478bcf9d0c3214879248,36033,juiz de fora,MG,22.803541666666668,37.21476851851852,0,120.79
c4b6ce991d0e0bc8c0538001ee46366f,922c46a72c518d3188451f4970736540,delivered,2017-04-16 19:25:38,2017-04-16 19:35:39,2017-04-25 12:38:52,2017-05-02 14:06:22,2017-05-12,339.99,17.59,1,1,357.58,8,1,5.0,1.0,b9c40cf57e5c906df8abfd8682864943,37548,conceicao dos ouros,MG,15.778287037037037,25.190532407407407,0,357.58
130d27e7e69cabe35e3fa920f6b4664d,baa10af7b2ce404a0a78f7b63aa6d4d8,delivered,2017-04-16 19:32:11,2017-04-17 17:10:14,2017-04-19 08:16:33,2017-05-20 08:44:34,2017-05-25,469.9,36.49,1,1,506.39,6,1,3.0,1.0,af49df16d1f66199c9876046775a08c7,78065,cuiaba,MT,33.55026620370371,38.1859837962963,0,506.39
8065d94a1a325faa7f4302d26b975a2a,0443e05743c50517e46e895fddad6664,delivered,2017-04-16 19:48:10,2017-04-16 20:01:58,2017-04-18 15:47:03,2017-04-25 14:33:42,2017-05-08,179.0,11.86,1,1,190.86,10,1,5.0,1.0,06b62401a89eed34edccffcdcd014bd6,15806,catanduva,SP,8.781620370370371,21.174884259259258,0,190.86
4e71d6b2e9f221c46838b30c18443f84,db1b14bc26ae944bdf0cec69ccf63398,delivered,2017-04-16 19:58:37,2017-04-16 20:05:17,2017-04-20 16:15:44,2017-05-02 15:54:03,2017-05-24,57.17,26.14,1,1,83.31,6,1,5.0,1.0,8e943fda076dc4b113ef88b539de335d,69074,manaus,AM,15.830162037037036,37.167627314814816,0,83.31
0c139f0f63f0a404368637f931e98d01,80348ce139d0380cc6cdb14c2ac5cf3b,delivered,2017-04-16 20:05:15,2017-04-16 20:21:36,2017-04-18 15:55:07,2017-04-28 09:42:19,2017-05-22,120.0,17.68,1,1,137.68,2,1,2.0,1.0,b2b02a3da4c9e3cbc83700b0a482d130,92330,canoas,RS,11.567407407407407,35.163020833333334,0,137.68
88495a304ffc01e1af6d23769628f3b0,f5d424d732a0df26a3f0e85276ce7664,delivered,2017-04-16 20:08:33,2017-04-16 20:21:37,2017-04-18 10:18:27,2017-05-08 09:43:45,2017-05-22,99.0,29.62,1,1,128.62,4,1,4.0,1.0,0c1ddea173c72be4365ce597afae1709,66812,belem,PA,21.566111111111113,35.16072916666667,0,128.62
93694762710b53132d45f1a0aa2d05db,6796f2c7525a512caa5c2ca49edb1e0f,delivered,2017-04-16 20:13:57,2017-04-16 20:21:41,2017-04-18 14:51:34,2017-04-21 10:43:30,2017-05-10,99.99,15.91,1,1,115.9,1,1,4.0,1.0,ee08771981480b6860b836946b42630e,89217,joinville,SC,4.603854166666666,23.156979166666666,0,115.89999999999999
6e4331db29c7dd562ef96efa2b112d56,32084020c55623953d46f8bd83feee0b,delivered,2017-04-16 20:18:18,2017-04-16 20:30:19,2017-04-18 15:44:31,2017-05-02 15:14:53,2017-05-23,109.9,25.26,1,1,135.16,4,1,5.0,1.0,9f59febbac559cfc11fbb10c91aaadbd,60165,fortaleza,CE,15.789293981481482,36.153958333333335,0,135.16
91f59a50120921da1da1a8e12b4109ee,de9902597f3249fc6f5e21dbff52bf1c,delivered,2017-04-16 20:39:21,2017-04-16 20:50:15,2017-04-17 13:37:58,2017-05-01 11:33:19,2017-05-25,39.99,21.85,1,1,61.84,6,1,5.0,1.0,cbb378199d53e2636dde1dc3fadddfa6,41830,salvador,BA,14.620810185185185,38.13934027777778,0,61.84
f22698a00370679c0784aae7c060f87d,9095ea27e45e0d5a152a23d0b923a0df,delivered,2017-04-16 21:09:09,2017-04-16 21:21:50,2017-04-17 11:57:05,2017-04-20 09:56:04,2017-05-08,49.0,10.96,1,1,59.96,5,1,5.0,1.0,e66e12501fc7ae03726522d318803ebd,1526,sao paulo,SP,3.5325810185185187,21.118645833333332,0,59.96
99a88492b8134d8d205a366506800b09,b5051455709f685332176fd8e42f6df1,delivered,2017-04-16 21:21:11,2017-04-18 04:33:01,2017-04-18 13:17:36,2017-05-03 13:59:49,2017-05-10,10.99,14.52,1,1,25.51,1,1,5.0,1.0,4e4b4cd1d70ea2dfb4f9c487db945cff,85640,ampere,PR,16.69349537037037,23.11028935185185,0,25.509999999999998
0cd10c551ff0a0d5c0e5839bfb766219,56efca4fe3df70756383cee8ed1eb77f,delivered,2017-04-16 21:48:46,2017-04-16 22:01:54,2017-04-17 10:44:08,2017-05-22 15:16:02,2017-05-22,36.9,24.84,1,1,61.74,1,1,4.0,1.0,6d61f106540c6246b7dcc8d74301442f,59625,mossoro,RN,35.72726851851852,35.091134259259256,1,61.739999999999995
e487ce7714f24d747f3a5fd3adb68273,f19d9e3b7538a7bd0228b221d42ff6e0,delivered,2017-04-16 21:49:04,2017-04-18 04:33:02,2017-04-19 11:23:12,2017-05-04 12:19:58,2017-05-16,166.33,18.59,1,1,184.92,1,1,4.0,1.0,7f51bfb71592874f6a71903a28a72159,7750,cajamar,SP,17.604791666666667,29.090925925925927,0,184.92000000000002
a04639b53f2cbd1f77b63ed44168566e,3d3e7494fc24a4f50a6bff232428f8fe,delivered,2017-04-16 22:01:47,2017-04-18 04:11:02,2017-04-19 15:05:45,2017-04-28 10:35:38,2017-05-25,19.99,24.84,1,1,44.83,1,1,5.0,1.0,9298fccf4e18c9a1cdf6c81de201198c,58030,joao pessoa,PB,11.523506944444444,38.08209490740741,0,44.83
84aa7bb89246c45bad952b8904e0337b,3093237e466fc270d23cfcb6732ed83c,delivered,2017-04-16 22:19:23,2017-04-16 22:30:20,2017-04-17 11:53:01,2017-05-03 10:44:47,2017-05-08,32.9,10.96,1,1,43.86,1,1,4.0,1.0,02abda54135beba6c872bc929d06be83,13067,campinas,SP,16.51763888888889,21.069872685185185,0,43.86
a34ed5f2bd7e75fc794ebabd8d4f1041,647ec85c95efad786c21bc2ec967de35,delivered,2017-04-16 22:43:43,2017-04-16 22:55:14,2017-04-18 15:44:28,2017-04-24 15:16:45,2017-05-11,89.9,14.8,1,1,104.7,1,2,4.0,1.0,358e9205c1df6c01c033d87d2b953d49,20771,rio de janeiro,RJ,7.689606481481482,24.052974537037038,0,104.7
5f9a2288d2f21704d5148aacbd3a4263,ea53ff8d1d4b00fdde037a071e637eb6,delivered,2017-04-16 22:45:14,2017-04-18 04:03:00,2017-04-25 12:33:10,2017-05-10 05:40:03,2017-05-18,179.9,60.84,1,1,240.74,1,1,5.0,1.0,49e6749fd8bf4a9218457eb19a92e200,46310,jacaraci,BA,23.28806712962963,31.051921296296296,0,240.74
35029df95fa6e0af9bdba562f4fc8fb5,0d790691b3b4bbbf5ed30d3fde7b5073,delivered,2017-04-16 22:49:24,2017-04-16 23:01:41,2017-04-17 18:25:59,2017-04-27 08:23:02,2017-05-15,32.99,15.65,1,1,48.64,1,1,5.0,1.0,ebcbefa0cdc3865ed7e77fd47d7a7bde,90150,porto alegre,RS,10.398356481481482,28.049027777777777,0,48.64
60e710a56647c46017e6ae93b6389822,37ade1977ac8f2bcc9d8b42cce744db6,delivered,2017-04-16 23:09:13,2017-04-16 23:22:01,2017-04-17 12:36:49,2017-04-19 16:04:08,2017-05-08,39.0,10.96,1,1,49.96,1,1,5.0,1.0,4194c803b268f3e9fb673a45ac8a67b4,6330,carapicuiba,SP,2.7048032407407407,21.035266203703703,0,49.96
c4adb90544e7914c3148466f7ab31491,180fc8ef268490fce6b677eda443ef95,delivered,2017-04-16 23:55:43,2017-04-17 00:45:56,2017-04-26 11:49:56,2017-05-09 14:17:06,2017-05-08,17.5,10.96,1,1,28.46,2,1,5.0,1.0,dfe9ee4af105be79c35a1504e139cca9,2413,sao paulo,SP,22.59818287037037,21.002974537037037,1,28.46
6616b080a04b814ab8245f7d0d386025,57ee2d5f51a310a71492b33966297b9a,delivered,2017-04-17 00:35:09,2017-04-17 00:45:55,2017-04-17 11:50:29,2017-05-06 07:58:35,2017-05-17,58.9,17.84,1,1,76.74,4,1,4.0,1.0,dbd1af8ed38bd109a34b02c581643c48,78890,sorriso,MT,19.307939814814816,29.975590277777776,0,76.74
ed8b39ca40c2b2464abdf8e7772ace64,73b8f4f44c9029041b2b0d1e8f2a1360,delivered,2017-04-17 06:27:39,2017-04-17 06:35:16,2017-04-19 13:50:05,2017-05-05 10:14:49,2017-05-18,19.99,20.8,1,1,40.79,4,1,5.0,1.0,5cdeb69fe5e09fcc0ba4e4c8cbfb000e,47760,tabocas do brejo velho,BA,18.15775462962963,30.730798611111112,0,40.79
d25f8fadc7abdec7bc6d97629c97d57a,d29e47a53896a15a89594f91b919553f,delivered,2017-04-17 06:41:44,2017-04-17 06:55:08,2017-04-17 09:42:58,2017-04-27 22:13:54,2017-05-16,158.9,35.97,2,1,194.87,2,1,5.0,1.0,19c77cf8268b9c825eb61e6b5644dc65,74115,goiania,GO,10.647337962962963,28.72101851851852,0,194.87
fa6b45bf2faae7dd3bfdad05a28e91fa,59ccd68b1552f41045c3fa7e6402144d,delivered,2017-04-17 07:25:25,2017-04-17 07:35:17,2017-04-20 12:59:39,2017-05-09 09:51:42,2017-05-19,199.0,17.09,1,1,216.09,8,1,1.0,1.0,4354753387ebf06e303e2aff23663692,29102,vila velha,ES,22.10158564814815,31.69068287037037,0,216.09
279eab1ce88064419806859e4575a10e,dda1c4364d7687bcc98ca8984550b081,delivered,2017-04-17 07:42:23,2017-04-18 03:51:12,2017-05-05 16:02:59,2017-05-18 05:59:41,2017-05-10,12.98,14.52,1,1,27.5,1,1,3.0,1.0,312c9b7a4b792683db76a547c722486b,13214,jundiai,SP,30.928680555555555,22.678900462962964,1,27.5
7a398cc355d3a1a2d9101b5879b40cc8,3b15b0cbdffe0ee28c3f94e5adb5b9c9,delivered,2017-04-17 08:51:56,2017-04-17 09:02:16,2017-04-17 15:44:01,2017-04-20 14:51:55,2017-05-08,123.43,11.47,1,1,134.9,5,1,5.0,1.0,8a8cb10ec19cf7f2704907349201243c,18230,sao miguel arcanjo,SP,3.2499884259259257,20.630601851851853,0,134.9
cd3f264de33e6d5f97fc058f8fec3958,24019b02ac2d57c4bf8b1fb47d4d9682,delivered,2017-04-17 09:16:55,2017-04-18 04:10:10,2017-04-19 15:16:14,2017-05-04 16:37:25,2017-05-10,354.0,32.9,2,1,386.9,1,1,2.0,1.0,359bacb2b5c52b4287667a7bc6c7bc63,87301,campo mourao,PR,17.305902777777778,22.613252314814815,0,386.9
16c3ca58f55e1752c30c707a7612b879,0338c6d579ef5642c7b1c9e565a6c812,delivered,2017-04-17 09:17:54,2017-04-18 09:21:55,2017-04-18 14:51:37,2017-04-20 11:40:07,2017-05-09,23.9,10.96,1,1,34.86,3,1,4.0,1.0,00e707efa5ad9f0e6bcaeeb87910693b,37540,santa rita do sapucai,MG,3.098761574074074,21.612569444444443,0,34.86
52e71da3bc9b0aabdba702eefe259a71,accd6a35e5113320900099e88fca468f,delivered,2017-04-17 09:46:16,2017-04-17 09:55:18,2017-04-20 14:04:10,2017-04-26 09:10:35,2017-05-08,73.35,11.9,1,1,85.25,1,1,5.0,1.0,e65862da4f9f183565831cf7e1cbb7a5,6150,osasco,SP,8.975219907407407,20.59287037037037,0,85.25
f49196a3b79948c69b3cf03a6ce9646c,343b48b19c8bd182e4c24d37aa8b11a3,delivered,2017-04-17 10:05:11,2017-04-17 10:15:15,2017-04-19 14:58:10,2017-04-26 13:28:40,2017-05-17,64.99,16.15,1,1,81.14,8,1,5.0,1.0,0981a271500799427cdf345e9121e20b,97300,sao gabriel,RS,9.14130787037037,29.579733796296296,0,81.13999999999999
2f5c5719818df4d83050dd5174ca0288,1be3deb75d2f1f4fdfbd22c4650136f6,delivered,2017-04-17 10:06:22,2017-04-17 10:22:27,2017-04-18 14:48:18,2017-05-05 14:08:12,2017-05-10,48.99,14.52,1,1,63.51,3,1,4.0,1.0,d144a54689821ddb869b47752b536cef,28941,sao pedro da aldeia,RJ,18.167939814814815,22.578912037037036,0,63.510000000000005
3ae4d97402b1cec4506cad07762d0adc,7f8cc24b152f186008151ece0e99e383,delivered,2017-04-17 10:06:38,2017-04-17 10:22:22,2017-04-18 14:48:18,2017-05-02 14:40:30,2017-05-10,48.99,14.52,1,1,63.51,6,1,5.0,1.0,d04f39740c64da524c9b78a588e5dabc,86181,cambe,PR,15.190185185185186,22.57872685185185,0,63.510000000000005
296487514bc938361dae8cac848688ac,a13f6cf0d876947e0559f572d69e59f9,delivered,2017-04-17 10:11:29,2017-04-18 03:50:29,2017-04-24 07:58:38,2017-05-03 16:46:01,2017-05-17,119.9,17.58,1,1,137.48,1,1,5.0,1.0,5e2a5e8ba51f24c1e13f99720473fa0d,98900,santa rosa,RS,16.27398148148148,29.575358796296296,0,137.48000000000002
ebdb4fd632b60b7a8956b367c15692a0,32f4a965c6bdc83352b503354695ad9d,delivered,2017-04-17 10:50:15,2017-04-17 11:02:13,2017-04-18 15:44:24,2017-04-29 07:03:40,2017-05-11,89.9,14.8,1,1,104.7,4,1,4.0,1.0,a8b0ffcad9db25e5407a2b88ad3d8140,85862,foz do iguacu,PR,11.842650462962963,23.5484375,0,104.7
54145c3186301069402e7e07a5e14d2d,179c51ca556550022f1563a7a6f23d44,delivered,2017-04-17 10:54:27,2017-04-19 02:45:50,2017-04-24 15:43:15,2017-05-02 17:15:59,2017-05-22,148.7,37.44,1,1,186.14,1,1,2.0,1.0,1b0bbc4f4984739f0b66cc0695ad819b,31580,belo horizonte,MG,15.264953703703704,34.545520833333335,0,186.14
6a756c298a96106ab0907b1b1df28e31,0099a73bb9e6010fad1106f3dbadfc1d,delivered,2017-04-17 11:34:34,2017-04-17 11:45:19,2017-04-18 14:36:29,2017-04-27 14:46:24,2017-05-08,103.97,24.01,1,1,127.98,2,1,4.0,1.0,8bf1dc98223704657288b7653abab62b,13290,louveira,SP,10.133217592592592,20.517662037037038,0,127.98
bd6bb458a1a35cbd726f2e1748e7d21f,76827597c27d661660fd432bd51d9f2c,delivered,2017-04-17 11:43:12,2017-04-18 04:02:21,2017-04-27 16:53:59,2017-05-09 17:55:05,2017-05-17,59.9,17.16,1,1,77.06,1,1,5.0,1.0,8524ee11b088629f32d03cddc64added,38740,patrocinio,MG,22.258252314814815,29.511666666666667,0,77.06
82721df8ff0f0ce187f64c59238e585b,9923fd1dde6b0f2423bc9fb3e1573687,delivered,2017-04-17 12:15:30,2017-04-17 13:05:19,2017-04-18 14:51:33,2017-05-03 08:55:52,2017-05-22,99.99,26.96,1,1,126.94999999999999,1,2,2.0,1.0,6b486b482a103b6fafa1749bdea6c2a3,67030,ananindeua,PA,15.861365740740741,34.48923611111111,0,126.94999999999999
9461233f007294d53c027b24648e02f3,80dd6889d1cd0b80f9ff71789a835f18,delivered,2017-04-17 12:24:44,2017-04-17 13:05:30,2017-04-18 11:16:43,2017-05-10 08:47:52,2017-05-08,259.9,44.62,1,1,304.52,3,1,1.0,1.0,e1953c90ac89e51d2a22932191ce0c43,7140,guarulhos,SP,22.849398148148147,20.482824074074074,1,304.52
852379f00ddcbcce9e7a4efca266e940,fbf87c24c2ea29e860cc8d80cc4728e8,delivered,2017-04-17 12:27:28,2017-04-18 03:55:30,2017-04-18 11:10:47,2017-04-27 11:54:23,2017-05-19,42.9,16.05,1,1,58.95,1,1,5.0,1.0,81e63b98aec56308c69e055b19cda272,78455,lucas do rio verde,MT,9.977025462962963,31.480925925925927,0,58.95
20b99bf1ea8fdeca4e8f4872c584d0ec,537f48efc6a44c3400bb053ce4101847,delivered,2017-04-17 12:31:06,2017-04-18 12:44:01,2017-04-25 07:15:53,2017-05-11 10:42:25,2017-05-10,17.9,17.09,1,1,34.99,3,1,4.0,1.0,75a637bcb966339d1dc029f489bba054,22010,rio de janeiro,RJ,23.92452546296296,22.478402777777777,1,34.989999999999995
94d38d359e23d73c0d4b427c1f84bd0d,4a21474dedd06a28954ad947be2a1674,delivered,2017-04-17 12:34:47,2017-04-18 04:02:21,2017-04-18 12:54:26,2017-05-02 14:13:50,2017-05-10,219.99,19.82,1,1,239.81,1,1,4.0,1.0,74e2d1409afd68ed9c55dfd64e134e05,86760,munhoz de melo,PR,15.068784722222222,22.475844907407406,0,239.81
803fb022a1abcf6fa24b70fee9c7ac7d,c1104fac5436b5fdc87384ade7034be1,delivered,2017-04-17 12:47:04,2017-04-17 13:05:46,2017-04-18 10:50:17,2017-04-20 08:26:20,2017-05-12,13.99,16.05,1,1,30.04,1,1,5.0,1.0,9945a60ee0fda58bcef8d67be5122509,3870,sao paulo,SP,2.818935185185185,24.467314814814817,0,30.04
32e3f54d03f202e02cfc79f9fd91fd06,27c1ce1f47c189fc4e1b35d8f64dba8d,delivered,2017-04-17 13:12:23,2017-04-17 13:25:18,2017-04-19 10:03:40,2017-04-27 07:08:14,2017-05-10,23.9,14.52,1,1,38.42,3,1,1.0,1.0,c61a102ea9a78d4b4f148453fdc09d43,37420,cambuquira,MG,9.747118055555555,22.449733796296297,0,38.42
be0d2b44b80b01ebe58d57028bc5bcd6,a78dbe709d090a217ee4cd255a883277,delivered,2017-04-17 13:20:28,2017-04-17 13:30:10,2017-04-20 10:34:47,2017-05-03 12:46:03,2017-05-11,119.9,15.95,1,1,135.85,5,1,5.0,1.0,3d4f7632205878799d358053cb53473b,13275,valinhos,SP,15.976099537037037,23.44412037037037,0,135.85
8d9e0e9b9c21b1aca2464bb5d5210831,96b2d23105c01cf8692c3d83914ad90d,delivered,2017-04-17 13:33:37,2017-04-18 19:55:32,2017-04-19 13:44:04,2017-05-09 11:42:57,2017-05-22,37.99,24.35,1,1,62.34,1,1,5.0,1.0,06130e682d8ee0cba49124f483ea3de0,60348,fortaleza,CE,21.923148148148147,34.43498842592592,0,62.34
fe991211acd078df41a8c85aceadfb66,d75c87c0d73d2c58a72b8ae383404540,delivered,2017-04-17 13:52:21,2017-04-17 14:02:00,2017-04-20 09:33:13,2017-04-28 11:26:09,2017-05-10,213.9,18.24,1,1,232.14,8,1,3.0,1.0,9a5639a814c1f7643bf1b6ce8249586a,23090,rio de janeiro,RJ,10.898472222222223,22.421979166666667,0,232.14000000000001
994454efd51b0727e49fa7323d1ea2e2,3ad5eec80add5901fec68c9605016872,delivered,2017-04-17 13:57:42,2017-04-17 14:10:10,2017-04-19 11:53:06,2017-04-27 13:47:45,2017-05-12,21.73,16.05,1,1,37.78,3,1,5.0,1.0,93c76e601efbc53b7ae648755b775566,29200,guarapari,ES,9.993090277777778,24.418263888888887,0,37.78
bf375386af3b1f89486a565f182219a8,396465e3756fb18143009cbe0b8cb558,delivered,2017-04-17 14:04:59,2017-04-17 14:15:18,2017-04-17 15:16:44,2017-05-01 12:34:00,2017-05-18,129.9,29.37,1,1,159.27,10,1,2.0,1.0,0fa7bb0a93409fa4394c7cffbe49f59c,40300,salvador,BA,13.93681712962963,30.41320601851852,0,159.27
79f0079f45f137b3a4d31ebbd20de6c2,0078c6b33ae4a3f03de57a8ad36648e1,delivered,2017-04-17 14:31:01,2017-04-17 14:45:28,2017-04-17 15:16:50,2017-04-24 10:42:00,2017-05-10,59.9,15.63,1,1,75.53,1,1,5.0,1.0,31d436bafbad927dc79b130826dc3404,38412,uberlandia,MG,6.840960648148148,22.395127314814815,0,75.53
94f94ebc2e26aeea2aa9e8945cb9fb0c,e00a5ec8d72cb3c5ed58f50fb1a55cbf,delivered,2017-04-17 14:31:24,2017-04-17 14:45:30,2017-04-19 13:53:09,2017-05-04 15:18:33,2017-05-10,129.99,14.67,1,1,144.66,1,1,4.0,1.0,b25c62ba4fc28e41117f8026bf9a31b5,23032,rio de janeiro,RJ,17.032743055555557,22.394861111111112,0,144.66
2cbc5b81184dcc5a9a134f8eecdaa825,f074190ffb3794d0aeef9a074077c0b4,delivered,2017-04-17 14:32:21,2017-04-17 14:45:30,2017-04-18 15:44:27,2017-05-07 08:17:30,2017-05-09,89.9,11.24,1,1,101.14,2,1,5.0,1.0,f6ea4931aba94f642f68369458a99527,13607,araras,SP,19.7396875,21.394201388888888,0,101.14
ddcb9f924091ed9cc49b9c78d37d48b6,c7093c34ad7da76feb1fb87e5f6b366b,delivered,2017-04-17 14:48:17,2017-04-17 15:05:08,2017-04-18 11:03:22,2017-05-02 14:35:20,2017-05-16,299.99,22.22,1,1,322.21,6,1,1.0,1.0,1fc56d05a04891065dde262fbfec04b5,41820,salvador,BA,14.991006944444445,28.383136574074076,0,322.21000000000004
1b0bca54c8db32dd715f2c60c63268ca,af3607bdd3b2a0dcdc888ed59e1c5a15,delivered,2017-04-17 15:25:04,2017-04-19 02:45:53,2017-04-20 09:17:17,2017-05-02 18:21:29,2017-05-12,99.9,24.52,1,1,124.42,1,1,5.0,1.0,2eb7d6f48c62cb96ad204729495f0e85,79045,campo grande,MS,15.122511574074075,24.357592592592592,0,124.42
b2c2d4d3b4f7a9fa42e60649bd8a9855,25bb375746821b2a2eb9d7061755b4ef,delivered,2017-04-17 15:27:41,2017-04-17 15:42:52,2017-04-25 14:49:48,2017-05-18 08:16:45,2017-05-22,349.99,34.05,1,1,384.04,7,1,4.0,1.0,c1daa30d0e747f8f4ee0ddc0d8715e61,58074,joao pessoa,PB,30.70074074074074,34.35577546296296,0,384.04
231a870fbf37ed286dd61a582fcd03c7,8f0cfb786bfa2f508a5e1564f7f0a1ea,delivered,2017-04-17 16:00:20,2017-04-19 02:50:35,2017-04-20 14:16:17,2017-05-09 09:32:07,2017-05-11,124.9,15.04,1,1,139.94,1,1,5.0,1.0,f34dfcdc027db0be5e53a0e18f1bf343,27210,volta redonda,RJ,21.730405092592594,23.33310185185185,0,139.94
e66a74734acaddadf5cfd457c01cb10d,18f5e10a8304a6dc7571a8e8c527be5c,delivered,2017-04-17 17:27:03,2017-04-17 17:42:33,2017-04-18 17:00:17,2017-04-28 13:09:34,2017-05-10,39.9,14.52,1,1,54.42,3,1,5.0,1.0,cfcf8fb937d788746626851cd1695059,11800,juquia,SP,10.82119212962963,22.272881944444446,0,54.42
367d03bf43c911607f20c60d4be1032a,41d5f1c3c902745156c89e9cdc8c4cd2,delivered,2017-04-17 18:39:08,2017-04-17 18:50:19,2017-04-18 11:24:43,2017-04-20 15:52:49,2017-05-08,42.99,8.72,1,1,51.71,1,1,4.0,1.0,5f28a5372333e1e6ad500f11219c7e29,2174,sao paulo,SP,2.884502314814815,20.222824074074072,0,51.71
d4fea5f1166ef240cfe766769f4d5ab0,874e3ce94e74d677972a169b9c78e0b5,delivered,2017-04-17 18:46:05,2017-04-19 16:10:22,2017-04-20 10:41:41,2017-04-26 13:32:44,2017-05-17,129.9,17.65,1,1,147.55,3,1,5.0,1.0,0098f4847541cc7d676f9a5efc64c0f0,30411,belo horizonte,MG,8.782395833333334,29.217997685185185,0,147.55
b72857c2670acb43d3080e4c84aa5a96,048383af1eb5828a942dd65d7d43ff6c,delivered,2017-04-17 19:08:40,2017-04-17 19:22:03,2017-04-19 13:25:08,2017-05-10 14:27:54,2017-05-10,97.9,14.86,1,1,112.76,2,1,5.0,1.0,427525f6f5aee13983a2a1ad80d9e920,7196,guarulhos,SP,22.80502314814815,22.202314814814816,1,112.76
5b685c100fca33dd8aabfe1e6fb0d62a,23c60a0f388a1d3c11354d5b31e09993,delivered,2017-04-17 19:27:25,2017-04-17 20:02:37,2017-04-24 10:37:30,2017-05-02 16:00:15,2017-05-10,138.9,17.71,1,1,156.61,8,1,4.0,1.0,6a6d558ce934dba63365e8ef2291b462,15300,general salgado,SP,14.856134259259258,22.18929398148148,0,156.61
01380d0df5b7dc8bd13f2266a57bd42c,c903ba1283fbd5c51a9bad4ec9fd8d97,delivered,2017-04-17 19:32:46,2017-04-17 19:45:11,2017-04-18 09:48:21,2017-04-21 11:24:32,2017-05-08,16.9,10.96,1,1,27.86,2,1,5.0,1.0,6e2064e4da450befb0b70bb2f0c68f64,13405,piracicaba,SP,3.660949074074074,20.185578703703705,0,27.86
7f3a98ba983d8671d25c8cbcae5e9ee1,fa26a55a2ee9fa2fd44b421a6e41e153,delivered,2017-04-17 19:55:27,2017-04-17 20:10:15,2017-04-20 11:04:10,2017-05-08 08:04:04,2017-05-17,449.0,36.51,1,1,485.51,9,1,5.0,1.0,db20b3f6a6a6e5ebb504771a6685085d,85605,francisco beltrao,PR,20.505983796296295,29.16982638888889,0,485.51
08c6860a0281fefc591da60249d5fa76,3ebd35ebde56dc990f6069767e98c9b5,delivered,2017-04-17 20:12:02,2017-04-17 20:22:32,2017-04-18 09:01:12,2017-04-26 13:27:46,2017-05-12,129.9,17.75,1,1,147.65,2,1,5.0,1.0,dd3dbd954a92cde43aa989722745a4f8,28613,nova friburgo,RJ,8.719259259259259,24.158310185185186,0,147.65
f5139e1e815c2c43601a4525c4716188,8a2d4106bb0fe89154f1b097e5e19846,delivered,2017-04-17 20:22:59,2017-04-19 02:45:33,2017-04-20 08:35:38,2017-05-28 08:21:46,2017-05-11,56.99,14.57,1,1,71.56,1,1,2.0,1.0,c2f5d355bf122dba8aaf0c428073aa85,88132,palhoca,SC,40.499155092592595,23.15070601851852,1,71.56
af15b02bd22fa4485130964ab9c97f4d,90e0cca9678279db439534443b863dbd,delivered,2017-04-17 20:28:18,2017-04-19 02:55:38,2017-04-20 07:56:35,2017-05-01 09:46:03,2017-05-08,169.0,18.47,1,1,187.47,1,1,5.0,1.0,c3c7224c810cc09a51c6790cadc0fc38,6420,barueri,SP,13.553993055555555,20.14701388888889,0,187.47
fbf096edf8034d915770443bb21bfad4,1a8552b5f5ee891178aecf797f750d6b,delivered,2017-04-17 20:55:31,2017-04-17 21:10:14,2017-04-24 11:52:11,2017-05-05 10:56:07,2017-05-16,139.9,21.61,1,1,161.51,2,1,5.0,1.0,f37322563863005595feada30537cac1,95043,caxias do sul,RS,17.58375,28.128113425925925,0,161.51
eb45ff263f9e77136f626c712add7354,25132871ae2b537453a598c4156ae8c5,delivered,2017-04-17 21:07:54,2017-04-18 03:55:35,2017-04-18 11:07:07,2017-04-22 10:57:49,2017-05-09,105.98,18.72,2,1,124.7,1,1,1.0,1.0,17d9e5fb389aa6a163f1bc7d8b1510f6,1550,sao paulo,SP,4.576331018518519,21.11951388888889,0,124.7
d2142399ae9975a18c099e642c5e48f9,c09557607b4707656905142f3e80c1be,delivered,2017-04-17 21:09:39,2017-04-17 21:22:12,2017-04-20 16:24:24,2017-05-29 08:10:00,2017-05-25,370.0,28.33,1,1,398.33,8,1,2.0,1.0,8d0e4982b1986eb1d5953cde05580a37,57046,maceio,AL,41.458576388888886,37.11829861111111,1,398.33
800dec7675338cd2670326aceb153f09,346b53f3b9d4d463d32641e88c68d85d,delivered,2017-04-17 21:09:46,2017-04-19 02:45:20,2017-04-20 07:56:36,2017-05-04 17:53:57,2017-05-10,143.8,24.0,1,1,167.8,1,1,5.0,1.0,539b33228e119bcaedd098baba88d06b,30285,belo horizonte,MG,16.864016203703702,22.118217592592593,0,167.8
276c36d0f0218b24c09343edf53cb98f,00cca8735b2e7b89dc267f378e5c9e8d,delivered,2017-04-17 21:24:52,2017-04-17 21:42:19,2017-04-20 08:42:22,2017-05-06 09:07:46,2017-05-15,7.29,10.96,1,1,18.25,1,1,2.0,1.0,c118a3dba2fb79861a948df731adc128,12570,aparecida,SP,18.488125,27.10773148148148,0,18.25
5ef95d0a45b4caaaa70e601665ba1a6a,11862cf00ec1d9f5067508ecf1252790,delivered,2017-04-17 21:38:31,2017-04-18 02:15:13,2017-04-18 08:51:11,2017-05-15 08:17:43,2017-05-24,109.99,25.26,1,1,135.25,1,1,5.0,1.0,4bb97a71ff32cc0172195b373693a781,63900,quixada,CE,27.44388888888889,36.098252314814815,0,135.25
d194fbbc2e37d685b6adbf21897ed49d,171345b7d45c10d2ff1a8cfc52c163db,delivered,2017-04-17 22:17:24,2017-04-18 22:25:18,2017-04-19 15:40:16,2017-04-27 14:51:43,2017-05-10,79.9,18.84,1,1,98.74,9,1,5.0,1.0,2b12a51b531dea88f25faeba84224598,20550,rio de janeiro,RJ,9.690497685185186,22.07125,0,98.74000000000001
a07d031ec2c5fdaba3a363a4f5a98350,9d81175f83b45c6a446a8d3dfedd1a25,delivered,2017-04-17 22:24:49,2017-04-17 22:42:08,2017-04-18 15:03:51,2017-04-27 11:40:07,2017-05-17,169.9,15.36,1,1,185.26,3,1,5.0,1.0,0245997602d4ec43390590e43dfd39d9,7240,guarulhos,SP,9.552291666666667,29.066099537037037,0,185.26
b69baf52ffd3819be034752ff929ec1e,2db3e03b1db3a836ed63120f3ce8e362,delivered,2017-04-17 22:53:43,2017-04-18 21:22:23,2017-04-19 13:18:07,2017-04-27 06:05:58,2017-05-10,137.9,15.14,1,1,153.04,4,1,5.0,1.0,9014bdf7886a28b585826986227b7cfc,85423,iguatu,PR,9.300173611111111,22.04603009259259,0,153.04000000000002
20424d89774b273db92547fad84831d2,6341f9c98bb22135cc86522dd3257347,delivered,2017-04-17 23:00:24,2017-04-17 23:10:12,2017-04-19 14:00:00,2017-04-30 10:15:03,2017-05-10,299.9,15.86,1,1,315.76,4,1,5.0,1.0,830d72ce810033f58fb01ceb44cd250c,22280,rio de janeiro,RJ,12.468506944444444,22.04138888888889,0,315.76
5f48fa73561d6de6cd6cca04a466840e,7458e588e5b977cbeaf1b350aacfafb4,delivered,2017-04-17 23:17:28,2017-04-18 00:10:48,2017-04-18 13:03:25,2017-05-08 09:10:21,2017-05-16,259.9,87.99,1,1,347.89,1,1,4.0,1.0,57152ecf5f2c1f8f940fca676b6d199b,77700,guarai,TO,20.41172453703704,28.029537037037038,0,347.89
5bbefc7681fa8a2100a3703fe4b9c03d,7fd5fb2dcf34b7e1fee264a1ea5daea3,delivered,2017-04-17 23:52:59,2017-04-18 18:05:15,2017-04-19 13:47:59,2017-04-27 13:44:14,2017-05-10,269.9,16.06,1,1,285.96,1,1,5.0,1.0,850ee00f52d696b20f3e11dbd1d3a26c,14030,ribeirao preto,SP,9.577256944444445,22.004872685185184,0,285.96
4ceb680ca41b58487fec3e0f33c624ef,416b9ec8dfb172a88631c946b7f4ab85,delivered,2017-04-18 03:01:38,2017-04-18 03:15:06,2017-04-24 15:59:16,2017-05-03 11:37:45,2017-05-10,189.9,12.72,1,1,202.62,10,1,5.0,1.0,8dcf2096a68ce8212a3f534ab31ee23e,98175,jari,RS,15.358414351851852,21.87386574074074,0,202.62
acfe0c2fea2b051266330ab0f7aece5e,d3832d663d780c302eed541de0cd7477,delivered,2017-04-18 05:49:37,2017-04-18 06:02:50,2017-04-24 13:35:39,2017-05-02 13:54:14,2017-05-11,62.8,14.61,1,1,77.41,4,1,3.0,1.0,b4c57c796e2807577956b7525d60c776,20211,rio de janeiro,RJ,14.336539351851853,22.75721064814815,0,77.41
bb2ac53ccaab4c3c0fcd31fa2d1ddeb1,70ad61b9127ce58da649e90f57400914,delivered,2017-04-18 06:47:57,2017-04-18 07:50:15,2017-04-20 10:44:39,2017-05-10 15:21:48,2017-05-11,61.0,15.64,1,1,76.64,1,1,5.0,1.0,a52d253d5b29e35279429f4d1d6eb5a3,7060,guarulhos,SP,22.356840277777778,22.71670138888889,0,76.64
dc2c80fa5a4e2aa29182d399748d548b,3d6ef247a5922e5ea04d1d8a03fbea07,delivered,2017-04-18 07:49:34,2017-04-19 02:50:47,2017-04-20 10:43:52,2017-05-24 14:10:10,2017-05-11,29.5,14.52,1,1,44.02,1,1,5.0,1.0,4321093879163c2ce5a8672a99896166,12948,atibaia,SP,36.26430555555555,22.673912037037038,1,44.019999999999996
9bbd037f106d5d924f8fa73e2223a8e8,73fe5c78e86e6a518f4c9a834b96ba1b,delivered,2017-04-18 08:01:02,2017-04-19 02:45:22,2017-04-20 14:04:12,2017-05-02 15:14:53,2017-05-11,19.9,14.52,1,1,34.42,1,1,5.0,1.0,1cb8d194370a752d9879501072bd0328,89870,pinhalzinho,SC,14.301284722222222,22.665949074074074,0,34.42
d2faaae07c685cce7b2828aa10c43b0f,5a113025f6654d8f73018aedf5ea5f38,delivered,2017-04-18 08:58:04,2017-04-19 09:05:17,2017-04-19 12:46:40,2017-04-27 11:41:49,2017-05-18,27.9,14.11,1,1,42.01,3,1,3.0,1.0,2d550ee9c18e055209841a75561121d8,81810,curitiba,PR,9.113715277777779,29.626342592592593,0,42.01
a0c4e650ec3c9611c78fbaab9cf405a4,0462be0a9892418817ec41fd7c39a57b,delivered,2017-04-18 09:06:56,2017-04-18 09:15:17,2017-04-20 17:57:44,2017-05-10 13:06:36,2017-05-22,459.8,34.62,2,1,494.42,1,1,3.0,1.0,db70a8a87fd3ae2ec9b0d9e9daada859,37650,camanducaia,MG,22.166435185185186,33.620185185185186,0,494.42
22d42b325ae456cfe6082ba585a187eb,f0ef2f6da4701a305e1ae7f0a1b6ef24,delivered,2017-04-18 09:46:40,2017-04-20 02:50:11,2017-04-24 14:06:43,2017-04-28 09:29:31,2017-05-12,27.9,14.52,1,1,42.42,1,1,5.0,1.0,310647380793836bfa5b7b6b3f518423,14095,ribeirao preto,SP,9.988090277777777,23.59259259259259,0,42.42
15679298f3286b278e6dea412e7fd5a6,29ae7a500d7547c3547cadc562fdd0db,delivered,2017-04-18 09:52:18,2017-04-18 10:05:14,2017-04-18 11:06:03,2017-05-09 12:08:22,2017-06-06,219.0,27.79,1,1,246.79,5,1,4.0,1.0,d30821b3379e67b3040547bd9360330a,57200,penedo,AL,21.094490740740742,48.588680555555555,0,246.79
63c97617b533cbeb9d57b0f1e8d88adb,c6cbd465d9e44f6214746adf98fc9a24,delivered,2017-04-18 10:08:07,2017-04-19 10:15:07,2017-04-20 16:30:07,2017-05-04 10:36:53,2017-05-30,71.4,41.6,2,1,113.0,1,1,5.0,1.0,f3ce21853fc25a3d644f90bbbb063412,59173,goianinha,RN,16.01997685185185,41.57769675925926,0,113.0
b3d9c976bbcf9d507f57ce76d82fd455,d0a3f59bd1527ccec9b075d58010caac,delivered,2017-04-18 10:09:00,2017-04-18 10:21:45,2017-04-19 10:46:16,2017-05-02 13:41:23,2017-05-22,399.0,31.67,1,1,430.67,8,1,1.0,1.0,8eff9cf91843bf847f0b18828c5e16d2,91240,porto alegre,RS,14.147488425925927,33.577083333333334,0,430.67
5bd2f4fa37e9c9eef9ad8e5ebe35c731,d0bf4e8b500496185217d29fdfd36b9f,delivered,2017-04-18 10:25:28,2017-04-18 10:41:59,2017-04-24 06:28:36,2017-05-03 07:19:44,2017-05-17,125.4,31.3,2,1,156.7,4,1,5.0,1.0,63cd40f426fb131353e7383e15d95bb8,89636,abdon batista,SC,14.871018518518518,28.56564814814815,0,156.70000000000002
093a57d9efa67214acc6fd5c5e1e01ae,57c0cb950e45449d5d43a9048383d0a8,delivered,2017-04-18 10:30:27,2017-04-18 10:41:58,2017-04-20 14:20:11,2017-05-05 12:06:17,2017-05-22,49.95,17.78,1,1,67.73,3,1,5.0,1.0,95b9cc03c38543424739337e55600069,74543,goiania,GO,17.066550925925927,33.5621875,0,67.73
041f09bbcd85d178903f5bb71f11a02e,2de74bda6ff6a15ce1401e92b6948ea3,delivered,2017-04-18 11:43:48,2017-04-18 11:55:17,2017-04-20 06:38:04,2017-05-07 08:12:25,2017-05-25,219.8,59.4,2,1,279.20000000000005,8,1,5.0,1.0,2dfc1dc2371019435ae8a8f78ca4219d,59151,parnamirim,RN,18.85320601851852,36.51125,0,279.2
21422c255842f3bab2e0579133824103,f0c32313efb0b7ffa0cffb57e0d947f9,delivered,2017-04-18 11:46:09,2017-04-19 02:05:12,2017-04-19 11:43:14,2017-05-10 09:07:50,2017-05-11,28.5,15.56,1,1,44.06,1,1,5.0,1.0,5c4606dc5aecfdef72c7cbddef508750,85926,vila nova,PR,21.89005787037037,22.509618055555556,0,44.06
6092fe3ad5ec1596a921d582eb9838f1,0fffabab5f1cf705c6712d7d94a72ab7,delivered,2017-04-18 11:50:21,2017-04-19 02:45:48,2017-04-20 15:47:25,2017-05-05 20:22:01,2017-05-10,179.8,22.48,2,1,202.28,1,1,1.0,1.0,e006465f57411753eac280a63c078c2c,13211,jundiai,SP,17.355324074074073,21.50670138888889,0,202.28
6c1d204da4c5116b68d68a6292d601f1,61db999e171b586a01abd7d5ac904fb7,delivered,2017-04-18 11:54:58,2017-04-18 12:05:30,2017-04-18 13:21:45,2017-04-22 07:32:46,2017-05-09,57.0,11.01,1,1,68.01,1,1,4.0,1.0,12780b31b51f182e4791c197f23dd48f,6663,itapevi,SP,3.8179166666666666,20.50349537037037,0,68.01
aeff7c740480aeb79472427fdcb098ef,868282f01bc484c22dfac16e75b7d5ec,delivered,2017-04-18 12:08:31,2017-04-18 12:22:42,2017-04-19 11:08:20,2017-05-03 15:07:54,2017-05-18,279.8,32.38,2,1,312.18,1,1,5.0,1.0,12e7e3afbc0f71261a92cb51d42928ac,24360,niteroi,RJ,15.12457175925926,29.494085648148147,0,312.18
78d2db6fea6e971731e4b1b858f4435c,76e6b0c2cdee810995e06c74fafbba2f,delivered,2017-04-18 12:16:21,2017-04-18 12:25:35,2017-04-19 09:45:14,2017-05-09 10:41:32,2017-05-11,269.0,18.62,1,1,287.62,10,1,4.0,1.0,4f7a81a0b04edaf86ec4c88c9208eccf,16052,aracatuba,SP,20.934155092592594,22.488645833333333,0,287.62
eb5ece07af1767cf4ef1f4a8eeed991a,2265dae5343f841be4b12b31b32b9326,delivered,2017-04-18 12:18:22,2017-04-19 02:50:46,2017-04-20 11:18:45,2017-04-26 13:28:19,2017-05-11,8.9,14.52,1,1,23.42,1,1,5.0,1.0,50f4e219519575c26207600c7a3f9ad0,95599,balneario pinhal,RS,8.04857638888889,22.48724537037037,0,23.42
3d5bdaa6f74a7d0bb1d4040b9cb9aa3b,61bfe54a45dc8c5cd242f47818eb0964,delivered,2017-04-18 12:22:00,2017-04-18 12:35:22,2017-04-19 09:43:16,2017-05-02 14:24:18,2017-05-11,84.0,14.76,1,1,98.76,1,1,5.0,1.0,7ad35b51a2a748335b713c21ad5bc328,89237,joinville,SC,14.084930555555555,22.48472222222222,0,98.76
d766e3aae9fe7c4abb652d767d0811d6,c95f04df0950db371171123b5675448a,delivered,2017-04-18 12:24:29,2017-04-18 12:35:25,2017-04-24 15:35:45,2017-05-16 13:43:48,2017-05-25,157.9,30.04,1,1,187.94,3,1,5.0,1.0,00cc7c54469f4177319d6bb12e883652,68140,uruara,PA,28.055081018518518,36.48299768518518,0,187.94
44a04882ddb9f1358c4d11d83027bed3,5f62afdc1739c7386e50cb62d45c64db,delivered,2017-04-18 12:40:51,2017-04-18 12:55:29,2017-04-19 10:46:16,2017-04-29 08:36:49,2017-05-16,179.0,13.83,1,1,192.83,3,1,5.0,1.0,89e011107999365d7033087c4726cd35,11740,itanhaem,SP,10.830532407407407,27.471631944444443,0,192.83
e26281cd7bdd68b44161fd215f4be0cc,62141c6c69540e6d9038c7bb5f7cd8ab,delivered,2017-04-18 12:41:40,2017-04-18 12:55:25,2017-04-19 08:36:58,2017-04-20 10:24:16,2017-05-09,309.9,12.78,1,1,322.68,4,1,4.0,1.0,0c0c3316a01434687ad016915a5af45a,27323,barra mansa,RJ,1.9045833333333333,20.471064814814813,0,322.67999999999995
27f1701adfc69c0a85e9f59345b795df,f6ced24a98fd8ab53c50ebbfdf6c1375,delivered,2017-04-18 12:47:15,2017-04-19 02:45:19,2017-04-25 08:12:31,2017-05-14 05:14:53,2017-05-15,239.0,58.21,1,1,297.21,1,1,1.0,1.0,ace285a2bebd4eb4a69cf13a91e726d0,95185,carlos barbosa,RS,25.68585648148148,26.4671875,0,297.21
3c842261892c32fb5ce15222b72fa6e0,714f3ff34cd22b97f37d42bdef4bbc88,delivered,2017-04-18 13:05:04,2017-04-18 13:15:11,2017-04-19 08:22:40,2017-05-05 16:57:48,2017-05-23,549.0,69.6,1,1,618.6,10,1,3.0,1.0,22c739518f5240ffd2f80e0087aebe26,69917,rio branco,AC,17.161620370370372,34.45481481481482,0,618.6
802c6194741628ea426c4d7a4e55707a,42735dc9ad5d47f62eef96007363fa58,delivered,2017-04-18 13:21:52,2017-04-18 13:35:26,2017-04-20 15:47:28,2017-05-02 17:48:43,2017-05-10,239.9,12.29,1,1,252.19,10,1,5.0,1.0,8aaf8580719c71df507c102643a8e323,16250,clementina,SP,14.1853125,21.443148148148147,0,252.19
668ca58f384c0f1007054dbf6c280242,e51da7f5c5a550482241a36db85b36c7,delivered,2017-04-18 14:20:35,2017-04-18 14:42:23,2017-04-19 16:48:18,2017-04-29 08:56:29,2017-05-18,79.8,29.04,2,1,108.84,1,1,2.0,1.0,91ae31a48a197417fe33ba44ad1b2ad3,6416,barueri,SP,10.774930555555555,29.402372685185185,0,108.84
