order_id,customer_id,order_status,order_purchase_timestamp,order_approved_at,order_delivered_carrier_date,order_delivered_customer_date,order_estimated_delivery_date,gross_merchandise_value,freight_value,item_count,seller_count,payment_value,payment_installments,payment_types,review_score,review_count,customer_unique_id,customer_zip_code_prefix,customer_city,customer_state,actual_delivery_days,promised_delivery_days,is_late,net_revenue
2645613a9e103fee7499d4f4016b9586,c769d261fe94fe9791db6a2ec569efd9,delivered,2018-06-01 00:39:55,2018-06-01 02:33:09,2018-06-01 14:33:00,2018-06-11 17:12:09,2018-07-04,49.9,12.79,1,1,62.69,3,1,4.0,1.0,8ef940c8c63e85e9e2fd65f7e8b6581c,11045,santos,SP,10.689050925925926,32.97228009259259,0,62.69
15dbd4fa73037a8e8a6c619e4cffd46c,0f5cbabecf09e4453086b1db91138cb8,delivered,2018-06-01 01:20:55,2018-06-01 02:33:09,2018-06-04 15:09:00,2018-06-09 11:04:11,2018-06-29,899.0,20.38,1,1,919.38,10,1,5.0,1.0,a152c44fe84bce34a61421260f371192,19065,presidente prudente,SP,8.405046296296296,27.94380787037037,0,919.38
30d2a2368488274228f1d64c2ab3231e,ac57edb936ba767e31cdfd3d727932d6,delivered,2018-06-01 01:47:21,2018-06-05 04:31:01,2018-06-05 14:51:00,2018-06-26 00:12:44,2018-07-19,450.0,23.2,1,1,473.2,1,1,4.0,1.0,c613d08c38745b67cc5aff94e3fc04b2,67130,ananindeua,PA,24.93429398148148,47.92545138888889,0,473.2
8683ae8607ec5fd83805116545a82385,4eeb9ef829326203bedf160634900db8,delivered,2018-06-01 01:50:02,2018-06-01 02:33:11,2018-06-14 14:32:00,2018-06-19 18:46:28,2018-08-02,39.9,19.32,1,1,59.22,1,1,4.0,1.0,c577360d17a96c95a6834efc1881fe02,22610,rio de janeiro,RJ,18.705856481481483,61.92358796296296,0,59.22
8a9be36ffd78382f9ac518945e909636,de30bd949849b73af18418c2a5d4599c,delivered,2018-06-01 04:19:11,2018-06-01 05:01:36,2018-06-01 09:05:00,2018-06-13 15:46:48,2018-07-05,78.0,18.43,1,1,96.43,4,1,1.0,1.0,b5464389046818dc7c08d2c2ad6cbf39,35171,coronel fabriciano,MG,12.477511574074073,33.82001157407407,0,96.43
9bd2f19fdebcf5928f0971caeac464d9,3dfb839c63ae6b7545b643714e1b6dc3,delivered,2018-06-01 06:55:40,2018-06-01 07:42:11,2018-06-05 12:06:00,2018-06-15 00:41:31,2018-07-18,330.0,39.0,1,1,369.0,3,1,3.0,1.0,a1639a426ff70ff47ebc24af426b3078,62600,itapaje,CE,13.74017361111111,46.711342592592594,0,369.0
162fcce5f7c895e5afb504f6f1cee4ed,f581d009238201744f193e9fce843a3b,delivered,2018-06-01 07:11:05,2018-06-01 15:52:45,2018-06-04 09:14:00,2018-06-11 19:07:24,2018-07-04,55.0,12.83,1,1,67.83,1,1,5.0,1.0,b17edf8c0f122279a1160720468ebc69,18605,botucatu,SP,10.49744212962963,32.700636574074075,0,67.83
fe9ee959acb4aa3fd81440e75ccbe0cf,1cd692deef2d7185f844c03f3f29599f,delivered,2018-06-01 07:29:26,2018-06-01 08:22:46,2018-06-04 13:10:00,2018-06-08 17:42:24,2018-07-11,123.99,15.75,1,1,139.74,2,1,5.0,1.0,f2a9551380c53ba8f5950fe1534b37a5,30320,belo horizonte,MG,7.425671296296296,39.68789351851852,0,139.74
935a65ea45bc5c2692cdb3d0141941ca,205f0ff8598ac037f52616b3edf13337,delivered,2018-06-01 07:29:39,2018-06-01 08:22:46,2018-06-05 07:41:00,2018-06-21 16:26:52,2018-07-18,399.0,86.34,1,1,485.34,1,1,5.0,1.0,11261d6c406cfc26a6749bd5cbd45be7,62800,aracati,CE,20.37306712962963,46.68774305555556,0,485.34000000000003
44c29a73f92d2ec846b75feec8e70e81,c15fc378c7f70bbd1c40570e6b4a69d2,delivered,2018-06-01 08:18:56,2018-06-01 08:32:28,2018-06-01 12:47:00,2018-06-06 21:35:47,2018-07-11,25.49,15.23,1,1,40.72,1,1,4.0,1.0,23f9e36d85a8b2fcca3dfb9a75c69c3c,73105,brasilia,DF,5.553368055555556,39.65351851851852,0,40.72
d245d1728ad7cc2081cb50838d7d6fcb,49d1638db99abf0e8d8c03b9c15e869b,delivered,2018-06-01 08:19:07,2018-06-01 08:32:24,2018-06-01 14:28:00,2018-06-05 21:33:58,2018-07-11,25.9,18.23,1,1,44.13,2,1,5.0,1.0,6a63f8c323a91d9c51502e4d6274645e,71680,brasilia,DF,4.5519791666666665,39.653391203703706,0,44.129999999999995
0711b9c575a5235790c3f863179c3267,0338cedf9fd370fe655047aaa0725078,delivered,2018-06-01 08:21:03,2018-06-02 03:15:21,2018-06-05 08:27:00,2018-06-13 00:08:45,2018-07-12,390.0,70.47,3,1,460.47,1,1,1.0,1.0,1f98d2384ff7a372e6a2d3bb75cbcd54,36680,sao joao nepomuceno,MG,11.658125,40.65204861111111,0,460.47
5548dc95d19f69811f26b8dc9f5fd690,22e40f23e407606505fea9fbe15b9ad4,delivered,2018-06-01 08:26:56,2018-06-02 03:35:11,2018-06-05 12:07:00,2018-06-11 15:49:41,2018-07-16,105.0,23.66,1,1,128.66,1,1,5.0,1.0,aaf915da4aea5e5bcd55fc6daf8abe92,89652,ibiam,SC,10.307465277777778,44.647962962962964,0,128.66
33a26356ae145bf4a27c25447e5d1f01,78f12bb3fe31d58161ee7bc04220a989,delivered,2018-06-01 08:29:05,2018-06-01 08:51:52,2018-06-04 14:39:00,2018-06-06 18:46:44,2018-06-26,27.99,7.39,1,1,35.38,3,1,5.0,1.0,4394d455191db1f4b772872c358bd37e,13308,itu,SP,5.428923611111111,24.646469907407408,0,35.379999999999995
9a8f4939178c23dddbcf20a52a1fd1c3,e3f5487587d3aff5ed923df31f8cb1cc,delivered,2018-06-01 08:30:41,2018-06-01 08:51:55,2018-06-04 14:14:00,2018-06-08 00:23:31,2018-06-26,99.9,12.6,1,1,112.5,5,1,2.0,1.0,0816f7b521e6bf27dc629cab00e5cc5e,6866,itapecerica da serra,SP,6.661689814814815,24.645358796296296,0,112.5
e79df67f75682fe73238128b710c4328,f9ef7d0fe816e5c2c39382b5ce51141d,delivered,2018-06-01 08:45:23,2018-06-01 08:55:30,2018-06-04 06:23:00,2018-06-18 15:26:56,2018-07-11,258.0,45.22,2,1,303.22,8,1,1.0,1.0,dd6dfc5917f6b20fd2fa5e8f44adb1bd,25953,teresopolis,RJ,17.278854166666665,39.63515046296296,0,303.22
bac64cbfd217477d0b1d11fd3552ffbf,1600093c29588c00ddcdecf90a48a37e,delivered,2018-06-01 08:53:45,2018-06-01 09:12:26,2018-06-05 11:36:00,2018-06-08 14:51:57,2018-07-05,43.0,18.23,1,1,61.23,1,1,5.0,1.0,fcdaeb2765f628e77ac122697be8b6e1,70655,brasilia,DF,7.24875,33.62934027777778,0,61.230000000000004
66f7198bd04aafcefc81148b6c433c18,047bf05a26a10d5fd5f98a37b5ad1848,delivered,2018-06-01 08:56:59,2018-06-01 09:12:23,2018-06-18 17:05:00,2018-06-21 00:05:57,2018-07-11,79.99,22.87,1,1,102.86,5,1,4.0,1.0,2eb9d66d7bbb2fc1083e530b8e51dff9,9320,maua,SP,19.631226851851853,39.627094907407404,0,102.86
e11041ba5d434c8bcb7640e75a52f106,446540c9ca2417bd019af1774d7e0dd8,delivered,2018-06-01 09:26:53,2018-06-02 03:11:38,2018-06-04 13:51:00,2018-06-13 21:08:39,2018-07-13,99.97,23.63,1,1,123.6,1,1,5.0,1.0,6cb756e739c23e79a4968916ad7899f1,44600,ipira,BA,12.487337962962963,41.60633101851852,0,123.6
e309a85cd901c566767a2aa98090085c,b2f351b578d5fa960f941afe5379cedc,delivered,2018-06-01 09:35:57,2018-06-02 03:31:49,2018-06-04 10:55:00,2018-06-05 16:52:18,2018-06-26,139.9,13.88,1,1,153.78,1,1,3.0,1.0,0f00ec227ecc76530782aa0fcb87f0e2,1507,sao paulo,SP,4.303020833333333,24.600034722222222,0,153.78
f256f9e290a782032234f9bb030d2fb3,9323f13e6c2405265af9075dc4e23ddb,delivered,2018-06-01 09:38:06,2018-06-01 09:53:33,2018-06-01 11:53:00,2018-06-08 00:26:48,2018-07-04,179.99,14.38,1,1,194.37,2,1,1.0,1.0,d8fec42fe6e875b09a809547f72a73cb,30140,belo horizonte,MG,6.617152777777778,32.59854166666667,0,194.37
efe9725dbc15f09b8e8b95c6331655ba,32e3df990cf96c966d073b0e42b27cda,delivered,2018-06-01 09:49:41,2018-06-02 03:31:50,2018-06-05 15:15:00,2018-06-11 12:56:55,2018-07-04,256.0,29.98,2,1,285.98,1,1,5.0,1.0,815c9ad0cc399929a7d27cc7a4954a0a,19900,ourinhos,SP,10.130023148148148,32.590497685185184,0,285.98
0818699476819463109688475b808343,53e644c7c57416bdaf0409e656ee8b0a,delivered,2018-06-01 09:57:51,2018-06-02 09:51:38,2018-06-04 13:47:00,2018-06-09 18:11:08,2018-07-04,2547.0,60.09,3,1,2607.09,10,1,3.0,1.0,26b5839e505ee33e6a449f7c2c403f99,15400,olimpia,SP,8.34255787037037,32.58482638888889,0,2607.09
947857fc478a90e909d7e3d4b2b9dfb3,1a638e2556f263ac0094533ef5a75586,delivered,2018-06-01 10:10:44,2018-06-01 10:31:47,2018-06-04 06:05:00,2018-06-13 20:03:19,2018-07-11,118.99,18.71,1,1,137.7,3,1,3.0,1.0,73f05d0e35fef9069db079662d5cd28b,93037,sao leopoldo,RS,12.411516203703703,39.57587962962963,0,137.7
c4451307baafd35a8fbd349339881a10,ce738845c4d6188c95f2091d90eac164,delivered,2018-06-01 10:15:58,2018-06-01 10:31:57,2018-06-04 14:19:00,2018-06-08 21:11:44,2018-07-04,65.0,13.81,1,1,78.81,3,1,5.0,1.0,0bc4269327570a9a28fe8e54ffabd3bc,18150,ibiuna,SP,7.455393518518519,32.57224537037037,0,78.81
f1ee4afeb390f7d9b9966fddfedf3ef2,94523ceafe89bf798b8bb3f8e6b8834c,delivered,2018-06-01 10:18:11,2018-06-01 11:32:20,2018-06-01 12:41:00,2018-06-12 18:08:35,2018-07-11,138.0,23.74,1,1,161.74,4,1,4.0,1.0,89a3260aab247205209fba1350f5d6f6,39995,divisa alegre,MG,11.326666666666666,39.57070601851852,0,161.74
957835fcdd687e80443310e35eb113b9,9bec7bf329bb42d2b50f3beb9e028b2e,delivered,2018-06-01 10:21:24,2018-06-02 03:31:42,2018-06-05 08:53:00,2018-06-07 14:31:50,2018-07-04,42.99,14.44,1,1,57.43,1,1,1.0,1.0,deb50a17ad909bc97d6005b87e1f8b0a,13495,iracemapolis,SP,6.173912037037037,32.56847222222222,0,57.43
c65d58d799052b1354bb0a7063b29621,7897c2b0a7cb0636ec2d75020c14c1a5,delivered,2018-06-01 10:24:52,2018-06-02 03:35:15,2018-06-05 08:53:00,2018-06-18 09:33:52,2018-07-16,80.0,23.14,1,1,103.14,1,1,1.0,1.0,7b3b8cf6cef1b5fb3f47348a33cd6d42,86640,cafeara,PR,16.964583333333334,44.566064814814816,0,103.14
aaa965f3b2dc351f34bbe80a4a0d1c0e,299e712af8c8ad86f2f69e1f34a341f3,delivered,2018-06-01 10:27:30,2018-06-01 10:35:16,2018-06-07 13:59:00,2018-06-16 00:34:39,2018-07-26,14.9,22.06,1,1,36.96,1,1,2.0,1.0,077395ce86557b2c8447649509d20894,22250,rio de janeiro,RJ,14.588298611111112,54.564236111111114,0,36.96
98bc9215b10e8738ca566a0fa7e49b1c,c627aea5ae1e198d3134214a9805781c,delivered,2018-06-01 10:34:07,2018-06-02 10:31:01,2018-06-04 13:34:00,2018-06-29 17:28:39,2018-07-16,29.99,22.85,1,1,52.84,1,1,5.0,1.0,1a84cf853b1c76a9e5ba3f3e926202be,57045,maceio,AL,28.28787037037037,44.559641203703706,0,52.84
eea2accc32d4396720d4e727986af0b5,06889194d9acf9c1917cd382b8b5da48,delivered,2018-06-01 10:38:45,2018-06-01 10:52:27,2018-06-01 14:54:00,2018-06-04 16:57:30,2018-06-26,50.19,7.87,1,1,58.06,1,1,5.0,1.0,97b8a596122261901da255b736c6fd1b,13082,campinas,SP,3.2630208333333335,24.55642361111111,0,58.059999999999995
b2e66035b66649e5b359d5b33ba09c21,9ea4c5abbde4a7a943a9fb80a85176c3,delivered,2018-06-01 10:51:59,2018-06-01 11:12:16,2018-06-04 09:41:00,2018-06-12 16:57:43,2018-07-05,27.9,18.23,1,1,46.13,1,1,4.0,1.0,0a8247e80253bcc2df41d9e770e07b67,24030,niteroi,RJ,11.253981481481482,33.5472337962963,0,46.129999999999995
3ba4434655efde991569fe475dd0e688,910b8c007be2f33b0149a841b3d2aec0,delivered,2018-06-01 10:52:14,2018-06-01 11:12:24,2018-06-01 15:10:00,2018-06-08 14:58:36,2018-06-26,627.8,32.58,2,1,660.38,3,1,5.0,1.0,e541e88a6234baca67e2a5674cc7c79d,12516,guaratingueta,SP,7.171087962962963,24.547060185185185,0,660.38
153f3406d034142db04fcb576d6987cc,80988b11269d81589d963ff44080ccca,delivered,2018-06-01 10:55:57,2018-06-01 11:12:27,2018-06-04 20:19:00,2018-06-05 16:16:52,2018-06-26,80.0,17.76,2,1,97.76,1,1,4.0,1.0,a61e55582ca28f02cbf5339cc7ac4a80,9230,santo andre,SP,4.222858796296296,24.544479166666665,0,97.76
12fa2b4d0dc38dafe97281075be6f5e7,618021b3be169bfebcf9604979358f8a,delivered,2018-06-01 10:59:19,2018-06-01 11:12:28,2018-06-04 13:54:00,2018-06-06 00:48:48,2018-06-26,78.0,7.41,1,1,85.41,1,1,4.0,1.0,51d8ecac1ae895fe0f5d1126f1e9bf8b,13807,mogi mirim,SP,4.5760300925925925,24.542141203703704,0,85.41
13100b3a31729e96b34e7eeaf3cadb2c,89d8adfeb3cbb0bcaf7431ed965d2182,delivered,2018-06-01 11:01:00,2018-06-01 11:15:09,2018-06-06 15:13:00,2018-06-12 01:12:19,2018-07-04,46.0,13.71,1,1,59.71,2,1,5.0,1.0,903f86e311cb1d293da2b073e8fef44d,4841,sao paulo,SP,10.59119212962963,32.54097222222222,0,59.71
96d475858d7ac83b3f89e500dfb736a3,56327d59c871dd2d1ccfafbc6db5d6ef,delivered,2018-06-01 11:20:52,2018-06-01 11:32:20,2018-06-04 14:18:00,2018-06-12 23:14:39,2018-07-19,97.3,36.589999999999996,2,2,133.89,2,1,5.0,1.0,081f07439678af2da7755a0aa572154d,95585,arroio do sal,RS,11.49568287037037,47.527175925925924,0,133.89
6afbd309f8bfd1d88c7734fd17c2b6d9,1aeeb63dba7f0ac8d35d42f7a12d2004,delivered,2018-06-01 11:22:18,2018-06-01 11:35:20,2018-06-04 14:38:00,2018-06-14 20:08:28,2018-07-18,107.8,42.31,2,1,150.11,8,1,3.0,1.0,7b047ec1b619a71121f0dac3a3d9a494,19600,rancharia,SP,13.365393518518518,46.526180555555555,0,150.11
e69e2290db6b2d3b7593a40112e1a82a,3a017955f82b5bf61bb51aec865a01ca,delivered,2018-06-01 11:26:06,2018-06-02 03:15:28,2018-06-04 13:08:00,2018-06-05 17:44:39,2018-07-04,75.99000000000001,50.68,2,2,126.67,1,1,5.0,1.0,ab93bfed86e2417198d66cf58945442e,7401,aruja,SP,4.262881944444445,32.52354166666667,0,126.67000000000002
31a10d7f77b91046e15fcb519bad27e1,11d983fbbe99a7f4d98590596bdd225f,delivered,2018-06-01 11:31:36,2018-06-01 11:51:48,2018-06-01 14:06:00,2018-06-03 12:21:06,2018-06-26,112.0,7.65,1,1,119.65,1,1,5.0,1.0,fa54d75873028cd9410f92cdbf523503,13082,campinas,SP,2.034375,24.51972222222222,0,119.65
8dacd1da7c4dc40d5c59e7ddd93b3ac8,6ccedfba5919d72fcc8c51bfa982de62,delivered,2018-06-01 11:38:29,2018-06-02 03:31:41,2018-06-04 14:37:00,2018-06-12 22:34:44,2018-07-18,74.99,19.21,1,1,94.2,1,1,5.0,1.0,ca77025e7201e3b30c44b472ff346268,51021,recife,PE,11.455729166666666,46.51494212962963,0,94.19999999999999
2f237ad78fabeb8203631b4a881a83a5,d9cf050e6b7721630f9d330ce3becfc5,delivered,2018-06-01 11:48:37,2018-06-02 14:15:13,2018-06-06 14:03:00,2018-06-08 22:05:29,2018-06-26,39.99,7.39,1,1,47.38,4,1,5.0,1.0,71995d1160768c143a0c756daee7b5f3,13285,vinhedo,SP,7.42837962962963,24.507905092592594,0,47.38
0cb2239ee3c4947fce4ab10c1742fe67,9cc2c1fada1c57d908696c42d75e0283,delivered,2018-06-01 11:48:54,2018-06-01 12:11:37,2018-06-04 17:03:00,2018-06-06 20:37:41,2018-07-04,99.49,13.82,1,1,113.31,8,1,4.0,1.0,0ce5aea106c765c0d7baa950fa29544b,35200,aimores,MG,5.3672106481481485,32.50770833333333,0,113.31
e852413ae756fbc7fe9f6514b39aafdf,7c26a3de94d7bc7a532974bf3de191a1,delivered,2018-06-01 11:52:23,2018-06-01 12:11:38,2018-06-04 09:13:00,2018-06-08 16:02:46,2018-07-04,78.0,12.99,1,1,90.99,1,1,4.0,1.0,7a8e1b0645e380061ad930228297b7cd,13370,rafard,SP,7.173877314814815,32.50528935185185,0,90.99
022d4b171a04520ca2113a48b6b61380,8d8eb67ed5fe4ecffcffd8cd9b5556cc,delivered,2018-06-01 11:54:07,2018-06-01 12:11:47,2018-06-07 13:24:00,2018-06-11 20:32:39,2018-07-04,57.2,12.84,1,1,70.04,1,1,1.0,1.0,6fc51883c0e6073fa9e9ce1ccd51017d,13565,sao carlos,SP,10.360092592592592,32.50408564814815,0,70.04
dec147b0fad4d41a208b7873dd7900e6,5726ad0e49501515e2b0553e11fb26bb,delivered,2018-06-01 11:57:33,2018-06-02 03:31:50,2018-06-06 11:34:00,2018-06-12 16:27:08,2018-07-04,18.9,12.79,1,1,31.69,1,1,5.0,1.0,8bc13a498ce916dd5717c130d45781eb,18705,avare,SP,11.187210648148149,32.50170138888889,0,31.689999999999998
173e03e3afede01446cd36851e3173dc,351ba257ff8f46b84420f830e5bcedd0,delivered,2018-06-01 12:00:08,2018-06-02 03:31:48,2018-06-04 17:55:00,2018-06-06 15:23:02,2018-06-26,28.9,7.39,1,1,36.29,1,1,5.0,1.0,53780137baba56759c9eda8ff4b0639b,12327,jacarei,SP,5.140902777777778,24.499907407407406,0,36.29
470dea50dbd9c5e77735b49bd904af6d,3fdc2cc5cf1d6a348be7b362866d4e09,delivered,2018-06-01 12:05:34,2018-06-01 12:32:08,2018-06-07 14:57:00,2018-06-08 23:22:57,2018-06-26,139.99,9.33,1,1,149.32,5,1,4.0,1.0,4b7b6e49a26c6a858d5c07a0c34dca7e,5516,sao paulo,SP,7.470405092592593,24.49613425925926,0,149.32000000000002
3b28fc69f78de028ac7f69ee6b56b39f,983a13f79678f3fbcca8e7756afd73cc,delivered,2018-06-01 12:05:49,2018-06-02 03:31:47,2018-06-04 14:29:00,2018-06-08 16:36:36,2018-07-04,25.49,12.79,1,1,38.28,1,1,5.0,1.0,837d21d789dd6115d99f4c7a4be7a189,14071,ribeirao preto,SP,7.188043981481481,32.49596064814815,0,38.28
a8b4bb89dc728493ed20fe78acdefd9a,aa1367a3e933112df50ac2a81601fba8,delivered,2018-06-01 12:08:17,2018-06-02 03:31:40,2018-06-04 14:12:00,2018-06-15 01:08:38,2018-07-11,59.99,60.48,1,1,120.47,1,1,5.0,1.0,b9392117660d81f64190ba3c0761763a,11030,santos,SP,13.541909722222222,39.49424768518519,0,120.47
038b8c914a94247880b6a34413e74a34,37522a871660ce8e75a583e9b4203793,delivered,2018-06-01 12:14:03,2018-06-01 12:32:16,2018-06-05 13:05:00,2018-06-11 16:32:26,2018-07-04,17.9,15.23,1,1,33.13,1,1,5.0,1.0,4842d52fa081691dd553c0a4639258f7,9540,sao caetano do sul,SP,10.17943287037037,32.49024305555555,0,33.129999999999995
55093725a55ca1f9e5f5af23dd5dd8fa,ae243ce244bd96b2ab128159a9d77b3b,delivered,2018-06-01 12:15:54,2018-06-01 17:53:13,2018-06-06 14:16:00,2018-06-18 23:03:31,2018-07-12,349.9,105.62,1,1,455.52,1,1,5.0,1.0,56a43d130fa423a03fe3ef728ebd58b4,79040,campo grande,MS,17.449733796296297,40.488958333333336,0,455.52
434d158e96bdd6972ad6e6d73ddcfd22,2a1dfb647f32f4390e7b857c67458536,delivered,2018-06-01 12:23:13,2018-06-05 03:35:15,2018-06-08 11:49:00,2018-06-18 21:32:52,2018-07-17,445.0,63.17,1,1,508.17,1,1,5.0,1.0,5f7d7732b351ce851a158528581af05f,54330,jaboatao dos guararapes,PE,17.38170138888889,45.48387731481481,0,508.17
d1fe1d87c3f8a425c2054ac158ab12e1,9aa4913d61cd634857a30749307f4976,delivered,2018-06-01 12:27:56,2018-06-01 12:52:04,2018-06-07 12:57:00,2018-06-14 13:32:49,2018-07-18,109.9,27.5,1,1,137.4,8,1,3.0,1.0,aafcddd4f1e7276191219b5418654b80,27310,barra mansa,RJ,13.045057870370371,46.48060185185185,0,137.4
539089aba239767ab6256f0eb9a48c75,8882489a6088e4fe968a4ef7284d36a5,delivered,2018-06-01 12:32:59,2018-06-02 03:31:40,2018-06-04 14:53:00,2018-06-06 17:07:09,2018-06-28,12.99,7.39,1,1,20.38,1,1,5.0,1.0,8c637c0865c3acf70d010511669abbad,7230,guarulhos,SP,5.190393518518518,26.47709490740741,0,20.38
9dce1279b896cb9d151b2649073089c2,36e34bda9665446a115a9d92af07ef16,delivered,2018-06-01 12:38:41,2018-06-01 12:52:10,2018-06-04 06:05:00,2018-06-08 08:38:51,2018-06-19,116.5,8.16,1,1,124.66,3,1,5.0,1.0,55ef2095000c45c07b795af886124568,13820,jaguariuna,SP,6.833449074074074,17.473136574074076,0,124.66
025a548c7e6d70e6b6cf600a112b0d9c,2f70159435ac1cfc015410b83084620a,delivered,2018-06-01 12:39:45,2018-06-01 12:52:11,2018-06-04 15:30:00,2018-06-15 00:21:37,2018-07-24,159.0,36.24,1,1,195.24,3,1,5.0,1.0,d8778cbc1271116398b884b4e187882c,22240,rio de janeiro,RJ,13.487407407407407,52.47239583333333,0,195.24
6553bc307b0ce8eded2609f0008ae2bd,5c896117244c11cdcc73221662757e05,delivered,2018-06-01 12:41:29,2018-06-01 12:55:31,2018-06-04 17:03:00,2018-06-13 23:41:30,2018-07-13,99.49,22.41,1,1,121.9,2,1,4.0,1.0,56e603c1c751e09f59fdd74009ba5094,48180,entre rios,BA,12.458344907407408,41.47119212962963,0,121.89999999999999
2ef78d4b9e33e5bb08a6ccff0771df05,4d1480f88a3426764e5caed4195d8a54,delivered,2018-06-01 12:47:04,2018-06-01 12:55:33,2018-06-04 14:02:00,2018-06-13 22:24:28,2018-07-17,809.0,22.37,1,1,831.37,8,1,5.0,1.0,edc77ecde4f20cfbdb248a29ccf0bd38,41830,salvador,BA,12.400972222222222,45.46731481481481,0,831.37
a3387455ec2a51ea33eb1d7557994979,64bfeb705b436477f84efa0fd4623dc1,delivered,2018-06-01 12:50:14,2018-06-01 13:12:38,2018-06-01 14:07:00,2018-06-08 18:08:28,2018-06-29,99.9,24.83,1,1,124.73,1,1,4.0,1.0,34ad9e92831aebbc98356a8f93a49f97,64002,teresina,PI,7.22099537037037,27.465115740740742,0,124.73
e6111c89e3438595ea3370509994a3a5,d829398fbdcb8dae2747726ad64bc41e,delivered,2018-06-01 12:52:57,2018-06-01 13:12:38,2018-06-04 18:11:00,2018-06-11 22:36:23,2018-07-04,94.5,23.24,1,1,117.74,10,1,3.0,1.0,9ab2789626eaf27b2065d66b6c35cec3,31730,belo horizonte,MG,10.405162037037037,32.463229166666665,0,117.74
ae4f9895e6602f33d89aff8166cf9346,2b572b45934f53e724ae672aa2a7ceb1,delivered,2018-06-01 13:03:01,2018-06-01 13:15:22,2018-06-01 14:48:00,2018-06-07 16:41:56,2018-07-12,133.0,22.01,1,1,155.01,1,1,4.0,1.0,17c9ae49ef0e4b3597e57d2405a8f128,5171,sao paulo,SP,6.152025462962963,40.456238425925925,0,155.01
163099b696818c7c5dd7ffb4e01209d6,9c08631b9b6512391bedaaf207cd9b5c,delivered,2018-06-01 13:09:45,2018-06-01 13:31:52,2018-06-05 09:22:00,2018-06-09 13:59:39,2018-06-26,101.88,13.15,1,1,115.03,3,1,5.0,1.0,5cade7c0ab4c535a04b4836b7bc6c4f3,11705,praia grande,SP,8.034652777777778,24.4515625,0,115.03
d234a970b741b7ea0578de7dd3dba128,22e295fa2af8d7eed44d5821a7a76dee,delivered,2018-06-01 13:15:11,2018-06-05 04:12:42,2018-06-06 14:41:00,2018-06-16 00:27:53,2018-07-16,110.0,42.83,1,1,152.83,1,1,5.0,1.0,deb71d84454ad73ea2920c212bc0c121,60135,fortaleza,CE,14.467152777777779,44.44778935185185,0,152.82999999999998
8112a281ea81fb96d760f13da83ffaed,fa63f4173641284ffd2311ecde3bb85b,delivered,2018-06-01 13:23:27,2018-06-01 13:32:04,2018-06-04 13:58:00,2018-06-08 15:46:06,2018-07-05,195.65,19.25,1,1,214.9,1,1,5.0,1.0,d198d70eb692da666fd8c1f108397d1a,9541,sao caetano do sul,SP,7.0990625,33.44204861111111,0,214.9
0e3338b5499d77ae55c16c4e1c9f30e9,2a51c71933c7ab32a41cf66b2c797882,delivered,2018-06-01 13:30:13,2018-06-05 04:31:10,2018-06-05 12:07:00,2018-06-12 21:19:47,2018-07-05,159.49,20.37,1,1,179.86,1,1,4.0,1.0,fbc317241aa884a4ddbc83dea4f481ca,89520,curitibanos,SC,11.326087962962964,33.437349537037036,0,179.86
aa9db0502703dcac7b66401ee4128525,0f414c3de4b25372b9db335c5570a095,delivered,2018-06-01 13:38:34,2018-06-01 13:52:39,2018-06-12 14:20:00,2018-06-20 21:19:29,2018-07-23,89.9,19.6,1,1,109.5,1,1,5.0,1.0,ce7cab3153b9b9f251ff92a4788a14b3,79112,campo grande,MS,19.32008101851852,51.431550925925926,0,109.5
97f95535ada31d6fa853230e815ee4e3,a0d04a491f25030236e94355ba1e7e47,delivered,2018-06-01 13:39:44,2018-06-01 13:55:09,2018-06-04 14:29:00,2018-06-11 21:33:15,2018-07-12,25.49,17.06,1,1,42.55,1,1,4.0,1.0,e13e8b789e5a8e6fe1445f924a4ed4f6,41815,salvador,BA,10.32883101851852,40.43074074074074,0,42.55
cd0343141ac675cd40fab2c7fd2e99cc,0a84514b054a38a558ad0874beebf6af,delivered,2018-06-01 13:39:44,2018-06-01 13:52:38,2018-06-04 14:29:00,2018-06-11 21:28:48,2018-07-12,25.49,17.06,1,1,42.55,1,1,4.0,1.0,e13e8b789e5a8e6fe1445f924a4ed4f6,41815,salvador,BA,10.325740740740741,40.43074074074074,0,42.55
d415e95816c2f3a2a34e06cd519157cc,f0ab4acc7e4a8236d84d6f74bad11b0e,delivered,2018-06-01 13:39:44,2018-06-01 13:52:44,2018-06-04 14:29:00,2018-06-11 19:53:41,2018-07-12,25.49,17.06,1,1,42.55,1,1,4.0,1.0,e13e8b789e5a8e6fe1445f924a4ed4f6,41815,salvador,BA,10.2596875,40.43074074074074,0,42.55
e3c57d0ebff7edcd11f4f15e59ccc852,f31ce21e49feba9e205222603768ffd8,delivered,2018-06-01 13:42:14,2018-06-01 13:55:21,2018-06-04 12:03:00,2018-06-11 17:42:14,2018-07-16,70.0,18.37,1,1,88.37,1,2,5.0,1.0,5b8985d0e84c11c2d841ee82f53c4d83,88680,bom retiro,SC,10.166666666666666,44.42900462962963,0,88.37
4c53ceb2badd32891af2fc767fcea1b1,8dcedd46d066422dab5f38033456618f,delivered,2018-06-01 13:42:23,2018-06-01 13:55:15,2018-06-04 15:16:00,2018-06-18 18:18:55,2018-07-04,63.99,13.81,1,1,77.8,7,1,4.0,1.0,df9ad365d2f2a3be931ce4f69e57206a,14500,ituverava,SP,17.192037037037036,32.428900462962964,0,77.8
4759dc5cd30f8e283de04872dd5446cd,8c8ebb03344906d2201f54daafd859cf,delivered,2018-06-01 13:43:43,2018-06-01 13:55:15,2018-06-01 14:42:00,2018-06-20 12:35:24,2018-07-19,69.9,19.46,1,1,89.36,4,1,4.0,1.0,cb91b5b25e1e383e3b16135d40fef818,95240,ipe,RS,18.95255787037037,47.42797453703704,0,89.36000000000001
ef57963ceae82ddbc1e426297439b24a,f7497cdbd74a6992075dc562d0e26068,delivered,2018-06-01 13:45:06,2018-06-01 14:11:51,2018-06-04 09:05:00,2018-06-22 21:57:46,2018-07-17,79.99,17.27,1,1,97.26,3,1,5.0,1.0,66589dc3b4b674a83911d806c0a5827e,42850,dias d'avila,BA,21.34212962962963,45.42701388888889,0,97.25999999999999
852d591ac66808ba170d243164600420,20eab7f90e4ca36457cb0e4ba3cf2ccb,delivered,2018-06-01 13:48:45,2018-06-01 14:11:51,2018-06-01 13:28:00,2018-06-06 17:26:41,2018-06-26,75.0,12.97,1,1,87.97,1,1,4.0,1.0,05da72f690ec2fc4d00529e6e5d9a677,17510,marilia,SP,5.151342592592592,24.424479166666668,0,87.97
c2339bbec3aaccee5dfb887e03903617,f12f332ebbf1b1f68126b31bcc25429b,delivered,2018-06-01 13:49:15,2018-06-01 16:11:41,2018-06-04 14:08:00,2018-06-12 20:42:08,2018-07-19,149.9,39.1,1,1,189.0,1,1,5.0,1.0,0adb179862977c93a9db8246e5e35970,35032,governador valadares,MG,11.286724537037037,47.42413194444445,0,189.0
353058e48de63e5ebcd90bacf5329d2b,8c9648b0693e8e5dd9dc3acca916d709,delivered,2018-06-01 14:03:33,2018-06-01 14:15:19,2018-06-01 15:35:00,2018-06-08 16:22:14,2018-07-24,119.9,26.13,1,1,146.03,2,1,4.0,1.0,1a2c61fcce8ae0801da7992694d54c69,23575,rio de janeiro,RJ,7.096307870370371,52.41420138888889,0,146.03
c879afbc0d85767d560c8ba52481a01d,e028afd98183a3e4c189bc75e65d1b22,delivered,2018-06-01 14:06:14,2018-06-01 14:15:24,2018-06-04 18:11:00,2018-06-11 15:28:43,2018-07-04,50.0,13.71,1,1,63.71,1,1,5.0,1.0,bb8e63a95169ec5b2d1bb40fbe22d3bc,13420,piracicaba,SP,10.057280092592592,32.412337962962965,0,63.71
db5a3eab52ef5c18c745c172a5050809,8da4932640e63aaa95a7c7090a618a96,delivered,2018-06-01 14:08:24,2018-06-02 03:15:30,2018-06-04 13:30:00,2018-06-12 15:28:55,2018-07-04,249.0,14.18,1,1,263.18,1,1,5.0,1.0,3a03d9a7faee99e478d1bd08fa20ee8f,5782,sao paulo,SP,11.055914351851852,32.410833333333336,0,263.18
b142695409c8bbe4749969c0a697148e,b700c01a9332f15903c399e187ff534b,delivered,2018-06-01 14:09:53,2018-06-02 03:15:19,2018-06-04 14:14:00,2018-06-13 20:51:05,2018-07-23,15.0,15.23,1,1,30.23,1,1,4.0,1.0,887f919e43725167335490acd43b5bf5,22631,rio de janeiro,RJ,12.278611111111111,51.40980324074074,0,30.23
e029f708df3cc108b3264558771605c6,d2aa6bef2582c7482ab992fa89f965bd,delivered,2018-06-01 14:12:09,2018-06-01 14:32:30,2018-06-05 14:48:00,2018-06-12 19:41:53,2018-06-29,41.0,17.34,1,1,58.34,1,1,5.0,1.0,08b2a675de579ef181675f82c081fca6,13190,monte mor,SP,11.228981481481481,27.40822916666667,0,58.34
409a324803d22f3b95f99aedb4863c3a,8e61f21a8232d2a820e97fb85e4d7cbb,delivered,2018-06-01 14:18:41,2018-06-02 03:11:26,2018-06-04 14:16:00,2018-06-13 20:15:28,2018-07-11,45.0,18.23,1,1,63.23,1,1,5.0,1.0,3cf5f55948dea40c091af4c426ca14f6,87015,maringa,PR,12.247766203703703,39.40369212962963,0,63.230000000000004
f14cabd169ba0d0ecb7433e55c72aca2,8ef7c689216e12ab959d9003a6c4b3b9,delivered,2018-06-01 14:22:02,2018-06-01 14:35:15,2018-06-04 15:15:00,2018-07-05 17:33:01,2018-07-18,120.0,47.67,1,1,167.67,4,1,3.0,1.0,3d6465ac2502decfdfa5ab1e1a915a54,48850,itiuba,BA,34.13262731481481,46.401365740740744,0,167.67000000000002
090d23542dd542b9a9e25fa9d5d9e528,73d09f34ade23726e0b2388af3b357e4,delivered,2018-06-01 14:31:54,2018-06-01 14:52:02,2018-06-04 15:21:00,2018-06-14 12:41:22,2018-07-17,349.97,59.0,1,1,408.97,8,1,5.0,1.0,2fbed526955cf9cfa88dfc3a1c73463e,64490,regeneracao,PI,12.923240740740741,45.39451388888889,0,408.97
7ea3b6e314e533719b7dbc3ad951aef3,f51abbc1aedad3c2043a901fcb09f93e,delivered,2018-06-01 14:45:02,2018-06-02 14:51:41,2018-06-04 15:03:00,2018-06-12 19:58:33,2018-07-11,195.9,57.92,1,1,253.82,4,1,5.0,1.0,10fa2b0fa9c4d8117d2645f089c9f099,50900,recife,PE,11.217719907407407,39.38539351851852,0,253.82
17f12788b667e6b9af13a3f11ae1db08,20fb94e0cc0f98c6bedc0e73bea1b98c,delivered,2018-06-01 14:50:42,2018-06-01 15:15:37,2018-06-08 12:47:00,2018-06-13 13:57:38,2018-07-05,336.98,32.12,2,1,369.1,1,1,2.0,1.0,82d3f2203b03cb12e76507855da095d3,8040,sao paulo,SP,11.963148148148148,33.381458333333335,0,369.1
62208055aa533094c967cc9536ecd5a7,cb7141b48591460e3eebb5b6db52a94e,delivered,2018-06-01 14:52:45,2018-06-05 04:51:58,2018-06-07 14:36:00,2018-06-08 13:49:01,2018-07-12,180.0,17.14,1,1,197.14,1,1,5.0,1.0,36e7ce4e8cfa253aa98130da8a8855bd,4037,sao paulo,SP,6.95574074074074,40.38003472222222,0,197.14
09abedc2c8793fa1ef3a6eb50a9587e6,3f2b5d8dc2d1ea6f3fe026509549773f,delivered,2018-06-01 14:55:40,2018-06-02 14:51:54,2018-06-06 14:31:00,2018-06-08 16:56:55,2018-06-26,80.0,17.76,2,1,97.76,4,1,5.0,1.0,6ab4b267447ec31299594fecdf24e050,8420,sao paulo,SP,7.084201388888889,24.378009259259258,0,97.76
6c1973ec6c76306fce68764a46d33002,1197d0abae67f94b4ba55fd9eb382ab0,delivered,2018-06-01 15:06:18,2018-06-02 03:35:14,2018-06-04 14:33:00,2018-06-07 14:59:02,2018-07-12,13.0,15.23,1,1,28.23,1,1,3.0,1.0,e6757d8e7b979dc829cb29c260c22486,6764,taboao da serra,SP,5.994953703703704,40.370625,0,28.23
577285c10c95871f906ac5ba6d9d902b,e9c9c155a55ad03af57867143ee91937,delivered,2018-06-01 15:08:12,2018-06-02 15:10:04,2018-06-11 14:38:00,2018-06-21 12:24:46,2018-07-23,196.8,22.46,1,1,219.26,4,1,5.0,1.0,5ad84888519e10ff52d8af00641d41bc,20551,rio de janeiro,RJ,19.88650462962963,51.369305555555556,0,219.26000000000002
94f506e669de10a239ec04627d90eef4,d8b4a91c31ba22e95b3c98a326d3dbe0,delivered,2018-06-01 15:08:16,2018-06-02 03:31:52,2018-06-04 12:17:00,2018-06-13 20:52:38,2018-07-04,21.1,14.44,1,1,35.54,1,1,5.0,1.0,804e1ee1cf0240df637f4266b7e32a6f,7061,guarulhos,SP,12.23914351851852,32.36925925925926,0,35.54
df8f138cbe59c7bb4454c61d1223ca18,d77f3797ee0abe8fc7d85e9610400958,delivered,2018-06-01 15:10:00,2018-06-01 15:31:50,2018-07-04 06:38:00,2018-07-05 19:51:35,2018-07-19,124.9,9.23,1,1,134.13,8,1,4.0,1.0,9751244bd65fd1f1166ab7f3e10a31ab,13284,vinhedo,SP,34.19554398148148,47.36805555555556,0,134.13
d9be5eb6e572c7e2a77db678c9d79aba,58a7e72ddd2cf6b2d3e29c8e02bc1525,delivered,2018-06-01 15:13:16,2018-06-01 15:32:03,2018-06-07 14:50:00,2018-06-08 17:32:28,2018-06-26,196.5,9.14,1,1,205.64,8,1,5.0,1.0,85831bbd86d6bd9f172c3d13b5bb4585,7190,guarulhos,SP,7.096666666666667,24.365787037037038,0,205.64
4e743d407939e965ac0b7bb694e67eed,c2732a928751eaab8cb1e80e6d0a05a1,delivered,2018-06-01 15:20:48,2018-06-01 15:31:52,2018-06-11 14:24:00,2018-06-20 00:58:45,2018-07-18,79.98,35.57,1,1,115.55,2,1,5.0,1.0,e5f54c5adf3d924359f93f0285661e7b,82560,curitiba,PR,18.401354166666668,46.36055555555556,0,115.55000000000001
4ccc4e96e0fa5c35efbf9bf836ebef72,ff0d62f8be4c098e6306f39bc6ebded4,delivered,2018-06-01 15:21:45,2018-06-02 15:15:20,2018-06-04 14:18:00,2018-06-09 13:58:44,2018-07-05,225.9,14.7,1,1,240.6,6,1,5.0,1.0,ab26557b289641b505abd795c0913683,35620,abaete,MG,7.942349537037037,33.35989583333333,0,240.6
5008e6358df7e92655ca078e3f41b8a6,2deebc28cd9f7e51805a1e0c1d6853b0,delivered,2018-06-01 15:22:17,2018-06-01 15:32:03,2018-06-05 12:36:00,2018-06-11 16:28:45,2018-07-12,156.9,27.18,1,1,184.08,3,1,5.0,1.0,d981d8dd4f1d594552bd2ddde99fba2e,39860,nanuque,MG,10.046157407407408,40.359525462962964,0,184.08
ce66c6a0f60005b066500b1e8f467071,3cf2fbdc84deff5c5921e29c63678c8b,delivered,2018-06-01 15:23:17,2018-06-02 11:11:10,2018-06-04 15:04:00,2018-06-08 20:02:55,2018-07-16,499.99,18.38,1,1,518.37,10,1,5.0,1.0,b6c54869679ca8297369269d3d85392d,4534,sao paulo,SP,7.1941898148148145,44.358831018518515,0,518.37
c17d8e9298a127be6a6c0fe4b693275c,b089b3bbec07357f04693426004319cc,delivered,2018-06-01 15:28:28,2018-06-01 15:35:26,2018-06-05 13:30:00,2018-06-14 18:18:24,2018-06-28,72.09,9.44,1,1,81.53,8,1,5.0,1.0,c6a6215b98eca2c8a4d713555ee95c97,26011,nova iguacu,RJ,13.11800925925926,26.355231481481482,0,81.53
d4ab8a264235be36f72a07621046d082,7a5846ef7b6f7d58630bb4b0aafe2858,delivered,2018-06-01 15:34:15,2018-06-01 15:52:33,2018-06-05 05:40:00,2018-06-12 16:32:33,2018-07-12,195.9,19.25,1,1,215.15,5,1,4.0,1.0,ee23e2b6350cac2c40e521f2253706b7,28770,santa maria madalena,RJ,11.040486111111111,40.351215277777776,0,215.15
596b168ac4fd56e69b35087afaa8ae59,926cdee969671f2f6453b01ad04c5067,delivered,2018-06-01 15:51:55,2018-06-01 16:11:43,2018-06-04 14:14:00,2018-06-12 21:04:27,2018-07-05,14.6,15.23,1,1,31.21,3,1,5.0,1.0,5f683589d7f0e184ca9ccb8c2e8bb392,29115,vila velha,ES,11.217037037037038,33.33894675925926,0,29.83
9000ac1824b0d81895e185e41fab65d2,eaef21c024d74335f9cce35c9d96958d,delivered,2018-06-01 15:52:45,2018-06-01 16:11:41,2018-06-05 07:52:00,2018-06-20 11:48:44,2018-07-05,139.9,18.86,1,1,158.76,5,1,5.0,1.0,fd409070d1019427111aec50b929fb0b,11060,santos,SP,18.830543981481483,33.338368055555556,0,158.76
bb31bb913d812a8bd72342f8aad3fec3,9f0867a938d2e4e4dfbbdc60d402f20d,delivered,2018-06-01 15:54:46,2018-06-01 16:11:42,2018-06-05 12:28:00,2018-06-09 01:08:18,2018-07-04,153.0,15.16,1,1,168.16,3,1,5.0,1.0,8a45f5150ad5121645b980ca090dbf82,13806,mogi mirim,SP,7.384398148148148,32.33696759259259,0,168.16
72d44473e1527dda73c900bbc004f294,b35ac25f1b652e254aa7962e33aa1d16,delivered,2018-06-01 15:59:34,2018-06-01 16:15:17,2018-06-04 14:56:00,2018-06-05 20:32:08,2018-06-26,189.0,10.24,1,1,199.24,1,1,5.0,1.0,961120ee69f4c4116eee26cd8e479dcd,6543,santana de parnaiba,SP,4.189282407407408,24.33363425925926,0,199.24
6ab1a03139897853bd6802b6979e589c,ca2dad698b245b063e77594a2519e31f,delivered,2018-06-01 16:10:35,2018-06-01 16:32:53,2018-06-04 06:48:00,2018-06-19 18:58:25,2018-07-12,59.9,23.0,1,1,82.9,2,1,4.0,1.0,4f531042ef72234a4d24e5ea091d5e03,74635,goiania,GO,18.116550925925925,40.3259837962963,0,82.9
7a55d04b91c3854b9cb2444fccc8dcdf,2e3b075b8bee34a7ac439e96b9201c3f,delivered,2018-06-01 16:15:30,2018-06-01 16:33:08,2018-06-04 13:34:00,2018-06-11 17:58:49,2018-06-26,28.9,9.44,1,1,38.34,1,1,4.0,1.0,a4030b5e97ffc14114e66d82df860f6f,4431,sao paulo,SP,10.071747685185185,24.322569444444444,0,38.339999999999996
16e51875d15c3c8ae1f48c03b5db49d6,c19943d189d09c0daf5a6d31011d63c5,delivered,2018-06-01 16:19:27,2018-06-01 16:33:15,2018-06-04 11:39:00,2018-06-06 23:48:33,2018-06-26,14.9,7.39,1,1,22.29,2,1,5.0,1.0,04dfe67137b9c22b4344433ad41a0dd5,4166,sao paulo,SP,5.311875,24.319826388888888,0,22.29
05bdb94211a1ae1e3734545262f50da3,8569e9f2797775eb7a3c4263e868ddad,delivered,2018-06-01 16:22:44,2018-06-01 16:35:19,2018-06-04 13:54:00,2018-06-05 18:32:46,2018-06-26,95.0,7.53,1,1,102.53,2,1,3.0,1.0,f4d632afad2a733913d5d41b16620db5,13212,jundiai,SP,4.090300925925926,24.317546296296296,0,102.53
d4b074982e39f354c254a6b1b4ffaf55,38c065dd14cbafda79cfd115e4170b05,delivered,2018-06-01 16:28:36,2018-06-02 09:35:19,2018-06-04 10:47:00,2018-06-08 19:06:55,2018-07-12,105.0,23.27,1,1,128.26999999999998,1,2,5.0,1.0,fe32b263712f983b0e1604d04b9960a5,90010,porto alegre,RS,7.10994212962963,40.313472222222224,0,128.27
6b649733dfd9b29ce2f231221a4eaa51,bbc66d515cabeaffde25d164a195b5e2,delivered,2018-06-01 16:33:11,2018-06-01 17:53:26,2018-06-04 14:57:00,2018-06-11 15:48:27,2018-07-13,35.98,26.94,2,1,62.92,1,1,4.0,1.0,7ad16b6013c2309df0e4ce59f84ef6a6,3264,sao paulo,SP,9.968935185185185,41.31028935185185,0,62.92
66ea949bccf5b81da9cf52b48be222ce,14640d8ed2e2913c23c7fe7b959c505d,delivered,2018-06-01 16:35:17,2018-06-05 04:31:01,2018-06-06 12:42:00,2018-06-12 22:25:52,2018-07-23,298.0,65.24,1,1,363.24,1,1,5.0,1.0,20300ba8d86edaf946ccd18676a07819,39270,pirapora,MG,11.243460648148147,51.30883101851852,0,363.24
328992b5e36f5977542f8aa16b0ed161,40d7aa838f40cb4af3266f21abd232b0,delivered,2018-06-01 16:39:49,2018-06-01 16:51:20,2018-06-06 13:21:00,2018-06-14 16:38:25,2018-07-16,19.9,37.04,1,1,56.94,2,1,4.0,1.0,890dde15f8e7f3d289a24ce834659c7d,55120,riacho das almas,PE,12.999027777777778,44.30568287037037,0,56.94
74a9eccbfd3a3b0754469cd587ee4920,c31fb63e9a0d4f50bced79f442f204e2,delivered,2018-06-01 16:43:48,2018-06-01 16:55:21,2018-06-04 12:53:00,2018-06-05 17:26:47,2018-06-26,159.0,7.98,1,1,166.98,5,1,4.0,1.0,4a1c2fd9f076942cb348b81e6841d3d0,8295,sao paulo,SP,4.029849537037037,24.30291666666667,0,166.98
f257772187b4e1bcb05ef74b3420ebfe,431c7b4412d3a64acfb653fb8259a50b,delivered,2018-06-01 16:43:59,2018-06-01 16:55:42,2018-06-04 12:18:00,2018-06-07 18:33:28,2018-07-23,34.99,15.23,1,1,50.22,3,1,4.0,1.0,7d2e6667d164305adb9828f400952434,22750,rio de janeiro,RJ,6.0760300925925925,51.30278935185185,0,50.22
c478aa87a01bd4882dec6d81fda7897e,b598067288f42e1d97eeea14bd3cd988,delivered,2018-06-01 16:44:06,2018-06-01 17:13:12,2018-06-04 10:55:00,2018-06-15 18:15:50,2018-07-12,450.0,36.69,1,1,486.69,1,1,5.0,1.0,568273c407095bc5edd5595b0c6cb799,89806,chapeco,SC,14.063703703703704,40.302708333333335,0,486.69
351d5d1e18d0b2bc2024ff1655911dd1,78b9600a08c5e140638ea940dc41cf84,delivered,2018-06-01 16:49:17,2018-06-02 03:31:41,2018-06-04 09:12:00,2018-06-15 16:56:48,2018-07-12,49.0,22.85,1,1,71.85,1,1,4.0,1.0,901769b1d83c3172e6f1c4bfd8ca695c,49030,aracaju,SE,14.005219907407408,40.299108796296295,0,71.85
f8571f355da1f3a55b8e264558e8e1f9,092c59785bad44d0412797caf8867e5c,delivered,2018-06-01 16:50:43,2018-06-01 17:13:27,2018-06-07 13:50:00,2018-06-19 18:24:49,2018-07-13,666.0,82.89,3,1,748.89,10,1,5.0,1.0,5c4f76d4e8b8ca0dc5119acbf1052223,11070,santos,SP,18.065347222222222,41.298113425925926,0,748.89
b4c4d00d5455e74ead9715bc1f9e8774,68cb7fbc85416655ad0499fcc7fdb9f7,delivered,2018-06-01 16:51:01,2018-06-02 03:31:50,2018-06-04 14:36:00,2018-06-06 18:31:58,2018-06-26,24.99,7.39,1,1,32.38,1,1,5.0,1.0,18f606b7f084a2dc9cc7578b1c1a0d25,5422,sao paulo,SP,5.070104166666667,24.297905092592593,0,32.379999999999995
d7d414c8d4fa226d73dfedec8607deda,9fd5bd7fc08517053f9dac230a7ed8e3,delivered,2018-06-01 17:02:30,2018-06-01 17:15:28,2018-06-05 15:17:00,2018-06-11 13:41:01,2018-07-04,37.0,12.79,1,1,49.79,1,1,5.0,1.0,ca50114b5c62d7b1c5c8eb202f1e4ac5,1313,sao paulo,SP,9.86008101851852,32.28993055555556,0,49.79
4b09eff002dc4f137082d6391f5fefda,125d13d4fc24624c5dc40b67c1dbaec5,delivered,2018-06-01 17:03:27,2018-06-01 17:15:15,2018-06-18 13:32:00,2018-06-26 17:46:32,2018-07-19,100.0,38.75,1,1,138.75,3,1,5.0,1.0,abeb924c04d1ecc307807424e023f111,55250,sanharo,PE,25.029918981481483,47.28927083333333,0,138.75
6a6d3cd77ef3a533edef69dccf6c0de3,903544156dc24c5aa969e4896aaef5b8,delivered,2018-06-01 17:09:33,2018-06-01 17:31:27,2018-06-18 13:03:00,2018-06-19 17:52:22,2018-07-11,539.97,70.71000000000001,3,1,610.68,10,1,1.0,1.0,1a21e0712b4e6c6b4a4832493b544a4b,4044,sao paulo,SP,18.029733796296295,39.28503472222222,0,610.6800000000001
272f05cc2ddc6f0c478473d06a4fac76,c8ef9497a6dce53f2e29955fe06f9ac6,delivered,2018-06-01 17:13:00,2018-06-01 17:31:28,2018-06-13 15:19:00,2018-06-21 21:22:46,2018-07-03,39.8,26.43,1,1,66.23,1,1,4.0,1.0,5c9dbae62c96d765d629b39b27a34afc,71680,brasilia,DF,20.173449074074075,31.28263888888889,0,66.22999999999999
8c824eef423592fdf34bcbac8f30a93a,c5508016590fdac232d591ab67744a1e,delivered,2018-06-01 17:16:28,2018-06-01 17:31:25,2018-06-04 14:11:00,2018-06-05 22:04:41,2018-07-04,49.0,50.21,1,1,99.21,8,1,3.0,1.0,ba226bc611c37ce0301d79ec0ebc99e1,4602,sao paulo,SP,4.200150462962963,32.28023148148148,0,99.21000000000001
45287af4d4d9504d6569383cbf95c764,b662ef3d673205d965e8c72e78932de3,delivered,2018-06-01 17:29:19,2018-06-02 17:31:37,2018-06-06 12:17:00,2018-06-14 20:32:52,2018-07-11,15.9,18.23,1,1,34.13,3,1,4.0,1.0,c3aa79a6d02e6cca0b56efd30bc10002,71010,brasilia,DF,13.127465277777778,39.27130787037037,0,34.13
ebea454f1c906682ce99e01f407a77b4,8dbe09013a08fbc2ae19dea00cd7d183,delivered,2018-06-01 17:31:17,2018-06-01 17:53:16,2018-06-04 13:17:00,2018-06-20 15:27:36,2018-07-16,55.0,19.36,1,1,74.36,1,1,4.0,1.0,bdf6eb7bb0e2f644a21364df4b11c4a3,73040,brasilia,DF,18.914108796296297,44.26994212962963,0,74.36
af7c926b8eced0da2df66d8ec2af192a,571e6ae70dea22c3da40e21760d07c61,delivered,2018-06-01 17:41:09,2018-06-01 17:55:11,2018-06-04 11:12:00,2018-06-12 19:58:32,2018-07-11,59.99,15.3,1,1,75.29,1,1,5.0,1.0,c8739439502c8d2219ee81f198ad5a1d,74180,goiania,GO,11.095405092592593,39.26309027777778,0,75.29
9486c11941b06fdf44a70c74c0d03ed3,6572a6aa6fe3f3f54977bbfac36d64a5,delivered,2018-06-01 17:41:18,2018-06-01 17:55:19,2018-06-04 13:16:00,2018-06-11 15:56:55,2018-07-18,39.5,18.23,1,1,57.73,1,1,3.0,1.0,00256bf7b05c08f6a5849df3d0a64f1f,4503,sao paulo,SP,9.927511574074074,46.26298611111111,0,57.730000000000004
6ded814a50d02c15369b8b7fdff6a3e5,96c221428626e9522b8df0d8af8c9b57,delivered,2018-06-01 17:51:35,2018-06-01 18:11:15,2018-06-04 10:24:00,2018-07-04 21:08:42,2018-07-19,74.0,52.65,1,1,126.65,4,1,5.0,1.0,e8987de03af9262e38106a0e866943be,57955,maragogi,AL,33.136886574074076,47.25584490740741,0,126.65
9371281837c6362f41236d947e32710d,e8cf372c9434cdafa7390cf016302d74,delivered,2018-06-01 17:51:43,2018-06-01 18:11:14,2018-06-15 15:42:00,2018-06-20 14:18:54,2018-07-04,720.22,18.4,1,1,738.62,3,1,5.0,1.0,b8072b42fb921e62f3f9a791db68b2ba,17016,bauru,SP,18.852210648148148,32.25575231481481,0,738.62
5890a9968745a4abfa3f8b06cc29803d,de891ed7723353b59b3b60b8090ac8b1,delivered,2018-06-01 17:57:02,2018-06-01 18:11:24,2018-06-05 11:22:00,2018-06-08 21:57:20,2018-07-05,119.9,19.81,1,1,139.71,3,1,5.0,1.0,27a0a70617c1e54b371220bc9926f54e,5630,sao paulo,SP,7.166875,33.25206018518519,0,139.71
3bd820484fb08cbd09f9d3f378fae1a4,6260e99309fefdfaef12d0ef8fe82e77,delivered,2018-06-01 18:20:55,2018-06-01 18:33:36,2018-06-04 14:55:00,2018-08-10 17:52:42,2018-07-17,790.0,80.11,1,1,870.11,10,1,1.0,1.0,1f4579881fb0fb755d56d2f832d64aa4,48602,paulo afonso,BA,69.98040509259259,45.235474537037035,1,870.11
f6159576a3c6447b217c3b0397b97e06,a1327b6cd120f01ea65a7418197d47db,delivered,2018-06-01 18:21:28,2018-06-01 18:35:21,2018-06-04 13:01:00,2018-06-07 15:27:47,2018-06-26,89.99,11.25,1,1,101.24,2,1,5.0,1.0,6077db684bfa5fae744d9a732bce623e,4475,sao paulo,SP,5.879386574074074,24.235092592592594,0,101.24
820f4524bac68867cfa6f10ccff3c452,a2b4e1b8a7a47286cd4087fc90dea94d,delivered,2018-06-01 18:27:25,2018-06-02 18:29:54,2018-06-04 09:11:00,2018-06-12 22:21:40,2018-07-05,78.0,15.43,1,1,93.43,3,1,1.0,1.0,dd2f5ceb2233531ca49008b02b1ff13e,72420,brasilia,DF,11.162673611111112,33.23096064814815,0,93.43
fdc88692da135d28b85f197ab75a1a53,fa5b2ac95603afa5cb70babb2747b6dc,delivered,2018-06-01 18:33:23,2018-06-01 19:51:37,2018-06-04 12:31:00,2018-06-15 16:22:01,2018-07-17,29.99,18.23,1,1,48.22,1,1,5.0,1.0,3e9c44aa5e26adc7556d91e58c44b31b,97050,santa maria,RS,13.908773148148148,45.22681712962963,0,48.22
7bfe0fc4355e0e894ad862a798e5e186,415058f56060d61d50185cccbf45bc4a,delivered,2018-06-01 18:37:04,2018-06-05 04:52:00,2018-06-06 11:48:00,2018-06-14 19:44:41,2018-07-17,25.0,18.23,1,1,43.23,1,1,5.0,1.0,71d6f1ff86a83b8a310ec018e147c1fd,95070,caxias do sul,RS,13.046956018518518,45.224259259259256,0,43.230000000000004
d5bd25a973bf9ea4a5fb210e058ede88,7783f4e9ee759a514cf6cb3c1a069dde,delivered,2018-06-01 18:39:25,2018-06-05 04:52:00,2018-06-05 15:03:00,2018-06-11 17:24:45,2018-07-11,86.99,13.97,1,1,100.96,1,1,4.0,1.0,b96a9b64589ccff3640dbb9587bfe0a6,37550,pouso alegre,MG,9.948148148148148,39.222627314814815,0,100.96
89ee90f89627e3f3d3fa700921a80197,c05cc5e49aaa8b52db646846fcbe6f99,delivered,2018-06-01 18:55:34,2018-06-01 19:12:59,2018-06-06 12:43:00,2018-06-18 15:42:00,2018-07-17,99.99,20.75,1,1,120.74,1,1,5.0,1.0,9c6ca46445d3adc4370d61d8c11dc432,52071,recife,PE,16.865578703703704,45.211412037037036,0,120.74
5a2346612cba6473e86fcab758bc0964,6ade91e1b82b82f743dc593773f5a329,delivered,2018-06-01 18:57:20,2018-06-02 18:51:30,2018-06-05 07:42:00,2018-06-16 00:52:42,2018-07-23,399.0,36.65,1,1,435.65,10,1,1.0,1.0,db944ef823fdb472762dd0a3155bf778,22775,rio de janeiro,RJ,14.246782407407407,51.21018518518518,0,435.65
139f1705692cf6f0ea124350e5ac47de,d482c96cc23e02b643f79768912442c2,delivered,2018-06-01 18:57:37,2018-06-01 19:12:59,2018-06-04 13:43:00,2018-06-05 17:55:02,2018-06-26,48.0,8.88,1,1,56.88,1,1,5.0,1.0,8ceb794ddc239eded512a791fc6a1fb9,13600,araras,SP,3.956539351851852,24.209988425925925,0,56.88
ccc8c385093e913c7bab11ff2a5d6cb3,0ca483f116807018eaa073ff9ad84246,delivered,2018-06-01 18:58:43,2018-06-01 19:12:59,2018-06-04 15:27:00,2018-06-11 20:26:20,2018-07-17,209.9,97.28,1,1,307.18,4,1,3.0,1.0,fd3c867c2bcd048675609cf2b0f1aedb,15054,sao jose do rio preto,SP,10.060844907407407,45.20922453703704,0,307.18
ea7bc44cb5c025230582d186e6366125,e1e9c6c6d5367dc3df911247300e644f,delivered,2018-06-01 18:59:06,2018-06-05 04:31:14,2018-06-05 12:25:00,2018-06-14 03:12:02,2018-07-04,229.0,14.04,1,1,243.04,1,1,5.0,1.0,5ee31ac4804c7861ecd727f7514520fc,9330,maua,SP,12.342314814814815,32.208958333333335,0,243.04
912343626f370ead5ef2e85a9d757e22,f7622098214b4634b7fe7eee269b5426,delivered,2018-06-01 19:08:41,2018-06-01 19:31:26,2018-06-04 11:38:00,2018-06-15 00:05:57,2018-07-19,2919.3999999999996,323.44,6,1,3242.84,10,1,3.0,1.0,adfa1cab2b2c8706db21bb13c0a1beb1,78360,campo novo do parecis,MT,13.206435185185185,47.20230324074074,0,3242.8399999999997
eb0055f08e77f2000bff9a54e9d1b6fe,6a53e48626a46a4e383aa94f7587a597,delivered,2018-06-01 19:09:06,2018-06-01 19:31:25,2018-06-07 13:50:00,2018-06-08 16:35:48,2018-06-26,81.0,33.45,3,1,114.45,3,1,4.0,1.0,61ac7e9c4e03f8bfcc5ce5cd7c0fd2ce,12950,atibaia,SP,6.893541666666667,24.20201388888889,0,114.45
375c5afd2ca7bebe7227faae4dd01aa9,a217741046240aa9256eff40536e90e6,delivered,2018-06-01 19:09:52,2018-06-01 19:31:27,2018-06-04 14:10:00,2018-06-05 19:56:26,2018-07-17,41.8,15.1,2,1,56.9,2,1,5.0,1.0,69e048090a53284eec4c0b4cb264b145,22460,rio de janeiro,RJ,4.032337962962963,45.20148148148148,0,56.9
9b332bc19bbe82226b87fb330786ac04,5bfb474e36c30edca9b87dc8d64ede13,delivered,2018-06-01 19:16:12,2018-06-04 09:30:14,2018-06-06 13:57:00,2018-06-19 20:19:43,2018-07-18,119.99,55.1,1,1,175.09,6,1,5.0,1.0,c608a2145b2ab11878e923fc84f29d21,62280,santa quiteria,CE,18.044108796296296,46.19708333333333,0,175.09
e6e4672e14ca0ff3cbdf2e23e1d6cc30,e4c41bebed7244008560be0c59fbe6ff,delivered,2018-06-01 19:28:15,2018-06-05 04:12:41,2018-06-05 12:44:00,2018-06-13 14:16:54,2018-07-11,110.0,15.65,1,1,125.65,1,1,5.0,1.0,61b35abbd7346766f191cfbadd401424,29200,guarapari,ES,11.783784722222222,39.188715277777774,0,125.65
289745e1222668d6792ce3ccbb27356f,1a5f1ecec258984cc83d3dde079bfffc,delivered,2018-06-01 19:38:14,2018-06-01 19:51:51,2018-06-02 08:45:00,2018-06-05 14:05:54,2018-07-05,699.99,19.75,1,1,719.74,1,1,4.0,1.0,39d9d84ec70ae8203797be420f4d9427,38702,patos de minas,MG,3.769212962962963,33.181782407407404,0,719.74
99482042fe756df3f9ce2adbde9b7c7e,25ee6ccd02d90e8e99185252f34ffb2c,delivered,2018-06-01 19:40:08,2018-06-02 03:31:31,2018-06-04 15:02:00,2018-06-11 23:29:52,2018-07-16,19.9,15.23,1,1,35.13,1,1,5.0,1.0,3cdc100dd27da08017cdf012da00d162,6268,osasco,SP,10.159537037037037,44.18046296296296,0,35.129999999999995
cf747734b50691a179b579b11690910f,1d7155ac87fdd56fd53e56c89ae371c0,delivered,2018-06-01 19:44:29,2018-06-02 19:50:26,2018-06-06 06:08:00,2018-06-08 14:23:46,2018-06-28,110.32,7.64,1,1,117.96,2,1,5.0,1.0,85205472cf78ef6ee170f19a5a08fee2,7241,guarulhos,SP,6.7772800925925925,26.17744212962963,0,117.96
ea639b1119b066a5966041d2367ce1e7,2a8e6bb4efdcf4ac252e81658f1eb003,delivered,2018-06-01 19:45:08,2018-06-01 20:11:23,2018-06-04 14:21:00,2018-07-16 23:48:41,2018-07-13,64.8,27.18,1,1,91.98,1,1,4.0,1.0,e5f507134c173e28abe7cb4b71c7c5f8,40393,salvador,BA,45.169131944444445,41.17699074074074,1,91.97999999999999
530cafa371466af70192849099f48cd5,f19cfbd63ec9e260c89eaa4c2f732165,delivered,2018-06-01 19:50:29,2018-06-05 04:31:04,2018-06-07 09:07:00,2018-06-08 14:02:30,2018-06-26,189.9,12.66,1,1,202.56,1,1,5.0,1.0,5d8cc6cb2ca52a05e8130e69edc35e71,13104,campinas,SP,6.758344907407407,24.173275462962962,0,202.56
08d862895d238cb8405dffe9b981df25,83e1602374f1c008027bbf8828fc785b,delivered,2018-06-01 19:57:06,2018-06-01 20:11:26,2018-06-05 14:15:00,2018-06-14 19:38:41,2018-07-05,105.0,23.31,1,1,128.31,3,1,5.0,1.0,7f77e7790a5b56e40a0ba156506a517c,27264,volta redonda,RJ,12.987210648148148,33.168680555555554,0,128.31
8ebae0e9b855b154798e1896f282ff41,f4423bcba715c4b8bc0a07c0bff7977e,delivered,2018-06-01 20:03:50,2018-06-01 20:15:23,2018-06-05 14:20:00,2018-06-08 19:08:38,2018-07-12,79.0,17.46,1,1,96.46,1,1,5.0,1.0,0225a15f6d472b6aff9f2ea45e9a563f,5365,sao paulo,SP,6.961666666666667,40.16400462962963,0,96.46000000000001
fbae1b9dac9991f79b54655e26cbe64e,13e1bfd20542fb44fba2f5c239eb02b3,delivered,2018-06-01 20:30:35,2018-06-01 20:51:12,2018-06-04 14:19:00,2018-06-15 22:05:10,2018-07-23,839.99,23.76,1,1,863.75,8,1,5.0,1.0,e2e0e8c708af27b692d419af3bb3daa7,97542,alegrete,RS,14.06568287037037,51.14542824074074,0,863.75
b36821b178b0c8f04ae7efea66fe11aa,4e9197af241b5714a60a998bde13aecd,delivered,2018-06-01 20:54:32,2018-06-01 21:11:29,2018-06-05 10:53:00,2018-06-06 14:37:28,2018-06-26,39.99,8.29,1,1,48.28,1,1,1.0,1.0,1f002646e8e36047b4be779104d4c1cf,5302,sao paulo,SP,4.738148148148148,24.128796296296297,0,48.28
c16e485cad605e6180b08e988e5b5bbb,017dd3798ef0f401392abdbc129d78a0,delivered,2018-06-01 20:57:27,2018-06-01 21:11:29,2018-06-04 13:54:00,2018-06-07 01:34:34,2018-06-26,78.0,7.41,1,1,85.41,3,1,2.0,1.0,cfd8e25e492965efb735946dba2f2daf,4844,sao paulo,SP,5.1924421296296295,24.12677083333333,0,85.41
b0fd0236ce757738793836930b830f1e,9b04a56f34a9db495868ffb6033fe2f5,delivered,2018-06-01 20:58:03,2018-06-01 21:11:32,2018-06-06 06:08:00,2018-06-07 23:14:33,2018-06-28,95.0,7.85,1,1,102.85,4,1,5.0,1.0,3a05a8f6acc2a6eaa785b4a6511caa90,18048,sorocaba,SP,6.094791666666667,26.126354166666665,0,102.85
378ebcb514854217da7df194297faaab,3562fd1efbda162d4b0f2269ca2561cc,delivered,2018-06-01 21:06:41,2018-06-05 04:31:00,2018-06-05 08:54:00,2018-06-13 18:41:43,2018-07-12,129.0,18.78,1,1,147.78,1,1,5.0,1.0,bdcd9527af18d080cff76388972840cd,14860,barrinha,SP,11.899328703703704,40.120358796296294,0,147.78
71dfbb4951cc7c22499333fc4068a2d8,d8c2e63fa92dc1a800509bd565f3e79f,delivered,2018-06-01 21:19:07,2018-06-01 21:30:53,2018-06-05 10:34:00,2018-06-06 23:38:23,2018-06-26,149.9,12.14,1,1,162.04,10,1,4.0,1.0,e8ba909c5a0fe048236b5b8268a476b4,3648,sao paulo,SP,5.096712962962963,24.111724537037038,0,162.04000000000002
8361deaa04792e29663dbeace2dad89d,27c83dec91d18902c419a034bbeec47b,delivered,2018-06-01 21:21:10,2018-06-02 09:51:35,2018-06-05 13:19:00,2018-06-13 12:28:20,2018-07-25,180.0,16.14,1,1,196.14,1,1,1.0,1.0,cb3795ed4f0461c70f8b6eca66c25d0b,21831,rio de janeiro,RJ,11.629976851851852,53.11030092592593,0,196.14
86e15c44520932e049ca96660a60b776,13c2dbc76e00f0ef236e19d51354e90a,delivered,2018-06-01 21:24:10,2018-06-01 21:35:12,2018-06-04 15:30:00,2018-06-20 23:34:43,2018-07-27,55.0,18.27,1,1,73.27000000000001,1,2,5.0,1.0,927f5d7e01917bb3b8aeb3260ca42663,23595,rio de janeiro,RJ,19.090659722222224,55.108217592592595,0,73.27
2e0f7705cce568d0fe13d933d7165c79,c410a7c853f6e6e45099def1d61a4644,delivered,2018-06-01 21:35:14,2018-06-05 04:35:21,2018-06-08 14:23:00,2018-06-19 21:52:22,2018-07-27,101.75,23.29,1,1,125.04,1,1,3.0,1.0,724a46e7b135cba191d01c7701b20dd3,20541,rio de janeiro,RJ,18.01189814814815,55.10053240740741,0,125.03999999999999
3ec53ff8dd23b7e8a90cfb4082cf3f85,00620f738107803e6c0f6818a7a3b7e3,delivered,2018-06-01 21:36:14,2018-06-02 21:35:09,2018-07-04 06:38:00,2018-07-09 18:28:49,2018-07-25,124.9,16.84,1,1,141.74,3,1,1.0,1.0,d40aaaf342e2e82da754042ef4f0dcca,31130,belo horizonte,MG,37.869849537037034,53.099837962962965,0,141.74
7a7ca02c6fd9b1c25e9452a6f56c018a,8d35d30d13d298189f5800e7be43739d,delivered,2018-06-01 21:39:31,2018-06-01 21:51:45,2018-06-04 14:06:00,2018-06-28 15:48:51,2018-07-17,84.99,22.3,1,1,107.29,1,1,5.0,1.0,2b84aa7dd6e854a4bc775fbc095504ee,45816,arraial d'ajuda,BA,26.756481481481483,45.09755787037037,0,107.28999999999999
43bf8ef114cb9b805735d15447abbc94,dc83ffd29dd6cea0fa7b7cca9eeede05,delivered,2018-06-01 21:48:43,2018-06-01 22:11:02,2018-06-11 13:49:00,2018-06-14 21:21:40,2018-07-20,217.0,20.58,1,1,237.58,8,1,4.0,1.0,b03aa163081830aaa95d121e90ec2e3d,30330,belo horizonte,MG,12.981215277777778,48.09116898148148,0,237.57999999999998
e9e6694329a69927508c82d943013cb5,0415764d7efe50fff280fafa9777b327,delivered,2018-06-01 21:54:55,2018-06-01 22:10:56,2018-06-04 13:53:00,2018-06-14 02:56:48,2018-07-13,125.0,37.56,1,1,162.56,3,1,4.0,1.0,bd86b1862fe796149a4d2af57bd85451,48668,barra do tarrachil,BA,12.209641203703704,41.08686342592593,0,162.56
7b0fcd13508eefd79ce1d4710d9f18ea,7318f3f3c128dba4acd2259973734d57,delivered,2018-06-01 21:56:28,2018-06-01 22:10:59,2018-06-19 14:10:00,2018-06-25 11:32:34,2018-08-06,250.0,87.42,1,1,337.42,6,1,3.0,1.0,bd3540e8089ca7a44583e0e4c166ea69,21341,rio de janeiro,RJ,23.566736111111112,65.08578703703704,0,337.42
c1499ec470fbfa0a44ba5d94f3a16ab2,fed211da19560ffd876f33622522fe93,delivered,2018-06-01 21:59:58,2018-06-01 22:15:14,2018-06-04 13:17:00,2018-06-14 16:36:33,2018-07-19,79.9,19.53,1,1,99.43,1,1,5.0,1.0,cb36d0f12c99d07935b706269045f613,96200,rio grande,RS,12.775405092592592,47.08335648148148,0,99.43
17716d2598d1d7f7ed16fa9f05ab2f61,adab95e6495905a75cb6945011a6417f,delivered,2018-06-01 22:05:28,2018-06-02 19:50:27,2018-06-04 13:44:00,2018-06-18 15:23:01,2018-07-13,24.99,22.06,1,1,47.05,4,1,5.0,1.0,86402f64755f8805a2ba95b2b2a29471,45027,vitoria da conquista,BA,16.72052083333333,41.079537037037035,0,47.05
4cd2c24a3aa066b7a4123005a00cb9ef,984053678c911516cd2eef9c66632357,delivered,2018-06-01 22:21:36,2018-06-01 22:51:29,2018-06-05 12:11:00,2018-06-13 16:41:20,2018-07-17,305.22,173.47,2,2,478.69,6,1,3.0,1.0,4ea472e8a806da1db6126a573e4b08d2,38800,sao gotardo,MG,11.763703703703703,45.068333333333335,0,478.69000000000005
c0e02613bf15378f18d3498361a76c9d,c2f181778a12039532d79460d4ba59e2,delivered,2018-06-01 22:22:52,2018-06-05 04:51:55,2018-06-06 15:47:00,2018-06-22 18:31:59,2018-07-26,555.0,30.95,1,1,585.95,1,1,4.0,1.0,3679353f5259c7a09ca6247f55cb4f7e,76806,porto velho,RO,20.83966435185185,54.067453703703706,0,585.95
64041309de8b56af89aa23c98870eb93,1fca8845165230ef8a52bc9908932971,delivered,2018-06-01 22:24:11,2018-06-01 22:51:24,2018-06-04 13:33:00,2018-06-12 20:03:55,2018-07-20,29.98,37.04,1,1,67.02,1,1,3.0,1.0,c7ca5af6899e20e3fb3d7c49bd9a4ceb,55535,joaquim nabuco,PE,10.902592592592592,48.06653935185185,0,67.02
57785d086897beeadb05f3f58eb95250,53b414e1e7efcd10fc5c751a816d5a43,delivered,2018-06-01 22:26:33,2018-06-01 22:51:22,2018-06-05 14:20:00,2018-06-08 19:44:37,2018-07-04,109.0,18.84,1,1,127.84,6,1,5.0,1.0,086bc04deade6572d25b87f7a4c82c5c,12061,taubate,SP,6.887546296296296,32.06489583333333,0,127.84
197c1d7e2df41beeb978ee6859d6dacc,600a6b104ec3030369aeee14fb0a5917,delivered,2018-06-01 22:27:46,2018-06-01 22:51:20,2018-06-05 14:15:00,2018-06-07 17:59:28,2018-07-23,150.0,33.31,1,1,183.31,3,1,5.0,1.0,95e9b9ea0d1b5a6761718600a5b2723b,20520,rio de janeiro,RJ,5.813680555555556,51.064050925925926,0,183.31
11164af6ef812e688fc012214add9b33,32c69104d98a01809880ea33b518c808,delivered,2018-06-01 22:30:54,2018-06-01 22:51:20,2018-06-05 15:23:00,2018-06-11 16:48:50,2018-06-26,199.97,33.83,1,1,233.8,3,1,5.0,1.0,115b53c10391bfee8353d0d52b97c4c4,90690,porto alegre,RS,9.762453703703704,24.061875,0,233.8
7a9d100d2a88bd95c3f8acd4af29d3e8,6f203f614778c173ade2490e6684c399,delivered,2018-06-01 22:35:25,2018-06-01 22:51:28,2018-06-02 08:45:00,2018-06-07 21:33:59,2018-07-05,24.9,13.47,1,1,38.37,1,1,4.0,1.0,7e64f6ec6e52ccf5e45509b9949e0a28,35170,coronel fabriciano,MG,5.957337962962963,33.058738425925924,0,38.37
805eeb3298b184f196431dd54519edf4,916e8f4ac4615c215a6ab0423014e242,delivered,2018-06-01 22:38:26,2018-06-05 04:12:48,2018-06-05 14:06:00,2018-06-13 19:34:37,2018-07-04,49.9,14.44,1,1,64.34,1,1,3.0,1.0,0bd8a65222c471ae70ee84c84517233b,2984,sao paulo,SP,11.872349537037037,32.05664351851852,0,64.34
f5bb23a6bf7d9bd0d8b8d4575dd82b58,148563b1c48bb1f2aa137060c86afb7f,delivered,2018-06-01 22:38:57,2018-06-01 22:51:32,2018-06-05 07:02:00,2018-06-08 13:18:58,2018-06-26,55.0,8.88,1,1,63.88,6,1,2.0,1.0,0c36894e9ca2d9547bba676fdc0ecde0,12312,jacarei,SP,6.611122685185185,24.056284722222223,0,63.88
a33539f882610ee1dc18289cc3087217,d8ad8f5acc7a63ee1e692f441defc86f,delivered,2018-06-01 22:41:07,2018-06-01 22:55:11,2018-06-05 12:41:00,2018-06-15 13:24:57,2018-07-12,15.9,17.06,1,1,32.96,3,1,4.0,1.0,45c673c267463c1c2e17e47febfea1c3,40713,salvador,BA,13.613773148148148,40.054780092592594,0,32.96
56ba89857b4e6eb192108f310a81163b,4e69a1799278deb1af1d206568b92f76,delivered,2018-06-01 22:49:13,2018-06-01 23:11:50,2018-06-15 11:17:00,2018-06-27 12:46:32,2018-07-19,139.99,57.24,1,1,197.23,13,1,5.0,1.0,7599dea7f7520c8c37351721ad6870de,84600,uniao da vitoria,PR,25.581469907407406,47.04915509259259,0,197.23000000000002
28e3d439853e5fc8fefaa840d6f32cba,0ef45835a657c44b852360596e689cba,delivered,2018-06-01 23:00:45,2018-06-01 23:15:13,2018-06-04 12:08:00,2018-06-11 22:27:30,2018-07-04,34.0,15.23,1,1,49.23,1,1,5.0,1.0,95b9f68bd6f363a5d9a22971b9b623cd,30160,belo horizonte,MG,9.976909722222222,32.04114583333333,0,49.230000000000004
ae2d40bcce219afed2410275946c8eb3,59e890e32525bad97fccd7c24130134d,delivered,2018-06-01 23:08:25,2018-06-01 23:31:11,2018-06-08 11:41:00,2018-06-12 20:28:26,2018-06-26,289.9,10.38,1,1,300.28,6,1,2.0,1.0,d7b7d65fd99abddb122942599841315e,9570,sao caetano do sul,SP,10.888900462962964,24.03582175925926,0,300.28
c57d8a1fea15380a18f9f81e1096ac9b,2ef4b4c4630ad3c0f379af495307470a,delivered,2018-06-01 23:24:48,2018-06-01 23:51:07,2018-06-04 14:00:00,2018-06-11 19:08:48,2018-07-05,84.9,16.56,1,1,101.46,5,1,5.0,1.0,110934758b1585194afe1c0134c1dd35,73270,brasilia,DF,9.822222222222223,33.02444444444444,0,101.46000000000001
8e0e3b77770b10f595b5c27e62efd4e4,ac0d00f96a6aacf450f7760968d811c9,delivered,2018-06-01 23:40:02,2018-06-01 23:55:08,2018-06-11 14:16:00,2018-06-12 21:14:43,2018-06-19,139.9,64.41,1,1,204.31,6,1,5.0,1.0,c170112f1a61a5f02ae9ba985847b58e,4445,sao paulo,SP,10.899085648148148,17.01386574074074,0,204.31
33fc608633261bfde6d48fc0a431f14f,eb182e82ac7e70870ad5e0ccdfc4bede,delivered,2018-06-01 23:49:35,2018-06-02 00:12:17,2018-06-04 14:46:00,2018-06-13 17:18:43,2018-07-12,150.88,18.94,1,1,169.82,8,1,5.0,1.0,80be8115b1239a9756aa538b49235bb6,83212,paranagua,PR,11.728564814814815,40.0072337962963,0,169.82
ee33d838de5dc1568b5b31d505ccdafb,f20cb49e077065fc592acf65fd03cdab,delivered,2018-06-02 00:35:51,2018-06-02 00:52:23,2018-06-04 09:09:00,2018-06-13 18:48:55,2018-07-13,189.0,19.2,1,1,208.2,1,1,1.0,1.0,635686613608e18aa9ffdabeebb187c6,28890,rio das ostras,RJ,11.759074074074075,40.97510416666667,0,208.2
154f3e62bb635300cf9a1d6c4940636d,231033b8c1945ce24e11e3db60faf48e,delivered,2018-06-02 00:36:12,2018-06-02 00:52:25,2018-06-04 15:21:00,2018-06-08 18:15:56,2018-07-05,349.97,16.54,1,1,366.51,8,1,5.0,1.0,410e1f5d1ba42846c5be7a0c9789b65f,13290,louveira,SP,6.735925925925926,32.97486111111111,0,366.51000000000005
2b34aa550445c67c852be463eaad083a,c9993d6a9ac3183eebd2fcaa4bf4c4dd,delivered,2018-06-02 00:44:48,2018-06-05 04:52:00,2018-06-06 12:22:00,2018-06-18 20:38:44,2018-07-18,89.9,19.6,1,1,109.5,1,1,5.0,1.0,0bb89e7e4324fc0c63a27ab1e165fa0b,99500,carazinho,RS,16.82912037037037,45.96888888888889,0,109.5
df5b1e6edf6451c6cd99e167739d9d56,6d70c33e10fa878c843dbb91ab0bccbe,delivered,2018-06-02 01:20:09,2018-06-02 01:35:41,2018-06-04 13:41:00,2018-06-14 19:48:34,2018-07-11,24.99,18.23,1,1,43.22,1,1,2.0,1.0,cc8d50ccd3e48dd753091820612f87c2,27281,volta redonda,RJ,12.769733796296297,38.944340277777776,0,43.22
96950c37f6e45106dab4a4fd012e1ab9,e9a66026ced6c5bad4c9a78e61371c18,delivered,2018-06-02 01:56:40,2018-06-05 04:51:52,2018-06-08 09:07:00,2018-06-09 13:42:31,2018-07-26,189.99,80.56,1,1,270.55,1,1,1.0,1.0,6be90bc12a5834bb6bbe23c4901d0dc1,8011,sao paulo,SP,7.4901736111111115,53.91898148148148,0,270.55
50f7b4829c11fbf8c8b57926f1a0bfdc,c4dc594c44e31c40a59b7b34501a1e2a,delivered,2018-06-02 07:01:59,2018-06-05 04:35:14,2018-06-05 14:28:00,2018-06-06 19:38:38,2018-06-28,120.0,22.3,2,1,142.3,1,1,5.0,1.0,a7638fe2624bb960eb0385af57876155,4516,sao paulo,SP,4.5254513888888885,25.706956018518518,0,142.3
64b0d9816689f0f4dd0f06127d5d0dfb,a87b390cf9b1dfb4b06d218502d27ffb,delivered,2018-06-02 07:16:53,2018-06-05 03:50:01,2018-07-04 06:38:00,2018-07-05 12:25:43,2018-07-20,124.9,9.23,1,1,134.13,1,1,5.0,1.0,88f19ef44c06bca402644a3d5e9babdd,8674,suzano,SP,33.21446759259259,47.696608796296296,0,134.13
d249d420eb15829afbff9cc458eddcbd,072c530f7b482d9b904977a9b7955a45,delivered,2018-06-02 07:54:58,2018-06-02 08:10:49,2018-06-05 13:27:00,2018-06-13 12:12:43,2018-07-05,258.0,47.34,2,1,305.34,3,1,5.0,1.0,0926d4dd8cc61fdc1254373bc7cf030c,36307,sao joao del rei,MG,11.178993055555555,32.67016203703704,0,305.34000000000003
d6e1f6c47ebf654ee806ef2891e6b740,d9e3c5e88b851c9730f9bdc340da634f,delivered,2018-06-02 08:27:34,2018-06-02 09:31:25,2018-06-04 14:29:00,2018-06-08 17:32:35,2018-07-05,25.49,12.79,1,1,38.28,1,1,4.0,1.0,4db476e7cdafebd2319ab569a68a1852,14021,ribeirao preto,SP,6.378483796296297,32.647523148148146,0,38.28
31874b1728b2dc2adbd7ac767892fce0,daf22b7353d8e5021df9894b32dd6b45,delivered,2018-06-02 08:47:12,2018-06-02 08:55:27,2018-06-04 13:49:00,2018-06-26 18:50:45,2018-07-17,89.9,51.13,1,1,141.03,4,1,3.0,1.0,bfe6b5289dd1cec948d3714ae5453392,49870,itabi,SE,24.419131944444445,44.63388888888889,0,141.03
5c4190a9ffe4e2a2b5355ab764c1cabf,be9844ed6239f8ba16b4b43b5d20a920,delivered,2018-06-02 08:49:07,2018-06-02 09:11:39,2018-06-04 13:33:00,2018-06-14 18:37:40,2018-07-20,14.0,18.23,1,1,32.23,3,1,5.0,1.0,ab677cee59ac0360028d90bb2306774d,95650,igrejinha,RS,12.408715277777778,47.63255787037037,0,32.230000000000004
1faf2c3bb6bc67c10fdb7a7fcf3814de,b1765d36dbc9e11b7f0f68d2fce1d37a,delivered,2018-06-02 09:22:04,2018-06-05 03:49:59,2018-07-04 06:38:00,2018-07-09 17:38:38,2018-07-26,124.9,16.84,1,1,141.74,1,1,4.0,1.0,113d43d09dded33b8e67b5f981d08cf3,32623,betim,MG,37.34483796296296,53.60967592592593,0,141.74
e2b405a4cccf1e66eb8d2b73a4bba700,6af12e8e6fdd92d3e49abf9eac301d63,delivered,2018-06-02 09:23:01,2018-06-02 09:35:22,2018-07-04 06:38:00,2018-07-09 18:51:08,2018-07-26,124.9,16.84,1,1,141.74,2,1,1.0,1.0,8c60a63f751a4c744a3629ebf560041f,31030,belo horizonte,MG,37.39452546296296,53.6090162037037,0,141.74
0ed6d545d159bc1c0786d83a66c1cd03,cadcc766f52c62f7f08bbfb5712bc3ec,delivered,2018-06-02 10:10:55,2018-06-02 10:30:55,2018-06-05 12:54:00,2018-06-18 19:12:02,2018-07-12,799.0,42.28,1,1,841.28,8,1,5.0,1.0,181d08e7dcfdac616bf321a7ca3ad0ca,77478,sandolandia,TO,16.375775462962963,39.575752314814814,0,841.28
8ef736291230daaf8c549e5120c51cae,8d0cf47c73dcbe1d145091add47ba6c9,delivered,2018-06-02 10:11:22,2018-06-02 10:30:54,2018-06-04 13:47:00,2018-06-08 21:18:35,2018-07-13,899.0,28.87,1,1,927.87,10,1,5.0,1.0,d51425d700bba699108c1d2e05918b4c,38770,joao pinheiro,MG,6.463344907407407,40.575439814814814,0,927.87
3024eda1729b9daf946125ec8c271a91,df6697e2f4abe368dcd220afddef5746,delivered,2018-06-02 10:17:29,2018-06-02 10:31:01,2018-06-04 11:18:00,2018-06-16 01:17:38,2018-07-24,30.0,30.46,2,1,60.46,1,1,5.0,1.0,9f74192f4084e6ab67e5eb45e80cee23,20550,rio de janeiro,RJ,13.625104166666667,51.57119212962963,0,60.46
a57b5f06fb5152039fbc5c54a595efd0,2f3d40d45e3136aebef9e2ed3c3fb950,delivered,2018-06-02 10:22:24,2018-06-02 10:31:04,2018-06-04 13:36:00,2018-06-07 18:07:47,2018-07-11,27.99,18.23,1,1,46.22,4,1,5.0,1.0,49c3cca9733d9c3ecac4f4d1b0c64dc0,38051,uberaba,MG,5.3231828703703705,38.56777777777778,0,46.22
ea20ef3a1e2a7b607b1e3a99f9c660bc,cb0aedeaa6806eb9cd79fd0fce02ca1a,delivered,2018-06-02 10:24:14,2018-06-02 10:35:22,2018-06-07 14:14:00,2018-07-02 19:05:10,2018-07-30,99.9,42.76,1,1,142.66,1,1,3.0,1.0,a29f167de2fb28040df2f20035e51cb9,62010,sobral,CE,30.36175925925926,57.56650462962963,0,142.66
a5903a529b9519a24ef2252f50a19cbe,02d683623fe8a7afb049181a823afefa,delivered,2018-06-02 10:26:07,2018-06-02 10:51:14,2018-06-05 08:08:00,2018-06-12 19:12:17,2018-07-12,14.99,15.23,1,1,30.22,1,1,4.0,1.0,651de09e1045c7dda126e0227f81e531,29157,cariacica,ES,10.365393518518518,39.56519675925926,0,30.22
19c386dab06e3c24f06cfd16b054f310,4c8caa591e290b4c5fd0535e8dd3c84f,delivered,2018-06-02 10:30:20,2018-06-03 10:31:00,2018-06-07 13:18:00,2018-06-11 18:58:42,2018-07-16,64.14,16.42,1,1,80.56,1,1,3.0,1.0,dffac8d6c41ac2a9a7a09ea04bd12449,26115,belford roxo,RJ,9.353032407407408,43.56226851851852,0,80.56
7b8cdadf6b13903fc09049ba85f5ecb3,4615d07e73e4c684ccc9cb865c0388ca,delivered,2018-06-02 10:47:36,2018-06-02 11:10:56,2018-06-04 13:40:00,2018-06-05 16:36:25,2018-06-20,180.0,61.71,3,1,241.71,1,1,5.0,1.0,1fd3bfcd9ad31bbc4910b46c3b1d12d9,13087,campinas,SP,3.242233796296296,17.55027777777778,0,241.71
f9a4431b06162517b2bc2fbaf8f9645a,c18b64a465c9f5309872862fe7e84ca6,delivered,2018-06-02 11:03:09,2018-06-02 11:15:16,2018-06-11 14:08:00,2018-06-14 19:08:51,2018-07-17,97.4,54.0,2,2,151.4,8,1,1.0,1.0,a1d02d8e96f1691603036bfcad4df844,88034,florianopolis,SC,12.337291666666667,44.539479166666666,0,151.4
fee76720d4d707fc12d7e5a40cd5c18d,4b6de9e1db470b7b07f6ee6c989b6d65,delivered,2018-06-02 11:04:02,2018-06-02 11:15:25,2018-06-06 14:50:00,2018-06-11 21:42:33,2018-07-11,249.99,16.63,1,1,266.62,5,1,5.0,1.0,380d90cf63838569f2889b117e813449,9181,santo andre,SP,9.443414351851851,38.53886574074074,0,266.62
6405d2591428fc711391ea2349294706,9bd2838fe1595ef6511b3db5b3617b02,delivered,2018-06-02 11:06:29,2018-06-02 11:31:15,2018-06-04 14:40:00,2018-06-06 21:52:02,2018-06-28,24.98,8.29,1,1,33.27,1,1,5.0,1.0,b1229236b1846e1cdcfc105e7f372a28,9080,santo andre,SP,4.448298611111111,25.537164351851853,0,33.269999999999996
d6a544caf1fd9274c3ff0d13257bfeac,fde0ee97ca2052ac432724b847a0bb51,delivered,2018-06-02 11:14:09,2018-06-02 11:31:22,2018-06-07 15:04:00,2018-06-11 21:48:56,2018-06-20,21.5,7.39,1,1,28.89,1,1,3.0,1.0,eb0fbfa5630b5176ea4ec7b9b1239473,7178,guarulhos,SP,9.44082175925926,17.53184027777778,0,28.89
37e90cb2d9e287bd9333dfc45fbe4d2a,9e96cc167f107914dff240045ec850c8,delivered,2018-06-02 11:14:30,2018-06-05 04:31:03,2018-06-08 14:03:00,2018-06-12 13:54:41,2018-07-05,169.9,21.61,1,1,191.51,1,1,4.0,1.0,aaf304dbc088e84a44f92917d87f6d0a,13950,lindoia,SP,10.111238425925926,32.531597222222224,0,191.51
aadd7193594d4613a0aa92401c30234b,b9ef1929c0f7c27c2610fdbc2f2b5c40,delivered,2018-06-02 11:33:43,2018-06-02 11:50:35,2018-06-04 14:47:00,2018-06-07 18:02:23,2018-07-13,100.0,16.67,1,1,116.67,2,1,5.0,1.0,24fa27d8bf473eeab3f2b05019cbbd02,3720,sao paulo,SP,5.269907407407407,40.518252314814816,0,116.67
54bf0940ace684d597657354c7496905,c7f2cac5bd5e577cc6b72a253ee7d5b7,delivered,2018-06-02 11:44:39,2018-06-02 12:11:27,2018-06-07 14:12:00,2018-06-14 16:34:26,2018-07-18,654.9,23.55,1,1,678.45,4,1,5.0,1.0,281db6460e60ef6e47df2fe36c04ad5f,87360,goioere,PR,12.201238425925926,45.51065972222222,0,678.4499999999999
5308fdab519f7478ef64894128fbbee4,3aec6e3846fd122ac430ac1a816107a8,delivered,2018-06-02 11:51:00,2018-06-02 12:11:27,2018-06-05 15:02:00,2018-06-20 23:09:42,2018-07-13,129.95,18.79,1,1,148.74,1,2,5.0,1.0,74fe4e106702770ef728399ce5da503a,74823,goiania,GO,18.471319444444443,40.50625,0,148.73999999999998
1c2bcfd34cbb64f130a03aeb7c0d6c75,dc20dd848e86e03be23cc9883378cd65,delivered,2018-06-02 11:53:45,2018-06-02 12:15:13,2018-06-22 15:52:00,2018-06-26 16:21:19,2018-07-17,227.9,16.48,1,1,244.38,4,1,2.0,1.0,ae16e6eb8860cb4603641fa754f4c96d,25231,duque de caxias,RJ,24.185810185185186,44.50434027777778,0,244.38
63d5822f37657544e6a446762e310267,62bfe1759d3600c7dadff0b3d0d389d0,delivered,2018-06-02 12:00:57,2018-06-02 12:11:39,2018-06-04 15:01:00,2018-06-19 00:42:05,2018-07-24,187.9,39.37,1,1,227.27,1,1,5.0,1.0,a714a8aecb9f992c0ac8a09db451fcdd,66055,belem,PA,16.528564814814814,51.499340277777776,0,227.27
39b13503bf74cb241771a5bdc7608426,d6385039bea77b65a318dba1b6c23534,delivered,2018-06-02 12:03:54,2018-06-02 12:15:10,2018-06-04 15:04:00,2018-06-07 14:31:45,2018-06-28,337.49,17.84,2,2,355.33,3,1,4.0,1.0,fa427d68d9fbdfd9e5cf1235c78a2d1a,4719,sao paulo,SP,5.102673611111111,25.497291666666666,0,355.33
93ab2952953f8810d320c99c1ddead0f,dc5fce1603613e44124062e1b7d3df25,delivered,2018-06-02 12:04:57,2018-06-02 12:15:12,2018-06-05 07:52:00,2018-06-15 16:30:04,2018-07-11,199.9,23.98,1,1,223.88,1,1,5.0,1.0,89e4880cac6a717819442b1d06405009,5775,sao paulo,SP,13.184108796296297,38.4965625,0,223.88
c125e883b34e4012f606e77b227ed690,9862d4d0ef56756d8d68195d6b7f3381,delivered,2018-06-02 12:07:25,2018-06-02 12:30:25,2018-06-04 15:05:00,2018-06-13 10:52:17,2018-07-17,130.0,37.6,1,1,167.6,10,1,5.0,1.0,347d455aec6fb3e17963a30b8f29f184,60870,fortaleza,CE,10.947824074074074,44.494849537037034,0,167.6
64cb5db87de3dcce6f274e1e690c32ab,dbfc0c99b6d78ee54b8d277bf10371d9,delivered,2018-06-02 12:15:50,2018-06-02 12:30:29,2018-06-11 14:44:00,2018-06-21 19:34:34,2018-07-17,196.8,33.18,1,1,229.98,1,1,5.0,1.0,501df7b7446ffe9136cb098343526058,59090,natal,RN,19.304675925925928,44.489004629629626,0,229.98000000000002
94aefbaa418823fa66d690b18fe5b244,f9a6eae78eee9737f197727641c75f44,delivered,2018-06-02 12:24:30,2018-06-02 12:51:43,2018-06-04 13:30:00,2018-06-12 15:08:54,2018-07-13,98.0,18.57,1,1,116.57,8,1,1.0,1.0,bcb2cbb9e368b1e6368890b1dd4ce80e,36200,barbacena,MG,10.114166666666666,40.48298611111111,0,116.57
23c0ee95c373bc03c130af0736cb6101,4df050fc48129599aa1c863a3557223a,delivered,2018-06-02 12:33:01,2018-06-02 12:51:49,2018-06-04 13:47:00,2018-06-14 17:32:44,2018-07-20,148.9,31.69,1,1,180.59,6,1,4.0,1.0,10e3060ec9a6fc3a0511f441b87b7ed9,36800,carangola,MG,12.208136574074073,47.47707175925926,0,180.59
e6555e78046757613e040b01b153fc1f,3da77d06455b633b2d7e79511d75f76e,delivered,2018-06-02 12:36:32,2018-06-02 12:51:58,2018-06-04 13:54:00,2018-06-05 17:38:48,2018-06-28,39.0,7.39,1,1,46.39,1,1,4.0,1.0,d51d89c1fdfb1b34ee7eeb27be52bae4,13274,valinhos,SP,3.209907407407407,25.47462962962963,0,46.39
21c9855588b3946347dcaa1f159edcd8,499311489d89baa6ed8f9f9f1f3758b8,delivered,2018-06-02 12:40:09,2018-06-02 12:51:57,2018-06-05 15:01:00,2018-06-06 22:12:47,2018-06-28,12.9,8.88,1,1,21.78,2,1,5.0,1.0,601725677c1484660662470921a9f01d,3605,sao paulo,SP,4.397662037037037,25.472118055555555,0,21.78
b5e032ca1418d9722dd033856f836800,a783e0ee89e3bb0bb0937794b4305914,delivered,2018-06-02 12:40:51,2018-06-02 12:55:26,2018-06-04 11:01:00,2018-06-07 16:13:11,2018-06-28,59.9,12.43,1,1,72.33,1,1,5.0,1.0,73f9fb2e48e3411e7f10fc6789266602,8215,sao paulo,SP,5.147453703703704,25.471631944444443,0,72.33
98b5257ffee92e64431051eca07f38c8,b7dc6d5e912f8370fe0f15b92d81feae,delivered,2018-06-02 12:40:57,2018-06-02 12:51:59,2018-06-04 13:14:00,2018-06-10 12:28:22,2018-07-05,159.9,23.84,1,1,183.74,4,1,5.0,1.0,f5b3ffaf20227f5f47340cc7a0c855e5,15081,sao jose do rio preto,SP,7.991261574074074,32.4715625,0,183.74
1428d5591252000b5c73e00f91d4889a,df0cd48862bf18ac12632f80ea972fc0,delivered,2018-06-02 12:49:16,2018-06-02 13:10:05,2018-06-04 13:59:00,2018-06-05 16:57:52,2018-07-05,100.59,9.06,1,1,109.65,2,1,5.0,1.0,408824e155b544df61cfa5dc5e700625,5414,sao paulo,SP,3.172638888888889,32.46578703703704,0,109.65
a405efe2b87215277a81cdcd45355628,cd8268aa18118923a96823a06745e0da,delivered,2018-06-02 12:50:03,2018-06-02 13:10:06,2018-06-05 08:45:00,2018-06-13 17:41:38,2018-07-13,45.0,17.06,1,1,62.06,1,1,4.0,1.0,150127cf34008127df269a5dee5c40f6,40226,salvador,BA,11.202488425925926,40.465243055555554,0,62.06
b9959849df990d9d16667ecf7c9a862f,306e7c7c95b0e0a2d2c221fada96e6cc,delivered,2018-06-02 12:51:29,2018-06-02 13:10:11,2018-06-04 13:58:00,2018-06-08 15:32:13,2018-07-11,149.65,18.93,1,1,168.58,1,1,5.0,1.0,e6720a28057c2e7ab8028be970af2f82,4661,sao paulo,SP,6.11162037037037,38.464247685185185,0,168.58
bb5229662821e68be478acdd18eea342,ab8cd40514830fe7877cb2020eec6254,delivered,2018-06-02 12:54:12,2018-06-02 13:10:14,2018-06-06 08:20:00,2018-07-04 12:31:04,2018-07-17,500.0,54.0,1,1,554.0,5,1,5.0,1.0,9dcc1f5a9a8efb985ad3649fa4e3747c,65235,sao bento,MA,31.983935185185185,44.462361111111115,0,554.0
9dc032f4d0154877b3fdddff1324d5e8,48208b9deb3d51def25cd44b672cdff9,delivered,2018-06-02 12:54:29,2018-06-02 13:10:14,2018-06-05 08:06:00,2018-06-14 16:48:45,2018-07-16,130.0,18.49,1,1,148.49,7,1,5.0,1.0,819c65629034acc8a0e1c096c2c6715d,25900,mage,RJ,12.162685185185186,43.462164351851854,0,148.49
5b07dff7faf4d9f1e300b2fe45184140,aa09d8106d7682d459b666707f9b5fdb,delivered,2018-06-02 12:54:52,2018-06-02 13:10:12,2018-06-04 11:00:00,2018-06-05 16:42:08,2018-06-28,18.9,7.39,1,1,26.29,1,1,5.0,1.0,77fc5622ed5d55280944e01e8b5cf215,7024,guarulhos,SP,3.157824074074074,25.461898148148148,0,26.29
fe8522d905daf1e2c69dd128d7e0f81b,f086f149136df0f183212ccea216a2ac,delivered,2018-06-02 13:16:37,2018-06-02 13:32:18,2018-06-13 15:19:00,2018-06-15 19:48:41,2018-06-21,23.9,11.86,1,1,35.76,1,1,4.0,1.0,439cb69b52e4e815ee04ce2b9b3e70ce,5717,sao paulo,SP,13.27226851851852,18.44679398148148,0,35.76
db611886b9ea2c770628eebc6617b498,e3036be0afef4dc58d7d95e737ffde01,delivered,2018-06-02 13:29:22,2018-06-02 13:50:03,2018-06-07 11:23:00,2018-06-13 16:28:44,2018-07-17,89.0,17.33,1,1,106.33,6,1,4.0,1.0,87a6af9cd74c6568bc6b6900d25460df,31270,belo horizonte,MG,11.124560185185185,44.43793981481482,0,106.33
61c4ab6b7773c90ee722155c77ea3738,e9e5748e123c685fac1cfd570b2c7844,delivered,2018-06-02 13:33:00,2018-06-02 13:50:12,2018-06-05 13:22:00,2018-06-20 17:58:26,2018-07-13,64.99,27.51,1,1,92.5,4,1,4.0,1.0,120e71f0f433d7e1d8ed14dd4ca86d29,88036,florianopolis,SC,18.184328703703702,40.43541666666667,0,92.5
a030d3d4fe79a482fd66cb2205cdd0df,2eff76851dab3f65075beafd2f4defad,delivered,2018-06-02 13:48:50,2018-06-05 04:15:10,2018-06-05 15:51:00,2018-06-06 22:18:51,2018-06-28,48.9,9.26,1,1,58.16,1,1,5.0,1.0,8e44f6463c7ec58338d72e206854f8bd,18055,sorocaba,SP,4.35417824074074,25.424421296296295,0,58.16
08fa8b49ff198d1332df4668087150ed,a45bb6b2defa953b1e4025c6f40532a0,delivered,2018-06-02 13:50:53,2018-06-02 14:12:15,2018-06-06 15:43:00,2018-06-09 17:16:48,2018-07-05,49.9,17.26,1,1,67.16,1,2,5.0,1.0,5206a6a64eeb54d092be68b3427f3d92,4635,sao paulo,SP,7.142997685185185,32.42299768518519,0,67.16
633ab17bf4665666fdef150a01469e84,fcc823f0ae4f596e54cd461c145dfd5d,delivered,2018-06-02 13:53:43,2018-06-03 13:51:21,2018-06-04 14:17:00,2018-06-19 17:54:36,2018-07-17,1899.0,284.6,1,1,2183.6,10,1,5.0,1.0,3cdadaf84a996b3f07ccfcf9796f1dfd,41830,salvador,BA,17.16728009259259,44.421030092592595,0,2183.6
c602154123d0956a6fa53e0267b25bd8,c1e0dde767b358b5b0c044c8d5f408ee,delivered,2018-06-02 14:02:44,2018-06-05 04:51:52,2018-06-06 13:10:00,2018-07-09 09:34:27,2018-07-19,12.99,22.06,1,1,35.05,1,1,5.0,1.0,00b246520d4904724f9b20188a2ff39b,45160,belo campo,BA,36.81369212962963,46.41476851851852,0,35.05
c5b5ab085f7990b385bdef3b27b2df1b,2f394b55d46fa1a440fc7c12d6275736,delivered,2018-06-02 14:07:21,2018-06-02 14:15:16,2018-06-05 12:36:00,2018-06-06 13:23:06,2018-06-28,74.9,11.86,1,1,86.76,1,1,1.0,1.0,c55214fa129a3a110848a22512b2d249,13087,campinas,SP,3.9692708333333333,25.4115625,0,86.76
7a02e7df1d0d04bdc231db72612d3b7d,907fcbad2850a96e6977ba9919b1e9bf,delivered,2018-06-02 14:07:35,2018-06-02 14:29:35,2018-06-04 14:18:00,2018-06-22 17:32:41,2018-07-18,765.0,27.06,1,1,792.06,6,1,4.0,1.0,9d52717b5fe37e465b6ed8b12795e903,44790,campo formoso,BA,20.142430555555556,45.411400462962966,0,792.06
4a2044944160f020bea094d2da430b0a,2fd341d2a33ae116ab3b2e7feaba2e40,delivered,2018-06-02 14:08:00,2018-06-02 14:29:40,2018-06-04 14:35:00,2018-06-20 22:14:32,2018-07-17,166.0,19.85,1,1,185.85,8,1,5.0,1.0,ab279c440323bdbb1f8a33e6c1c7c79f,60125,fortaleza,CE,18.33787037037037,44.41111111111111,0,185.85
84198a43f45cfba1ac8532871da9fab8,6b5c111bee605b7af9779ffd96c1b564,delivered,2018-06-02 14:19:39,2018-06-05 04:52:04,2018-06-07 14:25:00,2018-06-08 13:26:43,2018-06-28,99.9,12.03,1,1,111.93,1,1,5.0,1.0,abdcabbedfd76c4a52af2cea1f71c7e0,13423,piracicaba,SP,5.963240740740741,25.403020833333333,0,111.93
363f71c17d9b18f15c891f495e6fe713,9af8912973a0e63ecdee99da3c95c5dd,delivered,2018-06-02 14:19:50,2018-06-02 14:30:15,2018-06-04 13:12:00,2018-06-12 21:21:59,2018-07-12,44.99,18.23,1,1,63.22,3,1,5.0,1.0,bab7d62239e46f653ba154c58c77ac17,35900,itabira,MG,10.293159722222223,39.40289351851852,0,63.22
1dbf0806fc07152b9dc46b352e62c8b8,3ece126104ef8d177500f2766874db55,delivered,2018-06-02 14:22:33,2018-06-02 14:35:08,2018-06-11 13:24:00,2018-06-14 19:48:30,2018-07-12,509.0,91.13,1,1,600.13,10,1,3.0,1.0,fda4a17a661207ac8343bb4ad50399b4,33400,lagoa santa,MG,12.226354166666667,39.40100694444445,0,600.13
eef98923f3fe58345e2aa0ff71f97bd7,2f3f1e169a5eca20dac6c858857b99b4,delivered,2018-06-02 14:24:17,2018-06-05 04:31:00,2018-06-08 14:29:00,2018-06-19 12:32:48,2018-07-12,70.0,32.64,2,1,102.64,1,1,5.0,1.0,d7f1f2c2fbdb3323715152564d0a9c73,83605,campo largo,PR,16.922581018518517,39.39980324074074,0,102.64
b17ba1dc20f88334dd3f083464221a18,edc5de205c637b4420f181f097660d6d,delivered,2018-06-02 14:40:16,2018-06-02 14:51:53,2018-06-04 13:16:00,2018-06-11 15:32:40,2018-07-19,69.9,19.46,1,1,89.36,1,2,4.0,1.0,98b28fa1ad333b4538ee8ed202655346,13466,americana,SP,9.036388888888888,46.388703703703705,0,89.36000000000001
f77eb63e272ad822e11bbf97da9c0edd,5621efcb03b89c9a3a23e0d9c9f56360,delivered,2018-06-02 14:45:21,2018-06-02 14:55:10,2018-06-05 08:05:00,2018-06-25 15:12:37,2018-08-03,125.19,60.94,1,1,186.13,12,1,5.0,1.0,9159694dbab5bdd0d09c1706d992751d,69306,boa vista,RR,23.018935185185185,61.385173611111114,0,186.13
940eb052b51b2ff6ce6d2a2e4302bddc,c4db5141dbf2a35aff35074305f5e06e,delivered,2018-06-02 14:49:20,2018-06-05 04:31:15,2018-06-05 10:50:00,2018-06-06 18:13:00,2018-06-29,24.9,7.39,1,1,32.29,1,1,4.0,1.0,dda38d4b3e3efd152b4bad4b9d57963f,8615,suzano,SP,4.141435185185185,26.382407407407406,0,32.29
1e6d912e4c63965bb9eccf0cc765fc24,b38a6889b9d5764205a7ccfbbaeb3abb,delivered,2018-06-02 14:52:37,2018-06-02 15:10:02,2018-06-05 14:46:00,2018-06-19 17:45:45,2018-07-12,179.9,27.34,1,1,207.24,1,1,5.0,1.0,db28c2ad98d688a2be7408542e3d15de,12442,pindamonhangaba,SP,17.120231481481483,39.380127314814814,0,207.24
5b43fbc291ca14497fcffc16d301365e,b60caf0e1a1297d235e433450bdd7551,delivered,2018-06-02 15:26:28,2018-06-02 15:49:57,2018-06-05 08:53:00,2018-06-18 16:46:38,2018-07-19,89.98,38.64,2,1,128.62,4,1,4.0,1.0,b8b8de7a160be2e9993f6db81a2902e8,99070,passo fundo,RS,16.055671296296296,46.35662037037037,0,128.62
48c56cc80e14fbacd59693351572327a,943214f1e7136b47167d03ce8a21824e,delivered,2018-06-02 15:26:52,2018-06-02 15:49:53,2018-06-04 13:58:00,2018-06-07 17:33:32,2018-07-12,394.65,20.64,1,1,415.29,8,1,5.0,1.0,9a9ef1d54eaedee3a50ed4de780713ea,32606,betim,MG,5.087962962962963,39.35634259259259,0,415.28999999999996
9147e4f91a0a2071875cf411ec60a10d,d65d94358b0f8e89ecdc82e534e28c44,delivered,2018-06-02 15:35:12,2018-06-02 15:50:02,2018-06-18 17:05:00,2018-06-21 00:14:46,2018-07-12,79.98,25.14,1,1,105.12,7,1,5.0,1.0,1b656b2f23af5e1ab13d8f067cd49527,2410,sao paulo,SP,18.360810185185183,39.35055555555556,0,105.12
d9a2131e6b6d20f8ba76183245c30b66,f6b42daeb9f70e9c2e8f256e983177b6,delivered,2018-06-02 15:36:32,2018-06-02 15:50:19,2018-06-04 12:59:00,2018-06-05 17:56:40,2018-06-28,49.99,11.15,1,1,61.14,3,1,5.0,1.0,3b7a0c74848cef5f574292a9a738eaab,13419,piracicaba,SP,3.0973148148148146,25.34962962962963,0,61.14
85cc31142603d0be894b74d4096db738,372a1a3ae257624bdde208da2e0c6adb,delivered,2018-06-02 15:50:34,2018-06-02 16:11:33,2018-06-04 12:50:00,2018-06-08 18:32:28,2018-07-05,89.9,15.48,1,1,105.38,5,1,5.0,1.0,94236cd074c9591659f942f9d687e08e,38660,buritis,MG,6.112430555555555,32.33988425925926,0,105.38000000000001
782e3d360043ba18b527832597a53543,fd7805bef7bf746ef67207171ed7606b,delivered,2018-06-02 15:59:49,2018-06-02 16:11:41,2018-06-04 10:05:00,2018-06-14 18:36:27,2018-07-11,78.0,35.86,2,1,113.86,6,1,1.0,1.0,2fbfd8c2821ec7ea05e58575e52ea2cf,25268,duque de caxias,RJ,12.108773148148147,38.33346064814815,0,113.86
f3935aaef43afc2bf5a9426006ac69b0,2be4a0dedfe97478360ce6cefcbc9cc5,delivered,2018-06-02 16:00:35,2018-06-02 16:15:20,2018-06-04 11:44:00,2018-06-09 15:27:51,2018-07-11,179.0,19.26,1,1,198.26,1,1,5.0,1.0,61df92ba1d93813fc91fe1fa1a89a026,72005,brasilia,DF,6.977268518518518,38.33292824074074,0,198.26
38a27bf1302ec6e1fb628e137bdbc690,297c866b3a4a12e7674abe2f890cb6a1,delivered,2018-06-02 16:06:24,2018-06-02 16:15:44,2018-06-04 14:14:00,2018-06-08 20:58:43,2018-06-28,257.9,19.89,1,1,277.79,10,1,5.0,1.0,31cd972ce5d774b38462e9a2ddbc124c,17470,duartina,SP,6.202997685185185,25.32888888888889,0,277.78999999999996
b51dbc584d8ff7bbe0141e28cd79eca6,f4891489f2c2b3f48b045142a066f3e2,delivered,2018-06-02 16:15:25,2018-06-02 16:30:28,2018-06-06 15:04:00,2018-06-11 21:27:30,2018-07-13,93.0,19.62,1,1,112.62,2,1,5.0,1.0,aca7974d20037026ee9e65a3f7a0389d,37530,brazopolis,MG,9.216724537037036,40.32262731481482,0,112.62
aef8745e2eb6aeefc41b922f1363870d,453305a0ae6e3364c5cc6a224dc7a944,delivered,2018-06-02 16:33:26,2018-06-02 16:51:32,2018-06-11 08:22:00,2018-06-14 00:34:37,2018-06-28,149.0,8.81,1,1,157.81,2,1,5.0,1.0,5f9a19ae53832baf5ac3837775e8c4be,7174,guarulhos,SP,11.334155092592592,25.31011574074074,0,157.81
48e57df5132333c7c43df89d2c531ff1,35f68adc8ec170ab999117525306afc9,delivered,2018-06-02 16:41:25,2018-06-02 16:55:20,2018-06-04 15:11:00,2018-06-09 18:18:35,2018-07-11,28.9,12.79,1,1,41.69,2,1,5.0,1.0,57e5587a5f1c3fcf65dff88c6d088cef,7197,guarulhos,SP,7.067476851851852,38.30457175925926,0,41.69
91f71835acd6d20c6c5362c5c1907367,ef6fffb44c4dd02c0e35d6b6f9acf31e,delivered,2018-06-02 16:58:03,2018-06-02 17:10:22,2018-06-04 11:06:00,2018-06-05 16:04:37,2018-07-18,175.99,9.77,1,1,185.76,4,1,5.0,1.0,6af40347f5dd7bdd65437a35e1b2fa7b,23064,rio de janeiro,RJ,2.9628935185185186,45.29302083333334,0,185.76000000000002
7a281ea07cea9f99a15e8f67d6e982bd,062703dc98b5f31f01915424e32eace5,delivered,2018-06-02 17:00:59,2018-06-02 17:15:09,2018-06-22 18:42:00,2018-07-02 18:42:08,2018-07-05,227.9,8.46,1,1,236.36,8,1,1.0,1.0,6ffbcc429c712d180a593b67ee9e2c78,3803,sao paulo,SP,30.070243055555554,32.290983796296295,0,236.36
1854a6f99182e2eb617259d3336b7e70,c0938cd0745a2eab0fb613b66f288ba2,delivered,2018-06-02 17:13:12,2018-06-02 20:12:23,2018-06-19 09:28:00,2018-06-28 19:56:24,2018-07-26,19.9,15.23,1,1,35.13,1,1,5.0,1.0,8b02658bdec2b153ac745e0a562bf44a,94451,viamao,RS,26.113333333333333,53.2825,0,35.129999999999995
eb854e76ca9b5d2e3bbba2a72622fd27,c67765fd1f96be3c1a92853712a05f93,delivered,2018-06-02 17:21:38,2018-06-02 17:35:13,2018-06-04 10:15:00,2018-06-14 16:46:37,2018-07-25,144.0,43.16,2,1,187.16,5,1,1.0,1.0,d56f0103081332877172e733465de3e9,22041,rio de janeiro,RJ,11.97568287037037,52.27664351851852,0,187.16
2af637f73b0d20f5ccc52704b0ae766b,65285bcee139a301804fe5f216243c9e,delivered,2018-06-02 17:28:29,2018-06-02 17:50:13,2018-06-05 15:33:00,2018-06-11 14:08:52,2018-07-05,43.99,13.71,1,1,57.7,2,1,5.0,1.0,ae7d1a576a01b2e32e52052cf544acc4,11800,juquia,SP,8.861377314814815,32.271886574074074,0,57.7
38d28e168501494c0edb4ee41f64d296,6620ea0cda2c99d5c14c22c7c6309979,delivered,2018-06-02 17:29:04,2018-06-02 17:50:18,2018-06-04 10:41:00,2018-06-12 17:58:28,2018-07-11,69.99,23.07,1,1,93.06,1,1,5.0,1.0,dbf10059c4dfeb1a7ca3051d0071f06b,27211,volta redonda,RJ,10.020416666666666,38.27148148148148,0,93.06
5103f51cb81d7359a0e93c8cc9d5203f,ee219ef2bc1886c1847f43a3e201fb0b,delivered,2018-06-02 17:40:23,2018-06-02 17:50:20,2018-06-06 13:45:00,2018-06-13 15:18:56,2018-07-05,599.99,61.11,1,1,661.1,10,1,5.0,1.0,1e91dd1551829ea44f53c92f52cd3a16,30270,belo horizonte,MG,10.901770833333334,32.26362268518518,0,661.1
71551c2db02730406edd5839f5e2a53b,537cb44dbff1ab7529ad8d5a4e4f3870,delivered,2018-06-02 17:42:21,2018-06-02 17:55:10,2018-06-05 07:52:00,2018-06-11 17:27:37,2018-07-11,199.9,23.98,1,1,223.88,2,1,5.0,1.0,de163ee2f500f1e26d0415a1f7dbff69,30150,belo horizonte,MG,8.989768518518519,38.262256944444445,0,223.88
9a20d02245abb1a63e3ab97e32ea2274,215428c6a440ef651c57099d60344542,delivered,2018-06-02 17:55:32,2018-06-03 17:50:59,2018-06-05 11:44:00,2018-06-08 01:05:33,2018-06-28,59.9,8.29,1,1,68.19,3,1,1.0,1.0,18811c75f8fe5d63cf4770f9a9b5649f,5028,sao paulo,SP,5.298622685185185,25.253101851851852,0,68.19
f9343167f98d74b2f82a3cfb3d6b880d,2716c83697c166617d8844a4bcde50e3,delivered,2018-06-02 18:03:22,2018-06-05 04:15:11,2018-06-05 12:34:00,2018-06-11 19:13:18,2018-07-05,99.0,14.05,1,1,113.05,1,1,5.0,1.0,cfd02bea61d8e85869110ad85bfc9ef5,14708,bebedouro,SP,9.048564814814815,32.24766203703704,0,113.05
575c6dd8fb78db647ce9a4018b8e9235,6fe397cd9919959235edbcc5622cb369,delivered,2018-06-02 18:08:24,2018-06-02 18:29:53,2018-06-04 09:03:00,2018-06-08 15:52:45,2018-07-12,34.9,15.23,1,1,50.13,5,1,5.0,1.0,21f60915366f53d34433ca1138d2c297,80520,curitiba,PR,5.905798611111111,39.244166666666665,0,50.129999999999995
67f30bce3a2dd23c894bae87e6391987,f498a3500157af76aa12d52120bca54b,delivered,2018-06-02 18:24:18,2018-06-02 18:35:09,2018-06-04 14:31:00,2018-06-08 18:18:52,2018-07-11,252.0,16.64,1,1,268.64,1,1,4.0,1.0,c445778c53b77f639ee321764c277899,1404,sao paulo,SP,5.996226851851852,38.233125,0,268.64
7e708aed151d6a8601ce8f2eaa712bf4,033fab69968b0d69099d64423831a236,delivered,2018-06-02 18:37:14,2018-06-02 18:51:31,2018-06-04 13:42:00,2018-10-17 13:22:46,2018-07-13,26.4,18.23,1,1,44.63,2,1,4.0,1.0,fc0bcca3d8d90a812b707bb8e45069d6,29278,arace,ES,136.78162037037038,40.22414351851852,1,44.629999999999995
bbfb6afc6b09bb994e0093a008ec7675,e009147a4b30be4a108b0f2874ac005f,delivered,2018-06-02 18:37:23,2018-06-02 18:51:29,2018-06-04 13:59:00,2018-06-06 23:03:45,2018-07-05,64.0,13.81,1,1,77.81,1,1,5.0,1.0,9df40345e23450e5b7edc053bea79399,1258,sao paulo,SP,4.184976851851852,32.22403935185185,0,77.81
7f167760bcfc10e6e7ae769837be536f,b405be7ba8a6b89a3407ba52e0c3a236,delivered,2018-06-02 18:50:39,2018-06-02 19:10:35,2018-06-04 10:10:00,2018-06-12 20:12:23,2018-07-18,77.98,16.52,1,1,94.5,2,1,5.0,1.0,5441b0ba00cbb496abe9e8dc7e7e42eb,21330,rio de janeiro,RJ,10.056759259259259,45.21482638888889,0,94.5
874eef9a84653f570656bdb0f8519151,c59929869ce404450d73c9a018c3d3a8,delivered,2018-06-02 19:04:54,2018-06-02 19:15:17,2018-06-04 14:14:00,2018-06-12 19:36:30,2018-07-12,49.9,26.43,1,1,76.33,1,1,5.0,1.0,4239137bc284d7ec558ad51001956b40,4205,sao paulo,SP,10.021944444444445,39.204930555555556,0,76.33
3055272ae721b2f3c8107ca6ce29160e,950dd2650d1748f4b42edb506811323e,delivered,2018-06-02 19:11:13,2018-06-02 19:31:33,2018-06-04 16:02:00,2018-06-05 21:39:33,2018-06-28,95.2,11.29,1,1,106.49,1,1,5.0,1.0,595a552f7eec0fdb2613791233b6eaa8,1209,sao paulo,SP,3.103009259259259,25.20054398148148,0,106.49000000000001
eee39147362c420a076b96cfe10c8154,2739c30019a6f35c05f16c9fa4f44e92,delivered,2018-06-02 19:19:00,2018-06-02 19:35:09,2018-06-04 14:01:00,2018-06-11 21:28:38,2018-07-13,149.9,25.18,1,1,175.08,2,1,5.0,1.0,f9279d6e21053d0ca015c69de903b453,9360,maua,SP,9.090023148148148,40.19513888888889,0,175.08
45884a7283a93dd46695ead0cf9c0e95,46a88a4a39d8a33d8a93d7e410e43fa4,delivered,2018-06-02 19:20:09,2018-06-05 03:50:02,2018-06-05 13:43:00,2018-06-11 18:52:15,2018-07-16,199.0,19.47,1,1,218.47,1,1,5.0,1.0,5f41f9c89bf84a62a4b1830b847f93eb,17410,alvaro de carvalho,SP,8.980625,43.194340277777776,0,218.47
5c12f254446ca6ab5edd195f6ca79d22,754132cb2b8ef289dba4b60de444ff96,delivered,2018-06-02 19:26:59,2018-06-05 04:52:03,2018-06-05 14:47:00,2018-06-22 13:52:28,2018-07-17,119.8,38.78,2,1,158.58,1,1,5.0,1.0,15047575a9fb9ace7a7e7e201e4a5acd,88925,morro grande,SC,19.76769675925926,44.189594907407404,0,158.57999999999998
ec1fa684ca945b6c0f063f43d4506e9c,8d5c6a9a33fee1d447875ce5b67fe43d,delivered,2018-06-02 19:28:06,2018-06-02 19:50:18,2018-06-04 13:34:00,2018-06-14 18:38:26,2018-07-20,217.9,63.08,2,2,280.98,10,1,1.0,1.0,1c17be9b50e8816082532bfe18e0cd8a,98920,horizontina,RS,11.965509259259258,47.18881944444445,0,280.98
237ad2054a0b3375cc64b6a7e6e08683,36c6b4c96148d32c037b90aa0673bfcd,delivered,2018-06-02 19:43:08,2018-06-02 19:55:19,2018-06-04 08:48:00,2018-06-11 19:26:38,2018-07-11,129.0,18.78,1,1,147.78,6,1,2.0,1.0,c30681b57912b2575b9b589371ac545c,6700,cotia,SP,8.988541666666666,38.17837962962963,0,147.78
5c458a0a24c83bb972feb57ab32e38a6,b893a27f67713b0aeced6c2ec3f91250,delivered,2018-06-02 19:51:39,2018-06-05 03:49:57,2018-06-05 13:41:00,2018-06-19 21:32:16,2018-07-12,84.9,20.64,1,1,105.54,1,1,5.0,1.0,061abe74d3296b2623abc5e9755fb161,49032,aracaju,SE,17.069872685185185,39.172465277777775,0,105.54
657453140a74ec1d5771142a82e09fec,dc7ad4861af267442ef03d5e90d983c8,delivered,2018-06-02 19:51:59,2018-06-02 20:12:22,2018-06-04 17:55:00,2018-06-06 13:38:51,2018-06-28,95.2,11.29,1,1,106.49,5,1,5.0,1.0,3c53a4ce9db603cd8885c20351cefe66,11710,praia grande,SP,3.74087962962963,25.172233796296297,0,106.49000000000001
8207dc60d7f55f4ac2b9601f02eeff29,93d5fd8f7db0fa4ca0ed24b83f12505b,delivered,2018-06-02 19:52:07,2018-06-02 20:12:16,2018-06-04 14:02:00,2018-06-14 18:50:01,2018-07-24,209.99,25.6,1,1,235.59,8,1,5.0,1.0,3f9de4e584f4860b145d95ac29c06ea1,21930,rio de janeiro,RJ,11.956875,51.1721412037037,0,235.59
7adfbf493c629b11e4a3ceb40c136d63,e8acc4b86f8f111bcea1c218a5c9bb8d,delivered,2018-06-02 19:53:55,2018-06-02 20:12:22,2018-06-04 15:56:00,2018-06-13 22:48:22,2018-07-11,139.0,20.7,1,1,159.7,3,1,1.0,1.0,ed178f7c0cb55cc84cce6df0dbcc6904,30350,belo horizonte,MG,11.121145833333333,38.170891203703704,0,159.7
2112c4e4b32f421f701b405f05242c3b,036a059499bb4fda443ab493f192ebe1,delivered,2018-06-02 19:55:09,2018-06-05 03:50:19,2018-06-05 10:15:00,2018-06-13 19:44:37,2018-07-25,66.99,27.53,1,1,94.52,1,1,5.0,1.0,37c108ce3abd1d35c9a3ce93f016657c,22775,rio de janeiro,RJ,10.992685185185184,52.17003472222222,0,94.52
2aee72588060c074fd45155346c97a84,ac1923b4dc16e2bf7b92a045b1147ad8,delivered,2018-06-02 20:05:41,2018-06-02 20:15:09,2018-06-05 05:40:00,2018-06-18 17:42:22,2018-07-19,349.99,22.5,1,1,372.49,8,1,5.0,1.0,9f11a1ef17f7119397ada4d237f7ee0e,54360,jaboatao dos guararapes,PE,15.900474537037036,46.16271990740741,0,372.49
8476e4daac5bcc4adaf4e56af42ce110,77569b8bd05910409af265a9ca0e4cd4,delivered,2018-06-02 20:06:46,2018-06-02 20:29:24,2018-06-04 13:06:00,2018-06-13 16:58:40,2018-07-12,217.66,46.68000000000001,2,2,264.34,4,1,4.0,1.0,bdc50dc35ff42f9b42da7516d3d443b1,36570,vicosa,MG,10.869375,39.161967592592596,0,264.34000000000003
701784c754c8ac2e2a73dbbe7dc3a363,5dae50072dfca2e711be4b4604d9e8e0,delivered,2018-06-02 20:13:46,2018-06-05 03:55:18,2018-06-06 12:46:00,2018-06-14 12:38:16,2018-07-13,29.9,22.85,1,1,52.75,1,1,5.0,1.0,7bb7c8d323749112483ffb3d86b43a1e,49095,aracaju,SE,11.683680555555556,40.157106481481485,0,52.75
9b22b01ffdff6efa20736523a260060b,ab7f0b578ff16926fdab208ad2afaadb,delivered,2018-06-02 20:23:49,2018-06-02 20:35:14,2018-06-04 14:53:00,2018-06-11 17:34:38,2018-07-05,28.69,12.79,1,1,41.48,2,1,1.0,1.0,2a65ab9b9d6466e60b78da267f4c298b,5805,sao paulo,SP,8.882511574074075,32.15012731481482,0,41.480000000000004
dcbb8d460d1c315bd4cdd96a4aaaf258,0f634b25f5a963fdf1072497e5027f91,delivered,2018-06-02 20:28:27,2018-06-02 20:51:50,2018-06-04 15:27:00,2018-06-07 18:24:48,2018-07-31,134.99,27.67,1,1,162.66,10,1,5.0,1.0,91b06e7f118797fea3e4fdf5b9432d7d,23052,rio de janeiro,RJ,4.914131944444445,58.14690972222222,0,162.66000000000003
2d7242fbb71116bf37dbca71205bc157,a8540ef4631d9b05f5fad9f374f0a349,delivered,2018-06-02 20:35:09,2018-06-05 06:55:07,2018-06-05 14:30:00,2018-06-08 15:04:40,2018-07-05,44.9,12.79,1,1,57.69,5,1,5.0,1.0,16b2e3303438e128f5dbabf696960abc,6420,barueri,SP,5.770497685185185,32.14225694444445,0,57.69
78c13513d30056e98c389d49a5634361,8ef1cfde70a8df9626df676a74558fcf,delivered,2018-06-02 20:46:04,2018-06-02 20:55:31,2018-06-04 11:31:00,2018-06-26 18:16:35,2018-07-05,34.89,18.43,1,1,53.32,1,1,2.0,1.0,df66dc33d43a8138a1eba6b98809c029,11740,itanhaem,SP,23.89619212962963,32.134675925925926,0,53.32
639081c9007c810d12b3f0b01afc7118,171437bfa7315ccc0aa4c38c44d2ff92,delivered,2018-06-02 20:49:21,2018-06-02 21:09:48,2018-06-04 14:38:00,2018-06-15 20:47:40,2018-07-31,73.9,23.45,1,1,97.35,2,2,5.0,1.0,656efb15a9c41bab2f31f21fb7a9e719,23060,rio de janeiro,RJ,12.99883101851852,58.132395833333334,0,97.35000000000001
43e967533a1c4a25bd90cd80acfd7950,8f17c01ad40d7124489dfebd8f459eeb,delivered,2018-06-02 20:51:09,2018-06-02 21:09:48,2018-06-04 13:30:00,2018-06-08 21:20:47,2018-07-05,539.9,16.22,1,1,556.12,2,1,5.0,1.0,d0444d99c8704548c21aaac16c39ec71,13274,valinhos,SP,6.020578703703704,32.131145833333335,0,556.12
131fccf58d5b636c232584f744b77161,90606a62c8ce84d7f091ae1fb90c595a,delivered,2018-06-02 20:53:20,2018-06-05 04:51:59,2018-06-05 12:25:00,2018-06-08 11:14:39,2018-07-05,98.0,13.13,1,1,111.13,1,1,5.0,1.0,601b0c790d8ec7b21112f7b05ff2d87a,9180,santo andre,SP,5.598136574074074,32.129629629629626,0,111.13
0c66805964db8d43c1c81402e3433f9b,629037360cb6212f9a8831b62ee1a4b8,delivered,2018-06-02 20:57:36,2018-06-04 09:51:35,2018-06-05 07:52:00,2018-06-19 20:48:46,2018-07-11,199.9,23.98,1,1,223.88,8,1,5.0,1.0,f4cf22fe3fb2dc126d06b5b6f21b5ec1,11065,santos,SP,16.99386574074074,38.126666666666665,0,223.88
c3b620f59a689c3ca6b5884d2f6c6ac8,180404f910942ed7c4b5f3e952007686,delivered,2018-06-02 21:02:12,2018-06-02 21:10:15,2018-06-07 13:18:00,2018-06-12 18:09:01,2018-07-12,64.14,19.42,1,1,83.56,4,1,5.0,1.0,4b8de93e678913a76119426a57064d7e,28300,itaperuna,RJ,9.879733796296296,39.12347222222222,0,83.56
27c2eed354160283302f9d32d3448eb6,f777873517b1bf70c51a2950e513acf6,delivered,2018-06-02 21:02:33,2018-06-02 21:15:19,2018-06-07 14:23:00,2018-06-12 17:28:54,2018-07-19,89.9,27.36,1,1,117.26,1,1,5.0,1.0,61a38a6a1607826fe1e81350a1121fca,28895,rio das ostras,RJ,9.851631944444444,46.12322916666667,0,117.26
14c981a2e9e98dbc3eedc6084803ef1b,2afc1d604e9a528a86dfc0beae4739c0,delivered,2018-06-02 21:11:17,2018-06-02 21:31:52,2018-06-04 13:19:00,2018-06-25 20:42:09,2018-07-16,49.99,22.93,1,1,72.92,2,1,3.0,1.0,8234e6c1f994bc829649de4ac248ed0f,87265,quinta do sol,PR,22.97976851851852,43.117164351851855,0,72.92
accc1fd1e3c84881e0a9b27f8b611386,5fe8c0482d540984e89e0d7aaaa6bc66,delivered,2018-06-02 21:13:07,2018-06-05 04:51:53,2018-06-05 13:52:00,2018-06-11 20:04:09,2018-07-16,106.0,38.68,2,1,144.68,1,1,1.0,1.0,c4dd889d7fe1cdefc11e1dca588e3ac6,27410,quatis,RJ,8.952106481481481,43.115891203703704,0,144.68
64e3a06a754ad68d968eabbdf900399c,d83f28882452bfc1b5666e4eb277f828,delivered,2018-06-02 21:17:37,2018-06-02 21:31:52,2018-06-04 11:57:00,2018-06-06 19:52:08,2018-06-28,34.99,11.15,1,1,46.14,1,1,5.0,1.0,2d632b5eb3b659d691bd8ab6458655ca,5128,sao paulo,SP,3.940636574074074,25.112766203703703,0,46.14
b10fb9234ad5eba5cbc090ddd8950c6d,b4f17fea2f54f7ceb19bcf5a608c6cf9,delivered,2018-06-02 21:17:44,2018-06-02 21:31:51,2018-06-05 07:48:00,2018-06-12 18:10:59,2018-07-12,65.0,18.33,1,1,83.33,1,1,4.0,1.0,a172516b55742114082801bffb7fa1a4,87113,sarandi,PR,9.8703125,39.112685185185185,0,83.33
6a3c507660b55ba44c463acc23cc8d68,e69bf5017b2f0579333d892780b11b56,delivered,2018-06-02 21:19:30,2018-06-03 21:15:14,2018-06-04 13:38:00,2018-06-05 18:30:41,2018-06-20,109.13,9.12,1,1,118.25,10,1,5.0,1.0,3965b3e9631ff87aa8c3d7e4d8473294,4545,sao paulo,SP,2.882766203703704,17.111458333333335,0,118.25
11896eca4737d6de23fa36ce716f559a,f2c01668df95ccb0d1c939ce0b89dfd8,delivered,2018-06-02 21:20:20,2018-06-02 21:31:52,2018-06-04 14:34:00,2018-06-06 18:31:57,2018-06-28,22.99,7.39,1,1,30.38,1,1,4.0,1.0,1a58cb80005db08aa7ebc4f6f32175aa,2244,sao paulo,SP,3.8830671296296297,25.11087962962963,0,30.38
b0b8a75fcb5b8311f01d5e12347d7e32,ec9ed8be674f660863975ced862bf2f9,delivered,2018-06-02 21:21:05,2018-06-05 04:12:49,2018-06-05 13:41:00,2018-06-11 19:56:38,2018-07-04,47.0,15.23,1,1,62.23,1,1,5.0,1.0,5d869784b798f67d1cb6d438e433ccdb,4474,sao paulo,SP,8.941354166666667,31.110358796296296,0,62.230000000000004
fbfad390c633c114671b200fa2979b7b,de5287cb904d178cb3f21c27c0d96b84,delivered,2018-06-02 21:23:09,2018-06-02 21:35:12,2018-06-04 13:15:00,2018-06-18 19:08:28,2018-07-12,99.9,23.28,1,1,123.18,2,1,4.0,1.0,64bcd4fbbbfe682e749d484371c4ed1d,26032,nova iguacu,RJ,15.906469907407407,39.10892361111111,0,123.18
ce30373e8d97c7fc959631b6224af95f,809bd95c2a1c148967634227e843316b,delivered,2018-06-02 21:24:44,2018-06-02 21:35:15,2018-06-04 17:19:00,2018-06-14 16:05:25,2018-07-16,1332.5,83.91,1,1,1416.41,10,1,3.0,1.0,5f49c05291e2c5b88dbe730e3c649c68,41100,salvador,BA,11.778252314814814,43.107824074074074,0,1416.41
214580954d7ba593f5d402590c80d49c,f7b7dbae4f8fcd392494307aa5f645f3,delivered,2018-06-02 21:26:38,2018-06-02 21:50:00,2018-06-04 12:23:00,2018-06-05 19:38:49,2018-06-28,229.9,12.23,1,1,242.13,1,1,5.0,1.0,e19d2823a5489529fea91a66466455f3,6018,osasco,SP,2.925127314814815,25.10650462962963,0,242.13
bd9ff9dfae49eb3a07837fd0bc16154e,743605f73648410aaa37405f3385d830,delivered,2018-06-02 21:29:17,2018-06-02 21:49:58,2018-06-04 13:54:00,2018-06-05 20:41:19,2018-06-28,49.0,7.39,1,1,56.39,1,1,5.0,1.0,e63b4fe350ccb4a22740adb4c74aa6c0,4071,sao paulo,SP,2.966689814814815,25.104664351851852,0,56.39
1630676be03651738ab38bdd77ce6e67,446a6279fe5b28577077ebcc18daee62,delivered,2018-06-02 21:48:38,2018-06-02 22:11:36,2018-06-04 15:15:00,2018-06-07 17:12:20,2018-07-05,48.9,13.71,1,1,62.61,1,1,5.0,1.0,d223c5bb21eb9bd26005f53adc94e87e,14110,bonfim paulista,SP,4.808125,32.09122685185185,0,62.61
4b1609677539e847e9d15f655ca4fcd0,88507b4af721b641e3cfbd7b2d65e0e1,delivered,2018-06-02 21:50:52,2018-06-02 22:11:36,2018-06-05 10:15:00,2018-06-17 14:32:52,2018-07-12,64.99,27.51,1,1,92.5,4,1,4.0,1.0,0ec29eadd3a732aa217a3310772bc2dd,82920,curitiba,PR,14.695833333333333,39.089675925925924,0,92.5
d6ca1bec2f56a21f948613de255ac819,6c8517970908e8f1ea1eb8748e7fe6ea,delivered,2018-06-02 21:51:43,2018-06-02 22:11:38,2018-06-05 10:53:00,2018-06-06 23:33:10,2018-06-28,110.0,11.39,1,1,121.39,2,1,5.0,1.0,f26c85cba2922b73d13abfb7f2425a01,6045,osasco,SP,4.0704513888888885,25.08908564814815,0,121.39
0aba00d509b25a0a90084c7137a8cec0,51c988b6ca0ffe2a720f93198d2ab51b,delivered,2018-06-02 21:53:08,2018-06-05 04:12:32,2018-06-06 15:43:00,2018-06-14 21:10:57,2018-07-11,49.9,26.43,1,1,76.33,1,1,4.0,1.0,0e657c4c9897bbd7b633be337ecfc4bd,32043,contagem,MG,11.970706018518518,38.08810185185185,0,76.33
6da0685c82e8535a05cf6b4e4eabc52e,e1d1dee29c972491405875c9e08cc86b,delivered,2018-06-02 21:58:31,2018-06-02 22:11:42,2018-06-04 13:49:00,2018-06-06 13:04:08,2018-07-18,299.99,12.96,1,1,312.95,2,1,5.0,1.0,a2eef70fc13f66d5a4369098f4ed280b,22020,rio de janeiro,RJ,3.628900462962963,45.08436342592593,0,312.95
830bae1b14f630e9137b07c70940c0d8,eeb87d5be19d54c93c3ad46e5a882be7,delivered,2018-06-02 22:04:51,2018-06-02 22:15:12,2018-06-04 14:16:00,2018-06-05 19:46:50,2018-06-28,198.0,31.2,2,1,229.2,3,1,1.0,1.0,9e855456330c62178e7652ed067e5247,9715,sao bernardo do campo,SP,2.9041550925925925,25.079965277777777,0,229.2
74814089384762f3833de42b05c9c2c7,60c3b5e9a49680687f57dec245ff4878,delivered,2018-06-02 22:27:59,2018-06-02 22:51:07,2018-06-04 17:19:00,2018-06-15 08:34:54,2018-07-19,1332.5,105.14,1,1,1437.64,10,1,5.0,1.0,0fbad5f5683626b3c234ef751d2ff166,96400,bage,RS,12.421469907407408,46.06390046296296,0,1437.64
e71de1319c64de74f70d18d1459d270d,2186cc784d9f14d554281e29f7a66362,delivered,2018-06-02 22:29:52,2018-06-02 22:51:08,2018-06-08 13:40:00,2018-06-14 01:08:33,2018-07-24,515.0,18.49,1,1,533.49,8,1,5.0,1.0,e8c90a5e8a2ff54b73ab2acd1207c407,22793,rio de janeiro,RJ,11.11019675925926,51.062592592592594,0,533.49
71a88ca55a16c100b22fa5dace71266a,cf8988f6601f583a955185731958229d,delivered,2018-06-02 22:36:30,2018-06-02 22:51:08,2018-06-05 12:54:00,2018-06-19 11:38:43,2018-07-04,572.9,21.89,1,1,594.79,8,1,5.0,1.0,a56df37f1251ec47d5ad53dab3043f38,28950,armacao dos buzios,RJ,16.543206018518518,31.057986111111113,0,594.79
90fc6b4369c07c92c129ecbbde6e6216,1955d7e0c5a0d6fc2fa2eea4662b8f1f,delivered,2018-06-02 23:06:14,2018-06-02 23:31:44,2018-06-07 12:57:00,2018-06-14 20:32:45,2018-07-19,134.9,23.52,1,1,158.42,3,1,5.0,1.0,9c41be9e30aa292cfbd98715fa891c7c,12246,sao jose dos campos,SP,11.893414351851852,46.037337962962965,0,158.42000000000002
e87c331d21a3fb3085079a9b32f4a56c,4bf97f85728e222d60123b493dec288b,delivered,2018-06-02 23:08:10,2018-06-02 23:15:13,2018-06-04 14:18:00,2018-06-18 13:13:49,2018-07-23,169.9,51.69,1,1,221.59,3,1,5.0,1.0,8dc76fe978df620b32ab5a6ac4791f4d,55315,correntes,PE,15.587256944444444,50.03599537037037,0,221.59
75f377de08069316accd713c6f844f19,db4ffdc69a26c7e3fc8858bd647e157b,delivered,2018-06-02 23:36:30,2018-06-05 04:31:07,2018-06-05 10:17:00,2018-06-15 17:22:01,2018-07-24,89.99,18.21,1,1,108.2,1,1,5.0,1.0,00fd18b088edb95d1a35457f1c0e1bfa,20530,rio de janeiro,RJ,12.739942129629629,51.01631944444444,0,108.19999999999999
c3fea8c95a1b94af7d629c3c2952334b,16ee708807a1311a42642843b427b00f,delivered,2018-06-02 23:40:57,2018-06-02 23:50:23,2018-06-04 09:42:00,2018-06-11 16:28:36,2018-07-11,27.9,18.23,1,1,46.13,1,1,5.0,1.0,56238e115fd05d88a5e9ae565b8c2dbb,26292,nova iguacu,RJ,8.699756944444445,38.01322916666667,0,46.129999999999995
6308e2b09c21b19ba8950c494a9468d6,9890729ffc125b12b99d8bb4814b1ce0,delivered,2018-06-02 23:42:33,2018-06-03 00:35:20,2018-06-05 07:02:00,2018-06-10 10:54:23,2018-07-05,55.0,13.75,1,1,68.75,1,1,5.0,1.0,c2f09498058a8035f734260b1b252b16,15075,sao jose do rio preto,SP,7.466550925925926,32.012118055555554,0,68.75
f77d6449700df86a91049fdf2bb2e7f5,8a717a19b689087bd31b9b2241003871,delivered,2018-06-03 00:20:18,2018-06-03 00:30:17,2018-06-04 15:31:00,2018-06-06 18:21:56,2018-06-20,311.92,35.6,4,1,347.52,7,1,5.0,1.0,6ac1d3a5d7b9d60c230b2931ea47f0c4,11535,cubatao,SP,3.7511342592592594,16.985902777777778,0,347.52000000000004
022cb45264ced2571bbbd8e231838100,aafd4a30b4fc87b9ce204df17db5196d,delivered,2018-06-03 00:21:24,2018-06-03 00:30:19,2018-06-05 08:45:00,2018-06-12 16:09:02,2018-06-28,45.0,7.39,1,1,52.39,1,1,5.0,1.0,c09214ba56100e782501686ca3bbb119,9571,sao caetano do sul,SP,9.658078703703703,24.98513888888889,0,52.39
a3675d53a727735e4e83c8e078666646,0280ead6134bfe639866306f1f0258ab,delivered,2018-06-03 00:27:27,2018-06-03 00:51:15,2018-06-08 07:41:00,2018-06-11 16:27:45,2018-06-28,66.71,7.39,1,1,74.1,2,1,5.0,1.0,8f97b730f3d6799a318cc4a245075144,1248,sao paulo,SP,8.666875,24.9809375,0,74.1
da98211dfdb21faaf9b5d67f11b7f50d,e8924abb7442d0dacf0852f2c20bb7b2,delivered,2018-06-03 00:36:14,2018-06-03 00:51:25,2018-06-04 12:59:00,2018-06-05 20:04:08,2018-06-28,49.8,16.58,2,1,66.38,1,1,2.0,1.0,c8dd9f997f6c6d0765c75a0cc0b72a7d,4026,sao paulo,SP,2.8110416666666667,24.97483796296296,0,66.38
8726f6a81f4ae5a390e7e638a31e9a21,c96e84fe010b6c64f16216b8786fa0a9,delivered,2018-06-03 00:37:51,2018-06-03 00:51:23,2018-06-06 12:06:00,2018-06-26 21:35:36,2018-06-28,17.99,7.39,1,1,25.38,2,1,4.0,1.0,1570fd02cc445d9818f908de84103127,1225,sao paulo,SP,23.8734375,24.973715277777778,0,25.38
f206c6ef0257553e7eabe4dbb10b6787,57770afac55ad920cc32d7b4d0a1230a,delivered,2018-06-03 00:42:34,2018-06-03 00:55:21,2018-06-05 13:50:00,2018-06-11 11:12:03,2018-07-12,89.9,42.69,1,1,132.59,1,1,,,05bce6290ac80965d9f8b1028106c9fa,79130,rio brilhante,MS,8.437141203703703,38.97043981481482,0,132.59
31a9ca81d056ac824459a57e784fcfe6,c4ed2755f23f173426fcc47decf4ebdc,delivered,2018-06-03 01:51:37,2018-06-04 09:29:59,2018-06-05 05:40:00,2018-06-12 22:28:50,2018-07-05,599.9,16.64,1,1,616.54,8,1,1.0,1.0,176fa14df41f3c8f0daf93c00c4f6229,14960,novo horizonte,SP,9.859178240740741,31.922488425925927,0,616.54
8275a8137ae9dfb14ecb5307ea797413,d3c1d56a51432da29ad51ae084d90275,delivered,2018-06-03 02:11:33,2018-06-03 02:32:09,2018-06-04 11:06:00,2018-06-11 20:41:46,2018-07-27,75.8,15.41,1,1,91.21,4,1,5.0,1.0,56f358d01cf9b656a37e1db99e0af45b,21330,rio de janeiro,RJ,8.770983796296296,53.90864583333333,0,91.21
1181af08903c7e8cc1cd6cd5df586dd6,e09feaba1b9e1b07fd0203fc3d1e23c9,delivered,2018-06-03 07:38:50,2018-06-03 07:55:08,2018-06-04 14:47:00,2018-06-05 22:22:31,2018-07-11,424.5,48.7,3,2,473.21,3,1,3.0,1.0,ade96e0b2c4e31ee44d25203a746d311,1315,sao paulo,SP,2.6136689814814815,37.68136574074074,0,473.2
6fa7108940c47458d4fb891b0b6a8a21,19669d038ed56a7ac64ccb06dda3e852,delivered,2018-06-03 07:47:53,2018-06-03 07:55:09,2018-06-04 12:58:00,2018-06-13 18:39:28,2018-07-25,84.9,23.17,1,1,108.07,2,1,4.0,1.0,532e63cfe1d8d3912a463ab130b1eda0,21215,rio de janeiro,RJ,10.452488425925926,51.67508101851852,0,108.07000000000001
2a770273775ea731f0a1f238f5c33a4f,30f5d14ca214a42c4c6a57e92e829ff2,delivered,2018-06-03 08:16:22,2018-06-05 03:55:15,2018-06-05 13:08:00,2018-06-16 17:34:56,2018-07-16,34.99,17.93,1,1,52.92,1,1,5.0,1.0,74117f45129c9dbc91367032166219ce,25900,mage,RJ,13.387893518518519,42.65530092592593,0,52.92
f859266ccfc29caf67429ae86f081f7a,4ec889f3d9cd212d69b57bf84fe19f61,delivered,2018-06-03 08:25:31,2018-06-03 08:50:07,2018-06-04 15:30:00,2018-06-11 23:41:53,2018-07-17,350.0,14.89,1,1,364.89,12,1,5.0,1.0,5c58b2582dc846cc1d2e0e09d35142be,14092,ribeirao preto,SP,8.636365740740741,43.64894675925926,0,364.89
0eb6c6aa0923d0a671134710c31319f7,11b5f83470e86b06f220fac828043b54,delivered,2018-06-03 08:32:54,2018-06-03 08:50:07,2018-06-05 08:45:00,2018-06-15 22:52:18,2018-07-19,110.0,22.83,1,1,132.83,2,1,5.0,1.0,7d5addd56bfffc740016b9f114624c45,61880,itaitinga,CE,12.596805555555555,45.643819444444446,0,132.82999999999998
f36cda6db10b2dddb208bf63a6ef8dfc,bb15c99f5519bbc27a55868e043216de,delivered,2018-06-03 08:39:18,2018-06-05 03:55:22,2018-06-05 15:33:00,2018-06-11 14:21:36,2018-07-16,39.99,22.06,1,1,62.05,1,1,1.0,1.0,e6f1d12fccf59c1b98c41d5b818c4138,79500,paranaiba,MS,8.237708333333334,42.639375,0,62.05
36f34e0afd0f39f2a94e0988c4a5047c,251782bc82d793bfc38ff538aa37f263,delivered,2018-06-03 08:56:31,2018-06-03 09:11:06,2018-06-07 12:55:00,2018-06-13 17:26:36,2018-07-16,138.9,14.09,1,1,152.99,2,1,5.0,1.0,d7f0169cfc48f3e8aa47c919cd5704bb,9771,sao bernardo do campo,SP,10.354224537037037,42.62741898148148,0,152.99
821a1e7c9755a640a28554e2d777df92,ceee5f652721c614474008d744d8bfdc,delivered,2018-06-03 09:15:40,2018-06-03 09:51:03,2018-06-11 15:19:00,2018-06-16 16:41:50,2018-07-17,129.97,21.99,1,1,151.96,4,1,5.0,1.0,7070c35ed018dc5904ff5f0e90ef964e,9617,sao bernardo do campo,SP,13.309837962962963,43.61412037037037,0,151.96
88367c23420c866abd6157288f3c7a0d,451efe6b44494639a089b5f2209bf88d,delivered,2018-06-03 09:31:00,2018-06-03 09:51:05,2018-06-05 07:06:00,2018-06-06 23:38:52,2018-06-28,169.99,12.52,1,1,182.51,5,1,5.0,1.0,c08ba9001ba88f8e18d4349f4ef8ce5b,13211,jundiai,SP,3.5887962962962963,24.603472222222223,0,182.51000000000002
d22cef32310bb1950b78612b7c15ae9a,7c15abcfef924a6e0f7865d0982e0cb8,delivered,2018-06-03 09:46:56,2018-06-05 04:51:44,2018-06-05 14:03:00,2018-06-08 11:34:29,2018-07-11,119.99,18.72,1,1,138.71,1,1,4.0,1.0,134371de5fd708f95d54039a714e4fb1,13092,campinas,SP,5.0746875,37.59240740740741,0,138.70999999999998
d98a17b8648ea9e13d2899e366912c6d,d79f4a65ae3208f10ffa62977683c546,delivered,2018-06-03 09:48:09,2018-06-04 09:51:34,2018-06-07 15:49:00,2018-06-25 18:54:55,2018-07-20,318.99,154.37,2,2,473.36,5,1,5.0,1.0,4d94c2d7b8413b9e9c9936249fe9a17d,65393,buriticupu,MA,22.379699074074075,46.5915625,0,473.36
510ccfe4dbd8df0f0b94b239ce6e01f8,6d4eb3e8b01422ec8ecf52aa0f82dbdb,delivered,2018-06-03 09:48:48,2018-06-03 10:09:58,2018-06-04 15:16:00,2018-06-09 19:16:33,2018-07-05,56.99,17.31,1,1,74.3,4,1,1.0,1.0,3d85776597e4da18f564e15b8dc273bf,6826,embu das artes,SP,6.394270833333334,31.59111111111111,0,74.3
aa8349da5e4a45c547cfac79368e930d,ac985dc42c574f505df2a402031d7746,delivered,2018-06-03 09:51:47,2018-06-03 10:15:16,2018-06-05 14:21:00,2018-06-20 15:06:44,2018-07-19,102.0,19.68,1,1,121.68,10,1,5.0,1.0,db4b5bcbe7694b9d62430ab3d7654e61,95010,caxias do sul,RS,17.21871527777778,45.58903935185185,0,121.68
2cb414479754a8e1ed07eed0ccfc0778,a00cedaaa02a3875ce936ecf15c567b9,delivered,2018-06-03 09:59:42,2018-06-03 10:49:57,2018-06-04 10:11:00,2018-06-18 18:24:40,2018-07-16,399.0,39.48,1,1,438.48,6,1,5.0,1.0,9862ce221e3e2761a216c537d75d0256,47640,santa maria da vitoria,BA,15.350671296296296,42.58354166666667,0,438.48
cea3e6c11eb60acb9d8d4d51694832f8,cbb68c721ba9ddb30d8a490cc1897fa1,delivered,2018-06-03 10:12:57,2018-06-03 10:50:00,2018-06-04 14:18:00,2018-06-19 16:04:46,2018-07-11,11.55,15.23,1,1,26.78,1,1,4.0,1.0,00a39521eb40f7012db50455bf083460,72595,brasilia,DF,16.24431712962963,37.57434027777778,0,26.78
23ab1be99f36d5bb2c599fc1c95829ed,9559ff4720ff708bbd034b8bb2fbd864,delivered,2018-06-03 10:21:00,2018-06-03 11:10:48,2018-06-11 13:57:00,2018-06-16 14:58:41,2018-07-16,224.0,15.65,1,1,239.65,1,1,5.0,1.0,31d9c52f93228a14c0ed110e627e5dde,4130,sao paulo,SP,13.192835648148149,42.56875,0,239.65
7c9be012c84c629a1f6f9e7ad6cdb81b,1e555bb209b083428207fe0e28c62252,delivered,2018-06-03 10:24:42,2018-06-03 10:49:59,2018-06-04 15:16:00,2018-06-15 00:57:15,2018-07-13,129.0,14.99,1,1,143.99,3,1,1.0,1.0,6820262b5c131c96261155f35c4a2e20,6866,itapecerica da serra,SP,11.6059375,39.566180555555555,0,143.99
9b09902ff42cd359909e5203a008a921,4626deb1d6528b9fe2ff75fd889f27c2,delivered,2018-06-03 10:28:43,2018-06-03 10:50:00,2018-06-04 10:15:00,2018-06-12 21:07:09,2018-07-13,23.9,18.23,1,1,42.13,1,1,5.0,1.0,9d9e66e0aa0c3e3679f222b49308ef46,25806,tres rios,RJ,9.443356481481482,39.5633912037037,0,42.129999999999995
4f8bcc599bf25aa16aa67fd4ebf895dc,473c155bbf0e0ae803bd419e8b1e24eb,delivered,2018-06-03 10:38:07,2018-06-03 10:50:18,2018-06-04 16:08:00,2018-06-07 21:28:50,2018-07-12,76.0,38.64,2,1,114.64,3,1,1.0,1.0,2db396fe726c663b1c77300ff38aeb69,37136,alfenas,MG,4.4518865740740745,38.556863425925926,0,114.64
308cbbff78b182dfef86b37c94f10205,faeff8520c09a95d7422d018c2029bc7,delivered,2018-06-03 10:40:05,2018-06-03 10:50:20,2018-06-04 15:12:00,2018-06-05 18:03:47,2018-06-28,49.9,7.39,1,1,57.29,1,1,3.0,1.0,5941ba7f91b519d195e16e34fcf61bac,9990,diadema,SP,2.308125,24.555497685185184,0,57.29
4fc3e7aadb8db1172a7c3bbb29d6295d,d71ad0d7565ff4416f25fb0572a31b2d,delivered,2018-06-03 10:41:29,2018-06-05 04:12:46,2018-06-05 13:59:00,2018-06-13 15:48:42,2018-07-19,149.9,63.08,1,1,212.98,1,1,4.0,1.0,c94a4fd71d10049438367c2a3f6b695a,83260,matinhos,PR,10.213344907407407,45.554525462962964,0,212.98000000000002
0a6941f89f53dc1f622f877b23601ed7,b4051bb7f29ee4b588846c865187bd9f,delivered,2018-06-03 10:45:31,2018-06-03 10:55:20,2018-06-04 11:17:00,2018-06-08 00:38:26,2018-07-23,30.299999999999997,14.780000000000001,2,2,45.08,4,1,2.0,1.0,f982853f2882760f3a52e7bdfabb1080,3127,sao paulo,SP,4.578414351851852,49.55172453703704,0,45.08
b71ba668b12da5320995cd74acecb2fb,ac708849f8add56b9c304bd26ffd4bee,delivered,2018-06-03 10:47:54,2018-06-03 11:10:36,2018-06-06 06:08:00,2018-06-07 23:17:23,2018-06-29,110.32,7.64,1,1,117.96000000000001,1,2,5.0,1.0,57f36f673a04f9fa8e90f54920061a9d,3930,sao paulo,SP,4.520474537037037,25.550069444444443,0,117.96
d6fb3b00e9bc6f76ab18c1808677a051,ec640f0d230b778b2fe0461ad9f25d9e,delivered,2018-06-03 10:55:10,2018-06-03 11:10:48,2018-06-04 14:45:00,2018-06-11 20:36:23,2018-07-05,39.0,13.71,1,1,52.71,2,1,5.0,1.0,518024cd9cf8ef40e5c96d203be3841a,5684,sao paulo,SP,8.403622685185185,31.545023148148147,0,52.71
3db2043174db8823618e67b7e2c8c3e1,4d39fc23e896737713182a2e26d04f6f,delivered,2018-06-03 10:56:23,2018-06-03 11:10:45,2018-06-04 14:46:00,2018-06-12 17:35:45,2018-07-12,598.0,39.94,2,1,637.94,1,1,4.0,1.0,203a52b1145983c94fdbcbf514fe89ff,98280,panambi,RS,9.277337962962964,38.54417824074074,0,637.94
9d5246455ad1fb521f263b356635f4df,360469aa13eab175485990e06ee97896,delivered,2018-06-03 10:59:14,2018-06-05 04:30:56,2018-06-07 15:35:00,2018-06-08 22:08:40,2018-06-28,38.9,7.39,1,1,46.29,1,1,4.0,1.0,99e36749c5c84dc56b13138caac13b55,13212,jundiai,SP,5.464884259259259,24.542199074074073,0,46.29
80abbc325d8a084990586d706a61d534,6f4184a789e441d13698cb3e51a2f4d6,delivered,2018-06-03 10:59:51,2018-06-03 11:10:48,2018-06-04 15:12:00,2018-06-06 17:52:03,2018-06-28,79.9,7.42,1,1,87.32,2,1,5.0,1.0,1c118e601bf769b901be570ebeb68301,11030,santos,SP,3.28625,24.541770833333334,0,87.32000000000001
150fb6d066c66925d51a48782deafdfe,c07897b63ee92b706019d87969a92a6c,delivered,2018-06-03 11:03:37,2018-06-03 11:15:16,2018-06-05 08:53:00,2018-06-13 22:38:38,2018-07-25,53.0,19.34,1,1,72.34,3,1,5.0,1.0,ad155bc0931cb6bab63d4ff2515c3159,23017,rio de janeiro,RJ,10.482650462962964,51.539155092592594,0,72.34
00c62d05602c1ca8164b98746d127fa8,2c64fc3c9f0672a9f2481654a7bf109b,delivered,2018-06-03 11:10:53,2018-06-05 04:52:02,2018-06-05 10:57:00,2018-06-12 20:15:51,2018-07-12,110.0,18.35,1,1,128.35,1,1,4.0,1.0,74e18f891a58daf76d6bc822b0dec66f,74785,goiania,GO,9.378449074074075,38.534108796296294,0,128.35
77384bc4848f77dc178f176c736ad7d8,a31a8d00b52139bcfd70da02373c88ef,delivered,2018-06-03 11:17:50,2018-06-03 11:30:57,2018-06-04 13:17:00,2018-06-21 21:51:47,2018-07-23,359.0,36.05,1,1,395.05,6,1,5.0,1.0,4b3946a3daa2a6a71a5588a99c1cb1d7,71920,brasilia,DF,18.440243055555555,49.52928240740741,0,395.05
c85effde0ed0992c84e040a55a793259,3afa07715c980bf768a77337d193f7c3,delivered,2018-06-03 11:22:06,2018-06-05 04:52:00,2018-06-05 14:59:00,2018-06-07 22:58:56,2018-06-28,149.97,9.78,1,1,159.75,1,1,5.0,1.0,a400be57db9311af2efcad0f57bf0d2b,30180,belo horizonte,MG,4.483912037037037,24.526319444444443,0,159.75
84d2098c97827c6327ed4d7be95e1fc8,0a46d9100178dc3af825b8eb34c256da,delivered,2018-06-03 11:23:09,2018-06-03 11:30:57,2018-06-04 14:21:00,2018-06-12 18:16:00,2018-07-05,249.9,36.88,1,1,286.78,24,1,4.0,1.0,89fa92499f5bdf87e7b586218f1c5ec7,25540,sao joao de meriti,RJ,9.286701388888888,31.525590277777777,0,286.78000000000003
17db3c7c3dc64b6f036bbe554a3520b1,46a5d6d36feb1d11d7cd62a70c2633c7,delivered,2018-06-03 11:27:29,2018-06-03 11:50:27,2018-06-05 08:44:00,2018-06-15 21:08:57,2018-07-05,49.9,14.44,1,1,64.34,6,1,4.0,1.0,06e9efd9908fc2459e4a34b0f616243a,11680,ubatuba,SP,12.403796296296296,31.52258101851852,0,64.34
e147eb86ed23b0e106ce62cec5c6df6a,9c701fa0ca8a580d86ec245af013d65b,delivered,2018-06-03 11:28:20,2018-06-04 15:55:24,2018-06-06 12:01:00,2018-06-19 17:48:43,2018-07-20,96.0,42.73,1,1,138.73,1,1,5.0,1.0,3c023c5cbc1bb587bd05639d561ca0b8,55819,carpina,PE,16.264155092592592,46.52199074074074,0,138.73
b153954b30a6a686b88cf18a599b4382,a75bcc763c11877e9047c0646b938866,delivered,2018-06-03 11:31:07,2018-06-03 11:50:34,2018-06-04 11:52:00,2018-06-18 18:02:46,2018-07-24,22.0,15.23,1,1,37.23,1,1,5.0,1.0,5acbcf8c54d3efdcc30a8c125c90d1e6,20540,rio de janeiro,RJ,15.271979166666666,50.52005787037037,0,37.230000000000004
e80b7d9d6ca2b46da0d5abe9c1d47548,45e3f9d574b70d26719ba4fa0988f07b,delivered,2018-06-03 11:42:01,2018-06-03 11:55:12,2018-06-04 14:37:00,2018-06-07 13:28:41,2018-06-29,124.0,24.72,2,2,148.72,3,1,4.0,1.0,c3a7e076f7c03a272a069709bed9c93c,5856,sao paulo,SP,4.074074074074074,25.512488425925927,0,148.72
728e6e20cca95cec41b3ff149895c6e2,3190d3289eeb987b3874ac2b14fd913f,delivered,2018-06-03 11:45:40,2018-06-04 11:51:17,2018-06-05 13:44:00,2018-06-10 13:42:21,2018-07-05,19.9,13.47,1,1,33.37,1,1,5.0,1.0,ac50e9f5772d10bdb2d5d88b4e77f31f,83304,piraquara,PR,7.081030092592592,31.509953703703705,0,33.37
0f6134bc3d92b2b091f7cab65b9f7ac2,8de47e3c79765207cd3b53d4c95ed949,delivered,2018-06-03 11:49:20,2018-06-03 12:10:28,2018-06-07 14:14:00,2018-06-14 21:33:26,2018-07-24,89.9,23.21,1,1,113.11,5,1,5.0,1.0,47544c4d42f988172faedb4b05231671,35669,papagaios,MG,11.405625,50.507407407407406,0,113.11000000000001
f93af565de05d2427790ad8d0368a80e,abd4fba77f31f5efdc766a09851e4da3,delivered,2018-06-03 11:52:11,2018-06-03 12:10:28,2018-06-04 15:05:00,2018-06-05 18:19:32,2018-06-28,79.99,8.32,1,1,88.31,2,1,5.0,1.0,0be176523405976a37488ad6a2b81031,5412,sao paulo,SP,2.2689930555555557,24.50542824074074,0,88.31
777e1991a17b077dc363745bbaf05e2f,0ee021d3f5f8797d7adc76dbf69a6b79,delivered,2018-06-03 11:53:02,2018-06-03 12:10:27,2018-06-04 16:42:00,2018-06-06 14:05:59,2018-06-28,11.5,7.71,1,1,19.21,1,1,5.0,1.0,5834285a23ef73b5e7d289518129239e,35701,sete lagoas,MG,3.092326388888889,24.504837962962963,0,19.21
7621d265cbcc87d4845818b256ac193e,c88e6265903acbcc184a0d99abe6b987,delivered,2018-06-03 12:00:29,2018-06-03 12:15:18,2018-06-04 14:18:00,2018-06-12 20:58:33,2018-07-24,12.25,15.23,1,1,27.48,1,1,5.0,1.0,ddb53c4b0d47088ef6c2a1cb3495f0c4,22280,rio de janeiro,RJ,9.373657407407407,50.499664351851855,0,27.48
039fcd445ffe2e560443c34326f2b764,7f3c887db8ec3506117be4612105cf28,delivered,2018-06-03 12:06:15,2018-06-03 12:30:27,2018-06-04 09:11:00,2018-06-12 14:29:00,2018-07-13,78.0,23.05,1,1,101.05,2,1,3.0,1.0,b5f9e64d3695a5af924e9906a9644593,49027,aracaju,SE,9.099131944444444,39.49565972222222,0,101.05
6340164ffcc87a11dd0ad37d2551994c,0bd8656da445cf7cf9f59a2fa41f9e91,delivered,2018-06-03 12:26:22,2018-06-04 12:31:19,2018-06-05 14:34:00,2018-06-14 22:07:43,2018-07-12,189.9,19.21,1,1,209.11,1,1,,,a08b7a139f50986a7f6c70589d16aced,37551,pouso alegre,MG,11.403715277777778,38.481689814814814,0,209.11
2709ee9d4fc363bd22b6bc782fa3668f,5e5da5412a9c2e535cf46f43cd8d8e4e,delivered,2018-06-03 12:26:37,2018-06-03 12:50:11,2018-06-04 15:34:00,2018-06-05 18:40:46,2018-06-29,80.0,7.75,1,1,87.75,1,1,2.0,1.0,133712ad4fe8e5ec9e21cf71a5719c30,83430,campina grande do sul,PR,2.259826388888889,25.481516203703702,0,87.75
e42b4cff5d459fc447019421a3cc5706,a91290410a471b445d4c17aaa10a3c2d,delivered,2018-06-03 12:40:45,2018-06-03 12:50:18,2018-06-06 14:30:00,2018-06-18 19:42:34,2018-07-13,249.9,35.29,1,1,285.19,1,1,3.0,1.0,55f21db4f9a353dcee5b774f750c65a1,29240,alfredo chaves,ES,15.292928240740741,39.47170138888889,0,285.19
6eb1445131218c4f6a6ef2d4960e4f51,0cf44a827f1bda40bb968f6c0393aec8,delivered,2018-06-03 12:53:11,2018-06-03 13:10:49,2018-06-11 14:54:00,2018-06-15 11:14:25,2018-06-28,225.0,46.29,3,1,271.29,1,1,5.0,1.0,80d0037495c69b62744f1c230b693c28,8120,sao paulo,SP,11.931412037037036,24.46306712962963,0,271.29
906f4bc65b707953aee3d6462aa07e8d,cdfa43e0652c0516c3bb32a90726f999,delivered,2018-06-03 12:54:39,2018-06-03 13:10:50,2018-06-04 18:11:00,2018-06-09 16:54:44,2018-07-05,114.9,14.89,1,1,129.79,2,1,4.0,1.0,d2d7ae2e8be85a1a7cc1fbcbc3444bcd,13183,hortolandia,SP,6.166724537037037,31.46204861111111,0,129.79000000000002
a874eec5edcf6172ec6d8bde7bcccd08,e96a52e3123ff005fb7e379b8927b7c6,delivered,2018-06-03 13:05:14,2018-06-03 13:15:15,2018-06-11 08:50:00,2018-06-20 18:30:45,2018-07-16,269.9,125.55,1,1,395.45,5,1,1.0,1.0,fdd4c60553c33cd8b3ae6e2ac285a9fa,60150,fortaleza,CE,17.22605324074074,42.45469907407407,0,395.45
e02513d56c28c7f7f0050e48ea836c05,4625da7f4d9dd82612242ee97ff1d4bf,delivered,2018-06-03 13:07:03,2018-06-03 13:15:14,2018-06-04 13:24:00,2018-06-08 18:38:19,2018-07-13,12.9,18.23,1,1,31.13,1,1,4.0,1.0,09c06d2a7f62d2dfa843f8fa6f893c8f,89066,blumenau,SC,5.230046296296297,39.4534375,0,31.130000000000003
d35a77135cb96df5bdc938dcdbd2d85e,4721a5a77949f6af33ca1213ddc4c8c4,delivered,2018-06-03 13:08:39,2018-06-05 04:31:09,2018-06-05 15:20:00,2018-06-14 23:41:46,2018-07-16,288.0,19.9,1,1,307.9,1,1,5.0,1.0,82fb68e1acbe694711bc288405065e36,90670,porto alegre,RS,11.439664351851851,42.45232638888889,0,307.9
758d8c3ddeba66a2a9cad6c8b043dd2f,024a05bd7b940e8cf5827498ed1e039d,delivered,2018-06-03 13:17:29,2018-06-03 13:30:22,2018-06-04 16:43:00,2018-06-05 20:50:54,2018-06-28,91.98,17.76,2,1,109.74,1,1,5.0,1.0,1fd2a9687047f9b9644852f25dc8aa65,13049,campinas,SP,2.3148726851851853,24.44619212962963,0,109.74000000000001
b22b9811c2074480cc93f9e8b8e4c8b5,3d5611fadabfffc730fbbffaeb7cecbf,delivered,2018-06-03 13:21:09,2018-06-03 13:35:12,2018-06-04 15:14:00,2018-06-09 19:41:41,2018-07-27,113.09,38.37,1,1,151.46,3,1,3.0,1.0,46abf00c97df5cc24545eef3ffbe0463,9130,santo andre,SP,6.264259259259259,53.443645833333335,0,151.46
9ff8d80b8ab2c8a80a16ba4ed7fee203,33c7ab37ec1d522359e98d00e420a5b9,delivered,2018-06-03 13:23:46,2018-06-03 13:35:20,2018-06-06 06:08:00,2018-06-07 22:48:28,2018-06-29,110.32,7.64,1,1,117.96,1,1,5.0,1.0,4f0ddec47362ca80198d3280455302b7,1536,sao paulo,SP,4.392152777777778,25.441828703703703,0,117.96
bb4d8ed5280b97e5b48ce0051e664178,b2288e8bd8bf77628963aa8a0a7790c9,delivered,2018-06-03 13:31:36,2018-06-03 13:51:14,2018-06-04 11:27:00,2018-06-08 19:20:41,2018-07-11,724.0,38.61,1,1,762.61,10,1,5.0,1.0,eb1164a87a6bbebf4d927bfd01a78a6b,36092,juiz de fora,MG,5.242418981481482,37.43638888888889,0,762.61
6732b3592160273b239f331a101494ff,c23b19e27fbcb26feba308d4334557fa,delivered,2018-06-03 13:33:23,2018-06-03 13:51:18,2018-06-04 11:12:00,2018-06-08 17:41:32,2018-07-11,59.99,15.3,1,1,75.29,3,1,5.0,1.0,cd3f452007f97b93e34fa15acce7b9fe,30775,belo horizonte,MG,5.172326388888889,37.435150462962966,0,75.29
b044b08867cd3b1d69a4b3c372321557,7fa91b7ff8f3120ed5cbba8f35d0de1d,delivered,2018-06-03 13:37:32,2018-06-05 04:12:43,2018-06-05 11:23:00,2018-06-09 17:02:19,2018-07-12,22.0,15.23,1,1,37.23,1,1,5.0,1.0,e6b83252fd9f7a9a981e122643aa6c65,33943,ribeirao das neves,MG,6.142210648148148,38.43226851851852,0,37.230000000000004
c67c3abb81ee70788591ca1c2691a14e,28023eb9116ee98fd7c95e5cacb26023,delivered,2018-06-03 13:38:58,2018-06-03 13:55:08,2018-06-04 14:40:00,2018-06-14 00:08:46,2018-07-05,29.99,16.32,1,1,46.31,4,1,5.0,1.0,4716e110cbdda0818aed855d8ef44c7c,4858,sao paulo,SP,10.43736111111111,31.431273148148147,0,46.31
30dd13b35c665885d4e25450971f3fb8,dddb02c034b32280ebb8b9f74ca209ed,delivered,2018-06-03 13:43:18,2018-06-03 13:55:08,2018-06-04 14:19:00,2018-06-12 15:32:33,2018-07-23,364.98,39.24,1,1,404.22,5,1,5.0,1.0,85f29d8214d1eeb6d677db1c14489157,55006,caruaru,PE,9.075868055555556,49.428263888888885,0,404.22
ffdda91cd98d69f6be1cd352e4447b8e,b9b441696ae97a6a6d884f8240949ab7,delivered,2018-06-03 13:43:44,2018-06-03 13:55:16,2018-06-04 13:49:00,2018-06-13 18:56:35,2018-07-11,49.9,15.23,1,1,65.13,1,1,5.0,1.0,eac0482545e495f9653e668aba6ea2d2,72315,brasilia,DF,10.217256944444445,37.427962962962965,0,65.13
7435f7bbb58d39e8b780c0e60e4ef3dc,24372fd3ff29d6dcc6f7a274361899e8,delivered,2018-06-03 13:53:08,2018-06-03 14:09:50,2018-06-04 14:53:00,2018-06-05 17:52:02,2018-06-28,49.0,7.39,1,1,56.39,2,1,5.0,1.0,cb008483bac7f8a627fcfc63ceddc8b4,1512,sao paulo,SP,2.1659027777777777,24.421435185185185,0,56.39
9804b55805c8c19afdf0e9af3e494a0b,6392803bb7bf94fdb660b2a57c149457,delivered,2018-06-03 13:58:14,2018-06-03 14:10:18,2018-06-04 13:12:00,2018-06-11 17:12:06,2018-08-02,72.9,24.64,1,1,97.54,1,1,4.0,1.0,8b4bb71a7d37d4c2560e0f0409a58905,69060,manaus,AM,8.134629629629629,59.41789351851852,0,97.54
640cd45f7639ea623c321536c40314d6,217647640ee5d5332c82ac44af9b2795,delivered,2018-06-03 13:59:24,2018-06-03 14:10:07,2018-06-07 08:26:00,2018-06-11 19:18:44,2018-06-29,73.9,14.6,1,1,88.5,8,1,5.0,1.0,91d0504cf52d3f76b154c42d78979f39,37505,itajuba,MG,8.22175925925926,25.417083333333334,0,88.5
099319b5b8567c490c01a857c6dbe73f,96d5f5f1a7eb5de66d26556c745015c9,delivered,2018-06-03 14:05:03,2018-06-03 14:15:23,2018-06-05 13:22:00,2018-06-20 18:04:03,2018-07-25,64.99,27.51,1,1,92.5,4,1,3.0,1.0,b53e7da5b9aea53134b77d38460c069f,21061,rio de janeiro,RJ,17.165972222222223,51.413159722222225,0,92.5
66039d5c09809a835bd5e6e34619efc7,2ea99a95ebf94238ec56b30d6d2fa636,delivered,2018-06-03 14:06:01,2018-06-03 14:15:23,2018-06-04 13:35:00,2018-06-08 22:14:21,2018-07-05,119.9,13.28,1,1,133.18,5,1,5.0,1.0,378557efd52a2a8abebca1d83d276e85,13873,sao joao da boa vista,SP,5.33912037037037,31.412488425925925,0,133.18
b4b6e2f2f9dd2c4cfe524993ff72f49d,13fe07f5797fee846b2064d426ca4b71,delivered,2018-06-03 14:10:52,2018-06-03 14:31:08,2018-06-05 14:45:00,2018-06-19 18:59:48,2018-07-05,202.0,19.29,1,1,221.29,5,1,5.0,1.0,95f74eb6d7030f1a9367cfd1e063a6a1,95885,imigrante,RS,16.200648148148147,31.40912037037037,0,221.29
c531cb50fa0506125473379b2d74356b,95e27d868269c41e9785c6028f1cc504,delivered,2018-06-03 14:21:44,2018-06-03 14:35:23,2018-06-04 12:29:00,2018-06-09 16:59:33,2018-07-16,139.0,27.05,1,1,166.05,3,1,5.0,1.0,98669fd815c7869b4010a695f91ecf68,89251,jaragua do sul,SC,6.109594907407407,42.40157407407408,0,166.05
bd18cc55469db99cfb36886d68bb3791,0bc6abbafdd2f89eb203507e7f1fc11d,delivered,2018-06-03 14:28:31,2018-06-03 14:50:01,2018-06-04 11:01:00,2018-06-06 00:32:51,2018-06-28,16.99,7.39,1,1,24.38,1,1,5.0,1.0,15721972ad68d86dbceffb155220c7ad,5596,sao paulo,SP,2.419675925925926,24.396863425925925,0,24.38
2b9f86a52457f652ac6b282b5dde09b2,db781c2a257ae6fb647104d94c9af367,delivered,2018-06-03 14:50:19,2018-06-04 14:51:09,2018-06-05 09:43:00,2018-06-07 23:27:24,2018-07-05,125.0,17.78,1,1,142.78,2,1,5.0,1.0,37e1a83b513512531032b4a9c43bab5d,2631,sao paulo,SP,4.359085648148148,31.381724537037037,0,142.78
9deec776b35252a1660b2439abeb9e38,70a8c394877add5aef4577770c71acf2,delivered,2018-06-03 14:57:09,2018-06-03 15:11:10,2018-06-04 10:54:00,2018-06-20 18:58:48,2018-07-24,279.98,40.97,2,1,320.95,1,2,2.0,1.0,ab72bb0f2a4d33072182f33077497024,20720,rio de janeiro,RJ,17.1678125,50.376979166666665,0,320.95000000000005
0cd2469ab06e40b78aa617c57b946994,8d924cfc57373c980b55fe575baf2c39,delivered,2018-06-03 15:02:14,2018-06-03 15:15:18,2018-06-04 13:42:00,2018-06-20 23:54:34,2018-07-20,56.1,19.36,1,1,75.46,1,1,5.0,1.0,d585ef35b036b3ee32c10429047cae85,99150,marau,RS,17.369675925925925,46.373449074074074,0,75.46000000000001
03b0f1587efe1abafd2dfd0e900b1eb2,32367359f4253fe54dcf1ec1b4a2273f,delivered,2018-06-03 15:09:10,2018-06-03 15:30:16,2018-06-04 18:11:00,2018-06-15 19:31:38,2018-07-18,125.9,23.46,1,1,149.36,2,1,4.0,1.0,05d9b1eceefe1ded15739bf5091de7b0,91900,porto alegre,RS,12.18226851851852,44.36863425925926,0,149.36
ea1210816b91efb1908d9ba1bbcdbbba,611ea8e4e26938cb284901657e69d880,delivered,2018-06-03 15:16:32,2018-06-05 03:35:15,2018-06-05 13:52:00,2018-06-14 22:03:46,2018-07-20,182.0,19.15,1,1,201.15,1,1,5.0,1.0,08b0b8222f06e9807749fafdabfd2e38,95500,santo antonio da patrulha,RS,11.282800925925926,46.36351851851852,0,201.15
c19eed4d32cfb9fb91c6966ce38f7aa0,42f96959b77ac869847e99386e2454ce,delivered,2018-06-03 15:23:56,2018-06-04 09:51:32,2018-06-05 14:22:00,2018-06-22 17:32:26,2018-07-20,108.99,27.2,1,1,136.19,10,1,4.0,1.0,19937f711def2da1ca3a162b2f9bedeb,66077,belem,PA,19.089236111111113,46.35837962962963,0,136.19
92af9bafd80bcd2636471ac01bc77f60,240a8b56938c17a84ffdbc98516c9468,delivered,2018-06-03 15:44:38,2018-06-03 15:55:14,2018-06-06 13:43:00,2018-06-10 17:08:27,2018-07-05,185.9,18.21,1,1,204.11,8,1,5.0,1.0,564f521732e1fbf5424fa01f0a5d41ff,15070,sao jose do rio preto,SP,7.0582060185185185,31.34400462962963,0,204.11
812b6f6a1efbfa5beae8ac07617fa0c3,c681ee0e01f73086435bbcc30cc1dc6f,delivered,2018-06-03 16:00:26,2018-06-03 16:10:46,2018-06-04 12:04:00,2018-06-18 17:41:12,2018-07-27,279.0,119.84,1,1,398.84,3,1,3.0,1.0,c36acb527b8f2c464abd036b879f4ec8,20250,rio de janeiro,RJ,15.069976851851852,53.33303240740741,0,398.84000000000003
1f5c3d1688cbe7c88d82990250b9b244,fbe5b8cced59b4c64766a702d6a9482f,delivered,2018-06-03 16:03:03,2018-06-05 03:35:15,2018-06-05 10:22:00,2018-06-14 01:12:21,2018-07-16,47.9,16.32,1,1,64.22,1,1,3.0,1.0,16969ffc6e3b156688d124c4ec9bc003,4142,sao paulo,SP,10.381458333333333,42.33121527777778,0,64.22
b553c2eaaf7ce5f82361ae904f3dbb4d,376b849049e148db18c8875c256cb511,delivered,2018-06-03 16:07:20,2018-06-05 03:50:05,2018-06-25 14:08:00,2018-06-28 14:54:32,2018-07-12,139.99,15.86,1,1,155.85,1,1,1.0,1.0,04f2fe2f22bba4933c8c149f015a7844,13160,artur nogueira,SP,24.949444444444445,38.32824074074074,0,155.85000000000002
7c0c61f5d61aad026c439caf370a92f2,91d39abe6855463cc3c87bf364c3b43b,delivered,2018-06-03 16:18:39,2018-06-03 16:30:50,2018-06-04 14:33:00,2018-06-12 20:38:37,2018-07-05,140.0,90.7,2,1,230.7,3,1,5.0,1.0,291d020953194db1b8578ff8d9959c62,16980,guaracai,SP,9.180532407407407,31.320381944444446,0,230.7
192e538533b361520db4c0845c742114,177fae6c4c665b390cf4fc8a550e2bff,delivered,2018-06-03 16:18:54,2018-06-05 04:51:48,2018-06-05 14:21:00,2018-06-08 20:18:47,2018-07-05,18.9,12.79,1,1,31.69,1,1,4.0,1.0,769427c4e5e2b0d3ebeee28b2af23570,15501,votuporanga,SP,5.166585648148148,31.320208333333333,0,31.689999999999998
80028e205983856e71a9cc12fe99d17a,7f516f7fe2d742fb94e464229c864cc2,delivered,2018-06-03 16:32:42,2018-06-03 16:50:35,2018-06-04 13:30:00,2018-06-16 13:26:46,2018-07-05,98.0,13.13,1,1,111.13,2,1,4.0,1.0,ccdf8d95f15845e3b5353a45a3223310,4472,sao paulo,SP,12.870879629629629,31.310625,0,111.13
1f1d34c2ba3f3ae5f852175df49f079c,3e72dabf2c10a14d047233a3823ddce1,delivered,2018-06-03 16:35:41,2018-06-03 16:50:36,2018-06-04 14:19:00,2018-06-06 23:02:52,2018-06-28,105.0,15.64,1,1,120.64,8,1,5.0,1.0,23896bdc733fd3499952f52a390a160f,9182,santo andre,SP,3.268877314814815,24.30855324074074,0,120.64
f7ca7b451be2d25f6b0918320026570a,c4f65865007c8df12b5b1fe0d4da652b,delivered,2018-06-03 16:35:41,2018-06-03 16:50:36,2018-06-04 15:27:00,2018-06-08 18:20:15,2018-07-31,134.99,27.67,1,1,162.66,2,1,5.0,1.0,08337fcb5700148106985b58c73e48fe,21060,rio de janeiro,RJ,5.072615740740741,57.30855324074074,0,162.66000000000003
fd38d5793a4393e031ea8da57e094f88,26da56b4fbd69a10435bd728443fd107,delivered,2018-06-03 16:35:46,2018-06-03 16:50:40,2018-06-05 10:36:00,2018-06-08 21:38:33,2018-06-28,179.9,13.69,1,1,193.59,8,1,5.0,1.0,6bff15aac94a3849d47883072b231b86,11045,santos,SP,5.2102662037037035,24.30849537037037,0,193.59
5f12df808d35ea25be28ad052f4aa3ea,a9b867fb8cf559a909c421576f75f197,delivered,2018-06-03 16:44:31,2018-06-05 04:12:50,2018-06-06 12:47:00,2018-06-07 15:44:25,2018-06-28,330.0,10.07,1,1,340.07,1,1,5.0,1.0,4f8602e886ab87a176e8f0a2c2e06069,13080,campinas,SP,3.958263888888889,24.30241898148148,0,340.07
45714388825b2025b19af04c84924cdd,e3e8c3f235b2e617b9bcd71516e7aa98,delivered,2018-06-03 16:51:01,2018-06-04 09:30:19,2018-06-05 13:52:00,2018-06-12 21:05:08,2018-07-13,349.97,25.03,1,1,375.0,2,1,5.0,1.0,6f13774f010a3cb89e6d7ccfd4c04b4e,28890,rio das ostras,RJ,9.176469907407407,39.29790509259259,0,375.0
63523ca4619b9bf3e69631ca6a273e4f,79c37f22a1a04079311e56fd75bdc47f,delivered,2018-06-03 16:52:26,2018-06-03 17:10:47,2018-06-04 14:14:00,2018-06-19 16:03:58,2018-07-17,12.9,15.23,1,1,28.13,1,1,4.0,1.0,f9315af231753f4f088d7f7b4f38d625,92310,canoas,RS,15.966342592592593,43.2969212962963,0,28.130000000000003
50aa3e58985353eac3370fc8bba877ad,41029da7b6da5d01717c78a149e30b93,delivered,2018-06-03 16:54:32,2018-06-03 17:10:51,2018-06-11 14:58:00,2018-06-18 14:54:49,2018-07-05,110.0,14.13,1,1,124.13,1,1,5.0,1.0,7739224fb6d3ff54a0e61ae0bf5e32e5,18550,boituva,SP,14.916863425925927,31.29546296296296,0,124.13
ee24d42e740ce630fbea0d9870d78736,c729265073a5aca84a794993a491a27a,delivered,2018-06-03 17:00:04,2018-06-03 17:10:51,2018-06-07 09:04:00,2018-06-08 22:37:20,2018-06-28,139.9,12.07,1,1,151.97,3,1,4.0,1.0,44cba4047e366c37cdf87c7ba9086d6a,18110,votorantim,SP,5.234212962962963,24.29162037037037,0,151.97
78c0b2e524faf734fa7ecccff7e492aa,dad733d24b13b2b00ef4c1f1d2aa9a32,delivered,2018-06-03 17:02:22,2018-06-05 04:52:03,2018-06-06 14:37:00,2018-06-18 16:54:52,2018-07-12,134.9,19.91,1,1,154.81,1,1,1.0,1.0,f00e99f043c33da533ebc107f5a68c4e,72501,brasilia,DF,14.994791666666666,38.29002314814815,0,154.81
9026325c886e3d97e1fcd1b50ad50576,bf2119d584c23baf2195048cf6ae2bb2,delivered,2018-06-03 17:11:27,2018-06-03 17:30:19,2018-06-04 14:36:00,2018-06-08 18:57:46,2018-07-12,119.99,18.72,1,1,138.71,1,1,5.0,1.0,03644b2af667f84e80ce998ae8b1cc35,13469,americana,SP,5.0738310185185185,38.28371527777778,0,138.70999999999998
40d6baecd21b178b3115e0d6913248ac,66d663da211c0f3d4079b5df06669d36,delivered,2018-06-03 17:11:34,2018-06-03 17:30:18,2018-06-04 13:14:00,2018-06-12 19:07:39,2018-07-12,98.0,18.57,1,1,116.57,2,1,5.0,1.0,296d4a4fbc724c0d8c4eb2f2ab6b9c9c,24370,niteroi,RJ,9.080613425925925,38.28363425925926,0,116.57
0eca09e82535e22a903c3653b2c7eae4,cf28b3b37de0d44466168e557645c5f4,delivered,2018-06-03 17:15:21,2018-06-03 17:30:24,2018-06-04 13:30:00,2018-06-12 23:48:43,2018-07-27,157.0,18.98,1,1,175.98,6,1,5.0,1.0,02d00438cdf92f0ee2809b20683a4619,20040,rio de janeiro,RJ,9.273171296296296,53.28100694444444,0,175.98
78eda8cdf7d5a0f8b22ad393f0139981,865642a01a73d8731725095e54313684,delivered,2018-06-03 17:22:13,2018-06-03 17:35:13,2018-06-05 08:53:00,2018-06-08 19:51:49,2018-07-05,90.0,39.49,1,1,129.49,1,1,3.0,1.0,f3a011acd67581d70332e8ee4108d61c,18185,pilar do sul,SP,5.103888888888889,31.276238425925925,0,129.49
c1e9df16ff9d33f95cd4e24e6e064c38,00a7f9b60493b4b11601b42e5f31eac9,delivered,2018-06-03 17:23:48,2018-06-03 17:30:28,2018-06-04 14:37:00,2018-06-05 21:05:09,2018-06-29,47.2,11.15,1,1,58.35,3,2,5.0,1.0,adf61ad8994414035684cea95e70549e,3435,sao paulo,SP,2.1537152777777777,25.27513888888889,0,58.35
eedb09f615e5d17f4367396623933751,c5f864b059ed9bad0dff5b9e99220868,delivered,2018-06-03 17:32:15,2018-06-04 08:30:50,2018-06-04 15:04:00,2018-06-14 14:19:39,2018-07-20,126.12,23.38,1,1,149.5,1,1,5.0,1.0,930ff10207a0155e4d569dc1b66714c2,72862,novo gama,GO,10.86625,46.26927083333333,0,149.5
b74b01e1553f1129b7aa5c0b73016c62,14ee461cb73062a37b46087e2e18d753,delivered,2018-06-03 17:41:43,2018-06-04 09:30:01,2018-06-05 17:58:00,2018-06-06 21:15:47,2018-06-28,85.9,7.47,1,1,93.36999999999999,1,1,1.0,1.0,7e094f060802ff5e25bef767446968d3,18030,sorocaba,SP,3.1486574074074074,24.26269675925926,0,93.37
5658e0c28f9e67db30ba9ec22888600e,2fcb7134817794819a8fe5e29c80fb9e,delivered,2018-06-03 17:58:07,2018-06-03 18:10:47,2018-06-04 13:30:00,2018-06-12 00:06:27,2018-07-05,197.0,26.26,2,1,223.26,1,1,5.0,1.0,da4aab0d8d3e91a21cb28a1cdd79c6ac,6713,cotia,SP,8.255787037037036,31.251307870370372,0,223.26
72aeedf3697d876659fb6711fb171b26,84088fe0fbc0f0e62e3ed152ea13885a,delivered,2018-06-03 18:05:52,2018-06-03 18:15:16,2018-06-05 10:15:00,2018-06-20 14:12:51,2018-07-19,66.99,60.53,1,1,127.52,3,1,5.0,1.0,f8805aff447b80e0e4484abd71d10273,86410,ribeirao claro,PR,16.83818287037037,45.245925925925924,0,127.52
f30d4b0d595c335bb07075291527f56a,8ebeb2d244eccaba1440c6e6f3bcf11b,delivered,2018-06-03 18:09:41,2018-06-03 18:31:17,2018-06-07 14:15:00,2018-06-13 20:48:37,2018-07-05,230.0,34.47,1,1,264.47,6,1,5.0,1.0,9b8b880eb73c5a0ad4cc4c49aa8b2d4d,16660,pongai,SP,10.11037037037037,31.243275462962963,0,264.47
2ab17daedbb4312627c61c38d20dac10,0734aa7c0af8bbb557d1a11e8b07be9d,delivered,2018-06-03 18:11:45,2018-06-03 18:31:05,2018-06-04 15:03:00,2018-06-11 23:57:42,2018-07-13,799.0,101.3,1,1,900.3,8,1,5.0,1.0,84b2bad57ef85eaf787c076b1e0a0bab,89259,jaragua do sul,SC,8.240243055555556,39.241840277777776,0,900.3
771760302216bf4e6a1e0a9e6379583f,6316ea86c8694f41021cfe91287144b2,delivered,2018-06-03 18:12:18,2018-06-03 18:31:03,2018-06-04 13:45:00,2018-06-13 14:39:33,2018-07-17,88.0,19.31,1,1,107.31,1,1,5.0,1.0,98e412e3a2ba56fe1f1290be3d5c7144,50010,recife,PE,9.852256944444445,43.241458333333334,0,107.31
731397db58924330b01248c031dc6281,02f0bc4b5ee293031637b7e8d75a5484,delivered,2018-06-03 18:15:19,2018-06-03 18:31:06,2018-06-04 18:11:00,2018-06-10 16:28:43,2018-07-05,299.0,22.51,1,1,321.51,5,1,5.0,1.0,089967e5aa13d5ab166c175f555ab0d8,3543,sao paulo,SP,6.925972222222223,31.239363425925927,0,321.51
5d3600123565a48b65ad1ae42b48ae9e,a7086654d09a3fadfc0ed962acba11d6,delivered,2018-06-03 18:16:27,2018-06-03 18:31:18,2018-06-04 14:34:00,2018-06-06 19:22:33,2018-06-28,28.89,7.39,1,1,36.28,1,1,5.0,1.0,5b54e8dac0a9b3f1fa37f4f9edaa1ff7,3121,sao paulo,SP,3.0459027777777776,24.238576388888887,0,36.28
7c5c5961b54c4057653d3b72bc612585,66ba2748d049b1519d1961df10d3d46d,delivered,2018-06-03 18:24:25,2018-06-05 04:51:55,2018-06-06 12:47:00,2018-06-14 16:56:00,2018-07-18,330.0,20.19,1,1,350.19,1,1,5.0,1.0,4b1f9cce34a1e479937f459c9f9530f6,97010,santa maria,RS,10.938599537037037,44.23304398148148,0,350.19
67b47f35ec923e39f1203f3cfa80f5e3,0dd5a932b1e29daa12845dbf696cbb54,delivered,2018-06-03 18:24:33,2018-06-03 18:49:57,2018-06-04 15:11:00,2018-06-08 18:58:53,2018-07-11,28.9,12.79,1,1,41.69,4,1,4.0,1.0,76c9a12722537319e44c31e70b7815c3,13960,socorro,SP,5.023842592592593,37.232951388888885,0,41.69
613dd9eddeb3acc5e976fbd3066be456,6dda15d69e3133ad7e89e73a2e897dd0,delivered,2018-06-03 18:26:17,2018-06-03 18:49:58,2018-06-06 13:12:00,2018-06-11 12:57:28,2018-07-05,49.9,17.26,1,1,67.16,1,1,4.0,1.0,fcc04bd980045e3fc0f78fe4578dbf15,14079,ribeirao preto,SP,7.771655092592592,31.231747685185184,0,67.16
c627fe35fce1a754bc5b812d0b8ff379,42b0671b440d1f2527bddd8b723e0a0c,delivered,2018-06-03 18:44:31,2018-06-03 18:55:15,2018-06-04 13:48:00,2018-06-07 13:22:19,2018-07-11,189.99,16.21,1,1,206.2,3,1,5.0,1.0,b0854ff72fac3b922fde0115dd2c0a5f,13820,jaguariuna,SP,3.77625,37.219085648148145,0,206.20000000000002
30f610db02d0880c9687dd1edd8b8710,38fc30b75b381342c67d25e2f11ccec0,delivered,2018-06-03 18:46:18,2018-06-03 18:55:12,2018-06-04 13:35:00,2018-06-14 19:56:43,2018-07-18,1890.0,35.77,1,1,1925.77,10,2,1.0,1.0,ac32c69c438fa163767f5aa5c4d0b6e1,60450,fortaleza,CE,11.048900462962964,44.217847222222225,0,1925.77
99ea7632d208206d6bdb4a77aa69f4fd,ff4cd1c0b5dbff2521ceb95243ab9fb0,delivered,2018-06-03 18:47:18,2018-06-04 18:50:34,2018-06-11 10:29:00,2018-06-12 22:05:50,2018-06-28,12.87,7.39,1,1,20.26,1,1,4.0,1.0,f9e5a8d9200d2b16ff3f1b5049dddfd2,11446,guaruja,SP,9.13787037037037,24.217152777777777,0,20.259999999999998
09c8e71060b07326dba9db865f46881e,a95af80256ebdb05713863cb03060667,delivered,2018-06-03 18:48:07,2018-06-03 18:55:17,2018-06-04 13:18:00,2018-06-11 19:18:53,2018-07-25,99.99,23.28,1,1,123.27,5,1,5.0,1.0,6832ad9ac97f82c7c5d614fb8e632e7b,21740,rio de janeiro,RJ,8.021365740740741,51.21658564814815,0,123.27
4b161afded0b38a94b63850c4bb48f91,abd11737bb2ce323c9f72b71cdf68907,delivered,2018-06-03 18:49:11,2018-06-03 19:12:03,2018-06-04 09:41:00,2018-06-22 15:59:28,2018-07-18,27.9,18.23,1,1,46.13,1,1,2.0,1.0,6f1fe0c9292ddd25c36d7af025fc28b3,96080,pelotas,RS,18.882141203703704,44.21584490740741,0,46.129999999999995
eb909cbbd3171dfb60b6827c2b431309,8005f7ee9e4e94db8a679ef78edd9b7c,delivered,2018-06-03 18:54:53,2018-06-05 04:15:15,2018-06-05 15:33:00,2018-06-14 22:52:31,2018-07-12,59.9,18.3,1,1,78.2,1,1,5.0,1.0,f217007215711c19de0dff00c3fed838,32611,betim,MG,11.165023148148148,38.21188657407407,0,78.2
df96405a326379bfb427ce857d3f2e18,581e395f4d2488efa418f9d0a0f0e08e,delivered,2018-06-03 19:05:17,2018-06-04 19:12:31,2018-06-05 13:32:00,2018-06-09 14:42:43,2018-07-05,69.99,12.93,1,1,82.92,1,1,5.0,1.0,e7f94a60a0a86874a5ed4fbcd3e7f602,14412,franca,SP,5.817662037037037,31.204664351851854,0,82.91999999999999
3a49b6bd30aef5e2c1097738adee416f,85c300925a8a3da681a6b021551d239c,delivered,2018-06-03 19:05:44,2018-06-03 19:15:14,2018-06-05 14:33:00,2018-06-06 23:36:48,2018-07-05,59.0,7.39,1,1,66.39,1,1,5.0,1.0,a5c133a6a95d06f06939fd961fb8a0c3,9040,santo andre,SP,3.1882407407407407,31.20435185185185,0,66.39
1422538d5efc818dc7eca4d0b6eb58a7,4d602a31ac00fbf8a19eaec3d2dbd763,delivered,2018-06-03 19:06:21,2018-06-05 03:49:52,2018-06-06 16:13:00,2018-06-11 20:37:39,2018-07-13,99.9,23.24,1,1,123.14,1,1,5.0,1.0,6126078cd22189b59a6c99a0c1de452b,3585,sao paulo,SP,8.063402777777778,39.20392361111111,0,123.14
e2861ca80cc6969b2aa1e179dd7ca698,a69615e712681532c7abc08e695b466f,delivered,2018-06-03 19:08:43,2018-06-03 19:29:20,2018-06-05 07:24:00,2018-06-06 18:42:20,2018-06-20,118.5,8.01,1,1,126.51,5,1,5.0,1.0,9717404c6a19f8bbf19d2b2f50543908,6110,osasco,SP,2.9816782407407407,16.20228009259259,0,126.51
9e4d464ffd49d8042318b1f24cb6005e,673560cc159eac21c63a171e1afc39b1,delivered,2018-06-03 19:08:50,2018-06-05 03:49:57,2018-06-05 15:50:00,2018-06-08 22:32:01,2018-07-17,135.0,15.83,1,1,150.83,1,1,5.0,1.0,abc88e81b409affa363ad0ac659dc8fb,6763,taboao da serra,SP,5.141099537037037,43.20219907407407,0,150.83
1de6e7f62ac6216f4c6b407eaa28d6e8,66ebf6832f076ce198e877b3db4d50ae,delivered,2018-06-03 19:20:42,2018-06-03 19:30:20,2018-06-04 10:20:00,2018-06-05 17:32:59,2018-06-29,75.0,7.39,1,1,82.39,1,1,5.0,1.0,e47b1e10edb9b2866d9d070ac9e01dcd,4006,sao paulo,SP,1.9251967592592591,25.193958333333335,0,82.39
961a93eba7486b47946616baaf442372,635907639653dd271a9d6df5bf5da1f2,delivered,2018-06-03 19:26:15,2018-06-03 19:35:12,2018-06-04 12:07:00,2018-06-11 18:55:49,2018-07-05,234.8,28.22,2,2,263.02,5,1,5.0,1.0,c8ce1d59b750fcf05f75188e8104e1f3,13820,jaguariuna,SP,7.978865740740741,31.190104166666668,0,263.02
324f3c3352916cbfee179bcbae1e8ce5,0949ec89804801eea30b31f63f49e2ee,delivered,2018-06-03 19:28:54,2018-06-03 19:52:03,2018-06-04 14:13:00,2018-06-07 00:38:23,2018-07-12,94.0,13.1,1,1,107.1,10,1,5.0,1.0,9337f86e11a381a0a6eccd6f9143b202,13960,socorro,SP,3.2149189814814814,38.18826388888889,0,107.1
0bc16cf0c58995bbc893af2e151534d0,7c6835555806136bacab36fd7fd8bb70,delivered,2018-06-03 19:34:25,2018-06-03 19:52:19,2018-06-04 11:16:00,2018-06-13 19:11:59,2018-07-16,415.7,20.79,1,1,436.49,10,1,5.0,1.0,52b4d6e94fb6a5a216c9df0ac0b90758,79540,cassilandia,MS,9.984421296296297,42.18443287037037,0,436.49
c5a36eecd2f518a638fc7a6a7d46f59b,403b0d98899e1d162e669ff629a74a04,delivered,2018-06-03 19:39:40,2018-06-03 19:52:17,2018-06-05 08:52:00,2018-06-16 14:18:28,2018-07-13,42.99,22.93,1,1,65.92,1,1,5.0,1.0,0d8c3623b167f85aac7120dad51f949a,82220,curitiba,PR,12.776944444444444,39.180787037037035,0,65.92
d8aa886bfa7d140c2ec1c7f9a310e007,ad30e92f85cdcc70fe82d0b048915ead,delivered,2018-06-03 19:41:06,2018-06-03 19:55:18,2018-06-21 14:04:00,2018-07-11 17:08:32,2018-07-16,391.25,28.82,1,1,420.07,4,1,1.0,1.0,b2ccf88b60413e6fb2b27e997216c0f7,25938,mage,RJ,37.894050925925924,42.17979166666667,0,420.07
62adfd8a504d828f9dc9c184f2a236b8,a229cd12b1e7e3f996d5dd21e0420f4b,delivered,2018-06-03 19:44:12,2018-06-03 19:55:21,2018-06-04 15:30:00,2018-06-07 22:48:37,2018-07-11,25.9,19.32,1,1,45.22,4,1,4.0,2.0,07df27b714016cb827c99ec2ecd5ebfb,5540,sao paulo,SP,4.128067129629629,37.177638888888886,0,45.22
d58bd8dc62db2951199683fcb7dc2df6,9abff84fce97b2e7522fc3f737089d66,delivered,2018-06-03 19:44:12,2018-06-03 19:55:17,2018-06-07 15:12:00,2018-06-08 19:38:50,2018-06-21,119.0,9.19,1,1,128.19,6,1,4.0,1.0,07df27b714016cb827c99ec2ecd5ebfb,5540,sao paulo,SP,4.996273148148148,17.17763888888889,0,128.19
c45965834bc929b4242b82f924d52c49,3f0b493fe107e4453cc7c9e7a8f57f29,delivered,2018-06-03 19:45:59,2018-06-03 20:09:29,2018-06-04 13:58:00,2018-06-08 15:36:55,2018-07-12,1499.65,28.38,1,1,1528.03,10,1,5.0,1.0,6d73eb39c724d3cd0d45e9e1b6b963a9,13034,campinas,SP,4.827037037037037,38.17640046296296,0,1528.0300000000002
5e98ca2727e44977e9f5be0d45a0d369,5dbb903e6a46f5861577aadf855536e4,delivered,2018-06-03 19:46:12,2018-06-03 19:55:21,2018-06-08 19:23:00,2018-06-11 19:51:53,2018-06-29,99.0,15.57,1,1,114.57,2,1,5.0,1.0,763d290d55eb02df98aaf7c7bf6162bb,1419,sao paulo,SP,8.003946759259259,25.17625,0,114.57
18fc3dd5faa2ffbb3d8c6b84e8a3726b,1c0581eab1e3711b45b750357554895a,delivered,2018-06-03 19:52:10,2018-06-03 20:09:32,2018-06-05 13:44:00,2018-06-08 16:58:22,2018-07-05,34.75,18.23,1,1,52.98,1,1,1.0,1.0,89653940ac24911d589b4fbe062366d5,72260,brasilia,DF,4.879305555555556,31.17210648148148,0,52.980000000000004
a0e10efd1951db4d6347c04f4c79a3f5,598fec59f2830ff2f0e1d2da6dc7aa99,delivered,2018-06-03 19:58:19,2018-06-03 20:10:14,2018-06-04 09:12:00,2018-06-11 16:38:49,2018-07-13,95.0,18.55,1,1,113.55,3,1,5.0,1.0,a23108f756b3895fb5e3b45df2148ddb,28890,rio das ostras,RJ,7.861458333333333,39.16783564814815,0,113.55
59e44a5b3531b9de0e55335ef6cfce2d,4c2596cc24c1451ffa0745389966d535,delivered,2018-06-03 20:05:45,2018-06-03 20:15:25,2018-06-06 13:05:00,2018-06-12 17:37:50,2018-07-31,75.61,27.26,1,1,102.87,1,1,5.0,1.0,1f23d911c12d292d98062d2865911421,21864,rio de janeiro,RJ,8.897280092592593,57.16267361111111,0,102.87
ad0094254eb3881ba1fc670676ea7c06,f52b4e8cb4e838d66ba5606db014aea1,delivered,2018-06-03 20:05:51,2018-06-03 20:31:21,2018-06-04 14:00:00,2018-06-27 18:14:33,2018-07-13,84.9,24.72,1,1,109.62,4,1,4.0,1.0,e65aa9623815a9247b08766c9249b38b,57080,maceio,AL,23.922708333333333,39.16260416666667,0,109.62
4becfda49755e3759f3bef6ebb43e88d,bb7b6f78873d1f1914829f1e0fcbecdc,delivered,2018-06-03 20:06:40,2018-06-03 20:31:16,2018-06-05 11:36:00,2018-06-07 14:16:58,2018-06-28,58.0,15.74,2,1,73.74,1,1,5.0,1.0,21a0245a37a2ab9d020db08b1ec03616,9160,santo andre,SP,3.757152777777778,24.162037037037038,0,73.74
b6424e8ce7a66029b94b1221473c995c,17cc2e171c850fc31881782241caa4e4,delivered,2018-06-03 20:07:57,2018-06-03 20:31:22,2018-06-04 13:17:00,2018-06-08 19:21:46,2018-07-05,55.0,12.83,1,1,67.83,4,1,5.0,1.0,cf88f76153de49a51c20dda4fd422d44,9725,sao bernardo do campo,SP,4.967928240740741,31.161145833333332,0,67.83
3cbf16b8242e78d602909f15aaac29eb,1e0672cd29c269baa883be37f80b14b8,delivered,2018-06-03 20:09:21,2018-06-03 20:31:21,2018-06-04 14:17:00,2018-06-15 22:21:46,2018-07-11,4.9,15.23,1,1,20.13,1,1,1.0,1.0,6d9ccbd8cc7ce34491c34c7ce5d03767,83060,sao jose dos pinhais,PR,12.091956018518518,37.16017361111111,0,20.130000000000003
0e766fdb8a5d5379df4c5faab13ce762,95cf8ae225efd25636286e81877d7019,delivered,2018-06-03 20:11:16,2018-06-03 20:31:25,2018-06-04 13:48:00,2018-06-13 20:04:11,2018-07-16,59.9,14.5,1,1,74.4,7,1,5.0,1.0,be24d004872da8322161a1d5c9485696,5202,sao paulo,SP,9.995081018518519,42.15884259259259,0,74.4
494fa4e20c0a57c2f565a2d43a41462b,d6ac8c7fe64eb5e59bdcdd125ce9f5ba,delivered,2018-06-03 20:13:46,2018-06-03 20:31:24,2018-06-22 15:52:00,2018-06-28 21:33:17,2018-07-19,227.9,19.48,1,1,247.38,6,1,2.0,1.0,c798fab171e5084171bba753fd7d08b7,89220,joinville,SC,25.05521990740741,45.157106481481485,0,247.38
d8159fecf6cf88c5f33174f70c304037,f429f9964ed2bca9c7afd3146d3f2710,delivered,2018-06-03 20:14:44,2018-06-03 20:31:26,2018-06-06 09:56:00,2018-06-07 21:08:06,2018-06-28,40.0,7.39,1,1,47.39,4,1,5.0,1.0,865e03ed41ba79267dfac2e47b31ea59,9110,santo andre,SP,4.037060185185185,24.156435185185185,0,47.39
6b62da1e7a949271375c79105eb3c6df,b4306cbe32841bf5ec0988ab1ac2f5fb,delivered,2018-06-03 20:15:28,2018-06-03 20:31:28,2018-06-04 12:51:00,2018-06-11 22:28:55,2018-07-05,107.9,13.2,1,1,121.1,2,1,5.0,1.0,57fdfe5981bcb03588ce9dfbecd8f1b9,15910,monte alto,SP,8.092673611111111,31.155925925925924,0,121.10000000000001
5c4a271f7f9f414a55eff14221369bf9,61fab14ef1f144bc9c8b59b8bac933cc,delivered,2018-06-03 20:17:27,2018-06-03 20:31:28,2018-06-04 15:17:00,2018-06-09 10:06:39,2018-07-16,229.0,24.18,1,1,253.18,4,1,4.0,1.0,e0beede6bf62d486dde1a2e71764ecb5,12236,sao jose dos campos,SP,5.575833333333334,42.15454861111111,0,253.18
63ed630173e589bf5897cc6eca5aa66d,90944df5064abca8c0580acfa5476fda,delivered,2018-06-03 20:18:57,2018-06-03 20:35:14,2018-06-05 10:15:00,2018-06-16 15:03:10,2018-07-13,122.99,24.99,1,1,147.98,3,1,3.0,1.0,a7ecf1cd553b2462d8fe09b3ea3138f0,31741,belo horizonte,MG,12.780706018518519,39.153506944444445,0,147.98
ea8dcab0edc786ce2f0ae34a906657d1,33dde4e12f42caa841c4686f7f04eac1,delivered,2018-06-03 20:21:57,2018-06-04 20:15:20,2018-06-06 15:03:00,2018-06-11 18:48:46,2018-07-16,49.99,18.28,1,1,68.27,2,1,5.0,1.0,ed6656660ab96a9ccb13277219024335,24060,niteroi,RJ,7.935289351851852,42.15142361111111,0,68.27000000000001
5c88e946e28e122cbb26c630e2f67f58,aabad376799f97beacc0d8b52a9bfa84,delivered,2018-06-03 20:27:39,2018-06-03 20:49:46,2018-06-04 14:21:00,2018-06-15 21:54:31,2018-07-19,141.09,23.49,1,1,164.58,2,1,3.0,1.0,f8d62e8ff724bf75c20ffd5faf7b9e30,61801,pacatuba,CE,12.060324074074074,45.147465277777776,0,164.58
6f03abb3b9fdecea11093c52dfd8155e,e9e24284c4b5d4fb273d59e2436fbc2b,delivered,2018-06-03 20:30:07,2018-06-03 20:49:54,2018-06-05 13:24:00,2018-06-15 19:52:38,2018-07-26,29.99,50.85,1,1,80.84,4,1,4.0,1.0,9117f3fef821178d4cff1339564c0a41,76824,porto velho,RO,11.973969907407408,52.145752314814814,0,80.84
5ae255c95ad57c93f6b3a623b8b5505f,518392ac26dfa5e6deef71cbd0024e96,delivered,2018-06-03 20:34:16,2018-06-03 20:49:50,2018-06-04 09:42:00,2018-06-06 22:56:44,2018-06-28,27.9,7.87,1,1,35.77,1,1,5.0,1.0,93e406558312ad56e582041b1f06deae,3304,sao paulo,SP,3.0989351851851854,24.14287037037037,0,35.769999999999996
b3670dbd7176f89ca438f00d60d705a6,87fe261486a89deb4720353f02f82a23,delivered,2018-06-03 20:36:42,2018-06-03 20:49:52,2018-06-04 13:42:00,2018-06-13 20:46:28,2018-07-17,29.99,15.23,1,1,45.22,1,1,5.0,1.0,590d8743793b1122153681ca7eb4ebf2,92420,canoas,RS,10.006782407407407,43.14118055555556,0,45.22
c2ca5bb314810bf0b90e5ee6cc1f9777,405fecd58e25e71c922897446940dbec,delivered,2018-06-03 20:37:15,2018-06-03 20:49:53,2018-06-04 13:42:00,2018-06-08 15:12:24,2018-07-05,48.9,12.79,1,1,61.69,1,1,5.0,1.0,226d30f1ca3541ebcc569a4d851918e3,2461,sao paulo,SP,4.774409722222222,31.140798611111112,0,61.69
e3464b0baf69887817fa1324a98d0a91,373fac096ed8d5b05c07a122938463d6,delivered,2018-06-03 20:38:28,2018-06-03 20:49:53,2018-06-11 09:28:00,2018-06-19 13:55:35,2018-07-12,177.0,34.78,1,1,211.78,3,1,5.0,1.0,a62c4ed866913af9f11521d8fb6d6898,39402,montes claros,MG,15.720219907407408,38.1399537037037,0,211.78
36af5b0b0ededbf6f30d1d809f05536b,7f4ca5e104cea64afdf3d68d84d4b520,delivered,2018-06-03 20:39:37,2018-06-03 20:55:27,2018-06-04 14:10:00,2018-06-08 21:24:26,2018-07-05,115.0,15.66,1,1,130.66,2,1,5.0,1.0,7a2dccc8809863ca2438039abc2ecf58,35930,joao monlevade,MG,5.031122685185185,31.139155092592592,0,130.66
926c0265d29d0a2aeaa50df0a39851c8,f46d0fcacde3f22bdf77c8ed4e30c5ce,delivered,2018-06-03 20:42:44,2018-06-03 20:55:35,2018-06-05 08:45:00,2018-06-07 21:38:41,2018-06-28,45.0,7.39,1,1,52.39,1,1,5.0,1.0,f1187199c9985066ec3180eb9d00db54,5821,sao paulo,SP,4.038854166666667,24.136990740740742,0,52.39
19a7af33e44e10f9660d4f8e9d979651,7aefa0c15552ee42410371aa80e29154,delivered,2018-06-03 20:47:21,2018-06-03 20:55:35,2018-06-05 10:15:00,2018-06-29 17:00:02,2018-07-17,66.99,27.53,1,1,94.52,3,1,4.0,1.0,17160c7fbbc329f3654b5c54b0ad2dd9,24916,marica,RJ,25.842141203703704,43.133784722222224,0,94.52
b83fe0e59b384422cac91db5d32e1835,fe084cbada53a9db32d37961c2b1ac01,delivered,2018-06-03 20:49:34,2018-06-03 21:11:28,2018-06-08 14:34:00,2018-06-10 15:18:49,2018-07-03,17.9,11.15,1,1,29.05,1,1,5.0,1.0,f1704e9368ddcf1c1236d78616b25d76,5345,sao paulo,SP,6.7703125,29.13224537037037,0,29.049999999999997
73b4137fe1a1e6cc800bd6ee7bde208d,97d444c822cacc3d740f6de35fe5998a,delivered,2018-06-03 20:50:30,2018-06-03 21:11:30,2018-06-04 14:00:00,2018-06-18 21:12:35,2018-07-24,209.99,24.01,1,1,234.0,1,1,5.0,1.0,9719870f10bd3b010c8f26d93ff886a0,23010,rio de janeiro,RJ,15.015335648148149,50.131597222222226,0,234.0
141ad0192cfa16174e4fd0a1a7e7ba4a,00eb2bf26ade27447b6532561c6a402d,delivered,2018-06-03 21:08:31,2018-06-03 21:30:06,2018-06-04 14:56:00,2018-06-05 20:32:10,2018-06-28,94.5,9.58,1,1,104.08,3,1,5.0,1.0,cc320e08bc9bc1b0a30e551d1de1e26d,5037,sao paulo,SP,1.9747569444444444,24.119085648148147,0,104.08
ae6fa796d6bfcc527feea40286702f7e,9c69caac16f1c5f268cf6e4eb62091a0,delivered,2018-06-03 21:10:29,2018-06-05 04:12:39,2018-06-26 12:23:00,2018-07-06 17:28:53,2018-07-27,58.67,16.38,1,1,75.05,1,1,4.0,1.0,b4d87d1de1b858eb258f88bcb8282951,93010,sao leopoldo,RS,32.846111111111114,53.117719907407405,0,75.05
361b25aadc736b36d30d7ecb84117c31,1b2eee54eeb59382525787aeb6329bb5,delivered,2018-06-03 21:19:21,2018-06-03 21:30:10,2018-06-05 10:15:00,2018-06-23 11:26:41,2018-07-16,133.98,55.06,2,1,189.04,1,1,5.0,1.0,19e3b626c754ed95344391cb6dcbb20b,24436,sao goncalo,RJ,19.588425925925925,42.1115625,0,189.04
ab6ed7b021b48bfe44142b3c2b761e4d,9cad9976d375e6e00ac966df6cd5ceef,delivered,2018-06-03 21:21:01,2018-06-05 03:50:14,2018-06-05 14:44:00,2018-06-12 17:59:38,2018-07-11,35.9,12.79,1,1,48.69,1,1,1.0,1.0,7556c18bbf9bc43b457d39c6921e7c22,14910,tabatinga,SP,8.860150462962963,37.11040509259259,0,48.69
8f36df2bc6e5ad22c4b9a86b42da5cd6,cbe6a717d37978ec85d8b6c08cff47e9,delivered,2018-06-03 21:23:53,2018-06-03 21:51:17,2018-06-05 14:46:00,2018-06-06 17:58:46,2018-06-28,152.0,11.69,1,1,163.69,2,1,5.0,1.0,2b02fbae01181dfb18934ebfea46a89e,6775,taboao da serra,SP,2.8575578703703703,24.108414351851852,0,163.69
0989d111cfe79cf0bbdea443f1caf9b7,13dd964c7fed51af56b9f113fe590071,delivered,2018-06-03 21:24:09,2018-06-05 04:12:38,2018-06-05 13:45:00,2018-06-16 17:08:21,2018-07-18,169.9,39.48,1,1,209.38,1,1,5.0,1.0,ba62c1547e1c72ee7fa314802c36ef0a,37200,lavras,MG,12.82236111111111,44.10822916666667,0,209.38
a2434744f99182d51db312b7520e915d,bec65acb896b0b86bff85c5d024e2714,delivered,2018-06-03 21:31:27,2018-06-03 21:51:29,2018-06-04 14:00:00,2018-06-07 00:12:08,2018-06-29,29.9,7.55,1,1,37.45,1,1,5.0,1.0,fef394a45be5ecedfffbe954c878efd3,24941,marica,RJ,3.1115856481481483,25.103159722222223,0,37.449999999999996
465e0536b29a94542aa63d8546a3981a,07a09de7be7dc41038159430e5e9cce6,delivered,2018-06-03 21:36:24,2018-06-04 21:30:47,2018-06-05 14:24:00,2018-06-06 13:53:31,2018-07-05,359.9,16.46,1,1,376.36,7,1,5.0,1.0,688deb9cca8945d44d111aed9a13e604,28880,barra de sao joao,RJ,2.6785532407407406,31.099722222222223,0,376.35999999999996
e2d2e04c2fbe085bddeb94e5196d51d3,4c6219a661d4e4bcbbce037fb7705c89,delivered,2018-06-03 21:43:41,2018-06-03 21:55:16,2018-06-04 10:53:00,2018-06-07 20:42:31,2018-07-13,105.0,23.27,1,1,128.27,1,1,5.0,1.0,bd0d85da00389746b4e4fa7a840edde5,7115,guarulhos,SP,3.957523148148148,39.094664351851854,0,128.27
4e506215592eafe8d7366eb7fa6cf532,492ed17eccb0e4776b3654a1b7336175,delivered,2018-06-03 21:50:39,2018-06-03 22:10:11,2018-06-05 10:42:00,2018-06-27 13:03:10,2018-07-19,98.0,54.82,2,1,152.82,3,1,5.0,1.0,dee8da46afbf927c657ca0a55b93c218,57055,maceio,AL,23.63369212962963,45.08982638888889,0,152.82
640174dd3b1c33b00c0beab57f415612,f13981ea8af8ae0585691db41e971355,delivered,2018-06-03 21:51:47,2018-06-03 22:55:14,2018-06-04 13:34:00,2018-06-08 16:48:30,2018-07-17,49.99,15.23,1,1,65.22,1,1,4.0,1.0,065edb166e3365849965039772838b87,5182,sao paulo,SP,4.789386574074074,43.08903935185185,0,65.22
2a7cb435d5ffc8aaeae3c4f08a181dce,b4acc63738cbab90288441d5977e2f6d,delivered,2018-06-03 22:06:22,2018-06-04 09:30:18,2018-06-04 14:32:00,2018-06-18 16:03:44,2018-07-19,31.9,18.23,1,1,50.13,1,1,3.0,1.0,7a7d1e0d424b48ab7a172cf5c3b710c6,97010,santa maria,RS,14.748171296296297,45.078912037037036,0,50.129999999999995
cd1709e97dc100d3eea6e801ca6f3a29,30655cf58eb5718f546e6dabc8a860dd,delivered,2018-06-03 22:11:27,2018-06-03 22:31:24,2018-06-04 13:30:00,2018-06-12 16:21:33,2018-07-13,157.0,18.98,1,1,175.98,1,1,5.0,1.0,ed53f1bac302ca774e9c8eb3ecf51a47,32241,contagem,MG,8.757013888888888,39.075381944444445,0,175.98
df7c36238f2fe34a946b480a147a040c,254fe3d1ed9fed6bdaaa505dfa5669eb,delivered,2018-06-03 22:26:08,2018-06-03 22:35:21,2018-06-07 14:49:00,2018-06-08 20:54:18,2018-06-28,57.9,36.949999999999996,5,1,94.85,9,1,5.0,1.0,0971eea0b7a72ae9ae7050fde417da05,3416,sao paulo,SP,4.936226851851852,24.065185185185186,0,94.85
42a9a8505ab685983ac28e300ba47c2d,e0a52aec64e9937f76fe0b2465d12b94,delivered,2018-06-03 22:33:26,2018-06-03 22:50:13,2018-06-05 14:15:00,2018-06-12 18:03:49,2018-07-20,105.0,23.31,1,1,128.31,2,1,5.0,1.0,9fe919ec86e46a294e9deb124a2be310,95500,santo antonio da patrulha,RS,8.812766203703704,46.06011574074074,0,128.31
1f21b2507e0c3918ef90ef86cdb2d14c,0fc4dc350425b8337aa79c64ea30d617,delivered,2018-06-03 22:34:44,2018-06-03 22:50:13,2018-06-06 18:58:00,2018-06-07 22:33:09,2018-06-28,14.99,7.71,1,1,22.7,2,1,5.0,1.0,042507632a640723b9060d4c617302e5,5794,sao paulo,SP,3.998900462962963,24.059212962962963,0,22.7
cb53f0b6e8f9082a9f5a113765dd1236,035c08a68b237ef4afc82109e61a7380,delivered,2018-06-03 22:34:58,2018-06-03 22:50:09,2018-06-04 15:15:00,2018-06-05 21:52:02,2018-06-28,89.99,7.49,1,1,97.48,6,1,5.0,1.0,e4469e5047c00b0188885853d357d2ab,4116,sao paulo,SP,1.9701851851851853,24.059050925925927,0,97.47999999999999
1b83b0cc5c4f25371dc567405ff773c1,2359e70b63920006f86eb8d0870f6406,delivered,2018-06-03 22:47:35,2018-06-03 23:11:23,2018-06-04 13:54:00,2018-06-20 16:32:51,2018-06-28,23.9,7.39,1,1,31.29,1,2,3.0,1.0,bbdfe9a24ada62f41611c496f62e48d1,11702,praia grande,SP,16.739768518518517,24.050289351851852,0,31.29
312c7fd8a2420002c53fee13e15c8111,1e59e315349bf9f24c7837da34c658e8,delivered,2018-06-03 22:59:59,2018-06-03 23:11:30,2018-06-06 08:20:00,2018-06-13 15:28:40,2018-07-12,586.0,21.98,1,1,607.98,6,1,5.0,1.0,a2b7091a2b3985afa974d3d81051a22d,71917,brasilia,DF,9.686585648148148,38.041678240740744,0,607.98
b240d7e249b17ae4e87e7fc8023378c0,ebc513ad3aed97e53c11e0e773c10152,delivered,2018-06-03 23:08:46,2018-06-03 23:29:59,2018-06-05 12:20:00,2018-06-08 05:59:45,2018-06-28,14.49,7.87,1,1,22.36,1,1,5.0,1.0,08fb46d35bb3ab4037202c23592d1259,3220,sao paulo,SP,4.285405092592592,24.035578703703703,0,22.36
baaa695d9615743d39f6a5843ee0a4b6,9c37ecc155c2873cb1f780a10c4a8740,delivered,2018-06-03 23:09:33,2018-06-03 23:29:57,2018-06-18 14:35:00,2018-06-20 15:12:18,2018-07-23,89.0,15.5,1,1,104.5,1,1,4.0,1.0,11345c20f21b10e1093f9d2420b24484,9110,santo andre,SP,16.668576388888887,49.03503472222222,0,104.5
c911e05e122d374b5c4e8af53751f999,44a822695079e8aceca4e0c1a7725cca,delivered,2018-06-03 23:16:30,2018-06-03 23:30:02,2018-06-04 11:25:00,2018-06-16 11:32:04,2018-07-18,119.99,22.55,1,1,142.54,1,1,5.0,1.0,f4a2ba1f3326616d630571f24b7c5fef,44700,jacobina,BA,12.510810185185186,44.030208333333334,0,142.54
50016cfea9ee1adce87144110716aa4e,9e180b9c16351a7ceb21f0a03621cd50,delivered,2018-06-03 23:16:48,2018-06-03 23:30:01,2018-06-04 13:45:00,2018-06-12 14:11:10,2018-07-11,50.0,15.23,1,1,65.23,6,1,5.0,1.0,d7f9c19feda1a7b5f47b8cf37c15b784,80060,curitiba,PR,8.621087962962964,37.03,0,65.23
d185b5e82eb8f2ff1175d13bbbdcea13,9eb0710fbd7867880ac311cdc0234dbc,delivered,2018-06-03 23:21:33,2018-06-03 23:30:19,2018-06-05 12:06:00,2018-06-12 17:38:46,2018-07-11,330.0,17.19,1,1,347.19,8,1,3.0,1.0,32cc0e2c5ace02ea9dbb7bb8f1e4ee91,72220,brasilia,DF,8.761956018518518,37.02670138888889,0,347.19
b10944098c8ae5130e647d08da104c38,55f0342427bc5610d5da97421b46c985,delivered,2018-06-03 23:22:33,2018-06-05 04:51:51,2018-06-05 08:01:00,2018-06-11 12:26:33,2018-07-17,54.9,18.26,1,1,73.16,1,1,5.0,1.0,6a9e15d6fa8ce1cabf193c21aa577f64,12600,lorena,SP,7.544444444444444,43.02600694444445,0,73.16
f5f810c2e855e43855a29906c1cfcfde,fc067032141f0ab1eebb2097755ed067,delivered,2018-06-03 23:24:03,2018-06-03 23:35:10,2018-06-06 05:43:00,2018-06-13 21:07:37,2018-07-16,135.0,27.03,1,1,162.03,5,1,5.0,1.0,5c8c5935b0473e4c5c7681b8dc75adff,24315,niteroi,RJ,9.90525462962963,42.02496527777778,0,162.03
b8c672112a4b924d15cf410db2a8f955,b02fe747da41e2ed5f7ff745a81d5a2a,delivered,2018-06-03 23:35:01,2018-06-03 23:51:03,2018-06-04 15:23:00,2018-06-07 00:58:28,2018-06-28,35.99,7.39,1,1,43.38,1,1,5.0,1.0,40cbb17d11534c207060c959af39050f,11075,santos,SP,3.0579513888888887,24.01734953703704,0,43.38
f750e148543e798460383fda407de8be,c7432c6d237ffd6aa36a007b4237ec38,delivered,2018-06-03 23:55:46,2018-06-04 00:10:23,2018-06-05 07:24:00,2018-06-06 20:47:35,2018-06-20,116.5,8.0,1,1,124.5,1,1,5.0,1.0,9a897ea48bf988012c00b802f1104a92,2971,sao paulo,SP,2.86931712962963,16.002939814814816,0,124.5
fcdd373db44c238886a0ecf5ec332b95,b4284429dbdcf5d197a909adf3362caf,delivered,2018-06-03 23:56:23,2018-06-04 00:10:32,2018-06-04 14:18:00,2018-06-15 19:12:42,2018-07-13,215.0,20.48,1,1,235.48,4,1,5.0,1.0,a4d2404ffeda3510553f1f51392ae47d,4942,sao paulo,SP,11.802997685185185,39.00251157407408,0,235.48
acce194856392f074dbf9dada14d8d82,7e20bf5ca92da68200643bda76c504c6,delivered,2018-06-04 00:00:13,2018-06-05 00:35:10,2018-06-05 13:24:00,2018-06-16 15:20:55,2018-07-18,130.4,97.28,2,2,227.68,10,1,1.0,1.0,576ea0cab426cd8a00fad9a9c90a4494,41213,salvador,BA,12.639375,43.999849537037036,0,227.68
65a39f90b35161fae82145e9a9725bb9,96de148534b6332d653ee594b65f0585,delivered,2018-06-04 00:04:14,2018-06-04 00:15:17,2018-07-04 06:38:00,2018-07-09 18:34:45,2018-08-09,124.9,16.84,1,1,141.74,3,1,3.0,1.0,448735b7bd238f6bf4059bde86f0a630,23059,rio de janeiro,RJ,35.77119212962963,65.99706018518519,0,141.74
40434e5872b0959c656496620bbe95f2,578a8fbd0a1a4e43ecf996beb30dd22f,delivered,2018-06-04 00:18:20,2018-06-04 00:31:24,2018-06-04 13:08:00,2018-06-08 21:06:42,2018-07-05,16.9,12.79,1,1,29.69,2,1,5.0,1.0,702f9e17416a50bbc48756da4ceb013c,18603,botucatu,SP,4.866921296296296,30.98726851851852,0,29.689999999999998
40fd2a55eacc12019cc034c4cc15674c,0c3f432e2cf7ebb3a2cd874a8da89541,delivered,2018-06-04 00:24:10,2018-06-04 00:31:24,2018-06-05 13:52:00,2018-06-22 21:41:53,2018-07-13,29.99,18.23,1,1,48.22,2,2,4.0,1.0,7cad90d392c7fd3054ab4c48eaf771e4,74915,aparecida de goiania,GO,18.887303240740742,38.983217592592595,0,48.22
82474078bf3b19dd0e8a32f116334255,d1bb6afef38d6dd7ca73e9afaf192105,delivered,2018-06-04 00:37:18,2018-06-05 00:30:27,2018-06-07 14:11:00,2018-06-11 15:12:31,2018-07-18,55.0,12.83,1,1,67.83,1,1,1.0,1.0,b07c36e3c141596234ef4d73969f4dc8,14079,ribeirao preto,SP,7.607789351851852,43.97409722222222,0,67.83
5895d82d31799f8d7ad6748c25e76dad,155d57ca657115bfcabe8309f4fc5910,delivered,2018-06-04 00:43:15,2018-06-04 00:55:28,2018-06-05 07:52:00,2018-06-12 15:42:36,2018-07-13,199.9,16.1,1,1,216.0,1,1,5.0,1.0,12597896d46d4dbe5b9b9676726a3286,36200,barbacena,MG,8.624548611111111,38.969965277777774,0,216.0
fc04841c5f8cf27654d943a830d4d406,da6f92c0edaff5d147b17f05eabdef1b,delivered,2018-06-04 01:45:20,2018-06-04 02:10:00,2018-06-04 14:19:00,2018-06-11 20:40:48,2018-07-11,89.9,23.21,1,1,113.11,5,1,5.0,1.0,5980b203a36c933c512ab51a54f7f3c7,36202,barbacena,MG,7.788518518518519,36.92685185185185,0,113.11000000000001
deae638b4d60be5de34c13bf68b5850c,172e8628eb28987923ac836006e1309e,delivered,2018-06-04 04:15:04,2018-06-04 04:30:11,2018-06-05 10:53:00,2018-06-13 16:17:41,2018-06-28,47.99,11.15,1,1,59.14,1,1,5.0,1.0,061b86395a4b70077d2db1d1f5290c30,6852,itapecerica da serra,SP,9.501817129629629,23.82287037037037,0,59.14
b0f5f856c7c8dc046531f164d6de3eb4,9576af8c129e66193e28e99a06fe2dbe,delivered,2018-06-04 06:25:37,2018-06-04 06:35:09,2018-06-20 08:51:00,2018-06-26 00:21:50,2018-07-18,179.9,40.12,1,1,220.02,4,1,5.0,1.0,c6fc2915052475470fcee6e3b07b4f46,11940,jacupiranga,SP,21.747372685185184,43.73221064814815,0,220.02
b226cacb0f9d03a94be963d2d8ceff65,3fd923429a0a3f921b44ae5e4dc2c96f,delivered,2018-06-04 07:25:50,2018-06-04 07:51:21,2018-06-04 14:29:00,2018-06-11 20:46:20,2018-07-24,25.49,15.23,1,1,40.72,1,1,5.0,1.0,409e8a6295a7d058f80414c3437fb4d4,20771,rio de janeiro,RJ,7.555902777777778,49.69039351851852,0,40.72
de37b7488e95fba972323b74d3a0f68e,c898082674193b02c192ec57dcbd5fa9,delivered,2018-06-04 07:51:02,2018-06-04 08:10:15,2018-06-05 14:54:00,2018-06-06 20:38:25,2018-06-28,109.18,9.12,1,1,118.3,2,1,5.0,1.0,9f65c8a8d1e26e4c16d16e6c3c4606ef,6544,santana de parnaiba,SP,2.5329050925925927,23.672893518518517,0,118.30000000000001
0cdc74fe3f18369cdc397f87a9c4a737,093afa5e2f16785b06a54179fdc986c2,delivered,2018-06-04 07:55:31,2018-06-04 08:10:18,2018-06-05 13:48:00,2018-06-18 17:51:15,2018-07-11,14.9,15.23,1,1,30.13,1,1,4.0,1.0,b6e4d8aa8df3bd5ce682be0ef338e5da,71919,brasilia,DF,14.413703703703703,36.669780092592596,0,30.130000000000003
de3574da763e9c4950cfc27933332396,f2468e9b3de6ba79a57728bbfd70527f,delivered,2018-06-04 07:56:55,2018-06-04 08:40:19,2018-06-12 19:20:00,2018-06-13 20:07:55,2018-06-20,63.99,11.15,1,1,75.14,1,1,5.0,1.0,c8e2ea7e324f7dd660e7481ec85bef3c,5069,sao paulo,SP,9.50763888888889,15.66880787037037,0,75.14
105a70f8a707fdd43b003271860132bd,713c6678ace69cc88a91c9e56ee2a20a,delivered,2018-06-04 08:08:48,2018-06-04 08:30:54,2018-06-04 16:04:00,2018-06-05 23:59:29,2018-07-04,71.71,11.86,1,1,83.57,8,1,5.0,1.0,0bfb268a7a8268c6a67d71693a0c1c95,32115,contagem,MG,1.6601967592592592,29.660555555555554,0,83.57
e5b5f83f4369c413d3bccdd0a5a7fa01,89e0fb5231643d64e8088aa09207df9a,delivered,2018-06-04 08:10:32,2018-06-04 08:30:56,2018-06-04 12:05:00,2018-06-08 17:22:02,2018-07-25,90.0,18.51,1,1,108.51,10,1,5.0,1.0,a25de8f8e482df5dab693c3c6e712e78,22743,rio de janeiro,RJ,4.382986111111111,50.65935185185185,0,108.51
0d09617395364c88c4ad7c457b439314,016c5c3fb572754f302fdac24aa9cfa4,delivered,2018-06-04 08:33:09,2018-06-04 09:11:43,2018-06-05 10:15:00,2018-06-20 18:52:50,2018-07-11,122.99,20.91,1,1,143.9,3,1,5.0,1.0,c6bb2e116c8ccaf3738a685ba174b675,50721,recife,PE,16.430335648148148,36.64364583333333,0,143.9
099e239a7cce8ed6ef0905feb80808c0,57a16805e4ec6a43a9603e3a36fafdea,delivered,2018-06-04 08:35:20,2018-06-06 02:54:16,2018-06-07 06:50:00,2018-06-22 01:32:46,2018-07-20,144.99,47.45,1,1,192.44,1,1,4.0,1.0,a08027c330a3d29bd5864bb576d365df,56180,cabrobo,PE,17.706550925925924,45.64212962962963,0,192.44
0ff35367e334d813e6430388f6769dc3,2283082a4205df69547d4916bc5d2f39,delivered,2018-06-04 08:43:48,2018-06-05 04:52:01,2018-06-05 14:59:00,2018-06-07 03:03:47,2018-06-28,24.99,8.29,1,1,33.28,1,1,5.0,1.0,0ec3d3e92bac5c0df1e6fc8657fd95df,18085,sorocaba,SP,2.763877314814815,23.63625,0,33.28
35d5fa2dff695764ea7c3785b6679c6e,ccdb06d85ada20c9de4363bfc9816108,delivered,2018-06-04 08:53:48,2018-06-06 02:54:18,2018-06-06 15:28:00,2018-06-11 16:44:34,2018-07-17,135.0,15.83,1,1,150.83,1,1,5.0,1.0,f8e8ca028ca531040f0776d683855461,3435,sao paulo,SP,7.326921296296296,42.629305555555554,0,150.83
008d9bf350ff02ed444b3452cf3f57e0,84f30d2805ae1bddbe5deefc84c80cd0,delivered,2018-06-04 08:57:02,2018-06-04 09:11:48,2018-06-04 12:19:00,2018-06-13 19:24:52,2018-07-11,19.98,30.46,2,1,50.44,1,1,5.0,1.0,0511b00dba27c937d7c1b15aa385359e,29101,vila velha,ES,9.435995370370371,36.62706018518519,0,50.44
49d0ecc62e79de0f34766cb97df47cf7,aeb071a5333bfd7075457d99279f03f3,delivered,2018-06-04 08:58:43,2018-06-04 09:11:49,2018-06-04 14:18:00,2018-06-19 00:03:29,2018-07-05,9.9,12.79,1,1,22.69,1,1,5.0,1.0,350fa2842ce05b1c4aa6ee800bf0e43e,13630,pirassununga,SP,14.628310185185185,30.625891203703702,0,22.689999999999998
06cd9d207dfbdde70cff4074b5b3dfaf,369fa8413084d3ca6d64c8532ed1943b,delivered,2018-06-04 09:15:35,2018-06-04 09:29:57,2018-06-04 14:44:00,2018-06-18 18:08:35,2018-07-18,77.1,23.12,1,1,100.22,2,1,5.0,1.0,2d5e5796e7901464c00407e69739c6db,26515,nilopolis,RJ,14.370138888888889,43.61417824074074,0,100.22
ca67981db1ad515d44e29fed8965d528,ae5c594f6677527dcb3e6d0c39db8904,delivered,2018-06-04 09:19:47,2018-06-05 04:51:42,2018-06-05 16:28:00,2018-06-19 18:32:34,2018-07-16,34.9,22.06,1,1,56.96,1,1,5.0,1.0,d20ff60ca2a1113a445d88fa54bdbb21,41927,salvador,BA,15.383877314814814,41.61126157407407,0,56.959999999999994
1a3f925f36cd0be140285b3a6974baee,5e3ea4c0dc7aa8e9c0596346240b5763,delivered,2018-06-04 09:19:51,2018-06-05 09:15:19,2018-06-05 14:21:00,2018-06-08 20:51:34,2018-06-28,110.0,28.96,2,1,138.96,1,1,5.0,1.0,207a07e11e90ecb0457df31faafff393,2218,sao paulo,SP,4.480358796296296,23.611215277777777,0,138.96
447fbbff08bf51738b0b1f820b166372,e697f7adabf275ea017610a2d7944ef4,delivered,2018-06-04 09:26:00,2018-06-04 15:11:14,2018-06-12 15:14:00,2018-07-06 19:38:42,2018-07-18,75.9,22.24,1,1,98.14,1,1,4.0,1.0,d99853d1799e1f3b93db64bc4b8e4637,45680,urucuca,BA,32.42548611111111,43.606944444444444,0,98.14
83adb8f44a5e98ea2d58a04ca0b7fdc7,2d5a03254d72a9e56dddc8616bab0216,delivered,2018-06-04 09:33:26,2018-06-04 09:51:40,2018-06-04 15:44:00,2018-06-11 16:27:42,2018-07-16,84.9,23.17,1,1,108.07,2,1,1.0,1.0,cf887277eddbc2f8063cac0b99d3892a,26123,belford roxo,RJ,7.287685185185185,41.601782407407406,0,108.07000000000001
418b064f8c759c498dff85001d3428f7,5eed10cc8c372ca465dd35f531fd0338,delivered,2018-06-04 09:35:03,2018-06-05 09:32:29,2018-06-05 11:51:00,2018-06-11 20:37:42,2018-07-11,149.99,18.93,1,1,168.92,1,1,5.0,1.0,3806043cbed23b132f38fe787001d702,2981,sao paulo,SP,7.460173611111111,36.600659722222225,0,168.92000000000002
9991f93b8033efb6a155363142504f5a,f8fd9bba9a4358344cb5dc6387c75b98,delivered,2018-06-04 09:40:03,2018-06-04 09:55:18,2018-06-05 09:24:00,2018-06-12 19:52:29,2018-07-05,90.0,25.58,2,1,115.58,1,1,4.0,1.0,a8cace4dc9e5fcc3be52319160150f24,15115,bady bassitt,SP,8.425300925925926,30.5971875,0,115.58
ee8b2d168886de97bcaf86366cf3e2b0,60a8ec72dfc2c7c51c5983496cad1dba,delivered,2018-06-04 09:42:23,2018-06-04 09:51:37,2018-06-04 13:20:00,2018-06-05 18:42:32,2018-06-20,44.9,8.88,1,1,53.78,1,1,5.0,1.0,99ea24bd850ccb5e64c2200d92d71484,1415,sao paulo,SP,1.3751041666666666,15.595567129629629,0,53.78
49c7df46784ee525af9f5cb40fc1d508,92c20486bda026216f613e3e4406f759,delivered,2018-06-04 09:49:31,2018-06-04 10:10:26,2018-06-04 15:40:00,2018-06-07 11:33:58,2018-06-28,19.49,7.87,1,1,27.36,1,1,5.0,1.0,a35e6ad969a4298593c504f69c03efb4,12230,sao jose dos campos,SP,3.072534722222222,23.590613425925927,0,27.36
5daa05e23e3d4dc6b95c1fa49dbfab7f,acb3946dc3dbc302f2cced7d3fabd2df,delivered,2018-06-04 09:50:31,2018-06-04 10:50:57,2018-06-05 14:24:00,2018-06-13 10:22:44,2018-06-28,14.99,7.39,1,1,22.38,1,1,3.0,1.0,d307f4b6b17dbd138b5cf6bf169a44d7,13067,campinas,SP,9.022372685185186,23.589918981481482,0,22.38
cc8978e74f4d8907fbad695ee3f7f933,fd92bf50851f9d351ff9f16d79a31971,delivered,2018-06-04 09:53:26,2018-06-04 10:50:50,2018-06-04 12:10:00,2018-06-09 02:03:50,2018-08-02,167.5,48.0,1,1,215.5,1,1,5.0,1.0,6fc559606d61b5b64523ccc04b5dcda7,22451,rio de janeiro,RJ,4.6738888888888885,58.58789351851852,0,215.5
a67eb7e1e345d47ea191f88d20b02f48,7e526dd26eefd38eaf8e3aaffa569ddc,delivered,2018-06-04 10:00:29,2018-06-04 10:10:35,2018-06-04 15:15:00,2018-06-05 18:45:33,2018-06-28,34.99,8.29,1,1,43.28,1,1,5.0,1.0,c70a748181b0ad35dabfa861d6a73464,7231,guarulhos,SP,1.3646296296296296,23.582997685185184,0,43.28
40c8cd121d8e213fd48d0f30c9ed71e5,60d33aaf1226dd0914d98119609f8193,delivered,2018-06-04 10:03:22,2018-06-04 10:15:16,2018-06-04 15:02:00,2018-06-06 20:12:42,2018-06-28,24.99,8.29,1,1,33.28,1,1,5.0,1.0,9dbf644f502b6cfc35b22ceea01af302,12227,sao jose dos campos,SP,2.4231481481481483,23.58099537037037,0,33.28
b838ad168e49e794a3ca0c60107a3851,76153ec83edb14acc4ed55c9f176f1f0,delivered,2018-06-04 10:08:07,2018-06-04 10:31:55,2018-06-06 09:59:00,2018-06-12 15:38:44,2018-07-05,56.99,13.76,1,1,70.75,1,1,3.0,1.0,a6e6272914b42fffb616e5c975d14533,7032,guarulhos,SP,8.229594907407407,30.577696759259258,0,70.75
2bae46553a029f4e6c9976e173d676ef,bb238c3218638e73c526bdea9173e8f1,delivered,2018-06-04 10:23:37,2018-06-05 03:50:18,2018-06-05 13:22:00,2018-06-20 12:38:33,2018-07-23,122.99,84.41,1,1,207.4,1,1,5.0,1.0,b3ad26ff72857f2cdc64f4ad6abc5834,95590,tramandai,RS,16.093703703703703,48.56693287037037,0,207.39999999999998
34d8085664591b6233e939572becebb9,fb3c17a0741fbb9e328d54374a56f2cc,delivered,2018-06-04 10:28:41,2018-06-04 10:50:43,2018-06-04 13:58:00,2018-06-12 20:13:44,2018-07-13,1299.65,28.07,1,1,1327.72,8,1,4.0,1.0,a9ac0830ef6d1cff282fe04077d56021,18607,botucatu,SP,8.406284722222223,38.563414351851854,0,1327.72
8533051a3ddfba857f39aa28d5b7a8f1,1d734c634745b4b85d598e2f097c828a,delivered,2018-06-04 10:31:30,2018-06-05 04:12:45,2018-06-05 12:08:00,2018-06-10 13:47:25,2018-07-18,49.7,18.23,1,1,67.93,1,1,5.0,1.0,dda2af94f5aecce80c03739dd646bf5e,5328,sao paulo,SP,6.136053240740741,43.561458333333334,0,67.93
a37a7ca4bfc323dd5c2466e609e4ae61,3f8aae0419248bd89751324f896ee2c8,delivered,2018-06-04 10:34:10,2018-06-04 10:50:52,2018-06-05 12:09:00,2018-06-15 19:26:47,2018-07-16,186.0,37.99,1,1,223.99,8,1,5.0,1.0,968274cc4a0b87221bd3a935f9bd2d3e,70844,brasilia,DF,11.369872685185186,41.55960648148148,0,223.99
8b7b9c6bbef1d12f004035806f43996a,529f88b63d54d7c02bd9cbfd94ef9248,delivered,2018-06-04 10:38:02,2018-06-04 10:50:55,2018-06-07 12:55:00,2018-06-13 16:22:46,2018-07-13,105.4,36.519999999999996,2,2,141.92,1,1,4.0,1.0,406aefddac1b54a36022ef32ffe6ed5f,88058,florianopolis,SC,9.239398148148148,38.556921296296295,0,141.92000000000002
d105b386fa5b4aab107c43ba2760f64b,10bb14670e48f06473415ea7433f7143,delivered,2018-06-04 10:38:55,2018-06-04 10:50:54,2018-06-07 13:30:00,2018-06-11 19:21:48,2018-06-28,49.9,8.29,1,1,58.19,1,1,2.0,1.0,f47fe7d7281683160c3468c9298eb74c,5650,sao paulo,SP,7.363113425925926,23.55630787037037,0,58.19
cba96e186e4dd8d172b398e01df4027d,212c99e249defc8507b913c1eb889c57,delivered,2018-06-04 10:44:59,2018-06-04 10:55:17,2018-06-05 13:45:00,2018-06-06 18:43:41,2018-06-28,93.0,11.28,1,1,104.28,3,1,4.0,1.0,c7a380329b6ce97919f681cc4183ba3a,13030,campinas,SP,2.3324305555555553,23.552094907407408,0,104.28
1bab231e166587a2e6834a89ab97b32d,d72b1a778aaf7acc1aa5284566ab3d5c,delivered,2018-06-04 10:45:08,2018-06-05 14:32:20,2018-06-05 12:54:00,2018-06-11 16:43:46,2018-07-11,69.9,18.37,1,1,88.27,8,1,4.0,1.0,a2e225da75ee00740db08d4f220249f8,5704,sao paulo,SP,7.249050925925926,36.55199074074074,0,88.27000000000001
fa2327f446a561a540a3fe3069f99046,d7492c2b1d4bcba6c2c8cfd6a25ef8c2,delivered,2018-06-04 10:58:33,2018-06-04 11:11:58,2018-06-06 13:53:00,2018-06-14 12:32:07,2018-07-16,79.9,22.27,1,1,102.17,4,1,5.0,1.0,d681f09d6d055742a26128c292625e00,44054,feira de santana,BA,10.064976851851851,41.54267361111111,0,102.17
03d631cfa59f71c4a9cd31a6bb7467fe,f93b631ae6e592bbe9dbd11ad77af237,delivered,2018-06-04 11:01:31,2018-06-05 14:31:50,2018-06-11 14:41:00,2018-06-18 16:24:54,2018-07-19,364.98,39.24,1,1,404.22,1,1,3.0,1.0,f4d341829671a2ca6b253cba441e1efe,77600,paraiso do tocantins,TO,14.224571759259259,44.540613425925926,0,404.22
a01b8c1afb8cc652c7d3b3d069951729,1cbec9e3f90761ff856fe2487f253cc4,delivered,2018-06-04 11:13:02,2018-06-04 11:30:43,2018-06-06 07:31:00,2018-06-18 17:56:41,2018-07-12,35.9,19.32,1,1,55.22,1,1,4.0,1.0,f1bc47b6c804a6fc63a5f584508f0bd5,85819,cascavel,PR,14.2803125,37.53261574074074,0,55.22
11f61eaa0c763460148326fd83749fd0,e9b09b15e028a4f1ec776f98bb525182,delivered,2018-06-04 11:13:53,2018-06-04 11:30:41,2018-06-07 13:18:00,2018-06-09 15:41:38,2018-06-28,60.0,8.88,1,1,68.88,1,1,5.0,1.0,44dc75f57638cf465f8af113bfa8250a,11070,santos,SP,5.1859375,23.532025462962963,0,68.88
9ce36e2fe5d89681ffcdc294ea7363ac,583f92cf005d530fb347398860f184c4,delivered,2018-06-04 11:16:53,2018-06-04 11:30:42,2018-06-05 13:05:00,2018-06-14 10:03:26,2018-07-20,35.9,50.85,1,1,86.75,1,1,4.0,1.0,f4f57b6d32475f5a23596ecc34772860,59625,mossoro,RN,9.948993055555556,45.52994212962963,0,86.75
f41f4f0667b69592fa5bef59e5ef7fad,d7c5773821f77c5341e5f00dbfff4115,delivered,2018-06-04 11:25:50,2018-06-04 11:51:12,2018-06-05 10:20:00,2018-06-13 19:12:11,2018-07-24,89.99,18.21,1,1,108.2,2,1,5.0,1.0,4e8caaf8af5022237fc1925279afbf94,20730,rio de janeiro,RJ,9.323854166666667,49.523726851851855,0,108.19999999999999
a539f2112c00901f99400581d41ae0eb,e370a74b55f19bf8ca82b0dfd5b3e396,delivered,2018-06-04 11:35:17,2018-06-04 11:51:23,2018-06-05 07:02:00,2018-06-11 18:52:45,2018-07-24,103.9,18.31,1,1,122.21,1,1,5.0,1.0,994f35cccd7d6b7f580cafe87e5d08cf,20735,rio de janeiro,RJ,7.303796296296296,49.517164351851854,0,122.21000000000001
29bf476a5068eca4bb2d21bdb684a737,ef8248040541ee5e70d453c61d019184,delivered,2018-06-04 11:36:46,2018-06-04 11:51:25,2018-06-06 14:39:00,2018-06-11 21:58:49,2018-07-12,120.0,18.72,1,1,138.72,2,1,5.0,1.0,de3e017ab6edaab6a4c0be4198416398,80240,curitiba,PR,7.431979166666666,37.51613425925926,0,138.72
1529673c10a3ace0a6a5182963e93ad3,164a5e002d1556b4b5aaeb5d2ac1ef67,delivered,2018-06-04 11:45:52,2018-06-04 12:10:22,2018-06-06 06:22:00,2018-06-11 22:14:32,2018-07-16,130.99,15.0,1,1,145.99,1,1,5.0,1.0,a43bd8c4ff5e6e3ce37bd3fd797a439d,3817,sao paulo,SP,7.436574074074074,41.50981481481482,0,145.99
b9a970bee0ad1aab9d4f291280670f78,c99932b765fc1b7a1c5a4c3f996f6f1d,delivered,2018-06-04 11:52:25,2018-06-04 12:10:42,2018-06-12 12:03:00,2018-06-15 13:42:47,2018-07-23,49.9,19.32,1,1,69.22,3,1,5.0,1.0,1a6b1ff8c6841f14b71040a070ad78df,59965,alexandria,RN,11.076643518518518,48.505266203703705,0,69.22
12224004d3218865e0485410be6e0afc,74668b233d4a12c699c8b338824d9468,delivered,2018-06-04 11:55:12,2018-06-05 04:51:58,2018-06-07 10:56:00,2018-06-11 11:18:28,2018-06-29,35.9,22.93,1,1,58.83,1,1,5.0,1.0,53cbff8f07a4148c761e1690e57cb00a,8673,suzano,SP,6.974490740740741,24.503333333333334,0,58.83
cb183ad1472c27844f8e8a96ba2afcc5,4e451ebf8a3ac5aa527361733f7015ad,delivered,2018-06-04 11:55:30,2018-06-04 12:10:38,2018-06-04 12:12:00,2018-06-19 15:41:53,2018-07-17,219.0,75.8,1,1,294.8,3,1,2.0,1.0,e4c2432a8a9263a10cb7175ee5098529,49025,aracaju,SE,15.157210648148148,42.503125,0,294.8
d95cb2dcbf2eb01c15e4633df807d2e4,b61c63aace73cb64dcc63b841463dc11,delivered,2018-06-04 11:59:52,2018-06-04 12:10:44,2018-06-05 10:15:00,2018-06-13 19:32:11,2018-07-25,122.99,29.89,1,1,152.88,4,1,4.0,1.0,daf2b5ffdd2ec8c069a516cfb9543d22,22755,rio de janeiro,RJ,9.314108796296296,50.500092592592594,0,152.88
a29e1c93ee597410428699bb1e339edb,61eab57728f3ca555e8a55f532169cc8,delivered,2018-06-04 12:08:53,2018-06-04 12:31:15,2018-06-05 14:50:00,2018-06-07 21:17:50,2018-06-28,46.2,9.44,1,1,55.64,1,1,2.0,1.0,edacb41488fd3a2f20e311b83848ee79,13340,indaiatuba,SP,3.3812152777777778,23.49383101851852,0,55.64
692f4207d359fbf24d641b1470721130,eb7da1cd8b8d48a43fdb3d86f34beff4,delivered,2018-06-04 12:10:06,2018-06-04 12:31:17,2018-06-04 11:04:00,2018-06-21 21:56:34,2018-07-17,74.0,18.1,1,1,92.1,3,1,4.0,1.0,41bcd3882167cab0e3e3dafb0a292473,91430,porto alegre,RS,17.407268518518517,42.49298611111111,0,92.1
17229fc3b255deaf774bd892c1673951,70685ed2b54ea53d14b41a1e7c57b06d,delivered,2018-06-04 12:12:32,2018-06-06 02:54:27,2018-06-06 11:25:00,2018-06-13 19:18:49,2018-07-05,83.9,13.95,1,1,97.85,1,1,2.0,1.0,81886a904fd1466adf8129fc130982af,17013,bauru,SP,9.296030092592593,30.491296296296298,0,97.85000000000001
c7ba15ecd1fd8d61a97c320e8d28f41d,c4d487c947c5ad7ea920219a141c75ce,delivered,2018-06-04 12:17:30,2018-06-04 12:31:16,2018-06-05 12:09:00,2018-06-11 21:53:36,2018-07-05,168.0,19.06,1,1,187.06,1,1,5.0,1.0,1a4776fd1e8c769d9a0a7b0e74d2564b,9621,sao bernardo do campo,SP,7.400069444444444,30.48784722222222,0,187.06
4fe26df981b8f298e0e6bf81c1d5ead0,056de0008c4ab528f5631192e11fc745,delivered,2018-06-04 12:22:27,2018-06-05 14:31:56,2018-06-06 07:45:00,2018-06-07 13:38:52,2018-06-28,10.8,7.87,1,1,18.67,1,1,5.0,1.0,f497dd3ee9e4ef33b42acd82713e4bf3,8341,sao paulo,SP,3.0530671296296297,23.48440972222222,0,18.67
8c0cf4e06747b0264127ced0718f8fe2,be60de3949d43cd1799c3567eb6452b0,delivered,2018-06-04 12:22:27,2018-06-05 14:31:50,2018-06-06 07:46:00,2018-06-07 13:13:24,2018-06-28,10.8,7.87,1,1,18.67,1,1,5.0,1.0,f497dd3ee9e4ef33b42acd82713e4bf3,8341,sao paulo,SP,3.0353819444444445,23.48440972222222,0,18.67
5829e6abd78c204059d0dad88e6061f4,febad6c3f0ecb93ef3b9e2d80fe2a4a0,delivered,2018-06-04 12:29:06,2018-06-04 12:50:34,2018-06-06 14:22:00,2018-06-07 14:11:13,2018-06-28,39.9,7.39,1,1,47.29,1,1,5.0,1.0,ef7144e12add30740061a968ebb7b65e,9280,santo andre,SP,3.070914351851852,23.479791666666667,0,47.29
91f547a0881c0ca253a3822416926b90,8c2db8ebb47d738813b679a5fde0634e,delivered,2018-06-04 12:36:40,2018-06-04 12:50:48,2018-06-07 09:02:00,2018-06-08 14:25:52,2018-06-28,59.8,17.28,2,1,77.08,2,1,5.0,1.0,22be6b0c4ec4b916766bdacf188dcdad,5657,sao paulo,SP,4.075833333333334,23.474537037037038,0,77.08
2dee7cc9b658d444f8b66a9da62f8868,1ecfdd635d48581004c3e35c1a67c4d3,delivered,2018-06-04 12:37:15,2018-06-04 12:50:45,2018-06-04 15:44:00,2018-06-08 12:12:25,2018-07-13,99.0,38.27,1,1,137.27,2,1,5.0,1.0,09acad0f8d11c66eca0af79cab5b1d66,3988,sao paulo,SP,3.9827546296296297,38.474131944444444,0,137.27
846b560326bf3574c22964443fe7c5f1,e0e7ee625cb2646f1049f7602dde6d37,delivered,2018-06-04 12:38:18,2018-06-04 12:50:47,2018-06-04 13:58:00,2018-06-08 10:46:47,2018-07-12,1499.65,28.38,1,1,1528.03,8,1,4.0,1.0,b5585a338bb22b66f02541df26cbb9aa,13085,campinas,SP,3.9225578703703703,37.47340277777778,0,1528.0300000000002
ab87dc5a5f1856a10640d5f42e4c2fd9,538a4d02876412846b966a3c057395e5,delivered,2018-06-04 12:38:45,2018-06-04 12:50:47,2018-06-05 12:12:00,2018-06-11 20:39:49,2018-07-17,179.0,31.9,1,1,210.9,4,1,5.0,1.0,fd317ae6d8988b7041034edac3f253bf,38040,uberaba,MG,7.334074074074074,42.47309027777778,0,210.9
b9e3810153620449fc947aeb350f4d53,da8a74c5ac056c3961c84a67b7939aa2,delivered,2018-06-04 12:43:30,2018-06-05 14:31:56,2018-06-14 12:46:00,2018-06-19 00:51:05,2018-07-20,99.0,18.57,1,1,117.57,1,1,5.0,1.0,87e843365700cec571278edea904be15,9310,maua,SP,14.505266203703703,45.469791666666666,0,117.57
576fed147504338aa428f01cb08ab5a4,965e13165860fea377c1b5758f12e7e0,delivered,2018-06-04 12:53:03,2018-06-06 03:11:07,2018-06-06 08:38:00,2018-06-07 14:49:35,2018-06-28,28.99,7.87,1,1,36.86,1,1,5.0,1.0,cde37fe3a24ad875f5ff1482fd80a43e,2531,sao paulo,SP,3.080925925925926,23.463159722222223,0,36.86
89295af77ed4ae2952f65f4f432f53c5,356d58cb9c6869d1d646195d7b2033b3,delivered,2018-06-04 12:54:12,2018-06-05 04:15:15,2018-06-05 15:16:00,2018-06-08 19:47:50,2018-06-28,940.0,21.49,1,1,961.49,1,1,5.0,1.0,2df8d869149b311f08cde6a835ad0d18,11045,santos,SP,4.28724537037037,23.46236111111111,0,961.49
58ae1d454a356757c2e45298bcd0c9bf,8b270578b825aeb45e356403928ea647,delivered,2018-06-04 12:54:21,2018-06-04 13:12:04,2018-06-05 12:55:00,2018-06-11 21:13:28,2018-07-05,44.99,15.23,1,1,60.22,2,1,5.0,1.0,64e18740815366a3b2ba177b9ecc8b8d,30150,belo horizonte,MG,7.346608796296296,30.462256944444444,0,60.22
911e42ae2c0cf7e1050b31ac36d8b2c2,38086643ba09e7eb60211ef04c0382a0,delivered,2018-06-04 12:57:23,2018-06-04 13:12:10,2018-06-04 14:44:00,2018-06-13 17:03:36,2018-07-17,58.0,15.26,1,1,73.26,1,1,4.0,1.0,a3cf1e7780c2f82ccfd4ebda7f64cd8f,12220,sao jose dos campos,SP,9.170983796296296,42.460150462962964,0,73.26
dbaabdb0be80480bf6306b5e3c953017,ab4014c73ea5362865a1e91244fa4e31,delivered,2018-06-04 13:11:37,2018-06-05 14:31:37,2018-06-05 11:48:00,2018-06-13 16:03:04,2018-07-13,119.0,57.09,1,1,176.09,2,1,5.0,1.0,2f6fb8d1f089595a3378822baed7b636,16204,birigui,SP,9.1190625,38.450266203703706,0,176.09
96b205ed4ede615918071ef68a2f8831,cf9a23f821867f0f49363dd27a17b6f0,delivered,2018-06-04 13:15:18,2018-06-06 02:53:56,2018-06-06 12:29:00,2018-06-26 16:16:56,2018-07-12,40.0,22.85,1,1,62.85,1,1,5.0,1.0,9172c2f5a1fcb0fb7c3430ac64351504,65055,sao luis,MA,22.12613425925926,37.44770833333333,0,62.85
bab9cd2eee074d0c97e7691c9418d68b,915d2a8950a52d39766c3cc2516001a1,delivered,2018-06-04 13:21:16,2018-06-05 04:31:12,2018-06-05 12:08:00,2018-06-11 19:50:58,2018-07-05,90.0,27.22,2,1,117.22,1,1,5.0,1.0,87aac0e93ebcc67559e12767e89e3382,89300,mafra,SC,7.270625,30.443564814814813,0,117.22
49ed07bff8d01accb7ead0923ee6d91d,79a0a48f090029fdb61ab96f1c7127b0,delivered,2018-06-04 13:25:25,2018-06-04 13:51:36,2018-06-04 13:27:00,2018-06-13 23:51:54,2018-07-20,145.9,58.88,1,1,204.78,3,1,5.0,1.0,5f96ec83805d059fcff96db83a407338,90250,porto alegre,RS,9.43505787037037,45.440682870370374,0,204.78
bf7da01f9f2b27e2fc1b817b43504337,4be9341dff0e158e15b7b68ae7cf3479,delivered,2018-06-04 13:27:48,2018-06-04 13:51:36,2018-06-05 08:02:00,2018-06-19 01:38:25,2018-07-18,15.19,18.23,1,1,33.42,1,1,5.0,1.0,97dd5524d445fd04185c13245af4e173,97020,santa maria,RS,14.507372685185185,43.43902777777778,0,33.42
bac2a0865fcd2f0a6d08ea425fd888c3,dbc2118022733d001af07ccb8a0df0d9,delivered,2018-06-04 13:27:54,2018-06-04 13:51:36,2018-06-08 12:45:00,2018-06-28 15:19:38,2018-07-13,154.89,23.58,1,1,178.47,6,1,5.0,1.0,686c77bec96f5d95a5633726eb32d4a5,64034,teresina,PI,24.07759259259259,38.43895833333333,0,178.46999999999997
dae9a522f4f4057087b247c231d21d20,4ae50867d4c7ddd651a4a8750abf50a4,delivered,2018-06-04 13:34:22,2018-06-05 04:52:04,2018-06-06 13:18:00,2018-06-16 00:58:33,2018-07-11,29.99,18.23,1,1,48.22,1,1,4.0,1.0,e84f0c95eb1819a9ed6ea8fa805d358c,85570,sao joao,PR,11.475127314814815,36.43446759259259,0,48.22
4bd1c66907b2334cfdb5bc612d980f0d,02d34c287580a6f46ad7ffc395bbc208,delivered,2018-06-04 13:39:12,2018-06-04 13:51:52,2018-06-04 14:22:00,2018-06-05 22:56:30,2018-07-05,25.0,7.39,1,1,32.39,1,1,3.0,1.0,0e346c191c1b50fb14c4c9f6764af797,1011,sao paulo,SP,1.387013888888889,30.43111111111111,0,32.39
9684771c67ce7f4d55956a92c0247e5a,4b40edcfc9c0536cb21fe6b6c862152c,delivered,2018-06-04 13:42:49,2018-06-06 02:55:22,2018-06-06 14:24:00,2018-06-11 18:12:57,2018-07-16,109.0,18.64,1,1,127.64,1,1,5.0,1.0,8e2492ad2e71ea5c0241909ebea89e1a,37130,alfenas,MG,7.187592592592592,41.42859953703704,0,127.64
490580980004a090d98d9d45064db2a1,aa54db1f70672e3dd23fe0ce29522fa3,delivered,2018-06-04 13:52:35,2018-06-05 14:31:49,2018-06-06 11:54:00,2018-06-14 20:27:27,2018-07-16,186.0,23.01,1,1,209.01,1,1,5.0,1.0,20aeef66847d69afc58e891d0560d8b7,30260,belo horizonte,MG,10.274212962962963,41.42181712962963,0,209.01
c47ea271246fcfab187252dbabda3bb1,87ef858df37804b3770548b5252539d7,delivered,2018-06-04 13:53:35,2018-06-04 14:10:56,2018-06-05 10:39:00,2018-06-06 22:41:57,2018-06-28,199.9,14.1,1,1,214.0,1,1,5.0,1.0,64e271e013f0dc202489c75282dbd491,13348,indaiatuba,SP,2.3669212962962964,23.421122685185185,0,214.0
bf73c65f1e495937d0e65520f1bec3ed,c52c5c0033d00148752ff61f991e2521,delivered,2018-06-04 14:04:48,2018-06-04 14:15:21,2018-06-05 08:39:00,2018-06-13 18:22:04,2018-07-11,119.5,15.72,1,1,135.22,5,1,5.0,1.0,b1a6ead3efec7299aecaf0a1ff2070a5,81810,curitiba,PR,9.178657407407407,36.413333333333334,0,135.22
8a11d6c9768fa4f00f1243ebf56d268e,eae75372ee0e92b803fb660b32c6519f,delivered,2018-06-04 14:07:43,2018-06-04 14:31:33,2018-06-08 17:38:00,2018-06-09 14:18:44,2018-06-20,50.0,17.76,2,1,67.76,1,1,5.0,1.0,a0abb7f69fe8a74c825715120087360b,13024,campinas,SP,5.007650462962963,15.41130787037037,0,67.76
aa60d116f345c481d434f63ffe565710,2b3cca7c1075363076b3ef74f31c30e8,delivered,2018-06-04 14:11:16,2018-06-06 02:54:19,2018-06-06 14:07:00,2018-06-13 15:03:25,2018-07-13,149.9,25.18,1,1,175.08,1,1,5.0,1.0,afdc1af09e4bd876f0b3e3a73ad0436c,1444,sao paulo,SP,9.036215277777778,38.40884259259259,0,175.08
fb1bbde87c6437700f49e7c841f09485,ba9bf707927a0be6c2a2527929f530ba,delivered,2018-06-04 14:22:41,2018-06-04 14:35:18,2018-06-07 19:00:00,2018-06-08 14:13:32,2018-06-29,89.9,8.39,1,1,98.29,1,1,5.0,1.0,6358b15ef7fa9b1210f1a5735cabd3d9,2111,sao paulo,SP,3.9936458333333333,24.400914351851853,0,98.29
0b9b1c5bbb14862e0e96660280048b04,2bd46622c473bea1ca8f10e37be933ec,delivered,2018-06-04 14:34:15,2018-06-04 14:51:11,2018-06-05 15:10:00,2018-06-06 17:59:05,2018-06-28,8.99,7.39,1,1,16.38,1,1,4.0,1.0,3a5a79efb563dc2615fa9f92706c8133,13845,mogi-guacu,SP,2.1422453703703703,23.392881944444444,0,16.38
a3b53b3e29cbb1eae203156848b4407f,566fb5b0430aa2669f67cf0e0d2af8cf,delivered,2018-06-04 14:42:08,2018-06-05 04:31:13,2018-06-06 13:35:00,2018-06-08 00:07:54,2018-06-28,79.9,8.85,1,1,88.75,1,1,5.0,1.0,351b88d7081aae040f1eab3ec16eb00d,9761,sao bernardo do campo,SP,3.3928935185185187,23.38740740740741,0,88.75
bb5b7c37dba6e2ce0122da77dc538ab3,725fd041e8ecd092854a36490ad74872,delivered,2018-06-04 14:44:40,2018-06-05 04:15:10,2018-06-05 10:50:00,2018-07-11 15:41:54,2018-07-18,110.0,50.84,1,1,160.84,1,1,5.0,1.0,a315d28a755939c5baa6b3fbd64017cd,96445,acegua,RS,37.03974537037037,43.38564814814815,0,160.84
6bd3a60971ad56dc2edfe2873ad1c9b7,b764aba48781c46c6c1b83bcfe367473,delivered,2018-06-04 14:46:05,2018-06-04 15:11:07,2018-06-05 13:14:00,2018-06-11 18:46:23,2018-07-03,51.98,16.33,1,1,68.31,2,1,4.0,1.0,9ecc03668d67dc9560d5b814baa8ec49,31060,belo horizonte,MG,7.166875,28.384664351851853,0,68.31
1e7e52793962988de8f2bfdf748387eb,531f02d66e6a1c16a30f64f19e50585d,delivered,2018-06-04 14:51:12,2018-06-04 15:11:17,2018-06-07 14:02:00,2018-06-12 17:07:50,2018-07-17,199.99,19.28,1,1,219.27,8,1,5.0,1.0,dfb0cd5e052507b9d6480f6948c9d3ea,87140,paicandu,PR,8.09488425925926,42.38111111111111,0,219.27
0487007c18089d38f1492091945d7ba8,5cbe9410f3ea413f95d0858d75f0a42c,delivered,2018-06-04 15:00:32,2018-06-04 15:11:36,2018-06-05 13:14:00,2018-06-08 16:48:40,2018-07-05,329.9,47.17,1,1,377.07,15,1,4.0,1.0,14296c52ecd7063d06a69f915d801299,15700,jales,SP,4.0750925925925925,30.37462962962963,0,377.07
da205e39e5c9572ab09b0f2ee02e7c04,20a73b83014dca8ee7bfe6fc4a4692b0,delivered,2018-06-04 15:01:08,2018-06-05 04:31:15,2018-06-06 16:18:00,2018-06-20 18:04:10,2018-07-26,169.0,37.87,1,1,206.87,1,1,5.0,1.0,89cdd34014d498c99082db502fa7b405,68600,braganca,PA,16.12710648148148,51.374212962962964,0,206.87
9f6bea24fd370c2775d47a3525a4c534,d88f168f45b0a2c1acf6f1bb3bc37e0c,delivered,2018-06-04 15:02:34,2018-06-04 15:15:24,2018-06-25 15:20:00,2018-07-03 21:28:01,2018-07-30,119.99,24.23,1,1,144.22,6,1,5.0,1.0,c515f063c76c71b6152b6dc08896c671,11960,eldorado,SP,29.26767361111111,55.373217592592596,0,144.22
345f6867e8f97e11fb9f1ac091b18df9,5c709e33ab03b8d9c3cd73f227323e29,delivered,2018-06-04 15:08:42,2018-06-04 15:31:41,2018-06-05 13:24:00,2018-06-18 15:46:22,2018-07-27,239.0,42.43,1,1,281.43,1,1,5.0,1.0,46556700b63bcef0198bfa8106e7402c,92020,canoas,RS,14.026157407407407,52.36895833333333,0,281.43
f36d049775f796795ad32ae00310ee97,e156bebab621b24c406b0e48bdae60ee,delivered,2018-06-04 15:09:30,2018-06-05 04:12:29,2018-06-06 14:17:00,2018-06-08 18:03:21,2018-07-03,49.9,7.39,1,1,57.29,1,1,5.0,1.0,163a556a8d2dab2f97ab15b5a2dd08f6,37640,extrema,MG,4.120729166666667,28.368402777777778,0,57.29
93497823840bdd3e28dd14bc07a3c654,22be7bb6addc0126170bce627ac69f56,delivered,2018-06-04 15:14:05,2018-06-04 15:31:30,2018-06-05 12:15:00,2018-06-13 01:38:43,2018-07-12,33.49,18.23,1,1,51.72,4,1,4.0,1.0,0e454ee3f9024e5e69558d684bc2effa,36201,barbacena,MG,8.433773148148148,37.36521990740741,0,51.72
1bc50e93f3ab76ab6677faad4dd5216b,11ccdef696a84d0671c602467bb81e2a,delivered,2018-06-04 15:20:54,2018-06-05 04:31:09,2018-06-05 13:02:00,2018-06-15 12:32:59,2018-07-17,24.99,22.85,1,1,47.84,1,1,5.0,1.0,675164c0840bbd9e5b9a0a34d50b3e65,58085,joao pessoa,PB,10.883391203703704,42.36048611111111,0,47.84
034d69957b2269cb4e06b31561b64973,02ae7918f75386935260f02cbf60d7f7,delivered,2018-06-04 15:22:10,2018-06-04 15:35:20,2018-06-11 12:58:00,2018-06-19 13:48:44,2018-07-13,119.9,17.55,1,1,137.45,2,1,4.0,1.0,02f299c978d29bb1d1b47c5a231f7d02,79112,campo grande,MS,14.935115740740741,38.35960648148148,0,137.45000000000002
753e537c63c618f5c27c4a3a51182909,4f51768260bdd5b061fb0df7e83b020a,delivered,2018-06-04 15:28:38,2018-06-04 15:51:49,2018-06-05 14:25:00,2018-06-11 16:12:49,2018-07-12,79.0,17.26,1,1,96.26,1,1,2.0,1.0,0424f43302f219c1caa5952be1804f54,26221,nova iguacu,RJ,7.03068287037037,37.35511574074074,0,96.26
487e6e67e10e5756f886f5994439c22f,6c7aa7f4eee619102606e20914da066a,delivered,2018-06-04 15:29:14,2018-06-04 15:51:50,2018-06-05 13:41:00,2018-06-06 21:38:43,2018-07-05,134.1,64.00999999999999,7,2,198.11,1,1,3.0,1.0,b18c8cbd9616a95055ef4146f3f805e1,5407,sao paulo,SP,2.2565856481481483,30.354699074074073,0,198.10999999999999
6fa2b34b44af3aa81c0b080d0c133338,b06429ef920fcfdd75713c712c9ee7b7,delivered,2018-06-04 15:30:50,2018-06-04 15:52:08,2018-06-06 15:26:00,2018-06-07 21:34:00,2018-06-28,69.99,8.29,1,1,78.28,1,1,5.0,1.0,9316f45a5da8403a5938bd6069b1a4a7,12240,sao jose dos campos,SP,3.252199074074074,23.353587962962962,0,78.28
57d81bf4762c3335d0c6f021fe001856,9b609409c2f5529b2611bf351bea54ac,delivered,2018-06-04 15:40:40,2018-06-04 15:52:17,2018-06-05 12:05:00,2018-06-12 18:04:49,2018-07-16,119.9,63.99,1,1,183.89,8,1,5.0,1.0,73931f316896b895e60a9b543b810684,48840,cansancao,BA,8.100104166666666,41.34675925925926,0,183.89000000000001
2ddda59cefbe161601082d0beee3cf01,020b0645ceac44c1ae2de1ed2bc02b54,delivered,2018-06-04 15:44:54,2018-06-04 16:12:20,2018-06-05 13:07:00,2018-06-13 18:43:32,2018-07-13,24.99,18.23,1,1,43.22,2,1,5.0,1.0,2efee2f8716aa601b9b98fc5839e8f7c,36660,alem paraiba,MG,9.124050925925927,38.34381944444444,0,43.22
8e6ea4b72f10b06c7c6ac53f274e636f,624c7fcfdc6139e9d9780e5ed34f3d4f,delivered,2018-06-04 15:47:50,2018-06-04 16:12:21,2018-06-06 18:58:00,2018-06-07 23:12:51,2018-06-28,24.9,8.64,1,1,33.54,3,1,4.0,1.0,09b62652aa9aa670da591182ffc39511,2478,sao paulo,SP,3.309039351851852,23.341782407407408,0,33.54
cedd76fc5747c4fe238fffea929a9672,9a68cedec6c4f03bec914b782170a43f,delivered,2018-06-04 15:48:36,2018-06-06 02:35:14,2018-06-06 13:59:00,2018-06-15 14:46:28,2018-07-13,258.0,72.06,2,1,330.06,1,1,5.0,1.0,8b39dbbd813602a20d81a49888356227,7130,guarulhos,SP,10.956851851851852,38.34125,0,330.06
3d1a669c8ccacd61bf065e1537d5cad4,2096ad3b905d084c9496b1f4289d57db,delivered,2018-06-04 15:52:44,2018-06-04 16:12:36,2018-06-05 12:12:00,2018-06-06 18:14:59,2018-07-11,179.0,27.69,1,1,206.69,8,1,5.0,1.0,0def27ca2bd8b3fd71eb871041c0ece4,1031,sao paulo,SP,2.0987847222222222,36.33837962962963,0,206.69
a2a802d19d01ddbdbf3920d42a2e6a64,5188c99c0e8778da0fa1c8df32b24c3b,delivered,2018-06-04 15:53:44,2018-06-04 16:12:34,2018-06-06 12:31:00,2018-06-13 18:46:45,2018-07-11,57.9,17.99,1,1,75.89,5,1,5.0,1.0,25f9f567cbd5b7da21b21040c03b306f,26022,nova iguacu,RJ,9.120150462962963,36.33768518518519,0,75.89
6004599e0ca050d5d2e6b6cc27616061,34c14391e34ba77edd322046b9a1eee5,delivered,2018-06-04 15:54:29,2018-06-06 03:11:18,2018-06-06 12:21:00,2018-06-21 17:54:26,2018-07-13,95.2,18.6,1,1,113.8,1,1,5.0,1.0,c2e4df08e9cdfd0187e0350d62fd22eb,41720,salvador,BA,17.08329861111111,38.337164351851854,0,113.80000000000001
ef91e98c27841eead891942911000752,004df18653e9438571e9d294776a5c5c,delivered,2018-06-04 15:54:53,2018-06-04 16:12:42,2018-06-05 13:45:00,2018-06-06 18:27:33,2018-06-28,42.0,8.29,1,1,50.29,1,1,5.0,1.0,33e824e5fde35ad626278feba806c772,4623,sao paulo,SP,2.1060185185185185,23.336886574074075,0,50.29
9d2a11bab82354e3c134c7212988228a,7cb29cd77ba1de0bef1bd69d0e6f185d,delivered,2018-06-04 15:55:39,2018-06-06 02:35:14,2018-06-06 15:46:00,2018-06-09 17:22:29,2018-07-05,87.0,34.7,1,1,121.7,1,1,4.0,1.0,0ca60f3b899e4c26f7158574acd3d628,14900,itapolis,SP,5.060300925925926,30.336354166666666,0,121.7
903bf628219e968e070f205a97500735,15597c6e1060d323ac01f89a332903d7,delivered,2018-06-04 16:01:51,2018-06-04 16:15:22,2018-06-05 11:07:00,2018-06-12 19:28:24,2018-07-05,119.99,18.92,1,1,138.91,1,1,5.0,1.0,c7affe3256d61970764c0dc02a321775,14780,barretos,SP,8.1434375,30.332048611111112,0,138.91
583d26399c28234b68343e4ec352842a,1a1aca3aea66ecc5fa26e1994aad30d6,delivered,2018-06-04 16:04:10,2018-06-04 16:15:25,2018-06-06 07:01:00,2018-06-11 21:21:42,2018-07-19,40.5,19.32,1,1,59.82,5,1,5.0,1.0,04baa28903e22974e6213e632b09c193,1152,sao paulo,SP,7.220509259259259,44.33043981481482,0,59.82
30fad506e0a3f97390f19a636e08894e,6fa1cb97a275aa7fd38efa07f67cde71,delivered,2018-06-04 16:06:49,2018-06-04 16:29:47,2018-06-06 11:24:00,2018-06-20 21:04:10,2018-07-17,66.99,50.97,1,1,117.96,1,1,5.0,1.0,b531620286c6c6fbd1d3e7b58390fec0,38010,uberaba,MG,16.206493055555555,42.328599537037036,0,117.96
92fe9f93b7bb7a99f55be01fcd629140,c48354807076a9621832dc2144c3ce08,delivered,2018-06-04 16:08:03,2018-06-04 16:29:53,2018-06-07 13:53:00,2018-06-08 14:08:58,2018-06-28,14.9,8.82,1,1,23.72,1,1,5.0,1.0,9647d92925a762b173628a0f396a9fd4,89218,joinville,SC,3.9173032407407407,23.327743055555555,0,23.72
9105267b46613c2a2957fc8fb48ba1b5,5694f481bcf5a3d6c1dedda7915d00c7,delivered,2018-06-04 16:12:21,2018-06-04 16:29:55,2018-06-05 10:15:00,2018-06-28 18:24:45,2018-07-12,66.99,19.16,1,1,86.15,1,1,5.0,1.0,b531620286c6c6fbd1d3e7b58390fec0,49010,aracaju,SE,24.091944444444444,37.324756944444445,0,86.14999999999999
182499c96e47e2fa18c6d442a1fa6b1f,5dd4fcd1d55de7ae96cae3fa0ec13839,delivered,2018-06-04 16:20:33,2018-06-04 16:30:28,2018-06-05 11:41:00,2018-06-08 15:54:48,2018-07-18,141.9,19.96,1,1,161.86,1,1,5.0,1.0,e29bb76877cedfae1ca7f836c3b49074,11250,bertioga,SP,3.9821180555555555,43.3190625,0,161.86
774948f6702fc1d316b81f28fea3de9b,b1e400431e457864b28ee85866c790a5,delivered,2018-06-04 16:27:31,2018-06-04 16:52:49,2018-06-07 14:23:00,2018-06-14 18:22:29,2018-07-18,94.9,26.74,1,1,121.64,6,1,5.0,1.0,f24ae58572be5855ab7ae1c211bbb810,14040,ribeirao preto,SP,10.079837962962962,43.314224537037035,0,121.64
0508c1d4ce32ccc40fc59d0592478608,6c496722271e456537aa324397cc46af,delivered,2018-06-04 16:33:24,2018-06-04 16:53:01,2018-06-07 14:02:00,2018-06-19 19:18:49,2018-07-13,159.9,19.0,1,1,178.9,4,1,5.0,1.0,2043559e77298e5c92dccccd693424e9,29645,santa maria de jetiba,ES,15.114872685185185,38.310138888888886,0,178.9
0fcd3f7c5275b49cc83dd15129700b71,91c5faf27c8ebb48c71fe62afb3e5a3c,delivered,2018-06-04 16:39:02,2018-06-04 16:53:17,2018-06-06 11:24:00,2018-06-16 18:03:21,2018-07-11,64.99,27.51,1,1,92.5,4,1,4.0,1.0,2e28e9041059c967b17490dd9eb8a154,3912,sao paulo,SP,12.058553240740741,36.306226851851854,0,92.5
5103a33779a9aef136d6dbe242f779e0,5b353a2b5939d6221b41e3e26a18cf98,delivered,2018-06-04 16:54:12,2018-06-04 17:10:51,2018-06-05 14:37:00,2018-06-11 18:52:12,2018-07-17,99.0,26.77,1,1,125.77,6,1,1.0,1.0,4c5b79cd982d1cd497fe84d1a693e27b,83701,araucaria,PR,7.081944444444445,42.29569444444444,0,125.77
ae6144c470984a7dcd32074f5d981973,cba3093db3baa32369a1d7dec3b568ed,delivered,2018-06-04 16:55:09,2018-06-04 17:10:55,2018-06-05 13:32:00,2018-06-06 16:33:37,2018-06-28,39.99,7.39,1,1,47.38,1,1,3.0,1.0,2e622dd59a21e1155c8796a0a71d2d56,2270,sao paulo,SP,1.9850462962962963,23.295034722222223,0,47.38
d5db5ade6120da8525cd7eac0608d009,49efae505182bd0c31e9afb8be694cb5,delivered,2018-06-04 16:58:20,2018-06-04 17:10:53,2018-06-06 15:03:00,2018-06-11 18:48:46,2018-07-17,99.98,46.56,2,1,146.54,2,1,4.0,1.0,bb2b1ba29d905fb1136a1ef732947e00,25610,petropolis,RJ,7.076689814814815,42.292824074074076,0,146.54000000000002
c28ec0be612e5396c0ef13b958a713f4,b8452808c822b4a6f488cecb53cf87dc,delivered,2018-06-04 16:59:14,2018-06-04 17:10:58,2018-06-08 10:19:00,2018-06-11 21:50:57,2018-06-28,29.9,8.82,1,1,38.72,1,1,5.0,1.0,f1615ef2e9616f5cd51d96d61e5b4ec2,5372,sao paulo,SP,7.202581018518519,23.292199074074073,0,38.72
d4e84d2279af74e9336d0c786d6abb78,f021ba337308a66cd38430a17cba2992,delivered,2018-06-04 17:00:51,2018-06-04 17:15:28,2018-06-05 15:40:00,2018-06-11 16:12:52,2018-07-16,119.0,43.41,1,1,162.41,3,1,5.0,1.0,82a15870eda11e6ce6dff87a2a0ea34f,18270,tatui,SP,6.966678240740741,41.29107638888889,0,162.41
5a90df645c69ff1165894c2f2c11e1cc,fc72a2bc404989848c8afa35fab9accc,delivered,2018-06-04 17:02:06,2018-06-05 17:14:58,2018-06-08 14:02:00,2018-06-20 19:52:01,2018-07-16,89.0,18.5,1,1,107.5,4,1,5.0,1.0,5491723239a732983c7f244e5cb3809c,36060,juiz de fora,MG,16.117997685185184,41.29020833333333,0,107.5
bb18a7304967722c7cef28dff0a916ed,c7fd81c103d8cf9d0eb4e33040df28e7,delivered,2018-06-04 17:03:42,2018-06-04 17:15:24,2018-06-07 14:27:00,2018-06-21 18:21:40,2018-07-05,219.0,13.97,1,1,232.97,6,1,5.0,1.0,3ca90669af3842a95b1c16b897791a88,5783,sao paulo,SP,17.05414351851852,30.28909722222222,0,232.97
5c65f6e8b3825aeb9c088dc89edec2e5,1e660f43dd676ad1838e7fbcf617947c,delivered,2018-06-04 17:03:57,2018-06-06 02:54:28,2018-06-07 11:17:00,2018-06-14 15:26:43,2018-07-17,200.0,88.94,2,1,288.94,1,1,3.0,1.0,33176de67c05eeed870fd49f234387a0,94930,cachoeirinha,RS,9.932476851851852,42.28892361111111,0,288.94
75b96a3b1a4aa70f1b20c1e86020cfd3,46942ba3c793925cf51c0b5a72f4b811,delivered,2018-06-04 17:11:46,2018-06-04 17:32:32,2018-06-06 15:43:00,2018-06-11 21:06:55,2018-07-05,49.9,17.26,1,1,67.16,3,1,5.0,1.0,d857f5804c1ec3b3dc483ab04da6100d,16900,andradina,SP,7.163298611111111,30.28349537037037,0,67.16
3dd1232f9ae258b596e0189d82e2a222,6be9823eb869ab196576be1fb27c9f82,delivered,2018-06-04 17:17:07,2018-06-04 17:32:50,2018-06-05 19:03:00,2018-06-06 15:04:50,2018-06-28,147.99,9.33,1,1,157.32,2,1,5.0,1.0,9c8ba9b3fd6634a636ba879d594bd2bc,1451,sao paulo,SP,1.908136574074074,23.279780092592592,0,157.32000000000002
57fce93a49162f50b73540052f2871dc,219819dc0d3df55657865808c63e2ca2,delivered,2018-06-04 17:19:36,2018-06-06 09:11:12,2018-06-06 14:17:00,2018-06-11 20:29:29,2018-07-05,169.99,17.16,1,1,187.15,5,1,5.0,1.0,31d562e27aaee4736c97f6d4981ee6f9,2472,sao paulo,SP,7.131863425925926,30.278055555555557,0,187.15
d134a745dbca5e4a22709d57e23d4f8d,b950ce6e86bc77fe267e9575f6a790ac,delivered,2018-06-04 17:19:43,2018-06-04 17:32:50,2018-06-05 13:43:00,2018-06-14 20:31:02,2018-07-11,169.9,20.44,1,1,190.34,4,1,5.0,1.0,49dd4334612dbadcdb8f6f68f41310e0,89985,palma sola,SC,10.132858796296297,36.27797453703704,0,190.34
314e4546a237e634908a80f2cebdf0fc,643d8b19a93dbb1b79aaf13c9b0b351c,delivered,2018-06-04 17:21:08,2018-06-04 17:32:47,2018-06-06 15:43:00,2018-06-21 19:04:33,2018-07-19,49.9,26.43,1,1,76.33,7,1,5.0,1.0,2317da828e198cfb93c09d3593437fef,97095,santa maria,RS,17.07181712962963,44.27699074074074,0,76.33
1bfc6a0fec1d7e511b040f474ced0c0c,bca0fb95cf743f0e9a07ccc75fc0e407,delivered,2018-06-04 17:27:42,2018-06-04 17:52:43,2018-06-05 19:04:00,2018-06-06 16:32:14,2018-06-28,105.0,13.17,1,1,118.17,1,1,5.0,1.0,4f9bc202e060d8e02eef3c453ba46982,95096,caxias do sul,RS,1.9614814814814814,23.272430555555555,0,118.17
42c74febe4e2c8abef75d91fc0bfe0af,2c0c51ec6129533e2190459049b4d257,delivered,2018-06-04 17:31:33,2018-06-05 17:31:08,2018-06-06 14:04:00,2018-06-12 16:54:24,2018-07-05,136.0,25.84,2,1,161.84,10,1,1.0,1.0,8690c77c3be93f2242215f35a36f842d,18890,taguai,SP,7.974201388888889,30.269756944444445,0,161.84
00efb72d8e18533f736e86770705d094,bcda63215770504537bdb7ae298568f6,delivered,2018-06-04 17:40:52,2018-06-04 17:53:08,2018-06-05 10:15:00,2018-06-13 18:41:10,2018-07-12,66.99,22.97,1,1,89.96,2,1,4.0,1.0,a4268f1c2bea89056a164ebd106e72c9,70712,brasilia,DF,9.041875,37.26328703703704,0,89.96
4fcf76f4599c2d725c33ed838078c8df,ddc68290ac609084ffa721fa229d55ed,delivered,2018-06-04 17:42:39,2018-06-06 02:54:21,2018-06-07 12:09:00,2018-06-11 20:54:42,2018-07-04,126.63,19.86,1,1,146.49,1,1,5.0,1.0,527f0956fde5ece5cef5071b87038f61,13495,iracemapolis,SP,7.133368055555556,29.262048611111112,0,146.49
52e0844a4571e7443dd8e575e7f33480,0cb784f306c422f2792472ad6607b540,delivered,2018-06-04 17:42:44,2018-06-04 17:53:10,2018-06-05 09:11:00,2018-06-11 16:58:36,2018-07-20,47.7,57.96,3,1,105.66,5,1,2.0,1.0,e88fed3868f914d91d2dcdefc0d62ccc,95560,torres,RS,6.969351851851852,45.26199074074074,0,105.66
adf094db594ac7282fe50859f69cdb31,02841fd8efadbaf1b2e99e29822ed8e2,delivered,2018-06-04 17:46:53,2018-06-04 17:55:18,2018-06-11 14:23:00,2018-06-18 15:29:33,2018-07-31,149.99,33.31,1,1,183.3,3,1,5.0,1.0,2eff60ffbc74b60b6b0c73f9c2f21a0f,30532,belo horizonte,MG,13.90462962962963,56.259108796296296,0,183.3
dd0cba59df3a0bfd6e21bdd9cfefd7bc,1191179e28fa9807cd21f14b5bbb22e2,delivered,2018-06-04 17:47:50,2018-06-05 16:35:20,2018-06-06 14:47:00,2018-06-11 15:03:10,2018-07-30,529.0,18.58,1,1,547.58,1,1,5.0,1.0,d8274cd52cffa1f1fdc4d056fe63b892,20725,rio de janeiro,RJ,6.885648148148148,55.25844907407407,0,547.58
6091d0277963e5390a17a2eb5763ad1b,e3de7ffaa6c906a8a61b69ff20591e84,delivered,2018-06-04 17:52:53,2018-06-04 18:10:31,2018-06-05 14:18:00,2018-06-16 13:28:43,2018-07-20,135.6,77.04,2,1,212.64,1,2,4.0,1.0,b122e38f9d1db195e8eaec708e8db763,55293,garanhuns,PE,11.816550925925926,45.25494212962963,0,212.64
f2d4c5e2504657f6ee0b76fb979dd01d,b842717959224c3d19977a60ecfe0567,delivered,2018-06-04 18:04:12,2018-06-05 03:50:20,2018-06-05 14:15:00,2018-06-27 10:08:53,2018-07-19,64.8,23.03,1,1,87.83,1,1,4.0,1.0,339963d4dccb015b2e121400a0181a54,96825,santa cruz do sul,RS,22.66991898148148,44.247083333333336,0,87.83
63769bd918e5619db29316bac51cc4e5,fd80fe1d9709f6dd159fc642a4f45bb9,delivered,2018-06-04 18:07:27,2018-06-05 04:12:37,2018-06-05 14:38:00,2018-06-06 18:32:56,2018-06-28,27.9,7.87,1,1,35.77,1,1,5.0,1.0,af691f35fbff7e41386cd98b6b935b13,6385,carapicuiba,SP,2.0176967592592594,23.24482638888889,0,35.769999999999996
38c69a1ea85be350abf04516e9527573,8982ed2c7a1252471fd28b6c56512fee,delivered,2018-06-04 18:16:37,2018-06-04 18:33:20,2018-06-07 19:00:00,2018-06-08 22:16:52,2018-06-28,144.9,7.88,1,1,152.78,3,1,4.0,1.0,d8dad570d7f80965cc858d7c5df71e7d,6436,barueri,SP,4.166840277777778,23.23846064814815,0,152.78
15a8c5377a1ec81646e364e8b6aabf90,8b3030e1f68b2913007ec34c76b6514a,delivered,2018-06-04 18:26:47,2018-06-06 03:11:15,2018-06-06 13:35:00,2018-06-07 16:54:31,2018-06-28,39.9,11.86,1,1,51.76,1,1,5.0,1.0,6c942da68785707924e6c8696b6b63d0,13405,piracicaba,SP,2.935925925925926,23.231400462962963,0,51.76
31b398923275e2f66a56071ac111efd5,23991f5d59bfdef18b8fbf2547444ce8,delivered,2018-06-04 18:28:35,2018-06-04 18:50:12,2018-06-05 15:33:00,2018-06-18 19:59:46,2018-07-12,57.9,18.29,1,1,76.19,7,1,5.0,1.0,15ba6acbfeae5e421fcbe307f953653a,26051,nova iguacu,RJ,14.06332175925926,37.23015046296296,0,76.19
923c12ba1eb9e34963ef46a793e0891d,7d09bfae900907e48d6242022ce019d2,delivered,2018-06-04 18:30:50,2018-06-04 18:50:12,2018-06-05 13:41:00,2018-06-10 13:41:36,2018-07-04,186.0,23.88,1,1,209.88,2,1,5.0,1.0,d55c4e24ce88955325add11ef75af1e7,12411,pindamonhangaba,SP,5.799143518518519,29.228587962962962,0,209.88
61af52f7cc6266b9aead2cc464aa48f0,1dbb8fce4549ead4076d9146e9da0fe8,delivered,2018-06-04 18:34:20,2018-06-04 18:50:27,2018-06-05 15:40:00,2018-06-08 22:26:31,2018-07-05,29.9,16.32,1,1,46.22,1,1,4.0,1.0,d1b909331ab7e40645edd582f0469d79,13045,campinas,SP,4.161238425925926,30.226157407407406,0,46.22
97ad789b38d3d6a17bd34b3c19fe40b8,5a064a14994cdb7c9ba804c668129dbf,delivered,2018-06-04 18:40:03,2018-06-04 18:55:13,2018-06-05 12:14:00,2018-06-27 02:38:46,2018-07-18,119.0,40.9,1,1,159.9,3,1,5.0,1.0,6e0f2c0fc90a81d749a08d92c584d746,45810,porto seguro,BA,22.33244212962963,43.2221875,0,159.9
13d7a56c8538c342f96bc88730ef2919,58c7eca5a1e730d5de52cbf26eb9d3d2,delivered,2018-06-04 18:46:20,2018-06-05 17:15:47,2018-06-08 09:53:00,2018-06-20 17:04:13,2018-07-11,274.95,28.0,1,1,302.95,1,1,5.0,1.0,bb91ca6a6e46d8044a17b4787aa76be4,37410,tres coracoes,MG,15.929085648148147,36.21782407407407,0,302.95
b918857b7289075da14325e369374e4b,269275e519181d7946ad8bd709584970,delivered,2018-06-04 18:50:01,2018-06-06 03:11:18,2018-06-07 18:27:00,2018-06-08 21:47:39,2018-06-28,44.0,7.39,1,1,51.39,1,1,5.0,1.0,e2439c7b04c3500e7a4aa7a208e78f70,3430,sao paulo,SP,4.123356481481482,23.215266203703703,0,51.39
38f0291ed11ee2f2f0cf35ef8931e374,40300675258d243c158040624a2af978,delivered,2018-06-04 18:59:33,2018-06-06 02:54:01,2018-06-06 14:07:00,2018-06-12 22:56:28,2018-07-19,149.9,39.1,1,1,189.0,1,1,4.0,1.0,625801ebd7403ef5ee483ef9b81d6b0f,37701,pocos de caldas,MG,8.164525462962963,44.208645833333335,0,189.0
7bcffa5963aefdcd6c8cca5cfd6d0e32,4810c2ce9d15f307f600efd361eccbb0,delivered,2018-06-04 19:02:10,2018-06-04 19:15:11,2018-06-05 11:15:00,2018-06-06 17:46:34,2018-06-20,69.0,7.39,1,1,76.39,1,1,5.0,1.0,d1e8c97912d2141613702704e639dbc1,1452,sao paulo,SP,1.9475,15.206828703703703,0,76.39
e8c92cfd87f5f0c6d2fc5bc1df5f02b4,3d338ae6cd95dcb8c0c14d9af90055f3,delivered,2018-06-04 19:07:48,2018-06-04 19:30:05,2018-06-05 14:34:00,2018-06-11 17:37:49,2018-07-16,176.17,48.63,3,3,224.8,6,1,1.0,1.0,49e32d4f13ac76d97d32f1a6e2b37df4,83408,colombo,PR,6.937511574074074,41.20291666666667,0,224.79999999999998
cf14f34423154c055c6677b22cbfbf68,8aec80574a77596a9c34435bff6b62db,delivered,2018-06-04 19:09:02,2018-06-04 19:30:12,2018-06-11 14:21:00,2018-06-14 21:25:33,2018-07-11,291.8,87.2,2,1,379.0,7,1,2.0,1.0,0795c2e6501b727255b4f0fa37986860,38744,patrocinio,MG,10.09480324074074,36.20206018518518,0,379.0
95123e166ec553efe0364686f36d5ac4,cff30f996ccea86c8cfe874709bf7a97,delivered,2018-06-04 19:10:05,2018-06-04 19:30:17,2018-06-11 18:38:00,2018-06-15 13:44:32,2018-07-16,89.9,13.07,1,1,102.97,10,1,4.0,1.0,d75acd4c5b7b4dfd32b9d9172b195419,2082,sao paulo,SP,10.773923611111112,41.201331018518516,0,102.97
34d03ba192ebfee7bb55fc8ebd151245,fdcba41a33384548f1e302a36e735230,delivered,2018-06-04 19:10:54,2018-06-04 19:30:19,2018-06-05 15:33:00,2018-06-07 21:11:06,2018-06-28,12.88,7.39,1,1,20.27,1,1,2.0,1.0,9421dec20ad3f90aa1360fa3ea2e080f,13419,piracicaba,SP,3.0834722222222224,23.20076388888889,0,20.27
7bfaace314d5c68160cbbb20c50b1438,e753a8c5c00e7acb6be62acbcb6726c2,delivered,2018-06-04 19:15:28,2018-06-04 19:30:20,2018-06-05 12:23:00,2018-06-14 19:05:24,2018-07-11,93.0,21.73,1,1,114.73,2,1,5.0,1.0,8effe94a23c55fde14edbb9ded823ccb,24220,niteroi,RJ,9.99300925925926,36.19759259259259,0,114.73
cb821fdd07b85eba7459df8a7859c65e,36ba36f9ad40d562a0e6a61c9ea02974,delivered,2018-06-04 19:22:19,2018-06-04 19:53:14,2018-06-08 19:13:00,2018-06-09 15:35:56,2018-06-20,32.99,7.39,1,1,40.38,1,1,5.0,1.0,7271e044b40d1664e7d1bffbdb4d7468,9812,sao bernardo do campo,SP,4.842789351851851,15.192835648148149,0,40.38
ff7ea91a98e1590d290e99bcffefa149,278bfabeb5197c5674271cf529588fc8,delivered,2018-06-04 19:25:05,2018-06-05 04:12:51,2018-06-05 08:58:00,2018-06-12 18:48:48,2018-07-17,69.0,19.45,1,1,88.45,1,1,5.0,1.0,b79f9e4621ea161bd552f7aec2cac203,84990,arapoti,PR,7.974803240740741,42.19091435185185,0,88.45
4647f189e31add16ebebc6f67a6b6dc1,d2b82dc17fa9036f3f7608c89e3f27cf,delivered,2018-06-04 19:27:14,2018-06-04 19:53:02,2018-06-05 13:15:00,2018-06-12 00:26:41,2018-07-13,39.99,18.23,1,1,58.22,1,1,5.0,1.0,c7933dccab945c35bc980f4035aa0e8a,35057,governador valadares,MG,7.207951388888889,38.189421296296295,0,58.22
44ec3a74b2c9dcfe0f2fa9031613065d,30f523f7def36192efe977b047ab4622,delivered,2018-06-04 19:29:49,2018-06-04 19:53:05,2018-06-05 09:05:00,2018-06-16 13:56:48,2018-07-13,119.0,57.09,1,1,176.09,2,1,5.0,1.0,d74f94b54581eed0b6675c48bf5fed5b,27945,macae,RJ,11.768738425925926,38.18762731481481,0,176.09
312bfb221da51864b9fc4b361542ee5b,4ad01985d5063053b72dbd0191762f81,delivered,2018-06-04 19:33:54,2018-06-04 19:53:21,2018-06-06 14:47:00,2018-06-08 22:46:49,2018-06-28,599.99,17.8,1,1,617.79,2,1,1.0,1.0,1bdafae1c7027a28342348f48574e3e6,8557,poa,SP,4.133969907407407,23.184791666666666,0,617.79
618c8ae12269b2fcb1eaedac90d6ed30,e7171b8785136cf7834d62f0227bcf23,delivered,2018-06-04 19:37:38,2018-06-05 07:10:31,2018-06-05 14:01:00,2018-06-08 17:12:01,2018-07-05,173.0,40.35,3,1,213.35,6,1,1.0,1.0,dd3f3df4fad9f5ccebd55cda66875a3f,5119,sao paulo,SP,3.898877314814815,30.182199074074074,0,213.35
37050b29f1b62a5025ae49d6a51e5d4b,3e73488fe75f49acfd906700d531d8fa,delivered,2018-06-04 19:39:42,2018-06-04 19:53:24,2018-06-06 13:26:00,2018-06-11 20:34:38,2018-07-05,69.9,14.58,1,1,84.48,1,1,4.0,1.0,d018a0c281bcbd1cff289a2a27e52b2f,13903,amparo,SP,7.0381481481481485,30.18076388888889,0,84.48
52409ab9ace8f52a885e05a9204b8aec,1be66dc9fe8afd9130ffaa223074cdd8,delivered,2018-06-04 19:49:10,2018-06-04 20:11:38,2018-06-05 15:50:00,2018-06-11 17:42:17,2018-07-13,135.0,22.66,1,1,157.66,2,1,5.0,1.0,9f18c0829aebe6fad3c78accda00f854,25715,petropolis,RJ,6.9118865740740745,38.17418981481482,0,157.66
e1df06d2e0fcfed2ec12f002d54da4f0,ce8131ee1a45966150c199dbbc23370a,delivered,2018-06-04 19:49:44,2018-06-06 03:11:02,2018-06-22 09:29:00,2018-06-29 20:05:24,2018-07-18,77.9,23.13,1,1,101.03,1,1,5.0,1.0,1e0485a764c41b09c71400c3b74c4c50,11750,peruibe,SP,25.01087962962963,43.173796296296295,0,101.03
8accfc040e66d8b4eac1ce4321c40911,9d3247c9ba072a69095e08c07dfd1341,delivered,2018-06-04 19:51:43,2018-06-05 19:54:55,2018-06-06 15:27:00,2018-06-08 15:52:46,2018-07-05,102.8,9.07,1,1,111.87,2,1,5.0,1.0,03ff22acd3105a26321e2a01d1e8e5e7,13820,jaguariuna,SP,3.8340625,30.17241898148148,0,111.87
4dea0f922f4dd1f6db6379f7ad64ede2,ecc519b96e049292f86c9fbeee96097b,delivered,2018-06-04 19:54:49,2018-06-04 20:11:50,2018-06-05 13:31:00,2018-06-06 19:54:46,2018-06-28,27.2,11.15,1,1,38.35,1,1,5.0,1.0,ea478ce8acb01a1ac47f1a7f233be969,1313,sao paulo,SP,1.9999652777777779,23.170266203703704,0,38.35
53c898ca05dd376204a04358c8dd0e79,29451cc18357b45bc8cdae2b9ead7953,delivered,2018-06-04 19:57:48,2018-06-04 20:11:56,2018-06-05 14:12:00,2018-06-19 23:14:54,2018-07-19,15.0,22.06,1,1,37.06,1,1,5.0,1.0,10ef2ca870387b4af3ff7bf84029109d,45445,camamu,BA,15.136875,44.168194444444445,0,37.06
07a4d91148af619890def9a1ac3de73f,b18c3b2965c137609a80f4254444c0a8,delivered,2018-06-04 19:59:56,2018-06-04 20:15:13,2018-06-05 14:01:00,2018-06-13 17:08:45,2018-07-24,139.99,15.86,1,1,155.85,1,1,4.0,1.0,888d3667d8272a0f9c9c346e8fa11fc4,22621,rio de janeiro,RJ,8.881122685185185,49.16671296296296,0,155.85000000000002
32c89d9ac47125b85e72ba219a4f09ac,0754629085f41398924535f8b337a630,delivered,2018-06-04 20:03:15,2018-06-04 20:12:01,2018-06-05 14:26:00,2018-06-13 16:32:15,2018-07-11,39.5,18.23,1,1,57.73,1,1,5.0,1.0,e8da63b2f86c44c750599dbe9d95b7d2,32220,contagem,MG,8.853472222222223,36.164409722222224,0,57.730000000000004
479d2226115d100c027f7dd83622c1ee,f7d7a109457a1d2a80a681cf379a015c,delivered,2018-06-04 20:07:13,2018-06-04 20:31:50,2018-06-05 15:39:00,2018-06-18 19:56:42,2018-07-13,149.9,18.93,1,1,168.83,3,1,5.0,1.0,e9e3c9df3c49f7f22acf7dcad829e13e,28540,cordeiro,RJ,13.992696759259259,38.16165509259259,0,168.83
9da8ef7171b203799d1fac783097c70d,7186174ecd4121c35219e1874fc4eb48,delivered,2018-06-04 20:07:58,2018-06-05 20:12:17,2018-06-06 14:41:00,2018-06-13 15:08:58,2018-07-11,73.0,18.39,1,1,91.39,1,1,5.0,1.0,e8da63b2f86c44c750599dbe9d95b7d2,32220,contagem,MG,8.792361111111111,36.161134259259256,0,91.39
a297e4ba9ce71eebc150ae6ca85e1bcb,91abec79c0b67e92c06abb4f10347e7e,delivered,2018-06-04 20:09:37,2018-06-04 20:31:48,2018-06-05 14:13:00,2018-06-08 17:54:26,2018-07-05,58.9,14.5,1,1,73.4,1,1,3.0,1.0,613d7f02d8920b58bffa14f641b249a9,19700,paraguacu paulista,SP,3.9061226851851854,30.159988425925928,0,73.4
23d23296f19f96722556d7712d45ca0e,20069d8437820f86e07c7036693aa9b7,delivered,2018-06-04 20:13:34,2018-06-05 16:16:30,2018-06-12 14:46:00,2018-06-15 16:26:52,2018-07-05,299.9,21.44,1,1,321.34,1,1,5.0,1.0,c55c2e31ac76a1d0d9f6d221c84b7cdb,13225,varzea paulista,SP,10.842569444444445,30.15724537037037,0,321.34
6ee3c291219411d6da1a62f056058fec,30bd76fb68ee3d13408ce871e8cabd2e,delivered,2018-06-04 20:26:21,2018-06-04 20:50:41,2018-06-05 14:16:00,2018-06-07 17:57:40,2018-06-28,54.0,9.44,1,1,63.44,2,1,5.0,1.0,7b51437497e9c9b82a08ddb62dfb7b88,11451,guaruja,SP,2.896747685185185,23.148368055555554,0,63.44
410cfb42b9a36728a695fe883df04ebf,b74584aa39691bb6fdd0f68571d3ba0b,delivered,2018-06-04 20:28:14,2018-06-05 04:15:17,2018-06-11 14:23:00,2018-06-28 20:25:51,2018-08-08,299.98,165.0,2,1,464.98,1,1,5.0,1.0,f72b7208452f18c74743c34dfdfcb37d,62400,camocim,CE,23.998344907407407,64.14706018518518,0,464.98
b001bdcc006e151f53abb083acb3943f,45515887afe74cc561109822140e0e87,delivered,2018-06-04 20:30:48,2018-06-04 20:50:43,2018-06-12 14:58:00,2018-07-13 08:18:30,2018-07-20,230.0,147.32,1,1,377.32,10,1,5.0,1.0,970875880538c798adfc5a56a7fdd734,57530,canapi,AL,38.491458333333334,45.14527777777778,0,377.32
eca3561eac6b93f245edb7367ed7160d,dea26b5bc7f1d5fb063b030015ef482f,delivered,2018-06-04 20:31:05,2018-06-04 20:50:49,2018-06-06 11:30:00,2018-06-07 17:32:41,2018-06-28,219.0,14.44,1,1,233.44,4,1,5.0,1.0,a479373f48aeaf64b84ab40f50028f6b,1405,sao paulo,SP,2.8761111111111113,23.145081018518518,0,233.44
20c452fc8f22663c6a11508ec8ca0726,8e910586d420ecaf395cafab6dce2b90,delivered,2018-06-04 20:31:08,2018-06-04 20:50:43,2018-06-05 12:29:00,2018-06-14 19:29:43,2018-07-18,180.4,23.84,1,1,204.24,4,1,5.0,1.0,04be8deea7b8064b5f5fbcb8e3ee637b,26310,queimados,RJ,9.957349537037038,43.14504629629629,0,204.24
7e047f26cecb3f6373facac7ded4924c,655d63fe4528e3d4022dc41d83271fe6,delivered,2018-06-04 20:36:36,2018-06-06 02:53:57,2018-06-07 14:02:00,2018-06-20 18:32:22,2018-07-13,199.99,23.9,1,1,223.89,1,1,4.0,1.0,81b36b46871a44ad74e70fd5c5cf275e,65072,sao luis,MA,15.913726851851852,38.14125,0,223.89000000000001
77178560d74827781c4c0495c5a5abc2,209b7e0dd7774132fa4dcedca65fcda0,delivered,2018-06-04 20:42:58,2018-06-04 20:50:54,2018-06-05 15:04:00,2018-06-12 16:38:56,2018-07-18,149.9,60.06,1,1,209.96,2,2,5.0,1.0,187bf538e1757a4478936784007b2279,8451,sao paulo,SP,7.830532407407407,43.136828703703706,0,209.96
5c39ea77aeff2cf75f3eb07b78d3c13c,f4e2f1855c0e113576f8f9ac3fa2bab8,delivered,2018-06-04 20:47:30,2018-06-04 21:12:41,2018-06-05 13:05:00,2018-06-15 17:46:27,2018-07-17,79.9,19.53,1,1,99.43,1,1,5.0,1.0,c47a5160d8be8085ba80833dabea8560,29400,mimoso do sul,ES,10.874270833333334,42.13368055555556,0,99.43
2fe2b3f315aee60c3f8f15af8d3e0ab6,e5dc189e17c8e7a8830dcde5a05e5a7a,delivered,2018-06-04 20:47:59,2018-06-04 21:12:34,2018-06-05 09:05:00,2018-06-13 17:52:57,2018-07-17,119.0,57.09,1,1,176.09,2,1,5.0,1.0,ab93d7d728d1dfe693c9b5d38f7334d4,13290,louveira,SP,8.878449074074075,42.133344907407405,0,176.09
647435133861948067a0b68eb68b4357,14431311128d398802425dbbf581784c,delivered,2018-06-04 20:53:42,2018-06-04 21:12:44,2018-06-05 15:15:00,2018-06-15 18:35:03,2018-07-19,88.9,23.2,1,1,112.1,1,1,5.0,1.0,217394922e43c19740ea4464e63ca8e0,21755,rio de janeiro,RJ,10.903715277777778,44.129375,0,112.10000000000001
4a0217620e6f7eeca8f035dbbd03a174,4ce93a796c27842ddee5e831d267d05c,delivered,2018-06-04 20:54:32,2018-06-04 21:12:50,2018-06-05 14:51:00,2018-06-12 21:22:44,2018-07-13,219.99,35.08,1,1,255.07,1,1,4.0,1.0,a68740c8c404205075f2e4c589b63d72,85802,cascavel,PR,8.019583333333333,38.128796296296294,0,255.07
d8f4c65b2259adf42e2f7f51a82fc8d0,19c30d0bda26f7212ad56f6b31821a24,delivered,2018-06-04 20:55:31,2018-06-04 21:12:47,2018-06-07 14:23:00,2018-06-15 16:53:36,2018-07-18,79.9,26.64,1,1,106.54,1,1,5.0,1.0,94772b34f9bf0a3b7af2d022e2039d26,17064,bauru,SP,10.832002314814815,43.128113425925925,0,106.54
c7e60efb6feb0df33ec3cd61043dd39f,1252407040f15cc03032ada7119ac124,delivered,2018-06-04 20:59:05,2018-06-04 21:12:49,2018-06-05 12:10:00,2018-06-12 17:27:39,2018-07-11,130.0,23.41,1,1,153.41,1,1,5.0,1.0,5f55cf7eb7bec0007a9bbd2314103e00,52130,recife,PE,7.8531712962962965,36.12563657407407,0,153.41
0919371859b3150228068cde3b07c122,8be17a073e7cd65a10e13bd307a20592,delivered,2018-06-04 20:59:42,2018-06-04 21:12:49,2018-06-05 14:46:00,2018-06-07 15:51:38,2018-06-28,109.0,39.71,1,1,148.71,3,1,4.0,1.0,1bcb0d37872e0be7a8dd956b475523dd,86037,londrina,PR,2.786064814814815,23.125208333333333,0,148.71
124282aeb36f71699a910e0670c08769,77089f53d5c42c03dc08dad99b373989,delivered,2018-06-04 21:09:34,2018-06-06 03:11:05,2018-06-07 13:27:00,2018-06-15 18:58:54,2018-07-13,49.9,26.43,1,1,76.33,1,1,5.0,1.0,aaf2735264f8c3c8663e37137a9913a8,28894,rio das ostras,RJ,10.90925925925926,38.118356481481484,0,76.33
ba75b8044f56f7a37a05faab18d7ed45,d99a2c8000e14e11c6cf41a2352a9e91,delivered,2018-06-04 21:13:45,2018-06-05 21:13:18,2018-06-09 07:38:00,2018-06-14 16:48:46,2018-07-12,1299.65,23.04,1,1,1322.69,6,1,4.0,1.0,08285c6499b42230cd7a9e5bd0242164,36570,vicosa,MG,9.815983796296296,37.115451388888886,0,1322.69
fa7809f6cdf09dfab24cfc2669964ecb,58b75381b97c75d94e51fb72db47f4da,delivered,2018-06-04 21:18:04,2018-06-04 21:30:41,2018-06-08 14:03:00,2018-06-21 04:54:19,2018-07-11,33.99,18.23,1,1,52.22,3,1,1.0,1.0,504994c11a4cd0eb55fc66578117464b,84500,irati,PR,16.31684027777778,36.11245370370371,0,52.22
303537b4b88abe56ea3a5c0801709c36,bcf0d8a7c55499150e65cba4a3f97a1b,delivered,2018-06-04 21:34:12,2018-06-06 03:11:10,2018-06-06 11:21:00,2018-06-21 19:42:38,2018-07-18,122.99,62.89,1,1,185.88,1,1,5.0,1.0,7996bd915a589defd554b7b16e7543f5,89990,sao lourenco do oeste,SC,16.922523148148148,43.10125,0,185.88
02748e01a6356d0e5072ac06f4dd0bc4,438df7b1a12e7eb43f99b35531167e0a,delivered,2018-06-04 21:38:25,2018-06-04 21:53:21,2018-06-06 13:35:00,2018-06-14 01:41:48,2018-06-28,104.9,12.07,1,1,116.97,5,1,5.0,1.0,157734852d8da89de2f250c1916833ed,5877,sao paulo,SP,9.169016203703704,23.09832175925926,0,116.97
6f20f9a24b084da22b90cb7a0950e43b,01874b138de5f4447517558ca0d1a3b9,delivered,2018-06-04 21:46:21,2018-06-06 02:54:04,2018-06-06 13:02:00,2018-06-09 17:18:29,2018-07-05,18.9,15.23,1,1,34.13,1,1,3.0,1.0,7eb97a6a454479b6ca97f6928368d236,13060,campinas,SP,4.813981481481481,30.0928125,0,34.129999999999995
fcb8aa0e937269c1e87318bfc217d018,2f2608d59dd55a280542174b34c129b1,delivered,2018-06-04 21:47:07,2018-06-06 02:55:17,2018-06-07 09:06:00,2018-06-08 14:38:49,2018-06-28,299.8,24.28,2,1,324.08,1,1,5.0,1.0,0669ee32bf519c46d27030db08c5e0e3,3022,sao paulo,SP,3.7025694444444444,23.092280092592592,0,324.08000000000004
526298482ad701ff69888f90db67ca2a,9e384de3e192c7bdc6ac25727a86e1d7,delivered,2018-06-04 21:49:07,2018-06-04 22:11:12,2018-06-05 14:10:00,2018-06-07 10:52:59,2018-06-29,24.99,7.39,1,1,32.38,1,1,5.0,1.0,2cbe65525579f567248fb0230aaac642,6730,vargem grande paulista,SP,2.544351851851852,24.090891203703702,0,32.379999999999995
45c653bdeb327fde86e2a52bd3d33e89,477d25a94a52bc31e37ca4c2bd589cb0,delivered,2018-06-04 21:49:36,2018-06-04 22:11:14,2018-06-05 13:23:00,2018-06-11 16:18:38,2018-07-13,29.9,18.23,1,1,48.13,1,1,4.0,1.0,109c0aea81864dae8cf00c471e72779a,35950,alvinopolis,MG,6.7701620370370375,38.090555555555554,0,48.129999999999995
0d56c8e03a50b02483786818f4e5927f,08c31cc9b1e1fd777d2c946298aa97b9,delivered,2018-06-04 21:50:38,2018-06-06 02:54:06,2018-06-06 10:00:00,2018-06-11 20:11:11,2018-07-05,70.0,14.58,1,1,84.58,1,1,5.0,1.0,78f805adedd04d801d02cf6bb93b34a6,18285,cesario lange,SP,6.9309375,30.089837962962964,0,84.58
69fd8982cce0c7b6b7c23513fc4c4754,d1a1c337a9cfd2344e6d47822157c10d,delivered,2018-06-04 21:54:25,2018-06-05 04:12:31,2018-06-06 13:19:00,2018-06-16 19:34:42,2018-07-20,55.0,18.27,1,1,73.27,1,1,5.0,1.0,269ddf6de060ed5257344804fbc34e50,92500,guaiba,RS,11.902974537037037,45.08721064814815,0,73.27
1ba5772ca0ab24b8c21ec26537acea23,4fc731f5601c2f6b0676bf85d1907e05,delivered,2018-06-04 21:59:40,2018-06-04 22:11:22,2018-06-06 18:58:00,2018-06-07 22:41:08,2018-06-28,99.9,11.79,1,1,111.69,5,1,3.0,1.0,f37724d5aa0baaa5d9f06b2393de67d9,8260,sao paulo,SP,3.028796296296296,23.083564814814814,0,111.69
741c75a2bee4e666de0415b10cd0cad7,5439c0705e236fe55615eea778047fbc,delivered,2018-06-04 22:07:21,2018-06-04 22:31:45,2018-06-05 13:21:00,2018-06-09 18:38:32,2018-07-05,152.0,29.24,2,1,181.24,1,1,5.0,1.0,1298d59af305e88a7c1005c2b5e655be,5577,sao paulo,SP,4.854988425925926,30.078229166666667,0,181.24
ec79ae97ce242a5f1ba6c9aa1dc902d9,632d3fa26ee53b9c088a3750f0a6c775,delivered,2018-06-04 22:12:02,2018-06-05 14:31:37,2018-06-06 12:54:00,2018-06-15 22:24:56,2018-07-03,190.0,49.91,1,1,239.91,1,1,2.0,1.0,e9999972797e433766f3bca71104b263,6020,osasco,SP,11.008958333333334,28.07497685185185,0,239.91
d21d8f9968ef789ea10f2fd94c53e3be,7b223c067f465acef7f67a7ec41004a3,delivered,2018-06-04 22:20:05,2018-06-04 22:35:17,2018-06-06 14:39:00,2018-06-11 12:08:24,2018-07-05,37.0,12.79,1,1,49.79,3,1,5.0,1.0,650673167c200bc407060954ab314290,16026,aracatuba,SP,6.575219907407408,30.069386574074073,0,49.79
c9a8490e7b2c76d2f9b22369314a9391,7e1e78509e303571ba3df752830cd299,delivered,2018-06-04 22:24:34,2018-06-04 22:35:20,2018-06-05 14:12:00,2018-06-11 20:38:37,2018-07-11,25.8,25.58,2,2,51.38,5,1,2.0,1.0,e336a9719ccdcfb34a02d22e84571527,18270,tatui,SP,6.926423611111111,36.06627314814815,0,51.379999999999995
19e234aee52e37132b0b4fcfb8465f88,9801a1119c91032c99a15a846d4f5aa0,delivered,2018-06-04 22:44:24,2018-06-04 23:10:31,2018-06-06 13:12:00,2018-06-12 19:03:21,2018-07-05,99.8,34.52,2,1,134.32,2,1,5.0,1.0,4e7da8460a307b63a7a4d98750f3a95a,5735,sao paulo,SP,7.846493055555555,30.0525,0,134.32
2d68cfa7c620233fd6bef3084eb1358f,71d02ef9d7570ef25d59700fa0191807,delivered,2018-06-04 22:46:18,2018-06-04 23:10:42,2018-06-05 15:16:00,2018-06-13 20:08:29,2018-07-16,24.9,27.08,1,1,51.98,3,1,4.0,1.0,5f42c11fa490e04d4e87cfd3cecddfc5,36140,lima duarte,MG,8.890405092592593,41.051180555555554,0,51.98
54b189d57c850ca60b0a19d7e12b6d40,51b884d48be20f54afbeeeaebdcf8f0a,delivered,2018-06-04 22:46:51,2018-06-05 04:12:29,2018-06-09 09:08:00,2018-06-14 20:33:22,2018-07-11,117.4,16.79,1,1,134.19,1,1,5.0,1.0,aae9d0bb599dd9550c9d5684b7c0164d,6361,carapicuiba,SP,9.90730324074074,36.05079861111111,0,134.19
09836dd0df8891bd6cc20b9e651a6f23,ecff1b1c83d0c9237a8e5fa29684a78d,delivered,2018-06-04 22:49:09,2018-06-04 23:10:42,2018-06-05 13:44:00,2018-06-21 19:32:20,2018-07-05,18.9,13.47,1,1,32.37,1,1,5.0,1.0,edd8b65865389a453e6d20c69b046ec5,85027,guarapuava,PR,16.86332175925926,30.04920138888889,0,32.37
f235384f00231b97741506296a4cca59,974cd55c75131d2735f64c848baa392d,delivered,2018-06-04 22:53:54,2018-06-04 23:10:42,2018-06-05 10:15:00,2018-06-13 17:56:39,2018-07-16,66.99,27.53,1,1,94.52,2,1,5.0,1.0,e3dd44babc2c1139943a55cf99e21a76,24710,sao goncalo,RJ,8.793576388888889,41.045902777777776,0,94.52
cfe0e21a3b8390e60daf26aa2ad9538c,ec68da87f13c22e1f89f2f9ce34a3164,delivered,2018-06-04 23:00:22,2018-06-04 23:10:41,2018-06-05 11:58:00,2018-06-15 15:58:46,2018-07-16,220.0,38.23,1,1,258.23,9,1,5.0,1.0,7e450184c6aa12f5939823d069991979,24416,sao goncalo,RJ,10.707222222222223,41.041412037037034,0,258.23
1ddab242ec2aa2eb0c3c44bf6002dfe9,299ab139539043a0010795bd2a7626b1,delivered,2018-06-04 23:20:11,2018-06-04 23:33:02,2018-06-05 13:32:00,2018-06-06 16:33:36,2018-06-28,89.98,14.77,2,1,104.75,1,1,5.0,1.0,279cff9b9d6c8587d0267ae1b9e365a5,4559,sao paulo,SP,1.717650462962963,23.027650462962963,0,104.75
eb8bb2327b51442c991b414ac3bc397f,578ce4a565c881e151e21d957f1ee3c5,delivered,2018-06-04 23:21:42,2018-06-05 23:15:14,2018-06-08 18:18:00,2018-06-11 18:46:25,2018-06-29,699.99,19.8,1,1,719.79,10,1,5.0,1.0,fc24db02becd484accefaa5af59c18b1,18017,sorocaba,SP,6.808831018518519,24.02659722222222,0,719.79
43704b87832e6d18cbfc465c207f11f1,a2635cad2b4d6831509d2aa37a8fe658,delivered,2018-06-04 23:22:57,2018-06-04 23:35:21,2018-06-11 14:23:00,2018-06-13 22:36:24,2018-07-24,139.98,56.91,1,1,196.89,4,1,4.0,1.0,2be4b338d74b933f74f9b445e5ef0c6e,4514,sao paulo,SP,8.967673611111111,49.025729166666665,0,196.89
c15766f615902f3b10ebce7da0113522,4dd4a2d0b9d48ac685633e0fd8a89f06,delivered,2018-06-04 23:26:54,2018-06-04 23:50:14,2018-06-07 13:58:00,2018-06-12 23:42:37,2018-07-16,59.9,18.3,1,1,78.2,6,1,5.0,1.0,c0d831f9bbb3ed3648e0dc0a21b3e48c,72710,brasilia,DF,8.010914351851852,41.02298611111111,0,78.2
fc8a722f0277169552e46a0e91d7f0b3,3718162f0a9e4fbd9569501905e5817c,delivered,2018-06-04 23:34:33,2018-06-04 23:50:21,2018-06-05 08:39:00,2018-06-13 18:08:58,2018-07-11,119.5,15.72,1,1,135.22,5,1,5.0,1.0,2919a0b66e5ea3e6f8188140bb2fac89,24230,niteroi,RJ,8.773900462962963,36.017673611111114,0,135.22
61762cc32c47f742be3e930cac5d681d,4e6956b0bd38979ce01c09030893f9bb,delivered,2018-06-04 23:41:19,2018-06-04 23:50:21,2018-06-08 12:13:00,2018-06-11 16:28:44,2018-06-28,114.9,7.67,1,1,122.57,10,1,5.0,1.0,78b6c89314a0d0133946f81adc93a57a,12929,braganca paulista,SP,6.699594907407407,23.01297453703704,0,122.57000000000001
3308880e8f58b1d2c21bd5b1bf64aad4,42771edf61eb1cc704e5852fb21078d5,delivered,2018-06-04 23:42:21,2018-06-04 23:50:23,2018-06-07 14:41:00,2018-06-18 18:34:42,2018-07-19,53.0,18.25,1,1,71.25,1,1,5.0,1.0,2c4000fbffd931c5f7c57f5870d72bf9,21050,rio de janeiro,RJ,13.786354166666667,44.012256944444445,0,71.25
fa65d721b5cd6f9f0576b0e17c1998fa,d50ae78e21c9d0162b6a9515dbdfa108,delivered,2018-06-04 23:54:39,2018-06-05 16:35:30,2018-06-13 10:31:00,2018-06-19 19:41:50,2018-07-11,56.99,18.28,1,1,75.27,1,1,5.0,1.0,77f53c0376732a9104f22854c73987df,12080,taubate,SP,14.824432870370371,36.00371527777778,0,75.27000000000001
628287e102c84327f95402d4670434d2,0097c5abeb126a90646370f4a1cf3d93,delivered,2018-06-04 23:59:23,2018-06-05 00:52:33,2018-06-06 09:50:00,2018-06-16 10:32:17,2018-07-20,109.98,38.7,2,1,148.68,1,2,4.0,1.0,4c1cacfc081ddc8593a27c9d3c88be49,97700,santiago,RS,11.43951388888889,45.00042824074074,0,148.68
8c2228de3ce29abb8e11211b8fa27001,1a8f9797e26ad6be74e0ded9c94f727d,delivered,2018-06-05 00:05:17,2018-06-05 00:15:18,2018-06-05 13:21:00,2018-06-18 23:18:27,2018-07-23,289.9,19.91,1,1,309.81,1,1,4.0,1.0,d3018e29f87b46882567c57954dfe252,94190,gravatai,RS,13.967476851851853,47.99633101851852,0,309.81
6333046a213dd2a7a2fa8909a8111bfb,01c41ead4383471f6ef23bcf19aeb5c5,delivered,2018-06-05 00:26:37,2018-06-05 00:52:25,2018-06-06 14:37:00,2018-06-21 00:02:46,2018-07-19,134.9,38.99,1,1,173.89,3,1,5.0,1.0,2454703ec6ed0fc0ec8d9b65c2b4186a,50820,recife,PE,15.9834375,43.981516203703706,0,173.89000000000001
a6cb10ee1e2b8d61f857c29323efa291,e8f45b116d71c20ec9731794278cc49a,delivered,2018-06-05 00:38:47,2018-06-05 00:52:29,2018-06-07 13:13:00,2018-06-18 13:28:29,2018-07-05,120.0,34.38,1,1,154.38,2,1,5.0,1.0,72d14f41fc0688683192a6cf7e4e775d,38706,patos de minas,MG,13.534513888888888,29.97306712962963,0,154.38
5e724a9bb565d4ccd9078fec28d4fdc8,c8430e2cded32fd401effe5ddc87c122,delivered,2018-06-05 00:42:43,2018-06-05 01:22:31,2018-06-06 06:08:00,2018-06-08 22:11:13,2018-07-12,220.64,26.42,2,1,247.06,3,1,5.0,1.0,e044e3ad4f09b7879007ed0b333d993f,18410,itapeva,SP,3.894791666666667,36.97033564814815,0,247.06
f0654e0a53d2856f440bf6c3d7544172,5165c38d7d20178e3fbc5cbef1961cf7,delivered,2018-06-05 00:43:11,2018-06-05 01:10:20,2018-06-05 13:21:00,2018-06-21 17:42:28,2018-07-17,453.96,21.06,1,1,475.02,5,1,3.0,1.0,52ce7a02c3e7ac2b2a215d37e485c40e,29171,serra,ES,16.707835648148148,41.97001157407407,0,475.02
58e4f337e6222b76df3642affa8a0605,45ff99298b13ff934ceac68fe8ce405f,delivered,2018-06-05 01:26:41,2018-06-05 01:50:07,2018-06-05 10:34:00,2018-06-06 17:06:06,2018-06-29,29.9,8.29,1,1,38.19,2,1,5.0,1.0,24f2709edd3033672c85489a9d01718d,2408,sao paulo,SP,1.6523726851851852,23.93980324074074,0,38.19
2b473386b4243407da363718a2a382fa,15643864e18a9fcfad07392e13e28c55,delivered,2018-06-05 02:14:49,2018-06-05 02:30:09,2018-06-05 08:18:00,2018-06-12 18:24:35,2018-07-12,170.0,27.27,1,1,197.27,3,1,5.0,1.0,618a492ef520f1e6bbce42700ced93d4,25645,petropolis,RJ,7.673449074074074,36.90637731481481,0,197.27
0e6844f9954c0a475641b6490c3f9739,dea5d6374006a4aa182a73371da9f731,delivered,2018-06-05 03:52:26,2018-06-05 16:55:41,2018-06-06 14:36:00,2018-06-12 21:51:56,2018-07-18,239.6,77.56,4,1,317.16,1,1,1.0,1.0,99411da41bbc717063cad61397ddf465,6154,osasco,SP,7.7496527777777775,42.83858796296296,0,317.15999999999997
ccc5790acbda1b1992f4d1c46204238d,68087023e02c8dccd3e1f3a029a77f76,delivered,2018-06-05 04:01:34,2018-06-05 04:52:04,2018-06-06 14:37:00,2018-06-16 11:55:37,2018-07-13,49.9,18.23,1,1,68.13,3,1,4.0,1.0,f1d0cfedd976e64e03a9012478100da0,29156,cariacica,ES,11.329201388888889,37.83224537037037,0,68.13
7851495947d26fc0c390eb65975d2428,972ef0a10807f5dacdafdd7612e12324,delivered,2018-06-05 06:31:31,2018-06-06 06:30:10,2018-06-06 14:14:00,2018-06-07 22:58:55,2018-06-29,110.0,11.39,1,1,121.39,1,1,5.0,1.0,b5618ad30101526430ff8aab641e932b,6765,taboao da serra,SP,2.6856944444444446,23.728113425925926,0,121.39
897bec88b385ac71b7a32e9d9097164a,26ba9c75a2c176cefb3311caae8af3bb,delivered,2018-06-05 08:03:03,2018-06-05 08:12:48,2018-06-06 17:29:00,2018-06-12 18:12:13,2018-07-11,150.0,41.13,3,1,191.13,10,1,2.0,1.0,04821927835e6a040f8a83ba4d54d998,13219,jundiai,SP,7.423032407407407,35.66454861111111,0,191.13
a509aa52e1b047594efae5f552612b3d,4c43628b832ab60529b77440792dec35,delivered,2018-06-05 08:25:20,2018-06-06 03:11:10,2018-06-07 09:03:00,2018-06-09 13:22:31,2018-06-29,199.9,13.83,1,1,213.73,1,1,5.0,1.0,f3f6d4c76a356d9c1148cef76a614f29,8655,suzano,SP,4.206377314814815,23.649074074074075,0,213.73000000000002
cf8a286791ca34ae16989098a84abc35,a43f09f1d876a60a7afef7468dd3b8ef,delivered,2018-06-05 08:34:40,2018-06-05 09:10:56,2018-06-05 11:20:00,2018-06-11 19:42:23,2018-07-13,122.99,29.89,1,1,152.88,1,1,4.0,1.0,3cc5bc0ded3482b84dd2527cc229844b,7175,guarulhos,SP,6.46369212962963,37.64259259259259,0,152.88
d4da0ded1ea8403f03239a9e2a64a062,0b17d2df0220cfbe7b412e9a8059395c,delivered,2018-06-05 08:56:45,2018-06-07 02:54:35,2018-06-07 08:16:00,2018-06-11 20:11:11,2018-07-16,65.9,18.34,1,1,84.24,1,1,4.0,1.0,a50efaf5e3d5302b391c39b0b3965cfc,35473,belo vale,MG,6.468356481481481,40.62725694444445,0,84.24000000000001
ccc9547a7a8d9cced273a483d286f737,c7b0b905d25e2a24f93a9c23bd4e569d,delivered,2018-06-05 08:57:43,2018-06-05 09:11:03,2018-06-08 13:22:00,2018-06-23 00:18:24,2018-07-18,134.9,43.52,1,1,178.42,1,1,5.0,1.0,8b4195dc5c53143d0ca2a6001943bbf5,94198,gravatai,RS,17.639363425925925,42.62658564814815,0,178.42000000000002
8d8167b4fd098163e8639b0cadf330ec,d8b499463e4d32d284da63b92667fb9a,delivered,2018-06-05 08:57:46,2018-06-05 09:11:03,2018-06-07 08:29:00,2018-06-15 01:47:49,2018-07-13,69.9,19.46,1,1,89.36,2,1,5.0,1.0,328ea90c9ac7fcb7a1a65dc7ff8f8b81,30881,belo horizonte,MG,9.70142361111111,37.626550925925926,0,89.36000000000001
9036c3ce0a28353732668a2822a0a1c8,a22f714930974165c998fb8e86250203,delivered,2018-06-05 09:02:27,2018-06-07 02:55:00,2018-06-07 09:55:00,2018-06-20 01:22:01,2018-07-16,122.99,24.99,1,1,147.98,1,1,5.0,1.0,7d754c6548a2245a9d22657ebbc88053,31110,belo horizonte,MG,14.68025462962963,40.62329861111111,0,147.98
6e454623148ed5b186a1eaf35d2b51eb,384758140507442ea3907362b7e9a3d0,delivered,2018-06-05 09:08:28,2018-06-06 03:11:05,2018-06-07 11:22:00,2018-06-15 17:02:49,2018-07-11,61.98,25.58,2,1,87.56,1,1,5.0,1.0,6d36779a69e622d2516fd3b0ebbd1b2a,12630,cachoeira paulista,SP,10.329409722222222,35.61912037037037,0,87.56
23f553848a03aaab35bb3f9f87725125,c622b892a190735ef81c0087973fa16d,delivered,2018-06-05 09:10:34,2018-06-05 09:32:22,2018-06-06 15:37:00,2018-06-18 12:36:54,2018-07-23,99.2,18.57,1,1,117.77,2,1,5.0,1.0,439ced9aafa171a1ac88efa951c7db0a,85618,flor da serra do sul,PR,13.143287037037037,47.617662037037036,0,117.77000000000001
aaee808634adf6a6f4bdd2354f43f448,c5cb6707ec7496b205b38c522ca44bcf,delivered,2018-06-05 09:21:25,2018-06-05 09:35:14,2018-06-08 14:04:00,2018-06-09 19:47:37,2018-07-27,117.0,14.78,2,1,131.78,2,1,5.0,1.0,aaf69d9874531387396883691760115d,2724,sao paulo,SP,4.434861111111111,51.61012731481482,0,131.78
f7485abcf1f560757db577b02f448bcc,40d73d7b16901d42c23c50e9c770720e,delivered,2018-06-05 09:31:33,2018-06-05 09:51:34,2018-06-07 14:02:00,2018-06-13 17:18:44,2018-07-24,89.9,19.6,1,1,109.5,2,1,5.0,1.0,1f76503cb2700243314d3c1986bf251a,35613,estrela do indaia,MG,8.324432870370371,48.60309027777778,0,109.5
d2081973563a03db3d71859a063dc4c1,e4a6b71c10472822ebb5071b89bd9937,delivered,2018-06-05 09:32:49,2018-06-05 09:51:29,2018-06-06 13:39:00,2018-06-11 21:17:44,2018-07-23,99.0,22.4,1,1,121.4,2,1,5.0,1.0,022f73728cb75b707e8237867ba3526f,30170,belo horizonte,MG,6.489525462962963,47.60221064814815,0,121.4
715fcad4ccf80801995de682dd4be9c7,68997e7efe0a8f5ba065b8b8dfa707c8,delivered,2018-06-05 09:37:50,2018-06-05 09:51:39,2018-06-05 12:09:00,2018-06-12 13:12:46,2018-07-11,186.0,19.18,1,1,205.18,1,1,5.0,1.0,3d3fd21b0a48da1146800cdac0a44626,7781,cajamar,SP,7.149259259259259,35.59872685185185,0,205.18
78ea241c511db7faf8d464cb4c58d87e,7ba6760dc784ed6b1aeabe0500dc40b8,delivered,2018-06-05 09:41:08,2018-06-05 09:55:11,2018-06-05 11:07:00,2018-06-12 22:47:42,2018-07-25,159.0,15.99,1,1,174.99,2,1,5.0,1.0,43ab9c9a6949322fe863eb26fd0bcbac,20241,rio de janeiro,RJ,7.546226851851852,49.596435185185186,0,174.99
8e27644b3fd57af86b8b8367cea289c6,763b5e1491aef5d315a7aedefe8d6a0e,delivered,2018-06-05 09:42:14,2018-06-05 09:51:38,2018-06-05 15:11:00,2018-06-12 14:48:53,2018-07-11,104.0,79.87,1,1,183.87,1,1,5.0,1.0,867515077bce69bc586bc875003d5541,50610,recife,PE,7.2129513888888885,35.595671296296295,0,183.87
a4015a55015b0058b93b119716cb188b,8f625d0098d0ef8da8da0cb9af210b77,delivered,2018-06-05 09:58:45,2018-06-05 10:13:17,2018-07-06 10:03:00,2018-07-10 20:12:01,2018-06-29,129.9,9.26,1,1,139.16,3,1,2.0,1.0,e1c4798d7f0426ae0df590d06a86b111,2022,sao paulo,SP,35.42587962962963,23.58420138888889,1,139.16
94fade3ce4aef6f9a24bb31e0ff03edf,bc3696db902a5887db532d65970453ae,delivered,2018-06-05 10:02:07,2018-06-05 10:13:17,2018-06-05 14:20:00,2018-07-10 20:28:39,2018-07-25,29.9,22.06,1,1,51.96,1,2,3.0,1.0,aa75ba45baa3792324a215d92c965425,46650,barra da estiva,BA,35.43509259259259,49.581863425925924,0,51.959999999999994
b3e00e1b523322d8cc200c17af55b8b7,2ba25daf9792793cb287dd8d0390d8e5,delivered,2018-06-05 10:06:33,2018-06-05 14:31:56,2018-06-06 14:01:00,2018-06-15 19:26:36,2018-07-18,189.9,39.38,1,1,229.28,2,1,5.0,1.0,c0ef37e745e3e5a7d172e900c5e5ccef,89480,major vieira,SC,10.38892361111111,42.578784722222224,0,229.28
7b70ed12304671aecd4d8fef24017f5b,b020bda0edc442d4eb31de615f27db01,delivered,2018-06-05 10:21:06,2018-06-05 14:31:30,2018-06-08 15:05:00,2018-06-21 21:38:23,2018-07-23,39.0,18.23,1,1,57.23,3,1,5.0,1.0,ca3e1d6ac2764d1d0e2eaeb308cf6e67,94420,viamao,RS,16.470335648148147,47.56868055555555,0,57.230000000000004
5f15f0c533a12e29594c41ac50ce1379,9f07fee56d107e6f9f3eef24677103a3,delivered,2018-06-05 10:22:28,2018-06-05 19:54:51,2018-06-11 12:23:00,2018-06-25 20:37:47,2018-07-19,399.0,54.92,1,1,453.92,2,1,5.0,1.0,b6aa9b6f19ee605f39a01afa2649ce05,65320,vitorino freire,MA,20.42730324074074,43.56773148148148,0,453.92
bf6b2de2bb164dc2a23c23c554a46a05,8e31d3df66af9239cb3cea5d0b663f4d,delivered,2018-06-05 10:23:28,2018-06-05 14:31:47,2018-06-08 11:53:00,2018-06-16 11:38:26,2018-07-11,78.0,12.99,1,1,90.99,4,1,5.0,1.0,967b7eac8118d42f4f8fc269ebe3ca27,12503,guaratingueta,SP,11.052060185185185,35.56703703703704,0,90.99
08a5a57f90304e3e736623cdd8eb0166,29273dc3d377263d39a9161d8fd64121,delivered,2018-06-05 10:26:59,2018-06-05 14:31:23,2018-06-06 13:12:00,2018-06-12 20:41:01,2018-07-11,49.9,17.26,1,1,67.16,2,1,5.0,1.0,9fdcbc70784e835736b2fc6034707c18,9921,diadema,SP,7.4264120370370375,35.564594907407404,0,67.16
270700b8be5da026cd758478b3ad2577,932f93ecc3d17448732bd6ea06d6a0a6,delivered,2018-06-05 10:27:41,2018-06-06 03:11:28,2018-06-13 15:07:00,2018-06-21 21:45:49,2018-07-11,149.97,18.88,1,1,168.85,1,1,5.0,1.0,2bbce82397f004e8b4cd2c4d99a37f60,98600,tres passos,RS,16.470925925925926,35.564108796296296,0,168.85
8c7375aeac2efc63f0754588cd9d29e4,e0612593a34175b3c0c89cac30fa35f3,delivered,2018-06-05 10:37:35,2018-06-05 14:32:05,2018-06-06 18:58:00,2018-06-07 22:41:09,2018-06-29,199.9,13.83,1,1,213.73,2,1,5.0,1.0,03c3fd5101315d9169376e91de6882b8,5716,sao paulo,SP,2.502476851851852,23.557233796296295,0,213.73000000000002
97cd8f499c48c7f5ddc59d8e9d79f314,cfafd394b1da74f1efafa1e733f25bfa,delivered,2018-06-05 11:11:48,2018-06-05 14:31:50,2018-06-08 09:51:00,2018-07-10 14:12:20,2018-07-13,49.9,18.23,1,1,68.13,1,1,5.0,1.0,cca0588e1da2e64112cb641aaf66b251,14085,ribeirao preto,SP,35.12537037037037,37.53347222222222,0,68.13
5ec8127f0e7abadc5ee625f266ee0742,a5f4652eea211b3fcf3c2bf98d491e32,delivered,2018-06-05 11:13:33,2018-06-05 14:31:31,2018-06-08 16:55:00,2018-06-15 16:36:54,2018-07-16,17.9,18.23,1,1,40.36,3,1,4.0,1.0,26a9a645884c9d388a6d354cf9693a27,73040,brasilia,DF,10.22454861111111,40.53225694444444,0,36.129999999999995
3e33843f7f12a11466eaa521cad5f864,1d81897f8575a3eaab41b9363a1e2e0a,delivered,2018-06-05 11:15:41,2018-06-05 14:31:32,2018-06-05 15:09:00,2018-06-08 21:54:32,2018-07-11,59.99,18.0,1,1,77.99,1,1,4.0,1.0,8e61d2d055f4865036e7d62b6739c255,4122,sao paulo,SP,3.4436458333333335,35.530775462962964,0,77.99000000000001
a710aa239bfbb253f2ecd578893a07bc,a71b2a9ba74939ec08fb4a50fe498974,delivered,2018-06-05 11:21:27,2018-06-06 11:15:19,2018-06-12 06:45:00,2018-07-03 22:16:41,2018-07-19,50.9,27.09,1,1,77.99,1,1,3.0,1.0,3aabcd46c57fb8f84030d1c1e7962bf7,48490,inhambupe,BA,28.455023148148147,43.52677083333333,0,77.99
27f4eecc66d136a3781f422342dfd424,3c91ba1942ac3625e57ca5c023ca2305,delivered,2018-06-05 11:23:40,2018-06-06 02:35:10,2018-06-07 09:38:00,2018-06-12 18:32:16,2018-07-11,139.9,21.4,1,1,161.3,1,1,4.0,1.0,b6da8c6b219a8517245fb2f173a36f2f,11461,guaruja,SP,7.297638888888889,35.525231481481484,0,161.3
85b1e09d7a230790544ffb86902bf77b,10c23e73ba4e0d1dba0fcb959305ecf2,delivered,2018-06-05 11:35:51,2018-06-05 14:31:34,2018-06-05 14:25:00,2018-06-06 13:46:01,2018-07-19,139.8,17.64,2,1,157.44,6,1,5.0,1.0,58c9adbd05815ccb9c1e1ddf6a8f6124,20020,rio de janeiro,RJ,1.0903935185185185,43.51677083333333,0,157.44
d9cfa4b0f995deb2fa9758d5534e1d13,24d47eeeee1e60eb5caf099281d0b3b8,delivered,2018-06-05 11:36:11,2018-06-05 19:15:24,2018-06-06 14:59:00,2018-06-11 21:38:34,2018-07-16,129.9,18.79,1,1,148.69,1,1,3.0,1.0,e88522b2099d00ffd478720abcaeba48,28300,itaperuna,RJ,6.41832175925926,40.516539351851854,0,148.69
076f1fe978468db6b826f40f714da65f,4f35ebb1592ee75a4a0d34f4c9615090,delivered,2018-06-05 11:41:02,2018-06-05 14:31:31,2018-06-05 13:59:00,2018-06-11 15:26:48,2018-07-19,149.9,18.98,1,1,168.88,2,1,4.0,1.0,506851dc3dcb46d6d3780857def2576f,42739,lauro de freitas,BA,6.156782407407407,43.5131712962963,0,168.88
805559bf950cf417d71f74d0d92b4302,977470fbc9b23aea3861a0defe6027ff,delivered,2018-06-05 11:43:25,2018-06-05 14:31:45,2018-06-06 08:16:00,2018-06-08 22:28:36,2018-07-25,138.0,94.48,2,1,232.48,4,1,5.0,1.0,1fb4a26745406d39d44aea5ee0da9608,21320,rio de janeiro,RJ,3.4480439814814816,49.51151620370371,0,232.48000000000002
667c96777c18991310cd8d38335962a1,339ee61d8cf9ede8b5927f7e40e122cf,delivered,2018-06-05 11:43:48,2018-06-05 14:31:31,2018-06-05 14:45:00,2018-06-12 17:08:07,2018-07-04,79.9,15.41,1,1,95.31,8,1,5.0,1.0,441da348cef20729e8e3a7135de70b26,85906,toledo,PR,7.225219907407407,28.51125,0,95.31
94be6b672a642c5c33415e7ccc13c00c,1e0351073aabf183571573d2c809c4de,delivered,2018-06-05 11:44:21,2018-06-05 14:31:12,2018-06-05 13:22:00,2018-06-11 16:19:22,2018-07-13,122.99,16.83,1,1,139.82,10,1,4.0,1.0,117eca580ab43e2f12b571f6d0177c37,64062,teresina,PI,6.190983796296297,37.510868055555555,0,139.82
f2cf45e30b7281798c16050559433fe9,fafae81d22a17472da7022e5b298dd96,delivered,2018-06-05 11:48:22,2018-06-05 14:31:39,2018-06-13 13:47:00,2018-06-20 19:52:44,2018-08-01,55.0,18.27,1,1,73.27,1,2,3.0,1.0,f945b9729ea3f0b3d03ec7ecdcc2b25f,95560,torres,RS,15.33636574074074,56.5080787037037,0,73.27
c2100d40d4b85ba8fc3633a85df8af87,741ecbacde649cad82e6c1666e9dc0cb,delivered,2018-06-05 11:49:18,2018-06-05 14:31:35,2018-06-05 13:45:00,2018-06-12 16:09:54,2018-07-17,469.01,25.86,1,1,494.87,9,1,4.0,1.0,8a95056b02b3173e84d48647c52a7e0b,84266,telemaco borba,PR,7.1809722222222225,41.50743055555556,0,494.87
984238b9906320ee4e847b98f9f2c699,84cf6a7be7808987bada0a2236e8112f,delivered,2018-06-05 11:54:21,2018-06-05 14:31:39,2018-06-06 13:28:00,2018-06-07 17:18:51,2018-06-29,105.0,9.09,1,1,114.09,6,1,5.0,1.0,55d0866a5a9ca7b018a470dc715c693c,6386,carapicuiba,SP,2.225347222222222,23.503923611111112,0,114.09
6e4064c4b1df562463ea9a75839db134,98f6ca55d340ba5dfd4192258c7e36d7,delivered,2018-06-05 11:57:19,2018-06-05 14:31:35,2018-06-12 14:47:00,2018-06-13 19:18:42,2018-06-29,264.5,10.21,1,1,274.71,3,1,2.0,1.0,af32f3c7d7fd3f19c601601a36e0ee7e,9627,sao bernardo do campo,SP,8.306516203703703,23.501863425925926,0,274.71
6725e06b0845f932b78f46292e937422,8aa8286f108a5e6bdb8e64e07e33b5cf,delivered,2018-06-05 11:57:42,2018-06-06 02:54:10,2018-06-07 14:48:00,2018-06-12 21:18:57,2018-07-11,36.0,16.32,1,1,52.32,1,1,5.0,1.0,0e8bacf88f2c8c9acb83df0053ab2a68,6086,osasco,SP,7.389756944444445,35.50159722222222,0,52.32
d37a4faa7cb8cd88246d73aee035a327,cb119e28018ffea7a8dc693d1aab7322,delivered,2018-06-05 12:01:37,2018-06-05 14:31:49,2018-06-07 11:45:00,2018-06-13 19:32:03,2018-07-17,179.0,47.69,1,1,226.69,5,1,5.0,1.0,8722a311d994356c039af6e3ec44fba0,13835,conchal,SP,8.312800925925925,41.49887731481481,0,226.69
4da1780a79ddb7340ed2081b6c035d2d,9b8b192da9442a84ba0a1503a3363146,delivered,2018-06-05 12:11:34,2018-06-05 14:31:21,2018-06-06 07:55:00,2018-06-07 16:48:55,2018-06-29,450.0,13.77,1,1,463.77,9,1,1.0,1.0,cee8e1f2b6da0d4a835a0341f3d109f6,4037,sao paulo,SP,2.1926041666666665,23.49196759259259,0,463.77
6f6785dde266434130a2aa8af06a52b7,e19274edf7a9c51689822810be84c9e9,delivered,2018-06-05 12:14:43,2018-06-05 14:31:37,2018-06-07 08:29:00,2018-06-16 22:42:12,2018-07-11,84.0,14.68,1,1,98.68,2,1,5.0,1.0,854c37b10f4e835f6bc91355c9a7346c,5772,sao paulo,SP,11.435752314814815,35.48978009259259,0,98.68
293654220ad21e2a3f268a874f6f0e69,5749ebe881f0b24c1e7a8a3590a074be,delivered,2018-06-05 12:16:41,2018-06-05 14:31:59,2018-06-06 14:16:00,2018-06-07 17:37:45,2018-06-29,399.9,37.94,1,1,437.84,8,1,5.0,1.0,00cac13832bd0a8b6f50f6a36b053223,2229,sao paulo,SP,2.222962962962963,23.48841435185185,0,437.84
b7efa2aa3802e7ec91a5dd59edc36488,ab106a7ee6bdc144f6c299da92e94a42,delivered,2018-06-05 12:18:01,2018-06-05 14:31:52,2018-06-07 11:45:00,2018-06-12 19:02:58,2018-07-18,179.0,24.9,1,1,203.9,8,1,5.0,1.0,c5ae6572767f4a997402acb42109c3e8,33400,lagoa santa,MG,7.281215277777778,42.487488425925925,0,203.9
f930a1f6247ed00d6fa9d8a09782c7b4,4ab4db2f93c68d5914dc5eb566dc486c,delivered,2018-06-05 12:28:11,2018-06-05 14:31:34,2018-06-06 13:12:00,2018-06-07 17:28:31,2018-07-11,249.5,103.57000000000001,5,1,353.06,3,1,5.0,1.0,5bc738a48bdb9ca1f798d56de2cce84c,13035,campinas,SP,2.2085648148148147,35.48042824074074,0,353.07
b0a851b41e096cd9cc552e15698c3d4e,2fdd2638faff09e29137c963d929d801,delivered,2018-06-05 12:36:00,2018-06-05 14:31:26,2018-06-06 12:50:00,2018-06-12 20:08:31,2018-07-18,49.99,15.23,1,1,65.22,4,1,5.0,1.0,8980ffc6947c84b3bee412e396bdc1f8,6509,santana de parnaiba,SP,7.314247685185185,42.475,0,65.22
ec65679b4c5a964591180c6066177c5d,894ce1f963ccd5807bc43fb0e71fa892,delivered,2018-06-05 12:36:46,2018-06-05 14:31:39,2018-06-06 12:42:00,2018-06-09 16:12:56,2018-07-19,94.0,34.2,1,1,128.2,5,1,5.0,1.0,c6c982f3a7d21bff300d662d034d9b9c,93700,campo bom,RS,4.15011574074074,43.474467592592596,0,128.2
85aa644b23efd808ba253a509c0b01f7,9a4081806de4fa6ba62e59fc675fe200,delivered,2018-06-05 12:44:10,2018-06-05 14:31:39,2018-06-05 14:33:00,2018-06-12 16:48:56,2018-07-11,49.8,14.43,1,1,64.23,1,1,5.0,1.0,c0c8431349e30740e59e834b3890c924,32661,betim,MG,7.169976851851852,35.4693287037037,0,64.22999999999999
9de73f3e6157169ad6c32b9f313c7dcb,eb7a157e8da9c488cd4ddc48711f1097,delivered,2018-06-05 12:45:17,2018-06-05 14:31:37,2018-06-06 09:15:00,2018-06-12 09:54:46,2018-07-03,3899.0,135.44,1,1,4034.44,10,1,5.0,1.0,58483a1c055dfb600f57c5b867174542,13216,jundiai,SP,6.881585648148148,27.46855324074074,0,4034.44
aafbb7deb8b53a1b559f530bd24ea506,98dcc87c8e097dabccf8a3f16d976bfd,delivered,2018-06-05 12:46:28,2018-06-05 14:31:42,2018-06-06 14:30:00,2018-06-11 18:06:31,2018-07-11,44.9,12.79,1,1,57.69,5,1,5.0,1.0,cc098c98c55f192a233aca3265bf584e,15804,catanduva,SP,6.222256944444444,35.46773148148148,0,57.69
0d55a4ad122b3601a52796338c4779b9,2203d5bbba00c98e240e12eba2e9f4f6,delivered,2018-06-05 12:47:42,2018-06-05 14:32:00,2018-06-06 12:47:00,2018-06-14 18:41:43,2018-07-18,330.0,24.81,1,1,354.81,3,1,3.0,1.0,3f4edf3af6479d3db9e717c510ec59ab,59056,natal,RN,9.245844907407408,42.466875,0,354.81
b580df301116ea504e6a5c6fd555e871,b39aa773f89d81c6f9457003326d441c,delivered,2018-06-05 12:56:47,2018-06-05 14:31:39,2018-06-08 16:55:00,2018-06-15 16:51:20,2018-07-11,99.9,14.06,1,1,113.96,5,1,5.0,1.0,0ac587a29870f6a1e3e593834c51a762,8421,sao paulo,SP,10.162881944444445,35.46056712962963,0,113.96000000000001
99998ce3d95cbd85b91c471cab8db940,dfe71893a18391e8e6011db86672d067,delivered,2018-06-05 13:11:42,2018-06-05 14:31:21,2018-06-08 16:55:00,2018-06-14 16:06:45,2018-07-11,49.9,13.71,1,1,63.61,2,1,3.0,1.0,1aa1d421c7a6b0660230fd7cee0ab9f5,6394,carapicuiba,SP,9.1215625,35.450208333333336,0,63.61
1fd20dcd28f95b7f60b8b09212db9f30,2730b508803cd84b892f1a6f93da0f70,delivered,2018-06-05 13:12:33,2018-06-05 21:53:10,2018-06-06 14:07:00,2018-06-15 15:03:51,2018-07-16,149.9,17.02,1,1,166.92,2,1,5.0,1.0,c1a3b5e9fc0e5ec53a4338401b2c6caa,49065,aracaju,SE,10.077291666666667,40.449618055555554,0,166.92000000000002
89ac66241f4fd570f7a775df77518567,1c129b22299b1afc482a52985561cd22,delivered,2018-06-05 13:15:32,2018-06-07 02:55:11,2018-06-07 19:07:00,2018-06-15 18:44:56,2018-07-23,55.0,18.27,1,1,73.27,1,1,5.0,1.0,834d74663f0b865f6bfff6831756c2c7,23894,seropedica,RJ,10.22875,47.447546296296295,0,73.27
cb9a6504c8ba700db40dcf1442725189,d632722bcb3ae214fa649315518a96e5,delivered,2018-06-05 13:18:08,2018-06-05 14:31:42,2018-06-05 13:25:00,2018-06-18 19:04:24,2018-07-13,69.99,18.37,1,1,88.36,3,1,5.0,1.0,0d5746e284218d1d02e9cf3952c0d1ae,19010,presidente prudente,SP,13.240462962962964,37.44574074074074,0,88.36
9979adea9a6e9beb05f965201bfe6e5b,55bb09068c9313d8ebc7a9fcac595e42,delivered,2018-06-05 13:22:23,2018-06-05 15:31:52,2018-06-07 14:02:00,2018-06-11 17:58:51,2018-06-29,539.89,10.64,1,1,550.53,1,1,5.0,1.0,2fa26baea7d77eb189a7df2fdcaab0fa,13172,sumare,SP,6.19199074074074,23.44278935185185,0,550.53
b47cd76a21d19af864c8b5c8a255fc47,be2daa8c843f3bb2892dc7b6c1f4f956,delivered,2018-06-05 13:24:11,2018-06-05 14:31:42,2018-06-05 15:50:00,2018-06-12 23:24:47,2018-07-13,21.99,22.93,1,1,44.92,3,1,5.0,1.0,19f19354cf9524cc834a5036ff79925c,31525,belo horizonte,MG,7.417083333333333,37.44153935185185,0,44.92
eab659d04f2bba5abfe11a2e6ef92bd0,c7a3c1e9b965f65f0b0204bd868604f9,delivered,2018-06-05 13:24:11,2018-06-05 14:31:11,2018-06-05 12:34:00,2018-06-08 20:34:21,2018-07-11,34.99,15.23,1,1,50.22,3,1,5.0,1.0,19f19354cf9524cc834a5036ff79925c,31525,belo horizonte,MG,3.298726851851852,35.44153935185185,0,50.22
648e0ac5cc6c2c2f7fa83738b193516a,bf0bb80f1dde0b8bb3b522d8146a764f,delivered,2018-06-05 13:24:48,2018-06-05 14:31:21,2018-06-06 12:29:00,2018-06-15 17:36:46,2018-06-29,195.0,15.36,1,1,210.36,2,1,4.0,1.0,580b8aca2383ad4202ceaa16303bb227,2851,sao paulo,SP,10.174976851851852,23.441111111111113,0,210.36
83449730f699ad6cb7c8ac34acf0ac84,ffa68c2831c28939574acedca340d5ae,delivered,2018-06-05 13:27:30,2018-06-06 02:35:14,2018-06-06 17:29:00,2018-06-11 17:46:58,2018-07-11,49.95,12.79,1,1,62.74,1,1,4.0,1.0,64b2459cc2e466183c35d84d361329c5,13013,campinas,SP,6.180185185185185,35.439236111111114,0,62.74
bc21aafa31286566776854b064ed351a,d7eabae45e5f9ff529e9e4cfa7bddfa9,delivered,2018-06-05 13:29:17,2018-06-05 14:31:50,2018-06-07 12:56:00,2018-06-12 17:51:16,2018-07-13,70.9,13.76,1,1,84.66,1,1,5.0,1.0,4c7ad96e45fcee507fff76ba9c45eb1e,80035,curitiba,PR,7.18193287037037,37.43799768518519,0,84.66000000000001
4308e12e9ffac5a442e69838bb90872d,a61b501908541d3087f220fe04b77800,delivered,2018-06-05 13:29:29,2018-06-05 14:31:59,2018-06-05 13:41:00,2018-06-13 01:22:16,2018-07-05,84.9,16.56,1,1,101.46,4,1,5.0,1.0,3f7fa245f2b7008c3097ae6d554f3275,30170,belo horizonte,MG,7.494988425925926,29.437858796296297,0,101.46000000000001
b2377b1954ac905f64a3797f58fc36d9,f73fe7f38373c066da9781eb5edd029b,delivered,2018-06-05 13:29:55,2018-06-06 02:54:10,2018-06-06 14:07:00,2018-06-12 23:44:43,2018-07-16,149.9,25.18,1,1,175.08,1,1,5.0,1.0,4e879fd59d57eacbbf05e06cc7e96eba,1329,sao paulo,SP,7.426944444444445,40.43755787037037,0,175.08
75c3993b743335fa57b1645f056b59d2,be842c57a8c5a62e9585dd72f22b6338,delivered,2018-06-05 13:33:19,2018-06-06 02:55:19,2018-06-07 12:39:00,2018-06-13 16:56:28,2018-07-23,45.5,18.23,1,1,63.73,1,1,5.0,1.0,ca186065de6e2d01cfc99763e6d62048,99150,marau,RS,8.141076388888889,47.435196759259256,0,63.730000000000004
8deb64b979ba1e9e5325ca8427efec4f,d1c3bfe0821606dd96e0af5cf6fb258e,delivered,2018-06-05 13:40:49,2018-06-06 13:35:17,2018-06-07 09:00:00,2018-06-08 21:41:58,2018-06-29,95.0,7.53,1,1,102.53,1,1,5.0,1.0,345eeeb838c3cb47f2938c7014c31e4e,7075,guarulhos,SP,3.3341319444444446,23.429988425925927,0,102.53
e0a392ae82bc219375ace26ec32a6301,b4faff20637c50dcdc36d25a424c50d7,delivered,2018-06-05 13:55:03,2018-06-06 02:54:00,2018-06-06 12:32:00,2018-06-11 19:11:00,2018-06-29,54.9,11.15,1,1,66.05,1,1,2.0,1.0,50e28f08674f193684e807f8f27551e5,13184,hortolandia,SP,6.219409722222222,23.42010416666667,0,66.05
2ce48a416ec4c72a129f73b550eecdbe,bb510d62433caad1abb45b96fa79ab78,delivered,2018-06-05 14:26:11,2018-06-07 02:54:58,2018-06-07 15:32:00,2018-06-20 00:12:18,2018-07-17,238.0,101.8,2,1,339.8,1,1,1.0,1.0,4a4ee8c87329844526920a2d4ba5a2ba,89202,joinville,SC,14.407025462962963,41.3984837962963,0,339.8
e332eda82fe7ca4e86daf4f71ca785df,159132ab31eb3c8a1061ed18967f720b,delivered,2018-06-05 14:38:19,2018-06-06 14:34:40,2018-06-06 15:24:00,2018-06-11 17:38:42,2018-07-11,1330.0,308.34999999999997,7,1,1638.35,1,1,1.0,1.0,12138e8ba93973c9b561253683f5581b,13271,valinhos,SP,6.125266203703704,35.39005787037037,0,1638.35
555e60e282181725debc9eb2d69fda3f,1d1300e5823331f1065112a2a6aa5b19,delivered,2018-06-05 14:55:04,2018-06-06 14:53:47,2018-06-07 12:31:00,2018-06-08 15:59:34,2018-06-29,23.98,14.78,2,1,38.76,3,1,1.0,1.0,253ba0a753f158c30d832404fd363ea6,4253,sao paulo,SP,3.044791666666667,23.378425925925924,0,38.76
1bf8b5f1e3bc76dcaa6414b170ef3ae0,92a03bee8af53fe8999c5a3eb9645c9f,delivered,2018-06-05 14:55:28,2018-06-07 02:54:43,2018-06-07 15:32:00,2018-06-11 23:02:14,2018-07-11,99.0,44.27,1,1,143.27,1,1,5.0,1.0,69824f9bc3a284a4b34dd68a3cedbad2,13560,sao carlos,SP,6.3380324074074075,35.37814814814815,0,143.27
086700af881b71e5ef67cfc7ecf4a7a9,ba6e05bfaabd015a16281dcc603a1152,delivered,2018-06-05 15:09:58,2018-06-07 02:55:12,2018-06-08 14:40:00,2018-06-15 19:52:21,2018-07-12,129.0,18.78,1,1,147.78,1,1,5.0,1.0,c2cf9fa76e1571abf4d3ff1605617dbe,7716,caieiras,SP,10.196099537037037,36.3680787037037,0,147.78
34cceecb116e314cb7f554bb3ee1db08,2495f2c0b621406897c5df5437666a06,delivered,2018-06-05 15:15:55,2018-06-06 09:51:03,2018-06-06 15:19:00,2018-06-07 18:52:38,2018-06-29,28.0,8.88,1,1,36.88,1,1,5.0,1.0,decb307ddea7099666fdaa07689ac885,13178,sumare,SP,2.150497685185185,23.36394675925926,0,36.88
23547de53f9322e4e739959f2f0cc8be,ddb890a3ea68c85af048245740135308,delivered,2018-06-05 15:22:19,2018-06-06 06:30:06,2018-06-18 12:35:00,2018-06-21 14:12:25,2018-07-20,129.5,21.99,1,1,151.49,10,1,5.0,1.0,93b339f348bc75a8bd53664569a3f9d9,7813,franco da rocha,SP,15.951458333333333,44.35950231481481,0,151.49
636f73118014a54ac2fff02765918f12,3368fd70f27aba83c0c0808332a6f328,delivered,2018-06-05 15:26:51,2018-06-05 15:48:50,2018-06-08 14:40:00,2018-06-13 21:52:31,2018-07-12,204.0,37.18,2,1,241.18,10,1,3.0,1.0,24793d09262ddea68f64f6e2a6150976,12309,jacarei,SP,8.267824074074074,36.35635416666667,0,241.18
f9fcece01e53f6127dfe56deebac3329,5fd6b9027602772efd65c36c7caaa790,delivered,2018-06-05 15:29:48,2018-06-05 15:48:55,2018-06-06 15:02:00,2018-06-14 13:47:43,2018-07-26,79.9,23.14,1,1,103.04,2,1,3.0,1.0,84d9bb307602635c41895319bf40c8c9,21073,rio de janeiro,RJ,8.929108796296296,50.354305555555555,0,103.04
add756e3e5d6be09e93f4e5ca22d7b44,beaefb15f57098290db7f598c19dcf87,delivered,2018-06-05 15:30:41,2018-06-05 15:49:03,2018-06-06 13:12:00,2018-06-14 18:48:35,2018-07-18,173.35000000000002,63.76,2,2,237.11,3,1,2.0,1.0,144c634298251b2555afab18146796bb,84400,prudentopolis,PR,9.137430555555556,42.35369212962963,0,237.11
640ebd9e6042fa597d8453c63c19f6fd,34cac1feffdf92823e422fad16bd8397,delivered,2018-06-05 15:41:06,2018-06-05 15:55:17,2018-06-06 14:58:00,2018-06-11 23:41:57,2018-07-16,169.99,18.77,1,1,188.76,10,1,4.0,1.0,7a3e4679c3c6b435c799ce0550a4c249,80220,curitiba,PR,6.3339236111111115,40.34645833333333,0,188.76000000000002
d21ac314662db0838c14d8a6e6c0ddca,22ada7e7aee4c701a64b7d2a8b1d3772,delivered,2018-06-05 15:54:44,2018-06-06 02:54:01,2018-06-06 07:15:00,2018-06-12 10:12:50,2018-07-17,32.9,18.23,1,1,51.13,1,1,5.0,1.0,d70176238468bf3cb2b61a946b417707,39680,capelinha,MG,6.762569444444445,41.33699074074074,0,51.129999999999995
67fe9f5e9c411829a15755a4c9f56663,d6aefbc6bf6edba918286a439cf1f266,delivered,2018-06-05 15:56:49,2018-06-05 16:16:39,2018-06-06 16:25:00,2018-06-11 21:14:57,2018-07-19,99.9,34.24,1,1,134.14,5,1,5.0,1.0,54ff604e301b4ba5220d90c7fb7d840c,98600,tres passos,RS,6.2209259259259255,43.33554398148148,0,134.14000000000001
fa2f06a4a4f3bb8b8045087e4b3cbd3d,fd88fc5e3ee90a57041c46b74c5c9dbf,delivered,2018-06-05 16:04:51,2018-06-05 16:35:23,2018-06-06 12:34:00,2018-06-09 00:12:15,2018-07-25,67.99,16.45,1,1,84.44,1,1,4.0,1.0,0456613eca33128a2a5627aff5caab80,22631,rio de janeiro,RJ,3.3384722222222223,49.32996527777778,0,84.44
6c8c2eaa3f73e88dd6dec1b8e00648e3,2939201dbb94797337b7e580fb86cd32,delivered,2018-06-05 16:09:34,2018-06-05 16:53:52,2018-06-06 14:12:00,2018-07-03 18:02:18,2018-08-07,169.2,91.4,4,1,260.6,3,1,1.0,1.0,3bb224c5f9ba56e8659ec795aab072fc,69063,manaus,AM,28.078287037037036,62.32668981481481,0,260.6
c0c1dd37a8e883f0250adaa36b474263,a85fcfe5a8e1ae143d339a18516ad663,delivered,2018-06-05 16:13:10,2018-06-05 17:15:21,2018-06-06 08:23:00,2018-06-18 23:44:59,2018-07-19,140.0,27.71,1,1,167.71,1,1,5.0,1.0,95a42937fa866fba28ac1090ec50e29b,44300,cachoeira,BA,13.313761574074075,43.324189814814815,0,167.71
3a3946583c464f57913a9df9c134ba0f,5e73cb3ef5fd8f561bda55e9e69debbc,delivered,2018-06-05 16:25:19,2018-06-05 17:15:54,2018-06-12 15:37:00,2018-06-20 16:38:27,2018-07-12,224.0,16.45,1,1,240.45,1,1,5.0,1.0,46a67cc142be968cc7e809bf35130d74,25235,duque de caxias,RJ,15.00912037037037,36.315752314814816,0,240.45
9ffb8109facce85e8fca8e404bbc584c,55af6da5af6bf6dde05f23dec9502c33,delivered,2018-06-05 16:29:43,2018-06-06 03:11:16,2018-06-07 13:15:00,2018-06-21 16:18:41,2018-07-23,89.0,23.2,1,1,112.2,1,1,5.0,1.0,35c93e4d836fd147e577b1725f19f0a6,91170,porto alegre,RS,15.992337962962964,47.31269675925926,0,112.2
4e204da6cc8b59dcfdc532fb5a9281f0,2ffdb3851fb34c5c1fdfd9b9116c0103,delivered,2018-06-05 16:30:23,2018-06-05 16:53:32,2018-06-06 12:44:00,2018-06-07 18:07:51,2018-07-03,99.99,9.23,1,1,109.22,4,1,4.0,1.0,de7463eebef1b2e7a62cc2c80bd27a26,25525,sao joao de meriti,RJ,2.0676851851851854,27.312233796296297,0,109.22
3db26f82a9173b4f87df15e4b6028954,56535b8fdcf51ee5d387b24cfc71e5aa,delivered,2018-06-05 16:32:04,2018-06-07 03:12:14,2018-06-18 10:12:00,2018-06-28 09:08:31,2018-07-19,569.9,60.54,1,1,630.44,1,1,4.0,1.0,ff55554082f5ae23537230286bd696c8,64770,sao raimundo nonato,PI,22.691979166666666,43.31106481481481,0,630.4399999999999
e80af3d621fbc7add2b8a64511f1012b,f6a795133cf03ddb8785bae6a82825ed,delivered,2018-06-05 16:34:56,2018-06-06 16:34:31,2018-06-07 12:01:00,2018-06-13 19:56:22,2018-07-11,23.9,12.79,1,1,36.69,3,1,5.0,1.0,e1abd1dec927a860e3233c33b728b49e,13735,mococa,SP,8.13988425925926,35.309074074074076,0,36.69
2c3e691445b0edeba4836606bbb095c9,b1262a81b8c88e650642ec06959b973a,delivered,2018-06-05 16:35:43,2018-06-07 02:35:21,2018-06-07 15:32:00,2018-06-11 18:52:05,2018-07-12,135.0,15.83,1,1,150.83,1,1,5.0,1.0,2b8fa097e611594e71a06a99db69beb0,81270,curitiba,PR,6.094699074074074,36.30853009259259,0,150.83
cfa24f77a1afcf0827e88b162f7cf0b2,9286639c1e08a7be041e38c68d2439e4,delivered,2018-06-05 16:51:38,2018-06-05 17:15:13,2018-06-07 08:56:00,2018-06-14 23:48:45,2018-07-12,99.9,14.78,1,1,114.68,2,1,5.0,1.0,878d1683076172a5b7ffc7126ba99acd,35010,governador valadares,MG,9.289664351851853,36.297476851851854,0,114.68
3290f39297b8a329b033a77a8ed856b2,ab93c4cff5dca2721ac4bfef3489d30c,delivered,2018-06-05 16:52:31,2018-06-05 17:15:13,2018-06-07 14:19:00,2018-06-13 20:44:40,2018-07-11,120.0,14.2,1,1,134.2,1,1,5.0,1.0,edd353af7480071a81b841a8bef4ee7b,18707,avare,SP,8.161215277777778,35.29686342592593,0,134.2
97f2d3fa09c8f66f8d26e81695161515,29706dd8a6c7fd616521a0d9611316a6,delivered,2018-06-05 16:55:20,2018-06-05 17:15:23,2018-06-12 14:39:00,2018-06-15 13:28:42,2018-07-17,139.0,35.82,1,1,174.82,3,1,4.0,1.0,1c7ae978da969177abfeea258abd8cbc,4107,sao paulo,SP,9.85650462962963,41.29490740740741,0,174.82
be05bd6519a58cf3d3e4ca73c99f5395,041d5700e430ed7d2f3ca2d7e781f077,delivered,2018-06-05 16:55:49,2018-06-05 17:15:38,2018-06-06 14:40:00,2018-06-08 23:48:59,2018-06-29,14.49,7.87,1,1,22.36,2,1,5.0,1.0,0e269c95d6f4b97fad56274b93bc2e36,13465,americana,SP,3.2869212962962964,23.29457175925926,0,22.36
1194afa31e54aeee123be8df42e3f573,b383a778278d061c8b275a611c26ca8a,delivered,2018-06-05 16:56:38,2018-06-05 17:15:38,2018-06-07 08:38:00,2018-06-13 18:48:54,2018-07-11,79.9,14.65,1,1,94.55,4,1,4.0,1.0,352532fd050f1e1f1b9a26373401a367,6210,osasco,SP,8.077962962962962,35.29400462962963,0,94.55000000000001
79da3f5fe31ad1e454f06f95dc032ad5,7eefe1898dff66fa3b252fda68ff2ff2,delivered,2018-06-05 17:00:04,2018-06-05 17:15:45,2018-06-07 12:11:00,2018-06-13 18:05:05,2018-07-12,85.9,13.04,1,1,98.94,1,1,5.0,1.0,186638bdb0f600c9bf2bd60e4b14537c,37701,pocos de caldas,MG,8.045150462962964,36.29162037037037,0,98.94
1a73487544d0b9f2ae19eaf22e3c7462,2e58019c686b4a4b24edbe972778e0e1,delivered,2018-06-05 17:08:15,2018-06-07 02:54:34,2018-06-07 07:52:00,2018-07-03 17:54:33,2018-07-19,55.0,27.12,1,1,82.12,1,1,5.0,1.0,03da36f44c98d62dfa4dfdbbc8fd6ade,44450,salinas da margarida,BA,28.032152777777778,43.2859375,0,82.12
faf590b30d6a5dd0430cf8713a6455c2,5304d2aa57725ce435b8abea817b7946,delivered,2018-06-05 17:10:10,2018-06-06 02:54:06,2018-06-06 14:01:00,2018-06-09 16:28:45,2018-07-25,40.95,45.69,3,1,86.64,1,1,2.0,1.0,3b004ab5868135f9bf80876b2070a016,20260,rio de janeiro,RJ,3.971238425925926,49.28460648148148,0,86.64
5b2f8cfd2fc117b59e6a0247d77f07d1,ec251fa96058b74b101b87f413fcd120,delivered,2018-06-05 17:11:13,2018-06-05 17:53:44,2018-06-07 14:43:00,2018-06-13 22:31:10,2018-07-11,79.0,12.99,1,1,91.99,3,1,5.0,1.0,f9ee5e600b409b4e43f84d3b9bd73519,3982,sao paulo,SP,8.2221875,35.283877314814816,0,91.99
27f34f7957260b0d9e561139a5752836,a047fd04d7b42d53c6f321e077c6a037,delivered,2018-06-05 17:18:36,2018-06-05 17:31:39,2018-06-06 09:13:00,2018-06-22 14:58:44,2018-07-20,59.0,19.1,1,1,78.1,3,1,4.0,1.0,39e175316b8393526b40c9797b95ce92,61962,lages,CE,16.90287037037037,44.27875,0,78.1
968881fd0bc1fa8d068c381b3484223d,cf77d6dc60f91af4ae0c4a5e76f57713,delivered,2018-06-05 17:19:27,2018-06-05 17:32:04,2018-06-06 07:15:00,2018-06-24 13:52:41,2018-07-16,24.9,22.85,1,1,47.75,1,1,5.0,1.0,7ab70dec691e6ced0e10140d4668ab00,65081,sao luis,MA,18.856412037037035,40.27815972222222,0,47.75
959ee23c386c94d0f7b0c514b4901e97,e32e9fcffdbc48d88fa2788d44caf137,delivered,2018-06-05 17:21:33,2018-06-05 17:31:56,2018-06-06 14:59:00,2018-06-11 20:08:42,2018-07-05,31.9,18.23,1,1,50.13,1,1,5.0,1.0,435f550d75ec3afa97141010e44eacf6,79045,campo grande,MS,6.116076388888889,29.27670138888889,0,50.129999999999995
e65fac6043c523489698c681bde0985d,7d0ae21a8fcd0dd677f32ae5230efd53,delivered,2018-06-05 17:33:48,2018-06-05 17:53:54,2018-06-06 14:37:00,2018-06-14 21:27:48,2018-07-16,48.9,19.32,1,1,68.22,3,1,5.0,1.0,d1195cf4deaddb2d328211a32d0c727b,88111,sao jose,SC,9.1625,40.26819444444445,0,68.22
2d69f10ad3b8448d288a26023ff5f977,9f3b1b02cab2d6e609b3991f5cf2c203,delivered,2018-06-05 17:40:18,2018-06-05 17:53:59,2018-06-12 11:23:00,2018-06-15 23:08:58,2018-07-11,550.1,46.1,3,1,596.21,10,1,4.0,1.0,ad95642496074c8644ddc0f8b21f5ecb,3119,sao paulo,SP,10.228240740740741,35.26368055555555,0,596.2
36252698cf1f3b91960c60cb2524ae78,a321fad7152b7496ab9f1ae365fdb3bd,delivered,2018-06-05 17:40:18,2018-06-07 02:55:12,2018-06-11 15:55:00,2018-06-18 14:48:48,2018-07-23,288.0,28.26,2,1,316.26,1,1,5.0,1.0,abf8bb9089238fccdaa852c1e5a9f5d9,13920,pedreira,SP,12.880902777777777,47.26368055555555,0,316.26
713d50ddc8c1a4367d76bf00bdf4d150,8aa97fdffddd4bdca82542fc851250dd,delivered,2018-06-05 17:40:24,2018-06-05 17:54:03,2018-06-06 11:40:00,2018-06-14 17:50:02,2018-07-16,88.6,18.5,1,1,107.1,3,1,4.0,1.0,9d7fc38b946974fdabeeab8cda8098c3,38550,coromandel,MG,9.006689814814814,40.26361111111111,0,107.1
2fdca5b7401ab483f6f3ef78f46f32f2,adf266ab12f2957c0df3d71579732dec,delivered,2018-06-05 17:40:36,2018-06-07 03:12:31,2018-06-07 13:32:00,2018-06-10 14:37:37,2018-07-12,59.97,21.5,1,1,81.47,1,1,1.0,1.0,67269541bc1e81487b0e59abad562bb1,2201,sao paulo,SP,4.872928240740741,36.26347222222222,0,81.47
99695e8eceb2822d04f20fa0310f8402,695a3186de69c5b70383183bf7fbae57,delivered,2018-06-05 17:44:59,2018-06-05 17:55:18,2018-06-06 13:01:00,2018-06-13 17:13:01,2018-07-11,12.9,13.47,1,1,26.37,1,1,5.0,1.0,cae8622d51b654fcfad25446ef0197ce,37548,conceicao dos ouros,MG,7.9778009259259255,35.260428240740744,0,26.37
1d71f1b40262fac8b20f5d792b1d1af2,256275249fa68a977dc44e1d73b94e4d,delivered,2018-06-05 17:54:43,2018-06-05 19:15:22,2018-06-07 11:07:00,2018-06-14 19:04:45,2018-07-16,765.0,23.23,1,1,788.23,1,1,5.0,1.0,a5866077f364490c60818c5efbb47065,6414,barueri,SP,9.04863425925926,40.25366898148148,0,788.23
fddf57c74b8cdfa31aacc5a974885ae5,46370d123e1788bede7a6f615f3a997a,delivered,2018-06-05 17:55:40,2018-06-05 18:13:12,2018-06-06 07:42:00,2018-06-28 20:58:34,2018-07-18,189.9,39.38,1,1,229.28,4,1,4.0,1.0,f2c10bd6c35a005af95c9c000b3cfd9d,45545,ubaitaba,BA,23.12701388888889,42.25300925925926,0,229.28
d956b6bc3c18434daf20182e6a625c86,11457c0edf75e08d409cc85b203bac66,delivered,2018-06-05 18:07:55,2018-06-05 18:33:28,2018-06-06 14:25:00,2018-06-07 17:47:56,2018-06-29,199.99,12.02,1,1,212.01,3,1,5.0,1.0,e89d69a7a35e112ecc985a05c0f0ae5a,13847,mogi-guacu,SP,1.9861226851851852,23.244502314814813,0,212.01000000000002
7388c6ff667e30b4ba78bdca9dccd818,336fbae7f609704cbff29abfa3c5cf87,delivered,2018-06-05 18:11:03,2018-06-05 18:33:30,2018-06-06 14:19:00,2018-06-11 18:24:23,2018-07-17,479.0,27.48,1,1,506.48,9,1,5.0,1.0,d253bee698fca642ccc22a96dcb14876,13092,campinas,SP,6.0092592592592595,41.24232638888889,0,506.48
15fdda39515f8ebe0bc8d067fa136a83,1f91e5b12976cbf0cc92a143dda96e0f,delivered,2018-06-05 18:15:38,2018-06-05 18:35:26,2018-06-06 13:12:00,2018-06-19 23:29:49,2018-07-24,161.9,87.67,3,2,249.57,1,1,5.0,1.0,a734b778c0eaf878d7954324c135d3e2,66087,belem,PA,14.21818287037037,48.23914351851852,0,249.57
1b3f223f58c9bc6eb519696b4ac16cd5,311172c3bca4313edf547ba9fb7864be,delivered,2018-06-05 18:17:58,2018-06-06 03:11:20,2018-06-08 15:05:00,2018-06-15 19:27:21,2018-07-12,78.0,25.58,2,1,103.58,1,1,5.0,1.0,2731c5c3dfeaab1cae70774975c1dd93,11704,praia grande,SP,10.04818287037037,36.23752314814815,0,103.58
b23fef1fa296cd791a57b465a3dc3827,ddd6194380aba67e254f45356dffa800,delivered,2018-06-05 18:22:13,2018-06-05 18:35:12,2018-06-12 08:16:00,2018-06-14 14:47:49,2018-06-29,125.02,12.21,1,1,137.23,3,1,5.0,1.0,af0644e81b5148bb5a03ee95fc94a45e,13218,jundiai,SP,8.851111111111111,23.23457175925926,0,137.23
5d60fb004df189c63dde348d81c6b4f7,bc91b46496dea39b6dd419cd54ee9cc2,delivered,2018-06-05 18:25:41,2018-06-05 18:52:32,2018-06-08 14:40:00,2018-06-15 20:02:51,2018-07-13,129.0,18.78,1,1,147.78,3,1,5.0,1.0,5a901f17a8eb49b690432556ede751e4,13601,araras,SP,10.067476851851852,37.23216435185185,0,147.78
5c37d6b170816f736bfa468714b2b41d,5a24403a0f39b693c16a89e2bf24d7bc,delivered,2018-06-05 18:26:39,2018-06-05 18:52:35,2018-06-06 12:49:00,2018-06-18 21:46:02,2018-07-26,69.0,23.06,1,1,92.06,1,1,5.0,1.0,83583269f77ced55852b4e1a407e714d,20241,rio de janeiro,RJ,13.138460648148149,50.23149305555555,0,92.06
27f60f8461adbfd9213bd35b38206bfe,3036fcbb292e7d1ad4c25c254b5e246f,delivered,2018-06-05 18:47:47,2018-06-05 19:13:41,2018-06-06 12:26:00,2018-06-13 12:02:24,2018-07-11,139.99,18.81,1,1,158.8,3,1,5.0,1.0,c5de780aaf331187f488ecaacd83175b,37190,tres pontas,MG,7.718483796296296,35.21681712962963,0,158.8
507a6db9c4fdc782cddab2d468782a97,4d7ad941ed874cea85682ddb323bd5f6,delivered,2018-06-05 18:48:27,2018-06-05 19:13:46,2018-06-06 12:49:00,2018-08-01 00:44:33,2018-07-13,56.99,19.37,1,1,76.36,1,1,1.0,1.0,7de82cbd5d67c9234798cedfa8e7ce6d,27525,resende,RJ,56.24729166666667,37.21635416666667,1,76.36
5c5372ed5680de60cbf2fe6c15deb92a,9e1c22714e8a39cdbba6c16ef221e6e2,delivered,2018-06-05 18:48:39,2018-06-05 19:13:49,2018-06-11 05:03:00,2018-06-19 02:44:33,2018-07-11,39.99,12.79,1,1,52.78,3,1,5.0,1.0,fe969bc8faf45d5a27cb7f3dd3bd5922,1307,sao paulo,SP,13.330486111111112,35.21621527777778,0,52.78
2a48623a075ed7b21c8f9ed3ab513674,70402b5d4e89d75ccb09787eb910a146,delivered,2018-06-05 18:50:05,2018-06-05 19:13:41,2018-06-11 14:44:00,2018-06-16 16:32:06,2018-07-19,119.9,34.38,1,1,154.28,2,1,5.0,1.0,2781a2e4e52f043644791347b8227cb7,13419,piracicaba,SP,10.904178240740741,43.21521990740741,0,154.28
26466061ecf0630db081aea8581b871b,c278d9844e8b4f2dfa6edaea27845e8d,delivered,2018-06-05 18:50:22,2018-06-05 19:13:40,2018-06-07 14:41:00,2018-06-14 15:55:33,2018-07-04,53.0,18.25,1,1,71.25,7,1,1.0,1.0,93337754f95d4413a1a0cf3478a678f3,32412,ibirite,MG,8.878599537037037,28.21502314814815,0,71.25
fe157fed1771944584f95dce138eefad,56a4d10644e5aa0b23861f9e90f37a8d,delivered,2018-06-05 18:54:48,2018-06-07 03:12:31,2018-06-11 10:40:00,2018-06-26 19:28:24,2018-08-06,259.9,45.53,1,1,305.43,1,1,3.0,1.0,7d0983269f825d3112e5a64364b1258a,69303,boa vista,RR,21.023333333333333,61.21194444444444,0,305.42999999999995
808b7fff91e537a5df90717957ee5bb1,38806f42b8696dc0e24a8fd5bf9885ba,delivered,2018-06-05 19:00:39,2018-06-05 19:54:42,2018-06-06 14:11:00,2018-06-08 17:36:49,2018-07-19,63.56,36.46,2,1,100.02,1,1,5.0,1.0,7e14aadc62265635e984db6740558a9e,26015,nova iguacu,RJ,2.9417824074074073,43.207881944444445,0,100.02000000000001
816e49951eeb579e37e0e247a4957869,3f0c4f20e1fefc38906f69768c83e2e2,delivered,2018-06-05 19:04:57,2018-06-06 18:55:16,2018-06-11 11:55:00,2018-06-18 20:07:49,2018-07-12,90.0,23.21,1,1,113.21,1,2,1.0,1.0,07ca0d4c9fbf2c34295f350fc37cc1f0,15801,catanduva,SP,13.043657407407407,36.20489583333333,0,113.21000000000001
84e34554c40b81ca0f4228e7c59179f9,740ada6fbe8fc3d20d6bd34fe205b5fb,delivered,2018-06-05 19:11:38,2018-06-05 19:54:46,2018-06-06 15:02:00,2018-06-23 16:51:34,2018-07-27,121.9,57.11,1,1,179.01,3,1,4.0,1.0,c136679b4a1d1f1338e021adfa0ca947,22071,rio de janeiro,RJ,17.90273148148148,51.20025462962963,0,179.01
c9eadde41242e71dd70ad3fb033940eb,b3c2c42fe40ca63323ee2b44f207a66c,delivered,2018-06-05 19:12:35,2018-06-05 19:54:52,2018-06-06 12:54:00,2018-06-07 21:18:48,2018-06-29,55.0,7.39,1,1,62.39,1,1,5.0,1.0,2af65d0f2938791be476dab232a23c43,9335,maua,SP,2.087650462962963,23.19959490740741,0,62.39
b736f9c98deb53b03ac6e931f3373063,f99d7ce66aba4bf59de3c05ca6561451,delivered,2018-06-05 19:14:32,2018-06-05 19:54:47,2018-06-08 14:11:00,2018-06-14 16:58:40,2018-07-24,79.9,19.53,1,1,99.43,2,1,4.0,1.0,4517782060db6544b81e17b8a1d76aad,38445,araguari,MG,8.905648148148147,48.198240740740744,0,99.43
5b16bc6a09b0fc583a3b696a0e80396e,9ed1e0bd6d8169b1c6f499255e6c7b31,delivered,2018-06-05 19:25:37,2018-06-05 19:35:22,2018-06-08 14:29:00,2018-06-29 17:03:49,2018-07-16,230.0,80.11,1,1,310.11,10,1,4.0,1.0,2880d08cd241936c6ce9a1f916ed30fe,49015,aracaju,SE,23.901527777777776,40.19054398148148,0,310.11
986dae5bc78169ebbf74f5d5f79924ff,3b6f584d425941c2dd51374691d45dff,delivered,2018-06-05 19:28:28,2018-06-05 19:54:50,2018-06-07 06:42:00,2018-06-11 18:55:45,2018-07-03,17.8,25.58,2,1,43.38,1,1,4.0,1.0,28f8c4895aee05aaa7b148157ecc5b1e,6602,jandira,SP,5.977280092592593,27.188564814814814,0,43.379999999999995
055cfc7366f3dfdbca102536d95381bb,9af9b372722698b16172ddf27eacab34,delivered,2018-06-05 19:34:59,2018-06-05 19:54:53,2018-06-06 14:05:00,2018-06-11 20:18:41,2018-07-04,79.9,16.53,1,1,96.43,3,1,5.0,1.0,bd4b901bb8fd797f7c1c2d391e536c08,3134,sao paulo,SP,6.030347222222222,28.18403935185185,0,96.43
6acc8234fbe95cdf6e5e160bc5a23ad0,a3d0f1e0bd25da3fb9e002c697d1f86b,delivered,2018-06-05 19:43:40,2018-06-07 03:12:24,2018-06-07 10:19:00,2018-06-12 17:58:42,2018-07-12,179.99,27.34,1,1,207.33,1,1,4.0,1.0,6ca0aea69fb3cdae75e045e6e0e39b07,35900,itabira,MG,6.927106481481482,36.17800925925926,0,207.33
f99e3215de6016797bab522d7a8fb5dd,0063bdf3bf91260f76973a4af6f9199e,delivered,2018-06-05 19:44:14,2018-06-05 19:55:20,2018-06-06 14:05:00,2018-06-12 22:05:51,2018-07-16,78.8,18.43,1,1,97.23,2,1,3.0,1.0,aaea7e9a2d2432c24a03eb74cc430c8a,81210,curitiba,PR,7.098344907407407,40.17761574074074,0,97.22999999999999
31d29a8c43bc533845fe7bfae74fa0cb,5f4f9dd0d0c9ab9a7ff1fdfb0eed78fe,delivered,2018-06-05 19:47:39,2018-06-07 03:12:33,2018-06-11 10:40:00,2018-06-18 16:38:32,2018-07-16,59.9,19.39,1,1,79.29,1,1,4.0,1.0,74ce48070b3053551b0ae56f84fe93b5,88509,lages,SC,12.868668981481482,40.175243055555555,0,79.28999999999999
c046779e1ef14c11e325b9b9a46d610d,c3de914e671cb1e98797f42b2f797274,delivered,2018-06-05 19:53:27,2018-06-06 02:53:58,2018-06-07 13:02:00,2018-06-09 20:03:11,2018-06-21,19.9,7.39,1,1,27.29,1,1,3.0,1.0,4268ba27ab73c81466d3068e501223a3,8579,itaquaquecetuba,SP,4.006759259259259,15.171215277777778,0,27.29
6779a7a489f7ad48ffd7ac5472345008,4266afca0c5320ef5a9ea1e12fe55b69,delivered,2018-06-05 19:54:24,2018-06-05 20:12:23,2018-06-06 19:02:00,2018-06-07 14:19:00,2018-06-29,117.8,41.3,1,1,159.1,1,1,5.0,1.0,3c89f451f33e5467accf577c25ee075e,4014,sao paulo,SP,1.7670833333333333,23.170555555555556,0,159.1
f5f04dd481f2adae96df163474755163,62fdaf2211b823f8c457e4cf68a96ab9,delivered,2018-06-05 19:58:26,2018-06-05 20:15:13,2018-06-06 14:01:00,2018-06-07 18:14:25,2018-06-29,98.0,9.04,1,1,107.04,1,1,5.0,1.0,673ec8fc15085be3340fd24dfefa33ea,2377,sao paulo,SP,1.9277662037037038,23.16775462962963,0,107.03999999999999
855302e009dbafa86035003b00a49cd2,deb1182dcf5719b1a643649a2029846f,delivered,2018-06-05 19:59:42,2018-06-05 20:15:15,2018-06-07 13:27:00,2018-06-11 20:03:45,2018-07-11,49.9,14.44,1,1,64.34,3,1,5.0,1.0,b94a3a62951ea50358ba1f0a6ed8f280,1047,sao paulo,SP,6.0028125,35.166875,0,64.34
fcef6b2702ddfbf4e13823c52d95627b,a904dc26e7794ac3fb871bc49195d70d,delivered,2018-06-05 20:04:09,2018-06-05 20:15:19,2018-06-13 15:08:00,2018-06-20 00:33:05,2018-07-16,119.85,23.42,1,1,143.27,2,1,5.0,1.0,11fef20326286fa000589d4c083fd224,35582,pains,MG,14.18675925925926,40.163784722222225,0,143.26999999999998
0a11e1f5811dda6f2921ea5b87f67475,e68d2e59d2daddbd8f3c601ef50d987d,delivered,2018-06-05 20:07:43,2018-06-05 20:32:58,2018-06-06 09:05:00,2018-06-14 10:02:09,2018-07-25,87.5,38.66,1,1,126.16,6,1,5.0,1.0,d22c8aa90255caa03e87cf259292a70a,55555,xexeu,PE,8.579467592592593,49.16130787037037,0,126.16
0bfd90889de46373db5089b3bb941135,b2bbf530455f67fe10265197326aab8e,delivered,2018-06-05 20:08:08,2018-06-05 20:32:55,2018-06-06 14:45:00,2018-06-07 18:34:54,2018-06-29,22.49,7.39,1,1,29.88,1,1,5.0,1.0,d4318adafb89c4b369d6633e1739795b,4195,sao paulo,SP,1.9352546296296296,23.161018518518517,0,29.88
50af5eb21dfe120d3a7950feee50d90d,d9bde5465c77b58ae1f08a085461df76,delivered,2018-06-05 20:18:58,2018-06-05 20:35:10,2018-06-06 12:47:00,2018-06-12 18:22:36,2018-07-12,5.99,18.23,1,1,24.22,1,1,4.0,1.0,8d01758ff233cf5a5420bc44d61754e5,36889,muriae,MG,6.919189814814815,36.15349537037037,0,24.22
6a300a67950956af7a9e1fe6e85c92a4,90eed93cd3b46c2507862e1821afe82e,delivered,2018-06-05 20:19:48,2018-06-05 20:35:10,2018-06-06 14:01:00,2018-07-03 17:08:35,2018-07-16,12.9,18.23,1,1,31.13,1,1,5.0,1.0,3c5548812af8809da4ecfb7fb1a35d37,36415,congonhas,MG,27.86721064814815,40.15291666666667,0,31.130000000000003
4ee512b414a41f8ed0239751fc1d77bf,b416aff8022d39644292751bafe2e0ab,delivered,2018-06-05 20:20:37,2018-06-05 20:33:14,2018-06-06 14:07:00,2018-06-13 16:20:50,2018-07-11,40.0,13.61,1,1,53.61,1,1,5.0,1.0,471115dafc25680978fea214b759a522,56170,oroco,PE,7.833483796296297,35.15234953703704,0,53.61
1432d48030ced821a4afaabcfc2a8b0f,6a909b62463d9c6cc4126cea7af3ad59,delivered,2018-06-05 20:26:51,2018-06-05 20:52:12,2018-06-08 16:20:00,2018-06-11 16:48:40,2018-07-05,49.9,14.62,1,1,64.52,3,1,1.0,1.0,7b06aa5473c44b8e05b9eeaea702f1a2,4026,sao paulo,SP,5.848483796296296,29.148020833333334,0,64.52
2feb60b66471f9985b3f06df1f360f34,7e31ff5a549f128e99d5cf90f3b9a649,delivered,2018-06-05 20:29:13,2018-06-07 02:54:34,2018-06-07 12:30:00,2018-06-20 14:16:32,2018-07-18,180.4,23.84,1,1,204.24,1,1,5.0,1.0,9e669f3ab89dd4e2fd37ae56ee419623,29780,sao gabriel da palha,ES,14.74119212962963,42.14637731481481,0,204.24
c2ef540e16617cb62d8c9d0bb874a498,db4c18dc639572a181079c0cb47fded4,delivered,2018-06-05 20:32:32,2018-06-05 20:52:23,2018-06-07 10:06:00,2018-06-24 15:03:09,2018-07-18,79.99,20.61,1,1,100.6,1,1,5.0,1.0,4ea8a44dd97886a1e97c0237cb93be6f,60050,fortaleza,CE,18.771261574074074,42.14407407407408,0,100.6
d4612a92684490006e3edc89c89a7a2b,f8bf72976f888a5dd8c8fbd580eb0e6e,delivered,2018-06-05 20:33:20,2018-06-05 20:52:20,2018-06-06 14:17:00,2018-06-11 21:08:44,2018-07-11,175.99,17.2,1,1,193.19,3,1,5.0,1.0,958bdc0c6bc60b27b90087591064a5c9,5076,sao paulo,SP,6.024583333333333,35.14351851851852,0,193.19
686401a87720135448e51dc4547c8144,ac60a5e730fff1c3ceb417d8fb425e82,delivered,2018-06-05 20:41:45,2018-06-05 20:55:31,2018-06-08 11:20:00,2018-06-13 21:58:48,2018-07-12,128.7,16.87,1,1,145.57,6,1,5.0,1.0,3044eb352cbcac5fdc934078421f99bc,6454,barueri,SP,8.053506944444445,36.13767361111111,0,145.57
a8c151e54e03b53004b0e1c8e7bc033d,f2124e5103115cd6f588c973edb51c1d,delivered,2018-06-05 20:44:03,2018-06-05 20:55:32,2018-06-06 15:19:00,2018-06-07 18:57:39,2018-06-29,15.0,7.39,1,1,22.39,1,1,5.0,1.0,4f44806a16a69a79be907c376590d21a,9335,maua,SP,1.926111111111111,23.13607638888889,0,22.39
c2baa2c68f42b3980566cf7f366fcd5b,36cc844b2f496f003881ddf803ec6aa7,delivered,2018-06-05 20:44:27,2018-06-05 20:55:43,2018-06-07 11:18:00,2018-06-14 20:52:47,2018-07-11,34.99,15.23,1,1,50.22,1,1,5.0,1.0,ae899cddd0d9a9ae7f10099595241089,30575,belo horizonte,MG,9.005787037037036,35.13579861111111,0,50.22
3a66d09f5706316fe219b632a7ba335d,3452e28259248bd268d8ac13c8446779,delivered,2018-06-05 20:49:40,2018-06-07 03:12:10,2018-06-07 09:04:00,2018-06-15 18:36:47,2018-07-17,49.0,18.23,1,1,67.23,1,1,4.0,1.0,0e101f12d010ac62d6cf27464fecdbd7,76420,niquelandia,GO,9.907719907407408,41.13217592592593,0,67.23
9b8e74aa515dafc41a1485ea61c6c3bc,b77fe56b152475e858e79d35811bcbf2,delivered,2018-06-05 21:07:26,2018-06-05 21:31:38,2018-06-06 13:40:00,2018-06-19 19:03:26,2018-07-17,110.32,15.65,1,1,125.97,5,1,5.0,1.0,d4141c6e605904528699a2ad1d5e1787,80250,curitiba,PR,13.91388888888889,41.11983796296296,0,125.97
bd1e1a304d04fa76626646f8efa12f77,74425816e9f175cc2da8f4a69720291e,delivered,2018-06-05 21:12:32,2018-06-07 02:55:00,2018-06-08 15:13:00,2018-06-18 20:42:02,2018-07-18,47.9,19.32,1,1,67.22,1,1,5.0,1.0,334d0235ca6f2f09dd55804a26efe952,85303,laranjeiras do sul,PR,12.978819444444444,42.1162962962963,0,67.22
b2b22e6b8ad71ac3e8d2242b8f49c910,a9104f08d9c9512fe781cd8dd337f7ae,delivered,2018-06-05 21:19:00,2018-06-05 21:35:22,2018-06-06 12:34:00,2018-06-11 19:38:52,2018-07-11,67.99,16.45,1,1,84.44,1,1,5.0,1.0,7ceea8a1cd325cf3ada8f35d0d2ba36a,31560,belo horizonte,MG,5.930462962962963,35.111805555555556,0,84.44
90e0d38d1d5842547ebd5cb95069c1f7,8c7ff75abf2f52700bd2724b7e4a3589,delivered,2018-06-05 21:24:04,2018-06-06 21:32:01,2018-06-11 15:07:00,2018-06-12 20:26:47,2018-06-29,8.7,7.39,1,1,16.09,1,1,5.0,1.0,bda6b1a673bc84ea9e8034ac152ccd26,11705,praia grande,SP,6.960219907407407,23.108287037037037,0,16.09
fa2de0086db43d394d58f69a111f8f69,254a99b66d18dc590fb0b5e226382afb,delivered,2018-06-05 21:32:16,2018-06-05 21:53:06,2018-06-06 14:17:00,2018-06-12 18:32:35,2018-07-16,79.99,19.53,1,1,99.52,5,1,4.0,1.0,9b97ef812444a46c3eb4d21ade18bd94,36010,juiz de fora,MG,6.875219907407407,40.10259259259259,0,99.52
750732fef7a3be35c99c21fab182e597,2b33c3e1a015bd441dcc5773ef142c7e,delivered,2018-06-05 21:37:26,2018-06-05 21:53:13,2018-06-06 11:21:00,2018-06-15 18:26:44,2018-07-18,122.99,52.99,1,1,175.98,3,1,5.0,1.0,a7894d9812d8a6b872eea9769bd71c17,35162,ipatinga,MG,9.867569444444445,42.09900462962963,0,175.98
dab084025124fbf71af416639b3c93bc,6b6c68e1bb0adec87704ea9d00b95273,delivered,2018-06-05 21:47:49,2018-06-05 22:11:35,2018-06-07 13:27:00,2018-06-19 12:58:47,2018-07-23,49.9,26.43,1,1,76.33,1,1,5.0,1.0,61d8d78be66c92e75a0ab33f95363e1e,97200,restinga seca,RS,13.632615740740741,47.09179398148148,0,76.33
7dcd0f2215594d90c8a4e7cd57d06dbe,f74697fa556a9bd9a5791b85607f8bb0,delivered,2018-06-05 21:50:10,2018-06-05 22:12:12,2018-06-06 15:08:00,2018-06-07 14:07:23,2018-06-29,28.99,7.71,1,1,36.7,1,2,5.0,1.0,72e80e590de0dcd0a184a03397c2e313,30570,belo horizonte,MG,1.678622685185185,23.090162037037036,0,36.699999999999996
85eb2a6b95fb63038d835a7b235b47d0,f3c417aa727ef55b2a9eb68bda276dd9,delivered,2018-06-05 21:50:30,2018-06-05 22:11:37,2018-06-06 13:41:00,2018-06-11 20:20:48,2018-07-18,46.99,18.23,1,1,65.22,3,1,5.0,1.0,ef643d635cab1ffb3111e14641861d72,89560,videira,SC,5.937708333333333,42.089930555555554,0,65.22
805bde3649dd9d348ea3b77004f1c6d5,267856cea77d0833f02cb04e26e72100,delivered,2018-06-05 21:54:42,2018-06-07 02:54:37,2018-06-07 14:25:00,2018-06-08 18:08:24,2018-07-03,20.0,7.39,1,1,27.39,1,1,5.0,1.0,80f57b3b7146982298ace38333bc7361,5187,sao paulo,SP,2.8428472222222223,27.08701388888889,0,27.39
7788769c8b180355458e5f838cc88e0e,779374a01158826a2cb8afa40ad327be,delivered,2018-06-05 21:56:09,2018-06-05 22:11:40,2018-06-06 15:28:00,2018-06-11 15:11:58,2018-07-16,245.0,19.29,1,1,264.29,5,1,5.0,1.0,aacca54eba0a1ea22814559057be5c57,4043,sao paulo,SP,5.71931712962963,40.08600694444444,0,264.29
3e2a7096b199939e9fde66eba27073d3,1bda61a5d797758b542169dad729f429,delivered,2018-06-05 22:05:33,2018-06-05 22:15:14,2018-06-11 14:23:00,2018-06-29 17:32:52,2018-08-03,139.99,18.86,1,1,158.85,10,1,3.0,1.0,53e4d5ab8287848319f0220d47ee7ca0,27170,ipiabas,RJ,23.810636574074074,58.079479166666665,0,158.85000000000002
c2103ca5d928d19db6fbac6e5d710b0b,f2ee40a9f85c47f8711c4fad3415c063,delivered,2018-06-05 22:08:30,2018-06-05 22:32:23,2018-06-07 14:33:00,2018-06-19 21:22:40,2018-07-25,119.9,62.64,1,1,182.54,3,1,5.0,1.0,b878e916967309c607f8e1022063b08f,66087,belem,PA,13.968171296296296,49.07743055555556,0,182.54000000000002
61f46021dc3392729c54f0a596a63383,4c45abaf37f93be768571ba788af0c15,delivered,2018-06-05 22:10:39,2018-06-06 22:12:20,2018-06-14 08:42:00,2018-06-19 21:56:55,2018-07-25,1005.55,57.54,1,1,1063.09,10,1,3.0,1.0,e6e1fd539bd2d78fcfb9c24ba6e1dcf5,57230,coruripe,AL,13.990462962962964,49.0759375,0,1063.09
b81909d99454a0227bc01cc241ef921a,ac58c7cb6aaceed8322a359c2c9e9596,delivered,2018-06-05 22:19:57,2018-06-07 02:55:02,2018-06-08 14:23:00,2018-06-14 18:21:58,2018-07-16,55.27,12.83,1,1,68.1,1,1,5.0,1.0,6f640589ab64054124349b003b610629,6172,osasco,SP,8.834733796296296,40.06947916666667,0,68.10000000000001
9c70736fb3a0b0f4432c9fa2798a2dcd,a84a9b8d2b70bff50d9de093b75a0ca1,delivered,2018-06-05 22:29:49,2018-06-05 22:51:32,2018-06-06 11:51:00,2018-06-13 19:12:48,2018-07-25,149.9,27.13,1,1,177.03,3,1,5.0,1.0,9003651988893817c9aa2fba972a0e26,95520,osorio,RS,7.863182870370371,49.06262731481481,0,177.03
d359e2c7de603d9b72bdfe2dc3840275,19dc2be7592f399eb8b754a5b44d847d,delivered,2018-06-05 22:33:06,2018-06-05 22:51:35,2018-06-06 08:37:00,2018-06-11 21:04:12,2018-08-03,299.99,34.02,1,1,334.01,6,1,5.0,1.0,617332f00c4600f237bc2127f57aa750,69036,manaus,AM,5.938263888888889,58.06034722222222,0,334.01
6c066ac65ae3a217178d6e90f682be03,c55aad0b394cf0a1ec47686f4661c521,delivered,2018-06-05 22:44:05,2018-06-05 22:55:13,2018-06-08 14:40:00,2018-06-13 20:56:34,2018-07-12,129.0,18.78,1,1,147.78,6,1,4.0,1.0,dcccbee86a406e06fa6c71abbb9f309d,12929,braganca paulista,SP,7.925335648148148,36.05271990740741,0,147.78
04a2b4ee7fcf9fa8bf25b8d5bc770152,e09bddc2b1cb1ef0e2e4829e02303212,delivered,2018-06-05 22:45:09,2018-06-05 22:55:17,2018-06-06 11:05:00,2018-06-15 22:23:34,2018-07-12,164.99,27.16,2,2,192.15,10,1,5.0,1.0,f43b49556f7aa32c6e9067240c3316a2,16800,mirandopolis,SP,9.985011574074074,36.05197916666667,0,192.15
f48f1f27399611e17088c57968bc1486,db3c36ca6cfec9f21c744dba2d3e1e24,delivered,2018-06-05 22:50:47,2018-06-06 02:35:11,2018-06-06 08:39:00,2018-06-20 19:26:37,2018-07-11,27.9,12.79,1,1,40.69,1,1,4.0,1.0,6041143fd50e4235e799bef24061ae8e,15055,sao jose do rio preto,SP,14.858217592592593,35.04806712962963,0,40.69
285bb3ebe7ede4496dcb8e7217c126f2,d3031e597fdc0a4caed9df2944042fa9,delivered,2018-06-05 22:51:12,2018-06-05 23:12:35,2018-06-08 13:01:00,2018-06-28 18:48:35,2018-07-16,110.0,27.5,1,1,137.5,3,1,5.0,1.0,92b322768259cf8d75f468e1c2f04eec,45460,wenceslau guimaraes,BA,22.831516203703703,40.047777777777775,0,137.5
4c832b5c447f450474f8470737f7e580,532f9ca016bff3198570d8eb8aa6b00e,delivered,2018-06-05 22:54:28,2018-06-05 23:12:42,2018-06-06 14:07:00,2018-06-08 18:14:19,2018-07-11,59.8,25.58,2,1,85.38,1,1,1.0,1.0,f986c4da4f0520a33d986926c6da73bc,13024,campinas,SP,2.805451388888889,35.04550925925926,0,85.38
756a455615f1d5b5c586b29c2ba67a89,dae84c4a5990d4a1f794e7dad8a5a0f9,delivered,2018-06-05 22:56:24,2018-06-06 22:53:20,2018-06-11 09:04:00,2018-06-21 15:03:52,2018-07-18,12.87,18.23,1,1,31.1,3,1,4.0,1.0,e58f68be7db0566c2110d014e632d2c2,89820,xanxere,SC,15.671851851851851,42.04416666666667,0,31.1
d82b278ce974fb241a84117441013d91,fd11570db157f0097d9e0e3dd79abd7c,delivered,2018-06-05 23:02:08,2018-06-05 23:15:12,2018-06-06 13:40:00,2018-06-18 19:07:26,2018-07-17,110.32,18.65,1,1,128.97,1,1,5.0,1.0,6c7bfbe4cc40065ce6de8b815868a7bd,75094,anapolis,GO,12.837013888888889,41.04018518518519,0,128.97
8a02059055e25bfefbd27fa0d9d1a5dc,fb7589492fcf34d03d5134549bfa5d59,delivered,2018-06-05 23:03:03,2018-06-05 23:15:13,2018-06-12 13:25:00,2018-06-22 16:18:37,2018-07-11,318.0,40.34,2,1,358.34,6,1,5.0,1.0,7227d1c9ff02d1461868bc48b07517d3,97300,sao gabriel,RS,16.719143518518518,35.03954861111111,0,358.34000000000003
4d9d469ff1df648081f3e7648d24e82f,2844b9633da652adf5c696c4e1f9ad4c,delivered,2018-06-05 23:03:53,2018-06-05 23:15:15,2018-06-08 13:40:00,2018-06-13 19:28:44,2018-07-19,229.8,74.42,2,2,304.22,8,1,1.0,1.0,ea3c07aab1b899dd4b1b0db6fb1729a2,25710,petropolis,RJ,7.850590277777778,43.038969907407406,0,304.22
63a751ba03546afb43799a2dadb49ef2,dee4e9216587756d16369ec4b5e0ef95,delivered,2018-06-05 23:07:17,2018-06-05 23:31:47,2018-06-07 13:15:00,2018-06-13 17:26:40,2018-06-29,59.99,14.51,1,1,74.5,2,1,5.0,1.0,1f5c49019dcb5f1f9203edb025cf6e40,15470,palestina,SP,7.763460648148148,23.036608796296296,0,74.5
4e41f78649da5383f210424cf0d04966,84bca97a82197c251dd791de6921279f,delivered,2018-06-05 23:07:48,2018-06-05 23:31:50,2018-06-06 14:23:00,2018-06-15 16:22:27,2018-07-18,209.9,58.02,1,1,267.92,1,1,4.0,1.0,c8eb932f749e948a2f9e64f91e9244e0,53370,olinda,PE,9.718506944444444,42.03625,0,267.92
dc2511c427e70f8da90cb2db49c1bdab,a0d08d967688a6793c6cde45681cc438,delivered,2018-06-05 23:11:39,2018-06-06 09:11:15,2018-06-07 07:52:00,2018-06-15 19:08:46,2018-07-13,60.0,19.39,1,1,79.39,1,1,5.0,1.0,e0c2c8b008987c2241d3fd29e936252a,27961,macae,RJ,9.831331018518519,37.03357638888889,0,79.39
7e8af96fabba7a99d5206b8db4b7b098,702dfead9e810330c2041c8307cd2024,delivered,2018-06-05 23:14:51,2018-06-05 23:31:57,2018-06-08 12:24:00,2018-06-14 20:06:22,2018-07-12,119.98,30.6,2,1,150.58,2,1,3.0,1.0,9e69ceeece1f2884daf0c04cc96c5a6d,24220,niteroi,RJ,8.869108796296297,36.03135416666667,0,150.58
f62ff18c0fc73a78ebd80d0d881abfcf,0b0a4e9f5cbb2762f23341a271219afb,delivered,2018-06-05 23:30:25,2018-06-05 23:52:37,2018-06-06 15:31:00,2018-06-11 12:28:27,2018-07-18,89.8,32.72,2,2,122.52,10,1,5.0,1.0,246ef4748f64c4e716b4356d570967a1,89235,joinville,SC,5.5403009259259255,42.02054398148148,0,122.52
f57c8a776138b35f3f50d2d2e6caa7f2,e43f5c61528c73c0175b54343f6b425c,delivered,2018-06-05 23:31:06,2018-06-05 23:52:36,2018-06-07 07:03:00,2018-06-14 17:46:51,2018-07-18,169.99,23.77,1,1,193.76,3,1,5.0,1.0,f9e6c70b74217d54d7ecca3c83b5f779,89820,xanxere,SC,8.7609375,42.020069444444445,0,193.76000000000002
49df96b5d7690592c9cfc2c3c10e9a5a,4fedd71ebdc557d3a1a4bd9375489b6a,delivered,2018-06-05 23:41:24,2018-06-05 23:52:38,2018-06-06 13:04:00,2018-06-07 22:11:13,2018-06-29,44.9,7.39,1,1,52.29,1,1,4.0,1.0,8575ff83052d39f28d6df9e3a615ea12,2335,sao paulo,SP,1.9373726851851851,23.012916666666666,0,52.29
b5e3ecf507a50073bb07d54786f46337,c3c64fb35dba7672405d04b173e09f1a,delivered,2018-06-05 23:41:55,2018-06-06 23:35:15,2018-06-14 14:23:00,2018-06-21 23:27:38,2018-07-16,8.99,18.23,1,1,27.22,2,1,5.0,1.0,246ef4748f64c4e716b4356d570967a1,89235,joinville,SC,15.990081018518518,40.01255787037037,0,27.22
3941ca6fee43030b3a030be440e4ead7,fb7a1918bb56cd4318461bd2377e5e80,delivered,2018-06-06 00:07:53,2018-06-06 00:32:04,2018-06-06 14:31:00,2018-06-12 13:32:29,2018-07-12,99.06,14.78,1,1,113.84,5,1,5.0,1.0,aad8468ac5a4b7fa42c2039d062d775e,4127,sao paulo,SP,6.55875,35.99452546296296,0,113.84
5f2ca185b50a74d71d7db083f0d11b4b,e608c716333c772e7174a92759e01e7b,delivered,2018-06-06 00:13:43,2018-06-07 03:12:18,2018-06-07 14:58:00,2018-06-15 13:13:03,2018-07-23,59.99,19.39,1,1,79.38,1,1,3.0,1.0,b9fe8c4b5fbad9389aa5f425561a2786,95050,caxias do sul,RS,9.541203703703705,46.99047453703704,0,79.38
c1c6a8e793edfe92994affd611b92aa9,4bd3ab853718d7896905f403c6571c75,delivered,2018-06-06 00:37:46,2018-06-08 02:35:17,2018-06-08 13:37:00,2018-06-26 13:46:35,2018-07-20,199.99,57.95,1,1,257.94,1,1,5.0,1.0,0ed4d38388e9002ea31d12c0da0e9924,38780,vazante,MG,20.54778935185185,43.97377314814815,0,257.94
f7445b0cae0fd4d05894171adcc55931,da8cabd9ce4f78f6007974686cf6d4e1,delivered,2018-06-06 00:42:24,2018-06-06 00:55:27,2018-06-07 08:12:00,2018-06-18 12:32:16,2018-07-18,36.15,18.23,1,1,54.38,1,1,5.0,1.0,12d660460d0cd6ebdcf1206c8f1753a8,75470,nova veneza,GO,12.492962962962963,41.970555555555556,0,54.379999999999995
a44bccae654f637781e1918da79f4fd2,a7c44f543a326d7f5dfc53649662195f,delivered,2018-06-06 00:49:14,2018-06-06 01:11:12,2018-06-11 14:44:00,2018-06-20 20:38:39,2018-07-20,119.9,40.91,1,1,160.81,5,1,5.0,1.0,ba017b79807c319fb8bae29325d3ff2a,25675,petropolis,RJ,14.825983796296295,43.965810185185184,0,160.81
6af1785f8b08c8802cad476fa3590291,5ff50264ef1c7e41b2cc310306819e37,delivered,2018-06-06 00:59:14,2018-06-07 02:54:38,2018-06-07 15:05:00,2018-06-15 19:56:53,2018-07-18,31.9,12.79,1,1,44.69,1,1,5.0,1.0,b3b5643d2f50401b32e880619e3a32b8,37026,varginha,MG,9.790034722222222,41.95886574074074,0,44.69
c1bc9f391d11c8c81bc4dbe49a6a892e,745454cb92c05df2dac86352cdad7d65,delivered,2018-06-06 01:10:11,2018-06-06 01:32:58,2018-06-06 14:22:00,2018-06-20 18:03:46,2018-07-31,199.0,48.19,1,1,247.19,10,2,5.0,1.0,6aeb14662eeb6302659fb549abeccce0,52160,recife,PE,14.703877314814815,54.951261574074074,0,247.19
db7059aeda4a4b33b40700c87731ae15,c5e87e44425d8b1adc3650af46744779,delivered,2018-06-06 01:54:04,2018-06-06 02:13:09,2018-06-06 12:34:00,2018-06-16 17:14:37,2018-07-17,14.99,17.06,1,1,32.05,3,1,5.0,1.0,7ff3d446d58b6f67d967ada4a38e29de,40285,salvador,BA,10.639270833333333,40.92078703703704,0,32.05
859b8b69ff63d94b4c45df72adb387b2,69b0d25b238a51bbff5b391d5983e975,delivered,2018-06-06 02:34:37,2018-06-07 12:19:04,2018-06-11 13:01:00,2018-06-15 21:26:32,2018-07-16,199.9,27.48,1,1,227.38,1,1,4.0,1.0,ddb90b0a5ea004a3c633b5ba1337f141,26292,nova iguacu,RJ,9.78605324074074,39.89262731481482,0,227.38
eb752d7dd31fae34db80457d17e72ad0,acf35fc5626ae167e8e2089a15cc517b,delivered,2018-06-06 04:14:51,2018-06-06 04:30:13,2018-06-11 13:34:00,2018-06-18 23:23:33,2018-07-12,33.0,17.26,1,1,50.26,1,1,4.0,1.0,e3a1dea65fc0a4ac232d2d95734f8ffb,4330,sao paulo,SP,12.797708333333333,35.82302083333333,0,50.260000000000005
9e02c4c728d01f48f6a07f6179cef325,912432b1441d770e3a875423ef50f6af,delivered,2018-06-06 04:47:21,2018-06-07 03:12:31,2018-06-07 15:04:00,2018-06-11 22:32:31,2018-07-03,14.49,7.87,1,1,22.36,1,1,4.0,1.0,b08ca66442368a1e4f8ab6a8c756f5cc,9920,diadema,SP,5.739699074074074,26.800451388888888,0,22.36
6a25b525e1179f856694f3e632dd829b,ab764cc6b8b070d7ac7607d06b50243e,delivered,2018-06-06 07:36:52,2018-06-07 02:54:44,2018-06-08 13:21:00,2018-06-18 18:24:40,2018-07-18,130.0,18.79,1,1,148.79,1,1,5.0,1.0,b79307c9a6b4da370f55fec013328be1,37855,sao pedro da uniao,MG,12.449861111111112,41.68273148148148,0,148.79
8628004441d1bfed0eba2925c11f0a9f,8a733c4716440dcb6c7fb14e31d296dc,delivered,2018-06-06 07:53:07,2018-06-07 08:14:28,2018-06-07 15:35:00,2018-06-08 19:08:32,2018-07-03,92.0,14.78,2,1,106.78,5,1,1.0,1.0,159d2ae0c3234b0dcaf35bd844a99564,13252,itatiba,SP,2.4690393518518516,26.671446759259258,0,106.78
6eb5748888c6dd2345d8654d18fef604,399c1245c703ee686c105e1e6349038b,delivered,2018-06-06 07:59:36,2018-06-08 03:13:22,2018-06-15 14:58:00,2018-06-22 14:46:49,2018-07-12,105.0,19.7,1,1,124.7,1,1,4.0,1.0,9c2f288a383b0d36852625e0aa95e97b,12220,sao jose dos campos,SP,16.282789351851854,35.66694444444445,0,124.7
f683cdbdf58d83a900ba15a1df6351b2,c24b4d591a1c544d8f3c2d065e2fa2ee,delivered,2018-06-06 08:06:18,2018-06-06 08:30:33,2018-06-11 15:57:00,2018-06-14 22:11:52,2018-07-13,558.9,26.49,1,1,585.39,8,1,4.0,1.0,3b97119ab53db4ae0144dff13c2ee26b,89135,apiuna,SC,8.587199074074075,36.66229166666667,0,585.39
fe5f4fa1c18761b398e46c402c067ddf,db9b3394e343021e21811558f617b81b,delivered,2018-06-06 08:07:13,2018-06-06 08:30:17,2018-06-06 12:37:00,2018-07-06 15:51:24,2018-07-04,50.9,18.24,1,1,69.14,1,1,5.0,1.0,b13e32b6e05b17aef733da15ea4e034a,29323,pacotuba,ES,30.322349537037038,27.661655092592593,1,69.14
587359e7534c6f6cb987a31070b3171d,fcb92cb7bc58b2094b53728ccceab668,delivered,2018-06-06 08:09:41,2018-06-06 08:30:33,2018-06-07 07:52:00,2018-06-19 23:28:36,2018-07-13,390.0,23.81,1,1,413.81,5,1,5.0,1.0,a8a4faa885db1e0459274d6b570a8003,29176,serra,ES,13.638136574074075,36.65994212962963,0,413.81
f77f2b95a7b6f7fcabbf99ff2c58dbe4,78e7af7a67e984349c77cc89472bb72d,delivered,2018-06-06 08:19:13,2018-06-06 09:11:15,2018-06-06 15:18:00,2018-06-19 18:17:16,2018-07-18,79.0,22.26,1,1,101.26,8,1,3.0,1.0,96768a6936bec41f85026610b5371009,37600,cambui,MG,13.4153125,41.653321759259256,0,101.26
71dc1ebd78222712d79f728f038d06be,f53b4599eef2ad2abdc02ae35044ab77,delivered,2018-06-06 08:21:35,2018-06-06 08:30:22,2018-06-08 10:14:00,2018-06-14 11:58:34,2018-07-04,199.0,17.36,1,1,216.36,10,1,5.0,1.0,5d869a0ababcaaacfe1aefdcb388ce77,82025,curitiba,PR,8.150682870370371,27.65167824074074,0,216.36
5e434db83bb70a40ee87ceafd1164700,f70f9a6ee135ddbbf3aade75c81d8dfd,delivered,2018-06-06 08:22:08,2018-06-06 09:11:19,2018-06-06 12:49:00,2018-06-12 21:51:53,2018-07-13,45.0,15.23,1,1,60.23,1,1,5.0,1.0,5702302afe17e9046f55b40552bd0e7e,80320,curitiba,PR,6.562326388888889,36.651296296296294,0,60.230000000000004
c4d4442c9ecafb0e6611333eeefab2d5,2aca6da0c8282078f687a7f16994b2c6,delivered,2018-06-06 08:22:09,2018-06-06 09:11:15,2018-06-07 14:17:00,2018-06-11 17:22:12,2018-07-13,219.9,19.42,1,1,239.32,8,1,5.0,1.0,ee215674042ce9c0b4dde6ed684485d3,30130,belo horizonte,MG,5.375034722222222,36.65128472222222,0,239.32
4f53691b758958dca780dbbe19dad2ab,b6cdf22de5558fa17709875a7780a4cf,delivered,2018-06-06 08:34:53,2018-06-06 08:53:50,2018-06-06 09:00:00,2018-06-13 18:32:08,2018-07-18,38.67,18.23,1,1,56.900000000000006,1,2,2.0,1.0,0bfe461ce9bb2a820de70ec1b8113b00,97950,guarani das missoes,RS,7.414756944444444,41.64244212962963,0,56.900000000000006
4bf076e869b9f6d8f4a470a9850ed57a,17a7ed1c58dffc2bad134c5e67d73393,delivered,2018-06-06 08:37:16,2018-06-06 09:11:22,2018-06-06 13:22:00,2018-06-07 17:06:27,2018-07-03,59.9,7.39,1,1,67.29,1,1,5.0,1.0,4fe3986eb91014e00639e601582e60f1,13218,jundiai,SP,1.353599537037037,26.640787037037036,0,67.28999999999999
1dab6cb14267214f76fe292d1a79014c,7e572970d84b6164550e059b22c1bca1,delivered,2018-06-06 08:41:33,2018-06-06 08:55:25,2018-06-08 12:45:00,2018-06-18 14:32:32,2018-07-16,249.9,41.82,1,1,291.72,4,1,4.0,1.0,518bd6dc8b398a069309bc013fbc43a8,75535,itumbiara,GO,12.243738425925926,39.6378125,0,291.72
0132fef017ccf586491ca3685de667df,6ed04295dca042b17dc984a992352343,delivered,2018-06-06 08:51:20,2018-06-06 09:11:16,2018-06-06 15:00:00,2018-06-07 17:28:54,2018-07-03,67.99,8.88,1,1,76.87,1,1,5.0,1.0,d49f11b7331d59d197d96d0660b51bef,13457,santa barbara d'oeste,SP,1.3594212962962964,26.63101851851852,0,76.86999999999999
bab2b00c7dda561a8e77047d346f36cc,27b939024664f89f9ed6d687e1265de0,delivered,2018-06-06 08:58:02,2018-06-08 02:56:09,2018-06-14 16:02:00,2018-06-24 13:07:43,2018-07-25,198.0,53.54,2,1,251.54,1,1,5.0,1.0,487e9e85b88b68f2fb0a84d0296936f6,24940,marica,RJ,18.173391203703705,48.62636574074074,0,251.54
27b21720ea6e7cdbd58f9948ec1be09b,98725303cf0d5184eb3889f3ab21b87b,delivered,2018-06-06 09:06:55,2018-06-06 09:34:08,2018-06-18 12:22:00,2018-06-19 14:55:57,2018-07-03,150.0,17.86,1,1,167.86,2,1,4.0,1.0,baafbc5a23b9a881b4b3b74ebc9593fa,13170,sumare,SP,13.242384259259259,26.620196759259258,0,167.86
ac056e19c77f2d10da3097371332da46,849c1babfe2c41bde64e8034139c61e7,delivered,2018-06-06 09:16:29,2018-06-07 03:12:32,2018-06-07 12:26:00,2018-06-18 13:56:49,2018-07-13,114.0,39.77,1,1,153.77,1,1,5.0,1.0,487a947b8681e2321b539300b74338d7,88430,petrolandia,SC,12.194675925925926,36.61355324074074,0,153.77
deeed712c83b155989e7ccf569ecc9c3,c8dccace60dc560b29bbe1385a7d1c91,delivered,2018-06-06 09:16:45,2018-06-06 09:34:17,2018-06-08 13:23:00,2018-06-14 00:56:34,2018-07-16,22.99,18.23,1,1,41.22,1,1,5.0,1.0,bd083bd8ef807af8ad4d6673d4d4e4a0,28020,campos dos goytacazes,RJ,7.652650462962963,39.613368055555554,0,41.22
572c8f79a589e5ab2a0d8eec910deec1,e9a36d6f6bd1882063e07d44c5eafcc5,delivered,2018-06-06 09:43:39,2018-06-06 09:55:22,2018-06-06 16:22:00,2018-06-12 19:58:47,2018-07-19,25.0,15.23,1,1,40.23,1,1,3.0,1.0,9b12d667e00db8df3f31a2d9b0d1a5af,29162,serra,ES,6.427175925925926,42.5946875,0,40.230000000000004
6efa7ab74072ac5be10003b8ccf246bc,b92bc296adaba8e8ee97032344932a59,delivered,2018-06-06 09:46:18,2018-06-06 09:55:24,2018-06-06 14:16:00,2018-06-15 18:41:48,2018-07-27,16.9,18.23,1,1,35.13,1,1,3.0,1.0,a24fbc10c14008a91ae28b1dcfa3268b,20540,rio de janeiro,RJ,9.371875,50.592847222222225,0,35.129999999999995
8c771415273e87e3770092962104fa65,346b5432650859114e6043a06348af7a,delivered,2018-06-06 09:50:45,2018-06-06 10:15:20,2018-06-07 13:15:00,2018-06-18 21:44:39,2018-07-26,34.99,15.23,1,1,50.22,1,1,4.0,1.0,bd9bc6240594ef12bfcc966fad372b6a,21061,rio de janeiro,RJ,12.495763888888888,49.589756944444446,0,50.22
3b81059fdf845de042cb9d6fc78765e7,c351aaba4a76713be694a6f8696eabdb,delivered,2018-06-06 09:52:23,2018-06-06 10:15:18,2018-06-07 12:26:00,2018-06-18 16:08:46,2018-07-19,139.9,18.86,1,1,158.76,6,1,4.0,1.0,453325c9a92c4e25bc01d877f49420f7,28375,varre-sai,RJ,12.261377314814816,42.588622685185186,0,158.76
a017bed18c5f129119f36a92642a1cc0,05ebc27279c0c9082b56bbd6a1441a4b,delivered,2018-06-06 10:11:20,2018-06-08 03:13:36,2018-06-08 14:40:00,2018-06-15 17:32:48,2018-07-18,259.0,19.64,1,1,278.64,1,1,5.0,1.0,25084c562406811ccea6b10655d1fff9,6293,osasco,SP,9.306574074074074,41.575462962962966,0,278.64
f1147937e588f3e556bf8b1d57bf4881,103835507c129aa7ef38bda11d7863e6,delivered,2018-06-06 10:11:30,2018-06-06 10:31:11,2018-06-14 07:27:00,2018-06-18 14:06:20,2018-07-17,19.8,15.23,1,1,35.03,1,1,1.0,1.0,8d012e5624230adec4cdda50a1070f0a,2060,sao paulo,SP,12.163078703703704,40.57534722222222,0,35.03
7446025306e883cf5f81d6a59b52a77a,59211ee5ee45529e88e15aa981413567,delivered,2018-06-06 10:14:54,2018-06-06 10:31:27,2018-06-13 12:51:00,2018-06-14 15:52:23,2018-07-03,174.99,11.85,1,1,186.84,10,1,4.0,1.0,a6145625bf90ef8e9c0a051d98b6785a,13801,mogi mirim,SP,8.234363425925926,26.57298611111111,0,186.84
bd1fa6cec6b4313ecd85584380d1804e,e1eb1564d978810991cf5efaa2d3dac8,delivered,2018-06-06 10:19:05,2018-06-06 10:31:13,2018-06-06 11:25:00,2018-07-02 19:07:50,2018-07-25,112.99,15.67,1,1,128.66,5,1,5.0,1.0,5817e2989695be085125ba759fb69035,66615,belem,PA,26.3671875,48.57008101851852,0,128.66
e2d0dc3c743b5c8af5b6d15458f10a5c,99048bbaf712ed26c3641bf889762e87,delivered,2018-06-06 10:21:22,2018-06-06 10:35:11,2018-06-06 12:54:00,2018-06-07 19:32:36,2018-07-03,95.0,7.53,1,1,102.53,3,1,5.0,1.0,39c9f14158b746a9da5045543ff9d986,3712,sao paulo,SP,1.382800925925926,26.56849537037037,0,102.53
31b4e29d481ffee1ab729d2864f96173,d1431ab18d0b3986a70188adf3bb9f37,delivered,2018-06-06 10:29:49,2018-06-06 10:54:51,2018-06-08 07:11:00,2018-06-18 19:18:27,2018-07-18,150.0,36.18,1,1,186.18,3,1,5.0,1.0,028e0685d43827f5ce7882972eeaf6f8,24325,niteroi,RJ,12.367106481481482,41.56262731481481,0,186.18
f099d41ba0914d00926083362cea3299,a347c596e222350d5262e7e3c9ca8deb,delivered,2018-06-06 10:36:53,2018-06-06 10:54:58,2018-06-06 13:06:00,2018-06-12 21:07:12,2018-07-17,30.9,17.06,1,1,47.96,1,1,5.0,1.0,130cc1e094580c438b6e79f8178fdc3f,42710,lauro de freitas,BA,6.437719907407407,40.55771990740741,0,47.959999999999994
7cdea6836b6842b3a1f5add3d236395e,920d4899e6a1c090a11bbec9da5a36b5,delivered,2018-06-06 10:37:30,2018-06-07 03:12:20,2018-06-07 09:04:00,2018-06-12 21:52:14,2018-07-26,55.0,15.27,1,1,70.27,1,1,5.0,1.0,99c0a4ee465df8aa8a68e3219b3ad69d,22630,rio de janeiro,RJ,6.4685648148148145,49.557291666666664,0,70.27
de3f0819b6ed261f394af5bf809eed9c,93bbf7c08e1faa50b6c60abe5337ae1d,delivered,2018-06-06 10:39:49,2018-06-08 02:56:28,2018-06-09 10:02:00,2018-06-14 20:33:26,2018-07-23,49.9,18.23,1,1,68.13,1,1,5.0,1.0,d002a7e7acfdc762f4b61621b2c9aa64,82640,curitiba,PR,8.412233796296297,46.55568287037037,0,68.13
53b686fac427f7a62d0f32047dacd2fc,75fd680d4beb83356a3f1d9d9f0bc633,delivered,2018-06-06 10:45:16,2018-06-06 10:55:19,2018-06-07 18:55:00,2018-06-08 13:12:20,2018-07-03,41.1,7.87,1,1,48.97,1,1,5.0,1.0,8225719100f66fb93089c081e2c605be,7866,franco da rocha,SP,2.1021296296296295,26.551898148148148,0,48.97
709df04791b8bd393b34a58de3cf142d,c93fd28f162566af5c46c0f44110e347,delivered,2018-06-06 10:46:09,2018-06-06 10:55:21,2018-06-07 12:26:00,2018-06-20 23:02:48,2018-07-17,223.0,19.44,1,1,242.44,6,1,5.0,1.0,0c5b154661836e56f9e7495f524cff03,29143,cariacica,ES,14.5115625,40.55128472222222,0,242.44
ad3023e7d21d3ab26bd1d2939d18cd8c,de27e7ae8adefd14b55e07db50c5c037,delivered,2018-06-06 10:53:48,2018-06-07 02:55:02,2018-06-07 12:26:00,2018-06-11 21:46:45,2018-07-12,102.9,13.16,1,1,116.06,1,1,4.0,1.0,a50381d8ac7b457ced2071af9ef0caed,1224,sao paulo,SP,5.4534375,35.545972222222225,0,116.06
52b1b3d6e18f1bf504f285c0a8f0d276,db09079896ba2bca8288a3a712e043ab,delivered,2018-06-06 10:54:03,2018-06-06 11:13:55,2018-06-08 16:55:00,2018-06-19 19:21:49,2018-07-24,42.9,19.32,1,1,62.22,2,1,5.0,1.0,ef81e58722f3eda0bc104a8131df4309,99460,colorado,RS,13.35261574074074,47.54579861111111,0,62.22
5b8e4e84a2e2822c4a1e704ef4b20f92,b955b2fb6c219be7ae9be4de79f310fc,delivered,2018-06-06 10:57:16,2018-06-06 20:34:24,2018-06-07 09:03:00,2018-06-11 15:03:10,2018-07-13,189.0,13.76,1,1,202.76,2,1,5.0,1.0,fd3ef8bab40591fb39bf4dfee5fc75bf,18550,boituva,SP,5.170763888888889,36.543564814814815,0,202.76
a512634a0377a863c1f77f2ad31506e0,1394555afd47c35cbefca738972e3d6e,delivered,2018-06-06 10:57:24,2018-06-06 11:13:54,2018-06-06 11:25:00,2018-06-19 18:03:19,2018-07-16,66.99,22.97,1,1,89.96,3,1,5.0,1.0,f2ee0221f86c32532028f6be7f94f07b,71705,brasilia,DF,13.295775462962963,39.54347222222222,0,89.96
0626a1c665314a1d0bf29ab063d5af74,9c5147ae1632464089388bb16252ffd7,delivered,2018-06-06 10:58:21,2018-06-07 11:15:51,2018-06-08 14:25:00,2018-06-13 21:26:19,2018-07-12,29.99,12.79,1,1,42.78,4,1,4.0,1.0,6f0bde330b4cfd106b6c77c053f8a238,15470,palestina,SP,7.436087962962963,35.5428125,0,42.78
581e402f36b377643fce426a28dc17e4,f23c0ad2b07943504e24a69c73952116,delivered,2018-06-06 10:58:44,2018-06-06 11:13:56,2018-06-07 13:17:00,2018-06-23 12:51:34,2018-07-25,125.0,23.45,1,1,148.45,1,1,5.0,1.0,725ce5c48c5231bd7f08e88c8b4fc8b0,74890,goiania,GO,17.07835648148148,48.542546296296294,0,148.45
e70b63c3816d07ca01fe09b627e7d85c,0b9e99e458210e5c7417a8bd7166ad48,delivered,2018-06-06 11:01:55,2018-06-07 11:15:45,2018-06-07 15:56:00,2018-06-25 19:04:25,2018-07-23,364.0,31.58,1,1,395.58,3,1,5.0,1.0,82bdf2f11f9a5bf5af0801a168fe5c4d,49010,aracaju,SE,19.335069444444443,46.54033564814815,0,395.58
84295d74f40adb034c954659df22fded,7c2df1f7ce2d2e1cac99169abaca6b31,delivered,2018-06-06 11:10:35,2018-06-06 11:33:29,2018-06-06 12:34:00,2018-06-25 17:05:39,2018-07-24,58.99,19.1,1,1,78.09,1,1,5.0,1.0,504851f5d7c2a932a7b22a7632cd6e01,67130,ananindeua,PA,19.246574074074076,47.53431712962963,0,78.09
f3fe458f9ea7468f40f3c535818a7e80,2144470706b2b4591e48b8ffffbb9282,delivered,2018-06-06 11:11:40,2018-06-07 11:37:00,2018-06-08 09:53:00,2018-06-12 10:32:34,2018-07-13,103.9,18.31,1,1,122.21,10,1,5.0,1.0,7560103da12e3588b3af6fb56ce9dcee,82025,curitiba,PR,5.972847222222223,36.53356481481482,0,122.21000000000001
c41d48eaf09ea5de1864866821efe3c1,0ada8a74b033323d122247743366e898,delivered,2018-06-06 11:14:45,2018-06-06 11:54:18,2018-06-06 14:21:00,2018-06-20 01:08:50,2018-07-24,159.0,43.17,1,1,202.17,3,1,5.0,1.0,701635fe6869cd63932e89043b1f192a,55385,lajedo,PE,13.579224537037037,47.53142361111111,0,202.17000000000002
605b6e2919387ca3cd0480e7d420320f,406077e82ba68e2146f90962425d7cd6,delivered,2018-06-06 11:18:32,2018-06-06 11:54:31,2018-06-06 13:06:00,2018-06-11 16:12:30,2018-07-13,29.9,15.23,1,1,45.13,4,1,5.0,1.0,260f3bae3d84019a16a88fe615d6e387,70337,brasilia,DF,5.204143518518518,36.5287962962963,0,45.129999999999995
3dbe9476def7eceba5ab2cab07ac948e,c5099702bb49534329077b382d0fb949,delivered,2018-06-06 11:18:56,2018-06-06 11:54:34,2018-06-07 14:58:00,2018-06-08 20:58:27,2018-07-03,39.99,7.71,1,1,47.7,1,1,5.0,1.0,0e453f5e726db1144cfd9e03b36322f4,3318,sao paulo,SP,2.4024421296296294,26.528518518518517,0,47.7
1a77469cc9045a2ec0ddcb6c608e80c7,a32bc3f28044954fa7641a2706dfab31,delivered,2018-06-06 11:21:31,2018-06-07 02:55:19,2018-06-08 13:36:00,2018-06-18 14:52:46,2018-07-12,3.99,12.79,1,1,16.78,1,1,3.0,1.0,6890f1ea9511e4b1bb6dbe85533ddfc1,17607,tupa,SP,12.14670138888889,35.52672453703704,0,16.78
dd254408dc9d63326b2028c5ffe9e23b,5a84017062b9a09b8e834003c96566e0,delivered,2018-06-06 11:26:30,2018-06-08 03:13:36,2018-06-14 14:44:00,2018-06-19 18:47:18,2018-07-03,22.9,13.34,1,1,36.24,1,1,3.0,1.0,f51c5193cf4a17c47d528e0746ded0fc,28890,rio das ostras,RJ,13.306111111111111,26.523263888888888,0,36.239999999999995
6d0e0305d6f6df15685493270ac1d986,94dad91b40a7449b2f3a4df8f1d4554e,delivered,2018-06-06 11:27:30,2018-06-06 11:35:25,2018-06-11 13:03:00,2018-06-22 12:08:41,2018-07-24,21.2,19.04,1,1,40.24,1,2,5.0,1.0,bf3d3785a929773468075c3038dade8b,66060,belem,PA,16.02859953703704,47.52256944444444,0,40.239999999999995
6c1254286aa56d3190235f7319a47136,dd925b2d7036191dddf80b8d2ad36162,delivered,2018-06-06 11:29:57,2018-06-06 11:55:19,2018-06-14 16:29:00,2018-06-15 21:56:59,2018-07-03,150.0,17.86,1,1,167.86,3,1,5.0,1.0,6cc5f19513662ec401e8ebbbe399ed06,13400,piracicaba,SP,9.435439814814815,26.520868055555557,0,167.86
9edf857fb745380a09bf319e39843439,35330178f28d53aba7a23ed90dc92566,delivered,2018-06-06 11:32:21,2018-06-06 11:55:09,2018-06-07 07:52:00,2018-06-15 19:41:58,2018-07-17,60.0,20.15,1,1,80.15,1,1,1.0,1.0,393097dcd194a2157bebb015f2124fc6,40080,salvador,BA,9.340011574074074,40.51920138888889,0,80.15
772c351a74ac46cb09d3733ed52c8058,d792fcbef4db8b7df7eaeca5f352f006,delivered,2018-06-06 11:33:41,2018-06-06 11:55:25,2018-06-07 15:15:00,2018-06-20 14:33:18,2018-07-16,99.8,52.86,2,1,152.66,7,1,3.0,1.0,2c8deaba3199ccc6384f36ad09dd82d5,29153,cariacica,ES,14.124733796296296,39.51827546296296,0,152.66
cfec583bec70f00c3a46676a88937f22,6a2fc863c33f70f985dc83ad2233acc9,delivered,2018-06-06 11:36:48,2018-06-08 02:56:05,2018-06-21 14:21:00,2018-06-25 23:32:02,2018-07-20,109.9,26.85,1,1,136.75,1,1,2.0,1.0,83b202cf2259eaf8c5d738db40ea217e,13458,santa barbara d'oeste,SP,19.496689814814815,43.51611111111111,0,136.75
523f24867a34e6e564dda4898935e05e,e02ca2aa7caad49e0b4b540e2344d983,delivered,2018-06-06 11:37:49,2018-06-06 11:55:35,2018-06-13 13:47:00,2018-06-18 11:38:36,2018-07-23,110.0,25.66,2,1,135.66,4,1,1.0,1.0,7969c7e82018d97c58da95a51be76390,12230,sao jose dos campos,SP,12.000543981481481,46.515405092592594,0,135.66
e1bd2228c92c296ee03ec76b523fc5e1,e903a9269d45d790749851d32f9f6f62,delivered,2018-06-06 11:43:15,2018-06-06 11:55:39,2018-06-06 15:39:00,2018-06-13 19:11:55,2018-07-20,149.9,18.93,1,1,168.83,6,1,4.0,1.0,c5b519c46ebbdf7c11dd471fe6c7bc7e,90020,porto alegre,RS,7.311574074074074,43.511631944444446,0,168.83
1ac4ac576a3e3ef61ffbb64937ed1f62,3c452be4bf253c6f9a9a04e35f09b220,delivered,2018-06-06 11:44:08,2018-06-06 14:03:53,2018-06-07 14:09:00,2018-06-18 16:12:54,2018-07-04,64.99,29.48,1,1,94.47,1,1,4.0,1.0,728a151b4593fb7ae0787158df28752a,2462,sao paulo,SP,12.186643518518519,27.51101851851852,0,94.47
bcbc83ec3dc71750aff96a593b9e280f,5b2b1bdafea16367486b3310068895fd,delivered,2018-06-06 11:47:08,2018-06-06 11:55:36,2018-06-08 13:41:00,2018-06-19 19:12:31,2018-07-20,82.0,62.54,2,1,144.54,5,1,5.0,1.0,acea13a79aeaf715ba68122e9deb330a,90870,porto alegre,RS,13.309293981481481,43.50893518518519,0,144.54
7b1ac4e60f6fa1bcc21cbd258f6ea1bd,828ad019f5604b99cdc428b0cb245e11,delivered,2018-06-06 11:53:02,2018-06-06 12:12:53,2018-06-08 14:02:00,2018-06-14 16:58:43,2018-07-12,107.5,13.19,1,1,120.69,6,1,5.0,1.0,f17c0ac16cb1d1f78369586fbcb1345c,5143,sao paulo,SP,8.212280092592593,35.50483796296297,0,120.69
f9d0e3b4c20495f400a845fa3aab20c2,a4edae4af0161e30468c898771c742af,delivered,2018-06-06 11:53:12,2018-06-06 12:12:59,2018-06-08 13:22:00,2018-06-14 21:36:44,2018-07-03,49.9,12.79,1,1,62.69,6,1,5.0,1.0,a4565992c7592020c4fadfd19da372c7,13495,iracemapolis,SP,8.405231481481481,26.504722222222224,0,62.69
6f61cfff949f6d2569a44327aaaca639,e59983737bb48a0d4ecc5a37fd27d78a,delivered,2018-06-06 11:54:16,2018-06-08 02:56:03,2018-06-15 14:58:00,2018-06-20 02:20:36,2018-07-20,105.0,9.27,1,1,114.27,1,1,3.0,1.0,d517f5ac7bbb9aa15cf098a92c41c001,22770,rio de janeiro,RJ,13.60162037037037,43.50398148148148,0,114.27
cf5e115a19c54f0457aa4c00fb88ae63,8ef1ad0f471589d02f59c9d914b030e1,delivered,2018-06-06 11:59:53,2018-06-06 12:12:56,2018-06-06 17:28:00,2018-06-12 17:08:10,2018-07-13,220.98,24.13,1,1,245.11,10,1,5.0,1.0,295c05e81917928d76245e842748184d,5704,sao paulo,SP,6.214085648148148,36.50008101851852,0,245.10999999999999
3c53e9578b571a4df6397b338ae76ae2,e326c9d1b7d81a887e93483918119f9d,delivered,2018-06-06 12:17:06,2018-06-06 19:54:41,2018-06-08 14:36:00,2018-06-12 22:48:50,2018-07-03,27.99,7.39,1,1,35.38,1,1,5.0,1.0,d31663850a82ae2efaa59ee2b2ff1764,4719,sao paulo,SP,6.438703703703704,26.488125,0,35.379999999999995
563374a910b848445e9d0d50a0d65bc7,13d270a62ccf028c0adf913af6be714f,delivered,2018-06-06 12:17:10,2018-06-06 12:32:33,2018-06-07 11:57:00,2018-06-27 13:21:33,2018-07-16,26.9,18.23,1,1,45.13,1,1,1.0,1.0,e0c1b1f41aff706e03cd77b39835ec2e,30140,belo horizonte,MG,21.044710648148147,39.48807870370371,0,45.129999999999995
18b284ddc56750a4971cbf512bab59f3,9a7bd0c9b1b573eb0137f2dbc6788544,delivered,2018-06-06 12:18:34,2018-06-06 12:35:11,2018-06-12 14:15:00,2018-06-24 04:09:38,2018-07-17,441.0,43.85,1,1,484.85,2,1,4.0,1.0,0900959c43b78d56c7996f7d05861033,35588,arcos,MG,17.660462962962963,40.48710648148148,0,484.85
aa67be2025a314e506fb322c51d01d65,384fbbcdcf45c174ca6407d4ade90112,delivered,2018-06-06 12:22:24,2018-06-06 12:32:35,2018-06-08 13:21:00,2018-06-18 19:52:46,2018-07-18,105.0,24.86,1,1,129.86,1,2,5.0,1.0,b4807b349d0aed8a80e0aaf8a4b0c3a2,60170,fortaleza,CE,12.31275462962963,41.48444444444444,0,129.86
b54fa43051fefab27d1f06b71938062c,26d83ef24dcb5f6327739302b80139ee,delivered,2018-06-06 12:33:03,2018-06-06 12:53:16,2018-06-06 14:04:00,2018-06-12 14:42:29,2018-07-12,195.0,16.25,1,1,211.25,10,1,4.0,1.0,693e69e38b0f16016c415e85ae4565ee,8240,sao paulo,SP,6.089884259259259,35.47704861111111,0,211.25
0ae4456639dd07164db5f2433c8f55e4,c991372fe4a2b75d9c43c318062c1f97,delivered,2018-06-06 12:44:20,2018-06-06 12:55:34,2018-06-07 14:01:00,2018-06-08 16:40:58,2018-07-03,95.6,29.56,4,1,125.16,2,1,1.0,1.0,1387a0c12934ae05c968ec7313927811,3101,sao paulo,SP,2.1643287037037036,26.469212962962963,0,125.16
a9495ad773a18a329a4f9e514f5c1c9f,a5b871d84fbfb35508252ecd5cf62046,delivered,2018-06-06 12:47:39,2018-06-07 02:55:14,2018-06-07 14:29:00,2018-06-14 21:12:30,2018-07-20,18.9,22.06,1,1,40.96,1,1,5.0,1.0,9ef0c12fa87fd32e3dce56c5892f0964,28051,campos dos goytacazes,RJ,8.350590277777778,43.46690972222222,0,40.959999999999994
841f22552ef7bc21e205df35283025c4,616ee49a34c54a09dd48d105944aa843,delivered,2018-06-06 12:49:27,2018-06-07 12:58:09,2018-06-15 13:57:00,2018-06-26 18:28:33,2018-07-23,129.9,43.84,1,1,173.74,2,1,4.0,1.0,c4ce884d80af81a83b7646e4d39d8085,38412,uberlandia,MG,20.23548611111111,46.46565972222222,0,173.74
21abec9862e40dd6706f0eaecb193f4b,4d5a7808f06b45c09cb4ad809763ea27,delivered,2018-06-06 12:54:20,2018-06-06 18:12:19,2018-06-07 12:02:00,2018-06-21 18:18:30,2018-07-19,89.99,50.7,1,1,140.69,1,2,4.0,1.0,719ee3ac50d61a9b7bcbff1e01f79573,87300,campo mourao,PR,15.22511574074074,42.46226851851852,0,140.69
5f6d7bc44eb2d1588b7cb6ac202d63a0,e759db1bd97e2c1f97c134b192acc0ba,delivered,2018-06-06 12:55:20,2018-06-06 13:13:21,2018-06-08 14:17:00,2018-06-11 10:28:33,2018-07-04,96.0,17.76,2,1,113.76,2,1,3.0,1.0,9e68d26d315d60419f3867d508294a99,13212,jundiai,SP,4.89806712962963,27.461574074074075,0,113.76
9198b4e581a0d75d41d959e9a161d1fb,326d6411a0ea9bf9fa58b6f386a7ac98,delivered,2018-06-06 13:01:42,2018-06-06 13:15:17,2018-06-08 14:57:00,2018-06-19 12:26:24,2018-07-12,59.9,18.3,1,1,78.2,1,1,5.0,1.0,9b8b8f0d3bd14cf732659dc979c3632a,85816,cascavel,PR,12.975486111111111,35.45715277777778,0,78.2
4d81658706fc67d54b7160d156555cc1,673111533756b7bb9f2271d6cfcedf32,delivered,2018-06-06 13:04:40,2018-06-06 13:32:43,2018-06-07 14:18:00,2018-06-19 19:41:48,2018-07-20,42.0,22.06,1,1,64.06,2,2,5.0,1.0,28d2f55b52fd1e71cfd7a5896ec83e7f,35540,oliveira,MG,13.275787037037038,43.45509259259259,0,64.06
b5354d8d292a97bc23838762d5c4bcc6,52aaa28398bf43dfbfc64dc09278f13d,delivered,2018-06-06 13:05:39,2018-06-06 13:15:17,2018-06-07 09:04:00,2018-06-13 23:38:50,2018-07-26,145.0,15.89,1,1,160.89,2,1,5.0,1.0,28aea3e12549a3611bbd8d4e3310e4fa,22070,rio de janeiro,RJ,7.439710648148148,49.45440972222222,0,160.89
f5d26ce3ea53961345d0c99784d26c68,04638865a9aa6944aecf3b6c2170ab7b,delivered,2018-06-06 13:16:04,2018-06-07 03:12:24,2018-06-08 13:49:00,2018-06-18 20:54:50,2018-07-18,59.9,14.5,1,1,74.4,1,1,4.0,1.0,21961423c7fac82e915808217daab06f,3191,sao paulo,SP,12.318587962962964,41.447175925925926,0,74.4
eb8f06a1cad454e1dd8dbb24de86a779,bab922f5ad51ce37bf37a4830268b5e7,delivered,2018-06-06 13:17:17,2018-06-06 13:32:59,2018-06-07 12:42:00,2018-06-08 19:28:48,2018-07-03,57.99,7.39,1,1,65.38,3,1,5.0,1.0,6fe09f77ec8e29ed4e619c6841f6479b,4304,sao paulo,SP,2.257997685185185,26.446331018518517,0,65.38
91b166cd6dd1eeedaae97f48691bf706,f034ceb6936919a215962d7a61080943,delivered,2018-06-06 13:21:07,2018-06-06 13:32:56,2018-06-07 07:39:00,2018-06-15 14:34:52,2018-07-13,849.0,23.52,1,1,872.52,1,1,5.0,1.0,be3eeb2557031c7485ca39f1fe57aba7,24230,niteroi,RJ,9.051215277777779,36.44366898148148,0,872.52
8d877170b83d13fb1a69834a815d0974,fde2046a30e872623e820431b3ec04a6,delivered,2018-06-06 13:23:43,2018-06-06 13:35:10,2018-06-14 14:24:00,2018-06-22 00:32:47,2018-07-19,8.99,19.04,1,1,28.03,1,1,1.0,1.0,9a418bbb6aa5db28d91f0e306cac5311,60850,fortaleza,CE,15.464629629629629,42.44186342592592,0,28.03
486970ef07e7ed3cce9ac167bc49e245,4deff69c14a8ec4b5489328936af4214,delivered,2018-06-06 13:24:00,2018-06-06 13:35:11,2018-06-06 14:49:00,2018-06-25 18:12:00,2018-07-17,27.9,18.23,1,1,46.13,1,1,5.0,1.0,37a8368e257edcccfe97f0edc7c72a96,29163,serra,ES,19.2,40.44166666666667,0,46.129999999999995
96a0411828c1774771b1c912e8dd813c,e328b8959b9167b1106d4108c3ef0b92,delivered,2018-06-06 13:24:51,2018-06-06 13:35:21,2018-06-07 14:10:00,2018-06-12 00:42:50,2018-07-03,85.9,7.47,1,1,93.37,4,1,4.0,1.0,53d3c9f63aa40c35e6aa6d28ad46f9c4,8180,sao paulo,SP,5.470821759259259,26.441076388888888,0,93.37
3f0cb8f5398fd5dc8e3b02e308391a63,f1033bafb0691b4ad24836f8f058ec64,delivered,2018-06-06 13:29:57,2018-06-06 13:53:36,2018-06-07 14:25:00,2018-06-12 01:34:50,2018-07-13,88.99,18.2,1,1,107.19,10,1,5.0,1.0,997154911f9f4d3fbeeb5a41934a0c60,80320,curitiba,PR,5.503391203703703,36.437534722222225,0,107.19
3988b16758968e3d0683b0917f9e76bf,a1f9dbba4cebcf4576f450ada698c8fd,delivered,2018-06-06 13:36:53,2018-06-06 13:53:56,2018-06-06 18:23:00,2018-06-11 16:08:40,2018-07-03,29.89,7.39,1,1,37.28,3,1,1.0,1.0,7f131a64624253c6f621f39e49b7baae,13054,campinas,SP,5.1054050925925925,26.432719907407407,0,37.28
561cdd2accb4b96049e2f85972d8bffe,6ed3ba51865085a8de8bb730cefc8a32,delivered,2018-06-06 13:36:53,2018-06-06 13:53:52,2018-06-07 13:49:00,2018-06-25 19:29:45,2018-07-20,790.0,80.11,1,1,870.11,6,1,5.0,1.0,2e5a6bbafe6b67eb00feca4e33001c27,48608,paulo afonso,BA,19.245046296296298,43.43271990740741,0,870.11
e98405be83624163fbaadf39f502cfb1,cb047fed186785a0792371ff0b2aff8d,delivered,2018-06-06 13:42:03,2018-06-07 13:57:33,2018-06-08 11:33:00,2018-06-19 09:53:30,2018-07-13,265.0,41.24,1,1,306.24,4,1,5.0,1.0,ad3746717b7b8e9d0fba89de1c6d20c9,24723,sao goncalo,RJ,12.841284722222222,36.42913194444444,0,306.24
0e8af1a05e9022734d9794c079ebdcf5,fb203e8695c629379d79a400387c8a42,delivered,2018-06-06 13:45:27,2018-06-08 02:56:27,2018-06-12 12:00:00,2018-06-20 04:05:44,2018-07-17,22.5,39.32,1,1,61.82,1,1,5.0,1.0,fae4abdb055865be8918a992ba39a638,38170,perdizes,MG,13.597418981481482,40.426770833333336,0,61.82
95fa26b6ea476ed040e592e0a825d6f0,9aad6db5643769b3d802a87328ec31e2,delivered,2018-06-06 13:48:42,2018-06-06 14:13:02,2018-06-06 14:02:00,2018-06-11 16:55:40,2018-07-12,149.65,14.04,1,1,163.69,5,1,5.0,1.0,463d8425827e81d905edf86f9c231eef,28909,cabo frio,RJ,5.129837962962963,35.42451388888889,0,163.69
f55ebd23aed37969b6b05ae64bb1f034,f5d89a35cb6ce8c1e7ec7ac20c45f9bd,delivered,2018-06-06 13:51:26,2018-06-06 14:35:08,2018-06-07 14:17:00,2018-06-13 17:41:42,2018-07-16,69.9,18.37,1,1,88.27,1,1,5.0,1.0,fad4e75a3262e68a4aa82516bf68505f,13050,campinas,SP,7.159907407407408,39.42261574074074,0,88.27000000000001
862a507705acaf4976559515b7b78908,472ad69ebb2c32d6b26fc7eccc809e5a,delivered,2018-06-06 13:59:08,2018-06-06 14:34:36,2018-06-08 14:26:00,2018-06-11 18:52:36,2018-07-03,29.49,9.44,1,1,38.93,1,1,5.0,1.0,26575001e4b29d4809de4dba144f3eed,4119,sao paulo,SP,5.2037962962962965,26.41726851851852,0,38.93
52dad0f7bc913b9f6bee5df584adeffb,c4b8258f6561d47376f6b321e3e326e6,delivered,2018-06-06 14:01:53,2018-06-07 13:57:46,2018-06-07 12:41:00,2018-06-12 16:27:00,2018-07-17,49.98,36.46,2,1,86.44,3,1,1.0,1.0,339226381a666aaee8cda05d4ba45312,88802,criciuma,SC,6.100775462962963,40.415358796296296,0,86.44
d15a4add9a1af2006ad10d70d9a4b634,74d81e243faed576ff50c5428e8cdbaf,delivered,2018-06-06 14:05:09,2018-06-08 02:56:02,2018-06-08 14:09:00,2018-06-19 14:58:33,2018-07-19,79.9,26.57,1,1,106.47,1,1,3.0,1.0,e945473e0e9f676a785ef0315d613c57,7600,mairipora,SP,13.037083333333333,42.413090277777776,0,106.47
c6624907a0776d1385446872873d5fcf,77b0eb29cae47c657b29c3d0dcb84086,delivered,2018-06-06 14:09:03,2018-06-08 02:56:11,2018-06-12 06:47:00,2018-06-18 18:11:42,2018-07-16,79.9,19.53,1,1,99.43,1,1,5.0,1.0,fe39fd773fcf15a283271fe35f9f8ea9,38410,uberlandia,MG,12.168506944444445,39.410381944444445,0,99.43
b469d27d92d32ac0ddb615a295f2e9c4,c941ef68ec553525cb764b07bfd3d650,delivered,2018-06-06 14:14:13,2018-06-06 14:35:36,2018-06-06 14:37:00,2018-06-07 23:12:20,2018-07-03,48.9,9.44,1,1,58.34,1,1,4.0,1.0,99e17a94840d9a36f5964d3650e59ff1,13471,americana,SP,1.3736921296296296,26.40679398148148,0,58.339999999999996
8ea30b70e3e6d110ab6eaec18f0a7269,6f347af44c9fdc0cc5aecbb4bba87bc4,delivered,2018-06-06 14:17:44,2018-06-06 14:35:26,2018-06-06 15:18:00,2018-06-18 14:13:02,2018-07-13,65.8,36.46,2,1,102.26,10,1,5.0,1.0,f78ec54f456f5ee365f29691c14c6ea4,96180,camaqua,RS,11.996736111111112,36.40435185185185,0,102.25999999999999
53d2ed65a0e7a0761bd6000d5dada878,40d09f4385972836121ca581b33f89d5,delivered,2018-06-06 14:19:52,2018-06-06 14:35:36,2018-06-08 14:23:00,2018-06-25 14:51:36,2018-07-17,52.9,22.95,1,1,75.85,6,1,5.0,1.0,f5d32f2ee3d4caec1870de481c276bd8,74620,goiania,GO,19.022037037037038,40.40287037037037,0,75.85
d86359a45e3f6c6d8b35f7b13e41abf5,a1acf95041edd043087a040e89449636,delivered,2018-06-06 14:21:47,2018-06-06 14:35:26,2018-06-08 13:20:00,2018-06-15 14:28:27,2018-07-12,105.0,19.7,1,1,124.7,1,1,5.0,1.0,191525912e1a31a97bf8b481ce852f75,11712,praia grande,SP,9.00462962962963,35.40153935185185,0,124.7
08c72944eaad657c973c51fba479d655,d037da3652b6055f3334ce9e9bdaad01,delivered,2018-06-06 14:22:34,2018-06-07 02:35:21,2018-06-08 13:49:00,2018-06-19 21:04:06,2018-07-18,59.9,14.5,1,1,74.4,1,1,5.0,1.0,fb4066be70ca3889392cd6d718fc5078,11020,santos,SP,13.278842592592593,41.40099537037037,0,74.4
478627b306121470f39a3097aabbbc70,25e66da169d835ba6a1014436714cfeb,delivered,2018-06-06 14:23:26,2018-06-08 03:13:35,2018-06-08 13:10:00,2018-06-21 14:12:26,2018-07-18,9.9,18.23,1,1,28.13,1,1,5.0,1.0,dc382c8f2a29c0cf3176441904aa7cf9,79900,ponta pora,MS,14.99236111111111,41.40039351851852,0,28.130000000000003
ffcb98e21b0bf085baf42b16a67732ef,d5b03af823742e307896a30d43e41340,delivered,2018-06-06 14:25:51,2018-06-06 14:53:16,2018-06-06 19:02:00,2018-06-12 17:03:31,2018-07-03,91.8,7.51,1,1,99.31,2,1,5.0,1.0,71f00016b4141f7b1e313029cc7d887a,11700,praia grande,SP,6.109490740740741,26.39871527777778,0,99.31
abf6c7f874686f41f606c83a8e8d2a9f,ef1da686c3cbeb7aad736391842d0446,delivered,2018-06-06 14:26:36,2018-06-08 02:56:28,2018-06-08 14:26:00,2018-06-11 15:14:38,2018-07-03,11.0,7.87,1,1,18.87,1,1,4.0,1.0,12270c749995eb62a6320c411f4baa3c,2998,sao paulo,SP,5.033356481481482,26.398194444444446,0,18.87
8108ed1f76e87d696efd3b2f3729a370,2bb15bcc78ca350ae704bd3ba6bb5b2f,delivered,2018-06-06 14:36:07,2018-06-06 14:53:43,2018-06-08 13:28:00,2018-06-15 18:18:43,2018-07-17,29.9,18.23,1,1,48.13,1,1,5.0,1.0,da22295df05d9144c3068c7685cf6c52,38480,tupaciguara,MG,9.154583333333333,40.39158564814815,0,48.129999999999995
f12e512d4a25a3aef0acba13d8860fd1,7c721f8ee69460435bb2e8b6c0d63995,delivered,2018-06-06 14:45:21,2018-06-06 14:55:32,2018-06-11 06:47:00,2018-06-15 18:33:44,2018-07-20,149.9,21.1,1,1,171.0,2,1,5.0,1.0,961efa774ea7c0d0a4514295647e78d5,31975,belo horizonte,MG,9.158599537037038,43.385173611111114,0,171.0
427bdcc4eb03caf53fde12f57a84d443,0f5cb52a437e2f6062863423966ccb54,delivered,2018-06-06 14:47:29,2018-06-06 15:12:55,2018-06-07 13:29:00,2018-06-13 18:45:38,2018-07-12,103.5,41.13,3,1,144.63,2,1,2.0,1.0,df7491b778a4f160e6d0441eaeb59856,17020,bauru,SP,7.165381944444444,35.38369212962963,0,144.63
38776c227318fc6906defc2d197cb17a,ae22e15aa05dbb05e754b9cd2c4846ac,delivered,2018-06-06 14:49:21,2018-06-06 15:13:01,2018-06-08 09:29:00,2018-06-11 20:52:31,2018-07-03,14.95,8.29,1,1,23.24,1,1,5.0,1.0,b2cd70357cb75d39afecd27847a5d384,2650,sao paulo,SP,5.252199074074074,26.382395833333334,0,23.24
ac3af18d419f856bb7346664d8bc6438,18d9916b9d0b1ae261abccaa6d2c4741,delivered,2018-06-06 14:49:38,2018-06-06 15:12:51,2018-06-07 11:45:00,2018-06-09 01:22:48,2018-07-03,33.9,7.39,1,1,41.29,1,1,5.0,1.0,90e7187871a4e357daa425dc50d9b79b,7172,guarulhos,SP,2.439699074074074,26.382199074074073,0,41.29
d5b8231ec694904371f3efcd3450ee94,a48d0f3e23fe165709856a06c9fe1d5f,delivered,2018-06-06 14:58:22,2018-06-06 15:13:46,2018-06-06 14:34:00,2018-06-14 01:38:35,2018-07-17,185.0,31.94,1,1,216.94,3,1,4.0,1.0,bcc11dae733cd4fc4fc23f5b9e929e96,86050,londrina,PR,7.444594907407407,40.37613425925926,0,216.94
022e89c60857b5c81788e7e09d04b3ef,5f903b2d6b866fe2698c86e8dd4628c1,delivered,2018-06-06 14:59:11,2018-06-08 03:13:19,2018-06-08 15:44:00,2018-06-14 20:33:09,2018-07-12,29.9,13.71,1,1,43.61,1,1,3.0,1.0,4a2d9ad51edec61456cdcce3daefaeda,12630,cachoeira paulista,SP,8.231921296296296,35.37556712962963,0,43.61
bbad5d13167b7fc87a31a92251a6de88,7dcf029782f48ba5e8dfb75ff27608d3,delivered,2018-06-06 14:59:42,2018-06-06 16:14:30,2018-06-07 09:39:00,2018-06-14 18:48:43,2018-07-12,139.9,20.32,1,1,160.22,10,1,5.0,1.0,468d87a275b76f4cb3bd101fa4c9e2a1,18706,avare,SP,8.159039351851852,35.37520833333333,0,160.22
ff0f02f5164fbb037a3baf913ba85e18,fa0ecef3840b4b9755dc5d656088d680,delivered,2018-06-06 15:06:35,2018-06-06 15:34:06,2018-06-07 16:14:00,2018-06-13 19:02:56,2018-07-13,25.68,22.93,1,1,48.61,1,1,5.0,1.0,508ddaba45fe7b249c75956added1b79,4511,sao paulo,SP,7.164131944444445,36.37042824074074,0,48.61
93c37018f6965594a445636285767c52,e5ab8e98638fb9fff7458efce3a61325,delivered,2018-06-06 15:07:13,2018-06-07 03:12:29,2018-06-07 20:07:00,2018-06-08 23:05:53,2018-07-12,88.9,14.7,1,1,103.6,1,1,5.0,1.0,10d98dff41dc59bab14467dd908f904c,37505,itajuba,MG,2.3324074074074073,35.369988425925925,0,103.60000000000001
92ba7c89244ceee45a169b86da9fcada,92ac000d2f928f22b64ae50dc34f652f,delivered,2018-06-06 15:11:03,2018-06-06 15:34:15,2018-06-07 11:19:00,2018-06-11 20:33:22,2018-07-12,79.9,16.53,1,1,96.43,1,1,5.0,1.0,c3e5206cdb1a0a23a38c01fe7ba95da6,30130,belo horizonte,MG,5.223831018518519,35.36732638888889,0,96.43
61edec4c7086a5383dc4f5e6fca69e9b,395ce4e9b5ad9165113d5321fcb7a864,delivered,2018-06-06 15:11:41,2018-06-06 15:34:23,2018-06-07 12:20:00,2018-06-11 22:11:14,2018-07-12,249.8,35.56,2,1,285.36,4,1,3.0,1.0,c2bf78abcec9afb44b59c7e2f2918cab,14940,ibitinga,SP,5.291354166666666,35.36688657407407,0,285.36
77e18878827762954f8e0697901368de,974eb9367ca53bf145e7cb9b9a58171c,delivered,2018-06-06 15:15:53,2018-06-06 15:34:30,2018-06-08 13:45:00,2018-06-11 17:41:58,2018-07-03,36.5,12.43,1,1,48.93,1,1,5.0,1.0,03918c171b9f3f81c1a0799589d63b78,1416,sao paulo,SP,5.101446759259259,26.36396990740741,0,48.93
b42f5cf7cbdab3df43164a7809d69ced,4ae477e15a54cbcecd6f66edafef1cd4,delivered,2018-06-06 15:17:39,2018-06-06 15:34:23,2018-06-07 13:54:00,2018-06-16 14:44:41,2018-07-12,155.96,54.84,4,1,210.8,1,1,1.0,1.0,721d3d94afffd9ef57b7b06fcbcbdeae,11075,santos,SP,9.977106481481481,35.362743055555555,0,210.8
6cfff87e38aec01ac371bafe086e3f56,74b865cc72a895105db6ca881627a6d2,delivered,2018-06-06 15:23:34,2018-06-07 07:55:13,2018-06-07 12:05:00,2018-06-18 13:22:30,2018-07-19,67.8,22.97,1,1,90.77,1,1,5.0,1.0,b805ebd38ec0a396cd53d89b6e88a43d,31710,belo horizonte,MG,11.915925925925926,42.35863425925926,0,90.77
dc7ddd4a05f0c561ece12f352cc4cf33,a6ed13afb1aff49a04b5de487a7c6c59,delivered,2018-06-06 15:26:45,2018-06-06 15:35:27,2018-06-08 11:21:00,2018-06-11 16:00:09,2018-07-03,19.95,8.29,1,1,28.24,1,1,5.0,1.0,968230e15ce49e5535d2bb2f9e00f116,9820,sao bernardo do campo,SP,5.023194444444444,26.35642361111111,0,28.24
56fcb6d24acb1b94dd4492f663187b69,010f3c6e21051748f72f762b9a7cb85d,delivered,2018-06-06 15:31:19,2018-06-06 15:54:16,2018-06-08 03:41:00,2018-06-19 21:03:12,2018-07-17,79.9,18.44,1,1,98.34,1,1,5.0,2.0,52d40ed525892e7b31fc34aa750419c9,7054,guarulhos,SP,13.230474537037036,40.35325231481482,0,98.34
e90e7c747cb478cb9b973c929c0994e5,fb8ce23b2809c1804941ae306cba5ae4,delivered,2018-06-06 15:31:19,2018-06-06 15:54:21,2018-06-08 03:41:00,2018-06-19 22:06:38,2018-07-17,79.9,18.44,1,1,98.34,1,1,5.0,1.0,52d40ed525892e7b31fc34aa750419c9,7054,guarulhos,SP,13.274525462962963,40.35325231481482,0,98.34
075867c84468363ed47de8b38d904253,0c8d2c8d7de4b3bbb87eb8475d964252,delivered,2018-06-06 15:33:06,2018-06-06 15:54:10,2018-06-11 19:38:00,2018-06-18 17:36:48,2018-07-03,379.8,58.72,2,1,438.52,3,1,3.0,1.0,c327e8d925f99e98ce94b739d78fe36c,8475,sao paulo,SP,12.085902777777777,26.352013888888887,0,438.52
efba1a196f39b8f3451fa4a5804928e0,e808c788e5fa15411cddba5d33f753eb,delivered,2018-06-06 15:35:22,2018-06-07 13:38:40,2018-06-14 14:58:00,2018-06-21 13:53:47,2018-07-18,79.9,19.53,1,1,99.43,1,1,5.0,1.0,3809fff4c1eb1bf45e452359832d62f3,72867,novo gama,GO,14.929456018518518,41.35043981481481,0,99.43
8a3ec851fda600089ac1c69ca40215c0,ab4d3930d2f105d8591fe814d9c44e2d,delivered,2018-06-06 15:45:33,2018-06-06 16:14:11,2018-06-28 15:18:00,2018-07-03 09:39:00,2018-07-12,43.5,12.79,1,1,56.29,2,1,5.0,1.0,34d586f6ae1a045b64ff7a21493755fc,6785,taboao da serra,SP,26.74545138888889,35.34336805555556,0,56.29
db1f7432d39759d7b2c5b46a2cfaafac,b33dcc7e3646f17181df9dede34e1713,delivered,2018-06-06 15:46:51,2018-06-06 16:33:53,2018-06-07 13:29:00,2018-06-18 21:52:03,2018-07-05,49.9,18.23,1,1,68.13,1,1,4.0,1.0,f24b792fc27f1b3684123de6fef09a97,27916,macae,RJ,12.25361111111111,28.342465277777777,0,68.13
9fb1ba3c276b463ddaf0f78a653cde06,cd1cea5e63d0c517d4b68e569e72e28d,delivered,2018-06-06 15:47:12,2018-06-06 16:14:13,2018-06-08 14:37:00,2018-06-15 12:32:41,2018-07-17,29.98,18.23,1,1,48.21,1,1,5.0,1.0,0d3f9843bdd94c4310555468168ed318,36240,santos dumont,MG,8.864918981481482,40.34222222222222,0,48.21
275d77a4c30d29824ec29e90244c95f4,8eef778d4503babd0c72729b107387f0,delivered,2018-06-06 15:53:12,2018-06-06 16:14:30,2018-06-07 14:54:00,2018-06-11 17:28:25,2018-07-03,27.9,7.87,1,1,35.77,1,1,4.0,1.0,6c0de7ee66f58a94bb8ac257e5c49119,13092,campinas,SP,5.066122685185185,26.338055555555556,0,35.769999999999996
87df9743b232127b4f035bdd0a472850,6f62480457537c781eb271f9054890d1,delivered,2018-06-06 15:54:18,2018-06-06 16:14:32,2018-06-08 15:14:00,2018-06-15 12:59:55,2018-07-20,98.67,23.27,1,1,121.94,6,1,2.0,1.0,e0f506d786d1eebae7716936b4284b54,95690,rolante,RS,8.878900462962964,43.337291666666665,0,121.94
86603549dc4dc577ba20b693ecb5daca,94acbdff64edaeb307c7bcd31bedcde5,delivered,2018-06-06 15:55:22,2018-06-06 16:14:34,2018-06-14 14:36:00,2018-06-25 23:26:25,2018-07-19,69.0,19.45,1,1,88.45,1,1,5.0,1.0,4f5008ed565ae721f73a5affaa2ff339,89670,catanduvas,SC,19.313229166666666,42.33655092592593,0,88.45
73fc770f6cccde5fdd23cc5b127b57bc,e83a13032ee9a7d92efb60045ec1a346,delivered,2018-06-06 16:07:51,2018-06-06 16:34:23,2018-06-07 07:39:00,2018-06-19 19:32:42,2018-07-18,79.9,19.25,1,1,99.15,6,1,4.0,1.0,50a0b564a87b47ec8f1cdc5df01d7f79,78020,cuiaba,MT,13.142256944444444,41.32788194444444,0,99.15
c0a35c459a11bc0953c481dd80ec5fd0,18119136ff272ab6dc871c575f7767b3,delivered,2018-06-06 16:08:17,2018-06-06 16:34:20,2018-06-07 14:09:00,2018-06-18 19:06:39,2018-07-16,59.99,27.48,1,1,87.47,4,1,2.0,1.0,fd7e89f7ec246761c5196c2bbfc64d46,9090,santo andre,SP,12.12386574074074,39.327581018518515,0,87.47
1ff4c20b2df8bf57ff19a6914f21340f,d48ba4f85199917958edc58ebcfc4577,delivered,2018-06-06 16:18:03,2018-06-07 03:12:28,2018-06-08 14:11:00,2018-06-19 17:38:39,2018-07-23,118.8,27.56,1,1,146.36,1,1,5.0,1.0,7b76603d8de22c5b7455ea09245ec50b,78635,agua boa,MT,13.055972222222222,46.32079861111111,0,146.35999999999999
f91dcb4d9c1f886ee0e187dba0de6828,d7e97bb9c2ea415d1b1d1178198048a5,delivered,2018-06-06 16:23:53,2018-06-06 16:55:05,2018-06-07 14:09:00,2018-06-08 19:57:26,2018-07-03,92.0,9.0,1,1,101.0,2,1,5.0,1.0,9f6d078b7cb7a93a1bad6a1f0e9b1298,9732,sao bernardo do campo,SP,2.148298611111111,26.316747685185184,0,101.0
6def446d620c67c66889bf68e0552870,492048738031349eeec08979ca43bbcd,delivered,2018-06-06 16:28:44,2018-06-06 16:55:10,2018-06-07 15:32:00,2018-06-15 23:46:46,2018-07-24,276.0,92.24,4,1,368.24,5,1,1.0,1.0,3c6c168ccb2f42f67e2d392bb04d8a6c,14580,guara,SP,9.304189814814816,47.31337962962963,0,368.24
d9c24e4449ffb647e94f0bf23388e4aa,853e6282670724562250cbb046772e0f,delivered,2018-06-06 16:30:14,2018-06-06 16:55:17,2018-06-07 14:14:00,2018-06-11 17:46:37,2018-07-26,134.99,18.52,1,1,153.51,5,1,4.0,1.0,f304a1127ed2803eae1cc7efdc5c9802,22070,rio de janeiro,RJ,5.053043981481482,49.312337962962964,0,153.51000000000002
8e60a511ac30aacb9ded963801a906af,cb11798c6f6e786afc3afe6a0d34c87c,delivered,2018-06-06 16:30:22,2018-06-06 16:55:21,2018-06-14 14:58:00,2018-06-19 16:18:58,2018-07-17,159.8,38.58,3,1,198.38,3,1,5.0,1.0,9f67aa18a87ea9a76854deeb9385c011,37500,itajuba,MG,12.992083333333333,40.31224537037037,0,198.38
a73fadc2e44ce205de32f57d09235dbe,d4c9253f4a3f34a91e56ad5987c53f3a,delivered,2018-06-06 16:37:14,2018-06-06 16:55:38,2018-06-07 15:10:00,2018-06-14 18:58:46,2018-07-17,43.0,18.23,1,1,61.23,1,1,4.0,1.0,89c1b61ae53e02f1e2f6cc2a62612778,36213,dores de campos,MG,8.098287037037037,40.30747685185185,0,61.230000000000004
f75666bf6c9e09f6b3f4bcd797b57a3c,d1aae36e328d1f069a025fcc997aaf69,delivered,2018-06-06 16:41:39,2018-06-06 16:55:50,2018-06-07 13:11:00,2018-06-15 21:07:09,2018-07-20,44.8,52.48,1,1,97.28,4,1,5.0,1.0,11db7316e450c8fb9babbd97ff229cf0,74160,goiania,GO,9.184375,43.304409722222225,0,97.28
eb95d20e65f92b47748faa2b93841536,c1b8a840b30cd05d10069b83940a4585,delivered,2018-06-06 16:43:37,2018-06-06 16:55:49,2018-06-07 17:01:00,2018-06-14 00:34:49,2018-07-12,95.9,17.58,1,1,113.48,8,1,5.0,1.0,90278a30e6e062baad509799e30ce3e7,18707,avare,SP,7.327222222222222,35.30304398148148,0,113.48
87505fcc62d2679d048529cf9fcb6ca1,1737dfc3d25cf828b2568543193ee5c1,delivered,2018-06-06 16:47:19,2018-06-07 17:00:10,2018-06-08 15:48:00,2018-06-11 13:38:29,2018-07-03,59.98,14.78,2,1,74.76,1,1,2.0,1.0,beaf1bb763a659225cfcb05f38112b97,1230,sao paulo,SP,4.86886574074074,26.300474537037037,0,74.75999999999999
5d9b1cf79cdb606d15a2fe3dda0b38af,464e820e4436c6fd75c0cd77d08c0b54,delivered,2018-06-06 16:52:28,2018-06-06 17:15:15,2018-06-07 13:03:00,2018-06-18 16:11:54,2018-07-19,29.99,18.23,1,1,48.22,1,1,5.0,1.0,8b7646e11e0a447bc380ddcd25dc8195,12245,sao jose dos campos,SP,11.971828703703704,42.296898148148145,0,48.22
f481e2c2c039ab1665d048d7e2cf5e00,230c0d740401730c7197d16376893525,delivered,2018-06-06 16:53:30,2018-06-06 17:13:05,2018-06-08 14:46:00,2018-06-13 20:48:25,2018-07-17,60.45,91.15,5,1,151.6,3,1,1.0,1.0,a302a693d5722d95984e6472150b9391,85808,cascavel,PR,7.163136574074074,40.29618055555556,0,151.60000000000002
b890cb0243af4f8fd806a1429f978113,ad342db8aa782e7acfb95ff6ef79e6f0,delivered,2018-06-06 16:53:47,2018-06-06 17:13:08,2018-06-07 09:55:00,2018-06-20 18:06:29,2018-07-18,122.99,29.89,1,1,152.88,6,1,5.0,1.0,efb2c3b786eebeac0034948844d2ff57,24240,niteroi,RJ,14.05048611111111,41.2959837962963,0,152.88
7ef259be178f9f06c72a57add85b71cd,a16a13abd16a9d85e4b382ecdc192d33,delivered,2018-06-06 16:55:17,2018-06-06 17:13:19,2018-06-29 15:22:00,2018-07-12 20:03:51,2018-08-09,139.98,232.69,1,1,372.67,3,1,3.0,1.0,5e9e03fb012cf675d96708ca2f6a0df5,65400,codo,MA,36.130949074074074,63.29494212962963,0,372.66999999999996
6202fea10a6355e22332c7d5a964e401,f1d702f7f5dfd71800d4557053a100ae,delivered,2018-06-06 16:59:41,2018-06-06 17:13:17,2018-06-07 14:06:00,2018-06-20 01:32:07,2018-07-18,45.0,22.06,1,1,67.06,1,1,5.0,1.0,3932c5f51186189f8f28f15837d6129e,79010,campo grande,MS,13.355856481481482,41.29188657407408,0,67.06
db3da16505a1f133612db0c345dfaf4a,1c13acd171a7c659b2130dde04e6947f,delivered,2018-06-06 17:07:01,2018-06-06 17:33:57,2018-06-11 14:39:00,2018-06-15 16:35:32,2018-07-27,72.94,17.22,1,1,90.16,1,1,4.0,1.0,177b1d2638cdcb80915b829a2c81b19a,22061,rio de janeiro,RJ,8.978136574074075,50.28679398148148,0,90.16
64cf90af2972e752091fa4a0344c47b7,db29b94a7ae343b96e89071646b56bb8,delivered,2018-06-06 17:10:26,2018-06-07 02:55:10,2018-06-07 10:19:00,2018-06-13 20:33:21,2018-07-18,39.99,18.23,1,1,58.22,1,1,4.0,1.0,769c0ea95d3febeee4fed19038785cbf,87360,goioere,PR,7.140914351851852,41.284421296296294,0,58.22
555d7aa9a2893149ace06d73b09b59b5,b9a9339701a218293ca3716d00e3f26a,delivered,2018-06-06 17:14:48,2018-06-06 17:34:07,2018-06-08 12:09:00,2018-06-11 19:13:36,2018-07-03,199.9,13.83,1,1,213.73,6,1,5.0,1.0,9bc06d52c1390eab6d1dff67a5f87e20,4719,sao paulo,SP,5.0825,26.281388888888888,0,213.73000000000002
79f7d697719bb0bd65cf1a1c5fc67348,6915b14e9f6ddc88067eee9334e66867,delivered,2018-06-06 17:17:10,2018-06-06 17:34:20,2018-06-08 10:52:00,2018-06-19 11:09:59,2018-07-11,105.99,18.62,1,1,124.61,2,1,5.0,1.0,0db99be64435c2c4ffed6c297bc5baa4,75901,rio verde,GO,12.745011574074073,34.27974537037037,0,124.61
6b3283bced42ff1c70f94eb1736fdabc,cca89c1caa9494d6a314e6ac71d1b159,delivered,2018-06-06 17:17:31,2018-06-06 17:34:19,2018-06-13 09:34:00,2018-06-18 18:11:51,2018-07-20,179.8,27.42,2,1,207.22,1,1,1.0,1.0,f73d2c886388115bc41ee9cf86e651d1,13920,pedreira,SP,12.037731481481481,43.27950231481481,0,207.22000000000003
567cb4e829743d8cc4dd3dc72b6d7136,002ce108ccf0356ef5c8b1dce3c0ae29,delivered,2018-06-06 17:22:52,2018-06-06 17:35:25,2018-06-07 13:38:00,2018-06-08 19:59:36,2018-07-03,176.6,9.0,1,1,185.6,1,1,2.0,1.0,e6ad2d9078cb28e4ac6ecef8432e74c7,2728,sao paulo,SP,2.1088425925925924,26.275787037037038,0,185.6
338ffe54b65a3b8124c81ebe6d1cc4b0,13be0c3edfe7bc389f6e482b4dc1d529,delivered,2018-06-06 17:30:59,2018-06-06 17:54:58,2018-06-07 13:56:00,2018-06-15 16:08:37,2018-07-20,235.62,98.04,3,3,333.66,8,1,5.0,1.0,ddba0e0afb9e4924ca45fc487b19a17a,35931,joao monlevade,MG,8.942800925925926,43.27015046296296,0,333.66
55d273b56003b6897fad01895ef4f482,06691a2638e9d6c12e0e4182a7e5bf4f,delivered,2018-06-06 17:31:18,2018-06-06 17:54:59,2018-06-07 09:01:00,2018-06-12 00:34:49,2018-07-26,95.0,15.55,1,1,110.55,3,1,4.0,1.0,b31a94a325327a6510959097a43bd82e,20940,rio de janeiro,RJ,5.294108796296296,49.269930555555554,0,110.55
3eaa38ceecb7aa8a13c72b571236041d,6e66ed606f69f10dd38a658e1bdde435,delivered,2018-06-06 17:32:40,2018-06-07 10:15:04,2018-06-08 12:56:00,2018-06-18 16:31:30,2018-07-05,67.99,16.45,1,1,84.44,4,1,5.0,1.0,4add2ea4eb9ed1368f9476829a37afe4,74375,goiania,GO,11.957523148148148,28.268981481481482,0,84.44
3ba5e1e9d44fafee8e7ec732a7503aa5,3dad616569d948fff5ee591c673f36d8,delivered,2018-06-06 17:33:25,2018-06-08 03:15:21,2018-06-08 14:11:00,2018-06-15 18:52:45,2018-07-18,64.8,23.03,1,1,87.83,1,1,5.0,1.0,1b61a1d07afd201d7da82b6eefcb63c0,79550,costa rica,MS,9.055092592592592,41.26846064814815,0,87.83
1774ba82c4fe803da714e3f5c48cbcdc,4ed0e56b8bd981ca8c2db508aea518d6,delivered,2018-06-06 17:38:14,2018-06-06 17:55:13,2018-06-07 12:41:00,2018-06-09 19:38:43,2018-07-12,119.0,74.69,1,1,193.69,10,1,3.0,1.0,d9db6d57f6c8c65bd34b294371d95059,11070,santos,SP,3.0836689814814813,35.26511574074074,0,193.69
0b26649ec6ddf0ad51f419691e14a0db,d75b1a468435f5ad447bb2cc1e97a81e,delivered,2018-06-06 17:38:23,2018-06-07 16:20:55,2018-06-08 14:41:00,2018-06-11 22:02:46,2018-07-03,25.04,8.88,1,1,33.92,1,1,4.0,1.0,25b2ebd48f0514f355a8294c53d9df25,4552,sao paulo,SP,5.183599537037037,26.265011574074073,0,33.92
6aad3bed746944c70143bcbcadb6c5ab,2b0c7e192538f2086b62e93df18bf446,delivered,2018-06-06 17:40:27,2018-06-06 17:55:08,2018-06-07 13:32:00,2018-06-11 13:19:00,2018-07-13,99.97,19.67,1,1,119.64,4,1,3.0,1.0,31f556ec73664f49e4443ec227ada0a6,11420,guaruja,SP,4.8184375,36.263576388888886,0,119.64
9fd07681f43c9216956e0a1ee8f8775d,766d8c95b0b9445ca63f3cfae64fa55f,delivered,2018-06-06 17:44:31,2018-06-06 17:55:25,2018-06-07 12:31:00,2018-06-12 19:38:45,2018-07-27,64.99,18.33,1,1,83.32,3,1,3.0,1.0,004493e0b0a37317d25665d340c0677d,21235,rio de janeiro,RJ,6.079328703703704,50.260752314814816,0,83.32
91046b977c00091c0ee45b2e2478120b,69024cae6b6752094fab12b5e28fe551,delivered,2018-06-06 17:50:44,2018-06-06 18:12:18,2018-06-07 13:56:00,2018-06-18 17:56:31,2018-07-17,63.72,23.03,1,1,86.75,4,1,5.0,1.0,e9f17bb2bba35ecdd7e1053edaa5df54,99950,tapejara,RS,12.004016203703705,40.25643518518518,0,86.75
2474ce847af8cf0b009c669d1896837a,b64a501ff90c1cc90a37033b845f8307,delivered,2018-06-06 17:59:07,2018-06-08 03:13:25,2018-06-08 15:16:00,2018-06-28 18:31:16,2018-08-02,84.9,29.62,1,1,114.52,1,1,5.0,1.0,2390bf74f6f4c467fff7908422fbc7d5,68790,santa isabel do para,PA,22.02232638888889,56.25061342592593,0,114.52000000000001
8a30e60c68df3fd5ca4cd1070083c3f8,2960f5e24b6f226a7a6b0434a0d9dbf6,delivered,2018-06-06 18:03:53,2018-06-06 18:15:25,2018-06-14 08:48:00,2018-06-21 21:26:38,2018-07-17,70.0,32.64,2,1,102.64,2,1,1.0,1.0,95deaf97fc4caf2b145b531ed35e01d3,72876,valparaiso de goias,GO,15.14079861111111,40.24730324074074,0,102.64
6e64502497aa34a598438ee5cdbcaea2,4756e87d8d06e75c6f6fea9b819d48f6,delivered,2018-06-06 18:13:21,2018-06-06 18:34:28,2018-06-07 14:43:00,2018-06-08 21:11:48,2018-07-03,39.99,8.88,1,1,48.87,1,1,5.0,1.0,2ae5e18bcb19f806865d414e74bfa11e,4661,sao paulo,SP,2.123923611111111,26.240729166666668,0,48.870000000000005
0544d7932387565226ae96a9ec8c03c8,763f69d62147292383080e70b397c3f0,delivered,2018-06-06 18:16:20,2018-06-06 18:34:31,2018-06-07 17:33:00,2018-06-13 17:32:20,2018-07-17,148.9,15.89,1,1,164.79,1,1,5.0,1.0,62625d7a044658340f83435adadd1aeb,88301,itajai,SC,6.969444444444444,40.23865740740741,0,164.79000000000002
741bffa3ccd9486d8050c172ea085d43,feb0ec401c19c2f55e9a93280567ff98,delivered,2018-06-06 18:24:11,2018-06-06 18:35:09,2018-06-07 14:13:00,2018-06-15 18:43:49,2018-07-19,260.0,23.53,1,1,283.53,5,1,5.0,1.0,1c1a7c28b8fa21386a404a1a9a572a4c,80320,curitiba,PR,9.013634259259259,42.233206018518516,0,283.53
004ca5ae248069d68e8594df8abf6ce0,576908744ae56c9cf061c40a434e2a24,delivered,2018-06-06 18:30:20,2018-06-06 18:52:39,2018-06-07 14:17:00,2018-06-15 22:12:30,2018-07-26,159.9,61.18,1,1,221.08,4,1,5.0,1.0,7af7a47d87d53e6db00e70790bba0370,66093,belem,PA,9.154282407407408,49.228935185185186,0,221.08
5f7fcba7792c39066e8479dea103be91,63f798bfe1116c4b855132edd9f87b3a,delivered,2018-06-06 18:31:37,2018-06-06 18:52:41,2018-06-13 11:13:00,2018-06-19 18:18:46,2018-07-24,139.98,38.92,2,1,178.9,6,1,1.0,1.0,e74f77ff1fc653fe5ce9ca3f87f41704,98802,santo angelo,RS,12.991076388888889,47.228043981481484,0,178.89999999999998
47d7bd38284cac71afd4fb618c810b6b,c0d62b7f7cbf132ac5b63980cae215e1,delivered,2018-06-06 18:37:14,2018-06-07 18:36:15,2018-06-28 11:54:00,2018-07-02 21:22:23,2018-07-12,849.5,230.25,5,1,1079.75,5,1,1.0,1.0,487e7e69517aa5d6fe673aa3d46acf06,19053,presidente prudente,SP,26.1146875,35.22414351851852,0,1079.75
95d6357ffe41aa6d2998852a710c70a0,82dadd35c959838f756d2e8f3ef3f330,delivered,2018-06-06 18:49:33,2018-06-06 19:15:14,2018-06-07 13:04:00,2018-06-22 15:05:01,2018-07-12,17.5,91.15,5,1,108.65,2,1,5.0,1.0,4cc404683f7f35ce6225e49938439259,86390,cambara,PR,15.844074074074074,35.21559027777778,0,108.65
5fa3b6744c7d556116187d18de357c43,1b8ee28c1b097a95d300a3a18d8c54fa,delivered,2018-06-06 18:55:30,2018-06-08 03:13:35,2018-06-19 10:52:00,2018-06-21 17:47:41,2018-07-12,252.0,82.05000000000001,3,1,334.05,1,1,4.0,1.0,c503f509890db126441fca2f28a00018,30130,belo horizonte,MG,14.952905092592593,35.21145833333333,0,334.05
3c87d7e874618030c19e7e58d04556a5,ca9797a749eec5f81c55de42f8d6f176,delivered,2018-06-06 19:03:21,2018-06-07 18:55:52,2018-06-08 16:55:00,2018-06-14 16:34:46,2018-07-12,33.8,25.57,2,1,59.37,5,1,1.0,1.0,251a560be0810a220e914f59dce397f5,9911,diadema,SP,7.896817129629629,35.20600694444445,0,59.37
8ec3ff9f474ef9e6324556d1fa434d5e,eda51c25861253bcea16d0b03ce265a5,delivered,2018-06-06 19:05:45,2018-06-06 19:32:07,2018-06-07 15:15:00,2018-06-15 20:14:54,2018-07-17,99.8,82.22,2,1,182.02,2,1,1.0,1.0,937b8d4ebb303e18913ad7c7587a92e7,39243,inimutaba,MG,9.048020833333334,40.204340277777774,0,182.01999999999998
e4e0b1913652739070617b6a336a6ca5,02f5837ff2d19277d066df76e27a8cca,delivered,2018-06-06 19:08:58,2018-06-07 03:12:31,2018-06-07 15:06:00,2018-06-12 21:34:26,2018-07-03,28.98,15.74,2,1,44.72,1,1,4.0,1.0,8b4dfb33600fe0ac926b19b31aaeb8e8,12941,atibaia,SP,6.101018518518519,26.202106481481483,0,44.72
9f58be0e75ed0e5862bd6dbf261a8b05,93018c18fbe02150657d27ad3e410037,delivered,2018-06-06 19:24:54,2018-06-08 03:13:36,2018-06-08 14:03:00,2018-06-22 17:32:28,2018-07-20,220.64,37.3,2,1,257.94,1,1,3.0,1.0,30a67407e7b11df58d4a9bc01407de52,88220,itapema,SC,15.921921296296297,43.19104166666666,0,257.94
bb91c3b36fbe9aa9873d12ffb7371942,c5e7211f8786d4dd60119623f6364818,delivered,2018-06-06 19:31:04,2018-06-06 19:54:44,2018-06-07 14:08:00,2018-06-18 11:58:31,2018-07-18,190.0,31.1,2,1,221.1,3,1,1.0,1.0,90c72a414bfa1683fa24a633af4ab472,88030,florianopolis,SC,11.685729166666667,41.18675925925926,0,221.1
246ed527fc17d711f0b578e0bd407257,08fa82297b802757b9b02ced94f8a9e3,delivered,2018-06-06 19:39:13,2018-06-06 19:54:48,2018-06-26 15:47:00,2018-06-30 13:05:59,2018-08-08,199.98,62.69,1,1,262.67,5,1,5.0,1.0,e41b91e110b3f72d6bd2f4f7f055b666,21220,rio de janeiro,RJ,23.726921296296297,62.181099537037035,0,262.66999999999996
1bcc358683121573025279427dacc764,d07978b1573df93b66cb82101ef3a549,delivered,2018-06-06 19:46:00,2018-06-07 19:55:40,2018-06-08 12:38:00,2018-06-16 16:41:45,2018-07-13,89.98,30.46,2,1,120.44,3,1,1.0,1.0,21ea6d29806d0ef7296ddf05e7b03491,24220,niteroi,RJ,9.872048611111111,36.17638888888889,0,120.44
ea2c93fbb3cf79edecd5f993fe362464,637b0c3ee412e09ba5e46702af44ebf1,delivered,2018-06-06 20:01:45,2018-06-06 20:15:21,2018-06-07 13:29:00,2018-06-20 17:19:43,2018-07-25,369.99,87.65,1,1,457.64,3,1,5.0,1.0,15dc82b7d6c3e536b3912c307fbfeaf6,62280,santa quiteria,CE,13.887476851851853,48.16545138888889,0,457.64
0a3ece2f39e596ede61967326bf7e969,228c08d51cbc3f62907a83a9ea1ed246,delivered,2018-06-06 20:06:10,2018-06-06 20:34:10,2018-06-08 14:17:00,2018-06-13 18:42:42,2018-07-12,92.86,13.09,1,1,105.95,1,1,5.0,1.0,caaed4ff7d0bd323d5b4cd26eff11aef,15900,taquaritinga,SP,6.9420370370370375,35.16238425925926,0,105.95
5ef687909733df8914b4723111ceb1a2,bb3dfc96067959cc506ae60e0e3dddc9,delivered,2018-06-06 20:06:34,2018-06-06 20:15:21,2018-06-07 14:36:00,2018-06-11 12:21:47,2018-07-03,86.0,8.9,1,1,94.9,3,1,5.0,1.0,3732030d46376bb9af1a7fa6535ddc80,4014,sao paulo,SP,4.677233796296297,26.16210648148148,0,94.9
86df051b358d78a419a88d76515d6d80,da415e0250d0996188ae352d6cb4bd00,delivered,2018-06-06 20:06:46,2018-06-06 20:34:11,2018-06-08 10:48:00,2018-06-13 19:58:39,2018-07-12,459.0,18.09,1,1,477.09,1,1,5.0,1.0,38941a0aea64baf8a13882808742616c,5429,sao paulo,SP,6.9943634259259255,35.161967592592596,0,477.09
cd0e3aa0b83f4e50e2bdaaaf840a54ba,b59dbd9094646a60fab69da30b736b1b,delivered,2018-06-06 20:11:02,2018-06-08 03:14:07,2018-06-08 15:14:00,2018-06-10 15:32:55,2018-07-03,12.3,7.39,1,1,19.69,1,1,5.0,1.0,66af6d2dfdd573d232f965c65c8e7479,5544,sao paulo,SP,3.806863425925926,26.159004629629628,0,19.69
cf4eff954b06c19d96be7d6792a1da3c,b591ec51348a19a15a433d07865cefe7,delivered,2018-06-06 20:16:16,2018-06-06 20:34:19,2018-06-11 13:46:00,2018-06-18 16:41:28,2018-07-13,29.9,18.23,1,1,48.13,4,1,5.0,1.0,42f7e19415e1032e655ca14095e2aff5,17475,lucianopolis,SP,11.850833333333334,36.15537037037037,0,48.129999999999995
2a6e8337ac5b1fdb4aa243c834525f66,5555fef9ff07b9b1368c78c29cabf396,delivered,2018-06-06 20:18:06,2018-06-06 20:34:21,2018-06-07 14:22:00,2018-06-15 22:46:48,2018-07-17,110.0,19.74,1,1,129.74,1,1,5.0,1.0,5c7f6a58e76fe2d541c491728f7e28c4,35182,timoteo,MG,9.10326388888889,40.15409722222222,0,129.74
e29968d0d7fad6eb512591f25eca27dc,b0ab7fd9a303d4cc6e6efd2eb326ad0c,delivered,2018-06-06 20:19:46,2018-06-06 20:35:11,2018-06-15 15:20:00,2018-07-01 20:38:24,2018-07-13,140.0,18.86,1,1,158.86,3,1,3.0,1.0,2913887204f4f95ab9f513c860b13e84,29026,vitoria,ES,25.012939814814814,36.152939814814815,0,158.86
2232bf34060433dc7ae5f0c76a2e6cab,f598b2d315ec85e3449198f9aeba111d,delivered,2018-06-06 20:27:55,2018-06-07 20:35:27,2018-06-08 13:05:00,2018-06-21 20:16:39,2018-07-13,209.9,24.05,1,1,233.95,8,1,5.0,1.0,3a0266b0b438b5da8b8531f64792d0d5,4858,sao paulo,SP,14.992175925925926,36.147280092592595,0,233.95000000000002
d9c541bd2935c8217a2ecb05c3162541,d04ad30db1687844a2eebe2285bdb05b,delivered,2018-06-06 20:33:08,2018-06-06 20:52:26,2018-06-28 14:01:00,2018-06-29 17:41:39,2018-07-20,218.99,52.93,1,1,271.92,3,1,4.0,1.0,ab1fe37d26fcd68e29283c3ffaf506dd,1423,sao paulo,SP,22.880914351851853,43.14365740740741,0,271.92
57ba835cf75b08c9d823b7eb67ca09e2,11c269ed39c68dd5451ea3f3e4aa6d93,delivered,2018-06-06 20:39:47,2018-06-06 20:52:28,2018-06-08 13:49:00,2018-06-15 19:08:47,2018-07-20,59.9,24.36,1,1,84.26,1,1,5.0,1.0,aa8d9a4d4baf71707760d712d5fc0684,16050,aracatuba,SP,8.936805555555555,43.13903935185185,0,84.25999999999999
80e3ea9d65b89f8cbaa3d1f08f5dbd17,f47a3e021a077696be3337820048edf2,delivered,2018-06-06 20:40:15,2018-06-06 20:52:26,2018-06-13 15:11:00,2018-06-19 21:50:42,2018-07-26,89.9,23.21,1,1,113.11,1,1,4.0,1.0,ac955659bcaadc00ff0410e19d2783eb,20541,rio de janeiro,RJ,13.04892361111111,49.13871527777778,0,113.11000000000001
1d8213566e4ed04b2a4659f52a1021b9,0d11768f8cd705b25a798904dbf01693,delivered,2018-06-06 20:41:36,2018-06-07 02:35:21,2018-06-11 13:06:00,2018-06-14 19:58:43,2018-07-12,29.3,12.79,1,1,42.09,1,1,4.0,1.0,680ae012bf62a5c27f8a033b9d86abe2,18307,capao bonito,SP,7.970219907407407,35.13777777777778,0,42.09
cc45933a00838616a60b830294189038,5f6b2c56906b912108d55593b8b906e7,delivered,2018-06-06 20:42:10,2018-06-06 20:52:31,2018-06-08 12:09:00,2018-06-11 19:10:58,2018-07-03,29.9,7.71,1,1,37.61,1,1,4.0,1.0,53672a860a7ca35371a7e7a2edef2a07,4844,sao paulo,SP,4.9366666666666665,26.13738425925926,0,37.61
de68ff91737ba366892be2067a2cdfec,68b43c6c592465e9a13ed4c282d81e7e,delivered,2018-06-06 20:45:13,2018-06-07 20:55:07,2018-06-08 09:56:00,2018-06-15 20:42:18,2018-07-12,12.0,15.23,1,1,27.23,2,1,5.0,1.0,ad784a66b3127b43bfa19b489367ba6b,75350,guapo,GO,8.997974537037036,35.1352662037037,0,27.23
a12362add53762f2cdf644889917fea4,7f9a25e3e3f8323eaf21a6c4e09a29ec,delivered,2018-06-06 20:52:01,2018-06-08 03:13:36,2018-06-08 15:48:00,2018-06-16 00:14:37,2018-07-17,39.9,18.23,1,1,58.13,1,1,1.0,1.0,611fe38d3860caa312a7e702f2b8f97c,19880,candido mota,SP,9.140694444444444,40.13054398148148,0,58.129999999999995
6d14889fa5a291bfb158f84de31cc0e9,ce7bb4d2cf76d2692bf39ad988f7ecd4,delivered,2018-06-06 20:53:22,2018-06-06 21:15:49,2018-06-07 09:02:00,2018-06-11 17:42:19,2018-07-03,78.0,7.41,1,1,85.41,3,1,4.0,1.0,a5a66842f57f78fb350c764782c05216,13160,artur nogueira,SP,4.8673263888888885,26.12960648148148,0,85.41
01cc71a8154340ae61126b5ee9b48fef,3cc3c3ea6a8bb392816f4c4bdf12c5a5,delivered,2018-06-06 21:06:18,2018-06-06 21:16:02,2018-06-08 12:09:00,2018-06-11 19:12:53,2018-07-03,44.9,8.64,1,1,53.54,2,1,4.0,1.0,d754dd2be3a03a3306351df92361429b,18090,sorocaba,SP,4.921238425925926,26.120625,0,53.54
b196564f2fd79a80ab1b31dd8ba4e4fb,960ffb45acd270534e88387352742459,delivered,2018-06-06 21:11:57,2018-06-06 21:32:06,2018-06-08 14:13:00,2018-06-18 21:33:33,2018-07-17,254.9,19.66,1,1,274.56,8,1,5.0,1.0,24072811917876a84c81166f96aed0c1,35360,sao pedro dos ferros,MG,12.015,40.11670138888889,0,274.56
3e6c77a5839517805ed2f8f80e7d9054,a6fe690d5608de5a62f7d88b87fafba0,delivered,2018-06-06 21:29:12,2018-06-06 21:55:04,2018-06-07 14:25:00,2018-06-08 20:28:30,2018-07-03,13.99,7.39,1,1,21.38,1,1,3.0,1.0,e2feae83e7cb814bfd71fa89982a9b16,1229,sao paulo,SP,1.9578472222222223,26.10472222222222,0,21.38
aa27bd1341335b1891bbcc4e1967b402,3b5676320f2df56236b2086a3f4b7da9,delivered,2018-06-06 21:32:22,2018-06-06 21:55:04,2018-06-08 11:40:00,2018-06-19 17:08:39,2018-07-17,54.99,18.26,1,1,73.25,1,1,5.0,1.0,140239db64616ce1fdbd6e07630f6665,89291,sao bento do sul,SC,12.816863425925925,40.10252314814815,0,73.25
b72bd7bf1e84a4cde235a7ffcc7542ca,585593d76e71aa8bcabac6773c2c3de7,delivered,2018-06-06 21:39:53,2018-06-06 21:55:21,2018-06-12 11:14:00,2018-06-14 21:47:57,2018-07-03,420.0,85.27,1,1,505.27,8,1,5.0,1.0,4a2df408882c707548be413cc5a1b656,11055,santos,SP,8.005601851851852,26.09730324074074,0,505.27
ea0640a9f021b9f129b25d54e4c649f2,eea124edbee454acca89363d46f8b7c0,delivered,2018-06-06 21:40:31,2018-06-06 21:55:21,2018-06-07 09:01:00,2018-08-01 20:48:33,2018-07-17,55.0,17.1,1,1,72.1,7,1,1.0,1.0,3d86b969fd5c7e342968ee81b92b6b06,41720,salvador,BA,55.96391203703703,40.096863425925925,1,72.1
f8433ba8190dc8137e3409d466cf90ef,e25c5deefe6b7e4740265442544e59f5,delivered,2018-06-06 21:41:54,2018-06-06 21:55:15,2018-06-07 12:52:00,2018-06-14 17:17:36,2018-07-16,36.75,18.23,1,1,54.98,5,1,4.0,1.0,4483110ec7728398e8128f4550f3c38a,30411,belo horizonte,MG,7.816458333333333,39.09590277777778,0,54.980000000000004
0ed7a79d6ed3dcd5dc6430339b52c0f9,4a085f4d1d6cc706d5c910ed349b55ae,delivered,2018-06-06 21:45:29,2018-06-06 21:55:20,2018-06-07 12:02:00,2018-06-13 17:24:26,2018-07-31,109.99,57.03,1,1,167.02,2,1,5.0,1.0,5a2f563b9306c695e8f4c06ae6355a4b,22430,rio de janeiro,RJ,6.818715277777778,54.093414351851855,0,167.01999999999998
d441b72d920571f8ac2d3c847eee6e47,4574799ec02305ad487c70b99ee872de,delivered,2018-06-06 21:47:33,2018-06-06 21:55:22,2018-06-08 14:13:00,2018-06-12 17:52:12,2018-07-16,669.0,23.65,1,1,692.65,8,1,1.0,1.0,976e8620250776abce9c919efc2739b4,25710,petropolis,RJ,5.8365625,39.09197916666667,0,692.65
7f922477f06db4ab69f6f173f439088e,ef019b3cc077faf03d999168daaf8d07,delivered,2018-06-06 21:47:57,2018-06-06 22:12:17,2018-06-07 15:01:00,2018-06-15 19:41:33,2018-07-03,34.99,8.29,1,1,43.28,1,1,4.0,1.0,ac5c80edeb6db099ebffbf3e53ddcd69,9961,diadema,SP,8.912222222222223,26.09170138888889,0,43.28
87afd3fd1ec1b984a228c772b5dd2a4c,7f47f37aa5317f1a00d397962a0dc7b7,delivered,2018-06-06 21:48:46,2018-06-06 22:12:13,2018-06-07 09:03:00,2018-06-13 20:41:21,2018-07-18,78.0,18.43,1,1,96.43,8,1,4.0,1.0,0e2fd48c6bf362339bff97193d659b20,85555,palmas,PR,6.95318287037037,41.091134259259256,0,96.43
2f5d70ed755cd9161500d10f19737dce,97258b1b770e304d93ac981548ddfaa2,delivered,2018-06-06 21:50:06,2018-06-06 22:12:19,2018-06-13 13:41:00,2018-06-14 21:32:20,2018-07-20,35.9,14.43,1,1,50.33,1,1,4.0,1.0,a8ec5ca555cecc2eee097e5a9240e62b,38414,uberlandia,MG,7.987662037037037,43.09020833333334,0,50.33
7106145f3789df33a461a2544bc2953a,9c55ef8e0bdf003d13d7978e45a3e370,delivered,2018-06-06 21:58:02,2018-06-06 22:12:22,2018-06-07 13:58:00,2018-07-04 14:11:34,2018-07-18,39.9,22.06,1,1,61.96,4,1,4.0,1.0,52e864f1eeba1b08db7f43ae6d5a292f,48603,paulo afonso,BA,27.676064814814815,41.084699074074074,0,61.959999999999994
8d73d05fe1d2142179985e04712e8485,36edf7315742a7ef878b09d974a697e4,delivered,2018-06-06 22:00:28,2018-06-06 22:12:32,2018-06-07 14:08:00,2018-07-28 16:52:34,2018-07-19,110.32,23.27,1,1,133.59,5,2,1.0,1.0,1d5bf38084a1b6251519e2b7cf9a54e8,64023,teresina,PI,51.78618055555555,42.083009259259256,1,133.59
a4bfde08f83dafe9237a6f1890d097b1,b67348757e7a40df8d5206f94fcfb022,delivered,2018-06-06 22:02:54,2018-06-07 08:33:43,2018-06-08 12:30:00,2018-06-22 15:12:06,2018-07-17,70.23,83.34,1,1,153.57,1,1,5.0,1.0,6c741c58426748cd38a367a0dabe174f,45200,jequie,BA,15.714722222222223,40.081319444444446,0,153.57
f642a274a615b1034be368fac85db8e9,e627e72eaa302b81ca6fbf62d1fc0e56,delivered,2018-06-06 22:07:59,2018-06-06 22:34:30,2018-06-08 09:53:00,2018-06-18 18:48:49,2018-07-16,24.95,15.23,1,1,40.18,1,1,5.0,1.0,808de3bfa35705cd9dbe50fe7e48675f,88015,florianopolis,SC,11.861689814814815,39.077789351851855,0,40.18
533dccc39b9e7286042aba868d574ecf,40d75f2033ae0bd1f8668f21007975b6,delivered,2018-06-06 22:11:27,2018-06-07 08:33:45,2018-06-07 12:05:00,2018-06-18 15:08:34,2018-07-17,250.0,59.61,1,1,309.61,5,1,5.0,1.0,314e5bfbc5567af3fe09c6fba1845cdf,39560,salinas,MG,11.706331018518519,40.075381944444445,0,309.61
72adf8902a7ccd9b21ba70c84f2d53c4,79cb6eaafbdbcb9d443dd5ebd01e016c,delivered,2018-06-06 22:20:23,2018-06-08 02:56:12,2018-06-14 12:42:00,2018-06-22 20:35:28,2018-07-17,119.9,18.72,1,1,138.62,1,1,4.0,1.0,6b4d70f9e0b26fb3497b1c6bc76ccf2f,29308,cachoeiro de itapemirim,ES,15.927141203703703,40.06917824074074,0,138.62
245a8cb9d360630691eb4449b1994017,f5aa85925c87d4706170811c0fa7c779,delivered,2018-06-06 22:26:33,2018-06-06 22:53:06,2018-06-07 08:16:00,2018-06-09 16:09:53,2018-07-03,56.9,11.15,1,1,68.05,1,1,5.0,1.0,aafb56d7476542a4f32eda686c1f1beb,5849,sao paulo,SP,2.738425925925926,26.064895833333335,0,68.05
f9ff65718437270c39dfb38755a41157,eeb8e17b6642ced7c58b2f53641df88c,delivered,2018-06-06 22:51:55,2018-06-06 23:13:53,2018-06-15 14:04:00,2018-06-20 15:44:34,2018-07-12,35.9,12.79,1,1,48.69,1,1,5.0,1.0,d62d60cdf9c63c76667c7dcab966dd92,7031,guarulhos,SP,13.703229166666667,35.047280092592594,0,48.69
7a4caa019e7bb13e8a2c00696be65ec5,58359e541013053d51a9831dc013005e,delivered,2018-06-06 22:58:31,2018-06-08 03:14:07,2018-06-08 12:06:00,2018-06-20 22:12:58,2018-07-03,6.9,15.23,1,1,22.13,1,1,5.0,1.0,65ceb15a2636b04807d38a677d6877c1,29065,vitoria,ES,13.968368055555555,26.042696759259258,0,22.130000000000003
4ebc7efaeb93bd3bdb9eccaf404cd53a,edab921e9ef1edda11824a99a4fdb862,delivered,2018-06-06 23:00:12,2018-06-06 23:15:16,2018-06-07 12:13:00,2018-06-11 13:04:38,2018-07-03,125.0,18.65,1,1,143.65,5,1,5.0,1.0,f7655cdeabc84c2072c399d017a5f4fd,9855,sao bernardo do campo,SP,4.586412037037037,26.041527777777777,0,143.65
da3b1ce080ddff2eea8276700fc377a7,c37c51bf32c22db465dc7d2749c9e0ce,delivered,2018-06-06 23:01:04,2018-06-08 02:56:17,2018-06-08 14:36:00,2018-06-13 23:45:58,2018-07-12,21.99,12.79,1,1,34.78,1,1,4.0,1.0,3b5e7b15240ddea08729bdc7b9ececb3,17650,herculandia,SP,7.031180555555555,35.040925925925926,0,34.78
c528c7334f28e47ccdd517a9288a5113,ba7452999510d3483e226bb287d743ff,delivered,2018-06-06 23:14:24,2018-06-06 23:33:16,2018-06-07 13:57:00,2018-06-11 20:18:24,2018-07-04,225.65,8.92,1,1,234.57,4,1,5.0,1.0,fe601d406a2a6e44a6911847f876a9d7,24210,niteroi,RJ,4.877777777777778,27.031666666666666,0,234.57
d02c8608e14b940d4efee267ae23dc93,f6c2fddb486424d746d4a6ba2d27ccdb,delivered,2018-06-06 23:27:54,2018-06-06 23:54:11,2018-06-07 14:27:00,2018-06-13 00:36:37,2018-07-12,35.98,25.58,2,1,61.56,1,1,1.0,1.0,7afc4a1c2af2ac4a2b4fd9fe63037bfe,3313,sao paulo,SP,6.047719907407408,35.02229166666667,0,61.559999999999995
66c21fa04706b27438fe03e00ba596f0,58c674bdd84b66c7b579268819c793ae,delivered,2018-06-06 23:48:02,2018-06-07 00:36:41,2018-06-07 14:41:00,2018-06-11 16:27:45,2018-07-03,53.0,23.09,1,1,76.09,3,1,4.0,1.0,e6b67bd11ffbf2b9ce4557ab446b3d88,11630,ilhabela,SP,4.694247685185185,26.008310185185184,0,76.09
167f04d11667c6073896de381fe051f5,15c30c47d392d1bf10cfe11e5b086597,delivered,2018-06-06 23:49:36,2018-06-07 00:14:17,2018-06-08 14:40:00,2018-06-18 23:17:43,2018-07-17,129.0,18.78,1,1,147.78,3,1,2.0,1.0,007ba48697b079e78f168b051462dd1b,12460,campos do jordao,SP,11.977858796296296,40.007222222222225,0,147.78
e41e5861711a10524b80a63d022ae776,356925b87c2dcdeb8a091850d14691b7,delivered,2018-06-07 00:14:28,2018-06-07 00:33:54,2018-06-07 11:58:00,2018-06-20 16:38:43,2018-07-19,1139.0,41.51,1,1,1180.51,10,1,5.0,1.0,37d2bd687b1dbd293de12633b9160f3a,79700,fatima do sul,MS,13.683506944444444,41.989953703703705,0,1180.51
9b7aee2b156bb9edca9034462053c87c,5ab646fc0d2700250de071fccb889be0,delivered,2018-06-07 01:20:57,2018-06-07 01:34:25,2018-06-07 12:52:00,2018-06-15 19:26:34,2018-07-04,55.0,7.39,1,1,62.39,1,1,1.0,1.0,2c5f078ce487f33ee23c7b11e13ddc97,5792,sao paulo,SP,8.753900462962964,26.943784722222222,0,62.39
c69f94d6f227f2384dc83c6ee5deff10,c31395b6a8c03ec7663c19c51d9622c2,delivered,2018-06-07 06:00:58,2018-06-07 06:15:09,2018-06-08 14:08:00,2018-06-15 22:31:59,2018-07-13,42.99,14.44,1,1,57.43,1,1,4.0,1.0,9eb50bea8fc821330e360fd0fd25af4a,4880,sao paulo,SP,8.68820601851852,35.7493287037037,0,57.43
b4cd9b81ddf6c61fd05d5e2cdecd4598,e31c5000fbee5b79061e5c07f848bfbe,delivered,2018-06-07 06:26:45,2018-06-07 06:54:16,2018-06-07 13:04:00,2018-06-11 21:03:43,2018-07-04,78.0,7.41,1,1,85.41,5,1,3.0,1.0,8664925ac4c650787892ff5eee0e92d1,13185,hortolandia,SP,4.60900462962963,26.73142361111111,0,85.41
15fbcfbb34bc49b1bd1cdbbb676de135,cd482c40033b2a1107deb3d9a10d14f7,delivered,2018-06-07 06:51:59,2018-06-09 03:13:22,2018-06-15 14:58:00,2018-06-25 18:05:17,2018-07-17,105.0,23.66,1,1,128.66,1,1,4.0,1.0,073f638e451a08d06f9b120b813cf03b,99700,erechim,RS,18.467569444444443,39.71390046296296,0,128.66
8551e4893fc1357dda960b1a7202b53d,44f8065dc27889dca23b34e78c5b6314,delivered,2018-06-07 06:54:17,2018-06-07 07:12:43,2018-06-08 14:45:00,2018-06-12 23:46:55,2018-07-04,103.12,11.35,1,1,114.47,2,1,5.0,1.0,0c83083c3578da76ef6fe35fbcab768b,13187,hortolandia,SP,5.703217592592592,26.71230324074074,0,114.47
e20aaa6862f849ed8fa3b602147e09ea,e55d31bc91350133136c07a91adbecb2,delivered,2018-06-07 07:03:04,2018-06-08 06:55:25,2018-06-08 11:00:00,2018-06-15 16:09:02,2018-07-19,52.5,19.34,1,1,71.84,7,1,4.0,1.0,14dc38f61b67d510ecd9b9e5c031cbc8,17211,jau,SP,8.379143518518518,41.70620370370371,0,71.84
a9950bcd6b7e01fcf110c44611fbdf2e,93e1ebe21d58e74d7426b3e8d5e94c5e,delivered,2018-06-07 08:28:48,2018-06-07 08:54:40,2018-06-08 19:00:00,2018-06-11 18:34:54,2018-07-04,179.89,8.12,1,1,188.01,5,1,3.0,1.0,38393d4a93f690f8c979fd854ba7c736,4064,sao paulo,SP,4.420902777777778,26.64666666666667,0,188.01
9c63f9900d02e4981d36f0a782075043,26c8098256a9f305d2d7238204f5642f,delivered,2018-06-07 08:36:30,2018-06-09 03:13:26,2018-06-12 14:09:00,2018-06-19 19:12:17,2018-07-27,19.99,22.06,1,1,42.05,1,1,3.0,1.0,95a1b49d1b137fb8ee99a551369363d3,75960,acreuna,GO,12.441516203703705,49.64131944444444,0,42.05
d06fe8d6f4bdfe9cd1992aa3322f2f47,592fa548b2b29cc92868b9d78d1a44c0,delivered,2018-06-07 08:44:39,2018-06-07 08:55:17,2018-06-07 11:39:00,2018-06-21 12:45:31,2018-07-16,129.0,18.48,1,1,147.48,4,1,5.0,1.0,0e51cf9c63884c4fa72bc7994084aa31,24723,sao goncalo,RJ,14.167268518518519,38.63565972222222,0,147.48
479118262cc4228b46c613b6b3efa669,61fbe846d8c16df8f9253391e158900a,delivered,2018-06-07 08:48:43,2018-06-07 09:15:16,2018-06-07 14:50:00,2018-06-25 19:38:34,2018-07-26,407.98,105.48,2,2,513.46,5,1,1.0,1.0,195b57be963164644ee9621346d2c3fb,64280,campo maior,PI,18.451284722222223,48.632835648148145,0,513.46
4dd077c76e72e73742c4af14ebfbd4d1,5184df07acf834cd8a00cda25c376ebd,delivered,2018-06-07 08:57:05,2018-06-07 09:15:24,2018-06-08 14:44:00,2018-06-15 00:22:21,2018-07-13,109.0,42.62,1,1,151.62,2,1,2.0,1.0,d15efa6fcfd5909767d5c9de1608af29,1313,sao paulo,SP,7.642546296296296,35.62702546296296,0,151.62
2b509531faa45e6f3dbaa09e3f3eb839,3830cb83469e25f0bce76b907d9b61c2,delivered,2018-06-07 09:06:07,2018-06-07 09:34:25,2018-06-07 13:27:00,2018-06-15 01:54:30,2018-07-16,17.78,30.46,2,1,48.24,1,1,2.0,1.0,868c9f663c937835c57ce088c876d111,71691,brasilia,DF,7.700266203703704,38.620752314814816,0,48.24
cf82b80e79a66336306b0c6c151f64ef,d699f64b223f98ab755be189008776e1,delivered,2018-06-07 09:12:28,2018-06-07 09:34:19,2018-06-07 14:11:00,2018-06-19 20:22:22,2018-07-20,178.0,83.09,2,2,261.09,4,1,1.0,1.0,84159fbcec32813b7cef06f3cac9cf34,90620,porto alegre,RS,12.465208333333333,42.616342592592595,0,261.09000000000003
883be96e55d6e19b2ceef5cdd735d8fd,1a4b8beb3962475a804e907c79cf8f51,delivered,2018-06-07 09:19:48,2018-06-07 09:34:26,2018-06-11 07:54:00,2018-06-13 20:42:47,2018-07-04,61.8,26.94,2,1,88.74,1,1,3.0,1.0,ca5e682c1fe596beee686e2c5a319765,87400,cruzeiro do oeste,PR,6.474293981481481,26.61125,0,88.74
82ea82026e50c602a0a88e158b8fa8d4,302e2c173a66a78cce4229248835a524,delivered,2018-06-07 09:23:19,2018-06-08 02:35:18,2018-06-08 11:09:00,2018-06-15 18:02:23,2018-07-23,12.99,18.23,1,1,31.22,1,1,5.0,1.0,23e95b1fb0e5e57d28ca850e7aab9ebe,95900,lajeado,RS,8.360462962962963,45.60880787037037,0,31.22
8572811ca6f313e1da609f4728ff2612,d17506f80de12a65411560016c3317a5,delivered,2018-06-07 09:28:29,2018-06-08 02:56:18,2018-07-03 12:16:00,2018-07-04 15:22:18,2018-07-27,339.98,47.0,2,1,386.98,1,1,3.0,1.0,1367524785b0c0c4ef54168c40a952fa,8676,suzano,SP,27.24570601851852,49.60521990740741,0,386.98
544b4461f9238642f3577670a6866ed2,f8a3ef8f53a537e47452dcd1c02711e1,delivered,2018-06-07 09:30:05,2018-06-08 02:56:21,2018-06-08 14:38:00,2018-06-10 17:08:47,2018-07-04,41.1,7.87,1,1,48.97,1,1,5.0,1.0,c69be125c81bb2e435dd90f5dfcbc3c8,3460,sao paulo,SP,3.3185416666666665,26.604108796296295,0,48.97
bb5c56055a2362690b31944465465f8b,5c72a89f60c3aa1696568b6ad906cccf,delivered,2018-06-07 09:41:50,2018-06-09 02:57:49,2018-06-09 08:54:00,2018-06-12 20:12:30,2018-07-04,59.9,12.43,1,1,72.33,1,1,5.0,1.0,25c9ba5140353f3ec91f1b6899c9c0f6,2975,sao paulo,SP,5.437962962962963,26.595949074074074,0,72.33
5c6d4d0bd50fd99821e4005e6b9cfccd,aa8a684a5012b19225c1b2f623f0a414,delivered,2018-06-07 09:58:06,2018-06-07 10:15:03,2018-06-08 08:33:00,2018-06-16 20:58:48,2018-07-24,195.0,95.95,1,1,290.95,10,1,5.0,1.0,fe258b92dd1a1c61cb09bba0a9cb5f48,37704,pocos de caldas,MG,9.458819444444444,46.58465277777778,0,290.95
585bd8282700b362b4023d8fed406190,181ec1b5fe9a1e889ee634c154297e27,delivered,2018-06-07 09:58:55,2018-06-07 10:15:06,2018-06-07 12:52:00,2018-06-11 14:31:02,2018-07-04,44.0,7.39,1,1,51.39,1,1,5.0,1.0,bc095bd3bdf356d753e9731b3e5181f8,13050,campinas,SP,4.188969907407407,26.584085648148147,0,51.39
2fa0de151b7f1f86d97df7c2a0e11626,e6b50a185ecfa9d9e3b20205b455f729,delivered,2018-06-07 10:01:24,2018-06-07 10:15:17,2018-06-14 19:18:00,2018-06-18 18:08:40,2018-07-04,11.5,7.39,1,1,18.89,1,1,2.0,1.0,db678ab4525ca9a50338c8dbcad53a17,11460,guaruja,SP,11.33837962962963,26.582361111111112,0,18.89
d72653b199232133a82a28e6e340133c,774a93f58af283167817a7a186680553,delivered,2018-06-07 10:02:26,2018-06-08 09:56:04,2018-06-08 13:59:00,2018-06-15 19:16:34,2018-07-27,1499.65,70.56,1,1,1570.21,5,1,5.0,1.0,d941a608aa14794954f62d8c3da2b9dd,66095,belem,PA,8.384814814814815,49.58164351851852,0,1570.21
e0a7b1bed2f7b6ea6f1ad9fab878cb12,5a22e4dc8afde7131d997459f6f7f668,delivered,2018-06-07 10:04:52,2018-06-07 10:15:18,2018-06-08 13:05:00,2018-06-16 16:42:21,2018-07-16,349.9,20.33,1,1,370.23,1,1,4.0,1.0,4c291bb570dacb0db3df00bfe3e9a802,5011,sao paulo,SP,9.276030092592592,38.5799537037037,0,370.22999999999996
82566a660a982b15fb86e904c8d32918,d3e3b74c766bc6214e0c830b17ee2341,delivered,2018-06-07 10:06:19,2018-06-09 03:13:12,2018-06-11 13:29:00,2018-06-19 12:05:52,2018-07-18,31.9,18.23,1,1,50.13,1,1,5.0,1.0,e97109680b052ee858d93a539597bba7,35400,ouro preto,MG,12.083020833333334,40.57894675925926,0,50.129999999999995
5dc381c7b65e21b5912100c620d09615,f5bff9c30853ac89a583738f8fa7dd86,delivered,2018-06-07 10:10:16,2018-06-07 10:34:25,2018-06-07 14:27:00,2018-06-15 15:21:35,2018-07-19,44.99,19.32,1,1,64.31,3,1,5.0,1.0,d927c43733976edc05ebb398b92266e1,26183,belford roxo,RJ,8.21619212962963,41.576203703703705,0,64.31
6be980911f97172cafec8249a401450f,a1b3692af9ad9d49b072944f932b0a29,delivered,2018-06-07 10:16:05,2018-06-07 10:34:39,2018-06-07 14:24:00,2018-06-15 20:17:54,2018-07-19,134.0,19.91,1,1,153.91,2,1,5.0,1.0,ee9f593dd5f027b4840c2d8671e9119f,17050,bauru,SP,8.417928240740741,41.57216435185185,0,153.91
8bd24d561ec1ec5f12ca94ba62f44909,236d076b6582dd0da2fdfa1c7604dd7c,delivered,2018-06-07 10:21:23,2018-06-07 10:34:43,2018-06-14 15:05:00,2018-06-18 23:56:29,2018-07-04,52.9,8.88,1,1,61.78,4,1,5.0,1.0,7c50190d7200a712b3efbf74dcda62a9,6240,osasco,SP,11.566041666666667,26.568483796296295,0,61.78
ad6375df4d400deedc67049cfe1ae46f,9cee027c663f66d73a78ab124f88961a,delivered,2018-06-07 10:23:01,2018-06-07 10:59:48,2018-06-08 13:50:00,2018-06-14 18:34:57,2018-07-13,55.5,12.83,1,1,68.33,1,1,5.0,1.0,9339c5dcdb8ec30292a29b9a93b370ed,6727,cotia,SP,7.341620370370371,35.56734953703704,0,68.33
3a4d49c9ef72a561be7ce1df8d7493d0,f10993096c40b8d553d468e2ea4ed1d7,delivered,2018-06-07 10:24:49,2018-06-08 02:56:27,2018-06-12 15:37:00,2018-06-20 23:18:48,2018-07-20,24.99,18.23,1,1,43.22,1,1,1.0,1.0,a84c66f0dfe1c902786511eee2c7a74a,89770,seara,SC,13.537488425925925,42.56609953703704,0,43.22
ac5cedb0f5d816dd6ac33929fcfd1f00,7b87f9d9260375df2715f4891755159d,delivered,2018-06-07 10:29:22,2018-06-08 02:35:22,2018-06-08 13:37:00,2018-06-19 16:55:46,2018-07-19,66.99,60.53,1,1,127.52,1,1,5.0,1.0,9a1f60afc2bd2f6a71224665958d55a3,79840,dourados,MS,12.268333333333333,41.56293981481482,0,127.52
2ae054ef2ca5e6edea18284d0fcb9682,3fcfab0e565a45accff1282416588060,delivered,2018-06-07 10:35:03,2018-06-07 11:00:05,2018-06-08 15:44:00,2018-06-11 14:23:42,2018-07-04,79.98,16.58,2,1,96.56,4,1,3.0,1.0,15219300c0299c01fef6cbc7444494e5,5120,sao paulo,SP,4.158784722222222,26.558993055555554,0,96.56
564056ed2b1aba6010b16c2dc89735b6,56d47d8dcdfe6ce00898e16b2df1476d,delivered,2018-06-07 10:38:12,2018-06-07 11:00:03,2018-06-07 14:45:00,2018-06-15 13:11:32,2018-07-30,869.0,44.13,1,1,913.13,10,1,1.0,1.0,bb7d7c6524f7188d3e68a33b68e758e8,56355,dormentes,PE,8.106481481481481,52.556805555555556,0,913.13
3a554e98b0dc0cef33a8df6e1b687a04,533271407b61719b4d9ab43efb207650,delivered,2018-06-07 10:43:15,2018-06-07 11:15:45,2018-06-11 19:10:00,2018-06-12 22:18:23,2018-07-04,114.9,11.9,1,1,126.8,2,1,5.0,1.0,47ab1ba0f4339a245d86e2b3783efd91,11320,sao vicente,SP,5.482731481481482,26.55329861111111,0,126.80000000000001
2b0beeb414c4c929b10570f53441db17,a527a9aa0f2e5e877e229144c1769993,delivered,2018-06-07 10:44:00,2018-06-07 11:15:46,2018-06-11 10:40:00,2018-06-22 21:14:30,2018-07-25,65.9,38.51,1,1,104.41,1,1,3.0,1.0,a57ab5ea2fcccaeb61d5aeb48b7bc3e7,55642,gravata,PE,15.437847222222222,47.55277777777778,0,104.41
ee230b38900d26f6334311714d502d30,2572c5aaa8f5391040fdb831e5bd3d1b,delivered,2018-06-07 10:48:15,2018-06-07 11:37:02,2018-06-07 14:53:00,2018-06-18 17:45:46,2018-07-18,119.8,36.6,2,1,156.4,5,1,1.0,1.0,143d7edef4895984cc2ba65086c46682,87303,campo mourao,PR,11.28994212962963,40.54982638888889,0,156.4
9ce03263783d6de468ef6a6debdbe92a,5e1de778ea1bea7c3d6f4c899226b7fa,delivered,2018-06-07 10:57:37,2018-06-07 11:37:01,2018-06-07 11:26:00,2018-06-16 12:26:21,2018-07-27,579.99,26.6,1,1,606.59,4,1,5.0,1.0,4a371496a07fc9aed03d55fd43447f60,23052,rio de janeiro,RJ,9.06162037037037,49.54332175925926,0,606.59
4dcc004247da52d053a714e7af29450b,b4161ffae9931bb851955779d2cda207,delivered,2018-06-07 10:58:35,2018-06-07 11:37:01,2018-06-11 09:20:00,2018-07-04 19:58:41,2018-08-08,59.99,26.97,1,1,86.96,4,1,5.0,1.0,31f50c5b99ae42ca4edb4db95970a16e,69042,manaus,AM,27.375069444444446,61.54265046296296,0,86.96000000000001
6ef401cf776e0393085115618d39f6a9,bba03ef582638ab9f9c9b38eb0392daf,delivered,2018-06-07 11:06:53,2018-06-07 11:37:02,2018-06-07 14:04:00,2018-06-21 15:08:30,2018-07-17,115.9,42.87,1,1,158.77,3,1,4.0,1.0,529917cdfca472b2def736662b42ff9e,77485,duere,TO,14.167789351851852,39.536886574074074,0,158.77
be7a8091a9dc887ea17ef816b6edd96b,cf02ebc7b145e83626254f5d0d1c6042,delivered,2018-06-07 11:09:22,2018-06-07 11:37:04,2018-06-08 14:14:00,2018-06-15 20:12:36,2018-07-19,765.0,23.23,1,1,788.23,1,1,5.0,1.0,46fdd6df708c7bd3414d35806230d8e3,70660,brasilia,DF,8.377245370370371,41.53516203703704,0,788.23
9a613bed98997c9e9969a5b93500f491,4efa34eebe6ae48cc9d684bf60c097bb,delivered,2018-06-07 11:12:43,2018-06-07 11:37:14,2018-06-08 14:50:00,2018-06-13 16:32:10,2018-07-04,18.0,7.39,1,1,25.39,1,1,5.0,1.0,2d9bc9b88f3e84a2f60c0e095b3ca088,18134,sao roque,SP,6.221840277777778,26.532835648148147,0,25.39
