order_id,customer_id,order_status,order_purchase_timestamp,order_approved_at,order_delivered_carrier_date,order_delivered_customer_date,order_estimated_delivery_date,gross_merchandise_value,freight_value,item_count,seller_count,payment_value,payment_installments,payment_types,review_score,review_count,customer_unique_id,customer_zip_code_prefix,customer_city,customer_state,actual_delivery_days,promised_delivery_days,is_late,net_revenue
30acc4fc5f485f20a89c9af9b0b67481,8366ba08152f16bb9b8534350e085166,delivered,2017-08-01 00:02:01,2017-08-01 17:05:14,2017-08-02 12:15:43,2017-08-09 22:39:51,2017-08-23,129.99,16.67,1,1,146.66,1,1,5.0,1.0,57bb2889dd7a0bc0cc733019ec8dcf41,13468,americana,SP,8.942939814814816,21.998599537037038,0,146.66000000000003
317c2c773295f70b67e5511ccd55f81c,1a87ac7d56c7f9d337a271a7c157184c,delivered,2017-08-01 00:03:15,2017-08-01 00:43:11,2017-08-03 16:29:43,2017-08-09 16:14:51,2017-08-21,159.9,12.62,1,1,172.52,3,1,3.0,1.0,04effeb71dfa28a5096368addc3994be,5730,sao paulo,SP,8.674722222222222,19.997743055555556,0,172.52
0f6a5e91a0432f84b83844d7b001d765,fe659882d754bfbce85819a43c666004,delivered,2017-08-01 00:22:08,2017-08-01 00:45:18,2017-08-01 18:12:49,2017-08-08 20:12:54,2017-08-23,99.99,17.95,1,1,117.94,5,1,5.0,1.0,715f90d43334e54a29bb233e7687f65c,27197,pinheiral,RJ,7.826921296296296,21.98462962962963,0,117.94
cb4d16011feadfd13bac457789eedc21,1041aaa2d42eff78cb4b0fba4ba40d66,delivered,2017-08-01 01:21:14,2017-08-02 11:22:47,2017-08-07 13:07:55,2017-08-16 18:03:03,2017-08-25,12.5,15.1,1,1,27.6,1,1,5.0,1.0,bc3489ffe8991610167cf1de57851cff,98960,santo cristo,RS,15.695706018518518,23.94358796296296,0,27.6
3971183c24a8511a1e70df6ba7dd4d7c,daa2f1f018a0e1cd2ced2d84ac489880,delivered,2017-08-01 02:27:28,2017-08-02 11:25:38,2017-08-03 18:17:48,2017-08-08 20:42:25,2017-08-23,79.9,16.81,1,1,96.71,9,1,5.0,1.0,d869109e70bdb3e9fe61fd88a26fd143,81920,curitiba,PR,7.760381944444444,21.89759259259259,0,96.71000000000001
b2b7043343c97ca1dfc624e1d71e43df,dbdac9ead3187fed68b68fd81a5321da,delivered,2017-08-01 03:36:49,2017-08-02 11:23:40,2017-08-03 16:03:35,2017-08-10 17:32:49,2017-08-25,49.9,13.37,1,1,63.27,3,1,5.0,1.0,94b7e216737623dc935a685037d1eb21,89227,joinville,SC,9.580555555555556,23.84943287037037,0,63.269999999999996
ec1b5ec39466f6bb902936532ae76e6a,41db792fdd05f7ea992e84273303721d,delivered,2017-08-01 06:55:52,2017-08-02 11:23:42,2017-08-08 17:07:04,2017-08-24 17:43:29,2017-08-31,32.99,16.79,1,1,49.78,4,1,3.0,1.0,4eb214caad765281839b85fc30e23113,45987,teixeira de freitas,BA,23.449733796296297,29.711203703703703,0,49.78
0713f1dd3cdb0f62e71d9a1f01c2bc0b,e1e49b430a59e70670e977664c8f2f8f,delivered,2017-08-01 07:31:32,2017-08-03 16:50:08,2017-08-04 19:19:47,2017-08-10 19:44:26,2017-08-24,349.9,15.47,1,1,365.37,1,1,5.0,1.0,fad61b77c26ecaf96813bf7dc9e3ee80,85815,cascavel,PR,9.508958333333334,22.686435185185186,0,365.37
0b0b271dbd163df371ef9fa4ff573490,9ce368c03fe60e88669c7ad2788c623b,delivered,2017-08-01 07:33:41,2017-08-02 07:43:13,2017-08-02 18:07:29,2017-08-14 18:16:32,2017-09-01,89.0,19.86,1,1,108.86,4,1,5.0,1.0,09bf37b4ae44dab23f91908140db0d55,45570,ipiau,BA,13.446423611111111,30.68494212962963,0,108.86
56f5835a474cdf734462ea3149a1fa90,9b9024a27b845a8b50ef8d1b7ba89ee8,delivered,2017-08-01 07:48:50,2017-08-02 11:22:35,2017-08-02 18:19:24,2017-08-04 13:42:09,2017-08-15,80.0,17.44,2,1,97.44,2,1,3.0,1.0,97bc08e526795b17e1d4f642f77ae304,9993,diadema,SP,3.2453587962962964,13.674421296296297,0,97.44
1e7aa60419488b934fe799d6faad8b7b,cecac42920e43d56366114931e2c45ef,delivered,2017-08-01 07:51:27,2017-08-02 11:22:31,2017-08-08 14:18:38,2017-08-16 13:38:01,2017-08-14,25.9,7.78,1,1,33.68,1,1,5.0,1.0,573605dc73227f843b291cd789a45d03,8061,sao paulo,SP,15.240671296296297,12.672604166666666,1,33.68
6f4d7831b4beb4c6c46bbcbf3a84df71,d9b79c5c0367faa77e4be9cff715e36b,delivered,2017-08-01 09:09:14,2017-08-01 09:23:16,2017-08-03 17:29:25,2017-08-08 15:05:11,2017-08-23,14.9,12.48,1,1,27.38,1,1,4.0,1.0,f17b1ad764b21ee284cab795b9d9d990,4001,sao paulo,SP,7.2471875,21.618587962962962,0,27.380000000000003
349a7619914f3000dc07ae639ae080b8,e74cf7ebe7cb961ddda6e4cf58e493e3,delivered,2017-08-01 09:13:04,2017-08-03 03:06:16,2017-08-04 20:29:59,2017-08-07 21:58:39,2017-08-23,54.8,27.78,2,2,82.58,1,1,4.0,1.0,9314de119b47bd8bc8aebdf47850b291,17120,agudos,SP,6.531655092592593,21.615925925925925,0,82.58
214e7b7443be4c9b396b5e12d6d9d416,42e0649143d64f64e6d2ce5ce06e8aca,delivered,2017-08-01 09:23:05,2017-08-02 02:50:31,2017-08-02 15:54:49,2017-08-15 19:43:51,2017-08-23,109.9,59.32,1,1,169.22,1,1,5.0,1.0,10df6064a881e4d81b287e37f0b216b3,23065,rio de janeiro,RJ,14.431087962962962,21.608969907407406,0,169.22
53be479f3b3486d26abed234b365a359,0928c1a893356a97b2191a1e812c9914,delivered,2017-08-01 09:24:06,2017-08-01 17:35:16,2017-08-10 21:42:14,2017-08-22 22:02:58,2017-08-31,1736.0,206.6,4,1,1942.6,10,1,4.0,1.0,3a205021b542565ebf170c0ec55783d9,78140,varzea grande,MT,21.52699074074074,29.60826388888889,0,1942.6
f01bca7e8e6bedab1bbcee4ccddca238,eaf8703c9d2a4ca025cab53e61a82ab7,delivered,2017-08-01 09:29:44,2017-08-01 09:45:17,2017-08-01 21:37:25,2017-08-10 20:17:55,2017-08-23,154.69,21.57,1,1,176.26,2,1,3.0,1.0,adcc7fcc48551a2fc5a7965c409f7af5,26700,mendes,RJ,9.450127314814814,21.604351851851852,0,176.26
9015087bd3384196d2ed2265cba81150,dbccb4da6723471cd6429812d0c3b086,delivered,2017-08-01 09:30:21,2017-08-01 09:45:14,2017-08-02 14:49:04,2017-08-04 19:10:10,2017-08-23,222.0,33.71,2,1,255.71,10,1,5.0,1.0,db29fa1f0d621557cec5d539a6e68050,37150,carmo do rio claro,MG,3.402650462962963,21.60392361111111,0,255.71
408e91bfedadd9e3a02ea46af7e6cb4e,25cdd696ed4c3f8f9b78a59a6b5cfcad,delivered,2017-08-01 09:32:24,2017-08-02 02:50:47,2017-08-02 15:17:06,2017-08-08 15:37:42,2017-08-15,12.97,7.78,1,1,20.75,1,1,5.0,1.0,0b5d59d4daa94a3cdb4b083bd0439072,8111,sao paulo,SP,7.2536805555555555,13.6025,0,20.75
703038e5100dc9b85add366da67ad6c1,65ce638769e46f0ce2eb1e5c209a9386,delivered,2017-08-01 09:34:16,2017-08-01 09:45:27,2017-08-02 18:17:53,2017-08-15 18:25:55,2017-08-25,89.9,17.88,1,1,107.78,4,1,4.0,1.0,d672a4c6eb9c9797961eb8bd52c44c2a,79680,agua clara,MS,14.36920138888889,23.601203703703703,0,107.78
2d7020e369fc532ef78a4529a7626a33,1c95b09c726b049072f3fd5563f26ed7,delivered,2017-08-01 09:44:26,2017-08-02 02:55:45,2017-08-03 17:21:29,2017-08-15 19:43:53,2017-08-14,31.49,9.94,1,1,41.43,1,1,5.0,1.0,58f93aac906cdbdb0ff96b3224422d0c,5367,sao paulo,SP,14.416284722222223,12.594143518518518,1,41.43
8c9cc9d7e2dfc4cb091854203914cade,f5bc53444f46ca178517d520d40bfdb4,delivered,2017-08-01 09:48:08,2017-08-01 10:05:21,2017-08-04 18:17:27,2017-08-18 20:13:25,2017-08-29,149.99,17.9,1,1,167.89,1,1,5.0,1.0,45530334bab265e2917d54ae975fd34f,91720,porto alegre,RS,17.434224537037036,27.591574074074074,0,167.89000000000001
65ebd0b456e1fc3533b4c0645a90b366,87d2005a4d6739b37ba77588e743642d,delivered,2017-08-01 09:49:05,2017-08-02 02:55:58,2017-08-04 20:27:27,2017-08-11 19:04:16,2017-08-23,144.9,16.77,1,1,161.67,1,1,5.0,1.0,429b1e6a1c4698729d32aded99611fe0,84280,curiuva,PR,10.385543981481481,21.59091435185185,0,161.67000000000002
38246d20fb91403c9ed13e1aa3c665ad,68362d853bb8306b7fe6862d06575fb8,delivered,2017-08-01 09:53:24,2017-08-01 10:10:15,2017-08-02 12:12:42,2017-08-09 18:45:13,2017-08-25,54.43,15.13,1,1,73.59,4,1,5.0,1.0,857ae07258b77102f66e357b983ec5a0,29310,cachoeiro de itapemirim,ES,8.36931712962963,23.58791666666667,0,69.56
1b0eaf74d5b9166e7e9dc0b39be862a8,00b9f074bf913ebcb8e7b9d7f8398782,delivered,2017-08-01 10:04:35,2017-08-01 10:15:22,2017-08-09 18:17:59,2017-08-14 11:58:00,2017-08-25,415.0,19.35,1,1,434.35,10,1,5.0,1.0,5608c8ba4ec9e036b755a199c5fd51ef,21860,rio de janeiro,RJ,13.078761574074074,23.580150462962962,0,434.35
83475dcf3de69a4d4149eae61b9a94cf,5f4cabf6980424d31df7199e53647b28,delivered,2017-08-01 10:06:37,2017-08-01 10:23:51,2017-08-01 17:41:55,2017-08-05 13:07:37,2017-08-21,69.0,11.98,1,1,80.98,3,1,4.0,1.0,b0d28a4603fe3c14a3f6cf3e4b22582b,14940,ibitinga,SP,4.125694444444444,19.578738425925927,0,80.98
68d30b64daa2ee72a7f61b86717c20f4,74d653f3908d54caef36bd9b9a3c7627,delivered,2017-08-01 10:21:50,2017-08-01 10:30:19,2017-08-01 20:13:52,2017-08-12 01:12:18,2017-08-23,89.9,15.38,1,1,105.28,2,1,1.0,1.0,c2e9a50bcf76b5783bc96f906f95bceb,35367,matipo,MG,10.61837962962963,21.568171296296295,0,105.28
476d3802a2891d2a940eebb80d0b7f94,75058153de5d4e44095f12ffc094d34f,delivered,2017-08-01 10:22:51,2017-08-01 10:35:25,2017-08-02 19:12:13,2017-08-18 20:04:02,2017-09-04,36.0,28.75,1,1,64.75,3,1,5.0,1.0,3a84b09773647669be6986467e6849f4,62130,meruoca,CE,17.40359953703704,33.56746527777778,0,64.75
a0d4f93076122f91ae6403813fa2744a,6c9248ca8a88d31092ae006ff63b12a4,delivered,2017-08-01 10:25:49,2017-08-01 10:43:53,2017-08-11 18:33:37,2017-08-22 21:56:39,2017-09-06,1359.0,52.13,1,1,1411.13,7,1,5.0,1.0,a58350975662c1816a7c8f01bf816bf6,24344,niteroi,RJ,21.47974537037037,35.56540509259259,0,1411.13
15e4f54bacc1f99c567ae071a016fa9b,21ed3e5a4e346b598ca00f8a849e0fd4,delivered,2017-08-01 10:28:27,2017-08-01 10:43:59,2017-08-02 19:25:57,2017-08-14 21:00:01,2017-09-04,299.99,39.65,1,1,339.64,6,1,5.0,1.0,6791ba098f52efa797c971de1e7ea86a,63104,crato,CE,13.438587962962963,33.56357638888889,0,339.64
b3f3f413f89e281887189ce9f68f4ff9,959c13829307e48e177d8301a432c3fa,delivered,2017-08-01 10:29:11,2017-08-01 10:43:48,2017-08-03 13:42:12,2017-08-04 20:03:04,2017-08-14,295.8,31.58,2,1,327.38,10,1,5.0,1.0,065dd01c6b43b086b22fdc329552d765,13313,itu,SP,3.3985300925925928,12.56306712962963,0,327.38
6b53b59d28af45f02a606d5ace41b854,319e3c9ffdbeda213ed5d491e3166502,delivered,2017-08-01 10:29:34,2017-08-01 10:45:13,2017-08-08 16:22:18,2017-08-17 18:57:56,2017-08-23,82.9,15.33,1,1,98.23,1,1,1.0,1.0,9c339f12bc8355cffd6dc8ee37e90c5c,88070,florianopolis,SC,16.353032407407408,21.562800925925927,0,98.23
25d98499d4fbac84c6e15d83148cf23a,e38a6b4ab8665483ee31d30c449b333e,delivered,2017-08-01 10:30:39,2017-08-01 10:50:37,2017-08-02 20:06:49,2017-08-07 17:19:48,2017-08-23,299.9,15.83,1,1,315.73,6,1,5.0,1.0,5c52ba4067dd03fe444582c1573f8d81,3166,sao paulo,SP,6.284131944444445,21.562048611111113,0,315.72999999999996
40af8092cfca37c02ef8a817574f6edb,d4b436a493460b0d94761264ecaa51f4,delivered,2017-08-01 10:31:55,2017-08-01 10:45:18,2017-08-01 18:39:53,2017-08-08 20:10:21,2017-08-28,339.2,15.39,1,1,354.59,1,1,4.0,1.0,2e644653c7c93fc9020ef771ce505845,35701,sete lagoas,MG,7.401689814814815,26.561168981481483,0,354.59
820152b6c457a82037e534fa94953a56,d387341bbce5ab96e3647bb0e8d0b55a,delivered,2017-08-01 10:40:04,2017-08-01 10:50:14,2017-08-03 18:14:43,2017-08-04 20:21:38,2017-08-14,49.9,7.78,1,1,57.68,5,1,5.0,1.0,91e6fd64694fa9a828270d442ba88e03,6835,embu,SP,3.403865740740741,12.55550925925926,0,57.68
513de686406165c7b540f55a32203946,928c35a557186ec78a34068c5d7e4cf1,delivered,2017-08-01 11:03:32,2017-08-02 02:51:14,2017-08-08 15:18:04,2017-08-11 20:15:27,2017-08-23,248.99,17.5,1,1,266.49,1,1,1.0,1.0,f8349adab2270dd8dcaea0aef8f96b35,1422,sao paulo,SP,10.383275462962963,21.539212962962964,0,266.49
044406a115a855072a8e79d38f028a80,c2fd07c064da726f771496f47be85d7f,delivered,2017-08-01 11:04:50,2017-08-02 03:04:31,2017-08-03 15:13:21,2017-08-10 17:34:49,2017-08-28,56.99,14.15,1,1,71.14,1,1,1.0,1.0,786ed6a6d920a0145c8411715ddbfd1e,92020,canoas,RS,9.27082175925926,26.538310185185185,0,71.14
383730d8be253fb34891920a417f2861,456a071d45cbb3cc872071729ec31dd3,delivered,2017-08-01 11:12:08,2017-08-01 11:30:12,2017-08-08 02:19:44,2017-08-08 19:52:11,2017-08-14,439.79999999999995,58.09,2,1,497.89,3,1,3.0,1.0,09bc7afc3e8d8dccaffd0b16944a91fe,4040,sao paulo,SP,7.3611458333333335,12.533240740740741,0,497.89
58829394980c3e52afb649be7d0e663a,c8d05282b481f15f12dd174d888b3b0d,delivered,2017-08-01 11:12:34,2017-08-02 06:45:19,2017-08-04 15:54:48,2017-08-22 13:51:42,2017-08-25,179.9,16.01,1,1,195.91,1,1,5.0,1.0,58af591de36d092aa6c948be6584f38a,97010,santa maria,RS,21.11050925925926,23.532939814814814,0,195.91
38b5a7a908e197731bb3e8e7f43abc06,368c14840a81d5c727b3407acb2f2fe5,delivered,2017-08-01 11:17:53,2017-08-02 03:04:04,2017-08-02 20:33:04,2017-08-07 22:27:51,2017-08-21,299.87,28.65,1,1,328.52,1,1,4.0,1.0,8afff12050da654451577b482b9e314a,13857,estiva gerbi,SP,6.46525462962963,19.529247685185187,0,328.52
3b73af98e156e78b9589279586399d8e,e097be8f16e8fc40185349962ed5e48c,delivered,2017-08-01 11:20:14,2017-08-01 11:35:08,2017-08-02 15:13:21,2017-08-05 13:26:00,2017-08-22,58.99,13.43,1,1,72.42,1,1,5.0,1.0,6c1d2c4d39f36f6c1bbed3d98fa343de,17066,bauru,SP,4.087337962962963,20.527615740740742,0,72.42
df5e0e070c372394ac03c781fcfc443e,16fbdfa7654444436e8dcb3f77cc2519,delivered,2017-08-01 11:36:35,2017-08-01 11:50:14,2017-08-01 18:06:57,2017-08-03 18:53:32,2017-08-14,49.0,7.78,1,1,56.78,2,1,5.0,1.0,9735b3d802abcb5401b48972ffb3f435,4386,sao paulo,SP,2.3034375,12.516261574074074,0,56.78
2bbef351a53fef6df1c423b96cbfec31,41adf4cea6b5f7f48fabdbd24bb8bfa7,delivered,2017-08-01 11:38:14,2017-08-01 11:50:21,2017-08-02 21:14:57,2017-08-07 18:13:58,2017-08-31,49.9,11.85,1,1,61.75,6,1,5.0,1.0,71f975941034caeb6962ea1655fb93ef,13870,sao joao da boa vista,SP,6.274814814814815,29.51511574074074,0,61.75
5bf84aad38881827341f99a74df1b2be,e6bdb789d2f13fa75af23899bfc3511b,delivered,2017-08-01 11:44:58,2017-08-01 12:03:16,2017-08-02 15:09:57,2017-09-08 15:47:47,2017-09-05,56.99,25.68,1,1,82.67,4,1,1.0,1.0,dd34c3ec9e621272eca99fccad0b5e50,55535,joaquim nabuco,PE,38.168622685185184,34.510439814814816,1,82.67
0e135d08663e167e3c28ef4b5c61424c,6f641c501d95682b72a561a3b199f7a0,delivered,2017-08-01 12:02:03,2017-08-01 12:15:16,2017-08-01 18:04:19,2017-08-07 17:25:03,2017-08-23,79.9,17.81,1,1,97.71,1,1,5.0,1.0,12837d1018c32ae0d5cbcbd85c1036ea,1308,sao paulo,SP,6.2243055555555555,21.49857638888889,0,97.71000000000001
66866953330f81976a2adcd51f603560,2dd24ac3b1b93ee4f95f4fb3a32b0d33,delivered,2017-08-01 12:02:36,2017-08-01 12:15:19,2017-08-01 18:33:42,2017-09-12 14:07:40,2017-08-31,104.9,38.28,1,1,143.18,3,1,2.0,1.0,79bad0b354e3b468d7d9e9b13387cacb,56215,santa cruz,PE,42.086851851851854,29.498194444444444,1,143.18
4183a895b0b1ecb44aacb723661eec8d,8fbc2f7fecc58a98fbd87a538b03dfe4,delivered,2017-08-01 12:07:39,2017-08-02 03:05:22,2017-08-03 14:07:45,2017-08-09 18:58:13,2017-08-22,78.0,12.89,1,1,90.89,1,1,5.0,1.0,d9c194a0bd47eb8aeff6ec5560932005,13417,piracicaba,SP,8.285115740740741,20.4946875,0,90.89
9a517d3da31a43376a0ba6f01f970495,5e271b804f276d8a36840e41116f4ac0,delivered,2017-08-01 12:09:24,2017-08-01 12:23:31,2017-08-04 15:54:03,2017-08-11 18:57:55,2017-08-29,205.0,22.27,1,1,227.27,6,1,3.0,1.0,83d46bed1fdb4afd844d8b7e64959f5f,73255,brasilia,DF,10.28369212962963,27.493472222222223,0,227.27
813036395db381f187d5429f5ee758ac,11a216d3670865418a5b3a1e66ef30d9,delivered,2017-08-01 12:09:54,2017-08-01 12:23:28,2017-08-07 20:58:21,2017-08-23 18:03:13,2017-09-04,98.0,36.01,1,1,134.01,10,1,5.0,1.0,58830e73978eab27a86d804befbfa3a7,65705,lago verde,MA,22.245358796296298,33.493125,0,134.01
34ed4c9c261d1727b6d9be5e70dbd513,9d21cfa5b4ea02caca52f0aec9dd8014,delivered,2017-08-01 12:33:52,2017-08-01 12:45:19,2017-08-02 18:04:39,2017-08-07 19:34:56,2017-08-21,86.99,13.63,1,1,100.62,1,1,5.0,1.0,94cba4bdea67266e8e1ab9ee3520a077,1404,sao paulo,SP,6.292407407407407,19.476481481481482,0,100.61999999999999
a4eef12869fd791389fa4ffb732fce6f,0e19ca95673f2a74a96ae97319376760,delivered,2017-08-01 12:37:20,2017-08-02 12:43:36,2017-08-02 18:37:58,2017-08-21 20:50:00,2017-08-31,42.9,34.15,1,1,77.05,7,1,5.0,1.0,e8ee05d814968f7634456f793f99e87b,55900,goiana,PE,20.34212962962963,29.474074074074075,0,77.05
c9dac7423ceeeaf70c396a2879d06ec3,a7a0983dcb7194cc1b89511619b095bc,delivered,2017-08-01 12:49:50,2017-08-01 13:05:12,2017-08-04 20:59:42,2017-08-11 15:18:54,2017-08-21,19.9,11.85,1,1,31.75,1,1,5.0,1.0,ccd142055d9b805bb3adeda29af041b0,18085,sorocaba,SP,10.103518518518518,19.465393518518518,0,31.75
d184b9c3e16c01c0507923c0ae50d1b3,e118e14ed443bc9e2ea96b5bbe09ab14,delivered,2017-08-01 12:50:41,2017-08-01 13:05:48,2017-08-02 18:04:37,2017-08-08 21:17:28,2017-08-23,87.99,17.87,1,1,105.86,1,1,5.0,1.0,69abb2ee87ff90e275add4e8fbf84ca0,38401,uberlandia,MG,7.35193287037037,21.46480324074074,0,105.86
6b4186f5efd99b748d530675413ef6cb,b1c0bd0ef7a4ac0bb37c4f2cdc9c30e6,delivered,2017-08-01 12:56:09,2017-08-03 03:10:42,2017-08-03 13:13:53,2017-08-11 18:33:26,2017-08-29,44.99,25.63,1,1,70.62,1,1,3.0,1.0,8c9787135b721f4a1ef9e124ef96325e,29092,vitoria,ES,10.234224537037036,27.461006944444446,0,70.62
8a9c4879d3cde9fe810bdc06fb38b671,7dbd177b3fa902ebeb7755430b402694,delivered,2017-08-01 12:56:53,2017-08-01 13:10:16,2017-08-02 20:52:09,2017-08-08 16:35:57,2017-08-30,59.9,17.67,1,1,77.57,7,1,5.0,1.0,854cc8f6c40c2505c9e1518fbe671245,28460,miracema,RJ,7.15212962962963,28.460497685185185,0,77.57
e12f5458c6b4f349a97fbf22e08d17ac,0b7a30ba373aeb55cf28add5b5477956,delivered,2017-08-01 12:57:02,2017-08-02 03:03:55,2017-08-02 17:47:19,2017-08-15 13:54:33,2017-08-23,59.9,17.67,1,1,77.57,1,1,5.0,1.0,8c8173e547e020f411aa55b2fceed861,87145,paicandu,PR,14.03994212962963,21.46039351851852,0,77.57
369eee143e91ca7a46cdddc5f679e1f3,5d554dd7036310dc829b9dc51a453873,delivered,2017-08-01 13:07:11,2017-08-02 13:03:34,2017-08-03 19:55:24,2017-08-09 19:43:34,2017-08-23,775.0,54.17,1,1,829.17,3,1,1.0,1.0,43021aab9a83c6dbbb1fe59ea3bd690d,32681,betim,MG,8.275266203703703,21.45334490740741,0,829.17
63f33355005859ddb3eee5b1a2c48747,598e424c16110469fe1ca7e9269125a6,delivered,2017-08-01 13:11:47,2017-08-01 13:25:13,2017-08-03 19:45:35,2017-08-07 18:28:38,2017-08-15,225.0,39.24,3,1,264.24,4,1,5.0,1.0,2b6aa183c14ace1bbfb595f840bc6c75,11370,sao vicente,SP,6.2200347222222225,13.450150462962963,0,264.24
691ae3791090baa73a918bece7c1d443,50f4ec7d46a714a53d430d880a9636f5,delivered,2017-08-01 13:13:42,2017-08-01 13:30:18,2017-08-02 18:03:30,2017-08-09 19:54:39,2017-09-04,127.99,18.18,1,1,146.17,10,1,5.0,1.0,57ba03e60a4ff6b32b2b63857670d8f6,66640,belem,PA,8.2784375,33.448819444444446,0,146.17
3a69e8bb802e34036e7ef8f6e0f466ea,a73c6cbaa47b964449deabe357bbb8b0,delivered,2017-08-01 13:15:31,2017-08-01 13:30:13,2017-08-02 16:09:50,2017-08-09 19:00:00,2017-08-23,129.9,23.78,1,1,153.68,10,1,5.0,1.0,d2f3a7df276ec8d1dbe15b42c78a841d,29345,marataizes,ES,8.239224537037037,21.44755787037037,0,153.68
dd7e0efbe1cde6192eff0ea57a7b2888,60a0d861a188676b4415c2b9b0c60c94,delivered,2017-08-01 13:29:51,2017-08-01 13:45:19,2017-08-01 21:27:24,2017-08-09 17:33:32,2017-09-11,99.9,25.98,1,1,125.88,1,1,5.0,1.0,2d7c6bd64b139f0f40968dd19c629532,28941,sao pedro da aldeia,RJ,8.169224537037037,40.43760416666667,0,125.88000000000001
4a3b3a1333c6468be0917515b6253108,871cd220d27f326c14f7fa1c5398683c,delivered,2017-08-01 13:37:16,2017-08-02 02:55:27,2017-08-02 19:04:29,2017-08-10 19:57:30,2017-08-23,48.04,20.84,1,1,68.88,1,1,5.0,1.0,b27c5b058158c75da3fad04cc86cff97,84400,prudentopolis,PR,9.264050925925925,21.432453703703704,0,68.88
13e3d20c254d6f982d8a1a1f57d74268,b02bb20c4a867ed23194f205619ada9e,delivered,2017-08-01 13:43:33,2017-08-01 14:03:15,2017-08-02 19:49:51,2017-08-05 13:24:26,2017-08-14,32.0,7.78,1,1,39.78,3,1,5.0,1.0,85b3ae9df63745fe6974a148da9e2191,3257,sao paulo,SP,3.986724537037037,12.428090277777779,0,39.78
3366858be589fddbcf6a199aab0058d4,ab69a150db2cbcf9c01a34e7e4f75545,delivered,2017-08-01 13:45:24,2017-08-02 03:04:10,2017-08-03 15:13:20,2017-08-04 21:19:54,2017-08-17,19.99,7.78,1,1,27.77,1,1,5.0,2.0,df946ef265626b1e0a425292815ddead,11533,cubatao,SP,3.315625,15.426805555555555,0,27.77
806c224e302c85404164d60601ee3c10,48853c5802b9480df9fe3b34cb7226fe,delivered,2017-08-01 13:45:24,2017-08-02 03:04:37,2017-08-03 15:13:18,2017-08-04 21:33:01,2017-08-16,89.99,7.88,1,1,97.87,1,1,5.0,1.0,df946ef265626b1e0a425292815ddead,11533,cubatao,SP,3.324733796296296,14.426805555555555,0,97.86999999999999
6fbe7b902dedc6669ba972b640f993d6,ce2b0d041ce769c1a4387a6e675b3d2e,delivered,2017-08-01 13:46:53,2017-08-01 14:03:23,2017-08-04 15:38:59,2017-08-11 17:51:21,2017-08-31,205.0,26.27,1,1,231.27,5,1,5.0,1.0,c5f59a485277e53f067ae5659eba223d,75220,santa cruz de goias,GO,10.169768518518518,29.425775462962964,0,231.27
7f40788714e03b8dda5b7ced37a77e37,e3dd4a892b03eb2a71e4edff753f78bc,delivered,2017-08-01 13:53:59,2017-08-01 14:10:24,2017-08-01 19:52:33,2017-08-04 17:23:53,2017-08-24,167.0,15.93,1,1,182.93,10,1,1.0,1.0,30e8026f44c4200b7d0186e73bb25d75,5639,sao paulo,SP,3.145763888888889,22.420844907407407,0,182.93
54a321486a622129adda771a323501f8,a22de42cdb14daab6c9a294ed8c1f15a,delivered,2017-08-01 14:08:34,2017-08-01 14:23:52,2017-08-02 16:37:59,2017-08-17 16:49:26,2017-08-31,99.99,17.14,1,1,117.13,2,1,5.0,1.0,02b3eb3619fdcba4c5a8e5d9ad6c97f2,41515,salvador,BA,16.11171296296296,29.410717592592594,0,117.13
d3b1c54aad50f3222af70ad725e9c481,cb0c81b581cd0cfdff0e7ebfdb068738,delivered,2017-08-01 14:11:57,2017-08-01 14:30:12,2017-08-02 15:37:09,2017-08-08 19:04:52,2017-08-23,37.99,16.6,1,1,54.59,1,1,5.0,1.0,f1e29cf011b066e344648062845002d8,25015,duque de caxias,RJ,7.203414351851852,21.408368055555556,0,54.59
f4ab3840a4f72a98a950099cfcb83502,37d690c79919bb1d5e34370df11fa2c7,delivered,2017-08-01 14:24:04,2017-08-02 02:50:59,2017-08-03 18:03:37,2017-08-21 20:16:43,2017-08-23,18.9,15.1,1,1,34.0,1,1,5.0,1.0,a4d015be0feb92a1a6f955aa522cd956,97015,santa maria,RS,20.244895833333334,21.399953703703705,0,34.0
56e52e0e9ca5698dd8d4fa5de117448c,76b0e019d627ffe53af292a24a2541c2,delivered,2017-08-01 14:25:01,2017-08-01 15:30:19,2017-08-02 18:53:55,2017-08-15 18:07:50,2017-09-01,35.99,16.11,1,1,52.1,3,1,5.0,1.0,97cd8032d232967ef22088eeae78db5e,99034,passo fundo,RS,14.154733796296297,30.39929398148148,0,52.1
a3925c1c7a9d4544b8b2a2d34988be43,24cba367364e421110e32838a6e1efba,delivered,2017-08-01 14:32:24,2017-08-01 14:45:19,2017-08-10 18:37:33,2017-08-17 18:34:00,2017-08-25,59.9,12.55,1,1,72.45,2,1,5.0,1.0,6af21304f6b3cb7e6ea276b0138193a8,11320,sao vicente,SP,16.16777777777778,23.394166666666667,0,72.45
ac9ec0af6e2e654e5b2b88f0ee326b4c,95d79a8ccca128b750566cb18e316ad1,delivered,2017-08-01 14:34:44,2017-08-02 02:36:19,2017-08-04 17:06:03,2017-08-17 18:44:30,2017-08-23,22.5,15.11,1,1,37.61,1,1,5.0,1.0,9813d3c026474649f44a7c540d267070,88132,palhoca,SC,16.173449074074075,21.392546296296295,0,37.61
030840d9a6c8137615d5a2c916667c2c,677fbd5e154bdb06b0ad01bd85aa2ee3,delivered,2017-08-01 14:40:53,2017-08-01 14:50:23,2017-08-02 19:17:02,2017-08-15 18:37:35,2017-08-23,58.2,15.16,1,1,73.36,2,1,5.0,1.0,f386a3c957c05fc9f138303155df1c32,17780,lucelia,SP,14.164375,21.388275462962962,0,73.36
2a834f698c8b713627f7729b9c164746,39e2660b6789a449d35bd48bc54999dd,delivered,2017-08-01 14:44:38,2017-08-01 15:03:42,2017-08-08 20:41:16,2017-08-09 18:58:01,2017-08-14,139.9,8.23,1,1,148.13,10,1,1.0,1.0,fde65d7bb1b30a86cc5cc0399b77e6b0,7011,guarulhos,SP,8.175960648148148,12.385671296296296,0,148.13
2d28eb893fa75595ccee7c92df0d7ce2,6714247d186f702c0cae25ab661f821a,delivered,2017-08-01 14:47:02,2017-08-01 15:03:37,2017-08-04 17:57:53,2017-08-07 19:17:48,2017-08-14,39.99,7.78,1,1,47.77,1,1,1.0,1.0,a7f2cacf4eb2fda5ec74b375eb73ba1c,1508,sao paulo,SP,6.188032407407407,12.38400462962963,0,47.77
c3dbc724471dca9ff3515615f8b15f02,419a59df900e484bcfaf13c37609e7d3,delivered,2017-08-01 14:47:34,2017-08-01 15:03:40,2017-08-02 17:46:05,2017-08-12 12:12:11,2017-08-23,86.4,21.09,1,1,107.49,3,1,5.0,1.0,a205abd67087c2a8b4d03afda5822e17,12215,sao jose dos campos,SP,10.892094907407408,21.38363425925926,0,107.49000000000001
141e9339279b23d1c38a8512d0e9ba7f,8dc4c1ba3c81aa79d96e459b5e8a8b66,delivered,2017-08-01 14:50:48,2017-08-01 15:05:12,2017-08-03 17:21:32,2017-08-08 23:15:32,2017-08-23,34.9,16.11,1,1,51.01,5,1,5.0,1.0,adfc21860c222bc8b607b5ef86341153,18017,sorocaba,SP,7.350509259259259,21.38138888888889,0,51.01
58ee11026c2fdda6ff738c392cc5fb00,4aede30e7fba0851ea1d42c960892843,delivered,2017-08-01 14:51:29,2017-08-03 03:04:56,2017-08-03 15:26:08,2017-08-10 18:05:05,2017-08-23,59.0,15.16,1,1,74.16,1,1,4.0,1.0,0e0d3aed77ac2e3746c2ddc3101e3d43,24350,niteroi,RJ,9.134444444444444,21.380914351851853,0,74.16
1de55e56e0ba3d045955e0336a3fab7d,86da2d358ebbebfd141037f3e96d37c5,delivered,2017-08-01 14:57:33,2017-08-01 15:10:14,2017-08-01 20:50:14,2017-08-05 16:58:41,2017-08-21,84.9,14.32,1,1,99.22,4,1,5.0,1.0,3c6cdb158daff25d19a9a4e1419c46ba,34590,sabara,MG,4.08412037037037,19.37670138888889,0,99.22
22f83401479022a8e4e700556dc91233,d9b8efad219a6a3871b80c96b2a5b19b,delivered,2017-08-01 15:03:53,2017-08-01 15:40:09,2017-08-03 14:07:45,2017-08-07 17:47:18,2017-08-24,78.0,14.3,1,1,92.3,9,1,5.0,1.0,a7e209496245738381849003d3958ba4,22050,rio de janeiro,RJ,6.113483796296296,22.37230324074074,0,92.3
fde1f9f7f42a794aed395c97703ed5b3,42b34449473b9f9a218abf52d52751f7,delivered,2017-08-01 15:04:25,2017-08-01 15:15:23,2017-08-02 16:27:48,2017-08-09 17:54:28,2017-08-23,179.9,16.01,1,1,195.91,1,1,4.0,1.0,0ae6f1aa489855895f9e8acb6fd16b98,27281,volta redonda,RJ,8.118090277777778,21.37193287037037,0,195.91
a83c5c172d25f80a91e4506352d2c412,9272c9373449fa586ea14f425b5497a7,delivered,2017-08-01 15:05:29,2017-08-02 15:15:14,2017-08-07 19:16:59,2017-08-11 16:10:31,2017-08-23,198.0,17.64,1,1,215.64,10,1,5.0,1.0,b19d292b262c20848e34f53cfb6e5de9,20231,rio de janeiro,RJ,10.045162037037038,21.37119212962963,0,215.64
b2ad7cad7381ae63e968c60fa8f7f7a2,8ae4f6962420bf836509d9a57f4f81f7,delivered,2017-08-01 15:09:57,2017-08-01 15:35:41,2017-08-02 20:32:57,2017-08-03 18:13:49,2017-08-14,10.0,7.78,1,1,17.78,1,1,5.0,1.0,f71ad9e3933eb975539528f2637b4ec8,3131,sao paulo,SP,2.127685185185185,12.368090277777778,0,17.78
0ae3b855f8b744f0999f8dd01e3598f0,98fc2f89ab49b52794051074ef9fd395,delivered,2017-08-01 15:14:09,2017-08-01 15:35:26,2017-08-03 21:32:46,2017-08-10 18:27:39,2017-09-04,119.9,21.64,1,1,141.54,5,1,4.0,1.0,24e3344693790428aba18ad6c71d0c4c,90650,porto alegre,RS,9.134375,33.36517361111111,0,141.54000000000002
fc24b77521e400e8290a902026efcc85,66cc929741c3d1d277e05b4540bf9a8c,delivered,2017-08-01 15:14:40,2017-08-01 15:35:30,2017-08-04 19:49:40,2017-08-07 21:15:05,2017-08-23,161.04,35.62,2,1,196.66,2,1,4.0,1.0,1bdff446efb5846d0969eaf8978d4342,15015,sao jose do rio preto,SP,6.250289351851852,21.364814814814814,0,196.66
acd7029e70d5e80091c71c9be6643758,b03ee9f793c8f31660394513b415e602,delivered,2017-08-01 15:17:33,2017-08-02 03:04:48,2017-08-07 18:42:55,2017-09-13 15:07:38,2017-08-16,48.9,9.94,1,1,58.84,1,1,1.0,1.0,95b0c515f4728a152b488e6bb002c6a1,22785,rio de janeiro,RJ,42.99311342592593,14.3628125,1,58.839999999999996
8145c63ff6601f1c1aa707a322a8aa99,ce8c6f8008f07e4aa7aa789897cb3e64,delivered,2017-08-01 15:37:27,2017-08-02 07:15:20,2017-08-11 16:18:00,2017-08-21 18:47:43,2017-09-04,19.9,34.15,1,1,54.05,2,1,4.0,1.0,9c79834ab7744d08eb6b0fd707549c09,76940,rolim de moura,RO,20.13212962962963,33.34899305555555,0,54.05
4d3490763a1e9814400feeded1534a33,5660d4bf22854ae198e90ab66c687b43,delivered,2017-08-01 15:38:59,2017-08-01 16:08:40,2017-08-02 20:02:59,2017-08-10 21:08:01,2017-08-23,109.8,15.52,1,1,125.32,6,1,5.0,1.0,851a2dae33c4baff4033cbe44b5bb2cc,30441,belo horizonte,MG,9.22849537037037,21.347928240740742,0,125.32
5514f341fc1dc2f32da4facf97699be2,45ac302fd2581ec255fb247cf7731778,delivered,2017-08-01 15:42:33,2017-08-01 15:55:33,2017-08-03 18:26:00,2017-08-14 18:30:05,2017-08-23,134.99,16.7,1,1,151.69,3,1,4.0,1.0,84f4563777cc8b417d7f83e9e694b55a,88705,tubarao,SC,13.116342592592593,21.34545138888889,0,151.69
c264a40f0928de690a343e0f86c8e320,861b8e733eb985f26e20a1df9a03cc0c,delivered,2017-08-01 15:43:53,2017-08-01 16:08:43,2017-08-02 20:02:48,2017-08-09 20:16:46,2017-08-25,89.0,37.92,1,1,126.92,4,1,5.0,1.0,cc796b83212b9a89fdafbced7aa2a321,41280,salvador,BA,8.189502314814815,23.344525462962963,0,126.92
564a8a107b3cf23a00e2da12351a9797,02af9983dee3e98a57adc7b02f17de3a,delivered,2017-08-01 15:59:54,2017-08-02 07:30:15,2017-08-04 15:54:48,2017-08-09 17:21:43,2017-08-21,179.9,12.76,1,1,192.66,4,1,1.0,1.0,c750cfd386791c7a665caa28e05d6f33,1448,sao paulo,SP,8.05681712962963,19.333402777777778,0,192.66
2e6d2d54826e3dc0cf96b86f6d029dbf,720d7be2cfbad4db907a1a9d1357612a,delivered,2017-08-01 16:11:38,2017-08-01 16:43:03,2017-08-02 22:26:49,2017-08-12 16:18:59,2017-08-23,49.99,12.48,1,1,62.47,1,2,3.0,1.0,c87bae723aa2dcb8776c9b171db898ac,11081,santos,SP,11.005104166666667,21.32525462962963,0,62.47
f40cab00f0f0f6d8f315adcda77fd5cb,cf0dfaabab12de076316cf77f376d17e,delivered,2017-08-01 16:12:48,2017-08-01 16:42:58,2017-08-02 20:52:09,2017-08-21 21:52:31,2017-09-08,59.9,37.97,1,1,97.87,9,1,5.0,1.0,dc9601017e7242b2d4731669d1ce7bc5,57017,maceio,AL,20.235914351851854,37.324444444444445,0,97.87
59abaffabcf78a9b635f9c5f16a8cee3,2cfd3fdf8463322efd77d6905f37f435,delivered,2017-08-01 16:20:58,2017-08-03 03:05:09,2017-08-09 21:48:33,2017-08-24 19:04:07,2017-09-05,24.9,17.92,1,1,42.82,1,1,2.0,1.0,95a7a31069dc4300022f82c5fb893218,45416,presidente tancredo neves,BA,23.113298611111112,34.318773148148146,0,42.82
2ec087d40ad96030d054ef730191d7b1,7eed9c9e30469079aef5f771a837322d,delivered,2017-08-01 16:28:01,2017-08-01 17:20:06,2017-08-02 20:32:56,2017-08-21 20:29:29,2017-09-04,122.61,34.66,1,1,157.27,6,1,5.0,1.0,aa7853ce070036b66ac47b1d98f3cf3d,76870,ariquemes,RO,20.167685185185185,33.31387731481482,0,157.26999999999998
3bd1df775df3958fa5a42deddb92d151,4297ea13bf20c3a97a51657f66876238,delivered,2017-08-01 16:28:56,2017-08-03 03:10:26,2017-08-03 18:33:20,2017-08-10 12:07:22,2017-08-23,115.0,15.56,1,1,130.56,1,1,5.0,1.0,348d165338792ff45589b5bdd768e808,2730,sao paulo,SP,8.818356481481482,21.313240740740742,0,130.56
92e3a3bff7261e031fc2901b229ce73a,2446493153fbd0d91d59db97bd08daf3,delivered,2017-08-01 16:29:10,2017-08-02 03:04:12,2017-08-03 18:49:44,2017-08-07 14:26:02,2017-08-21,199.0,13.73,1,1,212.73,1,1,4.0,1.0,b4550db0dd0acc01ee218ec3aef8ffea,11045,santos,SP,5.9144907407407405,19.313078703703702,0,212.73
4f2acff0b7d2bcc4a408abe5a223d407,d67b6cca5a87299f711a6961f579fe67,delivered,2017-08-01 16:31:35,2017-08-02 02:50:25,2017-08-03 14:36:34,2017-08-09 19:56:50,2017-08-23,75.9,14.28,1,1,90.18,1,1,5.0,1.0,aea90564d6f09ae11bf936f55ed49d72,82030,curitiba,PR,8.142534722222223,21.31140046296296,0,90.18
aa8e678261a5c83986ed3be5314c033d,f67f5e54df9b0d1e64d7f8bdb40aba79,delivered,2017-08-01 16:34:29,2017-08-01 17:20:10,2017-08-02 13:13:20,2017-08-03 15:17:37,2017-08-16,36.9,9.94,1,1,46.84,4,1,5.0,1.0,cea77860bd914a494d05aa2d74d8dbe9,6872,itapecerica da serra,SP,1.9466203703703704,14.309386574074074,0,46.839999999999996
977e2e63a3b6924e344efa8c684f83dd,2e8fefe7c64009a35dc6d4a985159bf4,delivered,2017-08-01 16:46:26,2017-08-02 03:04:26,2017-08-03 18:25:07,2017-08-08 15:33:44,2017-08-21,10.9,11.85,1,1,22.75,1,1,4.0,1.0,6e6752afb74ed3025a81ebb066a23639,9920,diadema,SP,6.949513888888889,19.301087962962963,0,22.75
def5a490726da84a4e00b9abfcc9fd6f,4ed45e482abfa0e715a648c5c5070b65,delivered,2017-08-01 16:49:22,2017-08-01 17:03:44,2017-08-03 20:02:59,2017-08-08 16:41:18,2017-08-17,30.0,8.27,1,1,38.27,1,1,5.0,1.0,131341855a28a3cb84f93c21c4fd5dbe,13045,campinas,SP,6.994398148148148,15.299050925925926,0,38.269999999999996
3bb87caef060d2062d1f63e62dc09bd4,a884c88552142b7713b7c90acf653d4a,delivered,2017-08-01 16:50:28,2017-08-03 03:06:09,2017-08-04 16:03:26,2017-08-15 19:29:56,2017-08-31,41.99,17.92,1,1,59.91,1,1,5.0,1.0,f6bc8e8bd4f81e2f10db745bcc3658ce,78460,nobres,MT,14.110740740740741,29.29828703703704,0,59.910000000000004
4259e68b0021b91e05471e07a45c813c,bbf16d46cf6f0d99fadf053943f17e85,delivered,2017-08-01 16:51:20,2017-08-01 17:05:18,2017-08-03 13:04:08,2017-08-08 15:15:07,2017-08-31,229.98000000000002,37.29,2,1,267.27,5,1,1.0,1.0,2986880c7bff6286784a02c253850535,48760,araci,BA,6.93318287037037,29.297685185185184,0,267.27000000000004
4a3b5641ebdc66e5c3c2a2d2e6633587,bef3b7e0d09c81ece65cc174475bb2f8,delivered,2017-08-01 16:52:42,2017-08-01 17:05:20,2017-08-03 13:47:39,2017-08-10 20:42:55,2017-08-21,19.9,11.85,1,1,31.75,1,1,4.0,1.0,72fbda3a8f7ddbe9247958d80e7621db,19600,rancharia,SP,9.159872685185185,19.296736111111112,0,31.75
cc44fca1bc5f1313d254769c6e3d12db,aba117622ed5ebbbf12cec54e77ea66e,delivered,2017-08-01 16:53:35,2017-08-01 17:05:19,2017-08-02 18:51:39,2017-08-09 08:10:24,2017-08-23,42.99,15.1,1,1,58.09,1,1,5.0,1.0,1062922ff74853417e6f85ad68833a56,88540,otacilio costa,SC,7.636678240740741,21.296122685185185,0,58.09
eff47d9b95b39aebec2e228f59baf2eb,bf84807bbb27a050c2bb73587203309c,delivered,2017-08-01 16:59:18,2017-08-02 02:50:24,2017-08-03 14:04:13,2017-08-12 11:09:51,2017-08-23,79.95,17.81,1,1,97.76,1,1,4.0,1.0,27859b8fc903e1d19905aa3f011d0904,9662,sao bernardo do campo,SP,10.757326388888888,21.292152777777776,0,97.76
794d8552a259e61b5e8a46a573c77b41,a059473225838f7005cf82e2f6b9a18d,delivered,2017-08-01 17:03:10,2017-08-01 17:15:15,2017-08-02 15:54:50,2017-08-11 19:58:30,2017-08-23,99.9,61.44,1,1,161.34,5,1,5.0,1.0,1df28da6a384e9822da017c6d44b0656,89130,indaial,SC,10.121759259259258,21.289467592592594,0,161.34
1d38bea3896f01c97d629d249f1c68ff,bc2d96d037549d343268fa67b34d2590,delivered,2017-08-01 17:13:41,2017-08-01 17:30:10,2017-08-04 18:12:16,2017-08-16 16:55:32,2017-08-25,189.0,32.07,1,1,221.07,5,1,5.0,1.0,e6f0ee5fa872be826a42412ba423e02f,95707,bento goncalves,RS,14.987395833333334,23.28216435185185,0,221.07
a0e058d95d9625fbb9a4bd69fd6d0996,1d46f6ccc4985ed63a309848cad48bd5,delivered,2017-08-01 17:18:33,2017-08-03 03:10:54,2017-08-03 18:51:42,2017-08-09 23:07:40,2017-08-21,169.0,12.68,1,1,181.68,1,1,5.0,1.0,2bc00078081fa117b125f5bd5e145764,12606,lorena,SP,8.24244212962963,19.278784722222223,0,181.68
afd3ddd9caf7a0969cc51740136d4a4f,3e945bb5346cb9683dafc08ffbcfa629,delivered,2017-08-01 17:44:46,2017-08-01 18:03:47,2017-08-02 17:22:10,2017-08-14 23:11:10,2017-09-04,35.99,17.63,1,1,53.62,5,1,3.0,1.0,2c94b6ad42b46330347347a3c87dbd7c,60150,fortaleza,CE,13.226666666666667,33.2605787037037,0,53.620000000000005
0d8a7787ec26d5fb6e97f946e95e2c89,7373e5b05a470e1485897bca95695256,delivered,2017-08-01 17:51:07,2017-08-01 18:05:11,2017-08-03 15:13:21,2017-08-04 21:43:11,2017-08-15,49.99,8.72,1,1,58.71,1,1,4.0,1.0,dd08fc5488e37c01852144fd0e8bbe41,12241,sao jose dos campos,SP,3.1611574074074076,13.256168981481482,0,58.71
5d3f17189564c02461ad6f05854bb5a3,c7e4c8fdfd7d2ceac800a0b4ce43887e,delivered,2017-08-01 17:53:32,2017-08-01 18:05:18,2017-08-02 17:47:22,2017-08-08 19:25:04,2017-08-21,59.9,13.44,1,1,73.34,3,1,5.0,1.0,6dea48ff93c2b34417e6fe6da8e06fc5,14460,cristais paulista,SP,7.063564814814815,19.254490740740742,0,73.34
ed0e7f24f9eadad43edce801270a981e,7958e417392cc47d4c91b93ee0aeaa39,delivered,2017-08-01 17:56:12,2017-08-01 18:05:20,2017-08-02 14:17:42,2017-08-10 19:24:33,2017-09-01,789.0,22.77,1,1,811.77,10,1,5.0,1.0,650606c8d2e45478f993ea474fc8f91b,97010,santa maria,RS,9.061354166666666,30.25263888888889,0,811.77
54df86a3941e416fa16c0cb39efcf805,7a37f0cfae45769f677a5cac65ce4bca,delivered,2017-08-01 18:21:16,2017-08-01 19:00:33,2017-08-03 21:10:57,2017-08-11 21:47:47,2017-09-05,40.0,17.63,1,1,57.63,2,1,5.0,1.0,8ed434938d11011f7e13b53355e3b856,54290,jaboatao dos guararapes,PE,10.143414351851852,34.235231481481485,0,57.629999999999995
961f1793d1fa464e0ed6686562936da8,04c79718e69bce669782d1cdbfa6f138,delivered,2017-08-01 18:21:25,2017-08-01 18:35:42,2017-08-04 22:41:41,2017-08-17 20:25:00,2017-09-04,149.0,29.44,1,1,178.44,1,1,5.0,1.0,d39668002ff4ce93810dc43d7e765c1d,61760,eusebio,CE,16.08582175925926,33.23512731481482,0,178.44
664aece086c0b955e71ee4f88965a565,7aa5c798faaf42173981b921aaaacae3,delivered,2017-08-01 18:30:45,2017-08-01 19:04:29,2017-08-03 16:39:56,2017-08-10 19:53:23,2017-08-29,45.9,15.1,1,1,61.0,2,1,4.0,1.0,ace4b37d585102eb36b5371cf9b5ecc3,75635,crominia,GO,9.057384259259258,27.228645833333335,0,61.0
c5ed4f8b9ee1ac3e8f7711fbe0df3541,a09cad700e500bad87750b957538d348,delivered,2017-08-01 18:35:02,2017-08-01 18:50:20,2017-08-03 15:25:17,2017-08-04 21:47:06,2017-08-14,289.8,28.82,2,1,318.62,10,1,5.0,1.0,3ce1c87f5a41df6487cde6bb63eda741,13087,campinas,SP,3.1333796296296295,12.225671296296296,0,318.62
0d4705a6e6fc84a31808604039a41807,b9a79bec2428c0ec8ac0bc179bd69979,delivered,2017-08-01 18:36:26,2017-08-01 18:45:19,2017-08-07 21:59:52,2017-08-16 18:47:34,2017-08-29,205.0,26.27,1,1,231.27,1,1,2.0,1.0,aca8e93c4a6894ec83a2f701a68db9c0,96216,rio grande,RS,15.007731481481482,27.224699074074074,0,231.27
6f8c31653edb8c83e1a739408b5ff750,30407a72ad8b3f4df4d15369126b20c9,delivered,2017-08-01 18:38:42,2017-08-01 18:55:08,2017-08-02 19:07:36,2017-08-09 21:26:33,2017-08-25,58.9,16.17,1,1,75.07,3,1,5.0,1.0,e7c828d22c0682c1565252deefbe334d,83070,sao jose dos pinhais,PR,8.1165625,23.223125,0,75.07
01e4eeac4002b2e57b7ada6bc3a3c38f,73b858b84d3afef2fdc6a26f3ee8c6f7,delivered,2017-08-01 18:44:07,2017-08-01 18:55:11,2017-08-03 18:32:51,2017-08-08 20:33:42,2017-08-21,99.8,23.7,2,1,123.5,4,1,5.0,1.0,12373dc83d9c052f14c972f235f75064,5782,sao paulo,SP,7.076099537037037,19.219363425925927,0,123.5
d52a18d8c96fc34ed51cc6b9535e5964,27bfb516e603ffa4aac3d4db4c8c7442,delivered,2017-08-01 18:44:43,2017-08-02 02:50:50,2017-08-03 15:13:19,2017-08-04 17:07:47,2017-08-15,49.99,8.72,1,1,58.71,1,1,5.0,1.0,888e90e1ccb89eab92b0927fb06750f2,13210,jundiai,SP,2.932685185185185,13.218946759259259,0,58.71
6fa204b6cf6dcfe6c9adca7dc53aa32a,56dfafb543cfa4c2edcc08b9b2c5f0c6,delivered,2017-08-01 18:52:12,2017-08-03 03:04:48,2017-08-03 16:17:38,2017-08-05 12:14:47,2017-08-21,95.0,13.01,1,1,108.01,1,1,5.0,1.0,e4bd579c28cb9ce017feb990171bc957,4113,sao paulo,SP,3.724016203703704,19.21375,0,108.01
c806951ed2556522be8fbace2f4d36cb,cb13c9337236d46c075f9096672dc2da,delivered,2017-08-01 18:57:26,2017-08-01 19:10:19,2017-08-02 18:49:36,2017-08-08 21:15:24,2017-08-23,35.39,14.1,1,1,49.49,1,1,5.0,1.0,38387af23b2136a4cd4dc2f7ce9a6c77,30525,belo horizonte,MG,7.095810185185186,21.21011574074074,0,49.49
7364c719f78ceaaa61ca4e933a4e6022,554df975298823cc6dec4fe5334583e6,delivered,2017-08-01 18:57:56,2017-08-01 19:15:10,2017-08-02 17:44:10,2017-08-18 19:34:09,2017-08-31,119.0,18.4,1,1,137.4,2,1,4.0,1.0,80612c407e8897e64a8e8ec4dbfa9fc6,45656,ilheus,BA,17.025150462962962,29.20976851851852,0,137.4
011f9dff2545a2cf8ac1809faed3ec88,fd10113c54f4f4bfcaacbd1c2d188a77,delivered,2017-08-01 19:00:07,2017-08-01 19:10:21,2017-08-03 12:41:48,2017-08-09 21:04:42,2017-08-23,109.73,16.53,1,1,126.26,10,1,2.0,1.0,db9fa24c8ae633ca73fb9b8cf741574e,30575,belo horizonte,MG,8.086516203703704,21.208252314814814,0,126.26
20073b5a4f4e82bae239dda7b336ca5e,956ca505668348db97e2ab931a66f491,delivered,2017-08-01 19:09:47,2017-08-01 19:26:02,2017-08-02 16:37:58,2017-08-11 18:37:41,2017-08-23,169.0,15.93,1,1,184.93,4,1,5.0,1.0,2c8de0a9e6dc4b80ea9f3a56e0e20009,36204,barbacena,MG,9.977708333333334,21.201539351851853,0,184.93
3db932725b90f4f388d2e361b0f1247e,fc34108ccfb5cd9c569ae7531fe9435c,delivered,2017-08-01 19:11:08,2017-08-01 19:53:53,2017-08-03 17:29:24,2017-08-14 18:16:09,2017-08-23,9.9,15.1,1,1,25.0,2,1,5.0,1.0,6eefa309faab7725bf4b9dce147e4ae6,15930,candido rodrigues,SP,12.96181712962963,21.20060185185185,0,25.0
e68631ba647225f307d0fa392cc1fa13,3090a5486278c5bed3dec2bb7bed04a8,delivered,2017-08-01 19:11:35,2017-08-02 02:50:16,2017-08-04 14:57:50,2017-08-09 17:27:46,2017-08-23,127.0,32.4,2,1,159.4,1,1,5.0,1.0,41f1f3ec3fc4d082af18a6e3e15813c4,7600,mairipora,SP,7.927905092592592,21.20028935185185,0,159.4
4a580bca631a940ffc9e25c96da01773,dbd8419d89e2d12f79322167e68e6225,delivered,2017-08-01 19:24:31,2017-08-01 20:10:17,2017-08-02 19:07:36,2017-11-09 18:08:54,2017-08-23,95.9,16.43,1,1,112.33,4,1,5.0,1.0,0046311f458d8041b00063cb99482903,8270,sao paulo,SP,99.94748842592593,21.19130787037037,1,112.33000000000001
5ed0ef9993cc883d89e624dbb08fb74f,32810b0f4b9819d00a42b73956854780,delivered,2017-08-01 19:32:27,2017-08-01 20:27:25,2017-08-02 18:17:04,2017-08-08 17:07:56,2017-09-06,149.99,14.07,1,1,164.06,3,1,4.0,1.0,136a9905ef5735e9799c1e11d7d13444,1204,sao paulo,SP,6.899641203703704,35.18579861111111,0,164.06
c2a4a8b4f1957c5d03b3ffb311d90c14,265c1fa3e3dcafc3bd75bdfaf43dec86,delivered,2017-08-01 19:34:51,2017-08-01 20:27:29,2017-08-02 19:33:24,2017-08-03 17:17:46,2017-08-16,74.99,12.23,1,1,87.22,2,1,5.0,1.0,eb44cccc71cfe05262155f400c201976,11443,guaruja,SP,1.9048032407407407,14.184131944444445,0,87.22
0373763807c25ce94a4b85c7c0f47062,8cf0e572d0e13c3cd64a678d54e0ad09,delivered,2017-08-01 19:39:49,2017-08-01 20:27:37,2017-08-09 19:05:16,2017-08-14 16:41:29,2017-08-21,22.9,11.85,1,1,34.75,1,1,5.0,1.0,b8e1553512f23d443bba38596aca86c9,4564,sao paulo,SP,12.876157407407407,19.18068287037037,0,34.75
a47d207ca025212d0615efa2862fc3e7,f0ccc3d671b3cf44387e66dd1253005b,delivered,2017-08-01 20:05:26,2017-08-02 02:33:53,2017-08-08 18:12:06,2017-08-11 16:52:24,2017-08-21,51.8,23.7,2,1,75.5,2,1,5.0,1.0,2d511ba1ec0a22de693b9492d6e4e67a,12040,taubate,SP,9.865949074074074,19.16289351851852,0,75.5
739409a92249367522a31eb8ee6161b8,c40f158d06c86288d0d3f32b2984a1b9,delivered,2017-08-01 20:18:00,2017-08-03 03:05:47,2017-08-10 20:27:57,2017-08-17 17:21:54,2017-08-31,169.99,53.79,1,1,223.78,1,1,5.0,1.0,3e56f3ccde79acce2b93147d3232e3ea,97110,santa maria,RS,15.877708333333333,29.154166666666665,0,223.78
0989631de28d3313632d2c5f34a71f57,e05a84797d611a433339232b499f6222,delivered,2017-08-01 20:25:36,2017-08-02 02:33:52,2017-08-03 17:33:43,2017-08-07 21:16:56,2017-08-14,59.8,19.88,2,1,79.68,2,1,5.0,1.0,b777081ff33037f313eb83b79ca3c19b,4457,sao paulo,SP,6.035648148148148,12.148888888888889,0,79.67999999999999
77ac5289e1fb34a1b4236cc77bf62866,4b2d305d5283dfc3fe60493756827c6e,delivered,2017-08-01 20:56:20,2017-08-01 22:00:16,2017-08-04 15:54:01,2017-08-10 18:56:49,2017-09-04,205.0,24.81,1,1,229.81,2,1,5.0,1.0,e3a11fc8ef6c9031128e14bb52d2d7cb,40301,salvador,BA,8.917002314814814,33.127546296296295,0,229.81
1bac6c5afd46ee5f279f46bfc081871d,245f29955c4082da3b4b8c51e857b78a,delivered,2017-08-01 21:02:01,2017-08-01 21:44:54,2017-08-02 18:07:04,2017-08-11 16:41:57,2017-08-31,250.0,26.59,1,1,276.59,2,1,5.0,1.0,bdad7c7ace9980d7f80d8ee51b1feb7b,29900,linhares,ES,9.819398148148148,29.123599537037038,0,276.59
7ff1a09b20dab40c3d68630eb3b56a22,e731ba7b6903d44433f7cc1161d2f1cb,delivered,2017-08-01 21:07:18,2017-08-01 21:50:13,2017-08-04 19:24:55,2017-08-09 17:42:54,2017-08-21,60.699999999999996,35.54,3,1,96.24,4,1,5.0,1.0,3b0fd4045271bcd68bbd76cd66506b74,12209,sao jose dos campos,SP,7.858055555555556,19.119930555555555,0,96.24
4019b970673ea8400df0ad1841bb5a5e,8ce68d3456993fcb579d1915da8e9e60,delivered,2017-08-01 21:12:01,2017-08-02 21:30:17,2017-08-03 17:20:01,2017-08-11 18:28:19,2017-08-29,274.9,26.76,1,1,301.66,2,1,5.0,1.0,7907a6cd2861914817b7b41d33abf303,74075,goiania,GO,9.886319444444444,27.11665509259259,0,301.65999999999997
707366aec5103380c9d2bc6e503d4f66,4b44972085bda435123999dab7212346,delivered,2017-08-01 21:23:27,2017-08-01 21:55:20,2017-08-10 21:14:25,2017-08-15 14:56:56,2017-08-21,19.9,11.85,1,1,31.75,1,1,3.0,1.0,b6d66f034c53af0aeaa276144f332291,2531,sao paulo,SP,13.731585648148148,19.108715277777776,0,31.75
1eef4e610c84e24e3ea7039a14693e90,5403fdd3b599bf8d6c07b02c3ac39ff6,delivered,2017-08-01 21:27:25,2017-08-03 03:04:59,2017-08-08 20:33:05,2017-08-16 14:03:48,2017-08-23,114.97,45.26,1,1,160.23,1,1,5.0,1.0,3e874b23b6b46a0a50dffce68e61a56b,26600,paracambi,RJ,14.69193287037037,21.105960648148148,0,160.23
e80bb64fc4adf8e66ad79b258eb329da,7d764a28df8332970bb99fc81c466604,delivered,2017-08-01 21:33:33,2017-08-01 22:10:21,2017-08-03 19:02:48,2017-08-10 17:34:26,2017-08-23,129.8,15.66,1,1,145.46,7,1,4.0,1.0,b66717ef0e955c85412073121b574836,89711,concordia,SC,8.833946759259259,21.101701388888888,0,145.46
d34e86154f29f6aa2093eb2a578b9326,80b6efab04a0273b5065335546f162d6,delivered,2017-08-01 21:39:39,2017-08-01 22:10:17,2017-08-07 20:07:24,2017-08-08 13:46:01,2017-08-21,79.99,11.76,1,1,91.75,3,1,,,65acc8a15459519fe9efb12b5e74bf80,5842,sao paulo,SP,6.671087962962963,19.09746527777778,0,91.75
a35936917bc53a9d8389a31035869711,5795eb268a358058e245b83429d1cc8d,delivered,2017-08-01 21:49:11,2017-08-01 22:24:05,2017-08-02 20:32:55,2017-08-16 13:34:02,2017-08-21,154.69,16.71,1,1,171.4,5,1,1.0,1.0,4c0c3fcaf24ccb9aa352452e2588491a,8031,sao paulo,SP,14.656145833333333,19.09084490740741,0,171.4
9275f351bb1115ae52dd93a883607ce8,cb4b5930e335dab5d818d5888f5dede7,delivered,2017-08-01 21:52:31,2017-08-01 22:25:16,2017-08-03 19:29:30,2017-08-09 14:59:59,2017-08-28,105.0,22.6,1,1,127.6,6,1,5.0,1.0,eb8fa2237c8dc803b8b4dd1eb2d44d20,4844,sao paulo,SP,7.713518518518518,26.088530092592592,0,127.6
39218a9d4da3e7da685ae1a821387932,5bdfca329622923b8db14b38df45504a,delivered,2017-08-01 21:53:05,2017-08-03 03:05:10,2017-08-03 16:42:07,2017-08-04 18:57:56,2017-09-01,134.9,9.14,1,1,144.04,1,1,5.0,1.0,514532afd23e464dfbb1226a8bfedcf3,12213,sao jose dos campos,SP,2.8783680555555557,30.088136574074074,0,144.04000000000002
58293f63cf0304768ab4811c0f4dbe17,8b0be9bfc47dd1771ba01b85951aa770,delivered,2017-08-01 21:55:55,2017-08-01 22:25:17,2017-08-02 16:32:31,2017-08-12 14:57:00,2017-08-23,99.0,14.42,1,1,113.42,5,1,,,48544e2a72d681a47b88eeb02b2c882e,18054,sorocaba,SP,10.709085648148148,21.08616898148148,0,113.42
48a7fc253b8c47a7442e210258118c33,3b9f56115f9155c14da816b78663d546,delivered,2017-08-01 22:00:44,2017-08-01 22:35:14,2017-08-02 18:20:04,2017-08-07 20:46:44,2017-08-23,21.99,15.1,1,1,37.09,1,1,4.0,1.0,a0939a08189946db7b19905ed27ec6fc,3069,sao paulo,SP,5.948611111111111,21.082824074074075,0,37.089999999999996
c96bbfcef566c4118ee31d941a8619a5,b9de529c69c02efac74a496dece746d6,delivered,2017-08-01 22:03:31,2017-08-01 22:30:18,2017-08-02 18:33:13,2017-08-03 16:23:07,2017-08-16,43.0,7.78,1,1,50.78,5,1,5.0,1.0,8a1dd3dc626d8344f8907c542cd9b382,12950,atibaia,SP,1.763611111111111,14.080891203703704,0,50.78
eac1fde2c419db91e5e85525ff33fbc9,57e8f62601a7a9f9b62e1ae00b9dcfee,delivered,2017-08-01 22:04:23,2017-08-01 22:35:14,2017-08-10 17:18:11,2017-08-25 16:26:43,2017-09-04,14.99,25.63,1,1,40.62,4,1,5.0,1.0,9c7bb801e639b91eb75206550acc92a4,63200,missao velha,CE,23.76550925925926,33.08028935185185,0,40.62
1c8c87765ea79e8a75b27597f1ba8c24,7f43acabae2904f587aa6281c266644f,delivered,2017-08-01 22:22:56,2017-08-03 03:05:08,2017-08-03 18:32:44,2017-08-11 15:15:37,2017-08-25,229.99,22.1,1,1,252.09,1,1,5.0,1.0,e0c23e8f0daad02d842426dbf4cc1fe2,98918,boa vista do burica,RS,9.703252314814815,23.06740740740741,0,252.09
0bd6f6cbd1aa613a762bcc714ffcadd5,a2201a196851d833c88b932614aa23a1,delivered,2017-08-01 22:24:02,2017-08-01 22:45:06,2017-08-03 16:13:43,2017-08-10 01:13:36,2017-08-23,109.99,21.18,1,1,131.17,6,1,,,a16b5d5045e926d166f41c02688cf322,39873,machacalis,MG,8.11775462962963,21.066643518518518,0,131.17
da9d5d868a28b17116214d1240c22837,8cd6037505c5d3a5f92d485b1345e918,delivered,2017-08-01 22:25:27,2017-08-03 03:04:44,2017-08-11 20:22:20,2017-09-19 18:09:44,2017-09-08,49.99,42.38,1,1,92.37,1,1,1.0,1.0,54c7b4f48fb9e911bf328bf9884ca61d,56400,floresta,PE,48.82241898148148,37.06565972222222,1,92.37
2d1d5777f29a8ee6593cf90b85afb5b6,e005b68469dd892804952168469745b5,delivered,2017-08-01 22:31:01,2017-08-01 22:45:13,2017-08-02 18:52:58,2017-08-09 17:17:39,2017-08-21,76.9,14.27,1,1,91.17,1,1,5.0,1.0,46e5acb6c2cdfc0f4860de6df22769e5,85892,santa helena,PR,7.782384259259259,19.061793981481483,0,91.17
c81ac01b43070a78c7039041dd0578af,c28f25ff63f6e64318f04142b8220093,delivered,2017-08-01 22:40:02,2017-08-01 22:55:13,2017-08-07 17:57:49,2017-08-17 20:22:23,2017-08-25,98.0,16.45,1,1,114.45,5,1,5.0,1.0,417a3c7a0fe1f346f798300b85a4e390,91520,porto alegre,RS,15.904409722222223,23.05553240740741,0,114.45
9f746b29d9c50effb250e5b99c2c8874,68aabe09a8f238550a40b8220c176f46,delivered,2017-08-01 22:49:34,2017-08-03 03:05:59,2017-08-04 22:26:44,2017-08-07 18:53:43,2017-08-15,19.9,8.72,1,1,28.62,1,1,4.0,1.0,32e7e039fe1e643c942653d992e1abb4,1224,sao paulo,SP,5.836215277777778,13.048912037037036,0,28.619999999999997
4974c65072c3a0265ef2be771aae8251,0c137d76fe12fdf5abcbefed887f2b95,delivered,2017-08-01 22:58:08,2017-08-01 23:10:17,2017-08-04 13:24:42,2017-08-09 15:35:26,2017-08-23,49.09,12.69,1,1,61.78,6,1,5.0,1.0,7e75aeef30d7e9d4ac860fcc8eaa8812,11520,cubatao,SP,7.692569444444445,21.042962962962964,0,61.78
a80a4dceedf382d563f372491a02ec23,9182ea36ab1a161d290631a23c642d56,delivered,2017-08-01 23:07:21,2017-08-01 23:15:17,2017-08-02 21:07:00,2017-08-07 17:48:00,2017-08-31,49.99,34.15,1,1,84.14,1,1,4.0,1.0,03123d7e0e62ae71737f4ceafe399495,35162,ipatinga,MG,5.778229166666667,29.0365625,0,84.14
ca3a17e05aaef4739aa16cc63be8a117,12168c42925f55a232b6fb7e0bb32007,delivered,2017-08-01 23:30:24,2017-08-01 23:45:07,2017-08-02 20:32:43,2017-08-04 20:33:43,2017-08-21,439.0,33.41,1,1,472.41,10,1,4.0,1.0,028610eb2f6daf6bb4c37e1bd2b42210,82820,curitiba,PR,2.8773032407407406,19.020555555555557,0,472.40999999999997
20be6d24b0a84a4e329e5973d524f20f,eb7276a4ee7dd4449adcde6da478121a,delivered,2017-08-01 23:35:06,2017-08-01 23:50:10,2017-08-03 14:51:24,2017-08-15 16:07:08,2017-09-08,39.98,68.3,2,1,108.28,2,1,5.0,1.0,edc9873039c3986b086a6fa6953bcf27,65265,mirinzal,MA,13.688912037037037,37.017291666666665,0,108.28
e7c93d513c10924fe1f15a0838e4ce95,3f6ae99881c82dfb4cfbb0f95e17d157,delivered,2017-08-01 23:41:09,2017-08-02 00:35:16,2017-08-04 19:57:54,2017-08-07 21:16:49,2017-08-14,28.99,7.78,1,1,36.77,2,1,2.0,1.0,d5bcb0a36db10672d61e47177e7719bf,13146,paulinia,SP,5.899768518518519,12.013090277777778,0,36.769999999999996
b8f158c49d2b09fe06025a4c5dc346f7,e282126399eecb8506f61840a0d65c15,delivered,2017-08-02 00:24:21,2017-08-02 00:35:17,2017-08-02 20:17:45,2017-08-04 20:42:04,2017-08-17,169.99,15.94,1,1,185.93,5,1,4.0,1.0,fe171b73cfaddd2f6f9645121662da32,18025,sorocaba,SP,2.845636574074074,14.983090277777778,0,185.93
854b1633927e30873792f06e568ed766,4dd6d98ac5cadd43fde7a222269c90ad,delivered,2017-08-02 01:07:28,2017-08-02 01:23:32,2017-08-03 18:49:44,2017-08-09 20:12:32,2017-08-24,169.5,15.94,1,1,185.44,9,1,5.0,1.0,64ffba53eab28344415bca0b4b279009,24240,niteroi,RJ,7.795185185185185,21.95314814814815,0,185.44
e3b442a0dbd0eab458fb4d4abbead49e,9eb9aee89944d31410282c1437ea8c63,delivered,2017-08-02 03:47:44,2017-08-02 21:23:30,2017-08-04 18:13:01,2017-08-10 20:09:34,2017-08-24,33.9,14.1,1,1,48.0,1,1,5.0,1.0,0cafb3b42a6959363663032efe813ef2,9850,sao bernardo do campo,SP,8.681828703703705,21.841851851851853,0,48.0
189622f157848ba3ed54191c7538e07e,6707fe92f6f05df40924ac311f930d8a,delivered,2017-08-02 04:26:49,2017-08-02 04:35:28,2017-08-03 14:05:39,2017-08-04 16:29:45,2017-08-15,134.99,9.76,1,1,144.75,1,1,5.0,1.0,ef1d0f1922417f396a0aa0a03296c572,1424,sao paulo,SP,2.502037037037037,12.814710648148148,0,144.75
c6f76eab23a24f9d7c56f217debbdb65,5f4c2699f48637b47f98a1ae92bb6bd4,delivered,2017-08-02 06:14:43,2017-08-02 06:25:10,2017-08-02 20:52:07,2017-08-08 20:55:10,2017-08-31,59.9,17.67,1,1,77.57,2,1,4.0,1.0,cfa7c07d9ca0c55d47ea3d918ac3f9e2,26574,mesquita,RJ,6.611423611111111,28.739780092592593,0,77.57
0ab4790a52443a30df72f298b03077db,6cdcd721d17f36e52099be0d2a99e25b,delivered,2017-08-02 07:26:53,2017-08-02 07:35:18,2017-08-04 18:28:55,2017-08-07 16:07:45,2017-08-15,205.98000000000002,18.85,2,1,224.83,8,1,5.0,1.0,46ad2eaee2eff1f20b8632d4929177ea,89010,blumenau,SC,5.361712962962963,12.689664351851851,0,224.83
9b0efb7141956726fa720e1ab576d4ca,2ac13f95801bc09dc5624673d54d4c31,delivered,2017-08-02 07:37:51,2017-08-03 03:06:17,2017-08-03 19:29:32,2017-08-07 14:42:02,2017-08-22,34.9,13.37,1,1,48.27,1,1,5.0,1.0,f1934cf6662a6b649f1338693a504eb6,95690,rolante,RS,5.294571759259259,19.68204861111111,0,48.269999999999996
f6d1725c71af7ff66f5c4f5be412a82a,873e46201b44c1f084c6a4e37d00910b,delivered,2017-08-02 08:11:40,2017-08-02 08:25:09,2017-08-04 20:47:49,2017-08-09 16:08:19,2017-08-22,199.9,12.9,1,1,212.8,10,1,5.0,1.0,6d707bfc99be56365257758eed7ed220,17490,piratininga,SP,7.331006944444445,19.658564814814813,0,212.8
b4dc5c3ea28c7836755af87d3d253d68,2a5cc521188a04e72cae8f7115680f18,delivered,2017-08-02 08:12:10,2017-08-02 08:25:14,2017-08-10 19:03:19,2017-08-21 20:51:39,2017-08-30,200.0,46.87,1,1,246.87,10,1,5.0,1.0,63cc1f88e0368077eaf0800d24e5adc8,90620,porto alegre,RS,19.527418981481482,27.658217592592592,0,246.87
86bfcd852de9a299828db590beaca7e4,83912c103521554377deae82bbb82944,delivered,2017-08-02 08:38:08,2017-08-02 08:50:14,2017-08-02 20:13:06,2017-08-14 13:36:55,2017-08-28,16.99,16.79,1,1,33.78,1,1,5.0,1.0,4acd80a0670070b599405d1ba77dcf8b,87013,maringa,PR,12.207488425925925,25.640185185185185,0,33.78
5c691ba7fb954b25c03ed3008a591952,7a145c216b8956a484a50e67e385af99,delivered,2017-08-02 08:39:37,2017-08-02 08:55:10,2017-08-07 21:06:03,2017-08-10 19:35:37,2017-08-24,205.0,18.14,1,1,223.14,10,1,5.0,1.0,019cd54cc450bdfb2de3e83dced0c511,14790,guaira,SP,8.455555555555556,21.639155092592592,0,223.14
6eb3911724b9c8dff28062f417a5db4c,86af5061988dda4f033b6fc18619f4e4,delivered,2017-08-02 08:46:09,2017-08-02 09:03:22,2017-08-02 20:32:54,2017-08-21 21:48:03,2017-08-24,355.9,18.25,1,1,374.15,10,1,5.0,1.0,c942abf01919701c539ac21e33c371c3,25560,sao joao de meriti,RJ,19.542986111111112,21.634618055555556,0,374.15
26c2b0e7dd3eb988721bb042f783c80e,a02334ababbac97e012344f330e4fbb0,delivered,2017-08-02 08:58:27,2017-08-04 11:33:49,2017-08-02 20:33:04,2017-08-10 18:16:37,2017-08-28,299.5,89.94999999999999,5,1,389.45,10,1,4.0,1.0,dfe96ce580a21f177c1d85fe2c78e1ab,21555,rio de janeiro,RJ,8.38761574074074,25.62607638888889,0,389.45
673414c4a1bf9b72b8b6ff0d9decdfc6,18ad953cb2e41768f9d27a594bde4efa,delivered,2017-08-02 09:01:49,2017-08-02 09:10:16,2017-08-03 14:22:58,2017-08-23 11:58:04,2017-08-28,120.0,28.22,1,1,148.22,1,1,4.0,1.0,11a3148cf0bc61a3fa3f4b46a79825a1,85465,espigao alto do iguacu,PR,21.122395833333332,25.623738425925925,0,148.22
0cd0bff6841594d9006994fcfbf3e44b,b299a44de561de2dbfc8fa91dd704af8,delivered,2017-08-02 09:07:50,2017-08-04 02:35:18,2017-08-04 18:43:41,2017-08-16 20:39:43,2017-08-28,15.99,16.11,1,1,32.1,1,1,5.0,1.0,67b657ec047f29a2f42ec7e7be4d03e6,98807,santo angelo,RS,14.480474537037036,25.619560185185186,0,32.1
f11326b050c436253b8d93c1ce36f6f9,ffdd4677bd8a69327e992b213efddf61,delivered,2017-08-02 09:12:56,2017-08-02 09:25:09,2017-08-07 13:04:47,2017-08-11 22:04:49,2017-08-22,15.0,11.85,1,1,26.85,2,1,4.0,1.0,83cd9156b579d10dbf29ed2e13dd5514,13480,limeira,SP,9.536030092592593,19.61601851851852,0,26.85
49b54766a6cd815e2922e7be61248254,f860b285bf81969c1666f94b03d1c697,delivered,2017-08-02 09:49:20,2017-08-02 10:05:24,2017-08-02 19:40:21,2017-08-10 15:28:03,2017-08-22,222.76,32.82,2,1,255.58,2,1,5.0,1.0,8ec41fc3338981457991774ae5e07ebf,13088,campinas,SP,8.235219907407407,19.590740740740742,0,255.57999999999998
8a531931fb00c5c35c96c51a58fe6746,3c0820f9424f2c2e5aa6846c93870913,delivered,2017-08-02 09:51:19,2017-08-02 15:25:14,2017-08-04 18:24:40,2017-08-08 16:48:09,2017-08-24,205.0,18.14,1,1,223.14,6,1,2.0,1.0,b58ccef3fd51ac00d14c04a95f05c306,14404,franca,SP,6.289467592592593,21.589363425925924,0,223.14
e173f7fa910d8a5f30ceb0677f70d9e9,e6fd77eed76aa975b65f6c8fb818e5ec,delivered,2017-08-02 10:08:39,2017-08-02 10:23:45,2017-08-02 20:08:49,2017-08-03 17:56:53,2017-08-21,185.0,23.88,1,1,208.88,1,1,3.0,1.0,b3c465a2c2ae2fecaf10077062e47ed8,4206,sao paulo,SP,1.325162037037037,18.57732638888889,0,208.88
e1e06d229be4515568fce133c60e6089,e87ec36a7eacb7f9f72a5a650cdcc0f1,delivered,2017-08-02 10:12:07,2017-08-02 10:25:10,2017-08-04 14:04:40,2017-08-05 12:02:30,2017-08-15,109.9,9.58,1,1,119.48,2,1,4.0,1.0,0897373755da346bcd56f3933d5331d2,4052,sao paulo,SP,3.0766550925925924,12.574918981481481,0,119.48
d14f57164c76dc1c2abe706a1bf71153,4d724ca7f32d3adc6ab49b2395c07a92,delivered,2017-08-02 10:13:10,2017-08-03 03:04:53,2017-08-04 19:49:40,2017-08-21 20:13:39,2017-09-01,125.9,38.43,1,1,164.33,1,1,1.0,1.0,d1bae22c4db8ca260397132fd64da85a,46400,caetite,BA,19.417002314814816,29.574189814814815,0,164.33
200e0548bbc2cbdcafa92e6c5ab73fb6,21866995bb1dd2c15eea9269bfa0a8dd,delivered,2017-08-02 10:20:00,2017-08-02 22:23:33,2017-08-16 19:10:15,2017-08-24 14:57:35,2017-09-11,29.99,25.63,1,1,55.62,1,1,5.0,1.0,7ac48f0b6b3fc3519cf3032c0591e521,62280,santa quiteria,CE,22.192766203703705,39.56944444444444,0,55.62
266b0e02c5f1de0a40f86f63180419ad,8b1a19c76c21ee813ce4e93237633be4,delivered,2017-08-02 10:20:03,2017-08-03 03:10:24,2017-08-03 20:27:30,2017-08-07 19:49:37,2017-08-17,69.9,11.98,1,1,81.88,1,1,1.0,1.0,319570c563033f7313d82b2c906c695c,22790,rio de janeiro,RJ,5.395532407407408,14.569409722222222,0,81.88000000000001
9216a44f5b8ded17361603142a907289,8192999f1c06e98c177d5cdaf31d7412,delivered,2017-08-02 10:21:05,2017-08-02 10:30:25,2017-08-02 19:03:52,2017-08-09 17:46:17,2017-08-30,27.9,14.1,1,1,42.0,1,1,3.0,1.0,d9f6eafc15ddf1d4537ddd6f0e029df1,74150,goiania,GO,7.309166666666667,27.56869212962963,0,42.0
7d695cbb791e6b56ac8a913e1fa9fbe8,b8febf0469319c4cbb2379e1a0e6fb6c,delivered,2017-08-02 10:22:16,2017-08-02 10:35:23,2017-08-02 23:57:39,2017-08-07 22:26:58,2017-08-25,13.99,15.1,1,1,29.09,1,1,5.0,1.0,7716312abf4518205d576b998825e95a,89206,joinville,SC,5.503263888888889,22.567870370370372,0,29.09
9ff3befac1804f201a935c589a8a1baf,33274c7a5673ba426b910ce5311a4f28,delivered,2017-08-02 10:24:15,2017-08-02 10:35:27,2017-08-03 15:13:15,2017-08-15 17:55:58,2017-08-30,89.99,14.38,1,1,104.37,3,1,5.0,1.0,9892e06a367c1e960cc410e6a43fcd88,72225,brasilia,DF,13.31369212962963,27.566493055555554,0,104.36999999999999
f6fcca1241916be2fda723a7f452aa6f,09fc8ff1b2ecc31dcfe55d4ff7e4314b,delivered,2017-08-02 10:34:23,2017-08-03 10:44:06,2017-08-04 15:24:08,2017-08-12 13:33:35,2017-08-15,78.99,11.76,1,1,90.75,3,1,5.0,1.0,da5af046669c1e45972ab1b7bcea6723,13061,campinas,SP,10.124444444444444,12.55945601851852,0,90.75
1706a936242c6f493108524653bb81a6,e75cb50ef20e994f32b103533e1104c9,delivered,2017-08-02 10:36:10,2017-08-02 10:50:29,2017-08-03 18:09:55,2017-08-04 20:11:58,2017-08-22,86.99,13.63,1,1,100.62,2,1,4.0,1.0,327f501d2d5d03cb32e6b696f28963c9,13602,araras,SP,2.399861111111111,19.55821759259259,0,100.61999999999999
50459e4bff96bdc46566472362da2e0d,7486e979006d7e8197f5d0fdebcd62de,delivered,2017-08-02 10:38:14,2017-08-04 20:03:27,2017-08-10 14:52:00,2017-08-30 20:19:57,2017-08-24,45.0,16.11,1,1,61.11,1,2,2.0,1.0,1af07d283f70a0deb43449ce5f1b367c,20540,rio de janeiro,RJ,28.403969907407408,21.556782407407407,1,61.11
6fdf3a3b43dc38614dd0a089582edad0,28791c94579a4d9701f4c05e6c5f87de,delivered,2017-08-02 10:38:47,2017-08-02 10:50:33,2017-08-03 18:59:54,2017-08-15 19:39:30,2017-09-06,75.0,24.98,1,1,99.98,4,1,5.0,1.0,9622a5e690173e69309e964cdec06605,51350,recife,PE,13.375497685185184,34.55640046296296,0,99.98
cad5d7a0969b060d6df0afe1c761cb69,cd2149be09a8d515d7b129d8dbac2fc2,delivered,2017-08-02 10:41:43,2017-08-02 10:55:12,2017-08-04 10:26:34,2017-08-09 16:58:29,2017-08-22,91.96,50.76,4,1,142.72,5,1,5.0,1.0,9fe5defc789a28f9554cdf81a4ccc933,7995,francisco morato,SP,7.261643518518518,19.554363425925924,0,142.72
2f6d60e301b09631418701136a333a09,5121d76f3ba68a4dc5c19e92383f73da,delivered,2017-08-02 10:44:07,2017-08-03 03:05:11,2017-08-04 17:13:09,2017-08-16 15:42:51,2017-09-11,59.9,37.56,1,1,97.46,1,1,4.0,1.0,bd919bdc2d312cab99607ee18610d23c,92120,canoas,RS,14.207453703703704,39.55269675925926,0,97.46000000000001
ae15b2781b5af9c409f1c064b3c78d43,6d06e4f402231c40950574cee48500a0,delivered,2017-08-02 10:57:35,2017-08-02 11:10:08,2017-08-03 18:33:31,2017-08-07 16:53:58,2017-08-15,123.8,16.54,2,1,140.34,2,1,5.0,1.0,d38db8e13c1f15ddbf9fd302a4eaafaa,12946,atibaia,SP,5.247488425925926,12.543344907407407,0,140.34
2cf41be0101a0a0487c951ef0de7ee5e,f97f608f3198abc49df971b934cf07aa,delivered,2017-08-02 10:57:45,2017-08-02 22:30:19,2017-08-04 16:22:22,2017-08-18 17:41:20,2017-08-24,105.9,21.23,1,1,127.13,3,1,5.0,1.0,443868483eabd639a41e92df984d9d83,36200,barbacena,MG,16.280266203703704,21.543229166666666,0,127.13000000000001
2914261304b677c941947ce10f6424ec,6660fb67b7a37e9e3542b5ad38a5f2ad,delivered,2017-08-02 11:03:11,2017-08-03 03:05:54,2017-08-04 14:19:37,2017-08-15 21:05:24,2017-08-24,199.0,16.14,1,1,215.14,1,1,5.0,1.0,5dfec95ebaf4dace7a2dc91a397b5535,89012,blumenau,SC,13.418206018518518,21.539456018518518,0,215.14
acd068ae67c781f99b759f3ddb1c5d57,635ce7cacd8a8962bb1281ad48353fd3,delivered,2017-08-02 11:17:49,2017-08-02 11:30:20,2017-08-02 21:17:28,2017-08-07 16:48:32,2017-09-01,24.99,21.15,1,1,46.14,1,1,5.0,1.0,7b8dbf8fed1fdf632b02c207bd0d1146,29166,serra,ES,5.229664351851852,29.52929398148148,0,46.14
5927bb00efcc2db67e6e98500fa49629,7bcba019e4d8bf4e23f5b6e15bc50d3d,delivered,2017-08-02 11:19:52,2017-08-02 11:30:21,2017-08-03 18:09:55,2017-08-08 10:57:39,2017-08-22,86.99,13.63,1,1,100.62,2,1,5.0,1.0,bf12dd43e2ae8a45b393a042fe552231,18570,conchas,SP,5.984571759259259,19.52787037037037,0,100.61999999999999
8193af9e3c0361af46d8c6665c838753,61b73212382d130d7e2abe6a92e72339,delivered,2017-08-02 11:31:34,2017-08-02 11:45:10,2017-08-02 18:07:29,2017-08-10 17:17:48,2017-08-28,27.9,17.6,1,1,45.5,2,1,5.0,1.0,86c7f24cd4a516836d36d9cd6eb43aac,96065,pelotas,RS,8.240439814814815,25.51974537037037,0,45.5
1d69f6b3dd0fc384483cfb2560d8a6a4,222febcc18c882e953a5539e24f097fc,delivered,2017-08-02 11:43:32,2017-08-03 03:10:32,2017-08-07 21:27:54,2017-08-11 19:07:55,2017-08-22,20.0,12.69,1,1,32.69,1,1,5.0,1.0,07f4cb8e1e05580da57e8d57c19eae21,16402,lins,SP,9.308599537037036,19.511435185185185,0,32.69
bf63e72c6c17fc3204c0124ce16426d1,38d2b4629523c6df929e8e1ea42d1327,delivered,2017-08-02 11:44:45,2017-08-03 03:05:49,2017-08-03 21:10:58,2017-08-10 18:43:09,2017-08-22,84.9,14.32,1,1,99.22,1,1,5.0,1.0,388cb818a56011ff813e5649501fee58,35570,formiga,MG,8.290555555555555,19.510590277777776,0,99.22
a6a07a5ae4af92b749d3265d6f459dd3,0ef5b253d785cfc72f6a7c4d28787983,delivered,2017-08-02 11:48:46,2017-08-03 13:45:11,2017-08-07 14:56:55,2017-08-11 16:43:38,2017-08-28,27.9,14.1,1,1,42.0,3,1,5.0,1.0,5194da8c46e3c476a0a031855604ab10,70855,brasilia,DF,9.204768518518518,25.507800925925928,0,42.0
a7664a67c4bc3ba9f5ea7d49cc369034,35349e5366b6dcd7f8a51e2bf1b3497e,delivered,2017-08-02 11:55:23,2017-08-04 16:50:16,2017-08-08 21:49:52,2017-08-14 09:54:52,2017-08-28,84.9,25.43,1,1,110.33,1,1,5.0,1.0,f50c2f14b268b88b7a70a03454ac571e,37880,cabo verde,MG,11.916307870370371,25.50320601851852,0,110.33000000000001
28c04f43311b7418e84ad77c76d1adee,d312fa5d7119e7be2538e9dac623aea1,delivered,2017-08-02 12:17:57,2017-08-02 12:36:59,2017-08-04 14:19:38,2017-08-08 19:32:40,2017-08-22,159.9,12.62,1,1,172.52,8,1,5.0,1.0,5f6e8f4325ddb9f4872b8cd66e02d7af,7091,guarulhos,SP,6.301886574074074,19.48753472222222,0,172.52
4b41b73ec809497c577cc1f085ad38a3,0e884a28dccf5fb788d41bf954eb7b11,delivered,2017-08-02 12:23:46,2017-08-02 12:36:50,2017-08-04 22:12:20,2017-08-09 11:51:43,2017-08-16,38.9,9.34,1,1,48.24,3,1,1.0,1.0,11f49de0f014df932f420ece56c3c2b5,4853,sao paulo,SP,6.977743055555556,13.48349537037037,0,48.239999999999995
0a791a17784db64bbc47f6b666011d9e,9c784dd2711ee49ae9ce0129ec0a1184,delivered,2017-08-02 12:32:26,2017-08-03 03:10:29,2017-08-03 16:17:38,2017-08-10 19:25:33,2017-08-24,45.0,16.11,1,1,61.11,1,1,2.0,1.0,2407d70d5ed17f1a306676228d34d846,26551,mesquita,RJ,8.286886574074074,21.47747685185185,0,61.11
2b28a74a8b08931237c8f73bb7262bcc,37f3ba51e96268505c74bc8cc6fd252d,delivered,2017-08-02 12:47:03,2017-08-02 13:05:18,2017-08-02 18:07:29,2017-08-10 19:27:33,2017-08-24,39.8,30.2,2,1,70.0,2,1,3.0,1.0,e3d1626239aa78a1219476535c6675af,89164,rio do sul,SC,8.278125,21.46732638888889,0,70.0
418f45a2544c9ab8f50c4d6843642a98,00bb2dd15521a8a428bb530b4cabb403,delivered,2017-08-02 12:48:03,2017-08-02 13:03:36,2017-08-07 20:07:50,2017-08-10 23:03:20,2017-08-22,314.9,13.7,1,1,328.6,10,1,5.0,1.0,0cbd5dfde4c06bbe2960d2c0c95e5e7d,14055,ribeirao preto,SP,8.427280092592593,19.466631944444444,0,328.59999999999997
0a76ae785560c5882874b2738c60d958,7c2b2f906d186327dc6e0fe22ed570d0,delivered,2017-08-02 12:48:40,2017-08-04 02:30:49,2017-08-07 18:08:04,2017-08-17 10:22:51,2017-08-28,10.75,15.1,1,1,25.85,1,1,5.0,1.0,009210a1646725341917560a13f7799f,87860,planaltina do parana,PR,14.898738425925925,25.466203703703705,0,25.85
add07aec0f5cae7d936f30137e686c40,dc34bc1e038fe5da49f47c457e5df774,delivered,2017-08-02 12:53:37,2017-08-02 13:05:22,2017-08-07 17:39:02,2017-08-15 16:17:51,2017-09-01,59.9,17.67,1,1,77.57,4,1,1.0,1.0,b439bf017db76aa19751bb210f736afe,86820,california,PR,13.141828703703704,29.462766203703705,0,77.57
bca1fabb8aee7868626d2d9eaa6940e6,4bd7db55d506dfc2a9fb48af0727e7dd,delivered,2017-08-02 12:55:49,2017-08-02 13:10:19,2017-08-02 18:00:09,2017-08-07 15:28:08,2017-08-22,139.9,16.61,1,1,156.51,2,1,4.0,1.0,c7be5dd594dcb1078e6822ba011a13b8,2735,sao paulo,SP,5.105775462962963,19.461238425925927,0,156.51
3241baf723e29f140a6ff9082b7f9aca,3e13d7562141418f00f431202390536c,delivered,2017-08-02 12:57:27,2017-08-02 13:10:10,2017-08-04 17:05:52,2017-08-14 19:36:59,2017-08-24,365.8,26.82,2,1,392.62,5,1,5.0,1.0,9532739f71e34aebe8bb016543c78d86,14940,ibitinga,SP,12.277453703703705,21.460104166666667,0,392.62
a9456d47156dc580a5421d6b0a12074b,e42a0192b918b437a37f3dbf12b49f4a,delivered,2017-08-02 13:00:21,2017-08-02 13:15:12,2017-08-04 20:27:28,2017-08-09 22:17:58,2017-08-24,149.9,17.3,1,1,167.2,1,1,5.0,1.0,1d74b37a78cc3049e04f78b99ac73259,80330,curitiba,PR,7.387233796296297,21.458090277777778,0,167.20000000000002
83356f1b8d875976b75b83c623f73546,e44baab954ccbbfb965518ca818b36a8,delivered,2017-08-02 13:03:12,2017-08-02 13:15:15,2017-08-03 18:22:27,2017-08-07 17:43:19,2017-08-24,57.7,15.16,1,1,72.86,2,1,5.0,1.0,ca0df7f35d19dfb909ba09b176ee5a25,24365,niteroi,RJ,5.194525462962963,21.45611111111111,0,72.86
ac9c24587cf6cf6fc0276576b9e95cc6,495ce07cde671e06c6cb9ddde646d7ee,delivered,2017-08-02 13:06:10,2017-08-02 13:23:15,2017-08-04 15:32:32,2017-09-19 15:00:51,2017-08-25,310.0,46.63,1,1,356.63,10,1,1.0,1.0,388661387449408a9ab88ea55c9f1a0f,39480,januaria,MG,48.0796412037037,22.454050925925927,1,356.63
d7a903a05d84644e6e872b9c626d7fc6,0bfea02831694ac939ae7d1ad14287b6,delivered,2017-08-02 13:12:25,2017-08-02 13:25:21,2017-08-03 18:55:56,2017-08-04 21:03:24,2017-08-15,152.19,12.27,1,1,164.46,5,1,5.0,1.0,52d33af1de49df72589cf7e348835ba1,5404,sao paulo,SP,2.327071759259259,12.449710648148148,0,164.46
d118d545516947d2d82fda28e9d631af,8918dedf08a051aff27479246e74a5bd,delivered,2017-08-02 13:18:30,2017-08-02 13:30:13,2017-08-09 14:00:41,2017-08-11 14:40:06,2017-08-22,99.9,12.2,1,1,112.1,1,1,1.0,1.0,65fb17c692327dfef891bef8b7f33c2a,7011,guarulhos,SP,9.056666666666667,19.445486111111112,0,112.10000000000001
85d868c1adad7faa7378efd85048d0fe,06ea539f2f9ea62188a9603255022f8a,delivered,2017-08-02 13:22:38,2017-08-03 06:45:16,2017-08-03 20:27:25,2017-08-04 17:55:39,2017-08-15,40.0,8.27,1,1,48.27,1,1,5.0,1.0,68649a15090c8f4eece0a2be912ab5b1,8536,ferraz de vasconcelos,SP,2.1895949074074075,12.442615740740742,0,48.269999999999996
8a1e1fb0ef7e9f8fd6a0378ece8a4472,b88c8888d812fdbebaeec0a8de1950ef,delivered,2017-08-02 13:26:55,2017-08-02 13:42:55,2017-08-03 18:03:37,2017-08-10 20:52:56,2017-08-24,12.9,12.48,1,1,25.38,1,1,3.0,1.0,f9055b485e8ffaacea73b7306bc9d5bf,1333,sao paulo,SP,8.309733796296296,21.439641203703705,0,25.380000000000003
51e284ce71f96710652ab6d5da30fc09,ae980a87b199d9bbd5de7b78a3ba312b,delivered,2017-08-02 13:39:43,2017-08-02 13:55:09,2017-08-07 19:15:49,2017-08-11 21:25:29,2017-08-23,205.0,18.14,1,1,223.14,5,1,5.0,1.0,025fef1b215081d46d39595c7b67c9a5,18215,itapetininga,SP,9.323449074074073,20.430752314814814,0,223.14
ec782ac14bf00e8e5a69b7ac88c330e9,485336c26a7b4d105be1a42b12266eb7,delivered,2017-08-02 13:43:18,2017-08-02 13:55:18,2017-08-03 18:32:44,2017-08-11 19:44:55,2017-09-01,99.99,19.94,1,1,119.93,4,1,5.0,1.0,85b190008aa5c8b7faa637e6b33552de,44044,feira de santana,BA,9.251122685185186,29.42826388888889,0,119.92999999999999
8a8b616382f617096bdf45e1b3e7e3f5,42b35a52a2ac0962b846d5c532f81e3a,delivered,2017-08-02 13:49:39,2017-08-02 14:05:07,2017-08-07 14:37:53,2017-08-14 17:56:03,2017-08-15,708.0,13.24,1,1,721.24,10,1,5.0,1.0,96ed4389b063541454f2b1f15be16610,13060,campinas,SP,12.171111111111111,12.423854166666667,0,721.24
7c6fd3dc4e3c696906ccc6a37a12da9c,d635ba5e62dd2ef082442664a865bb39,delivered,2017-08-02 13:57:16,2017-08-02 14:10:12,2017-08-02 20:17:24,2017-08-07 15:10:11,2017-08-22,89.9,12.13,1,1,102.03,2,1,4.0,1.0,be6bd6ef5a586205cf814fae3db71689,4207,sao paulo,SP,5.050636574074074,19.418564814814815,0,102.03
ed17f0572bc6ccdacbb220b282a6387c,456bc15b6d6ff358f65574b05e443459,delivered,2017-08-02 14:08:19,2017-08-04 02:15:17,2017-08-08 18:53:48,2017-08-18 08:53:42,2017-09-01,89.99,21.43,1,1,111.42,1,1,3.0,1.0,ffe8f2fc0cee48f79934bd2c506fafc0,8215,sao paulo,SP,15.781516203703704,29.410891203703702,0,111.41999999999999
7db64bdccb109046ffe4247078409ceb,0e46bd5beb3defb22a0fb42dacf5a37d,delivered,2017-08-02 14:10:38,2017-08-02 14:25:19,2017-08-02 21:34:30,2017-08-07 18:22:39,2017-08-24,499.9,22.99,1,1,522.89,10,1,5.0,1.0,e118369ef0f594c99e8aa4bdd44e0e27,3189,sao paulo,SP,5.175011574074074,21.409282407407407,0,522.89
ee3485f5152cb61d512769574a0a1419,083f43233953a6a6b3a4fbf9dcf3722a,delivered,2017-08-02 14:14:24,2017-08-02 14:25:18,2017-08-11 19:40:00,2017-08-16 18:14:30,2017-08-29,99.0,14.44,1,1,113.44,1,1,1.0,1.0,1dd51f88a76276139db81b45e9ffab98,95780,montenegro,RS,14.166736111111112,26.406666666666666,0,113.44
3fdc7dae10900f3b484cae506870d823,1795dd79b24240d8f56302e7bed359e3,delivered,2017-08-02 14:17:13,2017-08-02 16:15:20,2017-08-07 14:49:33,2017-08-21 13:00:00,2017-08-30,45.9,12.69,1,1,58.59,2,1,2.0,1.0,9db9c8afd749185bdf80b8875b526ac7,2879,sao paulo,SP,18.946377314814814,27.404710648148146,0,58.589999999999996
242427a18e5ed02d9a3437e08c70ecc3,56c04aee226f0b4d7493f1556e79df22,delivered,2017-08-02 14:18:17,2017-08-02 15:30:16,2017-08-08 17:38:15,2017-08-15 14:13:37,2017-08-22,109.9,14.5,1,1,124.4,6,1,4.0,1.0,100d7e5658eaabaa8ee218c572a46fdb,85139,colonia vitoria,PR,12.996759259259258,19.403969907407408,0,124.4
ff12a8872c437666ba0b1df5812a956e,60c2cececa9f77296d64e5a4def548e6,delivered,2017-08-02 14:19:54,2017-08-02 14:30:20,2017-08-04 17:35:43,2017-08-11 19:34:06,2017-08-24,44.99,14.1,1,1,59.09,5,1,5.0,1.0,e3cfa812865195deccc10fbb07f7185f,30855,belo horizonte,MG,9.218194444444444,21.40284722222222,0,59.09
ab452b890a65513948bf6a41d4ff3640,a86adbdb7f880f2e49c2c8fb1d06d79d,delivered,2017-08-02 14:24:42,2017-08-02 14:43:38,2017-08-09 17:24:11,2017-08-15 19:15:57,2017-08-29,25.99,12.69,1,1,38.68,1,1,4.0,1.0,8fbf80a3d6284d843ff2808c0ffe497a,14091,ribeirao preto,SP,13.202256944444445,26.39951388888889,0,38.68
aa3b1b308bb7511e14d9d74172de52fa,bb07e71b9f9329b0b12519d519610049,delivered,2017-08-02 14:40:55,2017-08-02 14:55:15,2017-08-03 21:41:27,2017-08-04 19:06:43,2017-08-16,69.0,7.78,1,1,76.78,1,1,4.0,1.0,d864fec759886e2c8ee25038e7f095ab,6419,barueri,SP,2.1845833333333333,13.388252314814816,0,76.78
8649e59f7e617fa93150e6f518d35006,7b33c58fc681f57e0b77b61f268771ff,delivered,2017-08-02 14:49:09,2017-08-02 15:03:30,2017-08-03 20:49:45,2017-08-08 19:03:41,2017-08-24,79.9,16.81,1,1,96.71,4,1,3.0,1.0,7a9ee77d85a48e4eb2f93055ce667d67,34002,nova lima,MG,6.176759259259259,21.38253472222222,0,96.71000000000001
bfb369fd1877d8e3192f79562eacb5e8,752962c47169192a0f438cf9addb0dc5,delivered,2017-08-02 15:01:48,2017-08-03 16:10:20,2017-08-04 22:13:56,2017-08-09 20:39:49,2017-08-23,20.9,11.85,1,1,32.75,1,1,5.0,1.0,5f45aa4ef9b8fb99b95d33a970bb64a7,2337,sao paulo,SP,7.234733796296296,20.37375,0,32.75
04911e590c1c5c9b8e750d3ac1344d54,6ee6a13ac4b3e616824015be6ddc5977,delivered,2017-08-02 15:03:37,2017-08-02 15:15:16,2017-08-04 19:49:40,2017-08-10 20:09:59,2017-08-22,629.9,117.35,1,1,747.25,10,1,5.0,1.0,490752d6d25e7b5207da24cb2a870c27,86990,marialva,PR,8.212754629629629,19.372488425925926,0,747.25
8a2799788d56c3c7d19006780c3e1bf6,7c3b56c934ceb23b3ef63a681146bed5,delivered,2017-08-02 15:05:04,2017-08-02 15:22:55,2017-08-03 18:25:59,2017-08-04 21:22:17,2017-08-17,90.0,8.82,1,1,98.82,2,1,5.0,1.0,49f99efa576f27e97a0a3cfc55aea590,18130,sao roque,SP,2.2619560185185184,14.371481481481482,0,98.82
a07cb89bbb737eb48261a20b68766c5a,c64e9527bb01925d4b79bc63487d14ac,delivered,2017-08-02 15:10:29,2017-08-03 03:05:46,2017-08-03 18:06:56,2017-08-09 17:00:03,2017-09-06,89.9,23.5,1,1,113.4,1,1,5.0,1.0,5e3de62551dfa3420c422459abb0fa60,13360,capivari,SP,7.076087962962963,34.367719907407405,0,113.4
350fcc9d4ae2e108916f12c7ca8ca8e3,8c5a52cc14b87a0f057812298d656956,delivered,2017-08-02 15:18:38,2017-08-02 15:30:17,2017-08-03 18:03:40,2017-08-08 19:36:48,2017-08-22,35.9,12.69,1,1,48.589999999999996,1,1,1.0,1.0,fa85ae3dc73255346ac079efddf056da,9310,maua,SP,6.179282407407407,19.362060185185186,0,48.589999999999996
00b676b01c289cc661c6f7732492771a,ca9a6ae226341827c9614ce7568db46c,delivered,2017-08-02 15:30:42,2017-08-02 15:45:15,2017-08-08 15:37:43,2017-08-15 11:22:26,2017-08-24,50.0,21.19,1,1,71.19,1,1,3.0,1.0,15b521471c36ed411359347ff8257b79,3080,sao paulo,SP,12.827592592592593,21.353680555555556,0,71.19
004eab0fd8f28adaf8d488976f77febe,c476ddfbabfa4624603e0b7f8e245057,delivered,2017-08-02 15:32:46,2017-08-02 15:45:17,2017-08-02 20:32:44,2017-08-03 18:17:47,2017-08-15,21.5,11.98,1,1,33.48,1,1,5.0,1.0,5b861df2503dbc8ca307dfb7e18b300b,20720,rio de janeiro,RJ,1.1145949074074073,12.35224537037037,0,33.480000000000004
9c7420176504e0322420860db10766e4,1cfe9cbf7d071f113398f3290a620214,delivered,2017-08-02 15:34:50,2017-08-03 03:04:42,2017-08-04 13:33:21,2017-08-11 16:59:37,2017-08-24,99.9,17.95,1,1,117.85,1,1,1.0,1.0,8e28c75331adbcaee611eeca007b2a7a,23092,rio de janeiro,RJ,9.058877314814815,21.350810185185185,0,117.85000000000001
508d8fa044fdaa4d8faff57a4e72e64a,1596f3450e07b5743263cf514cb9c829,delivered,2017-08-02 15:34:56,2017-08-02 15:50:07,2017-08-03 20:03:12,2017-08-14 16:59:56,2017-08-24,197.99,32.38,2,2,230.37,6,1,4.0,1.0,f129ee560484c2c2f35abe2ea5c3e166,22773,rio de janeiro,RJ,12.059027777777779,21.35074074074074,0,230.37
e2676f5f513bf595fcbd506999db7c26,99f297c1c95e0dda633b7e584ec2a4f3,delivered,2017-08-02 15:36:19,2017-08-03 03:06:30,2017-08-07 19:39:55,2017-08-14 14:25:40,2017-08-15,329.99,13.51,1,1,343.5,1,1,4.0,1.0,2f30a830c2791853a80645df3213eab7,7176,guarulhos,SP,11.9509375,12.349780092592592,0,343.5
d2bc00da63cd350e641ae8a80b029316,cd15d7f3f4bd2c1f6f1f65fa7d0fa786,delivered,2017-08-02 15:38:39,2017-08-03 03:10:21,2017-08-03 19:29:30,2017-08-07 14:32:54,2017-08-24,49.0,15.1,1,1,64.1,1,1,1.0,1.0,34c84b94c38a2eddd9563ba41db3439d,86076,londrina,PR,4.954340277777778,21.34815972222222,0,64.1
eadf1db71815b513cf62a49e9c6416fe,c99c4573f69475e34c281d72617283ed,delivered,2017-08-02 15:39:41,2017-08-03 16:34:11,2017-08-07 17:14:09,2017-08-18 20:12:40,2017-09-08,1199.9,41.29,1,1,1241.19,10,1,5.0,1.0,0480fb293e9b6ecd62e3696ef83dcf96,66033,belem,PA,16.18957175925926,36.34744212962963,0,1241.19
51ea7d0bdf670aca325bb99bb45c1500,80b5391bb47785a477daf13c1f0641d6,delivered,2017-08-02 15:41:14,2017-08-03 13:35:37,2017-08-14 21:07:51,2017-08-31 15:52:13,2017-08-21,126.6,17.62,1,1,144.22,1,1,1.0,1.0,811ef64ca870c801a4b53a40e597e865,2365,sao paulo,SP,29.007627314814815,18.34636574074074,1,144.22
dd1d5e5b6e4be8779186eb9cafd2f44d,f521a7efe39c29935169acd2d1074f76,delivered,2017-08-02 16:03:22,2017-08-02 16:15:11,2017-08-03 15:34:18,2017-08-08 22:06:32,2017-08-22,12.5,11.85,1,1,24.35,1,1,5.0,1.0,47e7ed66ea0473c633633d75c8aa07d4,17350,igaracu do tiete,SP,6.252199074074074,19.33099537037037,0,24.35
b9de9e1eb84649fb4958de11ac492b6b,5e56866794c71350af872dbc88396e6c,delivered,2017-08-02 16:04:12,2017-08-03 06:45:17,2017-08-03 18:51:42,2017-08-25 19:32:45,2017-09-05,139.0,26.25,1,1,165.25,1,1,2.0,1.0,e6aff531fab1b867da749464ac2dfe0f,68553,redencao,PA,23.144826388888887,33.330416666666665,0,165.25
41a5363dcaa28ccb1ecf0211c3c5d530,a4dde3d271bbee38c87b2abf0b234c10,delivered,2017-08-02 16:09:47,2017-08-03 03:06:30,2017-08-04 13:14:55,2017-08-10 19:17:28,2017-08-28,34.99,14.1,1,1,49.09,1,1,5.0,1.0,3eca2b01b1a7154e7c9fd4e6e3c5f2d0,22231,rio de janeiro,RJ,8.130335648148149,25.326539351851853,0,49.09
7ce665a17cd6cb68137dc2816937a8a5,9b81e78ece4755a8554bda67601746ac,delivered,2017-08-02 16:17:16,2017-08-02 16:55:07,2017-08-03 19:36:48,2017-08-09 19:51:21,2017-08-31,97.0,16.93,1,1,113.93,5,1,5.0,1.0,2271aecabef846b6c0a6527366ebd7e0,30140,belo horizonte,MG,7.148668981481482,28.321342592592593,0,113.93
17d018174e8bb3a09152f926cc684ad2,86bf55f44d8c6260b6d4b5ee9fda81fa,delivered,2017-08-02 16:19:57,2017-08-02 16:30:19,2017-08-03 13:27:49,2017-08-21 19:05:50,2017-08-28,59.9,16.18,1,1,76.08,7,1,4.0,1.0,59251275b353db9758a16206fe7d5215,95650,igrejinha,RS,19.11519675925926,25.319479166666667,0,76.08
5f7c5a387a87c6c7a3fefa36dc21929a,f6a7e0ba6be36e5fdf7f15cdb3d21df2,delivered,2017-08-02 16:23:29,2017-08-02 16:35:25,2017-08-08 21:47:32,2017-08-12 14:35:46,2017-08-24,46.99,16.11,1,1,63.1,1,1,4.0,1.0,ed480e084c6798511ec82137ec2aadcf,85851,foz do iguacu,PR,9.92519675925926,21.317025462962963,0,63.1
7af09f41da0338028361e811ca9d4421,8541f1fa485302c0c4fd0b668b2217a5,delivered,2017-08-02 16:25:12,2017-08-02 16:43:33,2017-08-03 15:25:57,2017-08-04 17:17:51,2017-08-15,15.9,9.34,1,1,25.24,1,1,5.0,1.0,0fbd8fdb573225776c7200885f71ecd1,2276,sao paulo,SP,2.0365625,12.315833333333334,0,25.240000000000002
8464065239cc8397a5e71c0669d924ab,8481365a5e88849d8ea15a7295c7d257,delivered,2017-08-02 16:29:09,2017-08-04 02:25:34,2017-08-04 18:52:07,2017-08-18 18:35:11,2017-08-28,18.5,15.1,1,1,33.6,1,1,4.0,1.0,7ceb8848875affdf200ce13163f9a16f,99215,uniao da serra,RS,16.087523148148147,25.31309027777778,0,33.6
e710c7377f2f29b3d369420d354b5abb,5d46c6f789e97a55abccf09df0f3c597,delivered,2017-08-02 16:29:21,2017-08-02 16:55:12,2017-08-11 19:14:07,2017-08-21 20:55:06,2017-08-30,159.94,33.51,1,1,193.45,4,1,1.0,1.0,dc0e76b29aa87a9ab0c8b835954b9078,22230,rio de janeiro,RJ,19.18454861111111,27.312951388888887,0,193.45
486243a178f73c65e29ab9636617a49a,7fe3a43f893d6ed31805e5688ec1f46a,delivered,2017-08-02 16:32:40,2017-08-02 16:45:09,2017-08-03 17:02:57,2017-08-08 14:42:55,2017-08-22,26.9,11.85,1,1,38.75,1,1,5.0,1.0,67caff935b3a9243ea79cdc671b582da,6395,carapicuiba,SP,5.923784722222222,19.310648148148147,0,38.75
82d48842447f79616fa1edca6fc9e91f,0426c2ed75d4f79aa5c3090ec537375d,delivered,2017-08-02 16:43:23,2017-08-03 06:45:19,2017-08-04 19:33:52,2017-08-08 19:53:32,2017-08-29,169.0,21.15,1,1,190.15,1,1,5.0,1.0,158af763037bc871b93bfa2daa699f98,17017,bauru,SP,6.132048611111111,26.30320601851852,0,190.15
b26a79020606ef73722d450c8458f9c0,9ce4680135f65f93297fd3f5ea750eab,delivered,2017-08-02 16:45:46,2017-08-02 17:05:19,2017-08-04 16:20:11,2017-08-07 19:12:38,2017-09-21,144.9,8.27,1,1,153.17,1,1,5.0,1.0,4577881f7a6c10d8eb6bd7f7a82ffa86,3508,sao paulo,SP,5.1019907407407405,49.30155092592592,0,153.17000000000002
83b944375b2d2c1ad0e9cf45754f4936,a2392761e41169375f4e7ac6b9d1b548,delivered,2017-08-02 16:46:54,2017-08-02 17:05:20,2017-08-03 21:39:30,2017-08-10 18:52:59,2017-08-22,94.99,17.14,1,1,112.13,1,1,4.0,1.0,ac2245a91f23c10b0337a64ef66ace3a,35995,sao domingos do prata,MG,8.08755787037037,19.300763888888888,0,112.13
56a97868cb13e5f9af3e4d72256ffa54,0563496f01a9c2ff5cce673601fe3c4a,delivered,2017-08-02 16:54:58,2017-08-02 17:10:21,2017-08-03 19:29:32,2017-08-10 18:32:12,2017-08-31,139.9,19.52,1,1,159.42,1,1,5.0,1.0,38983aad587a0f0af1374a4fd4e6aa56,24210,niteroi,RJ,8.067523148148148,28.295162037037038,0,159.42000000000002
d908e170d2b2f6e8a4ebe7dc3bcba4c4,fbdfc05b52cec908b4931110f66c0184,delivered,2017-08-02 16:56:47,2017-08-02 17:10:22,2017-08-03 19:17:29,2017-08-09 19:46:39,2017-08-15,199.5,10.81,1,1,210.31,9,1,5.0,1.0,3ef7966317eef372b3ca7f1ce70bb0c1,13087,campinas,SP,7.117962962962963,12.293900462962963,0,210.31
60c484e55dcb7815f7be74c8018560ca,dd0710ec4e940dd8fea9c6c0f844553a,delivered,2017-08-02 17:06:14,2017-08-02 17:45:14,2017-08-04 20:43:58,2017-08-07 21:47:41,2017-08-15,199.9,8.65,1,1,208.55,1,1,4.0,1.0,215087daa3b92e640783fc2b6d86299f,13205,jundiai,SP,5.1954513888888885,12.287337962962964,0,208.55
5dd475df54a16b721167533c01080103,e3bb1927f5b7938af5e80c2d5af36ca8,delivered,2017-08-02 17:12:27,2017-08-02 17:35:22,2017-08-03 19:37:35,2017-08-11 15:03:12,2017-08-22,89.9,12.13,1,1,102.03,4,1,5.0,1.0,3584e46ad0a0c163e4b028894c5f6624,8021,sao paulo,SP,8.910243055555556,19.28302083333333,0,102.03
fd571ab12e8d263eaf309774eedfcfeb,49eb2dde34c23bd4b6c4c6a137826ac2,delivered,2017-08-02 17:13:38,2017-08-03 03:05:52,2017-08-08 14:53:32,2017-08-11 18:35:44,2017-08-28,890.6999999999999,58.0,3,1,948.69,1,1,3.0,1.0,a2913c14f49022ef2ddfd436dcd5be89,96040,pelotas,RS,9.05701388888889,25.282199074074075,0,948.6999999999999
6b313b07f096e0b9354fd4f097abaed6,9279b96ee5b2b0f686e5a28d8cc1739b,delivered,2017-08-02 17:27:45,2017-08-02 17:43:24,2017-08-08 12:32:57,2017-08-15 17:03:57,2017-08-28,205.0,22.27,1,1,227.27,10,1,4.0,1.0,b0f933c0a1bb29276744c40aaf438239,88058,florianopolis,SC,12.983472222222222,25.272395833333334,0,227.27
92b8d0b30483bd64c2548331777e52a3,d2a2e802df597dca467a3bef01ae131d,delivered,2017-08-02 17:30:01,2017-08-04 02:25:17,2017-08-07 17:41:57,2017-08-11 19:37:53,2017-08-24,37.99,15.1,1,1,53.09,1,1,5.0,1.0,94e0fb0e1a4377c997d96359482d41fb,36570,vicosa,MG,9.088796296296296,21.27082175925926,0,53.09
a430286ec021d453ea727f5801d105da,f1a28efaa4fe73df57cc4dd7b491adc6,delivered,2017-08-02 17:41:38,2017-08-02 18:03:45,2017-08-03 18:32:46,2017-08-09 19:22:42,2017-08-24,99.99,16.95,1,1,116.94,3,1,2.0,1.0,84009bbebd5f9234e02f6c4e3775b209,26070,nova iguacu,RJ,7.070185185185185,21.26275462962963,0,116.94
150d57489c190648d7496031f9d449d3,0d2ebe560b5e8a4dc417435cb090eccf,delivered,2017-08-02 17:45:38,2017-08-02 18:05:08,2017-08-03 19:34:24,2017-08-07 18:53:41,2017-08-24,69.0,14.23,1,1,83.23,3,1,4.0,1.0,eb38c074669eb58932a0b741d89d591d,24340,niteroi,RJ,5.047256944444444,21.259976851851853,0,83.23
3cd02e6bd648bb14fb1f20e140ee4e15,15e68126961e816a65de6b9d19285142,delivered,2017-08-02 17:59:47,2017-08-02 18:23:31,2017-08-04 18:58:03,2017-08-16 17:28:36,2017-09-01,167.99,36.5,1,1,204.49,5,1,3.0,1.0,489f0da019ff8bd10d0b2abb1764bcb7,76180,nazario,GO,13.978344907407408,29.250150462962964,0,204.49
6529605bc64275a6d53b085062f39d98,ab9c9ce20060a9d3aaf8071ac7d04674,delivered,2017-08-02 18:10:20,2017-08-02 18:25:13,2017-08-03 18:32:46,2017-08-09 20:10:13,2017-09-05,118.99,21.23,1,1,140.22,5,1,5.0,1.0,bb8958a7635632287327d57b990942bd,66023,belem,PA,7.083252314814815,33.24282407407407,0,140.22
99444a1ae54c5cdeb0dc5e97b57aa6e5,3f90b03c801ce19bad60d569faa1bdc4,delivered,2017-08-02 18:18:33,2017-08-02 18:30:18,2017-08-04 18:52:11,2017-08-09 16:32:38,2017-08-23,6.99,11.85,1,1,18.84,1,1,2.0,1.0,175100f919fc3643a0358de6e17f7e61,2441,sao paulo,SP,6.926446759259259,20.237118055555555,0,18.84
a261a188f75232281791a47982df9bcb,c535c877737a8e3e05da44e817420a22,delivered,2017-08-02 18:22:22,2017-08-02 18:35:26,2017-08-03 19:22:06,2017-08-04 16:56:49,2017-08-15,112.49,11.99,1,1,124.48,3,1,5.0,1.0,4601ba6fe815045fe79891676bf069bc,4514,sao paulo,SP,1.9405902777777777,12.234467592592592,0,124.47999999999999
0e7e841ddf8f8f2de2bad69267ecfbcf,26c7ac168e1433912a51b924fbd34d34,delivered,2017-08-02 18:24:47,2017-08-02 18:43:15,2017-08-04 17:35:43,2017-08-07 18:30:01,2017-08-15,29.99,7.78,1,1,37.77,1,1,5.0,1.0,ef0996a1a279c26e7ecbd737be23d235,2290,sao paulo,SP,5.003634259259259,12.232789351851851,0,37.769999999999996
c90a73b5ef059a234ef5d65c235ae154,94822da72de9c6e43f0f6990d899fe7b,delivered,2017-08-02 18:26:50,2017-08-02 18:43:15,2017-08-04 13:17:54,2017-08-23 13:32:49,2017-09-04,58.99,18.65,1,1,77.64,7,1,1.0,1.0,fe22d9ef4dc744b3be63f4fda1146de7,78010,cuiaba,MT,20.79582175925926,32.23136574074074,0,77.64
e3e5126cb05e7c16dd2ef864271fa8e6,f28ff42f4a3d29ba87737305a4d73212,delivered,2017-08-02 18:32:55,2017-08-04 02:30:36,2017-08-07 20:11:56,2017-08-14 20:45:09,2017-08-25,205.0,26.27,1,1,231.27,1,1,3.0,1.0,6a971df00dc408ba81c3329141c234dd,35501,divinopolis,MG,12.091828703703703,22.227141203703702,0,231.27
bd250808f4d75fb0d98087a8559e2a03,1632df7f3854363244264c44f9b4ce24,delivered,2017-08-02 18:40:28,2017-08-02 18:55:19,2017-08-03 16:17:39,2017-08-08 18:26:14,2017-08-28,69.9,15.24,1,1,85.14,4,1,5.0,1.0,6621bf160c50fd65d6a4af72ac6a9e86,95880,estrela,RS,5.990115740740741,25.22189814814815,0,85.14
3c2c60ec97f726dbfe5aef326056585f,91b11e2acc1422c03b7aa04534c3bb47,delivered,2017-08-02 18:58:48,2017-08-02 19:10:24,2017-08-07 20:22:52,2017-08-14 15:44:37,2017-08-24,109.78,20.26,1,1,130.04,6,1,1.0,1.0,19267b331b891f226fb947a97c98575b,26083,nova iguacu,RJ,11.865150462962964,21.20916666666667,0,130.04
f283e9196449811a7967b7c5d2794418,df79f186a9089cf9c802660d46a392b6,delivered,2017-08-02 19:10:30,2017-08-03 03:10:43,2017-08-04 18:42:54,2017-08-14 15:14:11,2017-08-28,63.9,17.7,1,1,81.6,1,1,5.0,1.0,a63b31e135dc6ca01d8b3404b7c84b4d,35935,sao goncalo do rio abaixo,MG,11.835891203703703,25.201041666666665,0,81.6
35f21af6cfb234ef454f1703288e2341,c425d4425feded8f303e4fa2c5ee1b94,delivered,2017-08-02 19:12:44,2017-08-02 19:25:18,2017-08-03 18:05:53,2017-08-07 16:57:46,2017-08-22,59.9,13.44,1,1,73.34,2,1,5.0,1.0,ab62eb963ce5fe3d2304dc165f45d7cd,19040,presidente prudente,SP,4.9062731481481485,19.199490740740742,0,73.34
489db951401825ce7d66665e5b5108bf,39747a75c12f4c803a205a1625fdf7ef,delivered,2017-08-02 19:15:07,2017-08-02 19:25:21,2017-08-03 18:33:33,2017-08-04 20:26:54,2017-08-22,25.6,12.69,1,1,38.29,1,1,5.0,1.0,b56105b59a417275e17fde4a8176f3c3,13312,itu,SP,2.049849537037037,19.19783564814815,0,38.29
3b5066af438aa1723c4e22290fe8dabd,9448711e9143b3cb9f54d8526bc8655d,delivered,2017-08-02 19:20:02,2017-08-03 03:04:44,2017-08-04 18:43:50,2017-08-12 15:05:50,2017-08-24,99.8,32.22,2,1,132.02,1,1,1.0,1.0,7c897328e8e63128ba7db8d9bd8da6d6,30520,belo horizonte,MG,9.823472222222222,21.194421296296298,0,132.01999999999998
b614efabb8e6d8c441aac4ae39cd8ec6,241f39fba4b7707ec98ec5c226d7a143,delivered,2017-08-02 19:21:00,2017-08-03 03:06:19,2017-08-04 16:20:13,2017-08-07 18:07:09,2017-08-15,44.9,34.69,1,1,79.59,1,1,4.0,1.0,6281a312c55bf0b4f93685b3fadd24ab,5539,sao paulo,SP,4.948715277777778,12.19375,0,79.59
c7c5b66918c24322e797d5dc87caebd1,b38059924e5df6a030a519b2f50cc15a,delivered,2017-08-02 19:21:57,2017-08-02 19:35:14,2017-08-08 18:28:13,2017-08-09 16:47:00,2017-08-25,54.9,7.78,1,1,62.68,1,1,5.0,1.0,5ee1f6b2f06ef1f31adde6d74932b921,1313,sao paulo,SP,6.8923958333333335,22.193090277777777,0,62.68
4943203d80c901c56abaabd36a61e76e,d4ab01c9963324fd131423659776cf19,delivered,2017-08-02 19:26:13,2017-08-02 19:35:15,2017-08-03 17:27:52,2017-08-09 18:22:30,2017-08-24,39.9,15.1,1,1,55.0,3,1,5.0,1.0,772aa7da42f5585f7f998d9eada77e49,21842,rio de janeiro,RJ,6.955752314814815,21.190127314814816,0,55.0
7c906aa48a52d3bce05f693a57b5d1f2,c8373a8efbfdb80df6188705ff1ba065,delivered,2017-08-02 19:30:50,2017-08-02 19:45:15,2017-08-03 18:05:29,2017-08-07 21:49:46,2017-08-24,35.0,15.1,1,1,50.1,1,1,5.0,1.0,2e758775ee3076238416f0968c441225,4523,sao paulo,SP,5.096481481481481,21.186921296296298,0,50.1
fcc46438879834c9c223c5fa0eb0ea51,445f187cc1cfea0edfd2865118e1b183,delivered,2017-08-02 19:44:50,2017-08-03 22:45:21,2017-08-07 17:59:50,2017-08-11 15:33:56,2017-08-15,69.0,7.78,1,1,76.78,4,1,4.0,1.0,78e556184d89814929e07ffa62da5a34,8344,sao paulo,SP,8.825763888888888,12.177199074074075,0,76.78
4af5a8a71daf651bf0a9d449d3d1a27b,d36e7da2b4f536d9716d6ad5f5cf918a,delivered,2017-08-02 19:55:32,2017-08-02 20:05:31,2017-08-04 18:10:04,2017-08-07 21:23:01,2017-08-24,112.0,40.11,1,1,152.11,6,1,5.0,1.0,4325cfcc9d9dde5e93528832b371d88b,25812,tres rios,RJ,5.060752314814815,21.16976851851852,0,152.11
1a45c130db33df3cb0e3cd16f0a8ae9d,7e69a78d736e406a05871ede7ec377d5,delivered,2017-08-02 19:58:33,2017-08-04 02:25:21,2017-08-08 15:22:36,2017-08-11 18:47:56,2017-08-28,97.8,32.21,2,1,130.01,1,1,5.0,1.0,71be782fe7de27253a0a3b8323ab67b8,81720,curitiba,PR,8.950960648148149,25.167673611111113,0,130.01
e18f0fd2df4f25844746735c988bf005,9d9087fa1778208535484ce5ecf69f70,delivered,2017-08-02 19:59:40,2017-08-02 20:15:16,2017-08-08 14:38:28,2017-08-11 18:39:27,2017-08-22,109.9,13.79,1,1,123.69,1,1,5.0,1.0,bc0d7bb032bbf422fc74bb279c47de1e,5716,sao paulo,SP,8.944293981481481,19.16689814814815,0,123.69
f34f5fc0699f22c0ff25056c89074d28,ed5489d5d03cfe3a1748946164d02d79,delivered,2017-08-02 20:05:51,2017-08-02 20:23:40,2017-08-08 16:22:18,2017-08-11 14:49:31,2017-08-22,53.9,12.72,1,1,66.62,3,1,2.0,1.0,d1056d68fb207f9fa55f74562df7a406,11900,registro,SP,8.780324074074073,19.162604166666668,0,66.62
68b333c4526357221cb49747a5a78d06,6cd0a1dbcbef4f215e1adee2700a98dd,delivered,2017-08-02 20:07:42,2017-08-04 02:25:07,2017-08-09 18:07:48,2017-08-26 18:26:45,2017-09-01,39.9,23.22,1,1,63.12,1,1,5.0,1.0,85c3bb310cb9c2f7bfeb0bbf6e64ef78,48005,alagoinhas,BA,23.929895833333333,29.161319444444445,0,63.12
31f7635117f842a96eaf8c03bf2c8dbd,272a66e5c06a785604f496b1d4bb8aee,delivered,2017-08-02 20:10:03,2017-08-02 20:25:20,2017-08-07 17:57:48,2017-08-21 16:35:23,2017-09-05,98.0,27.23,1,1,125.23,4,1,4.0,1.0,da32d0da3d02d410761cedc6eb662001,55610,vitoria de santo antao,PE,18.850925925925925,33.1596875,0,125.23
72012d986d81cc09a1e838c7a1f829e7,8b051f11fefcaef147e92e51bd135bb7,delivered,2017-08-02 20:26:47,2017-08-02 20:42:58,2017-08-03 19:17:34,2017-08-07 18:36:50,2017-08-24,34.9,14.1,1,1,49.0,2,1,5.0,1.0,53c63f38e468b420083d6ad6a3cbe54f,30190,belo horizonte,MG,4.9236458333333335,21.14806712962963,0,49.0
e158d5c24705aa1915440227823e4573,db8ffe8f3248ea6b4fc7c6ca1d9481fa,delivered,2017-08-02 20:30:31,2017-08-02 20:45:15,2017-08-03 13:33:56,2017-08-10 20:18:39,2017-08-24,49.9,15.1,1,1,65.0,1,1,2.0,1.0,568673ad2cefd34104775f421b9f3e4a,80210,curitiba,PR,7.9917592592592595,21.145474537037035,0,65.0
f4a8d4d1b8f2020f7bcb532c8175106c,dfe5364df5b644ca5f0ff6f5e6c09c1d,delivered,2017-08-02 20:42:23,2017-08-02 20:55:10,2017-08-07 19:17:43,2017-08-14 21:24:39,2017-08-30,205.0,26.27,1,1,231.27,5,1,4.0,1.0,c0f1d2f878abf2e47ad002ae3e632831,97060,santa maria,RS,12.029351851851851,27.137233796296297,0,231.27
626364b566711c4fb17291425360b470,d8a80fca5d64fffc7ff51bc538b19930,delivered,2017-08-02 20:49:12,2017-08-02 21:03:36,2017-08-03 19:22:07,2017-08-04 16:56:50,2017-08-17,112.49,11.99,1,1,124.48,5,1,1.0,1.0,d048def64d647ec7deb0270ca739e0c6,18074,sorocaba,SP,1.8386342592592593,14.1325,0,124.47999999999999
8b4b9c5ca102be3acc343372eac85e12,4a8f4ba62a60be1022274b6c65e4182f,delivered,2017-08-02 20:55:20,2017-08-04 02:25:21,2017-08-08 21:07:50,2017-08-14 18:41:37,2017-08-28,19.9,16.79,1,1,36.69,1,1,4.0,1.0,4111dcffbf2e3b8f2eeed6e155ede464,17290,macatuba,SP,11.907141203703704,25.12824074074074,0,36.69
d1872a759d4c1e5437aa708d64ff592c,e4c5593923a15e857d120fab87609318,delivered,2017-08-02 21:20:58,2017-08-02 21:35:15,2017-08-18 19:44:58,2017-08-30 14:30:04,2017-08-22,31.9,12.48,1,1,44.38,2,1,1.0,1.0,8f5c7b4a8c8d553a261e435fcd2d1863,39600,aracuai,MG,27.71465277777778,19.110439814814814,1,44.379999999999995
a1894265708f519fcdfa6476095d46ae,c7d900a1f1f7f278c06d3ffcd18451ae,delivered,2017-08-02 21:21:08,2017-08-03 03:05:38,2017-08-04 21:52:01,2017-08-10 17:52:13,2017-08-24,99.0,15.44,1,1,114.44,1,1,5.0,1.0,1ae6104451cca67d5298a7c65a887188,82220,curitiba,PR,7.8549189814814815,21.110324074074075,0,114.44
269dca34759215efcea85ba5b0333351,ef750d311ffd2f8ff044451e653a0181,delivered,2017-08-02 21:21:21,2017-08-02 21:30:10,2017-08-03 17:23:37,2017-08-09 17:09:13,2017-08-24,29.0,14.1,1,1,43.1,1,1,5.0,1.0,a3be37c56727c179cbaefa67f424b3d8,26278,nova iguacu,RJ,6.824907407407407,21.11017361111111,0,43.1
40e240e00303ab3cee64520a5ccf3388,e259b368ebf6062dc1356964312b69c4,delivered,2017-08-02 21:24:37,2017-08-02 21:43:00,2017-08-03 15:59:38,2017-08-08 22:22:30,2017-09-04,68.9,17.73,1,1,86.63,1,1,5.0,1.0,2b29203a18529b47950630e4ffe98abf,22230,rio de janeiro,RJ,6.040196759259259,32.107905092592596,0,86.63000000000001
02ce6664223305cea5b46ef1f2d81461,df3647cd1abeadb6a0fe143deb1b8cd2,delivered,2017-08-02 21:25:06,2017-08-02 21:42:54,2017-08-03 18:29:42,2017-08-08 15:41:45,2017-08-22,42.95,11.85,1,1,54.8,1,1,5.0,1.0,07d980dc24f39e66a3398573341d8820,2226,sao paulo,SP,5.7615625,19.107569444444444,0,54.800000000000004
f8647aaeab4c6556d59fb6f9a8508e81,347e240bb2f7b5607cad9677cc5f2e3e,delivered,2017-08-02 21:28:30,2017-08-02 21:45:09,2017-08-07 18:36:00,2017-08-17 22:11:53,2017-08-24,179.9,16.01,1,1,195.91,8,1,5.0,1.0,55c84c3a6ed3e40b21b2c40a7448d774,36013,juiz de fora,MG,15.030127314814814,21.105208333333334,0,195.91
a19d79983ace7b3b6785db9f7284eb7c,480ef7d1e6b7e717e0b7d26525a4ee69,delivered,2017-08-02 21:29:56,2017-08-02 21:45:11,2017-08-03 20:52:10,2017-08-08 18:00:05,2017-08-22,36.9,12.69,1,1,49.59,3,1,5.0,1.0,07540f2fffbe583e4bde29fe25ba450e,4134,sao paulo,SP,5.8542708333333335,19.10421296296296,0,49.589999999999996
b440ae5462e075298885ddda8a0b9b1f,add67dab5fc95de57ed622543b92d355,delivered,2017-08-02 21:39:05,2017-08-02 21:50:18,2017-08-03 13:33:57,2017-08-14 16:57:27,2017-08-24,85.9,16.36,1,1,102.26,1,1,5.0,1.0,3918bd5f8eec57b889a500537a9e725e,20541,rio de janeiro,RJ,11.804421296296296,21.097858796296297,0,102.26
16b14bdbbefd9bb58e110074fca00bc5,583483c4d60ab300ed89f4c905bba728,delivered,2017-08-02 21:40:18,2017-08-04 02:30:22,2017-08-07 17:41:57,2017-08-10 16:43:41,2017-08-22,25.99,11.85,1,1,37.84,1,1,4.0,1.0,68c7baafa6c7f52df24fdd9c0e24318a,18900,santa cruz do rio pardo,SP,7.794016203703704,19.09701388888889,0,37.839999999999996
e71fb32bec49dd4112bcbcc19126d388,f6c383cc79b182ce1550bc57504941c3,delivered,2017-08-02 22:12:03,2017-08-02 22:25:18,2017-08-04 13:39:51,2017-08-08 17:56:12,2017-08-15,44.99,7.78,1,1,52.77,1,2,5.0,1.0,59b5158dcd4ab8fce908aba30ea36cc9,2919,sao paulo,SP,5.8223263888888885,12.074965277777778,0,52.77
09d91c794f1841e2af74d07d08518980,2798cda6f228cfd59d3676f7d9cdb1af,delivered,2017-08-02 22:29:10,2017-08-02 22:45:10,2017-08-03 18:57:27,2017-08-07 22:49:45,2017-08-15,129.9,12.36,1,1,142.26,7,1,5.0,1.0,d30558fa40a69e6c76998b56a2e5b3a8,22790,rio de janeiro,RJ,5.014293981481481,12.063078703703704,0,142.26
b6c9788b02384545ab73b0ec85729995,9eadf355fd25351e0b159a7932d90f54,delivered,2017-08-02 22:47:59,2017-08-02 23:03:16,2017-08-07 19:08:34,2017-08-14 18:42:34,2017-08-24,37.5,15.1,1,1,52.6,1,1,5.0,1.0,91c5b9cad082f2776f16086863a762ce,28020,campos dos goytacazes,RJ,11.82957175925926,21.050011574074073,0,52.6
0a9de604052383d06ffc7a3390c727cc,03d3a988c4d392b88975238160a947f0,delivered,2017-08-02 22:53:35,2017-08-02 23:05:13,2017-08-07 19:32:58,2017-08-15 17:36:58,2017-09-04,59.9,17.67,1,1,77.57,3,1,5.0,1.0,0da0e3cb898f1019529c5e5e738edc8c,97300,sao gabriel,RS,12.780127314814814,32.04612268518518,0,77.57
eef5a4bd5dd37ec132d383869df85eb1,0ebcaedcc19c16f38153ce813742e545,delivered,2017-08-02 23:08:01,2017-08-03 20:03:20,2017-08-04 16:06:00,2017-08-10 20:42:15,2017-08-24,16.99,15.1,1,1,32.09,3,1,4.0,1.0,1a39704fa1459528597c7e52f99e39d4,26265,nova iguacu,RJ,7.898773148148148,21.036099537037035,0,32.089999999999996
6fea59a483e4a37701ffd5d5b8795ba7,a35e5f73f8f384c07ff61a9b159ce69b,delivered,2017-08-03 00:04:41,2017-08-03 00:23:46,2017-08-04 18:25:44,2017-08-09 11:30:03,2017-09-01,109.9,14.52,1,1,124.42,4,1,4.0,1.0,2011c34337f5a6f863b989b92ed18056,8140,sao paulo,SP,6.475949074074074,28.996747685185184,0,124.42
fad0960622f8a0b36af2cf3530540c48,19cbab4c65aff684b92904fa72e78cb6,delivered,2017-08-03 00:08:48,2017-08-03 00:23:48,2017-08-04 14:19:37,2017-08-09 21:24:52,2017-08-25,169.9,12.69,1,1,182.59,9,1,5.0,1.0,b9719aa7c99391106f1bacba9be12f06,18400,itapeva,SP,6.886157407407407,21.99388888888889,0,182.59
dc42fc68820b778654a001cb6eab8c96,42bdd174ffe332aeaf52cf9b556f8591,delivered,2017-08-03 00:21:58,2017-08-03 00:30:09,2017-08-03 18:46:50,2017-08-15 19:57:51,2017-08-29,28.9,14.1,1,1,43.0,4,1,5.0,1.0,47b115c06c6f1fcc1198dcdf2f51b9d0,29165,serra,ES,12.816585648148148,25.98474537037037,0,43.0
ddf4b30463e9b58a0ad68f6bc5ed5291,b901a3ed9805cc223596acc6a5c1838c,delivered,2017-08-03 01:10:03,2017-08-03 01:24:10,2017-08-03 16:08:04,2017-08-09 11:51:46,2017-08-23,119.99,25.15,1,1,145.14,10,1,5.0,1.0,31426326d8f68e52c60dd11a3b72b340,14530,miguelopolis,SP,6.445636574074074,19.95135416666667,0,145.14
4b38fe7b90551ded1ee61140282fba02,dc7b7fddeffb8d1027998d198b6de1ca,delivered,2017-08-03 05:15:44,2017-08-03 05:25:08,2017-08-03 17:42:02,2017-08-04 19:23:44,2017-08-17,15.0,8.72,1,1,23.72,1,1,5.0,1.0,9418bd513ccc472862c406d4427910f6,12237,sao jose dos campos,SP,1.5888888888888888,13.780740740740741,0,23.72
7656f4ca2d491ba4f1ecb0d8779e5e7d,bdf7555b68e732af4bfe2171b8f257ed,delivered,2017-08-03 06:04:15,2017-08-03 06:15:13,2017-08-03 14:17:29,2017-08-04 20:49:06,2017-08-23,99.0,9.51,1,1,108.51,2,1,5.0,1.0,7779fdf670bfe673e064b9aa5447674e,8830,mogi das cruzes,SP,1.6144791666666667,19.74704861111111,0,108.51
44a95b47b4bdb74a2bb1b947e9070e2a,ee3b4b2a37bfecd113a6095902de1b0e,delivered,2017-08-03 07:27:17,2017-08-03 07:35:14,2017-08-03 20:43:41,2017-08-08 18:53:01,2017-08-28,49.95,11.85,1,1,61.8,6,1,5.0,1.0,1b9b716b2ec99bd330c1807d54418b46,5544,sao paulo,SP,5.476203703703704,24.689386574074074,0,61.800000000000004
77e30dea9bbb161e9d91918418f4aafa,b71cb835be11fec9d0e0903e4d9acefe,delivered,2017-08-03 07:42:32,2017-08-03 07:55:09,2017-08-04 20:18:57,2017-08-08 20:48:48,2017-08-24,65.0,12.7,1,1,77.7,3,1,5.0,1.0,900886a4542c9007300e081b6ce4eca6,89460,canoinhas,SC,5.546018518518519,20.678796296296298,0,77.7
99044ef6d39a9053e6c8be072306da0e,a6a1e36323dd31b11f38567fdf452c47,delivered,2017-08-03 08:07:35,2017-08-03 08:23:46,2017-08-08 13:29:47,2017-08-16 20:37:48,2017-08-25,54.9,20.87,1,1,75.77,5,1,5.0,1.0,168f1ed27237f26f7b5d763028db7a99,13560,sao carlos,SP,13.520983796296296,21.661400462962963,0,75.77
32eb9533178668935fffbc324671e9d2,f99c513d949e50b5bba00ab208adb793,delivered,2017-08-03 08:20:07,2017-08-03 08:30:19,2017-08-03 18:09:53,2017-08-23 20:09:00,2017-09-04,87.99,19.86,1,1,107.85,5,1,5.0,1.0,a667c69a33cd6139f833eb4d80904f7b,48700,serrinha,BA,20.492280092592594,31.65269675925926,0,107.85
85ed4ea9966969e844099fe5304f586b,93f058f0d49ca625c78bca2afbe864cd,delivered,2017-08-03 08:21:01,2017-08-03 08:30:20,2017-08-03 16:46:42,2017-08-04 19:18:04,2017-08-16,35.0,7.78,1,1,42.78,2,1,5.0,1.0,4dfac444d58e54d85ab28e0a45a00494,9061,santo andre,SP,1.4562847222222222,12.65207175925926,0,42.78
a9411a80b515013f1cd3c7ca3d585433,4d2458e75c52df5f04690b4726d9b10d,delivered,2017-08-03 08:40:25,2017-08-03 08:50:13,2017-08-03 20:17:51,2017-08-09 20:17:59,2017-08-25,289.9,14.28,1,1,304.18,5,1,4.0,1.0,31d5ba0ac9c388bbdc6d6c10a60df123,70830,brasilia,DF,6.484421296296296,21.638599537037038,0,304.17999999999995
5cf6b83ea7ea941824c64e4933f5efb4,ab3a5056890fe28daadbf396fe470b83,delivered,2017-08-03 08:45:54,2017-08-03 08:55:18,2017-08-03 16:17:37,2017-08-09 22:09:48,2017-08-25,89.0,17.87,1,1,106.87,3,1,5.0,1.0,70d3eaeb48aba4879c580645cfc0692b,32050,contagem,MG,6.558263888888889,21.63479166666667,0,106.87
eed169e888ef45d577ec9d8972a597c6,01813ee9f6884594643a63fc9eaf76a1,delivered,2017-08-03 08:54:25,2017-08-03 09:05:24,2017-08-07 21:38:06,2017-08-12 12:49:38,2017-08-25,189.9,83.59,1,1,273.49,10,1,5.0,1.0,d4598f80bbe611f529f578021c1f7a07,14802,araraquara,SP,9.163344907407408,21.628877314814815,0,273.49
834bdbe2274206828a57e58fef7f4935,b4389c10792c457864e423bdda8dad5a,delivered,2017-08-03 09:05:52,2017-08-03 09:24:03,2017-08-04 17:10:28,2017-08-07 23:37:17,2017-08-16,69.9,9.74,1,1,79.64,1,1,5.0,1.0,e6a2ff59d76e11e3468cbd81ad7b39ab,31210,belo horizonte,MG,4.605150462962963,12.620925925925926,0,79.64
dae72058c85d67deae51d329e5b5938d,a4b9d0ad5ba0ebeca7c9e701a4c61e3c,delivered,2017-08-03 09:22:20,2017-08-03 09:30:15,2017-08-07 15:45:45,2017-08-11 18:06:01,2017-09-01,7.3,17.6,1,1,24.9,1,1,5.0,1.0,767c61b81b5cb8cade1a253cb3b41412,14875,jaboticabal,SP,8.363668981481482,28.60949074074074,0,24.900000000000002
91292acc131c233256e9a15bee217c53,428db965aedf0c8c56f94d005539a9b0,delivered,2017-08-03 09:25:14,2017-08-03 09:43:41,2017-08-04 18:47:48,2017-08-09 13:09:38,2017-08-22,90.0,8.37,1,1,98.37,2,1,3.0,1.0,97bc08e526795b17e1d4f642f77ae304,9993,diadema,SP,6.155833333333334,18.607476851851853,0,98.37
82d070e34602e993e119f3475f804639,7b2263dae41524e8a4b5ba0f101c4ddd,delivered,2017-08-03 09:26:42,2017-08-03 09:43:39,2017-08-07 18:35:58,2017-08-17 19:22:31,2017-08-25,179.9,16.01,1,1,195.91,7,1,5.0,1.0,ae2a13be52ea5fee673fb7f720e856a0,31814,belo horizonte,MG,14.413761574074075,21.606458333333332,0,195.91
dc9470b246bc5c83e5e72f1897971fcb,1c4baaa0618b5e734254a134c5cf8112,delivered,2017-08-03 09:35:17,2017-08-04 09:45:15,2017-08-07 15:27:47,2017-08-07 20:52:02,2017-08-30,39.4,29.4,2,2,68.8,6,1,5.0,1.0,d4c08fff82e9995899d6f5377b5d5367,31140,belo horizonte,MG,4.469965277777778,26.600497685185186,0,68.8
0e44c0c94c728c1ff7a501f705dd0e24,0f02dbc254d79af01b858e657016eb22,delivered,2017-08-03 09:38:26,2017-08-03 09:50:10,2017-08-04 18:42:55,2017-08-10 19:28:44,2017-08-25,105.0,17.98,1,1,122.98,5,1,4.0,1.0,74a68c138e3220107add702b3777948c,38414,uberlandia,MG,7.4099305555555555,21.598310185185184,0,122.98
12d34cd89b0be0896cfecdbd41f5e952,3bc77dd1abfb7c4ae5c9b9b42b297c60,delivered,2017-08-03 09:38:50,2017-08-03 09:50:19,2017-08-04 14:28:38,2017-08-22 19:11:00,2017-08-31,20.0,17.92,1,1,37.92,1,2,4.0,1.0,e7e84072c5730f21d38aea4e37d531f0,96210,rio grande,RS,19.39733796296296,27.59803240740741,0,37.92
5718be47d367f91087182c0b796f77fb,b8d610c97390e7f8649df33e3f69584c,delivered,2017-08-03 09:40:25,2017-08-03 09:50:11,2017-08-03 21:13:38,2017-08-07 19:56:30,2017-10-02,199.89000000000001,43.68,2,2,243.57,5,1,5.0,1.0,b688e646e12a367e13e5d5f77dad15db,13825,holambra,SP,4.4278356481481485,59.596932870370374,0,243.57000000000002
ec4015e0b9b735844b7b6c8066835378,d35ff00f29959bf609fd6f1aac62d164,delivered,2017-08-03 09:47:34,2017-08-03 10:05:22,2017-08-03 18:51:52,2017-08-11 20:55:38,2017-09-08,74.99,16.96,1,1,91.95,3,1,5.0,1.0,307822a88639f2e78929df9a683186cc,40150,salvador,BA,8.463935185185186,35.591967592592596,0,91.94999999999999
0f2d5ecfa7bf7c7319f63e1ac4267b1a,f344c8cc5caaa9b1b529f699cc8900d0,delivered,2017-08-03 09:53:53,2017-08-04 02:23:39,2017-08-04 20:15:29,2017-08-21 20:07:45,2017-08-29,182.0,17.52,1,1,199.52,1,1,5.0,1.0,473e47de43fbdbf38eedc6869e7624fa,91380,porto alegre,RS,18.426296296296297,25.58758101851852,0,199.52
8de235cda79ec1764ed1c31381cb2e4b,71c7e5feaccea207f79968ff7faa09a8,delivered,2017-08-03 09:56:14,2017-08-03 10:10:17,2017-08-08 18:11:40,2017-08-28 11:47:54,2017-08-29,59.9,12.55,1,1,72.45,2,1,4.0,1.0,4a39707e1f62de189021f43a7bb520a0,11432,guaruja,SP,25.077546296296298,25.585949074074072,0,72.45
db0bef559aa4eeff3bec3e8268318c33,7c93ba922b100a817873089ef6e57552,delivered,2017-08-03 10:15:31,2017-08-03 10:25:13,2017-08-03 18:28:02,2017-08-09 18:19:49,2017-08-23,229.0,19.4,1,1,248.4,6,1,5.0,1.0,4f2bbfa65744b7cd4bb51b8e0078e829,89500,cacador,SC,6.336319444444444,19.57255787037037,0,248.4
b682fc4ea655d9de9cd962462e16e738,99c336ab501ab1c1e70ad4e668e3442e,delivered,2017-08-03 10:20:08,2017-08-05 02:55:44,2017-08-09 15:30:19,2017-08-28 11:06:00,2017-08-23,121.8,26.21,2,2,148.01,1,1,5.0,1.0,fa03f39a053e233abd89eb849f1b8997,4339,sao paulo,SP,25.03185185185185,19.569351851851852,1,148.01
d445a6e277eaa62900bc18d453d96d76,c2cd065252fa7ad04274d9d69dd9c09e,delivered,2017-08-03 10:39:39,2017-08-03 10:50:24,2017-08-07 14:57:56,2017-08-14 20:37:25,2017-09-06,199.0,26.42,1,1,225.42,5,1,5.0,1.0,e808aa0ce98f33e671bf3e5b47756564,69918,rio branco,AC,11.41511574074074,33.55579861111111,0,225.42000000000002
326f416d415768d0e54d232732f51fd8,18b8ca13241b9dfa3d7c5136e07484fd,delivered,2017-08-03 10:48:32,2017-08-03 13:42:57,2017-08-07 17:28:17,2017-08-08 20:34:09,2017-08-17,56.99,8.72,1,1,65.71,6,1,5.0,1.0,48c872ab914ede0d5d03fa151269f6b7,13043,campinas,SP,5.4066782407407405,13.54962962962963,0,65.71000000000001
4665a66ed8a60266a8b2f3d4b7e17cb9,9e73104400d0ddbc16850901891c7eeb,delivered,2017-08-03 11:00:57,2017-08-03 13:45:07,2017-08-04 18:57:59,2017-08-11 18:35:42,2017-08-25,118.99,18.08,1,1,137.07,3,1,5.0,1.0,cea01a9cfd5c0493fa5aa04ae0ff1ba5,37968,monte santo de minas,MG,8.315798611111111,21.541006944444444,0,137.07
ed970e1789fefbbd3700b0c5e84b45f3,7a4f856dbe52b7cbb2c19b2fb79f03e4,delivered,2017-08-03 11:01:38,2017-08-03 13:50:23,2017-08-09 19:47:38,2017-08-22 20:25:47,2017-09-06,166.33,34.96,1,1,201.29,10,1,5.0,1.0,663b8dc399b315977cb3f44fbd391d37,29850,ecoporanga,ES,19.391770833333332,33.540532407407404,0,201.29000000000002
566fe59dc8f089f27c0e739a3891581a,38d54a9478904bfa6d7fca2b36be9fdf,delivered,2017-08-03 11:03:47,2017-08-03 13:55:07,2017-08-07 19:15:38,2017-08-08 17:18:00,2017-08-16,40.0,8.72,1,1,48.72,2,1,4.0,1.0,b9cb2be1e16f6afbcccc94af231bbb7e,4531,sao paulo,SP,5.259872685185186,12.539039351851851,0,48.72
6e80500cf8aa7894a6e56a436ee785d2,ff96b3b15e8f7a878bede85345e33f0c,delivered,2017-08-03 11:13:41,2017-08-03 13:55:12,2017-08-04 18:51:18,2017-08-09 16:27:51,2017-09-05,58.0,28.2,2,1,86.2,1,1,1.0,1.0,bd3410fa50b021fbc967037cf14144de,90430,porto alegre,RS,6.218171296296297,32.532164351851854,0,86.2
7d0ed38550fa692c0dff9a4d0eddb8e7,0f3179de38741efcde57ff90a832e7b8,delivered,2017-08-03 11:21:10,2017-08-03 14:03:40,2017-08-08 13:52:44,2017-08-17 15:17:12,2017-08-25,29.9,14.1,1,1,44.0,1,2,5.0,1.0,9b3080a1d8cb55eff4f11b92b49bb82b,82930,curitiba,PR,14.163912037037036,21.52696759259259,0,44.0
7c16f82261b598ba393f29f1d992c1d8,f1fa2c750e749e489428a52f4a83d165,delivered,2017-08-03 11:22:29,2017-08-05 02:55:18,2017-08-09 17:14:25,2017-08-11 18:13:13,2017-09-01,119.8,35.34,2,1,155.14,1,1,5.0,1.0,7bc3e3e04d914c88c93d683b6d095167,21765,rio de janeiro,RJ,8.285231481481482,28.52605324074074,0,155.14
45c435e0e0b054549e2a9237da43853a,7a1aa3b46000539bded75c131c2a27c7,delivered,2017-08-03 11:25:32,2017-08-04 02:23:58,2017-08-04 19:42:52,2017-08-09 18:07:21,2017-08-23,89.9,12.13,1,1,102.03,1,1,3.0,1.0,8171070e394e383aa9e30a6caf827294,2611,sao paulo,SP,6.279039351851852,19.523935185185184,0,102.03
bb535f122a301b2b48f02befcedfcad5,5fa3e7405bd851a51f1e1aa56fc145a0,delivered,2017-08-03 11:36:18,2017-08-04 09:35:18,2017-08-07 14:40:04,2017-09-18 18:24:48,2017-08-25,142.5,15.75,1,1,158.25,2,1,3.0,1.0,73fd25c9fc5706f6db9eaecbf248241e,23811,itaguai,RJ,46.283680555555556,21.516458333333333,1,158.25
dde56e42843e19685d241a25e192184e,385b197700fc1ddc0cd7593456a8f0db,delivered,2017-08-03 11:40:08,2017-08-04 11:45:18,2017-08-29 09:13:53,2017-08-29 09:13:53,2017-09-04,102.0,34.51,1,1,136.51,4,1,5.0,1.0,8d979809915c7dd77c15b741b089c85b,62800,aracati,CE,25.8984375,31.513796296296295,0,136.51
61bfed38f9921edce07bf34cbbacf25f,e2272ac8bf459f44d6c463d1b75afb8b,delivered,2017-08-03 11:45:23,2017-08-03 14:05:35,2017-08-04 18:31:46,2017-08-10 19:13:30,2017-08-25,69.9,15.24,1,1,85.14,2,1,3.0,1.0,fc6110afce6807f3b7834f7091a032a3,4580,sao paulo,SP,7.31119212962963,21.51015046296296,0,85.14
07b76b6fdc57b96ed6406457e05ddecb,fb80123043747e0c9ba35ff7e48005b6,delivered,2017-08-03 11:47:07,2017-08-04 07:10:07,2017-08-04 18:27:38,2017-08-10 15:22:30,2017-08-17,75.0,13.08,1,1,88.08,5,1,4.0,1.0,a5bdd83dc32225fadcedd741693cede2,2993,sao paulo,SP,7.149571759259259,13.50894675925926,0,88.08
31ca199ff8e0748b9d065f1bfa90450b,f8a3f90054427bb63eed0ec42ed00e70,delivered,2017-08-03 11:55:05,2017-08-05 02:50:11,2017-08-07 12:18:49,2017-08-12 16:27:29,2017-08-29,39.9,16.79,1,1,56.69,1,1,5.0,1.0,02a81ef75e80450061b235f691600dc0,12514,guaratingueta,SP,9.189166666666667,25.503414351851852,0,56.69
df8ab61cb615d551483618533aceb364,3922d6a8ed0273142c88d1d9fa62f3ad,delivered,2017-08-03 12:08:45,2017-08-03 14:35:19,2017-08-07 14:37:22,2017-08-21 18:20:18,2017-09-05,600.0,113.65,1,1,713.65,10,1,5.0,1.0,dfbaa905d79219afc7a10c45702ee9af,45860,canavieiras,BA,18.258020833333333,32.493923611111114,0,713.65
e3c0a2c7d7991400a33d2da89c86e6de,9a68e7f267f4936cad2624395496633e,delivered,2017-08-03 12:12:54,2017-08-04 02:30:41,2017-08-04 13:13:12,2017-08-18 15:52:28,2017-08-25,89.9,16.39,1,1,106.29,1,1,5.0,1.0,4bea2f413c9db0be72fb7007aec4fa1b,85960,marechal candido rondon,PR,15.152476851851851,21.491041666666668,0,106.29
4310dee37e09d3d73cf8c9a63f7b61fc,ed8015d79ac87082198750d415abd7b5,delivered,2017-08-03 12:17:18,2017-08-04 06:45:15,2017-08-04 17:34:09,2017-08-10 19:22:32,2017-08-23,72.5,13.53,1,1,86.03,1,1,5.0,1.0,f9bf71aedf974324e6d89ce57f01ec45,12524,guaratingueta,SP,7.295300925925926,19.487986111111113,0,86.03
1f09e3685a5270799e2f5c3199936edc,609b96c75fd36caa48cda6817733557e,delivered,2017-08-03 12:23:10,2017-08-05 02:55:37,2017-08-07 16:12:48,2017-08-14 11:47:50,2017-08-25,129.99,18.16,1,1,148.15,1,1,3.0,1.0,bfe4a08a1ef7fd9541f82d728640ad36,85598,cruzeiro do iguacu,PR,10.975462962962963,21.483912037037037,0,148.15
cd9a9c293aa0ea00d1419883307e9544,b851e6a25bb4a7c1303d972a40cfdb61,delivered,2017-08-03 12:25:25,2017-08-03 14:45:13,2017-08-07 20:18:42,2017-08-11 21:17:18,2017-08-30,59.9,13.44,1,1,73.34,1,1,5.0,1.0,3b77909bfca56bb59872359d7586f8ef,13451,santa barbara d'oeste,SP,8.369363425925926,26.482349537037038,0,73.34
b8cd3107b41b1232ec5ccc2958000acf,e7958b1dac84719b0e9250e063421045,delivered,2017-08-03 12:26:40,2017-08-03 15:23:44,2017-08-04 18:54:03,2017-08-25 18:37:37,2017-09-06,339.9,27.66,1,1,367.56,5,2,1.0,1.0,dbf9d2d8651aa98885c12ec29829c6e0,66830,belem,PA,22.257604166666667,33.48148148148148,0,367.56
612f068f7f21e8eb30c2747b98f5cd5d,d2d75b50904ca9ca9d2bb319fdce4781,delivered,2017-08-03 12:36:55,2017-08-03 14:45:23,2017-08-08 20:48:47,2017-08-16 18:26:42,2017-09-08,199.0,21.79,1,1,220.79,10,1,5.0,1.0,571a76fdcc655128d212af3769465b32,24120,niteroi,RJ,13.242905092592592,35.47436342592592,0,220.79
e37fbd45af4b09e473cb0805b49bdca7,18cb5869ae95b1e2ab7b17760b9e97d0,delivered,2017-08-03 12:48:23,2017-08-03 14:50:13,2017-08-07 19:08:35,2017-08-18 18:27:57,2017-08-25,54.9,14.13,1,1,69.03,6,1,5.0,1.0,53d1e66c7e220018ea348c52d02bc5a6,20560,rio de janeiro,RJ,15.235810185185185,21.466400462962962,0,69.03
b11b91d4d8e53e6149e2df599f5335e8,dd1aa4cf442d7028e72cedcce78bf9c7,delivered,2017-08-03 12:51:48,2017-08-04 02:25:45,2017-08-09 17:14:25,2017-08-17 15:39:38,2017-09-08,119.8,35.34,2,1,155.14,1,1,5.0,1.0,1e36e008b130c0ff158f3852ff94241d,76400,uruacu,GO,14.116550925925926,35.46402777777778,0,155.14
6241cda1675cb9e42e0a934f7c71812a,8b28d65024bde74b024ae8c9326adf50,delivered,2017-08-03 12:52:45,2017-08-03 14:50:15,2017-08-08 21:47:32,2017-08-23 01:23:37,2017-08-25,10.99,15.1,1,1,26.09,2,1,,,d7dcb6a86716cae0bae52007bd8b7822,22793,rio de janeiro,RJ,19.521435185185187,21.463368055555556,0,26.09
33a34707fe2e887e67e5d2a555f13c47,cc6303121d9155c7071dc346ab37d820,delivered,2017-08-03 12:59:21,2017-08-03 14:55:17,2017-08-04 15:27:05,2017-08-07 17:24:44,2017-08-16,61.49,8.27,1,1,69.76,2,1,5.0,1.0,8c1fcf71d5f8996186d32a5b3b5259f1,3437,sao paulo,SP,4.184293981481481,12.458784722222223,0,69.76
52324f390c9414a6c6b4a2f1b24964b4,5a9dae6565b54b1a39d035684739bb91,delivered,2017-08-03 13:00:11,2017-08-04 02:15:16,2017-08-04 19:52:54,2017-08-11 19:24:29,2017-09-06,399.9,36.6,1,1,436.5,1,1,5.0,1.0,31c014df5bd50caf330d47c60a7b485c,64840,guadalupe,PI,8.266875,33.45820601851852,0,436.5
d2fee8629e0a482149dd28013ac6dbe5,d94dd892998e1f07d4a84e9475d6c05e,delivered,2017-08-03 13:04:46,2017-08-03 15:25:20,2017-08-09 19:23:49,2017-08-16 19:34:26,2017-08-25,434.90999999999997,54.78,3,1,489.69,4,1,5.0,1.0,e8cb0c78d44d572d96674d666f082fed,6455,barueri,SP,13.270601851851852,21.455023148148147,0,489.68999999999994
8eb78d502d1023cb644668137fc7efce,5b87dbf9c24436c97c4110980429159b,delivered,2017-08-03 13:10:37,2017-08-03 15:25:20,2017-08-04 18:52:57,2017-08-07 20:28:04,2017-08-16,87.0,9.42,1,1,96.42,4,1,4.0,1.0,ac3edc622297313093d24eece0b1fb5b,1327,sao paulo,SP,4.303784722222222,12.450960648148149,0,96.42
aaf4772267009ac972388c595ac96086,b3599df63349cf8003d59661bc0f6a75,delivered,2017-08-03 13:13:00,2017-08-03 15:25:19,2017-08-04 16:00:10,2017-08-12 13:11:44,2017-08-25,29.0,15.1,1,1,44.1,2,1,4.0,1.0,aae0e96ff119585d363a1792e5ea5835,28083,campos dos goytacazes,RJ,8.99912037037037,21.449305555555554,0,44.1
4f68ed0836136db8064bf34ebb1965e2,08a113f40963196742d5538a95776e34,delivered,2017-08-03 13:19:56,2017-08-03 14:30:09,2017-08-14 18:23:01,2017-08-17 19:03:48,2017-08-22,119.8,18.54,2,1,138.34,10,1,4.0,2.0,846e4612bebdefeb3a65aa63fee59e3a,87060,maringa,PR,14.238796296296297,18.44449074074074,0,138.34
587c66847401b1ad23c2e9e6aa078b32,532df3d52ba1086890516792526b1d0f,delivered,2017-08-03 13:19:58,2017-08-03 14:30:11,2017-08-04 20:34:38,2017-08-11 17:13:44,2017-08-25,395.0,17.52,1,1,412.52,10,1,3.0,1.0,846e4612bebdefeb3a65aa63fee59e3a,87060,maringa,PR,8.162337962962964,21.44446759259259,0,412.52
584bd08b6d0a61391b57b2ac26416887,367788607e250367f43183f3500e33b6,delivered,2017-08-03 13:20:28,2017-08-04 02:25:28,2017-08-04 18:43:41,2017-08-05 16:28:45,2017-08-16,62.99,11.73,1,1,74.72,1,1,5.0,1.0,0fef5efc00d8e8673620ee24183868b2,8561,poa,SP,2.130752314814815,12.44412037037037,0,74.72
0e4947dbfc032a9054b0526c61d37d1f,e29fe453e172399a65852e679b7a6131,delivered,2017-08-03 13:24:03,2017-08-04 02:23:56,2017-08-07 18:13:45,2017-08-14 14:12:28,2017-08-25,59.9,17.67,1,1,77.57,1,1,5.0,1.0,43c330d38c136f310dbf14e79b9f8d9d,19570,regente feijo,SP,11.033622685185184,21.441631944444445,0,77.57
3ba5d830ea579cb8687862a83f5b47df,c9b59d9585de0295c3137fb1af8929ca,delivered,2017-08-03 13:44:47,2017-08-04 02:23:52,2017-08-04 15:24:07,2017-08-11 20:36:22,2017-08-25,110.98,30.5,2,1,141.48,1,1,5.0,1.0,7b61100aad1487367e24e050bc73ea13,35900,itabira,MG,8.285821759259258,21.427233796296296,0,141.48000000000002
96d4aa53586046965c471164413b37cd,12d54e7bcf721ea2debe5e1a7434aa6a,delivered,2017-08-03 13:59:34,2017-08-03 15:15:14,2017-08-07 15:29:43,2017-08-15 18:03:54,2017-08-29,59.0,16.17,1,1,75.17,5,1,4.0,1.0,49cee01774f85ef576192e1038cf9cc6,95800,venancio aires,RS,12.169675925925926,25.41696759259259,0,75.17
2b544b8241dd8fff06e4585c901d885e,9a26a1c5188c5c8ca9c88f140e0a8697,delivered,2017-08-03 14:05:45,2017-08-03 15:15:11,2017-08-09 20:08:46,2017-08-14 18:53:43,2017-08-25,349.9,74.08,1,1,423.98,4,1,5.0,1.0,65fc554b3febcaf5130b3af6fcf61847,6386,carapicuiba,SP,11.199976851851853,21.41267361111111,0,423.97999999999996
9ee4d099f38e890ac389c977ec066c67,b7e72b9d9d5b378ed2050e817fa757e1,delivered,2017-08-03 14:06:43,2017-08-03 15:30:14,2017-08-03 21:22:12,2017-08-10 20:04:27,2017-08-28,209.0,16.21,1,1,225.21,1,1,5.0,1.0,d4f065ced1dc33d890e0e8162ecba0cf,37660,paraisopolis,MG,7.248425925925926,24.412002314814814,0,225.21
a5eb6930340dbd674f7f881269ce9579,cc908e0395e8cfbdaee7e977c033746b,delivered,2017-08-03 14:11:05,2017-08-03 15:15:15,2017-08-04 13:23:07,2017-08-12 14:20:06,2017-08-23,44.49,11.85,1,1,56.34,1,1,5.0,1.0,1d2c9a902da6feeba78ac9a3b3a7be35,13607,araras,SP,9.006261574074074,19.408969907407407,0,56.34
f232ff4908be69d9a06a746be78f1390,6b1066ec623d8c60ca4dc0473a272afc,delivered,2017-08-03 14:16:56,2017-08-03 15:45:26,2017-08-07 20:18:41,2017-08-15 13:15:42,2017-09-05,119.8,35.34,2,1,155.14,3,1,4.0,1.0,3cd77f358fcbe4116c33ac9875f27705,97060,santa maria,RS,11.957476851851851,32.40490740740741,0,155.14
eddf1b58726e1b53c010f681422195fc,9fff124c067a8e923fbcf6cdea20ea56,delivered,2017-08-03 14:17:03,2017-08-03 15:30:17,2017-08-09 21:27:36,2017-08-17 21:03:05,2017-09-01,80.0,16.0,1,1,96.0,1,1,1.0,1.0,adcf8fd9566b3660ea51a1b9dd2f2791,22765,rio de janeiro,RJ,14.281967592592592,28.40482638888889,0,96.0
d3045e7fe9e2988614cbbaf560c424f7,c1f0ff2ccfc9b49878a1149829f6c41f,delivered,2017-08-03 14:18:06,2017-08-03 16:10:24,2017-08-07 19:54:43,2017-08-17 18:43:46,2017-09-06,205.0,28.81,1,1,233.81,10,1,4.0,1.0,cc7c744f1af97f9a54fc904aca367cc0,45003,vitoria da conquista,BA,14.18449074074074,33.40409722222222,0,233.81
c7536eb5732f2d108709a935a97da95b,0a95891690ce6cafb5d1fc15c45f479b,delivered,2017-08-03 14:18:26,2017-08-03 15:45:31,2017-08-04 15:37:40,2017-08-10 17:03:05,2017-08-25,155.99,16.85,1,1,172.84,5,1,3.0,1.0,92acbadf09aac30d9f6aba99cc8690fb,30380,belo horizonte,MG,7.114340277777778,21.40386574074074,0,172.84
d4911279e8f92849f1685ed9436c2483,7c97749095a5b872b41a18ad3ab73c29,delivered,2017-08-03 14:19:17,2017-08-04 06:45:17,2017-08-04 19:51:58,2017-08-08 18:58:19,2017-08-23,69.9,12.83,1,1,82.73,1,1,5.0,1.0,5e310a28f1af63a8debee277d141a1e6,1031,sao paulo,SP,5.193773148148148,19.403275462962963,0,82.73
2d1f08f7693e119a191d97d953258189,dc00481e8927527c2cb71022add53378,delivered,2017-08-03 14:19:55,2017-08-04 14:30:17,2017-08-07 19:57:36,2017-08-11 21:05:16,2017-09-12,64.78,18.0,2,1,82.78,8,1,5.0,1.0,9077449283dc1319d5e51fb3159b28e2,29230,anchieta,ES,8.281493055555556,39.40283564814815,0,82.78
1653009772c7d799890eec481fe417e3,4368b90b06b8eec19d7d150a2257d1e3,delivered,2017-08-03 14:33:16,2017-08-05 03:03:28,2017-08-10 15:07:30,2017-08-15 18:54:30,2017-08-25,154.99,14.83,1,1,169.82,1,1,5.0,1.0,55792dbb54f599311bfdfb0450f0d2c1,23061,rio de janeiro,RJ,12.181412037037036,21.393564814814816,0,169.82000000000002
a975758d17a9e095a496f4283d9c3aca,a90b67461a9b141f23f0b1fcb25a5639,delivered,2017-08-03 14:34:26,2017-08-03 15:50:18,2017-08-04 18:23:43,2017-08-16 21:10:54,2017-08-25,55.9,15.14,1,1,71.04,3,1,4.0,1.0,1fab09edf6749cee5d6829be35daa13b,18276,tatui,SP,13.275324074074074,21.39275462962963,0,71.03999999999999
8f8e4c6e05e4b84707bf0dafc310fc7b,9249476dff8f7a54d21b00f1423b5bf1,delivered,2017-08-03 14:42:09,2017-08-03 16:15:14,2017-08-03 20:49:46,2017-08-08 18:00:13,2017-09-11,309.99,15.9,1,1,325.89,10,1,5.0,1.0,f7d8c8576a04b82badf97861bdc83220,4029,sao paulo,SP,5.137546296296296,38.387395833333336,0,325.89
9436e03932021844bcaa6fb20dfc4968,7373dc63573ace31964e986eee49e9d0,delivered,2017-08-03 15:09:25,2017-08-03 16:05:18,2017-08-09 21:16:31,2017-08-11 22:27:00,2017-08-16,123.8,16.54,2,1,140.34,10,1,5.0,1.0,c054a603188a1008d279b98a85e3a0b1,2406,sao paulo,SP,8.303877314814814,12.368460648148147,0,140.34
5764ae851e6c27213dc25d7c7e4c713f,fcb12467c41c93cf1161a94fe9b77a84,delivered,2017-08-03 15:24:18,2017-08-03 16:30:11,2017-08-08 14:20:06,2017-08-16 22:12:43,2017-08-25,34.99,15.1,1,1,50.09,1,1,4.0,1.0,bf6541019197793ee3f6abac0e4c4710,28911,cabo frio,RJ,13.283622685185184,21.358125,0,50.09
557fe5a8a05a2bbb733aacdf6d9b2b9e,602c734d4a72768d9e0cf843f55dc8af,delivered,2017-08-03 15:26:37,2017-08-03 16:50:11,2017-08-04 17:43:10,2017-08-08 17:28:05,2017-08-24,181.0,16.9,1,1,197.9,2,1,5.0,1.0,76fd9cf5537cafb206e3fd2b803ee013,2075,sao paulo,SP,5.084351851851852,20.356516203703702,0,197.9
bebb91d877e74fcb3c9b0cf03d7f6e4e,85a686a0ab11d3e40ea19dbe75a457fb,delivered,2017-08-03 15:28:47,2017-08-04 02:15:13,2017-08-07 19:19:57,2017-08-14 14:28:00,2017-08-28,38.9,16.11,1,1,55.01,1,1,5.0,1.0,373d4a9df02e2672e8d8c6d6d802f0c3,28990,saquarema,RJ,10.957789351851853,24.355011574074073,0,55.01
762a7b629bb1c6b72ee7f71f72ce3fbd,a8dc0fdd2cb87f86c0373cfd62c621bb,delivered,2017-08-03 15:35:04,2017-08-03 16:35:15,2017-08-08 18:32:20,2017-08-09 16:41:42,2017-08-16,34.99,7.78,1,1,42.77,1,1,5.0,1.0,58aad3391d255735a51b95f9b76f31b7,2130,sao paulo,SP,6.046273148148148,12.350648148148148,0,42.77
d0b378f9d33cbf6b21c01295494a9ef1,9414468f4e33a5759920691717151c14,delivered,2017-08-03 15:36:26,2017-08-03 16:50:15,2017-08-04 18:59:04,2017-08-11 21:47:51,2017-08-25,22.9,16.83,1,1,39.73,1,1,3.0,1.0,5126023a171cb9bc605e7213e298cc66,9060,santo andre,SP,8.25792824074074,21.349699074074074,0,39.73
f4fa37effe654cb2651b97dbe1e026f5,6afd81b08532b9e05f3dc2e988793e4e,delivered,2017-08-03 15:39:59,2017-08-03 17:15:16,2017-08-10 17:07:30,2017-08-18 15:32:41,2017-08-25,69.9,16.25,1,1,86.15,7,1,5.0,1.0,c1179fdd8d608143d7fa4ced36572a93,28020,campos dos goytacazes,RJ,14.994930555555555,21.347233796296297,0,86.15
ec85c27a8b665a26a66f773bef603731,48cabebc3016b12079f4d41904c645b3,delivered,2017-08-03 15:41:08,2017-08-03 16:50:16,2017-08-09 21:16:30,2017-08-11 13:55:55,2017-08-16,109.9,8.51,1,1,118.41,2,1,5.0,1.0,7bf1c59401206e31a78523077f3a1144,5521,sao paulo,SP,7.92693287037037,12.346435185185186,0,118.41000000000001
8f2c9e626786d2b5337f8dd444ddb79b,98a505463599ce446e333940e305e756,delivered,2017-08-03 15:46:28,2017-08-05 03:03:25,2017-08-07 15:06:48,2017-08-14 19:54:59,2017-08-29,89.0,14.37,1,1,103.37,1,1,5.0,1.0,c718e7e51226888a1ae92687aa320a16,29112,vila velha,ES,11.17258101851852,25.342731481481483,0,103.37
1fd9bf8cb665b63ec460f8a425e4d404,90375cdb2ffb6381f35042caac83a65d,delivered,2017-08-03 15:54:52,2017-08-03 16:25:18,2017-08-07 20:57:25,2017-08-11 19:37:50,2017-08-30,205.0,26.27,1,1,231.27,6,1,3.0,1.0,879e52fcfc1cff3833627a733de4a9ff,95535,terra de areia,RS,8.154837962962963,26.336898148148148,0,231.27
483b53ea654d3566427a092cdef047fd,540b9cf91ccba6db4e12ffb269c5a2c0,delivered,2017-08-03 15:59:11,2017-08-16 03:30:15,2017-08-17 20:49:51,2017-08-25 17:48:37,2017-08-25,16.9,15.1,1,1,32.0,1,1,5.0,1.0,20d87b86d8f0645f20c1f14d25bdcc78,97300,sao gabriel,RS,22.07599537037037,21.333900462962962,1,32.0
3b62cf19155645bbcd58c9b11c9efce1,8f48e4ceff5e23adddb082418b0b97a4,delivered,2017-08-03 16:16:50,2017-08-03 17:00:15,2017-08-04 16:59:58,2017-08-15 17:52:46,2017-08-25,36.9,14.1,1,1,51.0,5,1,2.0,1.0,116823daa8abb95786c5908fd8087b9e,88103,sao jose,SC,12.066620370370371,21.321643518518517,0,51.0
69efe1aee14d4093c8627e94343a359e,97b02cd154ba83c7a105d797003cbff4,delivered,2017-08-03 16:23:51,2017-08-03 17:55:10,2017-08-04 18:52:10,2017-08-14 21:43:05,2017-08-23,69.0,13.5,1,1,82.5,3,1,4.0,1.0,e0adb31b1a56b80caf389a3f0d215f20,6329,carapicuiba,SP,11.221689814814814,19.316770833333333,0,82.5
ddc6de714ab6793dd55ef3b191352906,a0e47f67969c2f4a301e64a2e191456f,delivered,2017-08-03 16:29:09,2017-08-03 17:10:15,2017-08-04 20:59:26,2017-08-08 16:07:44,2017-08-16,29.98,15.56,2,1,45.54,1,1,5.0,1.0,86d4ade546938f7f81621ac41a89cc5d,4504,sao paulo,SP,4.9851273148148145,12.313090277777778,0,45.54
8b761bca5ade41b47694b0225c668b75,60759d1a0d02d7e2d74834df707b597a,delivered,2017-08-03 16:51:19,2017-08-03 17:23:43,2017-08-04 18:52:08,2017-08-14 20:05:54,2017-08-23,79.0,13.57,1,1,92.57,2,1,5.0,1.0,3a01046c309a105bb4688bf2174df242,8290,sao paulo,SP,11.135127314814815,19.29769675925926,0,92.57
7369ddd3164bb598080bcee19efcc482,ca964cdd8f4bf762b684016a0fc04648,delivered,2017-08-03 16:55:25,2017-08-03 17:15:21,2017-08-07 19:19:26,2017-08-21 17:26:50,2017-08-29,205.0,22.27,1,1,227.27,2,1,4.0,1.0,01029c2615eacab8d39f0450e6b0bef3,21310,rio de janeiro,RJ,18.02181712962963,25.294849537037038,0,227.27
e2f221486e4e15ef55da8a8101d53b51,87bbac135360225f64beab40f0a78d3d,delivered,2017-08-03 16:56:22,2017-08-03 17:23:46,2017-08-04 19:46:57,2017-08-11 18:17:02,2017-08-28,39.9,15.1,1,1,55.0,2,1,5.0,1.0,cf6e43279e51aaedf0f39337b5375c71,71571,brasilia,DF,8.056018518518519,24.294189814814814,0,55.0
1df3e6364beb175319d6e20f502f550f,c5380b66e187b0eb17c05d632db8705f,delivered,2017-08-03 16:57:03,2017-08-03 17:25:22,2017-08-08 19:51:20,2017-08-11 18:51:32,2017-08-16,19.74,7.78,1,1,27.52,1,1,5.0,1.0,cbebb963325989ab6e95fc1df135ddfc,4085,sao paulo,SP,8.079502314814814,12.293715277777778,0,27.52
1deac17b4e5cbe75d56fd0d33882ea20,4c561ffd312db62fc188efa729a06a0f,delivered,2017-08-03 17:02:03,2017-08-03 17:25:15,2017-08-04 15:05:54,2017-08-15 15:19:59,2017-08-25,39.9,15.1,1,1,55.0,2,1,5.0,1.0,5e619209a456f600c58ffe4d1efebe45,11900,registro,SP,11.92912037037037,21.290243055555557,0,55.0
8b9db40975d36e27b6bef9ba264f0fad,6fafc5c3fc52e79ab26de962e6aee6af,delivered,2017-08-03 17:10:34,2017-08-04 06:45:19,2017-08-07 18:07:42,2017-08-25 19:53:52,2017-09-05,58.99,24.96,1,1,83.95,1,1,3.0,1.0,d7aeaca7e8d5221a4ebbfe3eba12a652,49160,nossa senhora do socorro,SE,22.11340277777778,32.28432870370371,0,83.95
f979267a9c0c47a8c7ad427ba7cf3407,90e62e6099a2dad9ded0f79af4e9f980,delivered,2017-08-03 17:11:26,2017-08-04 17:15:16,2017-08-07 18:35:57,2017-08-11 11:20:09,2017-08-23,179.9,12.76,1,1,192.66,4,1,5.0,1.0,c9db667c614c73789033408b41813cea,8330,sao paulo,SP,7.756053240740741,19.283726851851853,0,192.66
60b937da90f851b4fb55afb5d59d460b,b96b8570180e3baf84c3cc359d980e2e,delivered,2017-08-03 17:18:23,2017-08-03 17:35:17,2017-08-04 22:27:59,2017-08-07 14:15:40,2017-08-23,25.59,11.85,1,1,37.44,3,1,5.0,1.0,a73c5464692d3bc09d64e3edefae9015,9270,santo andre,SP,3.873113425925926,19.278900462962962,0,37.44
f10c009ca3eae0609b1ad632f68dcf67,65b56ee59c6692b5325659ab6acbe62a,delivered,2017-08-03 17:22:24,2017-08-04 15:30:10,2017-08-04 20:46:32,2017-08-05 13:39:38,2017-08-16,199.0,8.65,1,1,207.65,10,1,5.0,1.0,5ec4c90f549177a8cbbbc7419353e66a,4305,sao paulo,SP,1.8453009259259259,12.276111111111112,0,207.65
d0032af1034824fb3c4616830075fcb1,2ab7f76aa0731fa533ab18348ccea54f,delivered,2017-08-03 17:26:49,2017-08-03 17:43:23,2017-08-08 18:32:19,2017-08-09 16:41:42,2017-08-16,34.99,7.78,1,1,42.77,1,1,4.0,1.0,609b898de7bf85ab7fcd4ab825ad49b2,6727,cotia,SP,5.968668981481481,12.273043981481482,0,42.77
110db9a85229d82cf8223a0315afaf8f,5870764232b1c85c58f471bea1c2f982,delivered,2017-08-03 17:34:25,2017-08-04 06:45:21,2017-08-04 18:23:45,2017-08-11 13:32:37,2017-08-17,75.0,13.08,1,1,88.08,1,1,4.0,1.0,16d3bbc6c5f8fcfe1547160c74f215e8,6852,itapecerica da serra,SP,7.832083333333333,13.267766203703705,0,88.08
d04d60a83e3c187136cd8c3a344b5df6,0e42a1079034c30b6be072e56c4bfaf8,delivered,2017-08-03 17:36:44,2017-08-03 17:50:16,2017-08-04 18:50:07,2017-08-23 17:10:25,2017-09-06,37.5,37.9,1,1,75.4,4,1,4.0,1.0,813420d14581bd869f6a532e8bb40f5a,58038,joao pessoa,PB,19.98172453703704,33.266157407407405,0,75.4
5c0b275c61d766ad137bc3a1627ce777,0b918f630623783e295db67659372d23,delivered,2017-08-03 17:38:50,2017-08-03 17:50:19,2017-08-07 18:33:41,2017-08-16 20:47:50,2017-08-25,125.9,29.92,1,1,155.82,7,1,5.0,1.0,0781838872ec0cf61c6bd00af978d3ae,29338,itaipava,ES,13.13125,21.264699074074073,0,155.82
86a159c4f6b1da57e4f8d286a16e9c9f,61fb4e9e08bfc53dc60cad3a7a9ab94a,delivered,2017-08-03 17:47:10,2017-08-03 18:03:04,2017-08-04 21:22:07,2017-08-17 18:58:39,2017-08-16,69.9,11.73,1,1,81.63,1,1,5.0,1.0,b17319913219a3ff59c99143d47c507f,6867,itapecerica da serra,SP,14.049641203703704,12.258912037037037,1,81.63000000000001
ed7d20ff07724a8c068aff6e6d621796,c7fb8d16c191ca0497f91b330341f45a,delivered,2017-08-03 17:48:23,2017-08-03 18:03:07,2017-08-07 16:59:32,2017-08-11 19:14:24,2017-08-23,134.55,13.96,1,1,148.51,8,1,5.0,1.0,3c2d1aeaebbb7a4b9afdffbce5628582,5081,sao paulo,SP,8.059733796296296,19.25806712962963,0,148.51000000000002
e417011226af2bd3a4a21d51b2818e36,1df6b5cc0f5be2d7be5bb608075b1fb8,delivered,2017-08-03 17:53:37,2017-08-03 18:05:49,2017-08-04 18:57:59,2017-08-11 21:49:47,2017-08-25,59.99,17.67,1,1,77.66,7,1,5.0,1.0,31db02528216401f292fff0d18b8d71e,27320,barra mansa,RJ,8.16400462962963,21.25443287037037,0,77.66
a3fa2b20c0df9c8279c4441905471140,e012ec724eb09748bfe4dc58facabfff,delivered,2017-08-03 18:05:05,2017-08-04 15:50:20,2017-08-09 14:53:01,2017-08-21 21:03:18,2017-08-31,629.0,40.42,1,1,669.42,10,1,5.0,1.0,5ade76c1b8598f4752607e46984950d5,22780,rio de janeiro,RJ,18.123761574074074,27.24646990740741,0,669.42
07bdb6811431a929abbd2ada5c891dc5,042d3b446910e8338a3a8bad1dafe7e7,delivered,2017-08-03 18:07:28,2017-08-03 18:23:32,2017-08-04 20:34:38,2017-08-08 16:52:48,2017-08-23,153.8,24.08,2,1,177.88,4,1,5.0,1.0,d0e4d11c07a9872b5c41cd8fc63837ba,9190,santo andre,SP,4.948148148148148,19.244814814814816,0,177.88
146bc27ff71043a6ace37bd4dec7b754,0d051c3b978b24060b7d47b78efe11da,delivered,2017-08-03 18:21:36,2017-08-03 18:30:19,2017-08-04 18:52:10,2017-08-08 19:49:55,2017-08-23,54.9,12.72,1,1,67.62,2,1,1.0,1.0,030fbdd408131cb4235b5b7f241d727e,4735,sao paulo,SP,5.061331018518518,19.235,0,67.62
264e91053cd726b067922356be6fd618,19ac278967f42fe0240c4823824594aa,delivered,2017-08-03 18:25:30,2017-08-03 18:43:36,2017-08-07 16:40:20,2017-08-21 20:46:47,2017-08-31,1299.9,27.64,1,1,1327.54,2,1,5.0,1.0,5a95daf3900225ffe545478a36feea4d,22745,rio de janeiro,RJ,18.098113425925927,27.232291666666665,0,1327.5400000000002
9e48259dcc212e0343e11086490f15f8,2b730cd68350263273094dec76ef3073,delivered,2017-08-03 18:30:57,2017-08-04 06:45:21,2017-08-04 18:07:48,2017-08-10 18:27:08,2017-08-25,160.0,16.88,1,1,176.88,1,1,5.0,1.0,85201f0856a9fd760f472ffe215e68fa,22040,rio de janeiro,RJ,6.997349537037037,21.228506944444444,0,176.88
48d007b3d7183bc54336d813b1380d26,a3bfe1551d298300aa31c837568a68a0,delivered,2017-08-03 18:35:24,2017-08-05 03:03:17,2017-08-07 19:32:58,2017-08-11 21:52:05,2017-08-25,47.49,16.6,1,1,64.09,1,1,5.0,1.0,080e5649ca4371c5902d07f0c9fa3cde,25015,duque de caxias,RJ,8.136585648148149,21.225416666666668,0,64.09
20f124e5fc78bf859173b67e02ae2671,fb50abded81d6b84b281463eb0cfc7f3,delivered,2017-08-03 18:36:41,2017-08-03 18:55:07,2017-08-04 16:05:42,2017-08-11 20:23:11,2017-09-06,65.0,17.73,1,1,82.73,1,1,5.0,1.0,318abc8bb78861a558cefed27f4540fb,60455,fortaleza,CE,8.073958333333334,33.224525462962966,0,82.73
9e5fb230df649a8014388ee2cba9d347,610886edefcf1ab6711acc4e94f45637,delivered,2017-08-03 18:50:00,2017-08-04 02:25:35,2017-08-04 16:19:32,2017-08-10 21:17:35,2017-08-28,152.0,25.9,1,1,177.9,1,1,5.0,1.0,ee1aeaff4b31c4005fa61944d11ba51d,85867,foz do iguacu,PR,7.102488425925926,24.21527777777778,0,177.9
0a275b76a325d0ea648f62a087597d85,ba41199b46562b87c3d00a2f85bdf386,delivered,2017-08-03 19:02:29,2017-08-03 19:15:20,2017-08-11 18:47:55,2017-08-15 15:23:42,2017-08-30,194.9,13.7,1,1,208.6,4,1,4.0,1.0,51f2fbf8f12d68d2567a247fb4829c79,4904,sao paulo,SP,11.84806712962963,26.206608796296297,0,208.6
c05f96437381637362bc32cb1b54d71f,e5f0d1bc1a958e1f5236f194121f8541,delivered,2017-08-03 19:03:33,2017-08-04 02:30:46,2017-08-04 15:52:48,2017-08-10 13:08:04,2017-08-28,36.9,15.1,1,1,52.0,1,1,5.0,1.0,343e5b306fed604e45704a9ace917cef,26564,mesquita,RJ,6.753136574074074,24.205868055555555,0,52.0
966d505c98ea667c11343331a5d67722,26b32bdec947c658c37dcfca2859bdf0,delivered,2017-08-03 19:48:22,2017-08-05 03:03:11,2017-08-16 19:05:25,2017-08-25 20:05:10,2017-09-01,39.9,16.79,1,1,56.69,1,1,5.0,1.0,622ab02b1f004f1b9a11fee1634bd1c7,89868,saudades,SC,22.011666666666667,28.17474537037037,0,56.69
1f146ef2973ac65116ed3fcd8c27d507,84719aec15dc5adfdc2b8d167619f343,delivered,2017-08-03 19:56:56,2017-08-03 20:10:16,2017-08-04 22:17:29,2017-08-10 18:32:18,2017-08-25,89.0,15.37,1,1,104.37,6,1,5.0,1.0,26d86a89365a010c1be9f55941ec2426,36953,taparuba,MG,6.941226851851852,21.168796296296296,0,104.37
9d532b51b8f3d1f0103c34fc72fe1816,197db000773478f3cf1bbca20cdd20fa,delivered,2017-08-03 20:01:55,2017-08-03 20:15:20,2017-08-07 20:18:41,2017-08-19 12:07:53,2017-09-01,59.9,17.67,1,1,77.57,1,1,3.0,1.0,290ce5a6a8a3f663dc629e8f39726aca,21250,rio de janeiro,RJ,15.670810185185186,28.165335648148147,0,77.57
b28d8bbc74731fb20234ba949894dd13,a2c96008f123e921c843461f4d294ab9,delivered,2017-08-03 20:05:10,2017-08-04 20:10:18,2017-08-07 17:33:04,2017-08-16 19:57:39,2017-08-31,52.11,15.11,1,1,67.22,6,1,1.0,1.0,bc8709a09463d360bb33db911381d18f,76387,goianesia,GO,12.994780092592592,27.163078703703704,0,67.22
24257d104a3908bfd7b8bc9f6e1a2039,9957ecb94949e7bdbdf431e5d1388543,delivered,2017-08-03 20:07:27,2017-08-05 03:03:45,2017-08-09 17:52:51,2017-08-17 20:06:11,2017-08-29,16.9,16.79,1,1,33.69,1,1,,,439624e26bc73309799fd718773bdb8a,21330,rio de janeiro,RJ,13.99912037037037,25.161493055555557,0,33.69
186efcd656d8ac4332156f594df02572,78d601a14d29913633ba202e053d69b4,delivered,2017-08-03 20:12:38,2017-08-03 22:32:55,2017-08-08 17:30:00,2017-08-15 21:41:27,2017-08-25,749.0,90.4,1,1,839.4,10,1,3.0,1.0,77e2417ab5380ffb014649fdda99f318,27514,resende,RJ,12.06167824074074,21.15789351851852,0,839.4
c92f1838de2ede8bad2e01c26d7a8ef6,3f062616cc5dad2d8a65c7d258da1e8c,delivered,2017-08-03 20:28:17,2017-08-03 21:03:20,2017-08-04 18:13:40,2017-08-08 18:23:29,2017-08-23,59.9,13.44,1,1,73.34,1,1,5.0,1.0,7bd57c406a4a1d2ee637892c95e0a1a8,4023,sao paulo,SP,4.913333333333333,19.14702546296296,0,73.34
a0170b15707b42bf994d5b717e4ce049,e23af768cf7b2b9a24aa290250301b10,delivered,2017-08-03 20:28:29,2017-08-03 21:00:17,2017-08-07 20:16:57,2017-08-16 18:57:43,2017-08-30,23.9,15.11,1,1,39.01,1,1,5.0,1.0,320ee367bee05caaaaa4dadd92ad4610,90650,porto alegre,RS,12.936967592592593,26.146886574074074,0,39.01
84f2f3376f85a2095f8b1e318e285d45,fcac4e7c11bf4757ffa2ac9ef34ee479,delivered,2017-08-03 20:28:45,2017-08-05 03:03:27,2017-08-07 14:15:43,2017-08-14 18:12:37,2017-09-05,35.9,16.6,1,1,52.5,1,1,5.0,1.0,f0e310a6839dce9de1638e0fe5ab282a,29050,vitoria,ES,10.905462962962963,32.146701388888886,0,52.5
f882dc69fbc15adb2c82cc8898c3c917,5dcc806f43bc57d5eee24e1e6c10a5fa,delivered,2017-08-03 20:50:07,2017-08-03 21:05:13,2017-08-07 17:28:19,2017-08-10 16:14:09,2017-08-29,34.99,15.1,1,1,50.09,2,1,5.0,1.0,3f3c52cd37c95b4df44a43f5494d274d,36047,juiz de fora,MG,6.808356481481481,25.131863425925925,0,50.09
130afe1134371f8c69afe4999fc8d671,e42b34f1da8134e1eb83af0ecb8ab308,delivered,2017-08-03 20:52:33,2017-08-03 21:05:14,2017-08-04 18:57:38,2017-08-14 19:10:00,2017-08-25,9.0,13.37,1,1,22.37,2,1,5.0,1.0,85419cb194ff68aacff9ab02562f6ab2,13278,valinhos,SP,10.928784722222222,21.13017361111111,0,22.369999999999997
44172b4c9cf753347bbd379c0df68dc3,c4ae69586d54c4205e4ce6ef761cf9fe,delivered,2017-08-03 20:52:47,2017-08-03 21:05:22,2017-08-07 16:59:31,2017-08-25 19:33:00,2017-09-04,103.84,35.86,2,1,139.7,6,1,5.0,1.0,6f52c792cd9cbb1d063ce3241964ad18,45657,ilheus,BA,21.944594907407406,31.130011574074075,0,139.7
4aa4117ef80bbe1e9457269d73a68580,5967f24e6160649ee255a23ae45b7675,delivered,2017-08-03 20:57:27,2017-08-03 21:10:16,2017-08-07 19:03:47,2017-08-15 17:50:03,2017-08-25,112.5,52.800000000000004,3,1,165.3,8,1,4.0,1.0,1a281fe9f53ee457dacd2c9e8ccf861f,27213,volta redonda,RJ,11.869861111111112,21.12677083333333,0,165.3
ce0102d9f3f2838b9dbcb156a0ae2d86,3841b7cd7896d030e94478453cb360d4,delivered,2017-08-03 20:58:15,2017-08-03 21:10:20,2017-08-04 17:43:10,2017-08-14 22:43:20,2017-08-25,181.0,18.52,1,1,199.52,3,1,5.0,1.0,0c0e619b6900528d76f8b95a28bd6af0,22231,rio de janeiro,RJ,11.072974537037037,21.126215277777778,0,199.52
9da2ef3ac1a6d4e6140835f3ba6e3f86,5445838dbccbe82afc8f04893d954fdc,delivered,2017-08-03 21:24:07,2017-08-03 21:43:21,2017-08-04 18:28:54,2017-08-14 17:12:54,2017-08-25,167.99,16.94,1,1,184.93,8,1,5.0,1.0,89f45a94b5db6e63e09a1bfc1484d67a,17512,marilia,SP,10.82554398148148,21.108252314814816,0,184.93
54497c0e9ae7aa2ffe4bbb29883d59cb,a0c82d6b1c8f5afa2744d37b9bab1082,delivered,2017-08-03 21:30:20,2017-08-03 21:45:16,2017-08-04 20:05:57,2017-08-07 16:42:07,2017-08-29,66.8,33.58,2,1,100.38,5,1,5.0,1.0,85603f898910f04d9cfd699ee9803837,82520,curitiba,PR,3.799849537037037,25.103935185185186,0,100.38
a0b49a0330e926df75d422934cc90cf8,2dbd11cc486db94c38e7e831243c7596,delivered,2017-08-03 21:31:40,2017-08-03 21:45:11,2017-08-04 16:07:52,2017-08-18 12:43:42,2017-09-11,254.9,27.06,1,1,281.96,2,1,5.0,1.0,12c54f6dfd4b723a6c76c4c989494422,68750,curuca,PA,14.633356481481481,38.10300925925926,0,281.96
9ae9b5ec8468df37992bd720ed4683f0,20dbe594cf931ca16ea3b7a86e2a5ce2,delivered,2017-08-03 21:39:02,2017-08-03 21:50:19,2017-08-07 16:04:01,2017-08-12 15:37:04,2017-08-23,241.1,22.7,1,1,263.8,10,1,4.0,1.0,7bd213a052e3d279734fa17e9564f047,14810,araraquara,SP,8.748634259259259,19.097893518518518,0,263.8
cdba3ddb2a93c5bb758212a2114cab97,3e33da5c9dfbfdc608a4d0e8b46eddac,delivered,2017-08-03 21:43:53,2017-08-03 22:03:21,2017-08-04 15:52:48,2017-08-11 18:22:50,2017-08-28,18.9,16.11,1,1,35.01,1,1,4.0,1.0,16af5a4497ebeae6536ab81286a76f5f,85810,cascavel,PR,7.860381944444445,24.094525462962963,0,35.01
76fdd96b734e602ecb2dbeab4a03a865,bf235eb38efe6ac9b8dbebf6d1ee5fb6,delivered,2017-08-03 22:05:22,2017-08-03 22:23:35,2017-08-07 16:41:41,2017-08-17 21:56:25,2017-08-25,51.92,16.12,1,1,68.04,4,1,5.0,1.0,a7d144c6e95247107266ca9aa16468c8,81610,curitiba,PR,13.993784722222221,21.07960648148148,0,68.04
954c5fe96200cd412c34347e9ae9ef90,6986d823ec7bf5f71f3ea0cb2d60eaa9,delivered,2017-08-03 22:19:11,2017-08-03 22:35:13,2017-08-07 19:08:34,2017-08-08 12:47:15,2017-08-16,97.4,17.119999999999997,2,1,114.52,1,1,5.0,1.0,64c8d3a6569ef903436cce9508324f8a,5015,sao paulo,SP,4.602824074074074,12.070011574074075,0,114.52000000000001
6c573838baa815157de3db3fafbd60a5,ed55195e5f7b431131890fa5ea06eaa8,delivered,2017-08-03 22:42:11,2017-08-03 22:55:19,2017-08-10 19:34:07,2017-08-11 13:03:21,2017-08-23,149.98,41.0,1,1,190.98,10,1,1.0,1.0,0c3582be1ca99cd194b6fa03cfa5f2fa,9110,santo andre,SP,7.598032407407407,19.054039351851852,0,190.98
2c1c4a8d435d8080c8e01dae4d7a5af3,c8c4e5f83e41a1c32b287793785cf3f7,delivered,2017-08-03 22:43:12,2017-08-03 22:55:16,2017-08-09 07:22:00,2017-08-18 17:56:40,2017-09-04,39.9,25.63,1,1,65.53,5,1,4.0,1.0,76c84827b3ee8df52fe0c77a9e38f814,99030,passo fundo,RS,14.801018518518518,31.053333333333335,0,65.53
de396a46ff91b76a683f05d1f1f9b2c1,27645e20a802dd1dfcff9851c39c5754,delivered,2017-08-03 22:47:48,2017-08-03 23:03:24,2017-08-04 20:05:51,2017-08-08 18:39:51,2017-08-25,87.0,15.37,1,1,102.37,5,1,5.0,1.0,086ae7aa99407688bc56960febc3233b,26261,nova iguacu,RJ,4.8278125,21.05013888888889,0,102.37
e26c49bee8a495cdc21b67ab5b2d413e,a589bb2fc41fa5787691857cded23b5d,delivered,2017-08-03 22:50:55,2017-08-05 02:55:31,2017-08-08 19:17:00,2017-08-15 18:56:27,2017-08-29,119.9,27.16,1,1,147.06,1,1,5.0,1.0,7f14bee9eea922025f59bf605488435f,93800,sapiranga,RS,11.837175925925926,25.04797453703704,0,147.06
1b69321f3b6236fe424fdbcdc21ca148,4a4e293b1568b8b1b0b81abd7a10515b,delivered,2017-08-03 22:54:04,2017-08-05 03:03:38,2017-08-07 18:35:58,2017-08-15 17:03:25,2017-08-23,199.0,12.89,1,1,211.89,1,1,5.0,1.0,59f5db6a907a5c4ecfd9934ea6e10127,4439,sao paulo,SP,11.756493055555556,19.045787037037037,0,211.89
4c9904554ffe76f9b6ec64bd4e266778,961550c2d5a8c8f344f070cd57768e1c,delivered,2017-08-03 22:55:21,2017-08-03 23:10:14,2017-08-04 18:17:26,2017-08-10 18:04:52,2017-08-29,299.99,18.35,1,1,318.34,4,1,5.0,1.0,ae3c77c1a9b24fd04b357b3794f5cc5c,81590,curitiba,PR,6.798275462962963,25.04489583333333,0,318.34000000000003
01c95de6d0852189b4d6b6d32a3c8e0c,12a9f04e1b2cad4b8f510168f31d5663,delivered,2017-08-03 23:13:48,2017-08-04 07:55:11,2017-08-07 12:52:11,2017-08-08 15:49:31,2017-08-16,19.99,7.78,1,1,27.77,1,1,5.0,1.0,0f2489905219a85efa84d4e6f873367e,6449,barueri,SP,4.6914699074074075,12.032083333333333,0,27.77
a63e4b82c362c488802abe5a133440aa,5fbdd1b9e8e20339710a695b1806021c,delivered,2017-08-03 23:18:08,2017-08-03 23:30:13,2017-08-09 18:28:05,2017-08-11 19:34:37,2017-08-16,24.9,7.78,1,1,32.68,1,1,1.0,1.0,b89c1d3d18908e137e178004cac02ab6,6409,barueri,SP,7.844780092592592,12.029074074074074,0,32.68
f7af06e40b81950760c190f8309f2e48,f82562fe0c42f2b6682126688308fcc1,delivered,2017-08-03 23:36:18,2017-08-03 23:50:14,2017-08-07 19:51:47,2017-08-15 18:12:53,2017-08-25,228.0,15.35,1,1,243.35,4,1,5.0,1.0,fcd7236dc68a2cd72137b668e03cbdee,8031,sao paulo,SP,11.775405092592592,21.016458333333333,0,243.35
2ee25e0dd8185c614dcad9949f0ad0f4,2f024788fbb16d959cdc8aadf44f66be,delivered,2017-08-04 00:36:56,2017-08-04 00:50:11,2017-08-07 17:51:48,2017-08-14 16:42:23,2017-08-28,37.98,30.2,2,1,68.18,3,1,5.0,1.0,0e033fcf61eb1e3bd317cd9acc173839,28695,papucaia,RJ,10.670451388888889,23.974351851851853,0,68.17999999999999
652a34a98deb42a4ce9408d3287a100d,968608ae5dd04c867ce28fda6b8642e9,delivered,2017-08-04 01:58:08,2017-08-04 02:10:06,2017-08-04 18:33:11,2017-08-07 20:12:38,2017-08-17,59.0,7.78,1,1,66.78,2,1,5.0,1.0,7c5f9342acbf10fe530bd1af65dcd739,3804,sao paulo,SP,3.7600694444444445,12.917962962962964,0,66.78
654ba98a499a03473f9780e5c7fc227b,a81d2b8ee773249a32739a766ef9d891,delivered,2017-08-04 03:06:27,2017-08-04 03:23:40,2017-08-08 20:34:38,2017-08-09 18:34:17,2017-08-17,62.8,9.94,1,1,72.74,3,1,5.0,1.0,dc083e64cab83312a8ca1ff8c2699463,13561,sao carlos,SP,5.644328703703704,12.870520833333334,0,72.74
1f6c594830067e510e93534e3e3d0a2d,1dffde6bb897e1cc36b55f2798b37965,delivered,2017-08-04 04:37:15,2017-08-05 03:03:24,2017-08-07 18:35:35,2017-08-15 19:43:52,2017-08-28,87.96,35.2,2,1,123.16,1,1,3.0,1.0,95ebae49ad8c37779ee72d5acacdb679,90640,porto alegre,RS,11.629594907407407,23.807465277777776,0,123.16
2fe3f335e550190800333bea371f05d6,2483662803a47913928f852578c469fa,delivered,2017-08-04 06:36:20,2017-08-05 02:55:35,2017-08-08 20:24:45,2017-08-10 16:43:45,2017-08-17,34.08,8.72,1,1,42.8,1,1,5.0,1.0,da595223d7ca8036c7436ebd188318d9,11725,praia grande,SP,6.42181712962963,12.724768518518518,0,42.8
473defc0ac04db9fc14d871ab980e9d7,0098c4d01b3588b0b61ac012e5e4b228,delivered,2017-08-04 06:54:17,2017-08-04 07:10:08,2017-08-04 20:09:19,2017-08-11 18:22:49,2017-08-28,149.9,18.3,1,1,168.2,1,1,5.0,1.0,ed5f2cdb43c9166062c0baffd3973f14,89224,joinville,SC,7.478148148148148,23.71230324074074,0,168.20000000000002
37f183492adb4ce952102634d5aa8f86,030ceea25c9a1b5f03e672712ec30e05,delivered,2017-08-04 06:57:51,2017-08-05 03:10:13,2017-08-07 21:13:43,2017-08-10 20:12:59,2017-08-28,74.9,17.77,1,1,92.67,1,1,5.0,1.0,83fedaa94a3d2091af6271cab8e48f39,13456,santa barbara d'oeste,SP,6.552175925925926,23.70982638888889,0,92.67
4428ed14e5a837c99231835f3fde0b9d,d05b620139275e5bc703e935d448d598,delivered,2017-08-04 07:18:34,2017-08-04 07:30:10,2017-08-07 15:47:27,2017-08-13 14:13:26,2017-09-08,62.8,17.72,1,1,80.52,4,1,5.0,1.0,7fe5de4fc2e3d9eb1407f4a3b95a4028,52041,recife,PE,9.288101851851852,34.69543981481481,0,80.52
8c499d28f56a1a121c303a65350537f6,f30d3e45f0c8c303e505c1e4156e6486,delivered,2017-08-04 08:01:02,2017-08-04 08:15:10,2017-08-07 11:59:59,2017-08-11 22:36:00,2017-09-05,50.0,16.6,1,1,66.6,3,1,4.0,1.0,d53ceb1f637d47aabdfc81e4e0105210,29112,vila velha,ES,7.607615740740741,31.665949074074074,0,66.6
4f369e46adec128db04e9e4e4d5f9831,0cbfc1862c3b8d862d15964d5ee3156f,delivered,2017-08-04 08:50:18,2017-08-04 09:05:07,2017-08-04 16:05:59,2017-08-11 16:33:59,2017-08-28,132.9,15.68,1,1,148.58,4,1,5.0,1.0,f45f0c063463c2fc202e31511811bc8c,86900,jandaia do sul,PR,7.322002314814815,23.63173611111111,0,148.58
dc96fd43377b13532b1d09c7321fb5cb,d5a05105ca56c78f891ac602bc7d7f07,delivered,2017-08-04 08:53:39,2017-08-05 02:55:41,2017-08-07 20:13:38,2017-08-08 18:20:10,2017-08-17,29.9,9.34,1,1,39.24,1,1,3.0,1.0,092c4554a5aad8f933a160e5b0cad7ac,4763,sao paulo,SP,4.393414351851852,12.629409722222222,0,39.239999999999995
036cec7829a9824855ee4c751a430313,6e1cc706f1e28392811d300080f12b31,delivered,2017-08-04 09:00:00,2017-08-05 02:55:22,2017-08-07 15:38:12,2017-08-08 18:17:00,2017-08-17,29.6,7.78,1,1,37.38,1,1,5.0,1.0,63ec7aee579f48f776b3fefa90d0a4d9,9750,sao bernardo do campo,SP,4.386805555555555,12.625,0,37.38
002f98c0f7efd42638ed6100ca699b42,75fd1fb0bb511fc71ac2b2649c02b21b,delivered,2017-08-04 09:19:10,2017-08-04 09:30:15,2017-08-04 18:09:47,2017-08-07 19:07:30,2017-09-05,53.89,39.730000000000004,2,2,93.62,9,1,5.0,1.0,2e875ea57961ad115cec13fef0920ae6,91910,porto alegre,RS,3.408564814814815,31.611689814814813,0,93.62
bb760e550e3f6ddfa92ed74bfb364751,3e4fcf75544e17b1320aedf7f8dab937,delivered,2017-08-04 09:37:47,2017-08-05 03:03:22,2017-08-07 14:22:49,2017-08-15 18:00:14,2017-08-24,22.9,11.85,1,1,34.75,1,1,5.0,1.0,e68e57f2c6750ea1ca70246e464a8c35,15600,fernandopolis,SP,11.348923611111111,19.598761574074075,0,34.75
3dc6e749cfbbd0cdcd680baabc83d5eb,17bf784c37e83fdb4ad6f9e64afc84db,delivered,2017-08-04 09:43:48,2017-08-04 09:55:24,2017-08-09 15:30:22,2017-08-17 23:23:18,2017-09-01,29.9,15.1,1,1,45.0,2,1,5.0,1.0,3ff874206f1d7d1e3ffe12bc9c88c27c,91781,porto alegre,RS,13.569097222222222,27.594583333333333,0,45.0
2d4f4cfa89af135842ed4770de178752,8f9812b5317a9100b7eaf46812a796c2,delivered,2017-08-04 09:48:08,2017-08-04 10:50:17,2017-08-14 15:51:24,2017-08-18 19:54:58,2017-08-30,63.92,15.2,1,1,79.12,3,1,3.0,2.0,95d47153b9bc4d0fe3b9c714c4b19c3b,38610,unai,MG,14.421412037037037,25.591574074074074,0,79.12
4ae799c0965abd10cced20e74295101d,e13b0fd350de97656a7df959c705ea64,delivered,2017-08-04 09:49:27,2017-08-05 12:43:23,2017-08-11 13:33:17,2017-08-25 15:55:14,2017-09-08,899.99,31.58,1,1,931.57,10,1,5.0,1.0,4ae89c16f727607c96737773c2713f67,63700,crateus,CE,21.254016203703703,34.59065972222222,0,931.57
ea6151036572e7eb2ba1a80c5741ebd4,b49c3657443b89877fab016b62896b52,delivered,2017-08-04 09:58:14,2017-08-04 10:10:16,2017-08-09 17:14:25,2017-08-23 19:12:37,2017-09-15,59.9,37.97,1,1,97.87,4,1,5.0,1.0,5ccd4f1e3a2de9f3f8eb2dfbc3372ee5,59054,natal,RN,19.384988425925926,41.58456018518518,0,97.87
6d25b49ec255fb0bffe632d77a6345ec,827cb9858a69567332c16a3975c79582,delivered,2017-08-04 10:02:29,2017-08-04 10:15:32,2017-08-14 21:07:39,2017-08-16 17:44:23,2017-08-25,439.98,71.4,2,1,511.38,10,1,3.0,1.0,4aa4f96948855f6b44c1761679478719,4689,sao paulo,SP,12.320763888888889,20.581608796296297,0,511.38
7e13a2daaa4fcf44ff99139c10944291,924c8739761cf922ca7d80c2d75cb051,delivered,2017-08-04 10:06:25,2017-08-08 04:15:18,2017-08-08 19:33:07,2017-08-11 13:45:21,2017-09-04,29.9,16.11,1,1,46.01,1,1,5.0,1.0,da94447ddb1c37b0b6070be2fa8d10f8,14390,santo antonio da alegria,SP,7.152037037037037,30.578877314814815,0,46.01
a316607f76b8992b9ef01d8e7ee6933a,88bfdd144525b83fcf4d8ff311286c4b,delivered,2017-08-04 10:08:25,2017-08-04 10:23:27,2017-08-07 18:07:07,2017-08-15 19:54:53,2017-08-28,29.9,15.1,1,1,45.0,1,1,5.0,1.0,6e0d94e83bae00a64c12c9497158ee1c,88350,brusque,SC,11.407268518518519,23.577488425925925,0,45.0
8cd68144cdb62dc0d60848cf8616d2a4,c03b40c7971bc52b3d018247891270c5,delivered,2017-08-04 10:08:27,2017-08-05 02:55:16,2017-08-08 15:43:09,2017-08-14 17:10:10,2017-08-28,234.0,96.66,6,1,330.66,1,1,5.0,1.0,d0c437f172b9c527c0d196815b92c5ce,35162,ipatinga,MG,10.292858796296295,23.577465277777776,0,330.65999999999997
a7652ffa94af425f684a2d55cc06945e,85691bd7ec5c294433df4e88b54bc4f9,delivered,2017-08-04 10:14:35,2017-08-08 04:04:20,2017-08-15 11:25:18,2017-08-22 16:15:36,2017-08-30,39.0,16.79,1,1,55.79,1,1,5.0,1.0,4b31185c558421e53cd21a8ac10cefb5,89500,cacador,SC,18.250706018518517,25.57320601851852,0,55.79
246c8cf4ca9e3c50e4a172a4ba462a11,0541aa34358f8279116d1d183f1e4eec,delivered,2017-08-04 10:31:58,2017-08-04 10:50:22,2017-08-07 15:21:58,2017-08-28 19:22:38,2017-10-17,189.8,50.42,2,1,240.22,10,1,5.0,1.0,66e1f83376794a26466b8aff77e4a5d0,65031,sao luis,MA,24.368518518518517,73.56113425925926,0,240.22000000000003
bcf4f139b50c6689378fac7fe255a186,0c30178309c1c4a738622c81ae3d2f3b,delivered,2017-08-04 10:32:57,2017-08-04 10:50:18,2017-08-07 17:28:14,2017-08-10 20:59:44,2017-08-31,19.99,15.1,1,1,35.09,3,1,3.0,1.0,95d47153b9bc4d0fe3b9c714c4b19c3b,38610,unai,MG,6.435266203703704,26.56045138888889,0,35.089999999999996
07e43f12d5d3bd569e03916b9482a8d5,872f27f2b440662abc43503889206577,delivered,2017-08-04 10:33:07,2017-08-05 03:05:33,2017-08-07 19:37:45,2017-08-15 17:55:54,2017-08-31,12.97,15.1,1,1,28.07,1,1,3.0,1.0,c041db6e85cf2e8fda6c589a5e1034b0,29720,governador lindenberg,ES,11.307488425925927,26.560335648148147,0,28.07
2c13bb8f7c76a004da31e89b0b06d9af,1e2968f158c10197bda882f5be736e2d,delivered,2017-08-04 10:33:37,2017-08-08 04:23:57,2017-08-14 13:57:51,2017-08-22 17:37:36,2017-08-28,37.99,14.1,1,1,52.09,1,1,4.0,1.0,aac7886e3b08758ecab2f7aa5acaa812,22211,rio de janeiro,RJ,18.294432870370372,23.559988425925926,0,52.09
d0f0ec7e22ebd766e50d03a17652d61c,a2c8705843d7d617f4e68ee0f7fc7485,delivered,2017-08-04 10:33:43,2017-08-04 10:50:25,2017-08-04 15:25:54,2017-08-07 16:05:37,2017-08-22,339.0,10.57,1,1,349.57,10,1,5.0,1.0,ce01b4b6e8ef12fa28471d244ab0ed95,7716,caieiras,SP,3.230486111111111,17.55991898148148,0,349.57
65d7e9625cc211f641191203e231ac24,08999a20d9741d9513c368676f5531c1,delivered,2017-08-04 10:46:33,2017-08-04 11:03:38,2017-08-04 19:42:52,2017-08-15 14:43:59,2017-08-28,179.8,30.76,2,1,210.56,2,1,5.0,1.0,a6ddea592cbc5da9970a9a9803c07347,20261,rio de janeiro,RJ,11.16488425925926,23.551006944444445,0,210.56
89bc56fc811f39de05111fa8d720ac60,dc7fc58159ec37840a3a640a84adc8d6,delivered,2017-08-04 10:48:52,2017-08-04 11:03:39,2017-08-07 19:12:14,2017-08-11 16:27:30,2017-08-24,49.9,11.85,1,1,61.75,3,1,5.0,1.0,ff95640b1b541ba71eaa077fd1853ca0,18680,lencois paulista,SP,7.235162037037037,19.54939814814815,0,61.75
adb4641524ad981f9ab1886ee54977c7,ae79d9b3da28bd3788980967842a38da,delivered,2017-08-04 10:59:42,2017-08-08 04:25:21,2017-08-11 17:45:01,2017-08-23 18:14:40,2017-08-29,156.0,32.62,2,1,188.62,1,1,5.0,1.0,dd55dce5a6ed77921d4187dbdbf5258d,89870,pinhalzinho,SC,19.302060185185184,24.541875,0,188.62
2d58fd72f5132f237b78fe897e578603,0b85fe0f29638fecccbd53288d8cf0f7,delivered,2017-08-04 11:00:09,2017-08-04 12:00:22,2017-08-07 21:33:40,2017-08-11 22:58:00,2017-08-29,149.0,14.79,1,1,163.79,5,1,4.0,1.0,aab19b44415043c9cf141d90a59c2c4f,13070,campinas,SP,7.498506944444444,24.5415625,0,163.79
04210d64e3bdb5a0cd44eb156294991e,72c1a2258eaf9420206a0a13cb760b99,delivered,2017-08-04 11:05:40,2017-08-05 03:03:14,2017-08-11 17:19:59,2017-08-24 17:38:29,2017-09-11,198.0,63.78,3,1,261.78,1,1,5.0,1.0,a24b992eef004eb002488fce9e3be44e,58038,joao pessoa,PB,20.272789351851852,37.53773148148148,0,261.78
be09db52db4a7ecc5721c0354ae9a35a,70f8f32f2378bffb632c545370806068,delivered,2017-08-04 11:14:26,2017-08-05 03:03:29,2017-08-08 13:18:09,2017-08-11 16:23:24,2017-08-29,19.99,11.85,1,1,31.84,1,1,5.0,1.0,f4e6efcdd199b756ecb90fe5df92a84a,13502,rio claro,SP,7.214560185185185,24.531643518518518,0,31.839999999999996
fcf9b8fad0bf8c9ebbe6ac43a434d0d9,38488c59ca50203c33c42971cb795edb,delivered,2017-08-04 11:17:00,2017-08-04 11:30:14,2017-08-14 15:58:16,2017-08-28 20:07:31,2017-09-05,31.9,21.15,1,1,53.050000000000004,5,2,5.0,1.0,82cc038f19c1db3817885aac7fff71e2,65053,sao luis,MA,24.36841435185185,31.52986111111111,0,53.05
966816b575380366cf697b71679a90ae,3a62dd5cff90e249bf54a92b5c97f040,delivered,2017-08-04 11:19:02,2017-08-04 11:30:15,2017-08-04 21:42:17,2017-08-07 14:22:03,2017-08-17,99.9,13.25,1,1,113.15,1,1,5.0,1.0,aef176d50ed212cdee401a1d0491a531,6890,sao lourenco da serra,SP,3.1270949074074075,12.528449074074073,0,113.15
87dbf4b3d9d6755f19edef737a4dc0f9,0413010c14c0551c7377780fef01eaf5,delivered,2017-08-04 11:25:41,2017-08-04 12:03:32,2017-08-08 15:20:17,2017-08-22 16:52:23,2017-09-11,399.9,153.57,1,1,553.47,8,1,4.0,1.0,9c53595ba7cabbb6c9617d23ed7ad8d2,66040,belem,PA,18.226875,37.52383101851852,0,553.47
1a66f333fc14fa09a218cbb11f00233d,0c34c6b2040903846896ec9e587e61d6,delivered,2017-08-04 11:33:53,2017-08-04 12:20:09,2017-08-04 18:13:40,2017-09-12 21:02:59,2017-09-08,84.9,27.44,1,1,112.34,4,1,1.0,1.0,1eba2c022ae2202d0999a7c547671f7f,49090,aracaju,SE,39.395208333333336,34.51813657407408,1,112.34
46ed4fb4b1057a1f6cf505bfaba6f7dc,cf732e7eec1fe4ff863436729530ba0d,delivered,2017-08-04 11:35:21,2017-08-05 03:03:18,2017-08-07 14:22:50,2017-08-14 19:00:00,2017-08-30,24.9,15.1,1,1,40.0,1,1,5.0,1.0,2ce5d2f1052c47331ae94aa3551f15ed,90130,porto alegre,RS,10.308784722222223,25.517118055555557,0,40.0
cf60237e0bdc9a72ab4563e4b11783bf,fe1194538300719835b59d540f2e1904,delivered,2017-08-04 11:36:35,2017-08-05 14:05:24,2017-08-07 18:18:31,2017-08-09 20:05:14,2017-08-24,25.6,12.69,1,1,38.29,2,2,5.0,1.0,b138f736fd2e7162cbee29b5d691f95f,6700,cotia,SP,5.353229166666667,19.516261574074075,0,38.29
87787efcca530ffab1191c66c2023af4,f4fa54d46d7fb4d130ff9efdff0f8ac6,delivered,2017-08-04 11:42:37,2017-08-04 11:55:19,2017-08-07 16:52:09,2017-08-11 19:15:56,2017-08-24,59.55,13.44,1,1,72.99,2,1,4.0,1.0,4b7485f738a6b25ccbe5ef32171e82e2,12247,sao jose dos campos,SP,7.314803240740741,19.51207175925926,0,72.99
09b6cccc4166713f232f26db93a5d21e,59b7bf209533f09866b42a6ea7076666,delivered,2017-08-04 12:01:39,2017-08-04 12:23:48,2017-08-07 13:03:37,2017-08-12 12:37:43,2017-08-28,39.9,14.1,1,1,54.0,1,1,5.0,1.0,873c4850e7f66c106dca007db093e3a9,5794,sao paulo,SP,8.025046296296296,23.498854166666668,0,54.0
26ee148fb7de61a887e22108db88f609,08070f3e36c4cf9e295b028eaf7cd3b2,delivered,2017-08-04 12:11:30,2017-08-08 05:00:11,2017-08-09 21:05:29,2017-08-11 21:43:51,2017-08-17,195.9,10.79,1,1,206.69,1,1,5.0,1.0,0732796b9e3fd8d74a8314a2e1b14c36,1227,sao paulo,SP,7.397465277777778,12.49201388888889,0,206.69
f1dee8f6b8d42d98d0f48b711a6a6d35,b02dafd608dcc07b89044f6ec2dec31d,delivered,2017-08-04 12:15:17,2017-08-04 12:30:14,2017-08-04 18:52:07,2017-08-10 20:17:52,2017-08-28,100.0,17.95,1,1,117.95,2,1,5.0,1.0,9008b8be4e2ac346ef8d97e8a8a871eb,26175,belford roxo,RJ,6.335127314814815,23.489386574074075,0,117.95
d34609f0a5940b1e6055d239899b8932,c3a7d3901f07cf0198946d10a23d0f9d,delivered,2017-08-04 12:20:35,2017-08-04 12:35:10,2017-08-04 20:34:37,2017-08-14 21:22:39,2017-08-24,55.6,11.89,1,1,67.49,6,1,4.0,1.0,942626a5922c8e92c1f03d0499b75f12,13277,valinhos,SP,10.376435185185185,19.485706018518517,0,67.49000000000001
137264e02b6bb16372279951e7258ec6,551ba6f8e39bce3ccc0785753f73ba10,delivered,2017-08-04 12:23:32,2017-08-04 12:43:19,2017-08-08 20:13:42,2017-08-15 20:12:23,2017-08-30,59.9,15.17,1,1,75.07,7,1,4.0,1.0,64a5301ff6bdaf1baa00058672402d7a,95070,caxias do sul,RS,11.325590277777778,25.483657407407406,0,75.07
1f8b9c3db5374e97739a23bed586bba2,9c6a30a0e8177db14899aeaca2e86b15,delivered,2017-08-04 12:23:32,2017-08-04 12:43:20,2017-08-05 11:57:41,2017-08-15 19:28:55,2017-08-30,69.9,15.24,1,1,85.14,8,1,5.0,1.0,64a5301ff6bdaf1baa00058672402d7a,95070,caxias do sul,RS,11.295405092592592,25.483657407407406,0,85.14
a57dcda5c9de217af977a92cd6168b3d,275db5beec4804dab556e6070a658374,delivered,2017-08-04 12:33:53,2017-08-04 12:50:20,2017-08-09 18:47:45,2017-08-10 17:38:49,2017-08-17,49.0,9.94,1,1,58.94,3,1,5.0,1.0,368c20747bac9557de843995fc693e51,9971,diadema,SP,6.211759259259259,12.476469907407408,0,58.94
95041d0854644b3f5210e99aae26234c,d56f09ea0b282b3dff43d71600d7b053,delivered,2017-08-04 12:41:49,2017-08-05 03:03:11,2017-08-07 14:06:51,2017-08-15 08:54:04,2017-08-28,59.9,16.18,1,1,76.08,1,1,4.0,1.0,bafe3b46fc75d1d1f93485d4a2d939c6,95034,caxias do sul,RS,10.841840277777777,23.470960648148147,0,76.08
89748efed53e1564874c18426bd038c8,1bb6d37f5965011ccde1cd4a42e20917,delivered,2017-08-04 12:44:35,2017-08-04 13:03:11,2017-08-04 18:13:38,2017-08-11 17:53:37,2017-08-28,52.9,13.39,1,1,66.29,2,1,5.0,1.0,43d651349d2f0bc6a32e49de5c30c919,5319,sao paulo,SP,7.214606481481481,23.46903935185185,0,66.28999999999999
17b13ec883d7ff8ef2c2882644854aa5,dc0dff8cd3ed15ad2039e0bbe4982e42,delivered,2017-08-04 12:49:03,2017-08-04 13:03:10,2017-08-05 11:25:53,2017-08-07 19:22:38,2017-08-17,24.0,7.78,1,1,31.78,2,1,5.0,1.0,13097c3575793a91362b51c3f942499d,8790,mogi das cruzes,SP,3.273321759259259,12.4659375,0,31.78
100a49c427277ff7294eee9c133f718d,5bc21bc57bdda0f158cf209e4a595ae4,delivered,2017-08-04 12:50:57,2017-08-04 13:05:17,2017-08-04 18:13:38,2017-08-11 17:52:28,2017-08-28,48.9,13.37,1,1,62.27,5,1,5.0,1.0,d082759e461daff44700b6cecbe67860,9430,ribeirao pires,SP,7.209386574074074,23.464618055555555,0,62.269999999999996
dcb51dcb7db5cd9a3d44ebf6002bc080,da39612672f966a88588320e7dbacc0d,delivered,2017-08-04 12:51:21,2017-08-05 02:55:30,2017-08-07 13:27:32,2017-08-11 16:42:28,2017-08-24,57.5,11.9,1,1,69.4,1,1,5.0,1.0,eb4acb89bcd27ba80dddc1c39e3c3eb2,1333,sao paulo,SP,7.160497685185185,19.46434027777778,0,69.4
ccebf8871fd33d082a64082120ce4e80,131be65fea5d4d3e9220e739366fd3ea,delivered,2017-08-04 12:52:51,2017-08-05 06:45:15,2017-08-07 19:49:37,2017-08-23 19:51:39,2017-08-17,111.9,11.99,1,1,123.89,1,1,1.0,1.0,eba22785df6a0869a23e654da590e35c,9390,maua,SP,19.29083333333333,12.463298611111112,1,123.89
5be7a00f3302bbc55973ecf0d9322ba8,0e1169a273c00760595751dbbc636efe,delivered,2017-08-04 13:24:31,2017-08-05 03:03:23,2017-08-07 20:12:08,2017-08-11 17:06:48,2017-08-28,43.48,11.85,1,1,55.33,1,1,5.0,1.0,64101517e6876344e5e22a964b2c5e11,5005,sao paulo,SP,7.154363425925926,23.44130787037037,0,55.33
d696730916dce1a0a88fb9f34407ecb2,12cd97779bef91435975ccf9d4b3dea6,delivered,2017-08-04 13:30:02,2017-08-05 03:05:13,2017-08-07 18:47:30,2017-08-14 13:59:02,2017-09-01,98.99,17.97,1,1,116.96,1,1,4.0,1.0,035067251b3612bbcc30e7570e335ce7,3160,sao paulo,SP,10.020138888888889,27.43747685185185,0,116.96
5715f14022215418c906c7a4cda732f4,f7c5e590db7fdf20fa730ccad55e8701,delivered,2017-08-04 13:41:17,2017-08-04 13:50:50,2017-08-08 13:13:30,2017-08-21 19:17:57,2017-08-29,75.0,21.02,1,1,96.02,1,1,5.0,1.0,9ed2fe900d1b4d1840a7551b45573476,89801,chapeco,SC,17.233796296296298,24.42966435185185,0,96.02
d69373cb870bd1bf9a92059e36241d1d,445dd8eae4fcf0cd02ced9e1a5023914,delivered,2017-08-04 13:41:24,2017-08-05 02:55:15,2017-08-08 18:07:03,2017-08-10 19:23:45,2017-08-17,34.99,7.78,1,1,42.77,1,1,5.0,1.0,23e1bef9b3d57de340609229762d08cd,9854,sao bernardo do campo,SP,6.237743055555556,12.429583333333333,0,42.77
e7171879cabb5e67b8df36332795315b,257ff24d22f126adcedba98db34c483e,delivered,2017-08-04 13:47:45,2017-08-04 14:03:50,2017-08-11 21:16:08,2017-08-16 19:25:40,2017-08-28,149.9,16.81,1,1,166.71,3,1,4.0,1.0,97d4a269c33335466594488e4af95afe,12328,jacarei,SP,12.234664351851851,23.425173611111113,0,166.71
48ab980d180764382cfa411d2fb63dc0,d8f5ece0bb8f177a047fad8e3639ffbd,delivered,2017-08-04 13:47:57,2017-08-05 03:10:15,2017-08-08 20:55:11,2017-08-23 19:57:42,2017-09-05,69.9,16.93,1,1,86.83,1,1,5.0,1.0,ed7517fb70cea5f19d8d0e730eb828f3,78050,cuiaba,MT,19.256770833333334,31.42503472222222,0,86.83000000000001
eb57972c6cfa3067ea9b140a6d16a985,ff69fe294d9da2e683dede2ddb70b6ae,delivered,2017-08-04 13:52:59,2017-08-04 14:05:26,2017-08-07 18:48:43,2017-08-09 19:28:16,2017-08-24,70.9,12.63,1,1,83.53,5,1,5.0,1.0,cd6ff01588442a00ebf2e3829d88e819,98900,santa rosa,RS,5.232835648148148,19.42153935185185,0,83.53
c255d417bffb18b3c55955e368d2da81,b8227ce6a6e6afd11de4eaaa7898811b,delivered,2017-08-04 13:54:51,2017-08-04 14:05:26,2017-08-07 17:36:11,2017-08-08 15:43:06,2017-08-17,22.0,7.78,1,1,29.78,1,1,5.0,1.0,ac1f8f7142bf224a669d8daa8192cc2e,3066,sao paulo,SP,4.075173611111111,12.420243055555556,0,29.78
964d4bd2b27e0b6dd3363e2d17485342,fd3ac2a1589b1f1165978b2813e923d7,delivered,2017-08-04 14:07:28,2017-08-04 14:23:37,2017-08-07 17:03:09,2017-08-14 17:53:09,2017-09-01,99.7,17.14,1,1,116.84,3,1,5.0,1.0,4f02b75a811ac1a5f25dc88116d0c79d,89560,videira,SC,10.156724537037038,27.41148148148148,0,116.84
71cefe5177d8b6b11dce9fa4060f01cc,795d2de5fab854dd2b68a6c1fbaa1f21,delivered,2017-08-04 14:17:36,2017-08-08 04:10:45,2017-08-08 17:40:20,2017-08-21 22:25:28,2017-08-30,40.9,17.92,1,1,58.82,1,1,5.0,1.0,106f4773e01af29c551f2906583a4bfd,79096,campo grande,MS,17.338796296296298,25.404444444444444,0,58.82
832079e71d5ee058d10e1ee1abe0e0f9,41397863e4d52c8b25203f276d95cce4,delivered,2017-08-04 14:27:42,2017-08-04 14:43:24,2017-08-12 16:48:02,2017-08-17 16:22:00,2017-08-29,139.0,14.7,1,1,153.7,4,1,3.0,1.0,20e972a041373d571b391a3947b042f8,13211,jundiai,SP,13.079375,24.397430555555555,0,153.7
d416617c5fada61b01ff48ec39b4ca46,19ec7d6fa6f155e51e054bcb66bd48d7,delivered,2017-08-04 14:38:18,2017-08-04 14:55:19,2017-08-04 21:14:02,2017-08-16 19:56:36,2017-09-05,108.9,20.0,1,1,128.9,5,1,4.0,1.0,b9196ecea14836ea527dbe1f97ab76c3,76235,arenopolis,GO,12.221041666666666,31.390069444444446,0,128.9
b485e99d1c3896c44eb56886216fcd01,5b58f75e65bdec4f6767eb82f2c84e66,delivered,2017-08-04 14:38:32,2017-08-04 14:50:19,2017-08-07 23:32:24,2017-08-14 18:19:57,2017-09-01,29.99,17.63,1,1,47.62,1,2,5.0,1.0,146265db442ac781517deaa33d1be2d0,20521,rio de janeiro,RJ,10.153761574074075,27.389907407407406,0,47.62
40eb3456ddb929efd347db4817460755,a4c73cf63d6be08d070b33ab1c99f76f,delivered,2017-08-04 14:40:50,2017-08-08 04:40:27,2017-08-08 19:56:43,2017-08-28 15:07:40,2017-09-08,34.0,25.38,1,1,59.38,1,1,4.0,1.0,7d4a392691628f1d52b1a2470e140a8b,66811,belem,PA,24.018634259259258,34.38831018518518,0,59.379999999999995
4a61de88a0c36302508ab48724c9c933,bc52d9d25596d42ee5bf3af7045b7bbf,delivered,2017-08-04 14:41:25,2017-08-05 14:50:16,2017-08-09 15:12:45,2017-08-14 18:16:10,2017-08-24,89.9,12.13,1,1,102.03,1,1,5.0,1.0,a320802b7da5d1492c86bd42eb6b188e,13561,sao carlos,SP,10.149131944444445,19.387905092592593,0,102.03
8f0282daddda3025b762d5fc696a7c98,d06e5452256e12e440e458ce30b18ba8,delivered,2017-08-04 14:43:10,2017-08-04 15:03:37,2017-08-07 16:14:54,2017-08-16 19:03:37,2017-08-30,169.99,17.44,1,1,187.43,10,1,5.0,1.0,ba7239f6563501d08007ac938537337b,72215,brasilia,DF,12.180868055555555,25.386689814814815,0,187.43
a3a15a66006f9f79c98af9fce34528c8,d071e3123f9aa9cf5d7e3ae442be714e,delivered,2017-08-04 14:43:14,2017-08-06 06:43:36,2017-08-10 20:02:48,2017-08-15 15:18:01,2017-08-22,279.0,9.21,1,1,288.21,1,1,5.0,1.0,82d33d3f1cd1fe8c3cea4263b71bcb80,18110,votorantim,SP,11.024155092592592,17.386643518518518,0,288.21
33bb79c28616262f5e3fdcf5e678b266,24fe6e2ab7cb4705716e683ceb471d11,delivered,2017-08-04 14:46:51,2017-08-05 14:35:34,2017-08-08 18:13:28,2017-08-15 14:04:05,2017-08-24,48.9,11.85,1,1,60.75,1,1,4.0,1.0,c1016b3d5f035219759c76a15cad0aa3,5783,sao paulo,SP,10.970300925925926,19.384131944444444,0,60.75
573600261fe10e782f51bcb25b99febe,2a539822b5f943c9c52df6cc9dea4b3b,delivered,2017-08-04 14:50:45,2017-08-05 15:03:21,2017-08-09 18:07:20,2017-08-17 16:15:33,2017-08-28,45.0,16.11,1,1,61.11,3,1,5.0,1.0,4eccf9fc9f3e6273ea1cb78449d7d75c,13520,sao pedro,SP,13.05888888888889,23.38142361111111,0,61.11
e31526204c93b55b21e55ef3e5a45f36,d0dac49a8ce4e5ba67f9ad0a2aac7eb6,delivered,2017-08-04 15:12:38,2017-08-04 15:25:23,2017-08-14 15:46:53,2017-08-21 19:48:53,2017-08-28,27.9,14.1,1,1,42.0,4,1,4.0,1.0,eedc362a708fc98e119a63703ef27f98,20920,rio de janeiro,RJ,17.19184027777778,23.366226851851852,0,42.0
7ec6021176941588f1d92734b1b35cce,ea43222bd95135bcbbd7359921c793b1,delivered,2017-08-04 15:12:56,2017-08-04 15:30:19,2017-08-07 18:27:41,2017-08-15 16:55:39,2017-08-28,339.9,16.13,1,1,356.03,10,1,5.0,1.0,8df1b3bfda9077ad979268b17a9523ca,20261,rio de janeiro,RJ,11.071331018518519,23.36601851851852,0,356.03
53e92c6a182704806c0b00b02f89ad32,35912908cb996d4e7f287edf06b1c8f2,delivered,2017-08-04 15:17:18,2017-08-04 15:30:15,2017-08-07 15:49:45,2017-08-28 16:32:47,2017-09-08,159.8,34.0,2,1,193.8,10,1,5.0,1.0,2ff1b818fb048c44dc6629f013cceae6,45604,itabuna,BA,24.05241898148148,34.36298611111111,0,193.8
8be0ba0be22f6202ca47271c05e5d915,931a86365f7db2b1a69655102b93396a,delivered,2017-08-04 15:17:18,2017-08-04 15:30:14,2017-08-07 14:22:20,2017-08-28 18:14:01,2017-09-06,78.0,18.12,1,1,96.12,9,1,5.0,1.0,2ff1b818fb048c44dc6629f013cceae6,45604,itabuna,BA,24.122719907407408,32.36298611111111,0,96.12
5fba7c57daf631028d2a584c52799e24,41eabd16d108e59071ea592448dc2ee5,delivered,2017-08-04 15:24:44,2017-08-05 03:03:27,2017-08-09 17:14:30,2017-08-15 20:18:43,2017-08-31,59.9,13.44,1,1,73.34,1,1,5.0,1.0,4cfa5155cf7cff8eb15e0b12041d058e,7911,francisco morato,SP,11.204155092592593,26.357824074074074,0,73.34
8f9e4c43b4ee0c8602047172d10b1c60,67951da1554fb17670e4c76c400c79bc,delivered,2017-08-04 15:24:53,2017-08-04 15:35:34,2017-08-09 19:16:07,2017-08-25 19:50:04,2017-08-28,27.4,15.1,1,1,42.5,2,1,5.0,1.0,a0e18731f7f7391130aba59311151630,24431,sao goncalo,RJ,21.184155092592594,23.357719907407407,0,42.5
28eaf054725f4dd3ce26c67682468831,7956134f6e5786ead5f57eaa7766d9b2,delivered,2017-08-04 15:25:18,2017-08-04 15:35:58,2017-08-08 22:18:54,2017-08-21 18:23:44,2017-08-28,29.9,15.1,1,1,45.0,2,1,2.0,1.0,eb27dcfb51778706a645883ca8d1dfe3,35438,acaiaca,MG,17.123912037037037,23.357430555555556,0,45.0
0ecf0978216edaeca677433db9480a7c,301e5281967c0b6cc5a379c4a3f90782,delivered,2017-08-04 15:34:27,2017-08-04 15:50:13,2017-08-17 19:15:57,2017-08-21 18:24:49,2017-09-11,199.9,21.89,1,1,221.79,8,1,4.0,1.0,7d6658ec6146c63bcf75bf3683b7afac,71731,brasilia,DF,17.118310185185184,37.35107638888889,0,221.79000000000002
b665005f4d6ed76db213ab12680a0237,3262946514cd05bc2855bd1514f780a1,delivered,2017-08-04 15:39:01,2017-08-08 05:43:18,2017-08-11 16:01:22,2017-08-25 19:32:42,2017-08-28,173.0,15.96,1,1,188.96,1,1,5.0,1.0,876b7343b50c63c8f32b59908a9e554d,23555,rio de janeiro,RJ,21.162280092592592,23.347905092592594,0,188.96
8ba09709db195d492ff95d38228f799f,3c2f0a29038aff07034db22026b787ca,delivered,2017-08-04 15:41:43,2017-08-04 15:55:16,2017-08-07 22:00:00,2017-08-14 21:43:47,2017-08-29,79.5,16.32,1,1,95.82,4,1,5.0,1.0,0f2fe4697c57b3fa1b7a12d753c4c767,21853,rio de janeiro,RJ,10.251435185185185,24.346030092592592,0,95.82
a85866709015a003ea47e59f00c2354f,94c1ceb63718eb8d4ea78a1d993e43a3,delivered,2017-08-04 15:49:23,2017-08-04 16:05:23,2017-08-16 19:44:38,2017-08-17 22:49:50,2017-08-28,54.9,8.27,1,1,63.17,3,1,5.0,1.0,242c91ecf442e1d5282ba847d6b34e8a,4935,sao paulo,SP,13.291979166666666,23.340706018518517,0,63.17
116debdd5705aaa51630c3e292565d06,eff65eeeea88dd72b5d427f2071b3751,delivered,2017-08-04 15:56:10,2017-08-04 16:10:21,2017-08-07 12:50:09,2017-08-16 18:44:09,2017-09-08,49.98,37.78,2,1,87.76,8,1,4.0,1.0,731a7cfcd37a25cb4bbe606e4f0d2f87,66053,belem,PA,12.116655092592593,34.33599537037037,0,87.75999999999999
e7bb8b6a68e9a70258374f9993b47de7,c902c60532cb6ca611138f5348580a3d,delivered,2017-08-04 15:58:07,2017-08-04 16:15:06,2017-08-05 14:07:39,2017-08-09 18:23:37,2017-08-24,44.49,11.85,1,1,56.34,4,1,5.0,1.0,9963ec44886d2cd7cfc327c78d714aa1,15040,sao jose do rio preto,SP,5.101041666666666,19.334641203703704,0,56.34
e546da8f5a68e30c67e5cdbb75a3447f,607e4ac7c659ddc86466344b63f73413,delivered,2017-08-04 16:11:22,2017-08-04 16:25:16,2017-08-07 20:21:54,2017-08-15 18:09:36,2017-08-28,48.89,15.1,1,1,63.99,1,1,4.0,1.0,bec96391fae48d625d79d1d9387d93d3,36900,manhuacu,MG,11.082106481481482,23.325439814814814,0,63.99
7c88ddf8606e3f7894758e90a6bbc399,dfce4481aee6a265f49b2645535fbc13,delivered,2017-08-04 16:21:55,2017-08-04 16:43:10,2017-08-07 18:47:36,2017-08-21 16:02:58,2017-09-14,309.99,21.41,1,1,331.4,10,1,2.0,1.0,447a91b1f9f2ace3fdbac8745a95369f,37640,extrema,MG,16.986840277777777,40.31811342592592,0,331.40000000000003
566d9c868488d3e11feef9ec86a29357,bf719e8e0b81c3a7a2ce1eae9c7c8475,delivered,2017-08-04 16:27:37,2017-08-04 16:45:17,2017-08-09 21:17:43,2017-08-14 15:12:56,2017-08-24,109.9,12.27,1,1,122.17,3,1,4.0,1.0,94837a8c3cb6e4f464af8394c3c5483c,11055,santos,SP,9.948136574074073,19.314155092592593,0,122.17
f280a59cad4cf94ec053b78a58dd0648,c3f03ad00c3a59d7e1be8376fcd6e9f2,delivered,2017-08-04 16:40:28,2017-08-05 17:31:23,2017-08-09 17:58:29,2017-08-10 20:53:37,2017-08-28,110.0,20.26,1,1,130.26,2,1,5.0,1.0,dcfc9c44bf4471c67137fac8b54bce59,22221,rio de janeiro,RJ,6.175798611111111,23.30523148148148,0,130.26
95b898c9e7cf03e527bd45abe58a4d55,33a5b6fda716a4b98d433b09a4f99c12,delivered,2017-08-04 16:40:51,2017-08-04 16:55:10,2017-08-08 18:06:07,2017-08-11 20:45:38,2017-08-28,154.99,14.83,1,1,169.82,10,1,5.0,1.0,556ffcdd6185be1c44ea83be3b1b5f86,83702,araucaria,PR,7.169988425925926,23.30496527777778,0,169.82000000000002
b7f44ef7fe56341d2d0d0703d65a429b,11abccf0ff641d344604f0d9e072f91e,delivered,2017-08-04 16:41:25,2017-08-04 16:55:09,2017-08-07 21:46:00,2017-08-08 21:52:11,2017-08-30,154.7,56.39,4,2,211.09,6,1,4.0,1.0,9a0af61358699b0b9c811548cf282f6d,70331,brasilia,DF,4.215810185185185,25.30457175925926,0,211.08999999999997
5b936ab56019f1650defd8eb181bfe6d,2a8e4ea4ec8d14fd8ffaacb4eac10c7e,delivered,2017-08-04 16:55:19,2017-08-04 17:10:13,2017-08-07 16:12:44,2017-08-18 19:43:28,2017-08-24,129.99,13.93,1,1,143.92,2,1,5.0,1.0,71622f660165f3a5312d1e83ac209ddf,17980,panorama,SP,14.116770833333334,19.29491898148148,0,143.92000000000002
0dadc99af57f4654592d80bd83ee5a9b,bfdb623676eb85c34ce82801a89588f9,delivered,2017-08-04 17:07:09,2017-08-08 03:55:20,2017-08-09 18:47:47,2017-08-22 21:14:37,2017-09-05,238.81,19.24,1,1,258.05,1,1,3.0,1.0,dde38e78681b9a484e6011d231fa2bb1,40285,salvador,BA,18.17185185185185,31.28670138888889,0,258.05
7f2527b00aba2c4ea2631cbf2a1d0f68,5a5f70fead43dc16ec4d5afed5281239,delivered,2017-08-04 17:09:51,2017-08-04 17:25:20,2017-08-07 16:12:44,2017-08-16 21:36:34,2017-09-08,99.99,30.23,1,1,130.22,6,1,1.0,1.0,b1cf91f7efd99001549d2eafa05c66c1,69918,rio branco,AC,12.185219907407408,34.28482638888889,0,130.22
948097deef559c742e7ce321e5e58919,8644be24d48806bc3a88fd59fb47ceb1,delivered,2017-08-04 17:10:39,2017-08-04 17:25:11,2017-08-07 17:52:01,2017-08-12 14:08:40,2017-09-01,69.9,25.77,1,1,95.67,9,1,5.0,1.0,4ca5f90433afb5493247f0bafb583483,73350,brasilia,DF,7.873622685185185,27.284270833333334,0,95.67
5f7577cc4d04d08a6edae39a0b96e281,45d806ce5ead27ab0476dba78e3647f2,delivered,2017-08-04 17:14:16,2017-08-05 02:55:36,2017-08-08 13:33:51,2017-08-22 20:00:11,2017-08-29,56.99,14.15,1,1,71.14,1,1,3.0,1.0,8ba4a52e218171f602f076d5eaf339c3,22745,rio de janeiro,RJ,18.115219907407408,24.28175925925926,0,71.14
171fac25aa2fde5b05b3109d582d04bb,1c3c07a5e0ae1596ef662a0d60f362fd,delivered,2017-08-04 17:15:21,2017-08-04 17:30:16,2017-08-07 17:24:17,2017-08-16 18:04:58,2017-09-01,55.0,15.14,1,1,70.14,7,1,4.0,1.0,1cf96944b82b35e8e5e620208a66afa7,76350,rubiataba,GO,12.034456018518519,27.281006944444446,0,70.14
942e72b3badcc620649a63aca9e9f8a9,48bcccea0c9620dda14842974c86ed30,delivered,2017-08-04 17:25:10,2017-08-04 17:43:28,2017-08-08 15:20:17,2017-08-12 12:23:32,2017-08-24,299.9,62.25,1,1,362.15,1,1,3.0,1.0,db400fdadc743efd3e327fb446c58523,6065,osasco,SP,7.790532407407407,19.274189814814815,0,362.15
99ea7908cd1e043462057874b180e3fe,05fa87701fb77d327e49cb5fb457a5da,delivered,2017-08-04 17:28:51,2017-08-04 17:45:15,2017-08-07 21:18:01,2017-08-10 23:36:58,2017-08-24,145.0,22.64,1,1,167.64,7,1,4.0,1.0,c5a4367eb2925eab85a8bd7ba34a7e42,16025,aracatuba,SP,6.2556365740740745,19.271631944444444,0,167.64
444134534ff42a9631f932653df1d132,aaacfb9e51198232140a75af0e77c875,delivered,2017-08-04 17:30:33,2017-08-05 17:35:20,2017-08-10 18:36:18,2017-08-11 12:38:05,2017-08-17,71.9,58.9,1,1,130.8,6,1,2.0,1.0,dd6e665621eca3de5e37b072f7d50f0c,3364,sao paulo,SP,6.7968981481481485,12.270451388888889,0,130.8
8f6d0c386da6a68373cf241e092c7331,4062224126cdccbd9ecdafa4b41b4e45,delivered,2017-08-04 17:42:38,2017-08-08 04:40:07,2017-08-09 19:40:37,2017-08-18 17:43:40,2017-09-01,254.9,16.53,1,1,271.43,1,1,4.0,1.0,a2137843c15ea63bc0ee758ac6203a55,95702,bento goncalves,RS,14.000717592592592,27.262060185185184,0,271.43
aa3666ac800f7d6ee11840a2d5f74ee6,0b693c62802016ff7a09113efce583ba,delivered,2017-08-04 17:54:22,2017-08-04 18:05:26,2017-08-07 19:03:10,2017-09-18 12:44:41,2017-09-11,205.0,38.57,1,1,243.57,5,1,1.0,1.0,bbab3816c5a428aa07841f42888d3c49,55016,caruaru,PE,44.78494212962963,37.25391203703704,1,243.57
aebdb2fcb57815c39468a17e0baacbef,1b615df6fc92797dbfa396ace412c32e,delivered,2017-08-04 18:17:27,2017-08-04 18:30:16,2017-08-08 19:05:48,2017-08-28 19:57:55,2017-09-08,326.16,47.87,1,1,374.03,7,1,5.0,1.0,0a7f273743dfadb018886024d7e1a8d6,66080,belem,PA,24.06976851851852,34.237881944444446,0,374.03000000000003
709d84dbb63f2afaaf2a48f69b56caa2,ab5babb0f97874afc275d813e711803c,delivered,2017-08-04 18:26:41,2017-08-08 03:55:18,2017-08-14 15:58:17,2017-08-16 17:34:13,2017-08-17,31.9,8.11,1,1,40.01,1,1,5.0,1.0,54155ef7f24e55d09b694293e41702f3,30710,belo horizonte,MG,11.963564814814815,12.231469907407407,0,40.01
09622aca695e14a0a89188bb86d66bd8,4db6657e3f2f229751497dc35de64e26,delivered,2017-08-04 18:28:45,2017-08-04 18:43:08,2017-08-07 20:49:55,2017-08-11 18:41:55,2017-08-24,224.99,18.05,1,1,243.04,4,1,4.0,1.0,390a4a09930cb5b39c45ea5ef6433632,38035,uberaba,MG,7.009143518518519,19.23003472222222,0,243.04000000000002
d33aab7eec3e76dd7e074c6ff1121b6c,6119b42d0975a0c383c5f59f5ae0fa4e,delivered,2017-08-04 18:31:12,2017-08-04 18:45:10,2017-08-08 16:46:46,2017-08-15 19:47:36,2017-08-30,18.99,15.1,1,1,34.09,3,1,5.0,1.0,6d0d61a2ea5f4fd88d56aec722fbbcb8,97800,sao luiz gonzaga,RS,11.053055555555556,25.22833333333333,0,34.089999999999996
f625767e8c7655c497c96abfbc1d7771,e45214e727c4d66ac900b16953722fac,delivered,2017-08-04 18:34:31,2017-08-04 18:50:15,2017-08-08 16:46:44,2017-08-14 21:14:58,2017-08-28,29.99,14.1,1,1,44.09,1,1,5.0,1.0,77507fc000998ee52cd2f9ae94a15b37,83060,sao jose dos pinhais,PR,10.11142361111111,23.22603009259259,0,44.089999999999996
f47cb24e99c4ceb74132fb58273bea3d,fb7400b8224647743c835eea88445704,delivered,2017-08-04 18:44:50,2017-08-07 10:23:35,2017-08-07 19:03:09,2017-08-14 18:24:08,2017-08-31,205.0,26.27,1,1,231.27,10,1,5.0,1.0,b113df13863504cc368109fddd9eeb73,29230,anchieta,ES,9.985625,26.21886574074074,0,231.27
311393b2abaf96a9590f9200b4810bbc,8164f94ee15105d111cb2e05cd40b2ba,delivered,2017-08-04 18:47:50,2017-08-04 19:03:35,2017-08-07 19:03:10,2017-08-11 15:49:41,2017-08-29,205.0,26.27,1,1,231.27,10,1,5.0,1.0,6128708e541cd7b7d4b9f95966c478a3,36900,manhuacu,MG,6.8762847222222225,24.216782407407408,0,231.27
5629b04c3d6b271767e2b1a38d878171,5bfe4a9dd31c88a5063646c1bc8ca878,delivered,2017-08-04 18:48:48,2017-08-04 19:03:41,2017-08-08 19:28:17,2017-08-11 18:14:14,2017-08-29,279.0,16.7,1,1,295.7,10,1,1.0,1.0,39be3ec644e8deaff61a398b8da28c6b,89203,joinville,SC,6.97599537037037,24.21611111111111,0,295.7
2176f1406c11f07dcdea94931730770d,b1d18515040386d031ad7d7d73a32fb9,delivered,2017-08-04 19:00:59,2017-08-05 03:03:19,2017-08-07 20:34:52,2017-08-09 21:04:43,2017-08-18,75.0,13.08,1,1,88.08,1,1,4.0,1.0,7d0e399eab77b5142609cf7821711c4e,4883,sao paulo,SP,5.085925925925926,13.207650462962963,0,88.08
7511a8e7c7e991e0e129c3fa111404c4,d5667e555d7e4093f1470362e13f37ca,delivered,2017-08-04 19:02:19,2017-08-05 03:05:10,2017-08-11 16:17:58,2017-08-25 21:41:38,2017-09-05,199.0,43.8,1,1,242.8,1,1,5.0,1.0,e446eea0f05db4b20f5a954ff925c1bd,48700,serrinha,BA,21.110636574074075,31.206724537037037,0,242.8
132f922490ba371efd891cf7f81648e1,866a094bef59e8319d5b5d363ceb48c4,delivered,2017-08-04 19:07:49,2017-08-05 11:23:15,2017-08-07 20:19:25,2017-08-24 21:37:28,2017-09-01,106.5,19.99,1,1,126.49,9,1,4.0,1.0,1c1b2c1eda2e5313935f84bb7c1e6f7b,45026,vitoria da conquista,BA,20.10392361111111,27.20290509259259,0,126.49
424fede77e7b571eca6ff46a2276f8af,4a090bc0cc777184ea3be03e5ebe2d97,delivered,2017-08-04 19:12:56,2017-08-04 19:25:16,2017-08-07 15:28:36,2017-08-09 16:49:55,2017-08-17,117.99,9.64,1,1,127.63,3,1,5.0,1.0,5b71ca52f13f79c2be72b2aad8755c0a,11713,praia grande,SP,4.90068287037037,12.199351851851851,0,127.63
de63e691acb3231890dcb063f627657b,018ffb868962388b3ac93b203a8dcbe0,delivered,2017-08-04 19:17:37,2017-08-08 04:24:38,2017-08-08 18:32:29,2017-08-15 17:44:13,2017-08-28,99.99,17.95,1,1,117.94,1,1,5.0,1.0,a00921a9052e43763c4a7f1a7dbd7f18,88385,penha,SC,10.935138888888888,23.196099537037036,0,117.94
75434d9f9fce6b4c6cd9f4736db6fa16,0dcd9c0288e566a80542ac0834dd7c42,delivered,2017-08-04 19:31:30,2017-08-04 19:45:12,2017-08-09 18:04:44,2017-08-23 14:34:11,2017-09-12,269.0,20.42,1,1,289.42,10,1,5.0,1.0,33e9a5803c2332cce82b9cf23a58d905,67145,ananindeua,PA,18.793530092592594,38.186458333333334,0,289.42
ecf330e2463767d0a37a17786360899b,f98b1cd40f447698ca15964728343a7c,delivered,2017-08-04 19:47:07,2017-08-04 20:03:31,2017-08-07 20:47:38,2017-08-11 21:52:57,2017-08-28,599.9,18.96,1,1,618.86,10,1,5.0,1.0,57397552a215b000df85ea250a2521c7,1317,sao paulo,SP,7.0873842592592595,23.175613425925928,0,618.86
14763e794086449f6d5cb89097b2afd3,20a6f9674ec04f9947f4fe2ea8851dff,delivered,2017-08-04 19:48:45,2017-08-04 20:03:33,2017-08-10 21:53:04,2017-08-18 21:23:31,2017-09-01,149.9,16.49,1,1,166.39,1,1,5.0,1.0,acbaabfea8a59a75a559b296f66ac7b5,41720,salvador,BA,14.065810185185185,27.174479166666668,0,166.39000000000001
5953d2dd57f0e259f8b8489c37556e00,9cdd2de18cb0bfec28ca0c4babb6f253,delivered,2017-08-04 20:12:46,2017-08-04 20:25:14,2017-08-15 21:22:16,2017-08-24 20:45:32,2017-09-01,99.99,28.06,1,1,128.05,4,1,3.0,1.0,ade3b1e61f3ba2966b1a22324d46d3ae,21825,rio de janeiro,RJ,20.02275462962963,27.157800925925926,0,128.04999999999998
38a747fb2e7915ca7157237088020cf1,142fe8eada241df2f071e978e6dbc04c,delivered,2017-08-04 20:24:13,2017-08-04 20:43:41,2017-08-07 18:04:00,2017-08-08 20:56:59,2017-08-17,29.0,7.78,1,1,36.78,1,1,4.0,1.0,8f966cbad592741f380ef7b2e2ab564d,6020,osasco,SP,4.022754629629629,12.149849537037037,0,36.78
db20f0c71fd126ce34d0b209e634f3d7,8f3c4de156b6dce86dc7e761a66270b9,delivered,2017-08-04 20:28:26,2017-08-04 20:45:15,2017-08-18 20:02:35,2017-09-04 17:46:34,2017-08-28,129.0,15.65,1,1,144.65,1,1,2.0,1.0,b41b216957ca445595578e96ada3ba37,89801,chapeco,SC,30.887592592592593,23.146921296296295,1,144.65
6bff7d9bba4b524abc4cc68ecff23c43,472a60102b712260191100bc3f41c070,delivered,2017-08-04 20:41:38,2017-08-04 20:55:15,2017-08-09 20:08:04,2017-08-14 22:47:40,2017-08-31,59.9,13.44,1,1,73.34,3,1,5.0,1.0,0cf146e84935a5208ef3047a2b64ae4b,2056,sao paulo,SP,10.087523148148149,26.13775462962963,0,73.34
f2664c7a8066f3a82b36c7c8f916eab4,ad5f23d9b1bace5cd40bb06d67f0f58f,delivered,2017-08-04 20:50:47,2017-08-04 21:05:18,2017-08-07 20:32:47,2017-08-23 18:57:39,2017-09-01,144.9,27.55,1,1,172.45,5,1,5.0,1.0,1c989fec2674afd38218559043392974,47810,barreiras,BA,18.921435185185185,27.13140046296296,0,172.45000000000002
a8017b769d03b3474d5869b0dacf5f7a,5c6008b96b0de7d864aeaeb2a2333a7b,delivered,2017-08-04 20:52:20,2017-08-04 21:05:14,2017-08-07 17:22:44,2017-08-16 17:07:50,2017-08-30,99.0,15.44,1,1,114.44,1,1,5.0,1.0,44a0476ef0d882b1145ad7a88ebcc188,29285,piuma,ES,11.844097222222222,25.130324074074075,0,114.44
1a0a41acfcd4a351ae9f002b942dce2c,365681813ec00a0106fd91f8e5cf5488,delivered,2017-08-04 21:01:53,2017-08-04 21:15:15,2017-08-15 21:42:21,2017-08-22 22:33:40,2017-09-05,89.99,27.99,1,1,117.98,1,1,4.0,1.0,b941b9bd5b0df6d5bc8872504b96b0e1,24110,niteroi,RJ,18.063738425925926,31.123692129629628,0,117.97999999999999
63ca01cc7002ee54c048868356eaffec,b362c2d95a52eaee614ed6309a832ce8,delivered,2017-08-04 21:09:44,2017-08-04 21:23:37,2017-08-07 15:43:38,2017-08-11 18:30:08,2017-08-28,163.99,21.64,1,1,185.63,8,1,5.0,1.0,f3eaa4bbb8a5fd3df7f56d04eb72a9af,80740,curitiba,PR,6.889166666666667,23.11824074074074,0,185.63
1afefea8a6500c83df5bfc6e4f2eec4a,4daaa55d5d0c4a008456666b94e9506a,delivered,2017-08-04 21:20:54,2017-08-04 21:35:11,2017-08-07 18:45:53,2017-08-17 18:12:45,2017-09-12,35.0,21.15,1,1,56.15,5,1,4.0,1.0,5307b8146f4c8f11029bb061d11ce967,76820,porto velho,RO,12.869340277777777,38.11048611111111,0,56.15
e6b8a58ccfa6a2daf8c04bcf0bf2fd5a,72db940a0e6afc75e82dceb2075e079d,delivered,2017-08-04 21:25:24,2017-08-05 15:50:06,2017-08-10 18:16:54,2017-08-22 18:40:11,2017-09-08,898.0,79.01,1,1,977.01,10,1,1.0,1.0,4b4eb72ddddf8774c7c522b86eac0a68,66085,belem,PA,17.885266203703704,34.10736111111111,0,977.01
e43be9f124c722dfb1d98eeb39b69484,565ef96c8b329e91ee596508371be62a,delivered,2017-08-04 21:35:54,2017-08-08 04:04:29,2017-08-09 12:46:00,2017-08-15 20:12:24,2017-08-28,117.3,25.66,1,1,142.96,1,1,5.0,1.0,64b58e8ac09198579e411a860973146f,35790,curvelo,MG,10.942013888888889,23.100069444444443,0,142.96
a3d2d7bd607f48e67fa90453814180a7,8734fcb4937218b2065dd7a57a70eff7,delivered,2017-08-04 21:38:23,2017-08-04 21:50:18,2017-08-07 20:35:17,2017-08-16 21:36:35,2017-09-01,58.9,19.65,1,1,78.55,2,1,5.0,1.0,d6c445d0d835aad8c503aa9a0b5805bd,93052,sao leopoldo,RS,11.99875,27.09834490740741,0,78.55
0d25f1b15acb59ceff22667265743132,52dee0d644b6d10016569eae238ebc67,delivered,2017-08-04 21:44:43,2017-08-04 22:04:53,2017-08-07 22:23:42,2017-08-17 18:23:07,2017-09-01,355.9,18.25,1,1,374.15,10,1,5.0,1.0,79a4fa88711e09a102e206befef01bda,74413,goiania,GO,12.86,27.09394675925926,0,374.15
7bf07dae0e08f5a2b54f5d784c8bdd12,edb5b9d723092a06959de10d7040f40a,delivered,2017-08-04 21:53:03,2017-08-04 22:05:15,2017-08-09 19:41:22,2017-08-18 18:32:47,2017-08-28,579.9,18.81,1,1,598.71,6,1,4.0,1.0,603ad59966d17ea60390ebe6d3268f37,89985,palma sola,SC,13.860925925925926,23.088159722222223,0,598.7099999999999
de11626bdec1c2e2c4f907036e55b981,99079841620303aa896941664bd86441,delivered,2017-08-04 22:08:17,2017-08-04 22:23:53,2017-08-08 20:27:54,2017-08-21 21:12:27,2017-09-08,59.9,21.22,1,1,81.12,8,1,5.0,1.0,d665a0bf055735b21aa69ba970379991,65067,sao luis,MA,16.96122685185185,34.077581018518515,0,81.12
7298f7a474d54998fe1d4c98f0779eff,8d5c9911b3188c197d27411808705b52,delivered,2017-08-04 22:46:46,2017-08-04 23:05:24,2017-08-08 00:07:24,2017-08-18 16:35:08,2017-08-28,69.9,16.74,1,1,86.64,1,1,5.0,1.0,cd3058dc8561e821c462950c8f960d51,20551,rio de janeiro,RJ,13.741921296296296,23.050856481481482,0,86.64
a19b1e8a877c19f80257b15207bd186f,02f8e44a560ff53db97e57913234593b,delivered,2017-08-04 22:51:08,2017-08-04 23:05:26,2017-08-07 21:14:54,2017-08-21 10:45:47,2017-09-01,259.99,51.69,1,1,311.68,3,1,5.0,1.0,c7e928c4346d37e393237d9f91139f24,79500,paranaiba,MS,16.49628472222222,27.047824074074075,0,311.68
f703e71f874db4fb27d67f9d042f29cc,4f2c00ad0132281f9b6c56afd7c8878e,delivered,2017-08-04 22:57:43,2017-08-05 11:50:18,2017-08-08 19:49:42,2017-08-29 12:08:12,2017-09-08,279.9,155.33,1,1,435.23,10,1,1.0,1.0,8627c1488f8357a3f973a3153c470d89,65208,santa helena,MA,24.54894675925926,34.043252314814815,0,435.23
4e274937e70553f7fa77357b814afd77,1845aa40e4a2a088735e3d6b87097637,delivered,2017-08-04 23:04:25,2017-08-04 23:23:42,2017-08-08 20:30:05,2017-08-23 19:07:42,2017-08-30,89.9,15.38,1,1,105.28,3,1,5.0,1.0,32e85a570c612de24f33e8caf108f059,93320,novo hamburgo,RS,18.835613425925924,25.038599537037037,0,105.28
465e8161fdbe4ef42b3b8371bd96100e,0577d52683decabca06a622f44194638,delivered,2017-08-04 23:18:15,2017-08-04 23:30:16,2017-08-08 17:16:33,2017-08-14 18:34:03,2017-08-24,143.8,18.9,1,1,162.7,3,1,5.0,1.0,0c5c1506b2cf6352053ba2f57ea5163b,14670,nuporanga,SP,9.80263888888889,19.028993055555556,0,162.70000000000002
01643942766bdec224d5593041f714e6,35b6010ad8b185e27365ae8366cbb76d,delivered,2017-08-05 00:17:35,2017-08-05 00:30:20,2017-08-08 21:57:41,2017-08-22 19:04:14,2017-08-31,32.5,15.1,1,1,47.6,1,1,1.0,1.0,e31b80f478df67bee358c8d799deeef7,71805,brasilia,DF,17.782395833333332,25.987789351851852,0,47.6
ae3e8160dfb11ba7791e416b096d2525,cc13f005c0fde5c8edb518f1d7f4adef,delivered,2017-08-05 00:19:31,2017-08-05 00:30:18,2017-08-07 15:40:05,2017-08-11 18:32:53,2017-08-29,33.49,14.1,1,1,47.59,1,1,1.0,1.0,c935703df1496c229e3754ab0721a69d,83010,sao jose dos pinhais,PR,6.759282407407407,23.98644675925926,0,47.59
b3a63f4fb89da65142691825fc1443dc,ea737b9e94df65f18bc22b67a2a852b3,delivered,2017-08-05 00:31:02,2017-08-05 00:43:17,2017-08-07 20:32:31,2017-08-19 16:04:21,2017-09-11,15.9,17.63,1,1,33.53,1,1,5.0,1.0,49b2302c52db78ebd698e8ef0061d40f,60010,fortaleza,CE,14.648136574074075,36.97844907407407,0,33.53
14a9489fd3842fb90ea7d555122e3dd3,10d65278087264dde732b5d36336496b,delivered,2017-08-05 00:42:52,2017-08-05 00:50:07,2017-08-07 15:43:43,2017-08-14 22:13:12,2017-08-25,49.9,11.85,1,1,61.75,5,1,4.0,1.0,fed9a4b5b126bd72975e686ecc541be2,13419,piracicaba,SP,9.896064814814816,19.97023148148148,0,61.75
723100aa159479fd44ce9874cbc010e5,eddf85d5b6d5d839930e427bbdc82585,delivered,2017-08-05 01:01:44,2017-08-05 01:10:10,2017-08-07 18:46:57,2017-08-10 18:05:09,2017-08-29,59.0,15.16,1,1,74.16,2,1,5.0,1.0,867b7062c0682497e4e283ca939e96f0,28930,arraial do cabo,RJ,5.710706018518518,23.95712962962963,0,74.16
90e8f4c6614e2960a0334fdc9fe238a6,aa313a5d6e57357147dac80f1617c0b5,delivered,2017-08-05 03:07:50,2017-08-05 03:15:08,2017-08-07 19:57:37,2017-08-15 19:54:08,2017-08-31,30.79,17.92,1,1,48.71,2,1,3.0,1.0,ea1817c0d827555502255cef8af10fc8,76450,minacu,GO,10.698819444444444,25.869560185185186,0,48.71
98576d430a6b6a1f2354a144cacc5940,bbadb481c7afa7f5d4e726e788aed89b,delivered,2017-08-05 07:21:56,2017-08-05 07:35:10,2017-08-07 18:33:56,2017-08-25 21:22:08,2017-09-06,799.0,27.91,1,1,826.9100000000001,3,2,5.0,1.0,63db1f821ec063ba87e31ed9a143917e,57082,maceio,AL,20.583472222222223,31.693101851851853,0,826.91
a7c2948fe630c10cac337822b08f5dc5,ef0c90c78491a13867492aee7889c2de,delivered,2017-08-05 07:24:40,2017-08-05 07:35:10,2017-08-10 13:51:55,2017-08-28 22:10:01,2017-08-25,117.0,61.84,1,1,178.84,4,1,1.0,1.0,0f4435f8973c32a5ffe9fd128d096561,39480,januaria,MG,23.61482638888889,19.691203703703703,1,178.84
6f54535f38d19e0833f980e4604081a3,c6227a9291e7e9a4fe69b48356d4b38d,delivered,2017-08-05 07:34:29,2017-08-05 07:45:12,2017-08-07 18:27:45,2017-08-18 16:53:53,2017-09-11,579.9,29.34,1,1,609.24,10,1,5.0,1.0,fcb2a7889cd93c74402d7156bd4ac7a0,62600,itapaje,CE,13.388472222222223,36.684386574074075,0,609.24
95287574a39117622fd74f06cadf5eae,9d763d8a54fb8bb371f06d0ec3d9a7de,delivered,2017-08-05 08:25:09,2017-08-05 08:35:43,2017-08-08 13:18:08,2017-08-18 19:03:51,2017-09-14,56.99,21.2,1,1,78.19,7,1,5.0,1.0,083ca1aa470c280236380973a48f77c6,58051,joao pessoa,PB,13.443541666666667,39.64920138888889,0,78.19
519203404f6116d406a970763ee75799,1c62b48fb34ee043310dcb233caabd2e,delivered,2017-08-05 08:59:43,2017-08-05 09:10:13,2017-08-07 18:50:00,2017-08-09 15:22:28,2017-08-25,69.9,11.99,1,1,81.89,3,1,5.0,1.0,8d50f5eadf50201ccdcedfb9e2ac8455,4045,sao paulo,SP,4.265798611111111,19.62519675925926,0,81.89
070d6fe21e7d454b11f1cb27ca2c15c0,ffbf82fe167e7156e06fc1778d6b1cea,delivered,2017-08-05 09:08:55,2017-08-05 09:23:12,2017-08-11 19:34:08,2017-08-26 14:34:02,2017-09-06,99.0,19.23,1,1,118.22999999999999,1,1,3.0,1.0,e94f89d82f4a9a72453b98299a26cddd,29105,vila velha,ES,21.225775462962964,31.61880787037037,0,118.23
48df5efee08cb975d7a49bac5df66d22,1772349bb1163316ceb2744678ed612e,delivered,2017-08-05 09:27:03,2017-08-05 09:43:31,2017-08-07 19:34:54,2017-08-14 17:39:51,2017-08-29,149.9,18.3,1,1,168.2,1,1,1.0,1.0,436fea1a83d713ad2e48e35cd8631c26,84030,ponta grossa,PR,9.342222222222222,23.60621527777778,0,168.20000000000002
1a0bb7fae90bbf7880d299f24698fd23,4b0d895315b8db8289d92f789ea5fbf8,delivered,2017-08-05 09:49:33,2017-08-05 10:03:56,2017-08-08 19:25:02,2017-08-17 17:03:49,2017-09-04,79.99,25.84,1,1,105.83,2,1,5.0,1.0,97cf1b6997633675b441a9c9a4135a04,35650,pitangui,MG,12.301574074074074,29.59059027777778,0,105.83
8040ee89b88d6ea587b51b55dbfb4dc5,a577945519cf174d409718b07514767b,delivered,2017-08-05 09:52:20,2017-08-05 10:05:25,2017-08-07 19:34:58,2017-08-14 20:17:24,2017-08-29,69.9,17.74,1,1,87.64,3,1,5.0,1.0,1ab6f51cbc59e795693aec988cc2906d,25720,petropolis,RJ,9.434074074074074,23.588657407407407,0,87.64
1d21d81713a3dea4ee564c915cf2fd94,7ba8bdd359b397be54d6e280b75b0987,delivered,2017-08-05 09:55:04,2017-08-05 10:05:26,2017-08-10 19:36:50,2017-08-18 19:16:44,2017-09-05,16.8,16.11,1,1,32.91,3,1,4.0,1.0,9b03f2721fb73962781bae9322b0c071,35650,pitangui,MG,13.390046296296296,30.58675925925926,0,32.91
3cef2febcf9500f2509317c92f432e8c,3c014a4731d721cd7116661c22dc0f2a,delivered,2017-08-05 10:11:18,2017-08-05 10:25:17,2017-08-07 23:32:24,2017-08-14 19:16:07,2017-08-29,29.99,15.1,1,1,45.09,2,1,5.0,1.0,fd529f754085722c53de23e72091b944,89460,canoinhas,SC,9.378344907407408,23.57548611111111,0,45.089999999999996
7bb49ae162145b926eb697dbd5821f6a,9de53ca9aea90277fbdebd00a9dbbdc2,delivered,2017-08-05 10:21:38,2017-08-05 10:35:20,2017-08-16 19:17:33,2017-08-23 11:36:17,2017-08-29,31.9,14.1,1,1,46.0,4,1,5.0,1.0,25246138ca82ad0dc7d8de03070f2ff0,2671,sao paulo,SP,18.051840277777778,23.568310185185187,0,46.0
a5120ed3cf3bce38162653b51ce81d04,f217fb5fdfaf6ecb61bac6b6b5bbd3c7,delivered,2017-08-05 10:22:53,2017-08-05 10:35:15,2017-08-07 21:58:41,2017-08-14 22:52:14,2017-08-25,79.9,19.42,1,1,99.32,9,1,5.0,1.0,006d763076d74d16d66e828e79ec1544,39400,montes claros,MG,9.520381944444445,19.56744212962963,0,99.32000000000001
bc515ab3cf8c40c5a444d797fff621c6,7a508cafafbb3f521bcc6b736756b8b1,delivered,2017-08-05 10:22:58,2017-08-05 10:35:19,2017-08-09 20:07:44,2017-08-22 19:39:35,2017-09-01,59.9,13.44,1,1,73.34,2,1,5.0,1.0,ff9c5dff16d7d6bfefc2acf5088d7b90,13601,araras,SP,17.38653935185185,26.56738425925926,0,73.34
a74e65b4ffd7effa5308ba01647ea4b2,b80b77aff9dc4c13a0b759c556742878,delivered,2017-08-05 10:42:34,2017-08-05 10:55:16,2017-08-07 19:47:50,2017-08-15 19:52:11,2017-08-29,29.0,15.1,1,1,44.1,1,1,5.0,1.0,b93a4deada6d827a70b483590de59679,85911,toledo,PR,10.38167824074074,23.55377314814815,0,44.1
94b036e9c8d7275cda2d1a19c6fe11de,40a3be412130198c7617ff3e7a18612f,delivered,2017-08-05 10:48:59,2017-08-08 04:24:37,2017-08-08 22:33:28,2017-08-17 16:22:10,2017-09-11,49.9,15.1,1,1,65.0,1,1,5.0,1.0,986ba053b29971328549d2c9f20c43c2,28415,pureza,RJ,12.231377314814814,36.54931712962963,0,65.0
c3e3277d66bf2f2038ae5a5ec155cb5f,57f5750cba88748f13624f2e51dafd21,delivered,2017-08-05 10:51:10,2017-08-05 11:05:14,2017-08-10 15:13:25,2017-08-28 20:22:11,2017-09-06,53.5,16.81,1,1,70.31,6,1,5.0,1.0,f2460db02a4d0705d636c5eecc8587f7,78550,sinop,MT,23.396539351851853,31.547800925925927,0,70.31
7c3b51d43ff0ed3ecf74550b124dde61,46eed518a1fa5b1e5f7f46fa7b4e46ff,delivered,2017-08-05 11:01:43,2017-08-08 03:50:29,2017-08-08 17:32:35,2017-08-15 09:15:05,2017-08-29,54.9,16.14,1,1,71.04,1,1,1.0,1.0,5e444b5a0edba18aae0518c0745edb01,84500,irati,PR,9.925949074074074,23.54047453703704,0,71.03999999999999
7c0ce5e0916d0bca80839ea19d6112c7,f4fd1f42308fc47dee6d73ae1f6c9883,delivered,2017-08-05 11:04:36,2017-08-05 11:23:14,2017-08-14 14:23:08,2017-08-23 13:17:53,2017-08-18,37.99,7.78,1,1,45.77,1,1,1.0,1.0,c57aa906e4aca12c46c1c6891db2c8a7,9130,santo andre,SP,18.09255787037037,12.538472222222222,1,45.77
7a648e7b0dcf4e65e1348e16a245eca7,6bb872be660f753375ecc8ed90a1f99d,delivered,2017-08-05 11:04:40,2017-08-05 11:23:11,2017-08-07 18:31:54,2017-08-10 17:55:03,2017-08-18,59.99,9.34,1,1,69.33,5,1,4.0,1.0,c03197ab6a74c1cb976c078127366700,5271,sao paulo,SP,5.284988425925926,12.538425925925926,0,69.33
17819d04603c3b79c2865e8a4d24a7ab,a57f56b2df041bebdd0c2efdfb1cbfed,delivered,2017-08-05 11:20:48,2017-08-05 11:35:15,2017-08-07 20:32:36,2017-08-09 12:57:14,2017-08-21,75.0,13.08,1,1,88.08,1,1,5.0,1.0,637cd4a8fa1c919744993c63a94aee39,5454,sao paulo,SP,4.066967592592593,15.527222222222223,0,88.08
bb74d6a0640a083fa904f08f785f4734,599a693c1fb07cbc0aae49b4c6f54a24,delivered,2017-08-05 11:22:09,2017-08-05 11:35:09,2017-08-07 13:37:30,2017-08-23 15:51:49,2017-09-11,36.9,26.89,1,1,63.79,3,1,5.0,1.0,8da57ae4dae59af8b32954f30ac00f2a,67130,ananindeua,PA,18.18726851851852,36.52628472222222,0,63.79
ba411c67fe5e146b1838dc69b0c732e5,dca27253c644f323a50bff41c1db2ef3,delivered,2017-08-05 11:51:46,2017-08-08 04:15:17,2017-08-09 12:06:50,2017-08-11 21:33:39,2017-08-23,56.99,8.72,1,1,65.71,1,1,4.0,1.0,c873d409aabe1083ff4f96358e3a4214,7093,guarulhos,SP,6.404085648148148,17.505717592592593,0,65.71000000000001
ecd8ba33ab5ecfaf1e454c1ff3889b27,fa77b18f726edd2bfde260da2cc2dbba,delivered,2017-08-05 11:54:07,2017-08-05 12:10:09,2017-08-07 17:37:18,2017-08-21 21:25:54,2017-09-13,49.9,17.63,1,1,67.53,4,1,5.0,1.0,2b9d2e319ab4b7e7d28d6e85f62d1da5,66120,belem,PA,16.39707175925926,38.50408564814815,0,67.53
4e2080113ead7b0ce794da2606452ac7,8b5926f78698503e751cf6cc237cae88,delivered,2017-08-05 12:04:53,2017-08-05 12:24:12,2017-08-07 18:36:43,2017-08-11 16:49:52,2017-08-31,129.9,18.16,1,1,148.06,1,1,5.0,1.0,eac33b623ab76b8959bc85ea0f8e247c,71907,brasilia,DF,6.197905092592593,25.496608796296297,0,148.06
82534d85d355632cf7b983bb78e11537,136d3cfd01d32911a7fe50d5d965f1e8,delivered,2017-08-05 12:12:22,2017-08-05 12:30:06,2017-08-07 19:35:58,2017-08-09 16:29:58,2017-08-25,45.0,11.85,1,1,56.85,5,1,5.0,1.0,eafc4c1c33aeabdd114b45efd7cd31fa,7042,guarulhos,SP,4.178888888888889,19.491412037037037,0,56.85
c5d4823acfd714b139d9a100c0234122,c469d5b6ae3c2c61e9936a9ec05f21dc,delivered,2017-08-05 12:33:44,2017-08-05 12:50:14,2017-08-09 20:53:56,2017-08-15 14:05:33,2017-08-25,72.5,12.01,1,1,84.51,3,1,5.0,1.0,9f6ae53157e537b0e34d5cf6ec4ea8c9,4534,sao paulo,SP,10.063761574074075,19.476574074074072,0,84.51
dab3fc76b1c611fc90d0343f3a1815e7,a7f323fb7663369c9d57bb5886201fb7,delivered,2017-08-05 12:38:54,2017-08-08 04:15:32,2017-08-15 18:12:34,2017-08-24 17:44:00,2017-09-06,40.0,18.59,1,1,58.59,1,1,3.0,1.0,d595a7cb51db107956f5d3286e9c39d3,22061,rio de janeiro,RJ,19.211875,31.472986111111112,0,58.59
70eb3f78e36bed84a86e6570b0fb308b,2837406f4f7bea00a234ec60e9e9315f,delivered,2017-08-05 12:50:01,2017-08-08 04:05:40,2017-08-08 17:03:42,2017-08-14 17:23:15,2017-08-29,74.9,16.28,1,1,91.18,1,1,4.0,1.0,6ae01c991d7a7d428d228fc4fe7688d8,22080,rio de janeiro,RJ,9.189745370370371,23.465266203703703,0,91.18
dba3740d39b81258d8230a4889bd0fe2,5a0192b98aa54244a703ca5464b21cc6,delivered,2017-08-05 12:55:39,2017-08-08 04:05:16,2017-08-08 22:17:56,2017-08-17 18:43:11,2017-09-13,79.0,16.99,1,1,95.99,1,1,5.0,1.0,a5da7637d11ba152cd56fe66d82cf39a,23895,seropedica,RJ,12.241342592592593,38.461354166666666,0,95.99
02b2c02d27d60c0e658675335ca80216,9d467d901959584e227cdeb1dd1e0c62,delivered,2017-08-05 12:57:02,2017-08-05 13:10:18,2017-08-09 20:07:44,2017-08-31 18:37:37,2017-09-05,59.9,17.67,1,1,77.57,2,1,5.0,1.0,0a9d365af1a48bc62a840243cdfcb4e6,25055,duque de caxias,RJ,26.236516203703705,30.46039351851852,0,77.57
1686688dd0ee852ad4bf01ebdfc7d0ac,4d3fefcc29c7720a1164a186997c1148,delivered,2017-08-05 12:58:51,2017-08-05 13:15:10,2017-08-07 20:46:40,2017-08-21 16:25:37,2017-08-25,18.99,11.85,1,1,30.84,1,1,5.0,1.0,29e3eaf7a6a8f70469a316af260c59e6,2254,sao paulo,SP,16.143587962962965,19.459131944444444,0,30.839999999999996
660023f633ebbca40bbf5962692b2411,11a225639ccafce290d9c3dad59e3e62,delivered,2017-08-05 13:00:02,2017-08-05 13:15:13,2017-08-08 18:32:22,2017-08-15 19:14:02,2017-08-29,29.9,16.11,1,1,46.01,4,1,5.0,1.0,22a0bd78d86d3837364f703ade4a9841,91900,porto alegre,RS,10.259722222222223,23.458310185185184,0,46.01
5b491297893cc6ff027713e3b2023461,6b649f0117e2b3658720bce8190c51cc,delivered,2017-08-05 13:28:55,2017-08-05 13:45:15,2017-08-07 19:42:57,2017-08-23 21:06:56,2017-08-29,59.9,17.67,1,1,77.57,1,2,4.0,1.0,cf1efff004f85ae1a9fde10f0c5a4fd4,89600,joacaba,SC,18.31806712962963,23.438252314814815,0,77.57
22cc2d04975ea9d1495ff837953418c3,8c94ef9d12c761e621097b7836b0503d,delivered,2017-08-05 13:30:05,2017-08-05 13:45:16,2017-08-11 17:27:44,2017-08-22 19:30:08,2017-09-08,84.9,17.84,1,1,102.74,3,1,4.0,1.0,aa4a5a9726e6f2b5af0cd6c9d43a61e6,36227,piedade do rio grande,MG,17.25003472222222,33.43744212962963,0,102.74000000000001
9baa1fea77be1dc7d5ef2ad847110a14,cb32fe2aeb8e53ae62644d5afc5b2bc9,delivered,2017-08-05 13:31:17,2017-08-05 13:45:16,2017-08-10 17:48:07,2017-08-21 19:18:42,2017-09-18,259.98,117.44,1,1,377.42,10,1,5.0,1.0,c0a2e2e17f16e2d424667e45e501c39f,67133,ananindeua,PA,16.241261574074073,43.4366087962963,0,377.42
db8f0ba38db1ec3fb5eccef40cad82a7,61c2616d4993655c24b0ff0a7d400fd6,delivered,2017-08-05 13:38:08,2017-08-06 13:45:14,2017-08-09 15:12:44,2017-08-11 20:28:48,2017-08-25,69.9,11.99,1,1,81.89,4,1,5.0,1.0,8a9e587e6ea266da537886552c815d9d,6447,barueri,SP,6.285185185185185,19.431851851851853,0,81.89
a4c0c3903b0f57f415ce5dc9d3bae784,cc24d407f07daffa567db41bad83a529,delivered,2017-08-05 13:44:23,2017-08-05 13:55:16,2017-08-08 12:18:56,2017-08-09 19:28:12,2017-08-18,50.699999999999996,28.02,3,1,78.72,3,1,2.0,1.0,d6c8aa9d59c3d33c00586afbc9558a8f,6429,barueri,SP,4.238761574074074,12.427511574074074,0,78.72
5112f4ba4153fe779d42f1cc8701d3f0,e720155cdbf375e262f69d2e1d85d63f,delivered,2017-08-05 13:51:38,2017-08-05 14:10:12,2017-08-08 17:19:56,2017-08-18 21:22:44,2017-08-29,149.0,15.79,1,1,164.79,7,1,5.0,1.0,526760f3b7255a26c8a93a96dfaee4a3,88330,balneario camboriu,SC,13.313263888888889,23.42247685185185,0,164.79
ddbdd2d1389314951bcd19560cac6ceb,8a11dfeac0d3ef8f1e6667d99da7189b,delivered,2017-08-05 14:08:13,2017-08-07 15:25:16,2017-08-08 15:22:36,2017-08-16 18:42:30,2017-08-29,48.9,16.11,1,1,65.01,1,1,5.0,1.0,485761a38bba1d0855f381aa21b0123e,8061,sao paulo,SP,11.190474537037037,23.410960648148148,0,65.00999999999999
3147d340c802cf04b463c4a5e532745d,5b331b0a1d63a261e9072be800107cfd,delivered,2017-08-05 14:08:47,2017-08-05 14:23:39,2017-08-11 12:27:35,2017-08-16 17:09:14,2017-09-13,99.99,17.95,1,1,117.94,5,1,5.0,1.0,0011c98589159d6149979563c504cb21,38970,campos altos,MG,11.1253125,38.41056712962963,0,117.94
2f10477788160831a76bb28cac8bbfb6,8452aca15fe14314fbacbda44b8b0cd6,delivered,2017-08-05 14:10:59,2017-08-08 04:20:20,2017-08-09 17:53:16,2017-08-16 14:23:40,2017-08-29,25.99,15.1,1,1,41.09,1,1,5.0,1.0,f6679de1eaaa725bfb50939bccc7a2e8,28660,bom jardim,RJ,11.00880787037037,23.409039351851852,0,41.089999999999996
23bab630b11eed4b31aaa2edd31ba773,c03793e75bfde694b9f88aa885d5b7f0,delivered,2017-08-05 14:12:12,2017-08-05 14:25:12,2017-08-07 15:47:27,2017-08-17 16:35:34,2017-08-29,62.8,14.19,1,1,76.99000000000001,3,2,5.0,1.0,1872d5abb08140a81a030bf5acaea2a0,20551,rio de janeiro,RJ,12.099560185185185,23.408194444444444,0,76.99
d0dcef5f811f8e0b4f67f1f26805a8a6,4acd2f01ec378db9eca84598a4f4ab0c,delivered,2017-08-05 14:13:02,2017-08-05 14:30:15,2017-08-07 20:34:53,2017-08-10 20:42:02,2017-08-28,39.99,12.69,1,1,52.68,2,1,5.0,1.0,b3d860b82d81105b87ac6614e00edc7d,14050,ribeirao preto,SP,5.270138888888889,22.40761574074074,0,52.68
f6daca3297f73de20d84ea604e1d68c0,223aef59b5d349b5ae42f73af48f0c8f,delivered,2017-08-05 14:23:49,2017-08-05 14:43:28,2017-08-08 13:35:54,2017-08-14 18:24:50,2017-09-01,56.99,15.15,1,1,72.14,5,1,4.0,1.0,17b929451040c8dd686aa13126abb3ac,39402,montes claros,MG,9.167372685185185,26.400127314814814,0,72.14
32335927ea896fd9993fa6f6715e1605,66caeea4892e42446bc4b464f108a5a9,delivered,2017-08-05 14:26:04,2017-08-05 14:43:27,2017-08-07 20:17:41,2017-08-21 14:32:38,2017-09-11,159.0,36.43,1,1,195.43,10,1,5.0,1.0,b1322edbb6999addcb0e853a7aaf5bda,65300,santa ines,MA,16.004560185185184,36.39856481481481,0,195.43
2355c3ba8f870f103fa43351ffc1a905,0d15ed47c04aa30a0a5911c8ac2290da,delivered,2017-08-05 14:35:35,2017-08-08 03:50:40,2017-08-11 10:05:20,2017-08-22 16:45:42,2017-08-30,159.9,18.37,1,1,178.27,1,1,5.0,1.0,929b8bad532f969fc414b7831ff3360d,95580,tres cachoeiras,RS,17.090358796296297,24.391956018518517,0,178.27
76a1ee4ee17ea3b77f3c483c0a73e9c1,e54533a3ffc29ddafdcfa45434b9b218,delivered,2017-08-05 14:39:14,2017-08-05 14:55:13,2017-08-07 19:12:28,2017-08-23 16:24:07,2017-09-06,45.0,34.15,1,1,79.15,3,1,3.0,1.0,0adb4a6277959c538f115b485f2b0495,58032,joao pessoa,PB,18.07283564814815,31.389421296296295,0,79.15
99bd1b701f5689d68265a47f0b793d20,178706e9cab0f7d13bb90fbf946269c5,delivered,2017-08-05 14:52:23,2017-08-05 15:05:13,2017-08-09 16:51:18,2017-08-10 14:23:08,2017-08-21,23.9,9.34,1,1,33.24,2,1,5.0,1.0,07f61caa1c9e850c14e94854cec87545,9686,sao bernardo do campo,SP,4.9796875,15.380289351851852,0,33.239999999999995
99ad3ef53ed8bbe225a2bdc5b92f4ea9,7f3ec00f79a98875d304ceef5d2cbd4f,delivered,2017-08-05 14:52:24,2017-08-05 15:05:12,2017-08-07 13:33:34,2017-08-10 17:49:56,2017-08-22,56.9,9.27,1,1,66.17,2,1,5.0,1.0,07f61caa1c9e850c14e94854cec87545,9686,sao bernardo do campo,SP,5.123287037037037,16.380277777777778,0,66.17
fb6255a1918bd0e1307df9f810b3bfc1,61a7fa743482f53e8660c22c80b720dd,delivered,2017-08-05 14:54:07,2017-08-05 15:10:12,2017-08-09 20:07:44,2017-08-16 22:10:08,2017-09-05,59.9,17.67,1,1,77.57,3,1,4.0,1.0,f58d91eb07ca65178e04b1887adc8c17,33400,lagoa santa,MG,11.302789351851851,30.37908564814815,0,77.57
5a4ae77af140c48f0cd65b631bdcb342,92af42b44706727c163d09e7b0d8a76c,delivered,2017-08-05 14:55:19,2017-08-05 15:10:13,2017-08-07 19:51:51,2017-08-24 19:36:46,2017-09-12,65.0,42.48,1,1,107.48,10,1,4.0,1.0,35ecdf6858edc6427223b64804cf028e,65075,sao luis,MA,19.195451388888888,37.378252314814816,0,107.47999999999999
bcb0343717a9e0265e156e34c25c3dc0,40272bfc2f46fc530bb6eb75977b5a07,delivered,2017-08-05 14:55:19,2017-08-05 15:10:14,2017-08-09 18:03:22,2017-08-11 17:57:50,2017-09-14,63.980000000000004,47.56,2,1,111.54,10,1,4.5,2.0,35ecdf6858edc6427223b64804cf028e,65075,sao luis,MA,6.126747685185185,39.378252314814816,0,111.54
42438eb68c55de2ecd158307119790c1,f0962138bed00ecfe37d99b2502ac289,delivered,2017-08-05 14:55:40,2017-08-05 15:10:15,2017-08-07 21:22:44,2017-08-14 12:22:57,2017-08-31,84.99,14.34,1,1,99.33,4,1,5.0,1.0,c0db9d178b216ab153fcf56d6382f735,71908,brasilia,DF,8.89394675925926,25.378009259259258,0,99.33
be46df5b75c8aa56a4c1ac18cf4429ba,081121580a6ccd011a4668d3648a46fc,delivered,2017-08-05 15:18:41,2017-08-05 15:30:22,2017-08-09 20:41:48,2017-08-21 08:42:32,2017-08-29,249.0,16.49,1,1,265.49,8,1,5.0,1.0,4f2029f4e7aea8455f5c1cb9de0b7ccd,35240,conselheiro pena,MG,15.724895833333333,23.36202546296296,0,265.49
76174e4ebbe4b654f039d34d6e3d8a81,8c5d8ac145099d539f1019827052a582,delivered,2017-08-05 15:19:50,2017-08-05 15:30:27,2017-08-08 18:12:50,2017-08-24 21:47:38,2017-09-11,169.9,17.63,1,1,187.53,9,1,4.0,1.0,43294442ac7ceaf7baaa4e0a7c63647b,45055,vitoria da conquista,BA,19.269305555555555,36.36122685185185,0,187.53
e1d7029dd87b15c8d1a60ad6aabc39ce,9676d1463343021fe194d0588c06ccda,delivered,2017-08-05 15:22:30,2017-08-05 15:35:37,2017-08-07 21:10:03,2017-08-12 16:04:44,2017-08-29,110.0,25.61,1,1,135.61,1,1,5.0,1.0,29dba1a6f462d3cb07f7e5ab9da3ba03,37022,varginha,MG,7.029328703703704,23.359375,0,135.61
f13d3d8076b01ae10a38dc2b57e9f17b,de1fb762971b0f856211554c3d21d05f,delivered,2017-08-05 15:48:48,2017-08-05 16:03:16,2017-08-07 17:47:34,2017-08-11 19:15:34,2017-08-29,89.9,15.38,1,1,105.28,1,1,5.0,1.0,4f1af1d1058a993e028f7d0851bdee56,95185,carlos barbosa,RS,6.143587962962963,23.34111111111111,0,105.28
33450e29053faedc2dd9b103e54b55fb,85ed38c1ada9c5fec7b999eebb4ac1a5,delivered,2017-08-05 15:53:01,2017-08-05 16:10:10,2017-08-07 23:54:52,2017-08-14 19:07:54,2017-08-29,128.0,18.15,1,1,146.15,1,1,5.0,1.0,dda1078b0a2275618f8d197ee18c2273,24348,niteroi,RJ,9.135335648148148,23.33818287037037,0,146.15
b8465ebdeb16d7b97b28e61f894afb70,bffe5bfdbcc58094a73dceb79f963d3c,delivered,2017-08-05 16:00:18,2017-08-05 16:10:15,2017-08-08 18:07:02,2017-08-17 19:17:46,2017-08-31,76.99,15.29,1,1,92.28,4,1,5.0,1.0,792a06e921dfe3121185a0b4c1b07de1,95650,igrejinha,RS,12.13712962962963,25.333125,0,92.28
d839772496ba5c5962003617c00e695d,3d4eb31e720c78778a64969509c762cd,delivered,2017-08-05 16:01:06,2017-08-05 16:15:14,2017-08-07 15:37:31,2017-08-14 19:07:54,2017-08-29,59.9,16.18,1,1,76.08,7,1,5.0,1.0,3df9954af30f2ad5c79f59eefe492bb2,84600,uniao da vitoria,PR,9.129722222222222,23.332569444444445,0,76.08
a46a206fc9bc06abda01c55cfc97117d,7535f5e603e1ad9a0c0bbc321caf1994,delivered,2017-08-05 16:05:04,2017-08-05 16:24:30,2017-08-07 20:21:44,2017-08-09 21:03:08,2017-08-29,188.0,16.07,1,1,204.07,2,1,5.0,1.0,aff0af82ca33e928047b5bc81c3cd1d9,18273,tatui,SP,4.206990740740741,23.329814814814814,0,204.07
546b9703cec4a0b57e4573d7ded4ae12,2b1aeba2eecc28cc25ea11c0fb348706,delivered,2017-08-05 16:44:46,2017-08-05 17:20:12,2017-08-07 20:26:33,2017-08-15 18:53:01,2017-08-29,99.9,17.95,1,1,117.85,2,1,5.0,1.0,2849e49e72da42e35150234ef5a9d2cc,20735,rio de janeiro,RJ,10.0890625,23.302245370370372,0,117.85000000000001
fdf9e48108cf744c38b7e25e1801e6c6,868c2c47163497b50be2e28d3ea04787,delivered,2017-08-05 16:48:23,2017-08-05 17:04:11,2017-08-07 18:27:41,2017-08-21 21:29:57,2017-08-29,799.0,20.35,1,1,819.35,10,1,5.0,1.0,1ae1a1d8cf3036555b2cb2a97fa1ff07,22723,rio de janeiro,RJ,16.19553240740741,23.299733796296298,0,819.35
e81f9367113fbd126f1b01da8b50f0f3,f102a085bf4cd6f830b46066fb3f5e30,delivered,2017-08-05 16:48:31,2017-08-05 17:04:08,2017-08-08 20:03:28,2017-08-22 21:36:04,2017-08-31,98.0,31.58,2,1,129.58,1,1,5.0,1.0,9ba0ed517a40245214c6e2c061209b87,31950,belo horizonte,MG,17.1996875,25.299641203703704,0,129.57999999999998
197206acc133317e6322eaab5f8e6937,322a4545615d86184e5fc82a9f03486c,delivered,2017-08-05 16:50:38,2017-08-05 17:04:09,2017-08-07 20:39:30,2017-08-20 14:07:53,2017-09-11,66.9,28.87,1,1,95.77,9,1,5.0,1.0,e9301a032e5cd5ec4e18fc957b764e19,52091,recife,PE,14.886979166666666,36.298171296296296,0,95.77000000000001
b6bc19f6d8e96c942441bf9f4d155c1a,c7c5b46bed1f822b95dd5c188664e345,delivered,2017-08-05 16:53:32,2017-08-05 17:05:11,2017-08-07 17:35:57,2017-08-21 18:40:35,2017-08-31,59.9,15.17,1,1,75.07,7,1,5.0,1.0,14f4ae28fc0e2d071f707dbe6daaf0e3,28070,campos dos goytacazes,RJ,16.07434027777778,25.296157407407406,0,75.07
c9ef97d2854afe64a3b4488bc2836af6,0a29abf475fb8039d2775913d6f0b6f0,delivered,2017-08-05 16:59:05,2017-08-08 04:25:34,2017-08-10 16:40:11,2017-08-14 18:13:03,2017-09-06,117.8,35.95,2,1,153.75,1,1,5.0,1.0,840f10bde3c94907105e032d9c2fec3b,75903,rio verde,GO,9.05136574074074,31.29230324074074,0,153.75
6ab6cbb9cdca38f755b319eac5846cca,736bd801b86c04f6b4444612b85aa752,delivered,2017-08-05 17:06:17,2017-08-06 17:10:18,2017-08-15 16:56:38,2017-08-16 20:32:33,2017-08-24,379.88,51.68,2,1,431.56,10,1,3.0,1.0,deaf43df587c0c73beb03ce9b565a4d5,9625,sao bernardo do campo,SP,11.14324074074074,18.28730324074074,0,431.56
5939a276152174ff719ee375114e0775,ec03e43a7a5f7a6774a43ace6ca4f366,delivered,2017-08-05 17:11:39,2017-08-05 17:25:06,2017-08-10 14:52:13,2017-08-21 19:06:26,2017-08-29,84.9,16.35,1,1,101.25,1,2,5.0,1.0,b32e3858b01c247dba6e4cdd8fea1182,22795,rio de janeiro,RJ,16.079710648148147,23.28357638888889,0,101.25
e8d3219c027c07fb152bc267d5e437fc,f807cf5d02737d83f12479118e536f80,delivered,2017-08-05 17:32:15,2017-08-05 17:45:09,2017-08-25 13:15:17,2017-09-01 17:53:43,2017-09-06,424.0,104.41,1,1,528.41,10,1,1.0,1.0,c49830cd732881587723077dd4b1381b,5724,sao paulo,SP,27.014907407407406,31.269270833333334,0,528.41
8a3d5a19acc2106e0567b04a904c8726,faa4dc1c729a9a87aee1a095825fb209,delivered,2017-08-05 17:41:52,2017-08-05 17:55:17,2017-08-07 20:33:01,2017-08-17 17:12:01,2017-09-06,59.99,16.86,1,1,76.85,2,1,5.0,1.0,c64dcfa2676cb6f52fe2118f47945d79,48110,catu,BA,11.979270833333333,31.262592592592593,0,76.85
e99d985e66dc0f62859946b86b5beaff,6124c09496fb12b9864ce0fa6673e6b2,delivered,2017-08-05 17:45:04,2017-08-05 18:03:28,2017-08-08 12:18:56,2017-08-09 19:28:11,2017-08-18,38.0,9.34,1,1,47.34,2,1,4.0,1.0,afe72600b2dc9fba539d82b5cb7b2544,11707,praia grande,SP,4.071608796296296,12.26037037037037,0,47.34
073f64b0ac2c4ba51efd4327faca2d39,cf59457e10b5553577503d3039b1ad7f,delivered,2017-08-05 17:47:16,2017-08-05 18:03:29,2017-08-07 17:52:01,2017-08-16 19:45:42,2017-08-29,139.9,16.74,1,1,156.64,10,1,4.0,1.0,16a909e83380bb2ae4676ca69ac30886,96418,bage,RS,11.082245370370371,23.258842592592593,0,156.64000000000001
8e76f4ac6aee1d6013e40279de68a7cf,e085989aa21e36b90469d6940aefe23c,delivered,2017-08-05 17:52:44,2017-08-05 18:10:09,2017-08-07 17:39:03,2017-08-15 19:59:48,2017-08-31,80.36,30.2,2,1,110.56,10,1,4.0,1.0,06c211500493e0aa2c584346c15a1d81,95770,feliz,RS,10.08824074074074,25.255046296296296,0,110.56
7f3709520054ab89300a657a5f480939,0914b60c8996bf572f981782bd422b5d,delivered,2017-08-05 17:55:47,2017-08-05 18:10:11,2017-08-07 18:55:58,2017-08-09 14:48:22,2017-08-25,149.9,16.68,1,1,166.58,1,1,4.0,1.0,cbc88cf4fa11399adeded875fd9af851,5013,sao paulo,SP,3.869849537037037,19.25292824074074,0,166.58
eb1d0d94d6bc790ec20faa649d68f58e,1d528c027a4a347f6514ece9affa4cc3,delivered,2017-08-05 18:13:21,2017-08-08 03:55:47,2017-08-14 15:46:52,2017-08-17 17:05:57,2017-08-25,31.9,12.48,1,1,44.38,1,1,5.0,1.0,c3de6917f167c8f375e644357fedea1b,37855,sao pedro da uniao,MG,11.953194444444444,19.240729166666668,0,44.379999999999995
31e919190f59dd6dde547000ab20a612,f6e64070970103cd567436eb89a2ea55,delivered,2017-08-05 18:24:31,2017-08-06 06:43:35,2017-08-08 18:07:02,2017-08-23 18:53:45,2017-09-11,69.98,51.26,2,1,121.24,1,1,5.0,1.0,1828417f59821953b154b31e45a02a38,63011,juazeiro do norte,CE,18.020300925925927,36.23297453703704,0,121.24000000000001
97fe6393705790dc4895bc1e7da3b3ec,79eb6e225eed1659407f6eece333a60f,delivered,2017-08-05 18:24:49,2017-08-05 18:43:31,2017-08-07 17:52:02,2017-08-23 01:42:02,2017-08-30,69.9,15.25,1,1,85.15,1,1,2.0,1.0,3acb947be47a2d786eb727119b10c354,22795,rio de janeiro,RJ,17.303622685185186,24.232766203703704,0,85.15
5ca9ca0cbc0ad4efc5f2d26283139d03,846315713f7cf92c71ff7b96b77a4196,delivered,2017-08-05 18:32:11,2017-08-05 18:43:28,2017-08-08 20:18:26,2017-08-14 18:15:44,2017-09-08,75.0,15.28,1,1,90.28,9,1,5.0,1.0,aa5645f6c982db724fb7581d89f0ed5a,95330,veranopolis,RS,8.98857638888889,33.22765046296296,0,90.28
a767765cf25c6fcfd8307499da9205d2,8634716353031b0f8a834143916f9004,delivered,2017-08-05 18:36:12,2017-08-05 18:50:18,2017-08-08 20:49:46,2017-08-15 12:15:27,2017-08-30,39.0,14.1,1,1,53.1,2,1,4.0,1.0,5451e457f0e33f281ff9214c06691cb4,5415,sao paulo,SP,9.735590277777778,24.22486111111111,0,53.1
2a793a414091e9c1721f07d59a3b7c39,68551474e6c22db5ce39bb7a37a4157e,delivered,2017-08-05 18:37:13,2017-08-05 18:50:19,2017-08-09 13:58:31,2017-08-17 18:21:24,2017-08-29,59.9,12.55,1,1,72.45,3,1,4.0,1.0,f322165e01e9fa18f47160e66645ebfd,85910,toledo,PR,11.989016203703704,23.224155092592593,0,72.45
6e5c31c66b865277bb6bdb23c7872c9e,5fa1b89cae3baa0acf6ae160651b7876,delivered,2017-08-05 18:39:15,2017-08-05 18:55:11,2017-08-07 23:54:51,2017-08-30 22:45:33,2017-09-11,97.0,43.16,1,1,140.16,4,1,5.0,1.0,2df613e4e741e4bce91c2a61b4b67c41,59200,santa cruz,RN,25.171041666666667,36.222743055555554,0,140.16
c5f2fc1736e716e61d88a8b5b6425603,78b3ea1b4db59453eb9231249c2f0d67,delivered,2017-08-05 18:41:44,2017-08-05 19:20:05,2017-08-07 23:54:29,2017-08-14 17:33:36,2017-08-31,128.0,18.15,1,1,146.15,4,1,5.0,1.0,2a3db31230ad9d133b382aff019cf148,90040,porto alegre,RS,8.952685185185185,25.22101851851852,0,146.15
75b243673e2423675b74c7f34610610c,e0f8bbade1196eb02fdb6a80bc19525a,delivered,2017-08-05 18:56:35,2017-08-05 19:05:14,2017-08-07 16:06:22,2017-08-08 14:20:09,2017-08-18,68.89,8.72,1,1,77.61,1,1,5.0,1.0,e1ae22e44195287c521e969919915e4d,11055,santos,SP,2.8080324074074072,12.210706018518518,0,77.61
a92b5b0bf2a617da3f9c3b28486798a8,e5a35f7c416393965fd0e38682df1697,delivered,2017-08-05 19:14:48,2017-08-08 04:04:27,2017-08-08 18:25:39,2017-08-11 16:50:12,2017-09-04,52.1,32.21,2,1,84.31,1,1,5.0,1.0,9ab6bf6526a2012673c221eab415e362,75920,santa helena de goias,GO,5.899583333333333,29.198055555555555,0,84.31
515bc93518f13397922a59117cc11434,de5127e844f7bc6e9593315e778d7da1,delivered,2017-08-05 19:15:02,2017-08-06 19:25:14,2017-08-07 18:19:42,2017-08-11 20:44:20,2017-08-25,73.35,12.85,1,1,86.2,3,1,5.0,1.0,b868689dabda36770f6ef2b8c39bf8a6,2220,sao paulo,SP,6.062013888888889,19.19789351851852,0,86.19999999999999
72144791fc7fd8048eafc90d7f82ba54,229c98245e2b6995b67be1e1921e62d1,delivered,2017-08-05 19:30:41,2017-08-05 20:05:53,2017-08-08 22:27:46,2017-08-16 17:04:55,2017-08-29,12.88,15.1,1,1,27.98,2,1,5.0,1.0,cab49f72708b32dab386b38320f5b31b,28083,campos dos goytacazes,RJ,10.898773148148148,23.187025462962964,0,27.98
809866afc43dd3f06fc471f5eebe53e6,f72fbb835edf6b8939d099b436e89f49,delivered,2017-08-05 19:34:53,2017-08-05 19:50:11,2017-08-11 21:14:28,2017-08-16 21:05:56,2017-08-31,69.9,17.06,1,1,86.96000000000001,1,2,5.0,1.0,e57089718d0b26bac3845c8e2a949da7,6194,osasco,SP,11.063229166666666,25.184108796296297,0,86.96000000000001
cd2c7e05ab02cbe86aeeeb18648be1a7,83bffadc810994dd6d4c926394759a70,delivered,2017-08-05 19:41:47,2017-08-05 19:55:11,2017-08-07 20:44:54,2017-08-23 21:34:23,2017-09-12,54.0,47.82,1,1,101.82,3,1,5.0,1.0,b4007c838c38999f2bec55c53ddc975b,65274,nova olinda do maranhao,MA,18.078194444444446,37.17931712962963,0,101.82
cab587eb398be7856799cbd4f9f57b28,07f51f870d88165a02b1f3a9946cd1b4,delivered,2017-08-05 19:43:56,2017-08-08 03:55:24,2017-08-09 19:37:59,2017-08-21 21:45:00,2017-09-04,31.9,16.79,1,1,48.69,1,1,5.0,1.0,4793effe83c817a1cb4491e94a0e401d,89560,videira,SC,16.084074074074074,29.177824074074074,0,48.69
dd6a1b472e35baa63f56890e96f5ae0a,e223fcf0283b5860d6ddb1d6a6a58d80,delivered,2017-08-05 19:55:05,2017-08-05 20:05:59,2017-08-09 15:11:29,2017-08-21 19:45:57,2017-08-31,109.9,15.52,1,1,125.42,3,1,5.0,1.0,36b84fe3ccce72dce0d08b9388fdc6e6,72318,brasilia,DF,15.993657407407408,25.17008101851852,0,125.42
cf4cf05c524fb96eeedceab1be8bf4ad,0fa8638e84cf1aaf8b3242a2e81d8524,delivered,2017-08-05 20:11:35,2017-08-05 20:25:15,2017-08-08 13:35:54,2017-08-09 20:42:26,2017-08-23,56.99,8.72,1,1,65.71,1,1,5.0,1.0,252dce9656e60e54afc24a4a5722d66a,5186,sao paulo,SP,4.0214236111111115,17.158622685185186,0,65.71000000000001
4de1d6ff6036a6aec2cedb92da5f8241,14923ddd6c9bda9ff1a4b2d3ae13bfcc,delivered,2017-08-05 20:20:46,2017-08-05 22:37:23,2017-08-07 15:17:47,2017-08-23 21:52:04,2017-09-04,139.99,45.06,1,1,185.05,10,1,5.0,1.0,ba5cc2b7dc5360c3bb6d3ea699d071cb,47802,barreiras,BA,18.063402777777778,29.15224537037037,0,185.05
0b29af0ace8656af84d2a20b635e697b,b583ca6364f9ea2135c2dd9d3a3d1f1d,delivered,2017-08-05 20:27:54,2017-08-05 21:23:31,2017-08-07 22:23:45,2017-08-22 20:07:45,2017-09-06,99.9,36.02,1,1,135.92,4,1,5.0,1.0,5e24610c5a55f0b6ffdaf9e846d02362,75054,anapolis,GO,16.986006944444444,31.147291666666668,0,135.92000000000002
8d0e3776d347eaa9972bc7d4d37eafe9,932dc3b0da4e1489a9f2c57b2b1741be,delivered,2017-08-05 20:30:38,2017-08-05 21:03:31,2017-08-08 19:49:41,2017-08-10 21:07:19,2017-08-18,109.9,34.93,1,1,144.83,2,1,3.0,1.0,87a67f4c4b54d137da86878699560df2,13456,santa barbara d'oeste,SP,5.025474537037037,12.14539351851852,0,144.83
7dccc310577a4bbf99e57f1ae7ac587b,1054024bd1fa65debe204930503ed5a2,delivered,2017-08-05 20:56:20,2017-08-05 21:23:36,2017-08-07 20:49:54,2017-08-15 19:46:30,2017-08-30,139.99,21.47,1,1,161.46,6,1,4.0,1.0,b389188f45e7a61bea039b690dff2244,35112,frei inocencio,MG,9.95150462962963,24.127546296296295,0,161.46
7ca8c6011b3587c9b445d53f3f9adb7a,968ce67a6406f9ce7d36c002b9a018f4,delivered,2017-08-05 20:56:21,2017-08-08 04:40:19,2017-08-10 14:42:16,2017-08-21 23:06:47,2017-08-31,56.99,17.65,1,1,74.64,1,1,4.0,1.0,9b35de471677095813ac9de9f09db232,96010,pelotas,RS,16.090578703703702,25.127534722222222,0,74.64
1470619b8b354e627045227e5509d6b7,393d13b528d6ac270b1cff9aae09721e,delivered,2017-08-05 21:39:56,2017-08-05 21:55:08,2017-08-08 22:49:40,2017-08-14 20:22:37,2017-09-01,59.9,13.44,1,1,73.34,7,1,5.0,1.0,84422bb9e08bcdd0391487f5d7fab64b,11704,praia grande,SP,8.94630787037037,26.09726851851852,0,73.34
a880b806f0a6467ea8044335fc629ff9,c1d5e6bc6c7bd0a017a08818dcde3295,delivered,2017-08-05 21:43:29,2017-08-05 22:20:10,2017-08-08 12:56:42,2017-08-12 15:03:30,2017-08-25,399.9,14.3,1,1,414.2,3,1,4.0,1.0,598505c01dee5f750170e9fdfeaf1972,6528,santana de parnaiba,SP,6.722233796296297,19.09480324074074,0,414.2
115b0af09e238258e470c0ca6350fb3b,1289201b73b7e479785043d9b402febf,delivered,2017-08-05 21:44:48,2017-08-06 21:55:23,2017-08-07 21:38:43,2017-08-22 19:56:48,2017-09-13,129.9,37.08,1,1,166.98,4,1,4.0,1.0,a6526803f9f8b43bc69842e99cadc914,64056,teresina,PI,16.925,38.09388888888889,0,166.98000000000002
175ba47aad2d017d2495c66b763a7df6,890f8c3559b1bf4248a9adc64369228d,delivered,2017-08-05 22:15:00,2017-08-05 22:43:24,2017-08-07 19:21:50,2017-08-14 17:50:15,2017-08-29,99.8,30.2,2,1,130.0,3,1,5.0,1.0,02f075dab3fb75daf0df033125b9f97c,36570,vicosa,MG,8.816145833333334,23.072916666666668,0,130.0
0f344e8ea4fe9078a8183936e5407113,0207ca7dd6d2be6e08d8467651759bdd,delivered,2017-08-05 22:25:06,2017-08-05 22:35:22,2017-08-07 19:49:36,2017-08-25 20:26:35,2017-09-11,121.8,35.42,2,1,157.22,6,1,5.0,1.0,26fe58cca8d12c853839d4e777a1844b,51111,recife,PE,19.917696759259258,36.06590277777778,0,157.22
13fbafaef2c5ecd471faa4a85d382ebc,61f36679d219b1c61d8ccf20ad0cb547,delivered,2017-08-05 22:30:35,2017-08-05 22:45:11,2017-08-08 00:27:35,2017-08-16 20:12:46,2017-08-29,62.34,15.19,1,1,77.53,2,1,4.0,1.0,f6bbb6c409185f4c1c9d6be4857f16ac,84061,ponta grossa,PR,10.904293981481482,23.062094907407406,0,77.53
3186e75cf9e4a13149e5729f23cebf06,4255814e8b080bbf487d6e0f837092e4,delivered,2017-08-05 22:46:17,2017-08-05 23:03:45,2017-08-07 18:43:57,2017-08-24 15:40:13,2017-09-11,149.0,29.44,1,1,178.44,5,1,1.0,1.0,02682c9a04df6a3e140e2e7eb78fa693,63700,crateus,CE,18.70412037037037,36.05119212962963,0,178.44
11213bccfe63e0bbbd624aaed30f199d,a76399fd355e46b6b04d71fa2e63eb4d,delivered,2017-08-05 23:11:10,2017-08-08 04:15:38,2017-08-10 13:08:11,2017-08-25 20:47:33,2017-08-29,59.9,16.18,1,1,76.08,1,1,5.0,1.0,89367b100e66582c1cb224ebde4727da,95330,veranopolis,RS,19.900266203703705,23.033912037037037,0,76.08
a8442d4b8abaaad3eacc3338c9ff08cc,aa2df251bcd1c88412808a9c322aa857,delivered,2017-08-05 23:23:01,2017-08-05 23:35:19,2017-08-07 19:45:27,2017-08-12 14:42:23,2017-08-25,149.9,14.07,1,1,163.97,3,1,5.0,1.0,8743a15c464413d6bf3d3f2284e9ce87,7182,guarulhos,SP,6.6384490740740745,19.02568287037037,0,163.97
cef5e3ca97aed8bc63fe5f55a26633a6,9725311a745485cdbc57eb469008bab3,delivered,2017-08-06 00:19:53,2017-08-06 00:33:20,2017-08-09 20:07:43,2017-08-23 21:22:31,2017-09-12,59.9,17.67,1,1,77.57,2,1,5.0,1.0,cfbe854c0eacc830d42e2a70595fee02,74917,aparecida de goiania,GO,17.876828703703705,36.98619212962963,0,77.57
00119ff934e539cf26f92b9ef0cdfed8,7dd2e283f47deac853cf70f3b63c8d86,delivered,2017-08-06 00:42:49,2017-08-07 00:35:12,2017-08-07 21:12:34,2017-08-16 17:29:59,2017-08-31,219.9,16.98,1,1,236.88,6,1,5.0,1.0,13df7b623839b4edc579ee40279d57c8,26263,nova iguacu,RJ,10.699421296296297,24.970266203703705,0,236.88
8a07b35d95d1b115d6a09d0e58a95feb,2b40c614f845a0ff9b821036f5371d27,delivered,2017-08-06 00:57:43,2017-08-06 01:10:11,2017-08-07 12:50:10,2017-08-28 12:31:59,2017-08-29,89.9,15.39,1,1,105.29,1,1,3.0,1.0,ec58906af5e6e0c82408136a61d23624,20940,rio de janeiro,RJ,22.48212962962963,22.959918981481483,0,105.29
4753729129b1fb01e144eede1831edb1,d335fb5b83260747ca49f8d159009e09,delivered,2017-08-06 00:57:46,2017-08-08 04:05:36,2017-08-08 18:32:20,2017-08-17 20:39:59,2017-09-06,16.9,25.63,1,1,42.53,1,1,1.0,1.0,186c51a6532c2c00f99b40480067e725,25730,petropolis,RJ,11.820983796296296,30.95988425925926,0,42.53
ed514599a6591d1a2df80bef99bbbf59,fb143fc86711d3d2c0fa08d408c78a74,delivered,2017-08-06 01:10:13,2017-08-06 01:43:13,2017-08-07 16:03:59,2017-08-22 18:27:56,2017-08-29,119.9,14.57,1,1,134.47,1,1,5.0,1.0,a1e192feebf4226b9482a3d73371e9a6,27525,resende,RJ,16.720636574074074,22.951238425925926,0,134.47
96afce615acfe22de83ca7f0ddcc27c4,dc04bfb55313bb15d71cc9c26f7cf6d2,delivered,2017-08-06 01:43:21,2017-08-06 01:55:07,2017-08-07 20:44:55,2017-08-14 19:16:05,2017-08-29,295.0,22.56,1,1,317.56,10,1,5.0,1.0,49ffdb999b79de5bd25ea0d95f523ab8,24220,niteroi,RJ,8.731064814814815,22.928229166666668,0,317.56
8d74231228bdbc2e89fc0125abfc1c87,7fbd8c5e77db87df8cac3b514a39b16b,delivered,2017-08-06 03:21:58,2017-08-06 04:20:07,2017-08-07 13:27:53,2017-08-10 22:08:41,2017-08-29,239.0,17.43,1,1,256.43,10,1,3.0,1.0,21a2d9dc71459dbd3dad219cb9681964,38411,uberlandia,MG,4.782442129629629,22.85974537037037,0,256.43
7157fd8b253bcba337ae46c9f0e10476,c1622509d879cc1ff9c0e10c340a3fcc,delivered,2017-08-06 08:22:12,2017-08-06 08:35:17,2017-08-08 17:02:42,2017-08-14 20:11:57,2017-08-29,143.8,23.33,1,1,167.13,5,1,5.0,1.0,f19da7cc5b4dfade49a32ad1935a73db,24330,niteroi,RJ,8.492881944444445,22.65125,0,167.13
6afee35d4619c0d99cbf16d1e4e461eb,3ebb2313b3dc80faf4ed6d711ab7f53c,delivered,2017-08-06 08:49:24,2017-08-06 09:03:14,2017-08-07 14:27:35,2017-08-29 21:33:59,2017-08-29,149.9,21.89,1,1,171.79,3,1,5.0,1.0,ac987d464574ee0f743f9b630f937a27,52051,recife,PE,23.53096064814815,22.632361111111113,1,171.79000000000002
8dacfc5954004dce6e6ab017ca65c5e0,80fea01f7df39bd74716fec615b69f97,delivered,2017-08-06 09:19:04,2017-08-06 09:30:15,2017-08-07 20:18:41,2017-08-18 18:43:08,2017-08-29,84.9,14.32,1,1,99.22,4,1,5.0,1.0,42273d26a8bcc297e6b5c3e18d35949e,13144,paulinia,SP,12.391712962962963,22.61175925925926,0,99.22
08ad3a94339e1bddb2167b3c51faa4ac,8dc19ab48e501be6368547d40ab20b50,delivered,2017-08-06 09:42:09,2017-08-06 09:55:15,2017-08-08 14:12:06,2017-08-15 19:48:37,2017-08-29,99.8,32.22,2,1,132.02,4,1,5.0,1.0,5643c90bcfe88c649de3f7f959b5e877,13466,americana,SP,9.421157407407408,22.59572916666667,0,132.01999999999998
126b4962a09981cf9da3c8dc0470154c,ab31ad74c93a01fd232c439ae612098e,delivered,2017-08-06 10:03:33,2017-08-06 10:23:39,2017-08-07 14:05:08,2017-08-11 21:10:10,2017-08-31,72.0,35.84,2,1,107.84,5,1,5.0,1.0,d105d31aef44b0173dbf878d2d93a6a7,12061,taubate,SP,5.462928240740741,24.580868055555555,0,107.84
91d6d5752d41b6d8cbd20d30b7750459,57480b49909e35924da64989ac4f42bf,delivered,2017-08-06 10:29:08,2017-08-06 10:43:04,2017-08-08 21:05:41,2017-08-22 18:13:14,2017-08-29,24.75,16.11,1,1,40.86,1,2,5.0,1.0,5fc3d50ea403c13924c8abd94c29e343,33200,vespasiano,MG,16.32229166666667,22.56310185185185,0,40.86
0be5e6659fb39043971e20321fd45edb,527eaf78e1c63a381662225c831bb919,delivered,2017-08-06 10:45:21,2017-08-06 11:03:15,2017-08-07 19:25:28,2017-08-08 22:07:28,2017-08-18,29.0,7.78,1,1,36.78,3,1,5.0,1.0,f16ed8e2ddd5b798116612f2dcf3d523,5787,sao paulo,SP,2.4736921296296295,11.551840277777778,0,36.78
02b939dcd55f2b17680e10690deb08b5,2826ed4f0eb787f543924575bbe8dfdd,delivered,2017-08-06 11:16:03,2017-08-06 11:30:16,2017-08-07 20:34:53,2017-08-08 19:05:48,2017-08-21,150.0,26.16,2,1,176.16,4,1,5.0,1.0,de419df8633c2774a7c68912cb578df9,3309,sao paulo,SP,2.3262152777777776,14.530520833333334,0,176.16
5ea0a482c758f0cbbcc6b10b0962a6a9,6d9a8851bb29dbceb3e46875e0848ae8,delivered,2017-08-06 11:25:48,2017-08-06 11:35:16,2017-08-07 19:05:10,2017-08-28 18:21:25,2017-09-11,200.0,48.84,1,1,248.84,10,1,5.0,1.0,3f4b43837ce985f543e9519780d8fcfc,49945,sao francisco,SE,22.288622685185185,35.52375,0,248.84
0f8e3095c3090d9cad1011fb6368b7e3,53f6dc92ef4059ea6cd863b0f69f0923,delivered,2017-08-06 11:41:22,2017-08-06 11:55:16,2017-08-07 18:47:36,2017-08-11 19:07:56,2017-09-13,149.99,14.07,1,1,164.06,2,1,1.0,1.0,6705554fcc2578a2b76b6b1b65df2a75,3504,sao paulo,SP,5.31011574074074,37.512939814814814,0,164.06
c78a9ca51dc25c50d163f52920071378,457d1b72b0a407267ee749fb9dd36e6f,delivered,2017-08-06 11:45:26,2017-08-06 12:03:03,2017-08-07 20:49:55,2017-08-14 17:18:58,2017-08-29,38.99,14.1,1,1,53.09,2,1,4.0,1.0,76d4b39c8b588b307ded0d2952d82d3e,22710,rio de janeiro,RJ,8.23162037037037,22.51011574074074,0,53.09
34c02afbd25ed28e4e3263b52d9f661c,ef7cc029996e1f2d164764e8b7888f71,delivered,2017-08-06 11:47:04,2017-08-06 12:05:27,2017-08-07 20:18:40,2017-08-21 20:33:08,2017-09-06,85.9,38.15,1,1,124.05,4,1,5.0,1.0,d76b737681fea532d0aefcb2d04535ed,52030,recife,PE,15.365324074074074,30.50898148148148,0,124.05000000000001
c6df20907b36a49402c4665cd5a0ce8e,510bdc58eeceb86b015aeefbfafcb5f7,delivered,2017-08-06 11:48:27,2017-08-06 12:03:10,2017-08-08 21:05:42,2017-08-27 16:12:35,2017-09-11,24.9,35.67,1,1,60.57,1,1,4.0,1.0,3fc38da1985b9e820504f0ad51abc8d1,65057,sao luis,MA,21.183425925925928,35.50802083333333,0,60.57
74392b22a4cf55ce851b04ca127f6ca6,87d7093b18e14d148582079e7993445b,delivered,2017-08-06 11:51:24,2017-08-06 12:05:51,2017-08-09 14:43:20,2017-08-22 11:15:57,2017-08-29,6.0,15.1,1,1,21.1,2,1,2.0,1.0,a63a604179f2fecfdb7bc4a23ea78e37,26900,miguel pereira,RJ,15.975381944444445,22.505972222222223,0,21.1
2a08278777d9f1a73321180ce445b630,175ddd0ce13ed60d0220017aecf71f88,delivered,2017-08-06 12:19:50,2017-08-06 12:30:13,2017-08-07 16:50:33,2017-08-22 15:30:15,2017-08-29,49.9,14.1,1,1,64.0,6,1,1.5,2.0,d9d038353abdad5717e9d11c1748736d,88090,florianopolis,SC,16.132233796296298,22.486226851851853,0,64.0
a04995b6f39e30fbf244133abe9fd71c,a85638ed41e850dcc25660472cbffbb4,delivered,2017-08-06 12:19:52,2017-08-06 12:30:16,2017-08-11 19:16:04,2017-08-30 16:27:47,2017-09-11,69.9,14.24,1,1,84.14,8,1,1.0,1.0,d9d038353abdad5717e9d11c1748736d,88090,florianopolis,SC,24.17216435185185,35.4862037037037,0,84.14
b34e632947c7a44b7afd9eaee92f7dbb,9436ddafba22b7bce5b50f2a4ca57246,delivered,2017-08-06 12:21:39,2017-08-06 12:43:07,2017-08-07 18:57:44,2017-09-19 07:49:51,2017-09-13,205.0,38.57,1,1,243.57,5,1,1.0,1.0,226587d259aeca3cfe9ba63b4b4dbde9,55870,timbauba,PE,43.81125,37.484965277777775,1,243.57
eb994ff501ea0ee354f36776225f3fb5,c9802360688432c3bdd2b2b29b3514d9,delivered,2017-08-06 12:27:22,2017-08-06 13:04:21,2017-08-10 19:33:18,2017-08-18 18:10:46,2017-08-30,360.0,41.45,1,1,401.45,8,1,5.0,1.0,b7420bb66e0f749306253b477dfd55ba,21051,rio de janeiro,RJ,12.238472222222223,23.48099537037037,0,401.45
8db860eafc864afe81ba4e0d3b17b870,3407820ee0edaaeaae79637f15c49935,delivered,2017-08-06 12:40:37,2017-08-07 21:23:31,2017-08-10 16:54:03,2017-08-21 22:22:08,2017-09-11,15.99,17.63,1,1,33.62,3,1,5.0,1.0,522654fdf1339e505c72c9e5eabac295,60743,fortaleza,CE,15.403831018518519,35.47179398148148,0,33.62
ac3b973c9266d0035615e92f77c87420,e7a4a490b45ad3e43a293f04a5bd6910,delivered,2017-08-06 12:51:07,2017-08-06 13:23:36,2017-08-09 20:07:42,2017-08-14 19:29:58,2017-09-01,59.9,13.44,1,1,73.34,2,1,3.0,1.0,c6e5667e989cd6d3d1e8f2ab84127978,6774,taboao da serra,SP,8.276979166666667,25.464502314814816,0,73.34
eaa4712e8612ed4b8989c08e09fee1f7,e1eb93f77c516900843a8b7827abe866,delivered,2017-08-06 12:59:21,2017-08-06 13:40:09,2017-08-08 18:42:50,2017-08-17 16:19:41,2017-08-29,99.8,32.22,2,1,132.02,1,1,3.0,1.0,fc1d4511ccd19505c9910e95cd5aae33,24120,niteroi,RJ,11.139120370370371,22.458784722222223,0,132.01999999999998
b203645fd73939945cecc062dcb496da,c065db66ef891186296d224da746f89a,delivered,2017-08-06 12:59:32,2017-08-06 13:15:10,2017-08-08 19:04:49,2017-08-18 21:13:12,2017-08-29,24.9,15.1,1,1,40.0,2,1,5.0,1.0,69afaf79c9daadbcc7ddc64366cb2801,36400,conselheiro lafaiete,MG,12.342824074074073,22.458657407407408,0,40.0
406de5462666366ba69ee8d333eafc31,d023c6e72db6feaa3fe07734d7fdd17d,delivered,2017-08-06 13:09:40,2017-08-06 13:25:19,2017-08-07 13:24:44,2017-08-11 19:43:49,2017-08-29,899.0,132.15,1,1,1031.15,10,1,5.0,1.0,d4905d4ebbdae57e9c242c7ab2c57cc5,90430,porto alegre,RS,5.273715277777778,22.45162037037037,0,1031.15
3d6c7984f741db86885c11fb6f8ef329,191645119367588923a2fdb37a2b919e,delivered,2017-08-06 13:32:42,2017-08-06 13:43:27,2017-08-07 18:18:31,2017-08-09 16:00:57,2017-08-25,77.97,38.07,3,1,116.04,1,1,5.0,1.0,0cf1a42d3cb695e862d8d1ceafe5f73b,4195,sao paulo,SP,3.102951388888889,18.435625,0,116.03999999999999
98bffcaf0aacc0569cbe1fbfc94a9639,7c6e199246ed624a0fe923028144eea8,delivered,2017-08-06 13:35:27,2017-08-08 04:04:08,2017-08-09 17:15:37,2017-08-29 19:39:08,2017-08-31,159.9,15.87,1,1,175.77,1,1,2.0,1.0,0707757dcd8c22ace18aec1fe28f97dd,71710,brasilia,DF,23.25255787037037,24.43371527777778,0,175.77
5f95f5f78f509a3af5a6c83d81c1117f,58d54b1ff5f21bb5fe6928646949ff4c,delivered,2017-08-06 13:38:15,2017-08-08 04:40:20,2017-08-14 12:47:34,2017-08-23 20:18:04,2017-08-30,52.8,15.12,1,1,67.92,1,1,3.0,1.0,8adff52976579b096284ce43e65d6160,25040,duque de caxias,RJ,17.277650462962963,23.431770833333335,0,67.92
af3ce7727ad453e9df1d3b9fb874ba3b,ffed827348cd4b083956ce2b634b763b,delivered,2017-08-06 13:46:26,2017-08-08 04:10:55,2017-08-08 22:42:09,2017-08-18 19:04:30,2017-08-31,59.9,27.8,1,1,87.7,1,1,1.0,1.0,82855248f0328943a0f172fe9748ad29,82510,curitiba,PR,12.22087962962963,24.426087962962963,0,87.7
0de1fcbcf77497b2d0223441f6f59e20,76545fad2a6367925ea7877ca21d7374,delivered,2017-08-06 13:47:45,2017-08-08 03:55:30,2017-08-08 12:28:44,2017-08-18 20:24:53,2017-08-31,119.9,17.28,1,1,137.18,1,1,5.0,1.0,44bd9d64554ed9fc1e81b29699c9d02f,27175,pirai,RJ,12.275787037037038,24.425173611111113,0,137.18
7abe199d448d327b3bb1150d2cf17ca4,68c91dbaa5922498621df16452ad4991,delivered,2017-08-06 13:59:41,2017-08-06 14:15:18,2017-08-08 16:17:40,2017-08-09 19:04:40,2017-08-18,298.0,51.78,1,1,349.78,10,1,5.0,1.0,f730ff2a618595c34b0a826768212bdf,11030,santos,SP,3.2117939814814815,11.416886574074073,0,349.78
0718c5bbf159e96715ef033576c56316,b815bc9e9f6b9713dbaa7f27c5b1bab1,delivered,2017-08-06 14:01:30,2017-08-08 04:05:48,2017-08-09 17:11:46,2017-09-19 15:02:32,2017-09-06,93.99,35.18,1,1,129.17,1,1,5.0,1.0,53defe9adcb049a5e1001f9d333e3710,40105,salvador,BA,44.04238425925926,30.415625,1,129.17
6902085f87f26d8b456a15744f9f02be,08275aa40053e112fa7e680aa99534c6,delivered,2017-08-06 14:12:45,2017-08-06 14:25:08,2017-08-07 17:03:31,2017-08-11 18:57:54,2017-08-29,223.9,18.82,1,1,242.72,4,1,5.0,1.0,747743aa5477ea1a11180b5da2e36ce7,20030,rio de janeiro,RJ,5.1980208333333335,22.4078125,0,242.72
77e08d0d687052633b1762f099173ae8,3b418265df9a0f0d68414bb2c4a44f12,delivered,2017-08-06 14:41:07,2017-08-08 03:55:28,2017-08-08 19:42:09,2017-08-15 20:05:11,2017-08-29,239.9,16.43,1,1,256.33,1,1,5.0,1.0,47559e2dc651adec4b78916b030bff94,27937,macae,RJ,9.225046296296297,22.388113425925926,0,256.33
789eec4aa6c40d54f13b10fda63ed34e,9aba3f44aa5e37e14cb9a0a4ec14a1d9,delivered,2017-08-06 15:06:19,2017-08-06 15:43:06,2017-08-16 10:14:00,2017-08-21 19:15:18,2017-09-05,42.839999999999996,52.800000000000004,3,1,95.64,6,1,3.0,1.0,e71fa25e24cb44e39327fdc301c41a50,8450,sao paulo,SP,15.172905092592593,29.370613425925924,0,95.64
337ef16882e956f8147cb7ff4af08a67,7ba520aa0e64d984c4518b4da81547a4,delivered,2017-08-06 15:15:04,2017-08-08 04:05:52,2017-08-08 18:32:29,2017-08-16 20:25:28,2017-08-29,99.99,16.95,1,1,116.94,1,1,5.0,1.0,49dc6f7059ff68d434ba7beed0ba33a9,31110,belo horizonte,MG,10.215555555555556,22.36453703703704,0,116.94
c7c3a00f3958f5ce595a95a1a98672fa,da5faf362ea5bf19120d84fa6e8cec46,delivered,2017-08-06 15:41:18,2017-08-06 15:55:17,2017-08-08 18:42:50,2017-08-11 22:10:47,2017-08-25,49.9,12.69,1,1,62.59,4,1,5.0,1.0,6560eb332e62d95b9408f77386caf194,15130,mirassol,SP,5.270474537037037,18.346319444444443,0,62.589999999999996
b5f0cef68cd2c42cf22c53f76adde01c,1712037015e4da310d94103085ab94b0,delivered,2017-08-06 15:41:41,2017-08-06 16:20:06,2017-08-08 14:58:30,2017-08-16 17:52:25,2017-08-25,179.9,12.76,1,1,192.66,8,1,5.0,1.0,80fde6f9ed1b608dcc58489df7b890c2,5211,sao paulo,SP,10.090787037037037,18.34605324074074,0,192.66
bb54cd6c0fa2df81d9e75265c0229a3c,d2897e735b30a2fcc32eb8f9cf2f9583,delivered,2017-08-06 15:44:30,2017-08-06 15:55:19,2017-08-08 20:28:08,2017-08-14 17:55:46,2017-08-31,29.0,14.1,1,1,43.1,3,1,5.0,1.0,c802549dbacb6147c57dcf1f50c65418,94110,gravatai,RS,8.091157407407408,24.34409722222222,0,43.1
d8522b11e5907c0a96797fb0b6835a92,005092c23e81812fbbe11fc6cf7e5316,delivered,2017-08-06 15:45:03,2017-08-06 15:55:19,2017-08-09 20:53:55,2017-08-23 20:27:48,2017-08-29,29.9,14.1,1,1,44.0,1,1,5.0,1.0,38827a4b81c4d81cffaec1accef6572c,8223,sao paulo,SP,17.196354166666666,22.34371527777778,0,44.0
5bf333c26f367c6992c8c4eff042bb4b,7dd42f87abf5ce34634ca3c2b87cee97,delivered,2017-08-06 15:48:08,2017-08-08 04:04:18,2017-08-10 11:55:59,2017-08-21 21:20:03,2017-09-11,50.0,17.6,1,1,67.6,1,1,5.0,1.0,cd5d9481ec88764a639dcb3b6a88b657,75503,itumbiara,GO,15.230497685185185,35.341574074074074,0,67.6
ca9a7d8232dd4979128fb7efc1666d69,4fdae31f8a602171e41215be582f60ca,delivered,2017-08-06 15:51:54,2017-08-06 16:05:47,2017-08-07 20:32:35,2017-08-21 20:07:56,2017-09-01,75.0,20.02,1,1,95.02,2,1,4.0,1.0,4488cb13bd5f660d3cb3960c0484c562,90670,porto alegre,RS,15.177800925925926,25.338958333333334,0,95.02
cbc7c4a678ef94d05ea8166eed3f320c,79906f0eef6c66263b18eae85af1573e,delivered,2017-08-06 15:51:56,2017-08-06 16:05:49,2017-08-07 18:15:04,2017-08-10 17:12:30,2017-08-29,87.99,17.87,1,1,105.86,5,1,4.0,1.0,4c2841b96231710cbfc1ce896d88dac1,37720,botelhos,MG,4.055949074074074,22.338935185185186,0,105.86
0ee38d8cb24b76282ac30b971bc020ba,1d2ac5fe3c5d435969d1c325bc7c3885,delivered,2017-08-06 16:01:31,2017-08-06 16:15:19,2017-08-07 21:24:01,2017-08-10 20:03:11,2017-08-29,149.9,17.3,1,1,167.2,10,1,2.0,1.0,ee6a2866f7155fed1d03b15ca4e234f4,81170,curitiba,PR,4.167824074074074,22.332280092592594,0,167.20000000000002
1a9b986cfe31ed59c5a6c00287db7e74,377e81546d7d92c97c710a231e747c45,delivered,2017-08-06 16:04:38,2017-08-06 16:23:39,2017-08-07 20:17:39,2017-08-15 17:14:54,2017-08-25,19.9,11.85,1,1,31.75,1,1,5.0,1.0,cd8dbe8c0f714827ca12c3cb7310d97e,18147,aracariguama,SP,9.048796296296297,18.33011574074074,0,31.75
707c0049eb07b71b44d80b989f18719c,def2c745c728ef19defd4bfc6288c99b,delivered,2017-08-06 16:15:59,2017-08-07 06:42:52,2017-08-08 19:27:59,2017-08-17 21:26:36,2017-08-29,39.9,14.1,1,1,54.0,1,1,5.0,1.0,4ebfdce4ffda44b6af1876a53ed6d66f,72503,brasilia,DF,11.21570601851852,22.322233796296295,0,54.0
1355ee2061d2b2ec16fb59836b808c96,11fb4a84b02d5be5f1bd38d80b185db1,delivered,2017-08-06 16:19:28,2017-08-06 16:30:20,2017-08-08 18:12:52,2017-08-15 22:36:31,2017-08-29,229.9,16.36,1,1,246.26,4,1,4.0,1.0,468a27d5bd094619430a55dcddc7eac4,83015,sao jose dos pinhais,PR,9.261840277777777,22.319814814814816,0,246.26
37d089b7d517ada3881ba31935310e4f,afd8a87f50245eae509882b78dfc038c,delivered,2017-08-06 16:35:54,2017-08-06 16:50:07,2017-08-07 18:07:06,2017-08-17 18:42:50,2017-08-29,99.8,14.45,1,1,114.25,3,1,5.0,1.0,6fe6e3e376430dc74ce3381053f84e61,22795,rio de janeiro,RJ,11.088148148148148,22.30840277777778,0,114.25
ebe70675ae793b444779a82a58b30e91,da49aa85426b211073305504a48cdb26,delivered,2017-08-06 16:47:20,2017-08-08 04:24:34,2017-08-09 16:54:11,2017-08-12 11:23:43,2017-08-30,23.9,16.11,1,1,40.01,1,1,5.0,1.0,8f12f030157bb64fad548e0c906034ed,38405,uberlandia,MG,5.775266203703704,23.300462962962964,0,40.01
0371bb519b3c4b04bed0460608ce6c59,672ed40727c0f5acb2a1439d107a5a82,delivered,2017-08-06 16:50:28,2017-08-06 17:03:02,2017-08-07 21:06:01,2017-08-11 22:30:01,2017-08-29,19.95,11.85,1,1,31.8,2,1,5.0,1.0,96e136c1e84c06e4f46fbabcbc3f918d,7135,guarulhos,SP,5.235798611111111,22.29828703703704,0,31.799999999999997
0fb5f1722ce814b29e3fb1a5286a7684,9dbbcb1bf333f98d688f0af44f2e8962,delivered,2017-08-06 16:56:13,2017-08-08 04:40:28,2017-08-11 22:34:57,2017-08-16 18:05:02,2017-08-18,46.9,13.08,1,1,59.98,1,1,1.0,1.0,26eb5a4f3f84b5d976850d894b268de3,4205,sao paulo,SP,10.047789351851852,11.29429398148148,0,59.98
7870e4898f865975acb43fb1c282f4d3,b7f9c7a0b694d1e97d28d3406e994d1e,delivered,2017-08-06 17:26:40,2017-08-06 17:42:58,2017-08-07 18:31:53,2017-08-08 21:35:26,2017-08-18,59.99,9.34,1,1,69.33,3,1,5.0,1.0,64b1fe81d42876dd76fced8889fb015f,12940,atibaia,SP,2.1727546296296296,11.273148148148149,0,69.33
011af0959ebf2b09a062867811dc63b5,5fbf764940fb75727525f6af71eef49d,delivered,2017-08-06 17:35:16,2017-08-06 17:50:21,2017-08-07 20:22:19,2017-08-09 21:03:07,2017-08-29,59.0,15.16,1,1,74.16,3,1,1.0,1.0,6e3fb31caa2b7dc1177aea46a7483f9b,1508,sao paulo,SP,3.144340277777778,22.267175925925926,0,74.16
d7eec17ae2e61fc4dc36f1e1ac4d0ed1,22a0bf2e340a205038ce5d5681bf3883,delivered,2017-08-06 17:41:56,2017-08-06 17:55:47,2017-08-25 20:00:00,2017-08-30 22:19:10,2017-09-05,31.9,11.85,1,1,43.75,1,2,1.0,1.0,0d16d92d727e8800fdd5f85f00eae25b,12940,atibaia,SP,24.192523148148148,29.262546296296296,0,43.75
e5246a33b7ee0e4b0be573c4406b5ee9,bf0005fd4c56f911e047c23806d5a3d8,delivered,2017-08-06 17:44:47,2017-08-06 17:55:14,2017-08-07 15:17:46,2017-08-23 21:48:03,2017-09-06,139.99,57.21,1,1,197.2,10,1,5.0,1.0,f19d7913a34e1a1992f3ac0c9cff49c6,96217,rio grande,RS,17.168935185185184,30.260567129629628,0,197.20000000000002
c43065765ea0096d728066fe48cc6249,988cb082e8a1d1668921753b1335d828,delivered,2017-08-06 17:49:08,2017-08-06 18:05:26,2017-08-07 22:09:29,2017-08-16 17:06:21,2017-09-11,74.9,15.27,1,1,90.17,3,1,4.0,1.0,8614537cb1ae9509c1cfb9e823eaa20a,81020,curitiba,PR,9.970289351851852,35.2575462962963,0,90.17
6b7c46dc34ed8ec1795b10a9c5213d61,150942330b6c45bba3d57bc1561229be,delivered,2017-08-06 17:55:55,2017-08-06 18:10:15,2017-08-07 19:02:50,2017-08-16 21:42:14,2017-09-04,749.9,37.7,1,1,787.6,4,1,5.0,1.0,0a252059d4e14a1a165526d50bae6397,28860,casimiro de abreu,RJ,10.157164351851852,28.25283564814815,0,787.6
219f831fcedecf53187489f9aad154eb,94174226bc4e5918d7a2d7cc625f1a29,delivered,2017-08-06 18:13:39,2017-08-08 04:20:08,2017-08-10 19:54:36,2017-08-14 15:37:03,2017-09-01,59.9,13.44,1,1,73.34,1,1,5.0,1.0,0978eb9e1017714eb0a9bb4c3378e608,11015,santos,SP,7.89125,25.240520833333335,0,73.34
05bc33363c34f9c8172bd111029be2e1,af550b25195546a8ed88b2b89b1d0fa3,delivered,2017-08-06 18:21:31,2017-08-06 18:35:11,2017-08-07 15:12:28,2017-08-11 21:00:02,2017-09-05,157.77,15.85,1,1,173.62,7,1,5.0,1.0,910ef561b28c67973b74ce21e0d252ea,18147,aracariguama,SP,5.110081018518518,29.23505787037037,0,173.62
56ce3873eb6d633a47581ec221f50a65,788c3086fc4d0f220fdf77bcb1b0780f,delivered,2017-08-06 18:41:21,2017-08-06 19:20:13,2017-08-08 13:35:52,2017-08-17 14:47:40,2017-09-01,58.99,16.66,1,1,75.65,3,1,4.0,1.0,dcb5209709e9f7a4af74b5129488a07c,91330,porto alegre,RS,10.837719907407408,25.221284722222222,0,75.65
426d4272fc71353cab0d91dc2658b066,5e4d3c08b1646a6f65b25bc68c619665,delivered,2017-08-06 18:41:27,2017-08-08 04:04:49,2017-08-09 17:29:35,2017-08-15 18:57:54,2017-08-25,54.9,11.88,1,1,66.78,1,1,5.0,1.0,2a8c84de69acd6415a2b8deabafc4f54,12906,braganca paulista,SP,9.01142361111111,18.221215277777777,0,66.78
aaca5270899bdea4df5cb9c8d6c23180,53baabe64431c61f808de3d8254eb0de,delivered,2017-08-06 18:45:06,2017-08-06 18:55:21,2017-08-08 20:18:24,2017-08-18 23:32:54,2017-08-29,34.9,14.1,1,1,49.0,1,1,5.0,1.0,0afbb5caf3c82ee5932ec7c72a999a85,30850,belo horizonte,MG,12.199861111111112,22.218680555555554,0,49.0
f3239f4f6c8cdfc9043534b20c0b6179,94747b8a0c77eb8947fecdfa5b717435,delivered,2017-08-06 19:05:45,2017-08-08 04:23:53,2017-08-08 19:32:29,2017-08-21 20:40:01,2017-08-29,49.9,14.1,1,1,64.0,1,1,4.0,1.0,81720bfb69887fe95390723af9748e9f,22780,rio de janeiro,RJ,15.065462962962963,22.204340277777778,0,64.0
9b1c817fd98473c0a0dab2a95b5979a6,1be70cd84bb8fdc5c77a52054d6250f8,delivered,2017-08-06 19:10:12,2017-08-06 19:25:17,2017-08-09 14:20:42,2017-08-22 14:16:23,2017-08-29,41.73,15.1,1,1,56.83,2,1,5.0,1.0,06703931f8c021842382e00efa3aff5d,30431,belo horizonte,MG,15.795960648148148,22.20125,0,56.83
cf2d94adef7bf9ffe6efd9c6413eb69e,a48095953c2c52f5900151d001daa464,delivered,2017-08-06 19:13:12,2017-08-06 19:25:20,2017-08-09 20:24:44,2017-08-14 19:52:24,2017-09-05,59.9,17.67,1,1,77.57,2,1,5.0,1.0,28cfdde4bdf02f44c1d3dd458afe42b3,36301,sao joao del rei,MG,8.027222222222223,29.199166666666667,0,77.57
2d99133897553f4c8ac31ec3ab36fe67,a3eac38bfaffe2975cd0e424ec86a556,delivered,2017-08-06 19:22:51,2017-08-06 19:35:19,2017-08-07 15:17:46,2017-08-14 22:56:49,2017-08-25,139.99,23.78,1,1,163.77,6,1,5.0,1.0,16fad3f895505b4d04cd5859f01aa23b,32675,betim,MG,8.148587962962964,18.192465277777778,0,163.77
45445c1dfdf9122c4399129db31fba89,81b8504d897e4dabca7424e885648de3,delivered,2017-08-06 19:24:26,2017-08-06 19:43:21,2017-08-08 20:45:37,2017-08-14 21:51:43,2017-08-30,449.0,52.36,1,1,501.36,4,1,5.0,1.0,26533b4d43ec9ff6eb99930a52fe13cf,18103,sorocaba,SP,8.102280092592592,23.19136574074074,0,501.36
ff850ba359507b996e8b2fbb26df8d03,219399e5496f8ca1dc6f68753131c084,delivered,2017-08-06 19:38:00,2017-08-06 20:20:07,2017-08-08 12:23:16,2017-08-21 22:15:41,2017-08-31,16.9,16.11,1,1,33.01,3,1,5.0,2.0,b0b3c2b74b3a2db6e2d76b7615ff6b17,79790,deodapolis,MS,15.109502314814815,24.181944444444444,0,33.01
382a503d9d9928675c03cb26ea99b262,a71c238a73216055be790a966f67ab94,delivered,2017-08-06 19:40:37,2017-08-06 19:55:06,2017-08-07 19:53:57,2017-08-11 13:49:50,2017-08-25,49.9,11.85,1,1,61.75,6,1,5.0,1.0,cf889b2eda044478e51f49a8818c8023,14750,pitangueiras,SP,4.756400462962963,18.180127314814815,0,61.75
f562fcbc87b8916bfaad4dc4a8db933c,c623c44fee67e4877b7589d8016d1678,delivered,2017-08-06 19:47:17,2017-08-08 04:15:35,2017-08-10 20:27:53,2017-09-13 00:42:48,2017-09-11,179.9,43.67,1,1,223.57,1,1,4.0,1.0,80365151d69c6b8b954011e8393ba767,59700,apodi,RN,37.205219907407404,35.175497685185185,1,223.57
33f3e269b872b41e5f90b01a92d454eb,96b747e34fa89b37565693617f5e5a00,delivered,2017-08-06 20:04:28,2017-08-06 20:23:14,2017-08-07 20:21:44,2017-08-09 21:03:08,2017-08-25,528.0,15.83,1,1,543.83,3,1,5.0,1.0,f022aeda339304258c002fffb115d737,87600,nova esperanca,PR,3.0407407407407407,18.163564814814816,0,543.83
50d00c9680bdca4f471658f02ca144c3,87a588f4d6a77083c035a56a392b1f56,delivered,2017-08-06 20:13:47,2017-08-06 20:30:13,2017-08-10 18:42:19,2017-08-14 19:53:33,2017-08-25,300.0,26.78,2,1,326.78,1,1,4.0,1.0,8338340a8f7154c52932012830e0f7d9,5596,sao paulo,SP,7.985949074074074,18.15709490740741,0,326.78
28d1a3ffec32edd0241a144474f1532d,92626a3fe5f92731f1d93b5d9cd44ad8,delivered,2017-08-06 20:34:10,2017-08-08 03:55:16,2017-08-08 17:40:20,2017-08-10 23:14:29,2017-08-29,94.9,14.39,1,1,109.29,1,1,3.0,1.0,004ed862ea4e55f18868d3d782d10879,9725,sao bernardo do campo,SP,4.111331018518518,22.142939814814813,0,109.29
52431c165ae5cfea49d3eaa3fcd6a7de,e808442ade9d84c082db6c3fa005c8fb,delivered,2017-08-06 20:53:38,2017-08-06 21:40:05,2017-08-09 20:24:44,2017-08-22 18:37:59,2017-09-08,59.9,17.67,1,1,77.57,3,1,5.0,1.0,3c7399e057696d1a324871cb80f46745,91350,porto alegre,RS,15.905798611111111,32.12942129629629,0,77.57
da9365826a6ffd6577582de7425efeda,3a32a08e045323a9e98da11f43951b90,delivered,2017-08-06 20:57:06,2017-08-08 04:10:53,2017-08-16 09:08:49,2017-08-28 20:22:50,2017-09-05,7.12,17.6,1,1,24.72,1,1,4.0,1.0,6e74a070e214eca4da1af1d8c10e0b98,21550,rio de janeiro,RJ,21.976203703703703,29.12701388888889,0,24.720000000000002
de31b55d7cafcd6ebb9bc6aa3c28a55c,d73b6abec0e5dc2e02540bac3bb4d9d1,delivered,2017-08-06 21:00:50,2017-08-06 21:15:18,2017-08-09 20:12:07,2017-08-14 19:18:52,2017-08-22,52.87,9.94,1,1,62.81,6,1,5.0,1.0,b563ea46e965d1c94a667daeb607eec0,1317,sao paulo,SP,7.929189814814815,15.124421296296296,0,62.809999999999995
44905b3e611d2f738de87a2cca4961b2,93a705448fbbe8d2c10f151c0510cd0c,delivered,2017-08-06 21:03:00,2017-08-06 21:15:17,2017-08-07 15:12:13,2017-08-14 19:36:05,2017-08-29,44.49,15.1,1,1,59.59,5,1,5.0,1.0,1bbae4260b7887325fccae14a592c130,39100,diamantina,MG,7.939641203703704,22.122916666666665,0,59.59
ff498085978fb1959138f596bd09aaf0,27bffe21c1c14689c7a9fae1fe93d2bc,delivered,2017-08-06 21:15:55,2017-08-08 04:24:43,2017-08-09 19:40:37,2017-08-24 15:22:06,2017-09-11,254.9,18.22,1,1,273.12,1,1,4.0,1.0,da6693c4e54d21d5852f7bc17167346e,46760,ibicoara,BA,17.75429398148148,35.11394675925926,0,273.12
d62dadb35b5c5a30e81cebbc34427545,8cef613493d957b0074f562c03ab53ae,delivered,2017-08-06 21:17:06,2017-08-06 21:30:22,2017-08-08 20:18:22,2017-08-23 16:11:05,2017-09-11,44.9,25.63,1,1,70.53,2,1,5.0,1.0,107a6e9af3fd6f928fdf4efee9302277,62930,limoeiro do norte,CE,16.787488425925925,35.113125,0,70.53
3a482da81f07c48902ac09603f648d1f,880e201fd13a0976e132909b948b1798,delivered,2017-08-06 21:27:45,2017-08-06 21:42:58,2017-08-08 13:18:10,2017-08-15 19:59:57,2017-08-30,58.99,17.66,1,1,76.65,7,1,5.0,1.0,5b6f22dc65fcf1aee722893a006cfaa8,36204,barbacena,MG,8.939027777777778,23.105729166666666,0,76.65
6246b1dea3285b192583bce8da02672d,9c6e16980c369c4591035afd4beea81c,delivered,2017-08-06 21:28:23,2017-08-06 21:43:01,2017-08-07 20:32:33,2017-08-11 21:58:08,2017-08-28,75.0,16.16,1,1,91.16,3,1,3.0,1.0,047b974b874ad791f0e3e56a13419e93,16402,lins,SP,5.020659722222222,21.10528935185185,0,91.16
367258cb8adb7d125d3c49861d32497f,28b087b4cc65d6fcf8043e95f978de32,delivered,2017-08-06 21:30:58,2017-08-06 21:45:17,2017-08-07 18:33:55,2017-08-23 20:37:25,2017-09-11,299.9,27.38,1,1,327.28,3,1,5.0,1.0,ae33c9582ddd875870c176634abc1236,63800,quixeramobim,CE,16.9628125,35.10349537037037,0,327.28
0e631eca89e976f885d1ef7f7a4a4698,f6d20984abb578ea47f9f68ddb947966,delivered,2017-08-06 21:38:03,2017-08-06 21:50:16,2017-08-07 17:17:30,2017-08-16 19:41:49,2017-08-29,93.49,15.4,1,1,108.89,1,1,5.0,1.0,d89adb01cd55415850d9e9b44879c0da,88351,brusque,SC,9.919282407407408,22.09857638888889,0,108.89
caa157284ffa71411abb3f7b94102de5,b73fa7b0e7d0ff662fdcb964eb2bb4b2,delivered,2017-08-06 21:38:10,2017-08-06 21:50:16,2017-08-08 13:10:04,2017-08-14 19:23:38,2017-08-30,58.99,16.66,1,1,75.65,4,1,4.0,1.0,e9ea974c698b57da5b96f665da9d7b1c,22730,rio de janeiro,RJ,7.906574074074074,23.09849537037037,0,75.65
ecd519812fc16942120ac1f9ccdc4105,041c1bdcf826ead159cc4052a86db094,delivered,2017-08-06 22:00:24,2017-08-06 22:15:26,2017-08-07 18:33:55,2017-08-08 16:20:05,2017-08-18,279.9,9.21,1,1,289.11,6,1,5.0,1.0,6667ecbc53b645eef5b54010b7264f86,13070,campinas,SP,1.7636689814814814,11.083055555555555,0,289.10999999999996
e079ed774a2fadd1906622fb9dc89f87,d73f48447385ba4ec637815532802b94,delivered,2017-08-06 22:03:28,2017-08-08 04:04:50,2017-08-10 19:57:43,2017-08-17 15:47:25,2017-08-29,109.0,18.01,1,1,127.01,1,1,1.0,1.0,b9291fc2d997fe1de1240e32188c530c,89560,videira,SC,10.738854166666666,22.080925925925925,0,127.01
0cbc979bd11d1ef1cc7c050a0442c715,926706c05a2213d48d83de6615700d8a,delivered,2017-08-06 22:03:45,2017-08-06 23:03:12,2017-08-07 18:31:53,2017-09-19 14:27:37,2017-09-04,59.99,15.18,1,1,75.17,1,1,3.0,1.0,50bea7168a8493efd89819c4847799d0,74986,aparecida de goiania,GO,43.68324074074074,28.080729166666668,1,75.17
c43c91fe57ac92074a304238da74a136,ad4ea3fb7cd27c1709a9454319446575,delivered,2017-08-06 22:06:01,2017-08-06 22:23:30,2017-08-08 18:18:04,2017-08-24 20:11:34,2017-09-06,25.99,16.79,1,1,42.78,2,1,5.0,1.0,1bccd7184611073533086e6a60a2bfec,45992,teixeira de freitas,BA,17.920520833333335,30.079155092592593,0,42.78
2d33e2f321b7f676de5d3ab87c08d1ab,ffbc52ac99e6184f3961fd791be5ff62,delivered,2017-08-06 22:07:14,2017-08-06 23:03:18,2017-08-07 17:03:09,2017-08-15 16:03:37,2017-08-31,34.6,16.79,1,1,51.39,2,1,5.0,1.0,c901c1eb28541e5408bc209979abf4cf,85155,inacio martins,PR,8.747488425925926,24.078310185185185,0,51.39
a0a94a840605a83bd0775e894314cb31,634b467de7498f7aa0e8c38ad377c59e,delivered,2017-08-06 22:08:58,2017-08-06 22:23:32,2017-08-10 20:54:26,2017-09-09 14:29:51,2017-09-11,220.0,131.36,4,1,351.36,2,1,4.0,1.0,55fc3a9e868992d2d339316d0800ecd2,55642,gravata,PE,33.681168981481484,35.07710648148148,0,351.36
14c99dc23c614159bed88378c219456d,9f340837a355b99272f81b612f396566,delivered,2017-08-06 22:22:24,2017-08-06 22:35:16,2017-08-10 19:52:25,2017-08-11 18:00:04,2017-08-18,46.99,13.08,1,1,60.07,6,1,5.0,1.0,6d0fc8d55251c38ea034b0ea5c844f38,5421,sao paulo,SP,4.817824074074074,11.067777777777778,0,60.07
bd5d52497dd09bba18a9c06890c2e2c5,b81903860cd300ddda44b87124a88002,delivered,2017-08-06 22:26:37,2017-08-06 23:20:09,2017-08-08 19:11:59,2017-09-05 22:07:08,2017-09-06,139.9,34.78,1,1,174.68,6,1,5.0,1.0,6f20fdcd011ba2d7b1d0eb7315e6a7dc,55295,garanhuns,PE,29.986469907407407,30.064849537037038,0,174.68
17a1763cc4982f5c4ef732af7c6e683c,5beaf82912931889e4afdaa9ef9fb356,delivered,2017-08-06 22:31:16,2017-08-08 04:04:54,2017-08-08 13:43:52,2017-08-21 20:47:19,2017-08-29,26.9,16.11,1,1,43.01,1,1,1.0,1.0,fc513937c2f93e7f7918bda3c5ecb6a2,88310,itajai,SC,14.9278125,22.06162037037037,0,43.01
8fd30f29e6d6c705f1f0e25868416d1f,1afc1b77214e5a8b985bca3997bb292c,delivered,2017-08-06 22:39:18,2017-08-07 23:10:10,2017-08-08 18:32:33,2017-08-11 18:41:53,2017-08-29,229.99,22.1,1,1,252.09,5,1,5.0,1.0,73456c2ec3db7fdc4f04d38bbf70fde0,38930,medeiros,MG,4.835127314814815,22.056041666666665,0,252.09
024bee763e8abbf0cd46fa7f440c41ea,110da78c3da35776c00e4ddee0646997,delivered,2017-08-06 22:47:20,2017-08-07 15:45:30,2017-08-11 18:42:19,2017-08-17 18:12:46,2017-08-31,59.98,28.2,2,1,88.18,1,1,5.0,1.0,e404115ff39e5242084948aa3e824953,7032,guarulhos,SP,10.809328703703704,24.050462962962964,0,88.17999999999999
38953e88e1f6d075c453cc7c7808fd74,733f9b4333309e31dd4e6c88f04937a1,delivered,2017-08-06 22:53:21,2017-08-06 23:10:11,2017-08-09 14:40:07,2017-08-19 12:12:21,2017-08-29,167.99,16.94,1,1,184.93,6,1,5.0,1.0,45021e4215fb88a10f5efc5fd83bed5c,9390,maua,SP,12.55486111111111,22.04628472222222,0,184.93
d6f415ebc86371ee7aa87ea1b73ea9bc,e9c78e0ef5bf78d6719540b3b3df885e,delivered,2017-08-06 23:10:15,2017-08-07 00:02:55,2017-08-08 19:49:44,2017-08-18 16:45:52,2017-08-31,128.9,21.39,1,1,150.29,3,1,3.0,1.0,84d7806c2f631afc4a50a9d81844c4ec,86800,apucarana,PR,11.73306712962963,24.034548611111113,0,150.29000000000002
25aefb052a481cf1f4aaede6fb1abecb,d358b0b0d0d456e22212b8643729207a,delivered,2017-08-06 23:13:17,2017-08-08 03:55:19,2017-08-10 21:13:52,2017-08-16 19:47:25,2017-08-25,89.9,12.13,1,1,102.03,1,1,5.0,1.0,052ad6288149460cb16d585299139e28,11250,bertioga,SP,9.857037037037037,18.03244212962963,0,102.03
da84a8216703f542bc03d93c9394d9b1,7912cef0fe56d9bd9ac8b45baec145bb,delivered,2017-08-06 23:34:48,2017-08-06 23:55:18,2017-08-07 18:27:32,2017-08-16 16:25:30,2017-09-04,134.9,23.81,1,1,158.71,10,1,4.0,1.0,9996775e57ceff540bd403d97f9b2e26,20720,rio de janeiro,RJ,9.701875,28.0175,0,158.71
bceafe41324f7de517b199a7b4e2a074,86f9e3637836ff95e8e339223d2a136b,delivered,2017-08-06 23:40:08,2017-08-06 23:55:16,2017-08-07 20:48:54,2017-08-10 15:08:35,2017-09-06,18.99,16.79,1,1,35.78,1,1,5.0,1.0,6753845f8bc48b027c01c90f13d41f3b,40375,salvador,BA,3.6447569444444445,30.013796296296295,0,35.78
5156f62d18510bbdc946ebbe9846a6d4,e59ea0ab16e4c5d4e49442b7ad210ef0,delivered,2017-08-07 00:18:41,2017-08-08 03:55:47,2017-08-08 19:51:18,2017-08-17 20:47:52,2017-08-29,51.0,14.11,1,1,65.11,1,1,1.0,1.0,d81c308750fc6d68dfb055b147c6c234,30330,belo horizonte,MG,10.853599537037036,21.98702546296296,0,65.11
3877e5bf296cc5b88537eab728ede326,dcbce6ecb10a44cba2e0fbe5fbf63175,delivered,2017-08-07 00:28:26,2017-08-07 01:23:51,2017-08-09 17:58:28,2017-08-10 20:38:07,2017-08-29,110.0,20.26,1,1,130.26,1,1,5.0,1.0,e2d50591fb11597c07fc6d095312ae84,22750,rio de janeiro,RJ,3.8400578703703703,21.98025462962963,0,130.26
27fe1bf2ef6671ce5e66d6958f828422,c40a784c17fc33789c6778125abd1fe7,delivered,2017-08-07 01:06:50,2017-08-07 01:24:06,2017-08-21 21:17:58,2017-08-24 19:53:32,2017-08-30,39.9,15.1,1,1,55.0,4,1,4.0,1.0,8070844b1d3646450aff96ad4b20c24f,5344,sao paulo,SP,17.782430555555557,22.953587962962963,0,55.0
cbd5da59166957ccd5a0c52607f2e98d,10567872c1e2e0ba7172faf0a144c21d,delivered,2017-08-07 01:12:28,2017-08-07 01:25:07,2017-08-08 18:04:34,2017-08-09 15:55:46,2017-08-18,24.9,8.27,1,1,33.17,1,1,4.0,1.0,461b0e7c11ff521493eaa69ad24e7b3d,9993,diadema,SP,2.613402777777778,10.949675925925925,0,33.17
72ba71ffcbc76a06e416c07d00d047f0,5094c0bd47f5fe28ddd902de34ebdd4d,delivered,2017-08-07 01:29:46,2017-08-07 01:45:06,2017-08-08 18:58:19,2017-08-14 19:04:49,2017-08-29,49.8,23.7,2,1,73.5,1,1,5.0,1.0,b0dbb4f6439fc8a9bf1ddea6553272e0,15056,sao jose do rio preto,SP,7.732673611111111,21.937662037037036,0,73.5
88ce2e58fa5ec79842004f87fe6a5c80,6f7daff9ce365b020be3e3bfa5ea27d3,delivered,2017-08-07 03:53:33,2017-08-08 04:15:23,2017-08-17 19:37:44,2017-08-28 18:35:36,2017-09-20,129.94,19.0,1,1,148.94,1,1,4.0,1.0,4fac6cc7c89a2996e9c2312c294b4fca,38470,grupiara,MG,21.61253472222222,43.8378125,0,148.94
cc58d2040605eaadced18735aef5bbb0,03dc0682e10e026f51cc524d590fc5e2,delivered,2017-08-07 03:57:41,2017-08-07 04:05:22,2017-08-10 14:43:13,2017-08-24 22:49:43,2017-09-04,350.0,17.2,1,1,367.2,10,1,4.0,1.0,22439fa887de2bc0276b7680030b7cd6,29102,vila velha,ES,17.78613425925926,27.83494212962963,0,367.2
1384e3bb7bc8ba5a462fa5845a062927,551f0a2f444b08c3232d382026e054f1,delivered,2017-08-07 07:10:14,2017-08-07 07:25:07,2017-08-07 18:33:02,2017-08-10 17:42:10,2017-08-18,55.78,18.54,2,1,74.32,2,1,5.0,1.0,47dbd7199cc9b1133961053575b4e82a,6852,itapecerica da serra,SP,3.4388425925925925,10.701226851851851,0,74.32
bc3471af826ef5a2d49ddea3b33634b9,2e57077784d12251789b2742d5291ed4,delivered,2017-08-07 08:05:16,2017-08-08 08:15:10,2017-08-14 18:15:42,2017-08-17 18:35:05,2017-09-01,299.0,18.8,1,1,317.8,2,1,2.0,1.0,d8a03b7e93018e735cf5fb4923e95fb3,13720,sao jose do rio pardo,SP,10.437372685185185,24.66300925925926,0,317.8
82e4b3860c24cc8666af61137efef18c,0b6131ef78d7b110b236c4e98bf65fd9,delivered,2017-08-07 08:24:29,2017-08-07 08:35:18,2017-08-07 19:05:10,2017-08-08 17:10:25,2017-08-22,200.0,15.01,1,1,215.01,8,1,5.0,1.0,f89eb0bd70533417ab0ab55a038929d4,13820,jaguariuna,SP,1.3652314814814814,14.649664351851852,0,215.01
37ac5e2848fe9ffaae862a845c5d7ff7,dd031e3cb9e37dcca6ee5b7f073a01a0,delivered,2017-08-07 08:25:57,2017-08-07 08:43:08,2017-08-10 19:18:46,2017-08-16 20:39:56,2017-08-30,115.19999999999999,45.3,3,1,160.5,6,1,5.0,1.0,4676d26aeee5695640b84d96de57df7d,39270,pirapora,MG,9.509710648148149,22.648645833333333,0,160.5
9c074b1d5c9fcaa13fdea5c761dca404,96921ad25d266bdd979a8106edcd1e57,delivered,2017-08-07 08:31:36,2017-08-08 04:15:20,2017-08-08 16:04:10,2017-08-21 18:27:49,2017-08-31,294.99,31.1,1,1,326.09,1,1,4.0,1.0,93dc7a5d5dca34e5f276857be0e74a15,24455,sao goncalo,RJ,14.414039351851851,23.64472222222222,0,326.09000000000003
15e281b810d3f48fd7f4e089ae5d25f1,b097adca864a599049d08d003ff5a336,delivered,2017-08-07 08:51:10,2017-08-07 09:23:49,2017-08-08 18:58:43,2017-08-21 20:25:56,2017-09-06,59.7,21.22,1,1,80.92,5,1,5.0,1.0,6bd3f57827bb82cb387edf931285a798,60730,fortaleza,CE,14.482476851851851,29.63113425925926,0,80.92
0e98b09e43ae533343cdcb8b766dc4f1,8de9f19b9ae067619053a1bdc8dd73c1,delivered,2017-08-07 08:52:22,2017-08-09 03:04:11,2017-08-10 19:00:17,2017-08-16 20:22:00,2017-08-29,249.0,54.34,1,1,303.34,1,1,5.0,1.0,a280c70428d6e5c76cb00c1173b454ca,37564,borda da mata,MG,9.478912037037038,21.630300925925926,0,303.34000000000003
2d0da8435c6493de84783c21578638aa,c5c571939091a3ed365ad5d8d89602d2,delivered,2017-08-07 08:56:15,2017-08-07 09:10:18,2017-08-10 15:13:21,2017-08-22 19:38:16,2017-08-29,59.9,16.18,1,1,76.08,7,1,5.0,1.0,31ab4a5b2f583ee1de310d7dc4f49d1e,38900,bambui,MG,15.445844907407407,21.627604166666668,0,76.08
d67d037cf424eb6cf603ae4e9d344542,c80756226463b72fc101a16fe4a0ec78,delivered,2017-08-07 08:57:43,2017-08-07 09:05:19,2017-08-09 12:48:46,2017-08-15 19:18:34,2017-08-30,45.95,11.85,1,1,57.8,5,1,5.0,1.0,c783267d7d698125cc2d9b5aff8bef44,13904,amparo,SP,8.431145833333334,22.626585648148147,0,57.800000000000004
eb871e7c2357db8ff47fae46e9bee63d,b4f0291560dbfb345245123a068f5209,delivered,2017-08-07 09:04:02,2017-08-07 09:15:10,2017-08-07 14:22:13,2017-08-15 22:09:40,2017-08-29,55.9,16.15,1,1,72.05,6,1,4.0,1.0,69c18f4c2f8f504cd8b57cff9dea5d79,27913,macae,RJ,8.545578703703704,21.622199074074075,0,72.05
8e44452897e7b8506246a37a8f63f686,4a0430234a732034bbfc3584d8821339,delivered,2017-08-07 09:09:06,2017-08-07 09:24:00,2017-08-07 21:17:31,2017-08-10 15:55:14,2017-08-24,178.0,16.74,2,1,194.74,1,1,5.0,1.0,0c249142cb188f9b3cb633e9e2d66e4c,5171,sao paulo,SP,3.282037037037037,16.618680555555557,0,194.74
64b474e9995eb9740db3190013984b6b,140e06ed00056011aa7326bcc0cd10e1,delivered,2017-08-07 09:14:30,2017-08-07 09:43:40,2017-08-09 15:59:38,2017-08-15 18:12:13,2017-09-04,29.9,25.63,1,1,55.53,1,1,5.0,2.0,c0118e2c0a037c31aeca71d0b81f66a1,13857,estiva gerbi,SP,8.373414351851851,27.614930555555556,0,55.53
d81f982649f082683c9221af29ba1b51,9d47cabccbbfc9e98cde0402fae92cb3,delivered,2017-08-07 09:14:30,2017-08-07 09:25:13,2017-08-07 19:43:55,2017-08-10 18:32:46,2017-09-05,45.9,13.37,1,1,59.27,1,1,5.0,1.0,c0118e2c0a037c31aeca71d0b81f66a1,13857,estiva gerbi,SP,3.3876851851851852,28.614930555555556,0,59.269999999999996
6933367fed43572e9c92d801392b1e65,70a4e6115d9256bcf1fcef49250afa85,delivered,2017-08-07 09:25:20,2017-08-08 04:04:25,2017-08-08 19:42:10,2017-08-24 14:43:55,2017-09-11,152.15,26.35,1,1,178.5,1,1,4.0,1.0,96d0f06710800d0c4defd88cd710ceb5,62190,groairas,CE,17.221238425925925,34.60740740740741,0,178.5
f76db3311899c16f22f22a735377c6bf,3b56e7504b277a496c1d893d7e9ebac7,delivered,2017-08-07 09:32:28,2017-08-07 09:45:18,2017-08-08 19:49:41,2017-08-09 18:13:38,2017-08-18,388.0,15.27,1,1,403.27,3,1,5.0,1.0,4c7f31418ae513cb3a92774991037f95,1425,sao paulo,SP,2.361921296296296,10.602453703703704,0,403.27
3634230a0d22927e0e78de347439ff41,8d8b8b4eebbce9d761f6636f50f76560,delivered,2017-08-07 09:32:32,2017-08-07 09:45:17,2017-08-11 19:21:56,2017-08-17 16:07:09,2017-09-12,15.0,15.79,1,1,30.79,3,1,4.0,1.0,544c4b61cddef541b5d2df0a45a3a1d8,3383,sao paulo,SP,10.274039351851853,35.602407407407405,0,30.79
9afd8793167c97876e93424de3f01498,7d2b61cc089a1692568ad66cd27c8cbc,delivered,2017-08-07 09:50:16,2017-08-08 04:04:41,2017-08-08 18:04:26,2017-08-14 18:55:59,2017-08-29,299.99,22.59,1,1,322.58,1,1,5.0,1.0,6ef8d291c09f4fb2055b2c23b8e021f1,12281,cacapava,SP,7.3789699074074075,21.590092592592594,0,322.58
4e2451cb6e8ca4428c8f7e305bbfbbea,f660f1eb95ba1b9b20451d71725efc67,delivered,2017-08-07 09:55:21,2017-08-07 10:10:14,2017-08-07 17:34:39,2017-08-17 18:09:30,2017-08-31,59.9,17.67,1,1,77.57,3,1,4.0,1.0,1197ba886110324a1519fff17dd8d1d2,29165,serra,ES,10.343159722222222,23.5865625,0,77.57
1ecb44533ccf6974a67e7d36d913b027,9e10bfe5eb4c55263654f22bfb0af9b7,delivered,2017-08-07 09:56:09,2017-08-07 10:05:26,2017-08-09 15:30:23,2017-08-25 17:31:19,2017-08-29,75.78,15.28,1,1,91.06,2,1,3.0,1.0,874314e1119e9b6ff5ca4d852c62e935,21235,rio de janeiro,RJ,18.316087962962964,21.586006944444446,0,91.06
c27941f0a7135ca5f13f3c07ea6b1d28,c46c509b0f184dbaa98821e375af3fbc,delivered,2017-08-07 10:00:46,2017-08-08 05:40:17,2017-08-08 18:32:21,2017-08-11 17:17:49,2017-09-04,16.9,17.63,1,1,34.53,1,1,5.0,1.0,a4b1f228f759c39008a45d610484d475,1453,sao paulo,SP,4.303506944444444,27.582800925925927,0,34.53
41ec1c3e85fe3ec775c90dc99e697991,74286e84c53dc33b9ea00c5b20274a5e,delivered,2017-08-07 10:19:47,2017-08-07 10:35:19,2017-08-08 16:22:17,2017-08-17 18:07:49,2017-08-29,119.9,18.09,1,1,137.99,10,1,5.0,1.0,60adb0b8ea78951488e9b7d657642847,89820,xanxere,SC,10.325023148148148,21.569594907407406,0,137.99
cd6cdd3e527f46113dcab23d5f27c0fe,ec56b6bee3c781e39de8d735fa29f1c7,delivered,2017-08-07 10:21:18,2017-08-08 03:50:27,2017-08-08 15:52:00,2017-08-14 17:09:24,2017-08-31,1458.0,48.68,2,1,1506.68,1,1,2.0,1.0,55ee0c6382f5b5f0b42a1fa608239e5f,22210,rio de janeiro,RJ,7.283402777777778,23.56854166666667,0,1506.68
f4b984332e7956371b352bb4edae2cac,2e7e3945a863350a4eec25b95bb8ef12,delivered,2017-08-07 10:25:15,2017-08-07 10:35:22,2017-08-07 19:05:10,2017-08-08 21:17:14,2017-08-22,200.0,15.01,1,1,215.01,6,1,5.0,1.0,5015dcdde331f28a60af11688dd75f56,4630,sao paulo,SP,1.4527662037037037,14.565798611111111,0,215.01
aab7f3f00c73e3e209b6e84412a3758b,c51460dcb59443d89846e238653f6002,delivered,2017-08-07 10:25:57,2017-08-07 10:35:23,2017-08-08 14:42:13,2017-08-14 16:17:38,2017-08-31,94.9,20.15,1,1,115.05,2,1,5.0,1.0,b95d83ad07de42c2568fc42e1e59027e,71741,brasilia,DF,7.244224537037037,23.5653125,0,115.05000000000001
b8f8c719c986f46a4324ebb983d70e98,fd04bf849b36444f719850585a9b0e8a,delivered,2017-08-07 10:26:28,2017-08-08 10:30:22,2017-08-09 19:34:43,2017-08-11 16:52:24,2017-08-29,59.0,15.16,1,1,74.16,4,1,5.0,1.0,97bc08e526795b17e1d4f642f77ae304,9993,diadema,SP,4.26800925925926,21.564953703703704,0,74.16
d2dcde253b72954806e86ee9f7995770,fdc6d9ace808ea44c8fdc1622b36a0ee,delivered,2017-08-07 10:28:07,2017-08-07 10:43:21,2017-08-08 18:46:15,2017-08-09 17:38:48,2017-09-11,85.99,17.88,1,1,103.87,1,1,5.0,1.0,ea4b2ac33ef4e6bddd270f982ce5dc7f,6766,taboao da serra,SP,2.2990856481481483,34.56380787037037,0,103.86999999999999
ccffad477fa78262d2690795ed9a2016,18b117cbbdbd26006b08dc421eea3650,delivered,2017-08-07 10:30:17,2017-08-09 02:50:40,2017-08-16 23:23:53,2017-08-23 20:03:22,2017-08-29,69.9,15.24,1,1,85.14,1,1,4.0,1.0,e74f0beabd33b4d1e84e1449acd113f4,89265,jaragua do sul,SC,16.397974537037037,21.56230324074074,0,85.14
75d592e235731df502636b3cc6c7d1f4,f55423f2ff6e633b328f58b0288a756d,delivered,2017-08-07 10:30:58,2017-08-08 04:44:21,2017-08-10 17:39:01,2017-08-16 14:34:53,2017-08-29,248.99,17.5,1,1,266.49,1,1,5.0,1.0,c531b6e663b7e78227a7cd650ab22db1,1423,sao paulo,SP,9.169386574074075,21.561828703703704,0,266.49
1cea424dc965d49b8e61503d53a801bb,a4551f4d139f486420dd1a8bc2b3aff6,delivered,2017-08-07 10:32:41,2017-08-07 10:43:24,2017-08-09 16:06:44,2017-08-11 12:00:02,2017-08-18,109.9,13.32,1,1,123.22,1,1,5.0,1.0,100bc0f4c699c756969bdf378c24e903,11431,guaruja,SP,4.060659722222222,10.560636574074074,0,123.22
805ae182c82a33f1abbaeb238f3fe89e,ef84ecfb3db132c5ab785d8c6b06b972,delivered,2017-08-07 10:35:39,2017-08-07 10:50:08,2017-08-07 20:33:14,2017-08-08 18:42:55,2017-08-18,59.9,11.73,1,1,71.63,1,1,5.0,1.0,d5aec2496324bcede9f8e9d36cc93e68,5616,sao paulo,SP,1.3383796296296295,10.55857638888889,0,71.63
a0fd8189420447a19f96862d4e128d57,4c36e9c525a942e63ece24d3656244de,delivered,2017-08-07 10:36:36,2017-08-07 10:50:19,2017-08-09 12:20:06,2017-08-16 18:28:55,2017-08-31,34.99,14.1,1,1,49.09,4,1,3.0,1.0,bd4302a8595990b14f66871f153a772a,24855,itaborai,RJ,9.327997685185185,23.557916666666667,0,49.09
b7e23b7efc57795b6806ef873f1e5ab0,d270ca43fc5e983b710a3cf58d3fe85d,delivered,2017-08-07 10:38:27,2017-08-07 10:50:20,2017-08-08 13:43:54,2017-08-09 16:12:27,2017-08-22,36.9,9.94,1,1,46.84,1,1,5.0,1.0,c637528a973c7d0760ea0fe89be03756,5735,sao paulo,SP,2.2319444444444443,14.556631944444444,0,46.839999999999996
99b5479599753883c7355ca6cb95b2c1,59c56e683b39c2ca0c21348d5e5eac99,delivered,2017-08-07 10:42:56,2017-08-07 11:23:28,2017-08-07 18:10:00,2017-08-16 20:10:02,2017-09-11,678.0,41.82,2,1,719.82,10,1,4.0,1.0,378fb2992e03f14500fdbc41100b98fa,60110,fortaleza,CE,9.393819444444444,34.553518518518516,0,719.82
2f36e982eab2df4e0ca5890a0228907d,83289a74d3711814647a80118096beb4,delivered,2017-08-07 10:46:09,2017-08-07 12:00:10,2017-08-11 17:27:43,2017-08-16 17:48:45,2017-09-05,84.9,13.61,1,1,98.51,1,1,5.0,1.0,9bb5c41c4e6618bcbafd37801b41e2eb,14091,ribeirao preto,SP,9.293472222222222,28.55128472222222,0,98.51
c003c1face3c31cba0af4ab5314f3332,3338d6f3767b6853a4ec283edc2a7b21,delivered,2017-08-07 10:50:46,2017-08-07 11:05:09,2017-08-18 16:20:09,2017-08-21 21:16:43,2017-08-25,45.0,8.72,1,1,53.72,5,1,3.0,1.0,22af775ffe3d627a6cac9fadfd6ec9a0,6503,santana de parnaiba,SP,14.4346875,17.548078703703705,0,53.72
3ef63bbc5cfb1ac8a9454f5c5e29b1cf,9044dc01c6e9883f46c56c147c6c61f5,delivered,2017-08-07 10:55:34,2017-08-07 11:10:16,2017-08-09 17:32:56,2017-08-22 14:55:38,2017-09-11,108.0,18.33,1,1,126.33,5,1,4.0,1.0,ab1bcfce60156a25bbb243e29adf0a8f,45445,camamu,BA,15.166712962962963,34.54474537037037,0,126.33
fb233ad89395150ee1cd3e1e90906dc3,057b7af3b6a1b7ff16306e3f9980daa8,delivered,2017-08-07 10:57:20,2017-08-08 04:04:22,2017-08-10 17:04:13,2017-08-17 17:58:18,2017-08-29,30.45,15.1,1,1,45.55,1,1,5.0,1.0,8c32de635e261bfa910857170363ce59,87660,paranacity,PR,10.292337962962963,21.543518518518518,0,45.55
3c4bb7f6331faec0e9dbc045d45f04d7,9da9f8e848345e991dc948bbf273ad4f,delivered,2017-08-07 11:08:44,2017-08-07 11:23:42,2017-08-07 17:40:11,2017-08-08 20:03:23,2017-08-18,29.0,7.78,1,1,36.78,1,1,5.0,1.0,6da7abe01a03bbe8f27a28937c8abe70,9110,santo andre,SP,1.3712847222222222,10.535601851851851,0,36.78
4ff0384bb5e2b09d746a503c071f2d8c,6653912ddf1e9cb4aa012041d238038a,delivered,2017-08-07 11:14:48,2017-08-07 11:30:18,2017-08-07 21:16:57,2017-08-22 22:03:15,2017-09-01,119.99,18.09,1,1,138.08,4,1,4.0,1.0,18a56a7cb0f4b340f0ac02b64480bd89,72016,brasilia,DF,15.4503125,24.531388888888888,0,138.07999999999998
19a8989f83d30de137a451dade333090,31e3d20f5e1a4cc5931186f4fafc01d9,delivered,2017-08-07 11:18:25,2017-08-08 04:24:30,2017-08-11 18:22:24,2017-08-17 12:09:31,2017-08-29,18.99,15.1,1,1,34.09,1,1,5.0,1.0,27f0997cada288eb935aa07d2995a4fc,86430,santo antonio da platina,PR,10.035486111111112,21.528877314814814,0,34.089999999999996
a03470241e25eb070bf902c2c1914658,8f0fe181279a14f699d672200fe13d92,delivered,2017-08-07 11:21:25,2017-08-09 02:45:21,2017-08-09 17:15:44,2017-08-23 21:24:10,2017-09-11,629.0,59.47,1,1,688.47,1,1,5.0,1.0,88fffd3d46c60c4307a9948faacc050e,41810,salvador,BA,16.418576388888887,34.52679398148148,0,688.47
78d1a1bbbf97f4303c3f844a36ed66c5,8e71b66773c5b21a06deafa07e3943b9,delivered,2017-08-07 11:23:16,2017-08-07 12:03:17,2017-08-11 16:23:11,2017-08-17 19:49:48,2017-08-29,119.9,27.16,1,1,147.06,1,1,5.0,1.0,1a41dd496b43b7d421b9f487d8c51a47,89207,joinville,SC,10.351759259259259,21.52550925925926,0,147.06
1c4f7f07e974a6d951ac86cd8d4d450c,f746bee856810072fc78dfd15eef717d,delivered,2017-08-07 11:23:17,2017-08-08 03:50:42,2017-08-10 21:13:52,2017-08-23 20:42:14,2017-08-29,89.9,15.38,1,1,105.28,1,1,4.0,1.0,a50e76bad6ee62455c787e48cf37c09d,39280,buritizeiro,MG,16.388159722222223,21.525497685185186,0,105.28
be06d9f698d7e74899f4cf223ae62995,0f574bf27462cb2edf5873c751701344,delivered,2017-08-07 11:29:18,2017-08-07 11:45:24,2017-08-08 17:43:42,2017-08-18 18:57:04,2017-08-18,99.9,13.25,1,1,113.15,1,1,5.0,1.0,9fb0610d1653672a993efe94f2eeb896,7950,francisco morato,SP,11.310949074074074,10.521319444444444,1,113.15
9f101be6d0a10cb40cc622691e49714c,062ef9c4ca1960871896825b2c3a1f9a,delivered,2017-08-07 11:29:34,2017-08-07 12:03:20,2017-08-10 18:42:16,2017-08-14 14:56:38,2017-09-01,119.8,26.88,2,1,146.68,2,1,5.0,1.0,b98f07c1577a24dc45f9d2d01eeff3d3,4661,sao paulo,SP,7.143796296296296,24.52113425925926,0,146.68
5e73dbeacaf58a36b0b285b218313792,5510cf3ae5b05f9f7d9e73aff3889e91,delivered,2017-08-07 11:38:23,2017-08-07 11:50:13,2017-08-10 18:42:19,2017-08-14 19:35:01,2017-09-01,59.9,13.44,1,1,73.34,3,1,4.0,1.0,5394f81042dcb49bc8a7068869cf319b,17700,osvaldo cruz,SP,7.3309953703703705,24.515011574074073,0,73.34
220d88b24d65edc8d4b8d9eaa5ec0796,09ad9d1167eae6f24c762b46f6470aec,delivered,2017-08-07 11:41:03,2017-08-07 11:50:10,2017-08-08 19:04:50,2017-08-14 17:10:11,2017-08-29,142.0,21.48,1,1,163.48,1,1,5.0,1.0,97f6bccc8a818d0d2afb5de2cb2690ff,12513,guaratingueta,SP,7.228564814814815,21.513159722222223,0,163.48
790d76ecee0d65041c076a17d0dfd11d,42908fc1c4277d15bfdd21890a9abe10,delivered,2017-08-07 11:51:29,2017-08-07 12:03:26,2017-08-10 20:58:52,2017-08-25 19:24:54,2017-09-11,572.0,113.45,1,1,685.45,8,1,5.0,1.0,a53507b8e7b1837bc746ffbfca94b26e,58010,joao pessoa,PB,18.314872685185186,34.50591435185185,0,685.45
07c066e1f4929584a77a8be911a0997f,5d1fad5801ed92a83f407f90977d08c3,delivered,2017-08-07 11:53:47,2017-08-07 12:40:11,2017-08-10 18:42:18,2017-08-14 13:51:18,2017-09-01,59.9,13.44,1,1,73.34,1,1,5.0,1.0,07292d06afd6c45ff8de56079ef4cfdc,5038,sao paulo,SP,7.081608796296297,24.50431712962963,0,73.34
de01100645b731556de153cfbebc35b1,94602ee2b2723266d391c94e7d1f4d89,delivered,2017-08-07 12:13:26,2017-08-07 12:43:37,2017-08-08 13:32:49,2017-08-17 18:24:38,2017-08-29,44.99,15.1,1,1,60.09,5,1,5.0,1.0,3b63e7ae5d6058eb51567425722cff95,35400,ouro preto,MG,10.257777777777777,21.490671296296295,0,60.09
4059056b2f7cadb9cf31238fc351ca59,bb770c5def3cd3c1c16e76579a614abf,delivered,2017-08-07 12:25:53,2017-08-07 12:43:42,2017-08-09 19:47:40,2017-09-18 20:37:44,2017-08-29,49.95,15.1,1,1,65.05,6,1,1.0,1.0,9b4dc5f3bf6d6ff2ec0eb2cb7230395d,22250,rio de janeiro,RJ,42.3415625,21.482025462962962,1,65.05
8a4df9820e049472302bf6362daecb8b,87f51a0f934f82e81d8680ef1afeaf48,delivered,2017-08-07 12:28:44,2017-08-07 13:03:05,2017-08-10 16:42:51,2017-08-11 20:16:50,2017-08-22,125.9,12.84,1,1,138.74,3,1,5.0,1.0,89b88dc458d3997426620f99dd79c9c9,20031,rio de janeiro,RJ,4.325069444444445,14.480046296296296,0,138.74
13c4f7497ce2f3ae34e441c7514215f3,423fa86d97e74eacb7789a4e1c1a8325,delivered,2017-08-07 12:44:28,2017-08-08 16:10:16,2017-08-10 19:50:00,2017-08-24 21:50:04,2017-09-06,999.0,44.51,1,1,1043.51,10,1,2.0,1.0,36b6bda8a3ca33a3df452dd5c13fdfcd,78690,nova xavantina,MT,17.378888888888888,29.46912037037037,0,1043.51
349d8e152f810f983be80e244a8030c2,89a1a3f72e06c63bae4a7e9f830defe1,delivered,2017-08-07 12:45:26,2017-08-08 04:10:57,2017-08-08 18:46:14,2017-08-09 17:38:48,2017-08-18,139.9,9.79,1,1,149.69,1,1,5.0,1.0,1e002b8a101cf3787c3a77256ec6694b,4710,sao paulo,SP,2.203726851851852,10.468449074074075,0,149.69
c12921c117b48d3bdcf10d1983d3b9e1,67935253232e82a7cbb349014bcfb90a,delivered,2017-08-07 12:45:53,2017-08-08 03:50:26,2017-08-08 22:21:50,2017-08-10 19:07:58,2017-08-29,40.0,14.1,1,1,54.1,1,1,5.0,1.0,b5492e05f97a3436cefc7f44eb85d670,22011,rio de janeiro,RJ,3.2653356481481484,21.468136574074073,0,54.1
b7b5dee57b9829f64867e5c5d5dead9c,d848b943422d4209f6326dbee32c1373,delivered,2017-08-07 12:50:55,2017-08-07 13:03:13,2017-08-10 15:13:24,2017-08-16 22:12:46,2017-08-25,180.2,24.26,2,1,204.46,4,1,4.0,1.0,95228c0894aa5849a4fd891c01dfe7a6,4918,sao paulo,SP,9.390173611111111,17.464641203703703,0,204.45999999999998
3d76808da6242e8c7476a606fb6b5935,1a2c6469954e0f56da59bf0ac75007ed,delivered,2017-08-07 13:01:04,2017-08-08 04:04:48,2017-08-09 12:20:03,2017-08-15 17:27:37,2017-09-08,23.99,17.63,1,1,41.62,1,1,5.0,1.0,c4886396b3611751be07179df0696331,77021,palmas,TO,8.185104166666667,31.457592592592594,0,41.62
1e2b94b476c8738fbc5aed69524f2da4,15377ad18854e02069af4900c8e4039f,delivered,2017-08-07 13:02:20,2017-08-07 13:15:20,2017-08-10 17:07:46,2017-08-24 21:33:36,2017-08-31,41.99,16.11,1,1,58.1,3,1,5.0,1.0,4338059435dc4de9f8f3ab662f62ab01,96211,rio grande,RS,17.355046296296297,23.456712962962964,0,58.1
912a714073cf7bcaa2673fce2ec99d6f,54ce593c879d3d84082ab8d1cd076472,delivered,2017-08-07 13:04:36,2017-08-07 13:23:28,2017-08-15 21:42:22,2017-08-22 18:26:53,2017-09-04,159.98,98.18,2,1,258.16,10,1,2.0,1.0,c3a586b0615376fa76a977f3c0039ed5,35970,barao de cocais,MG,15.22380787037037,27.45513888888889,0,258.15999999999997
e778abcc21ac8c885cf25e865e3ac49b,d4911eb6b6642de30488f78e70a9fe5d,delivered,2017-08-07 13:09:57,2017-08-07 13:23:30,2017-08-08 16:09:08,2017-08-09 18:24:29,2017-08-18,29.0,7.78,1,1,36.78,1,1,5.0,1.0,e026ef170c6c747799d77de7b6eacc93,9751,sao bernardo do campo,SP,2.218425925925926,10.45142361111111,0,36.78
223b21af0c2d24db54dfa4ee559fbe28,7743a320b133a0703f259bbabadb47cb,delivered,2017-08-07 13:10:26,2017-08-07 13:43:19,2017-08-09 17:00:03,2017-08-14 19:27:36,2017-09-06,79.99,21.36,1,1,101.35,1,1,5.0,1.0,603c79d4861632b8dd1557bdc063ebdc,3313,sao paulo,SP,7.261921296296296,29.451087962962962,0,101.35
371ecec04db578a2451088388326d50f,e76d3ee389e60c9f35945ad13caecf32,delivered,2017-08-07 13:16:11,2017-08-08 13:40:12,2017-08-09 15:10:20,2017-08-17 19:45:10,2017-08-29,103.84,32.24,2,1,136.08,3,1,5.0,1.0,8e4be769c1e241198b7ef3bb4cea5277,31170,belo horizonte,MG,10.270127314814815,21.447094907407408,0,136.08
f6b579d3cdf2be4e94886491e5756f5c,75049e113d5db07507bd6ac4cc33f46a,delivered,2017-08-07 13:18:05,2017-08-07 13:35:06,2017-08-08 18:23:52,2017-08-19 13:29:41,2017-09-08,359.8,37.66,2,1,397.46,10,1,4.0,1.0,0c6c15ab2473cc286e292af92a34be1c,40800,salvador,BA,12.008055555555556,31.445775462962963,0,397.46000000000004
2eb223bca7f1fae261d99669d7e8b20d,a77fbe2826d37bc0d1c1965291a08956,delivered,2017-08-07 13:39:33,2017-08-07 13:50:20,2017-08-09 19:08:12,2017-08-14 17:22:59,2017-08-18,190.0,10.74,1,1,200.74,3,1,5.0,1.0,e8642823d86fdb537514407411c2b8cc,12410,pindamonhangaba,SP,7.155162037037037,10.430868055555555,0,200.74
a40644cc74b7b5cc5d97aadc54b2f8c7,8d01aee3734d2912fd26cf34d9f0a462,delivered,2017-08-07 14:07:24,2017-08-07 14:43:12,2017-08-07 19:49:59,2017-08-10 23:08:06,2017-08-25,49.0,13.37,1,1,62.37,2,1,4.0,1.0,e23af8e8d47f19c39b62fd91487e1738,15803,catanduva,SP,3.375486111111111,17.411527777777778,0,62.37
62eb512df70887fef619aef41c193429,12938c2cf80c01e9b80ad27a7e93e14b,delivered,2017-08-07 14:10:09,2017-08-07 14:23:03,2017-08-08 18:00:06,2017-08-21 20:13:45,2017-09-11,89.9,42.66,1,1,132.56,4,1,5.0,1.0,8ee092d109092f3584ee910259c59a88,53435,paulista,PE,14.2525,34.409618055555555,0,132.56
6c589cce00692bb7fbd49d0eac280b17,fcf170ce0cbc74bfbc925f787a53940e,delivered,2017-08-07 14:11:20,2017-08-09 02:55:22,2017-08-11 20:19:53,2017-08-17 18:30:13,2017-08-31,190.0,17.09,1,1,207.09,1,1,5.0,1.0,dc515b77bbc0990cc606ca579c2c52a7,95680,canela,RS,10.179780092592592,23.408796296296295,0,207.09
b6f999c6eccbf4df9af77d67c77a8e52,61fc851ac2ccfe9254c67b210b69ad7f,delivered,2017-08-07 14:14:22,2017-08-08 05:00:23,2017-08-08 19:56:43,2017-08-15 23:54:50,2017-08-29,38.0,15.11,1,1,53.11,1,1,5.0,2.0,47c1a3033b8b77b3ab6e109eb4d5fdf3,6634,jandira,SP,8.403101851851853,21.406689814814815,0,53.11
c66985d27ca5899e6058749d3432daf4,57802b83580aed851828868d4f7a4917,delivered,2017-08-07 14:14:22,2017-08-08 03:50:12,2017-08-09 15:12:48,2017-08-15 22:57:42,2017-08-29,59.9,11.92,1,1,71.82,1,1,5.0,1.0,47c1a3033b8b77b3ab6e109eb4d5fdf3,6634,jandira,SP,8.363425925925926,21.406689814814815,0,71.82
34225a124aef4e4ad2d5df2c52c57e1d,850a1df97338476bae10e875c6d671cb,delivered,2017-08-07 14:15:03,2017-08-07 14:30:06,2017-08-07 20:53:53,2017-08-21 20:14:31,2017-09-06,108.9,29.16,1,1,138.06,3,1,5.0,1.0,6db0b7bf346c5a9261badc504bf6e2c2,90035,porto alegre,RS,14.249629629629629,29.40621527777778,0,138.06
566664b31c9fed474421011b0fe4aaed,61ca1c91479ab015711930b5e4e429a3,delivered,2017-08-07 14:20:35,2017-08-08 10:50:15,2017-08-16 19:35:03,2017-08-24 19:36:49,2017-09-08,69.36,16.74,1,1,86.1,3,1,5.0,1.0,700924bdd14c512088abb6a9e79299f6,29160,serra,ES,17.21960648148148,31.402372685185185,0,86.1
71c7839f5c8ada2b0bb433d9b1b60068,756df680811a9c9014e16ae1aff17c42,delivered,2017-08-07 14:21:51,2017-08-07 14:30:10,2017-08-09 12:20:04,2017-08-18 17:07:46,2017-08-30,58.99,17.66,1,1,76.65,3,1,5.0,1.0,8cea114a24df5955b318d77b50ca288a,86230,nova america da colina,PR,11.115219907407408,22.401493055555555,0,76.65
dbb6cbbc98dbc65229f1377c7f0408c7,389443bd63b73ccc36bdc8a8cc810b9f,delivered,2017-08-07 14:22:44,2017-08-08 05:20:15,2017-08-09 14:36:58,2017-08-15 21:06:48,2017-08-29,26.1,15.1,1,1,41.2,1,1,4.0,1.0,bd339d25144aff3ed2e478fc25de3bbd,26011,nova iguacu,RJ,8.280601851851852,21.400879629629628,0,41.2
f2bb3a124d84782133f5aadabe42adca,818d1d4546811376391993b7b82d689b,delivered,2017-08-07 14:29:45,2017-08-07 14:45:16,2017-08-11 20:41:49,2017-08-14 18:14:11,2017-08-18,109.9,9.58,1,1,119.48,5,1,5.0,1.0,efce1ab3e96ccab8b1b464326bd22417,1424,sao paulo,SP,7.155856481481481,10.396006944444444,0,119.48
8431f8b44d5d90252e64059e253c308d,8a7f485b99c1e2752cf38f51601d435f,delivered,2017-08-07 14:32:09,2017-08-07 14:45:15,2017-08-07 19:29:53,2017-08-15 18:44:52,2017-08-18,99.8,17.44,2,1,117.24,5,1,4.0,1.0,2c7210a0599f020ec353d97bb02ac6fd,13056,campinas,SP,8.175497685185185,10.394340277777777,0,117.24
94a234743199c2efcc0808e625dfccde,1f1bbaae6c594001f1baac4d5823a4b9,delivered,2017-08-07 14:38:30,2017-08-07 14:50:20,2017-08-08 18:09:43,2017-08-21 19:19:33,2017-08-31,97.0,15.43,1,1,112.43,2,1,5.0,1.0,e9b896c3563bfaf5ddc052892c06923f,72460,brasilia,DF,14.19517361111111,23.389930555555555,0,112.43
85ca024d3c6ecdf9471558f7cb719c4b,f0b50609da2dc387b638762a458aaf84,delivered,2017-08-07 14:55:50,2017-08-07 15:10:18,2017-08-23 11:28:23,2017-08-31 17:57:45,2017-09-15,401.34,57.25,1,1,458.59,3,1,1.0,1.0,cc6af3b2d303bdcbc3138dd7f9bb1655,46400,caetite,BA,24.126331018518517,38.37789351851852,0,458.59
eaf77fff2564e301d10b2a335babf44b,5b185f5620291f8d0011e4fa3a7a3e7c,delivered,2017-08-07 15:06:22,2017-08-07 16:03:28,2017-08-08 18:32:21,2017-09-15 17:37:53,2017-09-06,19.9,21.15,1,1,41.05,1,1,1.0,1.0,929cb30f2b2d985b1cd520bedb21aee3,52060,recife,PE,39.10521990740741,29.370578703703703,1,41.05
0de53a4efa2bd4fabcf88a53d812bfd6,384de3712964dac9608be5ca37617e39,delivered,2017-08-07 15:13:13,2017-08-09 02:56:00,2017-08-14 14:46:53,2017-09-18 16:57:57,2017-08-25,71.4,12.0,1,1,83.4,1,1,1.0,1.0,6e842698bc44b11255a9f13423ba9a4a,2363,sao paulo,SP,42.07273148148148,17.36582175925926,1,83.4
ebcb5b268095abb9ff8739f83b939864,168b5d343376984732f2f71895766adf,delivered,2017-08-07 15:15:03,2017-08-07 16:03:30,2017-08-08 18:52:55,2017-08-14 17:24:00,2017-08-25,15.9,11.85,1,1,27.75,2,1,5.0,1.0,c2ccefc0bb477cae8e2c242fca56a504,14871,jaboticabal,SP,7.089548611111111,17.36454861111111,0,27.75
07a3ecc544326f0c462c5423eaca1812,7ecab6f3f9ab08d676b6b9984779c9e0,delivered,2017-08-07 15:15:48,2017-08-08 04:44:24,2017-08-08 23:03:35,2017-08-18 15:43:57,2017-09-11,165.0,18.43,1,1,183.43,1,1,3.0,1.0,795de358ecda8dcd5c0203b2b753f918,66010,belem,PA,11.01954861111111,34.36402777777778,0,183.43
57f67475fb7b09eedaba20d1a7cc6097,e57c26f7888cbed458512dd2b53d7180,delivered,2017-08-07 15:29:39,2017-08-08 15:43:32,2017-08-10 15:08:17,2017-08-23 14:38:16,2017-08-31,159.9,15.87,1,1,175.77,4,1,5.0,1.0,1473636eb2ceaf90448ed0e1f5b6a166,73360,brasilia,DF,15.96431712962963,23.354409722222222,0,175.77
dae67e58d2770b3ab2c43c03b4e76280,c8e84260971a95adbfc161affa0ebc15,delivered,2017-08-07 15:59:11,2017-08-07 16:15:17,2017-08-09 21:32:31,2017-08-16 16:52:16,2017-08-25,44.8,12.48,1,1,57.28,5,1,5.0,1.0,180b089cf85b27478809ba5324c8bee6,39540,sao joao do paraiso,MG,9.036863425925926,17.333900462962962,0,57.28
bc878545684a3c5063d67725f1113ad5,df0cfe25bfb9db0e491a9791fafe70ec,delivered,2017-08-07 16:06:52,2017-08-08 16:15:10,2017-08-09 18:28:07,2017-08-25 14:13:07,2017-08-29,575.5,30.35,1,1,605.85,10,1,5.0,1.0,316e64f500c9c546f11bdb5d22bfc7b8,25267,duque de caxias,RJ,17.921006944444443,21.328564814814815,0,605.85
34264146fae64f03cf47c5211091acfe,8eddeeb14e0999f2e78201542dc0f4ed,delivered,2017-08-07 16:08:12,2017-08-07 16:25:14,2017-08-08 11:39:59,2017-08-14 18:06:06,2017-08-29,51.8,32.22,2,1,84.02,8,1,5.0,1.0,b212d941f149d0c1f077a268273bc502,35180,timoteo,MG,7.081875,21.327638888888888,0,84.02
37d928cc42067f69b394747c5c71a260,5f79f446984a2ba4f1cb86bf26f3ef64,delivered,2017-08-07 16:08:33,2017-08-08 16:15:18,2017-08-10 19:10:33,2017-08-11 21:55:50,2017-09-04,239.9,17.12,1,1,257.02,1,2,4.0,1.0,79b23d9300163e8db6ae01c4d2eb3394,41830,salvador,BA,4.241168981481482,27.327395833333334,0,257.02
536f87431ee4a19ed39a8c419a4c5692,afd7ea9982d46a2379b043eaf99e3020,delivered,2017-08-07 16:18:34,2017-08-09 12:30:12,2017-08-09 20:09:52,2017-08-23 20:56:57,2017-08-31,99.97,16.14,1,1,116.11,1,1,4.0,1.0,1d2d25bac23b0e9582aadbafd619a080,74453,goiania,GO,16.19332175925926,23.320439814814815,0,116.11
451fbdf4d10b8d3d4da3f5d226bc5ae9,abd10efcba52884626c22cdca7dba539,delivered,2017-08-07 16:20:45,2017-08-07 16:43:45,2017-08-08 20:45:56,2017-08-17 18:25:28,2017-08-29,14.9,15.1,1,1,30.0,2,1,5.0,1.0,9f4c36aa1686f840116ee318a5f32b11,15320,floreal,SP,10.086608796296296,21.31892361111111,0,30.0
3a97b29009aa1ec54a67fd256b762b14,83f98a31688d3ce5de0bc10d5c375ce0,delivered,2017-08-07 16:31:14,2017-08-07 17:03:29,2017-08-09 19:10:27,2017-08-22 17:46:12,2017-08-31,199.7,18.65,1,1,218.35,2,1,5.0,1.0,da1350640cb6f44df284977b3acef692,71919,brasilia,DF,15.052060185185185,23.31164351851852,0,218.35
ce648a016d0547e13c8cf94449256982,3b591652b5b59d3e035281d4597a81e2,delivered,2017-08-07 16:33:59,2017-08-07 16:55:15,2017-08-08 13:10:25,2017-08-14 15:17:25,2017-08-29,279.99,74.91,1,1,354.9,6,1,4.0,1.0,c36acb527b8f2c464abd036b879f4ec8,20250,rio de janeiro,RJ,6.946828703703703,21.309733796296296,0,354.9
734a45cad1f49226013e72303953d6ad,cc2c433fef10e158effe8dc9bba5018d,delivered,2017-08-07 16:35:50,2017-08-07 16:55:19,2017-08-08 22:17:59,2017-08-15 15:13:59,2017-08-29,73.9,28.2,2,2,102.1,3,1,5.0,1.0,b2d7efad96cd6e0818a695a03507bdbd,31930,belo horizonte,MG,7.943159722222222,21.308449074074073,0,102.10000000000001
99ad48402644a3968f2481defdc57947,abc709e0756f508111c68314b00cec25,delivered,2017-08-07 16:36:51,2017-08-07 17:20:06,2017-08-12 00:03:35,2017-08-10 21:22:31,2017-09-05,343.9,43.029999999999994,2,2,386.93,8,1,1.0,1.0,c7f812dce068c1d276120b3fba208f7b,88802,criciuma,SC,3.19837962962963,28.307743055555555,0,386.92999999999995
29b56549adf0256e35b6aabd8a7f7455,2c2403fd211b56dcde8c570e2af77ff6,delivered,2017-08-07 16:45:26,2017-08-07 17:23:06,2017-08-08 17:36:07,2017-08-15 19:03:22,2017-08-29,43.98,17.6,1,1,61.58,3,1,4.0,1.0,cfde5305d07e35893800f16df83aec28,15054,sao jose do rio preto,SP,8.095787037037036,21.30178240740741,0,61.58
a6414c6610d79fef8ecb35e54989d566,31d517c2ccda6a4b33898d5f738ecb3b,delivered,2017-08-07 16:51:16,2017-08-07 17:10:12,2017-08-09 18:24:26,2017-08-14 11:03:44,2017-08-31,229.8,29.1,2,1,258.9,4,1,5.0,1.0,e5c080a674f1c1610f4c1385a394ae60,4006,sao paulo,SP,6.758657407407408,23.29773148148148,0,258.90000000000003
0e137ff5dbbd948fb108877492be365c,fd709023690c423c8e83bab1d36cd8b1,delivered,2017-08-07 16:58:15,2017-08-07 17:23:07,2017-08-15 21:42:20,2017-08-23 16:55:38,2017-09-06,144.99,30.85,1,1,175.84,1,2,5.0,1.0,6e5c28706f896b7f1904372cf0cd8b8f,70732,brasilia,DF,15.998182870370371,29.292881944444446,0,175.84
615ca9b2afeaf5644ae8cef64797132e,f81bb64a1e672e6cbd0e027046db8533,delivered,2017-08-07 17:20:26,2017-08-08 04:25:31,2017-08-08 20:18:18,2017-08-14 20:07:07,2017-09-08,90.0,32.22,2,1,122.22,1,1,5.0,1.0,b8b6643025dbcaa0e516a72f6d0d0717,90450,porto alegre,RS,7.115752314814815,31.27747685185185,0,122.22
abf40713667771b2f331cca776f225f7,1d180a8db4067b40c14f135a54d6e144,delivered,2017-08-07 17:24:42,2017-08-07 17:35:25,2017-08-09 15:10:18,2017-08-21 17:33:40,2017-08-29,51.92,16.12,1,1,68.04,2,1,5.0,1.0,e8e6db192b9da6b02473f7b181855269,26263,nova iguacu,RJ,14.006226851851851,21.27451388888889,0,68.04
400f443373af2cc7cca6166823ef939e,c4fb92b97f427f554cd03632d9f81387,delivered,2017-08-07 17:26:19,2017-08-09 02:55:37,2017-08-10 19:07:51,2017-08-14 19:55:00,2017-08-29,40.0,15.1,1,1,55.1,1,1,5.0,1.0,979f3bf020fee365ea741df1468b620e,81550,curitiba,PR,7.103252314814815,21.273391203703703,0,55.1
6d166a44957a119a79b6213272be7841,42aea70a3c46ebc54431c9cdc496ace6,delivered,2017-08-07 17:34:04,2017-08-07 17:50:19,2017-08-11 19:11:43,2017-08-24 15:47:46,2017-08-29,99.0,18.26,1,1,117.26,5,1,5.0,1.0,2a597df7087f2b3032a62b0b142260a3,29345,marataizes,ES,16.926180555555554,21.26800925925926,0,117.26
2f9df1faa244b3c72c69901d8c999539,d47066f2891c6abba2644add82add774,delivered,2017-08-07 17:34:54,2017-08-08 17:45:18,2017-08-09 20:47:36,2017-08-21 18:07:49,2017-09-06,120.0,18.41,1,1,138.41,2,1,4.0,1.0,654702436f651b2c2c1b42cbcb0ca371,44020,feira de santana,BA,14.022858796296296,29.267430555555556,0,138.41
046100ad996b1c80d13e7e90fccd0560,80aecbe9841e2594daf4211199cec79b,delivered,2017-08-07 17:35:03,2017-08-09 02:45:12,2017-08-10 14:10:03,2017-08-15 19:17:41,2017-08-28,49.99,11.85,1,1,61.84,1,1,4.0,1.0,f34e9f318400ab43aece943bf7d6c6ef,13290,louveira,SP,8.071273148148148,20.26732638888889,0,61.84
b5a1d012931f59ed905df201cf2aba80,56e7899b07b9a515442d8855a6e049b3,delivered,2017-08-07 17:41:16,2017-08-07 18:20:06,2017-08-08 20:11:58,2017-08-11 15:57:44,2017-08-29,119.35,18.09,1,1,137.44,1,2,5.0,1.0,01d8df79b0fe245a03928d53fc25c223,18130,sao roque,SP,3.928101851851852,21.26300925925926,0,137.44
f2a871697115fe3d0619068a8f8eec25,3cb7adc7e73bae83c6f907892e6b0784,delivered,2017-08-07 17:55:40,2017-08-07 18:10:18,2017-08-08 19:17:01,2017-08-10 15:53:17,2017-08-29,163.8,42.51,3,1,206.31,10,1,5.0,1.0,778d0dd58a6a32641db8c481e48ab473,9510,sao caetano do sul,SP,2.915011574074074,21.253009259259258,0,206.31
c3e544a509d5603803d4f6eaedcaf0b8,67ccb8621f5cb3f53b797fe9af6143c6,delivered,2017-08-07 18:36:25,2017-08-07 18:50:19,2017-08-08 14:28:54,2017-08-11 13:12:42,2017-08-29,59.9,15.18,1,1,75.08,2,1,5.0,1.0,e8d4edef117c8915ae15d8fb4bd24f41,4169,sao paulo,SP,3.7751967592592592,21.224710648148147,0,75.08
5850a159b783424b168c438678b6cc61,d8026fd77d007821d7adceaf8cdf205f,delivered,2017-08-07 18:38:22,2017-08-09 02:45:38,2017-08-14 23:21:48,2017-08-17 18:34:24,2017-09-01,119.8,26.88,2,1,146.68,1,1,5.0,1.0,07aa0e46a3fec5c648422487a2efe4a9,3803,sao paulo,SP,9.99724537037037,24.22335648148148,0,146.68
0d6b94a6fbdff968503c0aa3e7bffdbf,0a160d7838c9baf60991f2b623ea69ab,delivered,2017-08-07 18:51:58,2017-08-07 20:03:15,2017-08-09 14:04:35,2017-08-28 20:48:01,2017-08-31,280.0,16.71,1,1,296.71,6,1,4.0,1.0,253a63a026e59e4e13818379476836b5,29128,vila velha,ES,21.080590277777777,23.213912037037037,0,296.71
fd22d0466cd7c6203111661f9efc93a1,6a203c8a8113cab225817117e15aa9cb,delivered,2017-08-07 18:52:22,2017-08-07 19:23:28,2017-08-10 19:34:24,2017-08-16 20:33:18,2017-08-29,45.49,16.11,1,1,61.6,1,1,4.0,1.0,48ea9234386f082f39ce1a05c9e440ee,3220,sao paulo,SP,9.070092592592593,21.21363425925926,0,61.6
b3bb81a4fe1e47c62f92706ebdbf4e4b,b6f70fd2cf64a0aaa63332651fc24d3b,delivered,2017-08-07 19:07:37,2017-08-07 19:23:36,2017-08-10 16:40:38,2017-08-21 22:11:03,2017-08-31,22.99,16.11,1,1,39.1,1,1,5.0,1.0,b62777d3969196b3329205b4d8e1ba0a,83570,cerro azul,PR,14.127384259259259,23.203043981481482,0,39.099999999999994
90214a4751f75ee8783bed5037f9b0db,a782abb7735faf6aae9beef3c0fb03eb,delivered,2017-08-07 19:27:17,2017-08-07 19:35:16,2017-08-10 15:17:49,2017-08-17 16:57:51,2017-09-06,19.99,25.63,1,1,45.62,4,1,5.0,1.0,1829912005bf614b746ee2e4c64e5f35,49045,aracaju,SE,9.896226851851852,29.189386574074074,0,45.62
11978d520d85578c9f024b99ac1a87ef,4304f16b63cae276cb72b52baeb978cf,delivered,2017-08-07 19:36:19,2017-08-07 20:25:19,2017-08-10 15:57:31,2017-08-16 21:10:07,2017-08-29,34.99,15.1,1,1,50.09,1,1,2.0,1.0,182076895d6b45f8c8be8af5fdf0e8b2,36774,cataguases,MG,9.065138888888889,21.183113425925924,0,50.09
a6bf5dacdd39006545530c216e48cd9d,a9ace71b0345a6f1a1a36e0baec156f2,delivered,2017-08-07 19:38:03,2017-08-08 19:45:14,2017-08-09 16:47:55,2017-08-18 18:19:28,2017-08-31,345.99,31.46,1,1,377.45,10,1,5.0,1.0,ca0cd3df6d6d19d7f9a1b95c0465b52f,27910,macae,RJ,10.94542824074074,23.181909722222223,0,377.45
3d2c6a6debb7264f52777cc9912a3b7c,ed8dced159c9842a1ba5667496d12ae3,delivered,2017-08-07 19:39:09,2017-08-07 20:35:15,2017-08-08 19:42:10,2017-08-21 20:13:40,2017-09-11,118.88,33.28,1,1,152.16,2,1,5.0,1.0,8d3ec758b05fe820f5cfc8168dde872c,60430,fortaleza,CE,14.023969907407407,34.18114583333333,0,152.16
605bef5cb70439384c5b53ecc7c38996,9ed647ae5dd3bcaf166b0fea7c9bd3b4,delivered,2017-08-07 19:47:44,2017-08-07 20:43:06,2017-08-08 16:13:51,2017-08-25 19:43:33,2017-09-11,49.0,21.15,1,1,70.15,2,1,4.0,1.0,e02c0cf2ecb93cdb6c47ca2602011bc4,65065,sao luis,MA,17.99709490740741,34.175185185185185,0,70.15
72cd8348e9ca7da3caf7a2c3f09ec40f,d47045b724e2376fcd8fb1835e472cf4,delivered,2017-08-07 19:54:40,2017-08-07 20:25:19,2017-08-10 14:52:09,2017-08-28 13:59:46,2017-08-29,54.99,16.14,1,1,71.13,4,1,5.0,1.0,0a609db8d244100909a15d65eadf8539,25745,petropolis,RJ,20.753541666666667,21.17037037037037,0,71.13
0ae08ad3fa90d3854fb8e22472d9b1a0,eb71557f1184513989581773d1afc0d5,delivered,2017-08-07 20:01:47,2017-08-07 20:45:19,2017-08-11 20:47:41,2017-08-16 19:52:15,2017-08-25,62.9,13.46,1,1,76.36,1,1,3.0,1.0,9caf7fce45f197ace0ef67476d5f0b94,4761,sao paulo,SP,8.99337962962963,17.16542824074074,0,76.36
d08a45bfb5b6342c010911e51868f688,fe3d5d84819ddde6e98f37b43831c126,delivered,2017-08-07 20:07:03,2017-08-07 20:50:21,2017-08-08 18:32:32,2017-08-16 18:22:50,2017-08-29,149.99,17.3,1,1,167.29,1,1,5.0,1.0,9620e26af0dfec5a16a52cd2afa81717,83060,sao jose dos pinhais,PR,8.927627314814815,21.161770833333332,0,167.29000000000002
3e64ee45a339ce09c4e27564b45ba09e,530220145a68ef57f0cc54faf1061f8c,delivered,2017-08-07 20:11:56,2017-08-09 02:50:33,2017-08-09 19:46:00,2017-08-15 17:42:30,2017-08-25,94.9,14.39,1,1,109.29,1,1,5.0,1.0,7b24d0e6584ac5a21ec1256d96965500,35500,divinopolis,MG,7.896226851851852,17.15837962962963,0,109.29
178ad6d5050011f2f0e7b7e66d6f02c8,9877fcd27590eefc7315fa5469dfe2f3,delivered,2017-08-07 20:16:02,2017-08-08 20:25:18,2017-08-12 10:48:51,2017-08-18 18:53:47,2017-09-08,79.9,23.43,1,1,103.33,6,1,5.0,1.0,d586c10b062e58dae09473b3b4bb660b,76700,mozarlandia,GO,10.942881944444444,31.155532407407406,0,103.33000000000001
dec95374a1bf2366249bf770e0568a85,378d61367c6ec285314c674bb3398b4c,delivered,2017-08-07 20:16:06,2017-08-07 20:55:08,2017-08-08 22:10:07,2017-08-12 10:22:12,2017-08-18,65.63,12.48,1,1,78.11,3,1,5.0,1.0,643ac5cffa27ad03228b9c16a186dc09,14094,ribeirao preto,SP,4.587569444444444,10.155486111111111,0,78.11
fd28bd7a604fde40a52ee6716b971139,35482a246830bbc5d40ae2e56407abe8,delivered,2017-08-07 20:25:11,2017-08-07 21:30:15,2017-08-11 15:17:28,2017-08-24 22:08:18,2017-08-22,14.9,8.27,1,1,23.17,2,1,5.0,1.0,ef313cd19f2c31154a7a95cb25eb3bf4,2870,sao paulo,SP,17.071608796296296,14.14917824074074,1,23.17
1aa2373a5597e5431f08d809fde15d5b,7c6d2c5a15f97e2fdf626ba09c19bb07,delivered,2017-08-07 20:31:26,2017-08-09 02:50:58,2017-08-11 19:35:40,2017-08-15 19:32:48,2017-08-31,153.88,48.39,3,2,202.27,1,1,1.0,1.0,435ee7de914c7ad91f1c0945b8443dd6,29306,cachoeiro de itapemirim,ES,7.959282407407407,23.144837962962963,0,202.26999999999998
5a94fd90d3f89448e9e870e7cec75c52,772c0cc8054e2559cd15a12f7e4116bb,delivered,2017-08-07 20:34:03,2017-08-07 21:30:17,2017-08-08 18:09:44,2017-08-10 19:07:12,2017-09-01,339.0,17.12,1,1,356.12,3,1,5.0,1.0,374a0f57bae9d619b5f609f34f1ea113,25680,petropolis,RJ,2.9396875,24.143020833333335,0,356.12
de088e6f998f5de89b21882cd761baea,15202e50db249d6ac603e8cd4f0f7d32,delivered,2017-08-07 20:41:30,2017-08-07 21:23:37,2017-08-09 21:32:50,2017-08-22 18:34:10,2017-08-31,34.99,15.1,1,1,50.09,1,1,5.0,1.0,28da9098d5696a038d59a8f3b339308f,96503,cachoeira do sul,RS,14.911574074074075,23.137847222222224,0,50.09
1f2b7ae7e2372de1f0daf10288d65c9c,4c880e154829e72073c4e5558572ab68,delivered,2017-08-07 21:01:57,2017-08-08 22:25:18,2017-08-09 19:52:28,2017-08-16 18:04:10,2017-08-29,39.99,15.11,1,1,55.1,5,1,5.0,1.0,08956f78b05a629117296cd7fea74142,5009,sao paulo,SP,8.876539351851852,21.123645833333335,0,55.1
8a2914855b65c59992d45f1b611388ea,1047d587287fb7710763586802c0c256,delivered,2017-08-07 21:06:36,2017-08-07 22:04:10,2017-08-08 17:32:35,2017-08-14 18:52:00,2017-08-29,24.9,15.1,1,1,40.0,1,1,5.0,1.0,4ea6c3c0ddbe4935ab5766001f06c9e4,89222,joinville,SC,6.906527777777778,21.120416666666667,0,40.0
29c20a338ac69db0ccfe9702b4f94a54,f3d2136779b53dee8984591b042e6995,delivered,2017-08-07 21:09:46,2017-08-09 02:50:27,2017-08-11 19:45:54,2017-08-23 10:42:44,2017-08-30,150.0,18.3,1,1,168.3,1,1,5.0,1.0,ea563003f00c888b75349498e40d6404,87330,nova cantu,PR,15.564560185185185,22.118217592592593,0,168.3
907f97a18c02082128c530919e8fe089,d65b5eb4db1dc746ce03098d3eee419c,delivered,2017-08-07 21:11:12,2017-08-07 22:04:14,2017-08-11 15:58:55,2017-08-17 19:08:00,2017-09-18,229.0,26.05,1,1,255.05,10,1,2.0,1.0,a5220ad96e5091d849093cbd979ceb13,54410,jaboatao dos guararapes,PE,9.914444444444445,41.117222222222225,0,255.05
8f66c7fa9b811026d696fc619becd5df,72121723bc54405da6fd53fda50dac24,delivered,2017-08-07 21:11:29,2017-08-08 03:50:19,2017-08-08 18:15:00,2017-08-09 16:27:43,2017-08-18,95.0,7.92,1,1,102.92,1,1,4.0,1.0,5b930155d89c36a3961cb875cf8ecf35,5819,sao paulo,SP,1.8029398148148148,10.117025462962962,0,102.92
e1340387000e6eeb71a9a7f65013c9bf,e4d617cbd4195b7885dc29d5ea5dccfb,delivered,2017-08-07 21:13:12,2017-08-09 02:50:30,2017-08-10 19:33:54,2017-08-23 18:56:53,2017-09-14,349.9,46.3,1,1,396.2,1,1,5.0,1.0,120938b8ae513a75bbe32a57397cf563,49509,itabaiana,SE,15.905335648148148,37.115833333333335,0,396.2
05ac54e2c004e051fa139f2efc01fadb,96914fdd5f6874118ee6539bd4a0634e,delivered,2017-08-07 21:25:10,2017-08-08 04:25:18,2017-08-10 15:53:19,2017-08-11 18:22:51,2017-08-18,819.9,12.99,1,1,832.89,1,1,5.0,1.0,8296d8ac4af838c59636635e23f3411e,5136,sao paulo,SP,3.8733912037037035,10.107523148148148,0,832.89
1cc3ae63caffff2d6c3ee3e78e074acf,01c843a2c0600def0b7693dba47af460,delivered,2017-08-07 21:35:22,2017-08-08 21:45:15,2017-08-10 18:28:56,2017-08-10 18:05:38,2017-08-25,127.88999999999999,23.57,2,2,151.46,6,1,2.0,1.0,f3d176999f9c1273045f770712608944,8810,mogi das cruzes,SP,2.854351851851852,17.100439814814816,0,151.45999999999998
73c0786753e32171d5d1bba1e682b4ba,437820aa4853d90478621dffef1aae45,delivered,2017-08-07 21:41:19,2017-08-09 02:55:48,2017-08-09 17:15:40,2017-08-17 15:46:52,2017-09-06,14.9,16.79,1,1,31.69,1,1,5.0,1.0,a50a18d0f932c1cf1dec68cc1d281d8a,45930,mucuri,BA,9.753854166666667,29.09630787037037,0,31.689999999999998
e37531db8933bdce0f86e9dc3768759e,74380820e581b5e8585abc1b5e11c079,delivered,2017-08-07 21:48:23,2017-08-07 22:25:11,2017-08-08 13:00:00,2017-08-16 11:42:26,2017-08-29,75.9,14.28,1,1,90.18,1,1,5.0,1.0,11f61cff2e9a4f0dc6fbbe30faa54b18,21340,rio de janeiro,RJ,8.579201388888889,21.091400462962962,0,90.18
bef626fc782c8b4f824510ddf2e335ac,72d3414ecbce9f4d2ddab40a0e7c8747,delivered,2017-08-07 21:58:33,2017-08-07 23:03:16,2017-08-09 20:52:08,2017-08-17 21:59:58,2017-08-31,56.29,17.64,1,1,73.93,1,2,3.0,1.0,191e0f453bea7f50ce1fcd514af38835,97670,sao borja,RS,10.000983796296296,23.084340277777777,0,73.93
7adcb3fbea63cc564e4cab47e33354b4,70f5029b46796e97905c9c193617e317,delivered,2017-08-07 21:58:34,2017-08-07 23:03:18,2017-08-10 16:54:03,2017-08-14 22:17:53,2017-08-18,15.99,7.78,1,1,23.77,2,1,3.0,1.0,8f54419aba202f0166bc4fddf2edebf1,13087,campinas,SP,7.013414351851852,10.084328703703704,0,23.77
e588764e20ea16aa323300b4b52de660,493db3eca4ddc49b4c6a71d743aef4b0,delivered,2017-08-07 22:03:59,2017-08-07 22:45:17,2017-08-08 17:33:35,2017-08-25 18:07:52,2017-09-06,59.9,17.99,1,1,77.89,7,1,2.0,1.0,de16b330722362f02b7e1a233a5a8d4f,45655,ilheus,BA,17.836030092592594,29.080567129629628,0,77.89
8453dac90d79a1163ca3cc4399801d62,7df2027daaf624fff7a43f2726f3a69c,delivered,2017-08-07 22:05:44,2017-08-09 02:45:54,2017-08-11 20:11:06,2017-08-29 20:26:55,2017-08-29,161.6,15.88,1,1,177.48,1,1,1.0,1.0,46ab2c3b332c4cf3e3df6f55ba028cc8,88123,sao jose,SC,21.931377314814814,21.07935185185185,1,177.48
b4dcd6f9c2f41108f2d0136a41410392,c40e9d72eff95392ca66c567b6b6c8ce,delivered,2017-08-07 22:11:36,2017-08-08 04:23:42,2017-08-08 20:18:21,2017-08-15 19:16:40,2017-08-25,59.9,11.92,1,1,71.82,1,1,5.0,1.0,3045207412f1fd49feec7d9c2488210a,14180,pontal,SP,7.8785185185185185,17.075277777777778,0,71.82
0bb5b2fd739934d00d6c8ad3a4e0f5a4,713be237a62bf47f7bc3acb21f0f41eb,delivered,2017-08-07 22:25:05,2017-08-07 23:05:21,2017-08-09 14:40:45,2017-08-15 17:05:20,2017-08-18,177.0,10.65,1,1,187.65,10,1,5.0,1.0,b4c9b126711b621c4f4cc755596936f9,13052,campinas,SP,7.777951388888889,10.065914351851852,0,187.65
e24897d16e9e9993e55e91c606074d52,9c94b4fdba6f3d512088c99afbeb1372,delivered,2017-08-07 22:27:09,2017-08-09 02:45:53,2017-08-14 23:21:48,2017-08-21 23:22:10,2017-09-01,119.8,26.88,2,1,146.68,1,1,5.0,1.0,502296229b3ef977c9358849ec2c314f,7402,aruja,SP,14.038206018518519,24.06447916666667,0,146.68
0a58de38cd66544f6bbe4f5ab326e5f6,d4d03dabe3ab500b604478efe09c6629,delivered,2017-08-07 22:32:42,2017-08-07 23:15:12,2017-08-10 14:00:00,2017-08-11 21:19:53,2017-08-18,100.0,23.29,1,1,123.29,5,1,5.0,1.0,f10b23839856dd4f6b7a0c5925c94d45,6330,carapicuiba,SP,3.9494328703703703,10.060625,0,123.28999999999999
b490f4ee602a5065a34482b65e8a4114,066d514a8533ab695dd9c730aec73260,delivered,2017-08-07 22:37:51,2017-08-08 04:25:36,2017-08-11 18:58:16,2017-08-18 20:02:58,2017-09-08,139.9,17.42,1,1,157.32,1,1,5.0,1.0,14e1bf91e4bb789e2bd29fc22f926742,79002,campo grande,MS,10.892442129629629,31.05704861111111,0,157.32
d4b13d051f5f54336f65b26b2c8255d0,80ca2b9de4805d464b87dce73116c6da,delivered,2017-08-07 22:57:44,2017-08-07 23:43:27,2017-08-09 22:07:30,2017-08-10 15:57:30,2017-08-18,34.99,7.78,1,1,42.77,4,1,4.0,1.0,999d7dfc65e6b444758479370b2ecbd3,8663,suzano,SP,2.7081712962962965,10.04324074074074,0,42.77
450acd2e753be51b02a7db4e9f742b52,bf9b405380881bef94f5909857a47eb0,delivered,2017-08-07 23:00:14,2017-08-08 23:10:19,2017-08-09 17:54:25,2017-08-21 18:27:50,2017-09-11,29.0,21.15,1,1,50.15,1,2,4.0,1.0,e067bffe035aa8a098fb9e7883baec65,64019,teresina,PI,13.810833333333333,34.04150462962963,0,50.15
bb85c5af835af09aa329b2f4922be259,01ec27f833d99e889b944c5112addff9,delivered,2017-08-07 23:05:59,2017-08-07 23:35:17,2017-08-11 21:14:29,2017-08-14 14:50:32,2017-08-18,129.0,13.46,1,1,142.46,3,1,5.0,1.0,dc316d7b72678f31955bd54ee0b4f58b,11065,santos,SP,6.6559375,10.037511574074074,0,142.46
719312efa72d95b357250140f48b778f,1162e7dc369b967089d15a728f133289,delivered,2017-08-07 23:08:18,2017-08-08 00:40:19,2017-08-08 17:40:18,2017-08-16 16:04:12,2017-08-29,67.0,16.23,1,1,83.23,8,1,4.0,1.0,191540df60a54c180621cddcfd18f458,24360,niteroi,RJ,8.705486111111112,21.03590277777778,0,83.23
7afdc3b6a07730a765885e34841551de,3b0174d2e75809f788c4798be65fb5ec,delivered,2017-08-07 23:15:21,2017-08-08 14:23:47,2017-08-18 19:25:48,2017-09-11 22:12:22,2017-09-14,454.0,23.98,1,1,477.98,4,1,5.0,1.0,2a4f00eb2a1a0321bbf32bdcb7240b61,65630,timon,MA,34.95626157407408,37.03100694444444,0,477.98
e1ca31317b9d333b3991d72a5717d4fc,2aabe8a2ff4e13dab250d5d8c130c8ba,delivered,2017-08-07 23:32:29,2017-08-07 23:45:18,2017-08-10 15:54:11,2017-08-14 21:24:48,2017-08-29,819.9,19.49,1,1,839.39,1,1,5.0,1.0,b31f5bf78807b72b42cfae6237d731ab,20230,rio de janeiro,RJ,6.911331018518519,21.019108796296297,0,839.39
d1d598b9c6fa6d135849e528650082c0,c0cfd65a6d4bd318ef871d81a9f387e2,delivered,2017-08-07 23:40:16,2017-08-07 23:55:07,2017-08-08 22:10:06,2017-08-11 16:42:07,2017-08-25,154.69,16.71,1,1,171.4,10,1,5.0,1.0,e939c7f5cc79fbbf0212a485c6ae0fd0,4783,sao paulo,SP,3.7096180555555556,17.013703703703705,0,171.4
2482a3ac21e8d1e6528ac010fe8c4c4e,9163faf0052ba7b49b28687ccb3eb6a6,delivered,2017-08-07 23:59:05,2017-08-08 00:15:12,2017-08-09 16:27:59,2017-08-17 19:52:35,2017-08-29,89.9,17.88,1,1,107.78,9,1,5.0,1.0,ecc4e8ea65bee089e9fda7474da7a8a4,38408,uberlandia,MG,9.828819444444445,21.000636574074075,0,107.78
cd167f0d7982e0f93c3554a4c4f03e99,31b63fdb116c62400b1db8aa4d6fee4e,delivered,2017-08-08 00:48:12,2017-08-08 01:03:30,2017-08-09 16:27:43,2017-08-15 17:32:45,2017-08-28,39.6,12.69,1,1,52.29,1,1,5.0,1.0,920d5c417ac2c46e933d1d5d2d71f7ec,17300,dois corregos,SP,7.697604166666666,19.966527777777777,0,52.29
9b91a8a7af98d4f7ca653cbadc15b556,b200f456b569cac0119c515ae68e36eb,delivered,2017-08-08 00:58:46,2017-08-08 01:15:10,2017-08-10 20:51:36,2017-08-16 21:58:58,2017-08-28,89.9,12.13,1,1,102.03,8,1,4.0,1.0,a41a399cd15106cc2308f2ea468e231b,12216,sao jose dos campos,SP,8.87513888888889,19.959189814814813,0,102.03
c30c32ccb820fc222d87bc0ea8b6eac3,183d6ae59de08a9f3a67e15c9eb6a00f,delivered,2017-08-08 01:49:02,2017-08-08 02:03:42,2017-08-08 19:42:10,2017-08-22 20:43:42,2017-09-01,799.0,21.35,1,1,820.35,10,1,4.0,1.0,16af33547f0bdd828eeff2bb6c38b481,96400,bage,RS,14.787962962962963,23.924282407407407,0,820.35
16c9149a437c7d21f682dd7d693985f0,095e3c71150ecfd3408fcacac37fd762,delivered,2017-08-08 02:24:08,2017-08-08 02:35:12,2017-08-09 18:43:24,2017-08-17 18:53:34,2017-09-05,36.9,25.63,1,1,62.53,3,1,5.0,1.0,8e9ebbdc869f34b54dc6ebe05596944b,29066,vitoria,ES,9.687106481481482,27.899907407407408,0,62.53
6b79c53cc0f1caf6aa3b3c6729cbaa15,7a59467e76dfe9bcea33647e331d65ad,delivered,2017-08-08 07:54:53,2017-08-08 09:03:01,2017-08-10 21:05:15,2017-08-18 17:10:07,2017-09-06,44.9,17.6,1,1,62.5,3,1,2.0,1.0,0a4e89733ec8fd1072bc583fbcabf1ab,20261,rio de janeiro,RJ,10.385578703703704,28.670219907407407,0,62.5
4aaa128c3570cc43f4fcda4db37d0d25,8e7ad87e9f77ddb00c43604008f1d3fb,delivered,2017-08-08 08:42:44,2017-08-08 09:43:08,2017-08-11 21:28:54,2017-08-15 18:32:20,2017-09-12,49.9,14.1,1,1,64.0,2,1,2.0,1.0,acc21f04ca3c88b5b553a9a2c2d0f576,22620,rio de janeiro,RJ,7.4094444444444445,34.63699074074074,0,64.0
0c71a69769943ff74326682f85d34be9,8e2ca602bd712bb232afd470752cef62,delivered,2017-08-08 08:49:10,2017-08-08 09:03:18,2017-08-08 15:53:30,2017-08-17 17:53:11,2017-08-30,87.0,15.37,1,1,102.37,1,1,5.0,1.0,62e049c57f1b37b4fe0e102f9da9fe13,22431,rio de janeiro,RJ,9.377789351851852,21.63252314814815,0,102.37
c57d7d22a7690624506951c783f2a588,9d91ef1cecec1aa30917f8b25307e4e9,delivered,2017-08-08 09:01:18,2017-08-08 09:15:10,2017-08-09 13:54:07,2017-08-14 17:56:41,2017-08-30,35.0,28.2,2,1,63.2,1,1,5.0,1.0,66fea94ac3321c4b8cd61f0ad9fea7e0,80410,curitiba,PR,6.371793981481481,21.624097222222222,0,63.2
724b19e5eca8ec552146bf7904b4cbeb,9e0773fb262bb0872dddbb606ccf3fb7,delivered,2017-08-08 09:02:22,2017-08-09 03:04:27,2017-08-21 22:41:11,2017-09-04 20:07:59,2017-09-26,59.8,28.0,2,1,87.8,1,1,4.0,1.0,49a19cc71af5703aa8e8bc87349e4c40,68908,macapa,AP,27.462233796296296,48.62335648148148,0,87.8
3952808713e11b033a67e9dddb6872f9,beabad0a90f659fbd73b571183bab1ec,delivered,2017-08-08 09:04:21,2017-08-08 09:40:08,2017-08-08 18:06:51,2017-08-11 16:43:06,2017-09-13,99.0,18.0,1,1,117.0,5,1,5.0,1.0,c9e70f489d81d99aa85136bae90b4427,9971,diadema,SP,3.318576388888889,35.62197916666667,0,117.0
2b18686c9329e1cd201d6d4015268ca9,35a4e68b2dc968a52a8ec8f87f9d6501,delivered,2017-08-08 09:13:34,2017-08-08 09:43:11,2017-08-08 19:44:02,2017-08-11 23:44:32,2017-08-28,129.99,13.25,1,1,143.24,3,1,5.0,1.0,51da3149efb8c4a64b26f928a4ed8f28,16050,aracatuba,SP,3.604837962962963,19.615578703703704,0,143.24
2e71a5c523cd61c4d906ebc8203ef215,60f8d6d10a7662c8385a37c5d3b0b92c,delivered,2017-08-08 09:23:56,2017-08-08 09:43:20,2017-08-08 20:09:27,2017-08-11 19:47:46,2017-08-28,69.9,16.12,1,1,86.02,3,1,4.0,1.0,2d60b42c7156339c9c13adf38fde9e2e,13041,campinas,SP,3.4332175925925927,19.60837962962963,0,86.02000000000001
c6b196c8ebc671076bea1b0a7436d63a,58abd785d443ebf094b3a21047613fca,delivered,2017-08-08 09:41:56,2017-08-10 03:23:56,2017-08-16 21:30:03,2017-08-17 19:42:56,2017-08-23,144.97,12.97,1,1,157.94,1,1,5.0,1.0,265dcd451ef43594627c1cb2e245e03b,30360,belo horizonte,MG,9.417361111111111,14.59587962962963,0,157.94
7e5755dcda787dcc7269f1698d6372b7,21fb2ebc5077f72af04e6ead0763eba5,delivered,2017-08-08 09:53:50,2017-08-08 10:10:15,2017-08-09 19:29:41,2017-08-16 15:45:19,2017-08-30,79.99,16.81,1,1,96.8,3,1,5.0,1.0,59150cde6405fb8f31f6dd1882d15754,22290,rio de janeiro,RJ,8.244085648148149,21.58761574074074,0,96.8
a620d8cdb285c288f16b94cb365172a1,4c29da720594564093d90ef9c34144eb,delivered,2017-08-08 09:55:41,2017-08-09 02:55:57,2017-08-10 16:40:10,2017-08-14 17:47:27,2017-08-28,124.9,14.46,1,1,139.36,1,1,5.0,1.0,694b741591e0720653002322d967613b,28035,campos dos goytacazes,RJ,6.3276157407407405,19.586331018518518,0,139.36
58ecdd5dee96d19e30c67a29cae63e4d,d0eca4dcf131a1a0f4665c2a47b4ca02,delivered,2017-08-08 10:23:10,2017-08-10 03:16:09,2017-08-11 16:01:21,2017-08-24 20:19:49,2017-08-30,89.9,15.38,1,1,105.28,1,1,4.0,1.0,139fb3595e26482b7aa26fd3b0dc0a97,37175,ilicinea,MG,16.41434027777778,21.56724537037037,0,105.28
79e5ae80172f5697f2402439382f2d77,714e71bea93777c3bc2580bcacbf68f6,delivered,2017-08-08 10:24:11,2017-08-08 10:43:28,2017-08-09 19:18:20,2017-08-16 19:42:24,2017-09-05,289.9,70.39,1,1,360.29,10,1,5.0,1.0,af02f43afe4b521bb25d72a0872afeca,74823,goiania,GO,8.387650462962963,27.56653935185185,0,360.28999999999996
b96a0998be02fcdd701b834f5d66f235,5747a693dfadf504e1d46b358e2a9bb6,delivered,2017-08-08 10:38:44,2017-08-10 03:25:41,2017-08-10 14:58:58,2017-08-18 18:19:02,2017-08-30,138.0,28.33,1,1,166.33,1,1,5.0,1.0,177cbe452bd4fa1a0873f4e6ee7be69e,24426,sao goncalo,RJ,10.319652777777778,21.556435185185187,0,166.32999999999998
616f3163d12cbaf681d34413542802bd,2c12f9ea6567e1395d740ee2714f7339,delivered,2017-08-08 10:40:16,2017-08-08 10:50:16,2017-08-09 19:15:10,2017-08-15 22:15:26,2017-08-28,175.8,12.73,1,1,188.53,9,1,5.0,1.0,26d1b63e9b8478f84f87188c4877049e,13970,itapira,SP,7.482754629629629,19.55537037037037,0,188.53
fb797aee19d1e438385938cd482027bb,62383c983441809ec8977c644dd37a54,delivered,2017-08-08 10:46:08,2017-08-08 11:04:09,2017-08-08 15:59:35,2017-09-05 18:53:02,2017-09-01,149.9,15.8,1,1,165.7,8,1,1.0,1.0,ee98818c6687d02e43557a4ea0178b2b,29500,alegre,ES,28.338125,23.551296296296297,1,165.70000000000002
040d7a91a18a8d2262e45df7c8ea8051,b07d3845ff0addca8fc9fa54ea872c84,delivered,2017-08-08 10:51:20,2017-08-10 03:15:49,2017-08-11 18:42:12,2017-08-15 20:24:43,2017-08-28,64.9,13.47,1,1,78.37,1,1,5.0,1.0,86524cb20ed520c47b9826f97bbabcca,87900,loanda,PR,7.398182870370371,19.547685185185184,0,78.37
9ce48efca38264fece92fb03a3e33562,316fc9b91c893ccbb91c1d4e90b1f3d2,delivered,2017-08-08 10:53:44,2017-08-08 11:40:07,2017-08-10 13:51:56,2017-08-17 18:46:45,2017-08-31,56.99,14.15,1,1,71.14,2,1,5.0,1.0,b3ea92a10fc1b7012b9d0ddcbbda9ce8,20521,rio de janeiro,RJ,9.328483796296297,22.54601851851852,0,71.14
b9942ad6dac0292bceb320c89a3c9736,bfe5554fa64e090da51911511e22c72a,delivered,2017-08-08 11:00:35,2017-08-09 02:55:44,2017-08-10 17:42:12,2017-08-23 17:52:58,2017-09-01,99.7,17.14,1,1,116.84,1,1,5.0,1.0,4f2aaa36996969aa483891d275816f43,86490,ribeirao do pinhal,PR,15.286377314814814,23.541261574074074,0,116.84
87535fa56878c9268e33726aa9085de4,27243f64062caa718113a903c15e854c,delivered,2017-08-08 11:03:13,2017-08-08 11:15:08,2017-08-12 10:48:51,2017-08-21 17:24:37,2017-09-06,79.9,21.05,1,1,100.95,4,1,5.0,1.0,fab16ba9cc675bf7000798c5367beb17,20261,rio de janeiro,RJ,13.264861111111111,28.53943287037037,0,100.95
cf824bfb7be97ddda09945f306ce0efb,758f6f66809f7a95cbb073e8200f033f,delivered,2017-08-08 11:10:27,2017-08-09 11:45:10,2017-08-10 18:38:10,2017-08-15 20:09:34,2017-08-31,205.0,22.27,1,1,227.27,5,1,5.0,1.0,bcabde850fc0faabd7cd5ee05624350c,31980,belo horizonte,MG,7.374386574074074,22.53440972222222,0,227.27
7766424657aa0cfbf1703f9550144964,35b6b3b06cd4b2101cfabfb5429dc028,delivered,2017-08-08 11:24:19,2017-08-08 11:43:36,2017-08-10 16:42:52,2017-08-11 20:21:56,2017-08-23,55.9,9.27,1,1,65.17,2,1,5.0,1.0,05105abc98016eb044d450d5e60de1b2,24060,niteroi,RJ,3.3733449074074073,14.524780092592593,0,65.17
0f7aa32fdabc5a9e10d0e9da37110525,7ca7b507bcd23c39aad8c8b60041567b,delivered,2017-08-08 11:27:03,2017-08-10 03:16:08,2017-08-11 17:04:19,2017-08-25 19:33:58,2017-09-14,200.0,32.84,1,1,232.84,1,1,4.0,1.0,bbe8686a830c0caaf68452997d73d396,68907,macapa,AP,17.338136574074074,36.52288194444444,0,232.84
dde27525b15a17fe5d8b8503e60143c5,4c1314fc282ec22da807d1a7a87f41d8,delivered,2017-08-08 11:37:24,2017-08-08 11:55:10,2017-08-11 20:23:25,2017-08-15 19:52:14,2017-08-21,689.7,33.06,3,1,722.76,1,1,3.0,1.0,ae7cd94ae31f80797db02fbaf545e1a2,5508,sao paulo,SP,7.343634259259259,12.515694444444444,0,722.76
9f7be9e6940b2bfd52658daa8005d265,7bde890b1798d812542ac5701b228dc4,delivered,2017-08-08 11:41:18,2017-08-08 11:55:20,2017-08-09 15:30:23,2017-08-14 18:11:59,2017-08-28,51.92,12.7,1,1,64.62,2,1,5.0,1.0,aa553d8a72493bdd84b51501e626714a,2334,sao paulo,SP,6.271307870370371,19.51298611111111,0,64.62
cb9a5082043451c06352296e509cc24e,f72661bdcf57a1ace81791c42c20754b,delivered,2017-08-08 11:44:02,2017-08-08 13:00:14,2017-08-08 21:53:44,2017-08-09 15:18:23,2017-08-21,47.9,9.34,1,1,57.24,1,1,5.0,1.0,0875b9b3ae971f2075c8bcaec7ee0737,5036,sao paulo,SP,1.1488541666666667,12.511087962962963,0,57.239999999999995
40965a3a15814c97fdf1c615b2bb939f,370229d420ad45925025e146e0e6376d,delivered,2017-08-08 11:48:30,2017-08-09 03:04:20,2017-08-15 11:04:50,2017-08-23 18:24:59,2017-08-30,134.97,25.25,1,1,160.22,1,1,5.0,1.0,75e9dab3435ff8ccafb9d55efd2a0783,38015,uberaba,MG,15.275335648148149,21.507986111111112,0,160.22
0bd5590ed46f78fceed5ab73b86b8dd4,9ba193141c17b861884c09393ed712eb,delivered,2017-08-08 11:53:50,2017-08-08 12:05:28,2017-08-08 16:39:45,2017-08-10 18:17:31,2017-08-21,199.0,35.56,1,1,234.56,10,1,4.0,1.0,17906220efbe48dc33df242a98d6008f,7144,guarulhos,SP,2.266446759259259,12.504282407407407,0,234.56
4f83feea808ce7b6c6b80576c4f82809,447efb5f82d6ea044ec12018f2a69dc2,delivered,2017-08-08 12:00:37,2017-08-08 12:15:18,2017-08-09 13:53:31,2017-08-10 21:42:12,2017-08-21,147.9,15.79,1,1,163.69,10,1,5.0,1.0,aceac2fbd8fde7da543ece96c9cade8c,2519,sao paulo,SP,2.4038773148148147,12.49957175925926,0,163.69
d199e49e9cd642beda8a36b85fd6d51d,fad5cfec056b2a0c95c7ed673254e6c6,delivered,2017-08-08 12:18:26,2017-08-08 12:30:19,2017-08-11 16:01:21,2017-08-15 17:02:32,2017-08-28,89.9,12.13,1,1,102.03,4,1,2.0,1.0,98e4ff4e94e52f50149642269b59caa9,9551,sao caetano do sul,SP,7.197291666666667,19.487199074074073,0,102.03
9fa27c6b7743512d1d967acfa2301a00,5b8c0cfaa1c0eb993a464dc9d9d0384d,delivered,2017-08-08 12:22:23,2017-08-08 13:20:09,2017-08-08 19:20:15,2017-08-14 20:39:57,2017-09-13,156.0,18.0,2,1,174.0,1,1,2.0,1.0,6953fd5f6080644ed2980e37abdb800c,22790,rio de janeiro,RJ,6.345532407407408,35.48445601851852,0,174.0
16b314cf8f0bd14e3675d33324bba17f,64b53c7458ab57816bc16da6aa6ab1d8,delivered,2017-08-08 12:41:35,2017-08-08 12:55:13,2017-08-09 14:47:55,2017-08-10 17:17:00,2017-08-21,186.0,8.56,1,1,194.56,10,1,5.0,1.0,e8ddc823809246fabd9c235ef7714630,12308,jacarei,SP,2.191261574074074,12.471122685185184,0,194.56
43c564b825003473af9a68138631d388,7a9e4631c3fa2487b3a4d1a9becf3701,delivered,2017-08-08 12:49:01,2017-08-08 13:03:44,2017-08-10 16:50:06,2017-08-12 17:03:39,2017-08-28,75.35,12.53,1,1,87.88,8,1,5.0,1.0,0e3c753956e35026b965d9ac3590c5af,28013,campos dos goytacazes,RJ,4.176828703703704,19.465960648148148,0,87.88
b61a2f7167a516d76088020bc63b4f7b,e625d447d6605488f6e7b8bba3024e08,delivered,2017-08-08 12:49:02,2017-08-08 13:43:42,2017-08-10 18:15:50,2017-08-16 21:42:14,2017-09-01,200.0,26.24,1,1,226.24,10,1,5.0,1.0,0e3c753956e35026b965d9ac3590c5af,28013,campos dos goytacazes,RJ,8.370277777777778,23.465949074074075,0,226.24
89253d28593c5b4eec3bbc9638a055d3,221dcdad673d808783fa3ca936233e18,delivered,2017-08-08 13:10:28,2017-08-10 03:25:40,2017-08-11 20:04:50,2017-08-17 18:30:46,2017-08-30,129.99,13.93,1,1,143.92,1,1,3.0,1.0,5caeab5f6d9a40d8198aa29ef969e9fa,13930,serra negra,SP,9.222430555555556,21.451064814814814,0,143.92000000000002
f3af8efd535804214ce63f6b29386312,08972c9a494a9ed1a7a73df4d0bc5b58,delivered,2017-08-08 13:20:59,2017-08-09 02:55:17,2017-08-11 17:16:09,2017-08-21 18:44:31,2017-09-05,97.9,25.24,1,1,123.14,1,1,5.0,1.0,4b6e5fb7eb08b701b5799a8c84b658b9,77060,palmas,TO,13.224675925925926,27.443761574074074,0,123.14
0744ce655e97e70eb03a99cf52385502,ae2702f08dfccf04bf793a9cea9a4b31,delivered,2017-08-08 13:24:36,2017-08-09 02:45:36,2017-08-15 20:54:01,2017-08-23 20:26:55,2017-09-05,69.9,16.25,1,1,86.15,1,1,5.0,1.0,2486f0594797f4e9edc77f1867f25872,76220,fazenda nova,GO,15.293275462962963,27.44125,0,86.15
a7033e4a96abe52d0f74e9bd404a996d,c68309db6c0ca65f8828973a86524c6a,delivered,2017-08-08 13:37:37,2017-08-08 13:50:13,2017-08-10 17:18:12,2017-08-11 20:11:04,2017-08-23,399.0,10.54,1,1,409.54,10,1,5.0,1.0,4013fe69a1a2188578ab19e62529acb6,20520,rio de janeiro,RJ,3.273229166666667,14.432210648148148,0,409.54
156ba06ab4556cd19613dca1cefa9f7a,cb196971e6f67237a41f2fe6235bbaf4,delivered,2017-08-08 13:44:39,2017-08-09 17:35:08,2017-08-10 20:52:10,2017-08-21 21:59:58,2017-09-08,69.9,17.74,1,1,101.22,10,1,4.0,1.0,ed0ab782b03b402c0cafde88067ff9d2,75830,mineiros,GO,13.343969907407407,30.42732638888889,0,87.64
f3e4f521d6a68def7f89c8e9c8898829,7675705e45e86c1b4e8778de97056428,delivered,2017-08-08 13:48:59,2017-08-09 02:50:26,2017-08-16 23:12:04,2017-08-21 17:16:09,2017-08-28,94.9,13.0,1,1,107.9,1,1,5.0,1.0,b87b0071e55738a3e261aae59cf211be,16260,coroados,SP,13.143865740740742,19.424317129629628,0,107.9
9edc1ee4f1a91ef8a52902a4d4c9ad79,2dea3eaf6af891a8185552a24a2575b0,delivered,2017-08-08 13:50:29,2017-08-10 03:23:58,2017-08-11 17:04:18,2017-08-25 18:24:03,2017-09-01,200.0,26.24,1,1,226.24,1,1,4.0,1.0,3e73988b9ecabfd9d994dd9a9f9cce94,89560,videira,SC,17.189976851851853,23.423275462962962,0,226.24
ee74d6d02ebb3a2ec7b9038dbb0748e8,ce5b62e98a5241ad9d691700a0b0c47c,delivered,2017-08-08 14:20:27,2017-08-09 12:35:22,2017-08-18 16:05:40,2017-09-04 18:34:39,2017-09-12,19.9,42.38,1,1,62.28,5,1,4.0,1.0,8aa367da75f0cc2bb2f9fc84ee54b457,59631,mossoro,RN,27.17652777777778,34.40246527777778,0,62.28
76c8089e946c8fd0cea2f819f1aa6d78,255edffca85a3cd3aab6456892a7067a,delivered,2017-08-08 14:36:00,2017-08-10 03:15:22,2017-08-11 21:44:53,2017-08-18 17:50:04,2017-08-30,43.21,15.1,1,1,58.31,1,1,4.0,1.0,d4df69da9d61408e2805659af49452fe,39735,divinolandia de minas,MG,10.134768518518518,21.391666666666666,0,58.31
73b89ce5c0496124b1f1a2850a0bcfae,2d6301078516b5eeb178587aa089841c,delivered,2017-08-08 14:39:34,2017-08-08 17:38:07,2017-08-09 18:47:14,2017-08-22 16:33:21,2017-09-01,139.8,35.48,2,1,175.28,3,1,5.0,1.0,a2ccecfe739bd1ecef99dbaf1e3b4422,20520,rio de janeiro,RJ,14.079016203703704,23.389189814814817,0,175.28
82bc67125dc0c2f0f348a1ec55ade2d8,3bd4f41537ca88b0dafb14f5760a5f29,delivered,2017-08-08 14:44:04,2017-08-10 03:25:49,2017-08-11 16:01:21,2017-08-18 17:23:13,2017-09-01,89.9,15.38,1,1,105.28,1,1,1.0,1.0,c92c36470d52540291f4c29068fb7418,29700,colatina,ES,10.110520833333334,23.386064814814816,0,105.28
84ef6a73c1fcd8d48177e81dcf29e886,7666437651e45d394178c90df5210750,delivered,2017-08-08 14:52:46,2017-08-08 15:05:18,2017-08-10 18:57:28,2017-08-16 10:49:38,2017-08-30,99.99,17.95,1,1,117.94,5,1,5.0,1.0,04511e9cedc8f0124c2a207801fd5474,84940,siqueira campos,PR,7.8311574074074075,21.380023148148148,0,117.94
2c61d0e37fba7aea7d8b7f27091be232,cfbae2eff9ff8c8331a20155e3dbcc01,delivered,2017-08-08 14:53:46,2017-08-08 16:00:09,2017-08-09 18:53:09,2017-09-02 11:00:13,2017-08-30,289.9,87.19,1,1,377.09,2,1,5.0,1.0,18eb5dabb4335ff95df3036b4bb905d2,28950,armacao dos buzios,RJ,24.8378125,21.379328703703703,1,377.09
6ee212cd1fba9e136d4fd88010a0739d,22dd817ef8b0603835a39da9ef340f5f,delivered,2017-08-08 14:58:28,2017-08-10 03:15:56,2017-08-10 20:08:03,2017-08-14 20:43:02,2017-08-21,23.8,7.78,1,1,31.58,1,1,5.0,1.0,0f6e32b2c661f1d00553a1d7132c9db2,13084,campinas,SP,6.239282407407408,12.376064814814814,0,31.580000000000002
5d4ef7be8a0a3d0f0991bfc92e6bce32,7a978996d97636ab682a47e1ec07d7be,delivered,2017-08-08 15:00:29,2017-08-09 15:10:15,2017-08-11 16:01:21,2017-08-17 17:36:48,2017-08-30,69.9,15.24,1,1,85.14,5,1,5.0,1.0,2218f89eac9d38f4aa3f7383eda52a9b,84020,ponta grossa,PR,9.10855324074074,21.37466435185185,0,85.14
d865bc459503b9c8a19382a7634ed5d5,4d602b320d7f2e55bb16a5d821004f65,delivered,2017-08-08 15:01:27,2017-08-08 15:15:23,2017-08-09 22:46:33,2017-08-22 20:35:37,2017-09-18,59.99,17.99,1,1,77.98,6,1,4.0,1.0,8c3af42b5036ee6a2c8e4b3390392e18,28970,araruama,RJ,14.232060185185185,40.37399305555556,0,77.98
2372e039a79fcd32009462cf86c2616f,b462db54c81d851ffb3aa793cb6dc33f,delivered,2017-08-08 15:14:17,2017-08-09 15:10:20,2017-08-10 20:09:59,2017-09-19 15:54:47,2017-09-04,99.0,52.7,1,1,151.7,8,1,4.0,1.0,65667e216c27cfa1960a832578b8ef47,32675,betim,MG,42.028125,26.36508101851852,1,151.7
ae93d9eb06bfc7041b9852135167bfc7,aab6715af29cd442f1bcf8978d1dc4db,delivered,2017-08-08 15:33:41,2017-08-08 16:23:39,2017-08-09 19:33:33,2017-08-16 19:27:30,2017-09-12,24.9,14.1,1,1,39.0,1,1,5.0,1.0,e37a273600a0ced98e7e0f5ea5c934f9,4288,sao paulo,SP,8.162372685185185,34.3516087962963,0,39.0
903b027d6b01452fda4780d82f286bcd,d6dd616ed774326df2147bfbc0e75490,delivered,2017-08-08 15:37:05,2017-08-09 15:45:13,2017-08-10 20:51:55,2017-08-16 21:51:59,2017-08-30,69.9,17.74,1,1,87.64,6,1,5.0,1.0,7ca7ba98b11adc48903be9b23ba7f624,25965,teresopolis,RJ,8.260347222222222,21.349247685185187,0,87.64
1754107f36ce978c21ba0509c7bf0889,051d8948abf627dfd3483f6bcdfbfa5a,delivered,2017-08-08 16:05:13,2017-08-08 16:23:50,2017-08-10 17:26:12,2017-08-15 20:51:49,2017-08-30,173.9,13.35,1,1,187.25,1,1,4.0,1.0,79f9be7c3adedc8cb4828a2ce3981222,13090,campinas,SP,7.199027777777777,21.329710648148147,0,187.25
d6b0e562cdddbc5bae4f671aa1c72d14,0eea352a2fcdcb5cfd85ad85f9f20aac,delivered,2017-08-08 16:06:38,2017-08-08 17:03:48,2017-08-09 18:24:25,2017-08-10 16:18:51,2017-08-23,139.9,12.68,1,1,152.58,1,1,5.0,1.0,fb2c87317100176d178dab0e068e8f80,80410,curitiba,PR,2.0084837962962965,14.328726851851853,0,152.58
2fd13e188541306cd666e921f2f4dd4e,8fc482a4ca67de29baf10e76de6f1b4e,delivered,2017-08-08 16:13:36,2017-08-09 16:23:43,2017-08-11 15:57:36,2017-08-18 22:03:55,2017-09-08,69.4,18.06,1,1,87.46,4,1,1.0,1.0,f82a4c2fd4305e933440ab6ef82efba8,78200,caceres,MT,10.243275462962963,30.323888888888888,0,87.46000000000001
9969c13506326615f8edf843237baa17,e6c3e6109e9f372ef5b6544b2c34e030,delivered,2017-08-08 16:15:05,2017-08-08 16:30:17,2017-08-10 18:38:08,2017-08-16 16:34:43,2017-08-31,205.0,26.27,1,1,231.27,5,1,4.0,1.0,9f681d501492dece2e3ac455de29391a,87400,cruzeiro do oeste,PR,8.013634259259259,22.322858796296295,0,231.27
b857022c441c749e56d9722e49382a9a,962f5304e0c4e63d74fb81bbafac050e,delivered,2017-08-08 16:19:13,2017-08-08 17:00:08,2017-08-09 19:46:01,2017-08-21 19:33:38,2017-08-30,85.9,17.85,1,1,103.75,5,1,4.0,1.0,14f961871f9afdb3d3aa2dd15f024f20,73368,brasilia,DF,13.135011574074074,21.319988425925924,0,103.75
c50c2e8e1b1c816c419c308b30e0420c,7681b6f030e2fd99e790f9778da57c12,delivered,2017-08-08 16:25:28,2017-08-08 17:00:11,2017-08-11 12:57:53,2017-08-18 18:00:02,2017-08-28,646.2,28.83,1,1,675.03,10,1,5.0,1.0,645c064b2cf41286c90e403b61eba047,13207,jundiai,SP,10.065671296296296,19.31564814814815,0,675.0300000000001
1042722433e7633a6a857a82dcb8d881,21929d7523b4ca73af799eed3d218276,delivered,2017-08-08 16:26:41,2017-08-09 16:30:14,2017-08-11 12:00:55,2017-08-15 17:59:56,2017-08-30,10.0,15.1,1,1,25.1,2,1,4.0,1.0,53266a0e7b0a61e8e41f4e71db335a89,89440,irineopolis,SC,7.0647569444444445,21.31480324074074,0,25.1
55b6cfcdaae4a8dc9629850dc635995d,c5ea6b40204131fb48bdf66d273d7f15,delivered,2017-08-08 16:32:39,2017-08-08 17:20:07,2017-08-09 15:17:19,2017-08-16 16:28:04,2017-08-30,15.32,14.1,1,1,29.419999999999998,1,1,5.0,1.0,b5c4a9be51f8c894107ad132e7fb8ae3,50750,recife,PE,7.99681712962963,21.310659722222223,0,29.42
edad550f8e089f9f83f9826bd21f1095,1c874c4cc51fa0c5401a51943cc3a174,delivered,2017-08-08 16:33:19,2017-08-08 16:45:13,2017-08-11 19:56:31,2017-08-23 20:46:51,2017-09-01,59.9,16.18,1,1,76.08,1,1,5.0,1.0,5ff2f91ae5ef493cf7070eeacc099110,72250,brasilia,DF,15.176064814814815,23.31019675925926,0,76.08
567711f5024cc71158bb84f67b82aac0,9a4334a8508329317393b7e5b4556555,delivered,2017-08-08 16:36:40,2017-08-09 07:10:20,2017-08-25 21:52:39,2017-08-31 19:52:54,2017-09-04,59.9,14.15,1,1,74.05,1,1,4.0,1.0,7ed5def464ae0bab13a905ba9da70b7a,37550,pouso alegre,MG,23.13627314814815,26.30787037037037,0,74.05
d95236c2780d744b3bd884f327590d14,b8e481a0db2593829469c8536e52426b,delivered,2017-08-08 16:39:19,2017-08-08 16:55:11,2017-08-10 19:54:36,2017-08-19 12:21:33,2017-09-04,119.8,26.88,2,1,146.68,1,1,4.0,1.0,43a549267000aab7a3773f5e6f97d1c6,9781,sao bernardo do campo,SP,10.82099537037037,26.306030092592593,0,146.68
3b96533b1d556ba2db462f837d839dfa,62bca519972bb00e4d383b445f66f1e5,delivered,2017-08-08 16:40:58,2017-08-08 17:04:34,2017-08-09 20:08:47,2017-09-12 18:24:58,2017-09-12,55.9,42.42,1,1,98.32,9,1,5.0,1.0,84ba6dec9aff1642cca06ff595a6d86c,56170,oroco,PE,35.07222222222222,34.30488425925926,1,98.32
c524fe5cd8733dbcc2f74bed5a1ded68,0762fdbf997feb435866a7c221086091,delivered,2017-08-08 16:43:10,2017-08-08 17:24:11,2017-08-09 21:44:59,2017-08-10 15:20:06,2017-08-21,214.0,10.31,1,1,224.31,5,1,5.0,1.0,fbb86959dcb4972a76d8432c59c7288f,5363,sao paulo,SP,1.9423148148148148,12.303356481481481,0,224.31
0ed6abcc6109716be10ab6409f1ac2ad,90bfa78fad7bdaccfaa0e53c36618d76,delivered,2017-08-08 17:08:38,2017-08-08 17:24:23,2017-08-09 19:57:34,2017-08-10 18:07:01,2017-08-21,26.0,8.27,1,1,34.27,3,1,5.0,1.0,c1aa08ee7ec027f1a2523bce7c841723,4545,sao paulo,SP,2.0405439814814814,12.285671296296297,0,34.269999999999996
2d74fd323d42fddd4e9a4398d5c589c6,17089785734f497b2cd404fc39932fda,delivered,2017-08-08 17:18:06,2017-08-08 17:38:11,2017-08-09 18:32:53,2017-08-14 21:22:13,2017-08-21,199.99,12.6,1,1,212.59,3,1,4.0,1.0,cf59b7d848feec2e709f49a6c7166369,7145,guarulhos,SP,6.169525462962963,12.279097222222223,0,212.59
2e5763acace24933483420e74a222c5e,ae5a8b3960da2fabebd3e52971ee961c,delivered,2017-08-08 17:22:23,2017-08-09 02:50:18,2017-08-10 15:13:37,2017-08-28 17:03:14,2017-08-31,17.99,16.11,1,1,34.1,1,1,3.0,1.0,807c0ac284bee9b2f6dd25c571158821,21330,rio de janeiro,RJ,19.98670138888889,22.276122685185186,0,34.099999999999994
21be81b09ccb9f3d183ce25919c8c30f,12e7704344fbf19e9fad7fde7d56396e,delivered,2017-08-08 17:28:45,2017-08-09 17:35:13,2017-08-10 17:52:14,2017-08-19 16:27:31,2017-09-11,351.0,37.6,2,1,388.6,2,1,5.0,1.0,d798e8eafe52d3424dc0c88e95bcf978,30441,belo horizonte,MG,10.957476851851851,33.271701388888886,0,388.6
4c79c1a76f404601675c1fa508a3f839,2275e4f0a4a8c3ea216920d67a97c2d7,delivered,2017-08-08 17:29:15,2017-08-08 17:45:19,2017-08-09 18:36:24,2017-08-11 19:27:20,2017-08-28,10.0,11.85,1,1,21.85,2,1,5.0,1.0,123c51fb27a9a57ed892caaf24d681f0,6950,juquitiba,SP,3.082002314814815,19.271354166666665,0,21.85
8a8a69afcf838e504bca34a2081a680b,f15cb2508f4645327d9368c3402e6907,delivered,2017-08-08 17:35:09,2017-08-10 03:25:45,2017-08-11 14:06:43,2017-08-24 20:33:40,2017-09-05,169.9,19.43,1,1,189.33,1,1,5.0,1.0,a37d2247365b2a9cd6be7f9ed8a640eb,25940,guapimirim,RJ,16.123969907407407,27.267256944444444,0,189.33
20a04d5755df90803860e4a046f6766c,057dfb44da43c28b9238d01c65d27077,delivered,2017-08-08 17:37:41,2017-08-08 17:55:18,2017-08-10 13:17:55,2017-08-21 20:28:50,2017-09-05,57.5,28.8,1,1,86.3,1,1,5.0,1.0,433cc77ceec2246287450dcbe954a5a1,36970,manhumirim,MG,13.118854166666667,27.265497685185185,0,86.3
25ed8cc8c43f4ebcabd60fc31840c401,8a498c95d77ec0e09c2472e3e97412a3,delivered,2017-08-08 17:40:13,2017-08-10 03:15:30,2017-08-11 13:36:58,2017-08-12 11:42:20,2017-08-24,56.99,8.72,1,1,65.71,1,1,5.0,1.0,1b5a8cd7503a0216a20db4737c54950a,12246,sao jose dos campos,SP,3.7514699074074076,15.263738425925926,0,65.71000000000001
48b20e2450ca3aafee885610dadf7f1f,778cff46897ef1ea3369ce789960b2c3,delivered,2017-08-08 17:45:00,2017-08-10 03:25:33,2017-08-10 18:57:29,2017-08-16 20:37:56,2017-08-30,129.99,17.16,1,1,147.15,1,1,5.0,1.0,47fff67d165b79e36024db4b82d041c6,33600,pedro leopoldo,MG,8.120092592592593,21.260416666666668,0,147.15
05b771d711b0fa6d8ca9f42c3cc29f41,79b4e6917237551454e77c23285fa09a,delivered,2017-08-08 17:54:37,2017-08-08 18:10:17,2017-08-10 16:13:54,2017-08-14 21:23:02,2017-08-30,58.0,12.75,1,1,70.75,1,1,5.0,1.0,825fcac393acc9ddfc4fc658d565ebfe,16207,birigui,SP,6.144733796296296,21.253738425925928,0,70.75
60b90d12b2451a3a055c8b86ad3478e3,5df4376513ffb2740d5d4122d6d98992,delivered,2017-08-08 17:56:34,2017-08-08 18:05:18,2017-08-10 14:36:47,2017-08-28 18:56:42,2017-09-01,26.3,16.79,1,1,43.09,1,1,5.0,1.0,12791a6444753fd23ed172d727f5b626,21321,rio de janeiro,RJ,20.04175925925926,23.25238425925926,0,43.09
680aa2f14fb3e872e9d09bc057a1ac78,c942c48b7bf94f498a87c761ed85d610,delivered,2017-08-08 18:00:17,2017-08-08 19:10:28,2017-08-11 19:45:54,2017-08-24 13:52:31,2017-08-29,115.0,13.83,1,1,128.83,4,1,5.0,1.0,80f8e112681378c930acf9fe4a074cd9,7179,guarulhos,SP,15.827939814814815,20.24980324074074,0,128.83
156164b0c009c68c766b1ce1213cee18,04ebc2712225141ac34d1ba5ebee0629,delivered,2017-08-08 18:01:27,2017-08-08 18:15:17,2017-08-15 14:13:30,2017-08-21 15:05:02,2017-08-28,299.9,13.6,1,1,313.5,10,1,5.0,1.0,4ef3ac5b2ceb281d80969e089bcc0374,13569,sao carlos,SP,12.877488425925925,19.248993055555555,0,313.5
8d4c9cc7b0041efac926c3c47db0536e,51178a6360e9cecbcc2ac5e4bf423883,delivered,2017-08-08 18:26:58,2017-08-08 18:44:42,2017-08-09 19:46:00,2017-08-25 15:26:23,2017-08-30,52.9,16.13,1,1,69.03,3,1,5.0,1.0,45d7d97bd1be1aedd42ab9178b85a1be,28890,rio das ostras,RJ,16.874594907407406,21.231273148148148,0,69.03
186f651321d21b2a793c4cd866b7b62b,c6fe189efa0b5b86e8df534630a6f051,delivered,2017-08-08 18:33:07,2017-08-08 18:45:17,2017-08-09 21:32:45,2017-08-17 19:16:56,2017-08-31,45.95,11.85,1,1,57.8,1,1,5.0,1.0,d56e98583631e0adc7d1d02a2601bb93,18890,taguai,SP,9.03042824074074,22.227002314814815,0,57.800000000000004
6abcaedd175c7aa362cb758f3f728053,346564320ecd94d8ef5ba883774304b7,delivered,2017-08-08 18:35:02,2017-08-08 18:50:19,2017-08-09 19:15:11,2017-08-16 19:43:43,2017-09-01,254.9,16.53,1,1,271.43,5,1,4.0,1.0,4e6703b1d9d680eff81fcfd48f5d1d68,27966,macae,RJ,8.04769675925926,23.225671296296298,0,271.43
f4b91a4e2130d850b29e9a6cf4fd9eed,aafa4d2f21382110f2ddf3ce2efe1328,delivered,2017-08-08 18:35:12,2017-08-08 18:50:23,2017-08-09 15:10:20,2017-08-12 14:26:37,2017-08-28,51.92,12.7,1,1,64.62,4,1,5.0,1.0,2a483780327dfce26739e2e83becbced,2312,sao paulo,SP,3.827372685185185,19.225555555555555,0,64.62
2ceb986b3043c2f73ab7577c6a41830e,c6a8ad7ebe9290d544f7dda8c1492bde,delivered,2017-08-08 18:40:11,2017-08-08 18:55:20,2017-08-09 19:07:03,2017-08-17 13:33:42,2017-09-06,175.5,16.99,1,1,192.49,4,1,5.0,1.0,05edb10f73fe7d03959ff26540913b3a,88036,florianopolis,SC,8.787164351851851,28.222094907407406,0,192.49
b70e6b353379423761497f0d95376da2,ab9a07d930e7adf06ad5602f6aa8c35f,delivered,2017-08-08 18:41:32,2017-08-09 07:10:14,2017-08-10 14:03:10,2017-08-16 16:37:52,2017-08-28,34.99,11.85,1,1,46.84,1,1,5.0,1.0,244ffde1b09f71f6f43e03d989465ec5,11680,ubatuba,SP,7.91412037037037,19.221157407407407,0,46.84
2841fd83431ec02cb85c516664c128a1,2b3ef16331eff62bfd93c245b3c8e408,delivered,2017-08-08 18:49:48,2017-08-08 19:05:41,2017-08-09 15:12:48,2017-08-22 12:12:10,2017-09-04,34.9,15.1,1,1,50.0,5,1,4.0,1.0,c8df76bf38607feb070ee32de9a0c4e9,35010,governador valadares,MG,13.723865740740742,26.215416666666666,0,50.0
ea1e1ffc5007718537ed671406b8538d,2db1a414c23fd5195a1a90da12cd28c5,delivered,2017-08-08 18:54:11,2017-08-10 03:15:36,2017-08-10 20:17:39,2017-08-15 15:17:32,2017-08-30,169.99,27.51,1,1,197.5,1,1,4.0,1.0,120194fff7d96a5f5a1cafc94fce234d,35667,pequi,MG,6.8495486111111115,21.212372685185183,0,197.5
6a29338a1333f4ea8fbfeb6653e516ba,69822f1b6b2d1aad79fcf16946e6075f,delivered,2017-08-08 18:57:21,2017-08-08 19:10:23,2017-08-11 15:17:28,2017-08-14 17:28:59,2017-08-28,14.9,11.85,1,1,26.75,2,1,5.0,1.0,19d3f95244b5f1c1b5aaa292d5d15339,12445,pindamonhangaba,SP,5.938634259259259,19.21017361111111,0,26.75
71bdcc58db48fbd3f6aa39889aab2e8c,458727956b378f1d200041d2107e97dd,delivered,2017-08-08 19:01:41,2017-08-08 19:15:16,2017-08-10 20:04:27,2017-08-19 13:57:29,2017-09-01,99.9,19.94,1,1,119.84,6,1,4.0,1.0,85ed42f17cc8222ffa1a1bb6c5c2b4f9,34700,sabara,MG,10.78875,23.20716435185185,0,119.84
2b9f8ad9f32e83a7cc84270f04858de6,628c270864d9dfcec3756dcd5632bf3a,delivered,2017-08-08 19:18:54,2017-08-08 19:35:14,2017-08-09 14:11:25,2017-09-01 19:51:44,2017-09-20,29.99,37.9,1,1,67.89,1,1,5.0,1.0,cc229eaf28082c73200707e40b029888,52191,recife,PE,24.022800925925925,42.19520833333333,0,67.89
ec7271618387fbc4779b6de5654cfb57,85ee5acfe5205d648daea1ffc5f7fac1,delivered,2017-08-08 19:23:13,2017-08-09 02:56:01,2017-08-09 18:00:08,2017-08-14 20:53:01,2017-08-30,35.12,16.11,1,1,51.23,1,1,4.0,1.0,bc5acd756fdd66c534d089b7805f5387,9260,santo andre,SP,6.0623611111111115,21.192210648148148,0,51.23
0c469ff5fde3323c2a8b99387f46bb19,5473f5784ea911c98ae1da72138f37dd,delivered,2017-08-08 19:26:46,2017-08-09 19:24:31,2017-08-14 14:46:51,2017-08-30 20:42:46,2017-09-05,89.9,15.38,1,1,105.28,7,1,3.0,1.0,89eb91f4e3b29c368dc72be27447b9e4,73850,cristalina,GO,22.052777777777777,27.18974537037037,0,105.28
b3b8133868458b6acf08ea6ffc22e3f2,c333f1bb63dcb3a4c67408e7337e30c8,delivered,2017-08-08 19:35:37,2017-08-08 20:20:06,2017-08-14 16:42:37,2017-08-18 15:12:53,2017-09-01,459.9,18.66,1,1,478.56,4,1,5.0,1.0,8f0eb363ad943a36b7091034f29b508e,3001,sao paulo,SP,9.817546296296296,23.183599537037036,0,478.56
34797e815a679fdaea88d3aa30dbf46c,2ada6f578b24b6034e1658a3ad15a4c2,delivered,2017-08-08 19:38:41,2017-08-08 19:50:15,2017-08-10 18:15:48,2017-08-18 12:46:35,2017-09-05,200.0,22.24,1,1,222.24,4,1,3.0,1.0,016a461e59c71a989c278fb565441696,91330,porto alegre,RS,9.713819444444445,27.181469907407408,0,222.24
dbadf0264f5a2b239bea146da1b1f567,b5dd5010cf3b3b1178a8e596d7114266,delivered,2017-08-08 19:41:27,2017-08-10 19:43:56,2017-08-11 19:37:52,2017-08-18 20:15:41,2017-08-30,70.78,28.2,2,1,98.98,3,1,5.0,1.0,3f92c58b07328c96c4b8a8175bdbff63,30360,belo horizonte,MG,10.023773148148148,21.179548611111112,0,98.98
5e7065baa52b81a3e58f90a5d1ef35c4,39a31f3ad15691f349f86fb79840b223,delivered,2017-08-08 19:41:52,2017-08-08 19:55:17,2017-08-09 18:32:53,2017-08-15 20:37:42,2017-08-30,118.99,18.08,1,1,137.07,1,1,4.0,1.0,3b0158de3bff5e6cc984d6ff05f1615b,89533,sao cristovao do sul,SC,7.038773148148148,21.179259259259258,0,137.07
65bb139b1cb6db9d99a350fa4a7d68f0,5855110e604705924d9b962fbbf732d0,delivered,2017-08-08 19:42:43,2017-08-08 19:55:18,2017-08-09 19:27:57,2017-08-12 14:14:37,2017-08-21,89.9,9.44,1,1,99.34,9,1,2.0,1.0,46ac99709b2497c52b0b8ec5301982ee,6437,barueri,SP,3.772152777777778,12.178668981481481,0,99.34
ffabb8ed44ae4f83efd9d206904d88f5,96789cb4ceff0012efe52f4faf4a2d2e,delivered,2017-08-08 20:01:10,2017-08-08 20:10:16,2017-08-10 18:42:34,2017-08-18 20:04:00,2017-09-05,410.0,52.54,2,1,462.54,6,1,2.0,1.0,931a169d1e15a0d9cb3dc049e5428d58,79400,coxim,MS,10.001967592592592,27.16585648148148,0,462.54
5d636e00c8235b39e3149dd8ddc949b8,c1b3478907a0889328e147a2a3d7ccfd,delivered,2017-08-08 20:01:23,2017-08-10 03:24:17,2017-08-11 17:23:15,2017-08-18 18:43:41,2017-09-01,67.9,15.23,1,1,83.13,1,1,5.0,1.0,f2ff32c758b416748ba01b03119594d7,29190,aracruz,ES,9.946041666666666,23.16570601851852,0,83.13000000000001
d053eed5434bc54c4fe629d35a009175,d797148a7505e4d0976f5b61d1c40741,delivered,2017-08-08 20:03:46,2017-08-08 20:15:21,2017-08-15 19:23:50,2017-08-23 14:12:34,2017-09-11,199.0,20.63,1,1,219.63,9,1,5.0,1.0,789b44ba11b7bab832b85cb5fe14643c,18057,sorocaba,SP,14.75611111111111,33.16405092592593,0,219.63
137c0b15e7a9356f9ecf5da8ccc5d995,7b433ce132416a12007e29dcb1a01ce9,delivered,2017-08-08 20:07:54,2017-08-10 03:25:24,2017-08-10 19:26:57,2017-08-11 17:41:46,2017-08-21,182.0,12.48,1,1,194.48,1,1,5.0,1.0,b0d033df9e6ba67e76b3cd09ea92d506,4649,sao paulo,SP,2.8985185185185185,12.161180555555555,0,194.48
4f08e1d966e9e49ca0677134ce4c2c57,5f7587c3961ed679a9e4ac53be2fabcf,delivered,2017-08-08 20:10:15,2017-08-08 20:23:38,2017-08-09 20:08:47,2017-08-21 20:32:52,2017-09-08,169.0,25.73,1,1,194.73,1,2,5.0,1.0,224fdd805e76c9c4896fb3fbb73d6dca,72876,valparaiso de goias,GO,13.015706018518518,30.159548611111113,0,194.73
5e362b5d60f22cf39bb6066118c31fae,743c1d91eb910917739b0713540a43f0,delivered,2017-08-08 20:14:46,2017-08-08 20:30:19,2017-08-09 19:47:39,2017-08-23 16:10:16,2017-09-08,85.9,38.15,1,1,124.05,12,1,5.0,1.0,6e6a80c64dba68adf32cc3aff1f54ba7,63700,crateus,CE,14.830208333333333,30.156412037037036,0,124.05000000000001
6836068790e98af482ed0d16fa65d535,bb539015ae0ed4d191977a6ff3a2005a,delivered,2017-08-08 20:21:27,2017-08-08 20:30:17,2017-08-11 18:18:00,2017-08-28 18:57:28,2017-08-30,179.65,26.1,1,1,205.75,4,1,5.0,1.0,504621c5495e49b7ce715b3e03e13670,22630,rio de janeiro,RJ,19.941678240740742,21.151770833333334,0,205.75
3841b9f0b88c1f4776e948e96261a099,7d27a8bce87ed5709757912115ec8afd,delivered,2017-08-08 20:23:52,2017-08-08 20:43:27,2017-08-09 19:51:21,2017-08-14 14:22:48,2017-08-29,289.0,18.73,1,1,307.73,8,1,4.0,1.0,e3116b31524ff321402af12a6bd762e5,4925,sao paulo,SP,5.749259259259259,20.150092592592593,0,307.73
895ab968e7bb0d5659d16cd74cd1650c,270c23a11d024a44c896d1894b261a83,delivered,2017-08-08 20:26:31,2017-08-08 20:43:31,2017-08-10 11:58:14,2017-08-14 12:46:18,2017-08-30,109.78,51.54,3,2,161.32,1,1,5.0,1.0,9a736b248f67d166d2fbb006bcb877c3,3227,sao paulo,SP,5.680405092592593,21.148252314814815,0,161.32
07ba523a0c48b0ae0920551684e13ab9,b9657b7cc5027452b17e328656a8d069,delivered,2017-08-08 20:29:44,2017-08-09 20:23:32,2017-08-10 20:17:56,2017-08-18 22:49:40,2017-09-05,109.0,21.16,1,1,130.16,1,1,4.0,1.0,ecce6e1f0ea39149a8f87a8d3e0f0870,77015,palmas,TO,10.097175925925926,27.146018518518517,0,130.16
ab651189a56f042246fb1a8c991ed4ff,4b778a2d8551f8e6e81d3d07af3168f0,delivered,2017-08-08 20:36:55,2017-08-08 20:50:19,2017-08-11 14:57:35,2017-08-21 17:21:53,2017-08-30,177.99,17.01,1,1,195.0,4,1,5.0,1.0,b66566b5b58308fb54464233bf58d1ad,95340,nova bassano,RS,12.864560185185185,21.141030092592594,0,195.0
e709c7cfc846b9fc5df47d1ed1bdfd17,8085ae0518357c1937622a6375bd5987,delivered,2017-08-08 20:39:34,2017-08-09 20:45:10,2017-08-15 19:16:39,2017-08-25 18:54:57,2017-09-01,110.0,35.28,2,1,145.28,10,1,5.0,1.0,1a68c22c23a52a35f499dbd3c5a020a6,93022,sao leopoldo,RS,16.92734953703704,23.139189814814817,0,145.28
7fcbbecf54e494a7d5a39799686b289a,40da9a7b799e50dd20d3866e59ea7156,delivered,2017-08-08 20:42:39,2017-08-08 21:03:14,2017-08-10 19:07:49,2017-08-16 20:03:22,2017-08-30,76.99,17.79,1,1,94.78,3,1,5.0,1.0,31e4839e2b120b145b89bf94d27eeecc,38060,uberaba,MG,7.9727199074074075,21.137048611111112,0,94.78
4b4df75ffa0116b870e32361c2c9f154,9a2f1f5c553900bf20b428c047bf35dd,delivered,2017-08-08 20:43:49,2017-08-10 03:15:48,2017-08-11 17:52:32,2017-08-16 13:42:03,2017-08-30,115.0,15.56,1,1,130.56,1,1,4.0,1.0,1a000d0b3222279d547e6cb1ba34de1b,2038,sao paulo,SP,7.707106481481482,21.136238425925924,0,130.56
8863958cd300b0b2cfb1b8db3326dd38,05581163680574c7c5afadd7764fa22f,delivered,2017-08-08 20:46:53,2017-08-08 21:03:21,2017-08-11 13:36:55,2017-09-06 22:44:55,2017-09-04,58.99,17.66,1,1,76.65,1,1,1.0,1.0,04d3c2795b83634312bf3f86f41f7901,29700,colatina,ES,29.081967592592594,26.134108796296296,1,76.65
4ad158fb23644bc01f7f255b61b7ca9f,ed075555bbf25bf595005c1f973b136b,delivered,2017-08-08 20:50:58,2017-08-08 21:03:17,2017-08-10 18:15:48,2017-08-16 16:43:38,2017-09-01,200.0,26.24,1,1,226.24,10,1,5.0,1.0,2760a10fdfe3a77a374bc8823f9cf21b,35162,ipatinga,MG,7.828240740740741,23.131273148148146,0,226.24
a8d14f53fd00bf5759c0e56f2a0a2d31,2a5537cca47095c73bb1d6286ee2c543,delivered,2017-08-08 20:53:57,2017-08-08 21:10:21,2017-08-10 13:33:13,2017-08-23 19:23:51,2017-09-05,84.99,15.34,1,1,100.33,3,1,4.0,1.0,c42d503ed3de454cd24b5d1508bcf5b2,79640,tres lagoas,MS,14.937430555555556,27.129201388888887,0,100.33
70217ba6c09626a3f4b980eac7d98a1d,8c2dba1581356178de57718a19cd1d61,delivered,2017-08-08 21:04:11,2017-08-11 04:15:14,2017-08-11 18:40:06,2017-08-23 19:22:51,2017-08-30,39.0,14.1,1,1,53.1,1,1,5.0,1.0,9a909e39723b88c47dd3090505ce7299,31070,belo horizonte,MG,14.92962962962963,21.12209490740741,0,53.1
00bbc4179554524748f77763ddd62266,a338432949ddc9b9e6bee3d2695d655e,delivered,2017-08-08 21:04:16,2017-08-10 03:15:35,2017-08-11 13:36:56,2017-08-14 15:13:10,2017-08-23,89.99,7.88,1,1,97.87,1,1,4.0,1.0,a15630ebd61b2a42d78cb93fbebeda88,3143,sao paulo,SP,5.756180555555556,14.122037037037037,0,97.86999999999999
7df3717b5a5609af21ee9e719b68cef8,ec2dd7dac7d7127d2d9d7bb77a2fd226,delivered,2017-08-08 21:09:52,2017-08-10 03:15:46,2017-08-22 17:52:33,2017-09-19 17:12:28,2017-09-01,229.9,16.36,1,1,246.26,1,1,3.0,1.0,48c9e0aa6bd6ca010174be0199e2124a,96506,cachoeira do sul,RS,41.83513888888889,23.118148148148148,1,246.26
6c6035b5c538935be5381cff46351355,840d738a6f0616378d9a497fd62e812d,delivered,2017-08-08 21:11:59,2017-08-08 21:30:14,2017-08-09 15:47:14,2017-08-17 19:42:34,2017-09-01,15.9,16.79,1,1,32.69,1,1,4.0,1.0,63fd77570aaba60f3b4783fc531f5e71,88813,criciuma,SC,8.937905092592592,23.11667824074074,0,32.69
8d47ca771c5f1f48f545ecf4a7c85f82,fc056cb6f79dbf7ab1e6ea6ef66f7837,delivered,2017-08-08 21:12:42,2017-08-08 21:25:20,2017-08-11 18:32:28,2017-08-22 20:06:54,2017-09-01,24.9,15.1,1,1,40.0,4,1,4.0,1.0,2d88f41123c35ee8ce8dadc83bbd8650,26510,nilopolis,RJ,13.954305555555555,23.116180555555555,0,40.0
816712dda4284eedabcbdf0f9deb1b71,2136617aef9847db1501b8fe29cc9247,delivered,2017-08-08 21:21:23,2017-08-08 21:35:22,2017-08-09 18:46:20,2017-08-18 22:22:30,2017-08-30,110.0,16.53,1,1,126.53,4,1,3.0,1.0,c8f83fa040aafd0534fee7ce9511bc58,22040,rio de janeiro,RJ,10.04244212962963,21.110150462962963,0,126.53
e4d08950321814112909360f9dca2e3d,4700d1a6f247079a2e60dc883b4c0c16,delivered,2017-08-08 21:30:55,2017-08-08 21:45:08,2017-08-10 18:15:49,2017-08-11 12:12:00,2017-08-23,200.0,15.01,1,1,215.01,9,1,5.0,1.0,1c062f62b3e67f4bc9095d332452a2b4,6410,barueri,SP,2.611863425925926,14.103530092592592,0,215.01
6c913991aedb5977cece1b1865cab730,67183b1b66db8358614f86d20c62294f,delivered,2017-08-08 21:31:55,2017-08-08 21:50:07,2017-08-09 15:33:51,2017-08-16 19:37:48,2017-09-05,32.9,16.79,1,1,49.69,4,1,5.0,1.0,4a9371a7a620ff0a9d2edb76f90ac26f,13504,rio claro,SP,7.9207523148148145,27.102835648148147,0,49.69
6ed054767cc606ee0ba32d41471a9b1b,67963c9d23067c44d4095d9a185da880,delivered,2017-08-08 21:38:30,2017-08-08 21:50:20,2017-08-11 20:22:22,2017-08-24 20:18:50,2017-08-30,89.9,15.38,1,1,105.28,2,1,4.0,1.0,3ad691994b16f9929a65f1a0b083a12d,37240,luminarias,MG,15.944675925925926,21.098263888888887,0,105.28
bf32f1e78a79a95adafb71c5c8af47dc,29327856bac6f048fa117113f9270b92,delivered,2017-08-08 21:39:32,2017-08-08 21:55:11,2017-08-09 13:16:43,2017-08-14 17:18:58,2017-08-28,50.9,13.38,1,1,64.28,3,1,5.0,1.0,cd0ba16db1d01849d8037585f8bb5ad5,14071,ribeirao preto,SP,5.819050925925926,19.097546296296297,0,64.28
ea43bc65126ad69392a37907bd400c49,84fa5b5f1af3af75e2e44452c296e41d,delivered,2017-08-08 21:39:52,2017-08-08 21:55:12,2017-08-10 20:04:28,2017-08-17 20:56:36,2017-09-01,125.9,20.12,1,1,146.01999999999998,1,2,5.0,1.0,53e679944529ff4cccb46e9e7535a487,37004,varginha,MG,8.969953703703704,23.097314814814816,0,146.02
5f216fa78a2bb7be5bc7468efd986ed3,46fe482962bcd675a787c168a83c5fe7,delivered,2017-08-08 21:39:54,2017-08-08 21:55:13,2017-08-10 18:15:46,2017-08-11 20:52:05,2017-08-23,200.0,15.01,1,1,215.01,10,1,5.0,1.0,0d792631cb6270d60cb2757de8ef4a90,6065,osasco,SP,2.9667939814814814,14.097291666666667,0,215.01
25c6f0ec957719646d6018427efc5504,b55d63dd330f6bdf9b925468c3bc71fa,delivered,2017-08-08 22:05:56,2017-08-08 22:23:28,2017-08-09 20:54:43,2017-08-14 19:34:06,2017-08-28,188.0,13.45,1,1,201.45,10,1,5.0,1.0,6b74a422f46a89af0ad6e4ec94cfaf5e,87035,maringa,PR,5.894560185185185,19.079212962962963,0,201.45
58ad53486aa4d662036281295465d755,af35c1eb9f66ae71152e988e0f1bdae8,delivered,2017-08-08 22:14:54,2017-08-08 22:30:19,2017-08-10 16:40:11,2017-08-15 19:41:24,2017-08-30,44.9,16.11,1,1,61.01,6,1,5.0,1.0,bb1d9cb6005629522055ccce642cfc73,6124,osasco,SP,6.893402777777778,21.07298611111111,0,61.01
fb18685c951665e941f2a327f25a2976,f51d026d5d87ee1bc3bd4bf666055674,delivered,2017-08-08 22:39:06,2017-08-10 03:15:52,2017-08-11 15:56:00,2017-08-18 21:33:08,2017-08-30,27.93,15.1,1,1,43.03,1,1,5.0,1.0,75a78c7bdba419976e9e26166045c004,85852,foz do iguacu,PR,9.954189814814814,21.056180555555557,0,43.03
605f2add48efc71a276d265b071695ba,93fe825ed6a6b6b770c6ef059428e18b,delivered,2017-08-08 22:56:48,2017-08-10 03:15:39,2017-08-10 19:14:57,2017-08-15 19:43:51,2017-08-30,59.99,15.18,1,1,75.17,1,1,5.0,1.0,706546fa03c85956039124ed0ba15863,81730,curitiba,PR,6.866006944444444,21.04388888888889,0,75.17
d43f72571877365b197ee657196d8d30,dbbdd5da6d15f24d7d00b601170a15c0,delivered,2017-08-08 22:58:27,2017-08-08 23:10:37,2017-08-11 18:08:08,2017-08-22 20:09:48,2017-08-30,79.95,17.81,1,1,97.76,1,1,3.0,1.0,e6fe4e68f737378b0b1cd2a30e5451b8,89140,ibirama,SC,13.882881944444444,21.042743055555555,0,97.76
a63677aa9aeae51c42728b18555df877,c99b0d13ba87e0a2a17cd0a907cab66c,delivered,2017-08-08 22:59:59,2017-08-08 23:15:14,2017-08-10 13:27:41,2017-08-18 17:28:31,2017-08-31,59.99,15.17,1,1,75.16,3,1,4.0,1.0,c27284bd896b69adb3246df8e2c387b8,36740,recreio,MG,9.769814814814815,22.04167824074074,0,75.16
dc7be79976943eeae2bd3e4530b511fd,d33b250cb9b08d63736d711cad71cc52,delivered,2017-08-08 23:01:39,2017-08-08 23:15:14,2017-08-14 16:26:31,2017-09-11 17:04:21,2017-09-01,82.9,15.33,1,1,98.23,1,1,1.0,1.0,e03b239e4335d431c5638456efaae133,91160,porto alegre,RS,33.751875,23.040520833333332,1,98.23
525ec9a4d6f8d45b2d22977017fe7849,d5121cb42f70ed9ce2700cb9dfc5ad47,delivered,2017-08-08 23:04:57,2017-08-08 23:24:05,2017-08-09 18:49:50,2017-08-15 20:39:53,2017-08-30,139.9,15.73,1,1,155.63,3,1,4.0,1.0,1b57430a63894115bb988c1ecb2c676f,16400,lins,SP,6.899259259259259,21.038229166666667,0,155.63
22557cb9c7229669e351a8460240119b,9a7a057f5e9560593d21cf17220b04b2,delivered,2017-08-08 23:13:27,2017-08-08 23:30:09,2017-08-09 16:51:58,2017-08-22 18:27:15,2017-09-05,159.0,18.68,1,1,177.68,3,2,4.0,1.0,dceaacb38425bbd61d7d71968bfdccda,95020,caxias do sul,RS,13.80125,27.03232638888889,0,177.68
e1a8e28c43be15a1b32b5fce8c126594,b1d110ec158377a6ec3d2e5280525d7e,delivered,2017-08-08 23:13:48,2017-08-08 23:25:06,2017-08-09 13:40:48,2017-08-14 22:10:55,2017-08-30,196.0,17.62,1,1,213.62,5,1,3.0,1.0,71209693238a35ddbddabefabd4b3d92,22240,rio de janeiro,RJ,5.956331018518519,21.032083333333333,0,213.62
b391fd34f5d52bfc8de47b44d609e490,af42aa6cd70a1a5faa9b3549ae6aeaeb,delivered,2017-08-08 23:30:40,2017-08-08 23:45:10,2017-08-10 13:51:56,2017-08-11 20:53:07,2017-08-22,56.99,8.72,1,1,65.71,1,1,5.0,1.0,060a6620369ce19e52208b3f8ab6e27e,13020,campinas,SP,2.8905902777777777,13.02037037037037,0,65.71000000000001
77de735385f248a39145574246962d8e,f4bc5b311754316d6eead5d82257aed3,delivered,2017-08-08 23:42:57,2017-08-08 23:55:12,2017-08-09 17:13:18,2017-08-14 16:37:29,2017-08-30,199.0,16.14,1,1,215.14,10,1,2.0,1.0,5ea1d130096a27069830208b15747825,30160,belo horizonte,MG,5.704537037037037,21.01184027777778,0,215.14
405ecafdd586fc6c950aa6aaf4e91cae,2681443bacf9d7fa015a0d37cdfc2657,delivered,2017-08-08 23:43:55,2017-08-10 03:25:21,2017-08-11 21:15:16,2017-08-16 17:14:29,2017-08-30,171.0,15.95,1,1,186.95,1,1,5.0,1.0,1b95023e493953fdf09bec476f58e678,83324,pinhais,PR,7.729560185185186,21.011168981481482,0,186.95
ea39d327906c9e8540a9b0f5004dcf46,0054556ea954a76ad6f9c4ba79d34a98,delivered,2017-08-08 23:46:22,2017-08-09 00:43:27,2017-08-10 15:17:48,2017-08-18 16:43:32,2017-09-05,34.99,16.79,1,1,51.78,2,1,4.0,1.0,3cc8e80baa86a7befe2b24568cd0faf0,95680,canela,RS,9.706365740740742,27.009467592592593,0,51.78
0e0cb073422fcdc0645935e23d672736,890756905264b648874867f666812c4a,delivered,2017-08-08 23:50:03,2017-08-09 00:03:10,2017-08-10 20:02:48,2017-08-17 20:43:54,2017-09-04,263.99,15.6,1,1,279.59,3,1,5.0,1.0,417554820ba7654ce21af667f85cf0a2,94828,alvorada,RS,8.870729166666667,26.006909722222222,0,279.59000000000003
2ab3b248aae3f6dc906f0192aadb5ecf,0f8ca88d5ab70cbd3cf45231a02a1921,delivered,2017-08-08 23:53:42,2017-08-09 00:50:11,2017-08-18 16:11:02,2017-08-24 19:57:51,2017-08-28,91.45,12.14,1,1,103.59,10,1,5.0,1.0,1ee26eaf8d2c8aa0b33f6a7cd6659580,19820,taruma,SP,15.836215277777777,19.004375,0,103.59
307ffd3273b9aa8140ad9f386879baf6,7f237995907385fce112294e9dbf469d,delivered,2017-08-09 00:06:48,2017-08-10 00:15:32,2017-08-10 19:47:58,2017-08-16 20:51:44,2017-08-31,66.9,17.72,1,1,84.62,8,1,5.0,1.0,2202430911565c189d704853bd88bce4,80250,curitiba,PR,7.864537037037037,21.995277777777776,0,84.62
27981b144a3edfc540ff14f416ff7311,f2b00d796387c985440e4ff2121ea753,delivered,2017-08-09 00:16:55,2017-08-09 00:35:48,2017-08-09 17:52:48,2017-08-12 16:03:39,2017-08-29,19.9,11.85,1,1,31.75,3,1,5.0,1.0,3ec9f15688d87f05e5f48316e343fe17,11420,guaruja,SP,3.6574537037037036,19.988252314814815,0,31.75
55f33d1440ed529bf23f7b92248c149e,a55beda9aafbcf83393646d566a06b86,delivered,2017-08-09 00:38:43,2017-08-09 00:50:17,2017-08-10 17:41:34,2017-08-11 20:13:49,2017-08-28,900.0,68.06,1,1,968.06,10,1,5.0,1.0,999ca6c21fe8b6f8a5accfb5949ad503,12237,sao jose dos campos,SP,2.8160416666666666,18.973113425925927,0,968.06
da5c3335442be11fa1a96ef5bb834a47,b591943cc331d449b1ac46c0df74793e,delivered,2017-08-09 00:51:03,2017-08-10 03:25:39,2017-08-15 20:07:27,2017-08-24 20:22:33,2017-09-04,89.9,15.38,1,1,105.28,1,1,4.0,1.0,55e06703bd5d11ce8f8c2b7c5448425a,95540,palmares do sul,RS,15.813541666666667,25.964548611111113,0,105.28
8d79387c949a14812dc166d8fe4039d1,75c10aae5ed03135ec947742e1537be0,delivered,2017-08-09 02:25:08,2017-08-09 02:35:14,2017-08-17 20:08:46,2017-08-28 18:07:55,2017-09-12,84.9,17.84,1,1,102.74000000000001,4,2,5.0,1.0,63818868fd5328e36af057b775922079,20230,rio de janeiro,RJ,19.654710648148146,33.89921296296296,0,102.74000000000001
d5a56dbd4116a2322c80a3fb1e2f1fdf,c734c901f7d73b653259fe705606a75e,delivered,2017-08-09 03:00:00,2017-08-10 03:31:39,2017-08-14 10:52:31,2017-08-24 20:00:00,2017-09-04,179.9,16.01,1,1,195.91,1,1,5.0,1.0,c815b76f660ba8f6bee4578d64ee9318,72405,brasilia,DF,15.708333333333334,25.875,0,195.91
fb0a1a5bc897d399e60669acf0063044,1a74f36a8fef5459af7347cd87e71794,delivered,2017-08-09 06:24:43,2017-08-09 06:43:33,2017-08-09 18:46:19,2017-08-16 19:04:57,2017-08-29,18.0,24.96,2,1,42.96,3,1,5.0,1.0,eb129673a452c0e5436b12fd03d5e815,37200,lavras,MG,7.527939814814815,19.732835648148146,0,42.96
72b48d2ee1353308077d11c354decaad,7bc2e455b6baa1f35526ec0f24968e34,delivered,2017-08-09 06:58:46,2017-08-09 07:10:12,2017-08-10 13:33:11,2017-08-11 16:30:09,2017-08-25,23.99,7.78,1,1,31.77,1,1,,,ce49c76f0ff0ef8e18c90de576551b53,1520,sao paulo,SP,2.3967939814814816,15.709189814814815,0,31.77
dc4dc464cfa3377e0b31a936d2d117d0,4e301353a2036c4e1a67bf0c259850f2,delivered,2017-08-09 08:22:42,2017-08-09 11:05:11,2017-08-10 18:32:39,2017-08-14 18:22:28,2017-08-22,16.9,7.78,1,1,24.68,1,1,5.0,1.0,45f920c528716a2b9bbdcb7c8405122e,13465,americana,SP,5.41650462962963,12.650902777777778,0,24.68
baa8610afcede477008f6d832c7c7c86,e6b779441e26a77ec665c63dc45363ec,delivered,2017-08-09 08:27:59,2017-08-09 08:43:15,2017-08-09 18:32:50,2017-08-22 20:45:31,2017-09-06,9.99,17.6,1,1,27.59,2,1,5.0,1.0,72a910f3bd5bfdc2a2c34996593f5b5a,75600,goiatuba,GO,13.512175925925925,27.647233796296295,0,27.590000000000003
6216b939598157d2f16cdedf8997b83f,cb50b742004760f7a5835600332c29b9,delivered,2017-08-09 08:54:29,2017-08-11 04:15:20,2017-08-14 13:03:59,2017-08-21 20:07:43,2017-09-04,55.0,16.15,1,1,71.15,1,1,5.0,1.0,90bd90ace5fa4ab96f95ee4e77d3fd70,79280,porto murtinho,MS,12.467523148148148,25.628831018518518,0,71.15
abda5a07e6be93929ff11832648683fd,38456be610f69a4bd45e269a69a18b9b,delivered,2017-08-09 09:08:04,2017-08-11 04:24:47,2017-08-11 19:44:44,2017-08-21 22:23:58,2017-09-04,39.9,15.79,1,1,55.69,1,1,5.0,1.0,549d265c22f51a2a01d787664a0bc1fb,80050,curitiba,PR,12.552708333333333,25.619398148148147,0,55.69
be18a0f2c441f267ba796a97930c98c8,29df7dfb9d1fc51742c20e15388c1a3b,delivered,2017-08-09 09:24:56,2017-08-09 09:43:48,2017-08-10 18:57:30,2017-08-15 17:36:41,2017-08-31,69.99,16.74,1,1,86.73,2,1,5.0,1.0,79873702c342470e7d99fdd26d6c1d2b,26315,queimados,RJ,6.3414930555555555,21.607685185185186,0,86.72999999999999
ababdab25dc831464e6dec92bcb1beac,319b0b8fca928caf9f619d0b77418263,delivered,2017-08-09 09:26:56,2017-08-09 09:43:49,2017-08-09 19:45:59,2017-08-11 16:43:43,2017-08-31,85.9,14.33,1,1,100.23,3,1,5.0,1.0,08c49e19ff49f0b07a5cede83ca4bf82,8554,poa,SP,2.3033217592592594,21.606296296296296,0,100.23
bf30a3536883051dca847b3f007a9963,2c9f92e1d9657eb346ec0688113e556f,delivered,2017-08-09 09:52:45,2017-08-09 10:05:42,2017-08-09 15:22:29,2017-08-21 14:28:10,2017-08-29,97.0,12.18,1,1,109.18,5,1,5.0,1.0,ee515c21c199f27b0a4d254de725ed59,3909,sao paulo,SP,12.191261574074074,19.588368055555556,0,109.18
212c15b59573b9d8f5237f680f1f4719,1596ba8ece28220881f4ac1e07014b39,delivered,2017-08-09 10:08:24,2017-08-09 10:24:31,2017-08-11 18:09:55,2017-08-15 18:27:48,2017-08-30,64.9,23.11,1,1,88.01,2,1,2.0,1.0,9c8930fc25773dc854b9ab22f8539d60,4042,sao paulo,SP,6.346805555555555,20.5775,0,88.01
c6a9e39db5f61068d017ee903b277478,a44a037a63d6afc0e4e241e95abc4fc0,delivered,2017-08-09 10:22:04,2017-08-09 10:35:13,2017-08-11 13:36:55,2017-08-16 21:21:57,2017-08-31,89.99,12.13,1,1,102.12,1,1,5.0,1.0,020aa2d69bca8c7a0b3da5f8e602c26d,13238,campo limpo paulista,SP,7.458252314814815,21.56800925925926,0,102.11999999999999
a3b5da7c8f8d9a1edf856dd01f9c91cb,d45d9822b7a7caa83d425d780535f084,delivered,2017-08-09 10:26:30,2017-08-09 10:44:01,2017-08-10 14:28:12,2017-08-11 17:45:02,2017-08-22,35.0,15.56,2,1,50.56,1,1,5.0,1.0,b2a9eda94208798a053e11dc3b9b4568,9080,santo andre,SP,2.304537037037037,12.564930555555556,0,50.56
f9845299f54329dbb79e202ff8301543,c92f41078c09dec4a094e45a6708d8be,delivered,2017-08-09 10:26:47,2017-08-11 04:15:33,2017-08-16 18:19:44,2017-08-21 20:19:58,2017-08-29,119.9,13.86,1,1,133.76,1,1,5.0,1.0,ef5208d5587e8fbc3fda6271d870085e,13083,campinas,SP,12.41193287037037,19.564733796296295,0,133.76
c184e6099cefcb115ecad127cf774705,0bd4cdb624200c39410664ca45d4ce25,delivered,2017-08-09 10:32:05,2017-08-10 10:44:00,2017-08-11 16:56:33,2017-08-23 19:18:11,2017-09-13,200.0,24.78,1,1,224.78,10,1,1.0,1.0,ef47bc5bdb69b9aa62f3db4e3e434d72,41706,salvador,BA,14.365347222222223,34.56105324074074,0,224.78
b354dae409f9d433bee051b7e1b4eb7d,1ccc792b6dd0c921196d290780e11754,delivered,2017-08-09 10:48:15,2017-08-09 11:04:07,2017-08-09 18:03:26,2017-08-17 17:52:32,2017-08-31,29.0,14.1,1,1,43.1,2,1,5.0,1.0,8f9803fd3ad8ea0dc070cd6c12552d2f,21825,rio de janeiro,RJ,8.294641203703703,21.54982638888889,0,43.1
9cb828e4c199d05058a48c78126e3a51,e362677e56f333541b22921c3c2195cc,delivered,2017-08-09 11:09:22,2017-08-09 11:25:10,2017-08-15 18:12:33,2017-08-24 17:55:47,2017-09-11,40.0,18.59,1,1,58.59,1,1,5.0,1.0,db0f9d5f491661d37050378403a532f9,22281,rio de janeiro,RJ,15.282233796296296,32.53516203703704,0,58.59
213035a57f21a80992c9c577de9e5484,942e958857fd86d6a3ee59668ea1cdf8,delivered,2017-08-09 11:32:33,2017-08-09 11:45:13,2017-08-09 17:49:40,2017-08-14 21:21:32,2017-09-04,42.9,16.11,1,1,59.01,2,1,4.0,1.0,3b102dbfc43b46f6ae984015e972e28d,14406,franca,SP,5.409016203703704,25.5190625,0,59.01
b1334405900ad1c02d3521d59b962c6a,6a1c413924ef359fa6e250b31387ff81,delivered,2017-08-09 11:36:31,2017-08-09 11:50:20,2017-08-10 18:15:46,2017-08-21 19:12:43,2017-09-13,400.0,65.68,2,1,465.68,10,1,5.0,1.0,c0c96998a33dac2ddfbcb79673ec8b85,49160,nossa senhora do socorro,SE,12.316805555555556,34.51630787037037,0,465.68
ceb608e88a15bf78c70e9020002f89ee,fe37fbb53f07dcf3e2afdb887abf22df,delivered,2017-08-09 11:52:48,2017-08-09 12:05:47,2017-08-09 20:05:13,2017-08-16 19:34:16,2017-08-31,23.99,11.85,1,1,35.84,1,1,4.0,1.0,e8a7878d10a5c71b6f8b3d6c75f6131e,13041,campinas,SP,7.320462962962963,21.505,0,35.839999999999996
b9f0e07d0b6d46a0c40cd3950a8cbeff,b4533ea6278d554a6be38cd324930625,delivered,2017-08-09 11:56:53,2017-08-09 12:10:21,2017-08-10 18:17:25,2017-08-18 16:26:38,2017-08-31,214.0,42.48,2,1,256.48,1,1,4.0,1.0,c2eaa58a554512017ec4273f8065f78f,89560,videira,SC,9.18732638888889,21.502164351851853,0,256.48
179394da67149ef0dec1368b27e3b2e0,747c8921ce4475d2dce57496776885f5,delivered,2017-08-09 11:58:24,2017-08-09 12:10:17,2017-08-14 23:21:48,2017-08-22 17:53:59,2017-09-08,119.8,35.34,2,1,155.14,2,1,5.0,1.0,97a0c4f33bf1982206bc39b40e040e50,35502,divinopolis,MG,13.24693287037037,29.50111111111111,0,155.14
3351bf124a5c98aeee6b64f3ba214459,120900fe5702f3b09c391b686de66804,delivered,2017-08-09 12:05:47,2017-08-09 12:23:50,2017-08-09 20:46:14,2017-08-17 15:33:22,2017-08-31,85.9,14.33,1,1,100.23,4,1,5.0,1.0,090e97078ee58f11563152e1d5563bbf,4849,sao paulo,SP,8.144155092592593,21.495983796296297,0,100.23
f74aecd058269c4087863fbc431e7681,3117f05fc361408aed349e8aee87d680,delivered,2017-08-09 12:10:07,2017-08-09 12:23:49,2017-08-21 19:06:01,2017-08-22 13:20:13,2017-08-29,169.0,16.89,1,1,185.89,1,1,1.0,1.0,f219a745765c59175a89d3c420926365,7013,guarulhos,SP,13.048680555555556,19.492974537037036,0,185.89
97c8ca945a49dec599920c3fd2ed0a55,ef6d866cb6bad171b3286fb79a281660,delivered,2017-08-09 12:10:38,2017-08-09 12:25:09,2017-08-11 18:11:22,2017-08-18 19:12:18,2017-09-04,170.1,21.68,1,1,191.78,3,1,4.0,1.0,7ed57df0e6ae22a4f9e0250d52608ad5,29705,colatina,ES,9.292824074074074,25.492615740740742,0,191.78
edc3e43c9acea4a673df5f0dec3d7051,8939553de56703df40f815afc4786730,delivered,2017-08-09 12:13:32,2017-08-10 12:10:26,2017-08-11 18:37:53,2017-09-05 19:49:03,2017-09-13,129.99,29.31,1,1,159.3,2,1,4.0,1.0,0d46fe250a42969e1c64feb1b8747159,56200,ouricuri,PE,27.316331018518518,34.49060185185185,0,159.3
e102f8dfd6da168838a2d13dfbc3bb10,cc520e111caf2d8356003f5814dfb2f4,delivered,2017-08-09 12:21:33,2017-08-10 03:25:44,2017-08-14 10:43:34,2017-08-17 20:35:06,2017-08-29,179.9,12.76,1,1,192.66,1,1,5.0,1.0,7107fb477c1cee6a2f0e7a6e7b0ede4c,6266,osasco,SP,8.342743055555555,19.485034722222224,0,192.66
13bb866b92de8268d5c90acb92caa6ad,b21958bc94eca31e8d3f5f8374dd0a4f,delivered,2017-08-09 12:24:22,2017-08-10 03:24:16,2017-08-11 00:37:13,2017-08-16 17:47:48,2017-08-29,62.34,11.94,1,1,74.28,1,1,5.0,1.0,d0eb87c5f39e9d1874a09e2278b5f310,15108,ipigua,SP,7.224606481481482,19.483078703703704,0,74.28
b509bd2eac0f3bf788f841a5cb5b69ad,93d7698c4b1a642da516347f577c4686,delivered,2017-08-09 12:29:56,2017-08-09 12:45:18,2017-08-10 19:40:09,2017-08-21 20:05:39,2017-09-04,59.9,17.67,1,1,77.57,1,1,5.0,1.0,ca2c4eba154785f0287fd609d67dfb9e,71015,brasilia,DF,12.316469907407408,25.47921296296296,0,77.57
e105d0f5799042c758b417e6dce2c3a5,c329c0883d4e70ebb322ddf77e68fecb,delivered,2017-08-09 12:30:18,2017-08-11 04:26:18,2017-08-14 21:12:52,2017-08-25 18:05:13,2017-08-31,19.9,15.1,1,1,35.0,1,1,5.0,1.0,543e8d013b09dbcac13ca7e1b4051a37,89708,concordia,SC,16.23258101851852,21.478958333333335,0,35.0
01c886b4b865797097ab2d051ae30cfd,c8eaa92fb78e29a73b98bb005e08a45e,delivered,2017-08-09 12:34:24,2017-08-10 03:32:19,2017-08-15 19:10:02,2017-08-24 20:53:46,2017-09-06,59.9,16.86,1,1,76.76,1,1,5.0,1.0,d1516068b604e6a0d832ef68714baea1,22631,rio de janeiro,RJ,15.346782407407407,27.476111111111113,0,76.75999999999999
69ffcc06382c0d6b91a0d6a647603a8f,83fc8ba0daca8fd0ec1524c52e5c40e0,delivered,2017-08-09 12:40:41,2017-08-10 12:45:17,2017-08-11 18:22:25,2017-08-17 19:52:35,2017-08-31,45.8,24.96,2,1,70.76,1,1,5.0,1.0,4849a05adbbdba9197030df910caf205,13142,paulinia,SP,8.299930555555555,21.471747685185186,0,70.75999999999999
711f172cadce2c07a025d5b9ad519e36,c0768240269a7174471a124b38b93046,delivered,2017-08-09 12:43:43,2017-08-10 06:45:18,2017-08-10 18:56:38,2017-08-16 19:24:05,2017-08-29,583.0,15.58,1,1,598.58,1,1,4.0,1.0,eebd0ddc20220549c8e2905f8ad1d7a2,18683,lencois paulista,SP,7.278032407407407,19.469641203703702,0,598.58
47c5b42ecbd216813dc0dbcdfb964a9e,9ec2c81dc030f60a772531d121ec6344,delivered,2017-08-09 12:52:38,2017-08-09 13:05:18,2017-08-10 20:07:32,2017-08-18 20:03:07,2017-09-04,225.75,16.33,1,1,242.08,1,1,5.0,1.0,abc4333affea5dedcc9b8f50f9281e25,29163,serra,ES,9.298946759259259,25.463449074074074,0,242.07999999999998
f4b166c60fee8f28f16c05ad386fdc09,c2899f72e06b9264f47a9b41af8ed517,delivered,2017-08-09 13:04:09,2017-08-09 13:15:13,2017-08-10 17:53:57,2017-08-15 19:36:31,2017-08-31,44.0,14.1,1,1,58.1,2,1,3.0,1.0,f7ec6f1428f9ba2f245f93ec5b1e9f93,23560,rio de janeiro,RJ,6.272476851851851,21.45545138888889,0,58.1
923bd0dbdf3223a889b7548f25d973fc,2225cd8a014f6e1c1bbdab7ee5de2aa3,delivered,2017-08-09 13:04:46,2017-08-09 13:15:16,2017-08-15 21:33:56,2017-08-16 20:23:35,2017-08-22,106.9,11.95,1,1,118.85,2,1,4.0,1.0,01b531d9fa14ce8894156d72f7ee8b92,6787,taboao da serra,SP,7.304733796296296,12.455023148148149,0,118.85000000000001
073c1615e55e3c047b8254b49d3503df,a4e7d5d9719609261aca55abcfbb5985,delivered,2017-08-09 13:08:42,2017-08-09 13:24:21,2017-08-10 17:30:08,2017-08-16 18:24:45,2017-08-29,182.0,14.29,1,1,196.29,9,1,5.0,1.0,5174f67c5ed487530dce2130067c9b3b,18685,lencois paulista,SP,7.219479166666667,19.452291666666667,0,196.29
e248c45c398d43068b85a887c7e2a470,309bc6b5086db3fca4273ea7d4cd7cd0,delivered,2017-08-09 13:11:53,2017-08-09 13:25:19,2017-08-10 18:57:29,2017-08-17 10:00:01,2017-08-31,99.99,16.95,1,1,116.94,2,1,5.0,1.0,26f0ee20334f30bf3304ee70df472c5d,23032,rio de janeiro,RJ,7.8667592592592595,21.450081018518517,0,116.94
b15e9d1741046124ba4bf5c7dd4e5a8a,372864e90194a3ea999f6cda5d954956,delivered,2017-08-09 13:14:11,2017-08-09 13:30:18,2017-08-11 15:52:28,2017-08-22 15:06:12,2017-08-31,36.5,14.08,1,1,50.58,5,1,5.0,1.0,0c6e8dddf8ac3d177f4913eecb649a05,8120,sao paulo,SP,13.077789351851852,21.448483796296298,0,50.58
ac8189e5e0b236fb91fbd04c3975b750,737a5a1dac264edd6dd49009e8dfdc87,delivered,2017-08-09 13:14:14,2017-08-10 13:25:18,2017-08-14 21:07:52,2017-08-23 19:18:03,2017-09-06,439.94,107.1,2,1,547.04,5,1,1.0,1.0,fc43075230d63f6ca93c8c0481aa269a,20520,rio de janeiro,RJ,14.252650462962963,27.448449074074073,0,547.04
5e1b4875a5df5a3743b84762d92d5268,d48405717974e57f6a2037b675eda74d,delivered,2017-08-09 13:17:28,2017-08-10 14:30:09,2017-08-11 18:37:54,2017-08-28 20:55:43,2017-09-04,118.99,17.08,1,1,136.07,6,1,5.0,1.0,d7a701d76d6d35d6d2a1069972c202fa,94834,alvorada,RS,19.318229166666665,25.446203703703702,0,136.07
e87d63870bcff2f72abfc64454bfff05,da5edefc151065bf935b9bf2c412e96b,delivered,2017-08-09 13:23:18,2017-08-09 13:44:08,2017-08-10 19:09:48,2017-08-18 15:49:50,2017-08-31,12.5,11.85,1,1,24.35,2,1,5.0,1.0,5e7e68f3179b9818d65fc4cfbd8b43ff,27263,volta redonda,RJ,9.101759259259259,21.44215277777778,0,24.35
a601d022409232a8c75200e448dfb843,6b77feae2a3a39a0b0385e67ff194277,delivered,2017-08-09 13:27:11,2017-08-09 13:44:11,2017-08-10 16:59:38,2017-08-21 21:57:41,2017-10-03,81.0,19.11,1,1,100.11,1,1,5.0,1.0,8249686a806918848deca8e070f8995e,66055,belem,PA,12.354513888888889,54.43945601851852,0,100.11
f4e54cdf400b12ba277e54ad81f0a19f,1ff82333c32e212750019462faf67a86,delivered,2017-08-09 13:29:08,2017-08-09 13:44:11,2017-08-09 20:46:14,2017-08-15 19:14:37,2017-08-29,83.9,13.61,1,1,97.51,2,1,5.0,1.0,594ac9b39870a38d645e8e8171a87638,39402,montes claros,MG,6.239918981481481,19.43810185185185,0,97.51
dce910dc283f1255aab3c0f9d4eb31c0,1d0af3592aa297b26f1a97942588a730,delivered,2017-08-09 13:39:09,2017-08-09 13:55:14,2017-08-10 22:03:04,2017-08-16 19:17:28,2017-08-31,390.0,47.19,1,1,437.19,6,1,5.0,1.0,d428c33b10645311362137d60eb7dfec,38182,araxa,MG,7.23494212962963,21.431145833333332,0,437.19
72d57326ad4cc10d180de3fd4cf1afc9,bbfa2abd07d6ddc2845d37b1487e3d34,delivered,2017-08-09 13:40:05,2017-08-10 10:03:48,2017-08-11 17:45:52,2017-08-14 16:44:52,2017-08-22,99.8,7.95,1,1,107.75,10,1,1.0,1.0,eff3b66ad5e3da333c467dec3b4f1f43,6810,embu das artes,SP,5.12832175925926,12.430497685185186,0,107.75
df01c961b8b1ced70f72c8c77deb69ca,5bd6dfd802aad0ed86c9984ac51858e2,delivered,2017-08-09 13:43:26,2017-08-09 13:55:24,2017-08-10 17:20:10,2017-08-31 17:44:06,2017-09-13,79.9,25.11,1,1,105.01,10,1,5.0,1.0,896e3bf2e39b0bec241464a76717f947,59020,natal,RN,22.16712962962963,34.4281712962963,0,105.01
426613d1fcfcbb706338ad0574f870ac,967dda13a14683fe2fbcc6533e74a2c7,delivered,2017-08-09 13:44:30,2017-08-09 13:55:23,2017-08-09 20:03:30,2017-08-25 21:32:20,2017-08-31,94.6,16.42,1,1,111.02,1,1,3.0,1.0,c6924d0059a7e2ad64bce6d3c9cc677d,35700,sete lagoas,MG,16.32488425925926,21.427430555555556,0,111.02
82e92636cb6064e36f4d3cfc7cfb6655,9e8988f5e00495563b04c5d85a18ad44,delivered,2017-08-09 14:03:32,2017-08-09 14:15:10,2017-08-11 21:03:52,2017-08-24 20:25:59,2017-09-11,120.0,16.6,1,1,136.6,5,1,4.0,1.0,3088a0262a86eb4882b0df026cbe9f51,89610,herval d'oeste,SC,15.265590277777777,32.414212962962964,0,136.6
b0ca5afc6c53a1b2bd7c6af809913f9e,b7a32c8c1f8a3deace8865c07d2683de,delivered,2017-08-09 14:18:52,2017-08-09 14:35:11,2017-08-10 20:51:55,2017-08-11 14:06:30,2017-08-22,69.9,11.73,1,1,81.63,2,1,5.0,1.0,16b9086c8b997d08107b03b614042dcb,4135,sao paulo,SP,1.991412037037037,12.403564814814814,0,81.63000000000001
b9340e1bc95553da15bd8aff9b343a37,abfa71d0fae78b8b69d691f25ca66c9e,delivered,2017-08-09 14:32:34,2017-08-10 14:43:47,2017-08-11 15:52:02,2017-08-14 17:07:34,2017-08-22,89.69999999999999,35.19,3,1,124.89,1,1,5.0,1.0,c5b06947f901fba7c9dc646171477efb,3544,sao paulo,SP,5.107638888888889,12.394050925925926,0,124.88999999999999
7deab6cbf9343cb7de4da33281737c34,8438a6d829c672615ad8ae27f16d586c,delivered,2017-08-09 14:38:26,2017-08-09 14:50:07,2017-08-11 13:36:57,2017-08-21 15:24:58,2017-09-05,56.99,15.15,1,1,72.14,5,1,4.0,1.0,7288bc3bc7d492c25d872ceec73be478,28230,sao francisco de itabapoana,RJ,12.032314814814814,26.389976851851852,0,72.14
b5e0fde1c337ebf2f84dbcddde845156,e04ba865d0f1f8b3bfa981aef3f40eea,delivered,2017-08-09 14:55:32,2017-08-09 15:10:22,2017-08-11 19:21:56,2017-08-18 21:16:35,2017-08-31,109.9,15.52,1,1,125.42,5,1,5.0,1.0,042d637a881d8d51666a58d0c53cd57a,21060,rio de janeiro,RJ,9.264618055555555,21.378101851851852,0,125.42
d02add6627c4d73a21227674f39e6f86,e1e9b9c2601f12c07d764a115f54f6fd,delivered,2017-08-09 14:55:42,2017-08-09 15:10:27,2017-08-10 20:33:40,2017-08-25 18:23:19,2017-09-05,99.0,52.7,1,1,151.7,5,1,4.0,1.0,e60d32d446c543a9af42c36bf266b0ed,22763,rio de janeiro,RJ,16.14417824074074,26.37798611111111,0,151.7
9c9036dccc18ec72597a1abafc18d3b4,651a93e609de83580b7e073e997f7631,delivered,2017-08-09 14:57:39,2017-08-09 15:10:13,2017-08-09 20:09:51,2017-08-14 15:04:19,2017-09-06,98.99,17.97,1,1,116.96,1,1,5.0,1.0,6ffea6177ea740295d4e08a8fea2c144,3165,sao paulo,SP,5.00462962962963,27.376631944444444,0,116.96
c830cc216aadfbfc979193cf372cae2d,9bbbd8b1e256e236f1d77b4fc5f4a17d,delivered,2017-08-09 15:02:38,2017-08-09 15:15:09,2017-08-14 15:47:49,2017-08-18 19:23:03,2017-08-29,51.8,23.7,2,1,75.5,1,1,5.0,1.0,6628b7edac9b0cedad21d9be3b179ba0,11677,caraguatatuba,SP,9.180844907407407,19.373171296296295,0,75.5
66867ff6f46277ae01fa031b8cf249b9,35031ec31fe5263ecba251622833bf3d,delivered,2017-08-09 15:05:46,2017-08-09 15:25:18,2017-08-10 19:37:46,2017-08-16 16:54:15,2017-08-29,51.9,12.7,1,1,64.6,2,1,5.0,1.0,8bdffc583750befb6cab79b66e2563e2,18970,chavantes,SP,7.075335648148148,19.37099537037037,0,64.6
6dee7bb4c1d9e2bd0d4870b297de74ef,3a10098612081948d4a63eeec65cb627,delivered,2017-08-09 15:07:13,2017-08-10 03:24:08,2017-08-14 19:46:38,2017-09-01 21:47:51,2017-08-31,14.9,15.1,1,1,30.0,1,1,5.0,1.0,565c8d0f62d1e0c9e8da045ba0dd0e07,90690,porto alegre,RS,23.278217592592593,21.369988425925925,1,30.0
d53a39ecbd90d0e5111214d0e9c7c1c4,b32d300463c0f032ef94ddf0d77e2f3f,delivered,2017-08-09 15:09:31,2017-08-10 03:25:40,2017-08-16 21:52:32,2017-08-22 18:53:00,2017-09-04,25.9,14.1,1,1,40.0,1,1,5.0,1.0,baa8b1be14b8baaaff1561406dbc93e2,72640,brasilia,DF,13.15519675925926,25.368391203703705,0,40.0
3536d74406907f8978513900207e05ee,67757507f4e23de2a1180be9c36a2702,delivered,2017-08-09 15:16:29,2017-08-09 15:36:26,2017-08-11 18:22:13,2017-08-18 21:41:09,2017-08-31,21.6,15.1,1,1,36.7,1,1,4.0,1.0,adc57d1eab82c2bdddf588fbcfa53277,13081,campinas,SP,9.267129629629629,21.363553240740742,0,36.7
d8097587799efe19a24233909b0513c4,171c5523ee56a47b6494aa15fd84acf8,delivered,2017-08-09 15:18:23,2017-08-11 04:30:06,2017-08-14 20:17:56,2017-08-21 18:44:33,2017-09-06,49.9,14.1,1,1,64.0,1,1,1.0,1.0,c33311c57489e962f6dd14f8d8020e1d,74672,goiania,GO,12.143171296296297,27.362233796296298,0,64.0
902415af941f8c73f57aad8f19ee3173,1fd458cd872efb2ccd857f325f6c3f5f,delivered,2017-08-09 15:21:18,2017-08-10 03:24:02,2017-08-10 20:15:51,2017-08-11 17:52:31,2017-08-22,30.0,7.78,1,1,37.78,1,1,5.0,1.0,8440572195f3b879da347831c44a8099,5017,sao paulo,SP,2.1050115740740742,12.360208333333333,0,37.78
f4876f420f5259535a7521bbc6358278,1f861ae5826135b3fdedebc29fed1fb0,delivered,2017-08-09 15:26:34,2017-08-09 15:45:06,2017-08-10 23:46:53,2017-08-12 11:08:47,2017-08-22,89.9,8.82,1,1,98.72,9,1,5.0,1.0,d116b444a47cc095f08045baacd21552,5613,sao paulo,SP,2.8209837962962965,12.356550925925927,0,98.72
ccb152dea072048521b3a778267481ba,cb5173b3036a9c3673dd55615fdb8083,delivered,2017-08-09 15:29:29,2017-08-09 15:43:51,2017-08-10 21:04:44,2017-08-29 19:06:54,2017-09-04,238.0,38.14,2,1,276.14,10,1,5.0,1.0,f1307ff953946c8240a15b140d05a901,31260,belo horizonte,MG,20.150983796296295,25.354525462962965,0,276.14
5697a446ff63940af2ffeb653ae0fc18,b85b9eca8d1a4aea28791a21bc3e8103,delivered,2017-08-09 15:35:36,2017-08-09 15:45:08,2017-08-10 23:43:53,2017-08-14 14:46:14,2017-08-23,25.9,8.72,1,1,34.62,3,1,5.0,1.0,6a60f4b18ba1ef6b5d7441ac254d33a7,4531,sao paulo,SP,4.9657175925925925,13.350277777777778,0,34.62
eed639faf065efbc912dfe75efef590f,a56444c78835591125f106e5e0e9f15f,delivered,2017-08-09 15:41:13,2017-08-09 16:03:53,2017-08-14 21:07:37,2017-08-16 18:22:57,2017-08-28,389.82,52.92,3,1,442.74,6,1,5.0,1.0,394321f054de04b5b9ac27010a355696,3963,sao paulo,SP,7.112314814814815,18.346377314814816,0,442.74
b5729b91377f445769c8fc2d063e6235,02822ed21b96d3da2f2b7acad6b0d9e0,delivered,2017-08-09 15:42:26,2017-08-09 16:04:02,2017-08-10 21:22:30,2017-08-17 22:15:50,2017-08-31,374.9,17.37,1,1,392.27,4,2,5.0,1.0,efaa0b80003d61de4b33e5e69689ab3b,38745,patrocinio,MG,8.273194444444444,21.345532407407408,0,392.27
61cfa60003f1d98a86cc3562f13b2ea0,8414a80d93d8f959167a33bf4f3e9a65,delivered,2017-08-09 15:48:19,2017-08-09 16:05:21,2017-08-11 19:43:09,2017-08-16 19:35:02,2017-08-24,44.9,9.94,1,1,54.84,1,1,1.0,1.0,d645fa4a7f33bf4574b735cc198e0324,24944,marica,RJ,7.157442129629629,14.34144675925926,0,54.839999999999996
4dd732bbd48564f149f8b7ed056c9f4f,4cb9e449f1f1ca4b439a52f2e5774c2f,delivered,2017-08-09 15:57:46,2017-08-09 16:10:20,2017-08-09 20:46:14,2017-08-16 18:22:23,2017-08-31,91.33,15.39,1,1,106.72,4,1,5.0,1.0,bc25ba883947edc26a551f5546913c90,22411,rio de janeiro,RJ,7.100428240740741,21.33488425925926,0,106.72
8a796adc727ce2def3b4d4f222e30ce6,b1f4f4e81ad76c9d2da73a73a8cef3f6,delivered,2017-08-09 16:06:07,2017-08-09 16:23:40,2017-08-10 21:42:04,2017-08-11 15:22:06,2017-08-29,89.0,8.37,1,1,97.37,2,1,3.0,1.0,4a5291179ae8f9eabd570ac00bffb742,5006,sao paulo,SP,1.9694328703703703,19.329085648148148,0,97.37
55e71b9318bbe979e00a54045806114b,2060709885cf613153c4632e738c63ad,delivered,2017-08-09 16:13:51,2017-08-09 16:30:12,2017-08-14 12:49:56,2017-08-15 20:32:31,2017-08-22,79.99,8.75,1,1,88.74,4,1,5.0,1.0,47eccb0f1f3bac96e9eced88fe9c1bb2,8743,mogi das cruzes,SP,6.17962962962963,12.323715277777778,0,88.74
64186fc41dae6b5dcb3e6b743d4220a1,60c0622ace374f7f29cbd0e206127643,delivered,2017-08-09 16:14:49,2017-08-09 16:30:11,2017-08-10 21:04:44,2017-08-16 14:54:43,2017-08-29,148.0,14.77,1,1,162.77,10,1,4.0,1.0,0036b4a3d09ad551a5188c2e374da402,87020,maringa,PR,6.944375,19.323043981481483,0,162.77
7f21d3ca84edda19b1982865712ca42e,543bd86dd06751b88b98c285e6f74189,delivered,2017-08-09 16:18:54,2017-08-10 03:25:23,2017-08-11 19:39:39,2017-08-21 12:57:43,2017-08-29,10.99,11.85,1,1,22.84,1,1,4.0,1.0,86aa146a92e4e5bb0a9e13aff0b8a6f4,18090,sorocaba,SP,11.860289351851852,19.320208333333333,0,22.84
8104760d9724e09916d654322f583de8,a1a0692a3acbcfe9ec59eb2510936414,delivered,2017-08-09 16:19:43,2017-08-10 10:15:22,2017-08-11 18:45:59,2017-08-15 19:45:05,2017-08-22,65.99,11.73,1,1,77.72,7,1,4.0,1.0,c29366dcdcde92f6bab988692e21d709,5662,sao paulo,SP,6.142615740740741,12.319641203703704,0,77.72
01d907b3e209269e120a365fc2b97524,d02cc92f5e33eb58d9ff4d5cce6ae901,delivered,2017-08-09 16:21:06,2017-08-10 10:25:08,2017-08-11 19:05:53,2017-08-16 22:34:11,2017-08-29,151.99,17.77,1,1,169.76,10,1,5.0,1.0,a7b781410bcc8bbf3221f48ff45aae6d,8503,ferraz de vasconcelos,SP,7.259085648148148,19.318680555555556,0,169.76000000000002
23628e1dadb5e31443d876fdd2e2893c,6886b8efab55c00b82862fbe3104cbc2,delivered,2017-08-09 16:43:18,2017-08-09 17:03:52,2017-08-10 11:43:51,2017-08-16 18:06:55,2017-08-29,119.9,16.47,1,1,136.37,5,1,,,1f26d46c30c7f3d52ca405738e5323b8,17209,jau,SP,7.05806712962963,19.30326388888889,0,136.37
9b44dbd50995185feff18a27d242838b,de585d9d5ef9119705a445eb50800d81,delivered,2017-08-09 16:51:20,2017-08-09 17:05:12,2017-08-16 19:17:37,2017-08-31 21:23:44,2017-09-04,139.9,16.42,1,1,156.32,2,1,5.0,1.0,2de37786adafb2cbac4f30b4c8f6d862,79003,campo grande,MS,22.189166666666665,25.297685185185184,0,156.32
0550cddd79cea841641e17c802d9c403,02385ca219b24812b4c7c65818e3b06a,delivered,2017-08-09 16:57:21,2017-08-10 06:45:12,2017-08-11 13:49:40,2017-08-14 11:25:51,2017-08-22,1004.99,15.85,1,1,1020.84,1,1,5.0,1.0,367fc3b6dc2568f3a73ec808beae99a0,8750,mogi das cruzes,SP,4.769791666666666,12.293506944444445,0,1020.84
a4092b79e25e9a156276bacf4868112f,27d7695af1d20ffceebf9c0ecd4dd53f,delivered,2017-08-09 17:05:40,2017-08-09 17:15:25,2017-08-10 18:02:59,2017-08-21 19:04:43,2017-09-05,75.0,14.28,1,1,89.28,4,1,5.0,1.0,b914839889b02c1b7154a4f0434492e0,71699,brasilia,DF,12.082673611111112,26.287731481481483,0,89.28
e5ceeb853f293840691322fbb8f532e0,1ce5970476d44fcc425a9070d8fa8679,delivered,2017-08-09 17:08:30,2017-08-09 17:25:16,2017-08-11 20:37:49,2017-08-18 20:12:30,2017-08-29,34.99,11.85,1,1,46.84,1,1,5.0,1.0,4ac6ef708fd5507a56c7f24f21a8c6cc,18210,itapetininga,SP,9.127777777777778,19.285763888888887,0,46.84
29005d903202063a0ff076bfdf7fcc13,499da3e498c2933ce31488deb6ed7810,delivered,2017-08-09 17:18:01,2017-08-09 17:30:21,2017-08-11 19:22:38,2017-08-17 21:27:30,2017-09-04,166.9,30.21,1,1,197.11,3,1,4.0,1.0,029f24823177b442913b23816ee59e17,36660,alem paraiba,MG,8.173252314814814,25.279155092592593,0,197.11
