order_id,customer_id,order_status,order_purchase_timestamp,order_approved_at,order_delivered_carrier_date,order_delivered_customer_date,order_estimated_delivery_date,gross_merchandise_value,freight_value,item_count,seller_count,payment_value,payment_installments,payment_types,review_score,review_count,customer_unique_id,customer_zip_code_prefix,customer_city,customer_state,actual_delivery_days,promised_delivery_days,is_late,net_revenue
ec7a019261fce44180373d45b442d78f,c24fc5f9a446b4d8262041b9c64de772,delivered,2017-01-05 11:56:06,2017-01-05 12:10:17,2017-01-06 12:43:41,2017-01-11 13:14:05,2017-02-01,10.9,8.72,1,1,19.62,1,1,5.0,1.0,f7b981e8a280e455ac3cbe0d5d171bd1,80030,curitiba,PR,6.054155092592593,26.502708333333334,0,19.62
b95a0a8bd30aece4e94e81f0591249d8,ff3c6d35b4927c9b965aa6a68dcf56e4,delivered,2017-01-05 12:01:20,2017-01-07 03:35:37,2017-01-11 16:22:53,2017-01-17 15:38:58,2017-02-13,10.9,8.72,1,1,19.62,1,1,5.0,1.0,83e7958a94bd7f74a9414d8782f87628,80030,curitiba,PR,12.151134259259258,38.49907407407407,0,19.62
38bcb524e1c38c2c1b60600a80fc8999,d2c63ad286e3ca9dd69218008d61ff81,delivered,2017-01-05 12:06:36,2017-01-07 03:45:22,2017-01-11 15:35:54,2017-01-16 16:05:22,2017-02-13,2.9,8.72,1,1,11.62,1,1,5.0,1.0,728e4a7d0db4845270091ded0923c71f,80540,curitiba,PR,11.165810185185185,38.495416666666664,0,11.620000000000001
7a18a504c1a4b32d883e68de2e1a7db0,e6bee29442c761ff0dfb9a4414922a5c,delivered,2017-01-05 12:09:08,2017-01-07 03:44:08,2017-01-11 15:35:53,2017-01-16 15:43:29,2017-02-13,7.9,8.72,1,1,16.62,1,1,5.0,1.0,728e4a7d0db4845270091ded0923c71f,80540,curitiba,PR,11.148854166666666,38.493657407407404,0,16.62
6acecf438369055d9243e121045cca74,42d857e22f61f10476f0cda1aacc018a,delivered,2017-01-05 12:11:23,2017-01-07 03:44:07,2017-01-11 16:22:53,2017-01-17 16:06:30,2017-02-13,9.9,8.72,1,1,18.62,1,1,5.0,1.0,728e4a7d0db4845270091ded0923c71f,80540,curitiba,PR,12.163275462962963,38.492094907407406,0,18.62
34bf4feda1e203af64692d97c6950c39,64b56cb1662271f54a81d96a28741487,delivered,2017-01-05 12:14:58,2017-01-07 03:35:24,2017-01-11 16:09:04,2017-01-16 16:13:55,2017-02-01,10.9,8.72,1,1,19.62,1,1,5.0,1.0,da9c90677b1963eca1cf8a14c338cf6e,80220,curitiba,PR,11.1659375,26.48960648148148,0,19.62
40599d3d28b75746952ded75566637b9,efdf4a7c78d7c364046efb69035d1d4f,delivered,2017-01-05 13:01:48,2017-01-07 03:45:49,2017-01-11 16:08:53,2017-01-16 15:43:21,2017-02-13,11.9,8.72,1,1,20.62,1,1,5.0,1.0,ef89f6e31311594d74becf9e18c73693,80030,curitiba,PR,11.1121875,38.45708333333334,0,20.62
ce86fa5a5108884726a2244bcae51ae6,8fa33a3159dfc303b8aeccf859b9bee5,delivered,2017-01-05 13:29:03,2017-01-07 03:45:23,2017-01-11 15:35:54,2017-01-16 16:05:21,2017-02-01,10.9,8.72,1,1,19.62,1,1,5.0,1.0,d753459418d268407f19b64be28e3c5a,80030,curitiba,PR,11.108541666666667,26.438159722222224,0,19.62
7004296aa0256632eaddc171edaf727f,3a7856f2a103364d279de7f72e18b7c4,delivered,2017-01-05 13:31:22,2017-01-07 03:44:29,2017-01-11 15:35:53,2017-01-16 16:05:21,2017-02-01,10.9,8.72,1,1,19.62,1,1,5.0,1.0,29a63a400c3ca9982907ce8de1f19527,80030,curitiba,PR,11.10693287037037,26.436550925925925,0,19.62
cce1b8a1c5f8b1d224e19628299c8f54,63433f6eb6f0a79cbb24e940d0ab17ad,delivered,2017-01-05 13:33:45,2017-01-07 03:44:27,2017-01-11 15:35:53,2017-01-17 16:51:39,2017-02-01,10.9,8.72,1,1,19.62,1,1,5.0,1.0,6222ef69df52b4ed71be551725551cc0,82600,curitiba,PR,12.137430555555556,26.434895833333332,0,19.62
f175d67589e059cbbda956f10f0702e6,a4555d257db29ef5f838cec4101c5208,delivered,2017-01-05 13:34:35,2017-01-07 03:45:40,2017-01-11 16:25:57,2017-01-17 15:52:28,2017-02-13,9.9,8.72,1,1,18.62,1,1,5.0,1.0,f7be9bec658c62ab6240b44cd26c0b84,80030,curitiba,PR,12.095752314814815,38.434317129629626,0,18.62
0bda8164c1a12b6a388ebec8559ee287,3f402674c608ea67085eb5e0ec4d96ef,delivered,2017-01-05 13:36:07,2017-01-07 03:45:47,2017-01-11 16:09:00,2017-01-16 17:27:34,2017-02-13,6.9,8.72,1,1,15.62,1,1,5.0,1.0,83e7958a94bd7f74a9414d8782f87628,80030,curitiba,PR,11.160729166666666,38.433252314814816,0,15.620000000000001
5965b589a33443dd1f820eb7df39762a,e7e6da2ddce69ab0bf01d7ed4dbd0856,delivered,2017-01-05 13:36:41,2017-01-07 03:44:29,2017-01-11 16:08:52,2017-01-16 15:53:34,2017-02-01,10.9,8.72,1,1,19.62,1,1,5.0,1.0,b6b2c3c8fd76769b478618a3c2505009,80030,curitiba,PR,11.09505787037037,26.432858796296298,0,19.62
db7576b1fe440f4c0a808855aacf0948,fc30386d1f0ca6d7f48845275ac0cd23,delivered,2017-01-05 13:37:27,2017-01-07 03:44:27,2017-01-11 15:37:55,2017-01-16 14:25:01,2017-02-13,9.9,8.72,1,1,18.62,1,1,5.0,1.0,6222ef69df52b4ed71be551725551cc0,82600,curitiba,PR,11.033032407407408,38.43232638888889,0,18.62
1b694ef5b28d3e949a4f0ffeb2c9fcd6,cba12036a88407a37770dc8ab725de77,delivered,2017-01-05 13:43:17,2017-01-07 03:35:38,2017-01-11 16:08:55,2017-01-16 16:54:04,2017-02-13,9.9,8.72,1,1,18.62,1,1,5.0,1.0,d753459418d268407f19b64be28e3c5a,80030,curitiba,PR,11.132488425925926,38.428275462962965,0,18.62
2f9d791088532b218b41f892cc16073b,937bb74713a47912471275b234236764,delivered,2017-01-05 13:48:48,2017-01-07 03:35:21,2017-01-11 16:08:53,2017-01-17 16:57:46,2017-02-13,9.9,8.72,1,1,18.62,1,1,5.0,1.0,6222ef69df52b4ed71be551725551cc0,82600,curitiba,PR,12.131226851851851,38.42444444444445,0,18.62
3ce4038922670fead496aeae61a8a393,5da810af4515e4470379a90fcf246a15,delivered,2017-01-05 13:52:39,2017-01-07 03:44:23,2017-01-11 15:37:55,2017-01-16 14:04:35,2017-02-13,10.9,8.72,1,1,19.62,1,1,5.0,1.0,83e7958a94bd7f74a9414d8782f87628,80030,curitiba,PR,11.008287037037038,38.42177083333333,0,19.62
205d7052a6505124d200f6fea6b423bc,d020d4abe6475a8382f53d763fe24a65,delivered,2017-01-05 13:59:30,2017-01-07 03:44:23,2017-01-11 16:09:00,2017-01-17 17:52:31,2017-02-13,9.9,8.72,1,1,18.62,1,1,5.0,1.0,83e7958a94bd7f74a9414d8782f87628,80030,curitiba,PR,12.161817129629629,38.41701388888889,0,18.62
8a784d47854e4cbc5562362393d504db,a969b9f8d923bc7fd97b578f7c499194,delivered,2017-01-05 14:18:03,2017-01-07 03:44:16,2017-01-11 16:08:56,2017-01-17 16:47:45,2017-02-13,9.9,8.72,1,1,18.62,1,1,5.0,1.0,12f5d6e1cbf93dafd9dcc19095df0b3d,82200,curitiba,PR,12.103958333333333,38.404131944444444,0,18.62
9b91ddcbd6cbceb83d4fd2462ca1f95e,6152d0774bbbf74f7140541c0569dafa,delivered,2017-01-05 14:22:02,2017-01-07 03:44:09,2017-01-11 16:25:57,2017-01-16 16:32:52,2017-02-01,10.9,8.72,1,1,19.62,1,1,5.0,1.0,12f5d6e1cbf93dafd9dcc19095df0b3d,82200,curitiba,PR,11.090856481481481,26.40136574074074,0,19.62
ca5a215980675471f0cf8199c041909a,588047d7101d88c333691e47659d7099,delivered,2017-01-05 14:23:54,2017-01-07 03:44:16,2017-01-11 15:37:55,2017-01-17 15:14:20,2017-02-01,10.9,8.72,1,1,19.62,1,1,5.0,1.0,12f5d6e1cbf93dafd9dcc19095df0b3d,82200,curitiba,PR,12.035023148148149,26.400069444444444,0,19.62
d82cef48824870df9946d57e827ed727,500bbe66867d0f0bdb3531af1e052b4b,delivered,2017-01-05 14:33:39,2017-01-07 03:44:20,2017-01-11 16:09:06,2017-01-16 16:44:55,2017-02-13,10.9,8.72,1,1,19.62,1,1,5.0,1.0,f7be9bec658c62ab6240b44cd26c0b84,80030,curitiba,PR,11.091157407407408,38.39329861111111,0,19.62
43d29c6fc78c31c80080d85e5260a9fb,41fdaf0dcabfb53a5556c46cd8cc0a32,delivered,2017-01-05 14:36:18,2017-01-07 03:44:12,2017-01-11 16:25:58,2017-01-16 09:13:47,2017-02-01,10.9,8.72,1,1,19.62,1,1,5.0,1.0,fc545111108ebc9bf49eb27c828d25fd,80420,curitiba,PR,10.776030092592592,26.391458333333333,0,19.62
f92641ff0446a0e1c57195ebfe76e16a,cd21b89339f05955972dc288787533d3,delivered,2017-01-05 14:42:02,2017-01-07 03:44:08,2017-01-11 16:08:55,2017-01-16 18:15:00,2017-02-13,9.9,8.72,1,1,18.62,1,1,5.0,1.0,edd1864079b2d69900cbf5c2bcb931c7,80030,curitiba,PR,11.147893518518519,38.38747685185185,0,18.62
17fed53ba6dfef9b594ee2268642e2aa,c0352e94059e3e5a714c9ad0c8306a54,delivered,2017-01-05 14:50:54,2017-01-07 03:35:35,2017-01-11 15:59:08,2017-01-16 15:24:03,2017-02-13,9.9,8.72,1,1,18.62,1,1,5.0,1.0,12f5d6e1cbf93dafd9dcc19095df0b3d,82200,curitiba,PR,11.023020833333334,38.38131944444444,0,18.62
464de32dc84484c1d26df3e8e38e708b,27129ce1ebca4ffa23a049c51cc8ec95,delivered,2017-01-05 15:25:04,2017-01-07 03:35:36,2017-01-11 15:59:08,2017-01-17 16:09:40,2017-02-13,6.9,8.72,1,1,15.62,1,1,5.0,1.0,12f5d6e1cbf93dafd9dcc19095df0b3d,82200,curitiba,PR,12.030972222222223,38.357592592592596,0,15.620000000000001
747996a66f5aa711deb8ae58f5ae46a0,ed1793d2d1e4175d5846ce7ebb4a01f5,delivered,2017-01-05 15:25:10,2017-01-07 03:44:28,2017-01-11 15:59:08,2017-01-16 15:18:08,2017-02-13,9.9,8.72,1,1,18.62,1,1,5.0,1.0,12f5d6e1cbf93dafd9dcc19095df0b3d,82200,curitiba,PR,10.99511574074074,38.35752314814815,0,18.62
e1fe072ef14b519af1f0a8ed997c1301,758b633d88b82063db189810084f4ea9,delivered,2017-01-05 15:32:59,2017-01-05 16:15:16,2017-01-06 13:45:22,2017-01-12 14:13:19,2017-02-15,9.9,14.52,1,1,24.42,1,1,5.0,1.0,4b3207464f5f7a48a7f63fa0b1251d86,14025,ribeirao preto,SP,6.944675925925926,40.352094907407405,0,24.42
c96209cd1d43d071d3bdf48d299b7aa5,06cd112a475fd4d834eff32968147050,delivered,2017-01-05 15:37:58,2017-01-07 03:45:27,2017-01-11 15:47:40,2017-01-16 15:18:08,2017-02-13,11.9,8.72,1,1,20.62,1,1,5.0,1.0,527cd2850ef91088969ffbef0103dec3,80030,curitiba,PR,10.986226851851852,38.348634259259256,0,20.62
09f58c00f941827ab206de7796785e44,7c94da97db6fe83e123f80baab533a97,delivered,2017-01-05 16:05:07,2017-01-07 03:35:34,2017-01-11 15:47:40,2017-01-16 15:43:31,2017-02-13,8.9,8.72,1,1,17.62,1,1,5.0,1.0,aa811dd4c5b1ca28de6db905ec51ad5e,82030,curitiba,PR,10.985,38.32978009259259,0,17.62
9021fdebb45ac827a6033d6969d5c2e3,7fdeb74955a334e7a83f3bb365c07727,delivered,2017-01-05 19:52:28,2017-01-07 03:35:30,2017-01-09 16:55:33,2017-01-13 12:27:45,2017-02-07,34.9,16.05,1,1,50.95,1,1,4.0,1.0,80846d571262926feb13147a5965a9ba,29031,vitoria,ES,7.691168981481481,32.171898148148145,0,50.95
f2dd5f15184c73c0d45c02941c7c23d1,4b60b3ade055c6ad88a00758c8e8a162,delivered,2017-01-05 22:52:33,2017-01-05 23:05:27,2017-01-06 16:08:45,2017-01-13 17:06:48,2017-02-23,65.0,26.92,1,1,91.92,1,1,3.0,1.0,b88b78a413e70182e18b032361b24f91,44900,irece,BA,7.759895833333333,48.046840277777775,0,91.92
157ec3dc3f38cdbd2706bd216edfe8fb,7dfd10dcc726950fc6171cea83872351,delivered,2017-01-06 13:43:16,2017-01-06 13:55:11,2017-01-09 16:03:33,2017-01-13 10:58:13,2017-02-16,159.99,15.29,1,1,175.28,1,1,5.0,1.0,48368b31672665cca1b8a03047a1702a,33115,santa luzia,MG,6.885381944444444,40.42828703703704,0,175.28
e6db6e9529fecbe14cd05dd349816656,6b3efc29f67766dd725bb29e857614f2,delivered,2017-01-06 21:27:49,2017-01-06 21:35:20,2017-01-09 12:08:34,2017-01-13 13:57:29,2017-02-20,109.9,14.94,1,1,124.84,1,1,4.0,1.0,c9517b423493063fa4e805acf2cc4564,33400,lagoa santa,MG,6.687268518518518,44.10568287037037,0,124.84
bf44408de1d05eef70fb026ba64a90ea,96054b94409f7712eeffe8edfa6959a6,delivered,2017-01-06 21:30:38,2017-01-10 03:10:35,2017-01-10 11:53:06,2017-01-12 09:43:56,2017-02-14,10.49,10.96,1,1,21.45,1,1,5.0,1.0,7122b4f327033b35961170342401066c,13270,valinhos,SP,5.509236111111111,38.10372685185185,0,21.450000000000003
1b3d11cf9f92c0f7baf627ab059621f8,85ed641fe825f188f1a67b317b5f540c,delivered,2017-01-06 23:31:23,2017-01-06 23:44:08,2017-01-09 09:33:56,2017-01-17 17:27:49,2017-02-16,636.0,30.71,1,1,666.71,1,2,5.0,1.0,318b69202a96429368680f215843340d,59129,natal,RN,10.747523148148149,40.019872685185184,0,666.71
89898719573722b59b173f76fb213501,d2b141e8cefd8acb97baee4b25b01ea5,delivered,2017-01-07 00:34:47,2017-01-07 00:50:15,2017-01-10 14:52:35,2017-03-06 13:15:00,2017-02-15,34.9,12.93,1,1,47.83,2,1,1.0,1.0,b598d6591ec1faa44e378483e526953b,8142,sao paulo,SP,58.52792824074074,38.97584490740741,1,47.83
4e36d0170c671378f49f701a810360ae,1a690c199a6496cabdbf071e3983ce68,delivered,2017-01-07 13:29:22,2017-01-07 14:00:13,2017-01-09 11:06:24,2017-01-18 12:28:02,2017-03-01,370.0,19.43,1,1,389.43,10,1,5.0,1.0,e40d59fa312bc135e52952f33e30252e,36305,sao joao del rei,MG,10.957407407407407,52.43793981481482,0,389.43
d809ddde66fee6223df16b11231491f9,ec512aec44574fceef73903803b3b382,delivered,2017-01-07 17:20:56,2017-01-07 17:30:21,2017-01-12 10:17:41,2017-01-25 10:14:08,2017-02-17,798.0,48.52,2,1,846.52,10,1,1.0,1.0,13c8cbdeb5bbee831faae66bcd11f9ae,85540,mangueirinha,PR,17.703611111111112,40.27712962962963,0,846.52
9a3e437ab219133c20a7033be9087edf,3c03fed2df425b8291c5913c52b51b84,delivered,2017-01-07 20:45:31,2017-01-07 20:55:10,2017-01-10 13:46:14,2017-01-17 11:38:10,2017-02-07,149.0,15.21,1,1,164.21,3,1,5.0,1.0,2e8eb06baae199a63d3a7b603efa771a,28375,varre-sai,RJ,9.619895833333333,30.13505787037037,0,164.21
f53b39c6c91ce86717c15d8e4e5da0c2,42d1b4eb863054dcb04a019944ecd2d8,delivered,2017-01-08 09:35:07,2017-01-10 03:10:46,2017-01-10 11:53:06,2017-01-12 09:22:12,2017-02-17,10.99,14.11,1,1,25.1,1,1,5.0,1.0,fc00da40808e113053d8a26c3e854ccf,22723,rio de janeiro,RJ,3.9910300925925926,39.60061342592593,0,25.1
452b706af12e25e6c8c740b4dc493ab0,bfc9371f9268216725254f8567803291,delivered,2017-01-08 09:35:14,2017-01-08 09:45:12,2017-01-09 15:12:35,2017-01-17 13:22:19,2017-02-17,68.9,15.69,1,1,84.59,4,1,3.0,1.0,d398a57e85887decbe54f94aca2eb457,23035,rio de janeiro,RJ,9.15769675925926,39.60053240740741,0,84.59
d64aa68e4a96734f280b7ddf0852d511,136f4c1a0629b4ef8681a46dfeeddc2e,delivered,2017-01-08 20:25:12,2017-01-09 20:30:17,2017-01-11 14:22:53,2017-01-17 10:52:10,2017-02-17,239.9,16.89,1,1,256.79,6,1,5.0,1.0,8c4eb133c4a45634289a9727130a32e1,89560,videira,SC,8.602060185185184,39.149166666666666,0,256.79
76774c936de5cb5a431120fde98e40da,70210c917bc804a1269942a71308a4f7,delivered,2017-01-08 20:57:29,2017-01-08 21:10:16,2017-01-14 08:38:00,2017-01-19 14:06:26,2017-02-16,129.99,11.38,1,1,141.37,1,1,5.0,1.0,6d9e2c0d8e12764c96436cdd2cd11655,13330,indaiatuba,SP,10.71454861111111,38.12674768518519,0,141.37
81e5043198a44ddeb226002ff55d8ad4,ddd15ef77c83eea8c534d2896173a927,delivered,2017-01-09 00:37:18,2017-01-09 00:45:09,2017-01-09 09:10:53,2017-02-24 09:42:38,2017-02-24,77.0,31.12,2,1,108.12,10,1,1.0,1.0,853ba75a0b423722ccf270eea3b4cfe4,21843,rio de janeiro,RJ,46.37870370370371,45.97409722222222,1,108.12
9d00e5dd1d0a6dc258a09e9c90854357,6088f7a0127c12595d6335b10bb37a2d,delivered,2017-01-09 14:04:26,2017-01-10 03:35:54,2017-01-11 15:47:40,2017-01-16 17:01:50,2017-02-15,7.9,8.72,1,1,16.62,1,1,5.0,1.0,1c259d4575f154dccfefa0576b0ca987,80610,curitiba,PR,7.123194444444445,36.413587962962964,0,16.62
765442de6466c0bb079c22b8b20e0eab,2b3dc71b4cce6a5cb97f6ebf5d6ede5f,delivered,2017-01-09 17:50:06,2017-01-09 18:05:45,2017-01-10 10:53:44,2017-01-13 08:53:45,2017-02-17,349.99,17.66,1,1,367.65,2,1,5.0,1.0,62875d300d81b5f33990d8bd3ef103be,35476,piedade dos gerais,MG,3.6275347222222223,38.256875,0,367.65000000000003
b174fa32929e4af3622213e835cfa84a,0b8cca6cd998b579f4a0556a31f388f4,delivered,2017-01-09 21:31:15,2017-01-12 02:55:44,2017-01-16 09:12:32,2017-01-18 17:05:11,2017-02-17,129.0,22.37,1,1,151.37,1,1,1.0,1.0,4d5db20ccc7f8a5f045b475d9fc6d8ec,17250,bariri,SP,8.815231481481481,38.103298611111114,0,151.37
acc3d4031cbd2f28ac6b5b71427a054c,4a929b369cfa8293f0a22f9a65ad4b1d,delivered,2017-01-09 21:40:42,2017-01-09 21:55:11,2017-01-11 12:23:58,2017-03-02 10:57:46,2017-02-07,109.9,20.85,1,1,130.75,2,1,5.0,1.0,d93129fd763bf7f5541e5e69dcc2830e,24855,itaborai,RJ,51.553518518518516,28.09673611111111,1,130.75
588454faf6ae4ce8b0f387e19b7115a2,1898e33d23781c0e4574a114fe73c73d,delivered,2017-01-10 13:58:33,2017-01-11 02:10:40,2017-01-12 09:58:14,2017-01-20 16:11:31,2017-02-28,65.9,22.39,1,1,88.29,1,1,5.0,1.0,1ae78cd8cf034823e5cca58266ca894e,49500,itabaiana,SE,10.092337962962963,48.41767361111111,0,88.29
bbcec25aefec973dfa1b9499147fdf76,7cde25498a31a63d00e82b29b929cc49,delivered,2017-01-10 14:08:07,2017-01-12 14:05:18,2017-01-13 11:45:48,2017-01-27 07:27:45,2017-02-22,380.0,45.07,1,1,425.07,2,1,4.0,1.0,a5cd1e6a1af12f7edfba75c57fbff47f,15570,cardoso,SP,16.72196759259259,42.41103009259259,0,425.07
51b79a492b5e53504ce70340ce111374,c3057d4a0fcd85b33e6a7b59bcd257a0,delivered,2017-01-10 16:31:22,2017-01-12 02:45:30,2017-01-13 08:32:45,2017-01-20 15:44:38,2017-02-20,48.9,15.56,1,1,64.46,1,1,5.0,1.0,4d16bcc453234aa62a86defb6b08ab85,25025,duque de caxias,RJ,9.967546296296296,40.31155092592593,0,64.46
08d7ec7381dc51d41a0e4d86314b7a98,bf396d21b4ba3214fd7d7a9c10669615,delivered,2017-01-10 17:18:09,2017-01-10 17:30:23,2017-01-16 14:39:40,2017-01-26 13:41:40,2017-02-22,699.17,20.59,1,1,719.76,10,1,1.0,1.0,d401b738861201747e01d84768cd876d,22441,rio de janeiro,RJ,15.849664351851851,42.2790625,0,719.76
ad818323f40e1a353eb3a3874d138c51,e423929b7362dc59bfc3e9dab3acad7a,delivered,2017-01-10 19:43:30,2017-01-10 19:55:17,2017-01-13 15:54:54,2017-01-20 16:35:05,2017-02-20,176.0,15.4,1,1,191.4,2,1,1.0,1.0,2ad1ffd24d9373937ac6d1e376e4494d,88220,itapema,SC,9.869155092592592,40.178125,0,191.4
0ed46f17da8a1c3bd0ed5fdfc50decc4,87f135f5f28a7056c1076dd8dd122e5f,delivered,2017-01-10 22:23:11,2017-01-10 22:30:24,2017-01-13 09:48:50,2017-01-23 10:12:14,2017-02-24,64.9,17.29,1,1,82.19,8,1,5.0,1.0,539f3b8a4fbc3bc6eb1d3e4c83bf2abc,29185,fundao,ES,12.492395833333333,44.06723379629629,0,82.19
743cc56ca44d32e3e125c74c98044997,ac4803ab1d19fb7799da3fb6f333d4c7,delivered,2017-01-11 00:13:51,2017-01-11 00:25:47,2017-01-12 11:51:05,2017-01-17 13:03:03,2017-02-21,97.99,19.28,1,1,117.27,1,1,5.0,1.0,f2c06c34d67bef23c659b5500d576cb1,84010,ponta grossa,PR,6.534166666666667,40.990381944444444,0,117.27
a01cc79e3afbac4a52ce1d528080e438,f71daf549aff62ad50e839ea1086d9a1,delivered,2017-01-11 10:24:36,2017-01-12 02:45:44,2017-01-16 09:53:31,2017-01-18 11:56:05,2017-02-07,17.5,10.96,1,1,28.46,1,1,5.0,1.0,522d1f87cd0763c5fe91a7277b41197f,7242,guarulhos,SP,7.063530092592592,26.56625,0,28.46
0b1e73fa546894ad7310916b480de067,bc265c24a5a745bff94d62fd5f5db043,delivered,2017-01-11 11:21:23,2017-01-11 11:31:52,2017-01-11 14:07:45,2017-01-16 13:18:49,2017-02-21,380.0,39.06,1,1,419.06,6,1,5.0,1.0,ec9c7ebb2a345ccd42c46b94ecb4d319,35603,araujos,MG,5.081550925925926,40.52681712962963,0,419.06
811eadaef225935d84d4d3fdcca7ee85,76c0c1cbc865dd70e1225ca35bd5f305,delivered,2017-01-11 11:34:58,2017-01-11 11:45:11,2017-01-11 14:07:44,2017-01-16 13:22:29,2017-02-21,380.0,39.06,1,1,419.06,8,1,1.0,1.0,dcb9ccbeba1a08fd27d8f50618ffbb2a,35606,martinho campos,MG,5.074664351851852,40.51738425925926,0,419.06
8b94c85a97b61f51a419a57e451d4e3a,54078a8661b0336a50e00afab86da419,delivered,2017-01-11 12:49:53,2017-01-11 13:05:35,2017-01-12 15:13:58,2017-01-18 10:37:56,2017-02-23,10.99,15.65,1,1,26.64,1,1,5.0,1.0,59299ea0e75eec7b97507e1dc6ac13d1,91010,porto alegre,RS,6.908368055555556,42.46535879629629,0,26.64
9a75a775d17d37cd19193fe02c3f21de,97efa29b4cb6dc4b10acb8f9baa46cdb,delivered,2017-01-11 15:56:35,2017-01-13 02:10:21,2017-01-17 12:13:02,2017-01-24 14:14:24,2017-02-23,380.0,44.04,1,1,424.04,1,1,3.0,1.0,9ff65289796499ec62ee319b027dcff0,21020,rio de janeiro,RJ,12.929039351851852,42.33570601851852,0,424.04
bf9d705db9fe15b5bd6a0a35c3e3365f,cd7fc3b7e625b3b0492197326b461c4c,delivered,2017-01-11 19:21:04,2017-01-11 19:35:14,2017-01-13 14:25:01,2017-01-20 21:11:43,2017-02-17,119.9,11.45,1,1,131.35,1,1,5.0,1.0,765369a23b18f4f6dfce1757448fbae0,9760,sao bernardo do campo,SP,9.076840277777778,36.193703703703704,0,131.35
09d557bf440b6c3b40cacfbb24fd5e28,c95fd5ec9cb15e99cbd4b8a9ff814ff6,delivered,2017-01-11 20:12:38,2017-01-11 20:25:06,2017-01-12 10:07:12,2017-01-19 16:32:01,2017-02-27,129.99,29.19,1,1,159.18,7,1,5.0,1.0,542736940dd0e914178cbc58a979c303,34535,sabara,MG,7.846793981481482,46.15789351851852,0,159.18
10221b5ef57cb66fe37a3b1e594918d1,fdff81b769f15aac39439e70eb1f72a0,delivered,2017-01-11 22:36:59,2017-01-11 22:45:12,2017-01-12 15:33:47,2017-01-19 16:41:31,2017-02-21,209.9,19.75,1,1,229.65,4,1,5.0,1.0,72025949535cc5d91386aabc4fa7ad86,88372,navegantes,SC,7.753148148148148,40.05765046296296,0,229.65
753aaaa715f963740a358c291bc79727,92afe47b8038840f6761684db0da3e40,delivered,2017-01-11 23:32:55,2017-01-11 23:45:19,2017-01-12 14:21:04,2017-01-17 10:28:00,2017-02-09,129.0,15.07,1,1,144.07,1,1,5.0,1.0,24072811917876a84c81166f96aed0c1,35360,sao pedro dos ferros,MG,5.454918981481481,28.01880787037037,0,144.07
4d9aeb0219e736ad9dd72af9f25b3f88,28783e4198a64a0285d35e5967d9956c,delivered,2017-01-12 00:06:12,2017-01-12 00:15:14,2017-01-12 16:53:43,2017-01-19 10:53:53,2017-02-20,39.9,10.96,1,1,50.86,1,1,5.0,1.0,7f11d8cba2b0b40ef25915bf8e0c48c0,85801,cascavel,PR,7.449780092592593,38.995694444444446,0,50.86
53cd36155a7bf507095985b2f26368a5,3fb14779b189f5fde47f8918e88dcc36,delivered,2017-01-12 09:45:32,2017-01-12 10:04:59,2017-01-12 11:49:26,2017-01-18 12:51:59,2017-02-20,19.9,10.96,1,1,30.86,1,1,5.0,1.0,62b690c75a3008d4712aa691ac30b7ba,4607,sao paulo,SP,6.129479166666667,38.59337962962963,0,30.86
fbee80ef6891c144af8ff9dc788aaa89,41ee1607f629eea5c7aa658053748326,delivered,2017-01-12 12:01:14,2017-01-13 16:25:19,2017-01-16 16:10:12,2017-04-26 09:35:51,2017-03-06,33.9,24.84,1,1,58.74,5,1,1.0,1.0,53ab246426bad17ebfa16c1a84e67294,61663,caucaia,CE,103.89903935185185,52.499143518518515,1,58.739999999999995
6744d76b253e71e06a89867248227b9c,42528556eaad6bbc96bb8eff982ae387,delivered,2017-01-12 12:46:35,2017-01-13 13:05:34,2017-01-25 06:21:13,2017-02-08 08:43:43,2017-03-08,59.9,24.91,1,1,84.81,6,1,5.0,1.0,bf56e7a0d1d125f0ebf7218b759752ac,68780,vigia,PA,26.83134259259259,54.467650462962965,0,84.81
f313be47c42e07616027ad6d6ac3034c,1df2dcecdf59a9ec5bbd2f877821219e,delivered,2017-01-12 13:11:45,2017-01-12 13:24:45,2017-01-13 15:52:27,2017-01-26 14:03:59,2017-02-22,59.9,14.59,1,1,74.49,7,1,4.0,1.0,a4ed37fc830d1fb2889b4193ebb09a91,36031,juiz de fora,MG,14.036273148148148,40.45017361111111,0,74.49
b5c037cf61074d84c0a994fa0d024064,58a549319c3ffcfc868efa613016466a,delivered,2017-01-12 15:58:39,2017-01-12 16:10:19,2017-01-18 04:42:03,2017-01-24 13:09:56,2017-02-13,354.8,32.7,2,1,387.5,8,1,1.0,1.0,b4be434bcbf5fac41b8be0e055135c9a,3402,sao paulo,SP,11.882835648148149,31.334270833333335,0,387.5
3c116d50bb76160ee1d7a2e8f5791427,d056f27116f163ae6d99dff3d169c032,delivered,2017-01-12 18:30:07,2017-01-12 18:44:39,2017-02-16 04:24:07,2017-02-24 16:45:39,2017-02-22,39.9,14.52,1,1,54.42,1,1,1.0,1.0,c39b2706a13ca378504fe314e7f2f645,13083,campinas,SP,42.927453703703705,40.22908564814815,1,54.42
0daff24b7abb3accd3e2638a0d5be0a0,5a46fcfb9cb1aa7feef0014acace422c,delivered,2017-01-12 20:06:50,2017-01-12 20:15:17,2017-01-17 05:14:16,2017-01-20 10:57:34,2017-02-23,99.9,15.81,1,1,115.71,10,1,5.0,1.0,502c07b7330ba7d5edd4fffe8c5ae0c3,18425,taquarivai,SP,7.618564814814815,41.1619212962963,0,115.71000000000001
6f748695717d537b882406da58acefec,b31da288a5d93df0b87661fae41bda52,delivered,2017-01-12 20:28:10,2017-01-12 20:44:31,2017-01-13 16:51:48,2017-02-14 15:07:50,2017-03-02,323.1,43.16,2,1,366.26,3,1,5.0,1.0,ff8b95898b5d2ce400ce59b28c40bfbc,74463,goiania,GO,32.77754629629629,48.14710648148148,0,366.26
22c2b8497506479028918303045751dd,a76e74102c5779eaca55a3f9187ea2f2,delivered,2017-01-12 22:24:48,2017-01-12 22:35:21,2017-01-13 10:07:57,2017-01-19 10:42:37,2017-02-20,10.49,10.96,1,1,21.45,1,1,5.0,1.0,6ce2c010b9675d72eb43d7d311d9423a,13575,sao carlos,SP,6.512372685185185,38.06611111111111,0,21.450000000000003
eb9cf2c383ca81f5d9750cc9e75fef41,1db74a8b644afe5d02543026ba693e76,delivered,2017-01-12 23:11:07,2017-01-12 23:25:13,2017-01-18 15:23:33,2017-01-31 13:42:14,2017-02-22,59.9,15.63,1,1,75.53,5,1,4.0,1.0,9ab6e9ce8afdb15b37eaa92421cb81e6,37245,carrancas,MG,18.60494212962963,40.03394675925926,0,75.53
2e2e88c4bb691287b71a9e1ee8a193a4,439f42a3cd2931ef5f1bb20e54f2357d,delivered,2017-01-12 23:42:50,2017-01-17 11:35:11,2017-01-17 14:44:18,2017-01-26 13:11:27,2017-02-22,377.0,22.72,1,1,399.72,5,1,5.0,1.0,ee3f102da1f94d5782046090f5c6c67c,35700,sete lagoas,MG,13.561539351851852,40.01192129629629,0,399.72
6c82197bc099415d9919ccb609a9c072,cf21fc5ce008e8d35e01caeb0ef028da,delivered,2017-01-13 00:14:27,2017-01-13 00:31:26,2017-01-13 12:50:08,2017-01-18 14:05:48,2017-02-21,189.99,12.72,1,1,202.71,4,1,5.0,1.0,0fd77103b2734193d2bbb936e774418b,7438,aruja,SP,5.577326388888889,38.98996527777778,0,202.71
ba3d713d46b9dadf35bf0ab911b06408,8d3b3107ff3d5416c2aaede11192d34b,delivered,2017-01-13 09:02:32,2017-01-13 09:10:10,2017-01-13 16:11:22,2017-01-23 17:09:01,2017-02-23,69.9,15.7,1,1,85.6,1,1,5.0,1.0,fb67e36c7821196d862282dc44ead86b,37503,itajuba,MG,10.337835648148149,40.62324074074074,0,85.60000000000001
4fe2e8b329e56a00aba9b0136b46f00f,0c6e74d3848e590888f197074ee1f5ff,delivered,2017-01-13 11:06:56,2017-01-15 11:05:13,2017-01-18 04:58:17,2017-01-20 11:33:43,2017-02-24,69.9,13.07,1,1,82.97,8,1,5.0,1.0,58aa424ba24df5dc745e1a3941abc5a3,8593,itaquaquecetuba,SP,7.018599537037037,41.53685185185185,0,82.97
fc28aed78cb8bcd22a7dbd82cb778946,31ec530ca6c36d8cd17146241c119887,delivered,2017-01-13 15:11:16,2017-01-13 15:25:21,2017-01-16 11:22:18,2017-01-21 06:57:36,2017-02-09,498.99,18.6,1,1,517.59,8,1,5.0,1.0,cb3709632b79a6369878c981ccb22045,89225,joinville,SC,7.657175925925926,26.367175925925928,0,517.59
5a1b8ce8aee70bd3445109304936c826,587c6261599b61d8089fab854cb753cd,delivered,2017-01-13 15:11:52,2017-01-13 15:25:23,2017-01-13 16:12:36,2017-01-26 14:27:27,2017-02-23,279.0,26.44,1,1,305.44,3,1,5.0,1.0,7f75d82fb48730a02d3c678dd2242e44,63360,aurora,CE,12.969155092592592,40.36675925925926,0,305.44
f7b9821d83a86f942cd40560f3c06622,668bca75c9fde63d376e1042ff8e2fe8,delivered,2017-01-13 17:53:10,2017-01-13 18:05:20,2017-01-18 15:14:48,2017-01-25 13:58:33,2017-02-23,380.0,39.06,1,1,419.06,8,1,1.0,1.0,652452e3f6467b9df7e3b65399262956,35570,formiga,MG,11.83707175925926,40.25474537037037,0,419.06
ce678bd6591f2487c9b4f5af45b4619f,8b16b8c513d302bd3d2f218644fed1a0,delivered,2017-01-13 20:08:30,2017-01-13 20:23:00,2017-01-16 12:25:16,2017-01-23 12:39:22,2017-02-23,380.0,39.06,1,1,419.06,1,1,3.0,1.0,1e9ebbaa6a3a66ad3f47d4480be0bb95,39120,gouveia,MG,9.688101851851853,40.16076388888889,0,419.06
c96867b4091191ba74279fc255656525,57f964df70a28c4770200f68dfd54532,delivered,2017-01-13 20:53:54,2017-01-14 02:42:51,2017-01-16 12:25:08,2017-01-20 14:14:39,2017-02-27,380.0,45.07,1,1,425.07,1,1,5.0,1.0,0fe412c57843f290998cdb0547b5b233,11440,guaruja,SP,6.722743055555555,44.12923611111111,0,425.07
3aa779fc4b813797c16ac4f02fe808ec,8d17a0679312b6c68213eb0c197b3c48,delivered,2017-01-13 22:21:41,2017-01-13 22:30:11,2017-01-16 14:22:07,2017-01-26 12:24:38,2017-03-01,113.0,36.62,1,1,149.62,1,1,5.0,1.0,d4ec1db68ee6fafe0ce4293bdf2c1b4a,71699,brasilia,DF,12.585381944444444,46.068275462962966,0,149.62
92580e7039e427da2884d35809a95996,883bce2f3694717d0403432a07768b05,delivered,2017-01-13 23:24:59,2017-01-13 23:35:14,2017-01-17 15:10:17,2017-01-24 18:28:34,2017-02-23,89.9,15.84,1,1,105.74,2,1,4.0,1.0,e63589e329d238ea543d5ba8e6d18161,36900,manhuacu,MG,10.794155092592593,40.02431712962963,0,105.74000000000001
c8ea1ac95f4f994f94fb57e99dcca985,54cca8020b69fbb204ac117154b079b7,delivered,2017-01-14 01:16:14,2017-01-14 01:30:17,2017-01-20 15:20:37,2017-01-27 09:22:38,2017-02-14,34.9,14.11,1,1,49.01,4,1,5.0,1.0,6b5c621e7785587af556b3750d9e075f,3572,sao paulo,SP,13.337777777777777,30.947060185185187,0,49.01
f38755557b9876c68991673e64852af8,a697310dcc6dec6e09e601a68fad6611,delivered,2017-01-14 08:33:40,2017-01-14 08:45:11,2017-01-18 04:58:04,2017-01-25 15:07:53,2017-02-17,89.9,17.37,1,1,107.27,2,1,4.0,1.0,d32117be1f591cc163d8a6a996140e16,38017,uberaba,MG,11.273761574074074,33.643287037037034,0,107.27000000000001
03b218d39c422c250f389120c531b61f,db857a86c685a6a3a02a705961ec1ff1,delivered,2017-01-14 14:20:01,2017-01-14 14:30:43,2017-01-16 09:23:45,2017-01-18 10:53:42,2017-03-01,38.5,11.74,1,1,58.03,5,1,5.0,1.0,c83d504c46170342ddbc93c762e0e4ec,35171,coronel fabriciano,MG,3.856724537037037,45.402766203703706,0,50.24
6248b0a9b547366913fb67922a7a2b77,4ae48f8e3942147402a1286118601c83,delivered,2017-01-14 15:11:28,2017-01-14 15:22:39,2017-02-03 10:50:28,2017-02-03 10:50:28,2017-02-28,109.9,14.94,1,1,124.84,1,1,4.0,1.0,dce5a2ec04713ca71d7fd432f45b70cc,28640,carmo,RJ,19.81875,44.367037037037036,0,124.84
1d4744e42dc6d786bbc9512601f7e49c,7096909336d32cce878923632d3d4208,delivered,2017-01-14 15:41:48,2017-01-14 15:50:16,2017-01-18 16:00:12,2017-01-24 05:46:04,2017-02-22,66.9,11.08,1,1,77.98,2,1,2.0,1.0,88d5a81aa8baf9e0ff6c8d888aa97a11,4335,sao paulo,SP,9.586296296296297,38.34597222222222,0,77.98
a87f63f16c37c383775f476c6f22b635,fd673a07896aec385c5287234605f166,delivered,2017-01-14 15:42:20,2017-01-14 15:50:20,2017-01-16 09:38:03,2017-01-30 11:21:56,2017-02-20,28.0,17.78,1,1,45.78,1,1,4.0,1.0,c112276ee020e563234bd46993fddc4b,71070,brasilia,DF,15.819166666666666,36.34560185185185,0,45.78
df1b378ac0b21d71ef1e642971d31530,dfd18dbef42d2d617d822af592b2fa62,delivered,2017-01-14 16:10:59,2017-01-14 16:22:27,2017-01-17 16:33:58,2017-03-14 15:44:15,2017-02-24,29.9,14.11,1,1,44.01,1,1,3.0,1.0,9ee03e957df37196acff32001e29894f,71917,brasilia,DF,58.981435185185184,40.32570601851852,1,44.01
016dee69b3de35a39bfccee5309307c3,c508ad14bc3cde5d1e0bfca7ebdb77cd,delivered,2017-01-14 16:35:59,2017-01-14 16:50:19,2017-01-19 16:33:30,2017-01-26 15:43:39,2017-02-28,45.0,17.19,1,1,62.19,1,1,5.0,1.0,65673eb10bb25611b2a9eda38b0e57ff,37902,passos,MG,11.963657407407407,44.30834490740741,0,62.19
0fd3cee523a106ac501c4cf18f56a4de,c41bb9b32eecfb353668815360270496,delivered,2017-01-14 17:44:58,2017-01-14 17:55:18,2017-01-23 15:22:11,2017-01-30 10:43:29,2017-02-15,83.5,13.16,1,1,96.66,1,1,4.0,1.0,edf8176bda73a45c6a47235c7a7726b2,17490,piratininga,SP,15.70730324074074,31.260439814814816,0,96.66
a9a93c428c6103f2151bb63a1d32a520,99ed295fa7b1f749594ce5f709ef1073,delivered,2017-01-14 17:57:50,2017-01-17 10:55:13,2017-01-20 17:58:58,2017-01-30 18:37:44,2017-02-28,99.9,60.77,1,1,160.67,10,1,1.0,1.0,ef026b181b8edf96c9ba24e7a989f7b4,20921,rio de janeiro,RJ,16.027708333333333,44.25150462962963,0,160.67000000000002
aa830d74d3e7d4a392cb7eac51a9c719,a0b7bf085451ca667f8c8015e9812e3b,delivered,2017-01-14 17:59:38,2017-01-14 18:10:17,2017-01-18 04:38:56,2017-01-25 09:47:57,2017-02-15,89.9,14.4,1,1,104.3,6,1,4.0,1.0,1c6c7f4687318090a16753eeefd5b1b1,12820,areias,SP,10.65855324074074,31.25025462962963,0,104.30000000000001
05cd156f0f47579a36d7a52724fc31b8,976224a95faf328b17654b1b1411d5e1,delivered,2017-01-14 18:27:28,2017-01-14 18:42:18,2017-01-16 06:42:20,2017-01-31 12:41:58,2017-02-24,10.99,14.52,1,1,25.51,1,1,,,40a0d0ab497152d487c6f59a27830c98,36081,juiz de fora,MG,16.760069444444444,40.23092592592592,0,25.509999999999998
fd930246eb1c751ee75add493e49ea34,3422a239d7c7bf95b72216d779a28de6,delivered,2017-01-14 21:28:46,2017-01-14 21:42:21,2017-01-16 11:42:51,2017-01-25 11:44:59,2017-02-28,59.9,17.26,1,1,77.16,1,1,5.0,1.0,1aba41ff60afaade1aadfc1eeb30f87f,71907,brasilia,DF,10.594594907407407,44.10502314814815,0,77.16
ef445757c25db3525a25a2b9641ef288,e24bd26337fb5b09e1331622a2f0d2bc,delivered,2017-01-14 22:17:49,2017-01-14 22:25:19,2017-01-17 16:33:55,2017-01-25 15:34:17,2017-02-16,34.9,16.05,1,1,50.95,1,1,5.0,1.0,861ed4dff1719a5dec6ce78b1132f2de,75555,vicentinopolis,GO,10.719768518518519,32.07096064814815,0,50.95
df410b19c3e348fb548ae68badd49827,6a6c433159ff775ba7f5ff8ec38b5b6f,delivered,2017-01-14 23:05:01,2017-01-14 23:15:17,2017-01-17 05:18:01,2017-01-24 15:11:39,2017-02-14,24.9,10.96,1,1,35.86,3,1,3.0,1.0,b0bc6de4a99007470bbdbbf5cc502ea9,3910,sao paulo,SP,9.671273148148147,30.03818287037037,0,35.86
ed2ea4498bcd56d90d461a23fa47ac56,b629604bb4374da78155fb48fcc1ec4f,delivered,2017-01-14 23:05:01,2017-01-14 23:15:16,2017-01-17 05:18:01,2017-01-24 13:47:47,2017-02-24,29.9,10.96,1,1,40.86,4,1,3.0,1.0,b0bc6de4a99007470bbdbbf5cc502ea9,3910,sao paulo,SP,9.613032407407408,40.03818287037037,0,40.86
22266e2f8d8084cd2b5d8488164d043a,2dae38555287b3c42938a0688936c53a,delivered,2017-01-15 00:01:45,2017-01-15 00:15:41,2017-01-16 06:42:19,2017-01-23 13:49:05,2017-02-24,20.98,29.04,2,1,50.02,2,1,4.0,1.0,572d41d4bcd3c9cefce4aca490ea0343,37500,itajuba,MG,8.574537037037038,39.998784722222226,0,50.019999999999996
d8d04eeca6703f5545f4c25b8ace1ee9,a2be606029a95748f15824071fffa10e,delivered,2017-01-15 10:14:31,2017-01-15 10:30:11,2017-01-19 09:27:48,2017-01-31 09:33:39,2017-02-28,38.9,16.05,1,1,54.95,5,1,5.0,1.0,3e5306add1209e5ba184092dd1587282,71925,brasilia,DF,15.97162037037037,43.573252314814816,0,54.95
3027797ce35841bf74917c0b0ea1a38d,64e2e80c6c053f95af9f072968fc8196,delivered,2017-01-15 12:37:26,2017-01-15 13:05:44,2017-01-16 08:50:39,2017-01-23 16:14:21,2017-02-24,159.9,16.33,1,1,176.23,2,1,5.0,1.0,609846ecfa57e90e8ce0fe6c0e06b0ad,1532,sao paulo,SP,8.150636574074074,39.47400462962963,0,176.23000000000002
e224d9d6fa66b26b8b86e73d2852136c,922955184e7e92d55ad006fbe9f14d74,delivered,2017-01-15 12:41:31,2017-01-17 12:41:57,2017-01-18 10:55:18,2017-01-27 12:13:56,2017-03-14,349.9,24.38,1,1,374.28,8,1,2.0,1.0,cfdb7df7f1d257ca5779f967d259cec9,44571,santo antonio de jesus,BA,11.980844907407407,57.47116898148148,0,374.28
34ac523be174284d7b9df8e47bce2040,e143678e76c1279b51f6fb83c205b7d1,delivered,2017-01-15 14:15:04,2017-01-15 14:30:14,2017-01-16 08:43:35,2017-01-20 10:05:52,2017-02-24,77.0,31.12,2,1,108.12,2,1,5.0,1.0,4862e84e08df689a5ccec996b1f7b393,7062,guarulhos,SP,4.826944444444444,39.4062037037037,0,108.12
1bfa3dbef549cf9ba5c5661ef1b63168,e22bab8950872ef60d229f7d6926b58c,delivered,2017-01-15 14:35:54,2017-01-15 14:45:12,2017-01-16 12:25:16,2017-02-13 08:51:25,2017-02-24,380.0,39.06,1,1,419.06,3,1,5.0,1.0,a4d9bca01de16ecc32654c12e2c18c05,35503,divinopolis,MG,28.760775462962965,39.39173611111111,0,419.06
6d234dea658ce0c00f91e931cb11f93c,ce80c46eb733623b83a7458b918ca30c,delivered,2017-01-15 15:52:04,2017-01-17 03:10:11,2017-01-17 15:10:16,2017-01-26 12:45:50,2017-02-24,48.9,15.56,1,1,64.46,1,1,5.0,1.0,48aac093ce4d05afcd577ef894f27dfe,23970,paraty,RJ,10.870671296296296,39.33884259259259,0,64.46
f2a5336cc1662ad56b16f4ed6e4b2de5,b0b27c44f7e3d2c6e45d506cbd4a5627,delivered,2017-01-15 17:55:56,2017-01-15 18:05:14,2017-01-16 12:25:16,2017-01-25 10:56:03,2017-03-02,380.0,49.7,1,1,429.7,1,1,5.0,1.0,2c724eb337b9f040e3a65208e3280b8d,87900,loanda,PR,9.708414351851852,45.25282407407408,0,429.7
b6e5aa946acc4e29e7069510f28a0bce,6630c34d7fef13e0ec591d96f6c24362,delivered,2017-01-15 17:58:42,2017-01-17 03:21:45,2017-01-20 10:49:26,2017-01-28 07:58:59,2017-03-01,149.9,19.33,1,1,169.23,1,1,5.0,2.0,35e146c985a9cf989c91edb4c0c156fa,21371,rio de janeiro,RJ,12.583530092592593,44.250902777777775,0,169.23000000000002
f77dc5ef53142abf2e1734622d81f664,29c13f323716a5bbd7356343e45d9868,delivered,2017-01-15 17:58:43,2017-01-17 03:21:45,2017-01-19 09:15:39,2017-01-26 15:11:47,2017-02-17,149.9,19.33,1,1,169.23,1,1,5.0,1.0,35e146c985a9cf989c91edb4c0c156fa,21371,rio de janeiro,RJ,10.884074074074075,32.2508912037037,0,169.23000000000002
33ef079ec39c1b46e6e552e038e67c5b,4a5dc0dfa0d6bb6fee6eac33a4b39d7b,delivered,2017-01-15 18:57:33,2017-01-15 19:10:17,2017-01-18 04:57:56,2017-01-20 16:47:51,2017-03-01,50.9,11.75,1,1,62.65,6,1,5.0,1.0,b9ac5718b8f3ff34b2929ac08661f82a,2521,sao paulo,SP,4.9099305555555555,44.210034722222225,0,62.65
5897449bce69856d88610b3c0f4f63b5,2e19009aaf5ce281eadf19914ea75b5c,delivered,2017-01-15 21:46:43,2017-01-17 03:10:19,2017-01-18 15:12:19,2017-02-09 10:32:41,2017-02-14,183.9,15.46,1,1,199.36,1,1,4.0,1.0,dfad52af74ef4e4efcd09c4f00de979d,89675,vargem bonita,SC,24.531921296296296,29.09255787037037,0,199.36
af9cf6a8b011e9fea2be4c295942e58b,cf6825242ddd453dd3381bb0aa0976d3,delivered,2017-01-15 23:17:31,2017-01-16 17:31:36,2017-01-21 04:31:48,2017-01-31 15:57:50,2017-02-27,89.99,14.66,1,1,104.65,10,1,5.0,1.0,65f58168b9e3281c5c57dd0a06720ddf,89900,sao miguel do oeste,SC,15.694664351851852,42.02950231481481,0,104.64999999999999
200f4d883fcc701355e46b8c6035743f,8c4bcd3c3737198f62421c18e0348554,delivered,2017-01-15 23:25:23,2017-01-17 03:22:00,2017-01-20 11:05:59,2017-01-27 10:32:30,2017-03-13,119.39999999999999,50.0,6,1,169.4,1,1,3.0,1.0,45a529e4af8f502a189094332e8ed24e,95330,veranopolis,RS,11.463275462962963,56.024039351851854,0,169.39999999999998
0dbfda5b69f9f25250969962f70929e9,36e0f840035e7f9bacad69b27b953a02,delivered,2017-01-16 00:05:37,2017-01-16 17:31:48,2017-01-19 07:41:28,2017-01-27 17:04:28,2017-02-24,164.99,25.29,1,1,190.28,8,1,5.0,1.0,4a9b32703700ed17c13a3a6c1a784e1d,59091,natal,RN,11.707534722222222,38.99609953703704,0,190.28
ff42eee9423ebc7d468a3709e1cbefb7,e88a38745875de352d6a135b7d3f11af,delivered,2017-01-16 09:56:45,2017-01-17 19:45:18,2017-01-20 17:35:56,2017-01-26 16:01:40,2017-02-10,137.99,11.58,1,1,149.57,1,1,5.0,1.0,2cd2f63f783343de79fd5a430c8b6d43,18603,botucatu,SP,10.253414351851852,24.58559027777778,0,149.57000000000002
719b940ab2f1e351ffb14a0a02ffe3c4,ede9a1daf58d256c0d648ef7e1479010,delivered,2017-01-16 13:01:51,2017-01-17 03:05:22,2017-01-17 13:37:00,2017-02-21 14:51:58,2017-03-03,79.8,18.0,2,1,97.8,1,1,,,90b68b6163beccc6f471d64de5258367,28613,nova friburgo,RJ,36.07646990740741,45.45704861111111,0,97.8
abef8b5d0f7fa066c7473db7d650c870,2ed1b5c01561bcf39cc2f1566a8ac9f1,delivered,2017-01-16 13:17:46,2017-01-18 09:35:19,2017-01-20 11:00:39,2017-01-25 08:43:39,2017-02-14,399.6,53.12,4,1,452.72,1,1,5.0,1.0,ed05a1bbf9f8816af23fcc68084bb87d,6806,embu,SP,8.809641203703704,28.44599537037037,0,452.72
e068276f5e75a66212f75b84ebfeaccf,8b8e02be8fef10b7c6e2d210dbcfba7c,delivered,2017-01-16 13:17:46,2017-01-18 09:35:19,2017-01-20 07:13:46,2017-01-25 11:00:16,2017-03-09,45.9,10.96,1,1,56.86,1,1,5.0,1.0,ed05a1bbf9f8816af23fcc68084bb87d,6806,embu,SP,8.90451388888889,51.44599537037037,0,56.86
62260701eb6b51252ed47c4967b1a48d,1e6cd8588a826f646f124d1725eab3a8,delivered,2017-01-16 13:21:19,2017-01-16 13:30:18,2017-01-18 09:42:08,2017-01-20 15:47:40,2017-02-22,10.99,8.72,1,1,19.71,1,1,3.0,1.0,f6e2c0cdc5cd3baaf61274104bc4e69a,4661,sao paulo,SP,4.101631944444445,36.443530092592596,0,19.71
d3a49dd2f9c21558b7a82c8f076f6c1d,3619684d733b95a9860ca496206a6ab0,delivered,2017-01-16 14:04:11,2017-01-18 14:01:22,2017-02-10 07:07:43,2017-02-23 05:03:16,2017-02-28,629.0,36.7,1,1,665.7,8,1,1.0,1.0,ffebb6424578e7bb153322da9d65634f,7260,guarulhos,SP,37.62436342592593,42.41376157407407,0,665.7
56ef80c564f6fd57cc662adee0379746,207df7ad3a701cc5f0a232000cca51f9,delivered,2017-01-16 14:24:22,2017-01-16 14:35:17,2017-01-16 15:21:56,2017-01-23 08:56:05,2017-02-24,34.9,14.52,1,1,49.42,4,1,4.0,1.0,6bd4f06d5599d085d7a367cf49626155,4021,sao paulo,SP,6.772025462962963,38.39974537037037,0,49.42
fe2ac30768e07e362b649951cc625144,be07f06f183227b5c2b31c30fbb4f382,delivered,2017-01-16 16:41:18,2017-01-16 17:30:23,2017-01-17 11:26:52,2017-01-26 16:24:07,2017-02-22,74.5,19.22,1,1,93.72,1,1,4.0,1.0,436951eead1cce602da9256d8c59e093,41810,salvador,BA,9.988067129629629,36.304652777777775,0,93.72
3312588178a16638759fca54495ef50d,08b0db04ac8d73532750572156241d88,delivered,2017-01-16 18:36:49,2017-01-16 18:50:16,2017-01-18 15:49:05,2017-01-25 13:58:39,2017-02-28,595.99,32.36,1,1,628.35,10,1,5.0,1.0,0fc4512b047ebec6da8414a427494244,36050,juiz de fora,MG,8.806828703703705,42.22443287037037,0,628.35
616b813dbea8acc9de0ca0380cd89b83,a779fb63d731a6f7af0e4ef34aebc9bf,delivered,2017-01-16 19:04:32,2017-01-16 19:10:16,2017-01-20 15:18:08,2017-01-30 15:41:52,2017-03-20,29.4,16.05,1,1,45.45,4,1,1.0,1.0,c5cf9357698d4fbca794731fe22b1606,91787,porto alegre,RS,13.85925925925926,62.20518518518519,0,45.45
46f05e5ae3a2b822e2f4148d99f69ca4,4f531f24ba13efa329c743d01004891a,delivered,2017-01-16 19:24:49,2017-01-17 03:25:19,2017-01-17 14:16:56,2017-01-27 15:09:19,2017-03-08,90.0,35.82,2,1,125.82,1,1,5.0,1.0,6844cfbae485da8c9ac6d7dd38e1d3e3,74633,goiania,GO,10.822569444444444,50.19109953703704,0,125.82
3ab4eea6776259ae8dfbabaeffece352,24d46169d90daaa687cbf122c3243df8,delivered,2017-01-16 21:08:25,2017-01-16 21:21:52,2017-01-18 10:55:24,2017-01-24 13:57:59,2017-03-08,370.0,17.8,1,1,387.8,8,1,4.0,1.0,bcdd3f31625ec664aca676d1c101e753,17502,marilia,SP,7.701087962962963,50.11915509259259,0,387.8
df6e0cd0f23b4735b02cb6d9279bb310,ac77fc096334bb131cc25f7c6471566e,delivered,2017-01-16 21:18:10,2017-01-16 21:30:23,2017-01-17 15:18:10,2017-01-24 19:16:47,2017-02-14,345.0,27.64,1,1,372.64,7,1,5.0,1.0,7d9d77225e11b7722d0631d6243178e3,32071,contagem,MG,7.915706018518518,28.112384259259258,0,372.64
e7bbb39c507d08caa0aee263d3d6ca55,7dbc842dc7479f9708f950fb68fa7f29,delivered,2017-01-16 21:55:31,2017-01-16 22:05:22,2017-01-19 07:41:27,2017-01-26 14:24:59,2017-02-20,184.99,16.59,1,1,201.58,4,1,5.0,1.0,5e8fcce8e57e95ac2100751527c9a485,71927,brasilia,DF,9.687129629629629,34.08644675925926,0,201.58
21aa5570514b188b031255172b1e04bd,b924b981ecd4493825f0c54db5b4be8c,delivered,2017-01-16 22:58:11,2017-01-16 23:05:16,2017-01-18 15:12:21,2017-01-27 15:34:15,2017-02-16,28.0,14.52,1,1,42.52,1,1,5.0,1.0,70fc98f125c985e6582a3ef22a1a8bc2,12282,cacapava,SP,10.691712962962963,30.04292824074074,0,42.519999999999996
77c75c0f9b0b1c5417b62c696c4734e5,e8b9bdf215893d907b9c19990c5abd23,delivered,2017-01-16 23:03:40,2017-01-16 23:15:08,2017-01-17 14:16:54,2017-01-24 17:06:00,2017-03-02,39.0,16.11,1,1,55.11,1,1,5.0,1.0,ae81c8b1f631eb3108924289a3333c0b,92412,canoas,RS,7.751620370370371,44.03912037037037,0,55.11
d2e9aead95751dd6bd0ce80e7d506c53,d40e29db86a4db2aeaf8fa2b22c48f5e,delivered,2017-01-16 23:25:16,2017-01-16 23:35:20,2017-01-18 09:47:00,2017-01-23 14:13:07,2017-02-28,14.97,14.52,1,1,33.33,3,1,5.0,1.0,975c66693ec7ce66a1a5044685f9996c,32010,contagem,MG,6.6165625,42.02412037037037,0,29.490000000000002
13a4e0efe42392b2ee22601883f47d24,501e5b016fc09bda702e55fec5be78dd,delivered,2017-01-17 00:16:14,2017-01-19 02:11:02,2017-01-23 13:43:59,2017-01-26 06:45:01,2017-02-27,290.0,13.42,1,1,303.42,1,1,2.0,1.0,0f69b4a32db912773a707dcf9659450c,9530,sao caetano do sul,SP,9.269988425925925,40.98872685185185,0,303.42
6f275c944d1814eca6bfbb2bcfa3b0ea,219f6aa1ddc83ec7dbf2498e664129c1,delivered,2017-01-17 09:15:35,2017-01-19 02:17:31,2017-01-19 09:46:30,2017-01-24 14:31:56,2017-03-01,180.0,62.24,4,1,242.24,1,1,5.0,1.0,92dd9c8abb3cfdd902e9528cab9cc3cf,16300,penapolis,SP,7.2196875,42.61417824074074,0,242.24
eb87432d1b32d99db89d573d77767a01,a22ecc2c34b892685233022097d1ba0a,delivered,2017-01-17 09:15:55,2017-01-17 09:25:11,2017-01-17 14:16:55,2017-01-23 13:12:10,2017-02-27,39.0,11.31,1,1,50.31,1,1,5.0,1.0,9960a7aea9bd658ee554b4c580beb37f,4911,sao paulo,SP,6.1640625,40.61394675925926,0,50.31
f7a4be4d6edb66bd0e62e91e1bbc9061,30df93bd0e2874646d39d37dec1764d5,delivered,2017-01-17 10:49:05,2017-01-17 11:02:18,2017-01-18 12:40:23,2017-01-30 13:28:43,2017-03-01,49.9,17.09,1,1,66.99,1,1,3.0,1.0,faf47b5b5d6da79375665838f42e5136,21221,rio de janeiro,RJ,13.110856481481482,42.549247685185186,0,66.99
f8156c3c902b5ae88ac59a6c7b28f72a,428ed8065f1b2eb32338b0ff5f30c8d1,delivered,2017-01-17 11:21:45,2017-01-18 02:10:20,2017-01-18 16:00:14,2017-01-24 12:21:29,2017-02-27,48.9,11.74,1,1,60.64,1,1,3.0,1.0,2d9355ab664231a2eecd5dd9890934ec,12935,vargem,SP,7.0414814814814815,40.5265625,0,60.64
3c54678edd9d58abadd6af16d0bce506,3b7db71fcb0e1493dc3f486768a67239,delivered,2017-01-17 11:26:55,2017-01-17 11:41:41,2017-01-18 15:33:10,2017-02-04 08:03:42,2017-03-01,37.9,15.56,1,1,53.46,1,1,4.0,1.0,cd4b9f268bcad20a5d9cb8b41a2e6ed1,22723,rio de janeiro,RJ,17.858877314814816,42.52297453703704,0,53.46
3bd5b53dee9d54938f56208bcc03d855,644182a0f196539f214b3f8877fb19bd,delivered,2017-01-17 12:15:42,2017-01-18 02:15:54,2017-01-18 15:34:26,2017-01-25 13:47:42,2017-03-17,45.9,20.8,1,1,66.7,1,1,4.0,1.0,969df6f6e673e73cac594a693bcf7524,44002,feira de santana,BA,8.063888888888888,58.48909722222222,0,66.7
cb4980b31efc7af3ee819aa60582c31b,dc0c77cca2f6acb682827975536a6dc7,delivered,2017-01-17 12:42:06,2017-01-17 12:55:27,2017-01-17 13:20:45,2017-01-20 13:42:37,2017-02-17,44.95,14.52,1,1,59.47,5,1,5.0,1.0,5286f4342593aeeca93e0543ef0ac5f0,28021,campos dos goytacazes,RJ,3.042025462962963,30.47076388888889,0,59.47
09b38400b1601bc9dea9de02c710857f,9ed06342197fde512695b88ef49400c2,delivered,2017-01-17 13:23:49,2017-01-18 02:10:39,2017-01-20 07:13:45,2017-01-27 12:09:44,2017-03-06,45.9,14.52,1,1,60.42,1,1,5.0,1.0,64529bfbbfe1ab1832b1bad404aa249e,35400,ouro preto,MG,9.948553240740742,47.44179398148148,0,60.42
9c54a1816e487456bb7eb5082b9823ff,1d48a5dcde374b9d63b2c29e6af97cb8,delivered,2017-01-17 14:23:54,2017-01-17 14:30:16,2017-01-18 08:27:58,2017-02-08 08:43:59,2017-03-02,68.9,17.22,1,1,86.12,1,2,4.5,2.0,1d2435aa3b858d45c707c9fc25e18779,21760,rio de janeiro,RJ,21.76394675925926,43.40006944444445,0,86.12
91750e4d3d89e619cd557a6da400be06,a509c0faf10ecf2d74c38e3945b25496,delivered,2017-01-17 14:23:56,2017-01-17 14:30:17,2017-01-20 07:13:45,2017-01-30 12:58:03,2017-03-02,45.9,15.56,1,1,61.46,1,2,5.0,1.0,1d2435aa3b858d45c707c9fc25e18779,21760,rio de janeiro,RJ,12.940358796296296,43.400046296296296,0,61.46
06f5f6139b33f53defc64643f1252d53,cbdced3b7732432c679e661c4bcb77e4,delivered,2017-01-17 14:50:19,2017-01-17 15:02:24,2017-01-20 14:14:14,2017-01-30 14:36:28,2017-02-27,44.9,15.56,1,1,60.46,6,1,5.0,1.0,051cb410e248720e71b4ef51ff5044db,89010,blumenau,SC,12.990381944444444,40.38172453703704,0,60.46
ea97616a19d3b2683ab949def1037708,e01dd706e00cef25a6be635737bee134,delivered,2017-01-17 14:57:29,2017-01-17 15:10:17,2017-01-18 15:06:19,2017-01-26 13:57:31,2017-02-27,66.9,15.68,1,1,82.58,1,1,5.0,1.0,c15e721e52209690f253a6c8fd1a17de,23045,rio de janeiro,RJ,8.95835648148148,40.37674768518519,0,82.58000000000001
f9427374480e37251d5c279ebc41a3ab,24d27d857775354d2ef3c83e95be2935,delivered,2017-01-17 14:57:45,2017-01-18 02:10:16,2017-01-19 09:12:51,2017-01-24 15:14:01,2017-02-23,21.98,21.92,2,1,43.9,1,1,2.0,1.0,71f9d647cd3876fd59aa40c74c81e972,7122,guarulhos,SP,7.011296296296297,36.3765625,0,43.900000000000006
944f618b790d6d01c2c78750fc0f700a,5f6478ee9ad1339b32bfa4f5fe674ea8,delivered,2017-01-17 15:01:33,2017-01-17 15:15:14,2017-01-24 15:10:48,2017-02-02 15:47:34,2017-02-27,48.8,29.04,2,1,77.84,7,1,5.0,1.0,39e4c9fa276aaa9b6af1fcd80901351c,30775,belo horizonte,MG,16.031956018518517,40.37392361111111,0,77.84
2195712688ef03e20c8053de61c82493,45cb0fe36535222805dbee60662f9dee,delivered,2017-01-17 15:30:34,2017-01-17 15:45:13,2017-01-23 15:09:45,2017-02-01 16:37:26,2017-02-23,159.9,27.59,1,1,187.49,2,1,5.0,1.0,72190b69b96d51e002b07103b1e0c809,45606,itabuna,BA,15.046435185185185,36.35377314814815,0,187.49
74b9c5a1b6f7632750a25db4de597512,3d89e437bbd02dfc96b7ebf2d791bfc2,delivered,2017-01-17 16:25:29,2017-01-17 16:41:52,2017-01-23 11:53:31,2017-01-31 10:58:00,2017-02-17,38.9,14.52,1,1,53.42,5,1,3.0,1.0,911a7d4fed122180dfff1453bf5a5094,23020,rio de janeiro,RJ,13.772581018518519,30.315636574074073,0,53.42
ae917963181c56c14f8d0e873b1588ac,c09f8cdfa1c0e9d5ce962948b1a4f3be,delivered,2017-01-17 16:47:13,2017-01-18 02:10:29,2017-01-18 09:07:53,2017-01-27 14:54:59,2017-03-09,379.0,27.14,1,1,406.14,1,1,5.0,1.0,0651d1d452e23d14caf7c7cf51f46071,68540,conceicao do araguaia,PA,9.922060185185185,50.30054398148148,0,406.14
70d0dedf8c23e2cedca5915427acd101,e89602b2442a8d65407ba198d614502c,delivered,2017-01-17 16:58:06,2017-01-17 17:15:16,2017-01-18 14:22:10,2017-01-28 11:57:18,2017-02-15,169.9,15.36,1,1,185.26,6,1,5.0,1.0,7a9d69fb7ce2ceca5c5c2a4f7f597250,17526,marilia,SP,10.79111111111111,28.292986111111112,0,185.26
9980c5519e01cc5a1c1c35bd247bb499,68fcf3339b654cd981786ff00d15bbfe,delivered,2017-01-17 16:59:30,2017-01-17 17:10:08,2017-01-18 09:46:40,2017-01-31 14:16:29,2017-02-27,199.99,16.61,1,1,216.6,10,1,4.0,1.0,8b1371e4a43d8e62075c06d7256373f8,13736,mococa,SP,13.886793981481482,40.29201388888889,0,216.60000000000002
cd6f777c4734b77c8f01725d6a3500c0,aba0612f1bda6131d3058084c31511ca,delivered,2017-01-17 18:24:14,2017-01-17 18:30:11,2017-01-18 06:55:01,2017-01-27 13:32:35,2017-02-13,44.95,10.96,1,1,55.91,1,1,5.0,1.0,f710a2488480f6d18ef5066c1dfb7803,11081,santos,SP,9.797465277777778,26.233171296296295,0,55.910000000000004
8c482c28bfcadc891bc37e13dc7ace34,1d4559618ae0a6bcc7dc8baaf5ad58cc,delivered,2017-01-17 18:42:36,2017-01-17 18:50:19,2017-01-26 11:53:38,2017-02-10 05:28:26,2017-02-15,38.9,11.16,1,1,50.06,1,1,4.0,1.0,cc93f0fd2d5903386827b0dd3de6fc42,5008,sao paulo,SP,23.44849537037037,28.220416666666665,0,50.06
0eaa4845a6182d6b72de720fb976abd4,4d7f34d701f198e39e1c0cd92c3ee12c,delivered,2017-01-17 18:44:09,2017-01-17 18:55:20,2017-01-18 10:55:18,2017-01-27 12:13:56,2017-03-07,349.9,17.66,1,1,367.56,1,1,4.0,1.0,430e6e24b7e95282f6e8fb4299a63082,98335,boa vista das missoes,RS,9.729016203703704,48.219340277777775,0,367.56
d9a08faa201940dd3302f06944b5c739,0fbba4e64c66162f8108ba004d0b929d,delivered,2017-01-17 18:57:58,2017-01-17 19:10:11,2017-01-26 11:53:35,2017-01-31 12:22:42,2017-02-15,38.9,11.16,1,1,50.06,5,1,4.0,1.0,29607e7e09b983abf0027c079c05efb6,4222,sao paulo,SP,13.72550925925926,28.20974537037037,0,50.06
01ba72e24cf883d74c5479c0a626c740,edbaa972997d3e33faec1e1b6e0b7e43,delivered,2017-01-17 19:55:40,2017-01-18 02:10:52,2017-01-18 09:40:16,2017-01-25 13:52:35,2017-02-27,44.6,14.52,1,1,59.12,1,1,5.0,1.0,4cee4a02eb33c498d0ad31ff0e7f32f1,23931,angra dos reis,RJ,7.747858796296296,40.16967592592592,0,59.120000000000005
9b2e5e7107f9b0d28873782803e01ecd,f528cd2e64c47c4d65c1355294c43323,delivered,2017-01-17 20:20:10,2017-01-17 20:32:51,2017-01-18 08:48:04,2017-01-26 06:15:39,2017-03-06,38.5,15.56,1,1,54.06,3,1,5.0,1.0,6228bfcc46762217dfb30909688d80be,13250,itatiba,SP,8.413530092592593,47.15266203703704,0,54.06
24e1c731364b64c76d98e985bfdbef77,679b47a0e9e57e5f32b43a333b746f55,delivered,2017-01-17 20:38:15,2017-01-17 20:50:16,2017-01-19 09:26:02,2017-01-23 10:38:08,2017-02-27,157.0,18.85,1,1,175.85,10,1,4.0,1.0,fd25374ab64dff3da1f5bf91fccd7450,81870,curitiba,PR,5.583252314814815,40.14010416666667,0,175.85
fdb3ef83ea6f7bef7d13bdd9b38da661,fbc1bec47970c387d5f4962d518dd268,delivered,2017-01-17 21:09:40,2017-01-17 21:21:39,2017-01-24 14:49:32,2017-01-26 16:25:11,2017-03-13,109.2,13.34,1,1,122.54,2,1,3.0,1.0,e03a1bf47d42257f8e8e5e8775696622,6900,embu-guacu,SP,8.802442129629629,54.118287037037035,0,122.54
ecfdcaa1a2dacb4e5297d8251b115002,2dffab2135e36d25087cad94f4e559ab,delivered,2017-01-17 22:26:00,2017-01-17 22:42:15,2017-01-19 08:14:56,2017-01-27 10:07:33,2017-03-07,59.9,24.62,1,1,84.52,8,1,5.0,1.0,82629037a1fd4821b8645ceae55845bd,58051,joao pessoa,PB,9.4871875,48.06527777777778,0,84.52
3aa9ae345c5bf7396e8b237717c470cf,d14ec9b10324e4132ee110e8012e7dde,delivered,2017-01-17 22:34:59,2017-01-17 22:45:15,2017-01-26 08:08:31,2017-02-01 16:48:47,2017-02-23,134.17,16.05,1,1,150.22,1,1,4.0,1.0,1c81d0cd06e55c6c1b9a353a32a94c33,14784,barretos,SP,14.759583333333333,36.05903935185185,0,150.22
b063bf13bfec7c847d7a6bdb54554c00,9116afdef84d57d567a2d87cc9dd12bc,delivered,2017-01-17 23:37:51,2017-01-17 23:50:17,2017-01-18 10:07:14,2017-01-25 13:53:45,2017-02-27,89.99,14.8,1,1,104.79,10,1,4.0,1.0,70c54f44c2b0fea644d1caae6142ed62,13334,indaiatuba,SP,7.594375,40.01538194444444,0,104.78999999999999
c022b7da8ab7a4a04bd561c8f765a14a,c797ffdbae65b56c177d3c1368d03628,delivered,2017-01-17 23:40:42,2017-01-17 23:50:15,2017-01-18 13:59:38,2017-01-25 12:51:51,2017-03-01,169.0,25.0,1,1,194.0,1,1,5.0,1.0,b77373c1be1866a704f28814c378b253,32400,ibirite,MG,7.549409722222222,42.01340277777778,0,194.0
b8297ee8722ce94cc9a2e9263124cd36,7c852d7bbf1b4c00b69926f3b380e288,delivered,2017-01-18 00:31:51,2017-01-18 00:45:47,2017-01-18 10:32:15,2017-01-30 11:51:53,2017-03-02,24.9,20.67,1,1,45.57,4,1,5.0,1.0,65ab3020e6a929e4e9a4b61e643da832,98175,jari,RS,12.47224537037037,42.97788194444445,0,45.57
0f91be4a9bf9ffd2c1ace53b9e5dd9e2,3dd2f8a8b58ffd06e8bff60f30b84f91,delivered,2017-01-18 02:01:36,2017-01-23 16:43:02,2017-01-26 14:44:01,2017-01-30 11:04:23,2017-03-02,467.0,18.38,1,1,485.38,1,1,5.0,1.0,6cceb051264e3bac0ac2a98182eba14f,7724,caieiras,SP,12.37693287037037,42.91555555555556,0,485.38
99e3f90c535337b45eace6f8a8a9400f,3d5c479107dce026a67c0a78ec5f87f2,delivered,2017-01-18 08:01:37,2017-01-18 08:10:14,2017-01-18 11:03:09,2017-01-26 15:14:31,2017-03-17,45.0,50.0,1,1,95.0,4,1,5.0,1.0,d7a4ea17f19293f471d6dac189d74e66,13184,hortolandia,SP,8.300625,57.665543981481484,0,95.0
fbd82b1fe98967de0db29b6cf134d00a,45f5c9d984dbfa2105e3544cc85133bf,delivered,2017-01-18 08:55:36,2017-01-18 09:05:10,2017-01-18 10:41:58,2017-03-07 08:55:47,2017-02-14,39.98,11.74,1,1,51.72,3,1,,,86a2b7754f964102510d42ab30898f63,13056,campinas,SP,48.00012731481481,26.628055555555555,1,51.72
660c604f50fc9edcf854689682d1560e,d20bbabb669a554138e7d3f97cafafd6,delivered,2017-01-18 10:27:19,2017-01-18 10:42:18,2017-01-18 12:05:00,2017-01-20 11:42:06,2017-02-24,149.99,11.66,1,1,161.65,3,1,4.0,1.0,12845427d01e30997492ad688e9269e8,24941,marica,RJ,2.0519328703703703,36.564363425925926,0,161.65
71f86189760ff1dec6805f4fc7c6f52f,bc41a708ec6dabfa8b01320ad60ac6a2,delivered,2017-01-18 10:42:05,2017-01-18 10:50:21,2017-01-18 17:19:08,2017-01-31 16:59:08,2017-03-10,168.0,27.44,1,1,195.44,3,1,5.0,1.0,212fb8fd04191789cf67caf8c78e2d1b,53230,olinda,PE,13.261840277777777,50.5541087962963,0,195.44
7ead6c8726098bd70de2b16cac42df74,19d8d28432946239ce9f75e1990f7e58,delivered,2017-01-18 10:55:55,2017-01-19 02:11:04,2017-01-19 11:35:16,2017-02-09 07:14:02,2017-03-10,37.99,31.95,1,1,69.94,1,1,3.0,1.0,d6fdf70f71d5b82ae601638a446bd228,64770,sao raimundo nonato,PI,21.845914351851853,50.544502314814814,0,69.94
0e660617f70b9a3f6bfd3919b49450ab,3bb3946913ea760c53bc4298f9ecf5bd,delivered,2017-01-18 11:14:16,2017-01-18 11:30:09,2017-01-20 11:05:50,2017-01-26 14:44:45,2017-02-21,89.9,17.37,1,1,107.27,10,1,5.0,1.0,08c64a66736d94ea0a55c397c9da85fc,31365,belo horizonte,MG,8.146168981481482,33.53175925925926,0,107.27000000000001
8c0a4c58ee098fea192d86cb195786e6,743eb1a642f457af79087cfaa894a63b,delivered,2017-01-18 12:27:53,2017-01-18 12:41:46,2017-01-19 15:55:22,2017-01-30 11:47:28,2017-03-10,43.9,26.61,1,1,70.51,5,1,4.0,1.0,c8286434bb87dd80be297fc3e6bdc49b,59056,natal,RN,11.97193287037037,50.480636574074076,0,70.50999999999999
0a1ad2c293c3baacc6b2c2d442c71acd,3257a8d4cbb3343dcf40eac13ba329cb,delivered,2017-01-18 12:51:23,2017-01-18 13:05:15,2017-01-23 13:03:31,2017-02-06 16:56:48,2017-02-16,29.9,14.52,1,1,44.42,4,1,5.0,1.0,04ed62dc4fa17047b2d70df383dc1f4d,25040,duque de caxias,RJ,19.17042824074074,28.46431712962963,0,44.42
3ac963599c50b9beedbcebb47eb33af9,ab23392115ab5083ec640a5c781c2820,delivered,2017-01-18 14:32:43,2017-01-18 14:45:21,2017-02-07 08:12:41,2017-02-16 17:42:20,2017-03-02,70.83,52.21,1,1,123.04,2,1,4.0,1.0,17238e33fee2b88c3ed8eb91b29c007a,29057,vitoria,ES,29.13167824074074,42.39394675925926,0,123.03999999999999
1ef09d75953043a71a73428e15bc2f5c,572178b4530a9a986a59205bedea0712,delivered,2017-01-18 14:53:29,2017-01-19 06:50:22,2017-01-20 10:57:54,2017-01-25 15:06:36,2017-02-24,164.99,11.76,1,1,176.75,1,1,3.0,1.0,1fd8862a2eff56f95aaf5ebbb5619971,12922,braganca paulista,SP,7.009108796296296,36.37952546296296,0,176.75
c9645496b715730a1a5d07eb97a6bf6b,65b9f936439ccafa20f0d6888a5875d3,delivered,2017-01-18 14:56:47,2017-01-24 15:25:11,2017-01-25 10:07:43,2017-01-30 13:13:54,2017-02-14,128.0,13.48,1,1,141.48,1,1,5.0,1.0,04e6136a14d4d23d0b5d79443b94225b,8773,mogi das cruzes,SP,11.92855324074074,26.377233796296295,0,141.48
f6b63a36cd2dd4fd184e6da3f911a4de,f0dae1e937bb3c41846089b13dde866e,delivered,2017-01-18 15:31:13,2017-01-20 02:15:28,2017-01-20 10:50:47,2017-01-25 08:58:55,2017-03-02,20.9,14.52,1,1,35.42,1,1,4.0,1.0,45c09dd7c031515e6a0ceac3d0fd160c,29280,iconha,ES,6.727569444444445,42.35332175925926,0,35.42
171398a0cd843c65ac78aee9e05a1f49,f0244902c07b7c0799e468218579a925,delivered,2017-01-18 16:07:37,2017-01-18 16:15:20,2017-01-23 10:02:30,2017-02-03 12:51:58,2017-03-20,349.9,28.71,1,1,378.61,5,1,,,147375750bdc81b55b75dc08daf84c8a,55022,caruaru,PE,15.864131944444445,60.32804398148148,0,378.60999999999996
90d2bbc31356e711e2fe7b0b78181687,58fd1de47b74bd72637ccb4179c475bc,delivered,2017-01-18 16:48:00,2017-01-19 02:15:58,2017-01-20 16:34:12,2017-01-24 19:02:18,2017-02-28,19.9,10.96,1,1,30.86,1,1,3.0,1.0,173cc731309ecc2b6c8a3ea70a715508,35900,itabira,MG,6.093263888888889,40.3,0,30.86
c5e86e382215a14b35e8a51f1110f39d,f09f24eded6cdd153f9c3d778168b564,delivered,2017-01-18 17:04:36,2017-01-18 17:15:18,2017-01-20 17:28:13,2017-02-03 12:09:19,2017-02-28,164.9,11.33,1,1,176.23,1,1,3.0,1.0,e342ebdde0ad92773298b48def63e714,8190,sao paulo,SP,15.79494212962963,40.288472222222225,0,176.23000000000002
5dc269b7c4dce1624653e914a1b739f5,575a192461d4a325e5f9667e6ce5c2df,delivered,2017-01-18 17:20:39,2017-01-18 17:31:55,2017-01-20 13:02:22,2017-01-27 12:09:42,2017-02-24,77.08,11.15,1,1,88.23,2,1,3.0,1.0,e3ea295349259fa59779c6a8e18e5bba,8140,sao paulo,SP,8.7840625,36.27732638888889,0,88.23
5a37429384be05ca14780e4989543688,03b753419e88796de2c7127ff13dce58,delivered,2017-01-18 17:42:22,2017-01-18 17:55:09,2017-01-23 11:19:08,2017-02-06 13:33:56,2017-02-28,60.0,14.59,1,1,74.59,1,2,1.0,1.0,f6fe57d378dab85208a1fdd0172548e0,23020,rio de janeiro,RJ,18.827476851851852,40.26224537037037,0,74.59
77c34615b2963e4bf4b48d59da0eb5e1,06b74967617d6e12688e779fdc1a580c,delivered,2017-01-18 17:44:05,2017-01-18 19:05:09,2017-01-20 11:45:44,2017-01-31 10:41:44,2017-02-16,117.3,22.29,1,1,139.59,1,1,5.0,1.0,8f09add4b8d8c9c4311d881d29b8d58c,88845,cocal do sul,SC,12.706701388888888,28.26105324074074,0,139.59
00b4a910f64f24dbcac04fe54088a443,d70e5eac00a9d35a3cb193442c0287cd,delivered,2017-01-18 17:55:34,2017-01-18 18:05:17,2017-01-19 14:44:25,2017-01-26 13:21:57,2017-02-28,33.99,16.6,1,1,50.589999999999996,1,2,5.0,1.0,4831f388aaf5dfed43c1bd4455f37eac,22030,rio de janeiro,RJ,7.809988425925926,40.25307870370371,0,50.59
d0a4948ce19a51837d5e24c26ab83d76,ff84d0fa669f79bdc394cadf5d651cf2,delivered,2017-01-18 19:39:51,2017-01-18 19:50:23,2017-01-24 08:48:51,2017-01-31 09:15:04,2017-03-13,45.9,10.96,1,1,56.86,1,1,5.0,1.0,4fd1b2e7c09c60c05762f31151d464f8,13236,campo limpo paulista,SP,12.566122685185185,53.180659722222224,0,56.86
e2d092db21e901d04985350bf0e748ac,08fbfcc1b6c48f73ddca8312c78f6f53,delivered,2017-01-18 20:11:57,2017-01-18 20:25:10,2017-01-22 21:41:59,2017-01-27 09:37:35,2017-02-28,189.0,15.49,1,1,204.49,1,1,4.0,1.0,4d30f9e0514e084c4ad6368a3afeeceb,35170,coronel fabriciano,MG,8.559467592592593,40.158368055555556,0,204.49
3a6cac3e6717e6a7ee4cb28aaa149a91,766d9773a9cfa50e19a5c27a88d1b911,delivered,2017-01-18 20:14:17,2017-01-18 20:25:12,2017-01-20 11:07:49,2017-01-27 17:14:19,2017-02-20,199.9,19.99,1,1,219.89,3,1,5.0,1.0,960c60e7ac1870b12902f5685d7cce08,30315,belo horizonte,MG,8.875023148148149,32.15674768518519,0,219.89000000000001
2511cdf205337513507a1863f0098d39,71058039e9883484d1264522cbc9c2f1,delivered,2017-01-18 21:08:18,2017-01-19 21:10:20,2017-01-24 07:21:21,2017-01-26 21:57:38,2017-02-28,74.69999999999999,32.88,3,1,107.58,1,1,4.0,1.0,d8f3c4f441a9b59a29f977df16724f38,9720,sao bernardo do campo,SP,8.03425925925926,40.119236111111114,0,107.57999999999998
9c0b834fc89f4dd70679baffe8bed38e,3ff64bf4067f2b8c240397252473423b,delivered,2017-01-18 22:12:34,2017-01-18 22:25:08,2017-01-19 12:37:06,2017-01-26 13:28:50,2017-02-14,173.85,12.61,1,1,186.46,2,1,5.0,1.0,dca82da75297f7cf5596674a229c89c5,88804,criciuma,SC,7.636296296296297,26.07460648148148,0,186.45999999999998
fcda3cc8210e746326864eb933641ccf,fee7cf49127308e2b5402c9984b6f1f6,delivered,2017-01-18 22:41:55,2017-01-20 22:42:02,2017-01-23 11:41:56,2017-01-31 18:47:35,2017-03-02,10.99,16.05,1,1,27.04,2,1,,,78e1fdf5955b14b03809a8a8accec102,95770,feliz,RS,12.837268518518519,42.05422453703704,0,27.04
95fd5e469d8ce5093adeace50b5a4389,073a1dd224494392bd923c55a093ce4e,delivered,2017-01-18 22:57:25,2017-01-18 23:10:21,2017-01-19 15:30:35,2017-01-24 13:44:49,2017-02-14,49.9,10.96,1,1,60.86,1,1,5.0,1.0,f59dcbbff80e462d11eba16dbbc43ff6,9020,santo andre,SP,5.61625,26.043460648148148,0,60.86
e1000df659259b29cb73a4798ccd7454,feb21f4291037a45288a6266d66a0096,delivered,2017-01-18 23:02:45,2017-01-18 23:10:20,2017-01-19 15:02:12,2017-02-09 12:33:46,2017-02-28,68.9,15.69,1,1,84.59,1,1,5.0,1.0,7bc7dbe918ad4e7bd68abd2479727ad6,22620,rio de janeiro,RJ,21.563206018518517,40.03975694444444,0,84.59
7b4fb0197b18a0fd0e75f9e44b3fc757,7c495c9a1dbeeb7167642f15ae11bab8,delivered,2017-01-18 23:15:29,2017-01-18 23:30:12,2017-01-19 14:47:45,2017-01-30 09:33:41,2017-03-08,99.0,22.62,1,1,121.62,2,1,1.0,1.0,967ee07cb69460a7e1d42c7747142572,78600,barra do garcas,MT,11.429305555555555,48.030914351851855,0,121.62
facac214a771c262175219d6c5a3a439,d577d6f224cc6476bfea34715dcb4a12,delivered,2017-01-19 00:08:11,2017-01-19 00:15:43,2017-01-20 13:41:44,2017-01-30 14:41:21,2017-03-01,10.99,14.52,1,1,25.51,1,1,4.0,1.0,d4024fd404e29943c763f316e1383cb4,27323,barra mansa,RJ,11.60636574074074,40.99431712962963,0,25.509999999999998
b79559dba6909e4d8ac0ddf501a99f14,8875aea6f056699f247e669173862026,delivered,2017-01-19 08:57:04,2017-01-19 21:01:51,2017-01-20 10:18:48,2017-01-27 09:15:53,2017-02-27,25.98,18.68,2,1,44.66,1,1,4.0,1.0,6e53cd87d8ff264139a1afbd7f235c3b,3928,sao paulo,SP,8.01306712962963,38.627037037037034,0,44.66
f878206572adfa47110fed4947806589,1b68647cee091c5dcf4f7200ba5dd760,delivered,2017-01-19 09:59:49,2017-01-19 10:10:14,2017-01-20 11:03:56,2017-01-26 15:48:46,2017-03-13,149.99,32.65,1,1,182.64,3,1,5.0,1.0,9ebb078703bce2d1db28c206d2aae886,59151,parnamirim,RN,7.2423263888888885,52.58346064814815,0,182.64000000000001
4a571f5e71e16ce232386c80d485db65,a08c3f511f37158bd7e1964e6efafa2a,delivered,2017-01-19 10:17:29,2017-01-19 10:30:18,2017-01-23 11:19:07,2017-02-01 01:05:18,2017-03-03,35.0,14.72,1,1,49.72,1,1,4.0,1.0,04b0c01cb1debde1573403fb50c5d915,38036,uberaba,MG,12.616539351851852,42.57119212962963,0,49.72
984d046c833232079162e22c7ef8c15d,6cdb70bd1221c6913ebb68b580713161,delivered,2017-01-19 10:33:22,2017-01-19 10:41:43,2017-01-20 13:57:33,2017-01-26 13:05:06,2017-03-01,419.9,31.13,1,1,451.03,8,1,4.0,1.0,2734edbaf3ea5d3c5383fc431d10ca29,13417,piracicaba,SP,7.105370370370371,40.56016203703704,0,451.03
5d6e9993ecc20a59e637ce711858d081,47fd93db3f6e715f6d06f90ba501b94d,delivered,2017-01-19 11:26:57,2017-01-24 15:35:15,2017-03-13 09:16:51,2017-03-23 08:21:38,2017-02-27,29.5,14.52,1,1,44.02,1,1,1.0,1.0,da5bbfd583efb762f6fda762f1aaf4a9,87020,maringa,PR,62.87130787037037,38.52295138888889,1,44.019999999999996
e5ecfcbdbc07f8edf7ec0df1504a74a6,db329a00354d35ec9fdaaf8e11bd8033,delivered,2017-01-19 11:47:55,2017-01-19 13:30:21,2017-01-27 12:24:41,2017-02-06 13:43:56,2017-02-17,87.9,20.7,1,1,108.6,1,1,5.0,1.0,30ad1451a70a8da11a69dc6dcfe31256,91760,porto alegre,RS,18.080567129629628,28.508391203703702,0,108.60000000000001
77e102ecf08e057581ef2ce55c80c6c0,4cd81e890532dc8cf4ee9c2667629e43,delivered,2017-01-19 12:02:28,2017-01-19 12:21:38,2017-01-23 11:58:06,2017-01-26 11:12:14,2017-02-15,34.9,8.72,1,1,43.62,4,1,5.0,1.0,218cfff9dc92d8ada9f47343cb1c82b2,1140,sao paulo,SP,6.965115740740741,26.498287037037038,0,43.62
c1d4211b3dae76144deccd6c74144a88,684cb238dc5b5d6366244e0e0776b450,delivered,2017-01-19 12:48:08,,2017-01-25 14:56:50,2017-01-30 18:16:01,2017-03-01,39.99,14.52,1,1,54.51,1,1,4.0,1.0,6ff8b0d7b35d5c945633b8d60165691b,11030,santos,SP,11.22769675925926,40.466574074074074,0,54.510000000000005
bcb093f60b7e48f285bf92f681e65651,fc65613a333059225d516c273fbff1c0,delivered,2017-01-19 13:06:45,2017-01-21 03:10:24,2017-01-23 21:44:04,2017-01-26 13:33:59,2017-02-15,89.9,11.24,1,1,101.14,1,1,5.0,1.0,d2f38262a9f66d15aa9fc2b60ea873d9,3701,sao paulo,SP,7.018912037037037,26.453645833333333,0,101.14
10bce195e3966122a3dd0e2aa676f761,0280e2736a179aa87a59447236a797fa,delivered,2017-01-19 13:38:16,2017-01-20 13:45:08,2017-01-24 07:47:43,2017-01-27 10:42:38,2017-02-21,104.9,15.84,1,1,120.74,2,1,5.0,1.0,1c61833a5bbe555d71990cf46c3ccd2b,13313,itu,SP,7.8780324074074075,32.43175925925926,0,120.74000000000001
e04d9eacedc0dca9d83c14fcb0d7276c,d87b6988897b12def5709ca4f8142012,delivered,2017-01-19 14:04:48,2017-01-19 14:21:41,2017-01-20 14:18:23,2017-02-07 14:35:10,2017-02-27,84.9,11.2,1,1,96.1,1,1,5.0,1.0,6fd85726716a6e806049c1972b4e888e,13215,jundiai,SP,19.021087962962962,38.413333333333334,0,96.10000000000001
d6d7c431275f0029dcc3538850930046,5b477d525dd0c1eb93148e22ce5d3ba6,delivered,2017-01-19 14:28:48,2017-01-19 14:41:56,2017-01-24 10:05:23,2017-01-31 12:26:08,2017-03-13,145.0,16.71,1,1,161.71,1,1,4.0,1.0,3855608848a57e1e3c776ac5c336b813,28623,nova friburgo,RJ,11.914814814814815,52.39666666666667,0,161.71
e75011be2ec3dec23d2ed6757d35c792,7dec82bd3f93ed6107cb7bc7e2242618,delivered,2017-01-19 14:38:27,2017-01-19 14:50:07,2017-01-20 14:12:55,2017-01-23 12:38:48,2017-02-27,433.5,46.96,3,1,480.46,10,1,5.0,1.0,e30b83af13d6ff0b0f427b2a67c43b39,37704,pocos de caldas,MG,3.916909722222222,38.389965277777776,0,480.46
0675116b5556a78cf0413f70aa9f235e,9e2d9c6000d88cd4b51ab4dc2bc58ef9,delivered,2017-01-19 15:21:44,2017-01-19 15:30:17,2017-01-23 11:06:32,2017-01-26 16:52:29,2017-03-01,79.9,11.95,1,1,91.85,4,1,5.0,1.0,2d7a88002fb4c6073fbef4f59707a0e0,13504,rio claro,SP,7.063020833333334,40.359907407407405,0,91.85000000000001
6e4a67f3a94e46e6cc5af48093d14127,6f065c44abf2024a4cb9ee299921ed6a,delivered,2017-01-19 15:21:44,2017-01-19 15:30:15,2017-02-01 18:06:23,2017-02-01 18:06:23,2017-03-08,149.9,17.2,1,1,167.1,4,1,5.0,1.0,2d7a88002fb4c6073fbef4f59707a0e0,13504,rio claro,SP,13.114340277777778,47.359907407407405,0,167.1
67e2b3a30d665abe59b95f2d60676138,67c0b78998f16fcd722c1fcd70f51bd0,delivered,2017-01-19 15:37:26,2017-01-19 15:50:16,2017-02-10 09:11:27,2017-02-10 19:21:54,2017-03-01,128.8,16.11,1,1,144.91,1,1,5.0,1.0,ca40481c9c607bad6c15ed1ddf354012,35338,ubaporanga,MG,22.15587962962963,40.34900462962963,0,144.91000000000003
d62c14881563a74903e7d10f685406aa,67588b81dcadc1a20b20aac2ca3ed209,delivered,2017-01-19 16:02:47,2017-01-19 16:10:31,2017-01-20 13:02:19,2017-01-30 12:31:58,2017-03-13,62.9,24.93,1,1,87.83,6,1,4.0,1.0,aa6a5249d19627faaad6d0291a966104,66040,belem,PA,10.853599537037036,52.33140046296296,0,87.83
2e84d66424ec0ddb081078d1411fb1db,8d668ebf82d5e30bfd13822db8b51d59,delivered,2017-01-19 16:17:57,2017-01-20 02:05:28,2017-01-20 14:11:32,2017-01-27 16:07:50,2017-03-01,59.5,17.16,1,1,76.66,1,1,3.0,1.0,6390d97ae2f3c536d8a95344fd308a71,12236,sao jose dos campos,SP,7.992974537037037,40.32086805555556,0,76.66
90bf0d006edb962cf09943bf3e4ad217,60a63d5cfff369d6ca0d86ab8073c8d5,delivered,2017-01-19 17:17:28,2017-01-19 18:31:23,2017-01-23 10:23:56,2017-01-27 11:08:09,2017-03-03,49.0,16.05,1,1,65.05,1,1,5.0,1.0,325e19085f3017b73be3d9fd98a93301,32400,ibirite,MG,7.743530092592593,42.27953703703704,0,65.05
da0571dd2e59b32cca46279a02bfb40e,76a5a351fffbceba0b0767a5bba5cc6d,delivered,2017-01-19 19:02:48,2017-01-19 19:15:11,2017-01-20 14:12:27,2017-01-23 20:23:42,2017-02-27,59.5,13.0,1,1,72.5,1,1,5.0,1.0,f74f1d6a350eee4e9dc08bfcfc7fe590,35557,carmo do cajuru,MG,4.056180555555556,38.20638888888889,0,72.5
058afe6c6322b4773393a66003934493,5b894cf9a0b95ce53a6ce010fe000104,delivered,2017-01-19 19:35:35,2017-01-19 19:50:14,2017-01-20 15:45:45,2017-01-24 12:53:46,2017-02-15,229.9,15.39,1,1,245.29,4,1,4.0,1.0,d2e96fc998d538905a948410e26fee2c,2346,sao paulo,SP,4.720960648148148,26.183622685185185,0,245.29000000000002
6ff09113fd48861d786d40583b7f2aa3,9b29afbe5be6f07ceca7ecd44ae83a4f,delivered,2017-01-19 20:12:02,2017-01-21 20:10:14,2017-01-30 08:22:51,2017-02-06 09:15:59,2017-03-13,659.0,30.87,1,1,689.87,9,1,5.0,1.0,b8bdfc9a2e1db42608cef6cd5002e32b,55805,tracunhaem,PE,17.544409722222223,52.15831018518519,0,689.87
c870ef6a8e1d8eec841d79b42a6a20e4,5e2eb678bf7712ade6ed644acfd44f5e,delivered,2017-01-19 20:45:08,2017-01-21 03:10:43,2017-01-25 09:24:26,2017-01-30 19:47:59,2017-02-17,31.5,14.52,1,1,46.02,1,1,3.0,1.0,2f0a45d60154020f24cd2d0758e71028,4552,sao paulo,SP,10.9603125,28.135324074074074,0,46.019999999999996
0571cdb407bf04b419c94ffd7acbd874,2ec7666d1077597d4e4ff2116a319530,delivered,2017-01-19 21:24:05,2017-01-21 03:05:52,2017-01-23 11:41:56,2017-01-30 13:24:45,2017-03-03,6.9,15.65,1,1,22.55,1,1,1.0,1.0,f171039a67a78b3d57475168802da70a,72720,brasilia,DF,10.66712962962963,42.108275462962965,0,22.55
df537c849af44beef86a7ef7de12126a,e97a76910029690bc1f5b67376c38af5,delivered,2017-01-19 21:48:41,2017-01-19 22:01:56,2017-01-25 16:05:15,2017-01-30 11:41:52,2017-03-15,29.4,10.96,1,1,40.36,1,1,1.0,1.0,051bc94e9cd865806bba8eeefb336d0a,18285,cesario lange,SP,10.578599537037038,54.09119212962963,0,40.36
7002a78c79c519ac54022d4f8a65e6e8,d5de688c321096d15508faae67a27051,delivered,2017-01-19 22:26:59,,2017-01-27 11:08:05,2017-02-06 14:22:19,2017-03-16,45.9,14.52,1,1,60.42,1,1,2.0,1.0,d49f3dae6bad25d05160fc17aca5942d,36400,conselheiro lafaiete,MG,17.663425925925925,55.064594907407404,0,60.42
4ceb9336411700f9568db2ef11bda594,60582a6628af83a283474d8c94e3ff7a,delivered,2017-01-19 22:41:52,2017-01-19 22:55:17,2017-01-20 16:27:58,2017-01-26 13:57:59,2017-02-17,160.0,58.08,4,1,218.08,4,1,5.0,1.0,e106b0bf1efc2352bda60eaeced76675,33600,pedro leopoldo,MG,6.63619212962963,28.054259259259258,0,218.07999999999998
49268496ecf8148bd16540c2a23c6c70,ffaa23e5ad898d7e2b73cd716dcbc43a,delivered,2017-01-19 23:12:08,2017-01-19 23:25:11,2017-02-01 18:06:52,2017-02-01 18:06:52,2017-02-15,109.5,37.71,1,1,147.21,2,1,5.0,1.0,25f287951bd4fd3e2ab42be9b6ad356a,9725,sao bernardo do campo,SP,12.78800925925926,26.03324074074074,0,147.21
abfb34ed11820c7247adfb30fe5bb7ae,0d0f6b38e873757a949a9c3624b21a93,delivered,2017-01-20 00:25:39,2017-01-20 01:30:17,2017-01-23 10:02:29,2017-01-31 17:44:19,2017-03-16,349.9,21.15,1,1,371.05,4,1,5.0,1.0,5e0aa142dc4760e62a74c1830cbf91b1,29845,boa esperanca,ES,11.721296296296297,54.9821875,0,371.04999999999995
20960ecf3d6ac0b19f3818f15c8e3fc5,9f1a7f33083fc1cd8865c587eb71c3e5,delivered,2017-01-20 00:52:29,2017-01-20 01:05:08,2017-01-20 17:24:37,2017-01-24 14:07:51,2017-02-28,46.9,11.74,1,1,58.64,5,1,5.0,1.0,5d335fd42a9c034be9220578ccc41d51,3344,sao paulo,SP,4.552337962962963,38.963553240740744,0,58.64
de59016b99422f0bbd7e51a301bf2578,bee4e134573a69da08ec778c2ee62eeb,delivered,2017-01-20 01:59:05,2017-01-20 02:22:15,2017-01-20 11:36:02,2017-01-25 16:37:49,2017-02-28,37.99,14.12,1,1,52.11,5,1,5.0,1.0,8a7271f54378994867420e5157f34500,17690,bastos,SP,5.610231481481481,38.91730324074074,0,52.11
5a4cc097e0e591ab3f150524b83d81af,3e538d735070c509095ccbdb699f798d,delivered,2017-01-20 03:35:44,2017-01-20 03:50:12,2017-01-25 10:04:09,2017-01-31 10:12:18,2017-03-03,119.9,15.95,1,1,135.85,1,1,5.0,1.0,4f6e6ec3891fe96b3fbe50c587769eec,4849,sao paulo,SP,11.275393518518518,41.85018518518518,0,135.85
35444785eacb17aeda6810ebd8dd188e,7dfd921b8d5eeee59b1b012e6696a99f,delivered,2017-01-20 10:47:03,2017-01-20 10:55:13,2017-01-23 14:04:24,2017-01-30 14:46:05,2017-03-06,51.9,16.06,1,1,67.96,1,1,5.0,1.0,c45bca52946a193b21364ad877e60342,29304,cachoeiro de itapemirim,ES,10.16599537037037,44.55065972222222,0,67.96
72c6b41818d5e645f455986b59b7a964,3917cd13f3dd7d8b6124ce56f00e88ae,delivered,2017-01-20 10:58:23,2017-01-20 11:05:24,2017-01-25 16:12:01,2017-02-20 13:34:53,2017-02-23,115.9,19.09,1,1,134.99,5,1,5.0,1.0,b824f6981f2ee1c30533c4138572428c,25995,teresopolis,RJ,31.108680555555555,33.54278935185185,0,134.99
22aa0b4e8c7855fd8d534a7692579a36,9e1d60f744e20177e6c2b1062af5c97c,delivered,2017-01-20 11:12:25,2017-01-20 11:25:15,2017-01-20 14:18:57,2017-01-30 13:05:04,2017-03-02,713.6,37.45,2,1,751.05,10,1,3.0,1.0,47819e2fe2feece1eaa798f2c2398221,88339,balneario camboriu,SC,10.078229166666667,40.533043981481484,0,751.0500000000001
bb448c2c512a6883aa2a26cb57b6cf4a,ed0b5e13c101afa092296d346b2dbed4,delivered,2017-01-20 11:38:56,2017-01-20 11:50:17,2017-01-25 11:32:42,2017-01-27 13:16:00,2017-03-01,124.9,13.45,1,1,138.35,10,1,5.0,1.0,328eb9bf2f55abdcd28a7632138c5278,4103,sao paulo,SP,7.067407407407408,39.51462962962963,0,138.35
897702f9f3fe72f18863ffc09e7ddef3,d521a479946c5ddfa97cb9872da48e2d,delivered,2017-01-20 12:04:03,2017-01-20 12:15:23,2017-01-23 12:17:30,2017-01-30 14:23:39,2017-02-16,249.9,13.14,1,1,263.04,3,1,5.0,1.0,d2cb4fa134053a20c0a53ce0542ca0b4,13450,santa barbara d'oeste,SP,10.096944444444444,26.4971875,0,263.04
ed6878f64d1bb00f07e210dfaaf9e4d3,396e166b4e65309db46b7c9945c89a33,delivered,2017-01-20 13:32:34,2017-01-20 13:45:10,2017-01-20 14:34:29,2017-01-31 13:48:00,2017-03-10,54.9,20.83,1,1,75.73,2,1,5.0,1.0,1bc6a6effbe393f0be2f25e73d8ce50a,97960,sete de setembro,RS,11.010717592592593,48.435717592592596,0,75.72999999999999
36aa7a4fce4353a2a7f6d2aa9448900f,3cff79bc3cc73ae212fbc01eb269acfe,delivered,2017-01-20 14:27:46,2017-01-21 03:06:44,2017-01-23 09:01:45,2017-02-03 10:38:55,2017-03-06,19.99,16.05,1,1,36.04,1,1,5.0,1.0,32845d7f61934b59a9c3cce3fad4ba9d,25935,mage,RJ,13.841076388888888,44.39738425925926,0,36.04
6b686186d43eaa21c407ecf34ebb9ee6,be6d6b80ed0d80156defc8802d89eed2,delivered,2017-01-20 14:30:03,2017-01-21 14:50:18,2017-01-30 13:32:41,2017-02-03 13:34:36,2017-02-22,149.95,72.6,5,1,222.55,1,1,4.0,1.0,ea4970ec61c209a7e44aebbd2fb7f269,4521,sao paulo,SP,13.961493055555556,32.39579861111111,0,222.54999999999998
6789a1de9a37be580653e51fc6458776,d76512c766b6191a31760b27a3a671fd,delivered,2017-01-20 14:43:44,2017-01-20 14:55:10,2017-01-23 11:19:06,2017-02-17 13:28:01,2017-03-02,46.0,29.06,2,1,75.06,3,1,5.0,1.0,b4739233753be99a2078cb6588e97c56,35903,itabira,MG,27.94741898148148,40.386296296296294,0,75.06
f88aa9b677553d2e3f0e77b495066619,5511dd149c4585a6552aa75a1dd6ac8c,delivered,2017-01-20 14:56:31,2017-01-21 03:06:21,2017-01-30 10:31:58,2017-02-08 10:34:08,2017-03-02,45.89,14.52,1,1,60.41,1,1,4.0,1.0,acf91aaa6f337456d3c506a5a494552c,36420,ouro branco,MG,18.81778935185185,40.37741898148148,0,60.41
6219ece1f053a3ffa649340e87cd93d2,356e49e06716cab5d634234a371dba70,delivered,2017-01-20 15:08:05,2017-01-20 15:21:48,2017-01-23 10:17:42,2017-02-02 15:15:52,2017-03-08,349.99,20.69,1,1,370.68,3,1,5.0,1.0,8416fd034dbaeface8a52c0819d3dffa,74870,goiania,GO,13.005405092592593,46.36938657407408,0,370.68
b49998737b7359ebe1b64b0b7ffb20f6,d46d7edbddcff60db4428ed88fd33dfc,delivered,2017-01-20 16:27:25,2017-01-20 16:41:55,2017-01-23 11:06:31,2017-01-26 16:24:02,2017-03-01,22.3,14.52,1,1,36.82,3,1,4.0,1.0,9b115a88b163c830eea9e44080e81223,38500,monte carmelo,MG,5.997650462962963,39.314293981481484,0,36.82
7ef1da1730f64df72be4189c5ea58c66,ed672ba37544385256cd475cb61a468f,delivered,2017-01-20 16:32:37,2017-01-21 16:41:49,2017-01-24 11:43:54,2017-02-02 10:33:59,2017-03-02,49.0,14.52,1,1,63.52,6,1,5.0,1.0,06f118042228904ad8c1f2271e80a3e9,97700,santiago,RS,12.750949074074073,40.31068287037037,0,63.519999999999996
e4774d4c3b28de27487f1caa9de5a6f5,7820fb76c321c0ad6ffe4eb9fc1e5af6,delivered,2017-01-20 17:23:00,2017-01-24 03:35:24,2017-01-31 16:09:56,2017-02-10 16:34:57,2017-03-02,318.44,69.2,4,1,387.64,1,1,5.0,1.0,62e69a7b8e3d109af287f367e3b0f143,37701,pocos de caldas,MG,20.966631944444444,40.27569444444445,0,387.64
d469b51abffc6d74299c8a0a56db5314,40e7f92901dab91f3c1b9acbec7d05bf,delivered,2017-01-20 17:41:58,2017-01-26 20:21:56,2017-01-30 14:42:43,2017-02-07 15:46:11,2017-03-15,34.9,10.96,1,1,45.86,1,1,5.0,1.0,7465b59810cbcff4636277053dfd7bbb,13920,pedreira,SP,17.919594907407408,53.26252314814815,0,45.86
f5d54f3d6cc2c7125dc1de8888ce8975,7f18a55ab36bb9522b71a169132b049a,delivered,2017-01-20 19:18:03,2017-01-24 03:45:39,2017-01-24 15:02:13,2017-01-30 11:51:55,2017-02-28,105.99,15.85,1,1,121.84,1,1,5.0,1.0,c4a6d90ff659b1fc7a16bb0681f2afa7,17520,marilia,SP,9.690185185185186,38.19579861111111,0,121.83999999999999
db0b12b763f716df3f27218724161479,84670f973f394ff5609861af7d0157ae,delivered,2017-01-20 19:22:40,2017-01-20 19:31:22,2017-01-23 11:29:09,2017-01-25 17:17:57,2017-02-28,459.8,37.94,2,1,497.74,5,1,1.0,1.0,c133266c3fa2b7e61977e256dec074a0,82120,curitiba,PR,4.9133912037037035,38.19259259259259,0,497.74
0f475d7e08b52d8abf7e8c6141286c27,93794f99eb7b7e4cb838e17e2032377b,delivered,2017-01-20 19:23:11,2017-01-20 19:31:08,2017-01-23 09:33:17,2017-01-27 17:05:58,2017-03-02,10.3,14.52,1,1,24.82,1,1,4.0,1.0,054ffdea48c902c9ec66095e46b74c46,11050,santos,SP,6.904710648148148,40.19223379629629,0,24.82
8bef37e0a778afcdf32118f376beb9de,332ea0e2b2e87e9ed11f7aee42cf698f,delivered,2017-01-20 19:33:29,2017-01-20 19:45:13,2017-01-23 11:52:31,2017-01-30 14:09:01,2017-02-28,47.0,11.74,1,1,58.74,1,1,5.0,1.0,44e2da016dfb42c8d28e6ee043a812a2,6624,jandira,SP,9.774675925925926,38.18508101851852,0,58.74
6bc6b07e448bae52d248c4df401d6157,7ab83c4dcbf17bff5832baf041f71fab,delivered,2017-01-20 19:44:07,2017-01-20 19:55:19,2017-01-24 07:34:51,2017-01-26 15:53:46,2017-03-03,39.9,11.74,1,1,51.64,1,1,5.0,1.0,69aab61687fa416ef601af332bd0ff0d,12230,sao jose dos campos,SP,5.840034722222223,41.17769675925926,0,51.64
bab0a62e41a5f0abc7f04989cdd7a6fd,91fd5aa21b364a805141f532a7bfab2d,delivered,2017-01-20 20:33:49,2017-01-20 21:02:21,2017-01-26 10:32:23,2017-02-07 16:31:32,2017-03-14,195.99,25.86,1,1,221.85,2,1,5.0,1.0,dcb44a6d9e33bca1bd008f7faaf3cd68,64049,teresina,PI,17.831747685185185,52.14318287037037,0,221.85000000000002
4baa3882a6f5d47e5ac98cd10c942c4f,fb0fe3df796fc48ccdd629d12095b108,delivered,2017-01-20 21:20:07,2017-01-24 03:36:28,2017-01-24 10:24:36,2017-01-28 11:34:03,2017-02-28,199.8,31.62,2,1,231.42,1,1,5.0,1.0,dd9e24aaf192ccb06c02cc76f40accb4,6660,itapevi,SP,7.593009259259259,38.11103009259259,0,231.42000000000002
66f1a7baf73c12eb3af95058da54b6f8,ffe51ba924ffabbb6e1ec2c92e582851,delivered,2017-01-20 22:11:31,2017-01-20 22:21:59,2017-01-24 12:09:03,2017-01-28 06:41:37,2017-03-02,34.9,14.11,1,1,49.01,4,1,5.0,1.0,7b5e2c3263123b70cb9961f8aa7f0388,5527,sao paulo,SP,7.354236111111111,40.07533564814815,0,49.01
032bc75236a1cbaf410bb596a509e774,a0ba6852184c70cbee04bed3909bf011,delivered,2017-01-20 22:18:06,2017-01-20 22:25:17,2017-01-23 09:03:46,2017-01-30 18:35:00,2017-02-16,39.9,11.74,1,1,51.64,1,1,4.0,1.0,2c92b3c621adddeae929cb98870dd6d2,19911,ourinhos,SP,9.845069444444444,26.070763888888887,0,51.64
e09dd765041e9934d762d51ccb26adee,915b040fe51ec246edf9bd062ee7da8b,delivered,2017-01-21 06:58:31,2017-01-21 07:10:09,2017-01-24 09:36:22,2017-01-30 13:57:45,2017-03-21,59.400000000000006,50.019999999999996,6,1,109.4,1,1,1.0,1.0,a5d3bfee5b23b430b95c4ae295e1028a,13844,mogi-guacu,SP,9.291134259259259,58.70936342592593,0,109.42
0f3827e8b786c3d934c0863c1690603d,3b00ef5e72ddc9ea0209d45514deddec,delivered,2017-01-21 08:50:04,2017-01-21 09:05:14,2017-01-23 11:06:28,2017-02-02 16:12:11,2017-02-22,99.9,17.44,1,1,117.34,1,1,4.0,1.0,c0ffced3ebdad307fbf1bff6b9f65bca,27211,volta redonda,RJ,12.307025462962963,31.63189814814815,0,117.34
9758e655b4d2fca01c69a4dde9d4fb5b,7bebaaaa1a33db48ca58e50d6af76be1,delivered,2017-01-21 09:44:46,2017-01-22 09:55:06,2017-01-26 14:05:25,2017-01-30 10:39:16,2017-03-14,119.99,14.61,1,1,134.6,6,1,4.0,1.0,c179057f564af5f24ea3d13b24616f19,11444,guaruja,SP,9.037847222222222,51.593912037037036,0,134.6
ec63c198f700051fb0a74c40a757af0e,a1ebf55f38ab9ffa56b94b524a291c6f,delivered,2017-01-21 14:00:52,2017-01-21 14:10:17,2017-01-23 15:04:00,2017-01-31 14:56:08,2017-03-02,19.0,14.52,1,1,33.52,1,1,1.0,1.0,b69dceda4140ec6092310b44df4c3962,25870,comendador levy gasparian,RJ,10.03837962962963,39.41606481481482,0,33.519999999999996
81251f18621a822ad5b09593dfee4fc9,ae4dce7235e0aac52e4b82c54f7b18de,delivered,2017-01-21 14:17:21,2017-01-21 14:30:16,2017-01-25 16:51:53,2017-01-27 11:34:09,2017-03-16,11.5,10.96,1,1,22.46,2,1,5.0,1.0,f992b70fb02cdfadc277f493997515b7,13660,porto ferreira,SP,5.886666666666667,53.40461805555555,0,22.46
e9df4254faf2fe70bfbff4c0abe4fb7c,3d1d66accf98c118e170e779aab66b67,delivered,2017-01-21 14:22:49,2017-01-24 03:45:13,2017-01-27 08:58:51,2017-02-07 11:28:05,2017-02-20,31.5,14.52,1,1,46.02,1,1,4.0,1.0,3564c4748fd6c1097ba1a7e7c6fa5ff1,89825,xaxim,SC,16.878657407407406,29.40082175925926,0,46.019999999999996
c13f61a17915a48e0741b02a6b7a3fe8,867ac9a8fc8fc9611ab69114e719457a,delivered,2017-01-21 15:01:29,2017-01-26 20:05:09,2017-01-27 15:23:18,2017-02-02 12:22:00,2017-02-21,59.9,13.0,1,1,72.9,1,1,1.0,1.0,5d2c057bbb50353737f8eb80d08e82f2,6653,itapevi,SP,11.889247685185186,30.373969907407407,0,72.9
230c830e0ace11bcabaf63deebbee836,94ae739e955e77518c3ca587d09accf0,delivered,2017-01-21 15:41:06,2017-01-21 15:50:21,2017-02-03 09:36:51,2017-02-09 08:25:46,2017-03-06,28.9,16.05,1,1,44.95,1,1,3.0,1.0,0362cd11581b91270ed0b9a1028b34e5,95900,lajeado,RS,18.697685185185186,43.34645833333333,0,44.95
250d181fa1c603024562b93a8f8d5fe0,7c29c309c685f2f7388ad10624008acd,delivered,2017-01-21 16:30:43,2017-01-21 16:41:50,2017-01-26 10:41:52,2017-01-31 19:42:09,2017-02-28,279.98,23.74,2,1,303.72,4,1,5.0,1.0,63299f459ddbe79050c7094da3f69b8f,17380,brotas,SP,10.132939814814815,37.31200231481481,0,303.72
bd2623f3663c5daa3f89e6b527fd49da,b7b15ab12fa50616eee696a22f098e07,delivered,2017-01-21 17:08:01,2017-01-21 17:22:49,2017-01-24 07:47:47,2017-01-27 18:12:13,2017-03-02,29.9,10.96,1,1,40.86,4,1,5.0,1.0,c42ba47d1df4847a1fae69d1407c83d9,15130,mirassol,SP,6.044583333333334,39.28609953703704,0,40.86
8b6d201fff0b1b32e59f7cbdc6beaf54,e727991c9f9c297620b5d8e6ff320f2e,delivered,2017-01-21 17:17:20,2017-01-21 17:30:10,2017-01-31 16:09:56,2017-02-06 11:00:25,2017-03-21,398.05,50.0,5,1,448.05,1,1,5.0,1.0,0379a6f96d9befaf749609ba52b17783,39401,montes claros,MG,15.738252314814815,58.27962962962963,0,448.05
6c273b11e7a7b4b410ea29fac9769fac,9a4973b677cf78fb287918da79e7177a,delivered,2017-01-21 17:33:30,2017-01-21 17:45:19,2017-01-25 15:37:35,2017-01-30 12:22:46,2017-02-28,15.8,10.96,1,1,26.76,2,1,3.0,1.0,a59fce8e4ef38a56245316ca247b9bc0,13179,sumare,SP,8.784212962962963,37.26840277777778,0,26.76
2a3d67c0d2045bf67abb3d8f320ac29f,596201f6091e62ac70da64aad9d0ba58,delivered,2017-01-21 18:17:14,2017-01-21 18:30:10,2017-01-23 14:32:55,2017-01-30 16:12:18,2017-02-28,66.9,26.94,1,1,93.84,6,1,5.0,2.0,f801278dc42ce9d4773cb91ad0e21ab8,76200,ipora,GO,8.91324074074074,37.23803240740741,0,93.84
de05dd73ee1b5a964eaa56f814c49851,a5f97dadc879a0cba20bf9650b1bd888,delivered,2017-01-21 18:17:15,2017-01-21 18:30:09,2017-01-23 18:14:17,2017-01-26 15:18:51,2017-03-08,19.9,16.05,1,1,35.95,3,1,5.0,1.0,f801278dc42ce9d4773cb91ad0e21ab8,76200,ipora,GO,4.876111111111111,45.23802083333333,0,35.95
956f15dfe9a7f2414a02c445fdbb865a,007b7f04a35e02745c23ea706492ca20,delivered,2017-01-21 18:37:21,2017-01-21 18:45:09,2017-01-24 07:21:16,2017-02-02 13:54:06,2017-03-17,59.9,17.16,1,1,77.06,1,1,4.0,1.0,46dd28b3f7e33b789acf42d3093b7773,35950,alvinopolis,MG,11.803298611111112,54.2240625,0,77.06
e660da13091dbe48784500c1c3e2fb75,5c495510e9f861b83aa5fb7c308e8d76,delivered,2017-01-21 19:46:22,2017-01-21 20:01:49,2017-01-25 16:12:01,2017-02-13 15:54:10,2017-03-07,219.9,36.16,1,1,256.06,4,1,2.0,1.0,28989ef45087c96e5a4346e88216c2ba,69912,rio branco,AC,22.83875,44.17613425925926,0,256.06
c3ad507aba1f6b47354085e7e6bed0cf,5156283c24fef4abea13a6a6f4469a98,delivered,2017-01-21 19:46:23,2017-01-21 20:01:50,2017-01-25 05:58:53,2017-02-09 15:44:10,2017-03-15,369.70000000000005,97.38,3,1,467.09,4,1,2.0,1.0,28989ef45087c96e5a4346e88216c2ba,69912,rio branco,AC,18.831793981481482,52.176122685185184,0,467.08000000000004
ab0c90a5da04e0132ea07c113bedec0d,f55bb246eecd1cab4ca24d89b196488b,delivered,2017-01-21 20:53:06,2017-01-21 21:05:16,2017-01-25 09:41:52,2017-02-09 09:53:47,2017-03-21,50.9,26.62,1,1,77.52,3,1,4.0,1.0,40f4b191d404a10a6039af0b26dd62c7,65393,buriticupu,MA,18.542141203703704,58.12979166666667,0,77.52
9786c52ca3e1ed1ef3ba5c65941627f0,3b02662e1fc027ed85be9b59f038d63b,delivered,2017-01-21 21:12:13,2017-01-22 21:31:32,2017-01-26 11:09:47,2017-02-09 14:34:38,2017-03-21,119.9,50.0,1,1,169.9,10,1,5.0,1.0,753b0bdcb8024540f111c24f2be614c1,54768,camaragibe,PE,18.723900462962963,58.1165162037037,0,169.9
717d28ee12c7c0ef8b384ff1b62b33c7,f6a6ff9806cd24a90d1b1f7463df9d52,delivered,2017-01-21 21:20:06,2017-01-22 06:50:29,2017-01-30 07:54:59,2017-02-06 09:28:59,2017-03-02,65.9,18.74,1,1,84.64,1,1,3.0,1.0,f80f8939945e7124d3aa21129986b932,22790,rio de janeiro,RJ,15.506168981481482,39.111041666666665,0,84.64
91d1bf2b7745903cb0d17162d1bbd750,064064dd94c43013786fc1e1a14d6374,delivered,2017-01-21 21:58:35,2017-01-21 22:10:13,2017-01-23 14:48:48,2017-02-01 21:57:36,2017-03-06,59.99,16.12,1,1,76.11,1,1,4.0,1.0,00115fc7123b5310cf6d3a3aa932699e,71015,brasilia,DF,10.99931712962963,43.08431712962963,0,76.11
73558fe683b9ce228381cf2ca678d322,7f5f6d402a23a76d2efc737bbd3d7d1e,delivered,2017-01-21 22:41:08,2017-01-21 22:50:18,2017-01-23 11:54:09,2017-02-09 12:08:54,2017-03-16,126.9,32.21,1,1,159.11,1,1,5.0,1.0,01838e7d69d87bd8ff2b6ff06789adfb,66620,belem,PA,18.560949074074074,53.05476851851852,0,159.11
5d5b8c94e2bc6b963da5af8a4b02bf08,b3860286d6f0e27b14e0760ce77b11da,delivered,2017-01-22 10:08:18,2017-01-24 03:36:05,2017-01-24 13:06:20,2017-02-08 04:57:44,2017-03-08,59.5,21.05,1,1,80.55,1,1,5.0,1.0,81e5894ccebaddd81c3199b57bb52e8f,89150,presidente getulio,SC,16.784328703703704,44.57756944444444,0,80.55
4d1f73fde643f7a1d08d400816850265,f796cc9e19019673220efa160fe7e610,delivered,2017-01-22 11:08:52,2017-01-22 11:15:20,2017-01-26 11:37:37,2017-02-07 15:32:26,2017-03-06,86.25,15.9,1,1,102.15,10,1,1.0,1.0,a357e6da35420f660db00199a9062bb6,71928,brasilia,DF,16.183032407407406,42.53550925925926,0,102.15
c870c1f3a9ba62194d1060c0accb18dd,1ad07b0c4441e0b5550631b23fc22312,delivered,2017-01-22 11:15:23,2017-01-22 11:30:16,2017-01-26 16:27:29,2017-01-31 19:43:50,2017-03-02,45.0,11.03,1,1,56.03,1,1,4.0,1.0,4935a78ccb4610047befc89c31602c36,13087,campinas,SP,9.353090277777778,38.5309837962963,0,56.03
64410a4fbf4904d3f9445bf58e9491b5,8f1d0358a348695533891708836a34d7,delivered,2017-01-22 12:21:50,2017-01-22 12:35:24,2017-01-26 16:42:21,2017-02-02 16:09:42,2017-03-02,45.0,11.03,1,1,56.03,1,1,5.0,1.0,0b71af0a1a119b2db8a6c0200b552ebf,13460,nova odessa,SP,11.158240740740741,38.48483796296296,0,56.03
7ab9c55c59eaeea579d047e2d8aaed81,feca0f935fcce79dd42d409d96af9645,delivered,2017-01-22 13:04:20,2017-01-25 02:55:21,2017-01-26 16:41:28,2017-02-01 00:52:30,2017-03-16,11.5,10.96,1,1,22.46,1,1,5.0,1.0,4182d20f129b3679e6808317f1e95567,13059,campinas,SP,9.491782407407408,52.45532407407408,0,22.46
0c1f5fca68708d9a22f8a9fe30b5c588,cd47d198f0840df01cf63596c6f4c429,delivered,2017-01-22 13:14:39,2017-01-22 13:25:17,2017-01-24 11:23:15,2017-01-30 17:05:00,2017-02-28,113.0,20.09,1,1,133.09,1,1,5.0,1.0,a4b1243a3712eefc2d8ae5d053a1d298,85802,cascavel,PR,8.159965277777777,36.44815972222222,0,133.09
db4d2ecc1c1a157d6250c84dd86eb838,99ebcd13bb5b88f4acd805f7890567ad,delivered,2017-01-22 13:27:07,2017-01-22 13:35:16,2017-01-23 10:20:33,2017-01-27 10:24:53,2017-02-20,184.99,15.05,1,1,200.04,1,1,5.0,1.0,0306e708bc20c7e3517227bbffbe5959,30220,belo horizonte,MG,4.873449074074074,28.439502314814813,0,200.04000000000002
e38f9946fb20db4a597eed7547c59afc,936142b381374fdae2041552d1743af7,delivered,2017-01-22 13:49:37,2017-01-24 03:45:45,2017-01-26 14:58:03,2017-01-30 10:44:58,2017-02-20,49.9,14.52,1,1,64.42,1,1,3.0,1.0,bc2387c48428a2e128eaa3d5b18b3591,25750,petropolis,RJ,7.871770833333334,28.423877314814813,0,64.42
bb2dfe6031f35f7abc9a3c7dad5e4467,01e0d4fb731e6ee47df3f3f179cc0a0b,delivered,2017-01-22 14:09:03,2017-01-22 14:30:43,2017-01-23 11:21:46,2017-01-30 12:37:55,2017-02-16,636.0,15.84,1,1,651.84,8,1,3.0,1.0,9a47f3ac5c51599a24bb848c16ece5f4,5633,sao paulo,SP,7.936712962962963,24.410381944444445,0,651.84
c0c48daac5ca760ce57d4e500886dc56,eb6c184537730dfd01497567b6dd15da,delivered,2017-01-22 14:13:58,2017-01-22 14:30:42,2017-01-23 12:02:29,2017-01-27 12:34:38,2017-02-28,29.99,10.96,1,1,40.95,4,1,4.0,1.0,9e706ee24d932f790f22a7ffa70989c4,13201,jundiai,SP,4.931018518518519,36.40696759259259,0,40.95
7853cfd26dee49109295b3e604567180,45cdfac600e3e044e7d986b3639ac8f3,delivered,2017-01-22 15:41:21,2017-01-24 03:45:43,2017-01-24 08:28:01,2017-02-03 14:22:55,2017-03-02,104.99,20.81,1,1,125.8,1,1,5.0,1.0,4a1827d2f38e2c00736326bfb9f68ee8,13563,sao carlos,SP,11.945532407407407,38.34628472222222,0,125.8
319ccdc182a8c5d60b228310a6432460,f9e8bac3b69529d543bf179ce64ca6d7,delivered,2017-01-22 16:03:50,2017-01-22 16:15:20,2017-01-26 12:06:47,2017-02-01 12:32:27,2017-02-20,689.89,20.04,1,1,709.93,10,1,5.0,1.0,d6779a4b34d196a59ad0d562c5333dfb,3582,sao paulo,SP,9.853206018518518,28.330671296296295,0,709.93
f3c95cc4d7074e5b709ac1a9c10dea1c,e05df6dee2d1b0a7782f771120b9e826,delivered,2017-01-22 16:10:09,2017-01-23 20:55:19,2017-01-26 05:47:32,2017-01-30 15:06:11,2017-02-16,14.5,10.96,1,1,25.46,2,1,3.0,1.0,9526faf43eb079ae6eb94cd2fd8982c6,7953,francisco morato,SP,7.955578703703703,24.326284722222223,0,25.46
2457f30493cdc677ad02b57dd6d17285,15e004d388d75132c9f43433c4073f2a,delivered,2017-01-22 17:02:03,2017-01-22 17:10:17,2017-01-23 10:20:32,2017-01-30 19:12:42,2017-02-20,184.99,15.46,1,1,200.45,2,1,4.0,1.0,4c7c157b7ca1593ff4b83309db3a3255,36415,congonhas,MG,8.090729166666666,28.290243055555557,0,200.45000000000002
48ae7afdc684e9aff52a26bb84bce016,03376f61962efe4dccecd7ce47dcb511,delivered,2017-01-22 17:11:39,2017-01-23 17:21:45,2017-01-26 14:36:00,2017-01-30 17:34:38,2017-03-02,44.99,15.56,1,1,60.55,5,1,3.0,1.0,e2a9ce5993c4e7bd7929e889da70a919,25060,duque de caxias,RJ,8.015960648148148,38.28357638888889,0,60.550000000000004
b9b51e569a2e79970555eb81107eb369,00f3b3a7cd0b6566435090c7fbda03a2,delivered,2017-01-22 17:27:57,2017-01-22 18:31:03,2017-01-23 11:57:55,2017-01-30 13:24:40,2017-03-02,42.99,14.52,1,1,57.51,1,1,5.0,1.0,c2b845a86c16b519c0c1d9598576f276,37940,alpinopolis,MG,7.831053240740741,38.27225694444444,0,57.510000000000005
882c1e2076610adab15e5a68430d2180,97574aee35383afe8577dacb0e15a551,delivered,2017-01-22 17:43:23,2017-01-22 17:55:18,2017-01-24 11:43:54,2017-01-28 06:06:19,2017-03-06,238.0,38.84,2,1,276.84,2,1,5.0,1.0,54ac170f384b3ca08d8ea2aa6389c483,26020,nova iguacu,RJ,5.515925925925926,42.26153935185185,0,276.84000000000003
6cf5d7a6b6eb9cad292da0b65d6c010e,964dff9f3a81c5f1815798c10f503aba,delivered,2017-01-22 17:43:58,2017-01-22 17:55:17,2017-01-23 11:52:29,2017-02-06 14:37:13,2017-03-14,47.0,26.61,1,1,73.61,7,1,3.0,1.0,98c385e058b15aae533e5e2c6181ca9f,60743,fortaleza,CE,14.8703125,50.26113425925926,0,73.61
330a8410950e2c8bd89631999a37b2c9,d372561ad1022927871150461a0a85ca,delivered,2017-01-22 18:02:48,2017-01-22 18:11:20,2017-01-23 16:19:47,2017-02-10 09:32:54,2017-02-23,129.9,17.65,1,1,147.55,12,1,5.0,1.0,ea74738436e9be0cc383049234b5ad51,22780,rio de janeiro,RJ,18.645902777777778,31.248055555555556,0,147.55
c504b1d68ad8d98a627dadca7ca53673,32734d8ce19dd70c65a8aa63c4e080e9,delivered,2017-01-22 18:30:51,2017-01-25 02:45:17,2017-01-27 14:21:28,2017-02-01 11:47:31,2017-03-02,23.9,14.52,1,1,38.42,1,1,4.0,1.0,a5e42bf4c43302b886ff16d4007fd695,37505,itajuba,MG,9.719907407407407,38.22857638888889,0,38.42
32339685fefe9062d33175a4bc12d555,b5ea05c72a89dbe101d94083e18df207,delivered,2017-01-22 20:25:54,2017-01-22 20:35:09,2017-01-24 16:16:14,2017-01-28 04:04:57,2017-02-28,32.9,10.96,1,1,43.86,1,1,5.0,1.0,3e93369535d8f45643c5e1dc4467924d,4075,sao paulo,SP,5.318784722222222,36.14868055555556,0,43.86
3be9883ba4ef261dc194228abc739d0c,34d9abbd51f86b7faec4fb8bd8a630d5,delivered,2017-01-22 20:54:11,2017-01-23 21:02:12,2017-01-27 14:21:25,2017-02-03 15:52:34,2017-03-02,26.8,14.52,1,1,41.32,1,1,5.0,1.0,a48ce24144099b583b6150e0f69712d4,24465,sao goncalo,RJ,11.790543981481482,38.12903935185185,0,41.32
0927a4ea2d6af04c6e8a1aecd4f9951d,c8c62d4767ce11a1611db2fbd5af9a0e,delivered,2017-01-22 21:25:01,2017-01-22 21:35:42,2017-01-26 05:51:33,2017-01-28 10:58:56,2017-02-28,129.99,16.02,1,1,146.01,2,1,3.0,1.0,8ea3ac9d23c41e3e9402a59465e534c5,9710,sao bernardo do campo,SP,5.565219907407408,36.10762731481481,0,146.01000000000002
cee2ddf4087d91aaf4874fc1436f9901,23adca7b92ea9f7c40e60be117e47c6b,delivered,2017-01-22 21:42:56,2017-01-22 22:20:11,2017-01-24 15:44:02,2017-02-03 13:25:09,2017-02-22,149.0,21.36,1,1,170.36,5,1,5.0,1.0,dfc02cf6b5c4222c8d5408ad15acb02f,79072,campo grande,MS,11.65431712962963,30.095185185185183,0,170.36
632ba34265b5449d1f742d24cacf1208,c4eeb750bb290eee0933aa9f859721e9,delivered,2017-01-22 21:50:07,2017-01-22 22:21:55,2017-01-23 15:26:11,2017-02-02 12:34:13,2017-03-08,209.70000000000002,57.57000000000001,3,1,267.27,8,1,5.0,1.0,6ae1442f1cd67099c402c6140b58a918,95890,teutonia,RS,10.613958333333333,44.09019675925926,0,267.27000000000004
ed5c53daefe487fab95ccd2afaf61bb0,b91251b81f7e08e8120571f2f4f88e0f,delivered,2017-01-22 21:56:13,2017-01-22 22:05:16,2017-01-23 16:19:47,2017-01-26 14:23:47,2017-02-20,64.9,11.84,1,1,76.74,6,1,1.0,1.0,4d7928aea9cfe594babf073057ad3779,6604,jandira,SP,3.685810185185185,28.08596064814815,0,76.74000000000001
43a5d40681ed4ffe2ed88d6fb2639545,08958a40dbb52a0eb07d38b5e9ba3e51,delivered,2017-01-22 22:15:00,2017-01-22 22:25:13,2017-01-23 16:19:48,2017-02-03 10:11:51,2017-02-21,69.9,11.88,1,1,81.78,3,1,4.0,1.0,03d8e50ab83b5e43e11d51bbadb8b0bd,13221,varzea paulista,SP,11.4978125,29.072916666666668,0,81.78
63f4ff5d2266b242ba0ce7c3ad390029,8830eaba57f7db8ff493f4e2c3da5df2,delivered,2017-01-22 22:54:32,2017-01-22 23:05:12,2017-01-23 17:53:33,2017-01-28 10:04:43,2017-02-16,40.0,10.96,1,1,50.96,3,1,4.0,1.0,a79d550defbe2232aefb4a509c61df55,13455,santa barbara d'oeste,SP,5.465405092592593,24.04546296296296,0,50.96
07d13d352c85dfbfa60dc56dea818335,b3588b0dfd394759bb0048856f365c95,delivered,2017-01-22 23:07:15,2017-01-24 03:50:36,2017-01-27 14:21:25,2017-02-01 21:23:21,2017-02-28,23.9,8.72,1,1,32.62,1,1,1.0,1.0,baf8a55609217194b2feb8adacdcc144,3342,sao paulo,SP,9.927847222222223,36.036631944444444,0,32.62
37d24e9a88068283d102aebd4f765133,548d14db00395dec9825ea9673c7e672,delivered,2017-01-22 23:08:14,2017-01-22 23:21:47,2017-01-23 15:35:44,2017-01-26 13:51:54,2017-02-20,89.9,17.37,1,1,107.27,5,1,5.0,1.0,bb78901615bf2df3f75b52cd41813869,3134,sao paulo,SP,3.6136574074074073,28.035949074074075,0,107.27000000000001
eb17935134e6fdd210b40a3d4f8235b2,e715f0071c14494e92c198554a08bb2d,delivered,2017-01-23 00:55:47,2017-01-23 01:21:51,2017-01-24 14:41:52,2017-02-04 08:27:34,2017-02-22,347.7,36.12,2,1,383.82,10,1,5.0,1.0,1ba713c8258f756279a049018ce01177,21050,rio de janeiro,RJ,12.313738425925926,29.961261574074076,0,383.82
e9beb67cf376905f8cd308ef0f02071d,9465670791e0f1a1ba60680fa2677f3b,delivered,2017-01-23 01:22:51,2017-01-23 01:35:13,2017-01-24 12:18:59,2017-01-27 08:53:44,2017-03-06,20.9,14.52,1,1,35.42,3,1,5.0,1.0,b8d76f06a0601ac8fe3fa52e6fe8742a,11462,guaruja,SP,4.313113425925926,41.94246527777778,0,35.42
fcafab7fc942d51e9f45bfeeb5bb684d,553ee9fd74f79d17eb36a817a4873ca5,delivered,2017-01-23 02:38:46,2017-01-23 03:20:05,2017-01-23 12:02:28,2017-03-04 07:23:50,2017-03-02,44.99,15.11,1,1,60.1,6,1,1.0,1.0,48a5985f8d97849159f7675e5f05ed75,81925,curitiba,PR,40.19796296296296,37.88974537037037,1,60.1
616f1f539d7add607844e0199fed7ea6,4a3ceccbd2b8304e6aa7c986c1a4f755,delivered,2017-01-23 07:03:04,2017-01-23 07:30:51,2017-01-27 06:06:07,2017-01-31 11:12:50,2017-02-17,43.98,17.44,2,1,61.42,1,1,4.0,1.0,746db413bf377af701e6dabdfb3509f5,5409,sao paulo,SP,8.173449074074075,24.706203703703704,0,61.42
1460b7b8fd63551dc68bfdffdc31edec,d2dc6bcab2d5200c7df05b609db1b1d8,delivered,2017-01-23 07:23:50,2017-01-23 07:35:11,2017-01-24 08:37:50,2017-02-02 09:17:45,2017-03-06,87.99,15.92,1,1,103.91,4,1,5.0,1.0,9394f9f2e04e9d3316d930eb8f49f7cd,3309,sao paulo,SP,10.079108796296296,41.69178240740741,0,103.91
a2c7b8f8a4fe1bc4a8f4e30a5311861d,519fe7375966b917ba9d1f8b7a8784eb,delivered,2017-01-23 07:33:11,2017-01-25 02:42:30,2017-01-27 13:55:40,2017-02-07 17:22:15,2017-03-02,59.9,14.59,1,1,74.49,1,1,5.0,1.0,aaa1c67c77562ad0d99806a54088fc9e,12460,campos do jordao,SP,15.409074074074073,37.68528935185185,0,74.49
46081612169925ef8882b3bbf1c5011d,75ed40e82dfc05de3c82d79a73f4b48e,delivered,2017-01-23 08:35:27,2017-01-23 08:50:09,2017-01-23 13:45:25,2017-01-27 14:27:51,2017-02-28,124.80000000000001,22.130000000000003,2,1,146.93,2,1,4.0,1.0,9eb6958dbab7b4136d22e411cfa8ff03,35160,ipatinga,MG,4.244722222222222,35.642048611111115,0,146.93
4269e9f98b1e74f0732bc93de6aaca6f,a9eb0a1529c5219cec4f13899a5a58b3,delivered,2017-01-23 10:21:21,2017-01-23 10:30:10,2017-01-24 09:53:37,2017-01-30 13:32:34,2017-03-06,310.9,20.31,1,1,331.21,8,1,5.0,1.0,9cdfe712401ae2a44d3056afbc2b77a8,4851,sao paulo,SP,7.1327893518518515,41.568506944444444,0,331.21
494c2e94dcd29167f5fe359a45aa879d,6dd39ae1549359ab24a5110b54452360,delivered,2017-01-23 11:43:58,2017-01-23 11:55:22,2017-01-25 12:18:26,2017-02-01 13:22:01,2017-03-06,203.37,33.72,1,1,237.09,3,1,5.0,1.0,c237c66fa20c6bb05c90ac56fdd95173,20271,rio de janeiro,RJ,9.068090277777777,41.51113425925926,0,237.09
ea5f30a182b04fd1296273605983b9a4,7f6a345ff92095fba2660f11ec6574e4,delivered,2017-01-23 11:56:23,2017-01-23 13:55:10,2017-01-27 14:21:25,2017-02-02 10:57:48,2017-03-02,47.8,29.04,2,1,76.84,1,1,1.0,1.0,fdb86bf15a984dc8b14912e4ddc78f79,87200,cianorte,PR,9.95931712962963,37.50251157407408,0,76.84
51ceba3ba51d4b4543e7f78e181e0ba9,e7659c6f9fc78ba546ee2b0615258589,delivered,2017-01-23 13:31:26,2017-01-23 13:45:18,2017-01-24 10:57:50,2017-01-30 15:12:57,2017-02-28,49.5,54.800000000000004,5,1,104.3,1,1,1.0,1.0,a5d3bfee5b23b430b95c4ae295e1028a,13844,mogi-guacu,SP,7.0704976851851855,35.43650462962963,0,104.30000000000001
0a2d541ba7c40984543d72b5eb0abcba,72cb2f7e00c6b47c25afdd7ea20ea3f2,delivered,2017-01-23 13:40:55,2017-01-25 02:50:37,2017-01-26 11:26:08,2017-01-30 08:42:04,2017-02-28,37.99,11.73,1,1,49.72,1,1,5.0,1.0,cb4241101b3bfb3ecee4b2810bf9a4c2,1418,sao paulo,SP,6.792465277777778,35.42991898148148,0,49.72
72c1d87887d0b9a3965557013e74f543,4161d3785c2c4c6517a57143ecb0c466,delivered,2017-01-23 13:55:30,2017-01-23 14:05:22,2017-01-23 14:11:03,2017-02-07 13:12:39,2017-03-03,109.99,29.7,1,1,139.69,2,1,5.0,1.0,71683fbf22478b08ea6f36050eb0994d,64006,teresina,PI,14.970243055555555,38.41979166666667,0,139.69
ceb2344189044ab3b6fa590520a71881,c017996652c06e2cdda218e87125e17a,delivered,2017-01-23 13:57:21,2017-01-24 09:22:35,2017-01-26 11:49:52,2017-02-13 09:48:48,2017-02-20,135.9,16.16,1,1,152.06,6,1,3.0,1.0,b85aeee30d059f6d59decd7ea19c12da,11065,santos,SP,20.827395833333334,27.418506944444445,0,152.06
d34e369fbc5cb753012079961b615121,c651c585480832aaefbec136aebe2afd,delivered,2017-01-23 14:58:00,2017-01-24 03:50:56,2017-01-24 13:10:27,2017-02-03 09:32:10,2017-03-02,24.9,14.52,1,1,39.42,1,1,4.0,1.0,9476d63d5d33e182ed23f661fda9214b,28570,itaocara,RJ,10.773726851851851,37.37638888888889,0,39.42
1cb796218c383fc54a6a4541420201d8,42bc73dba3fba40b50d647a428d1089f,delivered,2017-01-23 16:38:09,2017-01-24 16:45:15,2017-01-28 08:03:35,2017-01-31 07:14:40,2017-03-01,129.99,9.28,1,1,139.27,1,1,1.0,1.0,02251550f4d16aca44ce66e4263c0522,5501,sao paulo,SP,7.608692129629629,36.30684027777778,0,139.27
eabfb81cf01d772d65405ff27c793ddb,e44d9a10a0978d6c21403879bf8076d0,delivered,2017-01-23 16:57:22,2017-01-24 06:50:18,2017-01-25 10:56:42,2017-02-02 10:25:07,2017-03-20,349.9,24.38,1,1,374.28,1,1,5.0,1.0,7fbb6d8f1f76288d32ab1a4e74da34c5,77500,porto nacional,TO,9.727604166666667,55.29349537037037,0,374.28
76c6e866289321a7c93b82b54852dc33,f54a9f0e6b351c431402b8461ea51999,delivered,2017-01-23 18:29:09,2017-01-25 02:50:47,2017-01-26 14:16:31,2017-02-02 14:08:10,2017-03-06,19.9,16.05,1,1,35.95,1,1,1.0,1.0,39382392765b6dc74812866ee5ee92a7,99655,faxinalzinho,RS,9.818761574074074,41.229756944444446,0,35.95
bda31774eda0320ee68c33da94027e4d,15b7fb20d8805996eca064ddedb843c6,delivered,2017-01-23 18:34:12,2017-01-24 18:42:03,2017-01-27 14:20:55,2017-02-03 08:37:33,2017-02-28,129.99,16.02,1,1,146.01,10,1,2.0,1.0,43b1465a233a9c1c822dbc043a864e2b,8275,sao paulo,SP,10.585659722222223,35.22625,0,146.01000000000002
dbd4885aa71d304f95eb40c67bfbec35,323a81cf20fb536503c017cfd5c2d54f,delivered,2017-01-23 18:40:23,2017-01-23 18:50:18,2017-01-27 07:05:48,2017-02-07 17:29:32,2017-03-02,859.0,97.27,1,1,956.27,10,1,5.0,1.0,58f814af5001d06b0d34d8a836ab18eb,30516,belo horizonte,MG,14.95079861111111,37.22195601851852,0,956.27
d6f83d3377bbf1697831ea355301fb87,f3e73ca7cd85db9bb9be47fc88d38bc8,delivered,2017-01-23 18:56:45,2017-01-23 19:10:11,2017-01-25 15:35:11,2017-02-14 07:03:23,2017-03-02,139.8,31.4,2,1,171.20000000000002,5,2,5.0,1.0,e2c8e74f4e59280c388ac4e3ebd90933,28435,tres irmaos,RJ,21.50460648148148,37.210590277777776,0,171.20000000000002
dfd954e67c5eeaa6432cdc40a6b66d73,c6e5dc26706e556b6e6cbe4321670954,delivered,2017-01-23 19:32:38,2017-01-23 19:45:09,2017-01-27 11:47:32,2017-01-30 12:44:19,2017-03-02,89.9,15.84,1,1,105.74,1,1,5.0,1.0,363e10681301da394e9e505ea41c6e50,30260,belo horizonte,MG,6.716446759259259,37.1856712962963,0,105.74000000000001
aa58df9711205e09b4ef6d704db7871e,ceead79d927539feb1a27e3ec80cac36,delivered,2017-01-23 19:32:40,2017-01-23 19:45:12,2017-01-24 10:10:39,2017-01-27 13:32:28,2017-02-28,595.99,23.47,1,1,619.46,10,1,5.0,1.0,f75da962fb4ddac1569e90c21803c455,6768,taboao da serra,SP,3.749861111111111,35.18564814814815,0,619.46
cfba3ca25a049f8bdf836baa3b8be493,1c282323584deebf1025c4c72dde565a,delivered,2017-01-23 20:21:12,2017-01-25 02:45:48,2017-01-26 14:58:39,2017-01-30 18:23:45,2017-03-02,42.99,14.11,1,1,57.1,1,1,5.0,1.0,2a20697e5508f62175c47760b460bd01,31744,belo horizonte,MG,6.9184375,37.151944444444446,0,57.1
270d816a580cef9525ac73d6c4b87255,66f6f1200cf04a1950b327fecf045fa5,delivered,2017-01-23 20:35:00,2017-01-24 03:42:46,2017-01-24 12:41:24,2017-01-26 13:46:04,2017-03-02,299.8,38.66,2,1,338.46,1,1,5.0,1.0,2e8561bf8b43a8b182c53dfb53fc9a7f,12214,sao jose dos campos,SP,2.7160185185185184,37.142361111111114,0,338.46000000000004
99a4238f13a11d486a5eabe5c8b1a1ab,3887e889fec8574f573081115ab2ddf8,delivered,2017-01-23 20:45:59,2017-01-23 20:55:20,2017-01-24 12:19:01,2017-01-31 15:55:11,2017-03-06,42.0,16.05,1,1,58.05,1,1,5.0,1.0,2abd1358778a9cc18d04cf7211b799b9,95890,teutonia,RS,7.798055555555556,41.134733796296295,0,58.05
cd63595a31d3717ff7ea9a0b041104a9,88427d6cb0325a6da3f9a0201a17338c,delivered,2017-01-23 20:46:11,2017-01-23 20:55:17,2017-01-24 11:37:15,2017-04-26 15:36:21,2017-03-02,49.8,29.04,2,1,78.84,1,1,4.0,1.0,b6e333234b9abfc51d7e00157d29f8f7,88058,florianopolis,SC,92.78483796296297,37.134594907407404,1,78.84
0cb316841c24af560f6af0e3fb36137a,e688102208c1564afce92d987656bf29,delivered,2017-01-23 21:33:15,2017-01-23 21:45:16,2017-01-27 14:56:59,2017-02-09 16:14:30,2017-03-02,289.98,53.9,2,1,343.88,7,1,1.0,1.0,8a0793d04e0f4be13434516ee7037104,78075,cuiaba,MT,16.778645833333332,37.101909722222224,0,343.88
d568f094af70874d55d22a89e093fe18,aa98b0ee899c4f787d88f11b88b50fc2,delivered,2017-01-23 21:35:49,2017-01-23 22:01:57,2017-01-25 09:37:51,2017-02-02 14:17:52,2017-02-28,117.0,43.769999999999996,3,1,160.77,2,1,1.0,1.0,0ac4d05bbe5f9dd1011eeadba1e76955,24315,niteroi,RJ,9.695868055555556,35.10012731481481,0,160.76999999999998
a9ad904bde6787e355771489eef73012,9a8ff91307a424b26e4ffb88eb1e79b9,delivered,2017-01-23 21:38:10,2017-01-25 02:55:14,2017-01-28 11:12:16,2017-02-07 08:47:52,2017-02-20,225.98,31.1,2,1,257.08,1,1,5.0,1.0,eb5bdaa9ace81785a5c3526bbd8d759b,20535,rio de janeiro,RJ,14.465069444444444,27.09849537037037,0,257.08
5497655681652e7e1306139bb5d04a14,416b717e3c11cf6c596c624c76630afa,delivered,2017-01-23 22:23:01,2017-01-23 22:30:36,2017-01-24 13:45:22,2017-01-30 11:44:57,2017-03-02,29.9,14.52,1,1,44.42,1,1,1.0,1.0,122abbabd602cf9a5af359b07a3c0a38,13566,sao carlos,SP,6.556898148148148,37.06734953703704,0,44.42
e4f669bb9b79875231a2cf27ab8dd229,4c27e133e1de3148cb84c92249d51316,delivered,2017-01-23 22:29:11,2017-01-23 22:41:58,2017-01-26 16:15:01,2017-02-03 11:54:38,2017-03-02,510.0,25.04,1,1,535.04,3,2,2.0,1.0,576d7fc1b6143c56e16f9190a52957d4,26279,nova iguacu,RJ,10.559340277777778,37.06306712962963,0,535.04
b626a11507dbce56f74a5b1b1a6af615,fd5878d884704e7165c352d83b9cadb7,delivered,2017-01-23 22:29:40,2017-01-23 22:41:58,2017-01-24 08:19:20,2017-01-27 11:34:04,2017-02-28,26.99,10.96,1,1,37.95,3,1,5.0,1.0,83f7b04d3399b939076a8cc0572b4000,6086,osasco,SP,3.544722222222222,35.06273148148148,0,37.95
58c851c107a9a3e21e03a9e2a1951d12,12b9ed9bc1f4f6648dab5fe7324a3d58,delivered,2017-01-23 22:39:00,2017-01-23 22:50:10,2017-01-25 10:56:42,2017-02-01 09:04:43,2017-03-20,349.9,24.38,1,1,374.28,4,1,5.0,1.0,bdfe47b4aabb5f74902e1c197e18c549,75912,rio verde,GO,8.434525462962963,55.05625,0,374.28
2f371d97b4ea52be4c04ef49bb4f31ff,d782082d67302107f082c112b324aebb,delivered,2017-01-23 22:55:07,2017-01-23 23:10:11,2017-01-24 15:05:01,2017-01-30 12:13:46,2017-02-20,329.9,16.48,1,1,346.38,4,1,5.0,1.0,f65b9cde425984c1041a2b0b1b4f99ad,13275,valinhos,SP,6.554618055555555,27.04505787037037,0,346.38
035ab6fc3b7f9d16f714a337ee63b7be,dd340f55b79392c58be2ee54c2004c26,delivered,2017-01-23 23:36:55,2017-01-24 10:25:17,2017-01-24 13:19:05,2017-02-07 12:15:45,2017-03-14,19.9,24.84,1,1,44.739999999999995,1,2,5.0,1.0,1f120499af090bbc76911420dd1f93ad,67030,ananindeua,PA,14.526967592592593,49.016030092592594,0,44.739999999999995
8cb07e7e810ad9e5f33062cb4735d488,7cc773cce3ceea8640c54a88b0f007a9,delivered,2017-01-24 00:22:40,2017-01-25 02:42:31,2017-02-03 10:00:52,2017-02-08 09:53:38,2017-03-03,23.9,14.52,1,1,38.42,1,1,5.0,1.0,0aca54eb7e0e261cb6d9781fecaf6e9a,83701,araucaria,PR,15.39650462962963,37.98425925925926,0,38.42
d1b32a0715fa2abd2ff4f3ec5e751964,a2d424dcfaa53fa97a98bb99d7700581,delivered,2017-01-24 07:58:59,2017-01-24 09:50:18,2017-01-24 12:28:39,2017-02-06 10:05:36,2017-03-13,249.0,25.94,1,1,274.94,8,1,2.0,1.0,5db7f1850c41ddc2a8b0c1699ab35ccc,48490,inhambupe,BA,13.087928240740741,47.667372685185185,0,274.94
0aaf52291c13507e7fe4f565f079ad9a,97324b134a7e75d33decb2a65d637343,delivered,2017-01-24 08:52:34,2017-01-24 09:02:02,2017-01-26 16:01:51,2017-01-30 18:36:07,2017-03-03,48.0,15.56,1,1,63.56,1,2,5.0,1.0,617a7998a5246e035bbf0c6eb97bf436,38015,uberaba,MG,6.405243055555555,37.63016203703704,0,63.56
b08dfa6db006194a07108b6ff6330313,9c018b34406d19adc1adac5f4b23b74f,delivered,2017-01-24 09:00:49,2017-01-24 09:15:18,2017-01-24 13:17:11,2017-01-30 11:18:05,2017-03-01,69.9,11.1,1,1,81.0,2,1,5.0,1.0,2a371d6666ff3a5b688a6e353fb83542,13322,salto,SP,6.095324074074074,35.62443287037037,0,81.0
e3f7a673dd1981e0d7b330c8a7220220,8daafb5e7776c08e384b8bdd6b708dfc,delivered,2017-01-24 09:04:09,2017-01-24 09:15:17,2017-01-24 10:42:57,2017-02-06 11:23:58,2017-03-15,299.99,28.36,1,1,328.35,3,1,5.0,1.0,8262788edf806677acaffdbb1709ed3f,68792,santa isabel do para,PA,13.097094907407408,49.62211805555555,0,328.35
9058bc799c3791077efb3aaa8e0d5e02,3fb83e207757e8f15ff70d937c86929b,delivered,2017-01-24 09:24:11,2017-01-25 02:45:13,2017-01-25 13:20:38,2017-01-30 09:39:02,2017-03-01,79.9,11.17,1,1,91.07,1,1,4.0,1.0,334deb4a736eacb94c6305e4e8278d54,38735,cruzeiro da fortaleza,MG,6.0103125,35.608206018518516,0,91.07000000000001
4799c38fa3f9263d65b42c5f923538c6,b9da07b57372061cd82dbb1df5a6cfd2,delivered,2017-01-24 09:42:13,2017-01-24 09:50:17,2017-01-26 09:42:38,2017-02-02 15:52:00,2017-03-07,164.99,16.85,1,1,181.84,1,1,5.0,1.0,6b5fa65642acb463c835ef79de54c1ae,93700,campo bom,RS,9.256793981481481,41.59568287037037,0,181.84
10b6352081cd9c4b594e4be0c491ee62,863b6381550660b774a6f43d857d2b0f,delivered,2017-01-24 11:16:26,2017-01-24 11:25:20,2017-01-27 10:14:38,2017-02-02 13:34:19,2017-03-01,79.98,23.48,2,1,103.46,2,1,5.0,1.0,c4601f3d0e8da101aeba12d2ed530285,12270,jambeiro,SP,9.095752314814815,35.53025462962963,0,103.46000000000001
942cb81b8e0a2f33510159729f69d8b1,ccaab0962b09a9070e3076588f0fd069,delivered,2017-01-24 11:24:20,2017-01-30 09:28:02,2017-01-30 10:53:17,2017-02-08 10:45:44,2017-03-15,113.0,54.32,1,1,167.32,1,1,5.0,1.0,b148eb59c3088eaa91342b43111fc174,49100,sao cristovao,SE,14.973194444444445,49.52476851851852,0,167.32
26fb6c984069988017b2d12b79849865,6ad1ab20e1583a1e1d20961b363df092,delivered,2017-01-24 11:41:58,2017-01-24 11:50:19,2017-02-06 09:18:57,2017-02-08 17:22:04,2017-03-01,22.4,10.96,1,1,33.36,2,1,3.0,1.0,3f81a7afc0532976d0e0f41b20adf2b0,15054,sao jose do rio preto,SP,15.236180555555556,35.51252314814815,0,33.36
cb27e0d6c6f92df591073fb6ad5ef7f0,2155e6e404e41736933c696382c1328b,delivered,2017-01-24 12:14:05,2017-01-24 12:25:26,2017-01-24 14:35:17,2017-01-31 08:23:20,2017-03-03,149.99,15.81,1,1,165.8,2,1,4.0,1.0,f27f6f093a0769b96f8f80a445c9fba6,4747,sao paulo,SP,6.839756944444445,37.49021990740741,0,165.8
ae25aaffc9b89e8519bb9b5aa59cc8ef,e5245a61cf63870720b6559bad5d35e8,delivered,2017-01-24 12:18:07,2017-01-24 12:25:27,2017-01-26 10:34:58,2017-02-08 15:15:04,2017-03-03,139.99,15.43,1,1,155.42,2,1,5.0,1.0,a5915d92773335107130a2d1e0c5a91e,36202,barbacena,MG,15.122881944444444,37.48741898148148,0,155.42000000000002
94b35c9542f07ad80b3367f9051b63af,ae3a3a6fd9128d8617e2cb3a88a7598b,delivered,2017-01-24 12:38:48,2017-01-25 02:42:34,2017-01-26 16:32:31,2017-02-07 08:42:04,2017-03-31,47.5,26.61,1,1,74.11,1,1,5.0,1.0,f3e9410701ce24f2956a79c7475ab834,65052,sao luis,MA,13.835601851851852,65.47305555555556,0,74.11
54d744a4410b1edccc36c6d1f1c7e097,e2efaa8052c550fa45d1639dbb6cbeb9,delivered,2017-01-24 13:32:22,2017-01-24 13:45:14,2017-01-27 14:21:27,2017-01-31 05:23:27,2017-03-01,129.99,16.02,1,1,146.01,9,1,1.0,1.0,06058fe38c88d8d03a06ebaa6fb68aad,2125,sao paulo,SP,6.660474537037037,35.43585648148148,0,146.01000000000002
ba78eeba3ae33579487bedc08dce96be,4bfe7cd506a992a41031d3fe407e2b2b,delivered,2017-01-24 14:14:29,2017-01-24 14:25:22,2017-01-25 09:38:56,2017-02-10 12:09:03,2017-03-09,279.99,22.59,1,1,302.58,3,1,4.0,1.0,8dca1e6a2d880073f8104b4b0064c105,77305,conceicao do tocantins,TO,16.91289351851852,43.4066087962963,0,302.58
4079df924e51e553825e62f9f8995d59,73f958ad1ba68bf3c7f01cae085ed153,delivered,2017-01-24 14:22:33,2017-01-24 14:30:47,2017-01-25 08:59:17,2017-01-30 10:38:48,2017-02-21,224.16,15.74,1,1,239.9,8,1,5.0,1.0,3ed5e288eb859999092ba5da0c1b3128,1457,sao paulo,SP,5.844618055555555,27.401006944444443,0,239.9
3bcf5ba4eec8b84af7663e2e261957cc,367163bdcc25d2ab5b6748c0068e0e32,delivered,2017-01-24 14:23:45,2017-01-24 14:35:17,2017-01-26 16:01:51,2017-02-02 14:42:25,2017-03-03,25.0,14.11,1,1,39.11,3,1,5.0,1.0,f702d3ff30b8cf5083af2bf140043067,30421,belo horizonte,MG,9.012962962962963,37.400173611111114,0,39.11
76bd9ce8aa3ce93bd913f3ec17f66790,35f26e073ace0e3cd12f259eb5c75fb8,delivered,2017-01-24 15:37:05,2017-01-25 02:50:35,2017-02-09 15:18:16,2017-02-17 16:16:10,2017-04-24,64.99,22.38,1,1,87.37,1,1,5.0,1.0,83e75db9c4f88190e300f1a6cca95540,76510,crixas,GO,24.027141203703703,89.34924768518519,0,87.36999999999999
5c5177333fb1fce1f4bb65868988f204,ebe11def265cd8e747d70c07c5a4547e,delivered,2017-01-24 15:44:05,2017-01-24 15:55:15,2017-01-25 13:58:08,2017-02-03 17:06:20,2017-03-03,65.9,15.67,1,1,81.57,1,1,5.0,1.0,0edebfec2b1b8f0871e72dece89a484e,18113,votorantim,SP,10.057118055555556,37.34438657407407,0,81.57000000000001
3568894fa3afedc367d3a4816983dceb,bfbe1fd99d9d53a58d06966a0f4eb5de,delivered,2017-01-24 15:59:17,2017-01-25 02:42:25,2017-01-27 07:05:47,2017-02-09 06:28:44,2017-03-01,320.0,19.53,1,1,339.53,1,1,5.0,1.0,24d2610d6b2605ba1fa5659b57f48205,13280,vinhedo,SP,15.603784722222223,35.33383101851852,0,339.53
f30663edef2c5ccbd8ac1901275ecf64,7b8ca289129bab18d8b098ca02bbc4bc,delivered,2017-01-24 16:26:51,2017-01-24 16:42:00,2017-01-26 14:57:02,2017-01-30 10:33:50,2017-02-17,36.9,8.72,1,1,45.62,1,1,5.0,1.0,688711ace86b45baab9186b99028062b,4362,sao paulo,SP,5.754849537037037,23.3146875,0,45.62
143f8e1be12f4d99301cec6f0d7a3834,c084c36f269f29c66bb61f3ac37303e8,delivered,2017-01-24 16:58:46,2017-01-24 17:10:21,2017-01-26 05:41:52,2017-02-01 11:59:07,2017-02-17,59.9,11.03,1,1,70.93,1,1,5.0,1.0,1037ee8f97dd4241edf738269f1c470d,18900,santa cruz do rio pardo,SP,7.791909722222222,23.29252314814815,0,70.92999999999999
1e69dcdcbc094d39d6ba64248af906fb,0d1c2dc5009dfaf9722bc97439e6d82b,delivered,2017-01-24 17:09:24,2017-01-24 17:22:06,2017-01-26 09:47:51,2017-02-02 16:23:52,2017-03-01,164.89,21.6,1,1,186.49,3,1,5.0,1.0,e819069612699e215127ae14289c413c,55636,cha grande,PE,8.968379629629629,35.28513888888889,0,186.48999999999998
b42efbd88abf3882f91928b08cf74d6f,7784b523efa600a47de73bd1e9f7f022,delivered,2017-01-24 17:11:53,2017-01-25 02:50:11,2017-01-26 15:13:00,2017-01-31 17:12:06,2017-03-03,99.0,14.86,1,1,113.86,1,1,5.0,1.0,6ec09595e0817c04ed4844f143251a69,25035,duque de caxias,RJ,7.000150462962963,37.28341435185185,0,113.86
3498a243e9fe88c9c4ce97bf7fa4617c,b92024fd84c1d4e5308b4bc99f092def,delivered,2017-01-24 17:15:56,2017-01-24 17:25:14,2017-01-27 15:26:54,2017-02-01 12:24:02,2017-02-22,16.9,11.74,1,1,28.64,1,1,4.0,1.0,1f1ab863d273f133c7c9a9ba38f9b073,13567,sao carlos,SP,7.797291666666666,28.280601851851852,0,28.64
3937ff0dcfc2d3e0ccf73d9b6521611a,6df048a54bfef499d9e6dd224351e90c,delivered,2017-01-24 18:11:44,2017-01-25 18:15:19,2017-01-26 15:37:47,2017-02-21 05:16:06,2017-03-15,69.9,26.75,1,1,96.65,9,1,5.0,1.0,6709a7ea04a5251937e8def213bd93e8,60833,fortaleza,CE,27.461365740740742,49.241851851851855,0,96.65
c52edad050bea3d2f56fbc6be373c44f,91105b71b2fce387050df6f91fc0fcef,delivered,2017-01-24 18:22:14,2017-01-24 18:35:14,2017-01-25 08:07:00,2017-02-14 17:15:40,2017-03-13,129.99,34.11,1,1,164.1,3,1,5.0,1.0,a664475b319be56b8b754e8bdad7615d,78735,rondonopolis,MT,20.953773148148148,47.23456018518519,0,164.10000000000002
01f216b447564f9ea791b521db577ccb,39d5f491d314a5e26d16cf74581bff02,delivered,2017-01-24 18:44:53,2017-01-24 18:55:14,2017-01-25 09:21:47,2017-01-31 07:35:52,2017-03-01,59.9,14.59,1,1,74.49,2,1,5.0,1.0,5d81012f5f20f3781512403410be3043,6624,jandira,SP,6.535405092592592,35.21883101851852,0,74.49
4152a677b7acfa7fdab8dc8e1dd436eb,f9186c4eba8c803ac493a2ea4a189fc7,delivered,2017-01-24 19:39:42,2017-01-24 19:50:17,2017-01-25 10:47:31,2017-02-02 08:39:06,2017-03-03,199.99,16.16,1,1,216.15,1,1,1.0,1.0,0ef86c70dde0066d9348655fc4e95470,1229,sao paulo,SP,8.54125,37.18076388888889,0,216.15
8aa9f9fb8d016c8abd90a65dcd7f2ab6,18c97899df0947157d3e829e27aeaba4,delivered,2017-01-24 21:16:24,2017-01-25 21:25:09,2017-01-26 16:34:40,2017-01-30 12:24:40,2017-03-01,20.0,10.96,1,1,30.96,1,1,5.0,1.0,d059a0ec4c911c7abb10602099670325,6719,cotia,SP,5.630740740740741,35.11361111111111,0,30.96
e01e0edd184fa69973f66cfc1fde15b3,432c8b4df960ec2d281a90a77bd51ce5,delivered,2017-01-24 21:16:50,2017-01-27 10:45:42,2017-01-27 15:03:19,2017-02-06 10:07:57,2017-03-07,149.9,29.93,1,1,179.83,1,1,5.0,1.0,523730e4b2ef7654c243699b81763112,98550,redentora,RS,12.535497685185184,41.113310185185185,0,179.83
469f0b908881368c45917f1bed8240ce,59e4d7310198da197337571749b47ff2,delivered,2017-01-24 21:35:25,2017-01-25 16:30:14,2017-01-26 06:32:47,2017-02-08 08:14:01,2017-03-23,66.99,17.21,1,1,95.17,9,1,5.0,1.0,753edf44d14afd72110c66fb22b69c91,21820,rio de janeiro,RJ,14.443472222222223,57.100405092592595,0,84.19999999999999
c4669e882068cc0ade2697ed2169326e,c576a1a325ba3b60368566f78dd51aa1,delivered,2017-01-24 21:44:24,2017-01-26 21:45:18,2017-01-30 11:40:14,2017-02-08 04:23:28,2017-03-21,370.0,24.52,1,1,394.52,8,1,1.0,1.0,4afcf7ae2181b598259d121795fd628a,48905,juazeiro,BA,14.277129629629629,55.094166666666666,0,394.52
7c0ff60ea08a0885a1404c299f7ed4f2,7b7ba461fc53c28a671aef86b651235d,delivered,2017-01-24 22:10:48,2017-01-24 22:22:10,2017-01-26 12:34:39,2017-02-03 15:07:45,2017-03-07,63.99,19.04,1,1,83.03,1,1,5.0,1.0,64386d23b350d16648e3e0dc7cc7d60d,98400,frederico westphalen,RS,9.706215277777778,41.075833333333335,0,83.03
d81dff089ae648dacea746f77643f86e,5e6c17c1aac5a1acf6e38746eeebc11d,delivered,2017-01-24 22:16:05,2017-01-24 22:25:33,2017-01-26 10:19:05,2017-02-01 00:47:45,2017-02-17,831.6,79.0,4,1,910.6,10,1,5.0,1.0,2fb4183605995aad1ff94ef572b91a21,13067,campinas,SP,7.105324074074074,23.072164351851853,0,910.6
3eceaafe1639eb6b25f3cd604891c218,a9f4c806882b64a1a745053ae9f90d7b,delivered,2017-01-24 22:27:20,2017-01-24 22:42:04,2017-01-31 15:21:53,2017-02-06 10:55:55,2017-03-03,31.0,14.52,1,1,45.52,1,1,5.0,1.0,9116ad81ecdcdef227dc53265879ce1d,88706,tubarao,SC,12.519849537037038,37.06435185185185,0,45.519999999999996
529c56bdb881d790cc51c6eea4f7b004,9c964fe94972e8d6ee8498dd08d47b09,delivered,2017-01-24 22:38:56,2017-01-24 22:50:17,2017-01-26 05:51:31,2017-02-11 05:58:00,2017-03-13,139.99,22.91,1,1,162.9,1,1,5.0,1.0,73252a53d6a47f20fa67b7a56f7771f5,78048,cuiaba,MT,17.30490740740741,47.056296296296296,0,162.9
500e2838d85214e92e2c15b2fd5303b7,f78c8b0641299a312f545dd0d783b7ff,delivered,2017-01-24 22:49:12,2017-01-24 23:02:06,2017-02-01 09:04:21,2017-02-08 08:04:49,2017-03-03,45.89,14.11,1,1,60.0,1,1,5.0,1.0,d8597267ec0a9fc0eaa100bf063b7b1d,8246,sao paulo,SP,14.385844907407407,37.049166666666665,0,60.0
3c4f38e27c5f6f27be39c8a2932c43e1,45fd70ff9e07d189b82f07ee776b64d5,delivered,2017-01-25 00:19:56,2017-01-25 00:30:22,2017-01-25 15:45:08,2017-01-31 08:43:33,2017-03-06,349.99,20.73,1,1,370.72,7,1,4.0,1.0,0383aca4e461346b22c75ea54eb548f2,15061,sao jose do rio preto,SP,6.349733796296296,39.986157407407404,0,370.72
56a726fa0f40d3678696e62aaed9690d,dc7302a83e9681f614bb59a515df38b3,delivered,2017-01-25 00:46:17,2017-01-25 01:02:14,2017-01-27 10:51:56,2017-01-31 17:43:01,2017-03-02,49.9,10.96,1,1,60.86,1,2,5.0,1.0,fc19fe9ac733e36ff8227c29435c2030,15700,jales,SP,6.706064814814815,35.9678587962963,0,60.86
903c880841c9b1af32d6d086b9763133,e3a0c6f366f4c42aa1ec172813c88492,delivered,2017-01-25 00:47:25,2017-01-25 00:55:44,2017-01-25 15:50:43,2017-01-30 11:44:26,2017-02-20,32.3,10.96,1,1,43.26,4,1,3.0,1.0,da1893715fcf0fe9b44be82e8a479161,3721,sao paulo,SP,5.456261574074074,25.96707175925926,0,43.26
7ece3f32d060f91a98d50279ab15ebaf,29d768c153dabfc1ecfeb0c1c389727f,delivered,2017-01-25 01:23:07,2017-01-25 01:35:07,2017-01-30 10:17:10,2017-02-09 10:14:41,2017-03-14,129.99,29.95,1,1,159.94,3,1,1.0,1.0,b5ccc57b179210bda569df984bdf7df3,57200,penedo,AL,15.369143518518518,47.94228009259259,0,159.94
d322025aff44e8bead04f4e81023ede8,237bf1bb29147868ba252c6fa367c746,delivered,2017-01-25 01:26:40,2017-01-25 01:42:12,2017-01-25 09:21:53,2017-01-26 15:34:17,2017-02-28,259.9,12.43,1,1,272.33,2,1,5.0,1.0,1ebcaa4880a924804df1ea3656e1c623,23510,rio de janeiro,RJ,1.5886226851851852,33.93981481481482,0,272.33
8dc67de08c1738a90e70f62f2920b432,7345796de7fb5b3566b3564b2b10f9d9,delivered,2017-01-25 01:29:42,2017-01-25 01:42:12,2017-01-25 09:22:00,2017-01-31 18:06:24,2017-03-08,349.9,19.88,1,1,369.78,10,1,5.0,1.0,1c4b42ca9386909cddeb8ae649be0f9e,40296,salvador,BA,6.692152777777777,41.93770833333333,0,369.78
3d668965eb89ea475911ce3364f73b07,1e3005980e35ffabad12c31116e746f2,delivered,2017-01-25 05:31:30,2017-01-27 13:31:55,2017-02-06 10:53:27,2017-02-14 10:07:31,2017-04-05,79.9,20.74,1,1,100.64,1,1,5.0,1.0,17225933796c17da3f4e3d73ef87550e,86010,londrina,PR,20.191678240740742,69.76979166666666,0,100.64
8f359a870a6206af39d54ab82c99619d,b430789bfe8fd6a8ce1be69cd5cc35de,delivered,2017-01-25 06:31:50,2017-01-25 06:41:58,2017-01-25 10:47:17,2017-02-03 13:58:58,2017-03-02,139.0,21.42,1,1,160.42000000000002,3,2,4.0,1.0,0c25f212bf983792b82adf65645918f4,45208,jequie,BA,9.310509259259259,35.72789351851852,0,160.42000000000002
22474d84064cd7eb4a907ba3fd8a6398,85f03d59e05ad20dc077b89342b9f710,delivered,2017-01-25 09:09:46,2017-01-25 09:22:26,2017-01-31 10:18:50,2017-02-02 16:56:10,2017-03-02,279.9,16.88,1,1,296.78,4,1,5.0,1.0,a34dc635486de07782636bdef2afd77a,3630,sao paulo,SP,8.323888888888888,35.61821759259259,0,296.78
17f70d10c2acd50864b5dae4885894b5,bbc82b85b6867ca7bf1380c64f8447b9,delivered,2017-01-25 09:12:10,2017-01-25 09:22:27,2017-02-06 11:54:31,2017-02-14 11:14:54,2017-02-22,30.97,14.52,1,1,45.49,3,1,3.0,1.0,60a5eebffa1776fc17cf943de2bc847f,37195,santana da vargem,MG,20.085231481481483,27.616550925925925,0,45.489999999999995
a6e307f50d1a494a1ad373af7a748e1d,9834899aa900947d8832062231831871,delivered,2017-01-25 09:42:36,2017-01-26 02:10:20,2017-01-26 10:37:16,2017-02-02 16:35:31,2017-03-10,99.99,19.4,1,1,119.39,1,1,4.0,1.0,6f01b9ac4c9a8eefc69b60aa64325a12,42700,lauro de freitas,BA,8.286747685185185,43.595416666666665,0,119.38999999999999
c818ed0d99c7998f73659bd934936177,b001c30609da9b8618f69ef5bd322b5b,delivered,2017-01-25 10:09:17,2017-01-26 02:10:33,2017-02-06 08:22:12,2017-02-13 10:03:31,2017-03-06,54.9,14.55,1,1,69.45,1,1,5.0,1.0,9193694c62bc1e1927030603e0ddc905,25946,guapimirim,RJ,18.99599537037037,39.576886574074074,0,69.45
bc7bc14f585b1879f63e89cb0e4cfa17,942be1042b4ac4e4ef3780b25188fe99,delivered,2017-01-25 10:41:24,2017-01-26 02:15:45,2017-01-26 09:32:58,2017-02-03 12:42:06,2017-03-10,119.99,19.54,1,1,139.53,1,1,5.0,1.0,4b5f998cce2788f75444c20bd6a3d065,75200,pires do rio,GO,9.083819444444444,43.55458333333333,0,139.53
340be9cc41d50a5233f4849d93d8d2f1,dce9dedc0fe9dd0aa2ad7df80d81b358,delivered,2017-01-25 11:32:02,2017-01-25 11:42:07,2017-01-30 14:35:18,2017-02-02 10:24:01,2017-02-20,16.5,12.93,1,1,29.43,1,1,5.0,1.0,db5959ee2d1e677a255be86a6f7e9aa6,11410,guaruja,SP,7.952766203703704,25.519421296296297,0,29.43
d4421539677ce8da70f3abf867adf15c,01a0d45a369a4356ac4652584652109a,delivered,2017-01-25 11:45:19,2017-01-25 12:03:07,2017-01-26 14:59:13,2017-01-28 08:23:45,2017-02-20,34.9,10.96,1,1,45.86,1,1,5.0,1.0,611110d26326c28456ebe437516be00e,14806,araraquara,SP,2.860023148148148,25.51019675925926,0,45.86
5582d9b46edf97ccc2f3b993c39ace3e,28e414622d3770ff33c04a3151bb77fa,delivered,2017-01-25 11:58:33,2017-01-26 02:15:56,2017-01-27 11:05:12,2017-01-31 08:03:00,2017-02-22,22.99,10.96,1,1,33.95,1,1,4.0,1.0,12b3f3ecec72ac5252b5bbc137ca3c59,18080,sorocaba,SP,5.836423611111111,27.501006944444445,0,33.95
1306d7999cdd320272eeea20f5768b77,fe89d4293f6810dcfeffd77a09f0969b,delivered,2017-01-25 11:59:47,2017-01-25 12:10:26,2017-01-27 14:21:21,2017-02-06 08:57:57,2017-03-10,23.9,17.78,1,1,41.68,1,1,5.0,1.0,39aa89a6522cd9e2fdc69f5165bde5f5,74935,aparecida de goiania,GO,11.873726851851853,43.500150462962964,0,41.68
4ccd8da82485c892ae90284af589153a,bc13567372ad405e1fa1c93da7eb9079,delivered,2017-01-25 12:18:11,2017-01-25 12:30:23,2017-01-27 11:27:44,2017-02-06 14:44:28,2017-02-28,99.9,23.16,1,1,123.06,1,1,2.0,1.0,e99d46b5ce67a88cb8d7d5225edde938,90540,porto alegre,RS,12.101585648148149,33.487372685185186,0,123.06
bec25025b8d0b7db00c510720053761e,806e9984a49a008bbb424f31641d62db,delivered,2017-01-25 12:21:10,2017-01-26 02:10:16,2017-01-26 11:06:21,2017-01-30 14:14:00,2017-03-02,12.97,10.96,1,1,23.93,1,1,3.0,1.0,cd363e5f88337f6d8b9b7a8510dc1752,6775,taboao da serra,SP,5.078356481481482,35.48530092592593,0,23.93
314c025c229f30a1b32658c7555269b8,8d5db117378b874eb1894bbd190f03f6,delivered,2017-01-25 12:48:49,2017-01-25 13:02:08,2017-02-08 12:43:51,2017-02-16 08:35:55,2017-03-06,59.9,17.16,1,1,77.06,1,1,5.0,1.0,e0887426e5f891db9992803bdbc505a1,15900,taquaritinga,SP,21.824375,39.46609953703704,0,77.06
164bcbb466afa4e7b9eec1760f0d7096,f476fe54d688e5e018ed94d537d7c5fc,delivered,2017-01-25 12:49:36,2017-01-25 13:02:09,2017-01-26 10:40:10,2017-01-30 14:08:07,2017-03-06,57.8,28.22,2,1,86.02,1,1,4.0,1.0,910a4a6cbd33eefa52d8b521bbf3661f,4550,sao paulo,SP,5.054525462962963,39.465555555555554,0,86.02
9e1b7a7d17aa42da16ee605b5fee2e0a,dae065b8336e64030d11819d033138ac,delivered,2017-01-25 13:15:38,2017-01-25 13:30:10,2017-01-26 12:06:48,2017-02-03 15:53:49,2017-02-22,223.9,15.74,1,1,239.64,3,1,5.0,1.0,c80bc315b52899a6cfc2af82c9200962,18212,itapetininga,SP,9.109849537037038,27.447476851851853,0,239.64000000000001
3b64ff25a4610fb5599e4fd09f907501,d1d259ce7187c9deb7e86de58e65a81e,delivered,2017-01-25 13:22:05,2017-01-25 13:35:19,2017-01-26 06:06:34,2017-01-30 14:36:32,2017-02-20,143.8,18.3,1,1,162.1,1,1,5.0,1.0,0de3f5cbeaedc8f981622dcefce0686f,2185,sao paulo,SP,5.051701388888889,25.442997685185187,0,162.10000000000002
49c89a2aba7f8f079681f6967d846465,480aee92a572792a7a5043f486656da8,delivered,2017-01-25 13:33:37,2017-01-27 11:50:20,2017-01-27 16:30:26,2017-02-06 11:21:46,2017-03-08,23.9,16.05,1,1,39.95,1,1,3.0,1.0,8b55f7f0b79b0885eaea2966bb6c7155,93265,esteio,RS,11.9084375,41.43498842592592,0,39.95
60e2fe3a23e71c24f3ab0f648ebd6a8f,14c40450842463a4e86a52654f2e3ff9,delivered,2017-01-25 13:42:49,2017-01-25 13:55:09,2017-01-30 15:31:18,2017-02-10 14:05:32,2017-03-06,91.71,14.81,1,1,106.52,2,1,5.0,1.0,3720ce768cc8e7b9a23fcb794ac67179,2111,sao paulo,SP,16.015775462962964,39.42859953703704,0,106.52
5dccad03ac8016afdcdb7cc0227ec9d7,bbec89f3ce9883659829232500271d87,delivered,2017-01-25 15:10:14,2017-01-25 15:25:13,2017-01-26 10:06:22,2017-01-30 12:58:42,2017-02-22,66.9,14.64,1,1,81.54,1,1,5.0,1.0,55e4961112ecf48f62b785a19694ad5d,80610,curitiba,PR,4.908657407407407,27.367893518518517,0,81.54
917ca364b9fb9460dee6ea613ee2a5ab,85c01e2393b32c57d22f4db20020da31,delivered,2017-01-25 15:12:59,2017-01-26 12:50:29,2017-02-02 11:07:52,2017-02-15 19:12:52,2017-03-16,399.0,92.36,1,1,491.36,2,1,3.0,1.0,ce88d6a35796ddae6e12cc1206efcb38,76824,porto velho,RO,21.16658564814815,49.3659837962963,0,491.36
cd068e0974cffc5007e3b5dcb416da26,f84215c0b6b3e126a0287ade8fcb0a91,delivered,2017-01-25 15:19:12,2017-01-25 15:30:19,2017-01-26 09:13:58,2017-01-27 18:12:37,2017-02-28,259.9,12.43,1,1,272.33000000000004,8,2,5.0,1.0,ac679b68f9307ab0c783357fe16eb0fd,21610,rio de janeiro,RJ,2.1204282407407407,33.361666666666665,0,272.33
c5b1a5d21958f98a0c66114d622bc0ed,b51864a91835810c755a8c3438c63668,delivered,2017-01-25 15:32:48,2017-01-25 15:42:16,2017-01-26 16:23:51,2017-02-02 17:07:23,2017-02-22,25.0,14.11,1,1,39.11,1,1,5.0,1.0,75b1ebef8b5bd5d6a2a9c49e1beb1132,20560,rio de janeiro,RJ,8.06568287037037,27.352222222222224,0,39.11
8adafb3466daa5395694d3a906ff9d40,b7919647bde69acc948baa47823d6c75,delivered,2017-01-25 15:47:27,2017-01-25 16:02:29,2017-02-07 08:09:23,2017-02-14 14:03:35,2017-03-23,168.0,50.019999999999996,6,1,218.0,4,1,3.0,1.0,6ad46014a4203440c38e3dbf7aedf51c,14740,viradouro,SP,19.92787037037037,56.34204861111111,0,218.01999999999998
aa4f1c4318226e2f86adeb5578d8726b,b97a18a1140b1f32152473a3dce1a25d,delivered,2017-01-25 15:49:39,2017-01-25 15:55:21,2017-02-03 05:57:33,2017-02-09 12:45:42,2017-04-03,119.9,18.59,1,1,138.49,1,1,5.0,1.0,3315424c3588a42098b6b37a78aed0a4,21011,rio de janeiro,RJ,14.872256944444445,67.34052083333333,0,138.49
8a7f0e6d9767d52a05dd48229e24d766,cae42b13efa7b8b3ef6757d1c2aa2d06,delivered,2017-01-25 16:25:03,2017-01-25 16:35:18,2017-01-27 11:50:53,2017-02-02 17:07:20,2017-02-22,139.99,18.73,1,1,158.72,3,1,2.0,1.0,a996968a17a2817d8adc4209d42ee72d,82800,curitiba,PR,8.029363425925926,27.3159375,0,158.72
28f5847427849401fb017537fd20da41,617e79a8f584d33d7cd446ac3d1519a2,delivered,2017-01-25 16:32:21,2017-01-25 16:42:16,2017-02-06 11:54:31,2017-02-17 10:58:33,2017-02-20,30.97,10.96,1,1,41.93,4,1,3.0,1.0,581718884f188057afa54a3da0349dd6,18160,salto de pirapora,SP,22.768194444444443,25.310868055555556,0,41.93
7d86c4aa9e59504b23f16c7ca68954a7,c4a2da69a354a249cb1c07d703552053,delivered,2017-01-25 16:38:10,2017-01-25 16:45:21,2017-03-21 14:40:51,2017-04-06 12:46:47,2017-03-10,63.9,26.71,1,1,90.61,4,1,1.0,1.0,f3cc15d4f36871d4e330ead99799f2ac,65292,boa vista do gurupi,MA,70.83931712962963,43.3068287037037,1,90.61
b7ae7c643ef9274727f48dcb0ba08593,be631308cb609ff74d0e0fb54815e18c,delivered,2017-01-25 16:51:27,2017-01-27 11:50:24,2017-01-30 16:22:11,2017-02-08 08:38:49,2017-03-06,49.9,14.52,1,1,64.42,1,1,1.0,1.0,1c137fe37df712015f6488edafe8ece4,36255,aracitaba,MG,13.657893518518518,39.297604166666666,0,64.42
3005c05dbcb19ff903a28b5d654bb1cf,b70dd1b7a273c0378edb26d95390f857,delivered,2017-01-25 16:57:30,2017-01-25 17:10:20,2017-01-31 07:27:52,2017-02-02 14:29:07,2017-02-20,59.9,11.81,1,1,71.71,1,1,5.0,1.0,9ccff5067614ac5510320fed6e4dda46,13403,piracicaba,SP,7.896956018518519,25.29340277777778,0,71.71
20de77e28f73070461781b0eb6228f6f,24cf4347382b8e190a512b2de912f89c,delivered,2017-01-25 17:06:40,2017-01-25 17:15:23,2017-01-27 14:21:21,2017-01-31 12:22:38,2017-03-02,23.9,8.72,1,1,32.62,1,1,4.0,1.0,5dfa073ad1f07633e87ad388a99a55b1,4405,sao paulo,SP,5.8027546296296295,35.28703703703704,0,32.62
a1597cc7eca8c8d095e5de327444d9d0,e10996551bb1897b97c37e1f771e34af,delivered,2017-01-25 17:35:24,2017-01-26 06:55:26,2017-02-01 08:36:27,2017-02-13 18:28:51,2017-03-10,45.89,17.78,1,1,63.67,1,1,5.0,1.0,54d757624bc4f049bcf411dbfc5b832d,46880,itaberaba,BA,19.037118055555556,43.26708333333333,0,63.67
2a3d1cc4337b1cc9157560f6b1ca5802,73c69c8a9d541d145648ae9cffc3aa2e,delivered,2017-01-25 17:52:31,2017-01-27 21:31:57,2017-02-02 13:07:55,2017-02-10 08:43:49,2017-03-16,20.9,20.8,1,1,41.7,4,1,5.0,1.0,e7fde3366ddfd6dd15e59e5676f33100,97700,santiago,RS,15.618958333333333,49.255196759259256,0,41.7
0c5d85fbd4b20a1d9d5fc6a29e739f36,8e5fb420cf8c57efbdf1632de43b3f16,delivered,2017-01-25 18:04:52,2017-01-25 18:15:20,2017-01-26 15:20:24,2017-02-03 12:44:16,2017-03-02,30.0,20.8,1,1,50.8,1,1,5.0,1.0,e752cbd4b0fd0f52ceec3b4cf56cc34b,48930,curaca,BA,8.77736111111111,35.24662037037037,0,50.8
9fb6e7ca3a34e0500eb810d98b00b81d,6a9cb951f5f44cb1c5f3f2a34dfe16e8,delivered,2017-01-25 18:22:36,2017-01-25 18:35:18,2017-01-26 14:54:01,2017-02-06 13:12:56,2017-03-14,449.0,27.34,1,1,476.34,1,1,3.0,1.0,860052aea27ab400cbe474e6956013fc,78050,cuiaba,MT,11.784953703703703,47.23430555555556,0,476.34
cb71bbdb68e876878e7c73346725a901,7df0a02f3a48198615dec3720500fe42,delivered,2017-01-25 18:51:43,2017-01-27 11:55:38,2017-01-27 15:49:36,2017-02-15 15:28:58,2017-03-08,259.9,19.25,1,1,279.15,1,1,5.0,1.0,5a1ca59d931014c3141a150d51a00994,93800,sapiranga,RS,20.859201388888888,41.21408564814815,0,279.15
7c28cd51bc7b7b5b8e81ae0bb7f17340,dd96e8ca7d7dfac2b3b5632801e5f106,delivered,2017-01-25 18:55:31,2017-01-25 19:05:17,2017-01-26 14:48:15,2017-01-27 10:14:04,2017-02-20,16.9,10.96,1,1,27.86,2,1,5.0,1.0,90cdf84ae810487178762867e5b09fd3,34545,sabara,MG,1.6378819444444443,25.21144675925926,0,27.86
1f59665af8c7408a7c633f9541644854,17066ea92fe83b36cb9f9997c3cca3af,delivered,2017-01-25 19:09:39,2017-01-25 19:25:15,2017-01-26 07:59:55,2017-02-03 10:19:04,2017-03-08,128.9,23.19,1,1,152.09,10,1,4.0,1.0,eafe35709d25fa19c1ac63692d5c293f,20921,rio de janeiro,RJ,8.631539351851853,41.20163194444444,0,152.09
7a094f321857b6925fee399192bb5ebd,43986b46f9e4f256ce314abde818220a,delivered,2017-01-25 19:11:42,2017-01-25 19:25:16,2017-02-06 11:54:29,2017-02-09 18:43:35,2017-02-20,30.97,10.96,1,1,41.93,1,1,1.0,1.0,bc56d92fe90f91143046c14582bdb974,2403,sao paulo,SP,14.980474537037036,25.200208333333332,0,41.93
29d99fdabd0cb6b4e9d82f2f38c04a5a,c64e943126adfabb1c2ae21b4bc1e650,delivered,2017-01-25 19:44:48,2017-01-25 19:55:09,2017-01-26 14:03:04,2017-01-30 10:57:44,2017-02-22,99.0,14.86,1,1,113.86,3,1,5.0,1.0,d6d67261f2634cdf9ec293cd765c8479,7063,guarulhos,SP,4.633981481481482,27.177222222222223,0,113.86
b4e9e179195a7cee910bf458c5b6e01e,acad76e6005b7efd172a9fed40f7d31f,delivered,2017-01-25 20:00:43,2017-01-25 20:10:18,2017-01-26 10:26:06,2017-02-08 13:37:45,2017-03-16,72.9,26.77,1,1,99.67,1,1,5.0,1.0,1b9c191439df93697089504c628ca951,65058,sao luis,MA,13.734050925925926,49.16616898148148,0,99.67
cedfe51bd6a794860c83382885f2328c,b806e26283f2008d98a22e44d0c3aa5a,delivered,2017-01-25 20:03:37,2017-01-26 02:15:57,2017-02-06 11:54:29,2017-02-09 09:38:09,2017-02-20,30.97,10.96,1,1,41.93,1,1,5.0,1.0,578ee337ed691b5a052e56db43ced56b,18150,ibiuna,SP,14.565648148148147,25.164155092592594,0,41.93
9dc6746a8f29fafaa637f2239a9f3d28,33e655dd86058bc865f1f3d9fa5912aa,delivered,2017-01-25 20:11:36,2017-01-25 20:25:13,2017-01-26 11:38:10,2017-02-01 12:32:33,2017-03-14,839.0,36.96,1,1,875.96,10,1,5.0,1.0,f8ea14322aa66955d27b0d049b3dad79,13845,mogi-guacu,SP,6.681215277777778,47.158611111111114,0,875.96
a50d16f8c24acdc0c3d2fe0af2cd5c87,95e838701bbc7791a50ccf58140ebada,delivered,2017-01-25 20:17:33,2017-01-25 20:30:15,2017-01-26 12:04:05,2017-02-17 14:53:52,2017-03-06,192.0,18.08,1,1,210.08,4,1,3.0,1.0,fe810d4870b11964c5d0ae1817aaa97b,24350,niteroi,RJ,22.775219907407408,39.15447916666667,0,210.07999999999998
d5d777fdf41da773664443c2fd9acc23,3c8735c5a045fb31f956e4ab8f23c566,delivered,2017-01-25 22:04:39,2017-01-25 22:22:03,2017-01-26 09:14:06,2017-02-06 14:14:50,2017-03-02,23.9,14.52,1,1,38.42,1,1,5.0,1.0,bf27e53164b2385d9eecc0e04a566e3a,6868,itapecerica da serra,SP,11.673738425925926,35.080104166666665,0,38.42
a9506e4af5c19ca12362961efdefb20d,7322e04a8cee7f728d698f4666645567,delivered,2017-01-25 22:16:53,2017-01-25 22:30:26,2017-01-27 14:21:21,2017-02-02 10:29:01,2017-03-02,23.9,10.96,1,1,34.86,1,1,1.0,1.0,09a3196b73375086b541e01cc3269738,13360,capivari,SP,7.508425925925926,35.071608796296296,0,34.86
a2db088616f079ceb7a0e856f8a741ca,3cfaedb59f39332d98cde2d6a9a1de08,delivered,2017-01-25 22:19:19,2017-01-27 03:05:41,2017-01-30 17:37:56,2017-02-06 10:53:40,2017-03-02,19.9,10.96,1,1,30.86,1,1,5.0,1.0,f78a1d6281b3b4a1542c00bd1d8b503a,12942,atibaia,SP,11.523854166666666,35.06991898148148,0,30.86
c6eb5dced200e49271f44b142658b6bb,b3089a062b28ec2e5acb0e545c078ed5,delivered,2017-01-25 22:19:51,2017-01-25 22:30:25,2017-02-06 11:54:29,2017-02-08 10:17:35,2017-02-20,30.97,10.96,1,1,41.93,2,1,5.0,1.0,af1af7ad74eff1faa28eb972ec695e23,5685,sao paulo,SP,13.498425925925925,25.06954861111111,0,41.93
b9581bf1b646f4fc021b131e1ca4d034,1fb9f3e7704d50dd72f6adfd4f6d8ffe,delivered,2017-01-25 22:46:24,2017-01-25 23:02:13,2017-01-26 13:41:21,2017-02-08 09:26:01,2017-02-22,61.9,15.64,1,1,77.54,1,1,2.0,1.0,028ae0b8c77250d12323b40f2cbb38c7,35901,itabira,MG,13.44417824074074,27.051111111111112,0,77.53999999999999
d12824c34f6e0552f57e8d8821242084,6cc7634e5230927a764a9047700c9bba,delivered,2017-01-25 22:54:18,2017-01-26 00:35:25,2017-01-26 12:04:05,2017-02-01 11:32:57,2017-03-06,192.0,18.08,1,1,210.08,7,1,5.0,1.0,648f4c0ea8f7710f2b99375dcb1707ca,39715,virgolandia,MG,6.526840277777778,39.045625,0,210.07999999999998
660e589af9553d75506968867c922d91,d3a6febf47e02bf9635d6b8e8443092e,delivered,2017-01-25 23:30:25,2017-01-25 23:42:04,2017-01-27 11:19:14,2017-02-02 16:09:48,2017-03-06,349.99,18.7,1,1,368.69,1,1,1.0,1.0,995bb1c47d900b47cd32436d8a622593,30380,belo horizonte,MG,7.694016203703704,39.02054398148148,0,368.69
f7d546d5833e27f1f2815dc05d94b4c0,ce68080021ef47325b14cc7acd673ab8,delivered,2017-01-26 00:16:29,2017-01-26 00:30:23,2017-01-26 12:01:49,2017-02-03 14:37:54,2017-02-24,139.9,16.68,1,1,156.58,1,1,4.0,1.0,5045da01402baca564e8d4fe5f74a968,72860,novo gama,GO,8.59820601851852,28.988553240740742,0,156.58
0c995611a99f81268d859184a416f1db,3f3aaaac1d9df140266ee77970735eaf,delivered,2017-01-26 00:20:22,2017-01-26 00:30:25,2017-01-27 14:55:56,2017-02-06 09:35:04,2017-04-11,110.0,18.2,1,1,128.2,6,1,5.0,1.0,c40388c86f0334d1d69f33fc43322a8c,45985,teixeira de freitas,BA,11.385208333333333,74.98585648148148,0,128.2
55b2e390d5d80ada31ad1b795ebeb087,055e117cce871c681f903f52d7a866d4,delivered,2017-01-26 00:20:23,2017-01-26 00:30:24,2017-01-26 11:53:42,2017-02-07 16:31:33,2017-03-14,89.8,41.599999999999994,2,1,131.4,6,1,5.0,1.0,c40388c86f0334d1d69f33fc43322a8c,45985,teixeira de freitas,BA,12.674421296296297,46.985844907407404,0,131.39999999999998
a6dfab363a9e239287c4b1e3c275fb93,5e81e1b0b6164c14269bb934e9c43c3d,delivered,2017-01-26 09:11:37,2017-01-27 10:41:58,2017-02-05 12:43:54,2017-02-14 13:35:05,2017-03-14,309.9,26.66,1,1,336.56,1,1,5.0,1.0,008f3d5f45a11059239a5c452cd00006,65920,sao pedro da agua branca,MA,19.182962962962964,46.61693287037037,0,336.56
7cbc58346dce935abff14a7c5a0488f5,5d38c66c874ea566658a9ef3f31812e3,delivered,2017-01-26 09:15:18,2017-01-26 09:25:12,2017-01-26 09:32:58,2017-02-03 06:17:18,2017-03-08,119.99,17.68,1,1,137.67,6,1,5.0,1.0,46ff58bc972f26ff6132f8e3c2b0215c,95043,caxias do sul,RS,7.876388888888889,40.614375,0,137.67
b96f5299909903eedc435d396f90f726,f4af9116429bdaa90732a4ad05f1db2c,delivered,2017-01-26 09:50:17,2017-01-27 07:30:11,2017-01-27 11:33:02,2017-03-27 15:12:26,2017-03-06,1299.0,24.3,1,1,1323.3,8,1,1.0,1.0,314b61600e5228a9dfe7623fd25ba846,24435,sao goncalo,RJ,60.22371527777778,38.59008101851852,1,1323.3
f400946403a78fdd034cf522d3f85512,be552266bf47bfc6fa6c793fd74006bf,delivered,2017-01-26 10:00:37,2017-01-26 10:10:15,2017-01-27 16:37:45,2017-02-07 10:37:40,2017-02-28,29.8,35.56,2,1,65.36,1,1,5.0,1.0,7a84515823bc6c15b7b0e1ba70a704ae,78850,primavera do leste,MT,12.025729166666666,32.58290509259259,0,65.36
4b7c1bc59d4ec725d8530c19ec09b06f,7a3638e2731f92703d9cfc5ef2c220d5,delivered,2017-01-26 10:21:45,2017-01-27 11:55:43,2017-01-27 15:49:27,2017-02-07 10:30:34,2017-03-06,99.9,14.87,1,1,114.77,1,1,4.0,1.0,14b24293371e96bdb40f996ad4067cce,3179,sao paulo,SP,12.006122685185185,38.56822916666667,0,114.77000000000001
138630e7e14855ce216a9db0cdabbe06,8e320ed64bc2510dbab1b27a8d8dcbbb,delivered,2017-01-26 10:31:18,2017-01-26 10:45:07,2017-01-26 17:40:57,2017-02-02 09:47:37,2017-02-22,128.9,16.11,1,1,145.01,1,1,5.0,1.0,5775e893a4aeb1c749e1c5afa731735d,24210,niteroi,RJ,6.9696643518518515,26.561597222222222,0,145.01
0c3a7b14aa5e70ef5991122f6bb552de,1cf722ec2d1f484c35c1ecfe752b263d,delivered,2017-01-26 10:44:38,2017-01-26 10:55:10,2017-02-03 15:15:42,2017-02-08 16:47:40,2017-02-24,137.99,16.67,1,1,154.66,10,1,5.0,1.0,ed8d3a85dcebf694f8dde843f3cef35a,93032,sao leopoldo,RS,13.252106481481482,28.552337962962962,0,154.66000000000003
4a65f44b9d88b8af9f97037e89366abe,a0c9d999ed3500707f8228b8336e24eb,delivered,2017-01-26 10:56:10,2017-01-26 11:05:35,2017-01-30 11:44:02,2017-02-07 13:11:39,2017-03-06,294.9,14.64,1,1,309.54,6,1,5.0,1.0,d713e6aab2515415431d22053453e1ae,18500,laranjal paulista,SP,12.094085648148148,38.544328703703705,0,309.53999999999996
625b3ac41fea45dbd5aaa02d0941ee59,4f3e4e67565f7302194622e4a3a21365,delivered,2017-01-26 10:58:56,2017-01-26 11:10:28,2017-01-27 11:49:01,2017-02-13 15:24:40,2017-03-06,99.9,14.87,1,1,114.77,3,1,4.0,1.0,1beb7538ce743db62750b0f52a698864,14460,cristais paulista,SP,18.184537037037035,38.54240740740741,0,114.77000000000001
2c4ada2e75c2ad41dd93cebb5df5f023,363d3a9b2ec5c5426608688ca033292d,delivered,2017-01-26 11:09:00,2017-01-26 11:22:17,2017-01-27 14:59:35,2017-02-14 16:24:01,2017-03-07,183.29,25.77,1,1,209.06,1,1,4.0,1.0,d8bee9ec375c3a0f9ef8ed7456a51dcd,76940,rolim de moura,RO,19.218761574074072,39.53541666666667,0,209.06
338cd98c972c8d9b015759974ca7446c,58550909176303c05f37a9f3a3e913cd,delivered,2017-01-26 11:09:11,2017-01-27 11:50:23,2017-01-30 11:45:17,2017-02-02 14:58:07,2017-03-22,49.9,14.52,1,1,64.42,1,1,5.0,1.0,ad79377cfe4283dfba93ba8c545437af,94085,gravatai,RS,7.158981481481481,54.53528935185185,0,64.42
38e2829123a2bd1cbe111564824d0abb,4d27341acd30a36bca39008ee9bb9050,delivered,2017-01-26 11:14:58,2017-01-26 11:25:21,2017-01-27 12:19:14,2017-02-09 12:15:20,2017-02-22,223.9,15.74,1,1,239.64,4,1,5.0,1.0,e021e698833bdeb89dfef3acb2e91f37,89254,jaragua do sul,SC,14.041921296296296,26.53127314814815,0,239.64000000000001
d3a3e3dd365abc6013aa6321b0c12c79,185f6a4579e6c10122c789bc38ba3337,delivered,2017-01-26 11:18:28,2017-01-28 11:31:20,2017-01-31 10:41:19,2017-02-08 13:53:56,2017-03-06,369.0,60.19,1,1,429.19,1,1,1.0,1.0,397d9b4fe1a6f27a7180b14a42dab978,23946,angra dos reis,RJ,13.107962962962963,38.52884259259259,0,429.19
668ee4108169a1d58c55b20ddc3fa3c9,038f88979c9816294e2a236465e8096d,delivered,2017-01-26 11:32:30,2017-01-26 11:45:10,2017-01-27 11:49:01,2017-02-15 18:07:33,2017-03-10,99.9,18.13,1,1,118.03,10,1,5.0,1.0,32203277565d5e9a28b9f0da4ed32698,44059,feira de santana,BA,20.274340277777778,42.51909722222222,0,118.03
9edaabce3c4beef5432b6327ade4109b,d85a33fefc77c4027226b4af1683e21e,delivered,2017-01-26 11:39:55,2017-01-26 11:50:12,2017-02-06 08:35:10,2017-02-14 08:41:51,2017-02-28,199.9,18.4,1,1,218.3,5,1,5.0,1.0,cee4b4591e7b82254d2c518cc30333a3,90130,porto alegre,RS,18.876342592592593,32.51394675925926,0,218.3
78a1a87882880114ee891ccdcbd1ccde,6cfc3156dfe1802dfe72368fa29c63ca,delivered,2017-01-26 11:45:18,2017-01-26 11:55:22,2017-01-27 09:04:53,2017-02-03 10:11:46,2017-02-24,65.0,14.62,1,1,79.62,1,1,5.0,1.0,9fd8877693ff130016da781131003785,13214,jundiai,SP,7.935046296296297,28.510208333333335,0,79.62
b5eeec1b045b05d3e3010ef57120a8dc,c3c0ea16776e0d2c79a9239c552700f3,delivered,2017-01-26 11:48:46,2017-01-26 12:02:13,2017-01-31 16:23:57,2017-02-03 04:12:52,2017-03-06,27.9,8.72,1,1,36.62,1,2,5.0,1.0,6140f784703d4b478385ac73b9e3eef1,8470,sao paulo,SP,7.683402777777777,38.50780092592593,0,36.62
99c0817d6ecd5fe55d21540917f1f5f9,9ec73448134f871bc7bdfdfd444813eb,delivered,2017-01-26 11:51:38,2017-01-26 12:02:09,2017-01-26 12:33:59,2017-02-01 12:14:10,2017-03-06,49.99,14.11,1,1,64.1,1,1,1.0,1.0,89a70a556b3bcb25ed26720f08450bf4,30626,belo horizonte,MG,6.0156481481481485,38.50581018518518,0,64.1
efc734aa0895a5973f3e783a742f1119,9e7ba5e8f54ad8293a1da0e2e458b4b4,delivered,2017-01-26 12:45:40,2017-01-26 12:55:25,2017-01-27 11:47:54,2017-02-13 08:25:02,2017-03-08,349.9,19.88,1,1,369.78,3,1,5.0,1.0,234d6113db7ff4b1a933c65da3d9bf1c,95500,santo antonio da patrulha,RS,17.819004629629628,40.46828703703704,0,369.78
8b93f79b1a4d6b3388dab2356493c0b3,1d72f0479018c73cd9f58abcb01e776f,delivered,2017-01-26 12:49:54,2017-01-26 13:02:26,2017-01-30 10:17:23,2017-02-07 10:52:25,2017-03-14,129.99,29.95,1,1,159.94,10,1,5.0,1.0,9e51b7aa58099f4e2a91f93968c15377,40290,salvador,BA,11.918414351851851,46.46534722222222,0,159.94
b379b3d63e1948d3692990c4e0a5adc8,fe76f5f82711c01468aceb3b3eb7026a,delivered,2017-01-26 13:08:14,2017-01-27 13:31:43,2017-01-31 08:03:06,2017-02-02 15:04:52,2017-03-06,74.9,11.13,1,1,86.03,1,1,5.0,1.0,9e9715e2dea5a3eb18d4e21f7d91a8ee,12248,sao jose dos campos,SP,7.0809953703703705,38.45261574074074,0,86.03
055eb7e5645d86bd278fc4f419622e8d,556960436775082c323282512ab48129,delivered,2017-01-26 13:14:02,2017-01-26 13:25:13,2017-01-26 15:02:28,2017-02-02 13:47:53,2017-03-02,139.99,16.09,1,1,156.08,3,1,5.0,1.0,a427a6c44aec3df75fbbf7da7ce3b178,39801,teofilo otoni,MG,7.023506944444445,34.44858796296296,0,156.08
8557dabbdacec1a9e250f5e70afe1eab,495b67cd5a866ee9a61ea6e8b4cadb51,delivered,2017-01-26 13:15:41,2017-01-27 03:05:28,2017-01-30 15:19:27,2017-02-07 16:45:49,2017-03-08,44.6,16.05,1,1,60.65,1,1,5.0,1.0,2e43e031f10de28e557c35ef668f9396,92410,canoas,RS,12.145925925925926,40.44744212962963,0,60.650000000000006
df56136b8031ecd28e200bb18e6ddb2e,b7770073b02ed1d626a027ce86a4ff82,delivered,2017-01-26 13:15:41,2017-01-27 03:05:27,2017-01-31 19:44:07,2017-02-06 09:52:10,2017-03-23,154.72,50.0,3,2,204.72,1,1,5.0,3.0,2e43e031f10de28e557c35ef668f9396,92410,canoas,RS,10.85866898148148,55.44744212962963,0,204.72
566f53fc7d36fa366f7e221468121877,83b52613d1bcd8c6a66b41526405bad6,delivered,2017-01-26 13:15:42,2017-01-27 03:05:28,2017-01-27 14:20:13,2017-02-06 17:52:46,2017-03-08,69.9,15.7,1,1,85.6,1,1,5.0,2.0,2e43e031f10de28e557c35ef668f9396,92410,canoas,RS,11.192407407407407,40.447430555555556,0,85.60000000000001
b4a600b2f7cc0efe40a086465eca8799,2c03e5b9680aeca26ed87d369d4e097b,delivered,2017-01-26 13:32:04,2017-01-26 13:45:10,2017-01-31 13:59:17,2017-02-08 09:23:58,2017-02-22,689.89,20.04,1,1,709.93,8,1,5.0,1.0,b77d9287064d0c8130947b0c84166a76,15990,matao,SP,12.827708333333334,26.436064814814817,0,709.93
1d5182e38de4f122947727324f2870be,dc657a228881825237f4957775272d1a,delivered,2017-01-26 13:43:07,2017-01-28 02:32:25,2017-01-30 11:41:12,2017-02-22 13:08:33,2017-02-24,98.9,16.39,1,1,115.29,1,1,1.0,1.0,c3662e23d896956c1084e3160c03fed4,71503,brasilia,DF,26.97599537037037,28.428391203703704,0,115.29
9d57e7a9c3dae94772187f73e97d9854,7ebbd71d486f47070362e2e9be10898b,delivered,2017-01-26 13:51:54,2017-01-26 14:02:11,2017-01-27 08:43:07,2017-02-02 07:29:05,2017-03-08,52.9,30.17,2,2,83.07,1,1,5.0,1.0,16a860be408af5ee2e9f8a8dad56ef17,70800,brasilia,DF,6.734155092592593,40.422291666666666,0,83.07
cd3ad05bdb70488e29c3afb5641cc178,83b54583d45924de2866eff235f84a2f,delivered,2017-01-26 13:52:09,2017-01-28 04:36:06,2017-01-30 14:39:23,2017-02-03 14:51:42,2017-03-06,23.9,14.11,1,1,38.01,1,1,5.0,1.0,b48d4174294cc546a7745ef40258de49,23020,rio de janeiro,RJ,8.041354166666666,38.42211805555556,0,38.01
97df4160390cf20ee63b032b5a93d0e2,8a67f4176555ddc74a6e897968988a74,delivered,2017-01-26 14:12:54,2017-01-26 14:25:19,2017-01-26 14:44:01,2017-02-01 15:26:04,2017-02-24,177.0,26.73,1,1,203.73,1,1,5.0,1.0,14b79aa03b656dbd7c3abdbecbcab862,29055,vitoria,ES,6.050810185185185,28.407708333333332,0,203.73
6ca2b1dbcac1751cab45df5faa1b892e,0974e9a00257a842b2ab61eb66b3b435,delivered,2017-01-26 14:26:43,2017-01-26 14:35:20,2017-01-27 16:05:57,2017-01-31 07:17:59,2017-03-02,14.0,8.72,1,1,22.72,1,1,5.0,1.0,ea7086ab7cd398da72b160bd0f89b9b9,4505,sao paulo,SP,4.702268518518519,34.39811342592593,0,22.72
091ac0791556275533697b36e2b00ff4,d0bfc5ed8302e145eb59a75cc94cb715,delivered,2017-01-26 14:29:25,2017-01-26 14:45:11,2017-01-27 11:17:09,2017-02-06 13:42:41,2017-03-06,105.0,61.29,3,1,166.29,1,1,5.0,1.0,c0701622a849e0f0e05461f9c2c427f0,18134,sao roque,SP,10.967546296296296,38.39623842592592,0,166.29
46e61fd85afa09032021c9b0b507b693,3357130ad85f3c9758c6623ba3d51bc4,delivered,2017-01-26 14:41:39,2017-01-26 14:55:13,2017-01-30 11:38:16,2017-02-06 12:52:41,2017-03-02,13.0,10.96,1,1,23.96,1,1,5.0,1.0,bb07648db5b0a3cd55ca6a116f011fc4,19053,presidente prudente,SP,10.924328703703704,34.38774305555555,0,23.96
2b98d5c9b1969095e65f74308ae2e861,640e434ec3d0792f339955ac55798c63,delivered,2017-01-26 15:01:45,2017-01-27 15:31:33,2017-01-31 16:24:59,2017-02-06 11:04:25,2017-02-20,177.0,18.53,1,1,195.53,6,1,5.0,1.0,ab3ae2b67d11f63dfd9ee1899afda3e4,13240,jarinu,SP,10.835185185185185,24.373784722222222,0,195.53
1bf6db71e147c950fe9925e0be89ec4b,ec26ff9b46af83d9c60691c89bf24895,delivered,2017-01-26 15:37:27,2017-01-26 15:50:18,2017-01-30 13:32:39,2017-02-08 13:08:37,2017-03-02,65.0,17.88,1,1,82.88,8,1,5.0,1.0,60e6fe581610db699ac03fec61f4d53f,30130,belo horizonte,MG,12.896643518518518,34.34899305555555,0,82.88
102b790156f60813474ed025355a59d5,b97e4013860297dba48d699f12f91fcb,delivered,2017-01-26 15:37:38,2017-01-26 15:50:17,2017-01-27 13:24:47,2017-02-08 08:04:25,2017-02-22,81.8,14.74,1,1,96.54,1,1,5.0,1.0,9b408f12da0705a93d8e83f59b84f60e,35400,ouro preto,MG,12.685266203703703,26.34886574074074,0,96.53999999999999
c37d452db8a3abfa3d99c322e92ef0ef,99de4444dbc09f097afa14d4ac4ae448,delivered,2017-01-26 15:50:03,2017-01-26 16:02:00,2017-01-31 15:31:05,2017-02-03 17:05:57,2017-03-06,39.99,14.52,1,1,54.51,1,1,5.0,1.0,e028094e844981adaf6de76e17d60351,81350,curitiba,PR,8.052708333333333,38.340243055555554,0,54.510000000000005
0b6d11d4a289a1574e8888f2558dd548,97e5e50c02504e32d222320d8c4dfbd1,delivered,2017-01-26 16:03:15,2017-01-26 16:15:09,2017-02-01 11:49:16,2017-02-10 05:34:06,2017-02-28,59.9,15.63,1,1,75.53,1,1,3.0,1.0,350e8b23ce9d4b0cb07e219f1735b04a,88103,sao jose,SC,14.563090277777778,32.33107638888889,0,75.53
64cad05fe3f34277719621c70f416ad2,3576d9f3793f6dbfd0d915eb446d31c5,delivered,2017-01-26 16:20:32,2017-01-26 16:35:24,2017-02-03 08:03:48,2017-02-13 19:37:47,2017-03-06,239.9,77.47,1,1,317.37,6,1,5.0,1.0,9b0e2c4e40a458cf215f8f652f64a5ba,38408,uberlandia,MG,18.136979166666666,38.319074074074074,0,317.37
3a1756d7060a993e85f1614b43da0c03,584a48000c599c79acafff0af5cd4cf1,delivered,2017-01-26 16:23:03,2017-01-26 16:45:14,2017-01-30 14:28:13,2017-02-02 10:43:45,2017-02-20,166.4,49.36,2,1,215.76,3,1,5.0,1.0,bf4023e50a4a19e09b7200e861af76c6,2452,sao paulo,SP,6.764375,24.31732638888889,0,215.76
dd480c63548e3c0b7219520e3784ebd2,a83a89abd16a03e6376fb659ca7b6612,delivered,2017-01-26 16:25:36,2017-01-26 16:35:22,2017-01-27 12:47:43,2017-02-08 14:47:25,2017-02-22,186.0,15.47,1,1,201.47,4,1,1.0,1.0,9dddffdd447ab3aa654122a6a1049906,37640,extrema,MG,12.93181712962963,26.315555555555555,0,201.47
23ad1ae9db6999293449603e1a247803,d71a8cffeb2a8ca4ad2375b72d94c8ad,delivered,2017-01-26 16:25:37,2017-01-26 16:35:23,2017-01-27 15:44:17,2017-02-03 17:23:38,2017-02-22,139.9,11.59,1,1,151.49,5,1,5.0,1.0,57c7328718a984a6d070841c93386322,13567,sao carlos,SP,8.040289351851852,26.315543981481483,0,151.49
1962f977f7b7b5eb73a3c2c39bbc93b5,a154f40a53dbfc81340f0834f035e89e,delivered,2017-01-26 16:28:04,2017-01-27 10:41:55,2017-01-27 16:30:24,2017-01-31 07:05:00,2017-03-02,23.9,8.72,1,1,32.62,1,1,5.0,1.0,b24f550daff91e457c446db85553ede0,3337,sao paulo,SP,4.608981481481481,34.31384259259259,0,32.62
b782d486ebb05fdf0ba6ec05652f704f,3afe43b81b0d102b2ca5138ab53f418a,delivered,2017-01-26 16:29:30,2017-01-28 02:32:24,2017-02-01 08:37:30,2017-02-06 14:23:54,2017-03-02,1718.0,119.16,2,1,1837.16,1,1,5.0,1.0,15fbc48df691e0ad51b0cf30d86392a2,4609,sao paulo,SP,10.912777777777778,34.312847222222224,0,1837.16
8d9a9808c4a5546adb15d524d6ab2e91,3bb0f1d5881cfaf2de8eacdbe88b2d58,delivered,2017-01-26 16:44:35,2017-01-26 17:02:23,2017-02-20 13:52:07,2017-02-21 10:48:42,2017-02-24,3.9,10.96,1,1,14.86,1,1,1.0,1.0,4079d39cb3fdea47201540107c1673dc,7804,franco da rocha,SP,25.752858796296298,28.302372685185187,0,14.860000000000001
e08f76fed43c999d57979d1879871ce1,61aecad4ecccb2ef8e88726a68d832d5,delivered,2017-01-26 16:48:24,2017-01-28 04:36:02,2017-02-01 12:38:57,2017-02-08 16:54:37,2017-02-28,89.57,15.39,1,1,104.96,1,1,5.0,1.0,c8bc38379b2217871ffd56f27cebda40,81450,curitiba,PR,13.00431712962963,32.29972222222222,0,104.96
4ac9d969022c4a7ba509b39bb0f3d36c,5b7b7de303afbe0e48035449a3e86a5e,delivered,2017-01-26 16:59:33,2017-01-26 17:15:10,2017-01-30 12:17:25,2017-01-31 18:56:02,2017-03-06,27.99,14.11,1,1,42.1,1,1,3.0,1.0,80f272114de4e7dfa88629b9f3bf0095,80730,curitiba,PR,5.080891203703704,38.291979166666664,0,42.099999999999994
c13e334a4d2b0b11e6422e69d009de0c,739615c495132b26d5897b7f91e8c19f,delivered,2017-01-26 17:38:13,2017-01-26 17:50:14,2017-01-27 06:35:02,2017-02-17 16:32:45,2017-03-06,34.9,15.11,1,1,50.01,1,1,5.0,1.0,bce81bd5656dc95b94c97f0a05db1250,20720,rio de janeiro,RJ,21.95453703703704,38.26512731481481,0,50.01
43f8e020752c67130ddf027e0297291a,964343a3f8a65e01ffad1b9bfaa7d7e9,delivered,2017-01-26 17:40:03,2017-01-26 17:50:13,2017-01-27 17:34:52,2017-03-10 05:41:43,2017-02-22,87.9,14.79,1,1,102.69,10,1,4.0,1.0,d9643e0f17a9f63e44217990f46a96f9,28892,rio das ostras,RJ,42.501157407407405,26.26385416666667,1,102.69
73e934755292def8b6519b03f2230723,bd8e2c85ac6c8810b119d2dd90c54ce5,delivered,2017-01-26 17:48:22,2017-01-26 18:02:35,2017-01-30 11:07:50,2017-02-07 11:59:03,2017-02-22,33.5,15.56,1,1,49.06,2,1,4.0,1.0,94e62e9baf0b7cca77bfdd81ba8746cb,22441,rio de janeiro,RJ,11.757418981481482,26.258078703703703,0,49.06
67d0c933fefa1c4ff65e800b8c8bf804,5fecda646005785f0338ead4ed426198,delivered,2017-01-26 18:04:03,2017-01-26 18:15:10,2017-01-30 18:16:10,2017-02-06 13:05:57,2017-03-06,26.0,29.04,2,1,55.04,1,1,4.0,1.0,9ad1506972e27cf782ac75246c5ee76e,24140,niteroi,RJ,10.79298611111111,38.2471875,0,55.04
65fd2f07bc74b8df1728cc3ee9e19ebb,d118674ac7bfbd3385a7546522278e5d,delivered,2017-01-26 18:19:41,2017-01-26 18:30:47,2017-01-27 12:19:15,2017-01-31 09:14:15,2017-02-22,223.9,15.74,1,1,239.64,1,1,5.0,1.0,13cdb9d2530b1193e81f0c447924d2f0,4140,sao paulo,SP,4.621226851851852,26.23633101851852,0,239.64000000000001
678b28f078641e74d50be86b4ecaec7e,58d1b021c741cc8728280bbe6d0b3da8,delivered,2017-01-26 18:19:42,2017-01-26 18:30:42,2017-01-27 10:12:50,2017-01-31 18:43:58,2017-02-24,40.0,16.05,1,1,56.05,2,1,5.0,1.0,35cd47c762d9677a58dbe27d5e6c5630,92420,canoas,RS,5.016851851851852,28.236319444444444,0,56.05
481f2db41ea6571226192db2b584fa6e,bae2e17717f1e6f357bbac0107dabfd6,delivered,2017-01-26 18:27:04,2017-01-26 19:00:21,2017-02-06 11:54:29,2017-02-13 13:34:45,2017-02-22,30.97,14.52,1,1,45.49,2,1,5.0,1.0,a908f7551bf4ad06732bd84eff560037,39804,teofilo otoni,MG,17.797002314814815,26.231203703703702,0,45.489999999999995
2363f4be725c1746c141cfe7e8432910,5ced20bad39ba7915376770d8d933233,delivered,2017-01-26 18:33:10,2017-01-26 19:20:05,2017-01-27 15:24:41,2017-02-03 14:54:05,2017-03-08,127.9,26.39,1,1,154.29,3,1,5.0,1.0,29cde91fa14abca6b723ec94c18c2a59,35053,governador valadares,MG,7.847858796296296,40.226967592592594,0,154.29000000000002
16976f8e43d0c9ee6079e3ed9eaa4fed,cfe4eb5b21969ebd94370819e38c07b5,delivered,2017-01-26 18:48:30,2017-01-26 19:02:34,2017-01-27 16:36:28,2017-02-08 17:25:28,2017-03-14,41.9,20.8,1,1,62.7,4,1,5.0,1.0,cde316c0782f6532cda25c5158a5b6d5,31210,belo horizonte,MG,12.942337962962963,46.216319444444444,0,62.7
beeff7037aa708c19973290382629a4c,ae110dc6d8fbfd770a279c10fdb11356,delivered,2017-01-26 18:54:48,2017-01-26 19:05:17,2017-01-27 08:03:19,2017-03-11 08:57:39,2017-02-20,209.99,12.86,1,1,222.85,3,1,2.0,1.0,59d70280e586b9af0a548f9e0fe68cae,5832,sao paulo,SP,43.5853125,24.211944444444445,1,222.85000000000002
c6be81e3c1e9e15e5893e19d7ce49647,57de18af3ee9319c436bc09bfb515b5d,delivered,2017-01-26 20:15:14,2017-01-27 10:45:37,2017-01-30 17:25:25,2017-02-02 12:54:48,2017-02-22,48.9,14.11,1,1,63.01,1,1,1.0,1.0,6879d467c6969cf149a17b5813535837,5018,sao paulo,SP,6.694143518518518,26.156087962962964,0,63.01
08432abcf785878edf1221a0611960ea,48e5d2b2d852ddbca633fe87804939cb,delivered,2017-01-26 20:37:39,2017-01-28 04:34:46,2017-01-30 13:01:34,2017-02-08 14:38:50,2017-02-24,29.99,17.19,1,1,47.18,1,1,5.0,1.0,c29fa3544a4e3c96964055e4c1a45138,91570,porto alegre,RS,12.75082175925926,28.140520833333333,0,47.18
8846a9571a893b22eb57d4732b978bbb,dcb2e23f71877ba3dee97c2ec27f1a81,delivered,2017-01-26 20:44:49,2017-01-26 20:55:17,2017-01-27 11:47:12,2017-02-03 12:34:51,2017-03-02,379.9,45.12,1,1,425.02,8,1,5.0,1.0,48d1dced151a0925eadb3614f732f220,18271,tatui,SP,7.65974537037037,34.13554398148148,0,425.02
db7d019ce87ceb1539bd37353ab408ba,bd2c13f9aff19c6adfe232373946e6ea,delivered,2017-01-26 20:55:09,2017-01-26 21:05:20,2017-01-30 13:59:59,2017-02-07 08:12:06,2017-03-08,126.99,24.71,1,1,151.7,2,2,5.0,1.0,1842d12ff8f27b3e8a95f5a98a14dfb3,97032,santa maria,RS,11.470104166666667,40.128368055555555,0,151.7
9b42f8813f6bfa620e0c91a4e132f2c0,1cf8e420d259ba1c8e79065408f9bb9e,delivered,2017-01-26 20:56:43,2017-01-26 21:05:19,2017-01-31 13:22:47,2017-02-03 08:12:35,2017-02-20,113.0,13.37,1,1,126.37,2,1,5.0,1.0,f188bcfdf0d853ae624280116fd6009e,5756,sao paulo,SP,7.469351851851852,24.127280092592592,0,126.37
bbf0608a4772666602f2fe57fe81742e,e1524dd0c685ee8f075fe01f661a4017,delivered,2017-01-26 21:07:27,2017-01-26 21:21:56,2017-01-27 10:50:36,2017-02-07 13:36:49,2017-02-24,105.9,17.58,1,1,123.48,1,1,5.0,1.0,5b2339965459982f42b6fda1b13a27b4,90620,porto alegre,RS,11.687060185185185,28.11982638888889,0,123.48
64ba433f9d86e1df4e9cb86b1a3884d1,b19fa13f00227b289b6d04e426f9673d,delivered,2017-01-26 21:11:42,2017-01-28 21:32:16,2017-01-30 12:01:43,2017-02-07 13:37:49,2017-03-08,21.98,31.3,2,1,53.28,5,1,4.0,1.0,09afae2d61d41a7f90d30c3ce36c5f26,91130,porto alegre,RS,11.684803240740742,40.116875,0,53.28
e9cd104dfc8837e084c067292c013b0a,c75e4def2f3ec80fc03a535c4f9b37a2,delivered,2017-01-26 21:33:43,2017-01-26 21:45:16,2017-01-28 07:28:57,2017-02-02 13:22:23,2017-03-02,36.75,10.96,1,1,47.71,4,1,4.0,1.0,07d3ac0b8a40ad4382c576f69f81fc75,13272,valinhos,SP,6.6587962962962965,34.101585648148145,0,47.71
bfbf87cc2829df6adac299ab0cc012bc,816346b2de82fd39be31ae7f42fef07f,delivered,2017-01-26 21:58:21,2017-01-26 22:05:20,2017-01-30 12:14:13,2017-02-06 13:13:10,2017-03-02,229.9,21.92,1,1,251.82,3,1,4.0,1.0,e1b59a2032b34097d0c1c8d320f40832,30150,belo horizonte,MG,10.635289351851851,34.08447916666667,0,251.82
721c90253d3c1f625f71e2faf53a6b57,742cedd54dad5e81da2cdaf719678e3d,delivered,2017-01-26 21:58:53,2017-01-26 22:15:13,2017-01-30 09:09:54,2017-02-03 15:09:34,2017-02-20,42.0,21.92,2,1,63.92,1,1,5.0,1.0,ddbead72efcebad74eb7e952b034e995,8717,mogi das cruzes,SP,7.715752314814814,24.084108796296295,0,63.92
fc79bdcefc8fbd9f44f8cf9633793359,f17aac72ebe06a7fbf7f6c923cd82718,delivered,2017-01-26 22:15:09,2017-01-26 22:30:17,2017-01-27 15:44:25,2017-02-03 16:42:04,2017-03-02,12.9,10.96,1,1,23.86,2,1,4.0,1.0,c9db46713c0120a12c6abbed0f949993,17052,bauru,SP,7.768692129629629,34.0728125,0,23.86
7249fd69ae42373a6a357567e41ecc57,c2a3ea344de262f71dfb5d9f83a02adf,delivered,2017-01-26 22:15:22,2017-01-26 22:25:11,2017-01-27 16:14:22,2017-02-08 09:52:05,2017-02-24,89.99,20.71,1,1,110.7,1,1,5.0,1.0,60cf7bedff25cf587405fb4eceab96cd,14730,monte azul paulista,SP,12.483831018518519,28.072662037037038,0,110.69999999999999
96867881a8d245ffae18dd2f1c4898d2,40e7a663ffaa7aa2f2ad20d6d40d6b14,delivered,2017-01-26 22:19:43,2017-01-26 22:30:17,2017-01-27 11:47:20,2017-02-08 12:12:39,2017-03-02,239.9,15.85,1,1,255.75,8,1,5.0,1.0,c69e5a82eb301db90128811f6ef51125,13360,capivari,SP,12.578425925925925,34.0696412037037,0,255.75
9d34d5659dfa39b38d29bfcf0c85ead9,dd32ce6c2b55f4746c288375a89ce176,delivered,2017-01-26 22:23:15,2017-01-26 22:30:18,2017-01-30 09:02:53,2017-02-08 16:47:45,2017-03-02,27.6,21.92,2,1,49.52,1,1,4.0,1.0,26637eea80412340159f0d7d9bac0d77,13010,campinas,SP,12.767013888888888,34.0671875,0,49.52
042e247be09aeae88a74e35766aa03ca,23b8c6b8acf581a5d3c4bd97d55c86bc,delivered,2017-01-26 22:28:07,2017-01-28 20:32:18,2017-01-31 13:23:50,2017-02-14 13:38:40,2017-03-06,119.0,34.32,2,1,153.32,5,1,3.0,1.0,83822098b0d5345dc6cb790a224c4492,24460,sao goncalo,RJ,18.632326388888888,38.06380787037037,0,153.32
44ed09232a24ad29cf2457b2780e806b,2b8784fee7592d8c11a970f175cb5d71,delivered,2017-01-26 22:44:11,2017-01-26 22:55:10,2017-01-31 14:06:00,2017-02-08 08:09:06,2017-03-10,176.99,96.63,1,1,273.62,10,1,4.0,1.0,b7da10f6d11e0b62cddf30186578200d,95703,bento goncalves,RS,12.392303240740741,42.052650462962966,0,273.62
146bfe4003096bc16316672e59c6fb2e,47443a10c52e727aeab6b6cae75dbdb6,delivered,2017-01-26 23:08:52,2017-01-26 23:21:57,2017-01-27 13:57:24,2017-02-01 11:09:38,2017-02-20,54.9,10.99,1,1,65.89,1,1,5.0,1.0,7f2a5d876d919c76959e14657acdf942,35290,mantena,MG,5.500532407407407,24.03550925925926,0,65.89
bdf4423bf60eac03b6786ebd0e507cc1,0040b00970e2139e8c43b647c0da5305,delivered,2017-01-26 23:10:07,2017-01-26 23:25:14,2017-02-06 11:54:30,2017-02-15 15:27:48,2017-02-20,30.97,10.96,1,1,41.93,2,1,5.0,1.0,8dfb9fff0eac6a63f34ed7707068e988,12942,atibaia,SP,19.678946759259258,24.034641203703703,0,41.93
abbbf52551bc34cd52a7851c06dfca90,594ceaa56731ed8539ea1b5437d9e311,delivered,2017-01-26 23:20:31,2017-01-28 04:35:50,2017-03-17 09:45:32,2017-04-05 14:14:58,2017-03-14,198.0,41.48,2,1,239.48,1,1,1.0,1.0,040e4df45a02c9d398c233227f207f67,71503,brasilia,DF,68.62114583333333,46.02741898148148,1,239.48
7cc5f7da21653de1b71a6f4ad590e5a1,2f21a50c8c1214f27c501848fce8eb64,delivered,2017-01-26 23:33:35,2017-01-27 17:31:13,2017-01-31 16:24:59,2017-02-13 12:17:40,2017-03-10,439.0,24.54,1,1,463.54,1,1,4.0,1.0,1ccbae0dcd0c452b88a40c54f9d78401,88400,ituporanga,SC,17.530613425925925,42.01834490740741,0,463.54
4047217c6029782c1996e3cec14ef005,7c912bf7e7b05be2cc0a11c603a6332d,delivered,2017-01-26 23:41:13,2017-01-26 23:50:17,2017-01-27 10:15:52,2017-02-06 10:15:33,2017-02-22,179.85,16.47,1,1,196.32,4,1,5.0,1.0,0d8813732f25d4185df8c792dafe28c8,9405,ribeirao pires,SP,10.44050925925926,26.01304398148148,0,196.32
a8305d2dfd60042d6000b3de3bc533a3,896ca8dffa927becb8dca9eabff5ff84,delivered,2017-01-26 23:48:56,2017-01-27 01:05:27,2017-01-30 16:54:34,2017-02-01 15:28:03,2017-03-06,60.0,14.18,1,1,74.18,1,1,5.0,1.0,18bc87094128bbfe943cf88adcf72059,1238,sao paulo,SP,5.652164351851852,38.00768518518519,0,74.18
aa04ef5214580b06b10e2a378300db44,f01a6bfcc730456317e4081fe0c9940e,delivered,2017-01-27 00:30:03,2017-01-27 01:05:25,2017-01-30 11:40:16,2017-02-07 13:15:25,2017-03-17,370.0,19.43,1,1,389.43,5,2,5.0,1.0,e03dbdf5e56c96b106d8115ac336f47f,35502,divinopolis,MG,11.53150462962963,48.97913194444445,0,389.43
3440f090efa1949bc4e9ebd0b89b2b6c,2acac3dfe4fa0e75b07461873a67e7e6,delivered,2017-01-27 00:34:10,2017-01-28 04:34:44,2017-01-30 09:57:31,2017-02-10 18:43:38,2017-03-09,39.9,29.55,1,1,69.45,1,1,5.0,1.0,93027a697145bb67a134f56e9a3f0d9a,66833,belem,PA,14.756574074074074,40.976273148148145,0,69.45
1c47e7875c7c3bd3399467e179c5c3bf,920262e9d102e1706e797902ac8e9d4b,delivered,2017-01-27 01:24:22,2017-01-28 03:31:13,2017-01-30 11:45:17,2017-02-08 10:45:40,2017-02-23,223.9,15.74,1,1,239.64,1,1,5.0,1.0,fec0f9b88ab21b6b9bd1961500e83665,1258,sao paulo,SP,12.389791666666667,26.941412037037036,0,239.64000000000001
47378b461210a310c95e17323f7dd726,8a5881366c8a17270865c025f0636675,delivered,2017-01-27 05:27:14,2017-01-28 03:31:22,2017-01-30 13:42:08,2017-02-06 15:44:33,2017-03-07,124.99,19.15,1,1,144.14,1,1,5.0,1.0,de179e054de0c203fe910e0443746173,7850,franco da rocha,SP,10.42869212962963,38.77275462962963,0,144.14
775eb0ae1891c8dd8f12c2f8c6850006,a47703d55341244bf9e82521834ad64a,delivered,2017-01-27 09:20:04,2017-01-28 10:32:02,2017-01-30 11:38:21,2017-02-07 11:58:55,2017-03-16,1299.0,27.79,1,1,1326.79,8,1,4.0,1.0,482b83576bf1699dd0a448805e211146,76265,santa fe de goias,GO,11.1103125,47.61106481481482,0,1326.79
38eb881851d90ec36b46d10b81792089,9605611724e3d18d409d01f49f56ff54,delivered,2017-01-27 09:29:40,2017-01-27 09:41:26,2017-01-30 10:14:02,2017-02-07 11:33:44,2017-03-09,37.8,34.38,2,1,72.18,7,1,4.0,1.0,ea7db74b1a04a7a1bbfab5c7d67f3f25,14402,franca,SP,11.086157407407407,40.60439814814815,0,72.18
55090b3dd39aed5a2019b57cce6b174d,8caa2b611962f72d9905feffb8501593,delivered,2017-01-27 09:33:01,2017-01-31 04:41:30,2017-01-31 10:57:58,2017-03-13 13:22:34,2017-03-17,99.9,25.19,1,1,125.09,1,1,2.0,1.0,7588c20c457369de8caad958afc1cc06,76824,porto velho,RO,45.15940972222222,48.60207175925926,0,125.09
fb975e889b11a08705d3b2734b626916,c7e79ac0034b4accdb78aa403ba6f68c,delivered,2017-01-27 09:51:08,2017-01-27 10:10:14,2017-02-06 11:54:28,2017-02-20 12:07:48,2017-02-27,30.97,16.05,1,1,47.02,1,1,3.0,1.0,8dd4b0771b20160bde2b4fb598c3f554,29338,itaipava,ES,24.09490740740741,30.58949074074074,0,47.019999999999996
92e3415f60fec80f07ebca939434c3a7,85163f5cd854d552b1627f12e52721fc,delivered,2017-01-27 10:29:59,2017-01-27 10:41:54,2017-01-31 11:50:54,2017-02-02 17:43:58,2017-03-03,29.99,10.96,1,1,40.95,1,1,5.0,1.0,c84bec9314ced846300a26484ef9a52b,35970,barao de cocais,MG,6.301377314814815,34.56251157407407,0,40.95
6c7481b5566c6a3821a91a05b0f9f7c8,9668e82e922394b6e8ee41f4400580eb,delivered,2017-01-27 10:31:21,2017-01-27 10:45:43,2017-01-27 11:48:18,2017-02-08 14:18:56,2017-03-03,59.9,14.59,1,1,74.49,3,1,5.0,1.0,6de829a55f2a1592af7e35782e8cf48c,37200,lavras,MG,12.158043981481482,34.5615625,0,74.49
444ba35537c4a2b24c3bf2e576ee98ac,c4dcf192d129b8388592885dd24fc476,delivered,2017-01-27 10:34:34,2017-01-28 02:32:27,2017-01-30 10:18:24,2017-02-07 09:54:56,2017-03-01,119.99,20.92,1,1,140.91,1,1,5.0,1.0,1e0e8ead2f7835dc5b4da4fd2fb9af9e,37890,muzambinho,MG,10.972476851851852,32.559328703703706,0,140.91
26c18b7ca7a6a870496dafd3633b3412,a30ed289c17f4e875d4ac2110dc19040,delivered,2017-01-27 10:36:14,2017-01-27 10:55:08,2017-01-27 14:48:25,2017-02-02 12:32:12,2017-03-07,79.9,17.3,1,1,97.2,1,1,5.0,1.0,c12d2d5af57f056bdf9add9481948fb6,19900,ourinhos,SP,6.080532407407407,38.558171296296294,0,97.2
3c6f2c25e0bc1279d17395ec365ea14c,4da838ac0a5e78523963ae590a05ef43,delivered,2017-01-27 10:52:15,2017-01-31 04:32:54,2017-01-31 10:19:47,2017-02-02 16:57:54,2017-02-21,49.99,10.96,1,1,60.95,1,1,5.0,1.0,85f577ceedf143eb1f3248c42e7c52f3,6663,itapevi,SP,6.253923611111111,24.547048611111112,0,60.95
89484162f10c48a5cbccb77221419395,7dac3d4de500983168e1b1bca53be307,delivered,2017-01-27 11:34:09,2017-01-28 04:34:43,2017-01-31 13:59:16,2017-02-13 11:07:57,2017-03-24,223.9,50.0,1,1,273.9,1,1,5.0,1.0,351a33d3fc09554e07f3384309e31bd1,35190,iapu,MG,16.981805555555557,55.51795138888889,0,273.9
b8a4cbf978ddb7ef0264c480a122329f,0c9250b6e51b94c3250b3992631fb100,delivered,2017-01-27 11:36:22,2017-01-27 11:55:47,2017-01-27 12:30:55,2017-01-31 11:57:36,2017-02-21,6.99,8.72,1,1,15.71,1,1,5.0,1.0,04544a89f79714c0abcc3ae49e884209,1303,sao paulo,SP,4.01474537037037,24.516412037037036,0,15.71
a89b268d1a28bab0770e650f25232b06,eb534900c64fcbbe53a4158d78c3bbd4,delivered,2017-01-27 11:38:59,2017-01-28 05:32:05,2017-01-30 11:06:19,2017-01-31 17:27:26,2017-03-01,23.9,10.96,1,1,34.86,1,1,5.0,1.0,62f838d90fa602253fca5ab51b672179,20270,rio de janeiro,RJ,4.241979166666667,32.51459490740741,0,34.86
749a31c1093994e39ecb4aef66a7aa3a,8283002ac9ca2ece392746190b152185,delivered,2017-01-27 11:57:43,2017-01-27 12:15:40,2017-01-27 16:30:24,2017-02-06 10:39:02,2017-03-09,23.9,16.05,1,1,39.95,1,1,5.0,1.0,45db875949ee3ef18fafdf817076165f,95052,caxias do sul,RS,9.945358796296297,40.50158564814815,0,39.95
a503ed3639b58426f15f719d61bfe408,a11a96019906d49f5d01edda79022941,delivered,2017-01-27 12:10:43,2017-01-27 12:31:29,2017-02-01 01:02:56,2017-02-15 18:45:02,2017-03-03,199.99,34.6,1,1,234.59,4,1,5.0,1.0,7ccbb0145aa630a84998d6584129a96c,78065,cuiaba,MT,19.273831018518518,34.49255787037037,0,234.59
5d36e8ca3ccd1262b7641467fdba0b8e,3b2b96751131c948164edc5d21d27abb,delivered,2017-01-27 12:10:46,2017-01-27 12:31:29,2017-01-30 10:26:15,2017-02-08 18:42:20,2017-03-20,79.9,23.0,1,1,102.9,1,1,5.0,1.0,55b3a0a9998356016bbb072bf8c188a6,60830,fortaleza,CE,12.271921296296297,51.492523148148145,0,102.9
ce500b2ca0d960f937fb4d24282d3291,b77ef6aa11b50074739e74d4a78ae4a9,delivered,2017-01-27 12:15:07,2017-01-28 04:34:27,2017-01-31 10:05:13,2017-02-15 18:22:02,2017-03-02,129.99,21.54,1,1,151.53,1,1,1.0,1.0,b992ba5b73d1e67d34f48d71a5617e88,75805,jatai,GO,19.254803240740742,33.489502314814814,0,151.53
b5d124183f47ec6adf54b1cfc3e445f8,0c17965e427088da168bf202d9847f7a,delivered,2017-01-27 12:22:34,2017-01-27 13:31:03,2017-01-27 14:21:27,2017-01-31 13:18:06,2017-03-07,29.9,14.11,1,1,44.01,1,1,4.0,1.0,3f26a900e8a097011c321eb6eb66ded7,5014,sao paulo,SP,4.038564814814815,38.4843287037037,0,44.01
2bcf5ca88957e31faab027f2325cfd63,65b8331f36ef1247c8b665fdb5b2308a,delivered,2017-01-27 12:29:31,2017-01-28 04:35:59,2017-02-01 00:49:00,2017-02-07 15:12:07,2017-03-06,49.0,10.96,1,1,59.96,1,1,5.0,1.0,d2e20ff389a9279d9dd515f5cf857e76,12604,lorena,SP,11.112916666666667,37.479502314814816,0,59.96
142c8688b5b13e21ac5a448a1688b9d7,96c6d161a734e063fba237c7d58f75d6,delivered,2017-01-27 12:31:05,2017-01-27 14:31:16,2017-02-13 06:38:34,2017-02-23 07:34:18,2017-02-27,299.9,27.6,1,1,327.5,12,1,4.0,1.0,43f7e3bbb6ef01b8524741070eec8701,9133,santo andre,SP,26.793900462962963,30.478414351851853,0,327.5
bfa74f7450cf978b57226b70a6a8936f,e616e1806cf7fa06607a83d2f97f3993,delivered,2017-01-27 12:51:19,2017-01-28 04:35:47,2017-01-30 17:42:10,2017-02-03 10:37:40,2017-03-06,59.99,11.03,1,1,71.02,1,1,5.0,1.0,93d934c3a86cf8a7e0e7631fd80f9ce9,9852,sao bernardo do campo,SP,6.9071875,37.464363425925924,0,71.02
126da462f642d99483c0691ac474c783,160ac713dfef7d7f57a0f61d8a0df5b4,delivered,2017-01-27 12:54:57,2017-01-27 13:31:02,2017-01-27 13:48:14,2017-02-03 16:14:53,2017-03-02,129.9,18.0,1,1,147.9,1,2,4.0,1.0,6bc9bf98a4897e4c512e8bfe808fe584,11666,caraguatatuba,SP,7.138842592592592,33.461840277777775,0,147.9
9d6f552c9b731d52bb9c9b6051ddf5a2,28d65a634bc74f4f8b823cf8dd5e8b34,delivered,2017-01-27 12:54:59,2017-01-31 04:36:08,2017-01-31 17:12:07,2017-02-13 14:44:08,2017-03-21,29.99,26.61,1,1,56.6,1,1,4.0,1.0,c9a46f6978294b1095dffd3f228bea68,66093,belem,PA,17.07579861111111,52.46181712962963,0,56.599999999999994
d01c0baa4630bdd8a5d0266931837209,5be96cc643f055c5ec688661898ff816,delivered,2017-01-27 13:32:58,2017-01-27 14:31:48,2017-01-31 10:51:49,2017-02-04 09:23:37,2017-03-14,179.49,18.0,2,2,197.49,1,1,1.0,1.0,c293bfd1d0d3bca4b541fbfeb93d4d96,11471,guaruja,SP,7.8268402777777775,45.43543981481481,0,197.49
3ff04db80f0b2c359e8e47fdb913d826,8a861c441f42b3297875a0eb3bf98b5f,delivered,2017-01-27 13:37:09,2017-01-27 14:31:27,2017-01-27 15:20:47,2017-02-07 10:11:26,2017-03-08,669.0,22.0,1,1,691.0,10,1,4.0,1.0,a68366a33b3fb472b124bba255416bea,96450,dom pedrito,RS,10.857141203703703,39.43253472222222,0,691.0
6f334a2e1303fe798ae16f4c33269e82,d69688d427da267e3c2d564db094796a,delivered,2017-01-27 13:43:36,2017-01-27 14:31:23,2017-02-06 12:37:59,2017-02-12 12:21:54,2017-03-08,89.57,18.0,1,1,107.57,5,1,5.0,1.0,c1254a1e8dde33aa9aa2ec0a5b93452a,31741,belo horizonte,MG,15.94326388888889,39.42805555555555,0,107.57
08e617c0a81895c4d5f6ab1e4a20fad0,a2ca0ba8cb6271f95f286421b60681aa,delivered,2017-01-27 14:01:20,2017-01-28 03:31:21,2017-01-30 15:45:48,2017-02-02 12:07:30,2017-03-03,119.96,18.0,4,1,137.96,1,1,5.0,1.0,15bc17a24fe18da7be93a48546fcadab,18270,tatui,SP,5.920949074074074,34.41574074074074,0,137.95999999999998
1e6377b497624e8fa908ee4a87e3687d,e81fc327c9365a91e9ce38e8d904647f,delivered,2017-01-27 14:12:01,2017-01-31 04:36:36,2017-01-31 11:14:14,2017-02-13 07:13:59,2017-03-09,53.8,18.0,2,1,71.8,1,1,5.0,1.0,44b95b41e1172e2926917fd5c4e77e62,94930,cachoeirinha,RS,16.709699074074074,40.40832175925926,0,71.8
05ca3bba2e4c3bc5c601b57af96cf3cf,b8cdbd2d79fb877b224b27ff548c297d,delivered,2017-01-27 14:24:28,2017-01-28 03:31:34,2017-01-30 08:34:54,2017-02-22 18:15:45,2017-03-29,66.99,18.0,1,1,84.99,1,1,5.0,1.0,717018d40515ebcca772cad60799b58f,95775,tupandi,RS,26.160613425925927,60.399675925925926,0,84.99
b4d81b7ba0a5e97d9b77104dc0f3b82d,707fac20a2b45cac1486d1ba891b629c,delivered,2017-01-27 14:27:36,2017-01-27 15:30:59,2017-02-03 13:29:35,2017-02-07 07:34:53,2017-03-24,119.99,50.0,1,1,169.99,1,1,2.0,1.0,4940b91a3fa4f12b278323515e9eac62,5451,sao paulo,SP,10.713391203703704,55.3975,0,169.99
b866af202be0692766081310cd4085e1,d1800078046ed2e5ae1b0792b695c56e,delivered,2017-01-27 14:59:17,2017-01-27 15:30:46,2017-02-20 02:32:08,2017-02-15 03:53:46,2017-04-17,188.65,18.0,2,2,206.65,8,1,4.0,1.0,64fbafb2935c7a2588d6a26a9d750487,3063,sao paulo,SP,18.53783564814815,79.37549768518518,0,206.65
281a4e1ef3ab9d256027ddd2db90c762,48fe0a56997c0eaac6fa6f50fc9d8020,delivered,2017-01-27 14:59:18,2017-01-27 15:30:56,2017-01-31 15:07:35,2017-02-02 20:07:49,2017-03-06,449.99,18.0,1,1,467.99,8,1,4.0,1.0,64fbafb2935c7a2588d6a26a9d750487,3063,sao paulo,SP,6.214247685185185,37.37548611111111,0,467.99
9ee391a01004a9f330f16ebf9f7f0966,9c2344a071565e12fbf3fae2abc986da,delivered,2017-01-27 15:28:18,2017-01-31 04:41:19,2017-02-03 14:25:25,2017-02-07 14:51:41,2017-03-15,119.99,18.0,1,1,137.99,1,1,1.0,1.0,293c7d76ee9907ebe673abe57a230ba2,6663,itapevi,SP,10.974571759259259,46.35534722222222,0,137.99
e6ba7ef3fa398a176291132b06cd519e,b7a4690ba0bc91f249bb7fd25b3be748,delivered,2017-01-27 16:21:48,2017-01-27 17:32:11,2017-01-31 17:18:02,2017-02-10 09:34:01,2017-03-17,1999.0,24.0,1,1,2023.0,10,1,5.0,1.0,7c82b91749355c6daebaada73da54e2e,99615,trindade do sul,RS,13.71681712962963,48.318194444444444,0,2023.0
8c10b4712b6c450e49bcfb6b1e48449f,746c850fc3309628645b7b22b4603e55,delivered,2017-01-27 16:31:12,2017-01-31 04:38:25,2017-01-31 09:38:28,2017-02-07 12:37:51,2017-03-16,23.9,18.0,1,1,41.9,1,1,4.0,1.0,81c553db2d819c53f841bd93b680f35a,2469,sao paulo,SP,10.83795138888889,47.31166666666667,0,41.9
b95b454428554b28f33786b07e41edc4,40b3dfbf520c45c6107a0d749c13855d,delivered,2017-01-27 16:31:54,2017-01-27 17:31:39,2017-02-02 11:21:07,2017-02-13 11:53:47,2017-03-02,79.9,18.0,1,1,97.9,1,1,4.0,1.0,2205452883526d0f4dfe5f23ba2fd6d7,13504,rio claro,SP,16.806863425925926,33.31118055555555,0,97.9
062f0992a050330334749ffa530fa796,1f49021da1642fde361de30ee4f1c935,delivered,2017-01-27 16:55:48,2017-01-27 17:30:38,2017-01-30 08:27:48,2017-02-10 14:09:05,2017-03-17,129.99,18.0,1,1,147.99,2,1,5.0,1.0,ed5ef953c0941dc977aba367437e876c,37950,sao sebastiao do paraiso,MG,13.884224537037037,48.294583333333335,0,147.99
96e60a8b7fe4d9cd4f5ef7f3399a502b,78d97021c6f17f11e1c84245d5def5ec,delivered,2017-01-27 17:16:40,2017-01-27 17:30:41,2017-01-30 12:42:03,2017-02-10 10:15:05,2017-03-09,297.0,20.009999999999998,3,1,317.0,2,1,1.0,1.0,fdc4ce0f1854f89a62dc83a38c6a08db,78700,rondonopolis,MT,13.707233796296297,40.280092592592595,0,317.01
052523fd2c735b15cb107afc0a413bc2,ef6df80448de23799ff246c3c898c8eb,delivered,2017-01-27 17:21:48,2017-01-27 18:31:37,2017-01-30 08:37:37,2017-02-06 08:25:25,2017-03-21,38.5,18.0,1,1,56.5,5,1,5.0,1.0,92ebc42647a2339f0ba0c33f84d9bdba,11432,guaruja,SP,9.627511574074074,52.27652777777778,0,56.5
897ed337ed4c3fba920924b9143c2ea0,7e0ccb80f03547847437a81f88b7e7ad,delivered,2017-01-27 17:31:45,2017-01-28 05:31:36,2017-01-31 06:43:58,2017-02-06 11:42:34,2017-03-27,45.0,50.0,1,1,95.0,9,1,5.0,1.0,1c27234fb5b518b965a03cad960bde1f,18240,angatuba,SP,9.757511574074075,58.269618055555554,0,95.0
4418075144d646b6ecb7228571cec59e,957eb9ed2b71b5439f68a865a736de0d,delivered,2017-01-27 17:39:36,2017-01-27 19:31:12,2017-02-02 15:55:50,2017-02-16 16:21:34,2017-03-24,59.9,50.0,1,1,109.9,8,1,5.0,1.0,a78e22cba17a2973cf70d283b4119b5a,88904,ararangua,SC,19.945810185185184,55.26416666666667,0,109.9
c8aea852a760205e92591d5053231e07,76fee7c59d7317435aef4230a46b23bd,delivered,2017-01-27 18:00:27,2017-01-29 08:32:02,2017-02-01 09:18:31,2017-02-09 06:04:49,2017-03-20,219.99,18.0,1,1,237.99,1,1,3.0,1.0,a8e4a8d784c5a994b94dd2f368de5cf2,35300,caratinga,MG,12.503032407407407,51.2496875,0,237.99
15b1aceab346b46189a6eea3b6f4b951,8ec1617ce630c731866f5a041b5d408c,delivered,2017-01-27 18:16:50,2017-01-28 10:31:24,2017-01-30 09:57:15,2017-02-09 09:27:56,2017-03-15,339.74,18.0,1,1,357.74,6,1,4.0,1.0,74cce650b76111461f996421e71fc23e,16901,andradina,SP,12.632708333333333,46.238310185185185,0,357.74
bf4931e6025b2bdd77ffa4264659c9e6,8e43a72ca4287806280d0daea3cc46fa,delivered,2017-01-27 18:28:44,2017-01-28 10:31:32,2017-01-30 08:27:52,2017-02-06 09:27:15,2017-03-17,129.99,18.0,1,1,147.99,10,1,5.0,1.0,e2ebf2a8b112fe192cb13433227baf54,4902,sao paulo,SP,9.623969907407407,48.230046296296294,0,147.99
59db0cf65fd439e6e76ec105e3aa421c,1d2b981cedb5a187a9eb0c2ecbf0df2a,delivered,2017-01-27 18:47:11,2017-01-28 10:32:15,2017-01-30 13:20:35,2017-02-20 15:36:08,2017-03-16,24.9,18.0,1,1,42.9,1,1,4.0,1.0,e6765cc5f48f2c03a00dff340ea1dd93,20950,rio de janeiro,RJ,23.867326388888888,47.2172337962963,0,42.9
5ffbbd67f14392efe8fd533d38cd1338,9e7fe4ea65ba59140cab054bdbdf018e,delivered,2017-01-27 19:04:57,2017-01-27 20:31:43,2017-02-02 11:21:43,2017-02-06 10:05:42,2017-03-16,207.98,19.0,2,1,226.98,4,1,5.0,1.0,6d94a894c28059c9703befc3603704cc,4530,sao paulo,SP,9.625520833333333,47.20489583333333,0,226.98
0ec04706b50b8bc69a14dff0d6a26f13,f10e5fbd994c96fe6abc21c3303c9a40,delivered,2017-01-27 19:33:54,2017-01-28 10:31:03,2017-01-30 09:29:04,2017-02-02 11:59:04,2017-03-15,518.0,18.0,2,1,536.0,10,1,5.0,1.0,6a0ff4c1287f59cf5a07a3852ba6bf7f,9580,sao caetano do sul,SP,5.6841435185185185,46.18479166666667,0,536.0
f4026d9ae34e982204b4f7b627939d32,1e88b5f20d4c915f63c41dae61f1c23f,delivered,2017-01-27 19:44:14,2017-01-30 10:31:46,2017-01-30 13:14:00,2017-02-01 18:55:37,2017-03-27,155.96,50.0,4,1,205.96,3,1,5.0,1.0,3274f2b2174433e889854e791974e48c,38055,uberaba,MG,4.966238425925926,58.17761574074074,0,205.96
a73a38a5eeac4ab94ef2bcbd90f92e43,1fb3df5efb074be6ef543b2ac76833e2,delivered,2017-01-27 19:55:05,2017-01-28 10:31:22,2017-02-01 10:04:37,2017-02-08 14:05:11,2017-03-07,11.2,18.0,1,1,29.2,1,1,5.0,1.0,0af9e2cf24bbd44ec390c828b1eb7356,15960,ariranha,SP,11.757013888888888,38.170081018518516,0,29.2
1e6025fd19451c74352d0bbf6a218bf6,115159a20c6d95890cbf83916b57b07c,delivered,2017-01-27 21:23:00,2017-01-28 10:33:49,2017-01-30 11:17:50,2017-02-09 11:07:43,2017-03-17,349.99,18.0,1,1,367.99,3,1,5.0,1.0,2fb246d1ccf7be8743d4a385db89cbb9,86300,cornelio procopio,PR,12.572719907407407,48.109027777777776,0,367.99
c7da1b57f7d2251252370bc7d94168fe,b8758ed99c2b800a287f19fb1a3ea52c,delivered,2017-01-27 21:27:17,2017-01-28 02:32:16,2017-01-30 13:16:45,2017-02-09 13:21:35,2017-03-15,18.0,20.0,1,1,38.0,1,1,5.0,1.0,7459c5e40af6c3ba3c1cf02eb107a2e7,65370,pindare mirim,MA,12.662708333333333,46.10605324074074,0,38.0
594bad57a253656f86d8282c5365be89,2f58bb32416886045970ba0c48719094,delivered,2017-01-27 22:01:41,2017-01-31 04:33:42,2017-01-31 19:32:20,2017-02-10 20:42:16,2017-03-16,174.9,18.0,1,1,192.9,1,1,1.0,1.0,cc80ae8fd9fa74580d1f502543704c6c,13202,jundiai,SP,13.944849537037037,47.08216435185185,0,192.9
012973f4cb6743d00d7e2644ddc8804c,eb00b6b34bb7da3b9cf13c9ba8d1e136,delivered,2017-01-27 22:02:29,2017-01-28 10:32:38,2017-01-31 10:21:48,2017-02-06 13:58:54,2017-03-09,15.32,18.0,1,1,33.32,1,1,5.0,1.0,98373acca5178086924094608b1ddca7,3317,sao paulo,SP,9.66417824074074,40.081608796296294,0,33.32
a47c6e02b84d8dea0ec21748a611293e,3e6d5ab80ad405a8ebfe75d52974e93c,delivered,2017-01-27 22:07:02,2017-01-31 04:40:23,2017-01-31 12:03:23,2017-02-02 18:33:50,2017-03-08,89.9,18.0,1,1,107.9,1,1,5.0,1.0,e7b4387753fe653df8d20554cb443465,8900,guararema,SP,5.851944444444444,39.07844907407407,0,107.9
329465dad46fffab333860e92e7ac984,2591b8425f1f3f363d644917fbc238db,delivered,2017-01-27 22:14:53,2017-01-28 10:30:56,2017-02-03 13:54:57,2017-02-14 13:15:33,2017-03-13,199.98,25.0,1,1,224.98,3,1,1.0,1.0,b0e456c406192d77c8ff45ba89c81d61,21820,rio de janeiro,RJ,17.625462962962963,44.072997685185186,0,224.98
2410734c3fc6d36010cf6b1b36c2974d,9015549e1e0438244f52123c59498fa6,delivered,2017-01-27 23:02:15,2017-01-28 10:33:24,2017-01-31 11:32:42,2017-02-16 16:55:02,2017-03-21,139.0,18.0,2,1,157.0,3,1,5.0,1.0,e22c7e55a547f8d9bc30d2957ba1c9c5,45810,porto seguro,BA,19.744988425925925,52.040104166666666,0,157.0
5d97051b2fbe2d850d8c195e054735b4,ab65a308e13faaef39b0370e82dd6fdb,delivered,2017-01-28 09:49:10,2017-01-28 10:32:22,2017-01-30 13:32:37,2017-02-06 14:43:49,2017-03-06,65.0,18.0,1,1,83.0,1,1,5.0,1.0,fd59b2040862a3c5f0956eeb1193f239,12507,guaratingueta,SP,9.204618055555555,36.59085648148148,0,83.0
11a6ea18f3646c6e6dcbadbd0207b35d,8f99d406f72a8339a5507e598bb187de,delivered,2017-01-28 10:26:06,2017-01-28 11:31:33,2017-01-31 04:23:58,2017-02-08 14:42:30,2017-03-08,117.3,18.0,1,1,135.3,10,1,1.0,1.0,3d290fc97428b4be07eb2972455141c6,75806,jatai,GO,11.178055555555556,38.56520833333333,0,135.3
80e9acbfd99b46609bded7263945fe15,9472d282b4d8b3cf62bbc7933b2215ba,delivered,2017-01-28 12:20:43,2017-01-28 12:30:31,2017-01-31 06:43:58,2017-02-09 10:03:20,2017-03-17,35.0,18.0,1,1,53.0,1,1,5.0,1.0,820083de6ee79c7fef5528eb251a7c16,74367,goiania,GO,11.904594907407407,47.485613425925926,0,53.0
001dbc16dc51075e987543d23a0507c7,698a74f33469466fa4172e829505d1c6,delivered,2017-01-28 13:17:57,2017-01-28 13:32:16,2017-02-01 15:59:46,2017-02-13 13:17:47,2017-03-20,69.9,18.0,1,1,87.9,1,1,5.0,1.0,c6f624cf0e9908fe310d59a80350bea0,36240,santos dumont,MG,15.99988425925926,50.44586805555556,0,87.9
b4924647a0523d99010023d68b76c18d,80600605c908c076d9e4073f2cb9430a,delivered,2017-01-28 13:23:50,2017-01-28 14:31:35,2017-01-30 16:20:47,2017-02-07 10:48:29,2017-03-27,99.99,50.0,1,1,149.99,1,1,4.0,1.0,0a2acc24796a8a33d615a44dcd2a5fdb,96610,encruzilhada do sul,RS,9.892118055555555,57.44178240740741,0,149.99
aac01d5ce6fab5aa0e191d71aedbaa3c,7f10859af8483458fbe59d40da3d04f5,delivered,2017-01-28 13:24:20,2017-01-28 14:31:38,2017-01-31 08:45:22,2017-02-09 11:03:47,2017-03-15,35.5,18.0,1,1,53.5,4,2,5.0,1.0,08114c58968d782002f7cbb2d4cdf823,13825,holambra,SP,11.902395833333333,45.441435185185185,0,53.5
e2b56835030c81195a5f1d65a17a2c1f,f2ee282dfaf98e24c28fa41c2a7f28d3,delivered,2017-01-28 14:18:45,2017-01-31 04:32:47,2017-01-31 13:54:37,2017-03-03 13:05:15,2017-03-22,113.0,31.0,1,1,144.0,1,1,4.0,1.0,36c609d445f089d31d4f0d39a93db684,55811,carpina,PE,33.94895833333333,52.403645833333336,0,144.0
6f7626222f2b324b580e36eb22d8bb8e,606eff563eff430f88394911d8f868d3,delivered,2017-01-28 14:49:09,2017-01-31 04:36:18,2017-01-31 21:01:01,2017-02-06 07:12:37,2017-03-08,164.89,18.0,1,1,182.89,1,1,5.0,1.0,f46db3d98ff04f63ba4b26edba489dad,7193,guarulhos,SP,8.682962962962963,38.382534722222225,0,182.89
0c8675dc2e52ab52977a76d810e45303,0595cb1106adc0f2c0f617c560fb8e57,delivered,2017-01-28 15:55:11,2017-01-28 16:31:16,2017-01-30 09:40:59,2017-02-01 14:14:43,2017-03-17,89.9,18.0,1,1,107.9,1,1,5.0,1.0,9d31457a03125fc870787a251760315a,5025,sao paulo,SP,3.9302314814814814,47.33667824074074,0,107.9
1df257323bb550a9b9bb150345c42e45,8cb4d4ae78fe9aa67a08a4d8c322c201,delivered,2017-01-28 16:10:01,2017-01-31 04:41:49,2017-01-31 23:29:59,2017-02-16 16:44:02,2017-03-10,18.99,18.0,1,1,36.99,1,1,3.0,1.0,86d9e56cfb6bb093863537fddea0efb4,78635,agua boa,MT,19.023622685185185,40.32637731481481,0,36.989999999999995
b23dfa1c97d08f8d2017e85dbdc5b1aa,87b0f9495e8483a396c8722f9e5dd2ee,delivered,2017-01-28 17:05:18,2017-01-28 17:30:42,2017-01-30 13:15:01,2017-02-16 17:11:44,2017-03-10,669.0,41.0,1,1,710.0,10,1,5.0,1.0,5f2d0693b4bacfc00bfe92a15c42b837,64800,floriano,PI,19.004467592592594,40.28798611111111,0,710.0
e3e80c87ef38162cf2d0fb01c481f5df,5f52377aba982636a0de8c3c12128b70,delivered,2017-01-28 17:05:59,2017-01-31 04:41:01,2017-02-01 15:33:00,2017-02-10 08:25:34,2017-03-14,131.99,18.0,1,1,149.99,1,1,5.0,1.0,706d8bed4a8fad874e8090a15b498212,26535,nilopolis,RJ,12.638599537037036,44.287511574074074,0,149.99
fd4787fa8be4afcbd8ba795e775cab51,fea16654c631c5cd6997fc0414c3a201,delivered,2017-01-28 17:57:35,2017-01-31 04:40:05,2017-01-31 08:39:09,2017-02-06 14:23:53,2017-03-08,84.8,18.0,1,1,102.8,1,1,1.0,1.0,28b532ed2ae560bc90687b4d466d458b,1424,sao paulo,SP,8.851597222222223,38.25167824074074,0,102.8
b0f913cb83681e8a8563b96b641b3e1b,5967895f1299e02b1b0cb7a8ef4a437b,delivered,2017-01-28 17:59:37,2017-01-30 11:33:35,2017-01-31 05:21:37,2017-02-07 08:58:13,2017-03-15,209.9,18.0,1,1,227.89999999999998,1,1,5.0,1.0,2f8b722d3e62bb8a9860c7a29ad2b60f,13174,sumare,SP,9.624027777777778,45.2502662037037,0,227.9
a15df161654da3f47c2984ffd7764920,109cf3ecc53afd27745a79a618cb5ec4,delivered,2017-01-28 18:30:17,2017-01-28 19:31:32,2017-01-31 11:09:43,2017-02-10 12:27:47,2017-03-08,60.0,18.0,2,1,78.0,5,1,3.0,1.0,3af90f255e824d1d53b3584a4e89ad58,35162,ipatinga,MG,12.74826388888889,38.22896990740741,0,78.0
82bfafb84a5843f06b8c3983edb1883b,86bbc4a292e9d3f4191ea8a4c82e6c10,delivered,2017-01-28 19:10:46,2017-01-28 19:30:49,2017-01-31 17:26:30,2017-02-10 08:53:23,2017-03-08,229.9,18.0,1,1,247.9,5,1,3.0,1.0,e1f24958eab121f153e4f405b6e9c843,97210,formigueiro,RS,12.571261574074073,38.20085648148148,0,247.9
c004caad90ab5b86dcc0e253eee4491b,637add33cc02415a6567d6b134828754,delivered,2017-01-28 19:44:25,2017-01-28 20:31:36,2017-02-01 13:03:52,2017-02-13 10:32:41,2017-03-16,119.6,18.0,1,1,137.6,1,1,5.0,1.0,8331d73eb4989100a9a2dfa095dceaa7,48790,tucano,BA,15.616851851851852,46.17748842592592,0,137.6
765e82006189100419015233bf26be8a,dd4a80c1daa4fc1d5b27af36e5f44f2b,delivered,2017-01-28 19:50:15,2017-01-28 20:31:33,2017-01-30 11:32:54,2017-01-31 17:42:11,2017-03-27,9.99,50.0,1,1,59.99,6,1,5.0,1.0,976a39626eb2337ee3258d4ad73f1543,90830,porto alegre,RS,2.911064814814815,57.1734375,0,59.99
354a5b90cf468691c4b06debfd2c8115,e879d9cc471ab8feafa1056998e6ec95,delivered,2017-01-28 20:01:21,2017-01-28 20:31:32,2017-01-30 08:27:47,2017-02-15 18:47:34,2017-03-20,68.99,19.0,1,1,87.99,3,1,5.0,1.0,afd7b301910a6aa6251b6ddbfb3a7e64,41339,salvador,BA,17.948761574074073,50.165729166666665,0,87.99
a52e6fa2d7c6ecaf73ff5f7f10438339,0324eee00643cd63d11ec25cb930d53e,delivered,2017-01-28 20:09:18,2017-01-28 20:32:25,2017-01-30 12:00:42,2017-02-08 12:31:55,2017-03-07,189.0,18.0,1,1,233.97,10,1,3.0,1.0,3d8b5f7499ecd5b1d995bb18d9ef69fe,21770,rio de janeiro,RJ,10.682372685185186,37.16020833333334,0,207.0
bf88003f2580db7589007ec44bc85695,e7b9bc73f30f476a29a9a805d3817504,delivered,2017-01-28 20:55:38,2017-01-31 04:35:20,2017-02-01 10:45:57,2017-02-06 08:12:00,2017-03-10,22.79,18.0,1,1,40.79,1,1,5.0,1.0,fdf2ac320bf7064c82c5940346adadaf,94950,cachoeirinha,RS,8.469699074074073,40.12803240740741,0,40.79
c45c354aed442407610326035c6c44d6,98153d5b1cde47994c69ad02de498d26,delivered,2017-01-28 21:22:15,2017-01-28 21:31:40,2017-01-30 13:14:59,2017-02-13 08:08:59,2017-03-09,869.0,24.0,1,1,893.0,8,1,5.0,1.0,890428d68645fb2cbb42bc2e46ac2241,71694,brasilia,DF,15.44912037037037,39.10954861111111,0,893.0
e40815dcb739e03cb2c06547ef7c3092,4d44a73097bff381fc95fe6d86a96160,delivered,2017-01-28 21:51:24,2017-01-28 22:32:05,2017-02-02 13:03:04,2017-02-10 17:38:04,2017-03-15,489.9,18.0,1,1,507.9,7,1,5.0,1.0,d9ee7056d3b273526910787687c3c218,35901,itabira,MG,12.824074074074074,45.089305555555555,0,507.9
c383ab7c64e3ee1503e3574b22e37dab,0ecec081acf716b8ae4ee28348f7b04a,delivered,2017-01-28 23:09:31,2017-01-31 04:34:49,2017-01-31 11:30:09,2017-02-20 09:21:31,2017-03-10,59.9,27.0,1,1,86.9,1,1,4.0,1.0,dbd646e11d140ae5452828dd2eb2c6e9,50740,recife,PE,22.425,40.03505787037037,0,86.9
dba1b6fd34a7fd5961e829fa902ca702,3d97524e491c9aba1f09141ecfde08d4,delivered,2017-01-28 23:29:12,2017-01-29 00:36:10,2017-01-30 13:53:57,2017-02-02 09:42:11,2017-03-15,42.99,18.0,1,1,60.99,2,1,5.0,1.0,5b4f4020c6264b792133c4a42e41a0b3,13483,limeira,SP,4.425682870370371,45.021388888888886,0,60.99
4ed01120b6d2cbb2a2fe37897f9611f4,f96128959baa7c240dbfe33c4a2646b8,delivered,2017-01-28 23:41:13,2017-01-31 00:34:42,2017-01-31 15:49:39,2017-02-10 18:22:21,2017-03-27,349.99,50.0,1,1,399.99,7,1,3.0,1.0,05138f0e74cada45353482fa3920defd,24808,itaborai,RJ,12.778564814814814,57.01304398148148,0,399.99
a6cd683d4bd3b9b1f0aa37b27f8116d3,48f239e15744ed5e7ffbafc6bb6e882b,delivered,2017-01-28 23:45:53,2017-01-29 01:31:48,2017-02-01 14:25:06,2017-02-10 17:30:19,2017-03-10,589.9,20.0,1,1,609.9,6,1,4.0,1.0,169381f51e4c3e926ef199364aeced22,41830,salvador,BA,12.739189814814814,40.00980324074074,0,609.9
95e4477d8423c69a93c55d840e02d9ba,42048dec015103c5b5715657565ec274,delivered,2017-01-28 23:55:20,2017-01-29 01:31:04,2017-01-30 16:14:36,2017-02-10 00:09:16,2017-03-17,48.9,18.0,1,1,66.9,6,1,4.0,1.0,9baf1392eba0e3765864edc27c11a9a4,85568,saudade do iguacu,PR,12.009675925925926,47.00324074074074,0,66.9
8ffd24fbf822586b2712a4becc7217dc,2f9e8eaed5dc638e5b884a9a37268fca,delivered,2017-01-29 00:31:42,2017-01-29 01:32:22,2017-01-30 09:11:53,2017-02-07 10:34:04,2017-03-20,124.0,18.0,1,1,142.0,2,1,5.0,1.0,ead79f0f7e56bfe34b76c5712e623363,35701,sete lagoas,MG,9.418310185185184,49.977986111111115,0,142.0
7e61a4c6d93d6ad8a4ca4a8d00094339,ae8dc9a1f298680124ae2dc18e37cb34,delivered,2017-01-29 04:52:16,2017-01-29 08:30:35,2017-02-01 14:51:57,2017-02-09 07:44:51,2017-03-09,295.0,18.0,5,1,313.0,2,1,5.0,1.0,2e2c773725ab148e8405a5ae8b4f5162,4856,sao paulo,SP,11.119849537037037,38.797037037037036,0,313.0
7090c88db4158f89d839c794cdd73272,edce8c7c09759f2efe2486aff649a7fc,delivered,2017-01-29 10:03:54,2017-01-31 04:32:23,2017-01-31 14:10:50,2017-02-07 10:18:00,2017-03-16,64.9,18.0,1,1,82.9,1,1,4.0,1.0,a7bbfaf8a288c45dc38d4693535dd63f,14057,ribeirao preto,SP,9.009791666666667,45.580625,0,82.9
ecfec80cd0ce1a66543b6bd5e278a76b,4f69c8c7d5ad1cd8337480b4a7e04a31,delivered,2017-01-29 10:27:35,2017-01-31 04:33:14,2017-01-31 13:54:38,2017-02-10 17:34:24,2017-03-20,102.5,18.0,1,1,120.5,1,1,5.0,1.0,23d3359084c05fac6141ce51b3376074,85555,palmas,PR,12.296400462962962,49.56417824074074,0,120.5
e19721a12bc1caeb2095db14d8d6fc4e,2c98452bdf306ac1a6055b52c9132067,delivered,2017-01-29 11:10:23,2017-01-29 12:32:32,2017-02-01 15:59:45,2017-02-14 16:53:43,2017-03-17,69.9,18.0,1,1,87.9,1,1,5.0,1.0,0f20997f7f9f1c75f9b546a4598989f0,86280,urai,PR,16.238425925925927,46.53445601851852,0,87.9
b34d8ec665f905d3c7583b291f54b605,70da82df80a3f1ca6fb62b41b08c7c53,delivered,2017-01-29 13:34:56,2017-01-31 04:34:03,2017-01-31 13:41:04,2017-02-06 18:23:27,2017-03-21,26.9,18.0,1,1,44.9,1,1,2.0,1.0,568877b6b81f66898aaeff1e2d66ba5a,85870,foz do iguacu,PR,8.200358796296296,50.434074074074076,0,44.9
d3aa5667ad65af7fa58a5481d0aff07a,3f5939e06e89efd9e9ca8ef3ab9d68c7,delivered,2017-01-29 13:42:10,2017-01-29 14:31:11,2017-01-31 16:16:00,2017-05-12 13:43:02,2017-03-08,69.9,18.0,1,1,87.9,1,1,1.0,1.0,6b7e1090d106aaee31d5ed12d2bbc2af,1310,sao paulo,SP,103.00060185185185,37.42905092592593,1,87.9
4d2c3fb1909604d5f9474e4675971ef2,2cb0c084ec56c7fc7d6278cdd8787670,delivered,2017-01-29 14:05:53,2017-01-29 14:31:49,2017-02-02 16:10:18,2017-02-15 17:27:46,2017-03-20,99.96,18.0,4,1,117.96,2,1,2.0,1.0,259a143b745a93c577b929e9fe90adaf,40150,salvador,BA,17.140196759259258,49.412581018518516,0,117.96
06dec2690e0cd75d327646a81fdba74d,0b8c055126a79bb506c592eea2ddb8eb,delivered,2017-01-29 14:30:57,2017-01-29 15:32:03,2017-02-06 10:15:38,2017-02-15 15:25:33,2017-03-13,309.9,18.0,1,1,327.9,3,1,5.0,1.0,9f86523d50f6768bc624252e42e938ff,11900,registro,SP,17.037916666666668,42.39517361111111,0,327.9
4deb2316dadf42f0daa6b8965d384ba8,b22ca452dbb41139048975084d8a8f1e,delivered,2017-01-29 14:46:06,2017-01-29 15:31:07,2017-01-30 13:22:34,2017-02-06 14:37:20,2017-03-17,139.8,18.0,2,1,157.8,5,1,5.0,1.0,1e13be066b12fd9fd852bbbfb790dfae,88132,palhoca,SC,7.993912037037037,46.38465277777778,0,157.8
399775d0638168dfd529422f995fcc41,532719903d588d324f360c02d3b1706f,delivered,2017-01-29 14:57:59,2017-01-31 04:35:34,2017-02-01 12:44:17,2017-02-08 15:32:40,2017-03-28,209.99,50.0,1,1,259.99,1,1,5.0,1.0,f20b97897894d369d80ea3a23263bad8,74823,goiania,GO,10.024085648148148,57.37640046296296,0,259.99
f04479bb4e07ce7b8ac1d2287b528541,cdebdd9b0e6d04c6a6c2ac526fc081e2,delivered,2017-01-29 16:00:36,2017-01-29 16:31:39,2017-01-30 10:18:21,2017-03-14 10:42:19,2017-03-09,129.99,18.0,1,1,147.99,8,1,2.0,1.0,caea4a019afe0ea13b6092c93af7943f,96065,pelotas,RS,43.77896990740741,38.33291666666667,1,147.99
bb0ef554fe35f069cb84d62115f885f0,80446c9ca01b14a65601abf14d15bf61,delivered,2017-01-29 17:38:09,2017-01-29 18:31:29,2017-01-30 14:16:19,2017-02-02 23:57:48,2017-03-16,90.0,18.0,1,1,108.0,2,1,4.0,1.0,ac9356cb7ca89ff80b1262257580468e,21031,rio de janeiro,RJ,4.263645833333333,45.26517361111111,0,108.0
f85e82f7a3b6d26dc7d16b7c2c39b31a,d01826743562fd76692b98829e8404d6,delivered,2017-01-29 17:44:07,2017-01-29 18:32:05,2017-01-30 13:14:56,2017-02-08 07:01:08,2017-03-09,239.9,18.0,1,1,257.9,4,1,5.0,1.0,10b58cbd6607267fd41812614367439e,35300,caratinga,MG,9.553483796296296,38.26103009259259,0,257.9
1a4bf675df415785d3d9b3f3521988a7,44b521ae63ec470874a89c37fcea4c6a,delivered,2017-01-29 18:19:02,2017-01-29 18:31:12,2017-01-30 16:14:36,2017-02-06 09:53:50,2017-03-17,69.9,18.0,1,1,87.9,1,1,4.0,1.0,a327e19095ffb086d25f7ee477c9d3c6,26276,nova iguacu,RJ,7.649166666666667,46.23678240740741,0,87.9
d6d06ebdeab0297fe7460931b29b4422,dafb5d1c281d4cf50c5383b6d9ed0ab6,delivered,2017-01-29 18:25:19,2017-01-29 19:31:15,2017-01-30 14:39:23,2017-02-07 16:48:08,2017-03-15,23.9,18.0,1,1,41.9,1,1,5.0,1.0,4436c557fe163dd229c67f69a2b63dab,13275,valinhos,SP,8.932511574074073,44.23241898148148,0,41.9
91c52e15672343c61768b4d10597eea8,56d6226f23b849ac14f6386041dc492e,delivered,2017-01-29 18:35:23,2017-01-29 19:31:06,2017-02-02 13:56:33,2017-02-08 11:32:48,2017-03-17,69.9,18.0,1,1,87.9,1,1,4.0,1.0,a327e19095ffb086d25f7ee477c9d3c6,26276,nova iguacu,RJ,9.706539351851852,46.22542824074074,0,87.9
a7765f04ecc5f2e0683f08a97ee8174e,6b93377502d7cd14b2a3864fc7d635a8,delivered,2017-01-29 19:08:00,2017-01-29 19:31:49,2017-01-31 16:35:04,2017-02-08 10:34:01,2017-03-15,64.9,18.0,1,1,82.9,2,1,5.0,1.0,ba1fbfc4658a50a4f0f9971a1e3e08f6,14750,pitangueiras,SP,9.64306712962963,44.202777777777776,0,82.9
adebb4dfc650b98f7c7e38bb11cb0aa9,36648b18906353abea5d060f554acb0e,delivered,2017-01-29 19:10:43,2017-01-29 19:31:46,2017-01-30 14:39:22,2017-02-03 14:23:59,2017-03-17,34.9,18.0,1,1,52.9,1,1,5.0,1.0,05f0509adff9a7c6e37cc5d6e5c57e8a,8372,sao paulo,SP,4.800879629629629,46.200891203703705,0,52.9
3630513f30286ed696e4a2e36c79ae3c,2707853be7df8de3a4c4e8c718de99ba,delivered,2017-01-29 19:17:41,2017-01-29 19:32:06,2017-01-30 17:08:58,2017-02-08 10:55:29,2017-03-20,87.74,18.0,1,1,105.74,5,1,4.0,1.0,012e12f54f6e73b1faba89a119dab849,75930,maurilandia,GO,9.65125,49.19605324074074,0,105.74
24040647efd179bd506acacbbbabd838,91a10aff1998894aefda53b691a5d6f6,delivered,2017-01-29 19:59:20,2017-01-31 04:38:44,2017-01-31 09:38:21,2017-02-13 05:58:56,2017-03-16,119.5,18.0,5,1,137.5,1,1,5.0,1.0,4a1256ba59833d19d91b2139da81c1b1,88301,itajai,SC,14.41638888888889,45.16712962962963,0,137.5
be09f109e6aa72ccad1f72f521f8d525,c8c236ed3d37d2c3f9c82ab51b5482fd,delivered,2017-01-29 20:03:45,2017-01-29 20:33:32,2017-01-30 16:54:28,2017-02-13 14:06:11,2017-03-15,110.0,18.0,1,1,128.0,1,1,5.0,1.0,18eaafdd580e724d84a7ea1d710fd88f,13423,piracicaba,SP,14.751689814814815,44.1640625,0,128.0
aa799c67bfe59b0de24f6db1dc1b776e,5c5932c767b1eea17f6374dab31c76ec,delivered,2017-01-29 20:14:15,2017-01-29 20:31:06,2017-01-30 11:38:21,2017-02-02 15:24:04,2017-03-15,222.4,18.0,1,1,240.4,8,1,5.0,1.0,35d5991f246b8b9c4e1b4b1a927b1465,12031,taubate,SP,3.7984837962962965,44.15677083333333,0,240.4
1489856fc5e3169af6b06edbc1aeb1b1,6e7b0f93dfebf606621b18ba1bbca33c,delivered,2017-01-29 20:24:13,2017-01-29 20:35:24,2017-01-30 10:51:43,2017-02-09 11:35:06,2017-03-13,369.9,18.0,1,1,387.9,8,1,5.0,1.0,b4a5f3d0becb4574e563e90cc42024ec,14055,ribeirao preto,SP,10.63255787037037,42.149849537037035,0,387.9
6c6e590c8ce02ecc30bef8bd3b34d82f,4c2352fefc6c76c844fb918aa3a1478f,delivered,2017-01-29 20:37:04,2017-01-29 21:41:21,2017-01-30 08:27:47,2017-02-13 20:54:05,2017-03-20,129.99,18.0,1,1,147.99,3,1,4.0,1.0,120abf6e9c05f5ba0d69603dc05a98cd,38600,paracatu,MG,15.01181712962963,49.14092592592593,0,147.99
4d7a365119241cbd17c7afb5b39bb9a0,7b1536d40b410674d6580bf1a6883985,delivered,2017-01-29 20:53:13,2017-01-29 21:40:45,2017-01-30 11:45:17,2017-02-02 14:38:06,2017-03-07,309.9,18.0,1,1,327.9,10,1,5.0,1.0,6bf33cbc32d6feef3072bf6a6ff13769,87045,maringa,PR,3.739502314814815,36.12971064814815,0,327.9
85f8ad45e067abd694b627859fa57453,1d088dea8732788ec35dd4ee6dd76112,delivered,2017-01-29 21:40:02,2017-01-30 22:32:20,2017-02-02 05:04:58,2017-02-07 10:46:00,2017-03-08,1934.0,27.0,1,1,1961.0,10,1,5.0,1.0,69b2b29382af03e03e486ad307a76000,90160,porto alegre,RS,8.545810185185186,37.09719907407408,0,1961.0
8141520643442c50aa531801cbc79e46,a8e7d88628f29e914e2c74b804e573a8,delivered,2017-01-29 21:46:14,2017-01-29 22:33:19,2017-01-30 14:42:42,2017-02-02 17:39:22,2017-03-03,129.9,18.0,1,1,147.9,8,1,5.0,1.0,c0cdc5157fd559f00eecc5cf0da5073c,14060,ribeirao preto,SP,3.828564814814815,32.092893518518515,0,147.9
0957ed870116e596b800540427c61497,0f0603d577f299ca129f39109268c546,delivered,2017-01-29 22:14:49,2017-01-29 22:33:34,2017-01-30 08:27:47,2017-02-08 17:14:55,2017-03-20,129.99,28.0,1,1,157.99,4,1,5.0,1.0,903fccb1294b588a6c82921ca23acd0d,59086,natal,RN,9.791736111111112,49.07304398148148,0,157.99
c52497bdac8af9917fe744d605bdc43b,c6b3ec6d4ebb93cc2ca09e6329d38f5b,delivered,2017-01-29 22:47:29,2017-01-29 23:30:41,2017-01-31 10:26:04,2017-02-03 06:09:20,2017-03-17,99.9,18.0,1,1,117.9,1,1,4.0,1.0,b553fcaa629a8358eb9c498eed5343af,4836,sao paulo,SP,4.306840277777778,46.050358796296294,0,117.9
c9d0365e799572906dd4a83e17d1b6e5,9ee66eb44f775d666d668af72dc76499,delivered,2017-01-29 23:24:19,2017-01-30 00:31:49,2017-01-30 10:52:01,2017-02-07 11:48:59,2017-03-16,59.9,18.0,1,1,77.9,1,1,5.0,1.0,c9d3d62eee5be8ce2cd9a94d188c965a,94150,gravatai,RS,8.517129629629629,45.02478009259259,0,77.9
4f821ef636d5a5eb870c9ae7b7d7654f,7cdb0e1dd6b7da9186fa0ddef12d9817,delivered,2017-01-29 23:52:27,2017-01-30 01:30:58,2017-01-31 10:24:45,2017-02-13 07:07:40,2017-03-07,27.5,18.0,1,1,45.5,4,1,5.0,1.0,212bd1dca013e0b1e466c735ca6d3bf8,14140,cravinhos,SP,14.302233796296296,36.00524305555555,0,45.5
0b3407e419ef6be66392971885acce73,1fb69e1024c1877f914b04128cdef209,delivered,2017-01-30 08:14:53,2017-01-30 08:30:47,2017-01-31 10:41:59,2017-02-10 12:14:13,2017-03-08,559.6,18.0,4,1,577.6,2,1,2.0,1.0,d47ae28be0ca67986130388a0d4fbfaf,38183,araxa,MG,11.166203703703705,36.65633101851852,0,577.6
9846cae21962f6c6e65ad2e77d3c2be7,b7039da8de38f21de8833bd957b19365,delivered,2017-01-30 09:39:54,2017-01-30 10:33:04,2017-02-03 14:43:22,2017-02-06 17:02:51,2017-03-27,166.4,50.0,2,1,216.4,1,1,4.0,1.0,d9a99b290182aff8db93595d904ab99c,5319,sao paulo,SP,7.307604166666667,55.59729166666666,0,216.4
2272148d6abbd3d385088f3e101edec9,1041f7da9362e74424e9763777b0f948,delivered,2017-01-30 10:03:21,2017-02-01 04:33:31,2017-02-03 11:06:14,2017-02-09 18:48:40,2017-03-20,51.0,18.0,1,1,69.0,1,1,5.0,1.0,54bf4c6f2b71ffbd2940ac9fbcd93ce4,20230,rio de janeiro,RJ,10.364803240740741,48.58100694444445,0,69.0
9224db86cedf958891e1b1afb4ad570c,9407dee37113fbe31a3fe60a3d221e37,delivered,2017-01-30 10:12:59,2017-01-30 10:32:21,2017-02-03 10:28:31,2017-02-10 18:28:30,2017-03-27,38.89,50.0,2,1,102.67,10,1,3.0,1.0,de907ee6190d3fd70be7e607a3ddbbf7,30140,belo horizonte,MG,11.344108796296297,55.57431712962963,0,88.89
9559e0b00c67d159a266152428f85615,c3498e41d1549d56c4cbde7cbfdabeb3,delivered,2017-01-30 10:47:14,2017-01-30 11:31:06,2017-02-01 13:57:49,2017-02-07 10:32:44,2017-03-03,147.9,18.0,1,1,165.9,3,1,4.0,1.0,669fc0419f968b66fbfcd0cbccb28001,18950,ipaussu,SP,7.9899305555555555,31.550532407407406,0,165.9
6f6b636fb54260d97e6124e137986824,3d8350a7f8c55e7b98242cbd5da3ee63,delivered,2017-01-30 11:01:19,2017-01-30 11:33:48,2017-02-03 17:08:03,2017-02-07 20:27:21,2017-03-16,103.99,22.0,1,1,125.99,2,1,4.0,1.0,72083d3ab3b07e2d0f4506bf7b7bea97,22470,rio de janeiro,RJ,8.393078703703704,44.54075231481482,0,125.99
11db6666e1dbeee776c8e15fd0792c4b,dd2dd4b75b0a223fb8c234ff1934faf8,delivered,2017-01-30 11:17:55,2017-01-31 09:32:39,2017-01-31 23:29:58,2017-02-10 10:14:06,2017-03-10,37.98,18.0,2,1,55.98,5,1,5.0,1.0,bcfdca13b3b657eeccd2528bd38d0425,39467,juvenilia,MG,10.95568287037037,38.52922453703704,0,55.98
8a903d20555a91edeffd6eab45743f26,7e7d6178f4ea751fdc954512a46c9531,delivered,2017-01-30 11:44:24,2017-01-30 12:31:04,2017-01-30 14:39:23,2017-02-02 18:07:52,2017-03-20,23.89,20.0,1,1,43.89,1,1,5.0,1.0,4cadda4ceeff8e011cb33d9ef96aaee6,64001,teresina,PI,3.2662962962962965,48.51083333333333,0,43.89
c9f7bcb4ff5c6c8e661cb6cd7fd0974b,316639548b42fa621d9317afcbff05fd,delivered,2017-01-30 11:47:10,2017-01-30 12:33:56,2017-01-30 12:58:16,2017-02-07 07:23:35,2017-03-17,59.99,18.0,1,1,77.99,2,1,5.0,1.0,03f19e532a8b6cdbc7c56ec70516ad0a,83260,matinhos,PR,7.8169560185185185,45.508912037037035,0,77.99000000000001
58a4317c14bcba43d0cf161f17e9db2b,e7f5b701d99a5eb91e57a970a75640f0,delivered,2017-01-30 11:55:23,2017-01-30 12:33:52,2017-02-01 11:07:58,2017-02-08 16:23:44,2017-03-03,113.0,18.0,1,1,131.0,10,2,,,05530f12381a5556c040029ac0036a18,13632,pirassununga,SP,9.186354166666666,31.50320601851852,0,131.0
b5b103fe531168050d785d5b8de74174,c3ab6358d2556844d38ed5dbab0b41ce,delivered,2017-01-30 13:13:59,2017-01-31 13:33:25,2017-02-02 09:37:34,2017-02-21 12:01:26,2017-03-21,2199.99,18.0,1,1,2217.99,10,1,4.0,1.0,bd8717655febcdf30f106e9f3cb24628,97560,quarai,RS,21.949618055555554,49.448622685185185,0,2217.99
b7d6888a6d024b1e676d3156e53defb8,968b6f4eb553288057c4433f19d0c7cd,delivered,2017-01-30 13:24:35,2017-01-31 13:32:53,2017-01-31 16:25:31,2017-02-08 09:45:44,2017-03-20,35.0,18.0,1,1,53.0,1,1,5.0,1.0,cc77ace34a4dcc2201b429ddeaafd8a6,87013,maringa,PR,8.848020833333333,48.441261574074076,0,53.0
cfe9a2c324eefb180663116644e4f171,a87cd99f802b427e5d8ad0f568f71744,delivered,2017-01-30 14:07:53,2017-01-30 14:31:30,2017-01-31 07:04:37,2017-02-03 10:47:47,2017-03-07,587.7,18.0,3,1,605.7,3,1,4.0,1.0,ae271f166e8d5098c767f5753eab678e,5009,sao paulo,SP,3.8610416666666665,35.41119212962963,0,605.7
9725a1c59138f30c5dba936ca3a2de34,eba3f6407778bb04d46966a1d80f84b9,delivered,2017-01-30 14:19:22,2017-01-30 14:35:58,2017-01-31 09:39:41,2017-02-08 13:14:50,2017-03-07,89.99,18.0,1,1,107.99,8,1,5.0,1.0,323f8f14acb90e50f86f1885b6b53c6d,13219,jundiai,SP,8.955185185185185,35.40321759259259,0,107.99
5836a9fd173a29689e12bf421d2d280b,744712b9c80935dedc6c1995e32bfdd9,delivered,2017-01-30 14:19:23,2017-01-30 14:36:35,2017-02-01 15:59:43,2017-02-08 10:12:18,2017-03-15,153.8,18.0,2,1,171.8,8,1,5.0,1.0,323f8f14acb90e50f86f1885b6b53c6d,13219,jundiai,SP,8.828414351851851,43.40320601851852,0,171.8
6d02a007afc7698b7dd60ffb07514d1c,0423a0c4b6eea9435c2f40758658a2d4,delivered,2017-01-30 14:51:21,2017-01-30 15:34:05,2017-02-02 12:12:35,2017-02-15 12:53:45,2017-03-17,189.9,18.0,1,1,207.9,10,1,4.0,1.0,e51eaffb93507fb621df4131e0454edd,87013,maringa,PR,15.918333333333333,45.381006944444444,0,207.9
9843c2a66fe0afda6509bc4274f743de,f6611745e44d78a6632f02f45c51e734,delivered,2017-01-30 15:12:23,2017-02-01 15:32:19,2017-02-10 15:43:11,2017-02-17 09:38:44,2017-03-29,129.9,50.0,1,1,179.9,1,1,5.0,1.0,61235e631ba89f302161d88c5b3e9b44,9310,maua,SP,17.76829861111111,57.366400462962964,0,179.9
f9d5369378902ad40733614f75fdc908,7ba1f155f8054a982c040479a50f34e5,delivered,2017-01-30 15:17:38,2017-01-30 15:32:23,2017-02-01 13:45:40,2017-02-10 14:21:46,2017-03-20,23.9,18.0,1,1,41.9,1,1,5.0,1.0,26e9774a56353b496eda3b90961b94b7,39390,bocaiuva,MG,10.961203703703704,48.36275462962963,0,41.9
ee55010a370e987f203499f435a59847,9f074c63790b0ef8b01c66fd67a97601,delivered,2017-01-30 15:17:47,2017-01-30 15:31:58,2017-01-31 10:57:58,2017-02-03 14:03:28,2017-03-17,99.9,18.0,1,1,117.9,4,1,,,f3d8599810560b7c7180840ace7c9342,27525,resende,RJ,3.9483912037037037,45.36265046296296,0,117.9
20550ea4a86fb3f3cc065b2598ebb01c,04868d933fddca2e3fc9b32a6ca0b921,delivered,2017-01-30 15:32:24,2017-02-01 04:35:20,2017-02-01 10:08:16,2017-02-08 15:03:49,2017-03-13,39.9,18.0,1,1,57.9,1,1,5.0,1.0,0d51c3b389b1778a88ebe889c12619a1,20561,rio de janeiro,RJ,8.980150462962962,41.3525,0,57.9
5f0d307ca60a8b9329b9e6ea49a17190,5b743ffbe37cb532ea15866fd0e5d572,delivered,2017-01-30 15:44:00,2017-02-01 04:35:12,2017-02-02 10:06:00,2017-02-13 18:25:42,2017-03-22,199.0,18.0,1,1,217.0,1,1,5.0,1.0,f4d1ea62b8dc58a9fe1bd141080d624d,32340,contagem,MG,14.112291666666666,50.34444444444444,0,217.0
c6522dab7d6b83ada4140b653c4db0b5,0792343f0465acf2c7aee7e4fce852d8,delivered,2017-01-30 16:07:38,2017-01-30 17:31:22,2017-02-01 13:57:48,2017-02-16 12:35:23,2017-03-07,117.3,18.0,1,1,135.3,2,1,3.0,1.0,9d74a7e29e866ee0302503f15446f874,88509,lages,SC,16.852604166666666,35.328032407407406,0,135.3
354ca44327bb555017ef42fd921ada11,606ac72d2b2b2a89114d972d2e66a2a4,delivered,2017-01-30 16:33:23,2017-01-30 17:34:46,2017-01-31 08:59:38,2017-01-31 19:13:10,2017-03-15,349.9,18.0,1,1,367.9,3,1,5.0,1.0,c6daf89e664438f63927784b6fd5c5c4,26087,nova iguacu,RJ,1.1109606481481482,43.310150462962966,0,367.9
705c7fd61dcb0c54b80538158eec1f4a,0051337a96842850e1ec728dd158f4b3,delivered,2017-01-30 16:52:41,2017-02-01 04:32:28,2017-02-07 15:30:09,2017-02-20 15:28:00,2017-03-21,219.99,18.0,1,1,237.99,1,1,3.0,1.0,d31233132950973bd0df88d4523ed465,89540,santa cecilia,SC,20.94119212962963,49.29674768518519,0,237.99
a3e6136894621db402a772c6bc72a12a,f102cb15ec41ca30fa2902da06495f6b,delivered,2017-01-30 17:00:09,2017-01-30 17:31:25,2017-02-01 10:18:13,2017-02-06 15:43:04,2017-03-07,238.9,18.0,1,1,256.9,10,1,5.0,1.0,6e896394a8caa8730dfc4db1d8de3e10,6655,itapevi,SP,6.946469907407407,35.2915625,0,256.9
d9515cd3ca09c7b9b751f077d2adfc84,47e2de6eab3618c1d08f51f6d3af4826,delivered,2017-01-30 17:05:18,2017-02-01 04:35:07,2017-02-13 15:25:39,2017-02-20 13:34:04,2017-03-10,699.0,36.0,1,1,735.0,1,1,5.0,1.0,d0fa8c629348c626eb103877ba5e9a40,99435,campos borges,RS,20.853310185185187,38.28798611111111,0,735.0
cba1cb073e8cf5375b9f786704de8e80,e8cb217e9848f5420e452795bd548e70,delivered,2017-01-30 17:09:28,2017-02-01 04:36:29,2017-02-02 14:15:52,2017-02-09 10:50:00,2017-03-17,119.8,18.0,2,1,137.8,1,1,3.0,1.0,3b9db64edd09037f28a6ba66dfdb6088,11701,praia grande,SP,9.736481481481482,45.28509259259259,0,137.8
279976cba5252901895ff5af44890cca,fd1e9f0b9121a3c03c0d46907debc26a,delivered,2017-01-30 17:33:05,2017-02-01 04:35:05,2017-02-01 15:26:04,2017-02-17 11:47:39,2017-03-10,559.0,18.0,1,1,577.0,1,1,4.0,1.0,c851f70413e20381390ddb28a135f676,88200,tijucas,SC,17.76011574074074,38.26869212962963,0,577.0
2d2bd0487565c23b4bcc0b29a41da55a,34f852cdb25124b22f5b451449f3a91c,delivered,2017-01-30 17:36:05,2017-01-31 04:36:58,2017-02-03 17:52:37,2017-02-08 10:12:28,2017-03-16,103.99,18.0,1,1,121.99,1,1,5.0,1.0,261e8255730ab49376999aaa118e65b0,14403,franca,SP,8.69193287037037,44.266608796296296,0,121.99
9e0ca19fb3cd696e318f58f0613ee8b1,98f2b622ceae79b38a3ae781cc1d968b,delivered,2017-01-30 18:18:36,2017-01-30 18:33:48,2017-02-02 10:43:40,2017-02-07 16:38:08,2017-03-03,109.9,18.0,1,1,127.9,2,1,3.0,1.0,f470726b512325dcb4e26874f338cd83,12955,bom jesus dos perdoes,SP,7.930231481481481,31.237083333333334,0,127.9
4e1d5bf07ad851a6470d6b28cfd1f1e6,b19ab8d36d0de6602c4f57aa41e8dabb,delivered,2017-01-30 18:19:23,2017-01-31 20:31:32,2017-02-02 13:58:06,2017-02-09 10:17:57,2017-03-28,20.9,50.0,1,1,70.9,5,1,4.0,1.0,580561d937f063a0c4ffe1e4832df2f5,85660,dois vizinhos,PR,9.665671296296296,56.23653935185185,0,70.9
284039cca9a61886953286f5dae55fdf,1d17a1a799c8c9c248c1816d48b5a689,delivered,2017-01-30 18:30:53,2017-01-30 19:31:10,2017-01-31 05:40:30,2017-02-08 09:03:47,2017-03-06,199.0,18.0,1,1,217.0,3,1,5.0,1.0,433dd4253bb5e9eae16387ac1b5818f4,16440,sabino,SP,8.606180555555556,34.22855324074074,0,217.0
475f773f6c0d909e49b758adb2401e3a,7a6ebfb04fcb2e21ced42bbc8794892d,delivered,2017-01-30 18:39:24,2017-01-30 19:33:37,2017-01-31 09:08:47,2017-02-20 14:09:26,2017-03-10,39.9,18.0,1,1,57.9,1,1,1.0,1.0,09f0d1b94bfc27a5efabc790ba056f46,25025,duque de caxias,RJ,20.81252314814815,38.22263888888889,0,57.9
9a535db7017bc4d84dcfdd14e9a8cfcc,07bfca76246734f6cd62ba441a750d60,delivered,2017-01-30 18:43:16,2017-02-01 04:33:19,2017-02-01 16:43:07,2017-02-07 12:37:47,2017-03-17,25.0,18.0,1,1,43.0,1,1,5.0,1.0,b8177fa410bf355abdd2dc422aeb7269,15061,sao jose do rio preto,SP,7.746192129629629,45.2199537037037,0,43.0
4c379ba0590506b26a68dc00e29ba8ba,cc63d689185dd60bcfb934fd5a14a6e6,delivered,2017-01-30 18:54:46,2017-01-30 19:33:58,2017-01-31 15:11:11,2017-02-08 10:37:12,2017-03-17,104.99,18.0,1,1,122.99,2,1,5.0,1.0,13706c96221b6ff26c66567244603650,1224,sao paulo,SP,8.654467592592592,45.21196759259259,0,122.99
b033a34245ae159e80dd599b3c5cb92f,cd9844b06a03c881a223281b601ed8eb,delivered,2017-01-30 19:25:23,2017-01-30 20:33:57,2017-02-09 15:38:02,2017-02-13 10:15:34,2017-03-17,170.0,18.0,1,1,188.0,1,1,5.0,1.0,84e0688353bf674f564e79eafc025b5b,5208,sao paulo,SP,13.61818287037037,45.19070601851852,0,188.0
dac3cf54f4d52017ab99420c95845083,a1d77a9088348b107655d10e8fc7f020,delivered,2017-01-30 19:43:17,2017-01-30 20:33:05,2017-01-31 09:06:02,2017-02-09 11:08:58,2017-03-21,119.99,20.0,1,1,139.99,6,1,5.0,1.0,c97f43354466238a486e90287d00b81d,66810,belem,PA,9.642835648148148,49.178275462962965,0,139.99
90b27d5506a9be4b5fb162ac5857d2b7,a3b261d6bf44645e797b4cb6b9620809,delivered,2017-01-30 19:43:36,2017-01-31 04:36:54,2017-01-31 17:12:06,2017-02-03 10:38:55,2017-03-20,159.99,18.0,1,1,177.99,1,1,5.0,1.0,d6e1514ad963bcb618ab6a47902f6cea,6722,cotia,SP,3.621747685185185,48.17805555555555,0,177.99
179b8db66f5362945c237b68bc358a77,a1344b860cab384242be3c0ba0a5e4cd,delivered,2017-01-30 20:26:28,2017-01-30 21:35:52,2017-01-31 09:39:41,2017-02-13 17:19:34,2017-03-09,79.99,18.0,1,1,97.99,3,1,4.0,1.0,b4a76bacd02c4823afd23c34e8ea92e4,89022,blumenau,SC,13.870208333333334,37.148287037037036,0,97.99
b03fd938df9e8a597888994c096914f4,2e62730cbf704c88f31e3bea032a3e8c,delivered,2017-01-30 20:27:40,2017-01-30 21:34:38,2017-02-08 06:18:55,2017-02-21 12:17:54,2017-03-20,119.9,18.0,1,1,137.9,2,1,5.0,1.0,347dc668e37fdec762bbc337aff5bb12,37545,cachoeira de minas,MG,21.659884259259258,48.147453703703704,0,137.9
61986df3dc483509b39f7fda7a82c10c,a5165325694d4b37d5d85e51417c697b,delivered,2017-01-30 20:28:45,2017-01-30 21:35:50,2017-01-31 09:39:41,2017-02-08 13:12:40,2017-03-07,189.99,18.0,1,1,207.99,6,1,5.0,1.0,b0787e28f887f8b5a8ca9ef9c50ea83c,13330,indaiatuba,SP,8.697164351851852,35.146701388888886,0,207.99
6f7390ae95a89ea985e0d81b189e96d5,c17611c9d2852a5b128c4f1ed28fa0e2,delivered,2017-01-30 20:52:02,2017-01-30 21:33:50,2017-01-31 10:38:09,2017-02-10 12:09:06,2017-03-20,279.99,18.0,1,1,297.99,10,1,3.0,1.0,fccfbf734a92029859c4fe58eff05114,39670,itamarandiba,MG,10.636851851851851,48.13053240740741,0,297.99
9ef13efd6949e4573a18964dd1bbe7f5,adb32467ecc74b53576d9d13a5a55891,delivered,2017-01-30 21:44:49,2017-01-30 22:33:45,2017-02-01 14:34:10,2017-02-14 10:48:10,2017-03-07,765.0,18.0,15,1,783.0,10,1,5.0,1.0,11f97da02237a49c8e783dfda6f50e8e,74885,goiania,GO,14.543993055555555,35.09387731481481,0,783.0
330f4c4ce3d46e9f892b06e6f0bc9aad,14b614cf1dd2da6594c658a69fbbeb54,delivered,2017-01-30 22:18:53,2017-01-30 22:32:45,2017-02-01 15:34:22,2017-02-09 10:14:40,2017-03-21,34.9,20.0,1,1,54.9,5,1,4.0,1.0,7f1a50bd72da35adfd13f3c367cc2eca,60532,fortaleza,CE,9.49707175925926,49.070219907407406,0,54.9
39a82394b2cec13982585114e7f6838f,276170f5bc4eba680e2ffb623dd52585,delivered,2017-01-30 23:17:07,2017-02-01 04:35:03,2017-02-03 13:27:51,2017-02-17 09:05:13,2017-03-13,92.1,22.0,1,1,114.1,1,1,4.0,1.0,983218a392d76592ad22ce4e139d219d,48415,fatima,BA,17.408402777777777,41.029780092592596,0,114.1
8d25f73f2fe9c225dff2232fd1e7c89b,626478b0f57ed4bdf6f462568f16d5d5,delivered,2017-01-30 23:20:41,2017-02-01 04:36:09,2017-02-02 11:43:39,2017-02-15 13:38:51,2017-03-14,119.9,26.0,1,1,145.9,1,1,1.0,1.0,5d3352f7a8f2f9e5d159f83b645a170f,68742,castanhal,PA,15.595949074074074,42.02730324074074,0,145.9
58fc974f8e0ddd9ce549e3272d0140c0,1e7862bc2a60cacd519ce1af310ac766,delivered,2017-01-30 23:40:39,2017-01-31 01:34:05,2017-01-31 08:47:59,2017-02-08 13:46:13,2017-03-07,46.22,18.0,1,1,64.22,1,1,4.0,1.0,c76762dfb642ac154475239639f7f8f4,20541,rio de janeiro,RJ,8.587199074074075,35.0134375,0,64.22
984b006a1482a4e7916421a663b1e800,02d9a65b86f28f9bb487c30a493ad289,delivered,2017-01-30 23:40:40,2017-01-31 01:35:13,2017-02-03 12:20:09,2017-02-09 13:14:19,2017-03-17,103.99,22.0,1,1,125.99,1,1,4.0,1.0,c76762dfb642ac154475239639f7f8f4,20541,rio de janeiro,RJ,9.565034722222222,45.01342592592592,0,125.99
66144189f7b5fbb4eb76eb513ac33a17,642f858f2d65c052cfa9058e21181a88,delivered,2017-01-31 00:53:39,2017-01-31 01:31:05,2017-02-02 09:53:30,2017-02-06 15:15:01,2017-03-28,299.95,50.0,5,1,349.95,6,1,4.0,1.0,ed55471664939a48022e6319811608dc,4569,sao paulo,SP,6.598171296296297,55.962743055555556,0,349.95
91bcbd0102f5188ea47df5bcc83f3cad,0e63522224dc7d760139532f17a3634f,delivered,2017-01-31 02:29:51,2017-02-02 03:32:06,2017-02-03 11:15:02,2017-02-16 15:54:13,2017-03-22,209.9,18.0,1,1,227.9,1,1,,,66f457f454f75af079e127189a13587b,27525,resende,RJ,16.558587962962964,49.8959375,0,227.9
a9121d9a1f7b2530fd9d2d6dc01647cd,366926d8a85ea42152d28ab83c462119,delivered,2017-01-31 03:52:34,2017-02-01 04:31:51,2017-02-01 10:40:12,2017-02-07 07:53:36,2017-03-21,49.9,18.0,1,1,67.9,1,1,4.0,1.0,9d9d1b89047588241d03772768201fc5,83320,pinhais,PR,7.16738425925926,48.83849537037037,0,67.9
6dfdc1eefc7a125d1bb81feb04a6c2e6,7ffe655c7441ccad969a2cca863acafb,delivered,2017-01-31 07:39:04,2017-01-31 09:33:57,2017-01-31 11:14:14,2017-02-17 15:25:37,2017-03-08,98.9,18.0,1,1,116.9,4,1,4.0,1.0,bc93a3c794ce47cbeff2d1651f4787c2,27570,porto real,RJ,17.323993055555555,35.6812037037037,0,116.9
6c8b41df796056dfa59f256768d11654,3b7a43c4128db23da1f07118d415ea5a,delivered,2017-01-31 08:37:02,2017-01-31 10:31:13,2017-01-31 12:32:47,2017-02-14 16:21:55,2017-03-23,129.9,20.0,1,1,149.9,3,1,4.0,1.0,2ed6a3eda58c447a3d03d84baee994f7,62903,flores,CE,14.322835648148148,50.64094907407407,0,149.9
543929b980aa17fb9d324f934440d131,7cbe2b9e9f7314b94db6cc9fc4af9709,delivered,2017-01-31 08:44:00,2017-02-01 04:34:59,2017-02-07 18:14:44,2017-02-15 04:27:48,2017-03-10,31.98,18.0,2,1,49.98,1,1,5.0,1.0,8b2b2f74f91382a716c4471728e1bdac,87380,janiopolis,PR,14.822083333333333,37.63611111111111,0,49.980000000000004
d44df0d4c71052d8b2a3bd5c50bd42b5,46e69377adf8857c9ce9c568ba073b06,delivered,2017-01-31 09:31:33,2017-02-01 10:31:59,2017-02-01 11:11:40,2017-02-08 14:14:15,2017-03-27,66.99,18.0,1,1,84.99,1,1,4.0,1.0,04120e49b42d9188cee40d96521d9893,12286,cacapava,SP,8.196319444444445,54.60309027777778,0,84.99
6a94666b47f6006dda56e5edc10968a3,fdceca9202d57e4bbaa7a6f09d677c9a,delivered,2017-01-31 09:57:39,2017-02-01 04:33:17,2017-02-01 10:38:21,2017-02-06 14:31:39,2017-03-22,95.0,18.01,4,1,113.0,1,1,5.0,1.0,915576ac0abe2ffd7a97c7db777108bc,37701,pocos de caldas,MG,6.190277777777778,49.584965277777776,0,113.01
2d53b54fb747893711031caffe615f9c,d8820c41fa55a2229c9d79da5ab99565,delivered,2017-01-31 10:33:02,2017-01-31 11:31:09,2017-01-31 12:48:50,2017-02-09 15:58:43,2017-03-10,219.99,23.0,1,1,242.99,4,1,5.0,1.0,bef334a9b4cecae4dc0916d62a91dbbf,60060,fortaleza,CE,9.226168981481482,37.56039351851852,0,242.99
a4e62639ac0ca7429854efc494c1915f,951424b1692aa7bd56ce420e20a2d1d8,delivered,2017-01-31 10:48:02,2017-02-01 02:45:31,2017-02-03 11:58:50,2017-02-14 11:11:32,2017-03-08,29.8,18.0,2,1,47.8,1,1,5.0,1.0,b8259702efd15b5abc1566e007ead9f7,83218,paranagua,PR,14.016319444444445,35.54997685185185,0,47.8
5525c00bfd980bae1cac46f7dcf88224,d2697a7d9526f4714dc4b718cbebbf82,delivered,2017-01-31 11:22:14,2017-01-31 11:30:17,2017-02-02 09:43:43,2017-03-14 11:13:56,2017-03-09,69.9,17.37,1,1,87.27,3,1,3.0,1.0,e979f8af7c5e1ecdf30bbeee7461a063,16406,lins,SP,41.994236111111114,36.52622685185185,1,87.27000000000001
a0d8e0c491e4b25ae11e8bb875935c18,e9fc7edd6cde2e8c4f7f8617ed9cc8d4,delivered,2017-01-31 11:26:49,2017-02-01 02:35:18,2017-02-01 12:02:20,2017-02-02 11:09:49,2017-03-01,44.5,10.96,1,1,55.46,1,1,5.0,1.0,8d101c47a4c3fb0d038d454668b1464c,4709,sao paulo,SP,1.9881944444444444,28.523043981481482,0,55.46
30f3a5252d3d97a113cefc74796f9fec,0f80e191c93db94bca6006c000ad3989,delivered,2017-01-31 11:34:42,2017-01-31 11:45:14,2017-01-31 13:42:51,2017-02-08 09:54:37,2017-03-13,89.9,20.95,1,1,110.85,2,1,5.0,1.0,0a4a1fea1f5db13269ec792542f58d70,23056,rio de janeiro,RJ,7.930497685185185,40.51756944444445,0,110.85000000000001
1400d6665ba7f18ed06ea15ab083203f,b187c25688ba0cec4743c82e159cc091,delivered,2017-01-31 11:39:45,2017-01-31 11:50:19,2017-01-31 18:13:06,2017-02-14 12:27:27,2017-03-17,25.0,20.4,1,1,45.4,3,1,4.0,1.0,9db6a3363a3a5dcc40b04408b1d02eb6,49025,aracaju,SE,14.033125,44.5140625,0,45.4
ebb5a074406776ad07439bc2049c1fe4,df9e5a16c6e9ff85d78ca7ecc93af46b,delivered,2017-01-31 11:47:30,2017-01-31 12:03:46,2017-02-01 15:22:49,2017-02-06 19:47:31,2017-02-27,49.99,15.56,1,1,65.55,1,1,5.0,1.0,d4017905e4548317a2065065c8cdfad0,1307,sao paulo,SP,6.333344907407407,26.508680555555557,0,65.55
0516c22655fe1e1f0b3390f4ee3fc5f6,4830a9c02b42036ffca989c6d2f8ff67,delivered,2017-01-31 11:49:23,2017-01-31 12:03:45,2017-02-03 17:08:03,2017-02-09 18:38:01,2017-03-13,29.99,15.56,1,1,45.550000000000004,1,1,5.0,1.0,d26dfa98bd785e87a3d659aade51d0ba,39406,montes claros,MG,9.283773148148148,40.50737268518518,0,45.55
597bd074d7874048131c67581f0556d4,02d12adf94e256f7ff0056d447557027,delivered,2017-01-31 11:54:14,2017-02-01 02:50:28,2017-02-01 08:19:55,2017-02-08 22:29:42,2017-03-09,59.9,14.59,1,1,74.49,1,1,5.0,1.0,2396ed0f849c195da124f55b4c17ee35,4551,sao paulo,SP,8.441296296296295,36.50400462962963,0,74.49
5f6b520cff06f23c77386b75976256e9,38e08b021ffa6f71de788a0e30c9c65a,delivered,2017-01-31 11:58:52,2017-02-01 02:55:08,2017-02-02 10:52:34,2017-02-07 17:27:57,2017-02-27,223.9,15.74,1,1,239.64,1,1,,,81969213c0db697f2a6da4a4eaad1bf9,12309,jacarei,SP,7.228530092592592,26.500787037037036,0,239.64000000000001
adbbe31eab3ec8799e71b8fd89956464,40e86a3dad650ba87f73f66396ca34ef,delivered,2017-01-31 12:01:46,2017-02-01 02:50:26,2017-02-02 14:55:06,2017-02-09 11:05:05,2017-03-13,49.0,16.05,1,1,65.05,1,1,5.0,1.0,325e19085f3017b73be3d9fd98a93301,32400,ibirite,MG,8.960636574074075,40.498773148148146,0,65.05
65e96eb0ec0c05756d035e9eb8fce071,528db5e83192cfe52f500e42ac01ed57,delivered,2017-01-31 12:04:27,2017-01-31 12:16:02,2017-01-31 12:44:16,2017-02-07 09:50:42,2017-03-01,99.0,17.43,1,1,116.43,1,1,4.0,1.0,174ca114d69e69c17a25752cbac289bf,18030,sorocaba,SP,6.907118055555555,28.496909722222224,0,116.43
1f9fa4b707b82f25dbf52e6695842e8c,599826b8e94a0dad152807a142fab2c1,delivered,2017-01-31 12:33:44,2017-02-01 02:41:28,2017-02-01 14:38:02,2017-02-13 11:06:02,2017-03-29,349.9,28.71,1,1,378.61,1,1,4.0,1.0,0f1bc2cfe415c3d1aba852b5cd6aee42,58884,catole do rocha,PB,12.939097222222221,56.47657407407407,0,378.60999999999996
e76d6d6fbbef90b49c986259f44d2c20,a8cfc4868a3293b3f56a9da031a35e64,delivered,2017-01-31 12:54:44,2017-01-31 13:05:24,2017-01-31 15:30:24,2017-02-13 14:55:09,2017-03-15,99.9,18.13,1,1,118.03,5,1,5.0,1.0,4ece3c23c89ab319574f257763c717a1,44001,feira de santana,BA,13.083622685185185,42.46199074074074,0,118.03
350f47d61d589f6218bff053db95fe62,ec5ed55d0ce3f856a71dc2eb71e82cb5,delivered,2017-01-31 13:01:10,2017-01-31 13:15:08,2017-01-31 14:32:49,2017-02-09 16:14:22,2017-03-03,23.26,34.7,2,1,57.96,1,1,3.0,1.0,c907cc6d05b62eb09d63c63462a7fa2d,88034,florianopolis,SC,9.134166666666667,30.457523148148148,0,57.96000000000001
c3f2036b1de806c740a50b53bc3255dd,25544c0b1f11126e69f65c038b45f323,delivered,2017-01-31 13:20:04,2017-01-31 13:30:18,2017-02-01 11:09:14,2017-02-17 08:21:26,2017-02-28,32.89,15.56,1,1,48.45,2,1,5.0,1.0,3a824266ae6ffea50aaff58c9e675f81,28897,rio das ostras,RJ,16.79261574074074,27.44439814814815,0,48.45
dff20979c5b8b4378f7e769aa413390e,4128467caa12d62fe47421a1a02ddb5b,delivered,2017-01-31 13:34:09,2017-01-31 13:45:15,2017-02-07 09:32:30,2017-02-10 13:58:31,2017-03-09,69.9,17.37,1,1,87.27,6,1,5.0,1.0,1dc9d4d7bea77b585eb404951d81c420,12512,guaratingueta,SP,10.016921296296296,36.43461805555555,0,87.27000000000001
8220769da5e88eb4288d26cc8f694b41,c43e9eadb2a48d4833466068df6c37f2,delivered,2017-01-31 13:41:55,2017-01-31 13:55:24,2017-02-02 14:30:12,2017-02-14 12:05:40,2017-03-09,130.83,15.09,1,1,145.92,8,1,1.0,1.0,5bc94b60050224af3dfdd2377c7e93e6,93548,novo hamburgo,RS,13.933159722222221,36.42922453703704,0,145.92000000000002
2194d1dc5f73fad748d7a90fd673291d,7b5d15455a058bbefa9c1d9f4aec2f95,delivered,2017-01-31 13:41:56,2017-01-31 13:55:24,2017-01-31 18:24:23,2017-02-13 15:24:16,2017-04-14,62.9,22.37,1,1,85.27,8,1,1.0,1.0,5bc94b60050224af3dfdd2377c7e93e6,93548,novo hamburgo,RS,13.071064814814815,72.42921296296296,0,85.27
4d87e2e794792a3e2fcd7f7a5b4500b1,78bc85a7aa3f444cf7cf053df84fe035,delivered,2017-01-31 13:43:44,2017-02-02 02:55:28,2017-02-03 08:57:37,2017-02-17 16:58:32,2017-03-07,10.99,8.72,1,1,19.71,1,1,5.0,1.0,8704d22470c90667b52c6fb875625418,8121,sao paulo,SP,17.135277777777777,34.427962962962965,0,19.71
fe1b5889171fd987d32665de60780aab,b7191cb7678f469dae052021a0291a4f,delivered,2017-01-31 14:19:02,2017-01-31 15:25:23,2017-02-02 10:13:04,2017-02-08 14:47:43,2017-03-07,442.95,17.27,1,1,460.22,6,1,4.0,1.0,c3669397ae7ad263e1f3b47d7f2c4ce9,86840,faxinal,PR,8.019918981481482,34.403449074074075,0,460.21999999999997
84705956de681a2d1420bd90d7667472,bafd51862cb88bd42d499170c2ac35fd,delivered,2017-01-31 14:38:27,2017-01-31 15:20:16,2017-02-01 10:04:57,2017-02-07 16:31:33,2017-03-07,349.99,26.9,1,1,376.89,7,1,5.0,1.0,408aee96c75632a92e5079eee61da399,22260,rio de janeiro,RJ,7.078541666666666,34.389965277777776,0,376.89
ae162713f33901220faa2a22c2bdba45,b5bf62f40eab9d069c94486fc3c7479c,delivered,2017-01-31 14:38:41,2017-02-02 02:45:23,2017-02-09 07:37:52,2017-02-14 14:08:16,2017-03-09,358.79999999999995,34.349999999999994,3,1,393.15,1,1,5.0,1.0,fb51f201e03ae4c1660697b469f3333f,18120,mairinque,SP,13.978877314814815,36.38980324074074,0,393.15
d6f8a3db5b45d8d7ca18eb34d5c902ae,4fb4e9973cfcdb270134d0a9f81ad158,delivered,2017-01-31 15:39:27,2017-01-31 15:50:14,2017-02-01 09:42:31,2017-02-07 15:41:14,2017-03-01,49.9,21.82,1,1,71.72,2,1,5.0,1.0,27147dbc9e950da24fc983f4589858d4,21020,rio de janeiro,RJ,7.0012384259259255,28.347604166666667,0,71.72
4fa07e91d7b4f8b191e3a6ab40f14f54,6d9754a16df71866ee34b146153ec9a2,delivered,2017-01-31 15:41:21,2017-01-31 15:55:14,2017-01-31 16:57:41,2017-03-13 11:53:01,2017-03-01,65.0,14.62,1,1,79.62,1,1,1.0,1.0,bf47fe81fa046641c00c85d63df7ce58,9560,sao caetano do sul,SP,40.84143518518518,28.346284722222222,1,79.62
2dedcbba76be1566c5b983e07348d75f,b7c31c82d8f6bedc8da47d41ba963167,delivered,2017-01-31 15:56:56,2017-02-02 02:50:37,2017-02-02 10:02:45,2017-02-08 15:18:43,2017-02-23,51.9,11.75,1,1,63.65,1,1,4.0,1.0,2ae1c58b259e5dc3f215ebc889d38701,13825,holambra,SP,7.973460648148148,22.335462962962964,0,63.65
072e34b42ad90d7472e9a798f19a6bdb,f246a20a11694afad71d2d9be547fbb8,delivered,2017-01-31 16:13:48,2017-01-31 16:25:15,2017-02-01 15:59:52,2017-02-10 17:56:13,2017-03-09,69.9,15.7,1,1,85.6,8,1,5.0,1.0,92b0705c6923fe44dd71b2b737687a7c,37540,santa rita do sapucai,MG,10.071122685185186,36.32375,0,85.60000000000001
f6089c47bab18faae3d90c64cfb08481,1521c5e9bf82979a6b8794e90692097d,delivered,2017-01-31 16:13:48,2017-01-31 16:25:20,2017-02-02 10:42:44,2017-02-09 15:51:55,2017-03-03,109.99,17.51,1,1,127.5,8,1,5.0,2.0,92b0705c6923fe44dd71b2b737687a7c,37540,santa rita do sapucai,MG,8.98480324074074,30.32375,0,127.5
af71d2ac9926b3c080b892c4882849c2,7bb166661778505b89811ebab082883b,delivered,2017-01-31 16:23:28,2017-02-02 02:41:12,2017-02-03 13:49:50,2017-02-14 07:41:14,2017-03-22,45.9,10.96,1,1,56.86,1,1,5.0,1.0,c0b64e84c7ec378cd26a904ce0f29764,8253,sao paulo,SP,13.637337962962963,49.31703703703704,0,56.86
02d2287dea15cd93d945f1749f3288ed,79b51496a256b201c6b620c4106e9166,delivered,2017-01-31 16:59:03,2017-02-02 02:45:22,2017-02-06 16:23:42,2017-02-10 13:08:46,2017-03-01,36.85,11.74,1,1,48.59,1,1,3.0,1.0,2d63cee981bc69c503a9b6e25060f67c,19034,presidente prudente,SP,9.840081018518518,28.29232638888889,0,48.59
586992f50ed97898737b07970376d19c,101c8d91278c4de9001566d27033f673,delivered,2017-01-31 17:01:46,2017-01-31 17:15:15,2017-02-01 15:27:25,2017-02-03 09:47:22,2017-02-20,2999.0,17.01,1,1,3016.01,1,1,5.0,1.0,ee2bb06c1d3f368e92084edefb7e4b57,1407,sao paulo,SP,2.6983333333333333,19.290439814814814,0,3016.01
4d7b93709f08f674ff9d2185fd811cf9,3e2d140f0acbb3da83a30d59fb0f805c,delivered,2017-01-31 17:11:49,2017-01-31 17:25:14,2017-02-01 00:00:29,2017-02-07 14:06:10,2017-03-15,83.8,35.56,2,1,119.36,1,1,4.0,1.0,674d55cc522075b792f327e5878dd509,22410,rio de janeiro,RJ,6.871076388888889,42.28346064814815,0,119.36
a10231eb95955f12c2bbc1e34e25c950,ebc886e9e3226e7da3ccb10bba7c5c4e,delivered,2017-01-31 17:14:07,2017-01-31 17:25:17,2017-02-06 10:16:07,2017-02-14 18:09:22,2017-03-07,59.9,14.59,1,1,74.49,3,1,5.0,1.0,49ec3b730bc59d1053305e7d20c5828e,30220,belo horizonte,MG,14.038368055555555,34.28186342592593,0,74.49
6e68d4f670783e41ced4e82d14debce9,6d4771e7b12516d2f6b98a6efcd88fc7,delivered,2017-01-31 17:15:33,2017-02-02 17:10:21,2017-02-06 09:38:07,2017-02-10 14:53:49,2017-03-03,64.99,11.06,1,1,76.05,3,1,5.0,1.0,0b4f18a0cf7872514b14ebf56c56e68f,13802,mogi mirim,SP,9.901574074074073,30.280868055555555,0,76.05
b95df3cef5297e79ef709ba256518f6f,297dcf281305aabfee256d313076af2b,delivered,2017-01-31 17:19:01,2017-02-01 02:41:21,2017-02-01 14:38:01,2017-02-06 11:04:24,2017-03-15,349.9,13.84,1,1,363.74,1,1,5.0,1.0,13b588da91760a6e28ec9e0e1a2b414e,83280,guaratuba,PR,5.739849537037037,42.27846064814815,0,363.73999999999995
9abb2627b40ff1591e62553894e6b312,83ee662793d8345e9619b6d96f5b9d15,delivered,2017-01-31 17:31:36,2017-01-31 17:45:18,2017-02-01 10:58:21,2017-02-07 08:28:03,2017-03-09,109.9,17.51,1,1,127.41,3,1,5.0,1.0,69e4074cb5368c1539397e4ea570757a,3572,sao paulo,SP,6.622534722222222,36.26972222222222,0,127.41000000000001
0d1bbf582326272fa550ed829bd2e1d4,0ef9b2f2eb46a3d1193b12676de597a3,delivered,2017-01-31 17:33:09,2017-01-31 17:45:17,2017-02-01 02:07:35,2017-02-09 12:42:20,2017-03-10,21.99,24.35,1,1,46.34,4,1,5.0,1.0,7480dcbdd79758903c89f1e8548b60c5,64058,teresina,PI,8.79804398148148,37.26864583333333,0,46.34
cfd5e54c14f22b62683cea7ed91caa24,553e55d7745de3a3f32d8d30914a3212,delivered,2017-01-31 17:36:56,2017-01-31 17:50:11,2017-02-02 10:52:36,2017-03-15 13:11:53,2017-03-09,214.9,25.99,1,1,240.89,3,1,1.0,1.0,b431e4fa975171eec47c6e346c4dfdc2,52061,recife,PE,42.8159375,36.26601851851852,1,240.89000000000001
35aa6b03b34d8d0a5c1eaae2bb5fcf76,18f5e4ab94b6b5fdcf32dade57defe50,delivered,2017-01-31 17:40:36,2017-01-31 17:50:13,2017-02-02 09:29:14,2017-02-20 15:19:06,2017-03-10,49.99,14.52,1,1,64.51,1,1,4.0,1.0,72c73e4d6a500a1800f0a507a9ad0df4,25515,sao joao de meriti,RJ,19.901736111111113,37.26347222222222,0,64.51
02605c218285d02df75a255f13396f1e,b1416ec5bad2d6fed050cd451470e76a,delivered,2017-01-31 17:43:09,2017-01-31 17:55:11,2017-02-01 02:07:32,2017-02-14 12:47:51,2017-03-13,34.99,24.84,1,1,59.83,1,1,5.0,1.0,12886ac2b88df7aa159e84b19b58a414,55870,timbauba,PE,13.794930555555556,40.26170138888889,0,59.83
4bdbe1f2d1b360c34d90175e10ec090b,92074364e1af80a6ca822ae3141a7d77,delivered,2017-01-31 17:54:09,2017-01-31 18:05:23,2017-02-02 09:43:40,2017-03-30 13:22:48,2017-03-15,169.9,27.69,1,1,197.59,1,1,2.0,1.0,0dbb020311cab46ae601709149df24b5,48400,ribeira do pombal,BA,57.8115625,42.2540625,1,197.59
e48db3b231e0ad61656e81b4c9311dad,b974507e8ada31a7590a68117ce93e08,delivered,2017-01-31 18:44:31,2017-01-31 18:55:15,2017-02-06 10:16:11,2017-02-14 16:27:37,2017-03-15,59.9,20.87,1,1,80.77,4,1,5.0,1.0,07dd74ef623ff7a379e0f59577a35a2a,49072,aracaju,SE,13.904930555555556,42.219085648148145,0,80.77
edbcacae5cb8f20f789d86dc0cf80ade,a2c32079da05c60d8e39eee66b12530c,delivered,2017-01-31 18:49:35,2017-01-31 19:01:36,2017-02-02 10:18:59,2017-02-08 15:05:59,2017-02-27,76.05,15.79,1,1,91.84,2,1,3.0,1.0,5acb44e8f0ffc5e73a4166f51eede9d4,1106,sao paulo,SP,7.844722222222222,26.21556712962963,0,91.84
d7449e15f5045562074cc57796341cf7,fab2ba3e5e0d2c6d3f95578a423696c4,delivered,2017-01-31 18:59:08,2017-01-31 19:05:17,2017-02-02 11:41:27,2017-02-20 14:33:11,2017-03-21,192.0,30.27,1,1,222.27,1,1,5.0,1.0,71a0fae4064662f2c70190ac39622eae,64000,teresina,PI,19.8153125,48.20893518518518,0,222.27
b73f09200030e4970b9840b72a630e45,ba12c461af37457048f420e37de2abab,delivered,2017-01-31 19:07:34,2017-01-31 19:21:36,2017-02-02 14:39:20,2017-02-14 11:12:29,2017-03-09,22.9,16.05,1,1,38.95,1,1,5.0,1.0,c68949b701afe5343ce845dd492772e8,97700,santiago,RS,13.670081018518518,36.2030787037037,0,38.95
f47f217e6978ad1f6991ec7d9444b0eb,31368b408d16b4b87746e04755b8b870,delivered,2017-01-31 19:17:03,2017-02-02 02:50:35,2017-02-02 18:16:07,2017-02-08 07:21:26,2017-02-27,109.8,29.1,2,1,138.9,1,1,5.0,1.0,bd859b24955ed06b0605a79f60ef34f9,12071,taubate,SP,7.503043981481482,26.196493055555557,0,138.9
57f7bb7d658b442616fce795fcc30146,7dfac2f8b35d57481de621c401fa4733,delivered,2017-01-31 20:04:08,2017-02-02 02:45:15,2017-02-03 11:02:47,2017-02-07 12:11:41,2017-03-09,74.99,20.6,1,1,95.59,1,1,4.0,1.0,46b6a239a832256313fe411679bf0473,6528,santana de parnaiba,SP,6.671909722222222,36.1637962962963,0,95.59
dc17c17282032d56b1ca7dfbb291cf07,8feffbf725adf0e97ba87c57d4920bf8,delivered,2017-01-31 20:16:02,2017-01-31 20:25:22,2017-02-20 16:21:36,2017-03-02 16:59:18,2017-02-27,109.9,14.94,1,1,124.84,10,1,4.0,1.0,2c062277d1bc994eb32e7cad86190278,13502,rio claro,SP,29.86337962962963,26.155532407407406,1,124.84
26ba0c1bad97bbfdcc4419e3ca40d9a8,0b0021fc48717a02bcbd22404ed2f1f3,delivered,2017-01-31 20:17:34,2017-01-31 20:35:55,2017-02-02 10:18:59,2017-02-07 08:33:38,2017-02-27,76.05,15.79,1,1,91.84,5,2,5.0,1.0,688f41aa35d278c66448d8c443304f51,2636,sao paulo,SP,6.511157407407407,26.154467592592592,0,91.84
bf79e4fa55a389d494f47feb2654892c,e8759aed1027f77226dddeb7c7481f11,delivered,2017-01-31 21:11:10,2017-02-01 09:45:26,2017-02-01 14:29:06,2017-03-13 12:09:45,2017-02-27,14.9,14.52,1,1,29.42,1,1,1.0,1.0,62972384465273ec1b0d3cf772abc390,29170,serra,ES,40.624016203703704,26.11724537037037,1,29.42
3a3c98aede7994faf4c5a37cf27877d4,dc0bd4e5d1e706773e212bd572996ec9,delivered,2017-01-31 21:14:52,2017-01-31 21:25:18,2017-02-02 06:23:58,2017-02-13 14:55:11,2017-02-27,359.9,17.63,1,1,377.53,1,2,5.0,1.0,79a5067ec16a54f34bd3e4a31944adbb,88037,florianopolis,SC,12.736331018518518,26.114675925925926,0,377.53
343d749914bab05f8c752813a075ef36,8e5368dd904948fc2fddb6b8b3178175,delivered,2017-01-31 21:39:15,2017-01-31 21:50:16,2017-02-03 14:08:06,2017-02-08 14:14:43,2017-03-09,103.99,37.24,1,1,141.23,2,1,5.0,1.0,33abb6c6f7f4097194a2b5085450b53e,26220,nova iguacu,RJ,7.691296296296296,36.097743055555554,0,141.23
41f25580214be3f00eb80620ca971032,c15ad00cbb1c74bb39f6995151f8e883,delivered,2017-01-31 21:57:33,2017-01-31 22:15:08,2017-02-03 14:21:30,2017-02-08 14:47:42,2017-03-09,207.98,74.48,2,1,282.46,5,1,5.0,1.0,aa0a11e7851a7e8c0a9139633fda2d19,22220,rio de janeiro,RJ,7.701493055555556,36.085034722222225,0,282.46
0afbc110b84719faaef4887a5cff5a2c,dba001f78ebcbf63aec0095cc03ad969,delivered,2017-01-31 22:31:13,2017-01-31 22:45:17,2017-02-01 15:59:53,2017-02-15 13:55:49,2017-03-07,69.9,11.88,1,1,81.78,8,1,5.0,1.0,f889db6fc6944e1855d143f79c4c8844,13060,campinas,SP,14.642083333333334,34.061655092592595,0,81.78
adf684f287283640cb375a2e8ada8c82,738ebe48e12040500665dd143aa28cdc,delivered,2017-01-31 23:18:22,2017-01-31 23:30:12,2017-02-03 16:04:04,2017-02-16 11:49:01,2017-03-09,263.98,30.44,2,1,294.42,4,1,5.0,1.0,ae96093146108e55367c723d76ea54a9,57975,colonia leopoldina,AL,15.521284722222223,36.02891203703704,0,294.42
6225dae3fcc1416785f294cc07f2e4db,06c09be49b69107bf8c75d10af6b2233,delivered,2017-01-31 23:37:58,2017-02-01 23:45:14,2017-02-03 17:51:38,2017-02-13 13:23:46,2017-03-13,239.99,38.08,1,1,278.07,8,1,2.0,1.0,e264ef071f4c0fb4a0f3e9139b283dee,35420,mariana,MG,12.573472222222222,40.01530092592593,0,278.07
